obs_wl_vac(nm),unc_obs_wl,ritz_wl_vac(nm),unc_ritz_wl,intens,Aki(s^-1),Acc,Ei(eV),Ek(eV),conf_i,term_i,J_i,conf_k,term_k,J_k,g_i,g_k,Type,tp_ref,line_ref,
"=""15.688""","=""0.005""","=""15.689""","=""0.005""","=""""","=""""",,"=""0.00000""","=""79.028""","=""2s2.2p6""","=""1S""","=""0""","=""2s.2p6.8p""","=""1P*""","=""1""",1,3,,"=""""","=""L4668""",
"=""15.755""","=""0.005""","=""15.755""","=""0.005""","=""""","=""""",,"=""0.00000""","=""78.693""","=""2s2.2p6""","=""1S""","=""0""","=""2s.2p6.7p""","=""1P*""","=""1""",1,3,,"=""""","=""L4668""",
"=""15.867""","=""0.005""","=""15.868""","=""0.005""","=""""","=""""",,"=""0.00000""","=""78.135""","=""2s2.2p6""","=""1S""","=""0""","=""2s.2p6.6p""","=""1P*""","=""1""",1,3,,"=""""","=""L4668""",
"=""16.066""","=""0.005""","=""16.067""","=""0.005""","=""""","=""""",,"=""0.00000""","=""77.168""","=""2s2.2p6""","=""1S""","=""0""","=""2s.2p6.5p""","=""1P*""","=""1""",1,3,,"=""""","=""L4668""",
"=""16.492""","=""0.005""","=""16.488""","=""0.005""","=""""","=""""",,"=""0.00000""","=""75.196""","=""2s2.2p6""","=""1S""","=""0""","=""2s.2p6.4p""","=""1P*""","=""1""",1,3,,"=""""","=""L4668""",
"=""17.724""","=""0.005""","=""17.724""","=""0.006""","=""""","=""5.1e+09""",E,"=""0.00000""","=""69.952""","=""2s2.2p6""","=""1S""","=""0""","=""2s.2p6.3p""","=""1P*""","=""1""",1,3,,"=""T6036c79""","=""L4668""",
"=""26.306""","=""0.005""","=""26.306""","=""0.005""","=""bl*""","=""""",,"=""0.00000""","=""47.131""","=""2s2.2p6""","=""1S""","=""0""","=""2s2.2p5.(2P*<1/2>).13d""","=""2[3/2]*""","=""1""",1,3,,"=""""","=""L4668""",
"=""26.306""","=""0.005""","=""26.306""","=""0.005""","=""bl*""","=""""",,"=""0.00000""","=""47.131""","=""2s2.2p6""","=""1S""","=""0""","=""2s2.2p5.(2P*<1/2>).14s""","=""2[3/2]*""","=""1""",1,3,,"=""""","=""L4668""",
"=""26.339""","=""0.005""","=""26.339""","=""0.005""","=""bl*""","=""""",,"=""0.00000""","=""47.072""","=""2s2.2p6""","=""1S""","=""0""","=""2s2.2p5.(2P*<1/2>).13s""","=""2[3/2]*""","=""1""",1,3,,"=""""","=""L4668""",
"=""26.339""","=""0.005""","=""26.339""","=""0.005""","=""bl*""","=""""",,"=""0.00000""","=""47.072""","=""2s2.2p6""","=""1S""","=""0""","=""2s2.2p5.(2P*<1/2>).12d""","=""2[3/2]*""","=""1""",1,3,,"=""""","=""L4668""",
"=""26.381""","=""0.005""","=""26.381""","=""0.005""","=""bl*""","=""""",,"=""0.00000""","=""46.997""","=""2s2.2p6""","=""1S""","=""0""","=""2s2.2p5.(2P*<1/2>).11d""","=""2[3/2]*""","=""1""",1,3,,"=""""","=""L4668""",
"=""26.381""","=""0.005""","=""26.381""","=""0.005""","=""bl*""","=""""",,"=""0.00000""","=""46.997""","=""2s2.2p6""","=""1S""","=""0""","=""2s2.2p5.(2P*<1/2>).12s""","=""2[3/2]*""","=""1""",1,3,,"=""""","=""L4668""",
"=""26.434""","=""0.005""","=""26.434""","=""0.005""","=""bl*""","=""""",,"=""0.00000""","=""46.903""","=""2s2.2p6""","=""1S""","=""0""","=""2s2.2p5.(2P*<3/2>).13s""","=""2[3/2]*""","=""1""",1,3,,"=""""","=""L4668""",
"=""26.434""","=""0.005""","=""26.434""","=""0.005""","=""bl*""","=""""",,"=""0.00000""","=""46.903""","=""2s2.2p6""","=""1S""","=""0""","=""2s2.2p5.(2P*<1/2>).10d""","=""2[3/2]*""","=""1""",1,3,,"=""""","=""L4668""",
"=""26.434""","=""0.005""","=""26.434""","=""0.005""","=""bl*""","=""""",,"=""0.00000""","=""46.903""","=""2s2.2p6""","=""1S""","=""0""","=""2s2.2p5.(2P*<1/2>).11s""","=""2[3/2]*""","=""1""",1,3,,"=""""","=""L4668""",
"=""26.434""","=""0.005""","=""26.434""","=""0.005""","=""bl*""","=""""",,"=""0.00000""","=""46.903""","=""2s2.2p6""","=""1S""","=""0""","=""2s2.2p5.(2P*<3/2>).12d""","=""2[3/2]*""","=""1""",1,3,,"=""""","=""L4668""",
"=""26.476""","=""0.005""","=""26.476""","=""0.005""","=""bl*""","=""""",,"=""0.00000""","=""46.829""","=""2s2.2p6""","=""1S""","=""0""","=""2s2.2p5.(2P*<3/2>).11d""","=""2[3/2]*""","=""1""",1,3,,"=""""","=""L4668""",
"=""26.476""","=""0.005""","=""26.476""","=""0.005""","=""bl*""","=""""",,"=""0.00000""","=""46.829""","=""2s2.2p6""","=""1S""","=""0""","=""2s2.2p5.(2P*<3/2>).12s""","=""2[3/2]*""","=""1""",1,3,,"=""""","=""L4668""",
"=""26.508""","=""0.005""","=""26.508""","=""0.005""","=""bl*""","=""""",,"=""0.00000""","=""46.772""","=""2s2.2p6""","=""1S""","=""0""","=""2s2.2p5.(2P*<1/2>).9d""","=""2[3/2]*""","=""1""",1,3,,"=""""","=""L4668""",
"=""26.508""","=""0.005""","=""26.508""","=""0.005""","=""bl*""","=""""",,"=""0.00000""","=""46.772""","=""2s2.2p6""","=""1S""","=""0""","=""2s2.2p5.(2P*<1/2>).10s""","=""2[3/2]*""","=""1""",1,3,,"=""""","=""L4668""",
"=""26.530""","=""0.005""","=""26.530""","=""0.005""","=""bl*""","=""""",,"=""0.00000""","=""46.733""","=""2s2.2p6""","=""1S""","=""0""","=""2s2.2p5.(2P*<3/2>).11s""","=""2[3/2]*""","=""1""",1,3,,"=""""","=""L4668""",
"=""26.530""","=""0.005""","=""26.530""","=""0.005""","=""bl*""","=""""",,"=""0.00000""","=""46.733""","=""2s2.2p6""","=""1S""","=""0""","=""2s2.2p5.(2P*<3/2>).10d""","=""2[3/2]*""","=""1""",1,3,,"=""""","=""L4668""",
"=""26.606""","=""0.005""","=""26.606""","=""0.005""","=""bl*""","=""""",,"=""0.00000""","=""46.601""","=""2s2.2p6""","=""1S""","=""0""","=""2s2.2p5.(2P*<3/2>).9d""","=""2[3/2]*""","=""1""",1,3,,"=""""","=""L4668""",
"=""26.606""","=""0.005""","=""26.606""","=""0.005""","=""bl*""","=""""",,"=""0.00000""","=""46.601""","=""2s2.2p6""","=""1S""","=""0""","=""2s2.2p5.(2P*<1/2>).9s""","=""2[3/2]*""","=""1""",1,3,,"=""""","=""L4668""",
"=""26.606""","=""0.005""","=""26.606""","=""0.005""","=""bl*""","=""""",,"=""0.00000""","=""46.601""","=""2s2.2p6""","=""1S""","=""0""","=""2s2.2p5.(2P*<3/2>).10s""","=""2[3/2]*""","=""1""",1,3,,"=""""","=""L4668""",
"=""26.606""","=""0.005""","=""26.606""","=""0.005""","=""bl*""","=""""",,"=""0.00000""","=""46.601""","=""2s2.2p6""","=""1S""","=""0""","=""2s2.2p5.(2P*<1/2>).8d""","=""2[3/2]*""","=""1""",1,3,,"=""""","=""L4668""",
"=""26.706""","=""0.005""","=""26.706""","=""0.005""","=""bl*""","=""""",,"=""0.00000""","=""46.426""","=""2s2.2p6""","=""1S""","=""0""","=""2s2.2p5.(2P*<3/2>).8d""","=""2[3/2]*""","=""1""",1,3,,"=""""","=""L4668""",
"=""26.706""","=""0.005""","=""26.706""","=""0.005""","=""bl*""","=""""",,"=""0.00000""","=""46.426""","=""2s2.2p6""","=""1S""","=""0""","=""2s2.2p5.(2P*<3/2>).9s""","=""2[3/2]*""","=""1""",1,3,,"=""""","=""L4668""",
"=""26.761""","=""0.005""","=""26.761""","=""0.005""","=""bl*""","=""""",,"=""0.00000""","=""46.330""","=""2s2.2p6""","=""1S""","=""0""","=""2s2.2p5.(2P*<1/2>).8s""","=""2[3/2]*""","=""1""",1,3,,"=""""","=""L4668""",
"=""26.761""","=""0.005""","=""26.761""","=""0.005""","=""bl*""","=""""",,"=""0.00000""","=""46.330""","=""2s2.2p6""","=""1S""","=""0""","=""2s2.2p5.(2P*<1/2>).7d""","=""2[3/2]*""","=""1""",1,3,,"=""""","=""L4668""",
"=""26.888""","=""0.005""","=""26.888""","=""0.005""","=""bl*""","=""""",,"=""0.00000""","=""46.111""","=""2s2.2p6""","=""1S""","=""0""","=""2s2.2p5.(2P*<3/2>).7d""","=""2[3/2]*""","=""1""",1,3,,"=""""","=""L4668""",
"=""26.888""","=""0.005""","=""26.888""","=""0.005""","=""bl*""","=""""",,"=""0.00000""","=""46.111""","=""2s2.2p6""","=""1S""","=""0""","=""2s2.2p5.(2P*<3/2>).8s""","=""2[3/2]*""","=""1""",1,3,,"=""""","=""L4668""",
"=""26.9993""","=""0.0003""","=""26.99940""","=""0.00015""","=""10""","=""""",,"=""0.00000""","=""45.92109""","=""2s2.2p6""","=""1S""","=""0""","=""2s2.2p5.(2P*<1/2>).7s""","=""2[1/2]*""","=""1""",1,3,,"=""""","=""L914""",
"=""27.0947""","=""0.0003""","=""27.09509""","=""0.00015""","=""7""","=""""",,"=""0.00000""","=""45.75891""","=""2s2.2p6""","=""1S""","=""0""","=""2s2.2p5.(2P*<3/2>).7s""","=""2[3/2]*""","=""1""",1,3,,"=""""","=""L914""",
"=""27.1373""","=""0.0003""","=""27.13748""","=""0.00015""","=""5""","=""""",,"=""0.00000""","=""45.68745""","=""2s2.2p6""","=""1S""","=""0""","=""2s2.2p5.(2P*<3/2>).6d""","=""2[1/2]*""","=""1""",1,3,,"=""""","=""L914""",
"=""27.3940""","=""0.0003""","=""27.39400""","=""0.00015""","=""12""","=""""",,"=""0.00000""","=""45.25963""","=""2s2.2p6""","=""1S""","=""0""","=""2s2.2p5.(2P*<1/2>).6s""","=""2[1/2]*""","=""1""",1,3,,"=""""","=""L914""",
"=""27.4023""","=""0.0003""","=""27.40243""","=""0.00015""","=""12""","=""""",,"=""0.00000""","=""45.24569""","=""2s2.2p6""","=""1S""","=""0""","=""2s2.2p5.(2P*<1/2>).5d""","=""2[3/2]*""","=""1""",1,3,,"=""""","=""L914""",
"=""27.4931""","=""0.0003""","=""27.49324""","=""0.00016""","=""20""","=""""",,"=""0.00000""","=""45.09625""","=""2s2.2p6""","=""1S""","=""0""","=""2s2.2p5.(2P*<3/2>).6s""","=""2[3/2]*""","=""1""",1,3,,"=""""","=""L914""",
"=""27.5003""","=""0.0003""","=""27.50034""","=""0.00016""","=""20""","=""""",,"=""0.00000""","=""45.08461""","=""2s2.2p6""","=""1S""","=""0""","=""2s2.2p5.(2P*<3/2>).5d""","=""2[3/2]*""","=""1""",1,3,,"=""""","=""L914""",
"=""27.5218""","=""0.0003""","=""27.52187""","=""0.00016""","=""5""","=""""",,"=""0.00000""","=""45.04934""","=""2s2.2p6""","=""1S""","=""0""","=""2s2.2p5.(2P*<3/2>).5d""","=""2[1/2]*""","=""1""",1,3,,"=""""","=""L914""",
"=""28.1691""","=""0.0003""","=""28.16919""","=""0.00016""","=""25""","=""""",,"=""0.00000""","=""44.01412""","=""2s2.2p6""","=""1S""","=""0""","=""2s2.2p5.(2P*<1/2>).5s""","=""2[1/2]*""","=""1""",1,3,,"=""""","=""L914""",
"=""28.1788""","=""0.0003""","=""28.17882""","=""0.00016""","=""25""","=""""",,"=""0.00000""","=""43.99908""","=""2s2.2p6""","=""1S""","=""0""","=""2s2.2p5.(2P*<1/2>).4d""","=""2[3/2]*""","=""1""",1,3,,"=""""","=""L914""",
"=""28.2709""","=""0.0003""","=""28.27100""","=""0.00016""","=""35""","=""""",,"=""0.00000""","=""43.85560""","=""2s2.2p6""","=""1S""","=""0""","=""2s2.2p5.(2P*<3/2>).5s""","=""2[3/2]*""","=""1""",1,3,,"=""""","=""L914""",
"=""28.2803""","=""0.0003""","=""28.28049""","=""0.00016""","=""35""","=""""",,"=""0.00000""","=""43.84089""","=""2s2.2p6""","=""1S""","=""0""","=""2s2.2p5.(2P*<3/2>).4d""","=""2[3/2]*""","=""1""",1,3,,"=""""","=""L914""",
"=""28.3258""","=""0.0003""","=""28.32597""","=""0.00017""","=""15""","=""""",,"=""0.00000""","=""43.77050""","=""2s2.2p6""","=""1S""","=""0""","=""2s2.2p5.(2P*<3/2>).4d""","=""2[1/2]*""","=""1""",1,3,,"=""""","=""L914""",
"=""30.0153""","=""0.0003""","=""30.01534""","=""0.00018""","=""160""","=""1.2e+09""",D,"=""0.00000""","=""41.306940""","=""2s2.2p6""","=""1S""","=""0""","=""2s2.2p5.(2P*<1/2>).3d""","=""2[3/2]*""","=""1""",1,3,,"=""T7663""","=""L914""",
"=""30.0202""","=""0.0003""","=""30.02032""","=""0.00018""","=""160""","=""4.0e+08""",D,"=""0.00000""","=""41.300096""","=""2s2.2p6""","=""1S""","=""0""","=""2s2.2p5.(2P*<1/2>).4s""","=""2[1/2]*""","=""1""",1,3,,"=""T7663c80""","=""L914""",
"=""30.1318""","=""0.0003""","=""30.13192""","=""0.00018""","=""90""","=""3.62e+08""",D,"=""0.00000""","=""41.147123""","=""2s2.2p6""","=""1S""","=""0""","=""2s2.2p5.(2P*<3/2>).4s""","=""2[3/2]*""","=""1""",1,3,,"=""T7663c79""","=""L914""",
"=""30.1436""","=""0.0003""","=""30.14363""","=""0.00018""","=""100""","=""3.3e+09""",D+,"=""0.00000""","=""41.131145""","=""2s2.2p6""","=""1S""","=""0""","=""2s2.2p5.(2P*<3/2>).3d""","=""2[3/2]*""","=""1""",1,3,,"=""T6036""","=""L914""",
"=""30.2446""","=""0.0003""","=""30.24467""","=""0.00018""","=""60""","=""5.95e+07""",B,"=""0.00000""","=""40.993732""","=""2s2.2p6""","=""1S""","=""0""","=""2s2.2p5.(2P*<3/2>).3d""","=""2[1/2]*""","=""1""",1,3,,"=""T7663""","=""L914""",
"=""""","=""""","=""33.32179""","=""0.00022""","=""""","=""1.60e+04""",B,"=""0.00000""","=""37.208144""","=""2s2.2p6""","=""1S""","=""0""","=""2s2.2p5.3p""","=""3P""","=""2""",1,5,E2,"=""T7663""","=""""",
"=""""","=""""","=""33.42358""","=""0.00022""","=""""","=""4.50e+04""",B+,"=""0.00000""","=""37.094827""","=""2s2.2p6""","=""1S""","=""0""","=""2s2.2p5.3p""","=""1D""","=""2""",1,5,E2,"=""T7663""","=""""",
"=""""","=""""","=""33.59813""","=""0.00023""","=""""","=""6.40e+03""",C+,"=""0.00000""","=""36.902113""","=""2s2.2p6""","=""1S""","=""0""","=""2s2.2p5.3p""","=""3D""","=""2""",1,5,E2,"=""T7663""","=""""",
"=""36.5584""","=""0.0003""","=""""","=""""","=""7""","=""""",,"=""""","=""""","=""""","=""""","=""""","=""""","=""""","=""""",1,1,,"=""""","=""L914""",
"=""37.2075""","=""0.0003""","=""37.2075""","=""0.0003""","=""300""","=""3.13e+09""",B+,"=""0.00000""","=""33.322360""","=""2s2.2p6""","=""1S""","=""0""","=""2s2.2p5.3s""","=""1P*""","=""1""",1,3,,"=""T6577""","=""L914""",
"=""37.5340""","=""0.0003""","=""""","=""""","=""40""","=""""",,"=""""","=""""","=""""","=""""","=""""","=""""","=""""","=""""",1,1,,"=""""","=""L914""",
"=""37.5730""","=""0.0003""","=""""","=""""","=""45""","=""""",,"=""""","=""""","=""""","=""""","=""""","=""""","=""""","=""""",1,1,,"=""""","=""L914""",
"=""37.6379""","=""0.0003""","=""37.6379""","=""0.0003""","=""350""","=""1.70e+08""",C,"=""0.00000""","=""32.941315""","=""2s2.2p6""","=""1S""","=""0""","=""2s2.2p5.3s""","=""3P*""","=""1""",1,3,,"=""T6577""","=""L914""",
"=""37.6921""","=""0.0003""","=""""","=""""","=""45""","=""""",,"=""""","=""""","=""""","=""""","=""""","=""""","=""""","=""""",1,1,,"=""""","=""L914""",
"=""38.3399""","=""0.0003""","=""""","=""""","=""12""","=""""",,"=""""","=""""","=""""","=""""","=""""","=""""","=""""","=""""",1,1,,"=""""","=""L914""",
"=""38.9362""","=""0.0003""","=""""","=""""","=""7""","=""""",,"=""""","=""""","=""""","=""""","=""""","=""""","=""""","=""""",1,1,,"=""""","=""L914""",
"=""39.4904""","=""0.0003""","=""""","=""""","=""2""","=""""",,"=""""","=""""","=""""","=""""","=""""","=""""","=""""","=""""",1,1,,"=""""","=""L914""",
"=""47.9385""","=""0.0003""","=""""","=""""","=""2""","=""""",,"=""""","=""""","=""""","=""""","=""""","=""""","=""""","=""""",1,1,,"=""""","=""L914""",
"=""51.6715""","=""0.0003""","=""""","=""""","=""5""","=""""",,"=""""","=""""","=""""","=""""","=""""","=""""","=""""","=""""",1,1,,"=""""","=""L914""",
"=""53.4714""","=""0.0003""","=""""","=""""","=""10""","=""""",,"=""""","=""""","=""""","=""""","=""""","=""""","=""""","=""""",1,1,,"=""""","=""L914""",
"=""54.4509""","=""0.0003""","=""""","=""""","=""30""","=""""",,"=""""","=""""","=""""","=""""","=""""","=""""","=""""","=""""",1,1,,"=""""","=""L914""",
"=""57.3639""","=""0.0003""","=""""","=""""","=""5""","=""""",,"=""""","=""""","=""""","=""""","=""""","=""""","=""""","=""""",1,1,,"=""""","=""L914""",
"=""61.7415""","=""0.0003""","=""""","=""""","=""7""","=""""",,"=""""","=""""","=""""","=""""","=""""","=""""","=""""","=""""",1,1,,"=""""","=""L914""",
"=""61.9876""","=""0.0003""","=""""","=""""","=""10""","=""""",,"=""""","=""""","=""""","=""""","=""""","=""""","=""""","=""""",1,1,,"=""""","=""L914""",
"=""62.3704""","=""0.0003""","=""""","=""""","=""5""","=""""",,"=""""","=""""","=""""","=""""","=""""","=""""","=""""","=""""",1,1,,"=""""","=""L914""",
"=""63.8832""","=""0.0003""","=""""","=""""","=""5""","=""""",,"=""""","=""""","=""""","=""""","=""""","=""""","=""""","=""""",1,1,,"=""""","=""L914""",
"=""64.2524""","=""0.0003""","=""""","=""""","=""7""","=""""",,"=""""","=""""","=""""","=""""","=""""","=""""","=""""","=""""",1,1,,"=""""","=""L914""",
"=""64.4400""","=""0.0003""","=""""","=""""","=""30""","=""""",,"=""""","=""""","=""""","=""""","=""""","=""""","=""""","=""""",1,1,,"=""""","=""L914""",
"=""65.9378""","=""0.0003""","=""""","=""""","=""5""","=""""",,"=""""","=""""","=""""","=""""","=""""","=""""","=""""","=""""",1,1,,"=""""","=""L914""",
"=""68.1896""","=""0.0003""","=""""","=""""","=""7""","=""""",,"=""""","=""""","=""""","=""""","=""""","=""""","=""""","=""""",1,1,,"=""""","=""L914""",
"=""68.9605""","=""0.0003""","=""""","=""""","=""20""","=""""",,"=""""","=""""","=""""","=""""","=""""","=""""","=""""","=""""",1,1,,"=""""","=""L914""",
"=""69.1799""","=""0.0003""","=""""","=""""","=""12""","=""""",,"=""""","=""""","=""""","=""""","=""""","=""""","=""""","=""""",1,1,,"=""""","=""L914""",
"=""70.6677""","=""0.0003""","=""""","=""""","=""7""","=""""",,"=""""","=""""","=""""","=""""","=""""","=""""","=""""","=""""",1,1,,"=""""","=""L914""",
"=""71.9891""","=""0.0003""","=""""","=""""","=""7""","=""""",,"=""""","=""""","=""""","=""""","=""""","=""""","=""""","=""""",1,1,,"=""""","=""L914""",
"=""74.5157""","=""0.0003""","=""""","=""""","=""50""","=""""",,"=""""","=""""","=""""","=""""","=""""","=""""","=""""","=""""",1,1,,"=""""","=""L914""",
"=""75.7331""","=""0.0003""","=""""","=""""","=""60""","=""""",,"=""""","=""""","=""""","=""""","=""""","=""""","=""""","=""""",1,1,,"=""""","=""L914""",
"=""75.7892""","=""0.0003""","=""""","=""""","=""45""","=""""",,"=""""","=""""","=""""","=""""","=""""","=""""","=""""","=""""",1,1,,"=""""","=""L914""",
"=""75.9225""","=""0.0003""","=""""","=""""","=""60""","=""""",,"=""""","=""""","=""""","=""""","=""""","=""""","=""""","=""""",1,1,,"=""""","=""L914""",
"=""76.5788""","=""0.0003""","=""""","=""""","=""20""","=""""",,"=""""","=""""","=""""","=""""","=""""","=""""","=""""","=""""",1,1,,"=""""","=""L914""",
"=""76.6429""","=""0.0003""","=""""","=""""","=""20""","=""""",,"=""""","=""""","=""""","=""""","=""""","=""""","=""""","=""""",1,1,,"=""""","=""L914""",
"=""77.6668""","=""0.0003""","=""""","=""""","=""20""","=""""",,"=""""","=""""","=""""","=""""","=""""","=""""","=""""","=""""",1,1,,"=""""","=""L914""",
"=""77.8413""","=""0.0003""","=""""","=""""","=""40""","=""""",,"=""""","=""""","=""""","=""""","=""""","=""""","=""""","=""""",1,1,,"=""""","=""L914""",
"=""78.0422""","=""0.0003""","=""""","=""""","=""12""","=""""",,"=""""","=""""","=""""","=""""","=""""","=""""","=""""","=""""",1,1,,"=""""","=""L914""",
"=""78.1171""","=""0.0003""","=""""","=""""","=""12""","=""""",,"=""""","=""""","=""""","=""""","=""""","=""""","=""""","=""""",1,1,,"=""""","=""L914""",
"=""78.1752""","=""0.0003""","=""""","=""""","=""20""","=""""",,"=""""","=""""","=""""","=""""","=""""","=""""","=""""","=""""",1,1,,"=""""","=""L914""",
"=""78.2900""","=""0.0003""","=""""","=""""","=""30""","=""""",,"=""""","=""""","=""""","=""""","=""""","=""""","=""""","=""""",1,1,,"=""""","=""L914""",
"=""78.5088""","=""0.0003""","=""""","=""""","=""40""","=""""",,"=""""","=""""","=""""","=""""","=""""","=""""","=""""","=""""",1,1,,"=""""","=""L914""",
"=""78.6009""","=""0.0003""","=""""","=""""","=""30""","=""""",,"=""""","=""""","=""""","=""""","=""""","=""""","=""""","=""""",1,1,,"=""""","=""L914""",
"=""78.6477""","=""0.0003""","=""""","=""""","=""15""","=""""",,"=""""","=""""","=""""","=""""","=""""","=""""","=""""","=""""",1,1,,"=""""","=""L914""",
"=""78.8369""","=""0.0003""","=""""","=""""","=""25""","=""""",,"=""""","=""""","=""""","=""""","=""""","=""""","=""""","=""""",1,1,,"=""""","=""L914""",
"=""78.9177""","=""0.0003""","=""""","=""""","=""20""","=""""",,"=""""","=""""","=""""","=""""","=""""","=""""","=""""","=""""",1,1,,"=""""","=""L914""",
"=""79.0546""","=""0.0003""","=""""","=""""","=""70""","=""""",,"=""""","=""""","=""""","=""""","=""""","=""""","=""""","=""""",1,1,,"=""""","=""L914""",
"=""79.6301""","=""0.0003""","=""""","=""""","=""20""","=""""",,"=""""","=""""","=""""","=""""","=""""","=""""","=""""","=""""",1,1,,"=""""","=""L914""",
"=""79.8013""","=""0.0003""","=""""","=""""","=""15""","=""""",,"=""""","=""""","=""""","=""""","=""""","=""""","=""""","=""""",1,1,,"=""""","=""L914""",
"=""80.2197""","=""0.0003""","=""""","=""""","=""20""","=""""",,"=""""","=""""","=""""","=""""","=""""","=""""","=""""","=""""",1,1,,"=""""","=""L914""",
"=""80.9413""","=""0.0003""","=""""","=""""","=""15""","=""""",,"=""""","=""""","=""""","=""""","=""""","=""""","=""""","=""""",1,1,,"=""""","=""L914""",
"=""81.5631""","=""0.0003""","=""""","=""""","=""20""","=""""",,"=""""","=""""","=""""","=""""","=""""","=""""","=""""","=""""",1,1,,"=""""","=""L914""",
"=""83.0105""","=""0.0003""","=""""","=""""","=""20""","=""""",,"=""""","=""""","=""""","=""""","=""""","=""""","=""""","=""""",1,1,,"=""""","=""L914""",
"=""83.1528""","=""0.0003""","=""""","=""""","=""30""","=""""",,"=""""","=""""","=""""","=""""","=""""","=""""","=""""","=""""",1,1,,"=""""","=""L914""",
"=""84.4341""","=""0.0003""","=""""","=""""","=""12""","=""""",,"=""""","=""""","=""""","=""""","=""""","=""""","=""""","=""""",1,1,,"=""""","=""L914""",
"=""86.8738""","=""0.0003""","=""""","=""""","=""30""","=""""",,"=""""","=""""","=""""","=""""","=""""","=""""","=""""","=""""",1,1,,"=""""","=""L914""",
"=""87.1473""","=""0.0003""","=""""","=""""","=""12""","=""""",,"=""""","=""""","=""""","=""""","=""""","=""""","=""""","=""""",1,1,,"=""""","=""L914""",
"=""89.3899""","=""0.0003""","=""""","=""""","=""25""","=""""",,"=""""","=""""","=""""","=""""","=""""","=""""","=""""","=""""",1,1,,"=""""","=""L914""",
"=""89.5054""","=""0.0003""","=""""","=""""","=""20""","=""""",,"=""""","=""""","=""""","=""""","=""""","=""""","=""""","=""""",1,1,,"=""""","=""L914""",
"=""89.9342""","=""0.0003""","=""""","=""""","=""20""","=""""",,"=""""","=""""","=""""","=""""","=""""","=""""","=""""","=""""",1,1,,"=""""","=""L914""",
"=""90.0904""","=""0.0003""","=""""","=""""","=""30""","=""""",,"=""""","=""""","=""""","=""""","=""""","=""""","=""""","=""""",1,1,,"=""""","=""L914""",
"=""90.2763""","=""0.0003""","=""""","=""""","=""25""","=""""",,"=""""","=""""","=""""","=""""","=""""","=""""","=""""","=""""",1,1,,"=""""","=""L914""",
"=""91.1067""","=""0.0003""","=""""","=""""","=""25""","=""""",,"=""""","=""""","=""""","=""""","=""""","=""""","=""""","=""""",1,1,,"=""""","=""L914""",
"=""91.1815""","=""0.0003""","=""""","=""""","=""20""","=""""",,"=""""","=""""","=""""","=""""","=""""","=""""","=""""","=""""",1,1,,"=""""","=""L914""",
"=""91.5217""","=""0.0003""","=""""","=""""","=""20""","=""""",,"=""""","=""""","=""""","=""""","=""""","=""""","=""""","=""""",1,1,,"=""""","=""L914""",
"=""92.2829""","=""0.0003""","=""""","=""""","=""25""","=""""",,"=""""","=""""","=""""","=""""","=""""","=""""","=""""","=""""",1,1,,"=""""","=""L914""",
"=""94.8887""","=""0.0003""","=""""","=""""","=""20""","=""""",,"=""""","=""""","=""""","=""""","=""""","=""""","=""""","=""""",1,1,,"=""""","=""L914""",
"=""95.2570""","=""0.0003""","=""""","=""""","=""25""","=""""",,"=""""","=""""","=""""","=""""","=""""","=""""","=""""","=""""",1,1,,"=""""","=""L914""",
"=""95.4299""","=""0.0003""","=""""","=""""","=""20""","=""""",,"=""""","=""""","=""""","=""""","=""""","=""""","=""""","=""""",1,1,,"=""""","=""L914""",
"=""95.6676""","=""0.0003""","=""""","=""""","=""20""","=""""",,"=""""","=""""","=""""","=""""","=""""","=""""","=""""","=""""",1,1,,"=""""","=""L914""",
"=""95.8020""","=""0.0003""","=""""","=""""","=""20""","=""""",,"=""""","=""""","=""""","=""""","=""""","=""""","=""""","=""""",1,1,,"=""""","=""L914""",
"=""95.8450""","=""0.0003""","=""""","=""""","=""30""","=""""",,"=""""","=""""","=""""","=""""","=""""","=""""","=""""","=""""",1,1,,"=""""","=""L914""",
"=""96.0686""","=""0.0003""","=""""","=""""","=""20""","=""""",,"=""""","=""""","=""""","=""""","=""""","=""""","=""""","=""""",1,1,,"=""""","=""L914""",
"=""96.6112""","=""0.0003""","=""""","=""""","=""25""","=""""",,"=""""","=""""","=""""","=""""","=""""","=""""","=""""","=""""",1,1,,"=""""","=""L914""",
"=""96.9865""","=""0.0003""","=""""","=""""","=""30""","=""""",,"=""""","=""""","=""""","=""""","=""""","=""""","=""""","=""""",1,1,,"=""""","=""L914""",
"=""97.8207""","=""0.0003""","=""""","=""""","=""50""","=""""",,"=""""","=""""","=""""","=""""","=""""","=""""","=""""","=""""",1,1,,"=""""","=""L914""",
"=""99.0613""","=""0.0003""","=""""","=""""","=""45""","=""""",,"=""""","=""""","=""""","=""""","=""""","=""""","=""""","=""""",1,1,,"=""""","=""L914""",
"=""99.3054""","=""0.0003""","=""""","=""""","=""40""","=""""",,"=""""","=""""","=""""","=""""","=""""","=""""","=""""","=""""",1,1,,"=""""","=""L914""",
"=""100.6185""","=""0.0003""","=""""","=""""","=""30""","=""""",,"=""""","=""""","=""""","=""""","=""""","=""""","=""""","=""""",1,1,,"=""""","=""L914""",
"=""100.9428""","=""0.0003""","=""""","=""""","=""30""","=""""",,"=""""","=""""","=""""","=""""","=""""","=""""","=""""","=""""",1,1,,"=""""","=""L914""",
"=""103.4162""","=""0.0003""","=""""","=""""","=""45""","=""""",,"=""""","=""""","=""""","=""""","=""""","=""""","=""""","=""""",1,1,,"=""""","=""L914""",
"=""105.9066""","=""0.0003""","=""""","=""""","=""35""","=""""",,"=""""","=""""","=""""","=""""","=""""","=""""","=""""","=""""",1,1,,"=""""","=""L914""",
"=""106.7165""","=""0.0003""","=""""","=""""","=""35""","=""""",,"=""""","=""""","=""""","=""""","=""""","=""""","=""""","=""""",1,1,,"=""""","=""L914""",
"=""106.8016""","=""0.0003""","=""""","=""""","=""40""","=""""",,"=""""","=""""","=""""","=""""","=""""","=""""","=""""","=""""",1,1,,"=""""","=""L914""",
"=""108.0885""","=""0.0003""","=""""","=""""","=""45""","=""""",,"=""""","=""""","=""""","=""""","=""""","=""""","=""""","=""""",1,1,,"=""""","=""L914""",
"=""108.1079""","=""0.0003""","=""""","=""""","=""30""","=""""",,"=""""","=""""","=""""","=""""","=""""","=""""","=""""","=""""",1,1,,"=""""","=""L914""",
"=""108.1836""","=""0.0003""","=""""","=""""","=""35""","=""""",,"=""""","=""""","=""""","=""""","=""""","=""""","=""""","=""""",1,1,,"=""""","=""L914""",
"=""108.3594""","=""0.0003""","=""""","=""""","=""20""","=""""",,"=""""","=""""","=""""","=""""","=""""","=""""","=""""","=""""",1,1,,"=""""","=""L914""",
"=""108.5003""","=""0.0003""","=""""","=""""","=""40""","=""""",,"=""""","=""""","=""""","=""""","=""""","=""""","=""""","=""""",1,1,,"=""""","=""L914""",
"=""108.7238""","=""0.0003""","=""""","=""""","=""20""","=""""",,"=""""","=""""","=""""","=""""","=""""","=""""","=""""","=""""",1,1,,"=""""","=""L914""",
"=""108.7701""","=""0.0003""","=""""","=""""","=""15""","=""""",,"=""""","=""""","=""""","=""""","=""""","=""""","=""""","=""""",1,1,,"=""""","=""L914""",
"=""108.7895""","=""0.0003""","=""""","=""""","=""25""","=""""",,"=""""","=""""","=""""","=""""","=""""","=""""","=""""","=""""",1,1,,"=""""","=""L914""",
"=""108.8699""","=""0.0003""","=""""","=""""","=""50""","=""""",,"=""""","=""""","=""""","=""""","=""""","=""""","=""""","=""""",1,1,,"=""""","=""L914""",
"=""109.3447""","=""0.0003""","=""""","=""""","=""25""","=""""",,"=""""","=""""","=""""","=""""","=""""","=""""","=""""","=""""",1,1,,"=""""","=""L914""",
"=""112.5502""","=""0.0003""","=""""","=""""","=""50""","=""""",,"=""""","=""""","=""""","=""""","=""""","=""""","=""""","=""""",1,1,,"=""""","=""L914""",
"=""113.3390""","=""0.0003""","=""""","=""""","=""160""","=""""",,"=""""","=""""","=""""","=""""","=""""","=""""","=""""","=""""",1,1,,"=""""","=""L914""",
"=""113.7020""","=""0.0003""","=""""","=""""","=""60""","=""""",,"=""""","=""""","=""""","=""""","=""""","=""""","=""""","=""""",1,1,,"=""""","=""L914""",
"=""114.3185""","=""0.0003""","=""""","=""""","=""60""","=""""",,"=""""","=""""","=""""","=""""","=""""","=""""","=""""","=""""",1,1,,"=""""","=""L914""",
"=""114.6157""","=""0.0003""","=""""","=""""","=""60""","=""""",,"=""""","=""""","=""""","=""""","=""""","=""""","=""""","=""""",1,1,,"=""""","=""L914""",
"=""114.7967""","=""0.0003""","=""""","=""""","=""60""","=""""",,"=""""","=""""","=""""","=""""","=""""","=""""","=""""","=""""",1,1,,"=""""","=""L914""",
"=""115.7291""","=""0.0003""","=""""","=""""","=""40""","=""""",,"=""""","=""""","=""""","=""""","=""""","=""""","=""""","=""""",1,1,,"=""""","=""L914""",
"=""116.5548""","=""0.0003""","=""""","=""""","=""60""","=""""",,"=""""","=""""","=""""","=""""","=""""","=""""","=""""","=""""",1,1,,"=""""","=""L914""",
"=""117.0046""","=""0.0003""","=""""","=""""","=""35""","=""""",,"=""""","=""""","=""""","=""""","=""""","=""""","=""""","=""""",1,1,,"=""""","=""L914""",
"=""117.2698""","=""0.0003""","=""""","=""""","=""50""","=""""",,"=""""","=""""","=""""","=""""","=""""","=""""","=""""","=""""",1,1,,"=""""","=""L914""",
"=""117.2969""","=""0.0003""","=""""","=""""","=""40""","=""""",,"=""""","=""""","=""""","=""""","=""""","=""""","=""""","=""""",1,1,,"=""""","=""L914""",
"=""117.6794""","=""0.0003""","=""""","=""""","=""160""","=""""",,"=""""","=""""","=""""","=""""","=""""","=""""","=""""","=""""",1,1,,"=""""","=""L914""",
"=""117.7238""","=""0.0003""","=""""","=""""","=""60""","=""""",,"=""""","=""""","=""""","=""""","=""""","=""""","=""""","=""""",1,1,,"=""""","=""L914""",
"=""117.7426""","=""0.0003""","=""""","=""""","=""60""","=""""",,"=""""","=""""","=""""","=""""","=""""","=""""","=""""","=""""",1,1,,"=""""","=""L914""",
"=""117.8256""","=""0.0003""","=""""","=""""","=""130""","=""""",,"=""""","=""""","=""""","=""""","=""""","=""""","=""""","=""""",1,1,,"=""""","=""L914""",
"=""117.8777""","=""0.0003""","=""""","=""""","=""60""","=""""",,"=""""","=""""","=""""","=""""","=""""","=""""","=""""","=""""",1,1,,"=""""","=""L914""",
"=""117.9212""","=""0.0003""","=""""","=""""","=""60""","=""""",,"=""""","=""""","=""""","=""""","=""""","=""""","=""""","=""""",1,1,,"=""""","=""L914""",
"=""117.9623""","=""0.0003""","=""""","=""""","=""40""","=""""",,"=""""","=""""","=""""","=""""","=""""","=""""","=""""","=""""",1,1,,"=""""","=""L914""",
"=""118.0153""","=""0.0003""","=""""","=""""","=""60""","=""""",,"=""""","=""""","=""""","=""""","=""""","=""""","=""""","=""""",1,1,,"=""""","=""L914""",
"=""118.3109""","=""0.0003""","=""""","=""""","=""70""","=""""",,"=""""","=""""","=""""","=""""","=""""","=""""","=""""","=""""",1,1,,"=""""","=""L914""",
"=""118.3498""","=""0.0003""","=""""","=""""","=""30""","=""""",,"=""""","=""""","=""""","=""""","=""""","=""""","=""""","=""""",1,1,,"=""""","=""L914""",
"=""118.4421""","=""0.0003""","=""""","=""""","=""70""","=""""",,"=""""","=""""","=""""","=""""","=""""","=""""","=""""","=""""",1,1,,"=""""","=""L914""",
"=""119.8237""","=""0.0003""","=""""","=""""","=""25""","=""""",,"=""""","=""""","=""""","=""""","=""""","=""""","=""""","=""""",1,1,,"=""""","=""L914""",
"=""119.8767""","=""0.0003""","=""""","=""""","=""40""","=""""",,"=""""","=""""","=""""","=""""","=""""","=""""","=""""","=""""",1,1,,"=""""","=""L914""",
"=""119.9941""","=""0.0003""","=""""","=""""","=""35""","=""""",,"=""""","=""""","=""""","=""""","=""""","=""""","=""""","=""""",1,1,,"=""""","=""L914""",
"=""120.0079""","=""0.0003""","=""""","=""""","=""30""","=""""",,"=""""","=""""","=""""","=""""","=""""","=""""","=""""","=""""",1,1,,"=""""","=""L914""",
"=""121.3998""","=""0.0003""","=""""","=""""","=""30""","=""""",,"=""""","=""""","=""""","=""""","=""""","=""""","=""""","=""""",1,1,,"=""""","=""L914""",
"=""121.7472""","=""0.0003""","=""""","=""""","=""45""","=""""",,"=""""","=""""","=""""","=""""","=""""","=""""","=""""","=""""",1,1,,"=""""","=""L914""",
"=""124.2048""","=""0.0003""","=""""","=""""","=""15""","=""""",,"=""""","=""""","=""""","=""""","=""""","=""""","=""""","=""""",1,1,,"=""""","=""L914""",
"=""124.2650""","=""0.0003""","=""""","=""""","=""20""","=""""",,"=""""","=""""","=""""","=""""","=""""","=""""","=""""","=""""",1,1,,"=""""","=""L914""",
"=""124.3427""","=""0.0003""","=""""","=""""","=""30""","=""""",,"=""""","=""""","=""""","=""""","=""""","=""""","=""""","=""""",1,1,,"=""""","=""L914""",
"=""124.4511""","=""0.0003""","=""""","=""""","=""20""","=""""",,"=""""","=""""","=""""","=""""","=""""","=""""","=""""","=""""",1,1,,"=""""","=""L914""",
"=""125.4813""","=""0.0003""","=""""","=""""","=""30""","=""""",,"=""""","=""""","=""""","=""""","=""""","=""""","=""""","=""""",1,1,,"=""""","=""L914""",
"=""125.5354""","=""0.0003""","=""""","=""""","=""25""","=""""",,"=""""","=""""","=""""","=""""","=""""","=""""","=""""","=""""",1,1,,"=""""","=""L914""",
"=""126.4891""","=""0.0003""","=""""","=""""","=""12""","=""""",,"=""""","=""""","=""""","=""""","=""""","=""""","=""""","=""""",1,1,,"=""""","=""L914""",
"=""126.8947""","=""0.0003""","=""""","=""""","=""25""","=""""",,"=""""","=""""","=""""","=""""","=""""","=""""","=""""","=""""",1,1,,"=""""","=""L914""",
"=""128.2348""","=""0.0003""","=""""","=""""","=""15""","=""""",,"=""""","=""""","=""""","=""""","=""""","=""""","=""""","=""""",1,1,,"=""""","=""L914""",
"=""128.5384""","=""0.0003""","=""""","=""""","=""30""","=""""",,"=""""","=""""","=""""","=""""","=""""","=""""","=""""","=""""",1,1,,"=""""","=""L914""",
"=""129.3974""","=""0.0003""","=""129.3973""","=""0.0009""","=""60""","=""""",,"=""32.941315""","=""42.52298""","=""2s2.2p5.3s""","=""3P*""","=""1""","=""2s2.2p5.(2P*<1/2>).4p""","=""2[1/2]""","=""1""",3,3,,"=""""","=""L914""",
"=""129.4696""","=""0.0003""","=""""","=""""","=""15""","=""""",,"=""""","=""""","=""""","=""""","=""""","=""""","=""""","=""""",1,1,,"=""""","=""L914""",
"=""129.5164""","=""0.0003""","=""""","=""""","=""30""","=""""",,"=""""","=""""","=""""","=""""","=""""","=""""","=""""","=""""",1,1,,"=""""","=""L914""",
"=""129.7856""","=""0.0003""","=""129.7876""","=""0.0009""","=""12""","=""""",,"=""32.941315""","=""42.49417""","=""2s2.2p5.3s""","=""3P*""","=""1""","=""2s2.2p5.(2P*<1/2>).4p""","=""2[3/2]""","=""1""",3,3,,"=""""","=""L914""",
"=""129.8142""","=""0.0003""","=""""","=""""","=""15""","=""""",,"=""""","=""""","=""""","=""""","=""""","=""""","=""""","=""""",1,1,,"=""""","=""L914""",
"=""129.9018""","=""0.0003""","=""129.8993""","=""0.0009""","=""30""","=""""",,"=""32.846429""","=""42.39107""","=""2s2.2p5.3s""","=""3P*""","=""2""","=""2s2.2p5.(2P*<3/2>).4p""","=""2[3/2]""","=""2?""",5,5,,"=""""","=""L914""",
"=""129.9895""","=""0.0003""","=""""","=""""","=""60""","=""""",,"=""""","=""""","=""""","=""""","=""""","=""""","=""""","=""""",1,1,,"=""""","=""L914""",
"=""130.3957""","=""0.0003""","=""130.3962""","=""0.0009""","=""15""","=""""",,"=""33.014713""","=""42.52298""","=""2s2.2p5.3s""","=""3P*""","=""0""","=""2s2.2p5.(2P*<1/2>).4p""","=""2[1/2]""","=""1""",1,3,,"=""""","=""L914""",
"=""130.4546""","=""0.0003""","=""""","=""""","=""15""","=""""",,"=""""","=""""","=""""","=""""","=""""","=""""","=""""","=""""",1,1,,"=""""","=""L914""",
"=""130.6618""","=""0.0003""","=""130.6619""","=""0.0009""","=""20""","=""""",,"=""32.846429""","=""42.33536""","=""2s2.2p5.3s""","=""3P*""","=""2""","=""2s2.2p5.(2P*<3/2>).4p""","=""2[5/2]""","=""2""",5,5,,"=""""","=""L914""",
"=""130.7936""","=""0.0003""","=""130.7925""","=""0.0009""","=""10""","=""""",,"=""33.014713""","=""42.49417""","=""2s2.2p5.3s""","=""3P*""","=""0""","=""2s2.2p5.(2P*<1/2>).4p""","=""2[3/2]""","=""1""",1,3,,"=""""","=""L914""",
"=""131.0078""","=""0.0003""","=""""","=""""","=""45""","=""""",,"=""""","=""""","=""""","=""""","=""""","=""""","=""""","=""""",1,1,,"=""""","=""L914""",
"=""131.1158""","=""0.0003""","=""""","=""""","=""10""","=""""",,"=""""","=""""","=""""","=""""","=""""","=""""","=""""","=""""",1,1,,"=""""","=""L914""",
"=""131.2026""","=""0.0003""","=""131.2037""","=""0.0009""","=""30""","=""""",,"=""32.941315""","=""42.39107""","=""2s2.2p5.3s""","=""3P*""","=""1""","=""2s2.2p5.(2P*<3/2>).4p""","=""2[3/2]""","=""2?""",3,5,,"=""""","=""L914""",
"=""131.2587""","=""0.0003""","=""""","=""""","=""20""","=""""",,"=""""","=""""","=""""","=""""","=""""","=""""","=""""","=""""",1,1,,"=""""","=""L914""",
"=""131.6530""","=""0.0003""","=""""","=""""","=""12""","=""""",,"=""""","=""""","=""""","=""""","=""""","=""""","=""""","=""""",1,1,,"=""""","=""L914""",
"=""131.9815""","=""0.0003""","=""131.9817""","=""0.0009""","=""30""","=""""",,"=""32.941315""","=""42.33536""","=""2s2.2p5.3s""","=""3P*""","=""1""","=""2s2.2p5.(2P*<3/2>).4p""","=""2[5/2]""","=""2""",3,5,,"=""""","=""L914""",
"=""132.2295""","=""0.0003""","=""""","=""""","=""12""","=""""",,"=""""","=""""","=""""","=""""","=""""","=""""","=""""","=""""",1,1,,"=""""","=""L914""",
"=""132.7742""","=""0.0003""","=""132.7748""","=""0.0009""","=""50""","=""""",,"=""32.846429""","=""42.18436""","=""2s2.2p5.3s""","=""3P*""","=""2""","=""2s2.2p5.(2P*<3/2>).4p""","=""2[1/2]""","=""1""",5,3,,"=""""","=""L914""",
"=""132.8497""","=""0.0003""","=""132.8484""","=""0.0009""","=""12""","=""""",,"=""36.354688""","=""45.68745""","=""2s2.2p5.3p""","=""3S""","=""1""","=""2s2.2p5.(2P*<3/2>).6d""","=""2[1/2]*""","=""1""",3,3,,"=""""","=""L914""",
"=""132.9354""","=""0.0003""","=""""","=""""","=""30""","=""""",,"=""""","=""""","=""""","=""""","=""""","=""""","=""""","=""""",1,1,,"=""""","=""L914""",
"=""133.6112""","=""0.0003""","=""""","=""""","=""25""","=""""",,"=""""","=""""","=""""","=""""","=""""","=""""","=""""","=""""",1,1,,"=""""","=""L914""",
"=""133.8575""","=""0.0003""","=""""","=""""","=""35""","=""""",,"=""""","=""""","=""""","=""""","=""""","=""""","=""""","=""""",1,1,,"=""""","=""L914""",
"=""134.1369""","=""0.0003""","=""134.1378""","=""0.0009""","=""35""","=""""",,"=""32.941315""","=""42.18436""","=""2s2.2p5.3s""","=""3P*""","=""1""","=""2s2.2p5.(2P*<3/2>).4p""","=""2[1/2]""","=""1""",3,3,,"=""""","=""L914""",
"=""134.2401""","=""0.0003""","=""""","=""""","=""20""","=""""",,"=""""","=""""","=""""","=""""","=""""","=""""","=""""","=""""",1,1,,"=""""","=""L914""",
"=""134.7210""","=""0.0003""","=""""","=""""","=""35""","=""""",,"=""""","=""""","=""""","=""""","=""""","=""""","=""""","=""""",1,1,,"=""""","=""L914""",
"=""134.7543""","=""0.0003""","=""134.7563""","=""0.0009""","=""45""","=""""",,"=""33.322360""","=""42.52298""","=""2s2.2p5.3s""","=""1P*""","=""1""","=""2s2.2p5.(2P*<1/2>).4p""","=""2[1/2]""","=""1""",3,3,,"=""""","=""L914""",
"=""134.9602""","=""0.0003""","=""""","=""""","=""15""","=""""",,"=""""","=""""","=""""","=""""","=""""","=""""","=""""","=""""",1,1,,"=""""","=""L914""",
"=""134.9876""","=""0.0003""","=""""","=""""","=""25""","=""""",,"=""""","=""""","=""""","=""""","=""""","=""""","=""""","=""""",1,1,,"=""""","=""L914""",
"=""135.1799""","=""0.0003""","=""135.1796""","=""0.0009""","=""12""","=""""",,"=""33.322360""","=""42.49417""","=""2s2.2p5.3s""","=""1P*""","=""1""","=""2s2.2p5.(2P*<1/2>).4p""","=""2[3/2]""","=""1""",3,3,,"=""""","=""L914""",
"=""135.2118""","=""0.0003""","=""135.2115""","=""0.0009""","=""35""","=""""",,"=""33.014713""","=""42.18436""","=""2s2.2p5.3s""","=""3P*""","=""0""","=""2s2.2p5.(2P*<3/2>).4p""","=""2[1/2]""","=""1""",1,3,,"=""""","=""L914""",
"=""135.2904""","=""0.0003""","=""""","=""""","=""130""","=""""",,"=""""","=""""","=""""","=""""","=""""","=""""","=""""","=""""",1,1,,"=""""","=""L914""",
"=""135.9055""","=""0.0003""","=""""","=""""","=""20""","=""""",,"=""""","=""""","=""""","=""""","=""""","=""""","=""""","=""""",1,1,,"=""""","=""L914""",
"=""136.1217""","=""0.0003""","=""""","=""""","=""15""","=""""",,"=""""","=""""","=""""","=""""","=""""","=""""","=""""","=""""",1,1,,"=""""","=""L914""",
"=""136.6242""","=""0.0003""","=""""","=""""","=""15""","=""""",,"=""""","=""""","=""""","=""""","=""""","=""""","=""""","=""""",1,1,,"=""""","=""L914""",
"=""137.3451""","=""0.0003""","=""""","=""""","=""15""","=""""",,"=""""","=""""","=""""","=""""","=""""","=""""","=""""","=""""",1,1,,"=""""","=""L914""",
"=""137.4688""","=""0.0003""","=""137.4703""","=""0.0010""","=""90""","=""""",,"=""36.902113""","=""45.92109""","=""2s2.2p5.3p""","=""3D""","=""2""","=""2s2.2p5.(2P*<1/2>).7s""","=""2[1/2]*""","=""1""",5,3,,"=""""","=""L914""",
"=""137.5618""","=""0.0003""","=""137.5615""","=""0.0010""","=""15""","=""""",,"=""33.322360""","=""42.33536""","=""2s2.2p5.3s""","=""1P*""","=""1""","=""2s2.2p5.(2P*<3/2>).4p""","=""2[5/2]""","=""2""",3,5,,"=""""","=""L914""",
"=""138.0623""","=""0.0003""","=""""","=""""","=""12""","=""""",,"=""""","=""""","=""""","=""""","=""""","=""""","=""""","=""""",1,1,,"=""""","=""L914""",
"=""138.1236""","=""0.0003""","=""138.1216""","=""0.0010""","=""30""","=""""",,"=""36.902113""","=""45.87857""","=""2s2.2p5.3p""","=""3D""","=""2""","=""2s2.2p5.(2P*<1/2>).6d""","=""2[3/2]*""","=""1""",5,3,,"=""""","=""L914""",
"=""138.1633""","=""0.0003""","=""""","=""""","=""12""","=""""",,"=""""","=""""","=""""","=""""","=""""","=""""","=""""","=""""",1,1,,"=""""","=""L914""",
"=""138.4794""","=""0.0003""","=""138.4789""","=""0.0010""","=""10""","=""""",,"=""36.967803""","=""45.92109""","=""2s2.2p5.3p""","=""3D""","=""1""","=""2s2.2p5.(2P*<1/2>).7s""","=""2[1/2]*""","=""1""",3,3,,"=""""","=""L914""",
"=""138.5296""","=""0.0003""","=""""","=""""","=""10""","=""""",,"=""""","=""""","=""""","=""""","=""""","=""""","=""""","=""""",1,1,,"=""""","=""L914""",
"=""138.5465""","=""0.0003""","=""""","=""""","=""12""","=""""",,"=""""","=""""","=""""","=""""","=""""","=""""","=""""","=""""",1,1,,"=""""","=""L914""",
"=""138.6076""","=""0.0003""","=""""","=""""","=""10""","=""""",,"=""""","=""""","=""""","=""""","=""""","=""""","=""""","=""""",1,1,,"=""""","=""L914""",
"=""139.2072""","=""0.0003""","=""""","=""""","=""15""","=""""",,"=""""","=""""","=""""","=""""","=""""","=""""","=""""","=""""",1,1,,"=""""","=""L914""",
"=""139.2316""","=""0.0003""","=""139.2308""","=""0.0010""","=""10""","=""""",,"=""36.354688""","=""45.25963""","=""2s2.2p5.3p""","=""3S""","=""1""","=""2s2.2p5.(2P*<1/2>).6s""","=""2[1/2]*""","=""1""",3,3,,"=""""","=""L914""",
"=""139.2940""","=""0.0003""","=""139.2960""","=""0.0010""","=""15""","=""""",,"=""36.354688""","=""45.25546""","=""2s2.2p5.3p""","=""3S""","=""1""","=""2s2.2p5.(2P*<1/2>).6s""","=""2[1/2]*""","=""0""",3,1,,"=""""","=""L914""",
"=""139.5193""","=""0.0003""","=""""","=""""","=""10""","=""""",,"=""""","=""""","=""""","=""""","=""""","=""""","=""""","=""""",1,1,,"=""""","=""L914""",
"=""139.8143""","=""0.0003""","=""139.8137""","=""0.0010""","=""12""","=""""",,"=""36.354688""","=""45.22250""","=""2s2.2p5.3p""","=""3S""","=""1""","=""2s2.2p5.(2P*<1/2>).5d""","=""2[3/2]*""","=""2""",3,5,,"=""""","=""L914""",
"=""139.9070""","=""0.0003""","=""139.9055""","=""0.0010""","=""30""","=""""",,"=""33.322360""","=""42.18436""","=""2s2.2p5.3s""","=""1P*""","=""1""","=""2s2.2p5.(2P*<3/2>).4p""","=""2[1/2]""","=""1""",3,3,,"=""""","=""L914""",
"=""139.9860""","=""0.0003""","=""139.9876""","=""0.0010""","=""12""","=""""",,"=""36.902113""","=""45.75891""","=""2s2.2p5.3p""","=""3D""","=""2""","=""2s2.2p5.(2P*<3/2>).7s""","=""2[3/2]*""","=""1""",5,3,,"=""""","=""L914""",
"=""140.4675""","=""0.0003""","=""140.4719""","=""0.0010""","=""90""","=""""",,"=""37.094827""","=""45.92109""","=""2s2.2p5.3p""","=""1D""","=""2""","=""2s2.2p5.(2P*<1/2>).7s""","=""2[1/2]*""","=""1""",5,3,,"=""""","=""L914""",
"=""140.6850""","=""0.0003""","=""""","=""""","=""15""","=""""",,"=""""","=""""","=""""","=""""","=""""","=""""","=""""","=""""",1,1,,"=""""","=""L914""",
"=""140.7308""","=""0.0003""","=""""","=""""","=""25""","=""""",,"=""""","=""""","=""""","=""""","=""""","=""""","=""""","=""""",1,1,,"=""""","=""L914""",
"=""141.0374""","=""0.0003""","=""141.0337""","=""0.0010""","=""12""","=""""",,"=""36.967803""","=""45.75891""","=""2s2.2p5.3p""","=""3D""","=""1""","=""2s2.2p5.(2P*<3/2>).7s""","=""2[3/2]*""","=""1""",3,3,,"=""""","=""L914""",
"=""141.1536""","=""0.0003""","=""141.1519""","=""0.0010""","=""7""","=""""",,"=""37.094827""","=""45.87857""","=""2s2.2p5.3p""","=""1D""","=""2""","=""2s2.2p5.(2P*<1/2>).6d""","=""2[3/2]*""","=""1""",5,3,,"=""""","=""L914""",
"=""141.5762""","=""0.0003""","=""""","=""""","=""10""","=""""",,"=""""","=""""","=""""","=""""","=""""","=""""","=""""","=""""",1,1,,"=""""","=""L914""",
"=""141.8579""","=""0.0003""","=""141.8576""","=""0.0010""","=""20""","=""""",,"=""37.181047""","=""45.92109""","=""2s2.2p5.3p""","=""1P""","=""1""","=""2s2.2p5.(2P*<1/2>).7s""","=""2[1/2]*""","=""1""",3,3,,"=""""","=""L914""",
"=""141.9311""","=""0.0003""","=""""","=""""","=""15""","=""""",,"=""""","=""""","=""""","=""""","=""""","=""""","=""""","=""""",1,1,,"=""""","=""L914""",
"=""142.0216""","=""0.0003""","=""142.0221""","=""0.0010""","=""12""","=""""",,"=""36.354688""","=""45.08461""","=""2s2.2p5.3p""","=""3S""","=""1""","=""2s2.2p5.(2P*<3/2>).5d""","=""2[3/2]*""","=""1""",3,3,,"=""""","=""L914""",
"=""142.1889""","=""0.0003""","=""142.1895""","=""0.0010""","=""7""","=""""",,"=""36.967803""","=""45.68745""","=""2s2.2p5.3p""","=""3D""","=""1""","=""2s2.2p5.(2P*<3/2>).6d""","=""2[1/2]*""","=""1""",3,3,,"=""""","=""L914""",
"=""142.2996""","=""0.0003""","=""142.2988""","=""0.0010""","=""12""","=""""",,"=""37.208144""","=""45.92109""","=""2s2.2p5.3p""","=""3P""","=""2""","=""2s2.2p5.(2P*<1/2>).7s""","=""2[1/2]*""","=""1""",5,3,,"=""""","=""L914""",
"=""142.5499""","=""0.0003""","=""142.5512""","=""0.0010""","=""7""","=""""",,"=""37.181047""","=""45.87857""","=""2s2.2p5.3p""","=""1P""","=""1""","=""2s2.2p5.(2P*<1/2>).6d""","=""2[3/2]*""","=""1""",3,3,,"=""""","=""L914""",
"=""142.6048""","=""0.0003""","=""142.5983""","=""0.0010""","=""7""","=""""",,"=""36.354688""","=""45.04934""","=""2s2.2p5.3p""","=""3S""","=""1""","=""2s2.2p5.(2P*<3/2>).5d""","=""2[1/2]*""","=""1""",3,3,,"=""""","=""L914""",
"=""142.8889""","=""0.0003""","=""""","=""""","=""7""","=""""",,"=""""","=""""","=""""","=""""","=""""","=""""","=""""","=""""",1,1,,"=""""","=""L914""",
"=""142.9963""","=""0.0003""","=""142.9967""","=""0.0010""","=""10""","=""""",,"=""37.208144""","=""45.87857""","=""2s2.2p5.3p""","=""3P""","=""2""","=""2s2.2p5.(2P*<1/2>).6d""","=""2[3/2]*""","=""1""",5,3,,"=""""","=""L914""",
"=""143.0166""","=""0.0003""","=""""","=""""","=""7""","=""""",,"=""""","=""""","=""""","=""""","=""""","=""""","=""""","=""""",1,1,,"=""""","=""L914""",
"=""143.1015""","=""0.0003""","=""143.1014""","=""0.0010""","=""7""","=""""",,"=""37.094827""","=""45.75891""","=""2s2.2p5.3p""","=""1D""","=""2""","=""2s2.2p5.(2P*<3/2>).7s""","=""2[3/2]*""","=""1""",5,3,,"=""""","=""L914""",
"=""143.1228""","=""0.0003""","=""143.1199""","=""0.0010""","=""15""","=""""",,"=""37.258133""","=""45.92109""","=""2s2.2p5.3p""","=""3P""","=""1""","=""2s2.2p5.(2P*<1/2>).7s""","=""2[1/2]*""","=""1""",3,3,,"=""""","=""L914""",
"=""143.5054""","=""0.0003""","=""""","=""""","=""10""","=""""",,"=""""","=""""","=""""","=""""","=""""","=""""","=""""","=""""",1,1,,"=""""","=""L914""",
"=""143.5776""","=""0.0003""","=""143.5796""","=""0.0011""","=""10""","=""""",,"=""37.243343""","=""45.87857""","=""2s2.2p5.3p""","=""3P""","=""0""","=""2s2.2p5.(2P*<1/2>).6d""","=""2[3/2]*""","=""1""",1,3,,"=""""","=""L914""",
"=""144.2907""","=""0.0003""","=""144.2915""","=""0.0011""","=""30""","=""""",,"=""37.094827""","=""45.68745""","=""2s2.2p5.3p""","=""1D""","=""2""","=""2s2.2p5.(2P*<3/2>).6d""","=""2[1/2]*""","=""1""",5,3,,"=""""","=""L914""",
"=""145.4976""","=""0.0003""","=""""","=""""","=""15""","=""""",,"=""""","=""""","=""""","=""""","=""""","=""""","=""""","=""""",1,1,,"=""""","=""L914""",
"=""145.5969""","=""0.0003""","=""145.5971""","=""0.0011""","=""12""","=""""",,"=""37.243343""","=""45.75891""","=""2s2.2p5.3p""","=""3P""","=""0""","=""2s2.2p5.(2P*<3/2>).7s""","=""2[3/2]*""","=""1""",1,3,,"=""""","=""L914""",
"=""145.9748""","=""0.0003""","=""""","=""""","=""15""","=""""",,"=""""","=""""","=""""","=""""","=""""","=""""","=""""","=""""",1,1,,"=""""","=""L914""",
"=""146.0775""","=""0.0003""","=""""","=""""","=""10""","=""""",,"=""""","=""""","=""""","=""""","=""""","=""""","=""""","=""""",1,1,,"=""""","=""L914""",
"=""146.2160""","=""0.0003""","=""146.2198""","=""0.0011""","=""10""","=""""",,"=""37.208144""","=""45.68745""","=""2s2.2p5.3p""","=""3P""","=""2""","=""2s2.2p5.(2P*<3/2>).6d""","=""2[1/2]*""","=""1""",5,3,,"=""""","=""L914""",
"=""147.0916""","=""0.0003""","=""147.0870""","=""0.0011""","=""10""","=""""",,"=""37.258133""","=""45.68745""","=""2s2.2p5.3p""","=""3P""","=""1""","=""2s2.2p5.(2P*<3/2>).6d""","=""2[1/2]*""","=""1""",3,3,,"=""""","=""L914""",
"=""147.2642""","=""0.0003""","=""""","=""""","=""7""","=""""",,"=""""","=""""","=""""","=""""","=""""","=""""","=""""","=""""",1,1,,"=""""","=""L914""",
"=""147.3826""","=""0.0003""","=""""","=""""","=""12""","=""""",,"=""""","=""""","=""""","=""""","=""""","=""""","=""""","=""""",1,1,,"=""""","=""L914""",
"=""147.4687""","=""0.0003""","=""""","=""""","=""12""","=""""",,"=""""","=""""","=""""","=""""","=""""","=""""","=""""","=""""",1,1,,"=""""","=""L914""",
"=""147.5411""","=""0.0003""","=""""","=""""","=""15""","=""""",,"=""""","=""""","=""""","=""""","=""""","=""""","=""""","=""""",1,1,,"=""""","=""L914""",
"=""147.5530""","=""0.0003""","=""""","=""""","=""15""","=""""",,"=""""","=""""","=""""","=""""","=""""","=""""","=""""","=""""",1,1,,"=""""","=""L914""",
"=""147.6301""","=""0.0003""","=""""","=""""","=""10""","=""""",,"=""""","=""""","=""""","=""""","=""""","=""""","=""""","=""""",1,1,,"=""""","=""L914""",
"=""147.6673""","=""0.0003""","=""""","=""""","=""10""","=""""",,"=""""","=""""","=""""","=""""","=""""","=""""","=""""","=""""",1,1,,"=""""","=""L914""",
"=""148.1578""","=""0.0003""","=""148.1585""","=""0.0011""","=""15""","=""""",,"=""36.854157""","=""45.22250""","=""2s2.2p5.3p""","=""3D""","=""3""","=""2s2.2p5.(2P*<1/2>).5d""","=""2[3/2]*""","=""2""",7,5,,"=""""","=""L914""",
"=""148.3570""","=""0.0003""","=""148.3506""","=""0.0011""","=""15""","=""""",,"=""36.902113""","=""45.25963""","=""2s2.2p5.3p""","=""3D""","=""2""","=""2s2.2p5.(2P*<1/2>).6s""","=""2[1/2]*""","=""1""",5,3,,"=""""","=""L914""",
"=""148.5443""","=""0.0003""","=""""","=""""","=""20""","=""""",,"=""""","=""""","=""""","=""""","=""""","=""""","=""""","=""""",1,1,,"=""""","=""L914""",
"=""148.5987""","=""0.0003""","=""148.5984""","=""0.0011""","=""25""","=""""",,"=""36.902113""","=""45.24569""","=""2s2.2p5.3p""","=""3D""","=""2""","=""2s2.2p5.(2P*<1/2>).5d""","=""2[3/2]*""","=""1""",5,3,,"=""""","=""L914""",
"=""148.6300""","=""0.0003""","=""""","=""""","=""25""","=""""",,"=""""","=""""","=""""","=""""","=""""","=""""","=""""","=""""",1,1,,"=""""","=""L914""",
"=""148.9261""","=""0.0003""","=""""","=""""","=""50""","=""""",,"=""""","=""""","=""""","=""""","=""""","=""""","=""""","=""""",1,1,,"=""""","=""L914""",
"=""149.2371""","=""0.0003""","=""""","=""""","=""20""","=""""",,"=""""","=""""","=""""","=""""","=""""","=""""","=""""","=""""",1,1,,"=""""","=""L914""",
"=""149.4943""","=""0.0003""","=""""","=""""","=""20""","=""""",,"=""""","=""""","=""""","=""""","=""""","=""""","=""""","=""""",1,1,,"=""""","=""L914""",
"=""149.5212""","=""0.0003""","=""149.5259""","=""0.0011""","=""45""","=""""",,"=""36.967803""","=""45.25963""","=""2s2.2p5.3p""","=""3D""","=""1""","=""2s2.2p5.(2P*<1/2>).6s""","=""2[1/2]*""","=""1""",3,3,,"=""""","=""L914""",
"=""149.6011""","=""0.0003""","=""149.6010""","=""0.0011""","=""40""","=""""",,"=""36.967803""","=""45.25546""","=""2s2.2p5.3p""","=""3D""","=""1""","=""2s2.2p5.(2P*<1/2>).6s""","=""2[1/2]*""","=""0""",3,1,,"=""""","=""L914""",
"=""149.7731""","=""0.0003""","=""149.7776""","=""0.0011""","=""45""","=""""",,"=""36.967803""","=""45.24569""","=""2s2.2p5.3p""","=""3D""","=""1""","=""2s2.2p5.(2P*<1/2>).5d""","=""2[3/2]*""","=""1""",3,3,,"=""""","=""L914""",
"=""150.0006""","=""0.0003""","=""""","=""""","=""25""","=""""",,"=""""","=""""","=""""","=""""","=""""","=""""","=""""","=""""",1,1,,"=""""","=""L914""",
"=""150.1427""","=""0.0003""","=""""","=""""","=""35""","=""""",,"=""""","=""""","=""""","=""""","=""""","=""""","=""""","=""""",1,1,,"=""""","=""L914""",
"=""150.1995""","=""0.0003""","=""150.1983""","=""0.0012""","=""25""","=""""",,"=""36.967803""","=""45.22250""","=""2s2.2p5.3p""","=""3D""","=""1""","=""2s2.2p5.(2P*<1/2>).5d""","=""2[3/2]*""","=""2""",3,5,,"=""""","=""L914""",
"=""150.2661""","=""0.0003""","=""""","=""""","=""30""","=""""",,"=""""","=""""","=""""","=""""","=""""","=""""","=""""","=""""",1,1,,"=""""","=""L914""",
"=""150.3469""","=""0.0003""","=""""","=""""","=""35""","=""""",,"=""""","=""""","=""""","=""""","=""""","=""""","=""""","=""""",1,1,,"=""""","=""L914""",
"=""150.6407""","=""0.0003""","=""150.6408""","=""0.0012""","=""80""","=""""",,"=""36.854157""","=""45.08461""","=""2s2.2p5.3p""","=""3D""","=""3""","=""2s2.2p5.(2P*<3/2>).5d""","=""2[3/2]*""","=""1""",7,3,,"=""""","=""L914""",
"=""150.6914""","=""0.0003""","=""150.6901""","=""0.0012""","=""60""","=""""",,"=""36.854157""","=""45.08192""","=""2s2.2p5.3p""","=""3D""","=""3""","=""2s2.2p5.(2P*<3/2>).6s""","=""2[3/2]*""","=""2""",7,5,,"=""""","=""L914""",
"=""150.7869""","=""0.0003""","=""""","=""""","=""35""","=""""",,"=""""","=""""","=""""","=""""","=""""","=""""","=""""","=""""",1,1,,"=""""","=""L914""",
"=""150.8981""","=""0.0003""","=""""","=""""","=""30""","=""""",,"=""""","=""""","=""""","=""""","=""""","=""""","=""""","=""""",1,1,,"=""""","=""L914""",
"=""151.0518""","=""0.0003""","=""""","=""""","=""35""","=""""",,"=""""","=""""","=""""","=""""","=""""","=""""","=""""","=""""",1,1,,"=""""","=""L914""",
"=""151.0701""","=""0.0003""","=""151.0737""","=""0.0012""","=""35""","=""""",,"=""36.854157""","=""45.06103""","=""2s2.2p5.3p""","=""3D""","=""3""","=""2s2.2p5.(2P*<3/2>).5d""","=""2[3/2]*""","=""2""",7,5,,"=""""","=""L914""",
"=""151.1040""","=""0.0003""","=""""","=""""","=""40""","=""""",,"=""""","=""""","=""""","=""""","=""""","=""""","=""""","=""""",1,1,,"=""""","=""L914""",
"=""151.3102""","=""0.0003""","=""151.3084""","=""0.0012""","=""70""","=""""",,"=""36.902113""","=""45.09625""","=""2s2.2p5.3p""","=""3D""","=""2""","=""2s2.2p5.(2P*<3/2>).6s""","=""2[3/2]*""","=""1""",5,3,,"=""""","=""L914""",
"=""151.3487""","=""0.0003""","=""""","=""""","=""50""","=""""",,"=""""","=""""","=""""","=""""","=""""","=""""","=""""","=""""",1,1,,"=""""","=""L914""",
"=""151.3953""","=""0.0003""","=""""","=""""","=""35""","=""""",,"=""""","=""""","=""""","=""""","=""""","=""""","=""""","=""""",1,1,,"=""""","=""L914""",
"=""151.421""","=""0.010""","=""""","=""""","=""""","=""""",,"=""""","=""""","=""""","=""""","=""""","=""""","=""""","=""""",1,1,,"=""""","=""L914""",
"=""151.4241""","=""0.0003""","=""""","=""""","=""30""","=""""",,"=""""","=""""","=""""","=""""","=""""","=""""","=""""","=""""",1,1,,"=""""","=""L914""",
"=""151.4632""","=""0.0003""","=""""","=""""","=""30""","=""""",,"=""""","=""""","=""""","=""""","=""""","=""""","=""""","=""""",1,1,,"=""""","=""L914""",
"=""151.5229""","=""0.0003""","=""151.5237""","=""0.0012""","=""30""","=""""",,"=""36.902113""","=""45.08461""","=""2s2.2p5.3p""","=""3D""","=""2""","=""2s2.2p5.(2P*<3/2>).5d""","=""2[3/2]*""","=""1""",5,3,,"=""""","=""L914""",
"=""151.5709""","=""0.0003""","=""151.5735""","=""0.0012""","=""30""","=""""",,"=""36.902113""","=""45.08192""","=""2s2.2p5.3p""","=""3D""","=""2""","=""2s2.2p5.(2P*<3/2>).6s""","=""2[3/2]*""","=""2""",5,5,,"=""""","=""L914""",
"=""151.6219""","=""0.0003""","=""""","=""""","=""25""","=""""",,"=""""","=""""","=""""","=""""","=""""","=""""","=""""","=""""",1,1,,"=""""","=""L914""",
"=""151.7604""","=""0.0003""","=""""","=""""","=""30""","=""""",,"=""""","=""""","=""""","=""""","=""""","=""""","=""""","=""""",1,1,,"=""""","=""L914""",
"=""151.8042""","=""0.0003""","=""""","=""""","=""30""","=""""",,"=""""","=""""","=""""","=""""","=""""","=""""","=""""","=""""",1,1,,"=""""","=""L914""",
"=""151.8505""","=""0.0003""","=""151.8521""","=""0.0012""","=""35""","=""""",,"=""37.094827""","=""45.25963""","=""2s2.2p5.3p""","=""1D""","=""2""","=""2s2.2p5.(2P*<1/2>).6s""","=""2[1/2]*""","=""1""",5,3,,"=""""","=""L914""",
"=""151.8664""","=""0.0003""","=""""","=""""","=""35""","=""""",,"=""""","=""""","=""""","=""""","=""""","=""""","=""""","=""""",1,1,,"=""""","=""L914""",
"=""151.9005""","=""0.0003""","=""""","=""""","=""40""","=""""",,"=""""","=""""","=""""","=""""","=""""","=""""","=""""","=""""",1,1,,"=""""","=""L914""",
"=""151.9629""","=""0.0003""","=""151.9616""","=""0.0012""","=""60""","=""""",,"=""36.902113""","=""45.06103""","=""2s2.2p5.3p""","=""3D""","=""2""","=""2s2.2p5.(2P*<3/2>).5d""","=""2[3/2]*""","=""2""",5,5,,"=""""","=""L914""",
"=""152.3388""","=""0.0003""","=""""","=""""","=""30""","=""""",,"=""""","=""""","=""""","=""""","=""""","=""""","=""""","=""""",1,1,,"=""""","=""L914""",
"=""152.5311""","=""0.0003""","=""152.5312""","=""0.0012""","=""30""","=""""",,"=""36.967803""","=""45.09625""","=""2s2.2p5.3p""","=""3D""","=""1""","=""2s2.2p5.(2P*<3/2>).6s""","=""2[3/2]*""","=""1""",3,3,,"=""""","=""L914""",
"=""152.6021""","=""0.0003""","=""""","=""""","=""15""","=""""",,"=""""","=""""","=""""","=""""","=""""","=""""","=""""","=""""",1,1,,"=""""","=""L914""",
"=""152.7555""","=""0.0003""","=""152.7500""","=""0.0012""","=""15""","=""""",,"=""36.967803""","=""45.08461""","=""2s2.2p5.3p""","=""3D""","=""1""","=""2s2.2p5.(2P*<3/2>).5d""","=""2[3/2]*""","=""1""",3,3,,"=""""","=""L914""",
"=""152.7985""","=""0.0003""","=""152.8006""","=""0.0012""","=""20""","=""""",,"=""36.967803""","=""45.08192""","=""2s2.2p5.3p""","=""3D""","=""1""","=""2s2.2p5.(2P*<3/2>).6s""","=""2[3/2]*""","=""2""",3,5,,"=""""","=""L914""",
"=""152.8532""","=""0.0003""","=""""","=""""","=""20""","=""""",,"=""""","=""""","=""""","=""""","=""""","=""""","=""""","=""""",1,1,,"=""""","=""L914""",
"=""152.9208""","=""0.0003""","=""""","=""""","=""15""","=""""",,"=""""","=""""","=""""","=""""","=""""","=""""","=""""","=""""",1,1,,"=""""","=""L914""",
"=""153.1497""","=""0.0003""","=""""","=""""","=""20""","=""""",,"=""""","=""""","=""""","=""""","=""""","=""""","=""""","=""""",1,1,,"=""""","=""L914""",
"=""153.3176""","=""0.0003""","=""""","=""""","=""10""","=""""",,"=""""","=""""","=""""","=""""","=""""","=""""","=""""","=""""",1,1,,"=""""","=""L914""",
"=""153.4163""","=""0.0003""","=""153.4167""","=""0.0012""","=""10""","=""""",,"=""36.967803""","=""45.04934""","=""2s2.2p5.3p""","=""3D""","=""1""","=""2s2.2p5.(2P*<3/2>).5d""","=""2[1/2]*""","=""1""",3,3,,"=""""","=""L914""",
"=""153.4538""","=""0.0003""","=""153.4525""","=""0.0012""","=""25""","=""""",,"=""36.967803""","=""45.04745""","=""2s2.2p5.3p""","=""3D""","=""1""","=""2s2.2p5.(2P*<3/2>).5d""","=""2[1/2]*""","=""0""",3,1,,"=""""","=""L914""",
"=""153.4737""","=""0.0003""","=""153.4728""","=""0.0012""","=""12""","=""""",,"=""37.181047""","=""45.25963""","=""2s2.2p5.3p""","=""1P""","=""1""","=""2s2.2p5.(2P*<1/2>).6s""","=""2[1/2]*""","=""1""",3,3,,"=""""","=""L914""",
"=""153.9895""","=""0.0003""","=""153.9893""","=""0.0012""","=""12""","=""""",,"=""37.208144""","=""45.25963""","=""2s2.2p5.3p""","=""3P""","=""2""","=""2s2.2p5.(2P*<1/2>).6s""","=""2[1/2]*""","=""1""",5,3,,"=""""","=""L914""",
"=""154.0688""","=""0.0003""","=""""","=""""","=""7""","=""""",,"=""""","=""""","=""""","=""""","=""""","=""""","=""""","=""""",1,1,,"=""""","=""L914""",
"=""154.3665""","=""0.0003""","=""""","=""""","=""12""","=""""",,"=""""","=""""","=""""","=""""","=""""","=""""","=""""","=""""",1,1,,"=""""","=""L914""",
"=""154.7066""","=""0.0003""","=""154.7025""","=""0.0012""","=""15""","=""""",,"=""37.208144""","=""45.22250""","=""2s2.2p5.3p""","=""3P""","=""2""","=""2s2.2p5.(2P*<1/2>).5d""","=""2[3/2]*""","=""2""",5,5,,"=""""","=""L914""",
"=""154.9392""","=""0.0003""","=""154.9348""","=""0.0012""","=""20""","=""""",,"=""37.243343""","=""45.24569""","=""2s2.2p5.3p""","=""3P""","=""0""","=""2s2.2p5.(2P*<1/2>).5d""","=""2[3/2]*""","=""1""",1,3,,"=""""","=""L914""",
"=""154.9507""","=""0.0003""","=""154.9527""","=""0.0012""","=""20bl*""","=""""",,"=""37.094827""","=""45.09625""","=""2s2.2p5.3p""","=""1D""","=""2""","=""2s2.2p5.(2P*<3/2>).6s""","=""2[3/2]*""","=""1""",5,3,,"=""""","=""L914""",
"=""154.9507""","=""0.0003""","=""154.9513""","=""0.0012""","=""20bl*""","=""""",,"=""37.258133""","=""45.25963""","=""2s2.2p5.3p""","=""3P""","=""1""","=""2s2.2p5.(2P*<1/2>).6s""","=""2[1/2]*""","=""1""",3,3,,"=""""","=""L914""",
"=""155.0095""","=""0.0003""","=""""","=""""","=""15""","=""""",,"=""""","=""""","=""""","=""""","=""""","=""""","=""""","=""""",1,1,,"=""""","=""L914""",
"=""155.0348""","=""0.0003""","=""155.0321""","=""0.0012""","=""20""","=""""",,"=""37.258133""","=""45.25546""","=""2s2.2p5.3p""","=""3P""","=""1""","=""2s2.2p5.(2P*<1/2>).6s""","=""2[1/2]*""","=""0""",3,1,,"=""""","=""L914""",
"=""155.1793""","=""0.0003""","=""155.1784""","=""0.0012""","=""20""","=""""",,"=""37.094827""","=""45.08461""","=""2s2.2p5.3p""","=""1D""","=""2""","=""2s2.2p5.(2P*<3/2>).5d""","=""2[3/2]*""","=""1""",5,3,,"=""""","=""L914""",
"=""155.2203""","=""0.0003""","=""155.2217""","=""0.0012""","=""20""","=""""",,"=""37.258133""","=""45.24569""","=""2s2.2p5.3p""","=""3P""","=""1""","=""2s2.2p5.(2P*<1/2>).5d""","=""2[3/2]*""","=""1""",3,3,,"=""""","=""L914""",
"=""155.6370""","=""0.0003""","=""155.6378""","=""0.0012""","=""15""","=""""",,"=""37.094827""","=""45.06103""","=""2s2.2p5.3p""","=""1D""","=""2""","=""2s2.2p5.(2P*<3/2>).5d""","=""2[3/2]*""","=""2""",5,5,,"=""""","=""L914""",
"=""155.6753""","=""0.0003""","=""155.6735""","=""0.0012""","=""12""","=""""",,"=""37.258133""","=""45.22250""","=""2s2.2p5.3p""","=""3P""","=""1""","=""2s2.2p5.(2P*<1/2>).5d""","=""2[3/2]*""","=""2""",3,5,,"=""""","=""L914""",
"=""155.7557""","=""0.0003""","=""""","=""""","=""7""","=""""",,"=""""","=""""","=""""","=""""","=""""","=""""","=""""","=""""",1,1,,"=""""","=""L914""",
"=""155.8678""","=""0.0003""","=""155.8666""","=""0.0012""","=""7""","=""""",,"=""37.094827""","=""45.04934""","=""2s2.2p5.3p""","=""1D""","=""2""","=""2s2.2p5.(2P*<3/2>).5d""","=""2[1/2]*""","=""1""",5,3,,"=""""","=""L914""",
"=""156.5838""","=""0.0003""","=""""","=""""","=""12""","=""""",,"=""""","=""""","=""""","=""""","=""""","=""""","=""""","=""""",1,1,,"=""""","=""L914""",
"=""156.6262""","=""0.0003""","=""""","=""""","=""12""","=""""",,"=""""","=""""","=""""","=""""","=""""","=""""","=""""","=""""",1,1,,"=""""","=""L914""",
"=""156.8673""","=""0.0003""","=""156.8713""","=""0.0013""","=""10""","=""""",,"=""37.181047""","=""45.08461""","=""2s2.2p5.3p""","=""1P""","=""1""","=""2s2.2p5.(2P*<3/2>).5d""","=""2[3/2]*""","=""1""",3,3,,"=""""","=""L914""",
"=""156.9264""","=""0.0003""","=""156.9247""","=""0.0013""","=""20""","=""""",,"=""37.181047""","=""45.08192""","=""2s2.2p5.3p""","=""1P""","=""1""","=""2s2.2p5.(2P*<3/2>).6s""","=""2[3/2]*""","=""2""",3,5,,"=""""","=""L914""",
"=""157.0024""","=""0.0003""","=""""","=""""","=""12""","=""""",,"=""""","=""""","=""""","=""""","=""""","=""""","=""""","=""""",1,1,,"=""""","=""L914""",
"=""157.1205""","=""0.0003""","=""""","=""""","=""7""","=""""",,"=""""","=""""","=""""","=""""","=""""","=""""","=""""","=""""",1,1,,"=""""","=""L914""",
"=""157.3430""","=""0.0003""","=""157.3407""","=""0.0013""","=""10""","=""""",,"=""37.181047""","=""45.06103""","=""2s2.2p5.3p""","=""1P""","=""1""","=""2s2.2p5.(2P*<3/2>).5d""","=""2[3/2]*""","=""2""",3,5,,"=""""","=""L914""",
"=""157.4110""","=""0.0003""","=""157.4110""","=""0.0013""","=""12""","=""""",,"=""37.208144""","=""45.08461""","=""2s2.2p5.3p""","=""3P""","=""2""","=""2s2.2p5.(2P*<3/2>).5d""","=""2[3/2]*""","=""1""",5,3,,"=""""","=""L914""",
"=""157.4664""","=""0.0003""","=""157.4647""","=""0.0013""","=""7""","=""""",,"=""37.208144""","=""45.08192""","=""2s2.2p5.3p""","=""3P""","=""2""","=""2s2.2p5.(2P*<3/2>).6s""","=""2[3/2]*""","=""2""",5,5,,"=""""","=""L914""",
"=""157.5039""","=""0.0003""","=""""","=""""","=""10""","=""""",,"=""""","=""""","=""""","=""""","=""""","=""""","=""""","=""""",1,1,,"=""""","=""L914""",
"=""157.5749""","=""0.0003""","=""157.5745""","=""0.0013""","=""15""","=""""",,"=""37.181047""","=""45.04934""","=""2s2.2p5.3p""","=""1P""","=""1""","=""2s2.2p5.(2P*<3/2>).5d""","=""2[1/2]*""","=""1""",3,3,,"=""""","=""L914""",
"=""157.6118""","=""0.0003""","=""157.6123""","=""0.0013""","=""12""","=""""",,"=""37.181047""","=""45.04745""","=""2s2.2p5.3p""","=""1P""","=""1""","=""2s2.2p5.(2P*<3/2>).5d""","=""2[1/2]*""","=""0""",3,1,,"=""""","=""L914""",
"=""157.8807""","=""0.0003""","=""157.8837""","=""0.0013""","=""12bl*""","=""""",,"=""37.208144""","=""45.06103""","=""2s2.2p5.3p""","=""3P""","=""2""","=""2s2.2p5.(2P*<3/2>).5d""","=""2[3/2]*""","=""2""",5,5,,"=""""","=""L914""",
"=""157.8807""","=""0.0003""","=""157.8832""","=""0.0013""","=""12bl*""","=""""",,"=""37.243343""","=""45.09625""","=""2s2.2p5.3p""","=""3P""","=""0""","=""2s2.2p5.(2P*<3/2>).6s""","=""2[3/2]*""","=""1""",1,3,,"=""""","=""L914""",
"=""157.9180""","=""0.0003""","=""""","=""""","=""15""","=""""",,"=""""","=""""","=""""","=""""","=""""","=""""","=""""","=""""",1,1,,"=""""","=""L914""",
"=""157.9408""","=""0.0003""","=""""","=""""","=""12""","=""""",,"=""""","=""""","=""""","=""""","=""""","=""""","=""""","=""""",1,1,,"=""""","=""L914""",
"=""157.9993""","=""0.0003""","=""""","=""""","=""20""","=""""",,"=""""","=""""","=""""","=""""","=""""","=""""","=""""","=""""",1,1,,"=""""","=""L914""",
"=""158.1108""","=""0.0003""","=""158.1176""","=""0.0013""","=""25""","=""""",,"=""37.243343""","=""45.08461""","=""2s2.2p5.3p""","=""3P""","=""0""","=""2s2.2p5.(2P*<3/2>).5d""","=""2[3/2]*""","=""1""",1,3,,"=""""","=""L914""",
"=""158.1835""","=""0.0003""","=""158.1811""","=""0.0013""","=""20""","=""""",,"=""37.258133""","=""45.09625""","=""2s2.2p5.3p""","=""3P""","=""1""","=""2s2.2p5.(2P*<3/2>).6s""","=""2[3/2]*""","=""1""",3,3,,"=""""","=""L914""",
"=""158.4173""","=""0.0003""","=""158.4164""","=""0.0013""","=""20""","=""""",,"=""37.258133""","=""45.08461""","=""2s2.2p5.3p""","=""3P""","=""1""","=""2s2.2p5.(2P*<3/2>).5d""","=""2[3/2]*""","=""1""",3,3,,"=""""","=""L914""",
"=""158.7080""","=""0.0003""","=""""","=""""","=""30""","=""""",,"=""""","=""""","=""""","=""""","=""""","=""""","=""""","=""""",1,1,,"=""""","=""L914""",
"=""158.7807""","=""0.0003""","=""""","=""""","=""5""","=""""",,"=""""","=""""","=""""","=""""","=""""","=""""","=""""","=""""",1,1,,"=""""","=""L914""",
"=""158.8764""","=""0.0003""","=""""","=""""","=""15""","=""""",,"=""""","=""""","=""""","=""""","=""""","=""""","=""""","=""""",1,1,,"=""""","=""L914""",
"=""158.8983""","=""0.0003""","=""158.8951""","=""0.0013""","=""7""","=""""",,"=""37.258133""","=""45.06103""","=""2s2.2p5.3p""","=""3P""","=""1""","=""2s2.2p5.(2P*<3/2>).5d""","=""2[3/2]*""","=""2""",3,5,,"=""""","=""L914""",
"=""159.1321""","=""0.0003""","=""159.1336""","=""0.0013""","=""15""","=""""",,"=""37.258133""","=""45.04934""","=""2s2.2p5.3p""","=""3P""","=""1""","=""2s2.2p5.(2P*<3/2>).5d""","=""2[1/2]*""","=""1""",3,3,,"=""""","=""L914""",
"=""159.1712""","=""0.0003""","=""159.1721""","=""0.0013""","=""7""","=""""",,"=""37.258133""","=""45.04745""","=""2s2.2p5.3p""","=""3P""","=""1""","=""2s2.2p5.(2P*<3/2>).5d""","=""2[1/2]*""","=""0""",3,1,,"=""""","=""L914""",
"=""159.4752""","=""0.0003""","=""""","=""""","=""2""","=""""",,"=""""","=""""","=""""","=""""","=""""","=""""","=""""","=""""",1,1,,"=""""","=""L914""",
"=""160.4888""","=""0.0003""","=""""","=""""","=""25""","=""""",,"=""""","=""""","=""""","=""""","=""""","=""""","=""""","=""""",1,1,,"=""""","=""L914""",
"=""160.7514""","=""0.0003""","=""""","=""""","=""45""","=""""",,"=""""","=""""","=""""","=""""","=""""","=""""","=""""","=""""",1,1,,"=""""","=""L914""",
"=""161.7896""","=""0.0003""","=""""","=""""","=""10""","=""""",,"=""""","=""""","=""""","=""""","=""""","=""""","=""""","=""""",1,1,,"=""""","=""L914""",
"=""162.1940""","=""0.0003""","=""162.1898""","=""0.0013""","=""12""","=""""",,"=""36.354688""","=""43.99908""","=""2s2.2p5.3p""","=""3S""","=""1""","=""2s2.2p5.(2P*<1/2>).4d""","=""2[3/2]*""","=""1""",3,3,,"=""""","=""L914""",
"=""162.2347""","=""0.0003""","=""162.2337""","=""0.0013""","=""12""","=""""",,"=""36.354688""","=""43.99701""","=""2s2.2p5.3p""","=""3S""","=""1""","=""2s2.2p5.(2P*<1/2>).5s""","=""2[1/2]*""","=""0""",3,1,,"=""""","=""L914""",
"=""162.6372""","=""0.0003""","=""162.6369""","=""0.0013""","=""20""","=""""",,"=""36.354688""","=""43.97806""","=""2s2.2p5.3p""","=""3S""","=""1""","=""2s2.2p5.(2P*<1/2>).4d""","=""2[3/2]*""","=""2""",3,5,,"=""""","=""L914""",
"=""163.0579""","=""0.0003""","=""""","=""""","=""1""","=""""",,"=""""","=""""","=""""","=""""","=""""","=""""","=""""","=""""",1,1,,"=""""","=""L914""",
"=""163.4057""","=""0.0003""","=""""","=""""","=""15""","=""""",,"=""""","=""""","=""""","=""""","=""""","=""""","=""""","=""""",1,1,,"=""""","=""L914""",
"=""163.5194""","=""0.0003""","=""""","=""""","=""20""","=""""",,"=""""","=""""","=""""","=""""","=""""","=""""","=""""","=""""",1,1,,"=""""","=""L914""",
"=""163.5948""","=""0.0003""","=""""","=""""","=""10""","=""""",,"=""""","=""""","=""""","=""""","=""""","=""""","=""""","=""""",1,1,,"=""""","=""L914""",
"=""163.7293""","=""0.0003""","=""""","=""""","=""10""","=""""",,"=""""","=""""","=""""","=""""","=""""","=""""","=""""","=""""",1,1,,"=""""","=""L914""",
"=""163.9260""","=""0.0003""","=""""","=""""","=""12""","=""""",,"=""""","=""""","=""""","=""""","=""""","=""""","=""""","=""""",1,1,,"=""""","=""L914""",
"=""164.6018""","=""0.0003""","=""""","=""""","=""12""","=""""",,"=""""","=""""","=""""","=""""","=""""","=""""","=""""","=""""",1,1,,"=""""","=""L914""",
"=""165.1601""","=""0.0003""","=""""","=""""","=""5""","=""""",,"=""""","=""""","=""""","=""""","=""""","=""""","=""""","=""""",1,1,,"=""""","=""L914""",
"=""165.2921""","=""0.0003""","=""165.2921""","=""0.0014""","=""20""","=""""",,"=""36.354688""","=""43.85560""","=""2s2.2p5.3p""","=""3S""","=""1""","=""2s2.2p5.(2P*<3/2>).5s""","=""2[3/2]*""","=""1""",3,3,,"=""""","=""L914""",
"=""165.7918""","=""0.0003""","=""165.7925""","=""0.0014""","=""60""","=""""",,"=""36.354688""","=""43.83296""","=""2s2.2p5.3p""","=""3S""","=""1""","=""2s2.2p5.(2P*<3/2>).5s""","=""2[3/2]*""","=""2""",3,5,,"=""""","=""L914""",
"=""166.8569""","=""0.0003""","=""166.8572""","=""0.0014""","=""35""","=""""",,"=""36.354688""","=""43.78524""","=""2s2.2p5.3p""","=""3S""","=""1""","=""2s2.2p5.(2P*<3/2>).4d""","=""2[3/2]*""","=""2""",3,5,,"=""""","=""L914""",
"=""166.9817""","=""0.0003""","=""""","=""""","=""20""","=""""",,"=""""","=""""","=""""","=""""","=""""","=""""","=""""","=""""",1,1,,"=""""","=""L914""",
"=""167.1886""","=""0.0003""","=""167.1889""","=""0.0014""","=""35""","=""""",,"=""36.354688""","=""43.77050""","=""2s2.2p5.3p""","=""3S""","=""1""","=""2s2.2p5.(2P*<3/2>).4d""","=""2[1/2]*""","=""1""",3,3,,"=""""","=""L914""",
"=""167.3649""","=""0.0003""","=""167.3655""","=""0.0014""","=""15""","=""""",,"=""36.354688""","=""43.76268""","=""2s2.2p5.3p""","=""3S""","=""1""","=""2s2.2p5.(2P*<3/2>).4d""","=""2[1/2]*""","=""0""",3,1,,"=""""","=""L914""",
"=""174.3309""","=""0.0003""","=""174.3309""","=""0.0015""","=""15""","=""""",,"=""36.902113""","=""44.01412""","=""2s2.2p5.3p""","=""3D""","=""2""","=""2s2.2p5.(2P*<1/2>).5s""","=""2[1/2]*""","=""1""",5,3,,"=""""","=""L914""",
"=""174.6996""","=""0.0003""","=""174.7003""","=""0.0016""","=""0""","=""""",,"=""36.902113""","=""43.99908""","=""2s2.2p5.3p""","=""3D""","=""2""","=""2s2.2p5.(2P*<1/2>).4d""","=""2[3/2]*""","=""1""",5,3,,"=""""","=""L914""",
"=""175.2185""","=""0.0003""","=""175.2191""","=""0.0016""","=""12""","=""""",,"=""36.902113""","=""43.97806""","=""2s2.2p5.3p""","=""3D""","=""2""","=""2s2.2p5.(2P*<1/2>).4d""","=""2[3/2]*""","=""2""",5,5,,"=""""","=""L914""",
"=""175.9572""","=""0.0003""","=""175.9561""","=""0.0016""","=""30""","=""""",,"=""36.967803""","=""44.01412""","=""2s2.2p5.3p""","=""3D""","=""1""","=""2s2.2p5.(2P*<1/2>).5s""","=""2[1/2]*""","=""1""",3,3,,"=""""","=""L914""",
"=""176.3325""","=""0.0003""","=""176.3324""","=""0.0016""","=""7""","=""""",,"=""36.967803""","=""43.99908""","=""2s2.2p5.3p""","=""3D""","=""1""","=""2s2.2p5.(2P*<1/2>).4d""","=""2[3/2]*""","=""1""",3,3,,"=""""","=""L914""",
"=""176.3841""","=""0.0003""","=""176.3844""","=""0.0016""","=""30""","=""""",,"=""36.967803""","=""43.99701""","=""2s2.2p5.3p""","=""3D""","=""1""","=""2s2.2p5.(2P*<1/2>).5s""","=""2[1/2]*""","=""0""",3,1,,"=""""","=""L914""",
"=""176.8603""","=""0.0003""","=""176.8611""","=""0.0016""","=""7""","=""""",,"=""36.967803""","=""43.97806""","=""2s2.2p5.3p""","=""3D""","=""1""","=""2s2.2p5.(2P*<1/2>).4d""","=""2[3/2]*""","=""2""",3,5,,"=""""","=""L914""",
"=""176.9878""","=""0.0003""","=""""","=""""","=""30""","=""""",,"=""""","=""""","=""""","=""""","=""""","=""""","=""""","=""""",1,1,,"=""""","=""L914""",
"=""177.3550""","=""0.0003""","=""""","=""""","=""12""","=""""",,"=""""","=""""","=""""","=""""","=""""","=""""","=""""","=""""",1,1,,"=""""","=""L914""",
"=""177.6571""","=""0.0003""","=""177.6581""","=""0.0016""","=""90""","=""""",,"=""36.854157""","=""43.83296""","=""2s2.2p5.3p""","=""3D""","=""3""","=""2s2.2p5.(2P*<3/2>).5s""","=""2[3/2]*""","=""2""",7,5,,"=""""","=""L914""",
"=""177.8243""","=""0.0003""","=""177.8253""","=""0.0016""","=""40""","=""""",,"=""36.854157""","=""43.82641""","=""2s2.2p5.3p""","=""3D""","=""3""","=""2s2.2p5.(2P*<3/2>).4d""","=""2[5/2]*""","=""3""",7,7,,"=""""","=""L914""",
"=""177.8905""","=""0.0003""","=""177.8904""","=""0.0016""","=""0""","=""""",,"=""36.854157""","=""43.82385""","=""2s2.2p5.3p""","=""3D""","=""3""","=""2s2.2p5.(2P*<3/2>).4d""","=""2[5/2]*""","=""2""",7,5,,"=""""","=""L914""",
"=""177.9906""","=""0.0003""","=""177.9907""","=""0.0016""","=""0""","=""""",,"=""38.293859""","=""45.25963""","=""2s2.2p5.3p""","=""1S""","=""0""","=""2s2.2p5.(2P*<1/2>).6s""","=""2[1/2]*""","=""1""",1,3,,"=""""","=""L914""",
"=""178.3043""","=""0.0003""","=""178.3050""","=""0.0016""","=""60""","=""""",,"=""36.902113""","=""43.85560""","=""2s2.2p5.3p""","=""3D""","=""2""","=""2s2.2p5.(2P*<3/2>).5s""","=""2[3/2]*""","=""1""",5,3,,"=""""","=""L914""",
"=""178.3475""","=""0.0003""","=""178.3475""","=""0.0016""","=""15""","=""""",,"=""38.293859""","=""45.24569""","=""2s2.2p5.3p""","=""1S""","=""0""","=""2s2.2p5.(2P*<1/2>).5d""","=""2[3/2]*""","=""1""",1,3,,"=""""","=""L914""",
"=""178.5989""","=""0.0003""","=""178.5983""","=""0.0016""","=""12""","=""""",,"=""36.854157""","=""43.79623""","=""2s2.2p5.3p""","=""3D""","=""3""","=""2s2.2p5.(2P*<3/2>).4d""","=""2[7/2]*""","=""3""",7,7,,"=""""","=""L914""",
"=""178.7189""","=""0.0003""","=""178.7189""","=""0.0016""","=""80""","=""""",,"=""36.854157""","=""43.79154""","=""2s2.2p5.3p""","=""3D""","=""3""","=""2s2.2p5.(2P*<3/2>).4d""","=""2[7/2]*""","=""4""",7,9,,"=""""","=""L914""",
"=""178.8846""","=""0.0003""","=""178.8874""","=""0.0016""","=""45""","=""""",,"=""36.902113""","=""43.83296""","=""2s2.2p5.3p""","=""3D""","=""2""","=""2s2.2p5.(2P*<3/2>).5s""","=""2[3/2]*""","=""2""",5,5,,"=""""","=""L914""",
"=""179.0565""","=""0.0003""","=""179.0568""","=""0.0016""","=""2""","=""""",,"=""36.902113""","=""43.82641""","=""2s2.2p5.3p""","=""3D""","=""2""","=""2s2.2p5.(2P*<3/2>).4d""","=""2[5/2]*""","=""3""",5,7,,"=""""","=""L914""",
"=""179.1224""","=""0.0003""","=""179.1229""","=""0.0016""","=""35""","=""""",,"=""36.902113""","=""43.82385""","=""2s2.2p5.3p""","=""3D""","=""2""","=""2s2.2p5.(2P*<3/2>).4d""","=""2[5/2]*""","=""2""",5,5,,"=""""","=""L914""",
"=""179.1862""","=""0.0003""","=""179.1863""","=""0.0016""","=""30""","=""""",,"=""37.094827""","=""44.01412""","=""2s2.2p5.3p""","=""1D""","=""2""","=""2s2.2p5.(2P*<1/2>).5s""","=""2[1/2]*""","=""1""",5,3,,"=""""","=""L914""",
"=""179.5772""","=""0.0003""","=""179.5766""","=""0.0016""","=""1""","=""""",,"=""37.094827""","=""43.99908""","=""2s2.2p5.3p""","=""1D""","=""2""","=""2s2.2p5.(2P*<1/2>).4d""","=""2[3/2]*""","=""1""",5,3,,"=""""","=""L914""",
"=""179.8410""","=""0.0003""","=""179.8406""","=""0.0016""","=""80""","=""""",,"=""36.902113""","=""43.79623""","=""2s2.2p5.3p""","=""3D""","=""2""","=""2s2.2p5.(2P*<3/2>).4d""","=""2[7/2]*""","=""3""",5,7,,"=""""","=""L914""",
"=""180.0048""","=""0.0003""","=""180.0055""","=""0.0017""","=""25""","=""""",,"=""36.967803""","=""43.85560""","=""2s2.2p5.3p""","=""3D""","=""1""","=""2s2.2p5.(2P*<3/2>).5s""","=""2[3/2]*""","=""1""",3,3,,"=""""","=""L914""",
"=""180.1256""","=""0.0003""","=""180.1276""","=""0.0017""","=""45bl*""","=""""",,"=""36.902113""","=""43.78524""","=""2s2.2p5.3p""","=""3D""","=""2""","=""2s2.2p5.(2P*<3/2>).4d""","=""2[3/2]*""","=""2""",5,5,,"=""""","=""L914""",
"=""180.1256""","=""0.0003""","=""180.1249""","=""0.0017""","=""45bl*""","=""""",,"=""37.094827""","=""43.97806""","=""2s2.2p5.3p""","=""1D""","=""2""","=""2s2.2p5.(2P*<1/2>).4d""","=""2[3/2]*""","=""2""",5,5,,"=""""","=""L914""",
"=""180.4623""","=""0.0003""","=""""","=""""","=""30""","=""""",,"=""""","=""""","=""""","=""""","=""""","=""""","=""""","=""""",1,1,,"=""""","=""L914""",
"=""180.5998""","=""0.0003""","=""180.5991""","=""0.0017""","=""12""","=""""",,"=""36.967803""","=""43.83296""","=""2s2.2p5.3p""","=""3D""","=""1""","=""2s2.2p5.(2P*<3/2>).5s""","=""2[3/2]*""","=""2""",3,5,,"=""""","=""L914""",
"=""180.6061""","=""0.0003""","=""180.6057""","=""0.0017""","=""10""","=""""",,"=""37.094827""","=""43.95974?""","=""2s2.2p5.3p""","=""1D""","=""2""","=""2s2.2p5.(2P*<1/2>).4d""","=""2[5/2]*""","=""3""",5,7,,"=""""","=""L914""",
"=""180.7092""","=""0.0003""","=""180.7131""","=""0.0017""","=""90""","=""""",,"=""37.094827""","=""43.95566""","=""2s2.2p5.3p""","=""1D""","=""2""","=""2s2.2p5.(2P*<1/2>).4d""","=""2[5/2]*""","=""2""",5,5,,"=""""","=""L914""",
"=""180.8375""","=""0.0003""","=""180.8392""","=""0.0017""","=""60""","=""""",,"=""36.967803""","=""43.82385""","=""2s2.2p5.3p""","=""3D""","=""1""","=""2s2.2p5.(2P*<3/2>).4d""","=""2[5/2]*""","=""2""",3,5,,"=""""","=""L914""",
"=""181.4474""","=""0.0003""","=""181.4473""","=""0.0017""","=""25""","=""""",,"=""37.181047""","=""44.01412""","=""2s2.2p5.3p""","=""1P""","=""1""","=""2s2.2p5.(2P*<1/2>).5s""","=""2[1/2]*""","=""1""",3,3,,"=""""","=""L914""",
"=""181.8473""","=""0.0003""","=""181.8475""","=""0.0017""","=""5""","=""""",,"=""37.181047""","=""43.99908""","=""2s2.2p5.3p""","=""1P""","=""1""","=""2s2.2p5.(2P*<1/2>).4d""","=""2[3/2]*""","=""1""",3,3,,"=""""","=""L914""",
"=""181.8628""","=""0.0003""","=""181.8633""","=""0.0017""","=""7""","=""""",,"=""36.967803""","=""43.78524""","=""2s2.2p5.3p""","=""3D""","=""1""","=""2s2.2p5.(2P*<3/2>).4d""","=""2[3/2]*""","=""2""",3,5,,"=""""","=""L914""",
"=""181.9024""","=""0.0003""","=""181.9028""","=""0.0017""","=""20""","=""""",,"=""37.181047""","=""43.99701""","=""2s2.2p5.3p""","=""1P""","=""1""","=""2s2.2p5.(2P*<1/2>).5s""","=""2[1/2]*""","=""0""",3,1,,"=""""","=""L914""",
"=""182.1695""","=""0.0003""","=""182.1697""","=""0.0017""","=""50""","=""""",,"=""37.208144""","=""44.01412""","=""2s2.2p5.3p""","=""3P""","=""2""","=""2s2.2p5.(2P*<1/2>).5s""","=""2[1/2]*""","=""1""",5,3,,"=""""","=""L914""",
"=""182.2568""","=""0.0003""","=""182.2574""","=""0.0017""","=""5""","=""""",,"=""36.967803""","=""43.77050""","=""2s2.2p5.3p""","=""3D""","=""1""","=""2s2.2p5.(2P*<3/2>).4d""","=""2[1/2]*""","=""1""",3,3,,"=""""","=""L914""",
"=""182.4098""","=""0.0003""","=""182.4098""","=""0.0017""","=""0""","=""""",,"=""37.181047""","=""43.97806""","=""2s2.2p5.3p""","=""1P""","=""1""","=""2s2.2p5.(2P*<1/2>).4d""","=""2[3/2]*""","=""2""",3,5,,"=""""","=""L914""",
"=""182.5730""","=""0.0003""","=""182.5731""","=""0.0017""","=""7""","=""""",,"=""37.208144""","=""43.99908""","=""2s2.2p5.3p""","=""3P""","=""2""","=""2s2.2p5.(2P*<1/2>).4d""","=""2[3/2]*""","=""1""",5,3,,"=""""","=""L914""",
"=""183.0124""","=""0.0003""","=""183.0130""","=""0.0017""","=""20""","=""""",,"=""37.181047""","=""43.95566""","=""2s2.2p5.3p""","=""1P""","=""1""","=""2s2.2p5.(2P*<1/2>).4d""","=""2[5/2]*""","=""2""",3,5,,"=""""","=""L914""",
"=""183.1172""","=""0.0003""","=""183.1167""","=""0.0017""","=""12""","=""""",,"=""37.243343""","=""44.01412""","=""2s2.2p5.3p""","=""3P""","=""0""","=""2s2.2p5.(2P*<1/2>).5s""","=""2[1/2]*""","=""1""",1,3,,"=""""","=""L914""",
"=""183.1402""","=""0.0003""","=""183.1399""","=""0.0017""","=""1""","=""""",,"=""37.208144""","=""43.97806""","=""2s2.2p5.3p""","=""3P""","=""2""","=""2s2.2p5.(2P*<1/2>).4d""","=""2[3/2]*""","=""2""",5,5,,"=""""","=""L914""",
"=""183.3873""","=""0.0003""","=""183.3875""","=""0.0017""","=""45""","=""""",,"=""37.094827""","=""43.85560""","=""2s2.2p5.3p""","=""1D""","=""2""","=""2s2.2p5.(2P*<3/2>).5s""","=""2[3/2]*""","=""1""",5,3,,"=""""","=""L914""",
"=""183.5217""","=""0.0003""","=""183.5244""","=""0.0017""","=""80""","=""""",,"=""37.243343""","=""43.99908""","=""2s2.2p5.3p""","=""3P""","=""0""","=""2s2.2p5.(2P*<1/2>).4d""","=""2[3/2]*""","=""1""",1,3,,"=""""","=""L914""",
"=""183.6367""","=""0.0003""","=""183.6369""","=""0.0017""","=""2""","=""""",,"=""37.208144""","=""43.95974?""","=""2s2.2p5.3p""","=""3P""","=""2""","=""2s2.2p5.(2P*<1/2>).4d""","=""2[5/2]*""","=""3""",5,7,,"=""""","=""L914""",
"=""183.7522""","=""0.0003""","=""183.7479""","=""0.0017""","=""15""","=""""",,"=""37.208144""","=""43.95566""","=""2s2.2p5.3p""","=""3P""","=""2""","=""2s2.2p5.(2P*<1/2>).4d""","=""2[5/2]*""","=""2""",5,5,,"=""""","=""L914""",
"=""183.7890""","=""0.0003""","=""183.7876""","=""0.0017""","=""45""","=""""",,"=""37.094827""","=""43.84089""","=""2s2.2p5.3p""","=""1D""","=""2""","=""2s2.2p5.(2P*<3/2>).4d""","=""2[3/2]*""","=""1""",5,3,,"=""""","=""L914""",
"=""183.9270""","=""0.0003""","=""183.9270""","=""0.0017""","=""20""","=""""",,"=""37.258133""","=""43.99908""","=""2s2.2p5.3p""","=""3P""","=""1""","=""2s2.2p5.(2P*<1/2>).4d""","=""2[3/2]*""","=""1""",3,3,,"=""""","=""L914""",
"=""183.9835""","=""0.0003""","=""183.9835""","=""0.0017""","=""25""","=""""",,"=""37.258133""","=""43.99701""","=""2s2.2p5.3p""","=""3P""","=""1""","=""2s2.2p5.(2P*<1/2>).5s""","=""2[1/2]*""","=""0""",3,1,,"=""""","=""L914""",
"=""184.0032""","=""0.0003""","=""184.0037""","=""0.0017""","=""20""","=""""",,"=""37.094827""","=""43.83296""","=""2s2.2p5.3p""","=""1D""","=""2""","=""2s2.2p5.(2P*<3/2>).5s""","=""2[3/2]*""","=""2""",5,5,,"=""""","=""L914""",
"=""184.1822""","=""0.0003""","=""184.1830""","=""0.0017""","=""60""","=""""",,"=""37.094827""","=""43.82641""","=""2s2.2p5.3p""","=""1D""","=""2""","=""2s2.2p5.(2P*<3/2>).4d""","=""2[5/2]*""","=""3""",5,7,,"=""""","=""L914""",
"=""184.5016""","=""0.0003""","=""184.5022""","=""0.0017""","=""70""","=""""",,"=""37.258133""","=""43.97806""","=""2s2.2p5.3p""","=""3P""","=""1""","=""2s2.2p5.(2P*<1/2>).4d""","=""2[3/2]*""","=""2""",3,5,,"=""""","=""L914""",
"=""185.0150""","=""0.0003""","=""185.0124""","=""0.0017""","=""45""","=""""",,"=""37.094827""","=""43.79623""","=""2s2.2p5.3p""","=""1D""","=""2""","=""2s2.2p5.(2P*<3/2>).4d""","=""2[7/2]*""","=""3""",5,7,,"=""""","=""L914""",
"=""185.1194""","=""0.0003""","=""185.1194""","=""0.0017""","=""70""","=""""",,"=""37.258133""","=""43.95566""","=""2s2.2p5.3p""","=""3P""","=""1""","=""2s2.2p5.(2P*<1/2>).4d""","=""2[5/2]*""","=""2""",3,5,,"=""""","=""L914""",
"=""185.3166""","=""0.0003""","=""185.3161""","=""0.0018""","=""80""","=""""",,"=""37.094827""","=""43.78524""","=""2s2.2p5.3p""","=""1D""","=""2""","=""2s2.2p5.(2P*<3/2>).4d""","=""2[3/2]*""","=""2""",5,5,,"=""""","=""L914""",
"=""185.7265""","=""0.0003""","=""185.7254""","=""0.0018""","=""25""","=""""",,"=""37.094827""","=""43.77050""","=""2s2.2p5.3p""","=""1D""","=""2""","=""2s2.2p5.(2P*<3/2>).4d""","=""2[1/2]*""","=""1""",5,3,,"=""""","=""L914""",
"=""185.7576""","=""0.0003""","=""185.7565""","=""0.0018""","=""40""","=""""",,"=""37.181047""","=""43.85560""","=""2s2.2p5.3p""","=""1P""","=""1""","=""2s2.2p5.(2P*<3/2>).5s""","=""2[3/2]*""","=""1""",3,3,,"=""""","=""L914""",
"=""186.2832""","=""0.0003""","=""""","=""""","=""20""","=""""",,"=""""","=""""","=""""","=""""","=""""","=""""","=""""","=""""",1,1,,"=""""","=""L914""",
"=""186.3090""","=""0.0003""","=""""","=""""","=""25""","=""""",,"=""""","=""""","=""""","=""""","=""""","=""""","=""""","=""""",1,1,,"=""""","=""L914""",
"=""186.3898""","=""0.0003""","=""186.3887""","=""0.0018""","=""15""","=""""",,"=""37.181047""","=""43.83296""","=""2s2.2p5.3p""","=""1P""","=""1""","=""2s2.2p5.(2P*<3/2>).5s""","=""2[3/2]*""","=""2""",3,5,,"=""""","=""L914""",
"=""186.5139""","=""0.0003""","=""186.5136""","=""0.0018""","=""35""","=""""",,"=""37.208144""","=""43.85560""","=""2s2.2p5.3p""","=""3P""","=""2""","=""2s2.2p5.(2P*<3/2>).5s""","=""2[3/2]*""","=""1""",5,3,,"=""""","=""L914""",
"=""186.5433""","=""0.0003""","=""""","=""""","=""20""","=""""",,"=""""","=""""","=""""","=""""","=""""","=""""","=""""","=""""",1,1,,"=""""","=""L914""",
"=""186.6452""","=""0.0003""","=""186.6444""","=""0.0018""","=""45""","=""""",,"=""37.181047""","=""43.82385""","=""2s2.2p5.3p""","=""1P""","=""1""","=""2s2.2p5.(2P*<3/2>).4d""","=""2[5/2]*""","=""2""",3,5,,"=""""","=""L914""",
"=""187.1517""","=""0.0003""","=""187.1510""","=""0.0018""","=""40""","=""""",,"=""37.208144""","=""43.83296""","=""2s2.2p5.3p""","=""3P""","=""2""","=""2s2.2p5.(2P*<3/2>).5s""","=""2[3/2]*""","=""2""",5,5,,"=""""","=""L914""",
"=""187.3369""","=""0.0003""","=""187.3365""","=""0.0018""","=""45""","=""""",,"=""37.208144""","=""43.82641""","=""2s2.2p5.3p""","=""3P""","=""2""","=""2s2.2p5.(2P*<3/2>).4d""","=""2[5/2]*""","=""3""",5,7,,"=""""","=""L914""",
"=""187.4098""","=""0.0003""","=""187.4088""","=""0.0018""","=""15""","=""""",,"=""37.208144""","=""43.82385""","=""2s2.2p5.3p""","=""3P""","=""2""","=""2s2.2p5.(2P*<3/2>).4d""","=""2[5/2]*""","=""2""",5,5,,"=""""","=""L914""",
"=""187.5075""","=""0.0003""","=""187.5065""","=""0.0018""","=""60""","=""""",,"=""37.243343""","=""43.85560""","=""2s2.2p5.3p""","=""3P""","=""0""","=""2s2.2p5.(2P*<3/2>).5s""","=""2[3/2]*""","=""1""",1,3,,"=""""","=""L914""",
"=""187.7365""","=""0.0003""","=""187.7355""","=""0.0018""","=""20""","=""""",,"=""37.181047""","=""43.78524""","=""2s2.2p5.3p""","=""1P""","=""1""","=""2s2.2p5.(2P*<3/2>).4d""","=""2[3/2]*""","=""2""",3,5,,"=""""","=""L914""",
"=""187.9240""","=""0.0003""","=""187.9269""","=""0.0018""","=""30bl*""","=""""",,"=""37.258133""","=""43.85560""","=""2s2.2p5.3p""","=""3P""","=""1""","=""2s2.2p5.(2P*<3/2>).5s""","=""2[3/2]*""","=""1""",3,3,,"=""""","=""L914""",
"=""187.9240""","=""0.0003""","=""187.9248""","=""0.0018""","=""30bl*""","=""""",,"=""37.243343""","=""43.84089""","=""2s2.2p5.3p""","=""3P""","=""0""","=""2s2.2p5.(2P*<3/2>).4d""","=""2[3/2]*""","=""1""",1,3,,"=""""","=""L914""",
"=""188.0040""","=""0.0003""","=""""","=""""","=""25""","=""""",,"=""""","=""""","=""""","=""""","=""""","=""""","=""""","=""""",1,1,,"=""""","=""L914""",
"=""188.1090""","=""0.0003""","=""""","=""""","=""35""","=""""",,"=""""","=""""","=""""","=""""","=""""","=""""","=""""","=""""",1,1,,"=""""","=""L914""",
"=""188.1912""","=""0.0003""","=""188.1946""","=""0.0018""","=""160""","=""""",,"=""37.208144""","=""43.79623""","=""2s2.2p5.3p""","=""3P""","=""2""","=""2s2.2p5.(2P*<3/2>).4d""","=""2[7/2]*""","=""3""",5,7,,"=""""","=""L914""",
"=""188.3460""","=""0.0003""","=""188.3470""","=""0.0018""","=""20""","=""""",,"=""37.258133""","=""43.84089""","=""2s2.2p5.3p""","=""3P""","=""1""","=""2s2.2p5.(2P*<3/2>).4d""","=""2[3/2]*""","=""1""",3,3,,"=""""","=""L914""",
"=""188.3804""","=""0.0003""","=""188.3792""","=""0.0018""","=""20""","=""""",,"=""37.181047""","=""43.76268""","=""2s2.2p5.3p""","=""1P""","=""1""","=""2s2.2p5.(2P*<3/2>).4d""","=""2[1/2]*""","=""0""",3,1,,"=""""","=""L914""",
"=""188.5091""","=""0.0003""","=""188.5089""","=""0.0018""","=""50""","=""""",,"=""37.208144""","=""43.78524""","=""2s2.2p5.3p""","=""3P""","=""2""","=""2s2.2p5.(2P*<3/2>).4d""","=""2[3/2]*""","=""2""",5,5,,"=""""","=""L914""",
"=""188.5742""","=""0.0003""","=""188.5740""","=""0.0018""","=""45""","=""""",,"=""37.258133""","=""43.83296""","=""2s2.2p5.3p""","=""3P""","=""1""","=""2s2.2p5.(2P*<3/2>).5s""","=""2[3/2]*""","=""2""",3,5,,"=""""","=""L914""",
"=""188.9317""","=""0.0003""","=""188.9324""","=""0.0018""","=""30""","=""""",,"=""37.208144""","=""43.77050""","=""2s2.2p5.3p""","=""3P""","=""2""","=""2s2.2p5.(2P*<3/2>).4d""","=""2[1/2]*""","=""1""",5,3,,"=""""","=""L914""",
"=""189.9523""","=""0.0003""","=""189.9513""","=""0.0018""","=""30bl*""","=""""",,"=""37.243343""","=""43.77050""","=""2s2.2p5.3p""","=""3P""","=""0""","=""2s2.2p5.(2P*<3/2>).4d""","=""2[1/2]*""","=""1""",1,3,,"=""""","=""L914""",
"=""189.9523""","=""0.0003""","=""189.9527""","=""0.0018""","=""30bl*""","=""""",,"=""37.258133""","=""43.78524""","=""2s2.2p5.3p""","=""3P""","=""1""","=""2s2.2p5.(2P*<3/2>).4d""","=""2[3/2]*""","=""2""",3,5,,"=""""","=""L914""",
"=""190.3831""","=""0.0003""","=""190.3827""","=""0.0018""","=""15""","=""""",,"=""37.258133""","=""43.77050""","=""2s2.2p5.3p""","=""3P""","=""1""","=""2s2.2p5.(2P*<3/2>).4d""","=""2[1/2]*""","=""1""",3,3,,"=""""","=""L914""",
"=""190.6112""","=""0.0003""","=""190.6117""","=""0.0019""","=""15""","=""""",,"=""37.258133""","=""43.76268""","=""2s2.2p5.3p""","=""3P""","=""1""","=""2s2.2p5.(2P*<3/2>).4d""","=""2[1/2]*""","=""0""",3,1,,"=""""","=""L914""",
"=""194.6206""","=""0.0003""","=""""","=""""","=""35""","=""""",,"=""""","=""""","=""""","=""""","=""""","=""""","=""""","=""""",1,1,,"=""""","=""L914""",
"=""194.8531""","=""0.0003""","=""""","=""""","=""7""","=""""",,"=""""","=""""","=""""","=""""","=""""","=""""","=""""","=""""",1,1,,"=""""","=""L914""",
"=""196.7634""","=""0.0003""","=""""","=""""","=""90""","=""""",,"=""""","=""""","=""""","=""""","=""""","=""""","=""""","=""""",1,1,,"=""""","=""L914""",
"=""199.1001""","=""0.0003""","=""""","=""""","=""60""","=""""",,"=""""","=""""","=""""","=""""","=""""","=""""","=""""","=""""",1,1,,"=""""","=""L914""",
"=""199.1718""","=""0.0003""","=""""","=""""","=""20""","=""""",,"=""""","=""""","=""""","=""""","=""""","=""""","=""""","=""""",1,1,,"=""""","=""L914""",
"=""200.0455""","=""0.0003""","=""""","=""""","=""30""","=""""",,"=""""","=""""","=""""","=""""","=""""","=""""","=""""","=""""",1,1,,"=""""","=""L914""",
"=""201.0217""","=""0.0003""","=""""","=""""","=""7""","=""""",,"=""""","=""""","=""""","=""""","=""""","=""""","=""""","=""""",1,1,,"=""""","=""L914""",
"=""201.0743""","=""0.0003""","=""""","=""""","=""10""","=""""",,"=""""","=""""","=""""","=""""","=""""","=""""","=""""","=""""",1,1,,"=""""","=""L914""",
"=""201.7788""","=""0.0003""","=""""","=""""","=""160""","=""""",,"=""""","=""""","=""""","=""""","=""""","=""""","=""""","=""""",1,1,,"=""""","=""L914""",
"=""201.9060""","=""0.0003""","=""""","=""""","=""40""","=""""",,"=""""","=""""","=""""","=""""","=""""","=""""","=""""","=""""",1,1,,"=""""","=""L914""",
"=""201.9870""","=""0.0003""","=""""","=""""","=""25""","=""""",,"=""""","=""""","=""""","=""""","=""""","=""""","=""""","=""""",1,1,,"=""""","=""L914""",
"=""205.1534""","=""0.0003""","=""""","=""""","=""80""","=""""",,"=""""","=""""","=""""","=""""","=""""","=""""","=""""","=""""",1,1,,"=""""","=""L914""",
"=""206.0276""","=""0.0003""","=""""","=""""","=""2""","=""""",,"=""""","=""""","=""""","=""""","=""""","=""""","=""""","=""""",1,1,,"=""""","=""L914""",
"=""207.7840""","=""0.0003""","=""""","=""""","=""20""","=""""",,"=""""","=""""","=""""","=""""","=""""","=""""","=""""","=""""",1,1,,"=""""","=""L914""",
"=""210.5183""","=""0.0003""","=""""","=""""","=""7""","=""""",,"=""""","=""""","=""""","=""""","=""""","=""""","=""""","=""""",1,1,,"=""""","=""L914""",
"=""211.0253""","=""0.0003""","=""""","=""""","=""7""","=""""",,"=""""","=""""","=""""","=""""","=""""","=""""","=""""","=""""",1,1,,"=""""","=""L914""",
"=""211.5220""","=""0.0003""","=""""","=""""","=""20""","=""""",,"=""""","=""""","=""""","=""""","=""""","=""""","=""""","=""""",1,1,,"=""""","=""L914""",
"=""211.6813""","=""0.0003""","=""""","=""""","=""60""","=""""",,"=""""","=""""","=""""","=""""","=""""","=""""","=""""","=""""",1,1,,"=""""","=""L914""",
"=""212.0098""","=""0.0003""","=""""","=""""","=""15""","=""""",,"=""""","=""""","=""""","=""""","=""""","=""""","=""""","=""""",1,1,,"=""""","=""L914""",
"=""212.8299""","=""0.0003""","=""""","=""""","=""35""","=""""",,"=""""","=""""","=""""","=""""","=""""","=""""","=""""","=""""",1,1,,"=""""","=""L914""",
"=""215.6452""","=""0.0003""","=""""","=""""","=""60""","=""""",,"=""""","=""""","=""""","=""""","=""""","=""""","=""""","=""""",1,1,,"=""""","=""L914""",
"=""216.7449""","=""0.0003""","=""216.7458""","=""0.0024""","=""50""","=""""",,"=""38.293859""","=""44.01412""","=""2s2.2p5.3p""","=""1S""","=""0""","=""2s2.2p5.(2P*<1/2>).5s""","=""2[1/2]*""","=""1""",1,3,,"=""""","=""L914""",
"=""217.3171""","=""0.0003""","=""217.3171""","=""0.0024""","=""0""","=""""",,"=""38.293859""","=""43.99908""","=""2s2.2p5.3p""","=""1S""","=""0""","=""2s2.2p5.(2P*<1/2>).4d""","=""2[3/2]*""","=""1""",1,3,,"=""""","=""L914""",
"=""221.3971""","=""0.0003""","=""""","=""""","=""5""","=""""",,"=""""","=""""","=""""","=""""","=""""","=""""","=""""","=""""",1,1,,"=""""","=""L914""",
"=""221.7250""","=""0.0003""","=""221.725""","=""0.003""","=""7""","=""""",,"=""41.012615""","=""46.60442""","=""2s2.2p5.(2P*<3/2>).3d""","=""2[3/2]*""","=""2""","=""2s2.2p5.(2P*<1/2>).8f""","=""2[5/2]""","=""2,3""",5,12,,"=""""","=""L914""",
"=""222.9222""","=""0.0003""","=""222.923""","=""0.003""","=""80""","=""""",,"=""38.293859""","=""43.85560""","=""2s2.2p5.3p""","=""1S""","=""0""","=""2s2.2p5.(2P*<3/2>).5s""","=""2[3/2]*""","=""1""",1,3,,"=""""","=""L914""",
"=""222.9849""","=""0.0003""","=""""","=""""","=""30""","=""""",,"=""""","=""""","=""""","=""""","=""""","=""""","=""""","=""""",1,1,,"=""""","=""L914""",
"=""223.2092""","=""0.0003""","=""""","=""""","=""15""","=""""",,"=""""","=""""","=""""","=""""","=""""","=""""","=""""","=""""",1,1,,"=""""","=""L914""",
"=""223.6243""","=""0.0003""","=""""","=""""","=""15""","=""""",,"=""""","=""""","=""""","=""""","=""""","=""""","=""""","=""""",1,1,,"=""""","=""L914""",
"=""224.8161""","=""0.0003""","=""""","=""""","=""25""","=""""",,"=""""","=""""","=""""","=""""","=""""","=""""","=""""","=""""",1,1,,"=""""","=""L914""",
"=""226.1195""","=""0.0003""","=""226.119""","=""0.003""","=""10*""","=""""",,"=""41.121292""","=""46.60442""","=""2s2.2p5.(2P*<3/2>).3d""","=""2[5/2]*""","=""2""","=""2s2.2p5.(2P*<1/2>).8f""","=""2[7/2]""","=""3,4""",5,16,,"=""""","=""L914""",
"=""226.1195""","=""0.0003""","=""226.119""","=""0.003""","=""10*""","=""""",,"=""41.121292""","=""46.60442""","=""2s2.2p5.(2P*<3/2>).3d""","=""2[5/2]*""","=""2""","=""2s2.2p5.(2P*<1/2>).8f""","=""2[5/2]""","=""2,3""",5,12,,"=""""","=""L914""",
"=""226.3365""","=""0.0003""","=""226.336""","=""0.003""","=""5*""","=""""",,"=""41.126538""","=""46.60442""","=""2s2.2p5.(2P*<3/2>).3d""","=""2[5/2]*""","=""3""","=""2s2.2p5.(2P*<1/2>).8f""","=""2[5/2]""","=""2,3""",7,12,,"=""""","=""L914""",
"=""226.3365""","=""0.0003""","=""226.336""","=""0.003""","=""5*""","=""""",,"=""41.126538""","=""46.60442""","=""2s2.2p5.(2P*<3/2>).3d""","=""2[5/2]*""","=""3""","=""2s2.2p5.(2P*<1/2>).8f""","=""2[7/2]""","=""3,4""",7,16,,"=""""","=""L914""",
"=""227.4511""","=""0.0003""","=""227.451""","=""0.003""","=""10""","=""""",,"=""40.982896""","=""46.43393""","=""2s2.2p5.(2P*<3/2>).3d""","=""2[1/2]*""","=""0""","=""2s2.2p5.(2P*<3/2>).8f""","=""2[3/2]""","=""1,2""",1,8,,"=""""","=""L914""",
"=""228.6969""","=""0.0003""","=""228.698""","=""0.003""","=""15""","=""""",,"=""41.012615""","=""46.43393""","=""2s2.2p5.(2P*<3/2>).3d""","=""2[3/2]*""","=""2""","=""2s2.2p5.(2P*<3/2>).8f""","=""2[3/2]""","=""1,2""",5,8,,"=""""","=""L914""",
"=""228.8528""","=""0.0003""","=""""","=""""","=""7""","=""""",,"=""""","=""""","=""""","=""""","=""""","=""""","=""""","=""""",1,1,,"=""""","=""L914""",
"=""229.1904""","=""0.0003""","=""""","=""""","=""2""","=""""",,"=""""","=""""","=""""","=""""","=""""","=""""","=""""","=""""",1,1,,"=""""","=""L914""",
"=""230.3632""","=""0.0003""","=""230.367""","=""0.003""","=""20""","=""""",,"=""41.054025""","=""46.43606""","=""2s2.2p5.(2P*<3/2>).3d""","=""2[7/2]*""","=""4""","=""2s2.2p5.(2P*<3/2>).8f""","=""2[7/2]""","=""3,4""",9,16,,"=""""","=""L914""",
"=""230.3972""","=""0.0003""","=""""","=""""","=""20""","=""""",,"=""""","=""""","=""""","=""""","=""""","=""""","=""""","=""""",1,1,,"=""""","=""L914""",
"=""230.4291""","=""0.0003""","=""230.429""","=""0.003""","=""80""","=""""",,"=""41.054025""","=""46.43460""","=""2s2.2p5.(2P*<3/2>).3d""","=""2[7/2]*""","=""4""","=""2s2.2p5.(2P*<3/2>).8f""","=""2[9/2]""","=""4,5""",9,20,,"=""""","=""L914""",
"=""230.7678""","=""0.0003""","=""230.768""","=""0.003""","=""60""","=""""",,"=""41.061918""","=""46.43460""","=""2s2.2p5.(2P*<3/2>).3d""","=""2[7/2]*""","=""3""","=""2s2.2p5.(2P*<3/2>).8f""","=""2[9/2]""","=""4,5""",7,20,,"=""""","=""L914""",
"=""231.6359""","=""0.0003""","=""231.6360""","=""0.0008""","=""300""","=""1.05e+07""",C+,"=""32.941315""","=""38.293859""","=""2s2.2p5.3s""","=""3P*""","=""1""","=""2s2.2p5.3p""","=""1S""","=""0""",3,1,,"=""c49,T6036""","=""L914""",
"=""231.9399""","=""0.0003""","=""""","=""""","=""7""","=""""",,"=""""","=""""","=""""","=""""","=""""","=""""","=""""","=""""",1,1,,"=""""","=""L914""",
"=""232.0843""","=""0.0003""","=""232.084""","=""0.003""","=""30bl*""","=""""",,"=""41.262215""","=""46.60442""","=""2s2.2p5.(2P*<1/2>).3d""","=""2[5/2]*""","=""2""","=""2s2.2p5.(2P*<1/2>).8f""","=""2[5/2]""","=""2,3""",5,12,,"=""""","=""L914""",
"=""232.0843""","=""0.0003""","=""232.084""","=""0.003""","=""30bl*""","=""""",,"=""41.262215""","=""46.60442""","=""2s2.2p5.(2P*<1/2>).3d""","=""2[5/2]*""","=""2""","=""2s2.2p5.(2P*<1/2>).8f""","=""2[7/2]""","=""3,4""",5,16,,"=""""","=""L914""",
"=""232.2977""","=""0.0003""","=""232.298""","=""0.003""","=""40bl*""","=""""",,"=""41.267140""","=""46.60442""","=""2s2.2p5.(2P*<1/2>).3d""","=""2[5/2]*""","=""3""","=""2s2.2p5.(2P*<1/2>).8f""","=""2[5/2]""","=""2,3""",7,12,,"=""""","=""L914""",
"=""232.2977""","=""0.0003""","=""232.298""","=""0.003""","=""40bl*""","=""""",,"=""41.267140""","=""46.60442""","=""2s2.2p5.(2P*<1/2>).3d""","=""2[5/2]*""","=""3""","=""2s2.2p5.(2P*<1/2>).8f""","=""2[7/2]""","=""3,4""",7,16,,"=""""","=""L914""",
"=""232.5641""","=""0.0003""","=""232.563""","=""0.003""","=""15""","=""""",,"=""41.012615""","=""46.34382""","=""2s2.2p5.(2P*<3/2>).3d""","=""2[3/2]*""","=""2""","=""2s2.2p5.(2P*<1/2>).7f""","=""2[5/2]""","=""2,3""",5,12,,"=""""","=""L914""",
"=""232.9520""","=""0.0003""","=""232.951""","=""0.003""","=""30""","=""""",,"=""41.282097""","=""46.60442""","=""2s2.2p5.(2P*<1/2>).3d""","=""2[3/2]*""","=""2""","=""2s2.2p5.(2P*<1/2>).8f""","=""2[5/2]""","=""2,3""",5,12,,"=""""","=""L914""",
"=""233.2159""","=""0.0003""","=""""","=""""","=""15""","=""""",,"=""""","=""""","=""""","=""""","=""""","=""""","=""""","=""""",1,1,,"=""""","=""L914""",
"=""233.2824""","=""0.0003""","=""233.282""","=""0.003""","=""30""","=""""",,"=""41.121292""","=""46.43606""","=""2s2.2p5.(2P*<3/2>).3d""","=""2[5/2]*""","=""2""","=""2s2.2p5.(2P*<3/2>).8f""","=""2[7/2]""","=""3,4""",5,16,,"=""""","=""L914""",
"=""233.5119""","=""0.0003""","=""233.513""","=""0.003""","=""40""","=""""",,"=""41.126538""","=""46.43606""","=""2s2.2p5.(2P*<3/2>).3d""","=""2[5/2]*""","=""3""","=""2s2.2p5.(2P*<3/2>).8f""","=""2[7/2]""","=""3,4""",7,16,,"=""""","=""L914""",
"=""233.8094""","=""0.0003""","=""233.810""","=""0.003""","=""15""","=""""",,"=""41.131145""","=""46.43393""","=""2s2.2p5.(2P*<3/2>).3d""","=""2[3/2]*""","=""1""","=""2s2.2p5.(2P*<3/2>).8f""","=""2[3/2]""","=""1,2""",3,8,,"=""""","=""L914""",
"=""234.0441""","=""0.0003""","=""234.044""","=""0.003""","=""20""","=""""",,"=""41.306940""","=""46.60442""","=""2s2.2p5.(2P*<1/2>).3d""","=""2[3/2]*""","=""1""","=""2s2.2p5.(2P*<1/2>).8f""","=""2[5/2]""","=""2,3""",3,12,,"=""""","=""L914""",
"=""235.6464""","=""0.0003""","=""""","=""""","=""15""","=""""",,"=""""","=""""","=""""","=""""","=""""","=""""","=""""","=""""",1,1,,"=""""","=""L914""",
"=""236.9234""","=""0.0003""","=""""","=""""","=""20""","=""""",,"=""""","=""""","=""""","=""""","=""""","=""""","=""""","=""""",1,1,,"=""""","=""L914""",
"=""237.3382""","=""0.0003""","=""""","=""""","=""20""","=""""",,"=""""","=""""","=""""","=""""","=""""","=""""","=""""","=""""",1,1,,"=""""","=""L914""",
"=""237.4054""","=""0.0003""","=""237.404""","=""0.003""","=""25""","=""""",,"=""41.121292""","=""46.34378""","=""2s2.2p5.(2P*<3/2>).3d""","=""2[5/2]*""","=""2""","=""2s2.2p5.(2P*<1/2>).7f""","=""2[7/2]""","=""3,4""",5,16,,"=""""","=""L914""",
"=""237.6456""","=""0.0003""","=""237.643""","=""0.003""","=""35""","=""""",,"=""41.126538""","=""46.34378""","=""2s2.2p5.(2P*<3/2>).3d""","=""2[5/2]*""","=""3""","=""2s2.2p5.(2P*<1/2>).7f""","=""2[7/2]""","=""3,4""",7,16,,"=""""","=""L914""",
"=""237.8765""","=""0.0003""","=""""","=""""","=""20""","=""""",,"=""""","=""""","=""""","=""""","=""""","=""""","=""""","=""""",1,1,,"=""""","=""L914""",
"=""237.9944""","=""0.0003""","=""""","=""""","=""20""","=""""",,"=""""","=""""","=""""","=""""","=""""","=""""","=""""","=""""",1,1,,"=""""","=""L914""",
"=""238.3018""","=""0.0003""","=""""","=""""","=""25""","=""""",,"=""""","=""""","=""""","=""""","=""""","=""""","=""""","=""""",1,1,,"=""""","=""L914""",
"=""238.4645""","=""0.0003""","=""""","=""""","=""25""","=""""",,"=""""","=""""","=""""","=""""","=""""","=""""","=""""","=""""",1,1,,"=""""","=""L914""",
"=""238.6336""","=""0.0003""","=""""","=""""","=""25""","=""""",,"=""""","=""""","=""""","=""""","=""""","=""""","=""""","=""""",1,1,,"=""""","=""L914""",
"=""238.7017""","=""0.0003""","=""""","=""""","=""35""","=""""",,"=""""","=""""","=""""","=""""","=""""","=""""","=""""","=""""",1,1,,"=""""","=""L914""",
"=""238.7750""","=""0.0003""","=""""","=""""","=""350""","=""""",,"=""""","=""""","=""""","=""""","=""""","=""""","=""""","=""""",1,1,,"=""""","=""L914""",
"=""238.8545""","=""0.0003""","=""""","=""""","=""35""","=""""",,"=""""","=""""","=""""","=""""","=""""","=""""","=""""","=""""",1,1,,"=""""","=""L914""",
"=""238.9017""","=""0.0003""","=""238.902""","=""0.003""","=""60""","=""""",,"=""40.982896""","=""46.17266""","=""2s2.2p5.(2P*<3/2>).3d""","=""2[1/2]*""","=""0""","=""2s2.2p5.(2P*<3/2>).7f""","=""2[3/2]""","=""1""",1,3,,"=""""","=""L914""",
"=""239.1180""","=""0.0003""","=""""","=""""","=""30""","=""""",,"=""""","=""""","=""""","=""""","=""""","=""""","=""""","=""""",1,1,,"=""""","=""L914""",
"=""239.3053""","=""0.0003""","=""""","=""""","=""35""","=""""",,"=""""","=""""","=""""","=""""","=""""","=""""","=""""","=""""",1,1,,"=""""","=""L914""",
"=""239.4004""","=""0.0003""","=""239.400""","=""0.003""","=""130bl*""","=""""",,"=""40.993732""","=""46.17269""","=""2s2.2p5.(2P*<3/2>).3d""","=""2[1/2]*""","=""1""","=""2s2.2p5.(2P*<3/2>).7f""","=""2[3/2]""","=""2""",3,5,,"=""""","=""L914""",
"=""239.4004""","=""0.0003""","=""239.401""","=""0.003""","=""130bl*""","=""""",,"=""40.993732""","=""46.17266""","=""2s2.2p5.(2P*<3/2>).3d""","=""2[1/2]*""","=""1""","=""2s2.2p5.(2P*<3/2>).7f""","=""2[3/2]""","=""1""",3,3,,"=""""","=""L914""",
"=""239.4341""","=""0.0003""","=""""","=""""","=""350""","=""""",,"=""""","=""""","=""""","=""""","=""""","=""""","=""""","=""""",1,1,,"=""""","=""L914""",
"=""239.6372""","=""0.0003""","=""239.636""","=""0.003""","=""30""","=""""",,"=""41.262215""","=""46.43606""","=""2s2.2p5.(2P*<1/2>).3d""","=""2[5/2]*""","=""2""","=""2s2.2p5.(2P*<3/2>).8f""","=""2[7/2]""","=""3,4""",5,16,,"=""""","=""L914""",
"=""239.7289""","=""0.0003""","=""""","=""""","=""30""","=""""",,"=""""","=""""","=""""","=""""","=""""","=""""","=""""","=""""",1,1,,"=""""","=""L914""",
"=""240.1745""","=""0.0003""","=""240.175""","=""0.003""","=""100""","=""""",,"=""41.012615""","=""46.17486""","=""2s2.2p5.(2P*<3/2>).3d""","=""2[3/2]*""","=""2""","=""2s2.2p5.(2P*<3/2>).7f""","=""2[5/2]""","=""2,3""",5,12,,"=""""","=""L914""",
"=""240.2750""","=""0.0003""","=""240.276""","=""0.003""","=""45""","=""""",,"=""41.012615""","=""46.17269""","=""2s2.2p5.(2P*<3/2>).3d""","=""2[3/2]*""","=""2""","=""2s2.2p5.(2P*<3/2>).7f""","=""2[3/2]""","=""2""",5,5,,"=""""","=""L914""",
"=""240.4030""","=""0.0003""","=""""","=""""","=""30""","=""""",,"=""""","=""""","=""""","=""""","=""""","=""""","=""""","=""""",1,1,,"=""""","=""L914""",
"=""240.6670""","=""0.0003""","=""""","=""""","=""30""","=""""",,"=""""","=""""","=""""","=""""","=""""","=""""","=""""","=""""",1,1,,"=""""","=""L914""",
"=""240.9831""","=""0.0003""","=""""","=""""","=""30""","=""""",,"=""""","=""""","=""""","=""""","=""""","=""""","=""""","=""""",1,1,,"=""""","=""L914""",
"=""241.1282""","=""0.0003""","=""""","=""""","=""30""","=""""",,"=""""","=""""","=""""","=""""","=""""","=""""","=""""","=""""",1,1,,"=""""","=""L914""",
"=""241.3277""","=""0.0003""","=""""","=""""","=""30""","=""""",,"=""""","=""""","=""""","=""""","=""""","=""""","=""""","=""""",1,1,,"=""""","=""L914""",
"=""241.7856""","=""0.0003""","=""""","=""""","=""30""","=""""",,"=""""","=""""","=""""","=""""","=""""","=""""","=""""","=""""",1,1,,"=""""","=""L914""",
"=""242.0700""","=""0.0003""","=""242.071""","=""0.003""","=""70""","=""""",,"=""41.054025""","=""46.17584""","=""2s2.2p5.(2P*<3/2>).3d""","=""2[7/2]*""","=""4""","=""2s2.2p5.(2P*<3/2>).7f""","=""2[7/2]""","=""3,4""",9,16,,"=""""","=""L914""",
"=""242.1726""","=""0.0003""","=""242.173""","=""0.003""","=""300""","=""""",,"=""41.054025""","=""46.17369""","=""2s2.2p5.(2P*<3/2>).3d""","=""2[7/2]*""","=""4""","=""2s2.2p5.(2P*<3/2>).7f""","=""2[9/2]""","=""4,5""",9,20,,"=""""","=""L914""",
"=""242.2807""","=""0.0003""","=""""","=""""","=""35""","=""""",,"=""""","=""""","=""""","=""""","=""""","=""""","=""""","=""""",1,1,,"=""""","=""L914""",
"=""242.4460""","=""0.0003""","=""242.444""","=""0.003""","=""60""","=""""",,"=""41.061918""","=""46.17584""","=""2s2.2p5.(2P*<3/2>).3d""","=""2[7/2]*""","=""3""","=""2s2.2p5.(2P*<3/2>).7f""","=""2[7/2]""","=""3,4""",7,16,,"=""""","=""L914""",
"=""242.5465""","=""0.0003""","=""242.547""","=""0.003""","=""300""","=""""",,"=""41.061918""","=""46.17369""","=""2s2.2p5.(2P*<3/2>).3d""","=""2[7/2]*""","=""3""","=""2s2.2p5.(2P*<3/2>).7f""","=""2[9/2]""","=""4,5""",7,20,,"=""""","=""L914""",
"=""242.8174""","=""0.0003""","=""""","=""""","=""35""","=""""",,"=""""","=""""","=""""","=""""","=""""","=""""","=""""","=""""",1,1,,"=""""","=""L914""",
"=""242.8705""","=""0.0003""","=""""","=""""","=""35""","=""""",,"=""""","=""""","=""""","=""""","=""""","=""""","=""""","=""""",1,1,,"=""""","=""L914""",
"=""243.0059""","=""0.0003""","=""""","=""""","=""35""","=""""",,"=""""","=""""","=""""","=""""","=""""","=""""","=""""","=""""",1,1,,"=""""","=""L914""",
"=""243.4578""","=""0.0003""","=""""","=""""","=""35""","=""""",,"=""""","=""""","=""""","=""""","=""""","=""""","=""""","=""""",1,1,,"=""""","=""L914""",
"=""243.5280""","=""0.0003""","=""""","=""""","=""35""","=""""",,"=""""","=""""","=""""","=""""","=""""","=""""","=""""","=""""",1,1,,"=""""","=""L914""",
"=""243.7851""","=""0.0003""","=""""","=""""","=""35""","=""""",,"=""""","=""""","=""""","=""""","=""""","=""""","=""""","=""""",1,1,,"=""""","=""L914""",
"=""243.9884""","=""0.0003""","=""243.988""","=""0.003""","=""200""","=""""",,"=""41.262215""","=""46.34378""","=""2s2.2p5.(2P*<1/2>).3d""","=""2[5/2]*""","=""2""","=""2s2.2p5.(2P*<1/2>).7f""","=""2[7/2]""","=""3,4""",5,16,,"=""""","=""L914""",
"=""244.2235""","=""0.0003""","=""244.225""","=""0.003""","=""250""","=""""",,"=""41.267140""","=""46.34378""","=""2s2.2p5.(2P*<1/2>).3d""","=""2[5/2]*""","=""3""","=""2s2.2p5.(2P*<1/2>).7f""","=""2[7/2]""","=""3,4""",7,16,,"=""""","=""L914""",
"=""244.3253""","=""0.0003""","=""""","=""""","=""80""","=""""",,"=""""","=""""","=""""","=""""","=""""","=""""","=""""","=""""",1,1,,"=""""","=""L914""",
"=""244.4282""","=""0.0003""","=""""","=""""","=""45""","=""""",,"=""""","=""""","=""""","=""""","=""""","=""""","=""""","=""""",1,1,,"=""""","=""L914""",
"=""244.5180""","=""0.0003""","=""""","=""""","=""35""","=""""",,"=""""","=""""","=""""","=""""","=""""","=""""","=""""","=""""",1,1,,"=""""","=""L914""",
"=""244.6520""","=""0.0003""","=""""","=""""","=""40""","=""""",,"=""""","=""""","=""""","=""""","=""""","=""""","=""""","=""""",1,1,,"=""""","=""L914""",
"=""244.6941""","=""0.0003""","=""""","=""""","=""40""","=""""",,"=""""","=""""","=""""","=""""","=""""","=""""","=""""","=""""",1,1,,"=""""","=""L914""",
"=""244.7936""","=""0.0003""","=""""","=""""","=""35""","=""""",,"=""""","=""""","=""""","=""""","=""""","=""""","=""""","=""""",1,1,,"=""""","=""L914""",
"=""244.9457""","=""0.0003""","=""244.945""","=""0.003""","=""200""","=""""",,"=""41.282097""","=""46.34382""","=""2s2.2p5.(2P*<1/2>).3d""","=""2[3/2]*""","=""2""","=""2s2.2p5.(2P*<1/2>).7f""","=""2[5/2]""","=""2,3""",5,12,,"=""""","=""L914""",
"=""245.0515""","=""0.0003""","=""""","=""""","=""40""","=""""",,"=""""","=""""","=""""","=""""","=""""","=""""","=""""","=""""",1,1,,"=""""","=""L914""",
"=""245.2923""","=""0.0003""","=""245.292""","=""0.003""","=""200""","=""""",,"=""41.121292""","=""46.17584""","=""2s2.2p5.(2P*<3/2>).3d""","=""2[5/2]*""","=""2""","=""2s2.2p5.(2P*<3/2>).7f""","=""2[7/2]""","=""3,4""",5,16,,"=""""","=""L914""",
"=""245.3400""","=""0.0003""","=""245.340""","=""0.003""","=""100""","=""""",,"=""41.121292""","=""46.17486""","=""2s2.2p5.(2P*<3/2>).3d""","=""2[5/2]*""","=""2""","=""2s2.2p5.(2P*<3/2>).7f""","=""2[5/2]""","=""2,3""",5,12,,"=""""","=""L914""",
"=""245.4461""","=""0.0003""","=""245.447""","=""0.003""","=""15""","=""""",,"=""41.121292""","=""46.17266""","=""2s2.2p5.(2P*<3/2>).3d""","=""2[5/2]*""","=""2""","=""2s2.2p5.(2P*<3/2>).7f""","=""2[3/2]""","=""1""",5,3,,"=""""","=""L914""",
"=""245.5371""","=""0.0003""","=""245.547""","=""0.003""","=""60""","=""""",,"=""41.126538""","=""46.17584""","=""2s2.2p5.(2P*<3/2>).3d""","=""2[5/2]*""","=""3""","=""2s2.2p5.(2P*<3/2>).7f""","=""2[7/2]""","=""3,4""",7,16,,"=""""","=""L914""",
"=""245.8221""","=""0.0003""","=""""","=""""","=""20""","=""""",,"=""""","=""""","=""""","=""""","=""""","=""""","=""""","=""""",1,1,,"=""""","=""L914""",
"=""246.1521""","=""0.0003""","=""246.153""","=""0.003""","=""40""","=""""",,"=""41.306940""","=""46.34382""","=""2s2.2p5.(2P*<1/2>).3d""","=""2[3/2]*""","=""1""","=""2s2.2p5.(2P*<1/2>).7f""","=""2[5/2]""","=""2,3""",3,12,,"=""""","=""L914""",
"=""246.7114""","=""0.0003""","=""""","=""""","=""20""","=""""",,"=""""","=""""","=""""","=""""","=""""","=""""","=""""","=""""",1,1,,"=""""","=""L914""",
"=""249.3901""","=""0.0003""","=""249.3900""","=""0.0009""","=""1000""","=""4.15e+08""",A,"=""33.322360""","=""38.293859""","=""2s2.2p5.3s""","=""1P*""","=""1""","=""2s2.2p5.3p""","=""1S""","=""0""",3,1,,"=""c49,T6036""","=""L914""",
"=""249.5413""","=""0.0003""","=""""","=""""","=""130""","=""""",,"=""""","=""""","=""""","=""""","=""""","=""""","=""""","=""""",1,1,,"=""""","=""L914""",
"=""249.859""","=""0.010""","=""""","=""""","=""130""","=""""",,"=""""","=""""","=""""","=""""","=""""","=""""","=""""","=""""",1,1,,"=""""","=""L914""",
"=""249.8877""","=""0.0003""","=""""","=""""","=""70""","=""""",,"=""""","=""""","=""""","=""""","=""""","=""""","=""""","=""""",1,1,,"=""""","=""L914""",
"=""250.3593""","=""0.0003""","=""250.3592""","=""0.0009""","=""300""","=""1.2e+07""",E,"=""36.354688""","=""41.306940""","=""2s2.2p5.3p""","=""3S""","=""1""","=""2s2.2p5.(2P*<1/2>).3d""","=""2[3/2]*""","=""1""",3,3,,"=""T6036c80""","=""L914""",
"=""250.5040""","=""0.0003""","=""""","=""""","=""25""","=""""",,"=""""","=""""","=""""","=""""","=""""","=""""","=""""","=""""",1,1,,"=""""","=""L914""",
"=""250.5546""","=""0.0003""","=""250.5528""","=""0.0009""","=""25""","=""""",,"=""40.993732""","=""45.942159?""","=""2s2.2p5.(2P*<3/2>).3d""","=""2[1/2]*""","=""1""","=""2s2.2p5.(2P*<1/2>).6f""","=""2[5/2]""","=""2""",3,5,,"=""""","=""L914""",
"=""250.7056""","=""0.0003""","=""250.7057""","=""0.0009""","=""450""","=""2.7e+07""",C+,"=""36.354688""","=""41.300096""","=""2s2.2p5.3p""","=""3S""","=""1""","=""2s2.2p5.(2P*<1/2>).4s""","=""2[1/2]*""","=""1""",3,3,,"=""T7663""","=""L914""",
"=""251.5169""","=""0.0003""","=""251.5153""","=""0.0009""","=""45""","=""""",,"=""41.012615""","=""45.942104?""","=""2s2.2p5.(2P*<3/2>).3d""","=""2[3/2]*""","=""2""","=""2s2.2p5.(2P*<1/2>).6f""","=""2[5/2]""","=""3""",5,7,,"=""""","=""L914""",
"=""251.6212""","=""0.0003""","=""251.6214""","=""0.0009""","=""600""","=""2.25e+07""",C+,"=""36.354688""","=""41.282097""","=""2s2.2p5.3p""","=""3S""","=""1""","=""2s2.2p5.(2P*<1/2>).3d""","=""2[3/2]*""","=""2""",3,5,,"=""T6036""","=""L914""",
"=""252.6407""","=""0.0003""","=""252.6409""","=""0.0009""","=""50""","=""2.78e+05""",D,"=""36.354688""","=""41.262215""","=""2s2.2p5.3p""","=""3S""","=""1""","=""2s2.2p5.(2P*<1/2>).3d""","=""2[5/2]*""","=""2""",3,5,,"=""T7663""","=""L914""",
"=""252.8465""","=""0.0003""","=""""","=""""","=""40""","=""""",,"=""""","=""""","=""""","=""""","=""""","=""""","=""""","=""""",1,1,,"=""""","=""L914""",
"=""253.2299""","=""0.0003""","=""253.2301""","=""0.0009""","=""600""","=""8.44e+07""",C+,"=""36.354688""","=""41.250796""","=""2s2.2p5.3p""","=""3S""","=""1""","=""2s2.2p5.(2P*<1/2>).4s""","=""2[1/2]*""","=""0""",3,1,,"=""T7663""","=""L914""",
"=""254.5859""","=""0.0003""","=""""","=""""","=""25""","=""""",,"=""""","=""""","=""""","=""""","=""""","=""""","=""""","=""""",1,1,,"=""""","=""L914""",
"=""254.7043""","=""0.0003""","=""""","=""""","=""35""","=""""",,"=""""","=""""","=""""","=""""","=""""","=""""","=""""","=""""",1,1,,"=""""","=""L914""",
"=""254.7704""","=""0.0003""","=""""","=""""","=""20""","=""""",,"=""""","=""""","=""""","=""""","=""""","=""""","=""""","=""""",1,1,,"=""""","=""L914""",
"=""255.8789""","=""0.0003""","=""""","=""""","=""15""","=""""",,"=""""","=""""","=""""","=""""","=""""","=""""","=""""","=""""",1,1,,"=""""","=""L914""",
"=""256.0739""","=""0.0003""","=""256.0718""","=""0.0009""","=""10""","=""""",,"=""41.100329""","=""45.942104?""","=""2s2.2p5.(2P*<3/2>).4s""","=""2[3/2]*""","=""2""","=""2s2.2p5.(2P*<1/2>).6f""","=""2[5/2]""","=""3""",5,7,,"=""""","=""L914""",
"=""256.6245""","=""0.0003""","=""""","=""""","=""15""","=""""",,"=""""","=""""","=""""","=""""","=""""","=""""","=""""","=""""",1,1,,"=""""","=""L914""",
"=""256.8874""","=""0.0003""","=""""","=""""","=""12""","=""""",,"=""""","=""""","=""""","=""""","=""""","=""""","=""""","=""""",1,1,,"=""""","=""L914""",
"=""257.1873""","=""0.0003""","=""257.187""","=""0.003""","=""30""","=""""",,"=""41.121292""","=""45.94207""","=""2s2.2p5.(2P*<3/2>).3d""","=""2[5/2]*""","=""2""","=""2s2.2p5.(2P*<1/2>).6f""","=""2[7/2]""","=""3,4""",5,16,,"=""""","=""L914""",
"=""257.4681""","=""0.0003""","=""257.467""","=""0.003""","=""35""","=""""",,"=""41.126538""","=""45.94207""","=""2s2.2p5.(2P*<3/2>).3d""","=""2[5/2]*""","=""3""","=""2s2.2p5.(2P*<1/2>).6f""","=""2[7/2]""","=""3,4""",7,16,,"=""""","=""L914""",
"=""257.6474""","=""0.0003""","=""""","=""""","=""15""","=""""",,"=""""","=""""","=""""","=""""","=""""","=""""","=""""","=""""",1,1,,"=""""","=""L914""",
"=""257.8417""","=""0.0003""","=""""","=""""","=""15""","=""""",,"=""""","=""""","=""""","=""""","=""""","=""""","=""""","=""""",1,1,,"=""""","=""L914""",
"=""258.7082""","=""0.0003""","=""258.7081""","=""0.0009""","=""550""","=""5.80e+07""",C,"=""36.354688""","=""41.147123""","=""2s2.2p5.3p""","=""3S""","=""1""","=""2s2.2p5.(2P*<3/2>).4s""","=""2[3/2]*""","=""1""",3,3,,"=""T7663c79""","=""L914""",
"=""259.0044""","=""0.0003""","=""259.0046""","=""0.0009""","=""60""","=""""",,"=""40.982896""","=""45.769847""","=""2s2.2p5.(2P*<3/2>).3d""","=""2[1/2]*""","=""0""","=""2s2.2p5.(2P*<3/2>).6f""","=""2[3/2]""","=""1""",1,3,,"=""""","=""L914""",
"=""259.4045""","=""0.0003""","=""259.4035""","=""0.0010""","=""40""","=""""",,"=""40.993732""","=""45.773321""","=""2s2.2p5.(2P*<3/2>).3d""","=""2[1/2]*""","=""1""","=""2s2.2p5.(2P*<3/2>).6f""","=""2[5/2]""","=""2""",3,5,,"=""""","=""L914""",
"=""259.5734""","=""0.0003""","=""259.5735""","=""0.0010""","=""600""","=""3.71e+07""",B,"=""36.354688""","=""41.131145""","=""2s2.2p5.3p""","=""3S""","=""1""","=""2s2.2p5.(2P*<3/2>).3d""","=""2[3/2]*""","=""1""",3,3,,"=""T7663""","=""L914""",
"=""260.1102""","=""0.0003""","=""260.1101""","=""0.0010""","=""45""","=""4.9e+05""",E,"=""36.354688""","=""41.121292""","=""2s2.2p5.3p""","=""3S""","=""1""","=""2s2.2p5.(2P*<3/2>).3d""","=""2[5/2]*""","=""2""",3,5,,"=""T6036c79""","=""L914""",
"=""260.3752""","=""0.0003""","=""""","=""""","=""25""","=""""",,"=""""","=""""","=""""","=""""","=""""","=""""","=""""","=""""",1,1,,"=""""","=""L914""",
"=""260.4341""","=""0.0003""","=""260.4340""","=""0.0010""","=""130""","=""""",,"=""41.012615""","=""45.773292""","=""2s2.2p5.(2P*<3/2>).3d""","=""2[3/2]*""","=""2""","=""2s2.2p5.(2P*<3/2>).6f""","=""2[5/2]""","=""3""",5,7,,"=""""","=""L914""",
"=""260.6166""","=""0.0003""","=""260.6175""","=""0.0010""","=""45""","=""""",,"=""41.012615""","=""45.769940""","=""2s2.2p5.(2P*<3/2>).3d""","=""2[3/2]*""","=""2""","=""2s2.2p5.(2P*<3/2>).6f""","=""2[3/2]""","=""2""",5,5,,"=""""","=""L914""",
"=""260.8172""","=""0.0003""","=""""","=""""","=""80""","=""""",,"=""""","=""""","=""""","=""""","=""""","=""""","=""""","=""""",1,1,,"=""""","=""L914""",
"=""260.9635""","=""0.0003""","=""""","=""""","=""30""","=""""",,"=""""","=""""","=""""","=""""","=""""","=""""","=""""","=""""",1,1,,"=""""","=""L914""",
"=""261.2592""","=""0.0003""","=""261.2591""","=""0.0010""","=""850""","=""2.2e+08""",E,"=""36.354688""","=""41.100329""","=""2s2.2p5.3p""","=""3S""","=""1""","=""2s2.2p5.(2P*<3/2>).4s""","=""2[3/2]*""","=""2""",3,5,,"=""T7663c78""","=""L914""",
"=""261.4266""","=""0.0003""","=""""","=""""","=""60""","=""""",,"=""""","=""""","=""""","=""""","=""""","=""""","=""""","=""""",1,1,,"=""""","=""L914""",
"=""261.7614""","=""0.0003""","=""""","=""""","=""25""","=""""",,"=""""","=""""","=""""","=""""","=""""","=""""","=""""","=""""",1,1,,"=""""","=""L914""",
"=""262.6298""","=""0.0003""","=""262.629""","=""0.004""","=""60""","=""""",,"=""41.054025""","=""45.77492""","=""2s2.2p5.(2P*<3/2>).3d""","=""2[7/2]*""","=""4""","=""2s2.2p5.(2P*<3/2>).6f""","=""2[7/2]""","=""3,4""",9,16,,"=""""","=""L914""",
"=""262.7151""","=""0.0003""","=""262.7192""","=""0.0010""","=""40""","=""""",,"=""41.054025""","=""45.773292""","=""2s2.2p5.(2P*<3/2>).3d""","=""2[7/2]*""","=""4""","=""2s2.2p5.(2P*<3/2>).6f""","=""2[5/2]""","=""3""",9,7,,"=""""","=""L914""",
"=""262.8198""","=""0.0003""","=""262.8198""","=""0.0010""","=""300""","=""""",,"=""41.054025""","=""45.771486""","=""2s2.2p5.(2P*<3/2>).3d""","=""2[7/2]*""","=""4""","=""2s2.2p5.(2P*<3/2>).6f""","=""2[9/2]""","=""5""",9,11,,"=""""","=""L914""",
"=""263.0693""","=""0.0003""","=""263.069""","=""0.004""","=""60""","=""""",,"=""41.061918""","=""45.77492""","=""2s2.2p5.(2P*<3/2>).3d""","=""2[7/2]*""","=""3""","=""2s2.2p5.(2P*<3/2>).6f""","=""2[7/2]""","=""3,4""",7,16,,"=""""","=""L914""",
"=""263.1550""","=""0.0003""","=""263.1577""","=""0.0010""","=""35*""","=""""",,"=""41.061918""","=""45.773321""","=""2s2.2p5.(2P*<3/2>).3d""","=""2[7/2]*""","=""3""","=""2s2.2p5.(2P*<3/2>).6f""","=""2[5/2]""","=""2""",7,5,,"=""""","=""L914""",
"=""263.1550""","=""0.0003""","=""263.1593""","=""0.0010""","=""35*""","=""""",,"=""41.061918""","=""45.773292""","=""2s2.2p5.(2P*<3/2>).3d""","=""2[7/2]*""","=""3""","=""2s2.2p5.(2P*<3/2>).6f""","=""2[5/2]""","=""3""",7,7,,"=""""","=""L914""",
"=""263.2597""","=""0.0003""","=""263.2597""","=""0.0010""","=""300""","=""""",,"=""41.061918""","=""45.771496""","=""2s2.2p5.(2P*<3/2>).3d""","=""2[7/2]*""","=""3""","=""2s2.2p5.(2P*<3/2>).6f""","=""2[9/2]""","=""4""",7,9,,"=""""","=""L914""",
"=""263.6913""","=""0.0003""","=""""","=""""","=""35""","=""""",,"=""""","=""""","=""""","=""""","=""""","=""""","=""""","=""""",1,1,,"=""""","=""L914""",
"=""263.8291""","=""0.0003""","=""""","=""""","=""90""","=""""",,"=""""","=""""","=""""","=""""","=""""","=""""","=""""","=""""",1,1,,"=""""","=""L914""",
"=""264.8573""","=""0.0003""","=""""","=""""","=""30""","=""""",,"=""""","=""""","=""""","=""""","=""""","=""""","=""""","=""""",1,1,,"=""""","=""L914""",
"=""264.9321""","=""0.0003""","=""264.932""","=""0.004""","=""160""","=""""",,"=""41.262215""","=""45.94207""","=""2s2.2p5.(2P*<1/2>).3d""","=""2[5/2]*""","=""2""","=""2s2.2p5.(2P*<1/2>).6f""","=""2[7/2]""","=""3,4""",5,16,,"=""""","=""L914""",
"=""265.1323""","=""0.0003""","=""""","=""""","=""35""","=""""",,"=""""","=""""","=""""","=""""","=""""","=""""","=""""","=""""",1,1,,"=""""","=""L914""",
"=""265.2102""","=""0.0003""","=""265.211""","=""0.004""","=""200""","=""""",,"=""41.267140""","=""45.94207""","=""2s2.2p5.(2P*<1/2>).3d""","=""2[5/2]*""","=""3""","=""2s2.2p5.(2P*<1/2>).6f""","=""2[7/2]""","=""3,4""",7,16,,"=""""","=""L914""",
"=""265.3220""","=""0.0003""","=""265.3224""","=""0.0010""","=""80""","=""""",,"=""41.100329""","=""45.773292""","=""2s2.2p5.(2P*<3/2>).4s""","=""2[3/2]*""","=""2""","=""2s2.2p5.(2P*<3/2>).6f""","=""2[5/2]""","=""3""",5,7,,"=""""","=""L914""",
"=""265.5121""","=""0.0003""","=""265.5129""","=""0.0010""","=""50""","=""""",,"=""41.100329""","=""45.769940""","=""2s2.2p5.(2P*<3/2>).4s""","=""2[3/2]*""","=""2""","=""2s2.2p5.(2P*<3/2>).6f""","=""2[3/2]""","=""2""",5,5,,"=""""","=""L914""",
"=""265.9820""","=""0.0003""","=""""","=""""","=""60""","=""""",,"=""""","=""""","=""""","=""""","=""""","=""""","=""""","=""""",1,1,,"=""""","=""L914""",
"=""266.0601""","=""0.0003""","=""266.0601""","=""0.0010""","=""200""","=""""",,"=""41.282097""","=""45.942104?""","=""2s2.2p5.(2P*<1/2>).3d""","=""2[3/2]*""","=""2""","=""2s2.2p5.(2P*<1/2>).6f""","=""2[5/2]""","=""3""",5,7,,"=""""","=""L914""",
"=""266.1789""","=""0.0003""","=""266.1789""","=""0.0010""","=""850""","=""1.65e+08""",B+,"=""36.354688""","=""41.012615""","=""2s2.2p5.3p""","=""3S""","=""1""","=""2s2.2p5.(2P*<3/2>).3d""","=""2[3/2]*""","=""2""",3,5,,"=""T6036""","=""L914""",
"=""266.3186""","=""0.0003""","=""""","=""""","=""70""","=""""",,"=""""","=""""","=""""","=""""","=""""","=""""","=""""","=""""",1,1,,"=""""","=""L914""",
"=""266.4252""","=""0.0003""","=""266.425""","=""0.004""","=""200""","=""""",,"=""41.121292""","=""45.77492""","=""2s2.2p5.(2P*<3/2>).3d""","=""2[5/2]*""","=""2""","=""2s2.2p5.(2P*<3/2>).6f""","=""2[7/2]""","=""3,4""",5,16,,"=""""","=""L914""",
"=""266.5150""","=""0.0003""","=""266.5164""","=""0.0010""","=""80*""","=""""",,"=""41.121292""","=""45.773321""","=""2s2.2p5.(2P*<3/2>).3d""","=""2[5/2]*""","=""2""","=""2s2.2p5.(2P*<3/2>).6f""","=""2[5/2]""","=""2""",5,5,,"=""""","=""L914""",
"=""266.5150""","=""0.0003""","=""266.5181""","=""0.0010""","=""80*""","=""""",,"=""41.121292""","=""45.773292""","=""2s2.2p5.(2P*<3/2>).3d""","=""2[5/2]*""","=""2""","=""2s2.2p5.(2P*<3/2>).6f""","=""2[5/2]""","=""3""",5,7,,"=""""","=""L914""",
"=""266.7251""","=""0.0003""","=""266.726""","=""0.004""","=""350""","=""""",,"=""41.126538""","=""45.77492""","=""2s2.2p5.(2P*<3/2>).3d""","=""2[5/2]*""","=""3""","=""2s2.2p5.(2P*<3/2>).6f""","=""2[7/2]""","=""3,4""",7,16,,"=""""","=""L914""",
"=""266.8188""","=""0.0003""","=""266.8189""","=""0.0010""","=""90""","=""""",,"=""41.126538""","=""45.773292""","=""2s2.2p5.(2P*<3/2>).3d""","=""2[5/2]*""","=""3""","=""2s2.2p5.(2P*<3/2>).6f""","=""2[5/2]""","=""3""",7,7,,"=""""","=""L914""",
"=""267.0166""","=""0.0003""","=""267.0116""","=""0.0010""","=""60""","=""""",,"=""41.126538""","=""45.769940""","=""2s2.2p5.(2P*<3/2>).3d""","=""2[5/2]*""","=""3""","=""2s2.2p5.(2P*<3/2>).6f""","=""2[3/2]""","=""2""",7,5,,"=""""","=""L914""",
"=""267.0821""","=""0.0003""","=""267.0821""","=""0.0010""","=""100""","=""""",,"=""41.131145""","=""45.773321""","=""2s2.2p5.(2P*<3/2>).3d""","=""2[3/2]*""","=""1""","=""2s2.2p5.(2P*<3/2>).6f""","=""2[5/2]""","=""2""",3,5,,"=""""","=""L914""",
"=""267.1200""","=""0.0003""","=""""","=""""","=""130""","=""""",,"=""""","=""""","=""""","=""""","=""""","=""""","=""""","=""""",1,1,,"=""""","=""L914""",
"=""267.2620""","=""0.0003""","=""267.2623""","=""0.0010""","=""1000""","=""2.64e+08""",B+,"=""36.354688""","=""40.993732""","=""2s2.2p5.3p""","=""3S""","=""1""","=""2s2.2p5.(2P*<3/2>).3d""","=""2[1/2]*""","=""1""",3,3,,"=""T6036""","=""L914""",
"=""267.2821""","=""0.0003""","=""267.2821""","=""0.0010""","=""60""","=""""",,"=""41.131145""","=""45.769847""","=""2s2.2p5.(2P*<3/2>).3d""","=""2[3/2]*""","=""1""","=""2s2.2p5.(2P*<3/2>).6f""","=""2[3/2]""","=""1""",3,3,,"=""""","=""L914""",
"=""267.4830""","=""0.0003""","=""267.4830""","=""0.0010""","=""200""","=""""",,"=""41.306940""","=""45.942159?""","=""2s2.2p5.(2P*<1/2>).3d""","=""2[3/2]*""","=""1""","=""2s2.2p5.(2P*<1/2>).6f""","=""2[5/2]""","=""2""",3,5,,"=""""","=""L914""",
"=""267.6061""","=""0.0003""","=""""","=""""","=""50""","=""""",,"=""""","=""""","=""""","=""""","=""""","=""""","=""""","=""""",1,1,,"=""""","=""L914""",
"=""267.6736""","=""0.0003""","=""""","=""""","=""60""","=""""",,"=""""","=""""","=""""","=""""","=""""","=""""","=""""","=""""",1,1,,"=""""","=""L914""",
"=""267.8881""","=""0.0003""","=""267.8881""","=""0.0010""","=""850""","=""3.01e+08""",B,"=""36.354688""","=""40.982896""","=""2s2.2p5.3p""","=""3S""","=""1""","=""2s2.2p5.(2P*<3/2>).3d""","=""2[1/2]*""","=""0""",3,1,,"=""T6036""","=""L914""",
"=""268.0048""","=""0.0003""","=""268.0045""","=""0.0010""","=""150""","=""""",,"=""41.147123""","=""45.773321""","=""2s2.2p5.(2P*<3/2>).4s""","=""2[3/2]*""","=""1""","=""2s2.2p5.(2P*<3/2>).6f""","=""2[5/2]""","=""2""",3,5,,"=""""","=""L914""",
"=""268.2991""","=""0.0003""","=""""","=""""","=""45""","=""""",,"=""""","=""""","=""""","=""""","=""""","=""""","=""""","=""""",1,1,,"=""""","=""L914""",
"=""268.4419""","=""0.0003""","=""""","=""""","=""25""","=""""",,"=""""","=""""","=""""","=""""","=""""","=""""","=""""","=""""",1,1,,"=""""","=""L914""",
"=""268.5880""","=""0.0003""","=""""","=""""","=""20""","=""""",,"=""""","=""""","=""""","=""""","=""""","=""""","=""""","=""""",1,1,,"=""""","=""L914""",
"=""269.4511""","=""0.0003""","=""""","=""""","=""15""","=""""",,"=""""","=""""","=""""","=""""","=""""","=""""","=""""","=""""",1,1,,"=""""","=""L914""",
"=""269.8849""","=""0.0003""","=""""","=""""","=""15""","=""""",,"=""""","=""""","=""""","=""""","=""""","=""""","=""""","=""""",1,1,,"=""""","=""L914""",
"=""271.088""","=""0.010""","=""""","=""""","=""25""","=""""",,"=""""","=""""","=""""","=""""","=""""","=""""","=""""","=""""",1,1,,"=""""","=""L914""",
"=""271.553""","=""0.010""","=""""","=""""","=""70""","=""""",,"=""""","=""""","=""""","=""""","=""""","=""""","=""""","=""""",1,1,,"=""""","=""L914""",
"=""272.131""","=""0.010""","=""""","=""""","=""25""","=""""",,"=""""","=""""","=""""","=""""","=""""","=""""","=""""","=""""",1,1,,"=""""","=""L914""",
"=""272.474""","=""0.010""","=""""","=""""","=""45""","=""""",,"=""""","=""""","=""""","=""""","=""""","=""""","=""""","=""""",1,1,,"=""""","=""L914""",
"=""273.263""","=""0.010""","=""""","=""""","=""25""","=""""",,"=""""","=""""","=""""","=""""","=""""","=""""","=""""","=""""",1,1,,"=""""","=""L914""",
"=""273.955""","=""0.010""","=""""","=""""","=""15""","=""""",,"=""""","=""""","=""""","=""""","=""""","=""""","=""""","=""""",1,1,,"=""""","=""L914""",
"=""274.208""","=""0.010""","=""""","=""""","=""25""","=""""",,"=""""","=""""","=""""","=""""","=""""","=""""","=""""","=""""",1,1,,"=""""","=""L914""",
"=""274.758""","=""0.010""","=""""","=""""","=""130""","=""""",,"=""""","=""""","=""""","=""""","=""""","=""""","=""""","=""""",1,1,,"=""""","=""L914""",
"=""274.979""","=""0.010""","=""""","=""""","=""25""","=""""",,"=""""","=""""","=""""","=""""","=""""","=""""","=""""","=""""",1,1,,"=""""","=""L914""",
"=""275.0462""","=""0.0003""","=""275.045""","=""0.004""","=""130bl*""","=""""",,"=""41.267140""","=""45.77492""","=""2s2.2p5.(2P*<1/2>).3d""","=""2[5/2]*""","=""3""","=""2s2.2p5.(2P*<3/2>).6f""","=""2[7/2]""","=""3,4""",7,16,,"=""""","=""L914""",
"=""275.0462""","=""0.0003""","=""275.0483""","=""0.0011""","=""130bl*""","=""""",,"=""41.262215""","=""45.769940""","=""2s2.2p5.(2P*<1/2>).3d""","=""2[5/2]*""","=""2""","=""2s2.2p5.(2P*<3/2>).6f""","=""2[3/2]""","=""2""",5,5,,"=""""","=""L914""",
"=""275.132""","=""0.010""","=""""","=""""","=""60""","=""""",,"=""""","=""""","=""""","=""""","=""""","=""""","=""""","=""""",1,1,,"=""""","=""L914""",
"=""276.0612""","=""0.0003""","=""276.0606""","=""0.0011""","=""35""","=""""",,"=""41.282097""","=""45.773292""","=""2s2.2p5.(2P*<1/2>).3d""","=""2[3/2]*""","=""2""","=""2s2.2p5.(2P*<3/2>).6f""","=""2[5/2]""","=""3""",5,7,,"=""""","=""L914""",
"=""276.2677""","=""0.0003""","=""276.2668""","=""0.0011""","=""25""","=""""",,"=""41.282097""","=""45.769940""","=""2s2.2p5.(2P*<1/2>).3d""","=""2[3/2]*""","=""2""","=""2s2.2p5.(2P*<3/2>).6f""","=""2[3/2]""","=""2""",5,5,,"=""""","=""L914""",
"=""276.360""","=""0.010""","=""""","=""""","=""25""","=""""",,"=""""","=""""","=""""","=""""","=""""","=""""","=""""","=""""",1,1,,"=""""","=""L914""",
"=""276.843""","=""0.010""","=""""","=""""","=""35""","=""""",,"=""""","=""""","=""""","=""""","=""""","=""""","=""""","=""""",1,1,,"=""""","=""L914""",
"=""277.5932""","=""0.0003""","=""277.5943""","=""0.0011""","=""20""","=""""",,"=""41.306940""","=""45.773321""","=""2s2.2p5.(2P*<1/2>).3d""","=""2[3/2]*""","=""1""","=""2s2.2p5.(2P*<3/2>).6f""","=""2[5/2]""","=""2""",3,5,,"=""""","=""L914""",
"=""278.252""","=""0.010""","=""""","=""""","=""15""","=""""",,"=""""","=""""","=""""","=""""","=""""","=""""","=""""","=""""",1,1,,"=""""","=""L914""",
"=""278.660""","=""0.010""","=""""","=""""","=""15""","=""""",,"=""""","=""""","=""""","=""""","=""""","=""""","=""""","=""""",1,1,,"=""""","=""L914""",
"=""278.693""","=""0.010""","=""""","=""""","=""15""","=""""",,"=""""","=""""","=""""","=""""","=""""","=""""","=""""","=""""",1,1,,"=""""","=""L914""",
"=""278.931""","=""0.010""","=""""","=""""","=""70""","=""""",,"=""""","=""""","=""""","=""""","=""""","=""""","=""""","=""""",1,1,,"=""""","=""L914""",
"=""279.017""","=""0.010""","=""""","=""""","=""20""","=""""",,"=""""","=""""","=""""","=""""","=""""","=""""","=""""","=""""",1,1,,"=""""","=""L914""",
"=""279.368""","=""0.010""","=""""","=""""","=""15""","=""""",,"=""""","=""""","=""""","=""""","=""""","=""""","=""""","=""""",1,1,,"=""""","=""L914""",
"=""280.0036""","=""0.0003""","=""280.0042""","=""0.0011""","=""80""","=""2.64e+06""",D+,"=""36.854157""","=""41.282097""","=""2s2.2p5.3p""","=""3D""","=""3""","=""2s2.2p5.(2P*<1/2>).3d""","=""2[3/2]*""","=""2""",7,5,,"=""T6036""","=""L914""",
"=""280.777""","=""0.010""","=""""","=""""","=""60""","=""""",,"=""""","=""""","=""""","=""""","=""""","=""""","=""""","=""""",1,1,,"=""""","=""L914""",
"=""280.858""","=""0.010""","=""""","=""""","=""90""","=""""",,"=""""","=""""","=""""","=""""","=""""","=""""","=""""","=""""",1,1,,"=""""","=""L914""",
"=""280.9533""","=""0.0003""","=""280.9533""","=""0.0011""","=""650""","=""1.5e+07""",E,"=""36.854157""","=""41.267140""","=""2s2.2p5.3p""","=""3D""","=""3""","=""2s2.2p5.(2P*<1/2>).3d""","=""2[5/2]*""","=""3""",7,7,,"=""T7663c79""","=""L914""",
"=""281.0348""","=""0.0003""","=""281.0347""","=""0.0011""","=""850""","=""5.95e+07""",A,"=""32.846429""","=""37.258133""","=""2s2.2p5.3s""","=""3P*""","=""2""","=""2s2.2p5.3p""","=""3P""","=""1""",5,3,,"=""T7663""","=""L914""",
"=""281.147""","=""0.010""","=""""","=""""","=""130""","=""""",,"=""""","=""""","=""""","=""""","=""""","=""""","=""""","=""""",1,1,,"=""""","=""L914""",
"=""281.226""","=""0.010""","=""""","=""""","=""80""","=""""",,"=""""","=""""","=""""","=""""","=""""","=""""","=""""","=""""",1,1,,"=""""","=""L914""",
"=""281.2668""","=""0.0003""","=""281.2671""","=""0.0011""","=""160""","=""1.01e+06""",D+,"=""36.854157""","=""41.262215""","=""2s2.2p5.3p""","=""3D""","=""3""","=""2s2.2p5.(2P*<1/2>).3d""","=""2[5/2]*""","=""2""",7,5,,"=""T7663""","=""L914""",
"=""281.4729""","=""0.0003""","=""281.4734""","=""0.0011""","=""250""","=""6.9e+06""",E,"=""36.902113""","=""41.306940""","=""2s2.2p5.3p""","=""3D""","=""2""","=""2s2.2p5.(2P*<1/2>).3d""","=""2[3/2]*""","=""1""",5,3,,"=""T7663c80""","=""L914""",
"=""281.804""","=""0.010""","=""""","=""""","=""50""","=""""",,"=""""","=""""","=""""","=""""","=""""","=""""","=""""","=""""",1,1,,"=""""","=""L914""",
"=""281.9118""","=""0.0003""","=""281.9115""","=""0.0011""","=""350""","=""1.2e+07""",E,"=""36.902113""","=""41.300096""","=""2s2.2p5.3p""","=""3D""","=""2""","=""2s2.2p5.(2P*<1/2>).4s""","=""2[1/2]*""","=""1""",5,3,,"=""T7663c80""","=""L914""",
"=""282.154""","=""0.010""","=""""","=""""","=""25""","=""""",,"=""""","=""""","=""""","=""""","=""""","=""""","=""""","=""""",1,1,,"=""""","=""L914""",
"=""282.232""","=""0.010""","=""""","=""""","=""25""","=""""",,"=""""","=""""","=""""","=""""","=""""","=""""","=""""","=""""",1,1,,"=""""","=""L914""",
"=""282.524""","=""0.010""","=""""","=""""","=""25""","=""""",,"=""""","=""""","=""""","=""""","=""""","=""""","=""""","=""""",1,1,,"=""""","=""L914""",
"=""282.918""","=""0.010""","=""""","=""""","=""35""","=""""",,"=""""","=""""","=""""","=""""","=""""","=""""","=""""","=""""",1,1,,"=""""","=""L914""",
"=""283.0701""","=""0.0003""","=""283.0699""","=""0.0011""","=""600""","=""3.36e+07""",B,"=""36.902113""","=""41.282097""","=""2s2.2p5.3p""","=""3D""","=""2""","=""2s2.2p5.(2P*<1/2>).3d""","=""2[3/2]*""","=""2""",5,5,,"=""T6036""","=""L914""",
"=""283.275""","=""0.010""","=""""","=""""","=""35""","=""""",,"=""""","=""""","=""""","=""""","=""""","=""""","=""""","=""""",1,1,,"=""""","=""L914""",
"=""283.309""","=""0.010""","=""""","=""""","=""35""","=""""",,"=""""","=""""","=""""","=""""","=""""","=""""","=""""","=""""",1,1,,"=""""","=""L914""",
"=""283.444""","=""0.010""","=""""","=""""","=""45""","=""""",,"=""""","=""""","=""""","=""""","=""""","=""""","=""""","=""""",1,1,,"=""""","=""L914""",
"=""283.690""","=""0.010""","=""""","=""""","=""80""","=""""",,"=""""","=""""","=""""","=""""","=""""","=""""","=""""","=""""",1,1,,"=""""","=""L914""",
"=""284.0399""","=""0.0003""","=""284.0399""","=""0.0011""","=""800""","=""5.1e+07""",E,"=""36.902113""","=""41.267140""","=""2s2.2p5.3p""","=""3D""","=""2""","=""2s2.2p5.(2P*<1/2>).3d""","=""2[5/2]*""","=""3""",5,7,,"=""T7663c79""","=""L914""",
"=""284.2559""","=""0.0003""","=""284.2556""","=""0.0011""","=""1000""","=""8.92e+07""",A,"=""32.846429""","=""37.208144""","=""2s2.2p5.3s""","=""3P*""","=""2""","=""2s2.2p5.3p""","=""3P""","=""2""",5,5,,"=""T7663""","=""L914""",
"=""284.3598""","=""0.0003""","=""284.3607""","=""0.0011""","=""30""","=""5.23e+05""",D,"=""36.902113""","=""41.262215""","=""2s2.2p5.3p""","=""3D""","=""2""","=""2s2.2p5.(2P*<1/2>).3d""","=""2[5/2]*""","=""2""",5,5,,"=""T7663""","=""L914""",
"=""284.947""","=""0.010""","=""""","=""""","=""60""","=""""",,"=""""","=""""","=""""","=""""","=""""","=""""","=""""","=""""",1,1,,"=""""","=""L914""",
"=""284.995""","=""0.010""","=""""","=""""","=""40""","=""""",,"=""""","=""""","=""""","=""""","=""""","=""""","=""""","=""""",1,1,,"=""""","=""L914""",
"=""285.086""","=""0.010""","=""""","=""""","=""35""","=""""",,"=""""","=""""","=""""","=""""","=""""","=""""","=""""","=""""",1,1,,"=""""","=""L914""",
"=""285.156""","=""0.010""","=""""","=""""","=""35""","=""""",,"=""""","=""""","=""""","=""""","=""""","=""""","=""""","=""""",1,1,,"=""""","=""L914""",
"=""285.200""","=""0.010""","=""""","=""""","=""40""","=""""",,"=""""","=""""","=""""","=""""","=""""","=""""","=""""","=""""",1,1,,"=""""","=""L914""",
"=""285.7347""","=""0.0003""","=""285.7347""","=""0.0012""","=""650""","=""6.2e+07""",E,"=""36.967803""","=""41.306940""","=""2s2.2p5.3p""","=""3D""","=""1""","=""2s2.2p5.(2P*<1/2>).3d""","=""2[3/2]*""","=""1""",3,3,,"=""T7663c80""","=""L914""",
"=""286.0328""","=""0.0003""","=""286.0326""","=""0.0012""","=""800""","=""2.19e+07""",B,"=""32.846429""","=""37.181047""","=""2s2.2p5.3s""","=""3P*""","=""2""","=""2s2.2p5.3p""","=""1P""","=""1""",5,3,,"=""T7663""","=""L914""",
"=""286.1859""","=""0.0003""","=""286.1861""","=""0.0012""","=""350""","=""8.0e+06""",E,"=""36.967803""","=""41.300096""","=""2s2.2p5.3p""","=""3D""","=""1""","=""2s2.2p5.(2P*<1/2>).4s""","=""2[1/2]*""","=""1""",3,3,,"=""T7663c80""","=""L914""",
"=""286.380""","=""0.010""","=""""","=""""","=""40""","=""""",,"=""""","=""""","=""""","=""""","=""""","=""""","=""""","=""""",1,1,,"=""""","=""L914""",
"=""286.450""","=""0.010""","=""""","=""""","=""60""","=""""",,"=""""","=""""","=""""","=""""","=""""","=""""","=""""","=""""",1,1,,"=""""","=""L914""",
"=""286.880""","=""0.010""","=""""","=""""","=""50""","=""""",,"=""""","=""""","=""""","=""""","=""""","=""""","=""""","=""""",1,1,,"=""""","=""L914""",
"=""286.915""","=""0.010""","=""""","=""""","=""60""","=""""",,"=""""","=""""","=""""","=""""","=""""","=""""","=""""","=""""",1,1,,"=""""","=""L914""",
"=""287.014""","=""0.010""","=""""","=""""","=""50""","=""""",,"=""""","=""""","=""""","=""""","=""""","=""""","=""""","=""""",1,1,,"=""""","=""L914""",
"=""287.2118""","=""0.0003""","=""287.2120""","=""0.0012""","=""750""","=""2.75e+07""",B+,"=""32.941315""","=""37.258133""","=""2s2.2p5.3s""","=""3P*""","=""1""","=""2s2.2p5.3p""","=""3P""","=""1""",3,3,,"=""T7663""","=""L914""",
"=""287.3797""","=""0.0003""","=""287.3800""","=""0.0012""","=""650""","=""2.63e+07""",C+,"=""36.967803""","=""41.282097""","=""2s2.2p5.3p""","=""3D""","=""1""","=""2s2.2p5.(2P*<1/2>).3d""","=""2[3/2]*""","=""2""",3,5,,"=""T6036""","=""L914""",
"=""287.657""","=""0.010""","=""""","=""""","=""50""","=""""",,"=""""","=""""","=""""","=""""","=""""","=""""","=""""","=""""",1,1,,"=""""","=""L914""",
"=""287.822""","=""0.010""","=""""","=""""","=""70""","=""""",,"=""""","=""""","=""""","=""""","=""""","=""""","=""""","=""""",1,1,,"=""""","=""L914""",
"=""287.9886""","=""0.0003""","=""""","=""""","=""130""","=""""",,"=""""","=""""","=""""","=""""","=""""","=""""","=""""","=""""",1,1,,"=""""","=""L914""",
"=""288.1991""","=""0.0003""","=""288.1994""","=""0.0012""","=""900""","=""2.50e+08""",A,"=""32.941315""","=""37.243343""","=""2s2.2p5.3s""","=""3P*""","=""1""","=""2s2.2p5.3p""","=""3P""","=""0""",3,1,,"=""T7663""","=""L914""",
"=""288.5095""","=""0.0003""","=""""","=""""","=""90""","=""""",,"=""""","=""""","=""""","=""""","=""""","=""""","=""""","=""""",1,1,,"=""""","=""L914""",
"=""288.7103""","=""0.0003""","=""288.7105""","=""0.0012""","=""850""","=""1.07e+08""",B+,"=""36.967803""","=""41.262215""","=""2s2.2p5.3p""","=""3D""","=""1""","=""2s2.2p5.(2P*<1/2>).3d""","=""2[5/2]*""","=""2""",3,5,,"=""T7663""","=""L914""",
"=""288.880""","=""0.010""","=""""","=""""","=""100""","=""""",,"=""""","=""""","=""""","=""""","=""""","=""""","=""""","=""""",1,1,,"=""""","=""L914""",
"=""288.980""","=""0.010""","=""""","=""""","=""80""","=""""",,"=""""","=""""","=""""","=""""","=""""","=""""","=""""","=""""",1,1,,"=""""","=""L914""",
"=""289.046""","=""0.010""","=""""","=""""","=""70""","=""""",,"=""""","=""""","=""""","=""""","=""""","=""""","=""""","=""""",1,1,,"=""""","=""L914""",
"=""289.136""","=""0.010""","=""""","=""""","=""50""","=""""",,"=""""","=""""","=""""","=""""","=""""","=""""","=""""","=""""",1,1,,"=""""","=""L914""",
"=""289.206""","=""0.010""","=""""","=""""","=""70""","=""""",,"=""""","=""""","=""""","=""""","=""""","=""""","=""""","=""""",1,1,,"=""""","=""L914""",
"=""289.4797""","=""0.0003""","=""289.4803""","=""0.0012""","=""700""","=""1.48e+08""",B,"=""36.967803""","=""41.250796""","=""2s2.2p5.3p""","=""3D""","=""1""","=""2s2.2p5.(2P*<1/2>).4s""","=""2[1/2]*""","=""0""",3,1,,"=""T7663""","=""L914""",
"=""289.746""","=""0.010""","=""""","=""""","=""60""","=""""",,"=""""","=""""","=""""","=""""","=""""","=""""","=""""","=""""",1,1,,"=""""","=""L914""",
"=""289.825""","=""0.010""","=""""","=""""","=""70""","=""""",,"=""""","=""""","=""""","=""""","=""""","=""""","=""""","=""""",1,1,,"=""""","=""L914""",
"=""290.1989""","=""0.0003""","=""290.1993""","=""0.0012""","=""900""","=""1.1e+08""",E,"=""36.854157""","=""41.126538""","=""2s2.2p5.3p""","=""3D""","=""3""","=""2s2.2p5.(2P*<3/2>).3d""","=""2[5/2]*""","=""3""",7,7,,"=""T7663c81""","=""L914""",
"=""290.5567""","=""0.0003""","=""290.5560""","=""0.0012""","=""800""","=""1.0e+07""",E,"=""36.854157""","=""41.121292""","=""2s2.2p5.3p""","=""3D""","=""3""","=""2s2.2p5.(2P*<3/2>).3d""","=""2[5/2]*""","=""2""",7,5,,"=""T6036c79""","=""L914""",
"=""290.5766""","=""0.0003""","=""290.5769""","=""0.0012""","=""1100""","=""7.30e+07""",A,"=""32.941315""","=""37.208144""","=""2s2.2p5.3s""","=""3P*""","=""1""","=""2s2.2p5.3p""","=""3P""","=""2""",3,5,,"=""T7663""","=""L914""",
"=""290.825""","=""0.010""","=""290.8241""","=""0.0012""","=""250""","=""""",,"=""41.012615""","=""45.275818""","=""2s2.2p5.(2P*<3/2>).3d""","=""2[3/2]*""","=""2""","=""2s2.2p5.(2P*<1/2>).5f""","=""2[5/2]""","=""3""",5,7,,"=""""","=""L914""",
"=""290.837""","=""0.010""","=""290.8298""","=""0.0012""","=""250""","=""""",,"=""41.012615""","=""45.275734""","=""2s2.2p5.(2P*<3/2>).3d""","=""2[3/2]*""","=""2""","=""2s2.2p5.(2P*<1/2>).5f""","=""2[7/2]""","=""3""",5,7,,"=""""","=""L914""",
"=""290.941""","=""0.010""","=""""","=""""","=""160""","=""""",,"=""""","=""""","=""""","=""""","=""""","=""""","=""""","=""""",1,1,,"=""""","=""L914""",
"=""291.837""","=""0.010""","=""291.8375""","=""0.0012""","=""1100""","=""7.92e+07""",B+,"=""32.846429""","=""37.094827""","=""2s2.2p5.3s""","=""3P*""","=""2""","=""2s2.2p5.3p""","=""1D""","=""2""",5,5,,"=""T7663""","=""L914""",
"=""291.9904""","=""0.0003""","=""291.9905""","=""0.0012""","=""1100""","=""1.6e+08""",E,"=""36.854157""","=""41.100329""","=""2s2.2p5.3p""","=""3D""","=""3""","=""2s2.2p5.(2P*<3/2>).4s""","=""2[3/2]*""","=""2""",7,5,,"=""T7663c78""","=""L914""",
"=""292.0705""","=""0.0003""","=""292.0704""","=""0.0012""","=""1200""","=""1.33e+08""",C,"=""36.902113""","=""41.147123""","=""2s2.2p5.3p""","=""3D""","=""2""","=""2s2.2p5.(2P*<3/2>).4s""","=""2[3/2]*""","=""1""",5,3,,"=""T7663c79""","=""L914""",
"=""292.1800""","=""0.0003""","=""292.1799""","=""0.0012""","=""1300""","=""6.66e+07""",A,"=""33.014713""","=""37.258133""","=""2s2.2p5.3s""","=""3P*""","=""0""","=""2s2.2p5.3p""","=""3P""","=""1""",1,3,,"=""T7663""","=""L914""",
"=""292.4341""","=""0.0003""","=""292.4340""","=""0.0012""","=""1000""","=""1.41e+07""",B,"=""32.941315""","=""37.181047""","=""2s2.2p5.3s""","=""3P*""","=""1""","=""2s2.2p5.3p""","=""1P""","=""1""",3,3,,"=""T7663""","=""L914""",
"=""293.1739""","=""0.0003""","=""293.1739""","=""0.0012""","=""750""","=""9.83e+07""",B+,"=""36.902113""","=""41.131145""","=""2s2.2p5.3p""","=""3D""","=""2""","=""2s2.2p5.(2P*<3/2>).3d""","=""2[3/2]*""","=""1""",5,3,,"=""T7663""","=""L914""",
"=""293.4937""","=""0.0003""","=""293.4936""","=""0.0012""","=""850""","=""2.8e+07""",E,"=""36.902113""","=""41.126538""","=""2s2.2p5.3p""","=""3D""","=""2""","=""2s2.2p5.(2P*<3/2>).3d""","=""2[5/2]*""","=""3""",5,7,,"=""T7663c77""","=""L914""",
"=""293.641""","=""0.010""","=""""","=""""","=""130""","=""""",,"=""""","=""""","=""""","=""""","=""""","=""""","=""""","=""""",1,1,,"=""""","=""L914""",
"=""293.8594""","=""0.0003""","=""293.8585""","=""0.0012""","=""950""","=""1.3e+08""",E,"=""36.902113""","=""41.121292""","=""2s2.2p5.3p""","=""3D""","=""2""","=""2s2.2p5.(2P*<3/2>).3d""","=""2[5/2]*""","=""2""",5,5,,"=""T6036c79""","=""L914""",
"=""294.3517""","=""0.0003""","=""294.3516""","=""0.0012""","=""450""","=""1.0e+07""",E,"=""37.094827""","=""41.306940""","=""2s2.2p5.3p""","=""1D""","=""2""","=""2s2.2p5.(2P*<1/2>).3d""","=""2[3/2]*""","=""1""",5,3,,"=""T7663c80""","=""L914""",
"=""294.6563""","=""0.0003""","=""294.6560""","=""0.0012""","=""800""","=""2.8e+07""",E,"=""36.854157""","=""41.061918""","=""2s2.2p5.3p""","=""3D""","=""3""","=""2s2.2p5.(2P*<3/2>).3d""","=""2[7/2]*""","=""3""",7,7,,"=""T7663c78""","=""L914""",
"=""294.8311""","=""0.0003""","=""294.8306""","=""0.0012""","=""950""","=""7.1e+07""",C,"=""37.094827""","=""41.300096""","=""2s2.2p5.3p""","=""1D""","=""2""","=""2s2.2p5.(2P*<1/2>).4s""","=""2[1/2]*""","=""1""",5,3,,"=""T7663c80""","=""L914""",
"=""295.2098""","=""0.0003""","=""295.2097""","=""0.0012""","=""1200""","=""4.33e+08""",A,"=""36.854157""","=""41.054025""","=""2s2.2p5.3p""","=""3D""","=""3""","=""2s2.2p5.(2P*<3/2>).3d""","=""2[7/2]*""","=""4""",7,9,,"=""T7663""","=""L914""",
"=""295.3259""","=""0.0003""","=""295.3259""","=""0.0012""","=""1100""","=""1.8e+07""",E,"=""36.902113""","=""41.100329""","=""2s2.2p5.3p""","=""3D""","=""2""","=""2s2.2p5.(2P*<3/2>).4s""","=""2[3/2]*""","=""2""",5,5,,"=""T7663c78""","=""L914""",
"=""296.0981""","=""0.0003""","=""296.0979""","=""0.0012""","=""850""","=""5.60e+07""",B+,"=""37.094827""","=""41.282097""","=""2s2.2p5.3p""","=""1D""","=""2""","=""2s2.2p5.(2P*<1/2>).3d""","=""2[3/2]*""","=""2""",5,5,,"=""T7663""","=""L914""",
"=""296.254""","=""0.010""","=""""","=""""","=""80""","=""""",,"=""""","=""""","=""""","=""""","=""""","=""""","=""""","=""""",1,1,,"=""""","=""L914""",
"=""296.6608""","=""0.0003""","=""296.6612""","=""0.0012""","=""450""","=""4.6e+05""",E,"=""36.967803""","=""41.147123""","=""2s2.2p5.3p""","=""3D""","=""1""","=""2s2.2p5.(2P*<3/2>).4s""","=""2[3/2]*""","=""1""",3,3,,"=""T7663c79""","=""L914""",
"=""296.935""","=""0.010""","=""296.9334""","=""0.0012""","=""80""","=""""",,"=""41.100329""","=""45.275818""","=""2s2.2p5.(2P*<3/2>).4s""","=""2[3/2]*""","=""2""","=""2s2.2p5.(2P*<1/2>).5f""","=""2[5/2]""","=""3""",5,7,,"=""""","=""L914""",
"=""296.984""","=""0.010""","=""""","=""""","=""90""","=""""",,"=""""","=""""","=""""","=""""","=""""","=""""","=""""","=""""",1,1,,"=""""","=""L914""",
"=""297.1594""","=""0.0003""","=""297.1594""","=""0.0012""","=""500""","=""1.03e+07""",B,"=""37.094827""","=""41.267140""","=""2s2.2p5.3p""","=""1D""","=""2""","=""2s2.2p5.(2P*<1/2>).3d""","=""2[5/2]*""","=""3""",5,7,,"=""T7663""","=""L914""",
"=""297.359""","=""0.010""","=""""","=""""","=""160""","=""""",,"=""""","=""""","=""""","=""""","=""""","=""""","=""""","=""""",1,1,,"=""""","=""L914""",
"=""297.5103""","=""0.0003""","=""297.5106""","=""0.0013""","=""600""","=""2.02e+07""",C+,"=""37.094827""","=""41.262215""","=""2s2.2p5.3p""","=""1D""","=""2""","=""2s2.2p5.(2P*<1/2>).3d""","=""2[5/2]*""","=""2""",5,5,,"=""T6036""","=""L914""",
"=""297.5856""","=""0.0003""","=""297.5858""","=""0.0013""","=""750""","=""6.47e+07""",B+,"=""33.014713""","=""37.181047""","=""2s2.2p5.3s""","=""3P*""","=""0""","=""2s2.2p5.3p""","=""1P""","=""1""",1,3,,"=""T7663""","=""L914""",
"=""297.7555""","=""0.0003""","=""""","=""""","=""400""","=""""",,"=""""","=""""","=""""","=""""","=""""","=""""","=""""","=""""",1,1,,"=""""","=""L914""",
"=""297.7994""","=""0.0003""","=""297.7997""","=""0.0013""","=""1000""","=""1.2e+08""",E,"=""36.967803""","=""41.131145""","=""2s2.2p5.3p""","=""3D""","=""1""","=""2s2.2p5.(2P*<3/2>).3d""","=""2[3/2]*""","=""1""",3,3,,"=""T6036c79""","=""L914""",
"=""298.0527""","=""0.0003""","=""298.0529""","=""0.0013""","=""1100""","=""2.0e+08""",E,"=""36.902113""","=""41.061918""","=""2s2.2p5.3p""","=""3D""","=""2""","=""2s2.2p5.(2P*<3/2>).3d""","=""2[7/2]*""","=""3""",5,7,,"=""T6036c79""","=""L914""",
"=""298.1497""","=""0.0003""","=""298.1494""","=""0.0013""","=""1100""","=""3.30e+05""",D,"=""36.854157""","=""41.012615""","=""2s2.2p5.3p""","=""3D""","=""3""","=""2s2.2p5.(2P*<3/2>).3d""","=""2[3/2]*""","=""2""",7,5,,"=""T6036""","=""L914""",
"=""298.5057""","=""0.0003""","=""298.5044""","=""0.0013""","=""1300bl*""","=""1.74e+07""",B,"=""32.941315""","=""37.094827""","=""2s2.2p5.3s""","=""3P*""","=""1""","=""2s2.2p5.3p""","=""1D""","=""2""",3,5,,"=""T7663""","=""L914""",
"=""298.5057""","=""0.0003""","=""298.5061""","=""0.0013""","=""1300bl*""","=""2.4e+08""",E,"=""36.967803""","=""41.121292""","=""2s2.2p5.3p""","=""3D""","=""1""","=""2s2.2p5.(2P*<3/2>).3d""","=""2[5/2]*""","=""2""",3,5,,"=""T6036c79""","=""L914""",
"=""298.7322""","=""0.0003""","=""""","=""""","=""300""","=""""",,"=""""","=""""","=""""","=""""","=""""","=""""","=""""","=""""",1,1,,"=""""","=""L914""",
"=""298.8084""","=""0.0003""","=""298.8089""","=""0.0013""","=""300""","=""""",,"=""41.126538""","=""45.275818""","=""2s2.2p5.(2P*<3/2>).3d""","=""2[5/2]*""","=""3""","=""2s2.2p5.(2P*<1/2>).5f""","=""2[5/2]""","=""3""",7,7,,"=""""","=""L914""",
"=""299.776""","=""0.010""","=""""","=""""","=""40""","=""""",,"=""""","=""""","=""""","=""""","=""""","=""""","=""""","=""""",1,1,,"=""""","=""L914""",
"=""""","=""""","=""300.0204""","=""0.0013""","=""""","=""5.7e+05""",E,"=""36.967803""","=""41.100329""","=""2s2.2p5.3p""","=""3D""","=""1""","=""2s2.2p5.(2P*<3/2>).4s""","=""2[3/2]*""","=""2""",3,5,,"=""T7663c78""","=""""",
"=""300.173""","=""0.010""","=""""","=""""","=""130""","=""""",,"=""""","=""""","=""""","=""""","=""""","=""""","=""""","=""""",1,1,,"=""""","=""L914""",
"=""300.380""","=""0.010""","=""""","=""""","=""130""","=""""",,"=""""","=""""","=""""","=""""","=""""","=""""","=""""","=""""",1,1,,"=""""","=""L914""",
"=""300.5025""","=""0.0003""","=""300.5027""","=""0.0013""","=""550""","=""1.7e+07""",E,"=""37.181047""","=""41.306940""","=""2s2.2p5.3p""","=""1P""","=""1""","=""2s2.2p5.(2P*<1/2>).3d""","=""2[3/2]*""","=""1""",3,3,,"=""T6036c80""","=""L914""",
"=""300.8318""","=""0.0003""","=""300.8322""","=""0.0013""","=""750""","=""1.68e+07""",B+,"=""32.846429""","=""36.967803""","=""2s2.2p5.3s""","=""3P*""","=""2""","=""2s2.2p5.3p""","=""3D""","=""1""",5,3,,"=""T7663""","=""L914""",
"=""301.0014""","=""0.0003""","=""301.0020""","=""0.0013""","=""750""","=""3.0e+07""",D,"=""37.181047""","=""41.300096""","=""2s2.2p5.3p""","=""1P""","=""1""","=""2s2.2p5.(2P*<1/2>).4s""","=""2[1/2]*""","=""1""",3,3,,"=""T7663c80""","=""L914""",
"=""301.0359""","=""0.0003""","=""301.036""","=""0.005""","=""450""","=""""",,"=""40.982896""","=""45.10148""","=""2s2.2p5.(2P*<3/2>).3d""","=""2[1/2]*""","=""0""","=""2s2.2p5.(2P*<3/2>).5f""","=""2[3/2]""","=""1""",1,3,,"=""""","=""L914""",
"=""301.239""","=""0.010""","=""""","=""""","=""60""","=""""",,"=""""","=""""","=""""","=""""","=""""","=""""","=""""","=""""",1,1,,"=""""","=""L914""",
"=""301.398""","=""0.010""","=""301.399""","=""0.005""","=""160""","=""""",,"=""40.993732""","=""45.10736""","=""2s2.2p5.(2P*<3/2>).3d""","=""2[1/2]*""","=""1""","=""2s2.2p5.(2P*<3/2>).5f""","=""2[5/2]""","=""2""",3,5,,"=""""","=""L914""",
"=""301.6273""","=""0.0003""","=""301.6278""","=""0.0013""","=""600""","=""1.51e+07""",C+,"=""36.902113""","=""41.012615""","=""2s2.2p5.3p""","=""3D""","=""2""","=""2s2.2p5.(2P*<3/2>).3d""","=""2[3/2]*""","=""2""",5,5,,"=""T6036""","=""L914""",
"=""301.8220""","=""0.0003""","=""301.820""","=""0.005""","=""450""","=""""",,"=""40.993732""","=""45.10161""","=""2s2.2p5.(2P*<3/2>).3d""","=""2[1/2]*""","=""1""","=""2s2.2p5.(2P*<3/2>).5f""","=""2[3/2]""","=""2""",3,5,,"=""""","=""L914""",
"=""301.9203""","=""0.0003""","=""""","=""""","=""160""","=""""",,"=""""","=""""","=""""","=""""","=""""","=""""","=""""","=""""",1,1,,"=""""","=""L914""",
"=""302.086""","=""0.010""","=""""","=""""","=""80""","=""""",,"=""""","=""""","=""""","=""""","=""""","=""""","=""""","=""""",1,1,,"=""""","=""L914""",
"=""302.225""","=""0.010""","=""""","=""""","=""200""","=""""",,"=""""","=""""","=""""","=""""","=""""","=""""","=""""","=""""",1,1,,"=""""","=""L914""",
"=""302.3228""","=""0.0003""","=""302.3231""","=""0.0013""","=""160""","=""6.91e+05""",D+,"=""37.181047""","=""41.282097""","=""2s2.2p5.3p""","=""1P""","=""1""","=""2s2.2p5.(2P*<1/2>).3d""","=""2[3/2]*""","=""2""",3,5,,"=""T7663""","=""L914""",
"=""302.488""","=""0.010""","=""302.4893""","=""0.0013""","=""130""","=""2.3e+06""",E,"=""37.208144""","=""41.306940""","=""2s2.2p5.3p""","=""3P""","=""2""","=""2s2.2p5.(2P*<1/2>).3d""","=""2[3/2]*""","=""1""",5,3,,"=""T7663c80""","=""L914""",
"=""302.619""","=""0.010""","=""""","=""""","=""60""","=""""",,"=""""","=""""","=""""","=""""","=""""","=""""","=""""","=""""",1,1,,"=""""","=""L914""",
"=""302.7943""","=""0.0003""","=""302.794""","=""0.005""","=""300""","=""""",,"=""41.012615""","=""45.10728""","=""2s2.2p5.(2P*<3/2>).3d""","=""2[3/2]*""","=""2""","=""2s2.2p5.(2P*<3/2>).5f""","=""2[5/2]""","=""3""",5,7,,"=""""","=""L914""",
"=""302.9952""","=""0.0003""","=""302.9952""","=""0.0013""","=""400""","=""9.9e+07""",E,"=""37.208144""","=""41.300096""","=""2s2.2p5.3p""","=""3P""","=""2""","=""2s2.2p5.(2P*<1/2>).4s""","=""2[1/2]*""","=""1""",5,3,,"=""T7663c80""","=""L914""",
"=""303.0202""","=""0.0003""","=""303.0198""","=""0.0013""","=""40""","=""6.32e+06""",C,"=""36.902113""","=""40.993732""","=""2s2.2p5.3p""","=""3D""","=""2""","=""2s2.2p5.(2P*<3/2>).3d""","=""2[1/2]*""","=""1""",5,3,,"=""T6036""","=""L914""",
"=""303.214""","=""0.010""","=""303.214""","=""0.005""","=""200""","=""""",,"=""41.012615""","=""45.10161""","=""2s2.2p5.(2P*<3/2>).3d""","=""2[3/2]*""","=""2""","=""2s2.2p5.(2P*<3/2>).5f""","=""2[3/2]""","=""2""",5,5,,"=""""","=""L914""",
"=""303.7960""","=""0.0003""","=""303.7959""","=""0.0013""","=""400""","=""2.55e+08""",B+,"=""37.181047""","=""41.262215""","=""2s2.2p5.3p""","=""1P""","=""1""","=""2s2.2p5.(2P*<1/2>).3d""","=""2[5/2]*""","=""2""",3,5,,"=""T6036""","=""L914""",
"=""303.960""","=""0.010""","=""""","=""""","=""350""","=""""",,"=""""","=""""","=""""","=""""","=""""","=""""","=""""","=""""",1,1,,"=""""","=""L914""",
"=""304.101""","=""0.010""","=""""","=""""","=""160""","=""""",,"=""""","=""""","=""""","=""""","=""""","=""""","=""""","=""""",1,1,,"=""""","=""L914""",
"=""304.3346""","=""0.0003""","=""304.3339""","=""0.0013""","=""350""","=""7.49e+05""",D,"=""37.208144""","=""41.282097""","=""2s2.2p5.3p""","=""3P""","=""2""","=""2s2.2p5.(2P*<1/2>).3d""","=""2[3/2]*""","=""2""",5,5,,"=""T6036""","=""L914""",
"=""304.399""","=""0.010""","=""""","=""""","=""200""","=""""",,"=""""","=""""","=""""","=""""","=""""","=""""","=""""","=""""",1,1,,"=""""","=""L914""",
"=""304.6486""","=""0.0003""","=""304.6483""","=""0.0013""","=""400""","=""6.92e+07""",C+,"=""37.181047""","=""41.250796""","=""2s2.2p5.3p""","=""1P""","=""1""","=""2s2.2p5.(2P*<1/2>).4s""","=""2[1/2]*""","=""0""",3,1,,"=""T7663""","=""L914""",
"=""304.984""","=""0.010""","=""""","=""""","=""200""","=""""",,"=""""","=""""","=""""","=""""","=""""","=""""","=""""","=""""",1,1,,"=""""","=""L914""",
"=""305.1097""","=""0.0003""","=""305.1095""","=""0.0013""","=""350""","=""1.3e+08""",E,"=""37.243343""","=""41.306940""","=""2s2.2p5.3p""","=""3P""","=""0""","=""2s2.2p5.(2P*<1/2>).3d""","=""2[3/2]*""","=""1""",1,3,,"=""T7663c80""","=""L914""",
"=""305.4554""","=""0.0003""","=""305.4553""","=""0.0013""","=""550""","=""3.0e+08""",E,"=""37.208144""","=""41.267140""","=""2s2.2p5.3p""","=""3P""","=""2""","=""2s2.2p5.(2P*<1/2>).3d""","=""2[5/2]*""","=""3""",5,7,,"=""T6036c79""","=""L914""",
"=""305.6235""","=""0.0003""","=""305.6242""","=""0.0013""","=""550""","=""8.8e+06""",E,"=""37.243343""","=""41.300096""","=""2s2.2p5.3p""","=""3P""","=""0""","=""2s2.2p5.(2P*<1/2>).4s""","=""2[1/2]*""","=""1""",1,3,,"=""T7663c80""","=""L914""",
"=""305.6711""","=""0.0003""","=""305.671""","=""0.005""","=""45""","=""""",,"=""41.054025""","=""45.11016""","=""2s2.2p5.(2P*<3/2>).3d""","=""2[7/2]*""","=""4""","=""2s2.2p5.(2P*<3/2>).5f""","=""2[7/2]""","=""4""",9,9,,"=""""","=""L914""",
"=""305.7050""","=""0.0003""","=""305.7048""","=""0.0013""","=""550""","=""7.46e+07""",A,"=""32.846429""","=""36.902113""","=""2s2.2p5.3s""","=""3P*""","=""2""","=""2s2.2p5.3p""","=""3D""","=""2""",5,5,,"=""T7663""","=""L914""",
"=""305.8264""","=""0.0003""","=""305.8264""","=""0.0013""","=""550""","=""4.51e+07""",B+,"=""37.208144""","=""41.262215""","=""2s2.2p5.3p""","=""3P""","=""2""","=""2s2.2p5.(2P*<1/2>).3d""","=""2[5/2]*""","=""2""",5,5,,"=""T7663""","=""L914""",
"=""305.884""","=""0.010""","=""305.888""","=""0.005""","=""550""","=""""",,"=""41.054025""","=""45.10728""","=""2s2.2p5.(2P*<3/2>).3d""","=""2[7/2]*""","=""4""","=""2s2.2p5.(2P*<3/2>).5f""","=""2[5/2]""","=""3""",9,7,,"=""""","=""L914""",
"=""305.9609""","=""0.0003""","=""305.9604""","=""0.0013""","=""550""","=""2.18e+07""",C+,"=""37.094827""","=""41.147123""","=""2s2.2p5.3p""","=""1D""","=""2""","=""2s2.2p5.(2P*<3/2>).4s""","=""2[3/2]*""","=""1""",5,3,,"=""T7663""","=""L914""",
"=""306.1141""","=""0.0003""","=""306.114""","=""0.005""","=""700""","=""""",,"=""41.054025""","=""45.10429""","=""2s2.2p5.(2P*<3/2>).3d""","=""2[7/2]*""","=""4""","=""2s2.2p5.(2P*<3/2>).5f""","=""2[9/2]""","=""5""",9,11,,"=""""","=""L914""",
"=""306.2240""","=""0.0003""","=""306.2240""","=""0.0013""","=""800""","=""1.0e+08""",E,"=""37.258133""","=""41.306940""","=""2s2.2p5.3p""","=""3P""","=""1""","=""2s2.2p5.(2P*<1/2>).3d""","=""2[3/2]*""","=""1""",3,3,,"=""T7663c80""","=""L914""",
"=""306.2682""","=""0.0003""","=""306.268""","=""0.005""","=""25""","=""""",,"=""41.061918""","=""45.11014""","=""2s2.2p5.(2P*<3/2>).3d""","=""2[7/2]*""","=""3""","=""2s2.2p5.(2P*<3/2>).5f""","=""2[7/2]""","=""3""",7,7,,"=""""","=""L914""",
"=""306.5266""","=""0.0003""","=""306.5265""","=""0.0013""","=""500""","=""7.62e+06""",C,"=""36.967803""","=""41.012615""","=""2s2.2p5.3p""","=""3D""","=""1""","=""2s2.2p5.(2P*<3/2>).3d""","=""2[3/2]*""","=""2""",3,5,,"=""T6036""","=""L914""",
"=""306.7114""","=""0.0003""","=""306.711""","=""0.005""","=""500""","=""""",,"=""41.061918""","=""45.10429""","=""2s2.2p5.(2P*<3/2>).3d""","=""2[7/2]*""","=""3""","=""2s2.2p5.(2P*<3/2>).5f""","=""2[9/2]""","=""4""",7,9,,"=""""","=""L914""",
"=""306.7426""","=""0.0003""","=""306.7425""","=""0.0013""","=""500""","=""3.74e+07""",B,"=""37.258133""","=""41.300096""","=""2s2.2p5.3p""","=""3P""","=""1""","=""2s2.2p5.(2P*<1/2>).4s""","=""2[1/2]*""","=""1""",3,3,,"=""T7663c80""","=""L914""",
"=""307.1721""","=""0.0003""","=""307.1715""","=""0.0013""","=""350""","=""8.7e+06""",C,"=""37.094827""","=""41.131145""","=""2s2.2p5.3p""","=""1D""","=""2""","=""2s2.2p5.(2P*<3/2>).3d""","=""2[3/2]*""","=""1""",5,3,,"=""T6036""","=""L914""",
"=""307.5227""","=""0.0003""","=""307.5226""","=""0.0013""","=""550""","=""1.4e+08""",E,"=""37.094827""","=""41.126538""","=""2s2.2p5.3p""","=""1D""","=""2""","=""2s2.2p5.(2P*<3/2>).3d""","=""2[5/2]*""","=""3""",5,7,,"=""T6036c79""","=""L914""",
"=""307.9212""","=""0.0003""","=""307.9214""","=""0.0013""","=""550bl*""","=""1.17e+08""",A,"=""32.941315""","=""36.967803""","=""2s2.2p5.3s""","=""3P*""","=""1""","=""2s2.2p5.3p""","=""3D""","=""1""",3,3,,"=""T7663""","=""L914""",
"=""307.9212""","=""0.0003""","=""307.9232""","=""0.0013""","=""550bl*""","=""3.6e+05""",E,"=""37.094827""","=""41.121292""","=""2s2.2p5.3p""","=""1D""","=""2""","=""2s2.2p5.(2P*<3/2>).3d""","=""2[5/2]*""","=""2""",5,5,,"=""T6036c79""","=""L914""",
"=""307.9646""","=""0.0003""","=""307.9642""","=""0.0013""","=""170""","=""3.59e+06""",D+,"=""36.967803""","=""40.993732""","=""2s2.2p5.3p""","=""3D""","=""1""","=""2s2.2p5.(2P*<3/2>).3d""","=""2[1/2]*""","=""1""",3,3,,"=""T6036""","=""L914""",
"=""308.1149""","=""0.0003""","=""308.1146""","=""0.0013""","=""550""","=""2.81e+08""",B+,"=""37.258133""","=""41.282097""","=""2s2.2p5.3p""","=""3P""","=""1""","=""2s2.2p5.(2P*<1/2>).3d""","=""2[3/2]*""","=""2""",3,5,,"=""T6036""","=""L914""",
"=""308.383""","=""0.010""","=""""","=""""","=""30""","=""""",,"=""""","=""""","=""""","=""""","=""""","=""""","=""""","=""""",1,1,,"=""""","=""L914""",
"=""308.447""","=""0.010""","=""""","=""""","=""25""","=""""",,"=""""","=""""","=""""","=""""","=""""","=""""","=""""","=""""",1,1,,"=""""","=""L914""",
"=""308.647""","=""0.010""","=""""","=""""","=""35""","=""""",,"=""""","=""""","=""""","=""""","=""""","=""""","=""""","=""""",1,1,,"=""""","=""L914""",
"=""308.7956""","=""0.0003""","=""308.7953""","=""0.0013""","=""450""","=""1.66e+07""",C,"=""36.967803""","=""40.982896""","=""2s2.2p5.3p""","=""3D""","=""1""","=""2s2.2p5.(2P*<3/2>).3d""","=""2[1/2]*""","=""0""",3,1,,"=""T6036""","=""L914""",
"=""308.9160""","=""0.0003""","=""308.9165""","=""0.0013""","=""450""","=""""",,"=""41.262215""","=""45.275734""","=""2s2.2p5.(2P*<1/2>).3d""","=""2[5/2]*""","=""2""","=""2s2.2p5.(2P*<1/2>).5f""","=""2[7/2]""","=""3""",5,7,,"=""""","=""L914""",
"=""309.089""","=""0.010""","=""""","=""""","=""130""","=""""",,"=""""","=""""","=""""","=""""","=""""","=""""","=""""","=""""",1,1,,"=""""","=""L914""",
"=""309.2933""","=""0.0003""","=""309.293""","=""0.005""","=""550""","=""""",,"=""41.267140""","=""45.27577""","=""2s2.2p5.(2P*<1/2>).3d""","=""2[5/2]*""","=""3""","=""2s2.2p5.(2P*<1/2>).5f""","=""2[7/2]""","=""4""",7,9,,"=""""","=""L914""",
"=""309.3630""","=""0.0003""","=""309.3629""","=""0.0014""","=""550""","=""2.09e+08""",A,"=""32.846429""","=""36.854157""","=""2s2.2p5.3s""","=""3P*""","=""2""","=""2s2.2p5.3p""","=""3D""","=""3""",5,7,,"=""T7663""","=""L914""",
"=""309.3987""","=""0.0003""","=""""","=""""","=""400""","=""""",,"=""""","=""""","=""""","=""""","=""""","=""""","=""""","=""""",1,1,,"=""""","=""L914""",
"=""309.5347""","=""0.0003""","=""309.5348""","=""0.0014""","=""650""","=""1.1e+06""",E,"=""37.094827""","=""41.100329""","=""2s2.2p5.3p""","=""1D""","=""2""","=""2s2.2p5.(2P*<3/2>).4s""","=""2[3/2]*""","=""2""",5,5,,"=""T7663c78""","=""L914""",
"=""309.557""","=""0.010""","=""""","=""""","=""200""","=""""",,"=""""","=""""","=""""","=""""","=""""","=""""","=""""","=""""",1,1,,"=""""","=""L914""",
"=""309.6451""","=""0.0003""","=""309.6445""","=""0.0014""","=""650""","=""3.97e+05""",D+,"=""37.258133""","=""41.262215""","=""2s2.2p5.3p""","=""3P""","=""1""","=""2s2.2p5.(2P*<1/2>).3d""","=""2[5/2]*""","=""2""",3,5,,"=""T7663""","=""L914""",
"=""309.738""","=""0.010""","=""""","=""""","=""70""","=""""",,"=""""","=""""","=""""","=""""","=""""","=""""","=""""","=""""",1,1,,"=""""","=""L914""",
"=""309.761""","=""0.010""","=""""","=""""","=""70""","=""""",,"=""""","=""""","=""""","=""""","=""""","=""""","=""""","=""""",1,1,,"=""""","=""L914""",
"=""309.863""","=""0.010""","=""309.861""","=""0.005""","=""60""","=""""",,"=""41.100329""","=""45.10161""","=""2s2.2p5.(2P*<3/2>).4s""","=""2[3/2]*""","=""2""","=""2s2.2p5.(2P*<3/2>).5f""","=""2[3/2]""","=""2""",5,5,,"=""""","=""L914""",
"=""309.992""","=""0.010""","=""""","=""""","=""60""","=""""",,"=""""","=""""","=""""","=""""","=""""","=""""","=""""","=""""",1,1,,"=""""","=""L914""",
"=""310.070""","=""0.010""","=""""","=""""","=""45""","=""""",,"=""""","=""""","=""""","=""""","=""""","=""""","=""""","=""""",1,1,,"=""""","=""L914""",
"=""310.367""","=""0.010""","=""""","=""""","=""40""","=""""",,"=""""","=""""","=""""","=""""","=""""","=""""","=""""","=""""",1,1,,"=""""","=""L914""",
"=""310.4479""","=""0.0003""","=""310.4478""","=""0.0014""","=""500""","=""""",,"=""41.282097""","=""45.275818""","=""2s2.2p5.(2P*<1/2>).3d""","=""2[3/2]*""","=""2""","=""2s2.2p5.(2P*<1/2>).5f""","=""2[5/2]""","=""3""",5,7,,"=""""","=""L914""",
"=""310.5304""","=""0.0003""","=""310.5301""","=""0.0014""","=""500""","=""5.63e+07""",C+,"=""37.258133""","=""41.250796""","=""2s2.2p5.3p""","=""3P""","=""1""","=""2s2.2p5.(2P*<1/2>).4s""","=""2[1/2]*""","=""0""",3,1,,"=""T7663""","=""L914""",
"=""310.8271""","=""0.0003""","=""310.827""","=""0.005""","=""350""","=""""",,"=""41.121292""","=""45.11014""","=""2s2.2p5.(2P*<3/2>).3d""","=""2[5/2]*""","=""2""","=""2s2.2p5.(2P*<3/2>).5f""","=""2[7/2]""","=""3""",5,7,,"=""""","=""L914""",
"=""311.0440""","=""0.0003""","=""311.044""","=""0.005""","=""300""","=""""",,"=""41.121292""","=""45.10736""","=""2s2.2p5.(2P*<3/2>).3d""","=""2[5/2]*""","=""2""","=""2s2.2p5.(2P*<3/2>).5f""","=""2[5/2]""","=""2""",5,5,,"=""""","=""L914""",
"=""311.113""","=""0.010""","=""""","=""""","=""130""","=""""",,"=""""","=""""","=""""","=""""","=""""","=""""","=""""","=""""",1,1,,"=""""","=""L914""",
"=""311.2356""","=""0.0003""","=""311.235""","=""0.005""","=""450""","=""""",,"=""41.126538""","=""45.11016""","=""2s2.2p5.(2P*<3/2>).3d""","=""2[5/2]*""","=""3""","=""2s2.2p5.(2P*<3/2>).5f""","=""2[7/2]""","=""4""",7,9,,"=""""","=""L914""",
"=""311.3827""","=""0.0003""","=""""","=""""","=""70""","=""""",,"=""""","=""""","=""""","=""""","=""""","=""""","=""""","=""""",1,1,,"=""""","=""L914""",
"=""311.4596""","=""0.0003""","=""311.460""","=""0.005""","=""500""","=""""",,"=""41.126538""","=""45.10728""","=""2s2.2p5.(2P*<3/2>).3d""","=""2[5/2]*""","=""3""","=""2s2.2p5.(2P*<3/2>).5f""","=""2[5/2]""","=""3""",7,7,,"=""""","=""L914""",
"=""311.5033""","=""0.0003""","=""311.503""","=""0.005""","=""10""","=""""",,"=""41.121292""","=""45.10148""","=""2s2.2p5.(2P*<3/2>).3d""","=""2[5/2]*""","=""2""","=""2s2.2p5.(2P*<3/2>).5f""","=""2[3/2]""","=""1""",5,3,,"=""""","=""L914""",
"=""311.691""","=""0.010""","=""311.694""","=""0.005""","=""60""","=""""",,"=""41.126538""","=""45.10429""","=""2s2.2p5.(2P*<3/2>).3d""","=""2[5/2]*""","=""3""","=""2s2.2p5.(2P*<3/2>).5f""","=""2[9/2]""","=""4""",7,9,,"=""""","=""L914""",
"=""311.8135""","=""0.0003""","=""311.815""","=""0.005""","=""300""","=""""",,"=""41.131145""","=""45.10736""","=""2s2.2p5.(2P*<3/2>).3d""","=""2[3/2]*""","=""1""","=""2s2.2p5.(2P*<3/2>).5f""","=""2[5/2]""","=""2""",3,5,,"=""""","=""L914""",
"=""311.9038""","=""0.0003""","=""311.904""","=""0.005""","=""15""","=""""",,"=""41.126538""","=""45.10161""","=""2s2.2p5.(2P*<3/2>).3d""","=""2[5/2]*""","=""3""","=""2s2.2p5.(2P*<3/2>).5f""","=""2[3/2]""","=""2""",7,5,,"=""""","=""L914""",
"=""312.005""","=""0.010""","=""""","=""""","=""40""","=""""",,"=""""","=""""","=""""","=""""","=""""","=""""","=""""","=""""",1,1,,"=""""","=""L914""",
"=""312.2664""","=""0.0003""","=""312.266""","=""0.005""","=""350""","=""""",,"=""41.131145""","=""45.10161""","=""2s2.2p5.(2P*<3/2>).3d""","=""2[3/2]*""","=""1""","=""2s2.2p5.(2P*<3/2>).5f""","=""2[3/2]""","=""2""",3,5,,"=""""","=""L914""",
"=""312.3840""","=""0.0003""","=""""","=""""","=""400""","=""""",,"=""""","=""""","=""""","=""""","=""""","=""""","=""""","=""""",1,1,,"=""""","=""L914""",
"=""312.5321""","=""0.0003""","=""312.5318""","=""0.0014""","=""1700""","=""7.1e+07""",E,"=""37.094827""","=""41.061918""","=""2s2.2p5.3p""","=""1D""","=""2""","=""2s2.2p5.(2P*<3/2>).3d""","=""2[7/2]*""","=""3""",5,7,,"=""T7663c78""","=""L914""",
"=""312.6118""","=""0.0003""","=""312.6118""","=""0.0014""","=""600""","=""9.72e+06""",C,"=""37.181047""","=""41.147123""","=""2s2.2p5.3p""","=""1P""","=""1""","=""2s2.2p5.(2P*<3/2>).4s""","=""2[3/2]*""","=""1""",3,3,,"=""T7663""","=""L914""",
"=""312.735""","=""0.010""","=""""","=""""","=""100""","=""""",,"=""""","=""""","=""""","=""""","=""""","=""""","=""""","=""""",1,1,,"=""""","=""L914""",
"=""313.0284""","=""0.0003""","=""313.0283""","=""0.0014""","=""600""","=""1.28e+08""",A,"=""32.941315""","=""36.902113""","=""2s2.2p5.3s""","=""3P*""","=""1""","=""2s2.2p5.3p""","=""3D""","=""2""",3,5,,"=""T7663""","=""L914""",
"=""313.0728""","=""0.0003""","=""313.073""","=""0.005""","=""80""","=""""",,"=""41.147123""","=""45.10736""","=""2s2.2p5.(2P*<3/2>).4s""","=""2[3/2]*""","=""1""","=""2s2.2p5.(2P*<3/2>).5f""","=""2[5/2]""","=""2""",3,5,,"=""""","=""L914""",
"=""313.321""","=""0.010""","=""""","=""""","=""80""","=""""",,"=""""","=""""","=""""","=""""","=""""","=""""","=""""","=""""",1,1,,"=""""","=""L914""",
"=""313.6392""","=""0.0003""","=""313.6387""","=""0.0014""","=""2500""","=""7.42e+07""",A,"=""33.014713""","=""36.967803""","=""2s2.2p5.3s""","=""3P*""","=""0""","=""2s2.2p5.3p""","=""3D""","=""1""",1,3,,"=""T7663""","=""L914""",
"=""313.8770""","=""0.0003""","=""313.8762""","=""0.0014""","=""1700""","=""1.41e+08""",B+,"=""37.181047""","=""41.131145""","=""2s2.2p5.3p""","=""1P""","=""1""","=""2s2.2p5.(2P*<3/2>).3d""","=""2[3/2]*""","=""1""",3,3,,"=""T6036""","=""L914""",
"=""313.985""","=""0.010""","=""""","=""""","=""100""","=""""",,"=""""","=""""","=""""","=""""","=""""","=""""","=""""","=""""",1,1,,"=""""","=""L914""",
"=""314.143""","=""0.010""","=""""","=""""","=""35""","=""""",,"=""""","=""""","=""""","=""""","=""""","=""""","=""""","=""""",1,1,,"=""""","=""L914""",
"=""314.186""","=""0.010""","=""""","=""""","=""35""","=""""",,"=""""","=""""","=""""","=""""","=""""","=""""","=""""","=""""",1,1,,"=""""","=""L914""",
"=""314.212""","=""0.010""","=""""","=""""","=""35""","=""""",,"=""""","=""""","=""""","=""""","=""""","=""""","=""""","=""""",1,1,,"=""""","=""L914""",
"=""314.273""","=""0.010""","=""""","=""""","=""30""","=""""",,"=""""","=""""","=""""","=""""","=""""","=""""","=""""","=""""",1,1,,"=""""","=""L914""",
"=""314.358""","=""0.010""","=""""","=""""","=""35""","=""""",,"=""""","=""""","=""""","=""""","=""""","=""""","=""""","=""""",1,1,,"=""""","=""L914""",
"=""314.6617""","=""0.0003""","=""314.6611""","=""0.0014""","=""950""","=""4.5e+07""",C,"=""37.181047""","=""41.121292""","=""2s2.2p5.3p""","=""1P""","=""1""","=""2s2.2p5.(2P*<3/2>).3d""","=""2[5/2]*""","=""2""",3,5,,"=""T7663c78""","=""L914""",
"=""314.785""","=""0.010""","=""""","=""""","=""45""","=""""",,"=""""","=""""","=""""","=""""","=""""","=""""","=""""","=""""",1,1,,"=""""","=""L914""",
"=""315.0195""","=""0.0003""","=""315.0187""","=""0.0014""","=""2000""","=""8.24e+07""",B+,"=""33.322360""","=""37.258133""","=""2s2.2p5.3s""","=""1P*""","=""1""","=""2s2.2p5.3p""","=""3P""","=""1""",3,3,,"=""T7663""","=""L914""",
"=""315.140""","=""0.010""","=""""","=""""","=""60""","=""""",,"=""""","=""""","=""""","=""""","=""""","=""""","=""""","=""""",1,1,,"=""""","=""L914""",
"=""315.169""","=""0.010""","=""""","=""""","=""55""","=""""",,"=""""","=""""","=""""","=""""","=""""","=""""","=""""","=""""",1,1,,"=""""","=""L914""",
"=""315.235""","=""0.010""","=""""","=""""","=""50""","=""""",,"=""""","=""""","=""""","=""""","=""""","=""""","=""""","=""""",1,1,,"=""""","=""L914""",
"=""315.294""","=""0.010""","=""""","=""""","=""40""","=""""",,"=""""","=""""","=""""","=""""","=""""","=""""","=""""","=""""",1,1,,"=""""","=""L914""",
"=""315.415""","=""0.010""","=""""","=""""","=""40""","=""""",,"=""""","=""""","=""""","=""""","=""""","=""""","=""""","=""""",1,1,,"=""""","=""L914""",
"=""315.468""","=""0.010""","=""""","=""""","=""60""","=""""",,"=""""","=""""","=""""","=""""","=""""","=""""","=""""","=""""",1,1,,"=""""","=""L914""",
"=""315.589""","=""0.010""","=""""","=""""","=""45""","=""""",,"=""""","=""""","=""""","=""""","=""""","=""""","=""""","=""""",1,1,,"=""""","=""L914""",
"=""315.639""","=""0.010""","=""""","=""""","=""45""","=""""",,"=""""","=""""","=""""","=""""","=""""","=""""","=""""","=""""",1,1,,"=""""","=""L914""",
"=""315.676""","=""0.010""","=""""","=""""","=""45""","=""""",,"=""""","=""""","=""""","=""""","=""""","=""""","=""""","=""""",1,1,,"=""""","=""L914""",
"=""315.933""","=""0.010""","=""""","=""""","=""250""","=""""",,"=""""","=""""","=""""","=""""","=""""","=""""","=""""","=""""",1,1,,"=""""","=""L914""",
"=""316.0442""","=""0.0003""","=""316.0442""","=""0.0014""","=""70""","=""6.5e+06""",E,"=""37.208144""","=""41.131145""","=""2s2.2p5.3p""","=""3P""","=""2""","=""2s2.2p5.(2P*<3/2>).3d""","=""2[3/2]*""","=""1""",5,3,,"=""T6036c79""","=""L914""",
"=""316.2069""","=""0.0003""","=""316.2069""","=""0.0014""","=""250""","=""4.36e+06""",C+,"=""33.322360""","=""37.243343""","=""2s2.2p5.3s""","=""1P*""","=""1""","=""2s2.2p5.3p""","=""3P""","=""0""",3,1,,"=""T7663""","=""L914""",
"=""316.345""","=""0.010""","=""316.3442""","=""0.0014""","=""90""","=""7.1e+05""",E,"=""37.181047""","=""41.100329""","=""2s2.2p5.3p""","=""1P""","=""1""","=""2s2.2p5.(2P*<3/2>).4s""","=""2[3/2]*""","=""2""",3,5,,"=""T7663c78""","=""L914""",
"=""316.4162""","=""0.0003""","=""316.4158""","=""0.0014""","=""350""","=""6.1e+06""",E,"=""37.208144""","=""41.126538""","=""2s2.2p5.3p""","=""3P""","=""2""","=""2s2.2p5.(2P*<3/2>).3d""","=""2[5/2]*""","=""3""",5,7,,"=""T7663c78""","=""L914""",
"=""316.4652""","=""0.0003""","=""316.4648""","=""0.0014""","=""2000""","=""1.05e+08""",B+,"=""37.094827""","=""41.012615""","=""2s2.2p5.3p""","=""1D""","=""2""","=""2s2.2p5.(2P*<3/2>).3d""","=""2[3/2]*""","=""2""",5,5,,"=""T7663""","=""L914""",
"=""316.617""","=""0.010""","=""""","=""""","=""70""","=""""",,"=""""","=""""","=""""","=""""","=""""","=""""","=""""","=""""",1,1,,"=""""","=""L914""",
"=""316.728""","=""0.010""","=""""","=""""","=""30""","=""""",,"=""""","=""""","=""""","=""""","=""""","=""""","=""""","=""""",1,1,,"=""""","=""L914""",
"=""316.769""","=""0.010""","=""""","=""""","=""30""","=""""",,"=""""","=""""","=""""","=""""","=""""","=""""","=""""","=""""",1,1,,"=""""","=""L914""",
"=""316.8401""","=""0.0003""","=""316.8400""","=""0.0014""","=""200""","=""9.3e+06""",C+,"=""37.208144""","=""41.121292""","=""2s2.2p5.3p""","=""3P""","=""2""","=""2s2.2p5.(2P*<3/2>).3d""","=""2[5/2]*""","=""2""",5,5,,"=""T6036""","=""L914""",
"=""317.050""","=""0.010""","=""""","=""""","=""300""","=""""",,"=""""","=""""","=""""","=""""","=""""","=""""","=""""","=""""",1,1,,"=""""","=""L914""",
"=""317.254""","=""0.010""","=""""","=""""","=""25""","=""""",,"=""""","=""""","=""""","=""""","=""""","=""""","=""""","=""""",1,1,,"=""""","=""L914""",
"=""317.362""","=""0.010""","=""""","=""""","=""25""","=""""",,"=""""","=""""","=""""","=""""","=""""","=""""","=""""","=""""",1,1,,"=""""","=""L914""",
"=""317.434""","=""0.010""","=""""","=""""","=""15""","=""""",,"=""""","=""""","=""""","=""""","=""""","=""""","=""""","=""""",1,1,,"=""""","=""L914""",
"=""317.6005""","=""0.0003""","=""317.6004""","=""0.0014""","=""700""","=""6.23e+07""",C,"=""37.243343""","=""41.147123""","=""2s2.2p5.3p""","=""3P""","=""0""","=""2s2.2p5.(2P*<3/2>).4s""","=""2[3/2]*""","=""1""",1,3,,"=""T7663c79""","=""L914""",
"=""317.9984""","=""0.0003""","=""317.9975""","=""0.0014""","=""1000""","=""3.94e+07""",B,"=""37.094827""","=""40.993732""","=""2s2.2p5.3p""","=""1D""","=""2""","=""2s2.2p5.(2P*<3/2>).3d""","=""2[1/2]*""","=""1""",5,3,,"=""T7663""","=""L914""",
"=""318.186""","=""0.010""","=""""","=""""","=""160""","=""""",,"=""""","=""""","=""""","=""""","=""""","=""""","=""""","=""""",1,1,,"=""""","=""L914""",
"=""""","=""""","=""318.5465""","=""0.0014""","=""""","=""1.1e+05""",E,"=""37.208144""","=""41.100329""","=""2s2.2p5.3p""","=""3P""","=""2""","=""2s2.2p5.(2P*<3/2>).4s""","=""2[3/2]*""","=""2""",5,5,,"=""T7663c79""","=""""",
"=""318.716""","=""0.010""","=""""","=""""","=""40""","=""""",,"=""""","=""""","=""""","=""""","=""""","=""""","=""""","=""""",1,1,,"=""""","=""L914""",
"=""318.870""","=""0.010""","=""""","=""""","=""80""","=""""",,"=""""","=""""","=""""","=""""","=""""","=""""","=""""","=""""",1,1,,"=""""","=""L914""",
"=""318.9049""","=""0.0003""","=""318.9056""","=""0.0014""","=""80""","=""1.9e+07""",E,"=""37.243343""","=""41.131145""","=""2s2.2p5.3p""","=""3P""","=""0""","=""2s2.2p5.(2P*<3/2>).3d""","=""2[3/2]*""","=""1""",1,3,,"=""T6036c79""","=""L914""",
"=""318.9924""","=""0.0003""","=""""","=""""","=""200""","=""""",,"=""""","=""""","=""""","=""""","=""""","=""""","=""""","=""""",1,1,,"=""""","=""L914""",
"=""319.0712""","=""0.0003""","=""319.0713""","=""0.0014""","=""1700""","=""7.30e+07""",B+,"=""33.322360""","=""37.208144""","=""2s2.2p5.3s""","=""1P*""","=""1""","=""2s2.2p5.3p""","=""3P""","=""2""",3,5,,"=""T7663""","=""L914""",
"=""319.298""","=""0.010""","=""""","=""""","=""40""","=""""",,"=""""","=""""","=""""","=""""","=""""","=""""","=""""","=""""",1,1,,"=""""","=""L914""",
"=""319.313""","=""0.010""","=""""","=""""","=""35""","=""""",,"=""""","=""""","=""""","=""""","=""""","=""""","=""""","=""""",1,1,,"=""""","=""L914""",
"=""319.506""","=""0.010""","=""""","=""""","=""80""","=""""",,"=""""","=""""","=""""","=""""","=""""","=""""","=""""","=""""",1,1,,"=""""","=""L914""",
"=""319.671""","=""0.010""","=""""","=""""","=""25""","=""""",,"=""""","=""""","=""""","=""""","=""""","=""""","=""""","=""""",1,1,,"=""""","=""L914""",
"=""319.985""","=""0.010""","=""""","=""""","=""20""","=""""",,"=""""","=""""","=""""","=""""","=""""","=""""","=""""","=""""",1,1,,"=""""","=""L914""",
"=""320.1225""","=""0.0003""","=""320.1234""","=""0.0014""","=""60""","=""1.5e+06""",E,"=""37.258133""","=""41.131145""","=""2s2.2p5.3p""","=""3P""","=""1""","=""2s2.2p5.(2P*<3/2>).3d""","=""2[3/2]*""","=""1""",3,3,,"=""T6036c79""","=""L914""",
"=""320.514""","=""0.010""","=""""","=""""","=""45""","=""""",,"=""""","=""""","=""""","=""""","=""""","=""""","=""""","=""""",1,1,,"=""""","=""L914""",
"=""320.582""","=""0.010""","=""""","=""""","=""25""","=""""",,"=""""","=""""","=""""","=""""","=""""","=""""","=""""","=""""",1,1,,"=""""","=""L914""",
"=""""","=""""","=""320.9399""","=""0.0015""","=""""","=""4.3e+03""",E,"=""37.258133""","=""41.121292""","=""2s2.2p5.3p""","=""3P""","=""1""","=""2s2.2p5.(2P*<3/2>).3d""","=""2[5/2]*""","=""2""",3,5,,"=""T7663c79""","=""""",
"=""320.944""","=""0.010""","=""""","=""""","=""20""","=""""",,"=""""","=""""","=""""","=""""","=""""","=""""","=""""","=""""",1,1,,"=""""","=""L914""",
"=""321.3118""","=""0.0003""","=""321.3119""","=""0.0015""","=""1600""","=""1.12e+08""",A,"=""33.322360""","=""37.181047""","=""2s2.2p5.3s""","=""1P*""","=""1""","=""2s2.2p5.3p""","=""1P""","=""1""",3,3,,"=""T7663""","=""L914""",
"=""321.3748""","=""0.0003""","=""""","=""""","=""200""","=""""",,"=""""","=""""","=""""","=""""","=""""","=""""","=""""","=""""",1,1,,"=""""","=""L914""",
"=""321.570""","=""0.010""","=""""","=""""","=""130""","=""""",,"=""""","=""""","=""""","=""""","=""""","=""""","=""""","=""""",1,1,,"=""""","=""L914""",
"=""321.7212""","=""0.0003""","=""321.7215""","=""0.0015""","=""450""","=""1.4e+07""",C,"=""37.208144""","=""41.061918""","=""2s2.2p5.3p""","=""3P""","=""2""","=""2s2.2p5.(2P*<3/2>).3d""","=""2[7/2]*""","=""3""",5,7,,"=""T6036c79""","=""L914""",
"=""321.845""","=""0.010""","=""""","=""""","=""35""","=""""",,"=""""","=""""","=""""","=""""","=""""","=""""","=""""","=""""",1,1,,"=""""","=""L914""",
"=""322.2105""","=""0.0003""","=""322.211""","=""0.005""","=""60""","=""""",,"=""41.262215""","=""45.11014""","=""2s2.2p5.(2P*<1/2>).3d""","=""2[5/2]*""","=""2""","=""2s2.2p5.(2P*<3/2>).5f""","=""2[7/2]""","=""3""",5,7,,"=""""","=""L914""",
"=""322.240""","=""0.010""","=""""","=""""","=""30""","=""""",,"=""""","=""""","=""""","=""""","=""""","=""""","=""""","=""""",1,1,,"=""""","=""L914""",
"=""322.327""","=""0.010""","=""""","=""""","=""40""","=""""",,"=""""","=""""","=""""","=""""","=""""","=""""","=""""","=""""",1,1,,"=""""","=""L914""",
"=""322.4437""","=""0.0003""","=""322.444""","=""0.005""","=""60""","=""""",,"=""41.262215""","=""45.10736""","=""2s2.2p5.(2P*<1/2>).3d""","=""2[5/2]*""","=""2""","=""2s2.2p5.(2P*<3/2>).5f""","=""2[5/2]""","=""2""",5,5,,"=""""","=""L914""",
"=""322.530""","=""0.010""","=""""","=""""","=""50""","=""""",,"=""""","=""""","=""""","=""""","=""""","=""""","=""""","=""""",1,1,,"=""""","=""L914""",
"=""322.6221""","=""0.0003""","=""322.622""","=""0.005""","=""35""","=""""",,"=""41.267140""","=""45.11016""","=""2s2.2p5.(2P*<1/2>).3d""","=""2[5/2]*""","=""3""","=""2s2.2p5.(2P*<3/2>).5f""","=""2[7/2]""","=""4""",7,9,,"=""""","=""L914""",
"=""322.6908""","=""0.0003""","=""322.6910""","=""0.0015""","=""450""","=""1.8e+07""",E,"=""37.258133""","=""41.100329""","=""2s2.2p5.3p""","=""3P""","=""1""","=""2s2.2p5.(2P*<3/2>).4s""","=""2[3/2]*""","=""2""",3,5,,"=""T7663c78""","=""L914""",
"=""323.004""","=""0.010""","=""""","=""""","=""80""","=""""",,"=""""","=""""","=""""","=""""","=""""","=""""","=""""","=""""",1,1,,"=""""","=""L914""",
"=""323.234""","=""0.010""","=""""","=""""","=""45""","=""""",,"=""""","=""""","=""""","=""""","=""""","=""""","=""""","=""""",1,1,,"=""""","=""L914""",
"=""323.5861""","=""0.0003""","=""323.5861""","=""0.0015""","=""700""","=""1.83e+07""",B,"=""37.181047""","=""41.012615""","=""2s2.2p5.3p""","=""1P""","=""1""","=""2s2.2p5.(2P*<3/2>).3d""","=""2[3/2]*""","=""2""",3,5,,"=""T7663""","=""L914""",
"=""323.763""","=""0.010""","=""""","=""""","=""20""","=""""",,"=""""","=""""","=""""","=""""","=""""","=""""","=""""","=""""",1,1,,"=""""","=""L914""",
"=""323.913""","=""0.010""","=""""","=""""","=""12""","=""""",,"=""""","=""""","=""""","=""""","=""""","=""""","=""""","=""""",1,1,,"=""""","=""L914""",
"=""324.015""","=""0.010""","=""""","=""""","=""15""","=""""",,"=""""","=""""","=""""","=""""","=""""","=""""","=""""","=""""",1,1,,"=""""","=""L914""",
"=""324.1259""","=""0.0003""","=""324.126""","=""0.005""","=""40""","=""""",,"=""41.282097""","=""45.10728""","=""2s2.2p5.(2P*<1/2>).3d""","=""2[3/2]*""","=""2""","=""2s2.2p5.(2P*<3/2>).5f""","=""2[5/2]""","=""3""",5,7,,"=""""","=""L914""",
"=""324.300""","=""0.010""","=""""","=""""","=""15""","=""""",,"=""""","=""""","=""""","=""""","=""""","=""""","=""""","=""""",1,1,,"=""""","=""L914""",
"=""324.546""","=""0.010""","=""""","=""""","=""15""","=""""",,"=""""","=""""","=""""","=""""","=""""","=""""","=""""","=""""",1,1,,"=""""","=""L914""",
"=""324.582""","=""0.010""","=""""","=""""","=""20""","=""""",,"=""""","=""""","=""""","=""""","=""""","=""""","=""""","=""""",1,1,,"=""""","=""L914""",
"=""324.836""","=""0.010""","=""""","=""""","=""40""","=""""",,"=""""","=""""","=""""","=""""","=""""","=""""","=""""","=""""",1,1,,"=""""","=""L914""",
"=""324.885""","=""0.010""","=""""","=""""","=""20""","=""""",,"=""""","=""""","=""""","=""""","=""""","=""""","=""""","=""""",1,1,,"=""""","=""L914""",
"=""324.940""","=""0.010""","=""""","=""""","=""35""","=""""",,"=""""","=""""","=""""","=""""","=""""","=""""","=""""","=""""",1,1,,"=""""","=""L914""",
"=""325.1887""","=""0.0003""","=""325.1887""","=""0.0015""","=""400""","=""9.65e+06""",C+,"=""37.181047""","=""40.993732""","=""2s2.2p5.3p""","=""1P""","=""1""","=""2s2.2p5.(2P*<3/2>).3d""","=""2[1/2]*""","=""1""",3,3,,"=""T7663""","=""L914""",
"=""325.262""","=""0.010""","=""""","=""""","=""300""","=""""",,"=""""","=""""","=""""","=""""","=""""","=""""","=""""","=""""",1,1,,"=""""","=""L914""",
"=""325.533""","=""0.010""","=""""","=""""","=""30""","=""""",,"=""""","=""""","=""""","=""""","=""""","=""""","=""""","=""""",1,1,,"=""""","=""L914""",
"=""325.565""","=""0.010""","=""""","=""""","=""30""","=""""",,"=""""","=""""","=""""","=""""","=""""","=""""","=""""","=""""",1,1,,"=""""","=""L914""",
"=""325.605""","=""0.010""","=""""","=""""","=""40""","=""""",,"=""""","=""""","=""""","=""""","=""""","=""""","=""""","=""""",1,1,,"=""""","=""L914""",
"=""325.8904""","=""0.0003""","=""325.8907""","=""0.0015""","=""1500""","=""1.03e+08""",B+,"=""37.208144""","=""41.012615""","=""2s2.2p5.3p""","=""3P""","=""2""","=""2s2.2p5.(2P*<3/2>).3d""","=""2[3/2]*""","=""2""",5,5,,"=""T6036""","=""L914""",
"=""326.1150""","=""0.0003""","=""326.1155""","=""0.0015""","=""650""","=""4.65e+07""",B,"=""37.181047""","=""40.982896""","=""2s2.2p5.3p""","=""1P""","=""1""","=""2s2.2p5.(2P*<3/2>).3d""","=""2[1/2]*""","=""0""",3,1,,"=""T7663""","=""L914""",
"=""326.261""","=""0.010""","=""""","=""""","=""30""","=""""",,"=""""","=""""","=""""","=""""","=""""","=""""","=""""","=""""",1,1,,"=""""","=""L914""",
"=""326.332""","=""0.010""","=""""","=""""","=""30""","=""""",,"=""""","=""""","=""""","=""""","=""""","=""""","=""""","=""""",1,1,,"=""""","=""L914""",
"=""326.453""","=""0.010""","=""""","=""""","=""130""","=""""",,"=""""","=""""","=""""","=""""","=""""","=""""","=""""","=""""",1,1,,"=""""","=""L914""",
"=""326.925""","=""0.010""","=""""","=""""","=""25""","=""""",,"=""""","=""""","=""""","=""""","=""""","=""""","=""""","=""""",1,1,,"=""""","=""L914""",
"=""327.252""","=""0.010""","=""""","=""""","=""25""","=""""",,"=""""","=""""","=""""","=""""","=""""","=""""","=""""","=""""",1,1,,"=""""","=""L914""",
"=""327.368""","=""0.010""","=""""","=""""","=""70""","=""""",,"=""""","=""""","=""""","=""""","=""""","=""""","=""""","=""""",1,1,,"=""""","=""L914""",
"=""327.5164""","=""0.0003""","=""327.5163""","=""0.0015""","=""950""","=""4.29e+07""",B,"=""37.208144""","=""40.993732""","=""2s2.2p5.3p""","=""3P""","=""2""","=""2s2.2p5.(2P*<3/2>).3d""","=""2[1/2]*""","=""1""",5,3,,"=""T6036""","=""L914""",
"=""327.896""","=""0.010""","=""""","=""""","=""40""","=""""",,"=""""","=""""","=""""","=""""","=""""","=""""","=""""","=""""",1,1,,"=""""","=""L914""",
"=""327.971""","=""0.010""","=""""","=""""","=""35""","=""""",,"=""""","=""""","=""""","=""""","=""""","=""""","=""""","=""""",1,1,,"=""""","=""L914""",
"=""328.120""","=""0.010""","=""""","=""""","=""35""","=""""",,"=""""","=""""","=""""","=""""","=""""","=""""","=""""","=""""",1,1,,"=""""","=""L914""",
"=""328.373""","=""0.010""","=""""","=""""","=""90""","=""""",,"=""""","=""""","=""""","=""""","=""""","=""""","=""""","=""""",1,1,,"=""""","=""L914""",
"=""328.6549""","=""0.0003""","=""328.6555""","=""0.0015""","=""1700""","=""1.10e+08""",A,"=""33.322360""","=""37.094827""","=""2s2.2p5.3s""","=""1P*""","=""1""","=""2s2.2p5.3p""","=""1D""","=""2""",3,5,,"=""T7663""","=""L914""",
"=""329.029""","=""0.010""","=""""","=""""","=""60""","=""""",,"=""""","=""""","=""""","=""""","=""""","=""""","=""""","=""""",1,1,,"=""""","=""L914""",
"=""329.139""","=""0.010""","=""""","=""""","=""80""","=""""",,"=""""","=""""","=""""","=""""","=""""","=""""","=""""","=""""",1,1,,"=""""","=""L914""",
"=""329.232""","=""0.010""","=""""","=""""","=""50""","=""""",,"=""""","=""""","=""""","=""""","=""""","=""""","=""""","=""""",1,1,,"=""""","=""L914""",
"=""329.345""","=""0.010""","=""""","=""""","=""80""","=""""",,"=""""","=""""","=""""","=""""","=""""","=""""","=""""","=""""",1,1,,"=""""","=""L914""",
"=""329.569""","=""0.010""","=""""","=""""","=""60""","=""""",,"=""""","=""""","=""""","=""""","=""""","=""""","=""""","=""""",1,1,,"=""""","=""L914""",
"=""329.660""","=""0.010""","=""""","=""""","=""60""","=""""",,"=""""","=""""","=""""","=""""","=""""","=""""","=""""","=""""",1,1,,"=""""","=""L914""",
"=""329.809""","=""0.010""","=""""","=""""","=""70""","=""""",,"=""""","=""""","=""""","=""""","=""""","=""""","=""""","=""""",1,1,,"=""""","=""L914""",
"=""329.926""","=""0.010""","=""""","=""""","=""70""","=""""",,"=""""","=""""","=""""","=""""","=""""","=""""","=""""","=""""",1,1,,"=""""","=""L914""",
"=""330.063""","=""0.010""","=""""","=""""","=""130""","=""""",,"=""""","=""""","=""""","=""""","=""""","=""""","=""""","=""""",1,1,,"=""""","=""L914""",
"=""330.2300""","=""0.0003""","=""330.2298""","=""0.0015""","=""1700""","=""4.54e+06""",C,"=""37.258133""","=""41.012615""","=""2s2.2p5.3p""","=""3P""","=""1""","=""2s2.2p5.(2P*<3/2>).3d""","=""2[3/2]*""","=""2""",3,5,,"=""T6036""","=""L914""",
"=""330.5908""","=""0.0003""","=""330.5902""","=""0.0015""","=""1500""","=""3.60e+07""",B,"=""37.243343""","=""40.993732""","=""2s2.2p5.3p""","=""3P""","=""0""","=""2s2.2p5.(2P*<3/2>).3d""","=""2[1/2]*""","=""1""",1,3,,"=""T6036""","=""L914""",
"=""330.883""","=""0.010""","=""""","=""""","=""200""","=""""",,"=""""","=""""","=""""","=""""","=""""","=""""","=""""","=""""",1,1,,"=""""","=""L914""",
"=""331.363""","=""0.010""","=""""","=""""","=""60""","=""""",,"=""""","=""""","=""""","=""""","=""""","=""""","=""""","=""""",1,1,,"=""""","=""L914""",
"=""331.471""","=""0.010""","=""""","=""""","=""90""","=""""",,"=""""","=""""","=""""","=""""","=""""","=""""","=""""","=""""",1,1,,"=""""","=""L914""",
"=""331.503""","=""0.010""","=""""","=""""","=""70""","=""""",,"=""""","=""""","=""""","=""""","=""""","=""""","=""""","=""""",1,1,,"=""""","=""L914""",
"=""331.8994""","=""0.0003""","=""331.8991""","=""0.0016""","=""1000""","=""4.14e+07""",B,"=""37.258133""","=""40.993732""","=""2s2.2p5.3p""","=""3P""","=""1""","=""2s2.2p5.(2P*<3/2>).3d""","=""2[1/2]*""","=""1""",3,3,,"=""T6036""","=""L914""",
"=""332.118""","=""0.010""","=""""","=""""","=""60""","=""""",,"=""""","=""""","=""""","=""""","=""""","=""""","=""""","=""""",1,1,,"=""""","=""L914""",
"=""332.155""","=""0.010""","=""""","=""""","=""60""","=""""",,"=""""","=""""","=""""","=""""","=""""","=""""","=""""","=""""",1,1,,"=""""","=""L914""",
"=""332.489""","=""0.010""","=""""","=""""","=""60""","=""""",,"=""""","=""""","=""""","=""""","=""""","=""""","=""""","=""""",1,1,,"=""""","=""L914""",
"=""332.738""","=""0.010""","=""""","=""""","=""60""","=""""",,"=""""","=""""","=""""","=""""","=""""","=""""","=""""","=""""",1,1,,"=""""","=""L914""",
"=""332.7847""","=""0.0003""","=""""","=""""","=""100""","=""""",,"=""""","=""""","=""""","=""""","=""""","=""""","=""""","=""""",1,1,,"=""""","=""L914""",
"=""332.8646""","=""0.0003""","=""332.8647""","=""0.0016""","=""950""","=""9.45e+07""",B,"=""37.258133""","=""40.982896""","=""2s2.2p5.3p""","=""3P""","=""1""","=""2s2.2p5.(2P*<3/2>).3d""","=""2[1/2]*""","=""0""",3,1,,"=""T6036""","=""L914""",
"=""333.403""","=""0.010""","=""""","=""""","=""60""","=""""",,"=""""","=""""","=""""","=""""","=""""","=""""","=""""","=""""",1,1,,"=""""","=""L914""",
"=""333.464""","=""0.010""","=""""","=""""","=""60""","=""""",,"=""""","=""""","=""""","=""""","=""""","=""""","=""""","=""""",1,1,,"=""""","=""L914""",
"=""333.541""","=""0.010""","=""""","=""""","=""70""","=""""",,"=""""","=""""","=""""","=""""","=""""","=""""","=""""","=""""",1,1,,"=""""","=""L914""",
"=""333.897""","=""0.010""","=""""","=""""","=""70""","=""""",,"=""""","=""""","=""""","=""""","=""""","=""""","=""""","=""""",1,1,,"=""""","=""L914""",
"=""333.967""","=""0.010""","=""""","=""""","=""50""","=""""",,"=""""","=""""","=""""","=""""","=""""","=""""","=""""","=""""",1,1,,"=""""","=""L914""",
"=""334.017""","=""0.010""","=""""","=""""","=""40""","=""""",,"=""""","=""""","=""""","=""""","=""""","=""""","=""""","=""""",1,1,,"=""""","=""L914""",
"=""334.078""","=""0.010""","=""""","=""""","=""45""","=""""",,"=""""","=""""","=""""","=""""","=""""","=""""","=""""","=""""",1,1,,"=""""","=""L914""",
"=""334.273""","=""0.010""","=""""","=""""","=""80""","=""""",,"=""""","=""""","=""""","=""""","=""""","=""""","=""""","=""""",1,1,,"=""""","=""L914""",
"=""334.322""","=""0.010""","=""""","=""""","=""100""","=""""",,"=""""","=""""","=""""","=""""","=""""","=""""","=""""","=""""",1,1,,"=""""","=""L914""",
"=""334.413""","=""0.010""","=""""","=""""","=""70""","=""""",,"=""""","=""""","=""""","=""""","=""""","=""""","=""""","=""""",1,1,,"=""""","=""L914""",
"=""334.725""","=""0.010""","=""""","=""""","=""60""","=""""",,"=""""","=""""","=""""","=""""","=""""","=""""","=""""","=""""",1,1,,"=""""","=""L914""",
"=""334.853""","=""0.010""","=""""","=""""","=""50""","=""""",,"=""""","=""""","=""""","=""""","=""""","=""""","=""""","=""""",1,1,,"=""""","=""L914""",
"=""335.043""","=""0.010""","=""""","=""""","=""60""","=""""",,"=""""","=""""","=""""","=""""","=""""","=""""","=""""","=""""",1,1,,"=""""","=""L914""",
"=""335.292""","=""0.010""","=""""","=""""","=""90""","=""""",,"=""""","=""""","=""""","=""""","=""""","=""""","=""""","=""""",1,1,,"=""""","=""L914""",
"=""335.485""","=""0.010""","=""""","=""""","=""300""","=""""",,"=""""","=""""","=""""","=""""","=""""","=""""","=""""","=""""",1,1,,"=""""","=""L914""",
"=""335.512""","=""0.010""","=""""","=""""","=""300""","=""""",,"=""""","=""""","=""""","=""""","=""""","=""""","=""""","=""""",1,1,,"=""""","=""L914""",
"=""335.672""","=""0.010""","=""""","=""""","=""50""","=""""",,"=""""","=""""","=""""","=""""","=""""","=""""","=""""","=""""",1,1,,"=""""","=""L914""",
"=""336.116""","=""0.010""","=""""","=""""","=""500""","=""""",,"=""""","=""""","=""""","=""""","=""""","=""""","=""""","=""""",1,1,,"=""""","=""L914""",
"=""336.330""","=""0.010""","=""""","=""""","=""160""","=""""",,"=""""","=""""","=""""","=""""","=""""","=""""","=""""","=""""",1,1,,"=""""","=""L914""",
"=""336.376""","=""0.010""","=""""","=""""","=""160""","=""""",,"=""""","=""""","=""""","=""""","=""""","=""""","=""""","=""""",1,1,,"=""""","=""L914""",
"=""336.498""","=""0.010""","=""""","=""""","=""130""","=""""",,"=""""","=""""","=""""","=""""","=""""","=""""","=""""","=""""",1,1,,"=""""","=""L914""",
"=""336.571""","=""0.010""","=""""","=""""","=""130""","=""""",,"=""""","=""""","=""""","=""""","=""""","=""""","=""""","=""""",1,1,,"=""""","=""L914""",
"=""336.9600""","=""0.0003""","=""""","=""""","=""160""","=""""",,"=""""","=""""","=""""","=""""","=""""","=""""","=""""","=""""",1,1,,"=""""","=""L914""",
"=""337.036""","=""0.010""","=""""","=""""","=""200""","=""""",,"=""""","=""""","=""""","=""""","=""""","=""""","=""""","=""""",1,1,,"=""""","=""L914""",
"=""337.319""","=""0.010""","=""""","=""""","=""160""","=""""",,"=""""","=""""","=""""","=""""","=""""","=""""","=""""","=""""",1,1,,"=""""","=""L914""",
"=""337.577""","=""0.010""","=""""","=""""","=""50""","=""""",,"=""""","=""""","=""""","=""""","=""""","=""""","=""""","=""""",1,1,,"=""""","=""L914""",
"=""337.645""","=""0.010""","=""""","=""""","=""50""","=""""",,"=""""","=""""","=""""","=""""","=""""","=""""","=""""","=""""",1,1,,"=""""","=""L914""",
"=""337.968""","=""0.010""","=""""","=""""","=""35""","=""""",,"=""""","=""""","=""""","=""""","=""""","=""""","=""""","=""""",1,1,,"=""""","=""L914""",
"=""338.130""","=""0.010""","=""""","=""""","=""40""","=""""",,"=""""","=""""","=""""","=""""","=""""","=""""","=""""","=""""",1,1,,"=""""","=""L914""",
"=""338.572""","=""0.010""","=""""","=""""","=""35""","=""""",,"=""""","=""""","=""""","=""""","=""""","=""""","=""""","=""""",1,1,,"=""""","=""L914""",
"=""338.824""","=""0.010""","=""""","=""""","=""25""","=""""",,"=""""","=""""","=""""","=""""","=""""","=""""","=""""","=""""",1,1,,"=""""","=""L914""",
"=""338.882""","=""0.010""","=""""","=""""","=""50""","=""""",,"=""""","=""""","=""""","=""""","=""""","=""""","=""""","=""""",1,1,,"=""""","=""L914""",
"=""339.635""","=""0.010""","=""""","=""""","=""40""","=""""",,"=""""","=""""","=""""","=""""","=""""","=""""","=""""","=""""",1,1,,"=""""","=""L914""",
"=""339.675""","=""0.010""","=""""","=""""","=""40""","=""""",,"=""""","=""""","=""""","=""""","=""""","=""""","=""""","=""""",1,1,,"=""""","=""L914""",
"=""339.978""","=""0.010""","=""""","=""""","=""50""","=""""",,"=""""","=""""","=""""","=""""","=""""","=""""","=""""","=""""",1,1,,"=""""","=""L914""",
"=""340.024""","=""0.010""","=""""","=""""","=""60""","=""""",,"=""""","=""""","=""""","=""""","=""""","=""""","=""""","=""""",1,1,,"=""""","=""L914""",
"=""340.1069""","=""0.0003""","=""340.1074""","=""0.0016""","=""200""","=""1.24e+06""",C+,"=""33.322360""","=""36.967803""","=""2s2.2p5.3s""","=""1P*""","=""1""","=""2s2.2p5.3p""","=""3D""","=""1""",3,3,,"=""T7663""","=""L914""",
"=""341.181""","=""0.010""","=""""","=""""","=""12""","=""""",,"=""""","=""""","=""""","=""""","=""""","=""""","=""""","=""""",1,1,,"=""""","=""L914""",
"=""342.233""","=""0.010""","=""""","=""""","=""60""","=""""",,"=""""","=""""","=""""","=""""","=""""","=""""","=""""","=""""",1,1,,"=""""","=""L914""",
"=""342.457""","=""0.010""","=""""","=""""","=""70""","=""""",,"=""""","=""""","=""""","=""""","=""""","=""""","=""""","=""""",1,1,,"=""""","=""L914""",
"=""342.501""","=""0.010""","=""""","=""""","=""130""","=""""",,"=""""","=""""","=""""","=""""","=""""","=""""","=""""","=""""",1,1,,"=""""","=""L914""",
"=""342.628""","=""0.010""","=""""","=""""","=""30""","=""""",,"=""""","=""""","=""""","=""""","=""""","=""""","=""""","=""""",1,1,,"=""""","=""L914""",
"=""343.269""","=""0.010""","=""""","=""""","=""25""","=""""",,"=""""","=""""","=""""","=""""","=""""","=""""","=""""","=""""",1,1,,"=""""","=""L914""",
"=""343.447""","=""0.010""","=""""","=""""","=""40""","=""""",,"=""""","=""""","=""""","=""""","=""""","=""""","=""""","=""""",1,1,,"=""""","=""L914""",
"=""344.024""","=""0.010""","=""""","=""""","=""30""","=""""",,"=""""","=""""","=""""","=""""","=""""","=""""","=""""","=""""",1,1,,"=""""","=""L914""",
"=""344.111""","=""0.010""","=""""","=""""","=""35""","=""""",,"=""""","=""""","=""""","=""""","=""""","=""""","=""""","=""""",1,1,,"=""""","=""L914""",
"=""344.435""","=""0.010""","=""""","=""""","=""50""","=""""",,"=""""","=""""","=""""","=""""","=""""","=""""","=""""","=""""",1,1,,"=""""","=""L914""",
"=""345.116""","=""0.010""","=""""","=""""","=""20""","=""""",,"=""""","=""""","=""""","=""""","=""""","=""""","=""""","=""""",1,1,,"=""""","=""L914""",
"=""345.187""","=""0.010""","=""""","=""""","=""20""","=""""",,"=""""","=""""","=""""","=""""","=""""","=""""","=""""","=""""",1,1,,"=""""","=""L914""",
"=""345.627""","=""0.010""","=""""","=""""","=""25""","=""""",,"=""""","=""""","=""""","=""""","=""""","=""""","=""""","=""""",1,1,,"=""""","=""L914""",
"=""345.802""","=""0.010""","=""""","=""""","=""15""","=""""",,"=""""","=""""","=""""","=""""","=""""","=""""","=""""","=""""",1,1,,"=""""","=""L914""",
"=""345.994""","=""0.010""","=""""","=""""","=""15""","=""""",,"=""""","=""""","=""""","=""""","=""""","=""""","=""""","=""""",1,1,,"=""""","=""L914""",
"=""346.3483""","=""0.0003""","=""346.3485""","=""0.0017""","=""450""","=""3.61e+06""",B,"=""33.322360""","=""36.902113""","=""2s2.2p5.3s""","=""1P*""","=""1""","=""2s2.2p5.3p""","=""3D""","=""2""",3,5,,"=""T7663""","=""L914""",
"=""346.970""","=""0.010""","=""""","=""""","=""25""","=""""",,"=""""","=""""","=""""","=""""","=""""","=""""","=""""","=""""",1,1,,"=""""","=""L914""",
"=""347.420""","=""0.010""","=""""","=""""","=""35""","=""""",,"=""""","=""""","=""""","=""""","=""""","=""""","=""""","=""""",1,1,,"=""""","=""L914""",
"=""347.681""","=""0.010""","=""""","=""""","=""70""","=""""",,"=""""","=""""","=""""","=""""","=""""","=""""","=""""","=""""",1,1,,"=""""","=""L914""",
"=""348.300""","=""0.010""","=""""","=""""","=""40""","=""""",,"=""""","=""""","=""""","=""""","=""""","=""""","=""""","=""""",1,1,,"=""""","=""L914""",
"=""348.402""","=""0.010""","=""""","=""""","=""40""","=""""",,"=""""","=""""","=""""","=""""","=""""","=""""","=""""","=""""",1,1,,"=""""","=""L914""",
"=""348.674""","=""0.010""","=""""","=""""","=""20""","=""""",,"=""""","=""""","=""""","=""""","=""""","=""""","=""""","=""""",1,1,,"=""""","=""L914""",
"=""349.926""","=""0.010""","=""""","=""""","=""160""","=""""",,"=""""","=""""","=""""","=""""","=""""","=""""","=""""","=""""",1,1,,"=""""","=""L914""",
"=""351.796""","=""0.010""","=""""","=""""","=""60""","=""""",,"=""""","=""""","=""""","=""""","=""""","=""""","=""""","=""""",1,1,,"=""""","=""L914""",
"=""352.630""","=""0.010""","=""""","=""""","=""60""","=""""",,"=""""","=""""","=""""","=""""","=""""","=""""","=""""","=""""",1,1,,"=""""","=""L914""",
"=""352.898""","=""0.010""","=""""","=""""","=""80""","=""""",,"=""""","=""""","=""""","=""""","=""""","=""""","=""""","=""""",1,1,,"=""""","=""L914""",
"=""353.012""","=""0.010""","=""""","=""""","=""130""","=""""",,"=""""","=""""","=""""","=""""","=""""","=""""","=""""","=""""",1,1,,"=""""","=""L914""",
"=""353.149""","=""0.010""","=""""","=""""","=""160""","=""""",,"=""""","=""""","=""""","=""""","=""""","=""""","=""""","=""""",1,1,,"=""""","=""L914""",
"=""353.4062""","=""0.0003""","=""353.4067""","=""0.0018""","=""1500""","=""8.81e+07""",A,"=""32.846429""","=""36.354688""","=""2s2.2p5.3s""","=""3P*""","=""2""","=""2s2.2p5.3p""","=""3S""","=""1""",5,3,,"=""T7663""","=""L914""",
"=""354.124""","=""0.010""","=""""","=""""","=""70""","=""""",,"=""""","=""""","=""""","=""""","=""""","=""""","=""""","=""""",1,1,,"=""""","=""L914""",
"=""354.237""","=""0.010""","=""""","=""""","=""60""","=""""",,"=""""","=""""","=""""","=""""","=""""","=""""","=""""","=""""",1,1,,"=""""","=""L914""",
"=""355.158""","=""0.010""","=""""","=""""","=""60""","=""""",,"=""""","=""""","=""""","=""""","=""""","=""""","=""""","=""""",1,1,,"=""""","=""L914""",
"=""355.293""","=""0.010""","=""""","=""""","=""45""","=""""",,"=""""","=""""","=""""","=""""","=""""","=""""","=""""","=""""",1,1,,"=""""","=""L914""",
"=""355.351""","=""0.010""","=""""","=""""","=""60""","=""""",,"=""""","=""""","=""""","=""""","=""""","=""""","=""""","=""""",1,1,,"=""""","=""L914""",
"=""355.514""","=""0.010""","=""""","=""""","=""60""","=""""",,"=""""","=""""","=""""","=""""","=""""","=""""","=""""","=""""",1,1,,"=""""","=""L914""",
"=""356.720""","=""0.010""","=""""","=""""","=""130""","=""""",,"=""""","=""""","=""""","=""""","=""""","=""""","=""""","=""""",1,1,,"=""""","=""L914""",
"=""357.150""","=""0.010""","=""""","=""""","=""130""","=""""",,"=""""","=""""","=""""","=""""","=""""","=""""","=""""","=""""",1,1,,"=""""","=""L914""",
"=""359.845""","=""0.010""","=""""","=""""","=""35""","=""""",,"=""""","=""""","=""""","=""""","=""""","=""""","=""""","=""""",1,1,,"=""""","=""L914""",
"=""359.940""","=""0.010""","=""""","=""""","=""25""","=""""",,"=""""","=""""","=""""","=""""","=""""","=""""","=""""","=""""",1,1,,"=""""","=""L914""",
"=""361.058""","=""0.010""","=""""","=""""","=""60""","=""""",,"=""""","=""""","=""""","=""""","=""""","=""""","=""""","=""""",1,1,,"=""""","=""L914""",
"=""361.661""","=""0.010""","=""""","=""""","=""40""","=""""",,"=""""","=""""","=""""","=""""","=""""","=""""","=""""","=""""",1,1,,"=""""","=""L914""",
"=""363.2307""","=""0.0003""","=""363.2307""","=""0.0019""","=""1200""","=""3.72e+07""",A,"=""32.941315""","=""36.354688""","=""2s2.2p5.3s""","=""3P*""","=""1""","=""2s2.2p5.3p""","=""3S""","=""1""",3,3,,"=""T7663""","=""L914""",
"=""366.969""","=""0.010""","=""""","=""""","=""30""","=""""",,"=""""","=""""","=""""","=""""","=""""","=""""","=""""","=""""",1,1,,"=""""","=""L914""",
"=""369.525""","=""0.010""","=""""","=""""","=""25""","=""""",,"=""""","=""""","=""""","=""""","=""""","=""""","=""""","=""""",1,1,,"=""""","=""L914""",
"=""370.205""","=""0.010""","=""""","=""""","=""30""","=""""",,"=""""","=""""","=""""","=""""","=""""","=""""","=""""","=""""",1,1,,"=""""","=""L914""",
"=""370.263""","=""0.010""","=""""","=""""","=""30""","=""""",,"=""""","=""""","=""""","=""""","=""""","=""""","=""""","=""""",1,1,,"=""""","=""L914""",
"=""371.2126""","=""0.0003""","=""371.2130""","=""0.0019""","=""850""","=""1.02e+07""",B+,"=""33.014713""","=""36.354688""","=""2s2.2p5.3s""","=""3P*""","=""0""","=""2s2.2p5.3p""","=""3S""","=""1""",1,3,,"=""T7663""","=""L914""",
"=""374.439""","=""0.010""","=""""","=""""","=""45""","=""""",,"=""""","=""""","=""""","=""""","=""""","=""""","=""""","=""""",1,1,,"=""""","=""L914""",
"=""379.933""","=""0.010""","=""""","=""""","=""130""","=""""",,"=""""","=""""","=""""","=""""","=""""","=""""","=""""","=""""",1,1,,"=""""","=""L914""",
"=""380.761""","=""0.010""","=""""","=""""","=""130""","=""""",,"=""""","=""""","=""""","=""""","=""""","=""""","=""""","=""""",1,1,,"=""""","=""L914""",
"=""381.420""","=""0.010""","=""""","=""""","=""100""","=""""",,"=""""","=""""","=""""","=""""","=""""","=""""","=""""","=""""",1,1,,"=""""","=""L914""",
"=""381.569""","=""0.010""","=""""","=""""","=""60""","=""""",,"=""""","=""""","=""""","=""""","=""""","=""""","=""""","=""""",1,1,,"=""""","=""L914""",
"=""382.158""","=""0.010""","=""""","=""""","=""70""","=""""",,"=""""","=""""","=""""","=""""","=""""","=""""","=""""","=""""",1,1,,"=""""","=""L914""",
"=""385.941""","=""0.010""","=""""","=""""","=""500""","=""""",,"=""""","=""""","=""""","=""""","=""""","=""""","=""""","=""""",1,1,,"=""""","=""L914""",
"=""387.236""","=""0.010""","=""""","=""""","=""300""","=""""",,"=""""","=""""","=""""","=""""","=""""","=""""","=""""","=""""",1,1,,"=""""","=""L914""",
"=""388.006""","=""0.010""","=""""","=""""","=""160""","=""""",,"=""""","=""""","=""""","=""""","=""""","=""""","=""""","=""""",1,1,,"=""""","=""L914""",
"=""388.832""","=""0.010""","=""""","=""""","=""90""","=""""",,"=""""","=""""","=""""","=""""","=""""","=""""","=""""","=""""",1,1,,"=""""","=""L914""",
"=""388.997""","=""0.010""","=""""","=""""","=""130""","=""""",,"=""""","=""""","=""""","=""""","=""""","=""""","=""""","=""""",1,1,,"=""""","=""L914""",
"=""389.688""","=""0.010""","=""""","=""""","=""130""","=""""",,"=""""","=""""","=""""","=""""","=""""","=""""","=""""","=""""",1,1,,"=""""","=""L914""",
"=""389.802""","=""0.010""","=""""","=""""","=""70""","=""""",,"=""""","=""""","=""""","=""""","=""""","=""""","=""""","=""""",1,1,,"=""""","=""L914""",
"=""390.278""","=""0.010""","=""""","=""""","=""90""","=""""",,"=""""","=""""","=""""","=""""","=""""","=""""","=""""","=""""",1,1,,"=""""","=""L914""",
"=""390.480""","=""0.010""","=""""","=""""","=""80""","=""""",,"=""""","=""""","=""""","=""""","=""""","=""""","=""""","=""""",1,1,,"=""""","=""L914""",
"=""390.585""","=""0.010""","=""""","=""""","=""100""","=""""",,"=""""","=""""","=""""","=""""","=""""","=""""","=""""","=""""",1,1,,"=""""","=""L914""",
"=""391.137""","=""0.010""","=""""","=""""","=""100""","=""""",,"=""""","=""""","=""""","=""""","=""""","=""""","=""""","=""""",1,1,,"=""""","=""L914""",
"=""392.782""","=""0.010""","=""""","=""""","=""100""","=""""",,"=""""","=""""","=""""","=""""","=""""","=""""","=""""","=""""",1,1,,"=""""","=""L914""",
"=""393.807""","=""0.010""","=""""","=""""","=""100""","=""""",,"=""""","=""""","=""""","=""""","=""""","=""""","=""""","=""""",1,1,,"=""""","=""L914""",
"=""394.057""","=""0.010""","=""""","=""""","=""60""","=""""",,"=""""","=""""","=""""","=""""","=""""","=""""","=""""","=""""",1,1,,"=""""","=""L914""",
"=""394.262""","=""0.010""","=""""","=""""","=""80""","=""""",,"=""""","=""""","=""""","=""""","=""""","=""""","=""""","=""""",1,1,,"=""""","=""L914""",
"=""394.410""","=""0.010""","=""""","=""""","=""130""","=""""",,"=""""","=""""","=""""","=""""","=""""","=""""","=""""","=""""",1,1,,"=""""","=""L914""",
"=""398.698""","=""0.010""","=""""","=""""","=""30""","=""""",,"=""""","=""""","=""""","=""""","=""""","=""""","=""""","=""""",1,1,,"=""""","=""L914""",
"=""399.810""","=""0.010""","=""""","=""""","=""130""","=""""",,"=""""","=""""","=""""","=""""","=""""","=""""","=""""","=""""",1,1,,"=""""","=""L914""",
"=""399.991""","=""0.010""","=""""","=""""","=""70""","=""""",,"=""""","=""""","=""""","=""""","=""""","=""""","=""""","=""""",1,1,,"=""""","=""L914""",
"=""400.476""","=""0.010""","=""""","=""""","=""45""","=""""",,"=""""","=""""","=""""","=""""","=""""","=""""","=""""","=""""",1,1,,"=""""","=""L914""",
"=""400.611""","=""0.010""","=""""","=""""","=""100""","=""""",,"=""""","=""""","=""""","=""""","=""""","=""""","=""""","=""""",1,1,,"=""""","=""L914""",
"=""402.907""","=""0.010""","=""""","=""""","=""40""","=""""",,"=""""","=""""","=""""","=""""","=""""","=""""","=""""","=""""",1,1,,"=""""","=""L914""",
"=""405.7153""","=""0.0003""","=""405.7161""","=""0.0023""","=""50""","=""""",,"=""40.993732""","=""44.049668""","=""2s2.2p5.(2P*<3/2>).3d""","=""2[1/2]*""","=""1""","=""2s2.2p5.(2P*<1/2>).4f""","=""2[5/2]""","=""2""",3,5,,"=""""","=""L914""",
"=""406.082""","=""0.010""","=""""","=""""","=""45""","=""""",,"=""""","=""""","=""""","=""""","=""""","=""""","=""""","=""""",1,1,,"=""""","=""L914""",
"=""408.2521""","=""0.0003""","=""408.2524""","=""0.0024""","=""200""","=""""",,"=""41.012615""","=""44.049565""","=""2s2.2p5.(2P*<3/2>).3d""","=""2[3/2]*""","=""2""","=""2s2.2p5.(2P*<1/2>).4f""","=""2[5/2]""","=""3""",5,7,,"=""""","=""L914""",
"=""408.8757""","=""0.0003""","=""408.8747""","=""0.0024""","=""130""","=""3.81e+05""",C,"=""33.322360""","=""36.354688""","=""2s2.2p5.3s""","=""1P*""","=""1""","=""2s2.2p5.3p""","=""3S""","=""1""",3,3,,"=""T7663""","=""L914""",
"=""410.851""","=""0.010""","=""""","=""""","=""35""","=""""",,"=""""","=""""","=""""","=""""","=""""","=""""","=""""","=""""",1,1,,"=""""","=""L914""",
"=""411.4865""","=""0.0003""","=""411.4864""","=""0.0024""","=""300""","=""3.7e+07""",D,"=""38.293859""","=""41.306940""","=""2s2.2p5.3p""","=""1S""","=""0""","=""2s2.2p5.(2P*<1/2>).3d""","=""2[3/2]*""","=""1""",1,3,,"=""T6036c80""","=""L914""",
"=""412.4245""","=""0.0003""","=""412.4232""","=""0.0024""","=""250""","=""2.7e+07""",C,"=""38.293859""","=""41.300096""","=""2s2.2p5.3p""","=""1S""","=""0""","=""2s2.2p5.(2P*<1/2>).4s""","=""2[1/2]*""","=""1""",1,3,,"=""T7663c80""","=""L914""",
"=""412.819""","=""0.010""","=""""","=""""","=""80""","=""""",,"=""""","=""""","=""""","=""""","=""""","=""""","=""""","=""""",1,1,,"=""""","=""L914""",
"=""415.024""","=""0.010""","=""415.0332""","=""0.0024""","=""90""","=""""",,"=""41.061918""","=""44.049250""","=""2s2.2p5.(2P*<3/2>).3d""","=""2[7/2]*""","=""3""","=""2s2.2p5.(2P*<1/2>).4f""","=""2[7/2]""","=""4""",7,9,,"=""""","=""L914""",
"=""416.644""","=""0.010""","=""""","=""""","=""40""","=""""",,"=""""","=""""","=""""","=""""","=""""","=""""","=""""","=""""",1,1,,"=""""","=""L914""",
"=""416.920""","=""0.010""","=""""","=""""","=""60""","=""""",,"=""""","=""""","=""""","=""""","=""""","=""""","=""""","=""""",1,1,,"=""""","=""L914""",
"=""417.311""","=""0.010""","=""""","=""""","=""160""","=""""",,"=""""","=""""","=""""","=""""","=""""","=""""","=""""","=""""",1,1,,"=""""","=""L914""",
"=""417.406""","=""0.010""","=""""","=""""","=""160""","=""""",,"=""""","=""""","=""""","=""""","=""""","=""""","=""""","=""""",1,1,,"=""""","=""L914""",
"=""417.531""","=""0.010""","=""""","=""""","=""150""","=""""",,"=""""","=""""","=""""","=""""","=""""","=""""","=""""","=""""",1,1,,"=""""","=""L914""",
"=""419.520""","=""0.010""","=""""","=""""","=""60""","=""""",,"=""""","=""""","=""""","=""""","=""""","=""""","=""""","=""""",1,1,,"=""""","=""L914""",
"=""420.3948""","=""0.0003""","=""420.3943""","=""0.0025""","=""130""","=""""",,"=""41.100329""","=""44.049565""","=""2s2.2p5.(2P*<3/2>).4s""","=""2[3/2]*""","=""2""","=""2s2.2p5.(2P*<1/2>).4f""","=""2[5/2]""","=""3""",5,7,,"=""""","=""L914""",
"=""420.602""","=""0.010""","=""""","=""""","=""60""","=""""",,"=""""","=""""","=""""","=""""","=""""","=""""","=""""","=""""",1,1,,"=""""","=""L914""",
"=""420.991""","=""0.010""","=""""","=""""","=""80""","=""""",,"=""""","=""""","=""""","=""""","=""""","=""""","=""""","=""""",1,1,,"=""""","=""L914""",
"=""421.746""","=""0.010""","=""""","=""""","=""160""","=""""",,"=""""","=""""","=""""","=""""","=""""","=""""","=""""","=""""",1,1,,"=""""","=""L914""",
"=""423.215""","=""0.010""","=""""","=""""","=""50""","=""""",,"=""""","=""""","=""""","=""""","=""""","=""""","=""""","=""""",1,1,,"=""""","=""L914""",
"=""423.391""","=""0.010""","=""423.389""","=""0.003""","=""130""","=""""",,"=""41.121292""","=""44.049668""","=""2s2.2p5.(2P*<3/2>).3d""","=""2[5/2]*""","=""2""","=""2s2.2p5.(2P*<1/2>).4f""","=""2[5/2]""","=""2""",5,5,,"=""""","=""L914""",
"=""423.445""","=""0.010""","=""423.454""","=""0.003""","=""250""","=""""",,"=""41.121292""","=""44.049216""","=""2s2.2p5.(2P*<3/2>).3d""","=""2[5/2]*""","=""2""","=""2s2.2p5.(2P*<1/2>).4f""","=""2[7/2]""","=""3""",5,7,,"=""""","=""L914""",
"=""424.156""","=""0.010""","=""424.149""","=""0.003""","=""200bl*""","=""""",,"=""41.126538""","=""44.049668""","=""2s2.2p5.(2P*<3/2>).3d""","=""2[5/2]*""","=""3""","=""2s2.2p5.(2P*<1/2>).4f""","=""2[5/2]""","=""2""",7,5,,"=""""","=""L914""",
"=""424.156""","=""0.010""","=""424.164""","=""0.003""","=""200bl*""","=""""",,"=""41.126538""","=""44.049565""","=""2s2.2p5.(2P*<3/2>).3d""","=""2[5/2]*""","=""3""","=""2s2.2p5.(2P*<1/2>).4f""","=""2[5/2]""","=""3""",7,7,,"=""""","=""L914""",
"=""424.2097""","=""0.0003""","=""424.209""","=""0.003""","=""250""","=""""",,"=""41.126538""","=""44.049250""","=""2s2.2p5.(2P*<3/2>).3d""","=""2[5/2]*""","=""3""","=""2s2.2p5.(2P*<1/2>).4f""","=""2[7/2]""","=""4""",7,9,,"=""""","=""L914""",
"=""424.400""","=""0.010""","=""""","=""""","=""70""","=""""",,"=""""","=""""","=""""","=""""","=""""","=""""","=""""","=""""",1,1,,"=""""","=""L914""",
"=""424.460""","=""0.010""","=""""","=""""","=""70""","=""""",,"=""""","=""""","=""""","=""""","=""""","=""""","=""""","=""""",1,1,,"=""""","=""L914""",
"=""424.803""","=""0.010""","=""""","=""""","=""50""","=""""",,"=""""","=""""","=""""","=""""","=""""","=""""","=""""","=""""",1,1,,"=""""","=""L914""",
"=""426.178""","=""0.010""","=""""","=""""","=""200""","=""""",,"=""""","=""""","=""""","=""""","=""""","=""""","=""""","=""""",1,1,,"=""""","=""L914""",
"=""429.159""","=""0.010""","=""""","=""""","=""60""","=""""",,"=""""","=""""","=""""","=""""","=""""","=""""","=""""","=""""",1,1,,"=""""","=""L914""",
"=""429.3696""","=""0.0003""","=""429.370""","=""0.003""","=""250""","=""""",,"=""40.993732""","=""43.881317""","=""2s2.2p5.(2P*<3/2>).3d""","=""2[1/2]*""","=""1""","=""2s2.2p5.(2P*<3/2>).4f""","=""2[5/2]""","=""2""",3,5,,"=""""","=""L914""",
"=""429.4072""","=""0.0003""","=""429.408""","=""0.003""","=""250""","=""""",,"=""40.982896""","=""43.870225""","=""2s2.2p5.(2P*<3/2>).3d""","=""2[1/2]*""","=""0""","=""2s2.2p5.(2P*<3/2>).4f""","=""2[3/2]""","=""1""",1,3,,"=""""","=""L914""",
"=""430.340""","=""0.010""","=""""","=""""","=""70""","=""""",,"=""""","=""""","=""""","=""""","=""""","=""""","=""""","=""""",1,1,,"=""""","=""L914""",
"=""430.574""","=""0.010""","=""""","=""""","=""60""","=""""",,"=""""","=""""","=""""","=""""","=""""","=""""","=""""","=""""",1,1,,"=""""","=""L914""",
"=""430.708""","=""0.010""","=""""","=""""","=""60""","=""""",,"=""""","=""""","=""""","=""""","=""""","=""""","=""""","=""""",1,1,,"=""""","=""L914""",
"=""430.796""","=""0.010""","=""""","=""""","=""70""","=""""",,"=""""","=""""","=""""","=""""","=""""","=""""","=""""","=""""",1,1,,"=""""","=""L914""",
"=""431.0029""","=""0.0003""","=""431.003""","=""0.003""","=""250""","=""""",,"=""40.993732""","=""43.870375""","=""2s2.2p5.(2P*<3/2>).3d""","=""2[1/2]*""","=""1""","=""2s2.2p5.(2P*<3/2>).4f""","=""2[3/2]""","=""2""",3,5,,"=""""","=""L914""",
"=""431.0255""","=""0.0003""","=""431.026""","=""0.003""","=""250""","=""""",,"=""40.993732""","=""43.870225""","=""2s2.2p5.(2P*<3/2>).3d""","=""2[1/2]*""","=""1""","=""2s2.2p5.(2P*<3/2>).4f""","=""2[3/2]""","=""1""",3,3,,"=""""","=""L914""",
"=""432.1966""","=""0.0003""","=""432.196""","=""0.003""","=""5""","=""""",,"=""41.012615""","=""43.881317""","=""2s2.2p5.(2P*<3/2>).3d""","=""2[3/2]*""","=""2""","=""2s2.2p5.(2P*<3/2>).4f""","=""2[5/2]""","=""2""",5,5,,"=""""","=""L914""",
"=""432.2128""","=""0.0003""","=""432.213""","=""0.003""","=""250""","=""""",,"=""41.012615""","=""43.881208""","=""2s2.2p5.(2P*<3/2>).3d""","=""2[3/2]*""","=""2""","=""2s2.2p5.(2P*<3/2>).4f""","=""2[5/2]""","=""3""",5,7,,"=""""","=""L914""",
"=""432.820""","=""0.010""","=""""","=""""","=""130""","=""""",,"=""""","=""""","=""""","=""""","=""""","=""""","=""""","=""""",1,1,,"=""""","=""L914""",
"=""433.564""","=""0.010""","=""""","=""""","=""80""","=""""",,"=""""","=""""","=""""","=""""","=""""","=""""","=""""","=""""",1,1,,"=""""","=""L914""",
"=""433.8513""","=""0.0003""","=""433.851""","=""0.003""","=""250""","=""""",,"=""41.012615""","=""43.870375""","=""2s2.2p5.(2P*<3/2>).3d""","=""2[3/2]*""","=""2""","=""2s2.2p5.(2P*<3/2>).4f""","=""2[3/2]""","=""2""",5,5,,"=""""","=""L914""",
"=""433.8739""","=""0.0003""","=""433.874""","=""0.003""","=""5""","=""""",,"=""41.012615""","=""43.870225""","=""2s2.2p5.(2P*<3/2>).3d""","=""2[3/2]*""","=""2""","=""2s2.2p5.(2P*<3/2>).4f""","=""2[3/2]""","=""1""",5,3,,"=""""","=""L914""",
"=""434.5329""","=""0.0003""","=""434.535""","=""0.003""","=""250""","=""4.32e+07""",B+,"=""38.293859""","=""41.147123""","=""2s2.2p5.3p""","=""1S""","=""0""","=""2s2.2p5.(2P*<3/2>).4s""","=""2[3/2]*""","=""1""",1,3,,"=""T7663""","=""L914""",
"=""435.482""","=""0.010""","=""""","=""""","=""60""","=""""",,"=""""","=""""","=""""","=""""","=""""","=""""","=""""","=""""",1,1,,"=""""","=""L914""",
"=""436.9828""","=""0.0003""","=""436.982""","=""0.003""","=""200""","=""3.59e+07""",B,"=""38.293859""","=""41.131145""","=""2s2.2p5.3p""","=""1S""","=""0""","=""2s2.2p5.(2P*<3/2>).3d""","=""2[3/2]*""","=""1""",1,3,,"=""T6036""","=""L914""",
"=""437.6444""","=""0.0003""","=""437.645""","=""0.003""","=""200""","=""""",,"=""41.054025""","=""43.887013""","=""2s2.2p5.(2P*<3/2>).3d""","=""2[7/2]*""","=""4""","=""2s2.2p5.(2P*<3/2>).4f""","=""2[7/2]""","=""4""",9,9,,"=""""","=""L914""",
"=""437.942""","=""0.010""","=""""","=""""","=""60""","=""""",,"=""""","=""""","=""""","=""""","=""""","=""""","=""""","=""""",1,1,,"=""""","=""L914""",
"=""438.5426""","=""0.0003""","=""438.543""","=""0.003""","=""160""","=""""",,"=""41.054025""","=""43.881208""","=""2s2.2p5.(2P*<3/2>).3d""","=""2[7/2]*""","=""4""","=""2s2.2p5.(2P*<3/2>).4f""","=""2[5/2]""","=""3""",9,7,,"=""""","=""L914""",
"=""438.8722""","=""0.0003""","=""438.871""","=""0.003""","=""200""","=""""",,"=""41.061918""","=""43.886987""","=""2s2.2p5.(2P*<3/2>).3d""","=""2[7/2]*""","=""3""","=""2s2.2p5.(2P*<3/2>).4f""","=""2[7/2]""","=""3""",7,7,,"=""""","=""L914""",
"=""439.4048""","=""0.0003""","=""439.404""","=""0.003""","=""250""","=""""",,"=""41.054025""","=""43.875668""","=""2s2.2p5.(2P*<3/2>).3d""","=""2[7/2]*""","=""4""","=""2s2.2p5.(2P*<3/2>).4f""","=""2[9/2]""","=""5""",9,11,,"=""""","=""L914""",
"=""439.7552""","=""0.0003""","=""439.754""","=""0.003""","=""160""","=""""",,"=""41.061918""","=""43.881317""","=""2s2.2p5.(2P*<3/2>).3d""","=""2[7/2]*""","=""3""","=""2s2.2p5.(2P*<3/2>).4f""","=""2[5/2]""","=""2""",7,5,,"=""""","=""L914""",
"=""440.265""","=""0.010""","=""""","=""""","=""90""","=""""",,"=""""","=""""","=""""","=""""","=""""","=""""","=""""","=""""",1,1,,"=""""","=""L914""",
"=""440.6350""","=""0.0003""","=""440.636""","=""0.003""","=""200""","=""""",,"=""41.061918""","=""43.875672""","=""2s2.2p5.(2P*<3/2>).3d""","=""2[7/2]*""","=""3""","=""2s2.2p5.(2P*<3/2>).4f""","=""2[9/2]""","=""4""",7,9,,"=""""","=""L914""",
"=""443.643""","=""0.010""","=""""","=""""","=""60""","=""""",,"=""""","=""""","=""""","=""""","=""""","=""""","=""""","=""""",1,1,,"=""""","=""L914""",
"=""443.972""","=""0.010""","=""""","=""""","=""130""","=""""",,"=""""","=""""","=""""","=""""","=""""","=""""","=""""","=""""",1,1,,"=""""","=""L914""",
"=""444.225""","=""0.010""","=""""","=""""","=""100""","=""""",,"=""""","=""""","=""""","=""""","=""""","=""""","=""""","=""""",1,1,,"=""""","=""L914""",
"=""444.384""","=""0.010""","=""""","=""""","=""160""","=""""",,"=""""","=""""","=""""","=""""","=""""","=""""","=""""","=""""",1,1,,"=""""","=""L914""",
"=""444.445""","=""0.010""","=""""","=""""","=""130""","=""""",,"=""""","=""""","=""""","=""""","=""""","=""""","=""""","=""""",1,1,,"=""""","=""L914""",
"=""444.7176""","=""0.0003""","=""""","=""""","=""160""","=""""",,"=""""","=""""","=""""","=""""","=""""","=""""","=""""","=""""",1,1,,"=""""","=""L914""",
"=""444.7943""","=""0.0003""","=""444.794""","=""0.003""","=""200""","=""""",,"=""41.262215""","=""44.049668""","=""2s2.2p5.(2P*<1/2>).3d""","=""2[5/2]*""","=""2""","=""2s2.2p5.(2P*<1/2>).4f""","=""2[5/2]""","=""2""",5,5,,"=""""","=""L914""",
"=""444.8659""","=""0.0003""","=""444.866""","=""0.003""","=""200""","=""""",,"=""41.262215""","=""44.049216""","=""2s2.2p5.(2P*<1/2>).3d""","=""2[5/2]*""","=""2""","=""2s2.2p5.(2P*<1/2>).4f""","=""2[7/2]""","=""3""",5,7,,"=""""","=""L914""",
"=""445.308""","=""0.010""","=""""","=""""","=""60""","=""""",,"=""""","=""""","=""""","=""""","=""""","=""""","=""""","=""""",1,1,,"=""""","=""L914""",
"=""445.5814""","=""0.0003""","=""445.581""","=""0.003""","=""5""","=""""",,"=""41.267140""","=""44.049668""","=""2s2.2p5.(2P*<1/2>).3d""","=""2[5/2]*""","=""3""","=""2s2.2p5.(2P*<1/2>).4f""","=""2[5/2]""","=""2""",7,5,,"=""""","=""L914""",
"=""445.5986""","=""0.0003""","=""445.598""","=""0.003""","=""200""","=""""",,"=""41.267140""","=""44.049565""","=""2s2.2p5.(2P*<1/2>).3d""","=""2[5/2]*""","=""3""","=""2s2.2p5.(2P*<1/2>).4f""","=""2[5/2]""","=""3""",7,7,,"=""""","=""L914""",
"=""445.6475""","=""0.0003""","=""445.648""","=""0.003""","=""200""","=""""",,"=""41.267140""","=""44.049250""","=""2s2.2p5.(2P*<1/2>).3d""","=""2[5/2]*""","=""3""","=""2s2.2p5.(2P*<1/2>).4f""","=""2[7/2]""","=""4""",7,9,,"=""""","=""L914""",
"=""445.8276""","=""0.0003""","=""445.828""","=""0.003""","=""20""","=""""",,"=""41.100329""","=""43.881317""","=""2s2.2p5.(2P*<3/2>).4s""","=""2[3/2]*""","=""2""","=""2s2.2p5.(2P*<3/2>).4f""","=""2[5/2]""","=""2""",5,5,,"=""""","=""L914""",
"=""445.8474""","=""0.0003""","=""445.845""","=""0.003""","=""200""","=""""",,"=""41.100329""","=""43.881208""","=""2s2.2p5.(2P*<3/2>).4s""","=""2[3/2]*""","=""2""","=""2s2.2p5.(2P*<3/2>).4f""","=""2[5/2]""","=""3""",5,7,,"=""""","=""L914""",
"=""446.076""","=""0.010""","=""""","=""""","=""80""","=""""",,"=""""","=""""","=""""","=""""","=""""","=""""","=""""","=""""",1,1,,"=""""","=""L914""",
"=""447.335""","=""0.010""","=""""","=""""","=""100""","=""""",,"=""""","=""""","=""""","=""""","=""""","=""""","=""""","=""""",1,1,,"=""""","=""L914""",
"=""447.400""","=""0.010""","=""""","=""""","=""90""","=""""",,"=""""","=""""","=""""","=""""","=""""","=""""","=""""","=""""",1,1,,"=""""","=""L914""",
"=""447.5889""","=""0.0003""","=""447.589""","=""0.003""","=""200""","=""""",,"=""41.100329""","=""43.870375""","=""2s2.2p5.(2P*<3/2>).4s""","=""2[3/2]*""","=""2""","=""2s2.2p5.(2P*<3/2>).4f""","=""2[3/2]""","=""2""",5,5,,"=""""","=""L914""",
"=""447.9880""","=""0.0003""","=""447.989""","=""0.003""","=""100""","=""""",,"=""41.282097""","=""44.049668""","=""2s2.2p5.(2P*<1/2>).3d""","=""2[3/2]*""","=""2""","=""2s2.2p5.(2P*<1/2>).4f""","=""2[5/2]""","=""2""",5,5,,"=""""","=""L914""",
"=""448.0054""","=""0.0003""","=""448.006""","=""0.003""","=""200""","=""""",,"=""41.282097""","=""44.049565""","=""2s2.2p5.(2P*<1/2>).3d""","=""2[3/2]*""","=""2""","=""2s2.2p5.(2P*<1/2>).4f""","=""2[5/2]""","=""3""",5,7,,"=""""","=""L914""",
"=""448.1680""","=""0.0003""","=""""","=""""","=""130""","=""""",,"=""""","=""""","=""""","=""""","=""""","=""""","=""""","=""""",1,1,,"=""""","=""L914""",
"=""448.2921""","=""0.0003""","=""448.293""","=""0.003""","=""200""","=""""",,"=""41.121292""","=""43.886987""","=""2s2.2p5.(2P*<3/2>).3d""","=""2[5/2]*""","=""2""","=""2s2.2p5.(2P*<3/2>).4f""","=""2[7/2]""","=""3""",5,7,,"=""""","=""L914""",
"=""448.905""","=""0.010""","=""""","=""""","=""130""","=""""",,"=""""","=""""","=""""","=""""","=""""","=""""","=""""","=""""",1,1,,"=""""","=""L914""",
"=""449.1422""","=""0.0003""","=""449.141""","=""0.003""","=""200""","=""""",,"=""41.126538""","=""43.887013""","=""2s2.2p5.(2P*<3/2>).3d""","=""2[5/2]*""","=""3""","=""2s2.2p5.(2P*<3/2>).4f""","=""2[7/2]""","=""4""",7,9,,"=""""","=""L914""",
"=""449.2129""","=""0.0003""","=""449.214""","=""0.003""","=""200""","=""""",,"=""41.121292""","=""43.881317""","=""2s2.2p5.(2P*<3/2>).3d""","=""2[5/2]*""","=""2""","=""2s2.2p5.(2P*<3/2>).4f""","=""2[5/2]""","=""2""",5,5,,"=""""","=""L914""",
"=""449.2297""","=""0.0003""","=""449.232""","=""0.003""","=""10""","=""""",,"=""41.121292""","=""43.881208""","=""2s2.2p5.(2P*<3/2>).3d""","=""2[5/2]*""","=""2""","=""2s2.2p5.(2P*<3/2>).4f""","=""2[5/2]""","=""3""",5,7,,"=""""","=""L914""",
"=""449.741""","=""0.010""","=""""","=""""","=""130""","=""""",,"=""""","=""""","=""""","=""""","=""""","=""""","=""""","=""""",1,1,,"=""""","=""L914""",
"=""450.0693""","=""0.0003""","=""450.070""","=""0.003""","=""20""","=""""",,"=""41.126538""","=""43.881317""","=""2s2.2p5.(2P*<3/2>).3d""","=""2[5/2]*""","=""3""","=""2s2.2p5.(2P*<3/2>).4f""","=""2[5/2]""","=""2""",7,5,,"=""""","=""L914""",
"=""450.0877""","=""0.0003""","=""450.087""","=""0.003""","=""200""","=""""",,"=""41.126538""","=""43.881208""","=""2s2.2p5.(2P*<3/2>).3d""","=""2[5/2]*""","=""3""","=""2s2.2p5.(2P*<3/2>).4f""","=""2[5/2]""","=""3""",7,7,,"=""""","=""L914""",
"=""450.4956""","=""0.0003""","=""""","=""""","=""130""","=""""",,"=""""","=""""","=""""","=""""","=""""","=""""","=""""","=""""",1,1,,"=""""","=""L914""",
"=""450.8236""","=""0.0003""","=""450.823""","=""0.003""","=""200""","=""""",,"=""41.131145""","=""43.881317""","=""2s2.2p5.(2P*<3/2>).3d""","=""2[3/2]*""","=""1""","=""2s2.2p5.(2P*<3/2>).4f""","=""2[5/2]""","=""2""",3,5,,"=""""","=""L914""",
"=""451.0262""","=""0.0003""","=""451.027""","=""0.003""","=""130""","=""""",,"=""41.121292""","=""43.870225""","=""2s2.2p5.(2P*<3/2>).3d""","=""2[5/2]*""","=""2""","=""2s2.2p5.(2P*<3/2>).4f""","=""2[3/2]""","=""1""",5,3,,"=""""","=""L914""",
"=""451.1740""","=""0.0003""","=""""","=""""","=""160""","=""""",,"=""""","=""""","=""""","=""""","=""""","=""""","=""""","=""""",1,1,,"=""""","=""L914""",
"=""451.568""","=""0.010""","=""""","=""""","=""60""","=""""",,"=""""","=""""","=""""","=""""","=""""","=""""","=""""","=""""",1,1,,"=""""","=""L914""",
"=""451.8647""","=""0.0003""","=""451.864""","=""0.003""","=""130""","=""""",,"=""41.126538""","=""43.870375""","=""2s2.2p5.(2P*<3/2>).3d""","=""2[5/2]*""","=""3""","=""2s2.2p5.(2P*<3/2>).4f""","=""2[3/2]""","=""2""",7,5,,"=""""","=""L914""",
"=""452.0468""","=""0.0003""","=""452.047""","=""0.003""","=""200""","=""""",,"=""41.306940""","=""44.049668""","=""2s2.2p5.(2P*<1/2>).3d""","=""2[3/2]*""","=""1""","=""2s2.2p5.(2P*<1/2>).4f""","=""2[5/2]""","=""2""",3,5,,"=""""","=""L914""",
"=""452.6246""","=""0.0003""","=""452.624""","=""0.003""","=""200""","=""""",,"=""41.131145""","=""43.870375""","=""2s2.2p5.(2P*<3/2>).3d""","=""2[3/2]*""","=""1""","=""2s2.2p5.(2P*<3/2>).4f""","=""2[3/2]""","=""2""",3,5,,"=""""","=""L914""",
"=""452.788""","=""0.010""","=""""","=""""","=""40""","=""""",,"=""""","=""""","=""""","=""""","=""""","=""""","=""""","=""""",1,1,,"=""""","=""L914""",
"=""453.058""","=""0.010""","=""453.052""","=""0.015""","=""90""","=""""",,"=""42.52298""","=""45.25963""","=""2s2.2p5.(2P*<1/2>).4p""","=""2[1/2]""","=""1""","=""2s2.2p5.(2P*<1/2>).6s""","=""2[1/2]*""","=""1""",3,3,,"=""""","=""L914""",
"=""453.4594""","=""0.0003""","=""453.458""","=""0.003""","=""200""","=""""",,"=""41.147123""","=""43.881317""","=""2s2.2p5.(2P*<3/2>).4s""","=""2[3/2]*""","=""1""","=""2s2.2p5.(2P*<3/2>).4f""","=""2[5/2]""","=""2""",3,5,,"=""""","=""L914""",
"=""453.930""","=""0.010""","=""""","=""""","=""60""","=""""",,"=""""","=""""","=""""","=""""","=""""","=""""","=""""","=""""",1,1,,"=""""","=""L914""",
"=""454.9120""","=""0.0003""","=""""","=""""","=""80""","=""""",,"=""""","=""""","=""""","=""""","=""""","=""""","=""""","=""""",1,1,,"=""""","=""L914""",
"=""455.078""","=""0.010""","=""""","=""""","=""45""","=""""",,"=""""","=""""","=""""","=""""","=""""","=""""","=""""","=""""",1,1,,"=""""","=""L914""",
"=""455.2794""","=""0.0003""","=""455.280""","=""0.003""","=""200""","=""""",,"=""41.147123""","=""43.870375""","=""2s2.2p5.(2P*<3/2>).4s""","=""2[3/2]*""","=""1""","=""2s2.2p5.(2P*<3/2>).4f""","=""2[3/2]""","=""2""",3,5,,"=""""","=""L914""",
"=""455.3063""","=""0.0003""","=""455.305""","=""0.003""","=""80""","=""""",,"=""41.147123""","=""43.870225""","=""2s2.2p5.(2P*<3/2>).4s""","=""2[3/2]*""","=""1""","=""2s2.2p5.(2P*<3/2>).4f""","=""2[3/2]""","=""1""",3,3,,"=""""","=""L914""",
"=""455.960""","=""0.010""","=""""","=""""","=""50""","=""""",,"=""""","=""""","=""""","=""""","=""""","=""""","=""""","=""""",1,1,,"=""""","=""L914""",
"=""457.035""","=""0.010""","=""""","=""""","=""70""","=""""",,"=""""","=""""","=""""","=""""","=""""","=""""","=""""","=""""",1,1,,"=""""","=""L914""",
"=""457.1724""","=""0.0003""","=""""","=""""","=""130""","=""""",,"=""""","=""""","=""""","=""""","=""""","=""""","=""""","=""""",1,1,,"=""""","=""L914""",
"=""457.483""","=""0.010""","=""""","=""""","=""50""","=""""",,"=""""","=""""","=""""","=""""","=""""","=""""","=""""","=""""",1,1,,"=""""","=""L914""",
"=""457.970""","=""0.010""","=""""","=""""","=""60""","=""""",,"=""""","=""""","=""""","=""""","=""""","=""""","=""""","=""""",1,1,,"=""""","=""L914""",
"=""458.5668""","=""0.0003""","=""""","=""""","=""80""","=""""",,"=""""","=""""","=""""","=""""","=""""","=""""","=""""","=""""",1,1,,"=""""","=""L914""",
"=""459.2219""","=""0.0003""","=""459.222""","=""0.003""","=""160""","=""2.0e+06""",E,"=""38.293859""","=""40.993732""","=""2s2.2p5.3p""","=""1S""","=""0""","=""2s2.2p5.(2P*<3/2>).3d""","=""2[1/2]*""","=""1""",1,3,,"=""T6036c79""","=""L914""",
"=""459.948""","=""0.010""","=""""","=""""","=""50""","=""""",,"=""""","=""""","=""""","=""""","=""""","=""""","=""""","=""""",1,1,,"=""""","=""L914""",
"=""460.103""","=""0.010""","=""""","=""""","=""60""","=""""",,"=""""","=""""","=""""","=""""","=""""","=""""","=""""","=""""",1,1,,"=""""","=""L914""",
"=""461.467""","=""0.010""","=""""","=""""","=""130""","=""""",,"=""""","=""""","=""""","=""""","=""""","=""""","=""""","=""""",1,1,,"=""""","=""L914""",
"=""461.584""","=""0.010""","=""""","=""""","=""50""","=""""",,"=""""","=""""","=""""","=""""","=""""","=""""","=""""","=""""",1,1,,"=""""","=""L914""",
"=""463.524""","=""0.010""","=""""","=""""","=""50""","=""""",,"=""""","=""""","=""""","=""""","=""""","=""""","=""""","=""""",1,1,,"=""""","=""L914""",
"=""464.750""","=""0.010""","=""""","=""""","=""70""","=""""",,"=""""","=""""","=""""","=""""","=""""","=""""","=""""","=""""",1,1,,"=""""","=""L914""",
"=""469.095""","=""0.010""","=""469.094""","=""0.016""","=""50""","=""""",,"=""43.79154""","=""46.43460""","=""2s2.2p5.(2P*<3/2>).4d""","=""2[7/2]*""","=""4""","=""2s2.2p5.(2P*<3/2>).8f""","=""2[9/2]""","=""4,5""",9,20,,"=""""","=""L914""",
"=""472.3654""","=""0.0003""","=""472.362""","=""0.003""","=""160""","=""""",,"=""41.262215""","=""43.886987""","=""2s2.2p5.(2P*<1/2>).3d""","=""2[5/2]*""","=""2""","=""2s2.2p5.(2P*<3/2>).4f""","=""2[7/2]""","=""3""",5,7,,"=""""","=""L914""",
"=""472.992""","=""0.010""","=""""","=""""","=""40""","=""""",,"=""""","=""""","=""""","=""""","=""""","=""""","=""""","=""""",1,1,,"=""""","=""L914""",
"=""473.2464""","=""0.0003""","=""473.245""","=""0.003""","=""160""","=""""",,"=""41.267140""","=""43.887013""","=""2s2.2p5.(2P*<1/2>).3d""","=""2[5/2]*""","=""3""","=""2s2.2p5.(2P*<3/2>).4f""","=""2[7/2]""","=""4""",7,9,,"=""""","=""L914""",
"=""473.3826""","=""0.0003""","=""473.384""","=""0.003""","=""100""","=""""",,"=""41.262215""","=""43.881317""","=""2s2.2p5.(2P*<1/2>).3d""","=""2[5/2]*""","=""2""","=""2s2.2p5.(2P*<3/2>).4f""","=""2[5/2]""","=""2""",5,5,,"=""""","=""L914""",
"=""473.506""","=""0.010""","=""""","=""""","=""45""","=""""",,"=""""","=""""","=""""","=""""","=""""","=""""","=""""","=""""",1,1,,"=""""","=""L914""",
"=""474.2995""","=""0.0003""","=""474.296""","=""0.003""","=""160""","=""""",,"=""41.267140""","=""43.881208""","=""2s2.2p5.(2P*<1/2>).3d""","=""2[5/2]*""","=""3""","=""2s2.2p5.(2P*<3/2>).4f""","=""2[5/2]""","=""3""",7,7,,"=""""","=""L914""",
"=""475.118""","=""0.010""","=""475.098""","=""0.016""","=""40""","=""""",,"=""43.82641""","=""46.43606""","=""2s2.2p5.(2P*<3/2>).4d""","=""2[5/2]*""","=""3""","=""2s2.2p5.(2P*<3/2>).8f""","=""2[7/2]""","=""3,4""",7,16,,"=""""","=""L914""",
"=""475.904""","=""0.010""","=""475.885""","=""0.016""","=""50""","=""""",,"=""43.99908""","=""46.60442""","=""2s2.2p5.(2P*<1/2>).4d""","=""2[3/2]*""","=""1""","=""2s2.2p5.(2P*<1/2>).8f""","=""2[5/2]""","=""2,3""",3,12,,"=""""","=""L914""",
"=""476.264""","=""0.010""","=""476.270""","=""0.003""","=""45""","=""""",,"=""41.267140""","=""43.870375""","=""2s2.2p5.(2P*<1/2>).3d""","=""2[5/2]*""","=""3""","=""2s2.2p5.(2P*<3/2>).4f""","=""2[3/2]""","=""2""",7,5,,"=""""","=""L914""",
"=""477.0235""","=""0.0003""","=""477.025""","=""0.003""","=""160""","=""""",,"=""41.282097""","=""43.881208""","=""2s2.2p5.(2P*<1/2>).3d""","=""2[3/2]*""","=""2""","=""2s2.2p5.(2P*<3/2>).4f""","=""2[5/2]""","=""3""",5,7,,"=""""","=""L914""",
"=""479.013""","=""0.010""","=""479.022""","=""0.003""","=""100""","=""""",,"=""41.282097""","=""43.870375""","=""2s2.2p5.(2P*<1/2>).3d""","=""2[3/2]*""","=""2""","=""2s2.2p5.(2P*<3/2>).4f""","=""2[3/2]""","=""2""",5,5,,"=""""","=""L914""",
"=""479.583""","=""0.010""","=""""","=""""","=""45""","=""""",,"=""""","=""""","=""""","=""""","=""""","=""""","=""""","=""""",1,1,,"=""""","=""L914""",
"=""480.416""","=""0.010""","=""""","=""""","=""45""","=""""",,"=""""","=""""","=""""","=""""","=""""","=""""","=""""","=""""",1,1,,"=""""","=""L914""",
"=""481.137""","=""0.010""","=""""","=""""","=""45""","=""""",,"=""""","=""""","=""""","=""""","=""""","=""""","=""""","=""""",1,1,,"=""""","=""L914""",
"=""481.610""","=""0.010""","=""481.609""","=""0.003""","=""50""","=""""",,"=""41.306940""","=""43.881317""","=""2s2.2p5.(2P*<1/2>).3d""","=""2[3/2]*""","=""1""","=""2s2.2p5.(2P*<3/2>).4f""","=""2[5/2]""","=""2""",3,5,,"=""""","=""L914""",
"=""483.6610""","=""0.0003""","=""483.664""","=""0.003""","=""50""","=""""",,"=""41.306940""","=""43.870375""","=""2s2.2p5.(2P*<1/2>).3d""","=""2[3/2]*""","=""1""","=""2s2.2p5.(2P*<3/2>).4f""","=""2[3/2]""","=""2""",3,5,,"=""""","=""L914""",
"=""484.323""","=""0.010""","=""""","=""""","=""45""","=""""",,"=""""","=""""","=""""","=""""","=""""","=""""","=""""","=""""",1,1,,"=""""","=""L914""",
"=""488.676""","=""0.010""","=""""","=""""","=""45""","=""""",,"=""""","=""""","=""""","=""""","=""""","=""""","=""""","=""""",1,1,,"=""""","=""L914""",
"=""490.930""","=""0.010""","=""""","=""""","=""40""","=""""",,"=""""","=""""","=""""","=""""","=""""","=""""","=""""","=""""",1,1,,"=""""","=""L914""",
"=""492.517""","=""0.010""","=""""","=""""","=""45""","=""""",,"=""""","=""""","=""""","=""""","=""""","=""""","=""""","=""""",1,1,,"=""""","=""L914""",
"=""497.465""","=""0.010""","=""""","=""""","=""60""","=""""",,"=""""","=""""","=""""","=""""","=""""","=""""","=""""","=""""",1,1,,"=""""","=""L914""",
"=""513.518""","=""0.010""","=""""","=""""","=""100""","=""""",,"=""""","=""""","=""""","=""""","=""""","=""""","=""""","=""""",1,1,,"=""""","=""L914""",
"=""514.454""","=""0.010""","=""514.462""","=""0.019""","=""60""","=""""",,"=""43.76268""","=""46.17266""","=""2s2.2p5.(2P*<3/2>).4d""","=""2[1/2]*""","=""0""","=""2s2.2p5.(2P*<3/2>).7f""","=""2[3/2]""","=""1""",1,3,,"=""""","=""L914""",
"=""518.859""","=""0.010""","=""518.844""","=""0.019""","=""45""","=""""",,"=""43.78524""","=""46.17486""","=""2s2.2p5.(2P*<3/2>).4d""","=""2[3/2]*""","=""2""","=""2s2.2p5.(2P*<3/2>).7f""","=""2[5/2]""","=""2,3""",5,12,,"=""""","=""L914""",
"=""519.310""","=""0.010""","=""519.316""","=""0.019""","=""100""","=""""",,"=""43.78524""","=""46.17269""","=""2s2.2p5.(2P*<3/2>).4d""","=""2[3/2]*""","=""2""","=""2s2.2p5.(2P*<3/2>).7f""","=""2[3/2]""","=""2""",5,5,,"=""""","=""L914""",
"=""519.668""","=""0.010""","=""""","=""""","=""100""","=""""",,"=""""","=""""","=""""","=""""","=""""","=""""","=""""","=""""",1,1,,"=""""","=""L914""",
"=""520.478""","=""0.010""","=""520.473""","=""0.019""","=""50""","=""""",,"=""43.79154""","=""46.17369""","=""2s2.2p5.(2P*<3/2>).4d""","=""2[7/2]*""","=""4""","=""2s2.2p5.(2P*<3/2>).7f""","=""2[9/2]""","=""4,5""",9,20,,"=""""","=""L914""",
"=""520.753""","=""0.010""","=""""","=""""","=""45""","=""""",,"=""""","=""""","=""""","=""""","=""""","=""""","=""""","=""""",1,1,,"=""""","=""L914""",
"=""521.000""","=""0.010""","=""521.026""","=""0.019""","=""80""","=""""",,"=""43.79623""","=""46.17584""","=""2s2.2p5.(2P*<3/2>).4d""","=""2[7/2]*""","=""3""","=""2s2.2p5.(2P*<3/2>).7f""","=""2[7/2]""","=""3,4""",7,16,,"=""""","=""L914""",
"=""521.139""","=""0.010""","=""""","=""""","=""40""","=""""",,"=""""","=""""","=""""","=""""","=""""","=""""","=""""","=""""",1,1,,"=""""","=""L914""",
"=""521.494""","=""0.010""","=""521.499""","=""0.019""","=""45""","=""""",,"=""43.79623""","=""46.17369""","=""2s2.2p5.(2P*<3/2>).4d""","=""2[7/2]*""","=""3""","=""2s2.2p5.(2P*<3/2>).7f""","=""2[9/2]""","=""4,5""",7,20,,"=""""","=""L914""",
"=""522.965""","=""0.010""","=""""","=""""","=""35""","=""""",,"=""""","=""""","=""""","=""""","=""""","=""""","=""""","=""""",1,1,,"=""""","=""L914""",
"=""523.677""","=""0.010""","=""""","=""""","=""45""","=""""",,"=""""","=""""","=""""","=""""","=""""","=""""","=""""","=""""",1,1,,"=""""","=""L914""",
"=""524.089""","=""0.010""","=""524.087""","=""0.019""","=""45""","=""""",,"=""43.97806""","=""46.34378""","=""2s2.2p5.(2P*<1/2>).4d""","=""2[3/2]*""","=""2""","=""2s2.2p5.(2P*<1/2>).7f""","=""2[7/2]""","=""3,4""",5,16,,"=""""","=""L914""",
"=""526.212""","=""0.010""","=""""","=""""","=""50""","=""""",,"=""""","=""""","=""""","=""""","=""""","=""""","=""""","=""""",1,1,,"=""""","=""L914""",
"=""527.719""","=""0.010""","=""527.718""","=""0.020""","=""45""","=""""",,"=""43.82641""","=""46.17584""","=""2s2.2p5.(2P*<3/2>).4d""","=""2[5/2]*""","=""3""","=""2s2.2p5.(2P*<3/2>).7f""","=""2[7/2]""","=""3,4""",7,16,,"=""""","=""L914""",
"=""529.312""","=""0.010""","=""""","=""""","=""70""","=""""",,"=""""","=""""","=""""","=""""","=""""","=""""","=""""","=""""",1,1,,"=""""","=""L914""",
"=""530.595""","=""0.010""","=""""","=""""","=""40""","=""""",,"=""""","=""""","=""""","=""""","=""""","=""""","=""""","=""""",1,1,,"=""""","=""L914""",
"=""530.884""","=""0.010""","=""""","=""""","=""45""","=""""",,"=""""","=""""","=""""","=""""","=""""","=""""","=""""","=""""",1,1,,"=""""","=""L914""",
"=""531.062""","=""0.010""","=""""","=""""","=""50""","=""""",,"=""""","=""""","=""""","=""""","=""""","=""""","=""""","=""""",1,1,,"=""""","=""L914""",
"=""536.190""","=""0.010""","=""""","=""""","=""50""","=""""",,"=""""","=""""","=""""","=""""","=""""","=""""","=""""","=""""",1,1,,"=""""","=""L914""",
"=""536.395""","=""0.010""","=""""","=""""","=""40""","=""""",,"=""""","=""""","=""""","=""""","=""""","=""""","=""""","=""""",1,1,,"=""""","=""L914""",
"=""538.052""","=""0.010""","=""538.069""","=""0.015""","=""45bl*""","=""""",,"=""43.870375""","=""46.17462""","=""2s2.2p5.(2P*<3/2>).4f""","=""2[3/2]""","=""2""","=""2s2.2p5.(2P*<3/2>).7g""","=""2[5/2]*""","=""2,3""",5,12,,"=""""","=""L914""",
"=""538.052""","=""0.010""","=""538.034""","=""0.015""","=""45bl*""","=""""",,"=""43.870225""","=""46.17462""","=""2s2.2p5.(2P*<3/2>).4f""","=""2[3/2]""","=""1""","=""2s2.2p5.(2P*<3/2>).7g""","=""2[5/2]*""","=""2,3""",3,12,,"=""""","=""L914""",
"=""539.213""","=""0.010""","=""539.213""","=""0.015""","=""60*""","=""""",,"=""43.875672""","=""46.17503""","=""2s2.2p5.(2P*<3/2>).4f""","=""2[9/2]""","=""4""","=""2s2.2p5.(2P*<3/2>).7g""","=""2[11/2]*""","=""5,6""",9,24,,"=""""","=""L914""",
"=""539.213""","=""0.010""","=""539.212""","=""0.015""","=""60*""","=""""",,"=""43.875668""","=""46.17503""","=""2s2.2p5.(2P*<3/2>).4f""","=""2[9/2]""","=""5""","=""2s2.2p5.(2P*<3/2>).7g""","=""2[11/2]*""","=""5,6""",11,24,,"=""""","=""L914""",
"=""540.091""","=""0.010""","=""540.088""","=""0.015""","=""45bl*""","=""""",,"=""44.049216""","=""46.34485""","=""2s2.2p5.(2P*<1/2>).4f""","=""2[7/2]""","=""3""","=""2s2.2p5.(2P*<1/2>).7g""","=""2[7/2]*""","=""3,4""",7,16,,"=""""","=""L914""",
"=""540.091""","=""0.010""","=""540.096""","=""0.015""","=""45bl*""","=""""",,"=""44.049250""","=""46.34485""","=""2s2.2p5.(2P*<1/2>).4f""","=""2[7/2]""","=""4""","=""2s2.2p5.(2P*<1/2>).7g""","=""2[7/2]*""","=""3,4""",9,16,,"=""""","=""L914""",
"=""540.091""","=""0.010""","=""540.088""","=""0.015""","=""45bl*""","=""""",,"=""44.049216""","=""46.34485""","=""2s2.2p5.(2P*<1/2>).4f""","=""2[7/2]""","=""3""","=""2s2.2p5.(2P*<1/2>).7g""","=""2[9/2]*""","=""4,5""",7,20,,"=""""","=""L914""",
"=""540.091""","=""0.010""","=""540.096""","=""0.015""","=""45bl*""","=""""",,"=""44.049250""","=""46.34485""","=""2s2.2p5.(2P*<1/2>).4f""","=""2[7/2]""","=""4""","=""2s2.2p5.(2P*<1/2>).7g""","=""2[9/2]*""","=""4,5""",9,20,,"=""""","=""L914""",
"=""540.1965""","=""0.0003""","=""540.194""","=""0.015""","=""70""","=""""",,"=""44.049668""","=""46.34485""","=""2s2.2p5.(2P*<1/2>).4f""","=""2[5/2]""","=""2""","=""2s2.2p5.(2P*<1/2>).7g""","=""2[7/2]*""","=""3,4""",5,16,,"=""""","=""L914""",
"=""540.357""","=""0.010""","=""540.351""","=""0.015""","=""45bl*""","=""""",,"=""43.881208""","=""46.17572""","=""2s2.2p5.(2P*<3/2>).4f""","=""2[5/2]""","=""3""","=""2s2.2p5.(2P*<3/2>).7g""","=""2[7/2]*""","=""3,4""",7,16,,"=""""","=""L914""",
"=""540.357""","=""0.010""","=""540.377""","=""0.015""","=""45bl*""","=""""",,"=""43.881317""","=""46.17572""","=""2s2.2p5.(2P*<3/2>).4f""","=""2[5/2]""","=""2""","=""2s2.2p5.(2P*<3/2>).7g""","=""2[7/2]*""","=""3,4""",5,16,,"=""""","=""L914""",
"=""541.6051""","=""0.0003""","=""541.601""","=""0.015""","=""90*""","=""""",,"=""43.886987""","=""46.17620""","=""2s2.2p5.(2P*<3/2>).4f""","=""2[7/2]""","=""3""","=""2s2.2p5.(2P*<3/2>).7g""","=""2[9/2]*""","=""4,5""",7,20,,"=""""","=""L914""",
"=""541.6051""","=""0.0003""","=""541.607""","=""0.015""","=""90*""","=""""",,"=""43.887013""","=""46.17620""","=""2s2.2p5.(2P*<3/2>).4f""","=""2[7/2]""","=""4""","=""2s2.2p5.(2P*<3/2>).7g""","=""2[9/2]*""","=""4,5""",9,20,,"=""""","=""L914""",
"=""544.271""","=""0.010""","=""""","=""""","=""80""","=""""",,"=""""","=""""","=""""","=""""","=""""","=""""","=""""","=""""",1,1,,"=""""","=""L914""",
"=""548.742""","=""0.010""","=""""","=""""","=""35""","=""""",,"=""""","=""""","=""""","=""""","=""""","=""""","=""""","=""""",1,1,,"=""""","=""L914""",
"=""552.264""","=""0.010""","=""""","=""""","=""80""","=""""",,"=""""","=""""","=""""","=""""","=""""","=""""","=""""","=""""",1,1,,"=""""","=""L914""",
"=""553.526""","=""0.010""","=""""","=""""","=""50""","=""""",,"=""""","=""""","=""""","=""""","=""""","=""""","=""""","=""""",1,1,,"=""""","=""L914""",
"=""559.985""","=""0.010""","=""""","=""""","=""50""","=""""",,"=""""","=""""","=""""","=""""","=""""","=""""","=""""","=""""",1,1,,"=""""","=""L914""",
"=""560.930""","=""0.010""","=""""","=""""","=""50""","=""""",,"=""""","=""""","=""""","=""""","=""""","=""""","=""""","=""""",1,1,,"=""""","=""L914""",
"=""565.720""","=""0.010""","=""""","=""""","=""80""","=""""",,"=""""","=""""","=""""","=""""","=""""","=""""","=""""","=""""",1,1,,"=""""","=""L914""",
"=""566.635""","=""0.010""","=""""","=""""","=""100""","=""""",,"=""""","=""""","=""""","=""""","=""""","=""""","=""""","=""""",1,1,,"=""""","=""L914""",
"=""570.165""","=""0.010""","=""""","=""""","=""130""","=""""",,"=""""","=""""","=""""","=""""","=""""","=""""","=""""","=""""",1,1,,"=""""","=""L914""",
"=""570.758""","=""0.010""","=""""","=""""","=""130""","=""""",,"=""""","=""""","=""""","=""""","=""""","=""""","=""""","=""""",1,1,,"=""""","=""L914""",
"=""570.970""","=""0.010""","=""""","=""""","=""130""","=""""",,"=""""","=""""","=""""","=""""","=""""","=""""","=""""","=""""",1,1,,"=""""","=""L914""",
"=""571.119""","=""0.010""","=""""","=""""","=""130""","=""""",,"=""""","=""""","=""""","=""""","=""""","=""""","=""""","=""""",1,1,,"=""""","=""L914""",
"=""571.776""","=""0.010""","=""""","=""""","=""100""","=""""",,"=""""","=""""","=""""","=""""","=""""","=""""","=""""","=""""",1,1,,"=""""","=""L914""",
"=""572.297""","=""0.010""","=""""","=""""","=""100""","=""""",,"=""""","=""""","=""""","=""""","=""""","=""""","=""""","=""""",1,1,,"=""""","=""L914""",
"=""573.353""","=""0.010""","=""""","=""""","=""60""","=""""",,"=""""","=""""","=""""","=""""","=""""","=""""","=""""","=""""",1,1,,"=""""","=""L914""",
"=""574.970""","=""0.010""","=""""","=""""","=""50""","=""""",,"=""""","=""""","=""""","=""""","=""""","=""""","=""""","=""""",1,1,,"=""""","=""L914""",
"=""576.697""","=""0.010""","=""""","=""""","=""60""","=""""",,"=""""","=""""","=""""","=""""","=""""","=""""","=""""","=""""",1,1,,"=""""","=""L914""",
"=""582.846""","=""0.010""","=""""","=""""","=""70""","=""""",,"=""""","=""""","=""""","=""""","=""""","=""""","=""""","=""""",1,1,,"=""""","=""L914""",
"=""583.849""","=""0.010""","=""""","=""""","=""90""","=""""",,"=""""","=""""","=""""","=""""","=""""","=""""","=""""","=""""",1,1,,"=""""","=""L914""",
"=""592.299""","=""0.010""","=""""","=""""","=""130""","=""""",,"=""""","=""""","=""""","=""""","=""""","=""""","=""""","=""""",1,1,,"=""""","=""L914""",
"=""594.255""","=""0.010""","=""""","=""""","=""130""","=""""",,"=""""","=""""","=""""","=""""","=""""","=""""","=""""","=""""",1,1,,"=""""","=""L914""",
"=""597.524""","=""0.010""","=""""","=""""","=""70""","=""""",,"=""""","=""""","=""""","=""""","=""""","=""""","=""""","=""""",1,1,,"=""""","=""L914""",
"=""602.834""","=""0.010""","=""""","=""""","=""50""","=""""",,"=""""","=""""","=""""","=""""","=""""","=""""","=""""","=""""",1,1,,"=""""","=""L914""",
"=""606.495""","=""0.010""","=""""","=""""","=""60""","=""""",,"=""""","=""""","=""""","=""""","=""""","=""""","=""""","=""""",1,1,,"=""""","=""L914""",
"=""612.315""","=""0.010""","=""""","=""""","=""50""","=""""",,"=""""","=""""","=""""","=""""","=""""","=""""","=""""","=""""",1,1,,"=""""","=""L914""",
"=""617.696""","=""0.010""","=""617.707""","=""0.019""","=""60""","=""""",,"=""43.76268""","=""45.769847""","=""2s2.2p5.(2P*<3/2>).4d""","=""2[1/2]*""","=""0""","=""2s2.2p5.(2P*<3/2>).6f""","=""2[3/2]""","=""1""",1,3,,"=""""","=""L914""",
"=""618.937""","=""0.010""","=""""","=""""","=""60""","=""""",,"=""""","=""""","=""""","=""""","=""""","=""""","=""""","=""""",1,1,,"=""""","=""L914""",
"=""620.098""","=""0.010""","=""620.095""","=""0.020""","=""70""","=""""",,"=""43.77050""","=""45.769940""","=""2s2.2p5.(2P*<3/2>).4d""","=""2[1/2]*""","=""1""","=""2s2.2p5.(2P*<3/2>).6f""","=""2[3/2]""","=""2""",3,5,,"=""""","=""L914""",
"=""623.394""","=""0.010""","=""""","=""""","=""60""","=""""",,"=""""","=""""","=""""","=""""","=""""","=""""","=""""","=""""",1,1,,"=""""","=""L914""",
"=""623.640""","=""0.010""","=""623.639""","=""0.020""","=""70""","=""""",,"=""43.78524""","=""45.773321""","=""2s2.2p5.(2P*<3/2>).4d""","=""2[3/2]*""","=""2""","=""2s2.2p5.(2P*<3/2>).6f""","=""2[5/2]""","=""2""",5,5,,"=""""","=""L914""",
"=""626.174""","=""0.010""","=""626.200""","=""0.020""","=""80""","=""""",,"=""43.79154""","=""45.771486""","=""2s2.2p5.(2P*<3/2>).4d""","=""2[7/2]*""","=""4""","=""2s2.2p5.(2P*<3/2>).6f""","=""2[9/2]""","=""5""",9,11,,"=""""","=""L914""",
"=""627.648""","=""0.010""","=""627.683""","=""0.020""","=""80""","=""""",,"=""43.79623""","=""45.771496""","=""2s2.2p5.(2P*<3/2>).4d""","=""2[7/2]*""","=""3""","=""2s2.2p5.(2P*<3/2>).6f""","=""2[9/2]""","=""4""",7,9,,"=""""","=""L914""",
"=""629.640""","=""0.010""","=""""","=""""","=""70""","=""""",,"=""""","=""""","=""""","=""""","=""""","=""""","=""""","=""""",1,1,,"=""""","=""L914""",
"=""631.255""","=""0.010""","=""631.253""","=""0.020""","=""60""","=""""",,"=""43.97806""","=""45.942159?""","=""2s2.2p5.(2P*<1/2>).4d""","=""2[3/2]*""","=""2""","=""2s2.2p5.(2P*<1/2>).6f""","=""2[5/2]""","=""2""",5,5,,"=""""","=""L914""",
"=""635.459""","=""0.010""","=""635.47""","=""0.03""","=""60""","=""""",,"=""43.82385""","=""45.77492""","=""2s2.2p5.(2P*<3/2>).4d""","=""2[5/2]*""","=""2""","=""2s2.2p5.(2P*<3/2>).6f""","=""2[7/2]""","=""3,4""",5,16,,"=""""","=""L914""",
"=""635.981""","=""0.010""","=""635.990""","=""0.021""","=""60*""","=""""",,"=""43.82385""","=""45.773321""","=""2s2.2p5.(2P*<3/2>).4d""","=""2[5/2]*""","=""2""","=""2s2.2p5.(2P*<3/2>).6f""","=""2[5/2]""","=""2""",5,5,,"=""""","=""L914""",
"=""635.981""","=""0.010""","=""635.999""","=""0.021""","=""60*""","=""""",,"=""43.82385""","=""45.773292""","=""2s2.2p5.(2P*<3/2>).4d""","=""2[5/2]*""","=""2""","=""2s2.2p5.(2P*<3/2>).6f""","=""2[5/2]""","=""3""",5,7,,"=""""","=""L914""",
"=""636.291""","=""0.010""","=""636.30""","=""0.03""","=""70""","=""""",,"=""43.82641""","=""45.77492""","=""2s2.2p5.(2P*<3/2>).4d""","=""2[5/2]*""","=""3""","=""2s2.2p5.(2P*<3/2>).6f""","=""2[7/2]""","=""3,4""",7,16,,"=""""","=""L914""",
"=""636.817""","=""0.010""","=""636.824""","=""0.021""","=""70*""","=""""",,"=""43.82641""","=""45.773321""","=""2s2.2p5.(2P*<3/2>).4d""","=""2[5/2]*""","=""3""","=""2s2.2p5.(2P*<3/2>).6f""","=""2[5/2]""","=""2""",7,5,,"=""""","=""L914""",
"=""636.817""","=""0.010""","=""636.833""","=""0.021""","=""70*""","=""""",,"=""43.82641""","=""45.773292""","=""2s2.2p5.(2P*<3/2>).4d""","=""2[5/2]*""","=""3""","=""2s2.2p5.(2P*<3/2>).6f""","=""2[5/2]""","=""3""",7,7,,"=""""","=""L914""",
"=""638.067""","=""0.010""","=""638.081""","=""0.021""","=""60""","=""""",,"=""43.99908""","=""45.942159?""","=""2s2.2p5.(2P*<1/2>).4d""","=""2[3/2]*""","=""1""","=""2s2.2p5.(2P*<1/2>).6f""","=""2[5/2]""","=""2""",3,5,,"=""""","=""L914""",
"=""640.656""","=""0.010""","=""""","=""""","=""60""","=""""",,"=""""","=""""","=""""","=""""","=""""","=""""","=""""","=""""",1,1,,"=""""","=""L914""",
"=""644.053""","=""0.010""","=""""","=""""","=""50""","=""""",,"=""""","=""""","=""""","=""""","=""""","=""""","=""""","=""""",1,1,,"=""""","=""L914""",
"=""644.663""","=""0.010""","=""""","=""""","=""50""","=""""",,"=""""","=""""","=""""","=""""","=""""","=""""","=""""","=""""",1,1,,"=""""","=""L914""",
"=""645.254""","=""0.010""","=""""","=""""","=""45""","=""""",,"=""""","=""""","=""""","=""""","=""""","=""""","=""""","=""""",1,1,,"=""""","=""L914""",
"=""646.400""","=""0.010""","=""""","=""""","=""60""","=""""",,"=""""","=""""","=""""","=""""","=""""","=""""","=""""","=""""",1,1,,"=""""","=""L914""",
"=""647.312""","=""0.010""","=""""","=""""","=""50""","=""""",,"=""""","=""""","=""""","=""""","=""""","=""""","=""""","=""""",1,1,,"=""""","=""L914""",
"=""647.7079""","=""0.0003""","=""647.693""","=""0.021""","=""50""","=""""",,"=""43.85560""","=""45.769847""","=""2s2.2p5.(2P*<3/2>).5s""","=""2[3/2]*""","=""1""","=""2s2.2p5.(2P*<3/2>).6f""","=""2[3/2]""","=""1""",3,3,,"=""""","=""L914""",
"=""651.6010""","=""0.0003""","=""651.602""","=""0.006""","=""90""","=""""",,"=""43.870225""","=""45.772985""","=""2s2.2p5.(2P*<3/2>).4f""","=""2[3/2]""","=""1""","=""2s2.2p5.(2P*<3/2>).6g""","=""2[5/2]*""","=""2,3""",3,12,,"=""""","=""L914""",
"=""652.648""","=""0.010""","=""652.646""","=""0.022""","=""80*""","=""""",,"=""43.875672""","=""45.77539""","=""2s2.2p5.(2P*<3/2>).4f""","=""2[9/2]""","=""4""","=""2s2.2p5.(2P*<3/2>).6g""","=""2[9/2]*""","=""4,5""",9,20,,"=""""","=""L914""",
"=""652.648""","=""0.010""","=""652.645""","=""0.022""","=""80*""","=""""",,"=""43.875668""","=""45.77539""","=""2s2.2p5.(2P*<3/2>).4f""","=""2[9/2]""","=""5""","=""2s2.2p5.(2P*<3/2>).6g""","=""2[9/2]*""","=""4,5""",11,20,,"=""""","=""L914""",
"=""653.2502""","=""0.0003""","=""653.251""","=""0.006""","=""130*""","=""""",,"=""43.875672""","=""45.773630""","=""2s2.2p5.(2P*<3/2>).4f""","=""2[9/2]""","=""4""","=""2s2.2p5.(2P*<3/2>).6g""","=""2[11/2]*""","=""5,6""",9,24,,"=""""","=""L914""",
"=""653.2502""","=""0.0003""","=""653.249""","=""0.006""","=""130*""","=""""",,"=""43.875668""","=""45.773630""","=""2s2.2p5.(2P*<3/2>).4f""","=""2[9/2]""","=""5""","=""2s2.2p5.(2P*<3/2>).6g""","=""2[11/2]*""","=""5,6""",11,24,,"=""""","=""L914""",
"=""654.5844""","=""0.0003""","=""654.583""","=""0.022""","=""130""","=""""",,"=""44.049565""","=""45.94366""","=""2s2.2p5.(2P*<1/2>).4f""","=""2[5/2]""","=""3""","=""2s2.2p5.(2P*<1/2>).6g""","=""2[7/2]*""","=""3,4""",7,16,,"=""""","=""L914""",
"=""654.7561""","=""0.0003""","=""654.755""","=""0.022""","=""130""","=""""",,"=""43.881208""","=""45.77480""","=""2s2.2p5.(2P*<3/2>).4f""","=""2[5/2]""","=""3""","=""2s2.2p5.(2P*<3/2>).6g""","=""2[7/2]*""","=""3,4""",7,16,,"=""""","=""L914""",
"=""655.4242""","=""0.0003""","=""655.423""","=""0.006""","=""80""","=""""",,"=""43.881317""","=""45.772985""","=""2s2.2p5.(2P*<3/2>).4f""","=""2[5/2]""","=""2""","=""2s2.2p5.(2P*<3/2>).6g""","=""2[5/2]*""","=""2,3""",5,12,,"=""""","=""L914""",
"=""656.7664""","=""0.0003""","=""656.759""","=""0.022""","=""15*""","=""""",,"=""43.886987""","=""45.77480""","=""2s2.2p5.(2P*<3/2>).4f""","=""2[7/2]""","=""3""","=""2s2.2p5.(2P*<3/2>).6g""","=""2[7/2]*""","=""3,4""",7,16,,"=""""","=""L914""",
"=""656.7664""","=""0.0003""","=""656.768""","=""0.022""","=""15*""","=""""",,"=""43.887013""","=""45.77480""","=""2s2.2p5.(2P*<3/2>).4f""","=""2[7/2]""","=""4""","=""2s2.2p5.(2P*<3/2>).6g""","=""2[7/2]*""","=""3,4""",9,16,,"=""""","=""L914""",
"=""661.113""","=""0.010""","=""""","=""""","=""60""","=""""",,"=""""","=""""","=""""","=""""","=""""","=""""","=""""","=""""",1,1,,"=""""","=""L914""",
"=""665.334""","=""0.010""","=""""","=""""","=""70""","=""""",,"=""""","=""""","=""""","=""""","=""""","=""""","=""""","=""""",1,1,,"=""""","=""L914""",
"=""669.085""","=""0.010""","=""""","=""""","=""45""","=""""",,"=""""","=""""","=""""","=""""","=""""","=""""","=""""","=""""",1,1,,"=""""","=""L914""",
"=""677.597""","=""0.010""","=""""","=""""","=""45""","=""""",,"=""""","=""""","=""""","=""""","=""""","=""""","=""""","=""""",1,1,,"=""""","=""L914""",
"=""679.137""","=""0.010""","=""""","=""""","=""40""","=""""",,"=""""","=""""","=""""","=""""","=""""","=""""","=""""","=""""",1,1,,"=""""","=""L914""",
"=""683.969""","=""0.010""","=""""","=""""","=""25""","=""""",,"=""""","=""""","=""""","=""""","=""""","=""""","=""""","=""""",1,1,,"=""""","=""L914""",
"=""""","=""""","=""1372.35""","=""0.03""","=""""","=""6.91e-02""",D+,"=""36.354688""","=""37.258133""","=""2s2.2p5.3p""","=""3S""","=""1""","=""2s2.2p5.3p""","=""3P""","=""1""",3,3,M1,"=""T7663""","=""""",
"=""""","=""""","=""1395.19""","=""0.03""","=""""","=""1.12e-01""",D+,"=""36.354688""","=""37.243343""","=""2s2.2p5.3p""","=""3S""","=""1""","=""2s2.2p5.3p""","=""3P""","=""0""",3,1,M1,"=""T7663""","=""""",
"=""""","=""""","=""1452.73""","=""0.03""","=""""","=""1.70e-02""",D+,"=""36.354688""","=""37.208144""","=""2s2.2p5.3p""","=""3S""","=""1""","=""2s2.2p5.3p""","=""3P""","=""2""",3,5,M1,"=""T7663""","=""""",
"=""""","=""""","=""1675.15""","=""0.04""","=""""","=""4.84e-03""",D,"=""36.354688""","=""37.094827""","=""2s2.2p5.3p""","=""3S""","=""1""","=""2s2.2p5.3p""","=""1D""","=""2""",3,5,M1,"=""T7663""","=""""",
"=""""","=""""","=""2605.09""","=""0.10""","=""""","=""5.52e-02""",C+,"=""32.846429""","=""33.322360""","=""2s2.2p5.3s""","=""3P*""","=""2""","=""2s2.2p5.3s""","=""1P*""","=""1""",5,3,M1,"=""T7663""","=""""",
"=""""","=""""","=""3253.79""","=""0.15""","=""""","=""1.63e-02""",C,"=""32.941315""","=""33.322360""","=""2s2.2p5.3s""","=""3P*""","=""1""","=""2s2.2p5.3s""","=""1P*""","=""1""",3,3,M1,"=""T7663""","=""""",
"=""""","=""""","=""3482.50""","=""0.17""","=""""","=""4.29e-03""",D+,"=""36.902113""","=""37.258133""","=""2s2.2p5.3p""","=""3D""","=""2""","=""2s2.2p5.3p""","=""3P""","=""1""",5,3,M1,"=""T7663""","=""""",
"=""""","=""""","=""3502.50""","=""0.17""","=""""","=""4.57e-02""",B,"=""36.854157""","=""37.208144""","=""2s2.2p5.3p""","=""3D""","=""3""","=""2s2.2p5.3p""","=""3P""","=""2""",7,5,M1,"=""T7663""","=""""",
"=""""","=""""","=""4030.08""","=""0.23""","=""""","=""1.19e-02""",C,"=""33.014713""","=""33.322360""","=""2s2.2p5.3s""","=""3P*""","=""0""","=""2s2.2p5.3s""","=""1P*""","=""1""",1,3,M1,"=""T7663""","=""""",
"=""""","=""""","=""4051.35""","=""0.23""","=""""","=""3.60e-04""",D,"=""36.902113""","=""37.208144""","=""2s2.2p5.3p""","=""3D""","=""2""","=""2s2.2p5.3p""","=""3P""","=""2""",5,5,M1,"=""T7663""","=""""",
"=""""","=""""","=""4270.5""","=""0.3""","=""""","=""4.72e-03""",C,"=""36.967803""","=""37.258133""","=""2s2.2p5.3p""","=""3D""","=""1""","=""2s2.2p5.3p""","=""3P""","=""1""",3,3,M1,"=""T7663""","=""""",
"=""""","=""""","=""4444.9""","=""0.3""","=""""","=""2.36e-02""",B,"=""36.902113""","=""37.181047""","=""2s2.2p5.3p""","=""3D""","=""2""","=""2s2.2p5.3p""","=""1P""","=""1""",5,3,M1,"=""T7663""","=""""",
"=""""","=""""","=""4499.7""","=""0.3""","=""""","=""1.89e-02""",C,"=""36.967803""","=""37.243343""","=""2s2.2p5.3p""","=""3D""","=""1""","=""2s2.2p5.3p""","=""3P""","=""0""",3,1,M1,"=""T7663""","=""""",
"=""""","=""""","=""5151.6""","=""0.4""","=""""","=""6.90e-03""",C+,"=""36.854157""","=""37.094827""","=""2s2.2p5.3p""","=""3D""","=""3""","=""2s2.2p5.3p""","=""1D""","=""2""",7,5,M1,"=""T7663""","=""""",
"=""""","=""""","=""5158.7""","=""0.4""","=""""","=""4.31e-03""",C+,"=""36.967803""","=""37.208144""","=""2s2.2p5.3p""","=""3D""","=""1""","=""2s2.2p5.3p""","=""3P""","=""2""",3,5,M1,"=""T7663""","=""""",
"=""""","=""""","=""5814.2""","=""0.5""","=""""","=""9.80e-03""",C+,"=""36.967803""","=""37.181047""","=""2s2.2p5.3p""","=""3D""","=""1""","=""2s2.2p5.3p""","=""1P""","=""1""",3,3,M1,"=""T7663""","=""""",
"=""""","=""""","=""6433.6""","=""0.6""","=""""","=""2.72e-03""",C+,"=""36.902113""","=""37.094827""","=""2s2.2p5.3p""","=""3D""","=""2""","=""2s2.2p5.3p""","=""1D""","=""2""",5,5,M1,"=""T7663""","=""""",
"=""""","=""""","=""7367.6""","=""0.8""","=""""","=""1.00e-07""",C+,"=""32.846429""","=""33.014713""","=""2s2.2p5.3s""","=""3P*""","=""2""","=""2s2.2p5.3s""","=""3P*""","=""0""",5,1,E2,"=""T5256""","=""""",
"=""""","=""""","=""7592.1""","=""0.8""","=""""","=""1.01e-02""",B,"=""37.094827""","=""37.258133""","=""2s2.2p5.3p""","=""1D""","=""2""","=""2s2.2p5.3p""","=""3P""","=""1""",5,3,M1,"=""T7663""","=""""",
"=""""","=""""","=""9760.7""","=""1.3""","=""""","=""1.73e-03""",B,"=""36.967803""","=""37.094827""","=""2s2.2p5.3p""","=""3D""","=""1""","=""2s2.2p5.3p""","=""1D""","=""2""",3,5,M1,"=""T7663""","=""""",
"=""""","=""""","=""10941.4""","=""1.7""","=""""","=""5.75e-03""",B+,"=""37.094827""","=""37.208144""","=""2s2.2p5.3p""","=""1D""","=""2""","=""2s2.2p5.3p""","=""3P""","=""2""",5,5,M1,"=""T7663""","=""""",
"=""""","=""""","=""13066.8""","=""2.4""","=""""","=""9.64e-03""",A,"=""32.846429""","=""32.941315""","=""2s2.2p5.3s""","=""3P*""","=""2""","=""2s2.2p5.3s""","=""3P*""","=""1""",5,3,M1,"=""T7663""","=""""",
"=""""","=""""","=""14380""","=""3""","=""""","=""3.29e-04""",C+,"=""37.094827""","=""37.181047""","=""2s2.2p5.3p""","=""1D""","=""2""","=""2s2.2p5.3p""","=""1P""","=""1""",5,3,M1,"=""T7663""","=""""",
"=""""","=""""","=""16084""","=""4""","=""""","=""6.03e-04""",B,"=""37.181047""","=""37.258133""","=""2s2.2p5.3p""","=""1P""","=""1""","=""2s2.2p5.3p""","=""3P""","=""1""",3,3,M1,"=""T7663""","=""""",
"=""""","=""""","=""16892""","=""4""","=""""","=""1.07e-02""",A,"=""32.941315""","=""33.014713""","=""2s2.2p5.3s""","=""3P*""","=""1""","=""2s2.2p5.3s""","=""3P*""","=""0""",3,1,M1,"=""c46,T1""","=""""",
"=""""","=""""","=""18874""","=""5""","=""""","=""5.05e-03""",A,"=""36.902113""","=""36.967803""","=""2s2.2p5.3p""","=""3D""","=""2""","=""2s2.2p5.3p""","=""3D""","=""1""",5,3,M1,"=""T7663""","=""""",
"=""""","=""""","=""19902""","=""6""","=""""","=""1.90e-03""",B,"=""37.181047""","=""37.243343""","=""2s2.2p5.3p""","=""1P""","=""1""","=""2s2.2p5.3p""","=""3P""","=""0""",3,1,M1,"=""T7663""","=""""",
"=""""","=""""","=""24802""","=""9""","=""""","=""7.07e-04""",B+,"=""37.208144""","=""37.258133""","=""2s2.2p5.3p""","=""3P""","=""2""","=""2s2.2p5.3p""","=""3P""","=""1""",5,3,M1,"=""T7663""","=""""",
"=""""","=""""","=""25854""","=""9""","=""""","=""1.29e-03""",A,"=""36.854157""","=""36.902113""","=""2s2.2p5.3p""","=""3D""","=""3""","=""2s2.2p5.3p""","=""3D""","=""2""",7,5,M1,"=""T7663""","=""""",
"=""""","=""""","=""45756""","=""30""","=""""","=""4.24e-05""",B+,"=""37.181047""","=""37.208144""","=""2s2.2p5.3p""","=""1P""","=""1""","=""2s2.2p5.3p""","=""3P""","=""2""",3,5,M1,"=""T7663""","=""""",
"=""""","=""""","=""83829""","=""99""","=""""","=""2.08e-05""",B+,"=""37.243343""","=""37.258133""","=""2s2.2p5.3p""","=""3P""","=""0""","=""2s2.2p5.3p""","=""3P""","=""1""",1,3,M1,"=""T7663""","=""""",
