spectrum,element,charge,configuration,term,J,g,energy_eV,unc_eV,parity,doubtful,above_ionization,ionization_eV,tau_s,tau_source,tau_asd_s,asd_channels,asd_tau_complete,strongest_decay_eV,max_decay_eV,tau_lidb_s,lidb_metastable,ref
Fe I,Fe,0,3d6.4s2,a 5D,4.0,9,0.0,0.0,even,,no,7.9024681,,metastable - no allowed radiative channel,,,,,,,yes,L11631
Fe I,Fe,0,3d6.4s2,a 5D,3.0,7,0.05156912,1.2e-07,even,,no,7.9024681,398.40637450199205,"ASD 1/sum(Aki), J-resolved",398.40637450199205,1/1,yes,0.05156912,0.05156912,,yes,
Fe I,Fe,0,3d6.4s2,a 5D,2.0,5,0.08728574,1.2e-07,even,,no,7.9024681,641.025641025641,"ASD 1/sum(Aki), J-resolved",641.025641025641,1/1,yes,0.03571662,0.03571662,,yes,
Fe I,Fe,0,3d6.4s2,a 5D,1.0,3,0.11011433,1.2e-07,even,,no,7.9024681,1689.1891891891892,"ASD 1/sum(Aki), J-resolved",1689.1891891891892,1/1,yes,0.022828589999999996,0.022828589999999996,,yes,
Fe I,Fe,0,3d6.4s2,a 5D,0.0,1,0.12126572,1.2e-07,even,,no,7.9024681,8474.57627118644,"ASD 1/sum(Aki), J-resolved",8474.57627118644,1/1,yes,0.011151389999999997,0.011151389999999997,,yes,
Fe I,Fe,0,3d7.(4F).4s,a 5F,5.0,11,0.85899575,1.2e-07,even,,no,7.9024681,500.0,"ASD 1/sum(Aki), J-resolved",500.0,1/1,yes,0.85899575,0.85899575,,,
Fe I,Fe,0,3d7.(4F).4s,a 5F,4.0,9,0.91460217,1.2e-07,even,,no,7.9024681,666.6666666666666,"ASD 1/sum(Aki), J-resolved",666.6666666666666,1/1,yes,0.91460217,0.91460217,,,
Fe I,Fe,0,3d7.(4F).4s,a 5F,3.0,7,0.95815732,1.2e-07,even,,no,7.9024681,588.2352941176471,"ASD 1/sum(Aki), J-resolved",588.2352941176471,1/1,yes,0.9065882,0.9065882,,,
Fe I,Fe,0,3d7.(4F).4s,a 5F,2.0,5,0.99011115,1.2e-07,even,,no,7.9024681,370.3703703703703,"ASD 1/sum(Aki), J-resolved",370.3703703703703,2/2,yes,0.90282541,0.93854203,,,
Fe I,Fe,0,3d7.(4F).4s,a 5F,1.0,3,1.01105568,1.2e-07,even,,no,7.9024681,294.11764705882354,"ASD 1/sum(Aki), J-resolved",294.11764705882354,2/2,yes,0.9009413499999999,0.9237699399999999,,,
Fe I,Fe,0,3d7.(4F).4s,a 3F,4.0,9,1.48486439,1.2e-07,even,,no,7.9024681,,,,,,,,,,
Fe I,Fe,0,3d7.(4F).4s,a 3F,3.0,7,1.55735733,1.2e-07,even,,no,7.9024681,,,,,,,,,,
Fe I,Fe,0,3d7.(4F).4s,a 3F,2.0,5,1.60789577,1.2e-07,even,,no,7.9024681,,,,,,,,,,
Fe I,Fe,0,3d7.(4P).4s,a 5P,3.0,7,2.17594512,1.2e-07,even,,no,7.9024681,3.6982248520710055,"ASD 1/sum(Aki), J-resolved",3.6982248520710055,6/6,yes,2.17594512,2.17594512,,,
Fe I,Fe,0,3d7.(4P).4s,a 5P,2.0,5,2.1978664,1.2e-07,even,,no,7.9024681,3.497726477789436,"ASD 1/sum(Aki), J-resolved",3.497726477789436,8/8,yes,2.1978664,2.1978664,,,
Fe I,Fe,0,3d7.(4P).4s,a 5P,1.0,3,2.22271209,1.2e-07,even,,no,7.9024681,3.7078235076010375,"ASD 1/sum(Aki), J-resolved",3.7078235076010375,6/6,yes,2.17114297,2.17114297,,,
Fe I,Fe,0,3d6.4s2,a 3P2,2.0,5,2.27860466,1.2e-07,even,,no,7.9024681,2.4576062914721057,"ASD 1/sum(Aki), J-resolved",2.4576062914721057,6/6,yes,2.22703554,2.27860466,,,
Fe I,Fe,0,3d6.4s2,a 3P2,1.0,3,2.42419831,1.2e-07,even,,no,7.9024681,1.8518518518518516,"ASD 1/sum(Aki), J-resolved",1.8518518518518516,3/3,yes,2.33691257,2.33691257,,,
Fe I,Fe,0,3d6.4s2,a 3P2,0.0,1,2.48437256,2.5e-07,even,,no,7.9024681,1.7543859649122808,"ASD 1/sum(Aki), J-resolved",1.7543859649122808,1/1,yes,2.37425823,2.37425823,,,
Fe I,Fe,0,3d6.(5D).4s.4p.(3P*),z 7D*,5.0,11,2.39920471,1.2e-07,odd,,no,7.9024681,0.000689655172413793,"ASD 1/sum(Aki), J-resolved",0.000689655172413793,1/3,no,2.39920471,2.39920471,,,
Fe I,Fe,0,3d6.(5D).4s.4p.(3P*),z 7D*,4.0,9,2.42543332,1.2e-07,odd,,no,7.9024681,0.00019578053784829357,"ASD 1/sum(Aki), J-resolved",0.00019578053784829357,3/5,no,2.42543332,2.42543332,,,
Fe I,Fe,0,3d6.(5D).4s.4p.(3P*),z 7D*,3.0,7,2.44955978,1.2e-07,odd,,no,7.9024681,0.00022326412145568208,"ASD 1/sum(Aki), J-resolved",0.00022326412145568208,4/5,no,2.39799066,2.44955978,,,
Fe I,Fe,0,3d6.(5D).4s.4p.(3P*),z 7D*,2.0,5,2.46883473,1.2e-07,odd,,no,7.9024681,0.00031655587211142766,"ASD 1/sum(Aki), J-resolved",0.00031655587211142766,3/4,no,2.38154899,2.4172656100000003,,,
Fe I,Fe,0,3d6.(5D).4s.4p.(3P*),z 7D*,1.0,3,2.4821184,1.2e-07,odd,,no,7.9024681,0.00044444444444444447,"ASD 1/sum(Aki), J-resolved",0.00044444444444444447,2/2,yes,2.37200407,2.37200407,,,
Fe I,Fe,0,3d6.4s2,a 3H,6.0,13,2.40407444,1.2e-07,even,,no,7.9024681,1.75439,LiDB (J-lumped),,,,,,1.75439,,
Fe I,Fe,0,3d6.4s2,a 3H,5.0,11,2.4326947,1.2e-07,even,,no,7.9024681,1.75439,LiDB (J-lumped),,,,,,1.75439,,
Fe I,Fe,0,3d6.4s2,a 3H,4.0,9,2.45343044,1.2e-07,even,,no,7.9024681,103.09278350515464,"ASD 1/sum(Aki), J-resolved",103.09278350515464,2/2,yes,2.45343044,2.45343044,1.75439,,
Fe I,Fe,0,3d6.4s2,b 3F2,4.0,9,2.55917148,1.2e-07,even,,no,7.9024681,2.0120724346076457,"ASD 1/sum(Aki), J-resolved",2.0120724346076457,2/2,yes,2.55917148,2.55917148,,,
Fe I,Fe,0,3d6.4s2,b 3F2,3.0,7,2.58810592,1.2e-07,even,,no,7.9024681,2.8735632183908044,"ASD 1/sum(Aki), J-resolved",2.8735632183908044,3/3,yes,2.5365368,2.58810592,,,
Fe I,Fe,0,3d6.4s2,b 3F2,2.0,5,2.60850194,1.2e-07,even,,no,7.9024681,6.17283950617284,"ASD 1/sum(Aki), J-resolved",6.17283950617284,3/3,yes,2.5212162,2.55693282,,,
Fe I,Fe,0,3d7.(2G).4s,a 3G,5.0,11,2.69240763,1.2e-07,even,,no,7.9024681,5.988023952095808,"ASD 1/sum(Aki), J-resolved",5.988023952095808,3/3,yes,1.8334118799999999,1.8334118799999999,,,
Fe I,Fe,0,3d7.(2G).4s,a 3G,4.0,9,2.7275445,1.2e-07,even,,no,7.9024681,8.403361344537815,"ASD 1/sum(Aki), J-resolved",8.403361344537815,3/3,yes,1.81294233,1.81294233,,,
Fe I,Fe,0,3d7.(2G).4s,a 3G,3.0,7,2.75857762,1.2e-07,even,,no,7.9024681,16.129032258064516,"ASD 1/sum(Aki), J-resolved",16.129032258064516,3/3,yes,1.8004203,1.8004203,,,
Fe I,Fe,0,3d6.(5D).4s.4p.(3P*),z 7F*,6.0,13,2.80829367,1.2e-07,odd,,no,7.9024681,0.0023148148148148147,"ASD 1/sum(Aki), J-resolved",0.0023148148148148147,1/1,yes,1.9492979199999998,1.9492979199999998,,,
Fe I,Fe,0,3d6.(5D).4s.4p.(3P*),z 7F*,5.0,11,2.83252676,1.2e-07,odd,,no,7.9024681,7.8662114752293e-06,"ASD 1/sum(Aki), J-resolved",7.8662114752293e-06,3/3,yes,1.91792459,2.83252676,,,
Fe I,Fe,0,3d6.(5D).4s.4p.(3P*),z 7F*,4.0,9,2.85122419,1.2e-07,odd,,no,7.9024681,2.8496523424142255e-05,"ASD 1/sum(Aki), J-resolved",2.8496523424142255e-05,3/4,no,2.79965507,2.85122419,,,
Fe I,Fe,0,3d6.(5D).4s.4p.(3P*),z 7F*,3.0,7,2.86539125,1.2e-07,odd,,no,7.9024681,3.303942561619355e-05,"ASD 1/sum(Aki), J-resolved",3.303942561619355e-05,4/6,no,2.77810551,2.86539125,,,
Fe I,Fe,0,3d6.(5D).4s.4p.(3P*),z 7F*,2.0,5,2.87550352,1.2e-07,odd,,no,7.9024681,4.2925087137926886e-05,"ASD 1/sum(Aki), J-resolved",4.2925087137926886e-05,5/6,no,2.76538919,2.8239344,,,
Fe I,Fe,0,3d6.(5D).4s.4p.(3P*),z 7F*,1.0,3,2.88199261,1.2e-07,odd,,no,7.9024681,5.894141223623718e-05,"ASD 1/sum(Aki), J-resolved",5.894141223623718e-05,4/5,no,2.7607268900000004,2.79470687,,,
Fe I,Fe,0,3d6.(5D).4s.4p.(3P*),z 7F*,0.0,1,2.88515991,2.5e-07,odd,,no,7.9024681,,,,,,,,,,
Fe I,Fe,0,3d7.(4P).4s,b 3P,2.0,5,2.83159117,1.2e-07,even,,no,7.9024681,21.73913043478261,"ASD 1/sum(Aki), J-resolved",21.73913043478261,3/3,yes,2.78002205,2.78002205,,,
Fe I,Fe,0,3d7.(4P).4s,b 3P,1.0,3,2.84504259,1.2e-07,even,,no,7.9024681,20.833333333333332,"ASD 1/sum(Aki), J-resolved",20.833333333333332,2/2,yes,2.75775685,2.75775685,,,
Fe I,Fe,0,3d7.(4P).4s,b 3P,0.0,1,2.85805275,1.2e-07,even,,no,7.9024681,10.0,"ASD 1/sum(Aki), J-resolved",10.0,1/1,yes,2.74793842,2.74793842,,,
Fe I,Fe,0,3d6.(5D).4s.4p.(3P*),z 7P*,4.0,9,2.93984587,1.2e-07,odd,,no,7.9024681,4.487081691809281e-05,"ASD 1/sum(Aki), J-resolved",4.487081691809281e-05,4/4,yes,2.93984587,2.93984587,,,
Fe I,Fe,0,3d6.(5D).4s.4p.(3P*),z 7P*,3.0,7,2.99804479,1.2e-07,odd,,no,7.9024681,0.00010133765707336846,"ASD 1/sum(Aki), J-resolved",0.00010133765707336846,5/6,no,2.94647567,2.99804479,,,
Fe I,Fe,0,3d6.(5D).4s.4p.(3P*),z 7P*,2.0,5,3.03847046,1.2e-07,odd,,no,7.9024681,0.0011389521640091116,"ASD 1/sum(Aki), J-resolved",0.0011389521640091116,1/8,no,2.92835613,2.98690134,,,
Fe I,Fe,0,3d6.4s2,b 3G,5.0,11,2.94879294,1.2e-07,even,,no,7.9024681,,metastable - no allowed radiative channel,,,,,,,yes,
Fe I,Fe,0,3d6.4s2,b 3G,4.0,9,2.99035244,1.2e-07,even,,no,7.9024681,,metastable - no allowed radiative channel,,,,,,,yes,
Fe I,Fe,0,3d6.4s2,b 3G,3.0,7,3.01762252,1.2e-07,even,,no,7.9024681,,metastable - no allowed radiative channel,,,,,,,yes,
Fe I,Fe,0,3d7.(2P).4s,c 3P,2.0,5,3.01725044,1.2e-07,even,,no,7.9024681,,,,,,,,,,
Fe I,Fe,0,3d7.(2P).4s,c 3P,1.0,3,3.0713388,1.2e-07,even,,no,7.9024681,62.5,"ASD 1/sum(Aki), J-resolved",62.5,1/1,yes,2.98405306,2.98405306,,,
Fe I,Fe,0,3d7.(2P).4s,c 3P,0.0,1,3.11096179,2.5e-07,even,,no,7.9024681,50.0,"ASD 1/sum(Aki), J-resolved",50.0,1/1,yes,0.8882497000000003,0.8882497000000003,,,
Fe I,Fe,0,3d7.(2G).4s,a 1G,4.0,9,3.0468689,1.2e-07,even,,no,7.9024681,9.523809523809524,"ASD 1/sum(Aki), J-resolved",9.523809523809524,2/2,yes,1.5620045100000002,1.5620045100000002,,,
Fe I,Fe,0,3d6.(5D).4s.4p.(3P*),z 5D*,4.0,9,3.21118938,1.2e-07,odd,,no,7.9024681,8.006405124099279e-08,"ASD 1/sum(Aki), J-resolved",8.006405124099279e-08,6/7,no,3.21118938,3.21118938,,,
Fe I,Fe,0,3d6.(5D).4s.4p.(3P*),z 5D*,3.0,7,3.24096914,1.2e-07,odd,,no,7.9024681,8.384267759975183e-08,"ASD 1/sum(Aki), J-resolved",8.384267759975183e-08,9/9,yes,3.18940002,3.24096914,,,
Fe I,Fe,0,3d6.(5D).4s.4p.(3P*),z 5D*,2.0,5,3.2657061,1.2e-07,odd,,no,7.9024681,8.573829243616785e-08,"ASD 1/sum(Aki), J-resolved",8.573829243616785e-08,10/11,no,3.21413698,3.21413698,,,
Fe I,Fe,0,3d6.(5D).4s.4p.(3P*),z 5D*,1.0,3,3.28302483,1.2e-07,odd,,no,7.9024681,8.718395815170008e-08,"ASD 1/sum(Aki), J-resolved",8.718395815170008e-08,7/10,no,3.19573909,3.19573909,,,
Fe I,Fe,0,3d6.(5D).4s.4p.(3P*),z 5D*,0.0,1,3.29183986,1.2e-07,odd,,no,7.9024681,8.875477056891809e-08,"ASD 1/sum(Aki), J-resolved",8.875477056891809e-08,3/3,yes,3.18172553,3.18172553,,,
Fe I,Fe,0,3d7.(2H).4s,b 3H,6.0,13,3.23672008,1.2e-07,even,,no,7.9024681,,,,,,,,,,
Fe I,Fe,0,3d7.(2H).4s,b 3H,5.0,11,3.26711257,1.2e-07,even,,no,7.9024681,,,,,,,,,,
Fe I,Fe,0,3d7.(2H).4s,b 3H,4.0,9,3.30140276,1.2e-07,even,,no,7.9024681,,,,,,,,,,
Fe I,Fe,0,3d7.(2D2).4s,a 3D,3.0,7,3.25148176,1.2e-07,even,,no,7.9024681,2.9673590504451037,"ASD 1/sum(Aki), J-resolved",2.9673590504451037,7/7,yes,2.3368795899999997,3.25148176,,,
Fe I,Fe,0,3d7.(2D2).4s,a 3D,1.0,3,3.2739844,1.2e-07,even,,no,7.9024681,3.236245954692556,"ASD 1/sum(Aki), J-resolved",3.236245954692556,7/7,yes,2.2838732499999996,3.1638700699999998,,,
Fe I,Fe,0,3d7.(2D2).4s,a 3D,2.0,5,3.30092244,1.2e-07,even,,no,7.9024681,3.0395136778115495,"ASD 1/sum(Aki), J-resolved",3.0395136778115495,7/7,yes,2.34276512,3.2136367,,,
Fe I,Fe,0,3d6.(5D).4s.4p.(3P*),z 5F*,5.0,11,3.33201954,1.2e-07,odd,,no,7.9024681,6.147641764619092e-08,"ASD 1/sum(Aki), J-resolved",6.147641764619092e-08,3/5,no,3.33201954,3.33201954,,,
Fe I,Fe,0,3d6.(5D).4s.4p.(3P*),z 5F*,4.0,9,3.3682564,1.2e-07,odd,,no,7.9024681,6.424770626051494e-08,"ASD 1/sum(Aki), J-resolved",6.424770626051494e-08,6/10,no,3.31668728,3.3682564,,,
Fe I,Fe,0,3d6.(5D).4s.4p.(3P*),z 5F*,3.0,7,3.3965088,1.2e-07,odd,,no,7.9024681,6.729141360889437e-08,"ASD 1/sum(Aki), J-resolved",6.729141360889437e-08,7/11,no,3.30922306,3.3965088,,,
Fe I,Fe,0,3d6.(5D).4s.4p.(3P*),z 5F*,2.0,5,3.41695281,1.2e-07,odd,,no,7.9024681,6.899597063531489e-08,"ASD 1/sum(Aki), J-resolved",6.899597063531489e-08,6/11,no,3.30683848,3.3653836900000003,,,
Fe I,Fe,0,3d6.(5D).4s.4p.(3P*),z 5F*,1.0,3,3.43018998,1.2e-07,odd,,no,7.9024681,6.869405727710496e-08,"ASD 1/sum(Aki), J-resolved",6.869405727710496e-08,5/8,no,3.3089242600000004,3.34290424,,,
Fe I,Fe,0,3d7.(2P).4s,a 1P,1.0,3,3.41489715,1.2e-07,even,,no,7.9024681,29.41176470588235,"ASD 1/sum(Aki), J-resolved",29.41176470588235,2/2,yes,2.4247859999999997,2.4247859999999997,,,
Fe I,Fe,0,3d7.(2D2).4s,a 1D,2.0,5,3.54652001,1.2e-07,even,,no,7.9024681,3.8022813688212924,"ASD 1/sum(Aki), J-resolved",3.8022813688212924,2/2,yes,1.98916268,1.98916268,,,
Fe I,Fe,0,3d7.(2H).4s,a 1H,5.0,11,3.5732189,1.2e-07,even,,no,7.9024681,20.833333333333332,"ASD 1/sum(Aki), J-resolved",20.833333333333332,2/2,yes,0.8808112700000001,0.8808112700000001,,,
Fe I,Fe,0,3d6.(5D).4s.4p.(3P*),z 5P*,3.0,7,3.60252504,1.2e-07,odd,,no,7.9024681,3.9193154053395185e-08,"ASD 1/sum(Aki), J-resolved",3.9193154053395185e-08,6/11,no,3.60252504,3.60252504,,,
Fe I,Fe,0,3d6.(5D).4s.4p.(3P*),z 5P*,2.0,5,3.65369332,1.2e-07,odd,,no,7.9024681,3.778718258766626e-08,"ASD 1/sum(Aki), J-resolved",3.778718258766626e-08,6/12,no,3.6021242,3.6021242,,,
Fe I,Fe,0,3d6.(5D).4s.4p.(3P*),z 5P*,1.0,3,3.68638944,1.2e-07,odd,,no,7.9024681,3.734590147404273e-08,"ASD 1/sum(Aki), J-resolved",3.734590147404273e-08,6/10,no,3.57627511,3.5991037,,,
Fe I,Fe,0,3d6.4s2,a 1I,6.0,13,3.6343498,1.2e-07,even,,no,7.9024681,7.633587786259541,"ASD 1/sum(Aki), J-resolved",7.633587786259541,2/2,yes,1.2302753599999998,1.2302753599999998,4.56621,,
Fe I,Fe,0,3d6.4s2,b 3D,1.0,3,3.63521992,1.2e-07,even,,no,7.9024681,4.566210045662101,"ASD 1/sum(Aki), J-resolved",4.566210045662101,4/4,yes,3.52510559,3.52510559,3.73459e-08,,
Fe I,Fe,0,3d6.4s2,b 3D,2.0,5,3.63977237,1.2e-07,even,,no,7.9024681,4.901960784313725,"ASD 1/sum(Aki), J-resolved",4.901960784313725,5/5,yes,3.55248663,3.5882032500000003,3.73459e-08,,
Fe I,Fe,0,3d6.4s2,b 3D,3.0,7,3.64164057,1.2e-07,even,,no,7.9024681,3.246753246753247,"ASD 1/sum(Aki), J-resolved",3.246753246753247,6/6,yes,3.64164057,3.64164057,3.73459e-08,,
Fe I,Fe,0,3d6.4s2,b 1G2,4.0,9,3.69459719,1.2e-07,even,,no,7.9024681,3.5460992907801416,"ASD 1/sum(Aki), J-resolved",3.5460992907801416,2/2,yes,1.1354257100000003,1.1354257100000003,,,
Fe I,Fe,0,3d6.(5D).4s.4p.(3P*),z 3F*,4.0,9,3.88160368,1.2e-07,odd,,no,7.9024681,8.055421298533913e-07,"ASD 1/sum(Aki), J-resolved",8.055421298533913e-07,8/13,no,2.39673929,3.88160368,,,
Fe I,Fe,0,3d6.(5D).4s.4p.(3P*),z 3F*,3.0,7,3.94332623,1.2e-07,odd,,no,7.9024681,9.286775631500743e-07,"ASD 1/sum(Aki), J-resolved",9.286775631500743e-07,8/19,no,2.3859689,3.94332623,,,
Fe I,Fe,0,3d6.(5D).4s.4p.(3P*),z 3F*,2.0,5,3.98410712,1.2e-07,odd,,no,7.9024681,1.1928903733746869e-06,"ASD 1/sum(Aki), J-resolved",1.1928903733746869e-06,7/21,no,2.37621135,3.932538,,,
Fe I,Fe,0,3d6.(5D).4s.4p.(3P*),z 3D*,3.0,7,3.88350907,1.2e-07,odd,,no,7.9024681,2.5428017097798695e-07,"ASD 1/sum(Aki), J-resolved",2.5428017097798695e-07,12/16,no,2.3986446800000003,3.88350907,,,
Fe I,Fe,0,3d6.(5D).4s.4p.(3P*),z 3D*,2.0,5,3.92860683,1.2e-07,odd,,no,7.9024681,2.4530245793062845e-07,"ASD 1/sum(Aki), J-resolved",2.4530245793062845e-07,9/18,no,2.3712495000000002,3.87703771,,,
Fe I,Fe,0,3d6.(5D).4s.4p.(3P*),z 3D*,1.0,3,3.95972364,1.2e-07,odd,,no,7.9024681,2.3685457129322596e-07,"ASD 1/sum(Aki), J-resolved",2.3685457129322596e-07,8/17,no,2.35182787,3.8724379,,,
Fe I,Fe,0,3d8,c 3F,4.0,9,4.07581091,1.2e-07,even,,no,7.9024681,,metastable - no allowed radiative channel,,,,,,,yes,
Fe I,Fe,0,3d8,c 3F,3.0,7,4.14264893,1.2e-07,even,,no,7.9024681,,metastable - no allowed radiative channel,,,,,,,yes,
Fe I,Fe,0,3d8,c 3F,2.0,5,4.1863644,1.2e-07,even,,no,7.9024681,,metastable - no allowed radiative channel,,,,,,,yes,
Fe I,Fe,0,3d7.(4F).4p,y 5D*,4.0,9,4.10337372,1.2e-07,odd,,no,7.9024681,6.1443517125229875e-09,"ASD 1/sum(Aki), J-resolved",6.1443517125229875e-09,7/8,no,4.10337372,4.10337372,,,
Fe I,Fe,0,3d7.(4F).4p,y 5D*,3.0,7,4.15435379,1.2e-07,odd,,no,7.9024681,5.884658342621286e-09,"ASD 1/sum(Aki), J-resolved",5.884658342621286e-09,9/10,no,3.23975162,4.15435379,,,
Fe I,Fe,0,3d7.(4F).4p,y 5D*,2.0,5,4.19086081,1.2e-07,odd,,no,7.9024681,6.696672222672387e-09,"ASD 1/sum(Aki), J-resolved",6.696672222672387e-09,13/13,yes,3.2327034900000005,4.13929169,,,
Fe I,Fe,0,3d7.(4F).4p,y 5D*,1.0,3,4.21758325,1.2e-07,odd,,no,7.9024681,5.932387394388673e-09,"ASD 1/sum(Aki), J-resolved",5.932387394388673e-09,7/11,no,4.13029751,4.13029751,,,
Fe I,Fe,0,3d7.(4F).4p,y 5D*,0.0,1,4.2305396,1.2e-07,odd,,no,7.9024681,5.9619271333265765e-09,"ASD 1/sum(Aki), J-resolved",5.9619271333265765e-09,3/5,no,4.12042527,4.12042527,,,
Fe I,Fe,0,3d7.(4F).4p,y 5F*,5.0,11,4.17769679,1.2e-07,odd,,no,7.9024681,8.284866862189525e-09,"ASD 1/sum(Aki), J-resolved",8.284866862189525e-09,4/5,no,3.3187010399999997,4.17769679,,,
Fe I,Fe,0,3d7.(4F).4p,y 5F*,4.0,9,4.22036211,1.2e-07,odd,,no,7.9024681,8.050337148119764e-09,"ASD 1/sum(Aki), J-resolved",8.050337148119764e-09,7/12,no,3.3057599399999997,4.22036211,,,
Fe I,Fe,0,3d7.(4F).4p,y 5F*,3.0,7,4.2562228,1.2e-07,odd,,no,7.9024681,7.994990658652914e-09,"ASD 1/sum(Aki), J-resolved",7.994990658652914e-09,8/12,no,3.29806548,4.2562228,,,
Fe I,Fe,0,3d7.(4F).4p,y 5F*,2.0,5,4.28330826,1.2e-07,odd,,no,7.9024681,8.026268371125017e-09,"ASD 1/sum(Aki), J-resolved",8.026268371125017e-09,8/11,no,3.29319711,4.23173914,,,
Fe I,Fe,0,3d7.(4F).4p,y 5F*,1.0,3,4.30127816,1.2e-07,odd,,no,7.9024681,8.038998790934582e-09,"ASD 1/sum(Aki), J-resolved",8.038998790934582e-09,6/9,no,3.2902224799999997,4.21399242,,,
Fe I,Fe,0,3d6.(5D).4s.4p.(3P*),z 3P*,2.0,5,4.20888328,1.2e-07,odd,,no,7.9024681,3.918535220186413e-08,"ASD 1/sum(Aki), J-resolved",3.918535220186413e-08,13/21,no,3.2507259600000005,4.15731416,,,
Fe I,Fe,0,3d6.(5D).4s.4p.(3P*),z 3P*,1.0,3,4.26045326,1.2e-07,odd,,no,7.9024681,9.722802889617019e-08,"ASD 1/sum(Aki), J-resolved",9.722802889617019e-08,12/19,no,4.17316752,4.17316752,,,
Fe I,Fe,0,3d6.(5D).4s.4p.(3P*),z 3P*,0.0,1,4.284348,1.2e-07,odd,,no,7.9024681,1.2173002714579606e-07,"ASD 1/sum(Aki), J-resolved",1.2173002714579606e-07,5/9,no,4.17423367,4.17423367,,,
Fe I,Fe,0,3d6.4s2,b 1D2,2.0,5,4.29441489,1.2e-07,even,,no,7.9024681,,,,,,,,,,
Fe I,Fe,0,3d7.(4F).4p,z 5G*,5.0,11,4.31247059,1.2e-07,odd,,no,7.9024681,1.2290327021021375e-08,"ASD 1/sum(Aki), J-resolved",1.2290327021021375e-08,7/10,no,2.8276062,4.31247059,,,
Fe I,Fe,0,3d7.(4F).4p,z 5G*,6.0,13,4.32010008,2.5e-07,odd,,no,7.9024681,9.803921568627451e-09,"ASD 1/sum(Aki), J-resolved",9.803921568627451e-09,1/3,no,3.4611043299999995,3.4611043299999995,,,
Fe I,Fe,0,3d7.(4F).4p,z 5G*,4.0,9,4.37135106,1.2e-07,odd,,no,7.9024681,1.136979931167235e-08,"ASD 1/sum(Aki), J-resolved",1.136979931167235e-08,11/15,no,3.4131937400000005,4.37135106,,,
Fe I,Fe,0,3d7.(4F).4p,z 5G*,3.0,7,4.41527878,1.2e-07,odd,,no,7.9024681,1.0141175301370378e-08,"ASD 1/sum(Aki), J-resolved",1.0141175301370378e-08,10/16,no,3.4251676300000002,4.41527878,,,
Fe I,Fe,0,3d7.(4F).4p,z 5G*,2.0,5,4.44562726,1.2e-07,odd,,no,7.9024681,1.0081265077792083e-08,"ASD 1/sum(Aki), J-resolved",1.0081265077792083e-08,7/8,no,3.43457158,4.39405814,,,
Fe I,Fe,0,3d7.(4F).4p,z 3G*,5.0,11,4.38646275,1.2e-07,odd,,no,7.9024681,1.0608526284745576e-08,"ASD 1/sum(Aki), J-resolved",1.0608526284745576e-08,7/12,no,3.4718605799999995,4.38646275,,,
Fe I,Fe,0,3d7.(4F).4p,z 3G*,4.0,9,4.43461275,1.2e-07,odd,,no,7.9024681,1.0799439293111902e-08,"ASD 1/sum(Aki), J-resolved",1.0799439293111902e-08,12/18,no,3.4764554300000006,4.43461275,,,
Fe I,Fe,0,3d7.(4F).4p,z 3G*,3.0,7,4.47327202,1.2e-07,odd,,no,7.9024681,1.1699874811339518e-08,"ASD 1/sum(Aki), J-resolved",1.1699874811339518e-08,11/19,no,2.8653762499999997,4.47327202,,,
Fe I,Fe,0,3d7.(4F).4p,y 3F*,4.0,9,4.54850612,1.2e-07,odd,,no,7.9024681,9.67531575392963e-09,"ASD 1/sum(Aki), J-resolved",9.67531575392963e-09,15/21,no,3.0636417299999996,4.54850612,,,
Fe I,Fe,0,3d7.(4F).4p,y 3F*,3.0,7,4.60759327,1.2e-07,odd,,no,7.9024681,9.522285958056235e-09,"ASD 1/sum(Aki), J-resolved",9.522285958056235e-09,14/25,no,3.0502359399999994,4.60759327,,,
Fe I,Fe,0,3d7.(4F).4p,y 3F*,2.0,5,4.65203107,1.2e-07,odd,,no,7.9024681,1.0003701369506717e-08,"ASD 1/sum(Aki), J-resolved",1.0003701369506717e-08,9/17,no,3.0441352999999998,4.564745329999999,,,
Fe I,Fe,0,3d6.(5D).4s.4p.(1P*),y 5P*,3.0,7,4.55852281,1.2e-07,odd,,no,7.9024681,5.70014934391281e-09,"ASD 1/sum(Aki), J-resolved",5.70014934391281e-09,9/11,no,4.55852281,4.55852281,,,
Fe I,Fe,0,3d6.(5D).4s.4p.(1P*),y 5P*,2.0,5,4.60695104,1.2e-07,odd,,no,7.9024681,5.997792812245094e-09,"ASD 1/sum(Aki), J-resolved",5.997792812245094e-09,8/11,no,4.55538192,4.55538192,,,
Fe I,Fe,0,3d6.(5D).4s.4p.(1P*),y 5P*,1.0,3,4.63819369,1.2e-07,odd,,no,7.9024681,6.194827319188477e-09,"ASD 1/sum(Aki), J-resolved",6.194827319188477e-09,6/7,no,4.5280793599999996,4.550907949999999,,,
Fe I,Fe,0,3d7.(2F).4s,d 3F,2.0,5,4.58004944,1.2e-07,even,,no,7.9024681,,,,,,,,,,
Fe I,Fe,0,3d7.(2F).4s,d 3F,3.0,7,4.58438864,1.2e-07,even,,no,7.9024681,,,,,,,,,,
Fe I,Fe,0,3d7.(2F).4s,d 3F,4.0,9,4.59311043,1.2e-07,even,,no,7.9024681,,,,,,,,,,
Fe I,Fe,0,3d7.(4F).4p,y 3D*,3.0,7,4.73314079,1.2e-07,odd,,no,7.9024681,7.202286293761091e-09,"ASD 1/sum(Aki), J-resolved",7.202286293761091e-09,17/20,no,3.2482764,4.73314079,,,
Fe I,Fe,0,3d7.(4F).4p,y 3D*,2.0,5,4.79546566,1.2e-07,odd,,no,7.9024681,7.504161057306276e-09,"ASD 1/sum(Aki), J-resolved",7.504161057306276e-09,17/26,no,3.2381083299999993,4.74389654,,,
Fe I,Fe,0,3d7.(4F).4p,y 3D*,1.0,3,4.83485507,1.2e-07,odd,,no,7.9024681,7.079605920816024e-09,"ASD 1/sum(Aki), J-resolved",7.079605920816024e-09,13/20,no,3.2269593,4.747569329999999,,,
Fe I,Fe,0,3d6.(5D).4s.4p.(1P*),x 5D*,4.0,9,4.91297355,1.2e-07,odd,,no,7.9024681,3.5465017306928446e-09,"ASD 1/sum(Aki), J-resolved",3.5465017306928446e-09,7/10,no,4.91297355,4.91297355,,,
Fe I,Fe,0,3d6.(5D).4s.4p.(1P*),x 5D*,3.0,7,4.95563019,1.2e-07,odd,,no,7.9024681,2.5958181369813233e-09,"ASD 1/sum(Aki), J-resolved",2.5958181369813233e-09,10/13,no,4.90406107,4.95563019,,,
Fe I,Fe,0,3d6.(5D).4s.4p.(1P*),x 5D*,2.0,5,4.98804995,1.2e-07,odd,,no,7.9024681,2.6046482552763663e-09,"ASD 1/sum(Aki), J-resolved",2.6046482552763663e-09,11/12,no,4.93648083,4.93648083,,,
Fe I,Fe,0,3d6.(5D).4s.4p.(1P*),x 5D*,1.0,3,5.00952178,1.2e-07,odd,,no,7.9024681,2.6019306325293368e-09,"ASD 1/sum(Aki), J-resolved",2.6019306325293368e-09,7/8,no,4.92223604,4.92223604,,,
Fe I,Fe,0,3d6.(5D).4s.4p.(1P*),x 5D*,0.0,1,5.02027939,1.2e-07,odd,,no,7.9024681,2.592352559948153e-09,"ASD 1/sum(Aki), J-resolved",2.592352559948153e-09,3/3,yes,4.91016506,4.91016506,,,
Fe I,Fe,0,3d5.(6S).4s2.4p,y 7P*,2.0,5,4.96581946,1.2e-07,odd,,no,7.9024681,4.3666215449107024e-07,"ASD 1/sum(Aki), J-resolved",4.3666215449107024e-07,7/8,no,4.87853372,4.91425034,,,
Fe I,Fe,0,3d5.(6S).4s2.4p,y 7P*,3.0,7,4.98504395,1.2e-07,odd,,no,7.9024681,1.460472316747236e-07,"ASD 1/sum(Aki), J-resolved",1.460472316747236e-07,7/8,no,4.98504395,4.98504395,,,
Fe I,Fe,0,3d5.(6S).4s2.4p,y 7P*,4.0,9,5.01168158,1.2e-07,odd,,no,7.9024681,3.093102381688834e-07,"ASD 1/sum(Aki), J-resolved",3.093102381688834e-07,4/6,no,5.01168158,5.01168158,,,
Fe I,Fe,0,3d6.(5D).4s.4p.(1P*),x 5F*,5.0,11,4.99127081,1.2e-07,odd,,no,7.9024681,2.0022024226649315e-09,"ASD 1/sum(Aki), J-resolved",2.0022024226649315e-09,3/4,no,4.99127081,4.99127081,,,
Fe I,Fe,0,3d6.(5D).4s.4p.(1P*),x 5F*,4.0,9,5.03306811,1.2e-07,odd,,no,7.9024681,1.998908595906635e-09,"ASD 1/sum(Aki), J-resolved",1.998908595906635e-09,7/7,yes,4.98149899,5.03306811,,,
Fe I,Fe,0,3d6.(5D).4s.4p.(1P*),x 5F*,3.0,7,5.06378173,1.2e-07,odd,,no,7.9024681,2.006782926290863e-09,"ASD 1/sum(Aki), J-resolved",2.006782926290863e-09,8/10,no,4.97649599,5.06378173,,,
Fe I,Fe,0,3d6.(5D).4s.4p.(1P*),x 5F*,2.0,5,5.08559017,1.2e-07,odd,,no,7.9024681,2.0016814123864044e-09,"ASD 1/sum(Aki), J-resolved",2.0016814123864044e-09,7/8,no,4.97547584,5.03402105,,,
Fe I,Fe,0,3d6.(5D).4s.4p.(1P*),x 5F*,1.0,3,5.09954435,1.2e-07,odd,,no,7.9024681,1.9949726688744366e-09,"ASD 1/sum(Aki), J-resolved",1.9949726688744366e-09,6/6,yes,4.97827863,5.01225861,,,
Fe I,Fe,0,3d8,3P,2.0,5,5.06740926,1.2e-07,even,,no,7.9024681,1.19048e-06,LiDB (J-lumped),,,,,,1.19048e-06,,
Fe I,Fe,0,3d8,3P,1.0,3,5.1054724,1.2e-07,even,,no,7.9024681,1.1904761904761904e-06,"ASD 1/sum(Aki), J-resolved",1.1904761904761904e-06,1/12,no,2.63663767,2.63663767,1.19048e-06,,
Fe I,Fe,0,3d8,3P,0.0,1,5.11242705,1.2e-07,even,,no,7.9024681,1.19048e-06,LiDB (J-lumped),,,,,,1.19048e-06,,
Fe I,Fe,0,3d6.(3P2).4s.4p.(3P*),z 5S*,2.0,5,5.07033256,1.2e-07,odd,,no,7.9024681,3.6838654062935156e-08,"ASD 1/sum(Aki), J-resolved",3.6838654062935156e-08,10/12,no,2.8943874399999996,5.01876344,,,
Fe I,Fe,0,3d6.(3P2).4s.4p.(3P*),x 5P*,3.0,7,5.2733878,1.2e-07,odd,,no,7.9024681,4.659615115791436e-08,"ASD 1/sum(Aki), J-resolved",4.659615115791436e-08,9/11,no,4.35878563,5.2733878,,,
Fe I,Fe,0,3d6.(3P2).4s.4p.(3P*),x 5P*,2.0,5,5.31393522,2.5e-07,odd,,no,7.9024681,3.040992579978105e-08,"ASD 1/sum(Aki), J-resolved",3.040992579978105e-08,8/10,no,4.3557779000000005,5.226649480000001,,,
Fe I,Fe,0,3d6.(3P2).4s.4p.(3P*),x 5P*,1.0,3,5.34111814,2.5e-07,odd,,no,7.9024681,9.306654257794323e-08,"ASD 1/sum(Aki), J-resolved",9.306654257794323e-08,7/12,no,5.21985242,5.23100381,,,
Fe I,Fe,0,3d6.(3H).4s.4p.(3P*),y 5G*,6.0,13,5.30458359,2.5e-07,odd,,no,7.9024681,1.6891891891891893e-08,"ASD 1/sum(Aki), J-resolved",1.6891891891891893e-08,1/1,yes,4.44558784,4.44558784,,,
Fe I,Fe,0,3d6.(3H).4s.4p.(3P*),y 5G*,5.0,11,5.32039963,1.2e-07,odd,,no,7.9024681,2.310536044362292e-08,"ASD 1/sum(Aki), J-resolved",2.310536044362292e-08,2/5,no,4.40579746,5.32039963,,,
Fe I,Fe,0,3d6.(3H).4s.4p.(3P*),y 5G*,4.0,9,5.33417031,2.5e-07,odd,,no,7.9024681,2.8557557757660566e-08,"ASD 1/sum(Aki), J-resolved",2.8557557757660566e-08,3/6,no,4.37601299,5.33417031,,,
Fe I,Fe,0,3d6.(3H).4s.4p.(3P*),y 5G*,3.0,7,5.34836675,1.2e-07,odd,,no,7.9024681,2.0518292057369144e-08,"ASD 1/sum(Aki), J-resolved",2.0518292057369144e-08,4/5,no,4.358255600000001,5.29679763,,,
Fe I,Fe,0,3d6.(3H).4s.4p.(3P*),y 5G*,2.0,5,5.35736031,2.5e-07,odd,,no,7.9024681,2.0837674515524067e-08,"ASD 1/sum(Aki), J-resolved",2.0837674515524067e-08,3/5,no,4.34630463,5.27007457,,,
Fe I,Fe,0,3d6.(5D).4s (6D).5s,e 7D,5.0,11,5.30848946,1.2e-07,even,,no,7.9024681,8.293634469671837e-09,"ASD 1/sum(Aki), J-resolved",8.293634469671837e-09,8/9,no,2.50019579,2.90928475,,,
Fe I,Fe,0,3d6.(5D).4s (6D).5s,e 7D,4.0,9,5.35157038,1.2e-07,even,,no,7.9024681,8.784335772450567e-09,"ASD 1/sum(Aki), J-resolved",8.784335772450567e-09,9/14,no,2.51904362,2.9523656700000003,,,
Fe I,Fe,0,3d6.(5D).4s (6D).5s,e 7D,3.0,7,5.38520741,1.2e-07,even,,no,7.9024681,8.659808098652534e-09,"ASD 1/sum(Aki), J-resolved",8.659808098652534e-09,10/14,no,2.5339832199999996,2.95977409,,,
Fe I,Fe,0,3d6.(5D).4s (6D).5s,e 7D,2.0,5,5.40986861,1.2e-07,even,,no,7.9024681,8.602890571231935e-09,"ASD 1/sum(Aki), J-resolved",8.602890571231935e-09,7/11,no,2.54447736,2.9603088300000002,,,
Fe I,Fe,0,3d6.(5D).4s (6D).5s,e 7D,1.0,3,5.42604198,1.2e-07,even,,no,7.9024681,8.403361344537815e-09,"ASD 1/sum(Aki), J-resolved",8.403361344537815e-09,6/9,no,2.9572072499999997,2.9572072499999997,,,
Fe I,Fe,0,3d6.(3H).4s.4p.(3P*),z 5I*,6.0,13,5.31940082,2.5e-07,odd,,no,7.9024681,,,,,,,,,,
Fe I,Fe,0,3d6.(3H).4s.4p.(3P*),z 5I*,4.0,9,5.386209,4e-07,odd,,no,7.9024681,,,,,,,,,,
Fe I,Fe,0,3d6.(3H).4s.4p.(3P*),z 5I*,5.0,11,5.38836827,2.5e-07,odd,,no,7.9024681,,,,,,,,,,
Fe I,Fe,0,3d6.(3H).4s.4p.(3P*),z 5H*,5.0,11,5.33029109,2.5e-07,odd,,no,7.9024681,7.209285559801024e-08,"ASD 1/sum(Aki), J-resolved",7.209285559801024e-08,3/8,no,4.41568892,5.33029109,,,
Fe I,Fe,0,3d6.(3H).4s.4p.(3P*),z 5H*,4.0,9,5.34482452,1.2e-07,odd,,no,7.9024681,5.507214450930719e-08,"ASD 1/sum(Aki), J-resolved",5.507214450930719e-08,4/10,no,4.386667200000001,5.2932554000000005,,,
Fe I,Fe,0,3d6.(3H).4s.4p.(3P*),z 5H*,6.0,13,5.3711314,6e-07,odd,yes,no,7.9024681,,,,,,,,,,
Fe I,Fe,0,3d6.(3H).4s.4p.(3P*),z 5H*,3.0,7,5.37173492,2.5e-07,odd,,no,7.9024681,3.9077764751856193e-07,"ASD 1/sum(Aki), J-resolved",3.9077764751856193e-07,5/12,no,4.38162377,5.3201658,,,
Fe I,Fe,0,3d6.(3P2).4s.4p.(3P*),w 5D*,4.0,9,5.39325126,1.2e-07,odd,,no,7.9024681,7.39863865048831e-09,"ASD 1/sum(Aki), J-resolved",7.39863865048831e-09,6/7,no,4.53425551,5.39325126,,,
Fe I,Fe,0,3d6.(3P2).4s.4p.(3P*),w 5D*,3.0,7,5.44571679,1.2e-07,odd,,no,7.9024681,8.545839885143912e-09,"ASD 1/sum(Aki), J-resolved",8.545839885143912e-09,12/15,no,4.531114619999999,5.44571679,,,
Fe I,Fe,0,3d6.(3P2).4s.4p.(3P*),w 5D*,2.0,5,5.4780717,1.2e-07,odd,,no,7.9024681,8.891655181612057e-09,"ASD 1/sum(Aki), J-resolved",8.891655181612057e-09,15/17,no,4.51991438,5.42650258,,,
Fe I,Fe,0,3d6.(3P2).4s.4p.(3P*),w 5D*,1.0,3,5.50628207,1.2e-07,odd,,no,7.9024681,1.0446046171524079e-08,"ASD 1/sum(Aki), J-resolved",1.0446046171524079e-08,10/12,no,4.49522639,5.418996330000001,,,
Fe I,Fe,0,3d6.(3P2).4s.4p.(3P*),w 5D*,0.0,1,5.5122053,1.2e-07,odd,,no,7.9024681,1.1507479861910241e-08,"ASD 1/sum(Aki), J-resolved",1.1507479861910241e-08,3/3,yes,4.50114962,5.40209097,,,
Fe I,Fe,0,3d6.(3F2).4s.4p.(3P*),v 5D*,4.0,9,5.45809748,1.2e-07,odd,,no,7.9024681,9.597021084655323e-08,"ASD 1/sum(Aki), J-resolved",9.597021084655323e-08,7/11,no,4.54349531,5.45809748,,,
Fe I,Fe,0,3d6.(3F2).4s.4p.(3P*),v 5D*,3.0,7,5.47591165,1.2e-07,odd,,no,7.9024681,6.828269033799932e-08,"ASD 1/sum(Aki), J-resolved",6.828269033799932e-08,7/14,no,5.38862591,5.47591165,,,
Fe I,Fe,0,3d6.(3F2).4s.4p.(3P*),v 5D*,2.0,5,5.53763954,1.2e-07,odd,,no,7.9024681,3.043584124665206e-08,"ASD 1/sum(Aki), J-resolved",3.043584124665206e-08,8/13,no,4.57948222,5.48607042,,,
Fe I,Fe,0,3d6.(3F2).4s.4p.(3P*),v 5D*,1.0,3,5.54962521,1.2e-07,odd,,no,7.9024681,2.1381227282446012e-08,"ASD 1/sum(Aki), J-resolved",2.1381227282446012e-08,3/6,no,4.559514060000001,5.46233947,,,
Fe I,Fe,0,3d6.(3F2).4s.4p.(3P*),v 5D*,0.0,1,5.55782726,2.5e-07,odd,,no,7.9024681,1.6289297931259164e-08,"ASD 1/sum(Aki), J-resolved",1.6289297931259164e-08,2/2,yes,4.54677158,5.44771293,,,
Fe I,Fe,0,3d6.(3F2).4s.4p.(3P*),w 5F*,5.0,11,5.48551782,2.5e-07,odd,,no,7.9024681,3.898635477582846e-08,"ASD 1/sum(Aki), J-resolved",3.898635477582846e-08,3/4,no,4.62652207,5.48551782,,,
Fe I,Fe,0,3d6.(3F2).4s.4p.(3P*),w 5F*,2.0,5,5.49069652,2.5e-07,odd,,no,7.9024681,5.2421891381841056e-08,"ASD 1/sum(Aki), J-resolved",5.2421891381841056e-08,8/12,no,4.5005853700000005,5.4391274,,,
Fe I,Fe,0,3d6.(3F2).4s.4p.(3P*),w 5F*,1.0,3,5.50221316,2.5e-07,odd,,no,7.9024681,4.1699678912472376e-08,"ASD 1/sum(Aki), J-resolved",4.1699678912472376e-08,5/9,no,4.49115748,5.41492742,,,
Fe I,Fe,0,3d6.(3F2).4s.4p.(3P*),w 5F*,4.0,9,5.50676735,1.2e-07,odd,,no,7.9024681,4.118276912939626e-08,"ASD 1/sum(Aki), J-resolved",4.118276912939626e-08,6/8,no,4.6477716,5.50676735,,,
Fe I,Fe,0,3d6.(3F2).4s.4p.(3P*),w 5F*,3.0,7,5.52366156,2.5e-07,odd,,no,7.9024681,4.151100041511e-08,"ASD 1/sum(Aki), J-resolved",4.151100041511e-08,7/10,no,4.60905939,5.52366156,,,
Fe I,Fe,0,3d7.(4P).4p,y 5S*,2.0,5,5.51876133,1.2e-07,odd,,no,7.9024681,1.360655291588429e-08,"ASD 1/sum(Aki), J-resolved",1.360655291588429e-08,8/16,no,3.34281621,5.46719221,,,
Fe I,Fe,0,3d6.(5D).4s (6D).5s,e 5D,4.0,9,5.53924278,1.2e-07,even,,no,7.9024681,1.569848854952245e-08,"ASD 1/sum(Aki), J-resolved",1.569848854952245e-08,11/26,no,2.2072232400000003,3.1400380700000006,,,
Fe I,Fe,0,3d6.(5D).4s (6D).5s,e 5D,3.0,7,5.58689276,1.2e-07,even,,no,7.9024681,1.794365691727974e-08,"ASD 1/sum(Aki), J-resolved",1.794365691727974e-08,19/27,no,2.2186363599999996,3.1180580299999994,,,
Fe I,Fe,0,3d6.(5D).4s (6D).5s,e 5D,2.0,5,5.62068415,1.2e-07,even,,no,7.9024681,1.5760441292356186e-08,"ASD 1/sum(Aki), J-resolved",1.5760441292356186e-08,13/27,no,2.22417535,2.7451806299999997,,,
Fe I,Fe,0,3d6.(5D).4s (6D).5s,e 5D,1.0,3,5.64241573,1.2e-07,even,,no,7.9024681,1.519756838905775e-08,"ASD 1/sum(Aki), J-resolved",1.519756838905775e-08,7/17,no,2.2254629199999996,2.3767096299999997,,,
Fe I,Fe,0,3d6.(5D).4s (6D).5s,e 5D,0.0,1,5.65307019,1.2e-07,even,,no,7.9024681,4e-08,"ASD 1/sum(Aki), J-resolved",4e-08,1/7,no,2.22288021,2.37004536,,,
Fe I,Fe,0,3d6.(3P2).4s.4p.(3P*),x 3D*,3.0,7,5.60664989,1.2e-07,odd,,no,7.9024681,2.2878059940517043e-08,"ASD 1/sum(Aki), J-resolved",2.2878059940517043e-08,12/23,no,2.77505872,5.60664989,,,
Fe I,Fe,0,3d6.(3P2).4s.4p.(3P*),x 3D*,2.0,5,5.61423177,1.2e-07,odd,,no,7.9024681,2.0652196361083e-08,"ASD 1/sum(Aki), J-resolved",2.0652196361083e-08,14/23,no,2.76918918,5.56266265,,,
Fe I,Fe,0,3d6.(3P2).4s.4p.(3P*),x 3D*,1.0,3,5.64769932,1.2e-07,odd,,no,7.9024681,1.9776525264511025e-08,"ASD 1/sum(Aki), J-resolved",1.9776525264511025e-08,10/21,no,4.03980355,5.5604135800000005,,,
Fe I,Fe,0,3d6.(3H).4s.4p.(3P*),y 3G*,5.0,11,5.61584517,1.2e-07,odd,,no,7.9024681,5.572893446277307e-08,"ASD 1/sum(Aki), J-resolved",5.572893446277307e-08,9/12,no,3.21177073,5.61584517,,,
Fe I,Fe,0,3d6.(3H).4s.4p.(3P*),y 3G*,4.0,9,5.63240401,1.2e-07,odd,,no,7.9024681,6.399672336776358e-08,"ASD 1/sum(Aki), J-resolved",6.399672336776358e-08,14/22,no,3.1997093100000003,5.63240401,,,
Fe I,Fe,0,3d6.(3H).4s.4p.(3P*),y 3G*,3.0,7,5.64908881,1.2e-07,odd,,no,7.9024681,6.722237160527024e-08,"ASD 1/sum(Aki), J-resolved",6.722237160527024e-08,11/18,no,3.1956583700000003,5.56180307,,,
Fe I,Fe,0,3d6.(3F2).4s.4p.(3P*),x 5G*,6.0,13,5.65471608,2.5e-07,odd,,no,7.9024681,3.14030900640623e-08,"ASD 1/sum(Aki), J-resolved",3.14030900640623e-08,2/2,yes,4.79572033,4.79572033,,,
Fe I,Fe,0,3d6.(3F2).4s.4p.(3P*),x 5G*,5.0,11,5.66931758,1.2e-07,odd,,no,7.9024681,2.808988764044944e-08,"ASD 1/sum(Aki), J-resolved",2.808988764044944e-08,2/6,no,4.75471541,5.66931758,,,
Fe I,Fe,0,3d6.(3F2).4s.4p.(3P*),x 5G*,4.0,9,5.68259542,2.5e-07,odd,,no,7.9024681,2.671154205732297e-08,"ASD 1/sum(Aki), J-resolved",2.671154205732297e-08,6/14,no,4.7244381,5.68259542,,,
Fe I,Fe,0,3d6.(3F2).4s.4p.(3P*),x 5G*,3.0,7,5.6925481,4e-07,odd,,no,7.9024681,2.623501324868169e-08,"ASD 1/sum(Aki), J-resolved",2.623501324868169e-08,5/12,no,4.70243695,5.64097898,,,
Fe I,Fe,0,3d6.(3F2).4s.4p.(3P*),x 5G*,2.0,5,5.69892835,2.5e-07,odd,,no,7.9024681,2.680965147453083e-08,"ASD 1/sum(Aki), J-resolved",2.680965147453083e-08,3/6,no,4.68787267,5.6116426100000005,,,
Fe I,Fe,0,3d6.(3H).4s.4p.(3P*),z 3I*,7.0,15,5.70054647,2.5e-07,odd,,no,7.9024681,2.2241992882562277e-07,"ASD 1/sum(Aki), J-resolved",2.2241992882562277e-07,2/3,no,3.29647203,3.29647203,,,
Fe I,Fe,0,3d6.(3H).4s.4p.(3P*),z 3I*,6.0,13,5.70661711,2.5e-07,odd,,no,7.9024681,1.990842126219391e-07,"ASD 1/sum(Aki), J-resolved",1.990842126219391e-07,4/7,no,3.27392241,4.84762136,,,
Fe I,Fe,0,3d6.(3H).4s.4p.(3P*),z 3I*,5.0,11,5.72011266,2.5e-07,odd,,no,7.9024681,2.1117540228914135e-07,"ASD 1/sum(Aki), J-resolved",2.1117540228914135e-07,4/9,no,3.26668222,4.80551049,,,
Fe I,Fe,0,3d7.(4P).4p,w 5P*,3.0,7,5.72027099,1.2e-07,odd,,no,7.9024681,3.5681917118042917e-09,"ASD 1/sum(Aki), J-resolved",3.5681917118042917e-09,4/7,no,5.72027099,5.72027099,,,
Fe I,Fe,0,3d7.(4P).4p,w 5P*,2.0,5,5.74214676,1.2e-07,odd,,no,7.9024681,5.987665409256931e-09,"ASD 1/sum(Aki), J-resolved",5.987665409256931e-09,7/11,no,5.65486102,5.69057764,,,
Fe I,Fe,0,3d7.(4P).4p,w 5P*,1.0,3,5.75415389,2.5e-07,odd,,no,7.9024681,4.384426517011575e-09,"ASD 1/sum(Aki), J-resolved",4.384426517011575e-09,7/10,no,5.64403956,5.666868150000001,,,
Fe I,Fe,0,3d6.(3P2).4s.4p.(3P*),z 3S*,1.0,3,5.77776507,1.2e-07,odd,,no,7.9024681,3.484320557491289e-08,"ASD 1/sum(Aki), J-resolved",3.484320557491289e-08,5/18,no,2.91971232,5.6904793300000005,,,
Fe I,Fe,0,3d6.(3P2).4s.4p.(3P*),y 3P*,0.0,1,5.7866575,4e-07,odd,,no,7.9024681,2.9411764705882354e-08,"ASD 1/sum(Aki), J-resolved",2.9411764705882354e-08,2/8,no,2.9416149099999997,5.6765431699999995,,,
Fe I,Fe,0,3d6.(3P2).4s.4p.(3P*),y 3P*,2.0,5,5.79341882,1.2e-07,odd,,no,7.9024681,1.930390131845646e-08,"ASD 1/sum(Aki), J-resolved",1.930390131845646e-08,10/23,no,3.5148141600000002,5.7418497,,,
Fe I,Fe,0,3d6.(3P2).4s.4p.(3P*),y 3P*,1.0,3,5.81508605,1.2e-07,odd,,no,7.9024681,9.875567845151096e-09,"ASD 1/sum(Aki), J-resolved",9.875567845151096e-09,12/23,no,2.98349488,5.727800309999999,,,
Fe I,Fe,0,3d7.(4P).4p,u 5D*,4.0,9,5.79264615,1.2e-07,odd,,no,7.9024681,1.4301036825169824e-08,"ASD 1/sum(Aki), J-resolved",1.4301036825169824e-08,11/24,no,3.61670103,5.79264615,,,
Fe I,Fe,0,3d7.(4P).4p,u 5D*,3.0,7,5.79564049,1.2e-07,odd,,no,7.9024681,1.2247247431139851e-08,"ASD 1/sum(Aki), J-resolved",1.2247247431139851e-08,12/23,no,3.59777409,5.79564049,,,
Fe I,Fe,0,3d7.(4P).4p,u 5D*,2.0,5,5.8134352,1.2e-07,odd,,no,7.9024681,1.3160665403242788e-08,"ASD 1/sum(Aki), J-resolved",1.3160665403242788e-08,14/24,no,3.6155687999999997,5.72614946,,,
Fe I,Fe,0,3d7.(4P).4p,u 5D*,0.0,1,5.84852446,2.5e-07,odd,,no,7.9024681,9.99000999000999e-09,"ASD 1/sum(Aki), J-resolved",9.99000999000999e-09,2/5,no,3.6258123700000002,5.73841013,,,
Fe I,Fe,0,3d7.(4P).4p,u 5D*,1.0,3,5.84923154,1.2e-07,odd,,no,7.9024681,1.3037639665714919e-08,"ASD 1/sum(Aki), J-resolved",1.3037639665714919e-08,8/18,no,3.62651945,5.7619457999999995,,,
Fe I,Fe,0,3d6.(3F2).4s.4p.(3P*),x 3F*,4.0,9,5.81351269,1.2e-07,odd,,no,7.9024681,1.0947027334727255e-08,"ASD 1/sum(Aki), J-resolved",1.0947027334727255e-08,15/21,no,3.6375675699999994,5.81351269,,,
Fe I,Fe,0,3d6.(3F2).4s.4p.(3P*),x 3F*,3.0,7,5.83875215,1.2e-07,odd,,no,7.9024681,2.4855836150328097e-08,"ASD 1/sum(Aki), J-resolved",2.4855836150328097e-08,17/29,no,3.6408857500000003,5.83875215,,,
Fe I,Fe,0,3d6.(3F2).4s.4p.(3P*),x 3F*,2.0,5,5.85168345,1.2e-07,odd,,no,7.9024681,2.22246916324036e-08,"ASD 1/sum(Aki), J-resolved",2.22246916324036e-08,15/23,no,3.6538170500000002,5.80011433,,,
Fe I,Fe,0,3d6.(3H).4s.4p.(3P*),z 3H*,6.0,13,5.82506529,2.5e-07,odd,,no,7.9024681,4.3312543312543314e-08,"ASD 1/sum(Aki), J-resolved",4.3312543312543314e-08,6/7,no,3.1326576600000005,4.96606954,,,
Fe I,Fe,0,3d6.(3H).4s.4p.(3P*),z 3H*,5.0,11,5.8282952,1.2e-07,odd,,no,7.9024681,3.5891177948460266e-08,"ASD 1/sum(Aki), J-resolved",3.5891177948460266e-08,14/17,no,3.1007507000000003,5.8282952,,,
Fe I,Fe,0,3d6.(3H).4s.4p.(3P*),z 3H*,4.0,9,5.84045966,1.2e-07,odd,,no,7.9024681,3.65537156851994e-08,"ASD 1/sum(Aki), J-resolved",3.65537156851994e-08,18/24,no,3.0818820399999995,5.84045966,,,
Fe I,Fe,0,3d7.(4F).5s,e 5F,5.0,11,5.82793998,1.2e-07,even,,no,7.9024681,2.032561637431655e-08,"ASD 1/sum(Aki), J-resolved",2.032561637431655e-08,9/19,no,1.5078399000000005,2.6167506,,,
Fe I,Fe,0,3d7.(4F).5s,e 5F,4.0,9,5.87411777,1.2e-07,even,,no,7.9024681,5.917159763313609e-07,"ASD 1/sum(Aki), J-resolved",5.917159763313609e-07,3/36,no,2.47760897,2.66292839,,,
Fe I,Fe,0,3d7.(4F).5s,e 5F,3.0,7,5.92093198,1.2e-07,even,,no,7.9024681,7.352941176470589e-07,"ASD 1/sum(Aki), J-resolved",7.352941176470589e-07,2/37,no,1.7665781899999997,2.7097426,,,
Fe I,Fe,0,3d7.(4F).5s,e 5F,2.0,5,5.9557884,1.2e-07,even,,no,7.9024681,1.0080645161290322e-07,"ASD 1/sum(Aki), J-resolved",1.0080645161290322e-07,5/27,no,1.7382051500000006,2.7148192600000005,,,
Fe I,Fe,0,3d7.(4F).5s,e 5F,1.0,3,5.9786822,1.2e-07,even,,no,7.9024681,1.0869565217391305e-07,"ASD 1/sum(Aki), J-resolved",1.0869565217391305e-07,4/17,no,1.7481425999999995,2.7129760999999997,,,
Fe I,Fe,0,3d7.(4P).4p,w 3D*,3.0,7,5.82938837,1.2e-07,odd,,no,7.9024681,1.2877305037601731e-08,"ASD 1/sum(Aki), J-resolved",1.2877305037601731e-08,13/29,no,3.63152197,5.82938837,,,
Fe I,Fe,0,3d7.(4P).4p,w 3D*,2.0,5,5.84412959,1.2e-07,odd,,no,7.9024681,1.3289566361449626e-08,"ASD 1/sum(Aki), J-resolved",1.3289566361449626e-08,14/28,no,3.6462631899999995,5.79256047,,,
Fe I,Fe,0,3d7.(4P).4p,w 3D*,1.0,3,5.86098438,1.2e-07,odd,,no,7.9024681,1.3614147822417056e-08,"ASD 1/sum(Aki), J-resolved",1.3614147822417056e-08,12/22,no,3.6382722899999997,5.773698639999999,,,
Fe I,Fe,0,3d6.(3G).4s.4p.(3P*),w 5G*,6.0,13,5.87231021,2.5e-07,odd,,no,7.9024681,6.000240009600384e-08,"ASD 1/sum(Aki), J-resolved",6.000240009600384e-08,4/8,no,5.01331446,5.01331446,,,
Fe I,Fe,0,3d6.(3G).4s.4p.(3P*),w 5G*,5.0,11,5.87935896,1.2e-07,odd,,no,7.9024681,2.0300034510058668e-08,"ASD 1/sum(Aki), J-resolved",2.0300034510058668e-08,5/16,no,5.02036321,5.87935896,,,
Fe I,Fe,0,3d6.(3G).4s.4p.(3P*),w 5G*,4.0,9,5.90041395,1.2e-07,odd,,no,7.9024681,3.387568301845886e-08,"ASD 1/sum(Aki), J-resolved",3.387568301845886e-08,13/22,no,4.94225663,5.90041395,,,
Fe I,Fe,0,3d6.(3G).4s.4p.(3P*),w 5G*,3.0,7,5.91320801,1.2e-07,odd,,no,7.9024681,4.105933073290905e-08,"ASD 1/sum(Aki), J-resolved",4.105933073290905e-08,11/20,no,4.92309686,5.8259222699999995,,,
Fe I,Fe,0,3d6.(3G).4s.4p.(3P*),w 5G*,2.0,5,5.93030716,1.2e-07,odd,,no,7.9024681,3.5047138401149543e-08,"ASD 1/sum(Aki), J-resolved",3.5047138401149543e-08,7/14,no,4.91925148,4.97214984,,,
Fe I,Fe,0,3d6.(3P2).4s.4p.(3P*),1D*,2.0,5,5.87929188,1.2e-07,odd,,no,7.9024681,9.380863039399625e-08,"ASD 1/sum(Aki), J-resolved",9.380863039399625e-08,5/24,no,3.0342492900000004,5.82772276,,,
Fe I,Fe,0,3d7.(2G).4p,z 1G*,4.0,9,5.88338708,1.2e-07,odd,,no,7.9024681,5.7803468208092485e-08,"ASD 1/sum(Aki), J-resolved",5.7803468208092485e-08,11/23,no,2.83651818,5.88338708,,,
Fe I,Fe,0,3d7.(4P).4p,y 3S*,1.0,3,5.89614419,1.2e-07,odd,,no,7.9024681,1.597444089456869e-08,"ASD 1/sum(Aki), J-resolved",1.597444089456869e-08,12/19,no,3.0511016000000004,5.78602986,,,
Fe I,Fe,0,3d6.(3G).4s.4p.(3P*),v 5F*,5.0,11,5.90240588,1.2e-07,odd,,no,7.9024681,2.0299210360716967e-08,"ASD 1/sum(Aki), J-resolved",2.0299210360716967e-08,4/10,no,5.04341013,5.90240588,,,
Fe I,Fe,0,3d6.(3G).4s.4p.(3P*),v 5F*,4.0,9,5.94256226,1.2e-07,odd,,no,7.9024681,1.1207621182404036e-08,"ASD 1/sum(Aki), J-resolved",1.1207621182404036e-08,7/25,no,5.02796009,5.94256226,,,
Fe I,Fe,0,3d6.(3G).4s.4p.(3P*),v 5F*,3.0,7,5.96648265,1.2e-07,odd,,no,7.9024681,1.1710013232314953e-08,"ASD 1/sum(Aki), J-resolved",1.1710013232314953e-08,7/22,no,5.00832533,5.96648265,,,
Fe I,Fe,0,3d6.(3G).4s.4p.(3P*),v 5F*,2.0,5,5.98085478,1.2e-07,odd,,no,7.9024681,1.2453145041780301e-08,"ASD 1/sum(Aki), J-resolved",1.2453145041780301e-08,13/24,no,4.99074363,5.92928566,,,
Fe I,Fe,0,3d6.(3G).4s.4p.(3P*),v 5F*,1.0,3,5.99471113,1.2e-07,odd,,no,7.9024681,9.363295880149814e-09,"ASD 1/sum(Aki), J-resolved",9.363295880149814e-09,4/10,no,4.98365545,5.90742539,,,
Fe I,Fe,0,3d6.(3F2).4s.4p.(3P*),x 3G*,4.0,9,5.92794713,1.2e-07,odd,,no,7.9024681,4.4654818254889704e-08,"ASD 1/sum(Aki), J-resolved",4.4654818254889704e-08,14/24,no,5.0133449599999995,5.92794713,,,
Fe I,Fe,0,3d6.(3F2).4s.4p.(3P*),x 3G*,3.0,7,5.93068755,2.5e-07,odd,,no,7.9024681,1.0193679918450561e-07,"ASD 1/sum(Aki), J-resolved",1.0193679918450561e-07,9/12,no,3.32218561,4.97253023,,,
Fe I,Fe,0,3d6.(3F2).4s.4p.(3P*),x 3G*,5.0,11,5.93072834,1.2e-07,odd,,no,7.9024681,4.543822899958651e-08,"ASD 1/sum(Aki), J-resolved",4.543822899958651e-08,14/19,no,5.07173259,5.93072834,,,
Fe I,Fe,0,3d6.(3G).4s.4p.(3P*),y 5H*,6.0,13,5.93328155,2.5e-07,odd,,no,7.9024681,,,,,,,,,,
Fe I,Fe,0,3d6.(3G).4s.4p.(3P*),y 5H*,5.0,11,5.97991659,1.2e-07,odd,,no,7.9024681,1.7424942062067644e-07,"ASD 1/sum(Aki), J-resolved",1.7424942062067644e-07,11/18,no,2.93304769,5.97991659,,,
Fe I,Fe,0,3d6.(3G).4s.4p.(3P*),y 5H*,4.0,9,5.99610917,1.2e-07,odd,,no,7.9024681,1.368738023542294e-07,"ASD 1/sum(Aki), J-resolved",1.368738023542294e-07,12/20,no,3.4080032500000006,5.9445400500000005,,,
Fe I,Fe,0,3d6.(3G).4s.4p.(3P*),y 5H*,3.0,7,6.01021907,2.5e-07,odd,,no,7.9024681,1.2971851083149566e-07,"ASD 1/sum(Aki), J-resolved",1.2971851083149566e-07,6/14,no,3.4017171299999998,5.0956169,,,
Fe I,Fe,0,3d7.(4F).5s,e 3F,4.0,9,5.9463987,1.2e-07,even,,no,7.9024681,5.05050505050505e-07,"ASD 1/sum(Aki), J-resolved",5.05050505050505e-07,5/28,no,1.7920449099999995,2.7352093199999996,,,
Fe I,Fe,0,3d7.(4F).5s,e 3F,3.0,7,6.01718438,1.2e-07,even,,no,7.9024681,2.617801047120419e-07,"ASD 1/sum(Aki), J-resolved",2.617801047120419e-07,8/26,no,2.0885775499999997,2.77621524,,,
Fe I,Fe,0,3d7.(4F).5s,e 3F,2.0,5,6.06634697,1.2e-07,even,,no,7.9024681,2.398081534772182e-07,"ASD 1/sum(Aki), J-resolved",2.398081534772182e-07,4/21,no,2.1066233299999997,2.8006408699999996,,,
Fe I,Fe,0,3d5.(6S).4s2.4p,v 5P*,3.0,7,5.94709859,1.2e-07,odd,,no,7.9024681,9.9601593625498e-09,"ASD 1/sum(Aki), J-resolved",9.9601593625498e-09,2/12,no,3.7711534700000002,5.94709859,,,
Fe I,Fe,0,3d5.(6S).4s2.4p,v 5P*,2.0,5,5.97150625,1.2e-07,odd,,no,7.9024681,1.0527423939362038e-08,"ASD 1/sum(Aki), J-resolved",1.0527423939362038e-08,9/22,no,3.74879416,5.91993713,,,
Fe I,Fe,0,3d5.(6S).4s2.4p,v 5P*,1.0,3,5.98718095,1.2e-07,odd,,no,7.9024681,1.0185373803218578e-08,"ASD 1/sum(Aki), J-resolved",1.0185373803218578e-08,5/21,no,3.78931455,5.89989521,,,
Fe I,Fe,0,3d6.(3H).4s.4p.(3P*),1I*,6.0,13,5.9634283,1.2e-07,odd,,no,7.9024681,,,,,,,,,,
Fe I,Fe,0,3d7.(4P).4p,x 3P*,2.0,5,5.98901244,1.2e-07,odd,,no,7.9024681,1.094966439278636e-08,"ASD 1/sum(Aki), J-resolved",1.094966439278636e-08,13/29,no,4.99890129,5.93744332,,,
Fe I,Fe,0,3d7.(4P).4p,x 3P*,0.0,1,6.00828827,2.5e-07,odd,,no,7.9024681,1.0360547036883547e-08,"ASD 1/sum(Aki), J-resolved",1.0360547036883547e-08,5/6,no,3.1632456800000006,3.5840899600000005,,,
Fe I,Fe,0,3d7.(4P).4p,x 3P*,1.0,3,6.01523448,1.2e-07,odd,,no,7.9024681,1.2073211957309122e-08,"ASD 1/sum(Aki), J-resolved",1.2073211957309122e-08,15/26,no,3.15718173,5.92794874,,,
Fe I,Fe,0,3d7.(2G).4p,z 1H*,5.0,11,5.99867825,1.2e-07,odd,,no,7.9024681,1.7136492160054836e-08,"ASD 1/sum(Aki), J-resolved",1.7136492160054836e-08,10/15,no,2.95180935,5.1396825,,,
Fe I,Fe,0,3d6.(3H).4s.4p.(3P*),y 1G*,4.0,9,6.03834476,1.2e-07,odd,,no,7.9024681,2.1107288346666105e-08,"ASD 1/sum(Aki), J-resolved",2.1107288346666105e-08,10/16,no,2.99147586,5.12374259,,,
Fe I,Fe,0,3d7.(2G).4p,w 3F*,4.0,9,6.08872711,1.2e-07,odd,,no,7.9024681,1.8103807230660607e-08,"ASD 1/sum(Aki), J-resolved",1.8103807230660607e-08,11/16,no,3.39631948,5.17412494,,,
Fe I,Fe,0,3d7.(2G).4p,w 3F*,3.0,7,6.10533975,1.2e-07,odd,,no,7.9024681,2.284722063560968e-08,"ASD 1/sum(Aki), J-resolved",2.284722063560968e-08,10/25,no,3.3777952499999997,5.1907375799999995,,,
Fe I,Fe,0,3d7.(2G).4p,w 3F*,2.0,5,6.12892712,2.5e-07,odd,,no,7.9024681,1.4038831407673626e-08,"ASD 1/sum(Aki), J-resolved",1.4038831407673626e-08,7/14,no,3.3703495,5.1707698,,,
Fe I,Fe,0,3d6.(3F2).4s.4p.(3P*),v 3D*,3.0,7,6.09196644,1.2e-07,odd,,no,7.9024681,1.6186992133121824e-08,"ASD 1/sum(Aki), J-resolved",1.6186992133121824e-08,11/22,no,3.36442194,6.09196644,,,
Fe I,Fe,0,3d6.(3F2).4s.4p.(3P*),v 3D*,2.0,5,6.10530689,1.2e-07,odd,,no,7.9024681,3.776435045317221e-08,"ASD 1/sum(Aki), J-resolved",3.776435045317221e-08,5/22,no,3.2737157199999998,6.05373777,,,
Fe I,Fe,0,3d6.(3F2).4s.4p.(3P*),v 3D*,1.0,3,6.11212776,2.5e-07,odd,,no,7.9024681,3.924646781789639e-08,"ASD 1/sum(Aki), J-resolved",3.924646781789639e-08,6/17,no,3.50362582,5.12201661,,,
Fe I,Fe,0,3d6.(5D).4s (6D).5p,n 7D*,5.0,11,6.11891044,1.2e-07,odd,,no,7.9024681,,,,,,,,,,
Fe I,Fe,0,3d6.(5D).4s (6D).5p,n 7D*,4.0,9,6.14449991,1.2e-07,odd,,no,7.9024681,,,,,,,,,,
Fe I,Fe,0,3d6.(5D).4s (6D).5p,n 7D*,3.0,7,6.17506487,1.2e-07,odd,,no,7.9024681,,,,,,,,,,
Fe I,Fe,0,3d6.(5D).4s (6D).5p,n 7D*,2.0,5,6.20026651,1.2e-07,odd,,no,7.9024681,,,,,,,,,,
Fe I,Fe,0,3d6.(5D).4s (6D).5p,n 7D*,1.0,3,6.21813227,1.2e-07,odd,,no,7.9024681,,,,,,,,,,
Fe I,Fe,0,3d7.(2G).4p,y 3H*,6.0,13,6.12905507,2.5e-07,odd,,no,7.9024681,1.1511586411723399e-08,"ASD 1/sum(Aki), J-resolved",1.1511586411723399e-08,4/8,no,3.4366474399999998,5.27005932,,,
Fe I,Fe,0,3d7.(2G).4p,y 3H*,5.0,11,6.15016512,2.5e-07,odd,,no,7.9024681,1.160793053814366e-08,"ASD 1/sum(Aki), J-resolved",1.160793053814366e-08,7/11,no,3.4226206199999996,5.2911693699999995,,,
Fe I,Fe,0,3d7.(2G).4p,y 3H*,4.0,9,6.165361,2.5e-07,odd,,no,7.9024681,1.1243155728950001e-08,"ASD 1/sum(Aki), J-resolved",1.1243155728950001e-08,9/13,no,3.4378165,4.68049661,,,
Fe I,Fe,0,3d7.(2G).4p,v 3G*,5.0,11,6.13237029,1.2e-07,odd,,no,7.9024681,1.135963467414888e-08,"ASD 1/sum(Aki), J-resolved",1.135963467414888e-08,12/16,no,3.40482579,4.6475059,,,
Fe I,Fe,0,3d7.(2G).4p,v 3G*,4.0,9,6.15307342,1.2e-07,odd,,no,7.9024681,1.1310170104958378e-08,"ASD 1/sum(Aki), J-resolved",1.1310170104958378e-08,11/16,no,3.3944958,4.66820903,,,
Fe I,Fe,0,3d7.(2G).4p,v 3G*,3.0,7,6.18068544,1.2e-07,odd,,no,7.9024681,1.1574609935645169e-08,"ASD 1/sum(Aki), J-resolved",1.1574609935645169e-08,9/12,no,3.4221078200000004,4.62332811,,,
Fe I,Fe,0,3d6.(3F2).4s.4p.(3P*),1F*,3.0,7,6.13438193,1.2e-07,odd,,no,7.9024681,4.333882291756956e-08,"ASD 1/sum(Aki), J-resolved",4.333882291756956e-08,9/24,no,3.0875130299999998,4.64951754,,,
Fe I,Fe,0,3d6.(5D).4s (6D).5p,n 7F*,6.0,13,6.16922335,2.5e-07,odd,,no,7.9024681,,,,,,,,,,
Fe I,Fe,0,3d6.(5D).4s (6D).5p,n 7F*,5.0,11,6.20568115,1.2e-07,odd,,no,7.9024681,,,,,,,,,,
Fe I,Fe,0,3d6.(5D).4s (6D).5p,n 7F*,4.0,9,6.23680503,1.2e-07,odd,,no,7.9024681,,,,,,,,,,
Fe I,Fe,0,3d6.(5D).4s (6D).5p,n 7F*,3.0,7,6.25289818,1.2e-07,odd,,no,7.9024681,,,,,,,,,,
Fe I,Fe,0,3d6.(5D).4s (6D).5p,n 7F*,2.0,5,6.26811563,1.2e-07,odd,,no,7.9024681,,,,,,,,,,
Fe I,Fe,0,3d6.(5D).4s (6D).5p,n 7F*,1.0,3,6.27700207,2.5e-07,odd,,no,7.9024681,,,,,,,,,,
Fe I,Fe,0,3d6.(5D).4s (6D).5p,n 7F*,0.0,1,6.28100019,2.5e-07,odd,,no,7.9024681,,,,,,,,,,
Fe I,Fe,0,3d7.(2P).4p,w 3P*,0.0,1,6.19317735,2.5e-07,odd,,no,7.9024681,1.3157894736842106e-08,"ASD 1/sum(Aki), J-resolved",1.3157894736842106e-08,2/8,no,3.12183855,3.76897904,,,
Fe I,Fe,0,3d7.(2P).4p,w 3P*,1.0,3,6.20456765,1.2e-07,odd,,no,7.9024681,1.7265193370165747e-08,"ASD 1/sum(Aki), J-resolved",1.7265193370165747e-08,10/17,no,3.1873172100000002,6.08330193,,,
Fe I,Fe,0,3d7.(2P).4p,w 3P*,2.0,5,6.22237439,1.2e-07,odd,,no,7.9024681,1.3015749056358194e-08,"ASD 1/sum(Aki), J-resolved",1.3015749056358194e-08,9/18,no,3.2051239499999995,4.046429269999999,,,
Fe I,Fe,0,3d6.(5D).4s (6D).5p,n 7P*,4.0,9,6.22223912,1.2e-07,odd,,no,7.9024681,,,,,,,,,,
Fe I,Fe,0,3d6.(5D).4s (6D).5p,n 7P*,3.0,7,6.27711812,1.2e-07,odd,,no,7.9024681,,,,,,,,,,
Fe I,Fe,0,3d6.(5D).4s (6D).5p,n 7P*,2.0,5,6.31094101,1.2e-07,odd,,no,7.9024681,,,,,,,,,,
Fe I,Fe,0,3d6.(5D).4s (6D).4d,e 7F,6.0,13,6.24162851,1.2e-07,even,,no,7.9024681,5.600044800358403e-09,"ASD 1/sum(Aki), J-resolved",5.600044800358403e-09,3/4,no,3.8424238,3.8424238,,,
Fe I,Fe,0,3d6.(5D).4s (6D).4d,e 7F,5.0,11,6.30254306,1.2e-07,even,,no,7.9024681,6.665777896280496e-09,"ASD 1/sum(Aki), J-resolved",6.665777896280496e-09,7/18,no,3.87710974,3.90333835,,,
Fe I,Fe,0,3d6.(5D).4s (6D).4d,e 7F,3.0,7,6.34164892,1.2e-07,even,,no,7.9024681,1.4705882352941177e-06,"ASD 1/sum(Aki), J-resolved",1.4705882352941177e-06,1/30,no,2.97339252,3.9162156,,,
Fe I,Fe,0,3d6.(5D).4s (6D).4d,e 7F,4.0,9,6.34703293,1.2e-07,even,,no,7.9024681,6.2266500622665006e-09,"ASD 1/sum(Aki), J-resolved",6.2266500622665006e-09,7/14,no,3.3489881400000003,3.9478282200000003,,,
Fe I,Fe,0,3d6.(5D).4s (6D).4d,e 7F,1.0,3,6.34898259,1.2e-07,even,,no,7.9024681,5.905279319711823e-09,"ASD 1/sum(Aki), J-resolved",5.905279319711823e-09,6/11,no,3.8668641900000003,3.88014786,,,
Fe I,Fe,0,3d6.(5D).4s (6D).4d,e 7F,2.0,5,6.36423934,1.2e-07,even,,no,7.9024681,7.217090069284065e-09,"ASD 1/sum(Aki), J-resolved",7.217090069284065e-09,9/23,no,3.88212094,3.91467956,,,
Fe I,Fe,0,3d6.(5D).4s (6D).4d,f 7D,5.0,11,6.24606454,1.2e-07,even,,no,7.9024681,5.702164541660014e-09,"ASD 1/sum(Aki), J-resolved",5.702164541660014e-09,6/10,no,3.84685983,3.84685983,,,
Fe I,Fe,0,3d6.(5D).4s (6D).4d,f 7D,4.0,9,6.29938878,1.2e-07,even,,no,7.9024681,6.2015503875968995e-09,"ASD 1/sum(Aki), J-resolved",6.2015503875968995e-09,8/25,no,3.849829,3.9001840700000003,,,
Fe I,Fe,0,3d6.(5D).4s (6D).4d,f 7D,3.0,7,6.30606149,1.2e-07,even,,no,7.9024681,7.400828892835998e-09,"ASD 1/sum(Aki), J-resolved",7.400828892835998e-09,7/22,no,3.8565017100000003,3.8565017100000003,,,
Fe I,Fe,0,3d6.(5D).4s (6D).4d,f 7D,2.0,5,6.32302612,1.2e-07,even,,no,7.9024681,7.2907553222513854e-09,"ASD 1/sum(Aki), J-resolved",7.2907553222513854e-09,13/28,no,3.8541913899999996,3.87346634,,,
Fe I,Fe,0,3d6.(5D).4s (6D).4d,f 7D,1.0,3,6.32915863,1.2e-07,even,,no,7.9024681,6.801795674057951e-09,"ASD 1/sum(Aki), J-resolved",6.801795674057951e-09,8/24,no,3.8603239,3.8603239,,,
Fe I,Fe,0,3d6.(5D).4s (6D).4d,f 5D,4.0,9,6.25167222,1.2e-07,even,,no,7.9024681,1.1277262782777364e-08,"ASD 1/sum(Aki), J-resolved",1.1277262782777364e-08,13/27,no,3.8262389,3.85246751,,,
Fe I,Fe,0,3d6.(5D).4s (6D).4d,f 5D,3.0,7,6.26546671,1.2e-07,even,,no,7.9024681,8.078001179388173e-09,"ASD 1/sum(Aki), J-resolved",8.078001179388173e-09,11/29,no,3.8400333900000003,3.8400333900000003,,,
Fe I,Fe,0,3d6.(5D).4s (6D).4d,f 5D,2.0,5,6.28582776,1.2e-07,even,,no,7.9024681,1.8761726078799248e-08,"ASD 1/sum(Aki), J-resolved",1.8761726078799248e-08,4/32,no,3.83626798,3.83626798,,,
Fe I,Fe,0,3d6.(5D).4s (6D).4d,f 5D,1.0,3,6.30832866,1.2e-07,even,,no,7.9024681,1.04942806170637e-08,"ASD 1/sum(Aki), J-resolved",1.04942806170637e-08,9/28,no,3.8394939299999997,3.8394939299999997,,,
Fe I,Fe,0,3d6.(5D).4s (6D).4d,f 5D,0.0,1,6.32083991,2.5e-07,even,,no,7.9024681,3.1446540880503146e-08,"ASD 1/sum(Aki), J-resolved",3.1446540880503146e-08,2/12,no,3.03781508,3.83872151,,,
Fe I,Fe,0,3d6.(5D).4s (6D).4d,e 7P,4.0,9,6.25813812,1.2e-07,even,,no,7.9024681,8.191081550407917e-09,"ASD 1/sum(Aki), J-resolved",8.191081550407917e-09,9/22,no,3.85893341,3.85893341,,,
Fe I,Fe,0,3d6.(5D).4s (6D).4d,e 7P,3.0,7,6.27499663,1.2e-07,even,,no,7.9024681,1.0045203415369162e-08,"ASD 1/sum(Aki), J-resolved",1.0045203415369162e-08,10/31,no,3.8495633100000006,3.8495633100000006,,,
Fe I,Fe,0,3d6.(5D).4s (6D).4d,e 7P,2.0,5,6.30600086,1.2e-07,even,,no,7.9024681,6.127826459954654e-09,"ASD 1/sum(Aki), J-resolved",6.127826459954654e-09,4/17,no,3.85644108,3.85644108,,,
Fe I,Fe,0,3d6.(5D).4s (6D).4d,e 5G,6.0,13,6.26404671,1.2e-07,even,,no,7.9024681,1.3016426730533934e-08,"ASD 1/sum(Aki), J-resolved",1.3016426730533934e-08,6/16,no,2.9320271699999996,3.864842,,,
Fe I,Fe,0,3d6.(5D).4s (6D).4d,e 5G,5.0,11,6.28647868,1.2e-07,even,,no,7.9024681,1.1495177772924258e-08,"ASD 1/sum(Aki), J-resolved",1.1495177772924258e-08,11/26,no,2.91822228,3.8872739700000003,,,
Fe I,Fe,0,3d6.(5D).4s (6D).4d,e 5G,4.0,9,6.32066224,1.2e-07,even,,no,7.9024681,1.3383297644539615e-08,"ASD 1/sum(Aki), J-resolved",1.3383297644539615e-08,10/31,no,2.92415344,3.92145753,,,
Fe I,Fe,0,3d6.(5D).4s (6D).4d,e 5G,3.0,7,6.35034852,1.2e-07,even,,no,7.9024681,9.48676596148373e-09,"ASD 1/sum(Aki), J-resolved",9.48676596148373e-09,10/28,no,3.8815137899999996,3.9249152,,,
Fe I,Fe,0,3d6.(5D).4s (6D).4d,e 5G,2.0,5,6.36908625,1.2e-07,even,,no,7.9024681,9.941346058256288e-09,"ASD 1/sum(Aki), J-resolved",9.941346058256288e-09,8/23,no,3.8869678499999996,3.9195264699999997,,,
Fe I,Fe,0,3d7.(2G).4p,z 1F*,3.0,7,6.27197352,2.5e-07,odd,,no,7.9024681,2.2241992882562276e-08,"ASD 1/sum(Aki), J-resolved",2.2241992882562276e-08,7/17,no,3.22510462,5.35737135,,,
Fe I,Fe,0,3d6.(3F2).4s.4p.(3P*),x 1G*,4.0,9,6.27533411,2.5e-07,odd,,no,7.9024681,3.5733428622476324e-08,"ASD 1/sum(Aki), J-resolved",3.5733428622476324e-08,7/14,no,3.22846521,4.79046972,,,
Fe I,Fe,0,3d6.(5D).4s (6D).4d,e 7G,7.0,15,6.28000199,2.5e-07,even,,no,7.9024681,,,,,,,,,,
Fe I,Fe,0,3d6.(5D).4s (6D).4d,e 7G,6.0,13,6.31920567,1.2e-07,even,,no,7.9024681,6.513385006187716e-09,"ASD 1/sum(Aki), J-resolved",6.513385006187716e-09,4/6,no,3.4866789099999997,3.92000096,,,
Fe I,Fe,0,3d6.(5D).4s (6D).4d,e 7G,5.0,11,6.35153108,1.2e-07,even,,no,7.9024681,7.783312577833126e-09,"ASD 1/sum(Aki), J-resolved",7.783312577833126e-09,8/14,no,3.50030689,3.92609776,,,
Fe I,Fe,0,3d6.(5D).4s (6D).4d,e 7G,4.0,9,6.36471779,1.2e-07,even,,no,7.9024681,7.371804322826055e-09,"ASD 1/sum(Aki), J-resolved",7.371804322826055e-09,10/27,no,3.49932654,3.9655130800000005,,,
Fe I,Fe,0,3d6.(5D).4s (6D).4d,e 7G,3.0,7,6.38029108,1.2e-07,even,,no,7.9024681,6.634819532908705e-09,"ASD 1/sum(Aki), J-resolved",6.634819532908705e-09,7/18,no,3.50478756,3.9307313,,,
Fe I,Fe,0,3d6.(5D).4s (6D).4d,e 7G,2.0,5,6.39011087,1.2e-07,even,,no,7.9024681,6.620324395895399e-09,"ASD 1/sum(Aki), J-resolved",6.620324395895399e-09,6/11,no,3.50811826,3.92127614,,,
Fe I,Fe,0,3d6.(5D).4s (6D).4d,e 7G,1.0,3,6.39346861,2.5e-07,even,,no,7.9024681,5.770340450086555e-09,"ASD 1/sum(Aki), J-resolved",5.770340450086555e-09,3/9,no,3.5083087,3.92463388,,,
Fe I,Fe,0,3d6.(5D).4s (6D).5p,u 5F*,5.0,11,6.3252597,1.2e-07,odd,,no,7.9024681,,,,,,,,,,
Fe I,Fe,0,3d6.(5D).4s (6D).5p,u 5F*,4.0,9,6.37048876,1.2e-07,odd,,no,7.9024681,,,,,,,,,,
Fe I,Fe,0,3d6.(5D).4s (6D).5p,u 5F*,3.0,7,6.39994976,1.2e-07,odd,,no,7.9024681,4.545454545454546e-08,"ASD 1/sum(Aki), J-resolved",4.545454545454546e-08,1/17,no,6.39994976,6.39994976,,,
Fe I,Fe,0,3d6.(5D).4s (6D).5p,u 5F*,2.0,5,6.42578026,1.2e-07,odd,,no,7.9024681,,,,,,,,,,
Fe I,Fe,0,3d6.(5D).4s (6D).5p,u 5F*,1.0,3,6.44046048,1.2e-07,odd,,no,7.9024681,,,,,,,,,,
Fe I,Fe,0,3d6.(3G).4s.4p.(3P*),x 3H*,6.0,13,6.32606584,2.5e-07,odd,,no,7.9024681,1.366120218579235e-07,"ASD 1/sum(Aki), J-resolved",1.366120218579235e-07,2/8,no,3.3772729,3.9219914,,,
Fe I,Fe,0,3d6.(3G).4s.4p.(3P*),x 3H*,5.0,11,6.33171407,2.5e-07,odd,,no,7.9024681,2.040816326530612e-06,"ASD 1/sum(Aki), J-resolved",2.040816326530612e-06,2/14,no,3.28484517,4.84684968,,,
Fe I,Fe,0,3d6.(3G).4s.4p.(3P*),x 3H*,4.0,9,6.37391903,2.5e-07,odd,,no,7.9024681,2.0618556701030927e-07,"ASD 1/sum(Aki), J-resolved",2.0618556701030927e-07,3/18,no,3.3562965099999995,6.32234991,,,
Fe I,Fe,0,3d6.(5D).4s (6D).5p,t 5D*,4.0,9,6.33269478,1.2e-07,odd,,no,7.9024681,5.3763440860215054e-08,"ASD 1/sum(Aki), J-resolved",5.3763440860215054e-08,1/13,no,4.156749659999999,6.33269478,,,
Fe I,Fe,0,3d6.(5D).4s (6D).5p,t 5D*,3.0,7,6.36800089,1.2e-07,odd,,no,7.9024681,2.0408163265306121e-07,"ASD 1/sum(Aki), J-resolved",2.0408163265306121e-07,1/17,no,3.35075045,6.36800089,,,
Fe I,Fe,0,3d6.(5D).4s (6D).5p,t 5D*,2.0,5,6.40130429,1.2e-07,odd,,no,7.9024681,7.331378299120235e-07,"ASD 1/sum(Aki), J-resolved",7.331378299120235e-07,2/17,no,0.8144115300000001,6.34973517,,,
Fe I,Fe,0,3d6.(5D).4s (6D).5p,t 5D*,1.0,3,6.42583493,1.2e-07,odd,,no,7.9024681,,,,,,,,,,
Fe I,Fe,0,3d6.(5D).4s (6D).5p,t 5D*,0.0,1,6.4399302,1.2e-07,odd,,no,7.9024681,,,,,,,,,,
Fe I,Fe,0,3d6.(5D).4s (6D).4d,f 5F,5.0,11,6.33598817,1.2e-07,even,,no,7.9024681,1.8775111711914685e-08,"ASD 1/sum(Aki), J-resolved",1.8775111711914685e-08,4/17,no,3.4847639800000003,3.9367834600000005,,,
Fe I,Fe,0,3d6.(5D).4s (6D).4d,f 5F,4.0,9,6.3804339,1.2e-07,even,,no,7.9024681,1.2695027357783957e-08,"ASD 1/sum(Aki), J-resolved",1.2695027357783957e-08,11/26,no,2.9839251,3.95500058,,,
Fe I,Fe,0,3d6.(5D).4s (6D).4d,f 5F,3.0,7,6.39809335,1.2e-07,even,,no,7.9024681,1.4423770373575653e-08,"ASD 1/sum(Aki), J-resolved",1.4423770373575653e-08,11/34,no,2.9811405399999997,3.9292586199999997,,,
Fe I,Fe,0,3d6.(5D).4s (6D).4d,f 5F,2.0,5,6.41060472,1.2e-07,even,,no,7.9024681,2.3255813953488372e-08,"ASD 1/sum(Aki), J-resolved",2.3255813953488372e-08,5/32,no,2.98041474,3.92848632,,,
Fe I,Fe,0,3d6.(5D).4s (6D).4d,f 5F,1.0,3,6.41673983,1.2e-07,even,,no,7.9024681,4.3047783039173484e-08,"ASD 1/sum(Aki), J-resolved",4.3047783039173484e-08,3/24,no,3.133715,3.93462143,,,
Fe I,Fe,0,3d6.(5D).4s (6D).4d,e 5S,2.0,5,6.34165661,1.2e-07,even,,no,7.9024681,,,,,,,,,,
Fe I,Fe,0,3d7.(2D2).4p,v 3F*,2.0,5,6.34815078,2.5e-07,odd,,no,7.9024681,1.3157894736842104e-07,"ASD 1/sum(Aki), J-resolved",1.3157894736842104e-07,1/16,no,3.0741663800000003,4.74025501,,,
Fe I,Fe,0,3d7.(2D2).4p,v 3F*,4.0,9,6.3609602,1.2e-07,odd,,no,7.9024681,5.955926146515783e-08,"ASD 1/sum(Aki), J-resolved",5.955926146515783e-08,3/24,no,3.6334157,6.3609602,,,
Fe I,Fe,0,3d7.(2D2).4p,v 3F*,3.0,7,6.36848691,1.2e-07,odd,,no,7.9024681,5.894836123555765e-08,"ASD 1/sum(Aki), J-resolved",5.894836123555765e-08,5/26,no,3.3781344699999996,6.36848691,,,
Fe I,Fe,0,3d6.(5D).4s (4D).5s,e 3D,3.0,7,6.35967275,1.2e-07,even,,no,7.9024681,1.8864365214110546e-08,"ASD 1/sum(Aki), J-resolved",1.8864365214110546e-08,10/32,no,2.4780690699999997,3.11870361,,,
Fe I,Fe,0,3d6.(5D).4s (4D).5s,e 3D,2.0,5,6.41493251,1.2e-07,even,,no,7.9024681,1.3364517206815905e-08,"ASD 1/sum(Aki), J-resolved",1.3364517206815905e-08,15/33,no,2.47160628,3.14922641,,,
Fe I,Fe,0,3d6.(5D).4s (4D).5s,e 3D,1.0,3,6.4521243,1.2e-07,even,,no,7.9024681,1.9098548510313216e-08,"ASD 1/sum(Aki), J-resolved",1.9098548510313216e-08,8/27,no,2.4680171800000004,3.1864182000000003,,,
Fe I,Fe,0,3d6.(5D).4s (4D).5s,g 5D,4.0,9,6.36664959,1.2e-07,even,,no,7.9024681,1.7080877957126997e-08,"ASD 1/sum(Aki), J-resolved",1.7080877957126997e-08,13/27,no,3.5012583399999997,3.91708981,,,
Fe I,Fe,0,3d6.(5D).4s (4D).5s,g 5D,3.0,7,6.41873101,1.2e-07,even,,no,7.9024681,2.3651844843897822e-08,"ASD 1/sum(Aki), J-resolved",2.3651844843897822e-08,11/35,no,3.1777618700000003,3.1777618700000003,,,
Fe I,Fe,0,3d6.(5D).4s (4D).5s,g 5D,2.0,5,6.45335558,1.2e-07,even,,no,7.9024681,4.170141784820684e-08,"ASD 1/sum(Aki), J-resolved",4.170141784820684e-08,10/37,no,3.17033075,3.18764948,,,
Fe I,Fe,0,3d6.(5D).4s (4D).5s,g 5D,1.0,3,6.47375371,1.2e-07,even,,no,7.9024681,1.2108296604833632e-08,"ASD 1/sum(Aki), J-resolved",1.2108296604833632e-08,19/32,no,2.4896465900000004,3.2080476100000004,,,
Fe I,Fe,0,3d6.(5D).4s (4D).5s,g 5D,0.0,1,6.47908516,1.2e-07,even,,no,7.9024681,2.2123893805309735e-08,"ASD 1/sum(Aki), J-resolved",2.2123893805309735e-08,4/9,no,3.04889518,3.1960603300000003,,,
Fe I,Fe,0,3d7.(2H).4p,u 3G*,5.0,11,6.36955305,1.2e-07,odd,,no,7.9024681,1.3728720483250961e-08,"ASD 1/sum(Aki), J-resolved",1.3728720483250961e-08,8/13,no,3.6771454200000004,4.88468866,,,
Fe I,Fe,0,3d7.(2H).4p,u 3G*,4.0,9,6.40603863,2.5e-07,odd,,no,7.9024681,1.375156424043235e-08,"ASD 1/sum(Aki), J-resolved",1.375156424043235e-08,17/19,no,3.6784941300000003,4.92117424,,,
Fe I,Fe,0,3d7.(2H).4p,u 3G*,3.0,7,6.42557692,1.2e-07,odd,,no,7.9024681,1.933824524762623e-08,"ASD 1/sum(Aki), J-resolved",1.933824524762623e-08,10/22,no,3.6669993,4.81768115,,,
Fe I,Fe,0,3d6.(5D).4s (6D).4d,e 7S,3.0,7,6.39387714,1.2e-07,even,,no,7.9024681,7.193209610128039e-09,"ASD 1/sum(Aki), J-resolved",7.193209610128039e-09,9/17,no,3.3554066799999998,3.96844382,,,
Fe I,Fe,0,3d6.(3H).4s.4p.(3P*),1H*,5.0,11,6.40132623,2.5e-07,odd,,no,7.9024681,4.5440087244967513e-08,"ASD 1/sum(Aki), J-resolved",4.5440087244967513e-08,10/16,no,3.1646061499999996,4.916461839999999,,,
Fe I,Fe,0,3d6.(5D).4s (6D).5p,u 5P*,3.0,7,6.40899243,1.2e-07,odd,,no,7.9024681,4e-08,"ASD 1/sum(Aki), J-resolved",4e-08,1/12,no,6.40899243,6.40899243,,,
Fe I,Fe,0,3d6.(5D).4s (6D).5p,u 5P*,2.0,5,6.44033241,1.2e-07,odd,,no,7.9024681,3.846153846153846e-08,"ASD 1/sum(Aki), J-resolved",3.846153846153846e-08,1/13,no,6.38876329,6.38876329,,,
Fe I,Fe,0,3d6.(5D).4s (6D).5p,u 5P*,1.0,3,6.46089109,2.5e-07,odd,,no,7.9024681,,,,,,,,,,
Fe I,Fe,0,3d7.(2P).4p,y 1D*,2.0,5,6.411013,1.2e-07,odd,,no,7.9024681,9.387027128508401e-09,"ASD 1/sum(Aki), J-resolved",9.387027128508401e-09,7/20,no,3.1370286,6.35944388,,,
Fe I,Fe,0,3d6.(3H).4s.4p.(3P*),x 1D*,2.0,5,6.4176795,1.2e-07,odd,,no,7.9024681,4.5045045045045043e-07,"ASD 1/sum(Aki), J-resolved",4.5045045045045043e-07,2/14,no,3.3463407000000003,4.80978373,,,
Fe I,Fe,0,3d6.(5D).4s (6D).4d,e 5P,3.0,7,6.4269984,1.2e-07,even,,no,7.9024681,2.0695364238410596e-08,"ASD 1/sum(Aki), J-resolved",2.0695364238410596e-08,10/45,no,2.7733050799999996,4.00156508,,,
Fe I,Fe,0,3d6.(5D).4s (6D).4d,e 5P,1.0,3,6.44961696,1.2e-07,even,,no,7.9024681,2.1551724137931035e-08,"ASD 1/sum(Aki), J-resolved",2.1551724137931035e-08,5/33,no,2.7959236400000003,3.98078223,,,
Fe I,Fe,0,3d6.(5D).4s (6D).4d,e 5P,2.0,5,6.45554341,1.2e-07,even,,no,7.9024681,6.369426751592356e-08,"ASD 1/sum(Aki), J-resolved",6.369426751592356e-08,10/45,no,3.0385905999999996,3.21457427,,,
Fe I,Fe,0,3d7.(2P).4p,u 3D*,3.0,7,6.44334733,1.2e-07,odd,,no,7.9024681,9.26809827891415e-09,"ASD 1/sum(Aki), J-resolved",9.26809827891415e-09,14/28,no,3.4260968899999997,6.44334733,,,
Fe I,Fe,0,3d7.(2P).4p,u 3D*,2.0,5,6.48399171,2.5e-07,odd,,no,7.9024681,6.484663770183516e-09,"ASD 1/sum(Aki), J-resolved",6.484663770183516e-09,9/16,no,3.41265291,6.43242259,,,
Fe I,Fe,0,3d7.(2P).4p,u 3D*,1.0,3,6.51071489,2.5e-07,odd,,no,7.9024681,8.664760419374405e-09,"ASD 1/sum(Aki), J-resolved",8.664760419374405e-09,9/15,no,3.3997531,4.90281912,,,
Fe I,Fe,0,3d7.(2P).4p,1P*,1.0,3,6.46959714,2.5e-07,odd,,no,7.9024681,8.389261744966444e-09,"ASD 1/sum(Aki), J-resolved",8.389261744966444e-09,5/17,no,3.1956127400000005,5.479485990000001,,,
Fe I,Fe,0,3d7.(2D2).4p,t 3D*,3.0,7,6.47361547,2.5e-07,odd,,no,7.9024681,1.052299273913501e-08,"ASD 1/sum(Aki), J-resolved",1.052299273913501e-08,5/21,no,3.2221337100000005,6.38632973,,,
Fe I,Fe,0,3d7.(2D2).4p,t 3D*,2.0,5,6.53184961,1.2e-07,odd,,no,7.9024681,1.4558159848595137e-08,"ASD 1/sum(Aki), J-resolved",1.4558159848595137e-08,6/25,no,3.23092717,6.42173528,,,
Fe I,Fe,0,3d7.(2D2).4p,t 3D*,1.0,3,6.55353246,2.5e-07,odd,,no,7.9024681,6.702862122126148e-09,"ASD 1/sum(Aki), J-resolved",6.702862122126148e-09,10/19,no,4.2749277999999995,6.466246719999999,,,
Fe I,Fe,0,3d7.(2H).4p,w 3H*,6.0,13,6.50067093,2.5e-07,odd,,no,7.9024681,8.90131116313433e-09,"ASD 1/sum(Aki), J-resolved",8.90131116313433e-09,4/5,no,4.09659649,4.09659649,,,
Fe I,Fe,0,3d7.(2H).4p,w 3H*,5.0,11,6.52319179,2.5e-07,odd,,no,7.9024681,9.045680687471732e-09,"ASD 1/sum(Aki), J-resolved",9.045680687471732e-09,6/13,no,4.09049709,5.0383274,,,
Fe I,Fe,0,3d7.(2H).4p,w 3H*,4.0,9,6.5424903,4e-07,odd,,no,7.9024681,1.0101010101010101e-07,"ASD 1/sum(Aki), J-resolved",1.0101010101010101e-07,2/10,no,4.1097956,4.1097956,,,
Fe I,Fe,0,3d7.(2H).4p,y 3I*,6.0,13,6.51085164,2.5e-07,odd,,no,7.9024681,1.120197154699227e-08,"ASD 1/sum(Aki), J-resolved",1.120197154699227e-08,5/6,no,3.24373907,4.1067772,,,
Fe I,Fe,0,3d7.(2H).4p,y 3I*,7.0,15,6.528387,4e-07,odd,,no,7.9024681,1.0199918400652795e-08,"ASD 1/sum(Aki), J-resolved",1.0199918400652795e-08,2/2,yes,3.2916669200000004,4.12431256,,,
Fe I,Fe,0,3d7.(2H).4p,y 3I*,5.0,11,6.5586399,4e-07,odd,,no,7.9024681,1.069747539580659e-08,"ASD 1/sum(Aki), J-resolved",1.069747539580659e-08,4/9,no,3.25723714,4.154565460000001,,,
Fe I,Fe,0,3d7.(4F).5p,3G*,5.0,11,6.54723369,2.5e-07,odd,,no,7.9024681,,,,,,,,,,
Fe I,Fe,0,3d7.(4F).5p,3G*,4.0,9,6.69732648,2.5e-07,odd,,no,7.9024681,,,,,,,,,,
Fe I,Fe,0,3d7.(4F).5p,3G*,3.0,7,6.73945929,1.2e-07,odd,,no,7.9024681,,,,,,,,,,
Fe I,Fe,0,3d7.(2D2).4p,v 3P*,2.0,5,6.56078442,2.5e-07,odd,,no,7.9024681,8.373105584861426e-09,"ASD 1/sum(Aki), J-resolved",8.373105584861426e-09,8/15,no,4.28217976,4.384839299999999,,,
Fe I,Fe,0,3d7.(2D2).4p,v 3P*,1.0,3,6.59967157,2.5e-07,odd,,no,7.9024681,1.08084738434933e-08,"ASD 1/sum(Aki), J-resolved",1.08084738434933e-08,9/19,no,3.18477442,4.401805169999999,,,
Fe I,Fe,0,3d6.(3G).4s.4p.(3P*),3F*,4.0,9,6.56541325,1.2e-07,odd,,no,7.9024681,6.993006993006993e-08,"ASD 1/sum(Aki), J-resolved",6.993006993006993e-08,2/21,no,3.31393149,6.51384413,,,
Fe I,Fe,0,3d6.(3G).4s.4p.(3P*),3F*,3.0,7,6.61548873,1.2e-07,odd,,no,7.9024681,,,,,,,,,,
Fe I,Fe,0,3d6.(3G).4s.4p.(3P*),3F*,2.0,5,6.6640769,2.5e-07,odd,,no,7.9024681,,,,,,,,,,
Fe I,Fe,0,3d7.(4F).4d,g 5F,5.0,11,6.57876498,1.2e-07,even,,no,7.9024681,1.2254901960784314e-07,"ASD 1/sum(Aki), J-resolved",1.2254901960784314e-07,2/22,no,3.2467454399999998,4.17956027,,,
Fe I,Fe,0,3d7.(4F).4d,g 5F,4.0,9,6.61997175,1.2e-07,even,,no,7.9024681,8.203445447087776e-08,"ASD 1/sum(Aki), J-resolved",8.203445447087776e-08,4/33,no,1.8868309600000002,4.194538430000001,,,
Fe I,Fe,0,3d7.(4F).4d,g 5F,3.0,7,6.67419029,1.2e-07,even,,no,7.9024681,8.203445447087776e-08,"ASD 1/sum(Aki), J-resolved",8.203445447087776e-08,5/29,no,2.39088203,3.4332211500000005,,,
Fe I,Fe,0,3d7.(4F).4d,g 5F,2.0,5,6.72707289,1.2e-07,even,,no,7.9024681,1.443001443001443e-07,"ASD 1/sum(Aki), J-resolved",1.443001443001443e-07,3/24,no,2.2814456299999994,3.4440480599999996,,,
Fe I,Fe,0,3d7.(4F).4d,g 5F,1.0,3,6.74302768,1.2e-07,even,,no,7.9024681,4.284490145672665e-08,"ASD 1/sum(Aki), J-resolved",4.284490145672665e-08,6/18,no,1.9081726100000003,3.45118782,,,
Fe I,Fe,0,3d7.(4F).5p,5G*,6.0,13,6.57976169,2.5e-07,odd,,no,7.9024681,,,,,,,,,,
Fe I,Fe,0,3d7.(4F).5p,5G*,5.0,11,6.64388049,2.5e-07,odd,,no,7.9024681,,,,,,,,,,
Fe I,Fe,0,3d7.(4F).5p,5G*,4.0,9,6.67681119,1.2e-07,odd,,no,7.9024681,,,,,,,,,,
Fe I,Fe,0,3d7.(4F).5p,5G*,3.0,7,6.71184181,2.5e-07,odd,,no,7.9024681,,,,,,,,,,
Fe I,Fe,0,3d7.(4F).5p,5G*,2.0,5,6.72709484,2.5e-07,odd,,no,7.9024681,,,,,,,,,,
Fe I,Fe,0,3d7.(4F).5p,5F*,5.0,11,6.58167501,1.2e-07,odd,,no,7.9024681,,,,,,,,,,
Fe I,Fe,0,3d7.(4F).5p,5F*,4.0,9,6.61934736,1.2e-07,odd,,no,7.9024681,,,,,,,,,,
Fe I,Fe,0,3d7.(4F).5p,5F*,3.0,7,6.65312587,1.2e-07,odd,,no,7.9024681,1.25e-07,"ASD 1/sum(Aki), J-resolved",1.25e-07,2/32,no,3.10660586,6.65312587,,,
Fe I,Fe,0,3d7.(4F).5p,5F*,2.0,5,6.70041939,2.5e-07,odd,,no,7.9024681,,,,,,,,,,
Fe I,Fe,0,3d7.(4F).5p,5F*,1.0,3,6.72297125,2.5e-07,odd,,no,7.9024681,,,,,,,,,,
Fe I,Fe,0,3d7.(2H).4p,1I*,6.0,13,6.58275864,2.5e-07,odd,,no,7.9024681,1.1498217776244683e-08,"ASD 1/sum(Aki), J-resolved",1.1498217776244683e-08,3/7,no,3.0095397399999997,4.178684199999999,,,
Fe I,Fe,0,3d7.(4F).4d,h 5D,4.0,9,6.59039805,1.2e-07,even,,no,7.9024681,6.08272506082725e-08,"ASD 1/sum(Aki), J-resolved",6.08272506082725e-08,5/32,no,2.4127012600000004,3.37920867,,,
Fe I,Fe,0,3d7.(4F).4d,h 5D,3.0,7,6.63883718,1.2e-07,even,,no,7.9024681,9.615384615384616e-08,"ASD 1/sum(Aki), J-resolved",9.615384615384616e-08,3/33,no,2.4844833900000003,3.4276478000000004,,,
Fe I,Fe,0,3d7.(4F).4d,h 5D,2.0,5,6.69101333,1.2e-07,even,,no,7.9024681,3.479471120389701e-08,"ASD 1/sum(Aki), J-resolved",3.479471120389701e-08,5/29,no,2.43479053,3.45004419,,,
Fe I,Fe,0,3d7.(4F).4d,h 5D,1.0,3,6.71158094,1.2e-07,even,,no,7.9024681,2.898550724637681e-08,"ASD 1/sum(Aki), J-resolved",2.898550724637681e-08,6/22,no,3.44587484,3.44587484,,,
Fe I,Fe,0,3d7.(4F).4d,f 5P,3.0,7,6.59107351,1.2e-07,even,,no,7.9024681,5.154639175257732e-08,"ASD 1/sum(Aki), J-resolved",5.154639175257732e-08,3/19,no,3.37988413,3.37988413,,,
Fe I,Fe,0,3d7.(4F).4d,f 5P,2.0,5,6.64167865,1.2e-07,even,,no,7.9024681,6.675567423230975e-08,"ASD 1/sum(Aki), J-resolved",6.675567423230975e-08,4/24,no,3.4007095100000004,3.4007095100000004,,,
Fe I,Fe,0,3d7.(4F).4d,f 5P,1.0,3,6.6858727,1.2e-07,even,,no,7.9024681,7.183908045977012e-08,"ASD 1/sum(Aki), J-resolved",7.183908045977012e-08,5/23,no,3.26891989,3.4201666,,,
Fe I,Fe,0,3d7.(4F).4d,f 5G,6.0,13,6.59213395,1.2e-07,even,,no,7.9024681,2.469135802469136e-07,"ASD 1/sum(Aki), J-resolved",2.469135802469136e-07,2/16,no,3.26011441,3.26011441,,,
Fe I,Fe,0,3d7.(4F).4d,f 5G,5.0,11,6.6060875,1.2e-07,even,,no,7.9024681,5.555555555555555e-07,"ASD 1/sum(Aki), J-resolved",5.555555555555555e-07,3/21,no,2.23473644,3.2378311,,,
Fe I,Fe,0,3d7.(4F).4d,f 5G,4.0,9,6.66650376,1.2e-07,even,,no,7.9024681,2.2123893805309735e-07,"ASD 1/sum(Aki), J-resolved",2.2123893805309735e-07,6/35,no,2.5631300400000008,3.4255346200000005,,,
Fe I,Fe,0,3d7.(4F).4d,f 5G,3.0,7,6.71512541,1.2e-07,even,,no,7.9024681,2.7548209366391183e-07,"ASD 1/sum(Aki), J-resolved",2.7548209366391183e-07,4/33,no,2.5607716199999997,3.4494193099999997,,,
Fe I,Fe,0,3d7.(4F).4d,f 5G,2.0,5,6.74172473,1.2e-07,even,,no,7.9024681,9.233610341643582e-08,"ASD 1/sum(Aki), J-resolved",9.233610341643582e-08,3/23,no,2.2960974699999994,3.4586998999999996,,,
Fe I,Fe,0,3d7.(4F).4d,e 5H,7.0,15,6.60528086,2.5e-07,even,,no,7.9024681,,,,,,,,,,
Fe I,Fe,0,3d7.(4F).4d,e 5H,6.0,13,6.61492758,1.2e-07,even,,no,7.9024681,1.2768130745658835e-08,"ASD 1/sum(Aki), J-resolved",1.2768130745658835e-08,2/10,no,2.3024569899999996,2.3024569899999996,,,
Fe I,Fe,0,3d7.(4F).4d,e 5H,5.0,11,6.67955657,1.2e-07,even,,no,7.9024681,1.2897401173663507e-08,"ASD 1/sum(Aki), J-resolved",1.2897401173663507e-08,3/13,no,2.3082055099999996,2.45919446,,,
Fe I,Fe,0,3d7.(4F).4d,e 5H,4.0,9,6.72455738,2.5e-07,even,,no,7.9024681,1.2531799441081745e-08,"ASD 1/sum(Aki), J-resolved",1.2531799441081745e-08,6/13,no,2.3092786,2.4683345800000005,,,
Fe I,Fe,0,3d7.(4F).4d,e 5H,3.0,7,6.75602283,1.2e-07,even,,no,7.9024681,1.745810055865922e-08,"ASD 1/sum(Aki), J-resolved",1.745810055865922e-08,3/12,no,2.31039557,2.53566072,,,
Fe I,Fe,0,3d6.(3G).4s.4p.(3P*),y 1H*,5.0,11,6.6100239,4e-07,odd,,no,7.9024681,,,,,,,,,,
Fe I,Fe,0,3d7.(4F).5p,3F*,4.0,9,6.61193286,1.2e-07,odd,,no,7.9024681,1.36986301369863e-07,"ASD 1/sum(Aki), J-resolved",1.36986301369863e-07,1/24,no,3.3604510999999997,6.61193286,,,
Fe I,Fe,0,3d7.(4F).5p,3F*,3.0,7,6.73098236,1.2e-07,odd,,no,7.9024681,,,,,,,,,,
Fe I,Fe,0,3d7.(4F).5p,3F*,2.0,5,6.78272754,2.5e-07,odd,,no,7.9024681,,,,,,,,,,
Fe I,Fe,0,3d7.(4F).5p,5D*,4.0,9,6.64684396,1.2e-07,odd,,no,7.9024681,,,,,,,,,,
Fe I,Fe,0,3d7.(4F).5p,5D*,3.0,7,6.66845912,2.5e-07,odd,,no,7.9024681,,,,,,,,,,
Fe I,Fe,0,3d7.(4F).5p,5D*,2.0,5,6.7609393,2.5e-07,odd,,no,7.9024681,,,,,,,,,,
Fe I,Fe,0,3d7.(4F).5p,5D*,1.0,3,6.76992654,1.2e-07,odd,,no,7.9024681,,,,,,,,,,
Fe I,Fe,0,3d6.(3D).4s.4p.(3P*),5F*,1.0,3,6.657563,5e-07,odd,,no,7.9024681,,,,,,,,,,
Fe I,Fe,0,3d6.(3D).4s.4p.(3P*),5F*,2.0,5,6.66081289,2.5e-07,odd,,no,7.9024681,,,,,,,,,,
Fe I,Fe,0,3d6.(3D).4s.4p.(3P*),5F*,3.0,7,6.66211658,2.5e-07,odd,,no,7.9024681,,,,,,,,,,
Fe I,Fe,0,3d6.(3D).4s.4p.(3P*),5F*,4.0,9,6.68049253,2.5e-07,odd,,no,7.9024681,,,,,,,,,,
Fe I,Fe,0,3d6.(3D).4s.4p.(3P*),5F*,5.0,11,6.69685175,2.5e-07,odd,,no,7.9024681,3.833033079075473e-08,"ASD 1/sum(Aki), J-resolved",3.833033079075473e-08,3/13,no,3.4601316700000004,6.69685175,,,
Fe I,Fe,0,3d7.(4F).4d,e 3G,5.0,11,6.66284114,1.2e-07,even,,no,7.9024681,5.2826201796090864e-08,"ASD 1/sum(Aki), J-resolved",5.2826201796090864e-08,5/22,no,2.4424790300000003,3.3308216,,,
Fe I,Fe,0,3d7.(4F).4d,e 3G,4.0,9,6.7033939,1.2e-07,even,,no,7.9024681,3.076923076923077e-08,"ASD 1/sum(Aki), J-resolved",3.076923076923077e-08,5/26,no,2.2687811499999997,3.3068851,,,
Fe I,Fe,0,3d7.(4F).4d,e 3G,3.0,7,6.74218434,1.2e-07,even,,no,7.9024681,3.7037037037037036e-07,"ASD 1/sum(Aki), J-resolved",3.7037037037037036e-07,1/23,no,2.13459107,3.3252315299999995,,,
Fe I,Fe,0,3d7.(4F).4d,f 3D,3.0,7,6.66384071,1.2e-07,even,,no,7.9024681,5.4945054945054946e-08,"ASD 1/sum(Aki), J-resolved",5.4945054945054946e-08,3/31,no,1.9306999199999995,3.42287157,,,
Fe I,Fe,0,3d7.(4F).4d,f 3D,2.0,5,6.70342551,1.2e-07,even,,no,7.9024681,4.504504504504504e-08,"ASD 1/sum(Aki), J-resolved",4.504504504504504e-08,5/23,no,2.4201172499999997,3.2864726999999996,,,
Fe I,Fe,0,3d7.(4F).4d,f 3D,1.0,3,6.75085864,1.2e-07,even,,no,7.9024681,2.8571428571428572e-08,"ASD 1/sum(Aki), J-resolved",2.8571428571428572e-08,7/21,no,2.09882757,3.4678338099999997,,,
Fe I,Fe,0,3d7.(2D2).4p,x 1F*,3.0,7,6.66579718,2.5e-07,odd,,no,7.9024681,2.2050716648291068e-08,"ASD 1/sum(Aki), J-resolved",2.2050716648291068e-08,6/24,no,3.61892828,6.57851144,,,
Fe I,Fe,0,3d6.(5D).4s (6D).6s,g 7D,5.0,11,6.67045638,1.2e-07,even,,no,7.9024681,2.2696323195642307e-08,"ASD 1/sum(Aki), J-resolved",2.2696323195642307e-08,6/13,no,4.27125167,4.27125167,,,
Fe I,Fe,0,3d6.(5D).4s (6D).6s,g 7D,4.0,9,6.710613,1.2e-07,even,,no,7.9024681,2.433386056697895e-08,"ASD 1/sum(Aki), J-resolved",2.433386056697895e-08,8/20,no,3.8780862400000005,4.311408290000001,,,
Fe I,Fe,0,3d6.(5D).4s (6D).6s,g 7D,3.0,7,6.74533292,2.5e-07,even,,no,7.9024681,,,,,,,,,,
Fe I,Fe,0,3d6.(5D).4s (6D).6s,g 7D,2.0,5,6.77098909,2.5e-07,even,,no,7.9024681,,,,,,,,,,
Fe I,Fe,0,3d6.(5D).4s (6D).6s,g 7D,1.0,3,6.78783705,1.2e-07,even,,no,7.9024681,,,,,,,,,,
Fe I,Fe,0,3d7.(2P).4p,x 3S*,1.0,3,6.67138589,2.5e-07,odd,,no,7.9024681,3.012048192771084e-08,"ASD 1/sum(Aki), J-resolved",3.012048192771084e-08,3/23,no,3.25648874,6.56127156,,,
Fe I,Fe,0,3d7.(4F).5p,3D*,3.0,7,6.6750428,1.2e-07,odd,,no,7.9024681,,,,,,,,,,
Fe I,Fe,0,3d7.(4F).5p,3D*,2.0,5,6.73764589,2.5e-07,odd,,no,7.9024681,,,,,,,,,,
Fe I,Fe,0,3d7.(4F).5p,3D*,1.0,3,6.79523296,2.5e-07,odd,,no,7.9024681,,,,,,,,,,
Fe I,Fe,0,3d7.(4F).4d,e 3H,6.0,13,6.67538611,1.2e-07,even,,no,7.9024681,1.2809017548354042e-08,"ASD 1/sum(Aki), J-resolved",1.2809017548354042e-08,2/8,no,2.28892336,3.86709244,,,
Fe I,Fe,0,3d7.(4F).4d,e 3H,5.0,11,6.72821528,1.2e-07,even,,no,7.9024681,1.2990893383737999e-08,"ASD 1/sum(Aki), J-resolved",1.2990893383737999e-08,4/11,no,2.2936025299999994,2.5078531699999997,,,
Fe I,Fe,0,3d7.(4F).4d,e 3H,4.0,9,6.76400977,1.2e-07,even,,no,7.9024681,1.3517166801838334e-08,"ASD 1/sum(Aki), J-resolved",1.3517166801838334e-08,7/14,no,2.290737750000001,2.8824060900000004,,,
Fe I,Fe,0,3d6.(3D).4s.4p.(3P*),5D*,3.0,7,6.68169765,1.2e-07,odd,,no,7.9024681,1.4285714285714285e-07,"ASD 1/sum(Aki), J-resolved",1.4285714285714285e-07,1/27,no,3.4302158900000004,6.68169765,,,
Fe I,Fe,0,3d6.(3D).4s.4p.(3P*),5D*,2.0,5,6.68436257,2.5e-07,odd,,no,7.9024681,,,,,,,,,,
Fe I,Fe,0,3d6.(3D).4s.4p.(3P*),5D*,1.0,3,6.6921394,1.5e-06,odd,,no,7.9024681,,,,,,,,,,
Fe I,Fe,0,3d6.(3D).4s.4p.(3P*),5D*,4.0,9,6.73250811,1.2e-07,odd,,no,7.9024681,5.750431282346176e-08,"ASD 1/sum(Aki), J-resolved",5.750431282346176e-08,4/22,no,3.4653955400000003,6.73250811,,,
Fe I,Fe,0,3d6.(3G).4s.4p.(3P*),t 3G*,5.0,11,6.6930753,4e-07,odd,,no,7.9024681,1.1998032322699078e-08,"ASD 1/sum(Aki), J-resolved",1.1998032322699078e-08,5/14,no,3.4563552200000003,6.6930753,,,
Fe I,Fe,0,3d6.(3G).4s.4p.(3P*),t 3G*,4.0,9,6.72458242,1.2e-07,odd,,no,7.9024681,1.0816657652785289e-08,"ASD 1/sum(Aki), J-resolved",1.0816657652785289e-08,8/21,no,3.45746985,5.86558667,,,
Fe I,Fe,0,3d6.(3G).4s.4p.(3P*),t 3G*,3.0,7,6.76958063,1.2e-07,odd,,no,7.9024681,1.0109587933195843e-08,"ASD 1/sum(Aki), J-resolved",1.0109587933195843e-08,10/22,no,3.46817787,5.2122233,,,
Fe I,Fe,0,3d6.(3D).4s.4p.(3P*),t 5P*,3.0,7,6.69573167,1.2e-07,odd,,no,7.9024681,3.225806451612903e-07,"ASD 1/sum(Aki), J-resolved",3.225806451612903e-07,1/23,no,3.44424991,6.69573167,,,
Fe I,Fe,0,3d6.(3D).4s.4p.(3P*),t 5P*,2.0,5,6.70906146,1.2e-07,odd,,no,7.9024681,,,,,,,,,,
Fe I,Fe,0,3d6.(3D).4s.4p.(3P*),t 5P*,1.0,3,6.72875412,2.5e-07,odd,,no,7.9024681,,,,,,,,,,
Fe I,Fe,0,3d6.4s.(6D).6s,5D,4.0,9,6.75464698,1.2e-07,even,,no,7.9024681,,,,,,,,,,
Fe I,Fe,0,3d6.4s.(6D).6s,5D,3.0,7,6.80237209,1.2e-07,even,,no,7.9024681,,,,,,,,,,
Fe I,Fe,0,3d6.4s.(6D).6s,5D,2.0,5,6.83576563,1.2e-07,even,,no,7.9024681,,,,,,,,,,
Fe I,Fe,0,3d6.4s.(6D).6s,5D,1.0,3,6.85702383,2.5e-07,even,,no,7.9024681,,,,,,,,,,
Fe I,Fe,0,3d6.4s.(6D).6s,5D,0.0,1,6.8675492,4e-07,even,,no,7.9024681,,,,,,,,,,
Fe I,Fe,0,3d7.(4F).4d,f 3F,4.0,9,6.77986785,1.2e-07,even,,no,7.9024681,6.242197253433208e-08,"ASD 1/sum(Aki), J-resolved",6.242197253433208e-08,9/22,no,2.17227458,2.8982641699999996,,,
Fe I,Fe,0,3d7.(4F).4d,f 3F,3.0,7,6.83462125,1.2e-07,even,,no,7.9024681,1.3623978201634878e-07,"ASD 1/sum(Aki), J-resolved",1.3623978201634878e-07,4/22,no,2.18259018,2.9060144199999995,,,
Fe I,Fe,0,3d7.(4F).4d,f 3F,2.0,5,6.8660975,6e-07,even,,no,7.9024681,,,,,,,,,,
Fe I,Fe,0,3d6.(3G).4s.4p.(3P*),w 1G*,4.0,9,6.79568,4e-07,odd,,no,7.9024681,1.0633772862611655e-08,"ASD 1/sum(Aki), J-resolved",1.0633772862611655e-08,5/9,no,3.7488110999999997,4.23650852,,,
Fe I,Fe,0,3d7.(4F).4d,e 3P,2.0,5,6.80421351,1.2e-07,even,,no,7.9024681,1.9120458891013384e-07,"ASD 1/sum(Aki), J-resolved",1.9120458891013384e-07,3/12,no,2.92070444,2.92070444,,,
Fe I,Fe,0,3d7.(4F).4d,e 3P,1.0,3,6.86576013,2.5e-07,even,,no,7.9024681,3.5714285714285716e-07,"ASD 1/sum(Aki), J-resolved",3.5714285714285716e-07,1/9,no,2.9371533,2.9371533,,,
Fe I,Fe,0,3d7.(4F).4d,e 3P,0.0,1,6.909208,9e-06,even,yes,no,7.9024681,,,,,,,,,,
Fe I,Fe,0,3d6.(1G2).4s.4p.(3P*),s 3G*,5.0,11,6.87242168,2.5e-07,odd,,no,7.9024681,1.754385964912281e-08,"ASD 1/sum(Aki), J-resolved",1.754385964912281e-08,2/12,no,4.14487718,5.38755729,,,
Fe I,Fe,0,3d6.(1G2).4s.4p.(3P*),s 3G*,3.0,7,6.91716472,2.5e-07,odd,,no,7.9024681,2.025111381125962e-08,"ASD 1/sum(Aki), J-resolved",2.025111381125962e-08,4/17,no,3.3706447099999997,5.30926895,,,
Fe I,Fe,0,3d6.(1G2).4s.4p.(3P*),s 3G*,4.0,9,6.9314031,4e-07,odd,,no,7.9024681,1.8368846436443792e-08,"ASD 1/sum(Aki), J-resolved",1.8368846436443792e-08,5/13,no,4.2038586,5.44653871,,,
Fe I,Fe,0,3d6.(1G2).4s.4p.(3P*),v 3H*,4.0,9,6.8744289,4e-07,odd,,no,7.9024681,1.701577362214773e-08,"ASD 1/sum(Aki), J-resolved",1.701577362214773e-08,5/11,no,4.115851279999999,5.38956451,,,
Fe I,Fe,0,3d6.(1G2).4s.4p.(3P*),v 3H*,6.0,13,6.8798512,4e-07,odd,,no,7.9024681,1.1098779134295227e-08,"ASD 1/sum(Aki), J-resolved",1.1098779134295227e-08,3/5,no,4.18744357,4.4757767600000005,,,
Fe I,Fe,0,3d6.(1G2).4s.4p.(3P*),v 3H*,5.0,11,6.8842923,2.5e-07,odd,,no,7.9024681,1.0811979673478214e-08,"ASD 1/sum(Aki), J-resolved",1.0811979673478214e-08,6/13,no,3.3110734,5.39942791,,,
Fe I,Fe,0,3d7.(2D2).4p,w 1D*,2.0,5,6.9126439,4e-07,odd,,no,7.9024681,4.88997555012225e-09,"ASD 1/sum(Aki), J-resolved",4.88997555012225e-09,5/16,no,3.36612389,4.63403924,,,
Fe I,Fe,0,3d7.(2H).4p,1H*,5.0,11,6.93160665,2.5e-07,odd,,no,7.9024681,1.0875475802066341e-08,"ASD 1/sum(Aki), J-resolved",1.0875475802066341e-08,7/9,no,3.35838775,5.44674226,,,
Fe I,Fe,0,3d6.(3G).4s.4p.(3P*),1F*,3.0,7,6.95524523,2.5e-07,odd,,no,7.9024681,1.1835720203574387e-08,"ASD 1/sum(Aki), J-resolved",1.1835720203574387e-08,4/13,no,4.19666761,5.47038084,,,
Fe I,Fe,0,3d7.(4F).6s,5F,5.0,11,6.9572353,1.2e-07,even,,no,7.9024681,,,,,,,,,,
Fe I,Fe,0,3d7.(4F).6s,5F,4.0,9,7.00711799,2.5e-07,even,,no,7.9024681,,,,,,,,,,
Fe I,Fe,0,3d7.(4F).6s,5F,3.0,7,7.1304138,5e-07,even,,no,7.9024681,,,,,,,,,,
Fe I,Fe,0,3d7.(4F).6s,5F,2.0,5,7.13262645,2.5e-07,even,,no,7.9024681,,,,,,,,,,
Fe I,Fe,0,3d7.(4F).6s,5F,1.0,3,7.1605957,4e-07,even,,no,7.9024681,,,,,,,,,,
Fe I,Fe,0,3d6.4s.(6D).6p,7D*,5.0,11,6.95803425,2.5e-07,odd,,no,7.9024681,,,,,,,,,,
Fe I,Fe,0,3d6.4s.(6D).6p,7D*,4.0,9,7.0071832,4e-07,odd,,no,7.9024681,,,,,,,,,,
Fe I,Fe,0,3d6.4s.(6D).6p,7D*,3.0,7,7.0119345,5e-07,odd,,no,7.9024681,,,,,,,,,,
Fe I,Fe,0,3d6.4s.(6D).6p,7D*,2.0,5,7.0588397,6e-07,odd,,no,7.9024681,,,,,,,,,,
Fe I,Fe,0,3d6.4s.(6D).6p,7D*,1.0,3,7.0874501,6e-07,odd,,no,7.9024681,,,,,,,,,,
Fe I,Fe,0,3d6.4s.(6D).5d,5D,4.0,9,6.96884828,2.5e-07,even,,no,7.9024681,,,,,,,,,,
Fe I,Fe,0,3d6.4s.(6D).5d,5D,3.0,7,6.98491341,2.5e-07,even,,no,7.9024681,,,,,,,,,,
Fe I,Fe,0,3d6.4s.(6D).5d,5D,2.0,5,7.00256095,2.5e-07,even,,no,7.9024681,,,,,,,,,,
Fe I,Fe,0,3d6.4s.(6D).5d,5D,1.0,3,7.0342631,4e-07,even,,no,7.9024681,,,,,,,,,,
Fe I,Fe,0,3d6.4s.(6D).6p,7F*,6.0,13,6.9754728,4e-07,odd,,no,7.9024681,,,,,,,,,,
Fe I,Fe,0,3d6.4s.(6D).6p,7F*,5.0,11,7.0054738,4e-07,odd,,no,7.9024681,,,,,,,,,,
Fe I,Fe,0,3d6.4s.(6D).6p,7F*,4.0,9,7.0369345,5e-07,odd,,no,7.9024681,,,,,,,,,,
Fe I,Fe,0,3d6.4s.(6D).6p,7F*,3.0,7,7.0704419,5e-07,odd,,no,7.9024681,,,,,,,,,,
Fe I,Fe,0,3d6.4s.(6D).6p,7F*,0.0,1,7.0821763,4e-07,odd,,no,7.9024681,,,,,,,,,,
Fe I,Fe,0,3d6.4s.(6D).6p,7F*,2.0,5,7.08450967,1.2e-07,odd,,no,7.9024681,,,,,,,,,,
Fe I,Fe,0,3d6.4s.(6D).6p,7F*,1.0,3,7.08872587,2.5e-07,odd,,no,7.9024681,,,,,,,,,,
Fe I,Fe,0,3d6.(1I).4s.4p.(3P*),u 3H*,6.0,13,6.9845209,4e-07,odd,,no,7.9024681,1.9809825673534074e-08,"ASD 1/sum(Aki), J-resolved",1.9809825673534074e-08,3/6,no,4.580446459999999,4.580446459999999,,,
Fe I,Fe,0,3d6.(1I).4s.4p.(3P*),u 3H*,5.0,11,6.99055915,2.5e-07,odd,,no,7.9024681,1.2607160867372668e-08,"ASD 1/sum(Aki), J-resolved",1.2607160867372668e-08,6/12,no,4.55786445,5.50569476,,,
Fe I,Fe,0,3d6.(1I).4s.4p.(3P*),u 3H*,4.0,9,6.99559552,2.5e-07,odd,,no,7.9024681,1.0393929944912171e-08,"ASD 1/sum(Aki), J-resolved",1.0393929944912171e-08,7/14,no,4.54216508,5.43823819,,,
Fe I,Fe,0,3d6.4s.(6D).5d,5G,6.0,13,6.98550035,2.5e-07,even,,no,7.9024681,,,,,,,,,,
Fe I,Fe,0,3d6.4s.(6D).5d,5G,5.0,11,7.01138503,1.2e-07,even,,no,7.9024681,,,,,,,,,,
Fe I,Fe,0,3d6.4s.(6D).5d,5G,4.0,9,7.02657446,2.5e-07,even,,no,7.9024681,,,,,,,,,,
Fe I,Fe,0,3d6.4s.(6D).5d,5G,3.0,7,7.07399482,2.5e-07,even,,no,7.9024681,,,,,,,,,,
Fe I,Fe,0,3d6.4s.(6D).5d,5G,2.0,5,7.09609215,2.5e-07,even,,no,7.9024681,,,,,,,,,,
Fe I,Fe,0,3d6.4s.(6D).5d,7F,6.0,13,6.9961775,2.5e-07,even,,no,7.9024681,,,,,,,,,,
Fe I,Fe,0,3d6.4s.(6D).5d,7F,5.0,11,7.04760069,1.2e-07,even,,no,7.9024681,,,,,,,,,,
Fe I,Fe,0,3d6.4s.(6D).5d,7F,2.0,5,7.070771,4e-07,even,,no,7.9024681,,,,,,,,,,
Fe I,Fe,0,3d6.4s.(6D).5d,7F,3.0,7,7.07754882,2.5e-07,even,,no,7.9024681,,,,,,,,,,
Fe I,Fe,0,3d6.4s.(6D).5d,7F,1.0,3,7.09360019,2.5e-07,even,,no,7.9024681,,,,,,,,,,
Fe I,Fe,0,3d6.4s.(6D).5d,7F,4.0,9,7.10520213,2.5e-07,even,,no,7.9024681,,,,,,,,,,
Fe I,Fe,0,3d6.4s.(6D).5d,7D,5.0,11,6.99667889,2.5e-07,even,,no,7.9024681,,,,,,,,,,
Fe I,Fe,0,3d6.4s.(6D).5d,7D,4.0,9,6.9991582,2.5e-07,even,,no,7.9024681,,,,,,,,,,
Fe I,Fe,0,3d6.4s.(6D).5d,7D,2.0,5,7.04761036,2.5e-07,even,,no,7.9024681,,,,,,,,,,
Fe I,Fe,0,3d6.4s.(6D).5d,7D,1.0,3,7.06763976,2.5e-07,even,,no,7.9024681,,,,,,,,,,
Fe I,Fe,0,3d6.4s.(6D).5d,7D,3.0,7,7.0758242,2.5e-07,even,,no,7.9024681,,,,,,,,,,
Fe I,Fe,0,3d6.4s.(6D).5d,7P,3.0,7,7.0003978,4e-07,even,,no,7.9024681,,,,,,,,,,
Fe I,Fe,0,3d6.4s.(6D).5d,7P,4.0,9,7.04781667,2.5e-07,even,,no,7.9024681,,,,,,,,,,
Fe I,Fe,0,3d6.4s.(6D).5d,7P,2.0,5,7.10320822,2.5e-07,even,,no,7.9024681,,,,,,,,,,
Fe I,Fe,0,3d6.4s.(6D).5d,7G,7.0,15,7.0095766,4e-07,even,,no,7.9024681,,,,,,,,,,
Fe I,Fe,0,3d6.4s.(6D).5d,7G,6.0,13,7.05159087,2.5e-07,even,,no,7.9024681,,,,,,,,,,
Fe I,Fe,0,3d6.4s.(6D).5d,7G,5.0,11,7.08282336,2.5e-07,even,,no,7.9024681,,,,,,,,,,
Fe I,Fe,0,3d6.4s.(6D).5d,7G,4.0,9,7.08642312,1.2e-07,even,,no,7.9024681,,,,,,,,,,
Fe I,Fe,0,3d6.4s.(6D).5d,7G,1.0,3,7.1068173,4e-07,even,,no,7.9024681,,,,,,,,,,
Fe I,Fe,0,3d6.4s.(6D).5d,7G,3.0,7,7.11190298,2.5e-07,even,,no,7.9024681,,,,,,,,,,
Fe I,Fe,0,3d6.4s.(6D).5d,7G,2.0,5,7.12297453,2.5e-07,even,,no,7.9024681,,,,,,,,,,
Fe I,Fe,0,3d6.4s.(6D).6p,7P*,4.0,9,7.0102645,4e-07,odd,,no,7.9024681,,,,,,,,,,
Fe I,Fe,0,3d6.4s.(6D).6p,7P*,3.0,7,7.05326553,2.5e-07,odd,,no,7.9024681,,,,,,,,,,
Fe I,Fe,0,3d6.4s.(6D).6p,7P*,2.0,5,7.09068259,2.5e-07,odd,,no,7.9024681,,,,,,,,,,
Fe I,Fe,0,3d6.(1G2).4s.4p.(3P*),u 3F*,4.0,9,7.01660092,2.5e-07,odd,,no,7.9024681,9.9000099000099e-09,"ASD 1/sum(Aki), J-resolved",9.9000099000099e-09,6/16,no,3.7651191600000002,5.53173653,,,
Fe I,Fe,0,3d6.(1G2).4s.4p.(3P*),u 3F*,3.0,7,7.04023466,2.5e-07,odd,,no,7.9024681,1.1399908800729593e-08,"ASD 1/sum(Aki), J-resolved",1.1399908800729593e-08,3/21,no,3.7393122200000004,5.55537027,,,
Fe I,Fe,0,3d6.(1G2).4s.4p.(3P*),u 3F*,2.0,5,7.0495745,4e-07,odd,,no,7.9024681,1.1778563015312133e-08,"ASD 1/sum(Aki), J-resolved",1.1778563015312133e-08,2/12,no,3.6346773500000005,5.49221717,,,
Fe I,Fe,0,3d6.4s.(6D).6p,5F*,5.0,11,7.03080715,2.5e-07,odd,,no,7.9024681,,,,,,,,,,
Fe I,Fe,0,3d6.4s.(6D).6p,5F*,4.0,9,7.0750772,4e-07,odd,,no,7.9024681,,,,,,,,,,
Fe I,Fe,0,3d6.4s.(6D).6p,5F*,3.0,7,7.10972855,2.5e-07,odd,,no,7.9024681,,,,,,,,,,
Fe I,Fe,0,3d6.4s.(6D).6p,5F*,1.0,3,7.1348543,4e-07,odd,,no,7.9024681,,,,,,,,,,
Fe I,Fe,0,3d6.4s.(6D).6p,5F*,2.0,5,7.13808188,2.5e-07,odd,,no,7.9024681,,,,,,,,,,
Fe I,Fe,0,3d6.4s.(6D).5d,5S,2.0,5,7.03243444,2.5e-07,even,,no,7.9024681,,,,,,,,,,
Fe I,Fe,0,3d6.4s.(6D).5d,5F,3.0,7,7.03323823,1.2e-07,even,,no,7.9024681,,,,,,,,,,
Fe I,Fe,0,3d6.4s.(6D).5d,5F,5.0,11,7.03757595,2.5e-07,even,,no,7.9024681,,,,,,,,,,
Fe I,Fe,0,3d6.4s.(6D).5d,5F,2.0,5,7.06117448,2.5e-07,even,,no,7.9024681,,,,,,,,,,
Fe I,Fe,0,3d6.4s.(6D).5d,5F,1.0,3,7.07675061,2.5e-07,even,,no,7.9024681,,,,,,,,,,
Fe I,Fe,0,3d6.4s.(6D).5d,5F,4.0,9,7.08262833,2.5e-07,even,,no,7.9024681,,,,,,,,,,
Fe I,Fe,0,3d6.4s.(6D).6p,5D*,4.0,9,7.03391308,2.5e-07,odd,,no,7.9024681,,,,,,,,,,
Fe I,Fe,0,3d6.4s.(6D).6p,5D*,3.0,7,7.08799449,2.5e-07,odd,,no,7.9024681,,,,,,,,,,
Fe I,Fe,0,3d6.4s.(6D).6p,5D*,1.0,3,7.1168348,4e-07,odd,,no,7.9024681,,,,,,,,,,
Fe I,Fe,0,3d6.4s.(6D).6p,5D*,2.0,5,7.11864661,1.2e-07,odd,,no,7.9024681,,,,,,,,,,
Fe I,Fe,0,3d6.4s.(6D).6p,5D*,0.0,1,7.14281882,2.5e-07,odd,,no,7.9024681,,,,,,,,,,
Fe I,Fe,0,3d6.4s.(6D<9/2>).4f,2[11/2]*,6.0,13,7.035967,1.2e-07,odd,,no,7.9024681,,,,,,,,,,
Fe I,Fe,0,3d6.4s.(6D<9/2>).4f,2[11/2]*,5.0,11,7.03623952,1.2e-07,odd,,no,7.9024681,,,,,,,,,,
Fe I,Fe,0,3d6.4s.(6D<9/2>).4f,2[13/2]*,7.0,15,7.03661556,2.5e-07,odd,,no,7.9024681,,,,,,,,,,
Fe I,Fe,0,3d6.4s.(6D<9/2>).4f,2[13/2]*,6.0,13,7.03690953,2.5e-07,odd,,no,7.9024681,,,,,,,,,,
Fe I,Fe,0,3d6.4s.(6D<9/2>).4f,2[9/2]*,5.0,11,7.03668921,1.2e-07,odd,,no,7.9024681,,,,,,,,,,
Fe I,Fe,0,3d6.4s.(6D<9/2>).4f,2[9/2]*,4.0,9,7.03671475,1.2e-07,odd,,no,7.9024681,,,,,,,,,,
Fe I,Fe,0,3d6.4s.(6D<9/2>).4f,2[7/2]*,4.0,9,7.03793414,1.2e-07,odd,,no,7.9024681,,,,,,,,,,
Fe I,Fe,0,3d6.4s.(6D<9/2>).4f,2[7/2]*,3.0,7,7.03809358,1.2e-07,odd,,no,7.9024681,,,,,,,,,,
Fe I,Fe,0,3d6.4s.(6D<9/2>).4f,2[5/2]*,3.0,7,7.03948332,1.2e-07,odd,,no,7.9024681,,,,,,,,,,
Fe I,Fe,0,3d6.4s.(6D<9/2>).4f,2[5/2]*,2.0,5,7.03976551,1.2e-07,odd,,no,7.9024681,,,,,,,,,,
Fe I,Fe,0,3d6.4s.(6D<9/2>).4f,2[15/2]*,7.0,15,7.0396707,4e-07,odd,,no,7.9024681,,,,,,,,,,
Fe I,Fe,0,3d6.4s.(6D<9/2>).4f,2[15/2]*,8.0,17,7.0396729,4e-07,odd,,no,7.9024681,,,,,,,,,,
Fe I,Fe,0,3d6.4s.(6D<9/2>).4f,2[3/2]*,2.0,5,7.04102531,2.5e-07,odd,,no,7.9024681,,,,,,,,,,
Fe I,Fe,0,3d6.4s.(6D<9/2>).4f,2[3/2]*,1.0,3,7.04126386,2.5e-07,odd,,no,7.9024681,,,,,,,,,,
Fe I,Fe,0,3d7.(4F).6s,3F,4.0,9,7.04332745,2.5e-07,even,,no,7.9024681,,,,,,,,,,
Fe I,Fe,0,3d7.(4F).6s,3F,3.0,7,7.0942304,2.5e-07,even,,no,7.9024681,,,,,,,,,,
Fe I,Fe,0,3d7.(4F).6s,3F,2.0,5,7.16515953,2.5e-07,even,,no,7.9024681,,,,,,,,,,
Fe I,Fe,0,3d6.4s.(6D).6p,5P*,3.0,7,7.0511481,4e-07,odd,,no,7.9024681,,,,,,,,,,
Fe I,Fe,0,3d6.4s.(6D).6p,5P*,2.0,5,7.12130446,1.2e-07,odd,,no,7.9024681,,,,,,,,,,
Fe I,Fe,0,3d6.4s.(6D).6p,5P*,1.0,3,7.1590301,4e-07,odd,,no,7.9024681,,,,,,,,,,
Fe I,Fe,0,3d7.(2H).4p,v 1G*,4.0,9,7.0610614,4e-07,odd,,no,7.9024681,7.880841673890772e-09,"ASD 1/sum(Aki), J-resolved",7.880841673890772e-09,3/6,no,3.4878424999999997,5.57619701,,,
Fe I,Fe,0,3d6.(1I).4s.4p.(3P*),x 3I*,7.0,15,7.0705105,4e-07,odd,,no,7.9024681,1.718213058419244e-08,"ASD 1/sum(Aki), J-resolved",1.718213058419244e-08,2/3,no,3.83379042,4.6664360600000006,,,
Fe I,Fe,0,3d6.(1I).4s.4p.(3P*),x 3I*,6.0,13,7.0757994,4e-07,odd,,no,7.9024681,1.737921445950643e-08,"ASD 1/sum(Aki), J-resolved",1.737921445950643e-08,3/7,no,3.80868683,4.671724960000001,,,
Fe I,Fe,0,3d6.(1I).4s.4p.(3P*),x 3I*,5.0,11,7.0800206,9e-07,odd,,no,7.9024681,1.7196904557179706e-08,"ASD 1/sum(Aki), J-resolved",1.7196904557179706e-08,4/9,no,3.77861784,4.62659016,,,
Fe I,Fe,0,3d6.(3D).4s.4p.(1P*),3D*,2.0,5,7.07638759,2.5e-07,odd,,no,7.9024681,,,,,,,,,,
Fe I,Fe,0,3d6.(3D).4s.4p.(1P*),3D*,3.0,7,7.11001619,2.5e-07,odd,,no,7.9024681,,,,,,,,,,
Fe I,Fe,0,3d6.4s.(6D<7/2>).4f,2[9/2]*,5.0,11,7.08517422,1.2e-07,odd,,no,7.9024681,,,,,,,,,,
Fe I,Fe,0,3d6.4s.(6D<7/2>).4f,2[9/2]*,4.0,9,7.08534619,1.2e-07,odd,,no,7.9024681,,,,,,,,,,
Fe I,Fe,0,3d6.4s.(6D<7/2>).4f,2[11/2]*,6.0,13,7.08529672,1.2e-07,odd,,no,7.9024681,,,,,,,,,,
Fe I,Fe,0,3d6.4s.(6D<7/2>).4f,2[11/2]*,5.0,11,7.08542219,1.2e-07,odd,,no,7.9024681,,,,,,,,,,
Fe I,Fe,0,3d6.4s.(6D<7/2>).4f,2[7/2]*,4.0,9,7.08558697,1.2e-07,odd,,no,7.9024681,,,,,,,,,,
Fe I,Fe,0,3d6.4s.(6D<7/2>).4f,2[7/2]*,3.0,7,7.08565999,1.2e-07,odd,,no,7.9024681,,,,,,,,,,
Fe I,Fe,0,3d6.4s.(6D<7/2>).4f,2[5/2]*,3.0,7,7.08567772,2.5e-07,odd,,no,7.9024681,,,,,,,,,,
Fe I,Fe,0,3d6.4s.(6D<7/2>).4f,2[5/2]*,2.0,5,7.08599636,1.2e-07,odd,,no,7.9024681,,,,,,,,,,
Fe I,Fe,0,3d6.4s.(6D<7/2>).4f,2[3/2]*,1.0,3,7.08597801,2.5e-07,odd,,no,7.9024681,,,,,,,,,,
Fe I,Fe,0,3d6.4s.(6D<7/2>).4f,2[3/2]*,2.0,5,7.08622623,2.5e-07,odd,,no,7.9024681,,,,,,,,,,
Fe I,Fe,0,3d6.4s.(6D<7/2>).4f,2[13/2]*,7.0,15,7.08598644,2.5e-07,odd,,no,7.9024681,,,,,,,,,,
Fe I,Fe,0,3d6.4s.(6D<7/2>).4f,2[13/2]*,6.0,13,7.08609009,2.5e-07,odd,,no,7.9024681,,,,,,,,,,
Fe I,Fe,0,3d6.4s.(6D<7/2>).4f,2[1/2]*,1.0,3,7.0863164,4e-07,odd,,no,7.9024681,,,,,,,,,,
Fe I,Fe,0,3d6.4s.(6D<7/2>).4f,2[1/2]*,0.0,1,7.08644816,2.5e-07,odd,,no,7.9024681,,,,,,,,,,
Fe I,Fe,0,3d6.4s.(6D).5d,5P,3.0,7,7.08695439,2.5e-07,even,,no,7.9024681,,,,,,,,,,
Fe I,Fe,0,3d6.4s.(6D).5d,5P,2.0,5,7.11708156,2.5e-07,even,,no,7.9024681,,,,,,,,,,
Fe I,Fe,0,3d6.4s.(6D<5/2>).4f,2[1/2]*,1.0,3,7.1193548,4e-07,odd,,no,7.9024681,,,,,,,,,,
Fe I,Fe,0,3d6.4s.(6D<5/2>).4f,2[3/2]*,1.0,3,7.11997076,2.5e-07,odd,,no,7.9024681,,,,,,,,,,
Fe I,Fe,0,3d6.4s.(6D<5/2>).4f,2[3/2]*,2.0,5,7.12011198,2.5e-07,odd,,no,7.9024681,,,,,,,,,,
Fe I,Fe,0,3d6.4s.(6D<5/2>).4f,2[11/2]*,6.0,13,7.12017248,2.5e-07,odd,,no,7.9024681,,,,,,,,,,
Fe I,Fe,0,3d6.4s.(6D<5/2>).4f,2[11/2]*,5.0,11,7.12030056,1.2e-07,odd,,no,7.9024681,,,,,,,,,,
Fe I,Fe,0,3d6.4s.(6D<5/2>).4f,2[5/2]*,2.0,5,7.12055088,2.5e-07,odd,,no,7.9024681,,,,,,,,,,
Fe I,Fe,0,3d6.4s.(6D<5/2>).4f,2[5/2]*,3.0,7,7.12076562,1.2e-07,odd,,no,7.9024681,,,,,,,,,,
Fe I,Fe,0,3d6.4s.(6D<5/2>).4f,2[7/2]*,4.0,9,7.12137972,1.2e-07,odd,,no,7.9024681,,,,,,,,,,
Fe I,Fe,0,3d6.4s.(6D<5/2>).4f,2[7/2]*,3.0,7,7.12158863,1.2e-07,odd,,no,7.9024681,,,,,,,,,,
Fe I,Fe,0,3d6.4s.(6D<5/2>).4f,2[9/2]*,5.0,11,7.12139546,1.2e-07,odd,,no,7.9024681,,,,,,,,,,
Fe I,Fe,0,3d6.4s.(6D<5/2>).4f,2[9/2]*,4.0,9,7.12155602,1.2e-07,odd,,no,7.9024681,,,,,,,,,,
Fe I,Fe,0,3d6.4s.(6D).5d,7S,3.0,7,7.12143749,2.5e-07,even,,no,7.9024681,,,,,,,,,,
Fe I,Fe,0,3d6.(3D).4s.4p.(3P*),t 3F*,4.0,9,7.1352919,4e-07,odd,,no,7.9024681,9.201324990798675e-09,"ASD 1/sum(Aki), J-resolved",9.201324990798675e-09,6/12,no,4.5761204200000005,5.65042751,,,
Fe I,Fe,0,3d6.(3D).4s.4p.(3P*),t 3F*,3.0,7,7.14657331,2.5e-07,odd,,no,7.9024681,7.903888713246917e-09,"ASD 1/sum(Aki), J-resolved",7.903888713246917e-09,6/22,no,4.558467390000001,5.66170892,,,
Fe I,Fe,0,3d6.(3D).4s.4p.(3P*),t 3F*,2.0,5,7.154972,4e-07,odd,,no,7.9024681,,,,,,,,,,
Fe I,Fe,0,3d6.(3P2).4s.4p.(1P*),3D*,3.0,7,7.1371882,2.5e-07,odd,,no,7.9024681,,,,,,,,,,
Fe I,Fe,0,3d6.4s.(6D<3/2>).4f,2[3/2]*,1.0,3,7.1435987,4e-07,odd,,no,7.9024681,,,,,,,,,,
Fe I,Fe,0,3d6.4s.(6D<3/2>).4f,2[3/2]*,2.0,5,7.14382148,2.5e-07,odd,,no,7.9024681,,,,,,,,,,
Fe I,Fe,0,3d6.4s.(6D<3/2>).4f,2[9/2]*,5.0,11,7.14406771,2.5e-07,odd,,no,7.9024681,,,,,,,,,,
Fe I,Fe,0,3d6.4s.(6D<3/2>).4f,2[9/2]*,4.0,9,7.14420856,2.5e-07,odd,,no,7.9024681,,,,,,,,,,
Fe I,Fe,0,3d6.4s.(6D<3/2>).4f,2[5/2]*,3.0,7,7.14534512,1.2e-07,odd,,no,7.9024681,,,,,,,,,,
Fe I,Fe,0,3d6.4s.(6D<3/2>).4f,2[5/2]*,2.0,5,7.14553841,1.2e-07,odd,,no,7.9024681,,,,,,,,,,
Fe I,Fe,0,3d6.4s.(6D<3/2>).4f,2[7/2]*,4.0,9,7.14660033,1.2e-07,odd,,no,7.9024681,,,,,,,,,,
Fe I,Fe,0,3d6.4s.(6D<3/2>).4f,2[7/2]*,3.0,7,7.14674465,1.2e-07,odd,,no,7.9024681,,,,,,,,,,
Fe I,Fe,0,3d6.4s.(4D).4d,5F,5.0,11,7.149047,4e-07,even,,no,7.9024681,,,,,,,,,,
Fe I,Fe,0,3d6.4s.(4D).4d,5F,4.0,9,7.2058221,4e-07,even,,no,7.9024681,,,,,,,,,,
Fe I,Fe,0,3d6.4s.(4D).4d,5F,3.0,7,7.2074595,4e-07,even,,no,7.9024681,,,,,,,,,,
Fe I,Fe,0,3d6.4s.(4D).4d,5F,1.0,3,7.2361423,6e-07,even,,no,7.9024681,,,,,,,,,,
Fe I,Fe,0,3d6.4s.(4D).4d,5F,2.0,5,7.2546114,5e-07,even,,no,7.9024681,,,,,,,,,,
Fe I,Fe,0,3d6.(5D).4s (4D).4d,i 5D,4.0,9,7.15357742,2.5e-07,even,,no,7.9024681,1.6231131309852296e-08,"ASD 1/sum(Aki), J-resolved",1.6231131309852296e-08,2/16,no,3.9423880400000004,4.70401764,,,
Fe I,Fe,0,3d6.(5D).4s (4D).4d,i 5D,3.0,7,7.16801526,2.5e-07,even,,no,7.9024681,7.905138339920949e-09,"ASD 1/sum(Aki), J-resolved",7.905138339920949e-09,4/18,no,3.92704612,4.29251174,,,
Fe I,Fe,0,3d6.(5D).4s (4D).4d,i 5D,2.0,5,7.1878769,4e-07,even,,no,7.9024681,1.360544217687075e-07,"ASD 1/sum(Aki), J-resolved",1.360544217687075e-07,3/14,no,3.03352311,4.73831712,,,
Fe I,Fe,0,3d6.(5D).4s (4D).4d,i 5D,1.0,3,7.2261963,4e-07,even,,no,7.9024681,,,,,,,,,,
Fe I,Fe,0,3d6.4s.(6D<1/2>).4f,2[5/2]*,3.0,7,7.15922602,2.5e-07,odd,,no,7.9024681,,,,,,,,,,
Fe I,Fe,0,3d6.4s.(6D<1/2>).4f,2[5/2]*,2.0,5,7.15926544,2.5e-07,odd,,no,7.9024681,,,,,,,,,,
Fe I,Fe,0,3d6.4s.(6D<1/2>).4f,2[7/2]*,4.0,9,7.15923606,1.2e-07,odd,,no,7.9024681,,,,,,,,,,
Fe I,Fe,0,3d6.4s.(6D<1/2>).4f,2[7/2]*,3.0,7,7.15945911,1.2e-07,odd,,no,7.9024681,,,,,,,,,,
Fe I,Fe,0,3d6.4s.(4D).5p,5D*,4.0,9,7.16180142,2.5e-07,odd,,no,7.9024681,,,,,,,,,,
Fe I,Fe,0,3d6.4s.(4D).5p,5D*,3.0,7,7.19523772,1.2e-07,odd,,no,7.9024681,,,,,,,,,,
Fe I,Fe,0,3d6.4s.(4D).5p,5D*,2.0,5,7.23206872,2.5e-07,odd,,no,7.9024681,,,,,,,,,,
Fe I,Fe,0,3d6.4s.(4D).5p,5D*,1.0,3,7.2555557,1.1e-06,odd,,no,7.9024681,,,,,,,,,,
Fe I,Fe,0,3d6.(5D).4s (6D).7s,7D,5.0,11,7.1783195,6e-07,even,,no,7.9024681,,,,,,,,,,
Fe I,Fe,0,3d6.4s.(4D).5p,3F*,4.0,9,7.1808243,4e-07,odd,,no,7.9024681,,,,,,,,,,
Fe I,Fe,0,3d6.4s.(4D).5p,3F*,2.0,5,7.31035581,2.5e-07,odd,,no,7.9024681,,,,,,,,,,
Fe I,Fe,0,3d6.4s.(4D).5p,3F*,3.0,7,7.3261802,4e-07,odd,,no,7.9024681,,,,,,,,,,
Fe I,Fe,0,3d6.4s.(4D).5p,3P*,2.0,5,7.1910167,1.1e-06,odd,,no,7.9024681,,,,,,,,,,
Fe I,Fe,0,3d6.4s.(4D).5p,3P*,1.0,3,7.35769434,2.5e-07,odd,,no,7.9024681,,,,,,,,,,
Fe I,Fe,0,3d6.(5D).4s (4D).4d,g 5G,6.0,13,7.19132379,2.5e-07,even,,no,7.9024681,5.3475935828877005e-08,"ASD 1/sum(Aki), J-resolved",5.3475935828877005e-08,2/8,no,3.0136270000000005,4.792119080000001,,,
Fe I,Fe,0,3d6.(5D).4s (4D).4d,g 5G,5.0,11,7.2247405,4e-07,even,,no,7.9024681,1.0101010101010101e-07,"ASD 1/sum(Aki), J-resolved",1.0101010101010101e-07,1/9,no,3.0043783900000003,4.37351631,,,
Fe I,Fe,0,3d6.(5D).4s (4D).4d,g 5G,4.0,9,7.2555755,2.5e-07,even,,no,7.9024681,2.1276595744680852e-07,"ASD 1/sum(Aki), J-resolved",2.1276595744680852e-07,1/8,no,2.1917937700000003,4.04438612,,,
Fe I,Fe,0,3d6.(5D).4s (4D).4d,g 5G,3.0,7,7.2791181,4e-07,even,,no,7.9024681,3.0303030303030305e-07,"ASD 1/sum(Aki), J-resolved",3.0303030303030305e-07,1/10,no,2.19352793,4.03814896,,,
Fe I,Fe,0,3d6.(5D).4s (4D).4d,g 5G,2.0,5,7.2933513,4e-07,even,,no,7.9024681,7.936507936507937e-08,"ASD 1/sum(Aki), J-resolved",7.936507936507937e-08,2/8,no,2.9920731400000005,4.010326470000001,,,
Fe I,Fe,0,3d6.(3H).4s.4p.(1P*),3G*,5.0,11,7.1933848,4e-07,odd,,no,7.9024681,,,,,,,,,,
Fe I,Fe,0,3d6.(3H).4s.4p.(1P*),3G*,4.0,9,7.2325702,4e-07,odd,,no,7.9024681,,,,,,,,,,
Fe I,Fe,0,3d6.(3H).4s.4p.(1P*),3G*,3.0,7,7.2655167,4e-07,odd,,no,7.9024681,,,,,,,,,,
Fe I,Fe,0,3d6.4s.(4D).5p,3D*,2.0,5,7.2074803,2.5e-07,odd,,no,7.9024681,,,,,,,,,,
Fe I,Fe,0,3d6.4s.(4D).5p,3D*,3.0,7,7.2253354,4e-07,odd,,no,7.9024681,,,,,,,,,,
Fe I,Fe,0,3d6.4s.(4D).5p,3D*,1.0,3,7.24004041,2.5e-07,odd,,no,7.9024681,,,,,,,,,,
Fe I,Fe,0,3d6.4s.(4D).5p,5F*,5.0,11,7.20931005,2.5e-07,odd,,no,7.9024681,,,,,,,,,,
Fe I,Fe,0,3d6.4s.(4D).5p,5F*,4.0,9,7.25075723,2.5e-07,odd,,no,7.9024681,,,,,,,,,,
Fe I,Fe,0,3d6.4s.(4D).5p,5F*,3.0,7,7.28501741,2.5e-07,odd,,no,7.9024681,,,,,,,,,,
Fe I,Fe,0,3d6.4s.(4D).5p,5F*,2.0,5,7.30342758,2.5e-07,odd,,no,7.9024681,,,,,,,,,,
Fe I,Fe,0,3d6.4s.(4D).5p,5F*,1.0,3,7.31227831,2.5e-07,odd,,no,7.9024681,,,,,,,,,,
Fe I,Fe,0,3d6.4s.(6D).7s,7D,4.0,9,7.2156217,4e-07,even,,no,7.9024681,,,,,,,,,,
Fe I,Fe,0,3d6.4s.(6D).7s,7D,3.0,7,7.2506341,4e-07,even,,no,7.9024681,,,,,,,,,,
Fe I,Fe,0,3d6.4s.(6D).7s,7D,2.0,5,7.2758644,4e-07,even,,no,7.9024681,,,,,,,,,,
Fe I,Fe,0,3d6.4s.(6D).7s,7D,1.0,3,7.2852593,4e-07,even,,no,7.9024681,,,,,,,,,,
Fe I,Fe,0,3d6.4s.(4D).4d,5P,2.0,5,7.21750752,2.5e-07,even,,no,7.9024681,3.0303030303030305e-07,"ASD 1/sum(Aki), J-resolved",3.0303030303030305e-07,1/16,no,2.6589847099999995,3.97653838,,,
Fe I,Fe,0,3d6.4s.(4D).4d,5P,3.0,7,7.2508259,4e-07,even,,no,7.9024681,,,,,,,,,,
Fe I,Fe,0,3d6.4s.(6D).7s,5D,4.0,9,7.2309299,4e-07,even,,no,7.9024681,,,,,,,,,,
Fe I,Fe,0,3d6.4s.(6D).7s,5D,3.0,7,7.28561601,2.5e-07,even,,no,7.9024681,,,,,,,,,,
Fe I,Fe,0,3d6.4s.(6D).7s,5D,2.0,5,7.3195016,5e-07,even,,no,7.9024681,,,,,,,,,,
Fe I,Fe,0,3d6.4s.(6D).7s,5D,1.0,3,7.32912,5e-07,even,,no,7.9024681,,,,,,,,,,
Fe I,Fe,0,3d6.4s.(4D).4d,3G,5.0,11,7.2521129,4e-07,even,,no,7.9024681,,,,,,,,,,
Fe I,Fe,0,3d6.4s.(4D).4d,3G,4.0,9,7.3107624,4e-07,even,,no,7.9024681,,,,,,,,,,
Fe I,Fe,0,3d7.(4F).5d,5F,5.0,11,7.26438371,2.5e-07,even,,no,7.9024681,,,,,,,,,,
Fe I,Fe,0,3d7.(4F).5d,5F,4.0,9,7.26449133,2.5e-07,even,,no,7.9024681,,,,,,,,,,
Fe I,Fe,0,,58661e,4.0,9,7.2731583,4e-07,even,,no,7.9024681,,,,,,,,,,
Fe I,Fe,0,3d6.4s.(4D).5p,5P*,3.0,7,7.27470577,2.5e-07,odd,,no,7.9024681,,,,,,,,,,
Fe I,Fe,0,3d6.4s.(4D).5p,5P*,2.0,5,7.32812275,2.5e-07,odd,,no,7.9024681,,,,,,,,,,
Fe I,Fe,0,3d6.4s.(4D).5p,5P*,1.0,3,7.3597266,4e-07,odd,,no,7.9024681,,,,,,,,,,
Fe I,Fe,0,3d6.4s.(4D).4d,3D,3.0,7,7.2756807,4e-07,even,,no,7.9024681,,,,,,,,,,
Fe I,Fe,0,3d6.4s.(4D).4d,3D,1.0,3,7.3108215,5e-07,even,,no,7.9024681,,,,,,,,,,
Fe I,Fe,0,3d6.4s.(4D).4d,3D,2.0,5,7.31256608,2.5e-07,even,,no,7.9024681,,,,,,,,,,
Fe I,Fe,0,3d7.(4F<9/2>).4f,2[11/2]*,6.0,13,7.2779394,2.5e-07,odd,,no,7.9024681,,,,,,,,,,
Fe I,Fe,0,3d7.(4F<9/2>).4f,2[11/2]*,5.0,11,7.27797585,2.5e-07,odd,,no,7.9024681,,,,,,,,,,
Fe I,Fe,0,3d7.(4F<9/2>).4f,2[13/2]*,6.0,13,7.27820485,2.5e-07,odd,,no,7.9024681,,,,,,,,,,
Fe I,Fe,0,3d7.(4F<9/2>).4f,2[13/2]*,7.0,15,7.27862478,2.5e-07,odd,,no,7.9024681,,,,,,,,,,
Fe I,Fe,0,3d7.(4F<9/2>).4f,2[9/2]*,4.0,9,7.27848158,2.5e-07,odd,,no,7.9024681,,,,,,,,,,
Fe I,Fe,0,3d7.(4F<9/2>).4f,2[9/2]*,5.0,11,7.2787878,4e-07,odd,,no,7.9024681,,,,,,,,,,
Fe I,Fe,0,3d7.(4F).5d,5H,7.0,15,7.279213,6e-06,even,,no,7.9024681,,,,,,,,,,
Fe I,Fe,0,3d7.(4F<9/2>).4f,2[7/2]*,4.0,9,7.2792669,4e-07,odd,,no,7.9024681,,,,,,,,,,
Fe I,Fe,0,3d7.(4F<9/2>).4f,2[7/2]*,3.0,7,7.27968857,2.5e-07,odd,,no,7.9024681,,,,,,,,,,
Fe I,Fe,0,3d7.(4F<9/2>).4f,2[15/2]*,8.0,17,7.2801659,4e-07,odd,,no,7.9024681,,,,,,,,,,
Fe I,Fe,0,3d7.(4F<9/2>).4f,2[15/2]*,7.0,15,7.28067,4e-07,odd,,no,7.9024681,,,,,,,,,,
Fe I,Fe,0,3d7.(4F<9/2>).4f,2[5/2]*,3.0,7,7.28023311,2.5e-07,odd,,no,7.9024681,,,,,,,,,,
Fe I,Fe,0,3d7.(4F<9/2>).4f,2[5/2]*,2.0,5,7.28075992,2.5e-07,odd,,no,7.9024681,,,,,,,,,,
Fe I,Fe,0,3d6.(3H).4s.4p.(1P*),3I*,7.0,15,7.28931061,2.5e-07,odd,,no,7.9024681,2.702702702702703e-09,"ASD 1/sum(Aki), J-resolved",2.702702702702703e-09,1/3,no,4.885236170000001,4.885236170000001,,,
Fe I,Fe,0,3d6.(3H).4s.4p.(1P*),3I*,6.0,13,7.3084633,4e-07,odd,,no,7.9024681,2.0052135552436334e-09,"ASD 1/sum(Aki), J-resolved",2.0052135552436334e-09,3/9,no,4.8757686,4.904388859999999,,,
Fe I,Fe,0,3d6.(3H).4s.4p.(1P*),3I*,5.0,11,7.3257089,4e-07,odd,,no,7.9024681,2.0038072337441137e-09,"ASD 1/sum(Aki), J-resolved",2.0038072337441137e-09,3/8,no,4.87227846,4.8930142000000005,,,
Fe I,Fe,0,3d7.(4F).5d,3G,5.0,11,7.291761,6e-06,even,,no,7.9024681,,,,,,,,,,
Fe I,Fe,0,3d7.(4F).5d,3G,4.0,9,7.340389,6e-06,even,,no,7.9024681,,,,,,,,,,
Fe I,Fe,0,,58831e,3.0,7,7.2941429,4e-07,even,,no,7.9024681,,,,,,,,,,
Fe I,Fe,0,,58906e,4.0,9,7.30346725,2.5e-07,even,,no,7.9024681,,,,,,,,,,
Fe I,Fe,0,3d6.4s.(4D).4d,5S,2.0,5,7.3053924,4e-07,even,,no,7.9024681,,,,,,,,,,
Fe I,Fe,0,,59077e,1.0,3,7.3246249,4e-07,even,,no,7.9024681,,,,,,,,,,
Fe I,Fe,0,3d6.4s.(6D<9/2>).6d,2[11/2],6.0,13,7.3304509,1.7e-06,even,,no,7.9024681,,,,,,,,,,
Fe I,Fe,0,3d6.4s.(6D<9/2>).6d,2[11/2],5.0,11,7.3377221,2.5e-06,even,,no,7.9024681,,,,,,,,,,
Fe I,Fe,0,3d6.4s.(6D<9/2>).6d,2[9/2],5.0,11,7.3307827,2.5e-06,even,,no,7.9024681,,,,,,,,,,
Fe I,Fe,0,3d6.4s.(6D<9/2>).6d,2[9/2],4.0,9,7.331633,4e-06,even,,no,7.9024681,,,,,,,,,,
Fe I,Fe,0,3d6.4s.(6D<9/2>).6d,2[13/2],6.0,13,7.3332153,2.5e-06,even,,no,7.9024681,,,,,,,,,,
Fe I,Fe,0,3d6.4s.(6D<9/2>).6d,2[13/2],7.0,15,7.3372775,1.2e-06,even,,no,7.9024681,,,,,,,,,,
Fe I,Fe,0,3d6.4s.(4D).4d,3S,1.0,3,7.3342434,9e-07,even,,no,7.9024681,,,,,,,,,,
Fe I,Fe,0,3d6.4s.(6D<9/2>).6d,2[5/2],3.0,7,7.3419976,1.4e-06,even,,no,7.9024681,,,,,,,,,,
Fe I,Fe,0,3d6.4s.(6D<9/2>).6d,2[7/2],4.0,9,7.344264,6e-06,even,,no,7.9024681,,,,,,,,,,
Fe I,Fe,0,3d6.4s.(6D<9/2>).6d,2[7/2],3.0,7,7.3462361,2.5e-06,even,,no,7.9024681,,,,,,,,,,
Fe I,Fe,0,3d7.(4F<7/2>).4f,2[9/2]*,4.0,9,7.34758864,2.5e-07,odd,,no,7.9024681,,,,,,,,,,
Fe I,Fe,0,3d7.(4F<7/2>).4f,2[9/2]*,5.0,11,7.34790914,2.5e-07,odd,,no,7.9024681,,,,,,,,,,
Fe I,Fe,0,3d7.(4F<7/2>).4f,2[11/2]*,6.0,13,7.34779,4e-07,odd,,no,7.9024681,,,,,,,,,,
Fe I,Fe,0,3d7.(4F<7/2>).4f,2[11/2]*,5.0,11,7.34792662,2.5e-07,odd,,no,7.9024681,,,,,,,,,,
Fe I,Fe,0,3d7.(4F<7/2>).4f,2[7/2]*,3.0,7,7.34798266,2.5e-07,odd,,no,7.9024681,,,,,,,,,,
Fe I,Fe,0,3d7.(4F<7/2>).4f,2[7/2]*,4.0,9,7.34801576,2.5e-07,odd,,no,7.9024681,,,,,,,,,,
Fe I,Fe,0,3d7.(4F<7/2>).4f,2[5/2]*,2.0,5,7.34856303,2.5e-07,odd,,no,7.9024681,,,,,,,,,,
Fe I,Fe,0,3d7.(4F<7/2>).4f,2[5/2]*,3.0,7,7.3487069,4e-07,odd,,no,7.9024681,,,,,,,,,,
Fe I,Fe,0,3d7.(4F<7/2>).4f,2[13/2]*,7.0,15,7.3487778,5e-07,odd,,no,7.9024681,,,,,,,,,,
Fe I,Fe,0,3d7.(4F<7/2>).4f,2[13/2]*,6.0,13,7.3489321,5e-07,odd,,no,7.9024681,,,,,,,,,,
Fe I,Fe,0,3d6.4s.(6D<9/2>).5f,2[11/2]*,6.0,13,7.3491091,4e-07,odd,,no,7.9024681,,,,,,,,,,
Fe I,Fe,0,3d6.4s.(6D<9/2>).5f,2[13/2]*,6.0,13,7.349273,4e-07,odd,,no,7.9024681,,,,,,,,,,
Fe I,Fe,0,3d6.4s.(6D<9/2>).5f,2[13/2]*,7.0,15,7.3494681,4e-07,odd,,no,7.9024681,,,,,,,,,,
Fe I,Fe,0,3d7.(4F<7/2>).4f,2[3/2]*,2.0,5,7.349317,4e-07,odd,,no,7.9024681,,,,,,,,,,
Fe I,Fe,0,3d6.4s.(6D<9/2>).5f,2[15/2]*,7.0,15,7.351069,2.5e-06,odd,,no,7.9024681,,,,,,,,,,
Fe I,Fe,0,3d6.4s.(6D<9/2>).5f,2[15/2]*,8.0,17,7.3510758,4e-07,odd,,no,7.9024681,,,,,,,,,,
Fe I,Fe,0,3d6.4s.(4D).4d,3F,4.0,9,7.352499,1.1e-06,even,,no,7.9024681,,,,,,,,,,
Fe I,Fe,0,3d6.4s.(4D).4d,3F,3.0,7,7.379876,4e-07,even,,no,7.9024681,,,,,,,,,,
Fe I,Fe,0,3d6.4s.(4D).4d,3F,2.0,5,7.416184,4e-07,even,,no,7.9024681,,,,,,,,,,
Fe I,Fe,0,3d6.4s.(6D<9/2>).5g,2[13/2],6.0,13,7.3559386,5e-07,even,,no,7.9024681,,,,,,,,,,
Fe I,Fe,0,3d6.4s.(6D<9/2>).5g,2[13/2],7.0,15,7.355939,5e-07,even,,no,7.9024681,,,,,,,,,,
Fe I,Fe,0,3d6.4s.(6D<9/2>).5g,2[11/2],5.0,11,7.3559695,4e-07,even,,no,7.9024681,,,,,,,,,,
Fe I,Fe,0,3d6.4s.(6D<9/2>).5g,2[11/2],6.0,13,7.3559696,5e-07,even,,no,7.9024681,,,,,,,,,,
Fe I,Fe,0,3d6.4s.(6D<9/2>).5g,2[15/2],8.0,17,7.3561403,6e-07,even,,no,7.9024681,,,,,,,,,,
Fe I,Fe,0,3d6.4s.(6D<9/2>).5g,2[15/2],7.0,15,7.3561404,5e-07,even,,no,7.9024681,,,,,,,,,,
Fe I,Fe,0,3d6.4s.(6D<9/2>).5g,2[9/2],5.0,11,7.3561424,5e-07,even,,no,7.9024681,,,,,,,,,,
Fe I,Fe,0,3d6.4s.(6D<9/2>).5g,2[9/2],4.0,9,7.3561426,5e-07,even,,no,7.9024681,,,,,,,,,,
Fe I,Fe,0,3d6.4s.(6D<9/2>).5g,2[7/2],4.0,9,7.3563866,5e-07,even,,no,7.9024681,,,,,,,,,,
Fe I,Fe,0,3d6.4s.(6D<9/2>).5g,2[7/2],3.0,7,7.3563868,5e-07,even,,no,7.9024681,,,,,,,,,,
Fe I,Fe,0,3d6.4s.(6D<9/2>).5g,2[5/2],3.0,7,7.3566421,4e-07,even,,no,7.9024681,,,,,,,,,,
Fe I,Fe,0,3d6.4s.(6D<9/2>).5g,2[5/2],2.0,5,7.3566422,6e-07,even,,no,7.9024681,,,,,,,,,,
Fe I,Fe,0,3d6.4s.(6D<9/2>).5g,2[17/2],8.0,17,7.3566917,2.5e-06,even,,no,7.9024681,,,,,,,,,,
Fe I,Fe,0,3d6.4s.(6D<9/2>).5g,2[17/2],9.0,19,7.3566929,2.5e-06,even,,no,7.9024681,,,,,,,,,,
Fe I,Fe,0,3d6.4s.(6D<9/2>).5g,2[3/2],1.0,3,7.3568605,6e-07,even,,no,7.9024681,,,,,,,,,,
Fe I,Fe,0,3d6.4s.(6D<9/2>).5g,2[3/2],2.0,5,7.3568609,6e-07,even,,no,7.9024681,,,,,,,,,,
Fe I,Fe,0,3d6.4s.(6D<9/2>).5g,2[1/2],1.0,3,7.3570065,9e-07,even,,no,7.9024681,,,,,,,,,,
Fe I,Fe,0,3d6.4s.(6D<9/2>).5g,2[1/2],0.0,1,7.3570083,1.9e-06,even,,no,7.9024681,,,,,,,,,,
Fe I,Fe,0,,59390e,3.0,7,7.3635064,9e-07,even,,no,7.9024681,,,,,,,,,,
Fe I,Fe,0,3d6.4s.(6D<7/2>).6d,2[9/2],5.0,11,7.3725361,1.6e-06,even,,no,7.9024681,,,,,,,,,,
Fe I,Fe,0,3d6.4s.(6D<7/2>).6d,2[9/2],4.0,9,7.381131,4e-06,even,,no,7.9024681,,,,,,,,,,
Fe I,Fe,0,3d6.4s.(6D<7/2>).6d,2[7/2],4.0,9,7.374038,4e-06,even,,no,7.9024681,,,,,,,,,,
Fe I,Fe,0,3d6.4s.(6D<7/2>).6d,2[7/2],3.0,7,7.3795772,1.4e-06,even,,no,7.9024681,,,,,,,,,,
Fe I,Fe,0,3d6.(3P2).4s.4p.(1P*),3S*,1.0,3,7.3771377,4e-07,odd,,no,7.9024681,,,,,,,,,,
Fe I,Fe,0,3d6.4s.(6D<7/2>).6d,2[5/2],2.0,5,7.378812,4e-06,even,,no,7.9024681,,,,,,,,,,
Fe I,Fe,0,3d6.4s.(6D<7/2>).6d,2[5/2],3.0,7,7.3818449,1.9e-06,even,,no,7.9024681,,,,,,,,,,
Fe I,Fe,0,3d6.(5D).4p2.(3P),7F,5.0,11,7.380021,6e-06,even,,no,7.9024681,,,,,,,,,,
Fe I,Fe,0,3d6.(5D).4p2.(3P),7F,4.0,9,7.3974805,2.1e-06,even,,no,7.9024681,,,,,,,,,,
Fe I,Fe,0,3d6.(5D).4p2.(3P),7F,2.0,5,7.5051495,1.2e-06,even,,no,7.9024681,,,,,,,,,,
Fe I,Fe,0,3d6.4s.(6D<7/2>).6d,2[11/2],6.0,13,7.3821585,1.9e-06,even,,no,7.9024681,,,,,,,,,,
Fe I,Fe,0,3d6.4s.(6D<7/2>).6d,2[11/2],5.0,11,7.384043,4e-06,even,,no,7.9024681,,,,,,,,,,
Fe I,Fe,0,3d6.4s.(6D<7/2>).6d,2[3/2],2.0,5,7.3856611,2.2e-06,even,,no,7.9024681,,,,,,,,,,
Fe I,Fe,0,3d6.4s.(6D<7/2>).6d,2[3/2],1.0,3,7.388324,5e-06,even,,no,7.9024681,,,,,,,,,,
Fe I,Fe,0,3d6.4s.(6D<7/2>).5f,2[11/2]*,5.0,11,7.3973888,4e-07,odd,,no,7.9024681,,,,,,,,,,
Fe I,Fe,0,3d6.4s.(6D<7/2>).5f,2[13/2]*,7.0,15,7.3980136,4e-07,odd,,no,7.9024681,,,,,,,,,,
Fe I,Fe,0,3d6.4s.(6D<7/2>).5f,2[13/2]*,6.0,13,7.3981475,1.1e-06,odd,,no,7.9024681,,,,,,,,,,
Fe I,Fe,0,3d7.(4F<5/2>).4f,2[7/2]*,4.0,9,7.39831901,2.5e-07,odd,,no,7.9024681,,,,,,,,,,
Fe I,Fe,0,3d7.(4F<5/2>).4f,2[7/2]*,3.0,7,7.3983804,6e-07,odd,,no,7.9024681,,,,,,,,,,
Fe I,Fe,0,3d7.(4F<5/2>).4f,2[9/2]*,5.0,11,7.3983355,4e-07,odd,,no,7.9024681,,,,,,,,,,
Fe I,Fe,0,3d7.(4F<5/2>).4f,2[9/2]*,4.0,9,7.3985231,4e-07,odd,,no,7.9024681,,,,,,,,,,
Fe I,Fe,0,3d7.(4F<5/2>).4f,2[5/2]*,3.0,7,7.39928211,2.5e-07,odd,,no,7.9024681,,,,,,,,,,
Fe I,Fe,0,3d7.(4F<5/2>).4f,2[5/2]*,2.0,5,7.3994149,6e-07,odd,,no,7.9024681,,,,,,,,,,
Fe I,Fe,0,3d7.(4F<5/2>).4f,2[11/2]*,5.0,11,7.3996464,5e-07,odd,,no,7.9024681,,,,,,,,,,
Fe I,Fe,0,3d7.(4F<5/2>).4f,2[3/2]*,2.0,5,7.40029668,2.5e-07,odd,,no,7.9024681,,,,,,,,,,
Fe I,Fe,0,3d6.4s.(6D<7/2>).5g,2[11/2],5.0,11,7.4039391,4e-07,even,,no,7.9024681,,,,,,,,,,
Fe I,Fe,0,3d6.4s.(6D<7/2>).5g,2[11/2],6.0,13,7.4039392,5e-07,even,,no,7.9024681,,,,,,,,,,
Fe I,Fe,0,3d6.4s.(6D<7/2>).5g,2[9/2],5.0,11,7.4039569,5e-07,even,,no,7.9024681,,,,,,,,,,
Fe I,Fe,0,3d6.4s.(6D<7/2>).5g,2[9/2],4.0,9,7.4039579,5e-07,even,,no,7.9024681,,,,,,,,,,
Fe I,Fe,0,3d6.4s.(6D<7/2>).5g,2[13/2],6.0,13,7.4039747,5e-07,even,,no,7.9024681,,,,,,,,,,
Fe I,Fe,0,3d6.4s.(6D<7/2>).5g,2[13/2],7.0,15,7.4039753,6e-07,even,,no,7.9024681,,,,,,,,,,
Fe I,Fe,0,3d6.4s.(6D<7/2>).5g,2[7/2],3.0,7,7.4040042,5e-07,even,,no,7.9024681,,,,,,,,,,
Fe I,Fe,0,3d6.4s.(6D<7/2>).5g,2[7/2],4.0,9,7.4040052,5e-07,even,,no,7.9024681,,,,,,,,,,
Fe I,Fe,0,3d6.4s.(6D<7/2>).5g,2[5/2],2.0,5,7.404059,5e-07,even,,no,7.9024681,,,,,,,,,,
Fe I,Fe,0,3d6.4s.(6D<7/2>).5g,2[5/2],3.0,7,7.4040596,5e-07,even,,no,7.9024681,,,,,,,,,,
Fe I,Fe,0,3d6.4s.(6D<7/2>).5g,2[15/2],7.0,15,7.4040814,1.2e-06,even,,no,7.9024681,,,,,,,,,,
Fe I,Fe,0,3d6.4s.(6D<7/2>).5g,2[15/2],8.0,17,7.4040815,9e-07,even,,no,7.9024681,,,,,,,,,,
Fe I,Fe,0,3d6.4s.(6D<7/2>).5g,2[3/2],2.0,5,7.404105,1.6e-06,even,,no,7.9024681,,,,,,,,,,
Fe I,Fe,0,3d6.4s.(6D<7/2>).5g,2[3/2],1.0,3,7.404105,1.9e-06,even,,no,7.9024681,,,,,,,,,,
Fe I,Fe,0,3d6.4s.(6D<5/2>).6d,2[9/2],5.0,11,7.4041781,1.2e-06,even,,no,7.9024681,,,,,,,,,,
Fe I,Fe,0,3d6.4s.(6D<5/2>).6d,2[9/2],4.0,9,7.4050683,1.6e-06,even,,no,7.9024681,,,,,,,,,,
Fe I,Fe,0,3d6.4s.(6D<5/2>).6d,2[1/2],1.0,3,7.405473,4e-06,even,,no,7.9024681,,,,,,,,,,
Fe I,Fe,0,3d6.4s.(6D<5/2>).6d,2[3/2],1.0,3,7.4101537,2.5e-06,even,,no,7.9024681,,,,,,,,,,
Fe I,Fe,0,3d6.4s.(6D<5/2>).6d,2[3/2],2.0,5,7.4118354,1.2e-06,even,,no,7.9024681,,,,,,,,,,
Fe I,Fe,0,3d6.4s.(6D<5/2>).6d,2[5/2],3.0,7,7.4168171,2.1e-06,even,,no,7.9024681,,,,,,,,,,
Fe I,Fe,0,3d6.4s.(6D<5/2>).6d,2[5/2],2.0,5,7.4196563,1.7e-06,even,,no,7.9024681,,,,,,,,,,
Fe I,Fe,0,3d6.4s.(6D<5/2>).6d,2[7/2],4.0,9,7.424005,5e-06,even,,no,7.9024681,,,,,,,,,,
Fe I,Fe,0,3d6.4s.(6D<5/2>).6d,2[7/2],3.0,7,7.425004,4e-06,even,,no,7.9024681,,,,,,,,,,
Fe I,Fe,0,3d7.(4F<3/2>).4f,2[7/2]*,4.0,9,7.4324836,2.5e-07,odd,,no,7.9024681,,,,,,,,,,
Fe I,Fe,0,3d7.(4F<3/2>).4f,2[7/2]*,3.0,7,7.4325209,4e-07,odd,,no,7.9024681,,,,,,,,,,
Fe I,Fe,0,3d7.(4F<3/2>).4f,2[5/2]*,2.0,5,7.4325757,4e-07,odd,,no,7.9024681,,,,,,,,,,
Fe I,Fe,0,3d7.(4F<3/2>).4f,2[5/2]*,3.0,7,7.4331667,4e-07,odd,,no,7.9024681,,,,,,,,,,
Fe I,Fe,0,3d7.(4F<3/2>).4f,2[9/2]*,5.0,11,7.4341523,2.5e-07,odd,,no,7.9024681,,,,,,,,,,
Fe I,Fe,0,3d7.(4F<3/2>).4f,2[9/2]*,4.0,9,7.4342111,4e-07,odd,,no,7.9024681,,,,,,,,,,
Fe I,Fe,0,3d6.4s.(6D<3/2>).6d,2[1/2],1.0,3,7.4351489,2.5e-06,even,,no,7.9024681,,,,,,,,,,
Fe I,Fe,0,3d6.4s.(6D<5/2>).5g,2[3/2],2.0,5,7.4388198,6e-07,even,,no,7.9024681,,,,,,,,,,
Fe I,Fe,0,3d6.4s.(6D<5/2>).5g,2[3/2],1.0,3,7.4388203,1.7e-06,even,,no,7.9024681,,,,,,,,,,
Fe I,Fe,0,3d6.4s.(6D<5/2>).5g,2[13/2],6.0,13,7.438954,5e-07,even,,no,7.9024681,,,,,,,,,,
Fe I,Fe,0,3d6.4s.(6D<5/2>).5g,2[13/2],7.0,15,7.4389546,9e-07,even,,no,7.9024681,,,,,,,,,,
Fe I,Fe,0,3d6.4s.(6D<5/2>).5g,2[5/2],2.0,5,7.4389768,7e-07,even,,no,7.9024681,,,,,,,,,,
Fe I,Fe,0,3d6.4s.(6D<5/2>).5g,2[5/2],3.0,7,7.4389773,6e-07,even,,no,7.9024681,,,,,,,,,,
Fe I,Fe,0,3d6.4s.(6D<3/2>).6d,2[3/2],1.0,3,7.439026,4e-06,even,,no,7.9024681,,,,,,,,,,
Fe I,Fe,0,3d6.4s.(6D<3/2>).6d,2[3/2],2.0,5,7.443396,4e-06,even,,no,7.9024681,,,,,,,,,,
Fe I,Fe,0,3d6.4s.(6D<5/2>).5g,2[7/2],3.0,7,7.4391399,2.5e-06,even,,no,7.9024681,,,,,,,,,,
Fe I,Fe,0,3d6.4s.(6D<5/2>).5g,2[7/2],4.0,9,7.4391406,9e-07,even,,no,7.9024681,,,,,,,,,,
Fe I,Fe,0,3d6.4s.(6D<5/2>).5g,2[11/2],5.0,11,7.4392182,5e-07,even,,no,7.9024681,,,,,,,,,,
Fe I,Fe,0,3d6.4s.(6D<5/2>).5g,2[11/2],6.0,13,7.4392189,5e-07,even,,no,7.9024681,,,,,,,,,,
Fe I,Fe,0,3d6.4s.(6D<5/2>).5g,2[9/2],4.0,9,7.4392457,9e-07,even,,no,7.9024681,,,,,,,,,,
Fe I,Fe,0,3d6.4s.(6D<5/2>).5g,2[9/2],5.0,11,7.4392477,5e-07,even,,no,7.9024681,,,,,,,,,,
Fe I,Fe,0,3d6.4s.(6D<3/2>).6d,2[5/2],3.0,7,7.4484653,1.5e-06,even,,no,7.9024681,,,,,,,,,,
Fe I,Fe,0,3d6.4s.(6D<3/2>).6d,2[5/2],2.0,5,7.4496531,2e-06,even,,no,7.9024681,,,,,,,,,,
Fe I,Fe,0,3d6.(3F2).4s.4p.(1P*),3F*,4.0,9,7.4509047,4e-07,odd,,no,7.9024681,,,,,,,,,,
Fe I,Fe,0,3d6.(3F2).4s.4p.(1P*),3F*,3.0,7,7.4604347,4e-07,odd,,no,7.9024681,,,,,,,,,,
Fe I,Fe,0,3d6.4s.(6D<3/2>).6d,2[7/2],3.0,7,7.4510813,1.6e-06,even,,no,7.9024681,,,,,,,,,,
Fe I,Fe,0,3d6.4s.(6D<1/2>).6d,2[3/2],2.0,5,7.4549963,2.5e-06,even,,no,7.9024681,,,,,,,,,,
Fe I,Fe,0,3d6.4s.(6D<1/2>).6d,2[3/2],1.0,3,7.4611526,2e-06,even,,no,7.9024681,,,,,,,,,,
Fe I,Fe,0,3d6.4s.(6D<3/2>).5g,2[5/2],2.0,5,7.462873,2.5e-06,even,,no,7.9024681,,,,,,,,,,
Fe I,Fe,0,3d6.4s.(6D<3/2>).5g,2[5/2],3.0,7,7.4628742,2.5e-06,even,,no,7.9024681,,,,,,,,,,
Fe I,Fe,0,3d6.4s.(6D<3/2>).5g,2[11/2],5.0,11,7.4630639,6e-07,even,,no,7.9024681,,,,,,,,,,
Fe I,Fe,0,3d6.4s.(6D<3/2>).5g,2[11/2],6.0,13,7.4630644,9e-07,even,,no,7.9024681,,,,,,,,,,
Fe I,Fe,0,3d6.4s.(6D<3/2>).5g,2[7/2],4.0,9,7.4634065,9e-07,even,,no,7.9024681,,,,,,,,,,
Fe I,Fe,0,3d6.4s.(6D<3/2>).5g,2[7/2],3.0,7,7.4634066,1.2e-06,even,,no,7.9024681,,,,,,,,,,
Fe I,Fe,0,3d6.4s.(6D<3/2>).5g,2[9/2],4.0,9,7.4635935,4e-07,even,,no,7.9024681,,,,,,,,,,
Fe I,Fe,0,3d6.4s.(6D<3/2>).5g,2[9/2],5.0,11,7.4635938,7e-07,even,,no,7.9024681,,,,,,,,,,
Fe I,Fe,0,3d6.4s.(4D).4d,3P,1.0,3,7.4657386,4e-07,even,,no,7.9024681,,,,,,,,,,
Fe I,Fe,0,3d6.(3F2).4s.4p.(1P*),r 3G*,5.0,11,7.470565,4e-07,odd,,no,7.9024681,,,,,,,,,,
Fe I,Fe,0,3d6.(3F2).4s.4p.(1P*),r 3G*,4.0,9,7.4968489,5e-07,odd,,no,7.9024681,,,,,,,,,,
Fe I,Fe,0,3d6.(3F2).4s.4p.(1P*),r 3G*,3.0,7,7.5089311,6e-07,odd,,no,7.9024681,1.879699248120301e-09,"ASD 1/sum(Aki), J-resolved",1.879699248120301e-09,2/9,no,4.90042916,4.94975962,,,
Fe I,Fe,0,3d6.4s.(6D<1/2>).5g,2[9/2],5.0,11,7.4774486,2.5e-06,even,,no,7.9024681,,,,,,,,,,
Fe I,Fe,0,3d6.4s.(6D<1/2>).5g,2[9/2],4.0,9,7.4774503,1.2e-06,even,,no,7.9024681,,,,,,,,,,
Fe I,Fe,0,3d6.4s.(6D<1/2>).5g,2[7/2],4.0,9,7.4774517,7e-07,even,,no,7.9024681,,,,,,,,,,
Fe I,Fe,0,3d6.4s.(6D<1/2>).5g,2[7/2],3.0,7,7.4774524,6e-07,even,,no,7.9024681,,,,,,,,,,
Fe I,Fe,0,3d6.(3H).4s.4p.(1P*),t 3H*,6.0,13,7.4843851,5e-07,odd,,no,7.9024681,2.0995171110644553e-09,"ASD 1/sum(Aki), J-resolved",2.0995171110644553e-09,3/6,no,5.08031066,5.08031066,,,
Fe I,Fe,0,3d6.(3H).4s.4p.(1P*),t 3H*,5.0,11,7.5071336,5e-07,odd,,no,7.9024681,2.0981955518254303e-09,"ASD 1/sum(Aki), J-resolved",2.0981955518254303e-09,3/11,no,5.0744389000000005,6.02226921,,,
Fe I,Fe,0,3d6.(3H).4s.4p.(1P*),t 3H*,4.0,9,7.5329818,4e-07,odd,,no,7.9024681,4.856726566294318e-09,"ASD 1/sum(Aki), J-resolved",4.856726566294318e-09,3/13,no,4.23157904,6.67398605,,,
Fe I,Fe,0,3d6.(3F2).4s.4p.(1P*),3D*,3.0,7,7.5390662,4e-07,odd,,no,7.9024681,,,,,,,,,,
Fe I,Fe,0,,61724e,4.0,9,7.6529034,5e-07,even,,no,7.9024681,,,,,,,,,,
Fe I,Fe,0,,62079e,6.0,13,7.696855,5e-07,even,,no,7.9024681,,,,,,,,,,
Fe I,Fe,0,,62192e,5.0,11,7.7109164,1.2e-06,even,,no,7.9024681,,,,,,,,,,
Fe I,Fe,0,,62377e,4.0,9,7.733844,4e-06,even,,no,7.9024681,,,,,,,,,,
Fe I,Fe,0,3d6.(3G).4s.4p.(1P*),3H*,6.0,13,7.8154377,6e-07,odd,,no,7.9024681,,,,,,,,,,
