conf_i,term_i,J_i,g_i,E_i_eV,conf_k,term_k,J_k,g_k,E_k_eV,dE_eV,lambda_vac_nm,Aki_s-1,f_ik,gf,sigma_int_cm2Hz
3d6.4s2,a 5D,4.0,9.0,0.0,3d6.4s2,a 5D,3.0,7.0,0.051569,0.051569,24042.33355,0.00251,1.6918e-08,1.5226e-07,4.49e-10
3d6.4s2,a 5D,4.0,9.0,0.0,3d7.(4F).4s,a 5F,5.0,11.0,0.858996,0.858996,1443.36219,0.002,7.6347e-11,6.8712e-10,2.0262e-12
3d6.4s2,a 5D,4.0,9.0,0.0,3d7.(4F).4s,a 5F,4.0,9.0,0.914602,0.914602,1355.60796,0.0015,4.1326e-11,3.7193e-10,1.0968e-12
3d6.4s2,a 5D,4.0,9.0,0.0,3d7.(4P).4s,a 5P,3.0,7.0,2.175945,2.175945,569.79469,0.12,4.5429e-10,4.0886e-09,1.2057e-11
3d6.4s2,a 5D,4.0,9.0,0.0,3d7.(4P).4s,a 5P,2.0,5.0,2.197866,2.197866,564.11162,0.14,3.7106e-10,3.3395e-09,9.848e-12
3d6.4s2,a 5D,4.0,9.0,0.0,3d6.4s2,a 3P2,2.0,5.0,2.278605,2.278605,544.12334,0.0053,1.3069e-11,1.1763e-10,3.4686e-13
3d6.4s2,a 5D,4.0,9.0,0.0,3d6.(5D).4s.4p.(3P*),z 7D*,5.0,11.0,2.399205,2.399205,516.77207,1450.0,7.0954e-06,6.3858e-05,1.8831e-07
3d6.4s2,a 5D,4.0,9.0,0.0,3d6.(5D).4s.4p.(3P*),z 7D*,4.0,9.0,2.425433,2.425433,511.1837,4930.0,1.9313e-05,0.00017382,5.1258e-07
3d6.4s2,a 5D,4.0,9.0,0.0,3d6.(5D).4s.4p.(3P*),z 7D*,3.0,7.0,2.44956,2.44956,506.1489,138.0,4.1224e-07,3.7102e-06,1.0941e-08
3d6.4s2,a 5D,4.0,9.0,0.0,3d6.4s2,a 3H,4.0,9.0,2.45343,2.45343,505.35037,0.0082,3.1395e-11,2.8255e-10,8.3322e-13
3d6.4s2,a 5D,4.0,9.0,0.0,3d6.4s2,b 3F2,4.0,9.0,2.559171,2.559171,484.47007,0.42,1.4779e-09,1.3301e-08,3.9223e-11
3d6.4s2,a 5D,4.0,9.0,0.0,3d6.4s2,b 3F2,3.0,7.0,2.588106,2.588106,479.0538,0.039,1.0436e-10,9.3927e-10,2.7698e-12
3d6.4s2,a 5D,4.0,9.0,0.0,3d6.(5D).4s.4p.(3P*),z 7F*,5.0,11.0,2.832527,2.832527,437.71589,29500.0,0.00010357,0.00093209,2.7486e-06
3d6.4s2,a 5D,4.0,9.0,0.0,3d6.(5D).4s.4p.(3P*),z 7F*,4.0,9.0,2.851224,2.851224,434.84549,123.0,3.4869e-07,3.1382e-06,9.2541e-09
3d6.4s2,a 5D,4.0,9.0,0.0,3d6.(5D).4s.4p.(3P*),z 7P*,4.0,9.0,2.939846,2.939846,421.73707,18400.0,4.9064e-05,0.00044157,1.3022e-06
3d6.4s2,a 5D,4.0,9.0,0.0,3d6.(5D).4s.4p.(3P*),z 7P*,3.0,7.0,2.998045,2.998045,413.55019,1060.0,2.1139e-06,1.9025e-05,5.6102e-08
3d6.4s2,a 5D,4.0,9.0,0.0,3d6.(5D).4s.4p.(3P*),z 5D*,4.0,9.0,3.211189,3.211189,386.10055,9690000.0,0.021656,0.19491,0.00057476
3d6.4s2,a 5D,4.0,9.0,0.0,3d6.(5D).4s.4p.(3P*),z 5D*,3.0,7.0,3.240969,3.240969,382.55285,2830000.0,0.0048293,0.043464,0.00012817
3d6.4s2,a 5D,4.0,9.0,0.0,3d7.(2D2).4s,a 3D,3.0,7.0,3.251482,3.251482,381.31599,0.014,2.3736e-11,2.1363e-10,6.2996e-13
3d6.4s2,a 5D,4.0,9.0,0.0,3d7.(2D2).4s,a 3D,3.0,7.0,3.251482,3.251482,381.31599,0.007,1.1868e-11,1.0681e-10,3.1498e-13
3d6.4s2,a 5D,4.0,9.0,0.0,3d6.(5D).4s.4p.(3P*),z 5F*,5.0,11.0,3.33202,3.33202,372.09925,16200000.0,0.0411,0.3699,0.0010908
3d6.4s2,a 5D,4.0,9.0,0.0,3d6.(5D).4s.4p.(3P*),z 5F*,4.0,9.0,3.368256,3.368256,368.09608,1380000.0,0.0028032,0.025229,7.4398e-05
3d6.4s2,a 5D,4.0,9.0,0.0,3d6.(5D).4s.4p.(3P*),z 5F*,3.0,7.0,3.396509,3.396509,365.03423,45000.0,6.9919e-05,0.00062927,1.8556e-06
3d6.4s2,a 5D,4.0,9.0,0.0,3d6.(5D).4s.4p.(3P*),z 5P*,3.0,7.0,3.602525,3.602525,344.15916,17100000.0,0.023617,0.21256,0.0006268
3d6.4s2,a 5D,4.0,9.0,0.0,3d6.4s2,b 3D,3.0,7.0,3.641641,3.641641,340.46248,0.18,2.4329e-10,2.1896e-09,6.4569e-12
3d6.4s2,a 5D,4.0,9.0,0.0,3d6.(5D).4s.4p.(3P*),z 3F*,4.0,9.0,3.881604,3.881604,319.41488,443000.0,0.0006776,0.0060984,1.7984e-05
3d6.4s2,a 5D,4.0,9.0,0.0,3d6.(5D).4s.4p.(3P*),z 3D*,3.0,7.0,3.883509,3.883509,319.25817,237000.0,0.00028167,0.0025351,7.4756e-06
3d6.4s2,a 5D,4.0,9.0,0.0,3d6.(5D).4s.4p.(3P*),z 3F*,3.0,7.0,3.943326,3.943326,314.41527,12700.0,1.4639e-05,0.00013176,3.8853e-07
3d6.4s2,a 5D,4.0,9.0,0.0,3d7.(4F).4p,y 5D*,4.0,9.0,4.103374,4.103374,302.15186,75900000.0,0.10388,0.93496,0.0027571
3d6.4s2,a 5D,4.0,9.0,0.0,3d7.(4F).4p,y 5D*,3.0,7.0,4.154354,4.154354,298.44401,27900000.0,0.028976,0.26079,0.00076903
3d6.4s2,a 5D,4.0,9.0,0.0,3d7.(4F).4p,y 5F*,5.0,11.0,4.177697,4.177697,296.77644,27200000.0,0.043897,0.39508,0.001165
3d6.4s2,a 5D,4.0,9.0,0.0,3d7.(4F).4p,y 5F*,4.0,9.0,4.220362,4.220362,293.77621,14000000.0,0.018114,0.16303,0.00048075
3d6.4s2,a 5D,4.0,9.0,0.0,3d7.(4F).4p,y 5F*,3.0,7.0,4.256223,4.256223,291.30101,2610000.0,0.0025825,0.023242,6.8539e-05
3d6.4s2,a 5D,4.0,9.0,0.0,3d7.(4F).4p,z 5G*,5.0,11.0,4.312471,4.312471,287.50155,930000.0,0.0014086,0.012677,3.7383e-05
3d6.4s2,a 5D,4.0,9.0,0.0,3d7.(4F).4p,z 5G*,4.0,9.0,4.371351,4.371351,283.62901,324000.0,0.00039076,0.0035168,1.0371e-05
3d6.4s2,a 5D,4.0,9.0,0.0,3d7.(4F).4p,z 3G*,5.0,11.0,4.386463,4.386463,282.65189,87900.0,0.00012868,0.0011581,3.4151e-06
3d6.4s2,a 5D,4.0,9.0,0.0,3d7.(4F).4p,z 5G*,3.0,7.0,4.415279,4.415279,280.80718,167000.0,0.00015355,0.0013819,4.0752e-06
3d6.4s2,a 5D,4.0,9.0,0.0,3d7.(4F).4p,z 3G*,4.0,9.0,4.434613,4.434613,279.58292,92900.0,0.00010887,0.0009798,2.8893e-06
3d6.4s2,a 5D,4.0,9.0,0.0,3d7.(4F).4p,y 3F*,4.0,9.0,4.548506,4.548506,272.58224,31000.0,3.4532e-05,0.00031078,9.1647e-07
3d6.4s2,a 5D,4.0,9.0,0.0,3d6.(5D).4s.4p.(1P*),y 5P*,3.0,7.0,4.558523,4.558523,271.98328,142000000.0,0.12249,1.1024,0.0032508
3d6.4s2,a 5D,4.0,9.0,0.0,3d7.(4F).4p,y 3F*,3.0,7.0,4.607593,4.607593,269.08668,253000.0,0.00021361,0.0019225,5.6692e-06
3d6.4s2,a 5D,4.0,9.0,0.0,3d7.(4F).4p,y 3D*,3.0,7.0,4.733141,4.733141,261.9491,521000.0,0.00041686,0.0037517,1.1063e-05
3d6.4s2,a 5D,4.0,9.0,0.0,3d6.(5D).4s.4p.(1P*),x 5D*,4.0,9.0,4.912974,4.912974,252.36081,213000000.0,0.20337,1.8303,0.0053974
3d6.4s2,a 5D,4.0,9.0,0.0,3d6.(5D).4s.4p.(1P*),x 5D*,3.0,7.0,4.95563,4.95563,250.18856,67500000.0,0.049267,0.4434,0.0013075
3d6.4s2,a 5D,4.0,9.0,0.0,3d5.(6S).4s2.4p,y 7P*,3.0,7.0,4.985044,4.985044,248.71235,3080000.0,0.0022216,0.019994,5.8961e-05
3d6.4s2,a 5D,4.0,9.0,0.0,3d6.(5D).4s.4p.(1P*),x 5F*,5.0,11.0,4.991271,4.991271,248.40207,480000000.0,0.5427,4.8843,0.014403
3d6.4s2,a 5D,4.0,9.0,0.0,3d5.(6S).4s2.4p,y 7P*,4.0,9.0,5.011682,5.011682,247.39041,2750000.0,0.0025232,0.022709,6.6967e-05
3d6.4s2,a 5D,4.0,9.0,0.0,3d6.(5D).4s.4p.(1P*),x 5F*,4.0,9.0,5.033068,5.033068,246.3392,58500000.0,0.053221,0.47899,0.0014125
3d6.4s2,a 5D,4.0,9.0,0.0,3d6.(5D).4s.4p.(1P*),x 5F*,3.0,7.0,5.063782,5.063782,244.84507,3300000.0,0.0023068,0.020761,6.1223e-05
3d6.4s2,a 5D,4.0,9.0,0.0,3d6.(3P2).4s.4p.(3P*),x 5P*,3.0,7.0,5.273388,5.273388,235.11299,161000.0,0.00010378,0.00093398,2.7542e-06
3d6.4s2,a 5D,4.0,9.0,0.0,3d6.(3P2).4s.4p.(3P*),w 5D*,4.0,9.0,5.393251,5.393251,229.88767,30900000.0,0.024482,0.22034,0.00064976
3d6.4s2,a 5D,4.0,9.0,0.0,3d6.(3P2).4s.4p.(3P*),w 5D*,3.0,7.0,5.445717,5.445717,227.67287,12500000.0,0.0075552,0.067997,0.00020052
3d6.4s2,a 5D,4.0,9.0,0.0,3d6.(3F2).4s.4p.(3P*),w 5F*,5.0,11.0,5.485518,5.485518,226.02096,5660000.0,0.0052981,0.047683,0.00014061
3d6.4s2,a 5D,4.0,9.0,0.0,3d6.(3F2).4s.4p.(3P*),w 5F*,4.0,9.0,5.506767,5.506767,225.14879,1230000.0,0.00093477,0.0084129,2.4809e-05
3d6.4s2,a 5D,4.0,9.0,0.0,3d7.(4P).4p,w 5P*,3.0,7.0,5.720271,5.720271,216.74532,270000000.0,0.1479,1.3311,0.0039254
3d6.4s2,a 5D,4.0,9.0,0.0,3d7.(4P).4p,u 5D*,3.0,7.0,5.79564,5.79564,213.92666,2800000.0,0.0014942,0.013448,3.9656e-05
3d6.4s2,a 5D,4.0,9.0,0.0,3d6.(3F2).4s.4p.(3P*),x 3F*,4.0,9.0,5.813513,5.813513,213.26899,7600000.0,0.0051824,0.046641,0.00013754
3d6.4s2,a 5D,4.0,9.0,0.0,3d6.(5D).4s (6D).5p,u 5F*,3.0,7.0,6.39995,6.39995,193.72683,22000000.0,0.0096276,0.086648,0.00025552
3d6.4s2,a 5D,4.0,9.0,0.0,3d6.(5D).4s (6D).5p,u 5P*,3.0,7.0,6.408992,6.408992,193.45349,25000000.0,0.01091,0.098186,0.00028954
3d6.4s2,a 5D,3.0,7.0,0.051569,3d6.4s2,a 5D,2.0,5.0,0.087286,0.035717,34713.30669,0.00156,2.013e-08,1.4091e-07,5.3426e-10
3d6.4s2,a 5D,3.0,7.0,0.051569,3d7.(4F).4s,a 5F,3.0,7.0,0.958157,0.906588,1367.59113,0.0017,4.7667e-11,3.3367e-10,1.2651e-12
3d6.4s2,a 5D,3.0,7.0,0.051569,3d7.(4F).4s,a 5F,2.0,5.0,0.990111,0.938542,1321.02979,0.0011,2.0557e-11,1.439e-10,5.4557e-13
3d6.4s2,a 5D,3.0,7.0,0.051569,3d7.(4P).4s,a 5P,3.0,7.0,2.175945,2.124376,583.62643,0.09,4.5959e-10,3.2171e-09,1.2198e-11
3d6.4s2,a 5D,3.0,7.0,0.051569,3d7.(4P).4s,a 5P,2.0,5.0,2.197866,2.146297,577.66554,0.0096,3.4305e-11,2.4013e-10,9.1045e-13
3d6.4s2,a 5D,3.0,7.0,0.051569,3d7.(4P).4s,a 5P,1.0,3.0,2.222712,2.171143,571.05497,0.15,3.1429e-10,2.2e-09,8.3412e-12
3d6.4s2,a 5D,3.0,7.0,0.051569,3d6.4s2,a 3P2,2.0,5.0,2.278605,2.227036,556.72303,0.36,1.1948e-09,8.3639e-09,3.1711e-11
3d6.4s2,a 5D,3.0,7.0,0.051569,3d6.(5D).4s.4p.(3P*),z 7D*,3.0,7.0,2.44956,2.397991,517.0337,3830.0,1.535e-05,0.00010745,4.0738e-07
3d6.4s2,a 5D,3.0,7.0,0.051569,3d6.4s2,a 3H,4.0,9.0,2.45343,2.401861,516.20049,0.0015,7.7043e-12,5.393e-11,2.0447e-13
3d6.4s2,a 5D,3.0,7.0,0.051569,3d6.(5D).4s.4p.(3P*),z 7D*,2.0,5.0,2.468835,2.417266,512.91094,38.0,1.0705e-07,7.4937e-07,2.8412e-09
3d6.4s2,a 5D,3.0,7.0,0.051569,3d6.4s2,b 3F2,4.0,9.0,2.559171,2.507602,494.43325,0.077,3.6284e-10,2.5399e-09,9.6297e-12
3d6.4s2,a 5D,3.0,7.0,0.051569,3d6.4s2,b 3F2,3.0,7.0,2.588106,2.536537,488.79322,0.23,8.2383e-10,5.7668e-09,2.1864e-11
3d6.4s2,a 5D,3.0,7.0,0.051569,3d6.4s2,b 3F2,2.0,5.0,2.608502,2.556933,484.89424,0.025,6.2946e-11,4.4062e-10,1.6706e-12
3d6.4s2,a 5D,3.0,7.0,0.051569,3d7.(4P).4s,b 3P,2.0,5.0,2.831591,2.780022,445.98279,0.03,6.3898e-11,4.4729e-10,1.6959e-12
3d6.4s2,a 5D,3.0,7.0,0.051569,3d7.(4P).4s,b 3P,2.0,5.0,2.831591,2.780022,445.98279,0.003,6.3898e-12,4.4729e-11,1.6959e-13
3d6.4s2,a 5D,3.0,7.0,0.051569,3d6.(5D).4s.4p.(3P*),z 7F*,4.0,9.0,2.851224,2.799655,442.85526,34100.0,0.00012891,0.00090236,3.4212e-06
3d6.4s2,a 5D,3.0,7.0,0.051569,3d6.(5D).4s.4p.(3P*),z 7F*,3.0,7.0,2.865391,2.813822,440.62557,295.0,8.5866e-07,6.0106e-06,2.2789e-08
3d6.4s2,a 5D,3.0,7.0,0.051569,3d6.(5D).4s.4p.(3P*),z 7F*,2.0,5.0,2.875504,2.823934,439.04773,1810.0,3.7362e-06,2.6154e-05,9.916e-08
3d6.4s2,a 5D,3.0,7.0,0.051569,3d6.(5D).4s.4p.(3P*),z 7P*,4.0,9.0,2.939846,2.888277,429.26703,3350.0,1.1899e-05,8.3292e-05,3.1579e-07
3d6.4s2,a 5D,3.0,7.0,0.051569,3d6.(5D).4s.4p.(3P*),z 7P*,3.0,7.0,2.998045,2.946476,420.78813,5900.0,1.5662e-05,0.00010963,4.1566e-07
3d6.4s2,a 5D,3.0,7.0,0.051569,3d6.(5D).4s.4p.(3P*),z 5D*,4.0,9.0,3.211189,3.15962,392.40221,1080000.0,0.0032055,0.022438,8.5073e-05
3d6.4s2,a 5D,3.0,7.0,0.051569,3d6.(5D).4s.4p.(3P*),z 5D*,3.0,7.0,3.240969,3.1894,388.73831,5290000.0,0.011985,0.083893,0.00031808
3d6.4s2,a 5D,3.0,7.0,0.051569,3d6.(5D).4s.4p.(3P*),z 5D*,2.0,5.0,3.265706,3.214137,385.74647,4640000.0,0.0073936,0.051755,0.00019623
3d6.4s2,a 5D,3.0,7.0,0.051569,3d6.(5D).4s.4p.(3P*),z 5F*,4.0,9.0,3.368256,3.316687,373.81938,14100000.0,0.037979,0.26585,0.001008
3d6.4s2,a 5D,3.0,7.0,0.051569,3d6.(5D).4s.4p.(3P*),z 5F*,3.0,7.0,3.396509,3.34494,370.66199,3210000.0,0.0066118,0.046283,0.00017548
3d6.4s2,a 5D,3.0,7.0,0.051569,3d6.(5D).4s.4p.(3P*),z 5F*,2.0,5.0,3.416953,3.365384,368.41029,265000.0,0.00038516,0.0026961,1.0222e-05
3d6.4s2,a 5D,3.0,7.0,0.051569,3d6.(5D).4s.4p.(3P*),z 5P*,3.0,7.0,3.602525,3.550956,349.15724,6140000.0,0.011222,0.078554,0.00029783
3d6.4s2,a 5D,3.0,7.0,0.051569,3d6.4s2,b 3D,2.0,5.0,3.639772,3.588203,345.53282,0.021,2.6849e-11,1.8794e-10,7.1257e-13
3d6.4s2,a 5D,3.0,7.0,0.051569,3d6.4s2,b 3D,3.0,7.0,3.641641,3.590071,345.35301,0.052,9.298e-11,6.5086e-10,2.4677e-12
3d6.4s2,a 5D,3.0,7.0,0.051569,3d6.(5D).4s.4p.(3P*),z 5P*,2.0,5.0,3.653693,3.602124,344.19746,12400000.0,0.015731,0.11012,0.00041751
3d6.4s2,a 5D,3.0,7.0,0.051569,3d6.(5D).4s.4p.(3P*),z 3F*,4.0,9.0,3.881604,3.830035,323.71561,218000.0,0.00044034,0.0030824,1.1687e-05
3d6.4s2,a 5D,3.0,7.0,0.051569,3d6.(5D).4s.4p.(3P*),z 3D*,3.0,7.0,3.883509,3.83194,323.55465,115000.0,0.00018049,0.0012634,4.7902e-06
3d6.4s2,a 5D,3.0,7.0,0.051569,3d6.(5D).4s.4p.(3P*),z 3D*,2.0,5.0,3.928607,3.877038,319.79106,194000.0,0.00021245,0.0014872,5.6385e-06
3d6.4s2,a 5D,3.0,7.0,0.051569,3d6.(5D).4s.4p.(3P*),z 3F*,3.0,7.0,3.943326,3.891757,318.58154,235000.0,0.00035758,0.002503,9.4901e-06
3d6.4s2,a 5D,3.0,7.0,0.051569,3d6.(5D).4s.4p.(3P*),z 3F*,2.0,5.0,3.984107,3.932538,315.27781,13700.0,1.4583e-05,0.00010208,3.8703e-07
3d6.4s2,a 5D,3.0,7.0,0.051569,3d7.(4F).4p,y 5D*,4.0,9.0,4.103374,4.051805,305.99748,16300000.0,0.029419,0.20593,0.00078078
3d6.4s2,a 5D,3.0,7.0,0.051569,3d7.(4F).4p,y 5D*,3.0,7.0,4.154354,4.102785,302.19524,45500000.0,0.062294,0.43606,0.0016533
3d6.4s2,a 5D,3.0,7.0,0.051569,3d7.(4F).4p,y 5D*,2.0,5.0,4.190861,4.139292,299.52999,43900000.0,0.042177,0.29524,0.0011194
3d6.4s2,a 5D,3.0,7.0,0.051569,3d6.(5D).4s.4p.(3P*),z 3P*,2.0,5.0,4.208883,4.157314,298.23149,6530000.0,0.0062194,0.043536,0.00016506
3d6.4s2,a 5D,3.0,7.0,0.051569,3d7.(4F).4p,y 5F*,4.0,9.0,4.220362,4.168793,297.4103,18300000.0,0.031201,0.21841,0.00082807
3d6.4s2,a 5D,3.0,7.0,0.051569,3d7.(4F).4p,y 5F*,3.0,7.0,4.256223,4.204654,294.87375,18300000.0,0.023855,0.16699,0.00063312
3d6.4s2,a 5D,3.0,7.0,0.051569,3d7.(4F).4p,y 5F*,2.0,5.0,4.283308,4.231739,292.98639,5100000.0,0.0046881,0.032817,0.00012442
3d6.4s2,a 5D,3.0,7.0,0.051569,3d7.(4F).4p,z 5G*,4.0,9.0,4.371351,4.319782,287.01495,925000.0,0.0014688,0.010281,3.8981e-05
3d6.4s2,a 5D,3.0,7.0,0.051569,3d7.(4F).4p,z 5G*,3.0,7.0,4.415279,4.36371,284.12568,412000.0,0.00049863,0.0034904,1.3234e-05
3d6.4s2,a 5D,3.0,7.0,0.051569,3d7.(4F).4p,z 3G*,4.0,9.0,4.434613,4.383044,282.87238,148000.0,0.00022827,0.0015979,6.0583e-06
3d6.4s2,a 5D,3.0,7.0,0.051569,3d7.(4F).4p,z 5G*,2.0,5.0,4.445627,4.394058,282.16331,61000.0,5.2007e-05,0.00036405,1.3803e-06
3d6.4s2,a 5D,3.0,7.0,0.051569,3d7.(4F).4p,z 3G*,3.0,7.0,4.473272,4.421703,280.39921,60000.0,7.0724e-05,0.00049507,1.877e-06
3d6.4s2,a 5D,3.0,7.0,0.051569,3d7.(4F).4p,y 3F*,4.0,9.0,4.548506,4.496937,275.70811,656000.0,0.00096118,0.0067283,2.551e-05
3d6.4s2,a 5D,3.0,7.0,0.051569,3d6.(5D).4s.4p.(1P*),y 5P*,3.0,7.0,4.558523,4.506954,275.09535,27400000.0,0.031087,0.21761,0.00082504
3d6.4s2,a 5D,3.0,7.0,0.051569,3d6.(5D).4s.4p.(1P*),y 5P*,2.0,5.0,4.606951,4.555382,272.17081,104000000.0,0.082499,0.57749,0.0021895
3d6.4s2,a 5D,3.0,7.0,0.051569,3d7.(4F).4p,y 3D*,3.0,7.0,4.733141,4.681572,264.83456,520000.0,0.00054678,0.0038275,1.4512e-05
3d6.4s2,a 5D,3.0,7.0,0.051569,3d7.(4F).4p,y 3D*,2.0,5.0,4.795466,4.743897,261.35519,507000.0,0.00037085,0.002596,9.8424e-06
3d6.4s2,a 5D,3.0,7.0,0.051569,3d6.(5D).4s.4p.(1P*),x 5D*,4.0,9.0,4.912974,4.861404,255.03782,23100000.0,0.028962,0.20273,0.00076865
3d6.4s2,a 5D,3.0,7.0,0.051569,3d6.(5D).4s.4p.(1P*),x 5D*,3.0,7.0,4.95563,4.904061,252.81944,193000000.0,0.18494,1.2946,0.0049084
3d6.4s2,a 5D,3.0,7.0,0.051569,3d5.(6S).4s2.4p,y 7P*,3.0,7.0,4.985044,4.933475,251.31211,2000000.0,0.0018937,0.013256,5.0259e-05
3d6.4s2,a 5D,3.0,7.0,0.051569,3d6.(5D).4s.4p.(1P*),x 5D*,2.0,5.0,4.98805,4.936481,251.15908,129000000.0,0.08714,0.60998,0.0023127
3d6.4s2,a 5D,3.0,7.0,0.051569,3d5.(6S).4s2.4p,y 7P*,4.0,9.0,5.011682,4.960112,249.96247,59000.0,7.1057e-05,0.0004974,1.8858e-06
3d6.4s2,a 5D,3.0,7.0,0.051569,3d6.(5D).4s.4p.(1P*),x 5F*,4.0,9.0,5.033068,4.981499,248.88934,420000000.0,0.50149,3.5105,0.01331
3d6.4s2,a 5D,3.0,7.0,0.051569,3d6.(5D).4s.4p.(1P*),x 5F*,3.0,7.0,5.063782,5.012213,247.3642,130000000.0,0.11926,0.83479,0.003165
3d6.4s2,a 5D,3.0,7.0,0.051569,3d6.(5D).4s.4p.(1P*),x 5F*,2.0,5.0,5.08559,5.034021,246.29257,11000000.0,0.0071454,0.050018,0.00018964
3d6.4s2,a 5D,3.0,7.0,0.051569,3d6.(3P2).4s.4p.(3P*),x 5P*,3.0,7.0,5.273388,5.221819,237.4349,6530000.0,0.005519,0.038633,0.00014647
3d6.4s2,a 5D,3.0,7.0,0.051569,3d6.(3P2).4s.4p.(3P*),w 5D*,4.0,9.0,5.393251,5.341682,232.10703,14100000.0,0.014642,0.10249,0.0003886
3d6.4s2,a 5D,3.0,7.0,0.051569,3d6.(3P2).4s.4p.(3P*),w 5D*,3.0,7.0,5.445717,5.394148,229.84947,14400000.0,0.011405,0.079838,0.0003027
3d6.4s2,a 5D,3.0,7.0,0.051569,3d6.(3F2).4s.4p.(3P*),v 5D*,4.0,9.0,5.458097,5.406528,229.32313,2960000.0,0.0030005,0.021003,7.9633e-05
3d6.4s2,a 5D,3.0,7.0,0.051569,3d6.(3P2).4s.4p.(3P*),w 5D*,2.0,5.0,5.478072,5.426503,228.47902,12900000.0,0.0072113,0.050479,0.00019139
3d6.4s2,a 5D,3.0,7.0,0.051569,3d6.(3F2).4s.4p.(3P*),w 5F*,4.0,9.0,5.506767,5.455198,227.27716,2920000.0,0.0029074,0.020352,7.7161e-05
3d6.4s2,a 5D,3.0,7.0,0.051569,3d7.(4P).4p,y 5S*,2.0,5.0,5.518761,5.467192,226.77856,4570000.0,0.0025168,0.017618,6.6796e-05
3d6.4s2,a 5D,3.0,7.0,0.051569,3d6.(3F2).4s.4p.(3P*),w 5F*,3.0,7.0,5.523662,5.472092,226.57548,1430000.0,0.0011006,0.0077041,2.9209e-05
3d6.4s2,a 5D,3.0,7.0,0.051569,3d6.(3F2).4s.4p.(3P*),v 5D*,2.0,5.0,5.53764,5.48607,225.99819,1300000.0,0.00071102,0.0049772,1.8871e-05
3d6.4s2,a 5D,3.0,7.0,0.051569,3d6.(3P2).4s.4p.(3P*),x 3D*,2.0,5.0,5.614232,5.562663,222.88642,2100000.0,0.0011172,0.0078202,2.965e-05
3d6.4s2,a 5D,3.0,7.0,0.051569,3d7.(4P).4p,w 3D*,3.0,7.0,5.829388,5.777819,214.5865,5700000.0,0.0039349,0.027545,0.00010443
3d6.4s2,a 5D,3.0,7.0,0.051569,3d6.(5D).4s (6D).5p,u 5P*,2.0,5.0,6.440332,6.388763,194.06604,26000000.0,0.010486,0.073401,0.00027829
3d6.4s2,a 5D,2.0,5.0,0.087286,3d6.4s2,a 5D,1.0,3.0,0.110114,0.022829,54310.93134,0.000592,1.5707e-08,7.8537e-08,4.1688e-10
3d6.4s2,a 5D,2.0,5.0,0.087286,3d7.(4F).4s,a 5F,2.0,5.0,0.990111,0.902825,1373.29097,0.0016,4.5238e-11,2.2619e-10,1.2006e-12
3d6.4s2,a 5D,2.0,5.0,0.087286,3d7.(4F).4s,a 5F,1.0,3.0,1.011056,0.92377,1342.1545,0.0015,2.4306e-11,1.2153e-10,6.4507e-13
3d6.4s2,a 5D,2.0,5.0,0.087286,3d7.(4P).4s,a 5P,3.0,7.0,2.175945,2.088659,593.6066,0.039,2.8844e-10,1.4422e-09,7.6551e-12
3d6.4s2,a 5D,2.0,5.0,0.087286,3d7.(4P).4s,a 5P,2.0,5.0,2.197866,2.110581,587.44118,0.034,1.759e-10,8.795e-10,4.6684e-12
3d6.4s2,a 5D,2.0,5.0,0.087286,3d7.(4P).4s,a 5P,1.0,3.0,2.222712,2.135426,580.6063,0.088,2.6684e-10,1.3342e-09,7.082e-12
3d6.4s2,a 5D,2.0,5.0,0.087286,3d6.4s2,a 3P2,2.0,5.0,2.278605,2.191319,565.79714,0.0018,8.6388e-12,4.3194e-11,2.2927e-13
3d6.4s2,a 5D,2.0,5.0,0.087286,3d6.4s2,a 3P2,1.0,3.0,2.424198,2.336913,530.54701,0.46,1.1647e-09,5.8235e-09,3.0911e-11
3d6.4s2,a 5D,2.0,5.0,0.087286,3d6.(5D).4s.4p.(3P*),z 7D*,3.0,7.0,2.44956,2.362274,524.85104,392.0,2.2664e-06,1.1332e-05,6.0152e-08
3d6.4s2,a 5D,2.0,5.0,0.087286,3d6.(5D).4s.4p.(3P*),z 7D*,2.0,5.0,2.468835,2.381549,520.60318,2290.0,9.3048e-06,4.6524e-05,2.4695e-07
3d6.4s2,a 5D,2.0,5.0,0.087286,3d6.4s2,b 3F2,3.0,7.0,2.588106,2.50082,495.77414,0.079,4.0755e-10,2.0378e-09,1.0816e-11
3d6.4s2,a 5D,2.0,5.0,0.087286,3d6.4s2,b 3F2,2.0,5.0,2.608502,2.521216,491.76345,0.092,3.3355e-10,1.6677e-09,8.8524e-12
3d6.4s2,a 5D,2.0,5.0,0.087286,3d7.(4P).4s,b 3P,1.0,3.0,2.845043,2.757757,449.5835,0.044,7.9999e-11,3.9999e-10,2.1232e-12
3d6.4s2,a 5D,2.0,5.0,0.087286,3d7.(4P).4s,b 3P,1.0,3.0,2.845043,2.757757,449.5835,0.004,7.2726e-12,3.6363e-11,1.9302e-13
3d6.4s2,a 5D,2.0,5.0,0.087286,3d6.(5D).4s.4p.(3P*),z 7F*,3.0,7.0,2.865391,2.778106,446.29046,29500.0,0.00012332,0.00061662,3.273e-06
3d6.4s2,a 5D,2.0,5.0,0.087286,3d6.(5D).4s.4p.(3P*),z 7F*,2.0,5.0,2.875504,2.788218,444.67186,244.0,7.2332e-07,3.6166e-06,1.9197e-08
3d6.4s2,a 5D,2.0,5.0,0.087286,3d6.(5D).4s.4p.(3P*),z 7F*,1.0,3.0,2.881993,2.794707,443.63937,4720.0,8.3563e-06,4.1781e-05,2.2178e-07
3d6.4s2,a 5D,2.0,5.0,0.087286,3d6.(5D).4s.4p.(3P*),z 7P*,3.0,7.0,2.998045,2.910759,425.95143,2540.0,9.6726e-06,4.8363e-05,2.5671e-07
3d6.4s2,a 5D,2.0,5.0,0.087286,3d7.(2P).4s,c 3P,1.0,3.0,3.071339,2.984053,415.48926,0.016,2.4846e-11,1.2423e-10,6.594e-13
3d6.4s2,a 5D,2.0,5.0,0.087286,3d6.(5D).4s.4p.(3P*),z 5D*,3.0,7.0,3.240969,3.153683,393.14092,1990000.0,0.0064556,0.032278,0.00017133
3d6.4s2,a 5D,2.0,5.0,0.087286,3d6.(5D).4s.4p.(3P*),z 5D*,2.0,5.0,3.265706,3.17842,390.08119,2580000.0,0.0058856,0.029428,0.0001562
3d6.4s2,a 5D,2.0,5.0,0.087286,3d6.(5D).4s.4p.(3P*),z 5D*,1.0,3.0,3.283025,3.195739,387.96721,6170000.0,0.0083538,0.041769,0.00022171
3d6.4s2,a 5D,2.0,5.0,0.087286,3d7.(2D2).4s,a 3D,2.0,5.0,3.300922,3.213637,385.80652,0.011,2.4547e-11,1.2273e-10,6.5147e-13
3d6.4s2,a 5D,2.0,5.0,0.087286,3d6.(5D).4s.4p.(3P*),z 5F*,3.0,7.0,3.396509,3.309223,374.66256,11500000.0,0.033882,0.16941,0.00089922
3d6.4s2,a 5D,2.0,5.0,0.087286,3d6.(5D).4s.4p.(3P*),z 5F*,2.0,5.0,3.416953,3.329667,372.36215,4970000.0,0.010331,0.051656,0.00027419
3d6.4s2,a 5D,2.0,5.0,0.087286,3d6.(5D).4s.4p.(3P*),z 5F*,1.0,3.0,3.43019,3.342904,370.88768,633000.0,0.00078325,0.0039162,2.0787e-05
3d6.4s2,a 5D,2.0,5.0,0.087286,3d6.(5D).4s.4p.(3P*),z 5P*,3.0,7.0,3.602525,3.515239,352.70486,1140000.0,0.0029766,0.014883,7.8998e-05
3d6.4s2,a 5D,2.0,5.0,0.087286,3d6.4s2,b 3D,2.0,5.0,3.639772,3.552487,349.0068,0.083,1.5157e-10,7.5784e-10,4.0226e-12
3d6.4s2,a 5D,2.0,5.0,0.087286,3d6.4s2,b 3D,3.0,7.0,3.641641,3.554355,348.82336,0.037,9.4493e-11,4.7247e-10,2.5078e-12
3d6.4s2,a 5D,2.0,5.0,0.087286,3d6.4s2,b 3D,3.0,7.0,3.641641,3.554355,348.82336,0.002,5.1077e-12,2.5539e-11,1.3556e-13
3d6.4s2,a 5D,2.0,5.0,0.087286,3d6.(5D).4s.4p.(3P*),z 5P*,2.0,5.0,3.653693,3.566408,347.6445,9750000.0,0.017666,0.088329,0.00046885
3d6.4s2,a 5D,2.0,5.0,0.087286,3d6.(5D).4s.4p.(3P*),z 5P*,1.0,3.0,3.686389,3.599104,344.48632,7920000.0,0.0084543,0.042272,0.00022438
3d6.4s2,a 5D,2.0,5.0,0.087286,3d6.(5D).4s.4p.(3P*),z 3D*,3.0,7.0,3.883509,3.796223,326.5988,88900.0,0.00019903,0.00099515,5.2823e-06
3d6.4s2,a 5D,2.0,5.0,0.087286,3d6.(5D).4s.4p.(3P*),z 3F*,3.0,7.0,3.943326,3.85604,321.53241,222000.0,0.00048171,0.0024086,1.2785e-05
3d6.4s2,a 5D,2.0,5.0,0.087286,3d6.(5D).4s.4p.(3P*),z 3D*,1.0,3.0,3.959724,3.872438,320.17091,59000.0,5.4403e-05,0.00027202,1.4439e-06
3d6.4s2,a 5D,2.0,5.0,0.087286,3d6.(5D).4s.4p.(3P*),z 3F*,2.0,5.0,3.984107,3.896821,318.16752,123000.0,0.00018667,0.00093335,4.9542e-06
3d6.4s2,a 5D,2.0,5.0,0.087286,3d7.(4F).4p,y 5D*,3.0,7.0,4.154354,4.067068,304.84909,28400000.0,0.055396,0.27698,0.0014702
3d6.4s2,a 5D,2.0,5.0,0.087286,3d7.(4F).4p,y 5D*,2.0,5.0,4.190861,4.103575,302.13703,19400000.0,0.02655,0.13275,0.00070464
3d6.4s2,a 5D,2.0,5.0,0.087286,3d6.(5D).4s.4p.(3P*),z 3P*,2.0,5.0,4.208883,4.121598,300.81588,2730000.0,0.0037036,0.018518,9.8293e-05
3d6.4s2,a 5D,2.0,5.0,0.087286,3d7.(4F).4p,y 5D*,1.0,3.0,4.217583,4.130298,300.18225,64200000.0,0.052037,0.26019,0.0013811
3d6.4s2,a 5D,2.0,5.0,0.087286,3d7.(4F).4p,y 5F*,3.0,7.0,4.256223,4.168937,297.40002,13500000.0,0.025061,0.12531,0.00066513
3d6.4s2,a 5D,2.0,5.0,0.087286,3d6.(5D).4s.4p.(3P*),z 3P*,1.0,3.0,4.260453,4.173168,297.09854,3430000.0,0.0027234,0.013617,7.2278e-05
3d6.4s2,a 5D,2.0,5.0,0.087286,3d7.(4F).4p,y 5F*,2.0,5.0,4.283308,4.196023,295.4803,18900000.0,0.024739,0.12369,0.00065657
3d6.4s2,a 5D,2.0,5.0,0.087286,3d7.(4F).4p,y 5F*,1.0,3.0,4.301278,4.213992,294.22027,5120000.0,0.0039868,0.019934,0.00010581
3d6.4s2,a 5D,2.0,5.0,0.087286,3d7.(4F).4p,z 5G*,3.0,7.0,4.415279,4.327993,286.47042,569000.0,0.00098008,0.0049004,2.6011e-05
3d6.4s2,a 5D,2.0,5.0,0.087286,3d7.(4F).4p,z 5G*,2.0,5.0,4.445627,4.358342,284.47564,273000.0,0.00033122,0.0016561,8.7905e-06
3d6.4s2,a 5D,2.0,5.0,0.087286,3d6.(5D).4s.4p.(1P*),y 5P*,3.0,7.0,4.558523,4.471237,277.29283,4120000.0,0.0066491,0.033245,0.00017647
3d6.4s2,a 5D,2.0,5.0,0.087286,3d6.(5D).4s.4p.(1P*),y 5P*,2.0,5.0,4.606951,4.519665,274.32164,47000000.0,0.053025,0.26512,0.0014073
3d6.4s2,a 5D,2.0,5.0,0.087286,3d7.(4F).4p,y 3F*,3.0,7.0,4.607593,4.520308,274.28266,411000.0,0.00064897,0.0032449,1.7224e-05
3d6.4s2,a 5D,2.0,5.0,0.087286,3d6.(5D).4s.4p.(1P*),y 5P*,1.0,3.0,4.638194,4.550908,272.43838,56900000.0,0.037989,0.18995,0.0010082
3d6.4s2,a 5D,2.0,5.0,0.087286,3d7.(4F).4p,y 3D*,3.0,7.0,4.733141,4.645855,266.87057,169000.0,0.00025262,0.0012631,6.7047e-06
3d6.4s2,a 5D,2.0,5.0,0.087286,3d7.(4F).4p,y 3D*,2.0,5.0,4.795466,4.70818,263.33785,900000.0,0.00093568,0.0046784,2.4833e-05
3d6.4s2,a 5D,2.0,5.0,0.087286,3d7.(4F).4p,y 3D*,1.0,3.0,4.834855,4.747569,261.153,361000.0,0.00022147,0.0011073,5.8777e-06
3d6.4s2,a 5D,2.0,5.0,0.087286,3d6.(5D).4s.4p.(1P*),x 5D*,3.0,7.0,4.95563,4.868344,254.67425,71600000.0,0.09747,0.48735,0.0025869
3d6.4s2,a 5D,2.0,5.0,0.087286,3d5.(6S).4s2.4p,y 7P*,2.0,5.0,4.965819,4.878534,254.14234,1410000.0,0.0013653,0.0068266,3.6235e-05
3d6.4s2,a 5D,2.0,5.0,0.087286,3d5.(6S).4s2.4p,y 7P*,3.0,7.0,4.985044,4.897758,253.14479,640000.0,0.00086081,0.004304,2.2846e-05
3d6.4s2,a 5D,2.0,5.0,0.087286,3d6.(5D).4s.4p.(1P*),x 5D*,2.0,5.0,4.98805,4.900764,252.98952,99100000.0,0.095091,0.47545,0.0025237
3d6.4s2,a 5D,2.0,5.0,0.087286,3d6.(5D).4s.4p.(1P*),x 5D*,1.0,3.0,5.009522,4.922236,251.88593,193000000.0,0.11015,0.55074,0.0029233
3d6.4s2,a 5D,2.0,5.0,0.087286,3d6.(5D).4s.4p.(1P*),x 5F*,3.0,7.0,5.063782,4.976496,249.13955,344000000.0,0.44816,2.2408,0.011894
3d6.4s2,a 5D,2.0,5.0,0.087286,3d6.(3P2).4s.4p.(3P*),z 5S*,2.0,5.0,5.070333,4.983047,248.81203,2740000.0,0.002543,0.012715,6.7492e-05
3d6.4s2,a 5D,2.0,5.0,0.087286,3d6.(5D).4s.4p.(1P*),x 5F*,2.0,5.0,5.08559,4.998304,248.05251,174000000.0,0.16051,0.80254,0.0042599
3d6.4s2,a 5D,2.0,5.0,0.087286,3d6.(5D).4s.4p.(1P*),x 5F*,1.0,3.0,5.099544,5.012259,247.36193,21000000.0,0.011558,0.057792,0.00030676
3d6.4s2,a 5D,2.0,5.0,0.087286,3d6.(3P2).4s.4p.(3P*),x 5P*,3.0,7.0,5.273388,5.186102,239.07011,4470000.0,0.0053622,0.026811,0.00014231
3d6.4s2,a 5D,2.0,5.0,0.087286,3d6.(3P2).4s.4p.(3P*),x 5P*,2.0,5.0,5.313935,5.226649,237.21545,2670000.0,0.0022525,0.011262,5.978e-05
3d6.4s2,a 5D,2.0,5.0,0.087286,3d6.(3H).4s.4p.(3P*),y 5G*,3.0,7.0,5.348367,5.261081,235.66297,517000.0,0.00060264,0.0030132,1.5994e-05
3d6.4s2,a 5D,2.0,5.0,0.087286,3d6.(3P2).4s.4p.(3P*),w 5D*,3.0,7.0,5.445717,5.358431,231.38153,11800000.0,0.013259,0.066297,0.00035191
3d6.4s2,a 5D,2.0,5.0,0.087286,3d6.(3F2).4s.4p.(3P*),v 5D*,3.0,7.0,5.475912,5.388626,230.085,4990000.0,0.0055445,0.027723,0.00014715
3d6.4s2,a 5D,2.0,5.0,0.087286,3d6.(3P2).4s.4p.(3P*),w 5D*,2.0,5.0,5.478072,5.390786,229.9928,7030000.0,0.005575,0.027875,0.00014796
3d6.4s2,a 5D,2.0,5.0,0.087286,3d6.(3F2).4s.4p.(3P*),w 5F*,2.0,5.0,5.490697,5.403411,229.45544,1090000.0,0.00086037,0.0043018,2.2834e-05
3d6.4s2,a 5D,2.0,5.0,0.087286,3d6.(3P2).4s.4p.(3P*),w 5D*,1.0,3.0,5.506282,5.418996,228.7955,22300000.0,0.010501,0.052503,0.00027868
3d6.4s2,a 5D,2.0,5.0,0.087286,3d6.(3F2).4s.4p.(3P*),w 5F*,3.0,7.0,5.523662,5.436376,228.06407,1880000.0,0.0020524,0.010262,5.447e-05
3d6.4s2,a 5D,2.0,5.0,0.087286,3d7.(4P).4p,w 5P*,2.0,5.0,5.742147,5.654861,219.25242,120000000.0,0.086483,0.43241,0.0022953
3d6.4s2,a 5D,2.0,5.0,0.087286,3d7.(4P).4p,u 5D*,3.0,7.0,5.79564,5.708355,217.19778,5100000.0,0.0050497,0.025249,0.00013402
3d6.4s2,a 5D,2.0,5.0,0.087286,3d7.(4P).4p,w 3D*,2.0,5.0,5.84413,5.756844,215.36835,6900000.0,0.0047981,0.023991,0.00012734
3d6.4s2,a 5D,1.0,3.0,0.110114,3d6.4s2,a 5D,0.0,1.0,0.121266,0.011151,111182.73005,0.000118,7.2895e-09,2.1868e-08,1.9346e-10
3d6.4s2,a 5D,1.0,3.0,0.110114,3d7.(4F).4s,a 5F,1.0,3.0,1.011056,0.900941,1376.16281,0.0019,5.3945e-11,1.6184e-10,1.4317e-12
3d6.4s2,a 5D,1.0,3.0,0.110114,3d7.(4P).4s,a 5P,3.0,7.0,2.175945,2.065831,600.16628,0.0085,1.071e-10,3.2131e-10,2.8425e-12
3d6.4s2,a 5D,1.0,3.0,0.110114,3d7.(4P).4s,a 5P,2.0,5.0,2.197866,2.087752,593.86457,0.053,4.6705e-10,1.4011e-09,1.2395e-11
3d6.4s2,a 5D,1.0,3.0,0.110114,3d7.(4P).4s,a 5P,1.0,3.0,2.222712,2.112598,586.88029,0.021,1.0844e-10,3.2531e-10,2.8779e-12
3d6.4s2,a 5D,1.0,3.0,0.110114,3d6.4s2,a 3P2,2.0,5.0,2.278605,2.16849,571.75352,0.034,2.7772e-10,8.3316e-10,7.3707e-12
3d6.4s2,a 5D,1.0,3.0,0.110114,3d6.4s2,a 3P2,2.0,5.0,2.278605,2.16849,571.75352,0.0038,3.1039e-11,9.3117e-11,8.2378e-13
3d6.4s2,a 5D,1.0,3.0,0.110114,3d6.4s2,a 3P2,1.0,3.0,2.424198,2.314084,535.78089,0.001,4.3036e-12,1.2911e-11,1.1422e-13
3d6.4s2,a 5D,1.0,3.0,0.110114,3d6.(5D).4s.4p.(3P*),z 7D*,2.0,5.0,2.468835,2.35872,525.64178,831.0,5.7371e-06,1.7211e-05,1.5226e-07
3d6.4s2,a 5D,1.0,3.0,0.110114,3d6.(5D).4s.4p.(3P*),z 7D*,1.0,3.0,2.482118,2.372004,522.69808,1320.0,5.4067e-06,1.622e-05,1.4349e-07
3d6.4s2,a 5D,1.0,3.0,0.110114,3d6.4s2,a 3P2,0.0,1.0,2.484373,2.374258,522.20183,0.57,7.7677e-10,2.3303e-09,2.0615e-11
3d6.4s2,a 5D,1.0,3.0,0.110114,3d6.4s2,b 3F2,2.0,5.0,2.608502,2.498388,496.25686,0.045,2.7691e-10,8.3072e-10,7.3491e-12
3d6.4s2,a 5D,1.0,3.0,0.110114,3d7.(4P).4s,b 3P,0.0,1.0,2.858053,2.747938,451.18987,0.1,1.0173e-10,3.052e-10,2.7e-12
3d6.4s2,a 5D,1.0,3.0,0.110114,3d6.(5D).4s.4p.(3P*),z 7F*,2.0,5.0,2.875504,2.765389,448.34267,20900.0,0.00010497,0.00031492,2.786e-06
3d6.4s2,a 5D,1.0,3.0,0.110114,3d6.(5D).4s.4p.(3P*),z 7F*,1.0,3.0,2.881993,2.771878,447.29308,112.0,3.3594e-07,1.0078e-06,8.9159e-09
3d6.4s2,a 5D,1.0,3.0,0.110114,3d6.(5D).4s.4p.(3P*),z 7P*,2.0,5.0,3.03847,2.928356,423.3918,878.0,3.9327e-06,1.1798e-05,1.0437e-07
3d6.4s2,a 5D,1.0,3.0,0.110114,3d6.(5D).4s.4p.(3P*),z 5D*,2.0,5.0,3.265706,3.155592,392.90316,2600000.0,0.010029,0.030087,0.00026617
3d6.4s2,a 5D,1.0,3.0,0.110114,3d7.(2D2).4s,a 3D,1.0,3.0,3.273984,3.16387,391.87513,0.012,2.7627e-11,8.2881e-11,7.3322e-13
3d6.4s2,a 5D,1.0,3.0,0.110114,3d7.(2D2).4s,a 3D,1.0,3.0,3.273984,3.16387,391.87513,0.004,9.2091e-12,2.7627e-11,2.4441e-13
3d6.4s2,a 5D,1.0,3.0,0.110114,3d6.(5D).4s.4p.(3P*),z 5D*,1.0,3.0,3.283025,3.17291,390.75857,832000.0,0.0019046,0.0057137,5.0548e-05
3d6.4s2,a 5D,1.0,3.0,0.110114,3d6.(5D).4s.4p.(3P*),z 5D*,0.0,1.0,3.29184,3.181726,389.67597,9390000.0,0.0071254,0.021376,0.00018911
3d6.4s2,a 5D,1.0,3.0,0.110114,3d6.(5D).4s.4p.(3P*),z 5F*,2.0,5.0,3.416953,3.306838,374.93273,9150000.0,0.032139,0.096418,0.00085298
3d6.4s2,a 5D,1.0,3.0,0.110114,3d6.(5D).4s.4p.(3P*),z 5F*,1.0,3.0,3.43019,3.320076,373.43787,6480000.0,0.013548,0.040644,0.00035956
3d6.4s2,a 5D,1.0,3.0,0.110114,3d6.4s2,b 3D,1.0,3.0,3.63522,3.525106,351.71769,0.1,1.8546e-10,5.5638e-10,4.9221e-12
3d6.4s2,a 5D,1.0,3.0,0.110114,3d6.4s2,b 3D,2.0,5.0,3.639772,3.529658,351.26405,0.07,2.1581e-10,6.4743e-10,5.7276e-12
3d6.4s2,a 5D,1.0,3.0,0.110114,3d6.(5D).4s.4p.(3P*),z 5P*,2.0,5.0,3.653693,3.543579,349.88411,3080000.0,0.0094212,0.028264,0.00025004
3d6.4s2,a 5D,1.0,3.0,0.110114,3d6.(5D).4s.4p.(3P*),z 5P*,1.0,3.0,3.686389,3.576275,346.68529,11900000.0,0.021443,0.064328,0.00056909
3d6.4s2,a 5D,1.0,3.0,0.110114,3d6.(5D).4s.4p.(3P*),z 3D*,2.0,5.0,3.928607,3.818493,324.6941,168000.0,0.00044255,0.0013277,1.1745e-05
3d6.4s2,a 5D,1.0,3.0,0.110114,3d6.(5D).4s.4p.(3P*),z 3D*,1.0,3.0,3.959724,3.849609,322.06956,18000.0,2.7992e-05,8.3976e-05,7.429e-07
3d6.4s2,a 5D,1.0,3.0,0.110114,3d6.(5D).4s.4p.(3P*),z 3F*,2.0,5.0,3.984107,3.873993,320.04241,123000.0,0.0003148,0.00094439,8.3547e-06
3d6.4s2,a 5D,1.0,3.0,0.110114,3d7.(4F).4p,y 5D*,2.0,5.0,4.190861,4.080746,303.82725,29100000.0,0.06712,0.20136,0.0017814
3d6.4s2,a 5D,1.0,3.0,0.110114,3d6.(5D).4s.4p.(3P*),z 3P*,2.0,5.0,4.208883,4.098769,302.49131,4870000.0,0.011134,0.033403,0.0002955
3d6.4s2,a 5D,1.0,3.0,0.110114,3d7.(4F).4p,y 5D*,1.0,3.0,4.217583,4.107469,301.85061,6810000.0,0.0093023,0.027907,0.00024688
3d6.4s2,a 5D,1.0,3.0,0.110114,3d7.(4F).4p,y 5D*,0.0,1.0,4.23054,4.120425,300.90146,107000000.0,0.048414,0.14524,0.0012849
3d6.4s2,a 5D,1.0,3.0,0.110114,3d6.(5D).4s.4p.(3P*),z 3P*,1.0,3.0,4.260453,4.150339,298.73271,219000.0,0.000293,0.000879,7.7762e-06
3d6.4s2,a 5D,1.0,3.0,0.110114,3d7.(4F).4p,y 5F*,2.0,5.0,4.283308,4.173194,297.09666,10800000.0,0.023819,0.071458,0.00063216
3d6.4s2,a 5D,1.0,3.0,0.110114,3d6.(5D).4s.4p.(3P*),z 3P*,0.0,1.0,4.284348,4.174234,297.02266,3660000.0,0.0016136,0.0048408,4.2825e-05
3d6.4s2,a 5D,1.0,3.0,0.110114,3d7.(4F).4p,y 5F*,1.0,3.0,4.301278,4.191164,295.82284,17700000.0,0.023222,0.069665,0.00061631
3d6.4s2,a 5D,1.0,3.0,0.110114,3d7.(4F).4p,z 5G*,2.0,5.0,4.445627,4.335513,285.97354,212000.0,0.00043321,0.0012996,1.1497e-05
3d6.4s2,a 5D,1.0,3.0,0.110114,3d6.(5D).4s.4p.(1P*),y 5P*,2.0,5.0,4.606951,4.496837,275.71426,14100000.0,0.026782,0.080347,0.0007108
3d6.4s2,a 5D,1.0,3.0,0.110114,3d6.(5D).4s.4p.(1P*),y 5P*,1.0,3.0,4.638194,4.528079,273.81189,72500000.0,0.08149,0.24447,0.0021627
3d6.4s2,a 5D,1.0,3.0,0.110114,3d7.(4F).4p,y 3F*,2.0,5.0,4.652031,4.541917,272.9777,156000.0,0.00029046,0.00087138,7.7088e-06
3d6.4s2,a 5D,1.0,3.0,0.110114,3d7.(4F).4p,y 3D*,2.0,5.0,4.795466,4.685351,264.62092,338000.0,0.00059139,0.0017742,1.5695e-05
3d6.4s2,a 5D,1.0,3.0,0.110114,3d7.(4F).4p,y 3D*,1.0,3.0,4.834855,4.724741,262.41482,861000.0,0.00088887,0.0026666,2.3591e-05
3d6.4s2,a 5D,1.0,3.0,0.110114,3d5.(6S).4s2.4p,y 7P*,2.0,5.0,4.965819,4.855705,255.33717,619000.0,0.0010084,0.0030252,2.6763e-05
3d6.4s2,a 5D,1.0,3.0,0.110114,3d6.(5D).4s.4p.(1P*),x 5D*,2.0,5.0,4.98805,4.877936,254.1735,95900000.0,0.15481,0.46442,0.0041085
3d6.4s2,a 5D,1.0,3.0,0.110114,3d6.(5D).4s.4p.(1P*),x 5D*,1.0,3.0,5.009522,4.899407,253.05958,38300000.0,0.036771,0.11031,0.0009759
3d6.4s2,a 5D,1.0,3.0,0.110114,3d6.(5D).4s.4p.(1P*),x 5D*,0.0,1.0,5.020279,4.910165,252.50515,323000000.0,0.10292,0.30875,0.0027314
3d6.4s2,a 5D,1.0,3.0,0.110114,3d6.(3P2).4s.4p.(3P*),z 5S*,2.0,5.0,5.070333,4.960218,249.95714,122000.0,0.00019046,0.00057137,5.0548e-06
3d6.4s2,a 5D,1.0,3.0,0.110114,3d6.(5D).4s.4p.(1P*),x 5F*,2.0,5.0,5.08559,4.975476,249.19064,291000000.0,0.45151,1.3545,0.011983
3d6.4s2,a 5D,1.0,3.0,0.110114,3d6.(5D).4s.4p.(1P*),x 5F*,1.0,3.0,5.099544,4.98943,248.49371,226000000.0,0.20922,0.62765,0.0055526
3d6.4s2,a 5D,1.0,3.0,0.110114,3d6.(3P2).4s.4p.(3P*),x 5P*,2.0,5.0,5.313935,5.203821,238.25608,4340000.0,0.0061558,0.018467,0.00016338
3d6.4s2,a 5D,1.0,3.0,0.110114,3d6.(3P2).4s.4p.(3P*),x 5P*,1.0,3.0,5.341118,5.231004,237.01799,2530000.0,0.0021308,0.0063924,5.6551e-05
3d6.4s2,a 5D,1.0,3.0,0.110114,3d6.(3P2).4s.4p.(3P*),w 5D*,2.0,5.0,5.478072,5.367957,230.97091,10200000.0,0.013596,0.040789,0.00036085
3d6.4s2,a 5D,1.0,3.0,0.110114,3d6.(3F2).4s.4p.(3P*),w 5F*,2.0,5.0,5.490697,5.380582,230.42896,4830000.0,0.0064081,0.019224,0.00017007
3d6.4s2,a 5D,1.0,3.0,0.110114,3d6.(3F2).4s.4p.(3P*),w 5F*,1.0,3.0,5.502213,5.392099,229.93681,1590000.0,0.0012603,0.0037809,3.3448e-05
3d6.4s2,a 5D,1.0,3.0,0.110114,3d6.(3P2).4s.4p.(3P*),w 5D*,1.0,3.0,5.506282,5.396168,229.76343,4040000.0,0.0031974,0.0095923,8.486e-05
3d6.4s2,a 5D,1.0,3.0,0.110114,3d6.(3P2).4s.4p.(3P*),w 5D*,0.0,1.0,5.512205,5.402091,229.5115,36100000.0,0.0095029,0.028509,0.00025221
3d6.4s2,a 5D,1.0,3.0,0.110114,3d6.(3F2).4s.4p.(3P*),v 5D*,2.0,5.0,5.53764,5.427525,228.43597,1530000.0,0.0019949,0.0059848,5.2946e-05
3d6.4s2,a 5D,1.0,3.0,0.110114,3d6.(3F2).4s.4p.(3P*),v 5D*,0.0,1.0,5.557827,5.447713,227.58945,6190000.0,0.0016023,0.0048068,4.2524e-05
3d6.4s2,a 5D,1.0,3.0,0.110114,3d7.(4P).4p,w 5P*,2.0,5.0,5.742147,5.632032,220.14113,28000000.0,0.033905,0.10172,0.00089985
3d6.4s2,a 5D,1.0,3.0,0.110114,3d7.(4P).4p,w 5P*,1.0,3.0,5.754154,5.64404,219.6728,120000000.0,0.086815,0.26044,0.0023041
3d6.4s2,a 5D,1.0,3.0,0.110114,3d7.(4P).4p,u 5D*,2.0,5.0,5.813435,5.703321,217.38948,8300000.0,0.0098008,0.029403,0.00026011
3d6.4s2,a 5D,1.0,3.0,0.110114,3d7.(4P).4p,w 3D*,2.0,5.0,5.84413,5.734015,216.22579,5000000.0,0.0058411,0.017523,0.00015502
3d6.4s2,a 5D,0.0,1.0,0.121266,3d7.(4P).4s,a 5P,2.0,5.0,2.197866,2.076601,597.05363,0.024,6.4131e-10,6.4131e-10,1.702e-11
3d6.4s2,a 5D,0.0,1.0,0.121266,3d6.4s2,a 3P2,2.0,5.0,2.278605,2.157339,574.70894,0.002,4.9517e-11,4.9517e-11,1.3142e-12
3d6.4s2,a 5D,0.0,1.0,0.121266,3d6.4s2,a 3P2,1.0,3.0,2.424198,2.302933,538.37528,0.079,1.0299e-09,1.0299e-09,2.7332e-11
3d6.4s2,a 5D,0.0,1.0,0.121266,3d6.(5D).4s.4p.(3P*),z 7D*,1.0,3.0,2.482118,2.360853,525.16703,930.0,1.1536e-05,1.1536e-05,3.0617e-07
3d6.4s2,a 5D,0.0,1.0,0.121266,3d6.(5D).4s.4p.(3P*),z 7F*,1.0,3.0,2.881993,2.760727,449.09983,11900.0,0.00010795,0.00010795,2.8649e-06
3d6.4s2,a 5D,0.0,1.0,0.121266,3d7.(2D2).4s,a 3D,1.0,3.0,3.273984,3.152719,393.26122,0.011,7.6513e-11,7.6513e-11,2.0307e-12
3d6.4s2,a 5D,0.0,1.0,0.121266,3d6.(5D).4s.4p.(3P*),z 5D*,1.0,3.0,3.283025,3.161759,392.13676,2600000.0,0.017982,0.017982,0.00047723
3d6.4s2,a 5D,0.0,1.0,0.121266,3d6.(5D).4s.4p.(3P*),z 5F*,1.0,3.0,3.43019,3.308924,374.69639,7320000.0,0.046222,0.046222,0.0012267
3d6.4s2,a 5D,0.0,1.0,0.121266,3d6.4s2,b 3D,1.0,3.0,3.63522,3.513954,352.83385,0.089,4.9832e-10,4.9832e-10,1.3226e-11
3d6.4s2,a 5D,0.0,1.0,0.121266,3d6.(5D).4s.4p.(3P*),z 5P*,1.0,3.0,3.686389,3.565124,347.76969,5720000.0,0.031114,0.031114,0.00082577
3d6.4s2,a 5D,0.0,1.0,0.121266,3d6.(5D).4s.4p.(3P*),z 3D*,1.0,3.0,3.959724,3.838458,323.00523,167000.0,0.00078364,0.00078364,2.0798e-05
3d6.4s2,a 5D,0.0,1.0,0.121266,3d7.(4F).4p,y 5D*,1.0,3.0,4.217583,4.096318,302.67233,34800000.0,0.14339,0.14339,0.0038055
3d6.4s2,a 5D,0.0,1.0,0.121266,3d6.(5D).4s.4p.(3P*),z 3P*,1.0,3.0,4.260453,4.139188,299.53752,1490000.0,0.0060127,0.0060127,0.00015958
3d6.4s2,a 5D,0.0,1.0,0.121266,3d7.(4F).4p,y 5F*,1.0,3.0,4.301278,4.180012,296.61203,11600000.0,0.0459,0.0459,0.0012182
3d6.4s2,a 5D,0.0,1.0,0.121266,3d6.(5D).4s.4p.(1P*),y 5P*,1.0,3.0,4.638194,4.516928,274.48788,30900000.0,0.10471,0.10471,0.002779
3d6.4s2,a 5D,0.0,1.0,0.121266,3d7.(4F).4p,y 3D*,1.0,3.0,4.834855,4.713589,263.03564,2000000.0,0.0062236,0.0062236,0.00016517
3d6.4s2,a 5D,0.0,1.0,0.121266,3d6.(5D).4s.4p.(1P*),x 5D*,1.0,3.0,5.009522,4.888256,253.63687,95900000.0,0.27748,0.27748,0.0073642
3d6.4s2,a 5D,0.0,1.0,0.121266,3d6.(5D).4s.4p.(1P*),x 5F*,1.0,3.0,5.099544,4.978279,249.05034,231000000.0,0.64442,0.64442,0.017103
3d6.4s2,a 5D,0.0,1.0,0.121266,3d6.(3P2).4s.4p.(3P*),x 5P*,1.0,3.0,5.341118,5.219852,237.52434,3140000.0,0.0079676,0.0079676,0.00021146
3d6.4s2,a 5D,0.0,1.0,0.121266,3d6.(3F2).4s.4p.(3P*),w 5F*,1.0,3.0,5.502213,5.380947,230.41332,7330000.0,0.017502,0.017502,0.00046452
3d6.4s2,a 5D,0.0,1.0,0.121266,3d6.(3P2).4s.4p.(3P*),w 5D*,1.0,3.0,5.506282,5.385016,230.23922,8680000.0,0.020695,0.020695,0.00054924
3d6.4s2,a 5D,0.0,1.0,0.121266,3d6.(3F2).4s.4p.(3P*),v 5D*,1.0,3.0,5.549625,5.428359,228.40086,2590000.0,0.0060768,0.0060768,0.00016128
3d6.4s2,a 5D,0.0,1.0,0.121266,3d7.(4P).4p,w 5P*,1.0,3.0,5.754154,5.632888,220.10769,89000000.0,0.19393,0.19393,0.0051469
3d6.4s2,a 5D,0.0,1.0,0.121266,3d6.(3P2).4s.4p.(3P*),z 3S*,1.0,3.0,5.777765,5.656499,219.18892,7300000.0,0.015774,0.015774,0.00041864
3d6.4s2,a 5D,0.0,1.0,0.121266,3d6.(3P2).4s.4p.(3P*),y 3P*,1.0,3.0,5.815086,5.69382,217.75221,10000000.0,0.021326,0.021326,0.00056599
3d7.(4F).4s,a 5F,5.0,11.0,0.858996,3d7.(4P).4s,a 5P,3.0,7.0,2.175945,1.316949,941.45,0.01,8.4559e-11,9.3015e-10,2.2442e-12
3d7.(4F).4s,a 5F,5.0,11.0,0.858996,3d6.(5D).4s.4p.(3P*),z 7D*,4.0,9.0,2.425433,1.566438,791.50424,168.0,1.291e-06,1.4201e-05,3.4263e-08
3d7.(4F).4s,a 5F,5.0,11.0,0.858996,3d7.(2G).4s,a 3G,5.0,11.0,2.692408,1.833412,676.24847,0.13,8.9128e-10,9.8041e-09,2.3655e-11
3d7.(4F).4s,a 5F,5.0,11.0,0.858996,3d6.(5D).4s.4p.(3P*),z 7F*,6.0,13.0,2.808294,1.949298,636.0454,432.0,3.0965e-06,3.4061e-05,8.2181e-08
3d7.(4F).4s,a 5F,5.0,11.0,0.858996,3d6.(5D).4s.4p.(3P*),z 7F*,5.0,11.0,2.832527,1.973531,628.23537,626.0,3.7041e-06,4.0745e-05,9.8306e-08
3d7.(4F).4s,a 5F,5.0,11.0,0.858996,3d6.(5D).4s.4p.(3P*),z 7P*,4.0,9.0,2.939846,2.08085,595.83435,515.0,2.2427e-06,2.467e-05,5.9521e-08
3d7.(4F).4s,a 5F,5.0,11.0,0.858996,3d6.(5D).4s.4p.(3P*),z 5D*,4.0,9.0,3.211189,2.352194,527.10031,1270000.0,0.0043281,0.047609,0.00011487
3d7.(4F).4s,a 5F,5.0,11.0,0.858996,3d6.(5D).4s.4p.(3P*),z 5F*,5.0,11.0,3.33202,2.473024,501.34657,55000.0,0.00020725,0.0022798,5.5005e-06
3d7.(4F).4s,a 5F,5.0,11.0,0.858996,3d6.(5D).4s.4p.(3P*),z 5F*,4.0,9.0,3.368256,2.509261,494.10649,13900.0,4.1626e-05,0.00045789,1.1048e-06
3d7.(4F).4s,a 5F,5.0,11.0,0.858996,3d6.(5D).4s.4p.(3P*),z 3F*,4.0,9.0,3.881604,3.022608,410.18948,29200.0,6.0264e-05,0.00066291,1.5994e-06
3d7.(4F).4s,a 5F,5.0,11.0,0.858996,3d7.(4F).4p,y 5D*,4.0,9.0,4.103374,3.244378,382.15091,66700000.0,0.11948,1.3143,0.0031711
3d7.(4F).4s,a 5F,5.0,11.0,0.858996,3d7.(4F).4p,y 5F*,5.0,11.0,4.177697,3.318701,373.59255,90100000.0,0.18853,2.0738,0.0050036
3d7.(4F).4s,a 5F,5.0,11.0,0.858996,3d7.(4F).4p,y 5F*,4.0,9.0,4.220362,3.361366,368.8506,8000000.0,0.013351,0.14686,0.00035432
3d7.(4F).4s,a 5F,5.0,11.0,0.858996,3d7.(4F).4p,z 5G*,5.0,11.0,4.312471,3.453475,359.01289,361000.0,0.00069757,0.0076733,1.8513e-05
3d7.(4F).4s,a 5F,5.0,11.0,0.858996,3d7.(4F).4p,z 5G*,6.0,13.0,4.3201,3.461104,358.2215,102000000.0,0.23191,2.551,0.0061548
3d7.(4F).4s,a 5F,5.0,11.0,0.858996,3d7.(4F).4p,z 3G*,5.0,11.0,4.386463,3.527467,351.48223,3400000.0,0.0062972,0.069269,0.00016713
3d7.(4F).4s,a 5F,5.0,11.0,0.858996,3d7.(4F).4p,z 3G*,4.0,9.0,4.434613,3.575617,346.7491,124000.0,0.00018288,0.0020117,4.8536e-06
3d7.(4F).4s,a 5F,5.0,11.0,0.858996,3d6.(5D).4s.4p.(1P*),x 5D*,4.0,9.0,4.912974,4.053978,305.83344,31300000.0,0.035911,0.39502,0.00095307
3d7.(4F).4s,a 5F,5.0,11.0,0.858996,3d6.(5D).4s.4p.(1P*),x 5F*,5.0,11.0,4.991271,4.132275,300.03859,17000000.0,0.022944,0.25238,0.00060892
3d7.(4F).4s,a 5F,5.0,11.0,0.858996,3d5.(6S).4s2.4p,y 7P*,4.0,9.0,5.011682,4.152686,298.56388,258000.0,0.0002821,0.0031031,7.4869e-06
3d7.(4F).4s,a 5F,5.0,11.0,0.858996,3d6.(5D).4s.4p.(1P*),x 5F*,4.0,9.0,5.033068,4.174072,297.03414,2100000.0,0.0022727,0.025,6.0317e-05
3d7.(4F).4s,a 5F,5.0,11.0,0.858996,3d6.(3H).4s.4p.(3P*),y 5G*,6.0,13.0,5.304584,4.445588,278.8927,59200000.0,0.081584,0.89743,0.0021652
3d7.(4F).4s,a 5F,5.0,11.0,0.858996,3d6.(3H).4s.4p.(3P*),y 5G*,5.0,11.0,5.3204,4.461404,277.904,9080000.0,0.010513,0.11565,0.00027902
3d7.(4F).4s,a 5F,5.0,11.0,0.858996,3d6.(3H).4s.4p.(3P*),z 5H*,5.0,11.0,5.330291,4.471295,277.28922,2340000.0,0.0026974,0.029671,7.1588e-05
3d7.(4F).4s,a 5F,5.0,11.0,0.858996,3d6.(3H).4s.4p.(3P*),y 5G*,4.0,9.0,5.33417,4.475175,277.04885,717000.0,0.00067506,0.0074256,1.7916e-05
3d7.(4F).4s,a 5F,5.0,11.0,0.858996,3d6.(3H).4s.4p.(3P*),z 5H*,4.0,9.0,5.344825,4.485829,276.39084,393000.0,0.00036826,0.0040508,9.7735e-06
3d7.(4F).4s,a 5F,5.0,11.0,0.858996,3d6.(3P2).4s.4p.(3P*),w 5D*,4.0,9.0,5.393251,4.534256,273.43893,71000000.0,0.065116,0.71628,0.0017282
3d7.(4F).4s,a 5F,5.0,11.0,0.858996,3d6.(3F2).4s.4p.(3P*),v 5D*,4.0,9.0,5.458097,4.599102,269.58351,477000.0,0.00042522,0.0046774,1.1285e-05
3d7.(4F).4s,a 5F,5.0,11.0,0.858996,3d6.(3F2).4s.4p.(3P*),w 5F*,5.0,11.0,5.485518,4.626522,267.98575,15000000.0,0.01615,0.17765,0.00042862
3d7.(4F).4s,a 5F,5.0,11.0,0.858996,3d6.(3F2).4s.4p.(3P*),w 5F*,4.0,9.0,5.506767,4.647772,266.76052,8910000.0,0.0077773,0.085551,0.00020641
3d7.(4F).4s,a 5F,5.0,11.0,0.858996,3d6.(3H).4s.4p.(3P*),y 3G*,5.0,11.0,5.615845,4.756849,260.64352,1450000.0,0.0014768,0.016245,3.9194e-05
3d7.(4F).4s,a 5F,5.0,11.0,0.858996,3d6.(3H).4s.4p.(3P*),y 3G*,4.0,9.0,5.632404,4.773408,259.73936,57900.0,4.7914e-05,0.00052706,1.2716e-06
3d7.(4F).4s,a 5F,5.0,11.0,0.858996,3d6.(3F2).4s.4p.(3P*),x 5G*,6.0,13.0,5.654716,4.79572,258.53092,31500000.0,0.037303,0.41033,0.00099003
3d7.(4F).4s,a 5F,5.0,11.0,0.858996,3d6.(3F2).4s.4p.(3P*),x 5G*,5.0,11.0,5.669318,4.810322,257.74616,11300000.0,0.011254,0.1238,0.00029869
3d7.(4F).4s,a 5F,5.0,11.0,0.858996,3d6.(3F2).4s.4p.(3P*),x 5G*,4.0,9.0,5.682595,4.8236,257.03667,1010000.0,0.0008185,0.0090035,2.1723e-05
3d7.(4F).4s,a 5F,5.0,11.0,0.858996,3d6.(3H).4s.4p.(3P*),z 3I*,6.0,13.0,5.706617,4.847621,255.76296,751000.0,0.00087041,0.0095745,2.3101e-05
3d7.(4F).4s,a 5F,5.0,11.0,0.858996,3d7.(4P).4p,u 5D*,4.0,9.0,5.792646,4.93365,251.30317,2190000.0,0.0016965,0.018661,4.5025e-05
3d7.(4F).4s,a 5F,5.0,11.0,0.858996,3d6.(3F2).4s.4p.(3P*),x 3F*,4.0,9.0,5.813513,4.954517,250.24478,3690000.0,0.0028344,0.031179,7.5226e-05
3d7.(4F).4s,a 5F,5.0,11.0,0.858996,3d6.(3H).4s.4p.(3P*),z 3H*,6.0,13.0,5.825065,4.96607,249.66263,1430000.0,0.0015793,0.017372,4.1914e-05
3d7.(4F).4s,a 5F,5.0,11.0,0.858996,3d6.(3H).4s.4p.(3P*),z 3H*,5.0,11.0,5.828295,4.969299,249.50036,1100000.0,0.0010266,0.011292,2.7246e-05
3d7.(4F).4s,a 5F,5.0,11.0,0.858996,3d6.(3G).4s.4p.(3P*),w 5G*,6.0,13.0,5.87231,5.013314,247.30984,7210000.0,0.0078132,0.085945,0.00020736
3d7.(4F).4s,a 5F,5.0,11.0,0.858996,3d6.(3G).4s.4p.(3P*),w 5G*,5.0,11.0,5.879359,5.020363,246.96261,24000000.0,0.021945,0.24139,0.00058242
3d7.(4F).4s,a 5F,5.0,11.0,0.858996,3d6.(3G).4s.4p.(3P*),w 5G*,4.0,9.0,5.900414,5.041418,245.93119,1070000.0,0.00079382,0.008732,2.1068e-05
3d7.(4F).4s,a 5F,5.0,11.0,0.858996,3d6.(3G).4s.4p.(3P*),v 5F*,5.0,11.0,5.902406,5.04341,245.83406,48100000.0,0.04358,0.47938,0.0011566
3d7.(4F).4s,a 5F,5.0,11.0,0.858996,3d6.(3F2).4s.4p.(3P*),x 3G*,4.0,9.0,5.927947,5.068951,244.59536,1180000.0,0.00086594,0.0095253,2.2982e-05
3d7.(4F).4s,a 5F,5.0,11.0,0.858996,3d6.(3F2).4s.4p.(3P*),x 3G*,5.0,11.0,5.930728,5.071733,244.46123,5890000.0,0.0052771,0.058048,0.00014005
3d7.(4F).4s,a 5F,5.0,11.0,0.858996,3d6.(3G).4s.4p.(3P*),v 5F*,4.0,9.0,5.942562,5.083567,243.89215,7090000.0,0.0051731,0.056904,0.00013729
3d7.(4F).4s,a 5F,5.0,11.0,0.858996,3d6.(3G).4s.4p.(3P*),y 5H*,5.0,11.0,5.979917,5.120921,242.11309,105000.0,9.2275e-05,0.001015,2.449e-06
3d7.(4F).4s,a 5F,4.0,9.0,0.914602,3d7.(4P).4s,a 5P,3.0,7.0,2.175945,1.261343,982.95391,0.0029,3.2672e-11,2.9405e-10,8.6712e-13
3d7.(4F).4s,a 5F,4.0,9.0,0.914602,3d7.(4P).4s,a 5P,2.0,5.0,2.197866,1.283264,966.16266,0.0054,4.1984e-11,3.7785e-10,1.1142e-12
3d7.(4F).4s,a 5F,4.0,9.0,0.914602,3d6.(5D).4s.4p.(3P*),z 7D*,4.0,9.0,2.425433,1.510831,820.6357,9.76,9.8539e-08,8.8686e-07,2.6152e-09
3d7.(4F).4s,a 5F,4.0,9.0,0.914602,3d6.(5D).4s.4p.(3P*),z 7D*,3.0,7.0,2.44956,1.534958,807.73695,119.0,9.0532e-07,8.1479e-06,2.4027e-08
3d7.(4F).4s,a 5F,4.0,9.0,0.914602,3d7.(2G).4s,a 3G,5.0,11.0,2.692408,1.777805,697.40026,0.026,2.3171e-10,2.0854e-09,6.1496e-12
3d7.(4F).4s,a 5F,4.0,9.0,0.914602,3d7.(2G).4s,a 3G,4.0,9.0,2.727545,1.812942,683.88385,0.072,5.0484e-10,4.5436e-09,1.3399e-11
3d7.(4F).4s,a 5F,4.0,9.0,0.914602,3d6.(5D).4s.4p.(3P*),z 7F*,5.0,11.0,2.832527,1.917925,646.44981,97000.0,0.00074276,0.0066849,1.9713e-05
3d7.(4F).4s,a 5F,4.0,9.0,0.914602,3d6.(5D).4s.4p.(3P*),z 7F*,4.0,9.0,2.851224,1.936622,640.20855,869.0,5.3398e-06,4.8058e-05,1.4172e-07
3d7.(4F).4s,a 5F,4.0,9.0,0.914602,3d6.(5D).4s.4p.(3P*),z 7F*,3.0,7.0,2.865391,1.950789,635.55922,7.87,3.7068e-08,3.3361e-07,9.8379e-10
3d7.(4F).4s,a 5F,4.0,9.0,0.914602,3d6.(5D).4s.4p.(3P*),z 7P*,4.0,9.0,2.939846,2.025244,612.19397,21.2,1.1912e-07,1.0721e-06,3.1614e-09
3d7.(4F).4s,a 5F,4.0,9.0,0.914602,3d6.(5D).4s.4p.(3P*),z 5D*,4.0,9.0,3.211189,2.296587,539.86279,258000.0,0.0011273,0.010146,2.9919e-05
3d7.(4F).4s,a 5F,4.0,9.0,0.914602,3d6.(5D).4s.4p.(3P*),z 5D*,3.0,7.0,3.240969,2.326367,532.95202,1150000.0,0.0038088,0.034279,0.00010109
3d7.(4F).4s,a 5F,4.0,9.0,0.914602,3d7.(2D2).4s,a 3D,3.0,7.0,3.251482,2.33688,530.5545,0.18,5.9081e-10,5.3173e-09,1.568e-11
3d7.(4F).4s,a 5F,4.0,9.0,0.914602,3d6.(5D).4s.4p.(3P*),z 5F*,5.0,11.0,3.33202,2.417417,512.87874,11400.0,5.4947e-05,0.00049452,1.4583e-06
3d7.(4F).4s,a 5F,4.0,9.0,0.914602,3d6.(5D).4s.4p.(3P*),z 5F*,4.0,9.0,3.368256,2.453654,505.30428,46500.0,0.000178,0.001602,4.7241e-06
3d7.(4F).4s,a 5F,4.0,9.0,0.914602,3d6.(5D).4s.4p.(3P*),z 5F*,3.0,7.0,3.396509,2.481907,499.55223,31800.0,9.2535e-05,0.00083281,2.4559e-06
3d7.(4F).4s,a 5F,4.0,9.0,0.914602,3d6.(5D).4s.4p.(3P*),z 3F*,4.0,9.0,3.881604,2.967002,417.8771,37100.0,9.7125e-05,0.00087412,2.5777e-06
3d7.(4F).4s,a 5F,4.0,9.0,0.914602,3d6.(5D).4s.4p.(3P*),z 3D*,3.0,7.0,3.883509,2.968907,417.60891,58700.0,0.00011937,0.0010743,3.1681e-06
3d7.(4F).4s,a 5F,4.0,9.0,0.914602,3d7.(4F).4p,y 5D*,4.0,9.0,4.103374,3.188772,388.81493,3520000.0,0.0079779,0.071801,0.00021173
3d7.(4F).4s,a 5F,4.0,9.0,0.914602,3d7.(4F).4p,y 5D*,3.0,7.0,4.154354,3.239752,382.69662,59700000.0,0.10195,0.91757,0.0027058
3d7.(4F).4s,a 5F,4.0,9.0,0.914602,3d7.(4F).4p,y 5F*,5.0,11.0,4.177697,3.263095,379.95894,3230000.0,0.0085445,0.0769,0.00022677
3d7.(4F).4s,a 5F,4.0,9.0,0.914602,3d7.(4F).4p,y 5F*,4.0,9.0,4.220362,3.30576,375.05506,76300000.0,0.16091,1.4482,0.0042705
3d7.(4F).4s,a 5F,4.0,9.0,0.914602,3d7.(4F).4p,y 5F*,3.0,7.0,4.256223,3.341621,371.03014,15600000.0,0.025041,0.22537,0.0006646
3d7.(4F).4s,a 5F,4.0,9.0,0.914602,3d7.(4F).4p,z 5G*,5.0,11.0,4.312471,3.397868,364.88817,29100000.0,0.070994,0.63895,0.0018842
3d7.(4F).4s,a 5F,4.0,9.0,0.914602,3d7.(4F).4p,z 5G*,4.0,9.0,4.371351,3.456749,358.67285,3750000.0,0.0072325,0.065092,0.00019195
3d7.(4F).4s,a 5F,4.0,9.0,0.914602,3d7.(4F).4p,z 3G*,5.0,11.0,4.386463,3.471861,357.11169,67600000.0,0.15797,1.4217,0.0041924
3d7.(4F).4s,a 5F,4.0,9.0,0.914602,3d7.(4F).4p,z 5G*,3.0,7.0,4.415279,3.500677,354.1721,245000.0,0.00035835,0.0032252,9.5107e-06
3d7.(4F).4s,a 5F,4.0,9.0,0.914602,3d7.(4F).4p,z 3G*,4.0,9.0,4.434613,3.520011,352.22678,6140000.0,0.01142,0.10278,0.00030309
3d7.(4F).4s,a 5F,4.0,9.0,0.914602,3d7.(4F).4p,z 3G*,3.0,7.0,4.473272,3.55867,348.4004,145000.0,0.00020523,0.0018471,5.4468e-06
3d7.(4F).4s,a 5F,4.0,9.0,0.914602,3d7.(4F).4p,y 3F*,4.0,9.0,4.548506,3.633904,341.18733,31000.0,5.4101e-05,0.00048691,1.4358e-06
3d7.(4F).4s,a 5F,4.0,9.0,0.914602,3d6.(5D).4s.4p.(1P*),y 5P*,3.0,7.0,4.558523,3.643921,340.24945,719000.0,0.0009706,0.0087354,2.576e-05
3d7.(4F).4s,a 5F,4.0,9.0,0.914602,3d7.(4F).4p,y 3D*,3.0,7.0,4.733141,3.818539,324.69018,155000.0,0.00019054,0.0017149,5.0569e-06
3d7.(4F).4s,a 5F,4.0,9.0,0.914602,3d6.(5D).4s.4p.(1P*),x 5D*,4.0,9.0,4.912974,3.998371,310.08675,8230000.0,0.011864,0.10677,0.00031487
3d7.(4F).4s,a 5F,4.0,9.0,0.914602,3d6.(5D).4s.4p.(1P*),x 5D*,3.0,7.0,4.95563,4.041028,306.81351,31200000.0,0.034247,0.30822,0.00090891
3d7.(4F).4s,a 5F,4.0,9.0,0.914602,3d5.(6S).4s2.4p,y 7P*,3.0,7.0,4.985044,4.070442,304.59642,697000.0,0.00075405,0.0067864,2.0012e-05
3d7.(4F).4s,a 5F,4.0,9.0,0.914602,3d6.(5D).4s.4p.(1P*),x 5F*,5.0,11.0,4.991271,4.076669,304.13117,2450000.0,0.0041524,0.037371,0.0001102
3d7.(4F).4s,a 5F,4.0,9.0,0.914602,3d5.(6S).4s2.4p,y 7P*,4.0,9.0,5.011682,4.097079,302.61605,166000.0,0.0002279,0.0020511,6.0486e-06
3d7.(4F).4s,a 5F,4.0,9.0,0.914602,3d6.(5D).4s.4p.(1P*),x 5F*,4.0,9.0,5.033068,4.118466,301.04461,14300000.0,0.019429,0.17486,0.00051565
3d7.(4F).4s,a 5F,4.0,9.0,0.914602,3d6.(5D).4s.4p.(1P*),x 5F*,3.0,7.0,5.063782,4.14918,298.81618,5250000.0,0.0054662,0.049195,0.00014507
3d7.(4F).4s,a 5F,4.0,9.0,0.914602,3d6.(3P2).4s.4p.(3P*),x 5P*,3.0,7.0,5.273388,4.358786,284.44665,6960000.0,0.0065664,0.059097,0.00017427
3d7.(4F).4s,a 5F,4.0,9.0,0.914602,3d6.(3H).4s.4p.(3P*),y 5G*,5.0,11.0,5.3204,4.405797,281.41148,34200000.0,0.049627,0.44664,0.0013171
3d7.(4F).4s,a 5F,4.0,9.0,0.914602,3d6.(3H).4s.4p.(3P*),z 5H*,5.0,11.0,5.330291,4.415689,280.7811,11500000.0,0.016613,0.14952,0.0004409
3d7.(4F).4s,a 5F,4.0,9.0,0.914602,3d6.(3H).4s.4p.(3P*),y 5G*,4.0,9.0,5.33417,4.419568,280.53465,10500000.0,0.012389,0.1115,0.00032879
3d7.(4F).4s,a 5F,4.0,9.0,0.914602,3d6.(3H).4s.4p.(3P*),z 5H*,4.0,9.0,5.344825,4.430222,279.85999,4520000.0,0.0053074,0.047766,0.00014086
3d7.(4F).4s,a 5F,4.0,9.0,0.914602,3d6.(3H).4s.4p.(3P*),y 5G*,3.0,7.0,5.348367,4.433765,279.6364,1420000.0,0.0012948,0.011653,3.4363e-05
3d7.(4F).4s,a 5F,4.0,9.0,0.914602,3d6.(3H).4s.4p.(3P*),z 5H*,3.0,7.0,5.371735,4.457133,278.17031,72000.0,6.4963e-05,0.00058467,1.7241e-06
3d7.(4F).4s,a 5F,4.0,9.0,0.914602,3d6.(3P2).4s.4p.(3P*),w 5D*,4.0,9.0,5.393251,4.478649,276.83392,14800000.0,0.017004,0.15304,0.0004513
3d7.(4F).4s,a 5F,4.0,9.0,0.914602,3d6.(3P2).4s.4p.(3P*),w 5D*,3.0,7.0,5.445717,4.531115,273.62848,50300000.0,0.043914,0.39523,0.0011655
3d7.(4F).4s,a 5F,4.0,9.0,0.914602,3d6.(3F2).4s.4p.(3P*),v 5D*,4.0,9.0,5.458097,4.543495,272.88286,3450000.0,0.0038515,0.034664,0.00010222
3d7.(4F).4s,a 5F,4.0,9.0,0.914602,3d6.(3F2).4s.4p.(3P*),v 5D*,3.0,7.0,5.475912,4.561309,271.81712,192000.0,0.00016541,0.0014887,4.3901e-06
3d7.(4F).4s,a 5F,4.0,9.0,0.914602,3d6.(3F2).4s.4p.(3P*),w 5F*,5.0,11.0,5.485518,4.570916,271.24587,4990000.0,0.0067272,0.060545,0.00017854
3d7.(4F).4s,a 5F,4.0,9.0,0.914602,3d6.(3F2).4s.4p.(3P*),w 5F*,4.0,9.0,5.506767,4.592165,269.99072,5590000.0,0.006109,0.054981,0.00016213
3d7.(4F).4s,a 5F,4.0,9.0,0.914602,3d6.(3F2).4s.4p.(3P*),w 5F*,3.0,7.0,5.523662,4.609059,269.00109,16800000.0,0.014175,0.12758,0.00037621
3d7.(4F).4s,a 5F,4.0,9.0,0.914602,3d6.(3P2).4s.4p.(3P*),x 3D*,3.0,7.0,5.60665,4.692048,264.24326,6470000.0,0.0052678,0.04741,0.00013981
3d7.(4F).4s,a 5F,4.0,9.0,0.914602,3d6.(3H).4s.4p.(3P*),y 3G*,5.0,11.0,5.615845,4.701243,263.72642,786000.0,0.0010017,0.0090153,2.6585e-05
3d7.(4F).4s,a 5F,4.0,9.0,0.914602,3d6.(3H).4s.4p.(3P*),y 3G*,4.0,9.0,5.632404,4.717802,262.80078,109000.0,0.00011286,0.0010157,2.9953e-06
3d7.(4F).4s,a 5F,4.0,9.0,0.914602,3d6.(3F2).4s.4p.(3P*),x 5G*,5.0,11.0,5.669318,4.754715,260.7605,24300000.0,0.030276,0.27248,0.00080353
3d7.(4F).4s,a 5F,4.0,9.0,0.914602,3d6.(3F2).4s.4p.(3P*),x 5G*,4.0,9.0,5.682595,4.767993,260.03434,14700000.0,0.014902,0.13412,0.00039549
3d7.(4F).4s,a 5F,4.0,9.0,0.914602,3d6.(3F2).4s.4p.(3P*),x 5G*,3.0,7.0,5.692548,4.777946,259.49268,1860000.0,0.0014604,0.013144,3.876e-05
3d7.(4F).4s,a 5F,4.0,9.0,0.914602,3d6.(3H).4s.4p.(3P*),z 3I*,5.0,11.0,5.720113,4.80551,258.00422,315000.0,0.00038421,0.0034579,1.0197e-05
3d7.(4F).4s,a 5F,4.0,9.0,0.914602,3d7.(4P).4p,u 5D*,3.0,7.0,5.79564,4.881038,254.01193,2410000.0,0.0018132,0.016319,4.8122e-05
3d7.(4F).4s,a 5F,4.0,9.0,0.914602,3d6.(3H).4s.4p.(3P*),z 3H*,5.0,11.0,5.828295,4.913693,252.32386,1140000.0,0.0013299,0.011969,3.5297e-05
3d7.(4F).4s,a 5F,4.0,9.0,0.914602,3d7.(4P).4p,w 3D*,3.0,7.0,5.829388,4.914786,252.26774,2420000.0,0.0017958,0.016162,4.766e-05
3d7.(4F).4s,a 5F,4.0,9.0,0.914602,3d6.(3H).4s.4p.(3P*),z 3H*,4.0,9.0,5.84046,4.925857,251.70074,373000.0,0.00035427,0.0031885,9.4024e-06
3d7.(4F).4s,a 5F,4.0,9.0,0.914602,3d6.(3G).4s.4p.(3P*),w 5G*,5.0,11.0,5.879359,4.964757,249.72864,21500000.0,0.024569,0.22112,0.00065206
3d7.(4F).4s,a 5F,4.0,9.0,0.914602,3d6.(3G).4s.4p.(3P*),w 5G*,4.0,9.0,5.900414,4.985812,248.67405,2940000.0,0.0027256,0.024531,7.2338e-05
3d7.(4F).4s,a 5F,4.0,9.0,0.914602,3d6.(3G).4s.4p.(3P*),w 5G*,3.0,7.0,5.913208,4.998606,248.03756,706000.0,0.00050647,0.0045582,1.3442e-05
3d7.(4F).4s,a 5F,4.0,9.0,0.914602,3d6.(3F2).4s.4p.(3P*),x 3G*,4.0,9.0,5.927947,5.013345,247.30833,10700000.0,0.0098112,0.088301,0.00026039
3d7.(4F).4s,a 5F,4.0,9.0,0.914602,3d6.(3F2).4s.4p.(3P*),x 3G*,5.0,11.0,5.930728,5.016126,247.17121,2360000.0,0.0026419,0.023777,7.0116e-05
3d7.(4F).4s,a 5F,4.0,9.0,0.914602,3d6.(3G).4s.4p.(3P*),v 5F*,4.0,9.0,5.942562,5.02796,246.58946,43500000.0,0.039655,0.35689,0.0010524
3d7.(4F).4s,a 5F,4.0,9.0,0.914602,3d6.(3G).4s.4p.(3P*),v 5F*,3.0,7.0,5.966483,5.05188,245.42188,18900000.0,0.013274,0.11947,0.00035229
3d7.(4F).4s,a 5F,3.0,7.0,0.958157,3d7.(4P).4s,a 5P,2.0,5.0,2.197866,1.239709,1000.10721,0.0039,4.1772e-11,2.9241e-10,1.1086e-12
3d7.(4F).4s,a 5F,3.0,7.0,0.958157,3d7.(4P).4s,a 5P,1.0,3.0,2.222712,1.264555,980.45732,0.0029,1.7912e-11,1.2538e-10,4.7538e-13
3d7.(4F).4s,a 5F,3.0,7.0,0.958157,3d7.(2G).4s,a 3G,4.0,9.0,2.727545,1.769387,700.7183,0.032,3.0286e-10,2.12e-09,8.0379e-12
3d7.(4F).4s,a 5F,3.0,7.0,0.958157,3d7.(2G).4s,a 3G,3.0,7.0,2.758578,1.80042,688.6403,0.028,1.9907e-10,1.3935e-09,5.2833e-12
3d7.(4F).4s,a 5F,3.0,7.0,0.958157,3d6.(5D).4s.4p.(3P*),z 7F*,3.0,7.0,2.865391,1.907234,650.07337,464.0,2.9397e-06,2.0578e-05,7.802e-08
3d7.(4F).4s,a 5F,3.0,7.0,0.958157,3d6.(5D).4s.4p.(3P*),z 5D*,4.0,9.0,3.211189,2.253032,550.29931,22000.0,0.00012842,0.00089892,3.4082e-06
3d7.(4F).4s,a 5F,3.0,7.0,0.958157,3d6.(5D).4s.4p.(3P*),z 5D*,3.0,7.0,3.240969,2.282812,543.12054,427000.0,0.0018883,0.013218,5.0117e-05
3d7.(4F).4s,a 5F,3.0,7.0,0.958157,3d6.(5D).4s.4p.(3P*),z 5D*,2.0,5.0,3.265706,2.307549,537.29828,1050000.0,0.003246,0.022722,8.6149e-05
3d7.(4F).4s,a 5F,3.0,7.0,0.958157,3d7.(2D2).4s,a 3D,2.0,5.0,3.300922,2.342765,529.22163,0.22,6.5983e-10,4.6188e-09,1.7512e-11
3d7.(4F).4s,a 5F,3.0,7.0,0.958157,3d6.(5D).4s.4p.(3P*),z 5F*,4.0,9.0,3.368256,2.410099,514.43611,24000.0,0.00012243,0.00085699,3.2492e-06
3d7.(4F).4s,a 5F,3.0,7.0,0.958157,3d6.(5D).4s.4p.(3P*),z 5F*,3.0,7.0,3.396509,2.438351,508.4755,40600.0,0.00015737,0.0011016,4.1766e-06
3d7.(4F).4s,a 5F,3.0,7.0,0.958157,3d6.(5D).4s.4p.(3P*),z 5F*,2.0,5.0,3.416953,2.458795,504.24771,42900.0,0.00011681,0.00081766,3.1001e-06
3d7.(4F).4s,a 5F,3.0,7.0,0.958157,3d6.(5D).4s.4p.(3P*),z 3D*,3.0,7.0,3.883509,2.925352,423.82663,2220.0,5.9785e-06,4.1849e-05,1.5867e-07
3d7.(4F).4s,a 5F,3.0,7.0,0.958157,3d6.(5D).4s.4p.(3P*),z 3D*,2.0,5.0,3.928607,2.97045,417.39204,64600.0,0.00012052,0.00084363,3.1986e-06
3d7.(4F).4s,a 5F,3.0,7.0,0.958157,3d6.(5D).4s.4p.(3P*),z 3F*,3.0,7.0,3.943326,2.985169,415.33395,32400.0,8.3791e-05,0.00058654,2.2238e-06
3d7.(4F).4s,a 5F,3.0,7.0,0.958157,3d7.(4F).4p,y 5D*,4.0,9.0,4.103374,3.145216,394.19926,120000.0,0.00035943,0.002516,9.5393e-06
3d7.(4F).4s,a 5F,3.0,7.0,0.958157,3d7.(4F).4p,y 5D*,3.0,7.0,4.154354,3.196196,387.91169,7720000.0,0.017416,0.12191,0.00046221
3d7.(4F).4s,a 5F,3.0,7.0,0.958157,3d7.(4F).4p,y 5D*,2.0,5.0,4.190861,3.232703,383.53099,45200000.0,0.071199,0.49839,0.0018896
3d7.(4F).4s,a 5F,3.0,7.0,0.958157,3d6.(5D).4s.4p.(3P*),z 3P*,2.0,5.0,4.208883,3.250726,381.40465,7910000.0,0.012322,0.086254,0.00032702
3d7.(4F).4s,a 5F,3.0,7.0,0.958157,3d7.(4F).4p,y 5F*,4.0,9.0,4.220362,3.262205,380.06258,7310000.0,0.020353,0.14247,0.00054017
3d7.(4F).4s,a 5F,3.0,7.0,0.958157,3d7.(4F).4p,y 5F*,3.0,7.0,4.256223,3.298065,375.93007,63400000.0,0.13433,0.94029,0.003565
3d7.(4F).4s,a 5F,3.0,7.0,0.958157,3d7.(4F).4p,y 5F*,2.0,5.0,4.283308,3.325151,372.86788,22400000.0,0.03335,0.23345,0.0008851
3d7.(4F).4s,a 5F,3.0,7.0,0.958157,3d7.(4F).4p,z 5G*,4.0,9.0,4.371351,3.413194,363.24981,51700000.0,0.13149,0.92046,0.0034898
3d7.(4F).4s,a 5F,3.0,7.0,0.958157,3d7.(4F).4p,z 5G*,3.0,7.0,4.415279,3.457121,358.6342,11700000.0,0.022561,0.15792,0.00059876
3d7.(4F).4s,a 5F,3.0,7.0,0.958157,3d7.(4F).4p,z 3G*,4.0,9.0,4.434613,3.476455,356.63969,42900000.0,0.10518,0.73624,0.0027914
3d7.(4F).4s,a 5F,3.0,7.0,0.958157,3d7.(4F).4p,z 5G*,2.0,5.0,4.445627,3.48747,355.51331,657000.0,0.00088922,0.0062245,2.36e-05
3d7.(4F).4s,a 5F,3.0,7.0,0.958157,3d7.(4F).4p,z 3G*,3.0,7.0,4.473272,3.515115,352.71736,4140000.0,0.0077217,0.054052,0.00020493
3d7.(4F).4s,a 5F,3.0,7.0,0.958157,3d7.(4F).4p,y 3F*,4.0,9.0,4.548506,3.590349,345.32633,749000.0,0.0017217,0.012052,4.5693e-05
3d7.(4F).4s,a 5F,3.0,7.0,0.958157,3d6.(5D).4s.4p.(1P*),y 5P*,3.0,7.0,4.558523,3.600365,344.36559,175000.0,0.00031113,0.0021779,8.2573e-06
3d7.(4F).4s,a 5F,3.0,7.0,0.958157,3d6.(5D).4s.4p.(1P*),y 5P*,2.0,5.0,4.606951,3.648794,339.79503,433000.0,0.00053537,0.0037476,1.4209e-05
3d7.(4F).4s,a 5F,3.0,7.0,0.958157,3d6.(5D).4s.4p.(1P*),x 5D*,4.0,9.0,4.912974,3.954816,313.50179,786000.0,0.001489,0.010423,3.9519e-05
3d7.(4F).4s,a 5F,3.0,7.0,0.958157,3d6.(5D).4s.4p.(1P*),x 5D*,3.0,7.0,4.95563,3.997473,310.15645,13500000.0,0.01947,0.13629,0.00051672
3d7.(4F).4s,a 5F,3.0,7.0,0.958157,3d5.(6S).4s2.4p,y 7P*,2.0,5.0,4.965819,4.007662,309.36789,84000.0,8.6092e-05,0.00060264,2.2849e-06
3d7.(4F).4s,a 5F,3.0,7.0,0.958157,3d5.(6S).4s2.4p,y 7P*,3.0,7.0,4.985044,4.026887,307.89096,311000.0,0.00044199,0.0030939,1.173e-05
3d7.(4F).4s,a 5F,3.0,7.0,0.958157,3d6.(5D).4s.4p.(1P*),x 5D*,2.0,5.0,4.98805,4.029893,307.66129,31400000.0,0.031828,0.22279,0.00084471
3d7.(4F).4s,a 5F,3.0,7.0,0.958157,3d6.(5D).4s.4p.(1P*),x 5F*,4.0,9.0,5.033068,4.074911,304.26236,5200000.0,0.0092791,0.064953,0.00024627
3d7.(4F).4s,a 5F,3.0,7.0,0.958157,3d6.(5D).4s.4p.(1P*),x 5F*,3.0,7.0,5.063782,4.105624,301.98622,10300000.0,0.014082,0.098576,0.00037374
3d7.(4F).4s,a 5F,3.0,7.0,0.958157,3d6.(3P2).4s.4p.(3P*),z 5S*,2.0,5.0,5.070333,4.112175,301.50514,257000.0,0.00025018,0.0017513,6.6398e-06
3d7.(4F).4s,a 5F,3.0,7.0,0.958157,3d6.(5D).4s.4p.(1P*),x 5F*,2.0,5.0,5.08559,4.127433,300.39059,7500000.0,0.0072471,0.05073,0.00019234
3d7.(4F).4s,a 5F,3.0,7.0,0.958157,3d6.(3P2).4s.4p.(3P*),x 5P*,3.0,7.0,5.273388,4.31523,287.31767,1980000.0,0.0024505,0.017153,6.5035e-05
3d7.(4F).4s,a 5F,3.0,7.0,0.958157,3d6.(3P2).4s.4p.(3P*),x 5P*,2.0,5.0,5.313935,4.355778,284.64307,7860000.0,0.0068195,0.047737,0.00018099
3d7.(4F).4s,a 5F,3.0,7.0,0.958157,3d6.(3H).4s.4p.(3P*),y 5G*,4.0,9.0,5.33417,4.376013,283.32685,23800000.0,0.036826,0.25778,0.00097737
3d7.(4F).4s,a 5F,3.0,7.0,0.958157,3d6.(3H).4s.4p.(3P*),z 5H*,4.0,9.0,5.344825,4.386667,282.63872,13200000.0,0.020326,0.14228,0.00053944
3d7.(4F).4s,a 5F,3.0,7.0,0.958157,3d6.(3H).4s.4p.(3P*),y 5G*,3.0,7.0,5.348367,4.390209,282.41067,15100000.0,0.018055,0.12639,0.00047918
3d7.(4F).4s,a 5F,3.0,7.0,0.958157,3d6.(3H).4s.4p.(3P*),y 5G*,2.0,5.0,5.35736,4.399203,281.83332,1490000.0,0.0012674,0.0088716,3.3636e-05
3d7.(4F).4s,a 5F,3.0,7.0,0.958157,3d6.(3H).4s.4p.(3P*),z 5H*,3.0,7.0,5.371735,4.413578,280.91542,448000.0,0.00053002,0.0037101,1.4067e-05
3d7.(4F).4s,a 5F,3.0,7.0,0.958157,3d6.(3P2).4s.4p.(3P*),w 5D*,4.0,9.0,5.393251,4.435094,279.55259,1100000.0,0.001657,0.011599,4.3977e-05
3d7.(4F).4s,a 5F,3.0,7.0,0.958157,3d6.(3P2).4s.4p.(3P*),w 5D*,3.0,7.0,5.445717,4.487559,276.28425,17600000.0,0.020141,0.14099,0.00053455
3d7.(4F).4s,a 5F,3.0,7.0,0.958157,3d6.(3F2).4s.4p.(3P*),v 5D*,4.0,9.0,5.458097,4.49994,275.5241,1620000.0,0.0023705,0.016593,6.2913e-05
3d7.(4F).4s,a 5F,3.0,7.0,0.958157,3d6.(3F2).4s.4p.(3P*),v 5D*,3.0,7.0,5.475912,4.517754,274.43767,4840000.0,0.005465,0.038255,0.00014504
3d7.(4F).4s,a 5F,3.0,7.0,0.958157,3d6.(3P2).4s.4p.(3P*),w 5D*,2.0,5.0,5.478072,4.519914,274.30652,34100000.0,0.027476,0.19233,0.00072922
3d7.(4F).4s,a 5F,3.0,7.0,0.958157,3d6.(3F2).4s.4p.(3P*),w 5F*,2.0,5.0,5.490697,4.532539,273.54247,968000.0,0.00077563,0.0054294,2.0585e-05
3d7.(4F).4s,a 5F,3.0,7.0,0.958157,3d6.(3F2).4s.4p.(3P*),w 5F*,4.0,9.0,5.506767,4.54861,272.57601,4760000.0,0.0068169,0.047718,0.00018092
3d7.(4F).4s,a 5F,3.0,7.0,0.958157,3d7.(4P).4p,y 5S*,2.0,5.0,5.518761,4.560604,271.85916,1920000.0,0.0015196,0.010637,4.0329e-05
3d7.(4F).4s,a 5F,3.0,7.0,0.958157,3d6.(3F2).4s.4p.(3P*),w 5F*,3.0,7.0,5.523662,4.565504,271.56737,838000.0,0.00092653,0.0064857,2.459e-05
3d7.(4F).4s,a 5F,3.0,7.0,0.958157,3d6.(3F2).4s.4p.(3P*),v 5D*,2.0,5.0,5.53764,4.579482,270.73846,26900000.0,0.021115,0.1478,0.00056038
3d7.(4F).4s,a 5F,3.0,7.0,0.958157,3d6.(3P2).4s.4p.(3P*),x 3D*,3.0,7.0,5.60665,4.648493,266.71915,1790000.0,0.0019091,0.013363,5.0667e-05
3d7.(4F).4s,a 5F,3.0,7.0,0.958157,3d6.(3P2).4s.4p.(3P*),x 3D*,2.0,5.0,5.614232,4.656074,266.28483,4640000.0,0.0035232,0.024663,9.3507e-05
3d7.(4F).4s,a 5F,3.0,7.0,0.958157,3d6.(3H).4s.4p.(3P*),y 3G*,4.0,9.0,5.632404,4.674247,265.24958,972000.0,0.0013182,0.0092274,3.4985e-05
3d7.(4F).4s,a 5F,3.0,7.0,0.958157,3d6.(3F2).4s.4p.(3P*),x 5G*,4.0,9.0,5.682595,4.724438,262.43163,21300000.0,0.028276,0.19793,0.00075044
3d7.(4F).4s,a 5F,3.0,7.0,0.958157,3d6.(3F2).4s.4p.(3P*),x 5G*,3.0,7.0,5.692548,4.734391,261.87994,15000000.0,0.015423,0.10796,0.00040931
3d7.(4F).4s,a 5F,3.0,7.0,0.958157,3d6.(3F2).4s.4p.(3P*),x 5G*,2.0,5.0,5.698928,4.740771,261.5275,1800000.0,0.0013184,0.0092286,3.499e-05
3d7.(4F).4s,a 5F,3.0,7.0,0.958157,3d6.(3P2).4s.4p.(3P*),y 3P*,2.0,5.0,5.793419,4.835262,256.41674,1120000.0,0.00078857,0.00552,2.0929e-05
3d7.(4F).4s,a 5F,3.0,7.0,0.958157,3d7.(4P).4p,u 5D*,2.0,5.0,5.813435,4.855278,255.35963,1430000.0,0.00099856,0.0069899,2.6502e-05
3d7.(4F).4s,a 5F,3.0,7.0,0.958157,3d6.(3H).4s.4p.(3P*),z 3H*,4.0,9.0,5.84046,4.882302,253.94617,274000.0,0.00034059,0.0023842,9.0394e-06
3d7.(4F).4s,a 5F,3.0,7.0,0.958157,3d6.(3F2).4s.4p.(3P*),x 3F*,2.0,5.0,5.851683,4.893526,253.36372,1430000.0,0.00098301,0.006881,2.6089e-05
3d7.(4F).4s,a 5F,3.0,7.0,0.958157,3d7.(2G).4p,z 1G*,4.0,9.0,5.883387,4.92523,251.73282,1710000.0,0.0020887,0.014621,5.5435e-05
3d7.(4F).4s,a 5F,3.0,7.0,0.958157,3d6.(3G).4s.4p.(3P*),w 5G*,4.0,9.0,5.900414,4.942257,250.86556,19300000.0,0.023412,0.16389,0.00062136
3d7.(4F).4s,a 5F,3.0,7.0,0.958157,3d6.(3G).4s.4p.(3P*),w 5G*,3.0,7.0,5.913208,4.955051,250.21782,156000.0,0.00014643,0.001025,3.8862e-06
3d7.(4F).4s,a 5F,3.0,7.0,0.958157,3d6.(3F2).4s.4p.(3P*),x 3G*,3.0,7.0,5.930688,4.97253,249.33825,535000.0,0.00049864,0.0034905,1.3234e-05
3d7.(4F).4s,a 5F,3.0,7.0,0.958157,3d6.(3G).4s.4p.(3P*),v 5F*,4.0,9.0,5.942562,4.984405,248.74423,14700000.0,0.017532,0.12272,0.00046529
3d7.(4F).4s,a 5F,3.0,7.0,0.958157,3d6.(3G).4s.4p.(3P*),v 5F*,3.0,7.0,5.966483,5.008325,247.5562,61300000.0,0.056321,0.39424,0.0014948
3d7.(4F).4s,a 5F,3.0,7.0,0.958157,3d7.(4P).4p,x 3P*,2.0,5.0,5.989012,5.030855,246.44756,16400000.0,0.010667,0.074666,0.00028309
3d7.(4F).4s,a 5F,2.0,5.0,0.990111,3d7.(4P).4s,a 5P,2.0,5.0,2.197866,1.207755,1026.56725,0.016,2.5279e-10,1.2639e-09,6.709e-12
3d7.(4F).4s,a 5F,2.0,5.0,0.990111,3d7.(4P).4s,a 5P,1.0,3.0,2.222712,1.232601,1005.87461,0.0043,3.9135e-11,1.9568e-10,1.0386e-12
3d7.(4F).4s,a 5F,2.0,5.0,0.990111,3d7.(2G).4s,a 3G,3.0,7.0,2.758578,1.768466,701.08312,0.022,2.2696e-10,1.1348e-09,6.0235e-12
3d7.(4F).4s,a 5F,2.0,5.0,0.990111,3d6.(5D).4s.4p.(3P*),z 7F*,2.0,5.0,2.875504,1.885392,657.60422,306.0,1.9839e-06,9.9193e-06,5.2652e-08
3d7.(4F).4s,a 5F,2.0,5.0,0.990111,3d6.(5D).4s.4p.(3P*),z 5D*,3.0,7.0,3.240969,2.250858,550.83083,50100.0,0.00031905,0.0015953,8.4676e-06
3d7.(4F).4s,a 5F,2.0,5.0,0.990111,3d6.(5D).4s.4p.(3P*),z 5D*,2.0,5.0,3.265706,2.275595,544.843,548000.0,0.0024388,0.012194,6.4727e-05
3d7.(4F).4s,a 5F,2.0,5.0,0.990111,3d7.(2D2).4s,a 3D,1.0,3.0,3.273984,2.283873,542.86812,0.17,4.5066e-10,2.2533e-09,1.1961e-11
3d7.(4F).4s,a 5F,2.0,5.0,0.990111,3d6.(5D).4s.4p.(3P*),z 5D*,1.0,3.0,3.283025,2.292914,540.72772,1090000.0,0.0028668,0.014334,7.6084e-05
3d7.(4F).4s,a 5F,2.0,5.0,0.990111,3d7.(2D2).4s,a 3D,2.0,5.0,3.300922,2.310811,536.53969,0.02,8.6316e-11,4.3158e-10,2.2908e-12
3d7.(4F).4s,a 5F,2.0,5.0,0.990111,3d6.(5D).4s.4p.(3P*),z 5F*,3.0,7.0,3.396509,2.406398,515.22739,33000.0,0.00018387,0.00091933,4.8798e-06
3d7.(4F).4s,a 5F,2.0,5.0,0.990111,3d7.(2P).4s,a 1P,1.0,3.0,3.414897,2.424786,511.32017,0.023,5.4091e-11,2.7045e-10,1.4356e-12
3d7.(4F).4s,a 5F,2.0,5.0,0.990111,3d6.(5D).4s.4p.(3P*),z 5F*,2.0,5.0,3.416953,2.426842,510.88705,41800.0,0.00016356,0.00081782,4.341e-06
3d7.(4F).4s,a 5F,2.0,5.0,0.990111,3d6.(5D).4s.4p.(3P*),z 5F*,1.0,3.0,3.43019,2.440079,508.11554,51900.0,0.00012053,0.00060266,3.1989e-06
3d7.(4F).4s,a 5F,2.0,5.0,0.990111,3d6.(5D).4s.4p.(3P*),z 3D*,1.0,3.0,3.959724,2.969612,417.50969,65000.0,0.00010192,0.0005096,2.7049e-06
3d7.(4F).4s,a 5F,2.0,5.0,0.990111,3d6.(5D).4s.4p.(3P*),z 3F*,2.0,5.0,3.984107,2.993996,414.10944,18300.0,4.7048e-05,0.00023524,1.2487e-06
3d7.(4F).4s,a 5F,2.0,5.0,0.990111,3d7.(4F).4p,y 5D*,3.0,7.0,4.154354,3.164243,391.82899,434000.0,0.0013985,0.0069926,3.7117e-05
3d7.(4F).4s,a 5F,2.0,5.0,0.990111,3d7.(4F).4p,y 5D*,2.0,5.0,4.190861,3.20075,387.35987,10500000.0,0.02362,0.1181,0.00062687
3d7.(4F).4s,a 5F,2.0,5.0,0.990111,3d6.(5D).4s.4p.(3P*),z 3P*,2.0,5.0,4.208883,3.218772,385.19098,1660000.0,0.0036925,0.018462,9.7999e-05
3d7.(4F).4s,a 5F,2.0,5.0,0.990111,3d7.(4F).4p,y 5D*,1.0,3.0,4.217583,3.227472,384.15266,47000000.0,0.06239,0.31195,0.0016558
3d7.(4F).4s,a 5F,2.0,5.0,0.990111,3d7.(4F).4p,y 5F*,3.0,7.0,4.256223,3.266112,379.60796,11500000.0,0.034782,0.17391,0.00092312
3d7.(4F).4s,a 5F,2.0,5.0,0.990111,3d6.(5D).4s.4p.(3P*),z 3P*,1.0,3.0,4.260453,3.270342,379.11691,2680000.0,0.0034649,0.017325,9.1959e-05
3d7.(4F).4s,a 5F,2.0,5.0,0.990111,3d7.(4F).4p,y 5F*,2.0,5.0,4.283308,3.293197,376.48581,54400000.0,0.1156,0.578,0.003068
3d7.(4F).4s,a 5F,2.0,5.0,0.990111,3d7.(4F).4p,y 5F*,1.0,3.0,4.301278,3.311167,374.4426,26000000.0,0.032791,0.16396,0.00087027
3d7.(4F).4s,a 5F,2.0,5.0,0.990111,3d7.(4F).4p,z 5G*,3.0,7.0,4.415279,3.425168,361.97994,72200000.0,0.19856,0.9928,0.0052698
3d7.(4F).4s,a 5F,2.0,5.0,0.990111,3d7.(4F).4p,z 5G*,2.0,5.0,4.445627,3.455516,358.80081,16600000.0,0.032039,0.16019,0.00085031
3d7.(4F).4s,a 5F,2.0,5.0,0.990111,3d7.(4F).4p,z 3G*,3.0,7.0,4.473272,3.483161,355.95312,17700000.0,0.04707,0.23535,0.0012492
3d7.(4F).4s,a 5F,2.0,5.0,0.990111,3d6.(5D).4s.4p.(1P*),y 5P*,2.0,5.0,4.606951,3.61684,342.79703,283000.0,0.00049856,0.0024928,1.3232e-05
3d7.(4F).4s,a 5F,2.0,5.0,0.990111,3d7.(4F).4p,y 3F*,3.0,7.0,4.607593,3.617482,342.73617,999000.0,0.002463,0.012315,6.5369e-05
3d7.(4F).4s,a 5F,2.0,5.0,0.990111,3d6.(5D).4s.4p.(1P*),y 5P*,1.0,3.0,4.638194,3.648083,339.86128,129000.0,0.00013403,0.00067015,3.5572e-06
3d7.(4F).4s,a 5F,2.0,5.0,0.990111,3d6.(5D).4s.4p.(1P*),x 5D*,3.0,7.0,4.95563,3.965519,312.65566,2120000.0,0.0043497,0.021748,0.00011544
3d7.(4F).4s,a 5F,2.0,5.0,0.990111,3d5.(6S).4s2.4p,y 7P*,2.0,5.0,4.965819,3.975708,311.85436,43000.0,6.2695e-05,0.00031347,1.6639e-06
3d7.(4F).4s,a 5F,2.0,5.0,0.990111,3d5.(6S).4s2.4p,y 7P*,3.0,7.0,4.985044,3.994933,310.35365,30000.0,6.0649e-05,0.00030324,1.6096e-06
3d7.(4F).4s,a 5F,2.0,5.0,0.990111,3d6.(5D).4s.4p.(1P*),x 5D*,2.0,5.0,4.98805,3.997939,310.1203,18700000.0,0.026963,0.13481,0.00071559
3d7.(4F).4s,a 5F,2.0,5.0,0.990111,3d6.(5D).4s.4p.(1P*),x 5D*,1.0,3.0,5.009522,4.019411,308.46363,30800000.0,0.026361,0.13181,0.00069963
3d7.(4F).4s,a 5F,2.0,5.0,0.990111,3d6.(5D).4s.4p.(1P*),x 5F*,3.0,7.0,5.063782,4.073671,304.35499,5200000.0,0.01011,0.05055,0.00026832
3d7.(4F).4s,a 5F,2.0,5.0,0.990111,3d6.(3P2).4s.4p.(3P*),z 5S*,2.0,5.0,5.070333,4.080221,303.86635,344000.0,0.00047619,0.002381,1.2638e-05
3d7.(4F).4s,a 5F,2.0,5.0,0.990111,3d6.(5D).4s.4p.(1P*),x 5F*,2.0,5.0,5.08559,4.095479,302.7343,11000000.0,0.015114,0.075569,0.00040112
3d7.(4F).4s,a 5F,2.0,5.0,0.990111,3d6.(5D).4s.4p.(1P*),x 5F*,1.0,3.0,5.099544,4.109433,301.70632,8850000.0,0.0072464,0.036232,0.00019232
3d7.(4F).4s,a 5F,2.0,5.0,0.990111,3d6.(3P2).4s.4p.(3P*),x 5P*,3.0,7.0,5.273388,4.283277,289.4611,176000.0,0.00030951,0.0015476,8.2145e-06
3d7.(4F).4s,a 5F,2.0,5.0,0.990111,3d6.(3P2).4s.4p.(3P*),x 5P*,2.0,5.0,5.313935,4.323824,286.74663,1990000.0,0.0024531,0.012265,6.5104e-05
3d7.(4F).4s,a 5F,2.0,5.0,0.990111,3d6.(3P2).4s.4p.(3P*),x 5P*,1.0,3.0,5.341118,4.351007,284.95518,2700000.0,0.0019721,0.0098605,5.2339e-05
3d7.(4F).4s,a 5F,2.0,5.0,0.990111,3d6.(3H).4s.4p.(3P*),y 5G*,3.0,7.0,5.348367,4.358256,284.48125,31700000.0,0.053846,0.26923,0.0014291
3d7.(4F).4s,a 5F,2.0,5.0,0.990111,3d6.(3H).4s.4p.(3P*),y 5G*,2.0,5.0,5.35736,4.367249,283.89541,12800000.0,0.015466,0.077331,0.00041048
3d7.(4F).4s,a 5F,2.0,5.0,0.990111,3d6.(3H).4s.4p.(3P*),z 5H*,3.0,7.0,5.371735,4.381624,282.96404,1870000.0,0.0031426,0.015713,8.3405e-05
3d7.(4F).4s,a 5F,2.0,5.0,0.990111,3d6.(3P2).4s.4p.(3P*),w 5D*,3.0,7.0,5.445717,4.455606,278.26565,2250000.0,0.0036567,0.018283,9.7049e-05
3d7.(4F).4s,a 5F,2.0,5.0,0.990111,3d6.(3F2).4s.4p.(3P*),v 5D*,3.0,7.0,5.475912,4.4858,276.39258,3270000.0,0.0052431,0.026215,0.00013915
3d7.(4F).4s,a 5F,2.0,5.0,0.990111,3d6.(3P2).4s.4p.(3P*),w 5D*,2.0,5.0,5.478072,4.487961,276.25955,19400000.0,0.022197,0.11099,0.00058911
3d7.(4F).4s,a 5F,2.0,5.0,0.990111,3d6.(3F2).4s.4p.(3P*),w 5F*,2.0,5.0,5.490697,4.500585,275.48461,7290000.0,0.0082943,0.041472,0.00022013
3d7.(4F).4s,a 5F,2.0,5.0,0.990111,3d6.(3F2).4s.4p.(3P*),w 5F*,1.0,3.0,5.502213,4.512102,274.78146,6610000.0,0.0044894,0.022447,0.00011915
3d7.(4F).4s,a 5F,2.0,5.0,0.990111,3d6.(3P2).4s.4p.(3P*),w 5D*,1.0,3.0,5.506282,4.516171,274.53389,25300000.0,0.017152,0.085762,0.00045522
3d7.(4F).4s,a 5F,2.0,5.0,0.990111,3d6.(3F2).4s.4p.(3P*),w 5F*,3.0,7.0,5.523662,4.53355,273.48146,2200000.0,0.0034536,0.017268,9.1657e-05
3d7.(4F).4s,a 5F,2.0,5.0,0.990111,3d6.(3F2).4s.4p.(3P*),v 5D*,2.0,5.0,5.53764,4.547528,272.64085,492000.0,0.00054829,0.0027414,1.4551e-05
3d7.(4F).4s,a 5F,2.0,5.0,0.990111,3d6.(3F2).4s.4p.(3P*),v 5D*,1.0,3.0,5.549625,4.559514,271.92415,37900000.0,0.025208,0.12604,0.00066903
3d7.(4F).4s,a 5F,2.0,5.0,0.990111,3d6.(3P2).4s.4p.(3P*),x 3D*,3.0,7.0,5.60665,4.616539,268.56527,187000.0,0.00028309,0.0014155,7.5133e-06
3d7.(4F).4s,a 5F,2.0,5.0,0.990111,3d6.(3P2).4s.4p.(3P*),x 3D*,2.0,5.0,5.614232,4.624121,268.12492,3420000.0,0.003686,0.01843,9.7828e-05
3d7.(4F).4s,a 5F,2.0,5.0,0.990111,3d6.(3H).4s.4p.(3P*),y 3G*,3.0,7.0,5.649089,4.658978,266.11889,632000.0,0.00093941,0.0046971,2.4932e-05
3d7.(4F).4s,a 5F,2.0,5.0,0.990111,3d6.(3F2).4s.4p.(3P*),x 5G*,3.0,7.0,5.692548,4.702437,263.65946,21100000.0,0.030786,0.15393,0.00081707
3d7.(4F).4s,a 5F,2.0,5.0,0.990111,3d6.(3F2).4s.4p.(3P*),x 5G*,2.0,5.0,5.698928,4.708817,263.30221,12100000.0,0.012576,0.062882,0.00033378
3d7.(4F).4s,a 5F,2.0,5.0,0.990111,3d7.(4P).4p,u 5D*,2.0,5.0,5.813435,4.823324,257.05136,1170000.0,0.001159,0.005795,3.076e-05
3d7.(4F).4s,a 5F,2.0,5.0,0.990111,3d6.(3P2).4s.4p.(3P*),y 3P*,1.0,3.0,5.815086,4.824975,256.96341,2040000.0,0.0012117,0.0060583,3.2158e-05
3d7.(4F).4s,a 5F,2.0,5.0,0.990111,3d6.(3F2).4s.4p.(3P*),x 3F*,2.0,5.0,5.851683,4.861572,255.02901,662000.0,0.0006455,0.0032275,1.7132e-05
3d7.(4F).4s,a 5F,2.0,5.0,0.990111,3d7.(4P).4p,w 3D*,1.0,3.0,5.860984,4.870873,254.54203,2860000.0,0.0016668,0.0083342,4.4238e-05
3d7.(4F).4s,a 5F,2.0,5.0,0.990111,3d6.(3G).4s.4p.(3P*),w 5G*,3.0,7.0,5.913208,4.923097,251.84188,15800000.0,0.021033,0.10516,0.00055822
3d7.(4F).4s,a 5F,2.0,5.0,0.990111,3d6.(3F2).4s.4p.(3P*),x 3G*,3.0,7.0,5.930688,4.940576,250.95088,1710000.0,0.0022603,0.011301,5.9988e-05
3d7.(4F).4s,a 5F,2.0,5.0,0.990111,3d6.(3G).4s.4p.(3P*),v 5F*,2.0,5.0,5.980855,4.990744,248.42831,20900000.0,0.019338,0.096689,0.00051323
3d7.(4F).4s,a 5F,2.0,5.0,0.990111,3d7.(4P).4p,x 3P*,2.0,5.0,5.989012,4.998901,248.0229,21000000.0,0.019367,0.096835,0.000514
3d7.(4F).4s,a 5F,2.0,5.0,0.990111,3d6.(3G).4s.4p.(3P*),v 5F*,1.0,3.0,5.994711,5.0046,247.74048,30500000.0,0.016839,0.084193,0.0004469
3d7.(4F).4s,a 5F,1.0,3.0,1.011056,3d7.(4P).4s,a 5P,1.0,3.0,2.222712,1.211656,1023.26202,0.0035,5.4942e-11,1.6482e-10,1.4582e-12
3d7.(4F).4s,a 5F,1.0,3.0,1.011056,3d6.(5D).4s.4p.(3P*),z 7F*,2.0,5.0,2.875504,1.864448,664.99151,36.4,4.022e-07,1.2066e-06,1.0674e-08
3d7.(4F).4s,a 5F,1.0,3.0,1.011056,3d6.(5D).4s.4p.(3P*),z 7F*,1.0,3.0,2.881993,1.870937,662.68508,234.0,1.5406e-06,4.6218e-06,4.0888e-08
3d7.(4F).4s,a 5F,1.0,3.0,1.011056,3d6.(5D).4s.4p.(3P*),z 5D*,2.0,5.0,3.265706,2.25465,549.90431,62500.0,0.00047224,0.0014167,1.2533e-05
3d7.(4F).4s,a 5F,1.0,3.0,1.011056,3d7.(2D2).4s,a 3D,1.0,3.0,3.273984,2.262929,547.89264,0.082,3.6903e-10,1.1071e-09,9.7941e-12
3d7.(4F).4s,a 5F,1.0,3.0,1.011056,3d6.(5D).4s.4p.(3P*),z 5D*,1.0,3.0,3.283025,2.271969,545.71251,605000.0,0.0027011,0.0081033,7.1688e-05
3d7.(4F).4s,a 5F,1.0,3.0,1.011056,3d6.(5D).4s.4p.(3P*),z 5D*,0.0,1.0,3.29184,2.280784,543.60338,1700000.0,0.0025104,0.0075313,6.6627e-05
3d7.(4F).4s,a 5F,1.0,3.0,1.011056,3d7.(2D2).4s,a 3D,2.0,5.0,3.300922,2.289867,541.44722,0.022,1.6115e-10,4.8346e-10,4.277e-12
3d7.(4F).4s,a 5F,1.0,3.0,1.011056,3d7.(2P).4s,a 1P,1.0,3.0,3.414897,2.403841,515.77527,0.011,4.3871e-11,1.3161e-10,1.1643e-12
3d7.(4F).4s,a 5F,1.0,3.0,1.011056,3d6.(5D).4s.4p.(3P*),z 5F*,2.0,5.0,3.416953,2.405897,515.33458,23900.0,0.00015859,0.00047578,4.2091e-06
3d7.(4F).4s,a 5F,1.0,3.0,1.011056,3d6.(5D).4s.4p.(3P*),z 5F*,1.0,3.0,3.43019,2.419134,512.51474,72400.0,0.00028511,0.00085533,7.5668e-06
3d7.(4F).4s,a 5F,1.0,3.0,1.011056,3d6.(5D).4s.4p.(3P*),z 3D*,1.0,3.0,3.959724,2.948668,420.47528,17000.0,4.506e-05,0.00013518,1.1959e-06
3d7.(4F).4s,a 5F,1.0,3.0,1.011056,3d7.(4F).4p,y 5D*,2.0,5.0,4.190861,3.179805,389.91131,800000.0,0.003039,0.009117,8.0655e-05
3d7.(4F).4s,a 5F,1.0,3.0,1.011056,3d6.(5D).4s.4p.(3P*),z 3P*,2.0,5.0,4.208883,3.197828,387.71383,115000.0,0.00043195,0.0012958,1.1464e-05
3d7.(4F).4s,a 5F,1.0,3.0,1.011056,3d7.(4F).4p,y 5D*,1.0,3.0,4.217583,3.206528,386.66188,15500000.0,0.034742,0.10423,0.00092205
3d7.(4F).4s,a 5F,1.0,3.0,1.011056,3d7.(4F).4p,y 5D*,0.0,1.0,4.23054,3.219484,385.10582,60500000.0,0.044839,0.13452,0.00119
3d7.(4F).4s,a 5F,1.0,3.0,1.011056,3d6.(5D).4s.4p.(3P*),z 3P*,1.0,3.0,4.260453,3.249398,381.56057,624000.0,0.001362,0.0040859,3.6147e-05
3d7.(4F).4s,a 5F,1.0,3.0,1.011056,3d7.(4F).4p,y 5F*,2.0,5.0,4.283308,3.272253,378.89556,12900000.0,0.046274,0.13882,0.0012281
3d7.(4F).4s,a 5F,1.0,3.0,1.011056,3d6.(5D).4s.4p.(3P*),z 3P*,0.0,1.0,4.284348,3.273292,378.77521,2770000.0,0.001986,0.005958,5.2709e-05
3d7.(4F).4s,a 5F,1.0,3.0,1.011056,3d7.(4F).4p,y 5F*,1.0,3.0,4.301278,3.290222,376.82618,63900000.0,0.13603,0.4081,0.0036103
3d7.(4F).4s,a 5F,1.0,3.0,1.011056,3d7.(4F).4p,z 5G*,2.0,5.0,4.445627,3.434572,360.98883,81300000.0,0.26472,0.79416,0.0070257
3d7.(4F).4s,a 5F,1.0,3.0,1.011056,3d7.(4F).4p,y 3F*,2.0,5.0,4.652031,3.640975,340.52468,302000.0,0.00087501,0.002625,2.3223e-05
3d7.(4F).4s,a 5F,1.0,3.0,1.011056,3d6.(5D).4s.4p.(1P*),x 5D*,2.0,5.0,4.98805,3.976994,311.75353,3040000.0,0.0073825,0.022148,0.00019593
3d7.(4F).4s,a 5F,1.0,3.0,1.011056,3d6.(5D).4s.4p.(1P*),x 5D*,1.0,3.0,5.009522,3.998466,310.0794,19300000.0,0.02782,0.083461,0.00073835
3d7.(4F).4s,a 5F,1.0,3.0,1.011056,3d6.(5D).4s.4p.(1P*),x 5D*,0.0,1.0,5.020279,4.009224,309.24739,55300000.0,0.026429,0.079286,0.00070142
3d7.(4F).4s,a 5F,1.0,3.0,1.011056,3d6.(3P2).4s.4p.(3P*),z 5S*,2.0,5.0,5.070333,4.059277,305.4342,117000.0,0.00027273,0.00081818,7.2382e-06
3d7.(4F).4s,a 5F,1.0,3.0,1.011056,3d6.(5D).4s.4p.(1P*),x 5F*,2.0,5.0,5.08559,4.074534,304.29046,4700000.0,0.010874,0.032622,0.00028859
3d7.(4F).4s,a 5F,1.0,3.0,1.011056,3d6.(5D).4s.4p.(1P*),x 5F*,1.0,3.0,5.099544,4.088489,303.25191,13800000.0,0.019026,0.057078,0.00050495
3d7.(4F).4s,a 5F,1.0,3.0,1.011056,3d6.(3P2).4s.4p.(3P*),x 5P*,1.0,3.0,5.341118,4.330062,286.33351,1170000.0,0.0014381,0.0043143,3.8167e-05
3d7.(4F).4s,a 5F,1.0,3.0,1.011056,3d6.(3H).4s.4p.(3P*),y 5G*,2.0,5.0,5.35736,4.346305,285.26348,33700000.0,0.068522,0.20557,0.0018186
3d7.(4F).4s,a 5F,1.0,3.0,1.011056,3d6.(3P2).4s.4p.(3P*),w 5D*,2.0,5.0,5.478072,4.467016,277.55486,2640000.0,0.0050817,0.015245,0.00013487
3d7.(4F).4s,a 5F,1.0,3.0,1.011056,3d6.(3F2).4s.4p.(3P*),w 5F*,2.0,5.0,5.490697,4.479641,276.77263,4040000.0,0.0077328,0.023198,0.00020523
3d7.(4F).4s,a 5F,1.0,3.0,1.011056,3d6.(3F2).4s.4p.(3P*),w 5F*,1.0,3.0,5.502213,4.491157,276.06291,7600000.0,0.0086834,0.02605,0.00023046
3d7.(4F).4s,a 5F,1.0,3.0,1.011056,3d6.(3P2).4s.4p.(3P*),w 5D*,1.0,3.0,5.506282,4.495226,275.81302,28500000.0,0.032504,0.097511,0.00086265
3d7.(4F).4s,a 5F,1.0,3.0,1.011056,3d6.(3P2).4s.4p.(3P*),w 5D*,0.0,1.0,5.512205,4.50115,275.45007,40000000.0,0.015166,0.045499,0.00040252
3d7.(4F).4s,a 5F,1.0,3.0,1.011056,3d7.(4P).4p,y 5S*,2.0,5.0,5.518761,4.507706,275.04946,485000.0,0.00091679,0.0027504,2.4332e-05
3d7.(4F).4s,a 5F,1.0,3.0,1.011056,3d6.(3F2).4s.4p.(3P*),v 5D*,2.0,5.0,5.53764,4.526584,273.90236,410000.0,0.00076857,0.0023057,2.0398e-05
3d7.(4F).4s,a 5F,1.0,3.0,1.011056,3d6.(3F2).4s.4p.(3P*),v 5D*,1.0,3.0,5.549625,4.53857,273.17902,6280000.0,0.0070261,0.021078,0.00018647
3d7.(4F).4s,a 5F,1.0,3.0,1.011056,3d6.(3F2).4s.4p.(3P*),v 5D*,0.0,1.0,5.557827,4.546772,272.68623,55200000.0,0.020512,0.061535,0.00054438
3d7.(4F).4s,a 5F,1.0,3.0,1.011056,3d6.(3P2).4s.4p.(3P*),x 3D*,2.0,5.0,5.614232,4.603176,269.3449,399000.0,0.00072327,0.0021698,1.9196e-05
3d7.(4F).4s,a 5F,1.0,3.0,1.011056,3d6.(3P2).4s.4p.(3P*),x 3D*,1.0,3.0,5.647699,4.636644,267.40075,2270000.0,0.0024334,0.0073002,6.4582e-05
3d7.(4F).4s,a 5F,1.0,3.0,1.011056,3d6.(3F2).4s.4p.(3P*),x 5G*,2.0,5.0,5.698928,4.687873,264.4786,23400000.0,0.040898,0.12269,0.0010854
3d7.(4F).4s,a 5F,1.0,3.0,1.011056,3d7.(4P).4p,w 3D*,2.0,5.0,5.84413,4.833074,256.5328,1430000.0,0.0023514,0.0070543,6.2407e-05
3d7.(4F).4s,a 5F,1.0,3.0,1.011056,3d7.(4P).4p,u 5D*,1.0,3.0,5.849232,4.838176,256.26228,1670000.0,0.0016442,0.0049325,4.3636e-05
3d7.(4F).4s,a 5F,1.0,3.0,1.011056,3d6.(3F2).4s.4p.(3P*),x 3F*,2.0,5.0,5.851683,4.840628,256.13248,1590000.0,0.0026064,0.0078191,6.9173e-05
3d7.(4F).4s,a 5F,1.0,3.0,1.011056,3d6.(3G).4s.4p.(3P*),w 5G*,2.0,5.0,5.930307,4.919251,252.03875,13400000.0,0.021269,0.063807,0.00056448
3d7.(4F).4s,a 5F,1.0,3.0,1.011056,3d6.(3G).4s.4p.(3P*),v 5F*,2.0,5.0,5.980855,4.969799,249.47527,8890000.0,0.013825,0.041475,0.00036692
3d7.(4F).4s,a 5F,1.0,3.0,1.011056,3d7.(4P).4p,x 3P*,2.0,5.0,5.989012,4.977957,249.06644,8720000.0,0.013516,0.040549,0.00035872
3d7.(4F).4s,a 5F,1.0,3.0,1.011056,3d6.(3G).4s.4p.(3P*),v 5F*,1.0,3.0,5.994711,4.983655,248.78164,64000000.0,0.059385,0.17815,0.0015761
3d7.(4F).4s,a 5F,1.0,3.0,1.011056,3d7.(4P).4p,x 3P*,1.0,3.0,6.015234,5.004179,247.76133,2930000.0,0.0026965,0.0080894,7.1564e-05
3d7.(4F).4s,a 3F,4.0,9.0,1.484864,3d7.(2G).4s,a 3G,5.0,11.0,2.692408,1.207543,1026.74748,0.011,2.1249e-10,1.9124e-09,5.6394e-12
3d7.(4F).4s,a 3F,4.0,9.0,1.484864,3d7.(2G).4s,a 3G,4.0,9.0,2.727545,1.24268,997.71613,0.015,2.2385e-10,2.0147e-09,5.9411e-12
3d7.(4F).4s,a 3F,4.0,9.0,1.484864,3d7.(4P).4s,b 3P,2.0,5.0,2.831591,1.346727,920.63364,0.013,9.1771e-11,8.2594e-10,2.4356e-12
3d7.(4F).4s,a 3F,4.0,9.0,1.484864,3d7.(2G).4s,a 1G,4.0,9.0,3.046869,1.562005,793.75058,0.064,6.0452e-10,5.4406e-09,1.6044e-11
3d7.(4F).4s,a 3F,4.0,9.0,1.484864,3d7.(2D2).4s,a 3D,3.0,7.0,3.251482,1.766617,701.81693,0.033,1.8953e-10,1.7058e-09,5.0301e-12
3d7.(4F).4s,a 3F,4.0,9.0,1.484864,3d6.(5D).4s.4p.(3P*),z 5F*,4.0,9.0,3.368256,1.883392,658.30267,358.0,2.3259e-06,2.0933e-05,6.173e-08
3d7.(4F).4s,a 3F,4.0,9.0,1.484864,3d6.(5D).4s.4p.(3P*),z 3F*,4.0,9.0,3.881604,2.396739,517.30365,446000.0,0.0017893,0.016104,4.7488e-05
3d7.(4F).4s,a 3F,4.0,9.0,1.484864,3d6.(5D).4s.4p.(3P*),z 3D*,3.0,7.0,3.883509,2.398645,516.89272,2720000.0,0.0084739,0.076265,0.0002249
3d7.(4F).4s,a 3F,4.0,9.0,1.484864,3d6.(5D).4s.4p.(3P*),z 3F*,3.0,7.0,3.943326,2.458462,504.31614,235000.0,0.00069693,0.0062724,1.8497e-05
3d7.(4F).4s,a 3F,4.0,9.0,1.484864,3d7.(4F).4p,y 5D*,4.0,9.0,4.103374,2.618509,473.49153,34100.0,0.00011461,0.0010315,3.0419e-06
3d7.(4F).4s,a 3F,4.0,9.0,1.484864,3d7.(4F).4p,y 5F*,5.0,11.0,4.177697,2.692832,460.423,172000.0,0.00066812,0.006013,1.7732e-05
3d7.(4F).4s,a 3F,4.0,9.0,1.484864,3d7.(4F).4p,y 5F*,4.0,9.0,4.220362,2.735498,453.24183,252000.0,0.0007761,0.0069849,2.0598e-05
3d7.(4F).4s,a 3F,4.0,9.0,1.484864,3d7.(4F).4p,z 5G*,5.0,11.0,4.312471,2.827606,438.4776,50000000.0,0.17615,1.5853,0.0046749
3d7.(4F).4s,a 3F,4.0,9.0,1.484864,3d7.(4F).4p,z 5G*,4.0,9.0,4.371351,2.886487,429.53324,3120000.0,0.0086299,0.077669,0.00022904
3d7.(4F).4s,a 3F,4.0,9.0,1.484864,3d7.(4F).4p,z 3G*,5.0,11.0,4.386463,2.901598,427.29621,22800000.0,0.076279,0.68651,0.0020244
3d7.(4F).4s,a 3F,4.0,9.0,1.484864,3d7.(4F).4p,z 5G*,3.0,7.0,4.415279,2.930414,423.09442,19900.0,4.1538e-05,0.00037384,1.1024e-06
3d7.(4F).4s,a 3F,4.0,9.0,1.484864,3d7.(4F).4p,z 3G*,4.0,9.0,4.434613,2.949748,420.32127,8220000.0,0.021772,0.19595,0.00057782
3d7.(4F).4s,a 3F,4.0,9.0,1.484864,3d7.(4F).4p,z 3G*,3.0,7.0,4.473272,2.988408,414.88382,436000.0,0.00087509,0.0078758,2.3225e-05
3d7.(4F).4s,a 3F,4.0,9.0,1.484864,3d7.(4F).4p,y 3F*,4.0,9.0,4.548506,3.063642,404.69549,86200000.0,0.21165,1.9049,0.0056173
3d7.(4F).4s,a 3F,4.0,9.0,1.484864,3d6.(5D).4s.4p.(1P*),y 5P*,3.0,7.0,4.558523,3.073658,403.37663,246000.0,0.00046674,0.0042006,1.2387e-05
3d7.(4F).4s,a 3F,4.0,9.0,1.484864,3d7.(4F).4p,y 3F*,3.0,7.0,4.607593,3.122729,397.03799,22600000.0,0.041542,0.37388,0.0011025
3d7.(4F).4s,a 3F,4.0,9.0,1.484864,3d7.(4F).4p,y 3D*,3.0,7.0,4.733141,3.248276,381.69227,112000000.0,0.19027,1.7124,0.0050496
3d7.(4F).4s,a 3F,4.0,9.0,1.484864,3d6.(5D).4s.4p.(1P*),x 5D*,4.0,9.0,4.912974,3.428109,361.66934,112000.0,0.00021963,0.0019767,5.8291e-06
3d7.(4F).4s,a 3F,4.0,9.0,1.484864,3d6.(5D).4s.4p.(1P*),x 5D*,3.0,7.0,4.95563,3.470766,357.22433,230000.0,0.00034224,0.0030801,9.0829e-06
3d7.(4F).4s,a 3F,4.0,9.0,1.484864,3d6.(5D).4s.4p.(1P*),x 5F*,4.0,9.0,5.033068,3.548204,349.42807,94000.0,0.00017207,0.0015486,4.5667e-06
3d7.(4F).4s,a 3F,4.0,9.0,1.484864,3d6.(5D).4s.4p.(1P*),x 5F*,3.0,7.0,5.063782,3.578917,346.42934,150000.0,0.00020991,0.0018892,5.571e-06
3d7.(4F).4s,a 3F,4.0,9.0,1.484864,3d6.(3P2).4s.4p.(3P*),x 5P*,3.0,7.0,5.273388,3.788523,327.26259,152000.0,0.00018982,0.0017084,5.0379e-06
3d7.(4F).4s,a 3F,4.0,9.0,1.484864,3d6.(3H).4s.4p.(3P*),z 5H*,5.0,11.0,5.330291,3.845427,322.41987,31000.0,5.9049e-05,0.00053144,1.5672e-06
3d7.(4F).4s,a 3F,4.0,9.0,1.484864,3d6.(3P2).4s.4p.(3P*),w 5D*,3.0,7.0,5.445717,3.960852,313.02403,905000.0,0.001034,0.009306,2.7442e-05
3d7.(4F).4s,a 3F,4.0,9.0,1.484864,3d6.(3P2).4s.4p.(3P*),x 3D*,3.0,7.0,5.60665,4.121785,300.80216,7340000.0,0.0077441,0.069697,0.00020553
3d7.(4F).4s,a 3F,4.0,9.0,1.484864,3d6.(3H).4s.4p.(3P*),y 3G*,5.0,11.0,5.615845,4.130981,300.1326,5410000.0,0.0089296,0.080367,0.00023699
3d7.(4F).4s,a 3F,4.0,9.0,1.484864,3d6.(3H).4s.4p.(3P*),y 3G*,4.0,9.0,5.632404,4.14754,298.93433,544000.0,0.0007288,0.0065592,1.9342e-05
3d7.(4F).4s,a 3F,4.0,9.0,1.484864,3d7.(4P).4p,u 5D*,4.0,9.0,5.792646,4.307782,287.81448,4610000.0,0.0057251,0.051526,0.00015195
3d7.(4F).4s,a 3F,4.0,9.0,1.484864,3d7.(4P).4p,u 5D*,3.0,7.0,5.79564,4.310776,287.61456,1520000.0,0.0014662,0.013195,3.8912e-05
3d7.(4F).4s,a 3F,4.0,9.0,1.484864,3d6.(3F2).4s.4p.(3P*),x 3F*,4.0,9.0,5.813513,4.328648,286.42705,4130000.0,0.0050797,0.045717,0.00013482
3d7.(4F).4s,a 3F,4.0,9.0,1.484864,3d6.(3H).4s.4p.(3P*),z 3H*,5.0,11.0,5.828295,4.343431,285.45222,329000.0,0.00049122,0.0044209,1.3037e-05
3d7.(4F).4s,a 3F,4.0,9.0,1.484864,3d6.(3F2).4s.4p.(3P*),x 3F*,3.0,7.0,5.838752,4.353888,284.76664,874000.0,0.00082643,0.0074378,2.1933e-05
3d7.(4F).4s,a 3F,4.0,9.0,1.484864,3d6.(3H).4s.4p.(3P*),z 3H*,4.0,9.0,5.84046,4.355595,284.655,732000.0,0.00088922,0.008003,2.36e-05
3d7.(4F).4s,a 3F,4.0,9.0,1.484864,3d7.(2G).4p,z 1G*,4.0,9.0,5.883387,4.398523,281.87691,117000.0,0.00013937,0.0012543,3.6988e-06
3d7.(4F).4s,a 3F,4.0,9.0,1.484864,3d6.(3F2).4s.4p.(3P*),x 3G*,5.0,11.0,5.930728,4.445864,278.87538,2270000.0,0.0032349,0.029114,8.5853e-05
3d7.(4F).4s,a 3F,4.0,9.0,1.484864,3d6.(3G).4s.4p.(3P*),y 5H*,5.0,11.0,5.979917,4.495052,275.82371,726000.0,0.0010121,0.0091086,2.686e-05
3d7.(4F).4s,a 3F,4.0,9.0,1.484864,3d6.(3H).4s.4p.(3P*),y 1G*,4.0,9.0,6.038345,4.55348,272.28447,631000.0,0.00070135,0.0063121,1.8614e-05
3d7.(4F).4s,a 3F,4.0,9.0,1.484864,3d7.(2G).4p,w 3F*,4.0,9.0,6.088727,4.603863,269.30473,627000.0,0.00068173,0.0061356,1.8093e-05
3d7.(4F).4s,a 3F,4.0,9.0,1.484864,3d7.(2G).4p,v 3G*,5.0,11.0,6.13237,4.647506,266.77577,5160000.0,0.006729,0.060561,0.00017859
3d7.(4F).4s,a 3F,4.0,9.0,1.484864,3d7.(2G).4p,y 3H*,5.0,11.0,6.150165,4.665301,265.75821,1450000.0,0.0018765,0.016889,4.9803e-05
3d7.(4F).4s,a 3F,4.0,9.0,1.484864,3d7.(2H).4p,u 3G*,5.0,11.0,6.369553,4.884689,253.82211,3190000.0,0.0037658,0.033892,9.9945e-05
3d7.(4F).4s,a 3F,3.0,7.0,1.557357,3d7.(2G).4s,a 3G,3.0,7.0,2.758578,1.20122,1032.15205,0.012,1.9166e-10,1.3416e-09,5.0866e-12
3d7.(4F).4s,a 3F,3.0,7.0,1.557357,3d7.(2G).4s,a 1G,4.0,9.0,3.046869,1.489512,832.38157,0.041,5.4756e-10,3.8329e-09,1.4532e-11
3d7.(4F).4s,a 3F,3.0,7.0,1.557357,3d7.(2D2).4s,a 3D,3.0,7.0,3.251482,1.694124,731.84824,0.02,1.6059e-10,1.1242e-09,4.2622e-12
3d7.(4F).4s,a 3F,3.0,7.0,1.557357,3d6.(5D).4s.4p.(3P*),z 5F*,3.0,7.0,3.396509,1.839151,674.13805,337.0,2.2961e-06,1.6073e-05,6.0938e-08
3d7.(4F).4s,a 3F,3.0,7.0,1.557357,3d7.(2D2).4s,a 1D,2.0,5.0,3.54652,1.989163,623.29843,0.17,7.0725e-10,4.9507e-09,1.877e-11
3d7.(4F).4s,a 3F,3.0,7.0,1.557357,3d6.(5D).4s.4p.(3P*),z 3F*,4.0,9.0,3.881604,2.324246,533.43828,43600.0,0.00023914,0.001674,6.3469e-06
3d7.(4F).4s,a 3F,3.0,7.0,1.557357,3d6.(5D).4s.4p.(3P*),z 3D*,3.0,7.0,3.883509,2.326152,533.00134,474000.0,0.0020188,0.014132,5.3579e-05
3d7.(4F).4s,a 3F,3.0,7.0,1.557357,3d6.(5D).4s.4p.(3P*),z 3D*,2.0,5.0,3.928607,2.37125,522.86442,2890000.0,0.0084607,0.059225,0.00022455
3d7.(4F).4s,a 3F,3.0,7.0,1.557357,3d6.(5D).4s.4p.(3P*),z 3F*,3.0,7.0,3.943326,2.385969,519.63879,287000.0,0.0011618,0.0081328,3.0835e-05
3d7.(4F).4s,a 3F,3.0,7.0,1.557357,3d6.(5D).4s.4p.(3P*),z 3F*,2.0,5.0,3.984107,2.42675,510.90639,195000.0,0.00054507,0.0038155,1.4466e-05
3d7.(4F).4s,a 3F,3.0,7.0,1.557357,3d7.(4F).4p,y 5D*,3.0,7.0,4.154354,2.596996,477.41381,53000.0,0.0001811,0.0012677,4.8065e-06
3d7.(4F).4s,a 3F,3.0,7.0,1.557357,3d6.(5D).4s.4p.(3P*),z 3P*,2.0,5.0,4.208883,2.651526,467.59564,1200.0,2.8097e-06,1.9668e-05,7.4568e-08
3d7.(4F).4s,a 3F,3.0,7.0,1.557357,3d7.(4F).4p,y 5F*,4.0,9.0,4.220362,2.663005,465.58008,56400.0,0.00023565,0.0016496,6.2542e-06
3d7.(4F).4s,a 3F,3.0,7.0,1.557357,3d7.(4F).4p,y 5F*,3.0,7.0,4.256223,2.698865,459.39377,161000.0,0.0005094,0.0035658,1.3519e-05
3d7.(4F).4s,a 3F,3.0,7.0,1.557357,3d7.(4F).4p,y 5F*,2.0,5.0,4.283308,2.725951,454.82916,15000.0,3.3229e-05,0.0002326,8.819e-07
3d7.(4F).4s,a 3F,3.0,7.0,1.557357,3d7.(4F).4p,z 5G*,4.0,9.0,4.371351,2.813994,440.5987,27500000.0,0.1029,0.72031,0.002731
3d7.(4F).4s,a 3F,3.0,7.0,1.557357,3d7.(4F).4p,z 5G*,3.0,7.0,4.415279,2.857921,433.82647,1020000.0,0.002878,0.020146,7.6382e-05
3d7.(4F).4s,a 3F,3.0,7.0,1.557357,3d7.(4F).4p,z 3G*,4.0,9.0,4.434613,2.877255,430.91134,33800000.0,0.12098,0.84683,0.0032107
3d7.(4F).4s,a 3F,3.0,7.0,1.557357,3d7.(4F).4p,z 3G*,3.0,7.0,4.473272,2.915915,425.19831,10200000.0,0.027647,0.19353,0.00073374
3d7.(4F).4s,a 3F,3.0,7.0,1.557357,3d7.(4F).4p,y 3F*,4.0,9.0,4.548506,2.991149,414.50361,13300000.0,0.044047,0.30833,0.001169
3d7.(4F).4s,a 3F,3.0,7.0,1.557357,3d7.(4F).4p,y 3F*,3.0,7.0,4.607593,3.050236,406.47412,66500000.0,0.16472,1.153,0.0043717
3d7.(4F).4s,a 3F,3.0,7.0,1.557357,3d7.(4F).4p,y 3F*,2.0,5.0,4.652031,3.094674,400.63738,20400000.0,0.035064,0.24545,0.00093061
3d7.(4F).4s,a 3F,3.0,7.0,1.557357,3d7.(4F).4p,y 3D*,3.0,7.0,4.733141,3.175783,390.40508,21400000.0,0.048899,0.3423,0.0012978
3d7.(4F).4s,a 3F,3.0,7.0,1.557357,3d7.(4F).4p,y 3D*,2.0,5.0,4.795466,3.238108,382.89083,105000000.0,0.16484,1.1539,0.0043749
3d7.(4F).4s,a 3F,3.0,7.0,1.557357,3d6.(5D).4s.4p.(1P*),x 5F*,3.0,7.0,5.063782,3.506424,353.59153,110000.0,0.00020618,0.0014433,5.4721e-06
3d7.(4F).4s,a 3F,3.0,7.0,1.557357,3d6.(5D).4s.4p.(1P*),x 5F*,2.0,5.0,5.08559,3.528233,351.40594,380000.0,0.0005025,0.0035175,1.3336e-05
3d7.(4F).4s,a 3F,3.0,7.0,1.557357,3d6.(3H).4s.4p.(3P*),z 5H*,4.0,9.0,5.344825,3.787467,327.35385,45000.0,9.295e-05,0.00065065,2.4669e-06
3d7.(4F).4s,a 3F,3.0,7.0,1.557357,3d6.(3P2).4s.4p.(3P*),w 5D*,2.0,5.0,5.478072,3.920714,316.22859,2140000.0,0.0022916,0.016042,6.082e-05
3d7.(4F).4s,a 3F,3.0,7.0,1.557357,3d6.(3P2).4s.4p.(3P*),x 3D*,3.0,7.0,5.60665,4.049293,306.18731,908000.0,0.0012762,0.0089334,3.387e-05
3d7.(4F).4s,a 3F,3.0,7.0,1.557357,3d6.(3P2).4s.4p.(3P*),x 3D*,2.0,5.0,5.614232,4.056874,305.61507,9480000.0,0.0094818,0.066372,0.00025165
3d7.(4F).4s,a 3F,3.0,7.0,1.557357,3d6.(3H).4s.4p.(3P*),y 3G*,4.0,9.0,5.632404,4.075047,304.25222,4240000.0,0.0075655,0.052958,0.00020079
3d7.(4F).4s,a 3F,3.0,7.0,1.557357,3d6.(3H).4s.4p.(3P*),y 3G*,3.0,7.0,5.649089,4.091731,303.01157,698000.0,0.0009608,0.0067256,2.55e-05
3d7.(4F).4s,a 3F,3.0,7.0,1.557357,3d7.(4P).4p,u 5D*,2.0,5.0,5.813435,4.256078,291.31093,1360000.0,0.0012359,0.0086513,3.2801e-05
3d7.(4F).4s,a 3F,3.0,7.0,1.557357,3d7.(4P).4p,w 3D*,3.0,7.0,5.829388,4.272031,290.22307,2460000.0,0.0031064,0.021745,8.2444e-05
3d7.(4F).4s,a 3F,3.0,7.0,1.557357,3d6.(3F2).4s.4p.(3P*),x 3F*,3.0,7.0,5.838752,4.281395,289.58833,4240000.0,0.0053307,0.037315,0.00014148
3d7.(4F).4s,a 3F,3.0,7.0,1.557357,3d6.(3H).4s.4p.(3P*),z 3H*,4.0,9.0,5.84046,4.283102,289.47288,688000.0,0.0011112,0.0077787,2.9492e-05
3d7.(4F).4s,a 3F,3.0,7.0,1.557357,3d6.(3F2).4s.4p.(3P*),x 3F*,2.0,5.0,5.851683,4.294326,288.71631,1290000.0,0.0011515,0.0080605,3.0561e-05
3d7.(4F).4s,a 3F,3.0,7.0,1.557357,3d6.(3G).4s.4p.(3P*),w 5G*,3.0,7.0,5.913208,4.355851,284.63831,776000.0,0.00094256,0.0065979,2.5015e-05
3d7.(4F).4s,a 3F,3.0,7.0,1.557357,3d6.(3F2).4s.4p.(3P*),x 3G*,4.0,9.0,5.927947,4.37059,283.67841,1300000.0,0.0020165,0.014116,5.3518e-05
3d7.(4F).4s,a 3F,3.0,7.0,1.557357,3d6.(3F2).4s.4p.(3P*),x 3G*,3.0,7.0,5.930688,4.37333,283.50066,235000.0,0.00028316,0.0019821,7.5151e-06
3d7.(4F).4s,a 3F,3.0,7.0,1.557357,3d6.(3G).4s.4p.(3P*),y 5H*,4.0,9.0,5.996109,4.438752,279.32221,1170000.0,0.0017595,0.012317,4.6698e-05
3d7.(4F).4s,a 3F,3.0,7.0,1.557357,3d6.(3F2).4s.4p.(3P*),v 3D*,3.0,7.0,6.091966,4.534609,273.41761,475000.0,0.00053236,0.0037265,1.4129e-05
3d7.(4F).4s,a 3F,3.0,7.0,1.557357,3d7.(2G).4p,v 3G*,4.0,9.0,6.153073,4.595716,269.78211,3510000.0,0.0049242,0.03447,0.00013069
3d7.(4F).4s,a 3F,3.0,7.0,1.557357,3d7.(2G).4p,y 3H*,4.0,9.0,6.165361,4.608004,269.06272,3040000.0,0.0042421,0.029695,0.00011259
3d7.(4F).4s,a 3F,3.0,7.0,1.557357,3d7.(2H).4p,u 3G*,4.0,9.0,6.406039,4.848681,255.70705,2550000.0,0.0032139,0.022497,8.5296e-05
3d7.(4F).4s,a 3F,3.0,7.0,1.557357,3d7.(2P).4p,u 3D*,2.0,5.0,6.483992,4.926634,251.66105,1220000.0,0.00082741,0.0057919,2.196e-05
3d7.(4F).4s,a 3F,2.0,5.0,1.607896,3d7.(2D2).4s,a 3D,1.0,3.0,3.273984,1.666089,744.16328,0.016,7.9702e-11,3.9851e-10,2.1153e-12
3d7.(4F).4s,a 3F,2.0,5.0,1.607896,3d7.(2D2).4s,a 3D,2.0,5.0,3.300922,1.693027,732.32277,0.011,8.8442e-11,4.4221e-10,2.3472e-12
3d7.(4F).4s,a 3F,2.0,5.0,1.607896,3d7.(2D2).4s,a 1D,2.0,5.0,3.54652,1.938624,639.54734,0.093,5.7028e-10,2.8514e-09,1.5135e-11
3d7.(4F).4s,a 3F,2.0,5.0,1.607896,3d6.(5D).4s.4p.(3P*),z 3D*,3.0,7.0,3.883509,2.275613,544.83861,25000.0,0.00015576,0.00077881,4.1339e-06
3d7.(4F).4s,a 3F,2.0,5.0,1.607896,3d6.(5D).4s.4p.(3P*),z 3D*,2.0,5.0,3.928607,2.320711,534.2509,521000.0,0.0022294,0.011147,5.9168e-05
3d7.(4F).4s,a 3F,2.0,5.0,1.607896,3d6.(5D).4s.4p.(3P*),z 3F*,3.0,7.0,3.943326,2.33543,530.88371,34800.0,0.00020586,0.0010293,5.4634e-06
3d7.(4F).4s,a 3F,2.0,5.0,1.607896,3d6.(5D).4s.4p.(3P*),z 3D*,1.0,3.0,3.959724,2.351828,527.18228,3670000.0,0.0091748,0.045874,0.0002435
3d7.(4F).4s,a 3F,2.0,5.0,1.607896,3d6.(5D).4s.4p.(3P*),z 3F*,2.0,5.0,3.984107,2.376211,521.7726,347000.0,0.0014163,0.0070814,3.7588e-05
3d7.(4F).4s,a 3F,2.0,5.0,1.607896,3d7.(4F).4p,y 5D*,2.0,5.0,4.190861,2.582965,480.00726,4100.0,1.4162e-05,7.0812e-05,3.7587e-07
3d7.(4F).4s,a 3F,2.0,5.0,1.607896,3d7.(4F).4p,y 5F*,3.0,7.0,4.256223,2.648327,468.16045,7320.0,3.3673e-05,0.00016837,8.9369e-07
3d7.(4F).4s,a 3F,2.0,5.0,1.607896,3d7.(4F).4p,y 5F*,2.0,5.0,4.283308,2.675412,463.42087,75900.0,0.00024437,0.0012219,6.4856e-06
3d7.(4F).4s,a 3F,2.0,5.0,1.607896,3d7.(4F).4p,y 5F*,1.0,3.0,4.301278,2.693382,460.32899,73600.0,0.00014029,0.00070145,3.7233e-06
3d7.(4F).4s,a 3F,2.0,5.0,1.607896,3d7.(4F).4p,z 5G*,3.0,7.0,4.415279,2.807383,441.63621,11900000.0,0.048715,0.24358,0.0012929
3d7.(4F).4s,a 3F,2.0,5.0,1.607896,3d7.(4F).4p,z 5G*,2.0,5.0,4.445627,2.837731,436.91307,90900.0,0.00026014,0.0013007,6.9042e-06
3d7.(4F).4s,a 3F,2.0,5.0,1.607896,3d7.(4F).4p,z 3G*,3.0,7.0,4.473272,2.865376,432.69779,51600000.0,0.20277,1.0139,0.0053816
3d7.(4F).4s,a 3F,2.0,5.0,1.607896,3d7.(4F).4p,y 3F*,3.0,7.0,4.607593,2.999697,413.32234,11800000.0,0.04231,0.21155,0.0011229
3d7.(4F).4s,a 3F,2.0,5.0,1.607896,3d7.(4F).4p,y 3F*,2.0,5.0,4.652031,3.044135,407.28872,76400000.0,0.19,0.95001,0.0050426
3d7.(4F).4s,a 3F,2.0,5.0,1.607896,3d7.(4F).4p,y 3D*,3.0,7.0,4.733141,3.125245,396.71833,1320000.0,0.0043604,0.021802,0.00011572
3d7.(4F).4s,a 3F,2.0,5.0,1.607896,3d7.(4F).4p,y 3D*,2.0,5.0,4.795466,3.18757,388.96151,25000000.0,0.056704,0.28352,0.0015049
3d7.(4F).4s,a 3F,2.0,5.0,1.607896,3d7.(4F).4p,y 3D*,1.0,3.0,4.834855,3.226959,384.2137,136000000.0,0.18059,0.90295,0.0047929
3d7.(4F).4s,a 3F,2.0,5.0,1.607896,3d6.(5D).4s.4p.(1P*),x 5F*,1.0,3.0,5.099544,3.491649,355.08785,610000.0,0.00069185,0.0034593,1.8362e-05
3d7.(4F).4s,a 3F,2.0,5.0,1.607896,3d6.(3H).4s.4p.(3P*),z 5H*,3.0,7.0,5.371735,3.763839,329.40887,67000.0,0.00015259,0.00076296,4.0498e-06
3d7.(4F).4s,a 3F,2.0,5.0,1.607896,3d6.(3P2).4s.4p.(3P*),x 3D*,2.0,5.0,5.614232,4.006336,309.4703,1280000.0,0.0018378,0.0091892,4.8776e-05
3d7.(4F).4s,a 3F,2.0,5.0,1.607896,3d6.(3P2).4s.4p.(3P*),x 3D*,1.0,3.0,5.647699,4.039804,306.9065,11100000.0,0.0094047,0.047024,0.0002496
3d7.(4F).4s,a 3F,2.0,5.0,1.607896,3d6.(3H).4s.4p.(3P*),y 3G*,3.0,7.0,5.649089,4.041193,306.80098,3890000.0,0.0076851,0.038426,0.00020396
3d7.(4F).4s,a 3F,2.0,5.0,1.607896,3d6.(3F2).4s.4p.(3P*),x 3F*,3.0,7.0,5.838752,4.230856,293.04752,672000.0,0.0012112,0.0060562,3.2147e-05
3d7.(4F).4s,a 3F,2.0,5.0,1.607896,3d7.(4P).4p,w 3D*,2.0,5.0,5.84413,4.236234,292.67553,810000.0,0.0010402,0.005201,2.7607e-05
3d7.(4F).4s,a 3F,2.0,5.0,1.607896,3d6.(3F2).4s.4p.(3P*),x 3F*,2.0,5.0,5.851683,4.243788,292.15457,6380000.0,0.008164,0.04082,0.00021667
3d7.(4F).4s,a 3F,2.0,5.0,1.607896,3d7.(4P).4p,w 3D*,1.0,3.0,5.860984,4.253089,291.51567,3300000.0,0.0025226,0.012613,6.695e-05
3d7.(4F).4s,a 3F,2.0,5.0,1.607896,3d6.(3G).4s.4p.(3P*),w 5G*,3.0,7.0,5.913208,4.305312,287.97957,361000.0,0.00062837,0.0031419,1.6677e-05
3d7.(4F).4s,a 3F,2.0,5.0,1.607896,3d6.(3G).4s.4p.(3P*),w 5G*,2.0,5.0,5.930307,4.322411,286.84035,2370000.0,0.0029234,0.014617,7.7587e-05
3d7.(4F).4s,a 3F,2.0,5.0,1.607896,3d6.(3F2).4s.4p.(3P*),x 3G*,3.0,7.0,5.930688,4.322792,286.81511,1250000.0,0.0021582,0.010791,5.728e-05
3d7.(4F).4s,a 3F,2.0,5.0,1.607896,3d6.(3G).4s.4p.(3P*),y 5H*,3.0,7.0,6.010219,4.402323,281.63356,1450000.0,0.0024139,0.01207,6.4066e-05
3d7.(4F).4s,a 3F,2.0,5.0,1.607896,3d7.(2G).4p,w 3F*,2.0,5.0,6.128927,4.521031,274.23875,699000.0,0.00078812,0.0039406,2.0917e-05
3d7.(4F).4s,a 3F,2.0,5.0,1.607896,3d7.(2G).4p,v 3G*,3.0,7.0,6.180685,4.57279,271.13471,5990000.0,0.0092424,0.046212,0.00024529
3d7.(4F).4s,a 3F,2.0,5.0,1.607896,3d7.(2H).4p,u 3G*,3.0,7.0,6.425577,4.817681,257.35244,2490000.0,0.0034613,0.017307,9.1864e-05
3d7.(4P).4s,a 5P,3.0,7.0,2.175945,3d6.(5D).4s.4p.(3P*),z 7P*,3.0,7.0,2.998045,0.8221,1508.14071,262.0,8.934e-06,6.2538e-05,2.3711e-07
3d7.(4P).4s,a 5P,3.0,7.0,2.175945,3d6.(5D).4s.4p.(3P*),z 5D*,4.0,9.0,3.211189,1.035244,1197.63232,170000.0,0.0047,0.0329,0.00012474
3d7.(4P).4s,a 5P,3.0,7.0,2.175945,3d6.(5D).4s.4p.(3P*),z 5D*,3.0,7.0,3.240969,1.065024,1164.14462,43000.0,0.00087366,0.0061156,2.3187e-05
3d7.(4P).4s,a 5P,3.0,7.0,2.175945,3d7.(2D2).4s,a 3D,3.0,7.0,3.251482,1.075537,1152.76592,0.068,1.3547e-09,9.4831e-09,3.5954e-11
3d7.(4P).4s,a 5P,3.0,7.0,2.175945,3d6.(5D).4s.4p.(3P*),z 5D*,2.0,5.0,3.265706,1.089761,1137.71919,6000.0,8.3167e-05,0.00058217,2.2073e-06
3d7.(4P).4s,a 5P,3.0,7.0,2.175945,3d6.(5D).4s.4p.(3P*),z 5P*,3.0,7.0,3.602525,1.42658,869.10096,774000.0,0.0087648,0.061353,0.00023262
3d7.(4P).4s,a 5P,3.0,7.0,2.175945,3d6.(5D).4s.4p.(3P*),z 5P*,2.0,5.0,3.653693,1.477748,839.00761,609000.0,0.0045907,0.032135,0.00012184
3d7.(4P).4s,a 5P,3.0,7.0,2.175945,3d7.(4F).4p,y 5D*,4.0,9.0,4.103374,1.927429,643.26221,177000.0,0.0014117,0.0098821,3.7467e-05
3d7.(4P).4s,a 5P,3.0,7.0,2.175945,3d7.(4F).4p,y 5D*,3.0,7.0,4.154354,1.978409,626.68649,68400.0,0.00040273,0.0028191,1.0689e-05
3d7.(4P).4s,a 5P,3.0,7.0,2.175945,3d7.(4F).4p,y 5D*,2.0,5.0,4.190861,2.014916,615.33194,17700.0,7.1767e-05,0.00050237,1.9047e-06
3d7.(4P).4s,a 5P,3.0,7.0,2.175945,3d7.(4F).4p,z 3G*,4.0,9.0,4.434613,2.258668,548.92626,249000.0,0.0014462,0.010123,3.8382e-05
3d7.(4P).4s,a 5P,3.0,7.0,2.175945,3d7.(4F).4p,y 3F*,4.0,9.0,4.548506,2.372561,522.57539,2800.0,1.4739e-05,0.00010317,3.9117e-07
3d7.(4P).4s,a 5P,3.0,7.0,2.175945,3d6.(5D).4s.4p.(1P*),y 5P*,3.0,7.0,4.558523,2.382578,520.37841,511000.0,0.0020745,0.014522,5.5058e-05
3d7.(4P).4s,a 5P,3.0,7.0,2.175945,3d6.(5D).4s.4p.(1P*),y 5P*,2.0,5.0,4.606951,2.431006,510.01191,483000.0,0.0013454,0.0094175,3.5706e-05
3d7.(4P).4s,a 5P,3.0,7.0,2.175945,3d6.(5D).4s.4p.(1P*),x 5D*,4.0,9.0,4.912974,2.737028,452.98835,5440000.0,0.021517,0.15062,0.00057105
3d7.(4P).4s,a 5P,3.0,7.0,2.175945,3d6.(5D).4s.4p.(1P*),x 5D*,3.0,7.0,4.95563,2.779685,446.03685,2520000.0,0.0075163,0.052614,0.00019948
3d7.(4P).4s,a 5P,3.0,7.0,2.175945,3d5.(6S).4s2.4p,y 7P*,2.0,5.0,4.965819,2.789874,444.40782,109000.0,0.00023053,0.0016137,6.1182e-06
3d7.(4P).4s,a 5P,3.0,7.0,2.175945,3d6.(5D).4s.4p.(1P*),x 5D*,2.0,5.0,4.98805,2.812105,440.89465,730000.0,0.0015196,0.010637,4.033e-05
3d7.(4P).4s,a 5P,3.0,7.0,2.175945,3d6.(5D).4s.4p.(1P*),x 5F*,4.0,9.0,5.033068,2.857123,433.94771,79000.0,0.00028675,0.0020073,7.6104e-06
3d7.(4P).4s,a 5P,3.0,7.0,2.175945,3d6.(3P2).4s.4p.(3P*),z 5S*,2.0,5.0,5.070333,2.894387,428.36075,12100000.0,0.023776,0.16643,0.00063101
3d7.(4P).4s,a 5P,3.0,7.0,2.175945,3d6.(3P2).4s.4p.(3P*),x 5P*,3.0,7.0,5.273388,3.097443,400.27923,747000.0,0.0017943,0.01256,4.7622e-05
3d7.(4P).4s,a 5P,3.0,7.0,2.175945,3d6.(3P2).4s.4p.(3P*),x 5P*,2.0,5.0,5.313935,3.13799,395.10704,4790000.0,0.0080075,0.056052,0.00021252
3d7.(4P).4s,a 5P,3.0,7.0,2.175945,3d6.(3P2).4s.4p.(3P*),w 5D*,4.0,9.0,5.393251,3.217306,385.36649,3260000.0,0.0093319,0.065323,0.00024767
3d7.(4P).4s,a 5P,3.0,7.0,2.175945,3d6.(3P2).4s.4p.(3P*),w 5D*,3.0,7.0,5.445717,3.269772,379.18305,965000.0,0.0020801,0.014561,5.5206e-05
3d7.(4P).4s,a 5P,3.0,7.0,2.175945,3d6.(3F2).4s.4p.(3P*),v 5D*,4.0,9.0,5.458097,3.282152,377.75272,1670000.0,0.0045934,0.032154,0.00012191
3d7.(4P).4s,a 5P,3.0,7.0,2.175945,3d6.(3F2).4s.4p.(3P*),v 5D*,3.0,7.0,5.475912,3.299967,375.7135,513000.0,0.0010857,0.0075996,2.8813e-05
3d7.(4P).4s,a 5P,3.0,7.0,2.175945,3d6.(3P2).4s.4p.(3P*),w 5D*,2.0,5.0,5.478072,3.302127,375.46773,12200000.0,0.018418,0.12892,0.00048881
3d7.(4P).4s,a 5P,3.0,7.0,2.175945,3d6.(3F2).4s.4p.(3P*),w 5F*,2.0,5.0,5.490697,3.314751,374.0377,530000.0,0.00079403,0.0055582,2.1074e-05
3d7.(4P).4s,a 5P,3.0,7.0,2.175945,3d6.(3F2).4s.4p.(3P*),w 5F*,4.0,9.0,5.506767,3.330822,372.23301,872000.0,0.0023289,0.016302,6.1809e-05
3d7.(4P).4s,a 5P,3.0,7.0,2.175945,3d7.(4P).4p,y 5S*,2.0,5.0,5.518761,3.342816,370.89744,33200000.0,0.048908,0.34235,0.001298
3d7.(4P).4s,a 5P,3.0,7.0,2.175945,3d6.(3F2).4s.4p.(3P*),w 5F*,3.0,7.0,5.523662,3.347716,370.35454,413000.0,0.00084927,0.0059449,2.254e-05
3d7.(4P).4s,a 5P,3.0,7.0,2.175945,3d6.(3F2).4s.4p.(3P*),v 5D*,2.0,5.0,5.53764,3.361694,368.8146,1720000.0,0.0025054,0.017538,6.6493e-05
3d7.(4P).4s,a 5P,3.0,7.0,2.175945,3d7.(4P).4p,w 5P*,3.0,7.0,5.720271,3.544326,349.81038,9020000.0,0.016547,0.11583,0.00043917
3d7.(4P).4s,a 5P,3.0,7.0,2.175945,3d7.(4P).4p,w 5P*,2.0,5.0,5.742147,3.566202,347.66458,8610000.0,0.011144,0.078011,0.00029577
3d7.(4P).4s,a 5P,3.0,7.0,2.175945,3d7.(4P).4p,u 5D*,4.0,9.0,5.792646,3.616701,342.81019,50400000.0,0.11417,0.79917,0.00303
3d7.(4P).4s,a 5P,3.0,7.0,2.175945,3d7.(4P).4p,u 5D*,3.0,7.0,5.79564,3.619695,342.52661,16100000.0,0.028319,0.19823,0.00075158
3d7.(4P).4s,a 5P,3.0,7.0,2.175945,3d7.(4P).4p,u 5D*,2.0,5.0,5.813435,3.63749,340.85096,1880000.0,0.0023389,0.016373,6.2075e-05
3d7.(4P).4s,a 5P,3.0,7.0,2.175945,3d6.(3F2).4s.4p.(3P*),x 3F*,4.0,9.0,5.813513,3.637568,340.8437,60900000.0,0.13637,0.95462,0.0036194
3d7.(4P).4s,a 5P,3.0,7.0,2.175945,3d7.(4P).4p,w 3D*,3.0,7.0,5.829388,3.653443,339.3626,18800000.0,0.03246,0.22722,0.00086148
3d7.(4P).4s,a 5P,3.0,7.0,2.175945,3d6.(3F2).4s.4p.(3P*),x 3F*,3.0,7.0,5.838752,3.662807,338.49503,6520000.0,0.0112,0.078399,0.00029724
3d7.(4P).4s,a 5P,3.0,7.0,2.175945,3d6.(3H).4s.4p.(3P*),z 3H*,4.0,9.0,5.84046,3.664515,338.33731,797000.0,0.0017586,0.01231,4.6673e-05
3d7.(4P).4s,a 5P,3.0,7.0,2.175945,3d7.(4P).4p,w 3D*,2.0,5.0,5.84413,3.668184,337.99881,4590000.0,0.0056153,0.039307,0.00014903
3d7.(4P).4s,a 5P,3.0,7.0,2.175945,3d6.(3F2).4s.4p.(3P*),x 3F*,2.0,5.0,5.851683,3.675738,337.3042,1300000.0,0.0015839,0.011087,4.2036e-05
3d7.(4P).4s,a 5P,3.0,7.0,2.175945,3d5.(6S).4s2.4p,v 5P*,3.0,7.0,5.947099,3.771153,328.76996,59900000.0,0.097067,0.67947,0.0025762
3d7.(4P).4s,a 5P,3.0,7.0,2.175945,3d5.(6S).4s2.4p,v 5P*,2.0,5.0,5.971506,3.795561,326.65578,30600000.0,0.034965,0.24476,0.00092797
3d7.(4P).4s,a 5P,3.0,7.0,2.175945,3d6.(3G).4s.4p.(3P*),v 5F*,2.0,5.0,5.980855,3.80491,325.8532,8940000.0,0.010165,0.071156,0.00026978
3d7.(4P).4s,a 5P,3.0,7.0,2.175945,3d7.(4P).4p,x 3P*,2.0,5.0,5.989012,3.813067,325.15607,3830000.0,0.0043362,0.030354,0.00011508
3d7.(4P).4s,a 5P,3.0,7.0,2.175945,3d6.(5D).4s (6D).5p,t 5D*,4.0,9.0,6.332695,4.15675,298.27199,18600000.0,0.031896,0.22327,0.00084653
3d7.(4P).4s,a 5P,3.0,7.0,2.175945,3d7.(2D2).4p,x 1F*,3.0,7.0,6.665797,4.489852,276.14317,1810000.0,0.0020692,0.014485,5.4917e-05
3d7.(4P).4s,a 5P,2.0,5.0,2.197866,3d6.(5D).4s.4p.(3P*),z 7P*,3.0,7.0,2.998045,0.800178,1549.45697,106.0,5.3414e-06,2.6707e-05,1.4176e-07
3d7.(4P).4s,a 5P,2.0,5.0,2.197866,3d6.(5D).4s.4p.(3P*),z 5D*,3.0,7.0,3.240969,1.043103,1188.60965,145000.0,0.0042997,0.021498,0.00011411
3d7.(4P).4s,a 5P,2.0,5.0,2.197866,3d7.(2D2).4s,a 3D,3.0,7.0,3.251482,1.053615,1176.7501,0.015,4.3596e-10,2.1798e-09,1.157e-11
3d7.(4P).4s,a 5P,2.0,5.0,2.197866,3d6.(5D).4s.4p.(3P*),z 5D*,2.0,5.0,3.265706,1.06784,1161.075,96900.0,0.0019584,0.0097921,5.1976e-05
3d7.(4P).4s,a 5P,2.0,5.0,2.197866,3d6.(5D).4s.4p.(3P*),z 5D*,1.0,3.0,3.283025,1.085158,1142.54467,34000.0,0.00039924,0.0019962,1.0596e-05
3d7.(4P).4s,a 5P,2.0,5.0,2.197866,3d7.(2D2).4s,a 3D,2.0,5.0,3.300922,1.103056,1124.00634,0.025,4.7352e-10,2.3676e-09,1.2567e-11
3d7.(4P).4s,a 5P,2.0,5.0,2.197866,3d6.(5D).4s.4p.(3P*),z 5P*,3.0,7.0,3.602525,1.404659,882.66426,353000.0,0.0057724,0.028862,0.0001532
3d7.(4P).4s,a 5P,2.0,5.0,2.197866,3d6.(5D).4s.4p.(3P*),z 5P*,2.0,5.0,3.653693,1.455827,851.64106,109000.0,0.0011852,0.0059261,3.1456e-05
3d7.(4P).4s,a 5P,2.0,5.0,2.197866,3d6.(5D).4s.4p.(3P*),z 5P*,1.0,3.0,3.686389,1.488523,832.93436,957000.0,0.0059723,0.029862,0.00015851
3d7.(4P).4s,a 5P,2.0,5.0,2.197866,3d7.(4F).4p,y 5D*,3.0,7.0,4.154354,1.956487,633.70814,158000.0,0.0013318,0.0066588,3.5345e-05
3d7.(4P).4s,a 5P,2.0,5.0,2.197866,3d7.(4F).4p,y 5D*,2.0,5.0,4.190861,1.992994,622.10008,127000.0,0.00073686,0.0036843,1.9556e-05
3d7.(4P).4s,a 5P,2.0,5.0,2.197866,3d6.(5D).4s.4p.(3P*),z 3P*,2.0,5.0,4.208883,2.011017,616.5249,8440.0,4.8095e-05,0.00024048,1.2765e-06
3d7.(4P).4s,a 5P,2.0,5.0,2.197866,3d7.(4F).4p,y 5D*,1.0,3.0,4.217583,2.019717,613.86921,66200.0,0.0002244,0.001122,5.9555e-06
3d7.(4P).4s,a 5P,2.0,5.0,2.197866,3d6.(5D).4s.4p.(1P*),y 5P*,3.0,7.0,4.558523,2.360656,525.21069,228000.0,0.00132,0.0066002,3.5034e-05
3d7.(4P).4s,a 5P,2.0,5.0,2.197866,3d6.(5D).4s.4p.(1P*),y 5P*,2.0,5.0,4.606951,2.409085,514.65273,67000.0,0.00026605,0.0013302,7.061e-06
3d7.(4P).4s,a 5P,2.0,5.0,2.197866,3d7.(4F).4p,y 3F*,3.0,7.0,4.607593,2.409727,514.51557,7300.0,4.0561e-05,0.0002028,1.0765e-06
3d7.(4P).4s,a 5P,2.0,5.0,2.197866,3d6.(5D).4s.4p.(1P*),y 5P*,1.0,3.0,4.638194,2.440327,508.06381,738000.0,0.0017136,0.0085679,4.5478e-05
3d7.(4P).4s,a 5P,2.0,5.0,2.197866,3d7.(4F).4p,y 3D*,3.0,7.0,4.733141,2.535274,489.03661,113000.0,0.00056722,0.0028361,1.5054e-05
3d7.(4P).4s,a 5P,2.0,5.0,2.197866,3d7.(4F).4p,y 3D*,2.0,5.0,4.795466,2.597599,477.30302,34200.0,0.00011681,0.00058404,3.1001e-06
3d7.(4P).4s,a 5P,2.0,5.0,2.197866,3d6.(5D).4s.4p.(1P*),x 5D*,3.0,7.0,4.95563,2.757764,449.58237,3450000.0,0.014636,0.07318,0.00038844
3d7.(4P).4s,a 5P,2.0,5.0,2.197866,3d5.(6S).4s2.4p,y 7P*,2.0,5.0,4.965819,2.767953,447.92739,16000.0,4.8128e-05,0.00024064,1.2773e-06
3d7.(4P).4s,a 5P,2.0,5.0,2.197866,3d5.(6S).4s2.4p,y 7P*,3.0,7.0,4.985044,2.787178,444.83782,89100.0,0.00037006,0.0018503,9.8213e-06
3d7.(4P).4s,a 5P,2.0,5.0,2.197866,3d6.(5D).4s.4p.(1P*),x 5D*,2.0,5.0,4.98805,2.790184,444.35857,3760000.0,0.01113,0.055652,0.0002954
3d7.(4P).4s,a 5P,2.0,5.0,2.197866,3d6.(5D).4s.4p.(1P*),x 5D*,1.0,3.0,5.009522,2.811655,440.96513,1920000.0,0.0033583,0.016792,8.913e-05
3d7.(4P).4s,a 5P,2.0,5.0,2.197866,3d6.(3P2).4s.4p.(3P*),z 5S*,2.0,5.0,5.070333,2.872466,431.6298,7760000.0,0.021674,0.10837,0.00057523
3d7.(4P).4s,a 5P,2.0,5.0,2.197866,3d6.(3P2).4s.4p.(3P*),x 5P*,3.0,7.0,5.273388,3.075521,403.13229,285000.0,0.00097214,0.0048607,2.5801e-05
3d7.(4P).4s,a 5P,2.0,5.0,2.197866,3d6.(3P2).4s.4p.(3P*),x 5P*,2.0,5.0,5.313935,3.116069,397.88659,6410000.0,0.015214,0.076069,0.00040377
3d7.(4P).4s,a 5P,2.0,5.0,2.197866,3d6.(3P2).4s.4p.(3P*),x 5P*,1.0,3.0,5.341118,3.143252,394.44565,646000.0,0.0009041,0.0045205,2.3995e-05
3d7.(4P).4s,a 5P,2.0,5.0,2.197866,3d6.(3P2).4s.4p.(3P*),w 5D*,3.0,7.0,5.445717,3.24785,381.74233,4160000.0,0.012724,0.06362,0.00033769
3d7.(4P).4s,a 5P,2.0,5.0,2.197866,3d6.(3F2).4s.4p.(3P*),v 5D*,3.0,7.0,5.475912,3.278045,378.22601,765000.0,0.002297,0.011485,6.0961e-05
3d7.(4P).4s,a 5P,2.0,5.0,2.197866,3d6.(3P2).4s.4p.(3P*),w 5D*,2.0,5.0,5.478072,3.280205,377.97695,910000.0,0.0019491,0.0097454,5.1729e-05
3d7.(4P).4s,a 5P,2.0,5.0,2.197866,3d6.(3P2).4s.4p.(3P*),w 5D*,1.0,3.0,5.506282,3.308416,374.75399,610000.0,0.00077061,0.003853,2.0452e-05
3d7.(4P).4s,a 5P,2.0,5.0,2.197866,3d7.(4P).4p,y 5S*,2.0,5.0,5.518761,3.320895,373.34574,26900000.0,0.056213,0.28106,0.0014919
3d7.(4P).4s,a 5P,2.0,5.0,2.197866,3d6.(3F2).4s.4p.(3P*),w 5F*,3.0,7.0,5.523662,3.325795,372.79565,529000.0,0.0015431,0.0077153,4.0953e-05
3d7.(4P).4s,a 5P,2.0,5.0,2.197866,3d6.(3P2).4s.4p.(3P*),x 3D*,3.0,7.0,5.60665,3.408783,363.71978,978000.0,0.0027156,0.013578,7.2071e-05
3d7.(4P).4s,a 5P,2.0,5.0,2.197866,3d6.(3P2).4s.4p.(3P*),x 3D*,2.0,5.0,5.614232,3.416365,362.91258,576000.0,0.0011373,0.0056866,3.0185e-05
3d7.(4P).4s,a 5P,2.0,5.0,2.197866,3d7.(4P).4p,w 5P*,3.0,7.0,5.720271,3.522405,351.98739,851000.0,0.0022129,0.011065,5.8732e-05
3d7.(4P).4s,a 5P,2.0,5.0,2.197866,3d7.(4P).4p,w 5P*,2.0,5.0,5.742147,3.54428,349.81487,4290000.0,0.0078703,0.039352,0.00020888
3d7.(4P).4s,a 5P,2.0,5.0,2.197866,3d7.(4P).4p,w 5P*,1.0,3.0,5.754154,3.556287,348.63379,13000000.0,0.014213,0.071066,0.00037722
3d7.(4P).4s,a 5P,2.0,5.0,2.197866,3d6.(3P2).4s.4p.(3P*),y 3P*,2.0,5.0,5.793419,3.595552,344.82656,10700000.0,0.019074,0.095371,0.00050623
3d7.(4P).4s,a 5P,2.0,5.0,2.197866,3d7.(4P).4p,u 5D*,3.0,7.0,5.79564,3.597774,344.61363,23400000.0,0.058327,0.29163,0.001548
3d7.(4P).4s,a 5P,2.0,5.0,2.197866,3d7.(4P).4p,u 5D*,2.0,5.0,5.813435,3.615569,342.91755,17100000.0,0.030146,0.15073,0.00080008
3d7.(4P).4s,a 5P,2.0,5.0,2.197866,3d6.(3P2).4s.4p.(3P*),y 3P*,1.0,3.0,5.815086,3.61722,342.76104,19400000.0,0.020502,0.10251,0.00054412
3d7.(4P).4s,a 5P,2.0,5.0,2.197866,3d7.(4P).4p,w 3D*,3.0,7.0,5.829388,3.631522,341.41112,32300000.0,0.079022,0.39511,0.0020972
3d7.(4P).4s,a 5P,2.0,5.0,2.197866,3d6.(3F2).4s.4p.(3P*),x 3F*,3.0,7.0,5.838752,3.640886,340.53307,10900000.0,0.02653,0.13265,0.0007041
3d7.(4P).4s,a 5P,2.0,5.0,2.197866,3d7.(4P).4p,w 3D*,2.0,5.0,5.84413,3.646263,340.03085,27600000.0,0.047842,0.23921,0.0012697
3d7.(4P).4s,a 5P,2.0,5.0,2.197866,3d7.(4P).4p,u 5D*,1.0,3.0,5.849232,3.651365,339.55574,8700000.0,0.009023,0.045115,0.00023947
3d7.(4P).4s,a 5P,2.0,5.0,2.197866,3d6.(3F2).4s.4p.(3P*),x 3F*,2.0,5.0,5.851683,3.653817,339.32788,9930000.0,0.017141,0.085707,0.00045493
3d7.(4P).4s,a 5P,2.0,5.0,2.197866,3d7.(4P).4p,w 3D*,1.0,3.0,5.860984,3.663118,338.4663,8330000.0,0.0085839,0.04292,0.00022782
3d7.(4P).4s,a 5P,2.0,5.0,2.197866,3d7.(4P).4p,y 3S*,1.0,3.0,5.896144,3.698278,335.24847,1570000.0,0.0015872,0.0079362,4.2125e-05
3d7.(4P).4s,a 5P,2.0,5.0,2.197866,3d5.(6S).4s2.4p,v 5P*,3.0,7.0,5.947099,3.749232,330.69224,40500000.0,0.092959,0.46479,0.0024671
3d7.(4P).4s,a 5P,2.0,5.0,2.197866,3d6.(3G).4s.4p.(3P*),v 5F*,3.0,7.0,5.966483,3.768616,328.99131,1100000.0,0.0024989,0.012495,6.6321e-05
3d7.(4P).4s,a 5P,2.0,5.0,2.197866,3d5.(6S).4s2.4p,v 5P*,2.0,5.0,5.971506,3.77364,328.55334,5640000.0,0.0091275,0.045637,0.00024224
3d7.(4P).4s,a 5P,2.0,5.0,2.197866,3d6.(3G).4s.4p.(3P*),v 5F*,2.0,5.0,5.980855,3.782988,327.74142,3160000.0,0.0050887,0.025444,0.00013505
3d7.(4P).4s,a 5P,2.0,5.0,2.197866,3d5.(6S).4s2.4p,v 5P*,1.0,3.0,5.987181,3.789315,327.19426,64000000.0,0.061631,0.30816,0.0016357
3d7.(4P).4s,a 5P,2.0,5.0,2.197866,3d6.(3G).4s.4p.(3P*),v 5F*,1.0,3.0,5.994711,3.796845,326.54535,10100000.0,0.0096877,0.048438,0.00025711
3d7.(4P).4s,a 5P,2.0,5.0,2.197866,3d7.(4P).4p,x 3P*,1.0,3.0,6.015234,3.817368,324.78974,10900000.0,0.010343,0.051714,0.0002745
3d7.(4P).4s,a 5P,2.0,5.0,2.197866,3d6.(3F2).4s.4p.(3P*),v 3D*,3.0,7.0,6.091966,3.8941,318.38986,14200000.0,0.030213,0.15107,0.00080185
3d7.(4P).4s,a 5P,2.0,5.0,2.197866,3d7.(2G).4p,w 3F*,3.0,7.0,6.10534,3.907473,317.30018,715000.0,0.0015109,0.0075545,4.0099e-05
3d7.(4P).4s,a 5P,2.0,5.0,2.197866,3d7.(2D2).4p,v 3P*,2.0,5.0,6.560784,4.362918,284.17724,2370000.0,0.0028694,0.014347,7.6153e-05
3d7.(4P).4s,a 5P,1.0,3.0,2.222712,3d7.(2P).4s,c 3P,0.0,1.0,3.110962,0.88825,1395.82595,0.02,1.9473e-10,5.8419e-10,5.1681e-12
3d7.(4P).4s,a 5P,1.0,3.0,2.222712,3d6.(5D).4s.4p.(3P*),z 5D*,2.0,5.0,3.265706,1.042994,1188.73356,78000.0,0.0027541,0.0082622,7.3093e-05
3d7.(4P).4s,a 5P,1.0,3.0,2.222712,3d6.(5D).4s.4p.(3P*),z 5D*,1.0,3.0,3.283025,1.060313,1169.31726,139000.0,0.0028493,0.0085479,7.5621e-05
3d7.(4P).4s,a 5P,1.0,3.0,2.222712,3d6.(5D).4s.4p.(3P*),z 5D*,0.0,1.0,3.29184,1.069128,1159.67616,177000.0,0.0011896,0.0035687,3.1571e-05
3d7.(4P).4s,a 5P,1.0,3.0,2.222712,3d6.(5D).4s.4p.(3P*),z 5P*,2.0,5.0,3.653693,1.430981,866.42785,516000.0,0.0096788,0.029036,0.00025688
3d7.(4P).4s,a 5P,1.0,3.0,2.222712,3d6.(5D).4s.4p.(3P*),z 5P*,1.0,3.0,3.686389,1.463677,847.07329,263000.0,0.0028292,0.0084875,7.5086e-05
3d7.(4P).4s,a 5P,1.0,3.0,2.222712,3d7.(4F).4p,y 5D*,2.0,5.0,4.190861,1.968149,629.9534,61200.0,0.00060684,0.0018205,1.6106e-05
3d7.(4P).4s,a 5P,1.0,3.0,2.222712,3d6.(5D).4s.4p.(3P*),z 3P*,2.0,5.0,4.208883,1.986171,624.23722,23000.0,0.00022394,0.00067183,5.9434e-06
3d7.(4P).4s,a 5P,1.0,3.0,2.222712,3d7.(4F).4p,y 5D*,1.0,3.0,4.217583,1.994871,621.51482,190000.0,0.0011003,0.0033009,2.9202e-05
3d7.(4P).4s,a 5P,1.0,3.0,2.222712,3d7.(4F).4p,y 5D*,0.0,1.0,4.23054,2.007828,617.50423,231000.0,0.00044018,0.0013205,1.1682e-05
3d7.(4P).4s,a 5P,1.0,3.0,2.222712,3d6.(5D).4s.4p.(3P*),z 3P*,1.0,3.0,4.260453,2.037741,608.43938,16100.0,8.9355e-05,0.00026807,2.3715e-06
3d7.(4P).4s,a 5P,1.0,3.0,2.222712,3d6.(5D).4s.4p.(3P*),z 3P*,0.0,1.0,4.284348,2.061636,601.38746,16900.0,3.0545e-05,9.1634e-05,8.1065e-07
3d7.(4P).4s,a 5P,1.0,3.0,2.222712,3d6.(5D).4s.4p.(1P*),y 5P*,2.0,5.0,4.606951,2.384239,520.01582,362000.0,0.002446,0.0073379,6.4916e-05
3d7.(4P).4s,a 5P,1.0,3.0,2.222712,3d6.(5D).4s.4p.(1P*),y 5P*,1.0,3.0,4.638194,2.415482,513.28977,258000.0,0.0010191,0.0030572,2.7046e-05
3d7.(4P).4s,a 5P,1.0,3.0,2.222712,3d7.(4F).4p,y 3D*,2.0,5.0,4.795466,2.572754,481.91245,21000.0,0.00012186,0.00036558,3.2342e-06
3d7.(4P).4s,a 5P,1.0,3.0,2.222712,3d7.(4F).4p,y 3D*,1.0,3.0,4.834855,2.612143,474.64553,8200.0,2.7696e-05,8.3087e-05,7.3504e-07
3d7.(4P).4s,a 5P,1.0,3.0,2.222712,3d5.(6S).4s2.4p,y 7P*,2.0,5.0,4.965819,2.743107,451.98449,9100.0,4.6451e-05,0.00013935,1.2328e-06
3d7.(4P).4s,a 5P,1.0,3.0,2.222712,3d6.(5D).4s.4p.(1P*),x 5D*,2.0,5.0,4.98805,2.765338,448.351,2190000.0,0.011,0.033,0.00029194
3d7.(4P).4s,a 5P,1.0,3.0,2.222712,3d6.(5D).4s.4p.(1P*),x 5D*,1.0,3.0,5.009522,2.78681,444.89654,5110000.0,0.015163,0.04549,0.00040244
3d7.(4P).4s,a 5P,1.0,3.0,2.222712,3d6.(5D).4s.4p.(1P*),x 5D*,0.0,1.0,5.020279,2.797567,443.18576,7450000.0,0.0073125,0.021938,0.00019407
3d7.(4P).4s,a 5P,1.0,3.0,2.222712,3d6.(3P2).4s.4p.(3P*),z 5S*,2.0,5.0,5.070333,2.84762,435.3958,3630000.0,0.017194,0.051583,0.00045634
3d7.(4P).4s,a 5P,1.0,3.0,2.222712,3d6.(3P2).4s.4p.(3P*),x 5P*,2.0,5.0,5.313935,3.091223,401.0846,4640000.0,0.018651,0.055953,0.00049499
3d7.(4P).4s,a 5P,1.0,3.0,2.222712,3d6.(3P2).4s.4p.(3P*),x 5P*,1.0,3.0,5.341118,3.118406,397.58837,344000.0,0.00081524,0.0024457,2.1636e-05
3d7.(4P).4s,a 5P,1.0,3.0,2.222712,3d6.(3P2).4s.4p.(3P*),w 5D*,2.0,5.0,5.478072,3.25536,380.86176,9370000.0,0.033961,0.10188,0.00090133
3d7.(4P).4s,a 5P,1.0,3.0,2.222712,3d6.(3F2).4s.4p.(3P*),w 5F*,2.0,5.0,5.490697,3.267984,379.39042,296000.0,0.0010646,0.0031937,2.8254e-05
3d7.(4P).4s,a 5P,1.0,3.0,2.222712,3d6.(3F2).4s.4p.(3P*),w 5F*,1.0,3.0,5.502213,3.279501,378.05811,851000.0,0.0018235,0.0054705,4.8396e-05
3d7.(4P).4s,a 5P,1.0,3.0,2.222712,3d6.(3P2).4s.4p.(3P*),w 5D*,1.0,3.0,5.506282,3.28357,377.58963,5570000.0,0.011906,0.035717,0.00031598
3d7.(4P).4s,a 5P,1.0,3.0,2.222712,3d6.(3P2).4s.4p.(3P*),w 5D*,0.0,1.0,5.512205,3.289493,376.90973,10800000.0,0.0076672,0.023002,0.00020349
3d7.(4P).4s,a 5P,1.0,3.0,2.222712,3d7.(4P).4p,y 5S*,2.0,5.0,5.518761,3.296049,376.16003,5500000.0,0.019445,0.058336,0.00051608
3d7.(4P).4s,a 5P,1.0,3.0,2.222712,3d6.(3F2).4s.4p.(3P*),v 5D*,2.0,5.0,5.53764,3.314927,374.01783,451000.0,0.0015764,0.0047292,4.1838e-05
3d7.(4P).4s,a 5P,1.0,3.0,2.222712,3d6.(3P2).4s.4p.(3P*),x 3D*,2.0,5.0,5.614232,3.39152,365.57122,160000.0,0.00053428,0.0016029,1.418e-05
3d7.(4P).4s,a 5P,1.0,3.0,2.222712,3d7.(4P).4p,w 5P*,2.0,5.0,5.742147,3.519435,352.28442,3510000.0,0.010884,0.032653,0.00028887
3d7.(4P).4s,a 5P,1.0,3.0,2.222712,3d7.(4P).4p,w 5P*,1.0,3.0,5.754154,3.531442,351.08663,1700000.0,0.0031415,0.0094245,8.3375e-05
3d7.(4P).4s,a 5P,1.0,3.0,2.222712,3d6.(3P2).4s.4p.(3P*),y 3P*,2.0,5.0,5.793419,3.570707,347.22594,3980000.0,0.01199,0.03597,0.00031821
3d7.(4P).4s,a 5P,1.0,3.0,2.222712,3d7.(4P).4p,u 5D*,2.0,5.0,5.813435,3.590723,345.29033,11300000.0,0.033663,0.10099,0.00089342
3d7.(4P).4s,a 5P,1.0,3.0,2.222712,3d6.(3P2).4s.4p.(3P*),y 3P*,1.0,3.0,5.815086,3.592374,345.13166,23400000.0,0.041787,0.12536,0.001109
3d7.(4P).4s,a 5P,1.0,3.0,2.222712,3d7.(4P).4p,w 3D*,2.0,5.0,5.84413,3.621417,342.36372,13800000.0,0.040417,0.12125,0.0010727
3d7.(4P).4s,a 5P,1.0,3.0,2.222712,3d7.(4P).4p,u 5D*,0.0,1.0,5.848524,3.625812,341.94874,98800000.0,0.057732,0.1732,0.0015322
3d7.(4P).4s,a 5P,1.0,3.0,2.222712,3d7.(4P).4p,u 5D*,1.0,3.0,5.849232,3.626519,341.88207,40100000.0,0.070268,0.2108,0.0018649
3d7.(4P).4s,a 5P,1.0,3.0,2.222712,3d6.(3F2).4s.4p.(3P*),x 3F*,2.0,5.0,5.851683,3.628971,341.65108,4640000.0,0.013533,0.040599,0.00035916
3d7.(4P).4s,a 5P,1.0,3.0,2.222712,3d7.(4P).4p,w 3D*,1.0,3.0,5.860984,3.638272,340.77768,20800000.0,0.036213,0.10864,0.00096109
3d7.(4P).4s,a 5P,1.0,3.0,2.222712,3d5.(6S).4s2.4p,v 5P*,2.0,5.0,5.971506,3.748794,330.73088,48400000.0,0.13228,0.39685,0.0035108
3d7.(4P).4s,a 5P,1.0,3.0,2.222712,3d6.(3G).4s.4p.(3P*),v 5F*,2.0,5.0,5.980855,3.758143,329.90817,9010000.0,0.024503,0.073509,0.00065031
3d7.(4P).4s,a 5P,1.0,3.0,2.222712,3d5.(6S).4s2.4p,v 5P*,1.0,3.0,5.987181,3.764469,329.35376,30000000.0,0.048787,0.14636,0.0012948
3d7.(4P).4s,a 5P,1.0,3.0,2.222712,3d7.(4P).4p,x 3P*,2.0,5.0,5.989012,3.7663,329.1936,7580000.0,0.020525,0.061575,0.00054473
3d7.(4P).4s,a 5P,1.0,3.0,2.222712,3d7.(4P).4p,x 3P*,1.0,3.0,6.015234,3.792522,326.91751,6060000.0,0.0097098,0.029129,0.0002577
3d6.4s2,a 3P2,2.0,5.0,2.278605,3d6.(5D).4s.4p.(3P*),z 5D*,3.0,7.0,3.240969,0.962364,1288.32891,2000.0,6.9674e-05,0.00034837,1.8491e-06
3d6.4s2,a 3P2,2.0,5.0,2.278605,3d6.(5D).4s.4p.(3P*),z 5D*,2.0,5.0,3.265706,0.987101,1256.04313,2000.0,4.7304e-05,0.00023652,1.2555e-06
3d6.4s2,a 3P2,2.0,5.0,2.278605,3d7.(2D2).4s,a 3D,2.0,5.0,3.300922,1.022318,1212.77553,0.02,4.4101e-10,2.2051e-09,1.1704e-11
3d6.4s2,a 3P2,2.0,5.0,2.278605,3d6.(5D).4s.4p.(3P*),z 5P*,3.0,7.0,3.602525,1.32392,936.49286,7660.0,0.000141,0.00070501,3.7422e-06
3d6.4s2,a 3P2,2.0,5.0,2.278605,3d6.4s2,b 3D,2.0,5.0,3.639772,1.361168,910.86644,0.028,3.4828e-10,1.7414e-09,9.2433e-12
3d6.4s2,a 3P2,2.0,5.0,2.278605,3d6.4s2,b 3D,2.0,5.0,3.639772,1.361168,910.86644,0.002,2.4877e-11,1.2439e-10,6.6024e-13
3d6.4s2,a 3P2,2.0,5.0,2.278605,3d6.4s2,b 3D,3.0,7.0,3.641641,1.363036,909.61799,0.034,5.9045e-10,2.9523e-09,1.5671e-11
3d6.4s2,a 3P2,2.0,5.0,2.278605,3d6.4s2,b 3D,3.0,7.0,3.641641,1.363036,909.61799,0.003,5.2099e-11,2.6049e-10,1.3827e-12
3d6.4s2,a 3P2,2.0,5.0,2.278605,3d6.(5D).4s.4p.(3P*),z 5P*,1.0,3.0,3.686389,1.407785,880.70421,16700.0,0.00011652,0.00058258,3.0923e-06
3d6.4s2,a 3P2,2.0,5.0,2.278605,3d6.(5D).4s.4p.(3P*),z 3D*,3.0,7.0,3.883509,1.604904,772.53323,3860.0,4.8351e-05,0.00024176,1.2832e-06
3d6.4s2,a 3P2,2.0,5.0,2.278605,3d7.(4F).4p,y 5D*,2.0,5.0,4.190861,1.912256,648.36606,32900.0,0.00020735,0.0010367,5.503e-06
3d6.4s2,a 3P2,2.0,5.0,2.278605,3d6.(5D).4s.4p.(3P*),z 3P*,2.0,5.0,4.208883,1.930279,642.31245,304000.0,0.0018803,0.0094015,4.9903e-05
3d6.4s2,a 3P2,2.0,5.0,2.278605,3d6.(5D).4s.4p.(3P*),z 3P*,1.0,3.0,4.260453,1.981849,625.59874,213000.0,0.00074986,0.0037493,1.9901e-05
3d6.4s2,a 3P2,2.0,5.0,2.278605,3d6.(5D).4s.4p.(1P*),y 5P*,3.0,7.0,4.558523,2.279918,543.80987,35000.0,0.00021725,0.0010862,5.7657e-06
3d6.4s2,a 3P2,2.0,5.0,2.278605,3d7.(4F).4p,y 3F*,3.0,7.0,4.607593,2.328989,532.3521,52900.0,0.00031466,0.0015733,8.3511e-06
3d6.4s2,a 3P2,2.0,5.0,2.278605,3d7.(4F).4p,y 3D*,3.0,7.0,4.733141,2.454536,505.12273,1650000.0,0.0088362,0.044181,0.00023451
3d6.4s2,a 3P2,2.0,5.0,2.278605,3d7.(4F).4p,y 3D*,2.0,5.0,4.795466,2.516861,492.61441,423000.0,0.0015389,0.0076946,4.0843e-05
3d6.4s2,a 3P2,2.0,5.0,2.278605,3d7.(4F).4p,y 3D*,1.0,3.0,4.834855,2.55625,485.02368,68900.0,0.0001458,0.000729,3.8695e-06
3d6.4s2,a 3P2,2.0,5.0,2.278605,3d6.(5D).4s.4p.(1P*),x 5D*,3.0,7.0,4.95563,2.677026,463.14164,115000.0,0.00051774,0.0025887,1.3741e-05
3d6.4s2,a 3P2,2.0,5.0,2.278605,3d6.(5D).4s.4p.(1P*),x 5D*,2.0,5.0,4.98805,2.709445,457.59993,82000.0,0.00025742,0.0012871,6.832e-06
3d6.4s2,a 3P2,2.0,5.0,2.278605,3d6.(3P2).4s.4p.(3P*),z 5S*,2.0,5.0,5.070333,2.791728,444.11276,67300.0,0.000199,0.00099502,5.2816e-06
3d6.4s2,a 3P2,2.0,5.0,2.278605,3d6.(3P2).4s.4p.(3P*),x 5P*,2.0,5.0,5.313935,3.035331,408.47017,184000.0,0.00046025,0.0023013,1.2215e-05
3d6.4s2,a 3P2,2.0,5.0,2.278605,3d6.(3P2).4s.4p.(3P*),x 5P*,1.0,3.0,5.341118,3.062513,404.84458,215000.0,0.00031698,0.0015849,8.4125e-06
3d6.4s2,a 3P2,2.0,5.0,2.278605,3d6.(3P2).4s.4p.(3P*),w 5D*,3.0,7.0,5.445717,3.167112,391.47398,1350000.0,0.0043424,0.021712,0.00011525
3d6.4s2,a 3P2,2.0,5.0,2.278605,3d7.(4P).4p,y 5S*,2.0,5.0,5.518761,3.240157,382.64878,647000.0,0.0014202,0.0071012,3.7693e-05
3d6.4s2,a 3P2,2.0,5.0,2.278605,3d6.(3P2).4s.4p.(3P*),x 3D*,3.0,7.0,5.60665,3.328045,372.54361,10400000.0,0.030295,0.15148,0.00080404
3d6.4s2,a 3P2,2.0,5.0,2.278605,3d6.(3P2).4s.4p.(3P*),x 3D*,2.0,5.0,5.614232,3.335627,371.69682,2600000.0,0.0053853,0.026927,0.00014293
3d6.4s2,a 3P2,2.0,5.0,2.278605,3d6.(3P2).4s.4p.(3P*),x 3D*,1.0,3.0,5.647699,3.369095,368.0045,722000.0,0.00087954,0.0043977,2.3343e-05
3d6.4s2,a 3P2,2.0,5.0,2.278605,3d7.(4P).4p,w 5P*,2.0,5.0,5.742147,3.463542,357.96937,1800000.0,0.003458,0.01729,9.1775e-05
3d6.4s2,a 3P2,2.0,5.0,2.278605,3d7.(4P).4p,w 5P*,1.0,3.0,5.754154,3.475549,356.73268,3300000.0,0.0037776,0.018888,0.00010026
3d6.4s2,a 3P2,2.0,5.0,2.278605,3d6.(3P2).4s.4p.(3P*),y 3P*,2.0,5.0,5.793419,3.514814,352.74752,12900000.0,0.024065,0.12032,0.00063867
3d6.4s2,a 3P2,2.0,5.0,2.278605,3d7.(4P).4p,u 5D*,3.0,7.0,5.79564,3.517036,352.5247,5040000.0,0.013146,0.065731,0.0003489
3d6.4s2,a 3P2,2.0,5.0,2.278605,3d7.(4P).4p,u 5D*,2.0,5.0,5.813435,3.534831,350.75005,7350000.0,0.013556,0.067782,0.00035979
3d6.4s2,a 3P2,2.0,5.0,2.278605,3d6.(3P2).4s.4p.(3P*),y 3P*,1.0,3.0,5.815086,3.536481,350.58632,2940000.0,0.0032505,0.016252,8.6268e-05
3d6.4s2,a 3P2,2.0,5.0,2.278605,3d7.(4P).4p,u 5D*,1.0,3.0,5.849232,3.570627,347.2337,7360000.0,0.0079824,0.039912,0.00021185
3d6.4s2,a 3P2,2.0,5.0,2.278605,3d7.(4P).4p,w 3D*,1.0,3.0,5.860984,3.58238,346.09452,477000.0,0.00051395,0.0025697,1.364e-05
3d6.4s2,a 3P2,2.0,5.0,2.278605,3d6.(3P2).4s.4p.(3P*),1D*,2.0,5.0,5.879292,3.600687,344.33482,4550000.0,0.0080878,0.040439,0.00021465
3d6.4s2,a 3P2,2.0,5.0,2.278605,3d7.(4P).4p,y 3S*,1.0,3.0,5.896144,3.61754,342.73074,4520000.0,0.0047759,0.02388,0.00012675
3d6.4s2,a 3P2,2.0,5.0,2.278605,3d5.(6S).4s2.4p,v 5P*,2.0,5.0,5.971506,3.692902,335.73654,1560000.0,0.0026362,0.013181,6.9965e-05
3d6.4s2,a 3P2,2.0,5.0,2.278605,3d6.(3G).4s.4p.(3P*),v 5F*,2.0,5.0,5.980855,3.70225,334.88877,4910000.0,0.0082555,0.041277,0.0002191
3d6.4s2,a 3P2,2.0,5.0,2.278605,3d7.(4P).4p,x 3P*,2.0,5.0,5.989012,3.710408,334.15249,4950000.0,0.0082862,0.041431,0.00021992
3d6.4s2,a 3P2,2.0,5.0,2.278605,3d7.(4P).4p,x 3P*,1.0,3.0,6.015234,3.73663,331.80755,3110000.0,0.00308,0.0154,8.1742e-05
3d6.4s2,a 3P2,2.0,5.0,2.278605,3d7.(2P).4p,w 3P*,1.0,3.0,6.204568,3.925963,315.80583,1810000.0,0.0016238,0.0081189,4.3095e-05
3d6.4s2,a 3P2,2.0,5.0,2.278605,3d7.(2P).4p,w 3P*,2.0,5.0,6.222374,3.94377,314.37991,5650000.0,0.0083718,0.041859,0.00022219
3d6.4s2,a 3P2,2.0,5.0,2.278605,3d7.(2P).4p,u 3D*,3.0,7.0,6.443347,4.164743,297.69954,9700000.0,0.018043,0.090216,0.00047887
3d6.4s2,a 3P2,2.0,5.0,2.278605,3d7.(2P).4p,1P*,1.0,3.0,6.469597,4.190992,295.83493,13100000.0,0.010313,0.051565,0.0002737
3d6.4s2,a 3P2,2.0,5.0,2.278605,3d7.(2D2).4p,t 3D*,3.0,7.0,6.473615,4.195011,295.55156,10600000.0,0.019434,0.09717,0.00051578
3d6.4s2,a 3P2,2.0,5.0,2.278605,3d7.(2P).4p,u 3D*,2.0,5.0,6.483992,4.205387,294.82232,9300000.0,0.012119,0.060595,0.00032164
3d6.4s2,a 3P2,2.0,5.0,2.278605,3d7.(2D2).4p,t 3D*,1.0,3.0,6.553532,4.274928,290.02641,46800000.0,0.03541,0.17705,0.00093979
3d6.4s2,a 3P2,2.0,5.0,2.278605,3d7.(2D2).4p,v 3P*,2.0,5.0,6.560784,4.28218,289.53525,48300000.0,0.060703,0.30351,0.0016111
3d6.4s2,a 3P2,2.0,5.0,2.278605,3d7.(2D2).4p,v 3P*,1.0,3.0,6.599672,4.321067,286.9296,14500000.0,0.010738,0.053691,0.00028499
3d6.(5D).4s.4p.(3P*),z 7D*,5.0,11.0,2.399205,3d6.(5D).4s (6D).5s,e 7D,5.0,11.0,5.308489,2.909285,426.16729,39900000.0,0.10864,1.195,0.0028833
3d6.(5D).4s.4p.(3P*),z 7D*,5.0,11.0,2.399205,3d6.(5D).4s (6D).5s,e 7D,4.0,9.0,5.35157,2.952366,419.94865,8030000.0,0.017371,0.19108,0.00046102
3d6.(5D).4s.4p.(3P*),z 7D*,5.0,11.0,2.399205,3d6.(5D).4s (6D).4d,e 7F,6.0,13.0,6.241629,3.842424,322.67185,118000000.0,0.21768,2.3945,0.0057772
3d6.(5D).4s.4p.(3P*),z 7D*,5.0,11.0,2.399205,3d6.(5D).4s (6D).4d,f 7D,5.0,11.0,6.246065,3.84686,322.29976,86500000.0,0.13471,1.4818,0.0035752
3d6.(5D).4s.4p.(3P*),z 7D*,5.0,11.0,2.399205,3d6.(5D).4s (6D).4d,f 5D,4.0,9.0,6.251672,3.852468,321.83061,15000000.0,0.019057,0.20963,0.00050577
3d6.(5D).4s.4p.(3P*),z 7D*,5.0,11.0,2.399205,3d6.(5D).4s (6D).4d,e 7P,4.0,9.0,6.258138,3.858933,321.29137,46400000.0,0.058752,0.64628,0.0015593
3d6.(5D).4s.4p.(3P*),z 7D*,5.0,11.0,2.399205,3d6.(5D).4s (6D).4d,e 5G,6.0,13.0,6.264047,3.864842,320.80017,1320000.0,0.0024069,0.026476,6.3878e-05
3d6.(5D).4s.4p.(3P*),z 7D*,5.0,11.0,2.399205,3d6.(5D).4s (6D).4d,e 5G,5.0,11.0,6.286479,3.887274,318.94896,5000000.0,0.0076256,0.083881,0.00020238
3d6.(5D).4s.4p.(3P*),z 7D*,5.0,11.0,2.399205,3d6.(5D).4s (6D).4d,f 7D,4.0,9.0,6.299389,3.900184,317.8932,12800000.0,0.015867,0.17453,0.0004211
3d6.(5D).4s.4p.(3P*),z 7D*,5.0,11.0,2.399205,3d6.(5D).4s (6D).4d,e 7F,5.0,11.0,6.302543,3.903338,317.63631,14400000.0,0.021781,0.23959,0.00057807
3d6.(5D).4s.4p.(3P*),z 7D*,5.0,11.0,2.399205,3d6.(5D).4s (6D).4d,e 7G,6.0,13.0,6.319206,3.920001,316.28614,4650000.0,0.0082418,0.09066,0.00021874
3d6.(5D).4s.4p.(3P*),z 7D*,5.0,11.0,2.399205,3d6.(5D).4s (6D).6s,g 7D,5.0,11.0,6.670456,4.271252,290.27603,17800000.0,0.022485,0.24734,0.00059676
3d6.4s2,a 3H,6.0,13.0,2.404074,3d6.4s2,a 1I,6.0,13.0,3.63435,1.230275,1007.776,0.079,1.2029e-09,1.5637e-08,3.1924e-11
3d6.4s2,a 3H,6.0,13.0,2.404074,3d7.(4F).4p,z 5G*,5.0,11.0,4.312471,1.908396,649.67747,766000.0,0.0041014,0.053318,0.00010885
3d6.4s2,a 3H,6.0,13.0,2.404074,3d7.(4F).4p,z 3G*,5.0,11.0,4.386463,1.982388,625.42842,319000.0,0.0015829,0.020578,4.201e-05
3d6.4s2,a 3H,6.0,13.0,2.404074,3d6.(3H).4s.4p.(3P*),y 3G*,5.0,11.0,5.615845,3.211771,386.03066,7250000.0,0.013705,0.17817,0.00036374
3d6.4s2,a 3H,6.0,13.0,2.404074,3d6.(3H).4s.4p.(3P*),z 3I*,7.0,15.0,5.700546,3.296472,376.11179,4470000.0,0.010938,0.1422,0.0002903
3d6.4s2,a 3H,6.0,13.0,2.404074,3d6.(3H).4s.4p.(3P*),z 3I*,6.0,13.0,5.706617,3.302543,375.42043,114000.0,0.00024088,0.0031314,6.3929e-06
3d6.4s2,a 3H,6.0,13.0,2.404074,3d6.(3H).4s.4p.(3P*),z 3H*,6.0,13.0,5.825065,3.420991,362.42189,6680000.0,0.013154,0.171,0.00034911
3d6.4s2,a 3H,6.0,13.0,2.404074,3d6.(3H).4s.4p.(3P*),z 3H*,5.0,11.0,5.828295,3.424221,362.08004,281000.0,0.00046733,0.0060753,1.2403e-05
3d6.4s2,a 3H,6.0,13.0,2.404074,3d6.(3G).4s.4p.(3P*),w 5G*,6.0,13.0,5.87231,3.468236,357.48492,2410000.0,0.0046173,0.060025,0.00012254
3d6.4s2,a 3H,6.0,13.0,2.404074,3d6.(3F2).4s.4p.(3P*),x 3G*,5.0,11.0,5.930728,3.526654,351.56327,472000.0,0.00074004,0.0096206,1.9641e-05
3d6.4s2,a 3H,6.0,13.0,2.404074,3d6.(3G).4s.4p.(3P*),y 5H*,5.0,11.0,5.979917,3.575842,346.72727,95000.0,0.00014488,0.0018834,3.8451e-06
3d6.4s2,a 3H,6.0,13.0,2.404074,3d7.(2G).4p,v 3G*,5.0,11.0,6.13237,3.728296,332.54925,1720000.0,0.002413,0.031368,6.404e-05
3d6.4s2,a 3H,6.0,13.0,2.404074,3d7.(2H).4p,u 3G*,5.0,11.0,6.369553,3.965479,312.65885,8460000.0,0.010491,0.13638,0.00027843
3d6.4s2,a 3H,6.0,13.0,2.404074,3d6.(3H).4s.4p.(3P*),1H*,5.0,11.0,6.401326,3.997252,310.1736,2730000.0,0.0033318,0.043314,8.8426e-05
3d6.4s2,a 3H,6.0,13.0,2.404074,3d7.(2H).4p,w 3H*,6.0,13.0,6.500671,4.096596,302.65172,58600000.0,0.080472,1.0461,0.0021357
3d6.4s2,a 3H,6.0,13.0,2.404074,3d7.(2H).4p,w 3H*,5.0,11.0,6.523192,4.119117,300.997,7770000.0,0.0089301,0.11609,0.000237
3d6.4s2,a 3H,6.0,13.0,2.404074,3d7.(2H).4p,y 3I*,7.0,15.0,6.528387,4.124313,300.61785,2940000.0,0.004596,0.059749,0.00012198
3d6.4s2,a 3H,6.0,13.0,2.404074,3d6.(3G).4s.4p.(3P*),t 3G*,5.0,11.0,6.693075,4.289001,289.07478,567000.0,0.00060105,0.0078137,1.5952e-05
3d6.4s2,a 3H,6.0,13.0,2.404074,3d6.(1G2).4s.4p.(3P*),v 3H*,6.0,13.0,6.879851,4.475777,277.01158,18000000.0,0.020708,0.2692,0.00054958
3d6.4s2,a 3H,6.0,13.0,2.404074,3d7.(2H).4p,1H*,5.0,11.0,6.931607,4.527532,273.84498,11400000.0,0.010845,0.14098,0.00028782
3d6.4s2,a 3H,6.0,13.0,2.404074,3d6.(1I).4s.4p.(3P*),u 3H*,6.0,13.0,6.984521,4.580446,270.68147,22800000.0,0.025044,0.32558,0.00066468
3d6.4s2,a 3H,6.0,13.0,2.404074,3d6.(1I).4s.4p.(3P*),u 3H*,5.0,11.0,6.990559,4.586485,270.32511,4230000.0,0.0039212,0.050976,0.00010407
3d6.4s2,a 3H,6.0,13.0,2.404074,3d6.(1I).4s.4p.(3P*),x 3I*,7.0,15.0,7.070511,4.666436,265.69355,16300000.0,0.019905,0.25876,0.00052827
3d6.4s2,a 3H,6.0,13.0,2.404074,3d6.(3H).4s.4p.(1P*),3I*,7.0,15.0,7.289311,4.885236,253.79366,370000000.0,0.41226,5.3594,0.010941
3d6.4s2,a 3H,6.0,13.0,2.404074,3d6.(3H).4s.4p.(1P*),3I*,6.0,13.0,7.308463,4.904389,252.80254,34600000.0,0.033151,0.43096,0.00087983
3d6.4s2,a 3H,6.0,13.0,2.404074,3d6.(3H).4s.4p.(1P*),t 3H*,6.0,13.0,7.484385,5.080311,244.04846,346000000.0,0.30895,4.0163,0.0081995
3d6.4s2,a 3P2,1.0,3.0,2.424198,3d7.(2D2).4s,a 3D,1.0,3.0,3.273984,0.849786,1459.0048,0.014,4.4679e-10,1.3404e-09,1.1858e-11
3d6.4s2,a 3P2,1.0,3.0,2.424198,3d6.4s2,b 3D,1.0,3.0,3.63522,1.211022,1023.7984,0.029,4.5571e-10,1.3671e-09,1.2094e-11
3d6.4s2,a 3P2,1.0,3.0,2.424198,3d6.4s2,b 3D,1.0,3.0,3.63522,1.211022,1023.7984,0.001,1.5714e-11,4.7142e-11,4.1705e-13
3d6.4s2,a 3P2,1.0,3.0,2.424198,3d6.(5D).4s.4p.(3P*),z 3D*,2.0,5.0,3.928607,1.504409,824.13917,13000.0,0.00022062,0.00066187,5.8554e-06
3d6.4s2,a 3P2,1.0,3.0,2.424198,3d6.(5D).4s.4p.(3P*),z 3P*,2.0,5.0,4.208883,1.784685,694.71195,91100.0,0.0010986,0.0032958,2.9157e-05
3d6.4s2,a 3P2,1.0,3.0,2.424198,3d6.(5D).4s.4p.(3P*),z 3P*,1.0,3.0,4.260453,1.836255,675.20144,117000.0,0.00079967,0.002399,2.1223e-05
3d6.4s2,a 3P2,1.0,3.0,2.424198,3d6.(5D).4s.4p.(3P*),z 3P*,0.0,1.0,4.284348,1.86015,666.52807,498000.0,0.0011056,0.0033168,2.9343e-05
3d6.4s2,a 3P2,1.0,3.0,2.424198,3d7.(4F).4p,y 3D*,1.0,3.0,4.834855,2.410657,514.3171,486000.0,0.0019273,0.005782,5.1152e-05
3d6.4s2,a 3P2,1.0,3.0,2.424198,3d6.(5D).4s.4p.(1P*),x 5D*,2.0,5.0,4.98805,2.563852,483.5857,27000.0,0.00015777,0.0004733,4.1872e-06
3d6.4s2,a 3P2,1.0,3.0,2.424198,3d6.(3P2).4s.4p.(3P*),w 5D*,2.0,5.0,5.478072,3.053873,405.98998,652000.0,0.0026853,0.0080558,7.1267e-05
3d6.4s2,a 3P2,1.0,3.0,2.424198,3d6.(3P2).4s.4p.(3P*),x 3D*,2.0,5.0,5.614232,3.190033,388.66112,7260000.0,0.027402,0.082207,0.00072726
3d6.4s2,a 3P2,1.0,3.0,2.424198,3d6.(3P2).4s.4p.(3P*),x 3D*,1.0,3.0,5.647699,3.223501,384.6259,6070000.0,0.013462,0.040387,0.00035729
3d6.4s2,a 3P2,1.0,3.0,2.424198,3d6.(3P2).4s.4p.(3P*),y 3P*,0.0,1.0,5.786657,3.362459,368.73072,13000000.0,0.0088328,0.026499,0.00023442
3d6.4s2,a 3P2,1.0,3.0,2.424198,3d6.(3P2).4s.4p.(3P*),y 3P*,2.0,5.0,5.793419,3.369221,367.99075,4590000.0,0.015531,0.046593,0.00041219
3d6.4s2,a 3P2,1.0,3.0,2.424198,3d7.(4P).4p,u 5D*,2.0,5.0,5.813435,3.389237,365.81745,1220000.0,0.0040794,0.012238,0.00010827
3d6.4s2,a 3P2,1.0,3.0,2.424198,3d7.(4P).4p,w 3D*,2.0,5.0,5.84413,3.419931,362.53418,1020000.0,0.0033497,0.010049,8.8901e-05
3d6.4s2,a 3P2,1.0,3.0,2.424198,3d6.(3F2).4s.4p.(3P*),x 3F*,2.0,5.0,5.851683,3.427485,361.73519,686000.0,0.0022429,0.0067288,5.9527e-05
3d6.4s2,a 3P2,1.0,3.0,2.424198,3d7.(4P).4p,w 3D*,1.0,3.0,5.860984,3.436786,360.75623,3160000.0,0.0061656,0.018497,0.00016363
3d6.4s2,a 3P2,1.0,3.0,2.424198,3d7.(4P).4p,y 3S*,1.0,3.0,5.896144,3.471946,357.10291,6030000.0,0.011528,0.034585,0.00030596
3d6.4s2,a 3P2,1.0,3.0,2.424198,3d6.(3G).4s.4p.(3P*),v 5F*,2.0,5.0,5.980855,3.556656,348.59762,1840000.0,0.005587,0.016761,0.00014828
3d6.4s2,a 3P2,1.0,3.0,2.424198,3d7.(4P).4p,x 3P*,0.0,1.0,6.008288,3.58409,345.92937,29200000.0,0.017462,0.052386,0.00046344
3d6.4s2,a 3P2,1.0,3.0,2.424198,3d7.(4P).4p,x 3P*,1.0,3.0,6.015234,3.591036,345.26023,5080000.0,0.0090785,0.027236,0.00024094
3d6.4s2,a 3P2,1.0,3.0,2.424198,3d7.(2P).4p,u 3D*,2.0,5.0,6.483992,4.059793,305.39534,15300000.0,0.035655,0.10697,0.00094629
3d6.4s2,a 3P2,1.0,3.0,2.424198,3d7.(2P).4p,u 3D*,1.0,3.0,6.510715,4.086517,303.39825,5260000.0,0.0072589,0.021777,0.00019265
3d6.4s2,a 3P2,1.0,3.0,2.424198,3d7.(2D2).4p,v 3P*,2.0,5.0,6.560784,4.136586,299.7259,17000000.0,0.03816,0.11448,0.0010128
3d6.4s2,a 3P2,1.0,3.0,2.424198,3d7.(2D2).4p,v 3P*,1.0,3.0,6.599672,4.175473,296.93448,8260000.0,0.010918,0.032755,0.00028978
3d6.(5D).4s.4p.(3P*),z 7D*,4.0,9.0,2.425433,3d6.(5D).4s (6D).5s,e 7D,5.0,11.0,5.308489,2.883056,430.04434,12900000.0,0.043715,0.39343,0.0011602
3d6.(5D).4s.4p.(3P*),z 7D*,4.0,9.0,2.425433,3d6.(5D).4s (6D).5s,e 7D,4.0,9.0,5.35157,2.926137,423.71289,18800000.0,0.050601,0.45541,0.001343
3d6.(5D).4s.4p.(3P*),z 7D*,4.0,9.0,2.425433,3d6.(5D).4s (6D).5s,e 7D,3.0,7.0,5.385207,2.959774,418.89751,15200000.0,0.031101,0.27991,0.00082542
3d6.(5D).4s.4p.(3P*),z 7D*,4.0,9.0,2.425433,3d6.(5D).4s (6D).4d,f 7D,5.0,11.0,6.246065,3.820631,324.51234,30600000.0,0.059046,0.53142,0.0015671
3d6.(5D).4s.4p.(3P*),z 7D*,4.0,9.0,2.425433,3d6.(5D).4s (6D).4d,f 5D,4.0,9.0,6.251672,3.826239,324.03674,29500000.0,0.046438,0.41794,0.0012325
3d6.(5D).4s.4p.(3P*),z 7D*,4.0,9.0,2.425433,3d6.(5D).4s (6D).4d,e 7P,4.0,9.0,6.258138,3.832705,323.49008,20800000.0,0.032632,0.29369,0.00086606
3d6.(5D).4s.4p.(3P*),z 7D*,4.0,9.0,2.425433,3d6.(5D).4s (6D).4d,f 5D,3.0,7.0,6.265467,3.840033,322.87271,49600000.0,0.060292,0.54263,0.0016001
3d6.(5D).4s.4p.(3P*),z 7D*,4.0,9.0,2.425433,3d6.(5D).4s (6D).4d,e 7P,3.0,7.0,6.274997,3.849563,322.07341,36100000.0,0.043665,0.39298,0.0011589
3d6.(5D).4s.4p.(3P*),z 7D*,4.0,9.0,2.425433,3d6.(5D).4s (6D).4d,e 5G,5.0,11.0,6.286479,3.861045,321.11562,11500000.0,0.021729,0.19556,0.00057668
3d6.(5D).4s.4p.(3P*),z 7D*,4.0,9.0,2.425433,3d6.(5D).4s (6D).4d,f 7D,4.0,9.0,6.299389,3.873955,320.04549,22300000.0,0.034244,0.3082,0.00090884
3d6.(5D).4s.4p.(3P*),z 7D*,4.0,9.0,2.425433,3d6.(5D).4s (6D).4d,e 7F,5.0,11.0,6.302543,3.87711,319.78511,59700000.0,0.11187,1.0068,0.0029689
3d6.(5D).4s.4p.(3P*),z 7D*,4.0,9.0,2.425433,3d6.(5D).4s (6D).4d,e 5G,4.0,9.0,6.320662,3.895229,318.29759,3230000.0,0.004906,0.044154,0.00013021
3d6.(5D).4s.4p.(3P*),z 7D*,4.0,9.0,2.425433,3d6.(5D).4s (6D).4d,e 7F,4.0,9.0,6.347033,3.9216,316.15721,19300000.0,0.028922,0.26029,0.00076758
3d6.(5D).4s.4p.(3P*),z 7D*,4.0,9.0,2.425433,3d6.(5D).4s (6D).4d,e 5G,3.0,7.0,6.350349,3.924915,315.89013,2250000.0,0.002618,0.023562,6.9482e-05
3d6.(5D).4s.4p.(3P*),z 7D*,4.0,9.0,2.425433,3d6.(5D).4s (6D).4d,e 7G,5.0,11.0,6.351531,3.926098,315.79499,12600000.0,0.023025,0.20722,0.00061107
3d6.(5D).4s.4p.(3P*),z 7D*,4.0,9.0,2.425433,3d6.(5D).4s (6D).6s,g 7D,5.0,11.0,6.670456,4.245023,292.06955,7440000.0,0.011629,0.10466,0.00030864
3d6.(5D).4s.4p.(3P*),z 7D*,4.0,9.0,2.425433,3d6.(5D).4s (6D).6s,g 7D,4.0,9.0,6.710613,4.28518,289.33255,8780000.0,0.011019,0.099172,0.00029245
3d6.4s2,a 3H,5.0,11.0,2.432695,3d6.4s2,a 1I,6.0,13.0,3.63435,1.201655,1031.77857,0.052,9.8081e-10,1.0789e-08,2.6031e-11
3d6.4s2,a 3H,5.0,11.0,2.432695,3d7.(4F).4p,z 5G*,5.0,11.0,4.312471,1.879776,659.56904,52800.0,0.00034436,0.003788,9.1393e-06
3d6.4s2,a 3H,5.0,11.0,2.432695,3d7.(4F).4p,z 5G*,4.0,9.0,4.371351,1.938656,639.53675,481000.0,0.0024132,0.026545,6.4045e-05
3d6.4s2,a 3H,5.0,11.0,2.432695,3d7.(4F).4p,z 3G*,5.0,11.0,4.386463,1.953768,634.59016,18000.0,0.00010867,0.0011954,2.8842e-06
3d6.4s2,a 3H,5.0,11.0,2.432695,3d7.(4F).4p,z 3G*,4.0,9.0,4.434613,2.001918,619.32704,741000.0,0.0034863,0.03835,9.2527e-05
3d6.4s2,a 3H,5.0,11.0,2.432695,3d6.(3H).4s.4p.(3P*),y 3G*,5.0,11.0,5.615845,3.18315,389.50153,545000.0,0.0012396,0.013635,3.2898e-05
3d6.4s2,a 3H,5.0,11.0,2.432695,3d6.(3H).4s.4p.(3P*),y 3G*,4.0,9.0,5.632404,3.199709,387.48582,6570000.0,0.0121,0.1331,0.00032113
3d6.4s2,a 3H,5.0,11.0,2.432695,3d6.(3F2).4s.4p.(3P*),x 5G*,6.0,13.0,5.654716,3.222021,384.80253,344000.0,0.00090249,0.0099274,2.3952e-05
3d6.4s2,a 3H,5.0,11.0,2.432695,3d6.(3F2).4s.4p.(3P*),x 5G*,4.0,9.0,5.682595,3.249901,381.5015,291000.0,0.00051951,0.0057146,1.3788e-05
3d6.4s2,a 3H,5.0,11.0,2.432695,3d6.(3H).4s.4p.(3P*),z 3I*,6.0,13.0,5.706617,3.273922,378.70231,4140000.0,0.01052,0.11572,0.00027919
3d6.4s2,a 3H,5.0,11.0,2.432695,3d6.(3H).4s.4p.(3P*),z 3I*,5.0,11.0,5.720113,3.287418,377.14766,215000.0,0.00045848,0.0050433,1.2168e-05
3d6.4s2,a 3H,5.0,11.0,2.432695,3d6.(3F2).4s.4p.(3P*),x 3F*,4.0,9.0,5.813513,3.380818,366.7284,3870000.0,0.0063842,0.070227,0.00016944
3d6.4s2,a 3H,5.0,11.0,2.432695,3d6.(3H).4s.4p.(3P*),z 3H*,6.0,13.0,5.825065,3.392371,365.47952,612000.0,0.0014484,0.015932,3.844e-05
3d6.4s2,a 3H,5.0,11.0,2.432695,3d6.(3H).4s.4p.(3P*),z 3H*,5.0,11.0,5.828295,3.395601,365.13188,6150000.0,0.012292,0.13522,0.00032624
3d6.4s2,a 3H,5.0,11.0,2.432695,3d6.(3H).4s.4p.(3P*),z 3H*,4.0,9.0,5.84046,3.407765,363.82849,898000.0,0.0014581,0.016039,3.8697e-05
3d6.4s2,a 3H,5.0,11.0,2.432695,3d6.(3G).4s.4p.(3P*),w 5G*,5.0,11.0,5.879359,3.446664,359.7223,432000.0,0.00083807,0.0092187,2.2242e-05
3d6.4s2,a 3H,5.0,11.0,2.432695,3d6.(3F2).4s.4p.(3P*),x 3G*,5.0,11.0,5.930728,3.498034,354.4397,488000.0,0.0009191,0.01011,2.4393e-05
3d6.4s2,a 3H,5.0,11.0,2.432695,3d6.(3G).4s.4p.(3P*),v 5F*,4.0,9.0,5.942562,3.509868,353.24466,665000.0,0.0010178,0.011196,2.7014e-05
3d6.4s2,a 3H,5.0,11.0,2.432695,3d7.(2G).4p,y 3H*,6.0,13.0,6.129055,3.69636,335.42238,409000.0,0.0008153,0.0089683,2.1638e-05
3d6.4s2,a 3H,5.0,11.0,2.432695,3d7.(2G).4p,y 3H*,5.0,11.0,6.150165,3.71747,333.51765,491000.0,0.0008188,0.0090068,2.1731e-05
3d6.4s2,a 3H,5.0,11.0,2.432695,3d7.(2G).4p,v 3G*,4.0,9.0,6.153073,3.720379,333.25693,1780000.0,0.0024249,0.026674,6.4356e-05
3d6.4s2,a 3H,5.0,11.0,2.432695,3d6.(3F2).4s.4p.(3P*),x 1G*,4.0,9.0,6.275334,3.842639,322.65374,465000.0,0.00059379,0.0065317,1.5759e-05
3d6.4s2,a 3H,5.0,11.0,2.432695,3d7.(2H).4p,u 3G*,4.0,9.0,6.406039,3.973344,312.03994,8280000.0,0.0098892,0.10878,0.00026246
3d6.4s2,a 3H,5.0,11.0,2.432695,3d7.(2H).4p,y 3I*,6.0,13.0,6.510852,4.078157,304.02017,1600000.0,0.0026202,0.028822,6.954e-05
3d6.4s2,a 3H,5.0,11.0,2.432695,3d7.(2H).4p,w 3H*,5.0,11.0,6.523192,4.090497,303.10301,50400000.0,0.069418,0.7636,0.0018423
3d6.4s2,a 3H,5.0,11.0,2.432695,3d7.(2H).4p,w 3H*,4.0,9.0,6.54249,4.109796,301.67972,6300000.0,0.007033,0.077363,0.00018666
3d6.4s2,a 3H,5.0,11.0,2.432695,3d7.(2H).4p,y 3I*,5.0,11.0,6.55864,4.125945,300.4989,2790000.0,0.003777,0.041547,0.00010024
3d6.4s2,a 3H,5.0,11.0,2.432695,3d6.(3G).4s.4p.(3P*),t 3G*,4.0,9.0,6.724582,4.291888,288.88034,1410000.0,0.0014433,0.015877,3.8306e-05
3d6.4s2,a 3H,5.0,11.0,2.432695,3d6.(1G2).4s.4p.(3P*),v 3H*,5.0,11.0,6.884292,4.451598,278.51619,2300000.0,0.0026748,0.029423,7.0989e-05
3d6.4s2,a 3H,5.0,11.0,2.432695,3d6.(1G2).4s.4p.(3P*),s 3G*,4.0,9.0,6.931403,4.498708,275.59954,5130000.0,0.0047795,0.052575,0.00012685
3d6.4s2,a 3H,5.0,11.0,2.432695,3d6.(1I).4s.4p.(3P*),u 3H*,5.0,11.0,6.990559,4.557864,272.02257,32000000.0,0.035499,0.39049,0.00094215
3d6.4s2,a 3H,5.0,11.0,2.432695,3d6.(1I).4s.4p.(3P*),u 3H*,4.0,9.0,6.995596,4.562901,271.72232,4960000.0,0.004492,0.049412,0.00011922
3d6.4s2,a 3H,5.0,11.0,2.432695,3d6.(1I).4s.4p.(3P*),x 3I*,6.0,13.0,7.075799,4.643105,267.02865,13400000.0,0.016929,0.18622,0.0004493
3d6.4s2,a 3H,5.0,11.0,2.432695,3d6.(3D).4s.4p.(3P*),t 3F*,4.0,9.0,7.135292,4.702597,263.65047,4290000.0,0.0036578,0.040236,9.7079e-05
3d6.4s2,a 3H,5.0,11.0,2.432695,3d6.(3H).4s.4p.(1P*),3I*,6.0,13.0,7.308463,4.875769,254.28647,447000000.0,0.51211,5.6332,0.013591
3d6.4s2,a 3H,5.0,11.0,2.432695,3d6.(3H).4s.4p.(1P*),3I*,5.0,11.0,7.325709,4.893014,253.39023,20700000.0,0.019926,0.21918,0.00052882
3d6.4s2,a 3H,5.0,11.0,2.432695,3d6.(3H).4s.4p.(1P*),t 3H*,6.0,13.0,7.484385,5.05169,245.43111,12300000.0,0.013127,0.1444,0.0003484
3d6.4s2,a 3H,5.0,11.0,2.432695,3d6.(3H).4s.4p.(1P*),t 3H*,5.0,11.0,7.507134,5.074439,244.33085,312000000.0,0.27924,3.0716,0.0074109
3d6.(5D).4s.4p.(3P*),z 7D*,3.0,7.0,2.44956,3d6.(5D).4s (6D).5s,e 7D,4.0,9.0,5.35157,2.902011,427.23551,18200000.0,0.064034,0.44824,0.0016995
3d6.(5D).4s.4p.(3P*),z 7D*,3.0,7.0,2.44956,3d6.(5D).4s (6D).5s,e 7D,3.0,7.0,5.385207,2.935648,422.34019,5760000.0,0.015403,0.10782,0.0004088
3d6.(5D).4s.4p.(3P*),z 7D*,3.0,7.0,2.44956,3d6.(5D).4s (6D).5s,e 7D,2.0,5.0,5.409869,2.960309,418.82184,21500000.0,0.040386,0.2827,0.0010718
3d6.(5D).4s.4p.(3P*),z 7D*,3.0,7.0,2.44956,3d6.(5D).4s (6D).5s,e 5D,4.0,9.0,5.539243,3.089683,401.28453,110000.0,0.00034143,0.00239,9.0615e-06
3d6.(5D).4s.4p.(3P*),z 7D*,3.0,7.0,2.44956,3d6.(5D).4s (6D).4d,f 5D,4.0,9.0,6.251672,3.802112,326.09293,2990000.0,0.0061286,0.0429,0.00016265
3d6.(5D).4s.4p.(3P*),z 7D*,3.0,7.0,2.44956,3d6.(5D).4s (6D).4d,f 5D,3.0,7.0,6.265467,3.815907,324.9141,19200000.0,0.030388,0.21271,0.00080649
3d6.(5D).4s.4p.(3P*),z 7D*,3.0,7.0,2.44956,3d6.(5D).4s (6D).4d,f 5D,2.0,5.0,6.285828,3.836268,323.18962,37000000.0,0.041385,0.2897,0.0010984
3d6.(5D).4s.4p.(3P*),z 7D*,3.0,7.0,2.44956,3d6.(5D).4s (6D).4d,f 7D,4.0,9.0,6.299389,3.849829,322.05118,46400000.0,0.092762,0.64934,0.0024619
3d6.(5D).4s.4p.(3P*),z 7D*,3.0,7.0,2.44956,3d6.(5D).4s (6D).4d,e 7P,2.0,5.0,6.306001,3.856441,321.49901,118000000.0,0.13061,0.91426,0.0034664
3d6.(5D).4s.4p.(3P*),z 7D*,3.0,7.0,2.44956,3d6.(5D).4s (6D).4d,f 7D,3.0,7.0,6.306061,3.856502,321.49395,83800000.0,0.12985,0.90897,0.0034463
3d6.(5D).4s.4p.(3P*),z 7D*,3.0,7.0,2.44956,3d6.(5D).4s (6D).4d,e 7F,4.0,9.0,6.347033,3.897473,318.11431,44200000.0,0.086217,0.60352,0.0022882
3d6.(5D).4s.4p.(3P*),z 7D*,3.0,7.0,2.44956,3d6.(5D).4s (6D).4d,e 7G,4.0,9.0,6.364718,3.915158,316.67738,5350000.0,0.010342,0.072392,0.00027447
3d6.(5D).4s.4p.(3P*),z 7D*,3.0,7.0,2.44956,3d6.(5D).4s (6D).4d,e 7G,3.0,7.0,6.380291,3.930731,315.42273,2630000.0,0.0039228,0.02746,0.00010411
3d6.(5D).4s.4p.(3P*),z 7D*,3.0,7.0,2.44956,3d6.(5D).4s (6D).4d,f 5F,4.0,9.0,6.380434,3.930874,315.41127,7910000.0,0.015168,0.10618,0.00040256
3d6.(5D).4s.4p.(3P*),z 7D*,3.0,7.0,2.44956,3d6.(5D).4s (6D).4d,e 7S,3.0,7.0,6.393877,3.944317,314.33626,3930000.0,0.0058216,0.040751,0.0001545
3d6.(5D).4s.4p.(3P*),z 7D*,3.0,7.0,2.44956,3d6.(5D).4s (6D).6s,g 7D,4.0,9.0,6.710613,4.261053,290.97078,8980000.0,0.014655,0.10258,0.00038894
3d6.4s2,a 3H,4.0,9.0,2.45343,3d7.(4F).4p,z 5G*,4.0,9.0,4.371351,1.917921,646.45115,56000.0,0.00035085,0.0031576,9.3115e-06
3d6.4s2,a 3H,4.0,9.0,2.45343,3d7.(4F).4p,z 5G*,3.0,7.0,4.415279,1.961848,631.97647,375000.0,0.0017464,0.015718,4.635e-05
3d6.4s2,a 3H,4.0,9.0,2.45343,3d7.(4F).4p,z 3G*,4.0,9.0,4.434613,1.981182,625.80913,74000.0,0.00043449,0.0039104,1.1531e-05
3d6.4s2,a 3H,4.0,9.0,2.45343,3d7.(4F).4p,z 3G*,3.0,7.0,4.473272,2.019842,613.8313,1010000.0,0.0044375,0.039937,0.00011777
3d6.4s2,a 3H,4.0,9.0,2.45343,3d7.(4F).4p,y 3F*,4.0,9.0,4.548506,2.095076,591.78864,21500.0,0.00011288,0.001016,2.9959e-06
3d6.4s2,a 3H,4.0,9.0,2.45343,3d6.(3H).4s.4p.(3P*),z 5H*,3.0,7.0,5.371735,2.918304,424.85011,102000.0,0.00021468,0.0019321,5.6975e-06
3d6.4s2,a 3H,4.0,9.0,2.45343,3d6.(3H).4s.4p.(3P*),y 3G*,4.0,9.0,5.632404,3.178974,390.0133,760000.0,0.0017331,0.015598,4.5997e-05
3d6.4s2,a 3H,4.0,9.0,2.45343,3d6.(3H).4s.4p.(3P*),y 3G*,3.0,7.0,5.649089,3.195658,387.97701,7020000.0,0.012322,0.11089,0.00032701
3d6.4s2,a 3H,4.0,9.0,2.45343,3d6.(3H).4s.4p.(3P*),z 3I*,5.0,11.0,5.720113,3.266682,379.54166,4150000.0,0.010954,0.098587,0.00029072
3d6.4s2,a 3H,4.0,9.0,2.45343,3d6.(3H).4s.4p.(3P*),z 3H*,5.0,11.0,5.828295,3.374865,367.37531,348000.0,0.00086062,0.0077455,2.2841e-05
3d6.4s2,a 3H,4.0,9.0,2.45343,3d6.(3F2).4s.4p.(3P*),x 3F*,3.0,7.0,5.838752,3.385322,366.24052,280000.0,0.00043793,0.0039414,1.1623e-05
3d6.4s2,a 3H,4.0,9.0,2.45343,3d6.(3H).4s.4p.(3P*),z 3H*,4.0,9.0,5.84046,3.387029,366.05589,6310000.0,0.012676,0.11408,0.00033642
3d6.4s2,a 3H,4.0,9.0,2.45343,3d6.(3G).4s.4p.(3P*),w 5G*,4.0,9.0,5.900414,3.446984,359.68898,414000.0,0.000803,0.007227,2.1312e-05
3d6.4s2,a 3H,4.0,9.0,2.45343,3d6.(3G).4s.4p.(3P*),w 5G*,3.0,7.0,5.913208,3.459778,358.35887,244000.0,0.00036538,0.0032884,9.6971e-06
3d6.4s2,a 3H,4.0,9.0,2.45343,3d6.(3F2).4s.4p.(3P*),x 3G*,4.0,9.0,5.927947,3.474517,356.83869,471000.0,0.00089913,0.0080922,2.3863e-05
3d6.4s2,a 3H,4.0,9.0,2.45343,3d6.(3F2).4s.4p.(3P*),x 3G*,3.0,7.0,5.930688,3.477257,356.55747,639000.0,0.00094727,0.0085255,2.5141e-05
3d6.4s2,a 3H,4.0,9.0,2.45343,3d6.(3F2).4s.4p.(3P*),x 3G*,5.0,11.0,5.930728,3.477298,356.55328,250000.0,0.00058237,0.0052413,1.5456e-05
3d6.4s2,a 3H,4.0,9.0,2.45343,3d6.(3G).4s.4p.(3P*),y 5H*,3.0,7.0,6.010219,3.556789,348.58467,134000.0,0.00018986,0.0017088,5.0389e-06
3d6.4s2,a 3H,4.0,9.0,2.45343,3d7.(2G).4p,w 3F*,3.0,7.0,6.10534,3.651909,339.50514,482000.0,0.00064782,0.0058304,1.7193e-05
3d6.4s2,a 3H,4.0,9.0,2.45343,3d7.(2G).4p,y 3H*,4.0,9.0,6.165361,3.711931,334.0154,1370000.0,0.0022915,0.020623,6.0815e-05
3d6.4s2,a 3H,4.0,9.0,2.45343,3d7.(2G).4p,v 3G*,3.0,7.0,6.180685,3.727255,332.64211,2370000.0,0.0030579,0.027521,8.1156e-05
3d6.4s2,a 3H,4.0,9.0,2.45343,3d6.(3F2).4s.4p.(3P*),x 1G*,4.0,9.0,6.275334,3.821904,324.4043,481000.0,0.00075889,0.00683,2.0141e-05
3d6.4s2,a 3H,4.0,9.0,2.45343,3d7.(2H).4p,u 3G*,4.0,9.0,6.406039,3.952608,313.67693,486000.0,0.0007169,0.0064521,1.9027e-05
3d6.4s2,a 3H,4.0,9.0,2.45343,3d7.(2H).4p,u 3G*,3.0,7.0,6.425577,3.972146,312.134,7260000.0,0.0082477,0.074229,0.00021889
3d6.4s2,a 3H,4.0,9.0,2.45343,3d7.(2H).4p,w 3H*,5.0,11.0,6.523192,4.069761,304.64734,1780000.0,0.0030271,0.027244,8.0339e-05
3d6.4s2,a 3H,4.0,9.0,2.45343,3d7.(2H).4p,y 3I*,5.0,11.0,6.55864,4.105209,302.01674,2330000.0,0.0038943,0.035049,0.00010335
3d6.4s2,a 3H,4.0,9.0,2.45343,3d6.(1G2).4s.4p.(3P*),v 3H*,4.0,9.0,6.874429,4.420998,280.44389,10400000.0,0.012263,0.11036,0.00032545
3d6.4s2,a 3H,4.0,9.0,2.45343,3d6.(1I).4s.4p.(3P*),u 3H*,4.0,9.0,6.995596,4.542165,272.96277,29800000.0,0.033288,0.29959,0.00088345
3d6.4s2,a 3H,4.0,9.0,2.45343,3d6.(1G2).4s.4p.(3P*),u 3F*,4.0,9.0,7.016601,4.56317,271.70626,3700000.0,0.0040951,0.036856,0.00010868
3d6.4s2,a 3H,4.0,9.0,2.45343,3d7.(2H).4p,v 1G*,4.0,9.0,7.061061,4.607631,269.08448,1690000.0,0.0018345,0.016511,4.8688e-05
3d6.4s2,a 3H,4.0,9.0,2.45343,3d6.(1I).4s.4p.(3P*),x 3I*,5.0,11.0,7.080021,4.62659,267.98181,11000000.0,0.014475,0.13027,0.00038416
3d6.4s2,a 3H,4.0,9.0,2.45343,3d6.(3D).4s.4p.(3P*),t 3F*,3.0,7.0,7.146573,4.693143,264.1816,7710000.0,0.0062744,0.05647,0.00016652
3d6.4s2,a 3H,4.0,9.0,2.45343,3d6.(3H).4s.4p.(1P*),3I*,5.0,11.0,7.325709,4.872278,254.46862,470000000.0,0.55767,5.019,0.014801
3d6.(5D).4s.4p.(3P*),z 7D*,2.0,5.0,2.468835,3d8,3P,1.0,3.0,5.105472,2.636638,470.23601,840000.0,0.0016708,0.008354,4.4343e-05
3d6.(5D).4s.4p.(3P*),z 7D*,2.0,5.0,2.468835,3d6.(5D).4s (6D).5s,e 7D,3.0,7.0,5.385207,2.916373,425.13153,20700000.0,0.078524,0.39262,0.002084
3d6.(5D).4s.4p.(3P*),z 7D*,2.0,5.0,2.468835,3d6.(5D).4s (6D).5s,e 7D,1.0,3.0,5.426042,2.957207,419.26111,27300000.0,0.043166,0.21583,0.0011456
3d6.(5D).4s.4p.(3P*),z 7D*,2.0,5.0,2.468835,3d6.(5D).4s (6D).5s,e 5D,3.0,7.0,5.586893,3.118058,397.63275,120000.0,0.00039823,0.0019911,1.0569e-05
3d6.(5D).4s.4p.(3P*),z 7D*,2.0,5.0,2.468835,3d6.(5D).4s (6D).4d,e 7P,2.0,5.0,6.306001,3.837166,323.11397,20600000.0,0.032243,0.16122,0.00085573
3d6.(5D).4s.4p.(3P*),z 7D*,2.0,5.0,2.468835,3d6.(5D).4s (6D).4d,f 7D,3.0,7.0,6.306061,3.837227,323.10887,1510000.0,0.0033087,0.016544,8.7814e-05
3d6.(5D).4s.4p.(3P*),z 7D*,2.0,5.0,2.468835,3d6.(5D).4s (6D).4d,f 5D,1.0,3.0,6.308329,3.839494,322.91807,37200000.0,0.034893,0.17447,0.00092606
3d6.(5D).4s.4p.(3P*),z 7D*,2.0,5.0,2.468835,3d6.(5D).4s (6D).4d,f 7D,2.0,5.0,6.323026,3.854191,321.68667,61900000.0,0.096032,0.48016,0.0025487
3d6.(5D).4s.4p.(3P*),z 7D*,2.0,5.0,2.468835,3d6.(5D).4s (6D).4d,f 7D,1.0,3.0,6.329159,3.860324,321.17564,92400000.0,0.085737,0.42868,0.0022755
3d6.(5D).4s.4p.(3P*),z 7D*,2.0,5.0,2.468835,3d6.(5D).4s (6D).4d,e 7F,1.0,3.0,6.348983,3.880148,319.53473,10800000.0,0.0099191,0.049595,0.00026325
3d6.(5D).4s.4p.(3P*),z 7D*,2.0,5.0,2.468835,3d6.(5D).4s (6D).4d,e 5G,3.0,7.0,6.350349,3.881514,319.42228,30700000.0,0.065744,0.32872,0.0017448
3d6.(5D).4s.4p.(3P*),z 7D*,2.0,5.0,2.468835,3d6.(5D).4s (6D).4d,e 7F,2.0,5.0,6.364239,3.895405,318.28324,1780000.0,0.0027034,0.013517,7.1748e-05
3d6.(5D).4s.4p.(3P*),z 7D*,2.0,5.0,2.468835,3d6.(5D).4s (6D).4d,e 7G,3.0,7.0,6.380291,3.911456,316.97707,2600000.0,0.005483,0.027415,0.00014552
3d6.(5D).4s.4p.(3P*),z 7D*,2.0,5.0,2.468835,3d6.(5D).4s (6D).4d,e 7S,3.0,7.0,6.393877,3.925042,315.87989,16100000.0,0.033718,0.16859,0.00089487
3d6.(5D).4s.4p.(3P*),z 7D*,2.0,5.0,2.468835,3d6.(5D).4s (6D).4d,f 5F,3.0,7.0,6.398093,3.929259,315.54095,4640000.0,0.0096965,0.048483,0.00025735
3d6.(5D).4s.4p.(3P*),z 7D*,1.0,3.0,2.482118,3d6.(5D).4s (6D).5s,e 7D,2.0,5.0,5.409869,2.92775,423.47943,18500000.0,0.082898,0.24869,0.0022001
3d6.(5D).4s.4p.(3P*),z 7D*,1.0,3.0,2.482118,3d6.(5D).4s (6D).5s,e 7D,1.0,3.0,5.426042,2.943924,421.15291,14800000.0,0.039355,0.11807,0.0010445
3d6.(5D).4s.4p.(3P*),z 7D*,1.0,3.0,2.482118,3d6.(5D).4s (6D).4d,f 5D,1.0,3.0,6.308329,3.82621,324.03917,6740000.0,0.01061,0.03183,0.00028159
3d6.(5D).4s.4p.(3P*),z 7D*,1.0,3.0,2.482118,3d6.(5D).4s (6D).4d,f 7D,2.0,5.0,6.323026,3.840908,322.79921,4520000.0,0.011768,0.035305,0.00031233
3d6.(5D).4s.4p.(3P*),z 7D*,1.0,3.0,2.482118,3d6.(5D).4s (6D).4d,f 7D,1.0,3.0,6.329159,3.84704,322.28464,12200000.0,0.018998,0.056993,0.0005042
3d6.(5D).4s.4p.(3P*),z 7D*,1.0,3.0,2.482118,3d6.(5D).4s (6D).4d,e 7F,1.0,3.0,6.348983,3.866864,320.63241,97700000.0,0.15058,0.45174,0.0039964
3d6.(5D).4s.4p.(3P*),z 7D*,1.0,3.0,2.482118,3d6.(5D).4s (6D).4d,e 7F,2.0,5.0,6.364239,3.882121,319.37232,50100000.0,0.12769,0.38306,0.0033888
3d6.(5D).4s.4p.(3P*),z 7D*,1.0,3.0,2.482118,3d6.(5D).4s (6D).4d,e 5G,2.0,5.0,6.369086,3.886968,318.97408,25300000.0,0.064319,0.19296,0.001707
3d6.(5D).4s.4p.(3P*),z 7D*,1.0,3.0,2.482118,3d6.(5D).4s (6D).4d,e 7G,2.0,5.0,6.390111,3.907992,317.25803,2750000.0,0.0069162,0.020749,0.00018356
3d6.4s2,a 3P2,0.0,1.0,2.484373,3d6.(5D).4s.4p.(3P*),z 3P*,1.0,3.0,4.260453,1.776081,698.07751,144000.0,0.0031561,0.0031561,8.3763e-05
3d6.4s2,a 3P2,0.0,1.0,2.484373,3d7.(4F).4p,y 3D*,1.0,3.0,4.834855,2.350483,527.48403,555000.0,0.0069453,0.0069453,0.00018433
3d6.4s2,a 3P2,0.0,1.0,2.484373,3d6.(3P2).4s.4p.(3P*),w 5D*,1.0,3.0,5.506282,3.02191,410.28429,390000.0,0.0029527,0.0029527,7.8364e-05
3d6.4s2,a 3P2,0.0,1.0,2.484373,3d6.(3P2).4s.4p.(3P*),x 3D*,1.0,3.0,5.647699,3.163327,391.94243,6030000.0,0.041662,0.041662,0.0011057
3d6.4s2,a 3P2,0.0,1.0,2.484373,3d6.(3P2).4s.4p.(3P*),y 3P*,1.0,3.0,5.815086,3.330713,372.24516,6720000.0,0.04188,0.04188,0.0011115
3d6.4s2,a 3P2,0.0,1.0,2.484373,3d7.(4P).4p,w 3D*,1.0,3.0,5.860984,3.376612,367.18523,1830000.0,0.011097,0.011097,0.00029451
3d6.4s2,a 3P2,0.0,1.0,2.484373,3d7.(4P).4p,y 3S*,1.0,3.0,5.896144,3.411772,363.40122,6060000.0,0.035994,0.035994,0.00095527
3d6.4s2,a 3P2,0.0,1.0,2.484373,3d7.(4P).4p,x 3P*,1.0,3.0,6.015234,3.530862,351.14428,6240000.0,0.034605,0.034605,0.00091841
3d6.4s2,a 3P2,0.0,1.0,2.484373,3d7.(2P).4p,u 3D*,1.0,3.0,6.510715,4.026342,307.93258,15200000.0,0.064824,0.064824,0.0017204
3d6.4s2,b 3F2,4.0,9.0,2.559171,3d6.4s2,b 1G2,4.0,9.0,3.694597,1.135426,1091.96222,0.19,3.3965e-09,3.0568e-08,9.0142e-11
3d6.4s2,b 3F2,4.0,9.0,2.559171,3d6.(5D).4s.4p.(3P*),z 3F*,4.0,9.0,3.881604,1.322432,937.54673,20500.0,0.00027015,0.0024313,7.1697e-06
3d6.4s2,b 3F2,4.0,9.0,2.559171,3d6.(5D).4s.4p.(3P*),z 3D*,3.0,7.0,3.883509,1.324338,936.19783,15000.0,0.0001533,0.0013797,4.0686e-06
3d6.4s2,b 3F2,4.0,9.0,2.559171,3d7.(4F).4p,z 5G*,4.0,9.0,4.371351,1.81218,684.1717,7100.0,4.9825e-05,0.00044843,1.3224e-06
3d6.4s2,b 3F2,4.0,9.0,2.559171,3d7.(4F).4p,z 3G*,4.0,9.0,4.434613,1.875441,661.09347,34500.0,0.00022605,0.0020344,5.9994e-06
3d6.4s2,b 3F2,4.0,9.0,2.559171,3d7.(4F).4p,z 3G*,3.0,7.0,4.473272,1.914101,647.74131,26000.0,0.0001272,0.0011448,3.3759e-06
3d6.4s2,b 3F2,4.0,9.0,2.559171,3d7.(4F).4p,y 3F*,4.0,9.0,4.548506,1.989335,623.24456,999000.0,0.0058176,0.052358,0.0001544
3d6.4s2,b 3F2,4.0,9.0,2.559171,3d7.(4F).4p,y 3D*,3.0,7.0,4.733141,2.173969,570.31255,178000.0,0.00067509,0.0060758,1.7917e-05
3d6.4s2,b 3F2,4.0,9.0,2.559171,3d6.(3F2).4s.4p.(3P*),v 5D*,4.0,9.0,5.458097,2.898926,427.69011,55900.0,0.0001533,0.0013797,4.0685e-06
3d6.4s2,b 3F2,4.0,9.0,2.559171,3d6.(3P2).4s.4p.(3P*),x 3D*,3.0,7.0,5.60665,3.047478,406.84193,2190000.0,0.0042268,0.038041,0.00011218
3d6.4s2,b 3F2,4.0,9.0,2.559171,3d6.(3H).4s.4p.(3P*),y 3G*,5.0,11.0,5.615845,3.056674,405.61804,443000.0,0.0013355,0.01202,3.5445e-05
3d6.4s2,b 3F2,4.0,9.0,2.559171,3d6.(3H).4s.4p.(3P*),y 3G*,4.0,9.0,5.632404,3.073233,403.43253,84000.0,0.00020497,0.0018447,5.4398e-06
3d6.4s2,b 3F2,4.0,9.0,2.559171,3d6.(3H).4s.4p.(3P*),y 3G*,3.0,7.0,5.649089,3.089917,401.2541,226000.0,0.00042429,0.0038186,1.1261e-05
3d6.4s2,b 3F2,4.0,9.0,2.559171,3d6.(3H).4s.4p.(3P*),z 3I*,5.0,11.0,5.720113,3.160941,392.23823,55400.0,0.00015618,0.0014056,4.145e-06
3d6.4s2,b 3F2,4.0,9.0,2.559171,3d7.(4P).4p,u 5D*,4.0,9.0,5.792646,3.233475,383.43952,4680000.0,0.010316,0.092841,0.00027378
3d6.4s2,b 3F2,4.0,9.0,2.559171,3d7.(4P).4p,u 5D*,3.0,7.0,5.79564,3.236469,383.08477,750000.0,0.0012834,0.011551,3.4062e-05
3d6.4s2,b 3F2,4.0,9.0,2.559171,3d6.(3F2).4s.4p.(3P*),x 3F*,4.0,9.0,5.813513,3.254341,380.98094,3540000.0,0.0077032,0.069329,0.00020444
3d6.4s2,b 3F2,4.0,9.0,2.559171,3d6.(3H).4s.4p.(3P*),z 3H*,5.0,11.0,5.828295,3.269124,379.2582,446000.0,0.0011755,0.010579,3.1197e-05
3d6.4s2,b 3F2,4.0,9.0,2.559171,3d6.(3F2).4s.4p.(3P*),x 3F*,3.0,7.0,5.838752,3.279581,378.04894,676000.0,0.0011266,0.010139,2.9899e-05
3d6.4s2,b 3F2,4.0,9.0,2.559171,3d6.(3H).4s.4p.(3P*),z 3H*,4.0,9.0,5.84046,3.281288,377.85221,858000.0,0.0018365,0.016528,4.8741e-05
3d6.4s2,b 3F2,4.0,9.0,2.559171,3d7.(2G).4p,z 1G*,4.0,9.0,5.883387,3.324216,372.9728,1300000.0,0.0027112,0.024401,7.1955e-05
3d6.4s2,b 3F2,4.0,9.0,2.559171,3d6.(3G).4s.4p.(3P*),w 5G*,4.0,9.0,5.900414,3.341242,371.07214,951000.0,0.0019632,0.017668,5.2102e-05
3d6.4s2,b 3F2,4.0,9.0,2.559171,3d6.(3G).4s.4p.(3P*),v 5F*,5.0,11.0,5.902406,3.343234,370.85105,799000.0,0.0020135,0.018122,5.3439e-05
3d6.4s2,b 3F2,4.0,9.0,2.559171,3d6.(3G).4s.4p.(3P*),w 5G*,3.0,7.0,5.913208,3.354037,369.65667,161000.0,0.00025653,0.0023088,6.8083e-06
3d6.4s2,b 3F2,4.0,9.0,2.559171,3d6.(3F2).4s.4p.(3P*),x 3G*,5.0,11.0,5.930728,3.371557,367.73575,4630000.0,0.011473,0.10325,0.00030448
3d6.4s2,b 3F2,4.0,9.0,2.559171,3d6.(3G).4s.4p.(3P*),v 5F*,4.0,9.0,5.942562,3.383391,366.44954,1100000.0,0.0022145,0.019931,5.8773e-05
3d6.4s2,b 3F2,4.0,9.0,2.559171,3d6.(3G).4s.4p.(3P*),y 5H*,5.0,11.0,5.979917,3.420745,362.44793,1150000.0,0.0027682,0.024914,7.3468e-05
3d6.4s2,b 3F2,4.0,9.0,2.559171,3d6.(3G).4s.4p.(3P*),y 5H*,4.0,9.0,5.996109,3.436938,360.74031,173000.0,0.00033752,0.0030376,8.9577e-06
3d6.4s2,b 3F2,4.0,9.0,2.559171,3d7.(2G).4p,z 1H*,5.0,11.0,5.998678,3.439507,360.47087,455000.0,0.0010833,0.00975,2.8752e-05
3d6.4s2,b 3F2,4.0,9.0,2.559171,3d7.(2G).4p,w 3F*,4.0,9.0,6.088727,3.529556,351.27424,250000.0,0.00046248,0.0041623,1.2274e-05
3d6.4s2,b 3F2,4.0,9.0,2.559171,3d6.(3F2).4s.4p.(3P*),v 3D*,3.0,7.0,6.091966,3.532795,350.95215,2070000.0,0.0029729,0.026756,7.8901e-05
3d6.4s2,b 3F2,4.0,9.0,2.559171,3d7.(2G).4p,w 3F*,3.0,7.0,6.10534,3.546168,349.62864,9460000.0,0.013484,0.12136,0.00035787
3d6.4s2,b 3F2,4.0,9.0,2.559171,3d7.(2G).4p,v 3G*,5.0,11.0,6.13237,3.573199,346.98377,2610000.0,0.005758,0.051822,0.00015282
3d6.4s2,b 3F2,4.0,9.0,2.559171,3d7.(2H).4p,u 3G*,5.0,11.0,6.369553,3.810382,325.38526,2200000.0,0.004268,0.038412,0.00011327
3d6.4s2,b 3F2,4.0,9.0,2.559171,3d6.(3H).4s.4p.(3P*),1H*,5.0,11.0,6.401326,3.842155,322.69444,659000.0,0.0012574,0.011317,3.3372e-05
3d6.4s2,b 3F2,4.0,9.0,2.559171,3d7.(2P).4p,u 3D*,3.0,7.0,6.443347,3.884176,319.20336,1330000.0,0.0015802,0.014221,4.1938e-05
3d6.4s2,b 3F2,4.0,9.0,2.559171,3d7.(2D2).4p,t 3D*,3.0,7.0,6.473615,3.914444,316.73514,11400000.0,0.013336,0.12002,0.00035393
3d6.4s2,b 3F2,4.0,9.0,2.559171,3d7.(2H).4p,1H*,5.0,11.0,6.931607,4.372435,283.55869,5410000.0,0.0079706,0.071736,0.00021154
3d6.4s2,b 3F2,4.0,9.0,2.559171,3d6.(1G2).4s.4p.(3P*),u 3F*,4.0,9.0,7.016601,4.457429,278.15179,9010000.0,0.010451,0.094057,0.00027736
3d6.4s2,b 3F2,4.0,9.0,2.559171,3d6.(3D).4s.4p.(3P*),t 3F*,4.0,9.0,7.135292,4.57612,270.93736,64900000.0,0.071424,0.64281,0.0018956
3d6.4s2,b 3F2,4.0,9.0,2.559171,3d6.(3D).4s.4p.(3P*),t 3F*,3.0,7.0,7.146573,4.587402,270.27107,10500000.0,0.0089434,0.080491,0.00023736
3d6.4s2,b 3F2,4.0,9.0,2.559171,3d6.(3H).4s.4p.(1P*),t 3H*,5.0,11.0,7.507134,4.947962,250.57629,25600000.0,0.029453,0.26508,0.00078168
3d6.4s2,b 3F2,4.0,9.0,2.559171,3d6.(3H).4s.4p.(1P*),t 3H*,4.0,9.0,7.532982,4.97381,249.27408,32500000.0,0.030276,0.27248,0.00080352
3d6.4s2,b 3F2,3.0,7.0,2.588106,3d6.4s2,b 1G2,4.0,9.0,3.694597,1.106491,1120.51673,0.092,2.2265e-09,1.5586e-08,5.9092e-11
3d6.4s2,b 3F2,3.0,7.0,2.588106,3d6.(5D).4s.4p.(3P*),z 3D*,2.0,5.0,3.928607,1.340501,924.90947,18000.0,0.00016489,0.0011543,4.3763e-06
3d6.4s2,b 3F2,3.0,7.0,2.588106,3d6.(5D).4s.4p.(3P*),z 3F*,3.0,7.0,3.943326,1.35522,914.86379,17900.0,0.00022461,0.0015723,5.9611e-06
3d6.4s2,b 3F2,3.0,7.0,2.588106,3d7.(4F).4p,z 3G*,3.0,7.0,4.473272,1.885166,657.68315,43000.0,0.00027884,0.0019519,7.4005e-06
3d6.4s2,b 3F2,3.0,7.0,2.588106,3d7.(4F).4p,y 3F*,4.0,9.0,4.548506,1.9604,632.44331,69500.0,0.00053584,0.0037509,1.4221e-05
3d6.4s2,b 3F2,3.0,7.0,2.588106,3d7.(4F).4p,y 3F*,3.0,7.0,4.607593,2.019487,613.93897,1000000.0,0.0056508,0.039556,0.00014997
3d6.4s2,b 3F2,3.0,7.0,2.588106,3d7.(4F).4p,y 3D*,3.0,7.0,4.733141,2.145035,578.00551,10600.0,5.3092e-05,0.00037164,1.4091e-06
3d6.4s2,b 3F2,3.0,7.0,2.588106,3d7.(4F).4p,y 3D*,2.0,5.0,4.795466,2.20736,561.68551,239000.0,0.00080745,0.0056522,2.143e-05
3d6.4s2,b 3F2,3.0,7.0,2.588106,3d6.(3P2).4s.4p.(3P*),w 5D*,2.0,5.0,5.478072,2.889966,429.01615,292000.0,0.00057552,0.0040287,1.5274e-05
3d6.4s2,b 3F2,3.0,7.0,2.588106,3d6.(3P2).4s.4p.(3P*),x 3D*,3.0,7.0,5.60665,3.018544,410.74173,330000.0,0.00083466,0.0058426,2.2152e-05
3d6.4s2,b 3F2,3.0,7.0,2.588106,3d6.(3P2).4s.4p.(3P*),x 3D*,2.0,5.0,5.614232,3.026126,409.71263,2650000.0,0.0047636,0.033345,0.00012643
3d6.4s2,b 3F2,3.0,7.0,2.588106,3d6.(3H).4s.4p.(3P*),y 3G*,4.0,9.0,5.632404,3.044298,407.26695,428000.0,0.0013684,0.0095786,3.6317e-05
3d6.4s2,b 3F2,3.0,7.0,2.588106,3d6.(3H).4s.4p.(3P*),y 3G*,3.0,7.0,5.649089,3.060983,405.04702,211000.0,0.00051898,0.0036329,1.3774e-05
3d6.4s2,b 3F2,3.0,7.0,2.588106,3d7.(4P).4p,u 5D*,4.0,9.0,5.792646,3.20454,386.90168,706000.0,0.0020371,0.01426,5.4064e-05
3d6.4s2,b 3F2,3.0,7.0,2.588106,3d7.(4P).4p,u 5D*,2.0,5.0,5.813435,3.225329,384.40788,391000.0,0.00061872,0.004331,1.6421e-05
3d6.4s2,b 3F2,3.0,7.0,2.588106,3d6.(3F2).4s.4p.(3P*),x 3F*,4.0,9.0,5.813513,3.225407,384.39864,487000.0,0.0013871,0.0097095,3.6813e-05
3d6.4s2,b 3F2,3.0,7.0,2.588106,3d6.(3F2).4s.4p.(3P*),x 3F*,3.0,7.0,5.838752,3.250646,381.414,5520000.0,0.012039,0.084273,0.00031952
3d6.4s2,b 3F2,3.0,7.0,2.588106,3d6.(3F2).4s.4p.(3P*),x 3F*,2.0,5.0,5.851683,3.263578,379.90272,937000.0,0.0014482,0.010137,3.8434e-05
3d6.4s2,b 3F2,3.0,7.0,2.588106,3d6.(3P2).4s.4p.(3P*),1D*,2.0,5.0,5.879292,3.291186,376.71587,770000.0,0.0011702,0.0081912,3.1056e-05
3d6.4s2,b 3F2,3.0,7.0,2.588106,3d7.(2G).4p,z 1G*,4.0,9.0,5.883387,3.295281,376.24771,1040000.0,0.0028378,0.019865,7.5316e-05
3d6.4s2,b 3F2,3.0,7.0,2.588106,3d6.(3G).4s.4p.(3P*),w 5G*,3.0,7.0,5.913208,3.325102,372.87336,2200000.0,0.0045857,0.0321,0.0001217
3d6.4s2,b 3F2,3.0,7.0,2.588106,3d6.(3F2).4s.4p.(3P*),x 3G*,4.0,9.0,5.927947,3.339841,371.22782,3620000.0,0.009616,0.067312,0.00025521
3d6.4s2,b 3F2,3.0,7.0,2.588106,3d6.(3G).4s.4p.(3P*),w 5G*,2.0,5.0,5.930307,3.342201,370.96569,810000.0,0.0011937,0.0083557,3.168e-05
3d6.4s2,b 3F2,3.0,7.0,2.588106,3d6.(3G).4s.4p.(3P*),v 5F*,4.0,9.0,5.942562,3.354456,369.61041,20100000.0,0.052928,0.3705,0.0014047
3d6.4s2,b 3F2,3.0,7.0,2.588106,3d6.(3G).4s.4p.(3P*),v 5F*,3.0,7.0,5.966483,3.378377,366.99341,270000.0,0.00054518,0.0038163,1.4469e-05
3d6.4s2,b 3F2,3.0,7.0,2.588106,3d6.(3G).4s.4p.(3P*),y 5H*,4.0,9.0,5.996109,3.408003,363.80305,1960000.0,0.0050003,0.035002,0.00013271
3d6.4s2,b 3F2,3.0,7.0,2.588106,3d6.(3H).4s.4p.(3P*),y 1G*,4.0,9.0,6.038345,3.450239,359.34961,220000.0,0.0005476,0.0038332,1.4533e-05
3d6.4s2,b 3F2,3.0,7.0,2.588106,3d6.(3F2).4s.4p.(3P*),v 3D*,3.0,7.0,6.091966,3.503861,353.85027,2270000.0,0.0042611,0.029828,0.00011309
3d6.4s2,b 3F2,3.0,7.0,2.588106,3d6.(3F2).4s.4p.(3P*),v 3D*,2.0,5.0,6.105307,3.517201,352.50814,9900000.0,0.013174,0.092215,0.00034963
3d6.4s2,b 3F2,3.0,7.0,2.588106,3d7.(2G).4p,w 3F*,2.0,5.0,6.128927,3.540821,350.15662,5280000.0,0.0069325,0.048528,0.00018399
3d6.4s2,b 3F2,3.0,7.0,2.588106,3d7.(2G).4p,v 3G*,4.0,9.0,6.153073,3.564968,347.78493,3210000.0,0.0074839,0.052388,0.00019862
3d6.4s2,b 3F2,3.0,7.0,2.588106,3d7.(2H).4p,u 3G*,4.0,9.0,6.406039,3.817933,324.74171,2500000.0,0.0050818,0.035573,0.00013487
3d6.4s2,b 3F2,3.0,7.0,2.588106,3d7.(2P).4p,u 3D*,2.0,5.0,6.483992,3.895886,318.24392,18400000.0,0.019956,0.13969,0.00052963
3d6.4s2,b 3F2,3.0,7.0,2.588106,3d6.(1G2).4s.4p.(3P*),s 3G*,4.0,9.0,6.931403,4.343297,285.46101,5910000.0,0.0092829,0.064981,0.00024637
3d6.4s2,b 3F2,3.0,7.0,2.588106,3d6.(3D).4s.4p.(3P*),t 3F*,4.0,9.0,7.135292,4.547186,272.66138,2410000.0,0.0034536,0.024175,9.1658e-05
3d6.4s2,b 3F2,3.0,7.0,2.588106,3d6.(3D).4s.4p.(3P*),t 3F*,3.0,7.0,7.146573,4.558467,271.98659,74000000.0,0.08207,0.57449,0.0021781
3d6.4s2,b 3F2,3.0,7.0,2.588106,3d6.(3H).4s.4p.(1P*),t 3H*,4.0,9.0,7.532982,4.944876,250.73268,20400000.0,0.02472,0.17304,0.00065608
3d6.4s2,b 3F2,2.0,5.0,2.608502,3d6.(5D).4s.4p.(3P*),z 3F*,2.0,5.0,3.984107,1.375605,901.30657,18300.0,0.00022287,0.0011144,5.915e-06
3d6.4s2,b 3F2,2.0,5.0,2.608502,3d7.(4F).4p,y 3F*,3.0,7.0,4.607593,1.999091,620.20277,90600.0,0.00073145,0.0036572,1.9413e-05
3d6.4s2,b 3F2,2.0,5.0,2.608502,3d7.(4F).4p,y 3F*,2.0,5.0,4.652031,2.043529,606.71608,1070000.0,0.0059049,0.029525,0.00015672
3d6.4s2,b 3F2,2.0,5.0,2.608502,3d7.(4F).4p,y 3D*,2.0,5.0,4.795466,2.186964,566.92389,48000.0,0.00023129,0.0011564,6.1383e-06
3d6.4s2,b 3F2,2.0,5.0,2.608502,3d7.(4F).4p,y 3D*,1.0,3.0,4.834855,2.226353,556.89368,153000.0,0.00042682,0.0021341,1.1328e-05
3d6.4s2,b 3F2,2.0,5.0,2.608502,3d6.(3P2).4s.4p.(3P*),x 3D*,1.0,3.0,5.647699,3.039197,407.95046,4550000.0,0.0068114,0.034057,0.00018077
3d6.4s2,b 3F2,2.0,5.0,2.608502,3d6.(3H).4s.4p.(3P*),y 3G*,3.0,7.0,5.649089,3.040587,407.76404,443000.0,0.001546,0.00773,4.1031e-05
3d6.4s2,b 3F2,2.0,5.0,2.608502,3d6.(3F2).4s.4p.(3P*),x 5G*,3.0,7.0,5.692548,3.084046,402.01797,110000.0,0.00037314,0.0018657,9.9031e-06
3d6.4s2,b 3F2,2.0,5.0,2.608502,3d7.(4P).4p,w 3D*,3.0,7.0,5.829388,3.220886,384.93813,480000.0,0.0014928,0.0074642,3.962e-05
3d6.4s2,b 3F2,2.0,5.0,2.608502,3d6.(3F2).4s.4p.(3P*),x 3F*,3.0,7.0,5.838752,3.23025,383.82227,1080000.0,0.0033394,0.016697,8.8628e-05
3d6.4s2,b 3F2,2.0,5.0,2.608502,3d7.(4P).4p,w 3D*,2.0,5.0,5.84413,3.235628,383.18438,1040000.0,0.0022893,0.011447,6.0759e-05
3d6.4s2,b 3F2,2.0,5.0,2.608502,3d6.(3F2).4s.4p.(3P*),x 3F*,2.0,5.0,5.851683,3.243182,382.29189,7300000.0,0.015995,0.079973,0.0004245
3d6.4s2,b 3F2,2.0,5.0,2.608502,3d6.(3G).4s.4p.(3P*),w 5G*,2.0,5.0,5.930307,3.321805,373.24343,3370000.0,0.0070384,0.035192,0.0001868
3d6.4s2,b 3F2,2.0,5.0,2.608502,3d6.(3F2).4s.4p.(3P*),x 3G*,3.0,7.0,5.930688,3.322186,373.2007,3500000.0,0.010232,0.051158,0.00027154
3d6.4s2,b 3F2,2.0,5.0,2.608502,3d6.(3G).4s.4p.(3P*),y 5H*,3.0,7.0,6.010219,3.401717,364.47533,2610000.0,0.0072772,0.036386,0.00019314
3d6.4s2,b 3F2,2.0,5.0,2.608502,3d6.(3F2).4s.4p.(3P*),v 3D*,2.0,5.0,6.105307,3.496805,354.56424,1600000.0,0.0030156,0.015078,8.0033e-05
3d6.4s2,b 3F2,2.0,5.0,2.608502,3d6.(3F2).4s.4p.(3P*),v 3D*,1.0,3.0,6.112128,3.503626,353.87397,13300000.0,0.014982,0.074908,0.00039761
3d6.4s2,b 3F2,2.0,5.0,2.608502,3d7.(2G).4p,w 3F*,2.0,5.0,6.128927,3.520425,352.1853,1500000.0,0.0027893,0.013946,7.4028e-05
3d6.4s2,b 3F2,2.0,5.0,2.608502,3d7.(2G).4p,v 3G*,3.0,7.0,6.180685,3.572184,347.08239,2190000.0,0.0055373,0.027686,0.00014696
3d6.4s2,b 3F2,2.0,5.0,2.608502,3d7.(2H).4p,u 3G*,3.0,7.0,6.425577,3.817075,324.81468,1690000.0,0.0037424,0.018712,9.9322e-05
3d6.4s2,b 3F2,2.0,5.0,2.608502,3d7.(2P).4p,u 3D*,1.0,3.0,6.510715,3.902213,317.72791,5900000.0,0.0053576,0.026788,0.00014219
3d6.4s2,b 3F2,2.0,5.0,2.608502,3d6.(3D).4s.4p.(3P*),t 3F*,3.0,7.0,7.146573,4.538071,273.20901,6840000.0,0.010716,0.05358,0.0002844
3d6.4s2,b 3F2,2.0,5.0,2.608502,3d6.(3F2).4s.4p.(1P*),r 3G*,3.0,7.0,7.508931,4.900429,253.00682,486000000.0,0.65296,3.2648,0.01733
3d7.(2G).4s,a 3G,5.0,11.0,2.692408,3d7.(2H).4s,a 1H,5.0,11.0,3.573219,0.880811,1407.61367,0.033,9.8026e-10,1.0783e-08,2.6016e-11
3d7.(2G).4s,a 3G,5.0,11.0,2.692408,3d7.(4F).4p,y 3F*,4.0,9.0,4.548506,1.856098,667.98286,634000.0,0.00347,0.03817,9.2094e-05
3d7.(2G).4s,a 3G,5.0,11.0,2.692408,3d6.(3H).4s.4p.(3P*),y 3G*,5.0,11.0,5.615845,2.923438,424.10415,767000.0,0.0020682,0.022751,5.4891e-05
3d7.(2G).4s,a 3G,5.0,11.0,2.692408,3d6.(3F2).4s.4p.(3P*),x 5G*,4.0,9.0,5.682595,2.990188,414.63683,78000.0,0.00016449,0.0018094,4.3656e-06
3d7.(2G).4s,a 3G,5.0,11.0,2.692408,3d7.(4P).4p,u 5D*,4.0,9.0,5.792646,3.100239,399.91826,5700000.0,0.011182,0.123,0.00029678
3d7.(2G).4s,a 3G,5.0,11.0,2.692408,3d6.(3F2).4s.4p.(3P*),x 3F*,4.0,9.0,5.813513,3.121105,397.24455,4970000.0,0.0096201,0.10582,0.00025532
3d7.(2G).4s,a 3G,5.0,11.0,2.692408,3d6.(3H).4s.4p.(3P*),z 3H*,6.0,13.0,5.825065,3.132658,395.7796,12200000.0,0.033859,0.37245,0.00089862
3d7.(2G).4s,a 3G,5.0,11.0,2.692408,3d6.(3H).4s.4p.(3P*),z 3H*,5.0,11.0,5.828295,3.135888,395.37195,2970000.0,0.0069603,0.076563,0.00018473
3d7.(2G).4s,a 3G,5.0,11.0,2.692408,3d6.(3H).4s.4p.(3P*),z 3H*,4.0,9.0,5.84046,3.148052,393.84418,1660000.0,0.0031584,0.034742,8.3824e-05
3d7.(2G).4s,a 3G,5.0,11.0,2.692408,3d6.(3G).4s.4p.(3P*),w 5G*,6.0,13.0,5.87231,3.179903,389.89936,6200000.0,0.0167,0.1837,0.00044321
3d7.(2G).4s,a 3G,5.0,11.0,2.692408,3d7.(2G).4p,z 1G*,4.0,9.0,5.883387,3.190979,388.5459,3990000.0,0.0073887,0.081275,0.0001961
3d7.(2G).4s,a 3G,5.0,11.0,2.692408,3d6.(3G).4s.4p.(3P*),w 5G*,4.0,9.0,5.900414,3.208006,386.48365,1840000.0,0.0033712,0.037084,8.9473e-05
3d7.(2G).4s,a 3G,5.0,11.0,2.692408,3d6.(3F2).4s.4p.(3P*),x 3G*,4.0,9.0,5.927947,3.235539,383.19482,1070000.0,0.0019272,0.021199,5.1149e-05
3d7.(2G).4s,a 3G,5.0,11.0,2.692408,3d6.(3F2).4s.4p.(3P*),x 3G*,5.0,11.0,5.930728,3.238321,382.86572,1560000.0,0.0034283,0.037711,9.0987e-05
3d7.(2G).4s,a 3G,5.0,11.0,2.692408,3d6.(3G).4s.4p.(3P*),v 5F*,4.0,9.0,5.942562,3.250155,381.47169,2070000.0,0.0036949,0.040644,9.8063e-05
3d7.(2G).4s,a 3G,5.0,11.0,2.692408,3d6.(3G).4s.4p.(3P*),y 5H*,5.0,11.0,5.979917,3.287509,377.13722,1310000.0,0.0027934,0.030727,7.4136e-05
3d7.(2G).4s,a 3G,5.0,11.0,2.692408,3d6.(3G).4s.4p.(3P*),y 5H*,4.0,9.0,5.996109,3.303702,375.28874,474000.0,0.00081888,0.0090076,2.1733e-05
3d7.(2G).4s,a 3G,5.0,11.0,2.692408,3d6.(3H).4s.4p.(3P*),y 1G*,4.0,9.0,6.038345,3.345937,370.55149,14200000.0,0.023916,0.26308,0.00063474
3d7.(2G).4s,a 3G,5.0,11.0,2.692408,3d7.(2G).4p,w 3F*,4.0,9.0,6.088727,3.396319,365.05458,39400000.0,0.064405,0.70846,0.0017093
3d7.(2G).4s,a 3G,5.0,11.0,2.692408,3d7.(2G).4p,y 3H*,6.0,13.0,6.129055,3.436647,360.77078,82900000.0,0.19117,2.1029,0.0050737
3d7.(2G).4s,a 3G,5.0,11.0,2.692408,3d7.(2G).4p,v 3G*,5.0,11.0,6.13237,3.439963,360.42309,25900000.0,0.050441,0.55485,0.0013387
3d7.(2G).4s,a 3G,5.0,11.0,2.692408,3d7.(2G).4p,y 3H*,5.0,11.0,6.150165,3.457757,358.56823,32900000.0,0.063416,0.69758,0.0016831
3d7.(2G).4s,a 3G,5.0,11.0,2.692408,3d7.(2G).4p,v 3G*,4.0,9.0,6.153073,3.460666,358.26689,3210000.0,0.0050539,0.055593,0.00013413
3d7.(2G).4s,a 3G,5.0,11.0,2.692408,3d7.(2G).4p,y 3H*,4.0,9.0,6.165361,3.472953,356.99932,4640000.0,0.0072537,0.079791,0.00019251
3d7.(2G).4s,a 3G,5.0,11.0,2.692408,3d6.(3F2).4s.4p.(3P*),x 1G*,4.0,9.0,6.275334,3.582926,346.0417,1450000.0,0.0021298,0.023428,5.6524e-05
3d7.(2G).4s,a 3G,5.0,11.0,2.692408,3d7.(2H).4p,u 3G*,5.0,11.0,6.369553,3.677145,337.17513,28900000.0,0.049257,0.54183,0.0013073
3d7.(2G).4s,a 3G,5.0,11.0,2.692408,3d6.(3H).4s.4p.(3P*),1H*,5.0,11.0,6.401326,3.708919,334.28665,3020000.0,0.0050595,0.055654,0.00013428
3d7.(2G).4s,a 3G,5.0,11.0,2.692408,3d7.(2H).4p,u 3G*,4.0,9.0,6.406039,3.713631,333.86246,6060000.0,0.0082855,0.09114,0.0002199
3d7.(2G).4s,a 3G,5.0,11.0,2.692408,3d7.(2H).4p,w 3H*,6.0,13.0,6.500671,3.808263,325.56625,573000.0,0.0010761,0.011837,2.8559e-05
3d7.(2G).4s,a 3G,5.0,11.0,2.692408,3d6.(3G).4s.4p.(3P*),t 3G*,5.0,11.0,6.693075,4.000668,309.90877,7520000.0,0.010828,0.11911,0.00028737
3d7.(2G).4s,a 3G,5.0,11.0,2.692408,3d6.(3D).4s.4p.(3P*),5F*,5.0,11.0,6.696852,4.004444,309.6165,1930000.0,0.0027737,0.030511,7.3615e-05
3d7.(2G).4s,a 3G,5.0,11.0,2.692408,3d6.(3G).4s.4p.(3P*),t 3G*,4.0,9.0,6.724582,4.032175,307.48716,3830000.0,0.0044418,0.04886,0.00011789
3d7.(2G).4s,a 3G,5.0,11.0,2.692408,3d6.(1G2).4s.4p.(3P*),v 3H*,6.0,13.0,6.879851,4.187444,296.08566,50200000.0,0.077974,0.85771,0.0020694
3d7.(2G).4s,a 3G,5.0,11.0,2.692408,3d6.(1G2).4s.4p.(3P*),v 3H*,5.0,11.0,6.884292,4.191885,295.77197,1770000.0,0.0023214,0.025535,6.161e-05
3d7.(2G).4s,a 3G,5.0,11.0,2.692408,3d7.(2H).4p,1H*,5.0,11.0,6.931607,4.239199,292.47081,29700000.0,0.038087,0.41896,0.0010108
3d7.(2G).4s,a 3G,5.0,11.0,2.692408,3d6.(1I).4s.4p.(3P*),u 3H*,6.0,13.0,6.984521,4.292113,288.86516,7980000.0,0.011798,0.12978,0.00031312
3d7.(2G).4s,a 3G,5.0,11.0,2.692408,3d6.(1I).4s.4p.(3P*),u 3H*,5.0,11.0,6.990559,4.298152,288.45935,2910000.0,0.0036301,0.039931,9.6344e-05
3d7.(2G).4s,a 3G,5.0,11.0,2.692408,3d6.(3D).4s.4p.(3P*),t 3F*,4.0,9.0,7.135292,4.442884,279.06241,23600000.0,0.022544,0.24798,0.00059831
3d7.(2G).4s,a 3G,4.0,9.0,2.727545,3d7.(2H).4s,a 1H,5.0,11.0,3.573219,0.845674,1466.09852,0.015,5.9078e-10,5.317e-09,1.5679e-11
3d7.(2G).4s,a 3G,4.0,9.0,2.727545,3d7.(4F).4p,y 3F*,4.0,9.0,4.548506,1.820962,680.87211,120000.0,0.00083401,0.0075061,2.2135e-05
3d7.(2G).4s,a 3G,4.0,9.0,2.727545,3d7.(4F).4p,y 3F*,3.0,7.0,4.607593,1.880049,659.47331,737000.0,0.0037375,0.033637,9.9192e-05
3d7.(2G).4s,a 3G,4.0,9.0,2.727545,3d7.(4F).4p,y 3D*,3.0,7.0,4.733141,2.005596,618.1912,55900.0,0.0002491,0.0022419,6.6111e-06
3d7.(2G).4s,a 3G,4.0,9.0,2.727545,3d6.(3H).4s.4p.(3P*),y 3G*,4.0,9.0,5.632404,2.90486,426.81651,627000.0,0.0017124,0.015412,4.5448e-05
3d7.(2G).4s,a 3G,4.0,9.0,2.727545,3d6.(3H).4s.4p.(3P*),y 3G*,3.0,7.0,5.649089,2.921544,424.37898,119000.0,0.0002499,0.0022491,6.6324e-06
3d7.(2G).4s,a 3G,4.0,9.0,2.727545,3d6.(3H).4s.4p.(3P*),z 3H*,5.0,11.0,5.828295,3.100751,399.8522,12600000.0,0.036913,0.33222,0.00097967
3d7.(2G).4s,a 3G,4.0,9.0,2.727545,3d7.(4P).4p,w 3D*,3.0,7.0,5.829388,3.101844,399.71128,1600000.0,0.0029808,0.026827,7.911e-05
3d7.(2G).4s,a 3G,4.0,9.0,2.727545,3d6.(3F2).4s.4p.(3P*),x 3F*,3.0,7.0,5.838752,3.111208,398.50827,5720000.0,0.010592,0.09533,0.00028112
3d7.(2G).4s,a 3G,4.0,9.0,2.727545,3d6.(3H).4s.4p.(3P*),z 3H*,4.0,9.0,5.84046,3.112915,398.28968,3570000.0,0.0084904,0.076413,0.00022533
3d7.(2G).4s,a 3G,4.0,9.0,2.727545,3d6.(3G).4s.4p.(3P*),w 5G*,5.0,11.0,5.879359,3.151814,393.37404,2700000.0,0.0076557,0.068901,0.00020318
3d7.(2G).4s,a 3G,4.0,9.0,2.727545,3d6.(3G).4s.4p.(3P*),w 5G*,3.0,7.0,5.913208,3.185664,389.19427,3060000.0,0.0054047,0.048642,0.00014344
3d7.(2G).4s,a 3G,4.0,9.0,2.727545,3d6.(3F2).4s.4p.(3P*),x 3G*,4.0,9.0,5.927947,3.200403,387.40188,886000.0,0.0019935,0.017942,5.2908e-05
3d7.(2G).4s,a 3G,4.0,9.0,2.727545,3d6.(3F2).4s.4p.(3P*),x 3G*,3.0,7.0,5.930688,3.203143,387.07044,983000.0,0.0017173,0.015456,4.5577e-05
3d7.(2G).4s,a 3G,4.0,9.0,2.727545,3d6.(3F2).4s.4p.(3P*),x 3G*,5.0,11.0,5.930728,3.203184,387.06551,1590000.0,0.0043649,0.039284,0.00011584
3d7.(2G).4s,a 3G,4.0,9.0,2.727545,3d6.(3G).4s.4p.(3P*),v 5F*,3.0,7.0,5.966483,3.238938,382.79273,2290000.0,0.0039127,0.035214,0.00010384
3d7.(2G).4s,a 3G,4.0,9.0,2.727545,3d6.(3G).4s.4p.(3P*),y 5H*,5.0,11.0,5.979917,3.252372,381.2116,206000.0,0.00054854,0.0049369,1.4558e-05
3d7.(2G).4s,a 3G,4.0,9.0,2.727545,3d6.(3G).4s.4p.(3P*),y 5H*,4.0,9.0,5.996109,3.268565,379.32307,1930000.0,0.0041633,0.03747,0.00011049
3d7.(2G).4s,a 3G,4.0,9.0,2.727545,3d7.(2G).4p,z 1H*,5.0,11.0,5.998678,3.271134,379.02516,2160000.0,0.0056859,0.051173,0.0001509
3d7.(2G).4s,a 3G,4.0,9.0,2.727545,3d6.(3G).4s.4p.(3P*),y 5H*,3.0,7.0,6.010219,3.282675,377.69263,338000.0,0.00056222,0.00506,1.4921e-05
3d7.(2G).4s,a 3G,4.0,9.0,2.727545,3d6.(3H).4s.4p.(3P*),y 1G*,4.0,9.0,6.038345,3.3108,374.48408,355000.0,0.00074637,0.0067173,1.9809e-05
3d7.(2G).4s,a 3G,4.0,9.0,2.727545,3d7.(2G).4p,w 3F*,4.0,9.0,6.088727,3.361183,368.87076,7380000.0,0.015054,0.13549,0.00039954
3d7.(2G).4s,a 3G,4.0,9.0,2.727545,3d6.(3F2).4s.4p.(3P*),v 3D*,3.0,7.0,6.091966,3.364422,368.5156,29700000.0,0.047031,0.42328,0.0012482
3d7.(2G).4s,a 3G,4.0,9.0,2.727545,3d7.(2G).4p,w 3F*,3.0,7.0,6.10534,3.377795,367.05658,23400000.0,0.036762,0.33086,0.00097566
3d7.(2G).4s,a 3G,4.0,9.0,2.727545,3d7.(2G).4p,v 3G*,5.0,11.0,6.13237,3.404826,364.14256,35700000.0,0.08674,0.78066,0.0023021
3d7.(2G).4s,a 3G,4.0,9.0,2.727545,3d6.(3F2).4s.4p.(3P*),1F*,3.0,7.0,6.134382,3.406837,363.92755,484000.0,0.00074746,0.0067272,1.9838e-05
3d7.(2G).4s,a 3G,4.0,9.0,2.727545,3d7.(2G).4p,y 3H*,5.0,11.0,6.150165,3.422621,362.24932,44500000.0,0.107,0.963,0.0028398
3d7.(2G).4s,a 3G,4.0,9.0,2.727545,3d7.(2G).4p,v 3G*,4.0,9.0,6.153073,3.425529,361.94177,8880000.0,0.01744,0.15696,0.00046286
3d7.(2G).4s,a 3G,4.0,9.0,2.727545,3d7.(2G).4p,y 3H*,4.0,9.0,6.165361,3.437816,360.6481,46600000.0,0.090868,0.81782,0.0024116
3d7.(2G).4s,a 3G,4.0,9.0,2.727545,3d7.(2G).4p,v 3G*,3.0,7.0,6.180685,3.453141,359.0476,10500000.0,0.015784,0.14205,0.0004189
3d7.(2G).4s,a 3G,4.0,9.0,2.727545,3d6.(3F2).4s.4p.(3P*),x 1G*,4.0,9.0,6.275334,3.54779,349.46886,859000.0,0.0015728,0.014155,4.1742e-05
3d7.(2G).4s,a 3G,4.0,9.0,2.727545,3d7.(2D2).4p,v 3F*,4.0,9.0,6.36096,3.633416,341.23318,6000000.0,0.010474,0.094266,0.00027798
3d7.(2G).4s,a 3G,4.0,9.0,2.727545,3d6.(3H).4s.4p.(3P*),1H*,5.0,11.0,6.401326,3.673782,337.48385,282000.0,0.00058852,0.0052967,1.5619e-05
3d7.(2G).4s,a 3G,4.0,9.0,2.727545,3d7.(2H).4p,u 3G*,4.0,9.0,6.406039,3.678494,337.05151,21500000.0,0.036618,0.32956,0.00097183
3d7.(2G).4s,a 3G,4.0,9.0,2.727545,3d7.(2H).4p,u 3G*,3.0,7.0,6.425577,3.698032,335.27072,2190000.0,0.0028705,0.025834,7.6182e-05
3d7.(2G).4s,a 3G,4.0,9.0,2.727545,3d6.(3G).4s.4p.(3P*),t 3G*,4.0,9.0,6.724582,3.997038,310.1902,5530000.0,0.007977,0.071793,0.00021171
3d7.(2G).4s,a 3G,4.0,9.0,2.727545,3d6.(3G).4s.4p.(3P*),t 3G*,3.0,7.0,6.769581,4.042036,306.73699,9110000.0,0.0099946,0.089951,0.00026526
3d7.(2G).4s,a 3G,4.0,9.0,2.727545,3d6.(1G2).4s.4p.(3P*),s 3G*,5.0,11.0,6.872422,4.144877,299.12635,35000000.0,0.057384,0.51645,0.001523
3d7.(2G).4s,a 3G,4.0,9.0,2.727545,3d6.(1G2).4s.4p.(3P*),v 3H*,4.0,9.0,6.874429,4.146884,298.98156,799000.0,0.0010708,0.0096369,2.8418e-05
3d7.(2G).4s,a 3G,4.0,9.0,2.727545,3d6.(1G2).4s.4p.(3P*),s 3G*,4.0,9.0,6.931403,4.203859,294.92952,33200000.0,0.043295,0.38965,0.001149
3d7.(2G).4s,a 3G,4.0,9.0,2.727545,3d6.(1I).4s.4p.(3P*),u 3H*,5.0,11.0,6.990559,4.263015,290.8369,16100000.0,0.024954,0.22458,0.00066227
3d7.(2G).4s,a 3G,4.0,9.0,2.727545,3d6.(1I).4s.4p.(3P*),u 3H*,4.0,9.0,6.995596,4.268051,290.49371,1780000.0,0.0022519,0.020267,5.9766e-05
3d7.(2G).4s,a 3G,4.0,9.0,2.727545,3d6.(3D).4s.4p.(3P*),t 3F*,4.0,9.0,7.135292,4.407747,281.28699,5000000.0,0.005931,0.053379,0.00015741
3d7.(2G).4s,a 3G,4.0,9.0,2.727545,3d6.(3D).4s.4p.(3P*),t 3F*,3.0,7.0,7.146573,4.419029,280.56888,24000000.0,0.02203,0.19827,0.00058466
3d7.(2G).4s,a 3G,3.0,7.0,2.758578,3d7.(4F).4p,y 3F*,3.0,7.0,4.607593,1.849016,670.54164,18000.0,0.00012133,0.00084934,3.2202e-06
3d7.(2G).4s,a 3G,3.0,7.0,2.758578,3d7.(4F).4p,y 3F*,2.0,5.0,4.652031,1.893453,654.80458,906000.0,0.0041599,0.029119,0.0001104
3d7.(2G).4s,a 3G,3.0,7.0,2.758578,3d7.(4F).4p,y 3D*,2.0,5.0,4.795466,2.036888,608.69422,69900.0,0.00027734,0.0019414,7.3605e-06
3d7.(2G).4s,a 3G,3.0,7.0,2.758578,3d6.(3H).4s.4p.(3P*),y 3G*,3.0,7.0,5.649089,2.890511,428.9352,449000.0,0.0012385,0.0086694,3.2869e-05
3d7.(2G).4s,a 3G,3.0,7.0,2.758578,3d6.(3F2).4s.4p.(3P*),x 3F*,4.0,9.0,5.813513,3.054935,405.84888,495000.0,0.0015716,0.011001,4.171e-05
3d7.(2G).4s,a 3G,3.0,7.0,2.758578,3d7.(4P).4p,w 3D*,3.0,7.0,5.829388,3.070811,403.7507,96000.0,0.00023462,0.0016423,6.2267e-06
3d7.(2G).4s,a 3G,3.0,7.0,2.758578,3d6.(3F2).4s.4p.(3P*),x 3F*,3.0,7.0,5.838752,3.080175,402.52329,107000.0,0.00025991,0.0018194,6.898e-06
3d7.(2G).4s,a 3G,3.0,7.0,2.758578,3d6.(3H).4s.4p.(3P*),z 3H*,4.0,9.0,5.84046,3.081882,402.30027,8550000.0,0.026673,0.18671,0.0007079
3d7.(2G).4s,a 3G,3.0,7.0,2.758578,3d7.(4P).4p,w 3D*,2.0,5.0,5.84413,3.085552,401.82178,842000.0,0.0014558,0.010191,3.8638e-05
3d7.(2G).4s,a 3G,3.0,7.0,2.758578,3d6.(3F2).4s.4p.(3P*),x 3F*,2.0,5.0,5.851683,3.093106,400.84047,4400000.0,0.0075705,0.052994,0.00020092
3d7.(2G).4s,a 3G,3.0,7.0,2.758578,3d6.(3G).4s.4p.(3P*),w 5G*,4.0,9.0,5.900414,3.141836,394.62335,1650000.0,0.0049528,0.03467,0.00013145
3d7.(2G).4s,a 3G,3.0,7.0,2.758578,3d6.(3G).4s.4p.(3P*),w 5G*,3.0,7.0,5.913208,3.15463,393.0229,811000.0,0.0018781,0.013147,4.9844e-05
3d7.(2G).4s,a 3G,3.0,7.0,2.758578,3d6.(3F2).4s.4p.(3P*),x 3G*,4.0,9.0,5.927947,3.16937,391.19515,1370000.0,0.0040412,0.028288,0.00010725
3d7.(2G).4s,a 3G,3.0,7.0,2.758578,3d6.(3G).4s.4p.(3P*),w 5G*,2.0,5.0,5.930307,3.17173,390.90407,6670000.0,0.010914,0.0764,0.00028967
3d7.(2G).4s,a 3G,3.0,7.0,2.758578,3d6.(3F2).4s.4p.(3P*),x 3G*,3.0,7.0,5.930688,3.17211,390.85719,815000.0,0.0018666,0.013066,4.954e-05
3d7.(2G).4s,a 3G,3.0,7.0,2.758578,3d6.(3G).4s.4p.(3P*),y 5H*,4.0,9.0,5.996109,3.237532,382.95904,322000.0,0.00091026,0.0063718,2.4158e-05
3d7.(2G).4s,a 3G,3.0,7.0,2.758578,3d6.(3G).4s.4p.(3P*),y 5H*,3.0,7.0,6.010219,3.251641,381.29726,2520000.0,0.0054927,0.038449,0.00014578
3d7.(2G).4s,a 3G,3.0,7.0,2.758578,3d7.(2G).4p,w 3F*,4.0,9.0,6.088727,3.330149,372.30821,676000.0,0.0018062,0.012643,4.7935e-05
3d7.(2G).4s,a 3G,3.0,7.0,2.758578,3d6.(3F2).4s.4p.(3P*),v 3D*,3.0,7.0,6.091966,3.333389,371.9464,5170000.0,0.010723,0.07506,0.00028458
3d7.(2G).4s,a 3G,3.0,7.0,2.758578,3d7.(2G).4p,w 3F*,3.0,7.0,6.10534,3.346762,370.46015,3840000.0,0.0079008,0.055306,0.00020969
3d7.(2G).4s,a 3G,3.0,7.0,2.758578,3d7.(2G).4p,w 3F*,2.0,5.0,6.128927,3.37035,367.86748,60800000.0,0.088109,0.61676,0.0023384
3d7.(2G).4s,a 3G,3.0,7.0,2.758578,3d6.(3F2).4s.4p.(3P*),1F*,3.0,7.0,6.134382,3.375804,367.27306,647000.0,0.0013084,0.0091588,3.4725e-05
3d7.(2G).4s,a 3G,3.0,7.0,2.758578,3d7.(2G).4p,v 3G*,4.0,9.0,6.153073,3.394496,365.2507,58300000.0,0.14992,1.0494,0.0039788
3d7.(2G).4s,a 3G,3.0,7.0,2.758578,3d7.(2G).4p,y 3H*,4.0,9.0,6.165361,3.406783,363.93332,23600000.0,0.06025,0.42175,0.001599
3d7.(2G).4s,a 3G,3.0,7.0,2.758578,3d7.(2G).4p,v 3G*,3.0,7.0,6.180685,3.422108,362.3036,51400000.0,0.10115,0.70805,0.0026845
3d7.(2G).4s,a 3G,3.0,7.0,2.758578,3d7.(2H).4p,u 3G*,4.0,9.0,6.406039,3.647461,339.91919,615000.0,0.0013697,0.009588,3.6352e-05
3d7.(2G).4s,a 3G,3.0,7.0,2.758578,3d7.(2H).4p,u 3G*,3.0,7.0,6.425577,3.666999,338.10805,16600000.0,0.02845,0.19915,0.00075506
3d7.(2G).4s,a 3G,3.0,7.0,2.758578,3d6.(3G).4s.4p.(3P*),t 3G*,3.0,7.0,6.769581,4.011003,309.11021,2380000.0,0.0034093,0.023865,9.0482e-05
3d7.(2G).4s,a 3G,3.0,7.0,2.758578,3d6.(1G2).4s.4p.(3P*),v 3H*,4.0,9.0,6.874429,4.115851,301.23586,37900000.0,0.066291,0.46404,0.0017594
3d7.(2G).4s,a 3G,3.0,7.0,2.758578,3d6.(1G2).4s.4p.(3P*),s 3G*,3.0,7.0,6.917165,4.158587,298.1402,16600000.0,0.022121,0.15485,0.0005871
3d7.(2G).4s,a 3G,3.0,7.0,2.758578,3d6.(3G).4s.4p.(3P*),1F*,3.0,7.0,6.955245,4.196668,295.43488,36400000.0,0.04763,0.33341,0.0012641
3d7.(2G).4s,a 3G,3.0,7.0,2.758578,3d6.(1I).4s.4p.(3P*),u 3H*,4.0,9.0,6.995596,4.237018,292.62137,16900000.0,0.027893,0.19525,0.00074029
3d7.(2G).4s,a 3G,3.0,7.0,2.758578,3d6.(1G2).4s.4p.(3P*),u 3F*,4.0,9.0,7.016601,4.258023,291.17783,2390000.0,0.0039059,0.027341,0.00010366
3d7.(2G).4s,a 3G,3.0,7.0,2.758578,3d6.(3F2).4s.4p.(1P*),r 3G*,3.0,7.0,7.508931,4.750353,260.99994,46000000.0,0.046978,0.32885,0.0012468
3d6.(5D).4s.4p.(3P*),z 7F*,6.0,13.0,2.808294,3d6.(5D).4s (6D).5s,e 7D,5.0,11.0,5.308489,2.500196,495.89796,42200000.0,0.13165,1.7114,0.0034939
3d6.(5D).4s.4p.(3P*),z 7F*,6.0,13.0,2.808294,3d6.(5D).4s (6D).4d,e 7F,6.0,13.0,6.241629,3.433335,361.11887,59000000.0,0.11535,1.4995,0.0030613
3d6.(5D).4s.4p.(3P*),z 7F*,6.0,13.0,2.808294,3d6.(5D).4s (6D).4d,f 7D,5.0,11.0,6.246065,3.437771,360.65289,21200000.0,0.03498,0.45474,0.00092838
3d6.(5D).4s.4p.(3P*),z 7F*,6.0,13.0,2.808294,3d6.(5D).4s (6D).4d,e 5G,6.0,13.0,6.264047,3.455753,358.77621,3620000.0,0.0069858,0.090815,0.0001854
3d6.(5D).4s.4p.(3P*),z 7F*,6.0,13.0,2.808294,3d6.(5D).4s (6D).4d,e 7G,6.0,13.0,6.319206,3.510912,353.13958,4650000.0,0.0086937,0.11302,0.00023073
3d7.(4P).4s,b 3P,2.0,5.0,2.831591,3d6.(5D).4s.4p.(3P*),z 3D*,3.0,7.0,3.883509,1.051918,1178.649,183000.0,0.0053359,0.02668,0.00014161
3d7.(4P).4s,b 3P,2.0,5.0,2.831591,3d6.(5D).4s.4p.(3P*),z 3D*,2.0,5.0,3.928607,1.097016,1130.19534,27000.0,0.00051705,0.0025852,1.3722e-05
3d7.(4P).4s,b 3P,2.0,5.0,2.831591,3d7.(4F).4p,y 5D*,2.0,5.0,4.190861,1.35927,912.13836,123000.0,0.0015342,0.0076711,4.0718e-05
3d7.(4P).4s,b 3P,2.0,5.0,2.831591,3d6.(5D).4s.4p.(3P*),z 3P*,2.0,5.0,4.208883,1.377292,900.20263,1060000.0,0.012878,0.06439,0.00034178
3d7.(4P).4s,b 3P,2.0,5.0,2.831591,3d6.(5D).4s.4p.(3P*),z 3P*,1.0,3.0,4.260453,1.428862,867.71284,617000.0,0.0041788,0.020894,0.0001109
3d7.(4P).4s,b 3P,2.0,5.0,2.831591,3d7.(4F).4p,y 3D*,3.0,7.0,4.733141,1.90155,652.01663,113000.0,0.0010083,0.0050414,2.676e-05
3d7.(4P).4s,b 3P,2.0,5.0,2.831591,3d7.(4F).4p,y 3D*,2.0,5.0,4.795466,1.963874,631.32445,24200.0,0.0001446,0.00072302,3.8378e-06
3d7.(4P).4s,b 3P,2.0,5.0,2.831591,3d6.(3P2).4s.4p.(3P*),z 5S*,2.0,5.0,5.070333,2.238741,553.81206,8100.0,3.7245e-05,0.00018623,9.8849e-07
3d7.(4P).4s,b 3P,2.0,5.0,2.831591,3d6.(3P2).4s.4p.(3P*),w 5D*,3.0,7.0,5.445717,2.614126,474.28554,729000.0,0.0034419,0.017209,9.1347e-05
3d7.(4P).4s,b 3P,2.0,5.0,2.831591,3d6.(3F2).4s.4p.(3P*),v 5D*,3.0,7.0,5.475912,2.64432,468.86979,75000.0,0.00034606,0.0017303,9.1845e-06
3d7.(4P).4s,b 3P,2.0,5.0,2.831591,3d6.(3P2).4s.4p.(3P*),w 5D*,2.0,5.0,5.478072,2.646481,468.4871,292000.0,0.00096081,0.0048041,2.55e-05
3d7.(4P).4s,b 3P,2.0,5.0,2.831591,3d6.(3P2).4s.4p.(3P*),x 3D*,3.0,7.0,5.60665,2.775059,446.78045,12000000.0,0.050276,0.25138,0.0013343
3d7.(4P).4s,b 3P,2.0,5.0,2.831591,3d6.(3P2).4s.4p.(3P*),x 3D*,2.0,5.0,5.614232,2.782641,445.5631,3380000.0,0.01006,0.0503,0.00026699
3d7.(4P).4s,b 3P,2.0,5.0,2.831591,3d6.(3P2).4s.4p.(3P*),x 3D*,1.0,3.0,5.647699,2.816108,440.26789,818000.0,0.0014263,0.0071313,3.7853e-05
3d7.(4P).4s,b 3P,2.0,5.0,2.831591,3d7.(4P).4p,w 5P*,3.0,7.0,5.720271,2.88868,429.20713,383000.0,0.0014809,0.0074044,3.9303e-05
3d7.(4P).4s,b 3P,2.0,5.0,2.831591,3d7.(4P).4p,w 5P*,2.0,5.0,5.742147,2.910556,425.98121,800000.0,0.0021764,0.010882,5.7761e-05
3d7.(4P).4s,b 3P,2.0,5.0,2.831591,3d7.(4P).4p,w 5P*,1.0,3.0,5.754154,2.922563,424.2311,430000.0,0.00069612,0.0034806,1.8475e-05
3d7.(4P).4s,b 3P,2.0,5.0,2.831591,3d6.(3P2).4s.4p.(3P*),z 3S*,1.0,3.0,5.777765,2.946174,420.83123,4800000.0,0.0076466,0.038233,0.00020294
3d7.(4P).4s,b 3P,2.0,5.0,2.831591,3d6.(3P2).4s.4p.(3P*),y 3P*,2.0,5.0,5.793419,2.961828,418.60707,10300000.0,0.027059,0.13529,0.00071814
3d7.(4P).4s,b 3P,2.0,5.0,2.831591,3d7.(4P).4p,u 5D*,3.0,7.0,5.79564,2.964049,418.2933,23200000.0,0.0852,0.426,0.0022612
3d7.(4P).4s,b 3P,2.0,5.0,2.831591,3d7.(4P).4p,u 5D*,2.0,5.0,5.813435,2.981844,415.79706,12000000.0,0.031103,0.15552,0.00082548
3d7.(4P).4s,b 3P,2.0,5.0,2.831591,3d6.(3P2).4s.4p.(3P*),y 3P*,1.0,3.0,5.815086,2.983495,415.56699,26400000.0,0.041011,0.20505,0.0010884
3d7.(4P).4s,b 3P,2.0,5.0,2.831591,3d7.(4P).4p,w 3D*,3.0,7.0,5.829388,2.997797,413.58434,12500000.0,0.044877,0.22439,0.001191
3d7.(4P).4s,b 3P,2.0,5.0,2.831591,3d6.(3F2).4s.4p.(3P*),x 3F*,3.0,7.0,5.838752,3.007161,412.29651,1990000.0,0.0071,0.0355,0.00018843
3d7.(4P).4s,b 3P,2.0,5.0,2.831591,3d7.(4P).4p,w 3D*,2.0,5.0,5.84413,3.012538,411.56055,3920000.0,0.0099544,0.049772,0.00026419
3d7.(4P).4s,b 3P,2.0,5.0,2.831591,3d7.(4P).4p,u 5D*,1.0,3.0,5.849232,3.01764,410.86473,17400000.0,0.026422,0.13211,0.00070123
3d7.(4P).4s,b 3P,2.0,5.0,2.831591,3d7.(4P).4p,w 3D*,1.0,3.0,5.860984,3.029393,409.27073,1140000.0,0.0017177,0.0085883,4.5587e-05
3d7.(4P).4s,b 3P,2.0,5.0,2.831591,3d7.(4P).4p,y 3S*,1.0,3.0,5.896144,3.064553,404.57515,8170000.0,0.012029,0.060145,0.00031925
3d7.(4P).4s,b 3P,2.0,5.0,2.831591,3d6.(3G).4s.4p.(3P*),v 5F*,3.0,7.0,5.966483,3.134891,395.49758,640000.0,0.0021011,0.010506,5.5764e-05
3d7.(4P).4s,b 3P,2.0,5.0,2.831591,3d5.(6S).4s2.4p,v 5P*,2.0,5.0,5.971506,3.139915,394.86481,5120000.0,0.011968,0.059841,0.00031763
3d7.(4P).4s,b 3P,2.0,5.0,2.831591,3d6.(3G).4s.4p.(3P*),v 5F*,2.0,5.0,5.980855,3.149264,393.69267,11400000.0,0.02649,0.13245,0.00070304
3d7.(4P).4s,b 3P,2.0,5.0,2.831591,3d7.(4P).4p,x 3P*,2.0,5.0,5.989012,3.157421,392.6755,8040000.0,0.018586,0.092929,0.00049327
3d7.(4P).4s,b 3P,2.0,5.0,2.831591,3d7.(4P).4p,x 3P*,1.0,3.0,6.015234,3.183643,389.44124,4520000.0,0.0061664,0.030832,0.00016366
3d7.(4P).4s,b 3P,2.0,5.0,2.831591,3d6.(3F2).4s.4p.(3P*),v 3D*,3.0,7.0,6.091966,3.260375,380.27585,6260000.0,0.019,0.095001,0.00050427
3d7.(4P).4s,b 3P,2.0,5.0,2.831591,3d6.(3F2).4s.4p.(3P*),v 3D*,2.0,5.0,6.105307,3.273716,378.72622,13000000.0,0.027955,0.13977,0.00074192
3d7.(4P).4s,b 3P,2.0,5.0,2.831591,3d7.(2G).4p,w 3F*,3.0,7.0,6.10534,3.273749,378.72242,3200000.0,0.0096334,0.048167,0.00025567
3d7.(4P).4s,b 3P,2.0,5.0,2.831591,3d6.(3F2).4s.4p.(3P*),v 3D*,1.0,3.0,6.112128,3.280537,377.93878,2210000.0,0.0028395,0.014198,7.5361e-05
3d7.(4P).4s,b 3P,2.0,5.0,2.831591,3d7.(2P).4p,w 3P*,1.0,3.0,6.204568,3.372976,367.58098,7910000.0,0.0096138,0.048069,0.00025515
3d7.(4P).4s,b 3P,2.0,5.0,2.831591,3d7.(2P).4p,w 3P*,2.0,5.0,6.222374,3.390783,365.65062,11800000.0,0.023652,0.11826,0.00062773
3d7.(4P).4s,b 3P,2.0,5.0,2.831591,3d7.(2P).4p,u 3D*,3.0,7.0,6.443347,3.611756,343.27954,5530000.0,0.013678,0.068388,0.000363
3d7.(4P).4s,b 3P,2.0,5.0,2.831591,3d7.(2D2).4p,t 3D*,3.0,7.0,6.473615,3.642024,340.42661,3980000.0,0.0096809,0.048405,0.00025693
3d7.(4P).4s,b 3P,2.0,5.0,2.831591,3d7.(2D2).4p,v 3P*,2.0,5.0,6.560784,3.729193,332.46922,28000000.0,0.0464,0.232,0.0012315
3d6.(5D).4s.4p.(3P*),z 7F*,5.0,11.0,2.832527,3d6.(5D).4s (6D).5s,e 7D,5.0,11.0,5.308489,2.475963,500.75148,5870000.0,0.022067,0.24274,0.00058566
3d6.(5D).4s.4p.(3P*),z 7F*,5.0,11.0,2.832527,3d6.(5D).4s (6D).5s,e 7D,4.0,9.0,5.35157,2.519044,492.18758,35800000.0,0.10638,1.1702,0.0028233
3d6.(5D).4s.4p.(3P*),z 7F*,5.0,11.0,2.832527,3d6.(5D).4s (6D).4d,f 7D,5.0,11.0,6.246065,3.413538,363.2132,21500000.0,0.042523,0.46775,0.0011286
3d6.(5D).4s.4p.(3P*),z 7F*,5.0,11.0,2.832527,3d6.(5D).4s (6D).4d,f 5D,4.0,9.0,6.251672,3.419145,362.6175,8150000.0,0.013145,0.1446,0.00034887
3d6.(5D).4s.4p.(3P*),z 7F*,5.0,11.0,2.832527,3d6.(5D).4s (6D).4d,e 7P,4.0,9.0,6.258138,3.425611,361.93305,4890000.0,0.0078573,0.086431,0.00020853
3d6.(5D).4s.4p.(3P*),z 7F*,5.0,11.0,2.832527,3d6.(5D).4s (6D).4d,e 5G,6.0,13.0,6.264047,3.43152,361.30986,11100000.0,0.025674,0.28241,0.00068139
3d6.(5D).4s.4p.(3P*),z 7F*,5.0,11.0,2.832527,3d6.(5D).4s (6D).4d,e 5G,5.0,11.0,6.286479,3.453952,358.9633,11900000.0,0.022988,0.25287,0.00061011
3d6.(5D).4s.4p.(3P*),z 7F*,5.0,11.0,2.832527,3d6.(5D).4s (6D).4d,f 7D,4.0,9.0,6.299389,3.466862,357.62657,7430000.0,0.011656,0.12822,0.00030936
3d6.(5D).4s.4p.(3P*),z 7F*,5.0,11.0,2.832527,3d6.(5D).4s (6D).4d,e 7F,5.0,11.0,6.302543,3.470016,357.30149,28900000.0,0.055313,0.60844,0.001468
3d6.(5D).4s.4p.(3P*),z 7F*,5.0,11.0,2.832527,3d6.(5D).4s (6D).4d,e 7G,6.0,13.0,6.319206,3.486679,355.59397,140000000.0,0.31365,3.4502,0.0083243
3d6.(5D).4s.4p.(3P*),z 7F*,5.0,11.0,2.832527,3d6.(5D).4s (6D).4d,f 5F,5.0,11.0,6.335988,3.503461,353.89058,8000000.0,0.015021,0.16523,0.00039865
3d6.(5D).4s.4p.(3P*),z 7F*,5.0,11.0,2.832527,3d6.(5D).4s (6D).4d,e 7G,5.0,11.0,6.351531,3.519004,352.3275,5030000.0,0.009361,0.10297,0.00024844
3d6.(5D).4s.4p.(3P*),z 7F*,5.0,11.0,2.832527,3d6.(5D).4s (6D).4d,e 7G,4.0,9.0,6.364718,3.532191,351.01215,500000.0,0.00075566,0.0083122,2.0055e-05
3d6.(5D).4s.4p.(3P*),z 7F*,5.0,11.0,2.832527,3d6.(5D).4s (6D).6s,g 7D,4.0,9.0,6.710613,3.878086,319.70459,14000000.0,0.017552,0.19308,0.00046584
3d7.(4P).4s,b 3P,1.0,3.0,2.845043,3d6.(5D).4s.4p.(3P*),z 3D*,2.0,5.0,3.928607,1.083564,1144.22564,181000.0,0.0059212,0.017764,0.00015715
3d7.(4P).4s,b 3P,1.0,3.0,2.845043,3d6.(5D).4s.4p.(3P*),z 3D*,1.0,3.0,3.959724,1.114681,1112.28408,113000.0,0.0020959,0.0062877,5.5625e-05
3d7.(4P).4s,b 3P,1.0,3.0,2.845043,3d7.(4F).4p,y 5D*,2.0,5.0,4.190861,1.345818,921.25516,62000.0,0.0013148,0.0039444,3.4895e-05
3d7.(4P).4s,b 3P,1.0,3.0,2.845043,3d6.(5D).4s.4p.(3P*),z 3P*,2.0,5.0,4.208883,1.363841,909.08124,217000.0,0.004481,0.013443,0.00011893
3d7.(4P).4s,b 3P,1.0,3.0,2.845043,3d6.(5D).4s.4p.(3P*),z 3P*,1.0,3.0,4.260453,1.415411,875.95919,352000.0,0.0040492,0.012148,0.00010747
3d7.(4P).4s,b 3P,1.0,3.0,2.845043,3d6.(5D).4s.4p.(3P*),z 3P*,0.0,1.0,4.284348,1.439305,861.41689,1270000.0,0.0047094,0.014128,0.00012499
3d7.(4P).4s,b 3P,1.0,3.0,2.845043,3d7.(4F).4p,y 3D*,2.0,5.0,4.795466,1.950423,635.67849,169000.0,0.0017064,0.0051191,4.5287e-05
3d7.(4P).4s,b 3P,1.0,3.0,2.845043,3d7.(4F).4p,y 3D*,1.0,3.0,4.834855,1.989812,623.09489,89700.0,0.00052211,0.0015663,1.3857e-05
3d7.(4P).4s,b 3P,1.0,3.0,2.845043,3d6.(3P2).4s.4p.(3P*),w 5D*,2.0,5.0,5.478072,2.633029,470.88047,292000.0,0.0016178,0.0048533,4.2935e-05
3d7.(4P).4s,b 3P,1.0,3.0,2.845043,3d6.(3F2).4s.4p.(3P*),w 5F*,2.0,5.0,5.490697,2.645654,468.63347,32000.0,0.0001756,0.0005268,4.6604e-06
3d7.(4P).4s,b 3P,1.0,3.0,2.845043,3d6.(3P2).4s.4p.(3P*),w 5D*,1.0,3.0,5.506282,2.661239,465.88892,150000.0,0.00048811,0.0014643,1.2954e-05
3d7.(4P).4s,b 3P,1.0,3.0,2.845043,3d7.(4P).4p,y 5S*,2.0,5.0,5.518761,2.673719,463.71444,272000.0,0.0014614,0.0043843,3.8786e-05
3d7.(4P).4s,b 3P,1.0,3.0,2.845043,3d6.(3F2).4s.4p.(3P*),v 5D*,2.0,5.0,5.53764,2.692597,460.46327,53000.0,0.00028079,0.00084236,7.452e-06
3d7.(4P).4s,b 3P,1.0,3.0,2.845043,3d6.(3P2).4s.4p.(3P*),x 3D*,2.0,5.0,5.614232,2.769189,447.72744,10100000.0,0.050589,0.15177,0.0013426
3d7.(4P).4s,b 3P,1.0,3.0,2.845043,3d6.(3P2).4s.4p.(3P*),x 3D*,1.0,3.0,5.647699,2.802657,442.38096,8720000.0,0.025584,0.076752,0.000679
3d7.(4P).4s,b 3P,1.0,3.0,2.845043,3d6.(3P2).4s.4p.(3P*),z 3S*,1.0,3.0,5.777765,2.932722,422.76144,4300000.0,0.011522,0.034565,0.00030579
3d7.(4P).4s,b 3P,1.0,3.0,2.845043,3d6.(3P2).4s.4p.(3P*),y 3P*,0.0,1.0,5.786657,2.941615,421.48344,21000000.0,0.018643,0.055929,0.00049479
3d7.(4P).4s,b 3P,1.0,3.0,2.845043,3d6.(3P2).4s.4p.(3P*),y 3P*,2.0,5.0,5.793419,2.948376,420.51688,7370000.0,0.032564,0.097693,0.00086426
3d7.(4P).4s,b 3P,1.0,3.0,2.845043,3d7.(4P).4p,u 5D*,2.0,5.0,5.813435,2.968393,417.68127,11400000.0,0.049694,0.14908,0.0013189
3d7.(4P).4s,b 3P,1.0,3.0,2.845043,3d6.(3P2).4s.4p.(3P*),y 3P*,1.0,3.0,5.815086,2.970043,417.4491,2630000.0,0.006871,0.020613,0.00018236
3d7.(4P).4s,b 3P,1.0,3.0,2.845043,3d7.(4P).4p,w 3D*,2.0,5.0,5.84413,2.999087,413.40647,7700000.0,0.032882,0.098645,0.00087268
3d7.(4P).4s,b 3P,1.0,3.0,2.845043,3d7.(4P).4p,u 5D*,0.0,1.0,5.848524,3.003482,412.80155,1300000.0,0.001107,0.0033211,2.9381e-05
3d7.(4P).4s,b 3P,1.0,3.0,2.845043,3d7.(4P).4p,u 5D*,1.0,3.0,5.849232,3.004189,412.7044,796000.0,0.0020326,0.0060978,5.3945e-05
3d7.(4P).4s,b 3P,1.0,3.0,2.845043,3d6.(3F2).4s.4p.(3P*),x 3F*,2.0,5.0,5.851683,3.006641,412.36784,3230000.0,0.013724,0.041172,0.00036423
3d7.(4P).4s,b 3P,1.0,3.0,2.845043,3d7.(4P).4p,w 3D*,1.0,3.0,5.860984,3.015942,411.09613,15100000.0,0.038258,0.11477,0.0010154
3d7.(4P).4s,b 3P,1.0,3.0,2.845043,3d6.(3P2).4s.4p.(3P*),1D*,2.0,5.0,5.879292,3.034249,408.61573,4700000.0,0.019608,0.058824,0.0005204
3d7.(4P).4s,b 3P,1.0,3.0,2.845043,3d7.(4P).4p,y 3S*,1.0,3.0,5.896144,3.051102,406.3588,18500000.0,0.045798,0.1374,0.0012155
3d7.(4P).4s,b 3P,1.0,3.0,2.845043,3d5.(6S).4s2.4p,v 5P*,2.0,5.0,5.971506,3.126464,396.5637,2170000.0,0.008527,0.025581,0.00022631
3d7.(4P).4s,b 3P,1.0,3.0,2.845043,3d6.(3G).4s.4p.(3P*),v 5F*,2.0,5.0,5.980855,3.135812,395.38145,3480000.0,0.013593,0.040779,0.00036076
3d7.(4P).4s,b 3P,1.0,3.0,2.845043,3d5.(6S).4s2.4p,v 5P*,1.0,3.0,5.987181,3.142138,394.58542,1300000.0,0.0030345,0.0091035,8.0535e-05
3d7.(4P).4s,b 3P,1.0,3.0,2.845043,3d7.(4P).4p,x 3P*,2.0,5.0,5.989012,3.14397,394.35556,9620000.0,0.037382,0.11215,0.00099211
3d7.(4P).4s,b 3P,1.0,3.0,2.845043,3d6.(3G).4s.4p.(3P*),v 5F*,1.0,3.0,5.994711,3.149669,393.64205,2200000.0,0.0051108,0.015332,0.00013564
3d7.(4P).4s,b 3P,1.0,3.0,2.845043,3d7.(4P).4p,x 3P*,0.0,1.0,6.008288,3.163246,391.95248,42200000.0,0.032398,0.097194,0.00085984
3d7.(4P).4s,b 3P,1.0,3.0,2.845043,3d7.(4P).4p,x 3P*,1.0,3.0,6.015234,3.170192,391.09367,6990000.0,0.016029,0.048086,0.0004254
3d7.(4P).4s,b 3P,1.0,3.0,2.845043,3d6.(3F2).4s.4p.(3P*),v 3D*,1.0,3.0,6.112128,3.267085,379.49485,6130000.0,0.013235,0.039706,0.00035126
3d7.(4P).4s,b 3P,1.0,3.0,2.845043,3d7.(2P).4p,w 3P*,0.0,1.0,6.193177,3.348135,370.30827,37000000.0,0.025355,0.076066,0.00067293
3d7.(4P).4s,b 3P,1.0,3.0,2.845043,3d7.(2P).4p,w 3P*,2.0,5.0,6.222374,3.377332,367.10695,8600000.0,0.02896,0.086879,0.00076859
3d7.(4P).4s,b 3P,1.0,3.0,2.845043,3d7.(2P).4p,u 3D*,1.0,3.0,6.510715,3.665672,338.23045,2710000.0,0.0046479,0.013944,0.00012335
3d7.(4P).4s,b 3P,1.0,3.0,2.845043,3d7.(2D2).4p,t 3D*,1.0,3.0,6.553532,3.70849,334.3253,9420000.0,0.015785,0.047355,0.00041894
3d7.(4P).4s,b 3P,1.0,3.0,2.845043,3d7.(2D2).4p,v 3P*,2.0,5.0,6.560784,3.715742,333.6728,7480000.0,0.020809,0.062427,0.00055227
3d6.(5D).4s.4p.(3P*),z 7F*,4.0,9.0,2.851224,3d6.(5D).4s (6D).5s,e 7D,5.0,11.0,5.308489,2.457265,504.56172,229000.0,0.0010683,0.0096143,2.8351e-05
3d6.(5D).4s.4p.(3P*),z 7F*,4.0,9.0,2.851224,3d6.(5D).4s (6D).5s,e 7D,4.0,9.0,5.35157,2.500346,495.86813,11800000.0,0.043498,0.39149,0.0011544
3d6.(5D).4s.4p.(3P*),z 7F*,4.0,9.0,2.851224,3d6.(5D).4s (6D).5s,e 7D,3.0,7.0,5.385207,2.533983,489.28579,30800000.0,0.085979,0.77381,0.0022819
3d6.(5D).4s.4p.(3P*),z 7F*,4.0,9.0,2.851224,3d6.(5D).4s (6D).5s,e 5D,4.0,9.0,5.539243,2.688019,461.24755,66400.0,0.00021179,0.0019061,5.6208e-06
3d6.(5D).4s.4p.(3P*),z 7F*,4.0,9.0,2.851224,3d6.(5D).4s (6D).4d,f 7D,5.0,11.0,6.246065,3.39484,365.21363,772000.0,0.0018868,0.016981,5.0075e-05
3d6.(5D).4s.4p.(3P*),z 7F*,4.0,9.0,2.851224,3d6.(5D).4s (6D).4d,f 5D,4.0,9.0,6.251672,3.400448,364.61136,2910000.0,0.0057998,0.052198,0.00015393
3d6.(5D).4s.4p.(3P*),z 7F*,4.0,9.0,2.851224,3d6.(5D).4s (6D).4d,f 5D,3.0,7.0,6.265467,3.414243,363.13823,10400000.0,0.015992,0.14392,0.00042442
3d6.(5D).4s.4p.(3P*),z 7F*,4.0,9.0,2.851224,3d6.(5D).4s (6D).4d,e 7P,3.0,7.0,6.274997,3.423772,362.12745,1300000.0,0.0019878,0.017891,5.2757e-05
3d6.(5D).4s.4p.(3P*),z 7F*,4.0,9.0,2.851224,3d6.(5D).4s (6D).4d,e 5G,5.0,11.0,6.286479,3.435254,360.91707,6220000.0,0.014846,0.13362,0.00039402
3d6.(5D).4s.4p.(3P*),z 7F*,4.0,9.0,2.851224,3d6.(5D).4s (6D).4d,f 7D,4.0,9.0,6.299389,3.448165,359.56578,31400000.0,0.060862,0.54776,0.0016153
3d6.(5D).4s.4p.(3P*),z 7F*,4.0,9.0,2.851224,3d6.(5D).4s (6D).4d,e 7F,5.0,11.0,6.302543,3.451319,359.23716,780000.0,0.0018444,0.0166,4.8952e-05
3d6.(5D).4s.4p.(3P*),z 7F*,4.0,9.0,2.851224,3d6.(5D).4s (6D).4d,e 5G,4.0,9.0,6.320662,3.469438,357.36104,3310000.0,0.0063373,0.057035,0.00016819
3d6.(5D).4s.4p.(3P*),z 7F*,4.0,9.0,2.851224,3d6.(5D).4s (6D).4d,f 5F,5.0,11.0,6.335988,3.484764,355.78937,41000000.0,0.0951,0.8559,0.0025239
3d6.(5D).4s.4p.(3P*),z 7F*,4.0,9.0,2.851224,3d6.(5D).4s (6D).4d,e 7F,4.0,9.0,6.347033,3.495809,354.66528,20500000.0,0.038659,0.34793,0.001026
3d6.(5D).4s.4p.(3P*),z 7F*,4.0,9.0,2.851224,3d6.(5D).4s (6D).4d,e 7G,5.0,11.0,6.351531,3.500307,354.20951,86500000.0,0.19886,1.7897,0.0052777
3d6.(5D).4s.4p.(3P*),z 7F*,4.0,9.0,2.851224,3d6.(5D).4s (6D).4d,e 7G,4.0,9.0,6.364718,3.513494,352.8801,21700000.0,0.040511,0.3646,0.0010752
3d6.(5D).4s.4p.(3P*),z 7F*,4.0,9.0,2.851224,3d6.(5D).4s (6D).4d,e 7G,3.0,7.0,6.380291,3.529067,351.32289,2510000.0,0.0036124,0.032512,9.5874e-05
3d6.(5D).4s.4p.(3P*),z 7F*,4.0,9.0,2.851224,3d6.(5D).4s (6D).6s,g 7D,4.0,9.0,6.710613,3.859389,321.25345,3070000.0,0.00475,0.04275,0.00012606
3d7.(4P).4s,b 3P,0.0,1.0,2.858053,3d6.(5D).4s.4p.(3P*),z 3D*,1.0,3.0,3.959724,1.101671,1125.41957,113000.0,0.0064371,0.0064371,0.00017084
3d7.(4P).4s,b 3P,0.0,1.0,2.858053,3d6.(5D).4s.4p.(3P*),z 3P*,1.0,3.0,4.260453,1.402401,884.08552,383000.0,0.013464,0.013464,0.00035733
3d7.(4P).4s,b 3P,0.0,1.0,2.858053,3d7.(4F).4p,y 3D*,1.0,3.0,4.834855,1.976802,627.19573,139000.0,0.0024592,0.0024592,6.5268e-05
3d7.(4P).4s,b 3P,0.0,1.0,2.858053,3d6.(3P2).4s.4p.(3P*),w 5D*,1.0,3.0,5.506282,2.648229,468.17773,190000.0,0.0018731,0.0018731,4.9711e-05
3d7.(4P).4s,b 3P,0.0,1.0,2.858053,3d6.(3P2).4s.4p.(3P*),x 3D*,1.0,3.0,5.647699,2.789647,444.44411,10200000.0,0.090618,0.090618,0.002405
3d7.(4P).4s,b 3P,0.0,1.0,2.858053,3d7.(4P).4p,w 5P*,1.0,3.0,5.754154,2.896101,428.10728,650000.0,0.005358,0.005358,0.0001422
3d7.(4P).4s,b 3P,0.0,1.0,2.858053,3d6.(3P2).4s.4p.(3P*),z 3S*,1.0,3.0,5.777765,2.919712,424.64526,9000000.0,0.072992,0.072992,0.0019372
3d7.(4P).4s,b 3P,0.0,1.0,2.858053,3d6.(3P2).4s.4p.(3P*),y 3P*,1.0,3.0,5.815086,2.957033,419.28577,4060000.0,0.032102,0.032102,0.00085198
3d7.(4P).4s,b 3P,0.0,1.0,2.858053,3d7.(4P).4p,w 3D*,1.0,3.0,5.860984,3.002932,412.87719,14300000.0,0.10964,0.10964,0.0029098
3d7.(4P).4s,b 3P,0.0,1.0,2.858053,3d7.(4P).4p,y 3S*,1.0,3.0,5.896144,3.038091,408.09897,5830000.0,0.04367,0.04367,0.001159
3d7.(4P).4s,b 3P,0.0,1.0,2.858053,3d5.(6S).4s2.4p,v 5P*,1.0,3.0,5.987181,3.129128,396.22601,2600000.0,0.018359,0.018359,0.00048724
3d7.(4P).4s,b 3P,0.0,1.0,2.858053,3d7.(4P).4p,x 3P*,1.0,3.0,6.015234,3.157182,392.7053,16700000.0,0.11583,0.11583,0.0030742
3d7.(4P).4s,b 3P,0.0,1.0,2.858053,3d6.(3F2).4s.4p.(3P*),v 3D*,1.0,3.0,6.112128,3.254075,381.01211,1700000.0,0.0111,0.0111,0.00029458
3d7.(4P).4s,b 3P,0.0,1.0,2.858053,3d7.(2P).4p,w 3P*,1.0,3.0,6.204568,3.346515,370.48751,10200000.0,0.062969,0.062969,0.0016712
3d7.(4P).4s,b 3P,0.0,1.0,2.858053,3d7.(2D2).4p,t 3D*,1.0,3.0,6.553532,3.69548,335.50231,13400000.0,0.067839,0.067839,0.0018004
3d6.(5D).4s.4p.(3P*),z 7F*,3.0,7.0,2.865391,3d6.(5D).4s (6D).5s,e 7D,4.0,9.0,5.35157,2.486179,498.69375,1390000.0,0.0066633,0.046643,0.00017684
3d6.(5D).4s.4p.(3P*),z 7F*,3.0,7.0,2.865391,3d6.(5D).4s (6D).5s,e 7D,3.0,7.0,5.385207,2.519816,492.03668,17900000.0,0.064969,0.45478,0.0017243
3d6.(5D).4s.4p.(3P*),z 7F*,3.0,7.0,2.865391,3d6.(5D).4s (6D).5s,e 7D,2.0,5.0,5.409869,2.544477,487.26784,24400000.0,0.062038,0.43427,0.0016465
3d6.(5D).4s.4p.(3P*),z 7F*,3.0,7.0,2.865391,3d6.(5D).4s (6D).5s,e 5D,4.0,9.0,5.539243,2.673852,463.69141,10000.0,4.1444e-05,0.00029011,1.0999e-06
3d6.(5D).4s.4p.(3P*),z 7F*,3.0,7.0,2.865391,3d6.(5D).4s (6D).5s,e 5D,3.0,7.0,5.586893,2.721502,455.57277,47000.0,0.00014624,0.0010237,3.8813e-06
3d6.(5D).4s.4p.(3P*),z 7F*,3.0,7.0,2.865391,3d6.(5D).4s (6D).4d,e 7P,2.0,5.0,6.306001,3.44061,360.35532,21200000.0,0.02948,0.20636,0.0007824
3d6.(5D).4s.4p.(3P*),z 7F*,3.0,7.0,2.865391,3d6.(5D).4s (6D).4d,f 7D,3.0,7.0,6.306061,3.44067,360.34897,10200000.0,0.019857,0.139,0.000527
3d6.(5D).4s.4p.(3P*),z 7F*,3.0,7.0,2.865391,3d6.(5D).4s (6D).4d,e 5G,4.0,9.0,6.320662,3.455271,358.82627,7730000.0,0.019185,0.13429,0.00050916
3d6.(5D).4s.4p.(3P*),z 7F*,3.0,7.0,2.865391,3d6.(5D).4s (6D).4d,f 7D,2.0,5.0,6.323026,3.457635,358.58095,15600000.0,0.02148,0.15036,0.00057007
3d6.(5D).4s.4p.(3P*),z 7F*,3.0,7.0,2.865391,3d6.(5D).4s (6D).4d,e 5G,3.0,7.0,6.350349,3.484957,355.76964,3150000.0,0.0059773,0.041841,0.00015864
3d6.(5D).4s.4p.(3P*),z 7F*,3.0,7.0,2.865391,3d6.(5D).4s (6D).4d,e 7G,4.0,9.0,6.364718,3.499327,354.30874,95100000.0,0.23012,1.6108,0.0061073
3d6.(5D).4s.4p.(3P*),z 7F*,3.0,7.0,2.865391,3d6.(5D).4s (4D).5s,g 5D,4.0,9.0,6.36665,3.501258,354.11325,9480000.0,0.022914,0.1604,0.00060813
3d6.(5D).4s.4p.(3P*),z 7F*,3.0,7.0,2.865391,3d6.(5D).4s (6D).4d,e 7G,3.0,7.0,6.380291,3.5149,352.73892,41300000.0,0.07704,0.53928,0.0020446
3d6.(5D).4s.4p.(3P*),z 7F*,3.0,7.0,2.865391,3d6.(5D).4s (6D).4d,f 5F,4.0,9.0,6.380434,3.515043,352.72459,17000000.0,0.040768,0.28538,0.001082
3d6.(5D).4s.4p.(3P*),z 7F*,3.0,7.0,2.865391,3d6.(5D).4s (6D).4d,e 7G,2.0,5.0,6.390111,3.52472,351.7562,6820000.0,0.0090365,0.063255,0.00023983
3d6.(5D).4s.4p.(3P*),z 7F*,2.0,5.0,2.875504,3d6.(5D).4s (6D).5s,e 7D,3.0,7.0,5.385207,2.509704,494.01923,3270000.0,0.01675,0.083752,0.00044455
3d6.(5D).4s.4p.(3P*),z 7F*,2.0,5.0,2.875504,3d6.(5D).4s (6D).5s,e 7D,2.0,5.0,5.409869,2.534365,489.21207,22500000.0,0.08073,0.40365,0.0021426
3d6.(5D).4s.4p.(3P*),z 7F*,2.0,5.0,2.875504,3d6.(5D).4s (6D).5s,e 7D,1.0,3.0,5.426042,2.550538,486.1099,16200000.0,0.034435,0.17217,0.00091389
3d6.(5D).4s.4p.(3P*),z 7F*,2.0,5.0,2.875504,3d6.(5D).4s (6D).5s,e 5D,3.0,7.0,5.586893,2.711389,457.27185,28000.0,0.00012288,0.00061442,3.2613e-06
3d6.(5D).4s.4p.(3P*),z 7F*,2.0,5.0,2.875504,3d6.(5D).4s (6D).5s,e 5D,2.0,5.0,5.620684,2.745181,451.64313,44000.0,0.00013456,0.00067278,3.5711e-06
3d6.(5D).4s.4p.(3P*),z 7F*,2.0,5.0,2.875504,3d6.(5D).4s (6D).4d,e 7P,2.0,5.0,6.306001,3.430497,361.41756,3390000.0,0.0066386,0.033193,0.00017619
3d6.(5D).4s.4p.(3P*),z 7F*,2.0,5.0,2.875504,3d6.(5D).4s (6D).4d,f 5D,1.0,3.0,6.308329,3.432825,361.17248,10500000.0,0.012321,0.061603,0.00032699
3d6.(5D).4s.4p.(3P*),z 7F*,2.0,5.0,2.875504,3d6.(5D).4s (6D).4d,f 7D,2.0,5.0,6.323026,3.447523,359.63274,8210000.0,0.015919,0.079596,0.0004225
3d6.(5D).4s.4p.(3P*),z 7F*,2.0,5.0,2.875504,3d6.(5D).4s (6D).4d,f 7D,1.0,3.0,6.329159,3.453655,358.99415,21500000.0,0.024924,0.12462,0.00066149
3d6.(5D).4s.4p.(3P*),z 7F*,2.0,5.0,2.875504,3d6.(5D).4s (6D).4d,e 7F,1.0,3.0,6.348983,3.473479,356.94529,5320000.0,0.0060971,0.030486,0.00016182
3d6.(5D).4s.4p.(3P*),z 7F*,2.0,5.0,2.875504,3d6.(5D).4s (6D).4d,e 5G,3.0,7.0,6.350349,3.474845,356.80498,8340000.0,0.022285,0.11143,0.00059145
3d6.(5D).4s.4p.(3P*),z 7F*,2.0,5.0,2.875504,3d6.(5D).4s (6D).4d,e 7F,2.0,5.0,6.364239,3.488736,355.38431,17400000.0,0.032946,0.16473,0.00087439
3d6.(5D).4s.4p.(3P*),z 7F*,2.0,5.0,2.875504,3d6.(5D).4s (6D).4d,e 7G,3.0,7.0,6.380291,3.504788,353.75667,99500000.0,0.26135,1.3067,0.0069362
3d6.(5D).4s.4p.(3P*),z 7F*,2.0,5.0,2.875504,3d6.(5D).4s (6D).4d,e 7G,2.0,5.0,6.390111,3.514607,352.76828,52600000.0,0.098135,0.49068,0.0026045
3d6.(5D).4s.4p.(3P*),z 7F*,2.0,5.0,2.875504,3d6.(5D).4s (6D).4d,e 7G,1.0,3.0,6.393469,3.517965,352.43158,10600000.0,0.011843,0.059216,0.00031432
3d6.(5D).4s.4p.(3P*),z 7F*,2.0,5.0,2.875504,3d6.(5D).4s (6D).4d,e 7S,3.0,7.0,6.393877,3.518374,352.39065,3510000.0,0.0091484,0.045742,0.0002428
3d6.(5D).4s.4p.(3P*),z 7F*,2.0,5.0,2.875504,3d6.(5D).4s (6D).4d,f 5F,3.0,7.0,6.398093,3.52259,351.96888,2350000.0,0.0061103,0.030552,0.00016217
3d6.(5D).4s.4p.(3P*),z 7F*,1.0,3.0,2.881993,3d6.(5D).4s (6D).5s,e 7D,2.0,5.0,5.409869,2.527876,490.46788,6580000.0,0.039551,0.11865,0.0010497
3d6.(5D).4s.4p.(3P*),z 7F*,1.0,3.0,2.881993,3d6.(5D).4s (6D).5s,e 7D,1.0,3.0,5.426042,2.544049,487.34981,25400000.0,0.090443,0.27133,0.0024004
3d6.(5D).4s.4p.(3P*),z 7F*,1.0,3.0,2.881993,3d6.(5D).4s (6D).5s,e 5D,2.0,5.0,5.620684,2.738692,452.71326,47000.0,0.00024069,0.00072206,6.3878e-06
3d6.(5D).4s.4p.(3P*),z 7F*,1.0,3.0,2.881993,3d6.(5D).4s (6D).4d,f 7D,2.0,5.0,6.323026,3.441034,360.31093,3200000.0,0.01038,0.031141,0.0002755
3d6.(5D).4s.4p.(3P*),z 7F*,1.0,3.0,2.881993,3d6.(5D).4s (6D).4d,e 7F,1.0,3.0,6.348983,3.46699,357.61337,16000000.0,0.030677,0.09203,0.00081416
3d6.(5D).4s.4p.(3P*),z 7F*,1.0,3.0,2.881993,3d6.(5D).4s (6D).4d,e 5G,2.0,5.0,6.369086,3.487094,355.55167,9870000.0,0.031177,0.09353,0.00082743
3d6.(5D).4s.4p.(3P*),z 7F*,1.0,3.0,2.881993,3d6.(5D).4s (6D).4d,e 7G,2.0,5.0,6.390111,3.508118,353.42081,82500000.0,0.25748,0.77245,0.0068336
3d6.(5D).4s.4p.(3P*),z 7F*,1.0,3.0,2.881993,3d6.(5D).4s (6D).4d,e 7G,1.0,3.0,6.393469,3.511476,353.08286,77500000.0,0.14485,0.43455,0.0038443
3d6.(5D).4s.4p.(3P*),z 7F*,0.0,1.0,2.88516,3d6.(5D).4s (6D).5s,e 7D,1.0,3.0,5.426042,2.540882,487.95731,12100000.0,0.12958,0.12958,0.003439
3d6.(5D).4s.4p.(3P*),z 7F*,0.0,1.0,2.88516,3d6.(5D).4s (6D).4d,e 7F,1.0,3.0,6.348983,3.463823,357.94037,7820000.0,0.045062,0.045062,0.0011959
3d6.(5D).4s.4p.(3P*),z 7F*,0.0,1.0,2.88516,3d6.(5D).4s (6D).4d,e 7G,1.0,3.0,6.393469,3.508309,353.40162,85200000.0,0.47858,0.47858,0.012702
3d6.(5D).4s.4p.(3P*),z 7P*,4.0,9.0,2.939846,3d6.(5D).4s (6D).5s,e 7D,5.0,11.0,5.308489,2.368644,523.43966,19400000.0,0.097397,0.87657,0.0025849
3d6.(5D).4s.4p.(3P*),z 7P*,4.0,9.0,2.939846,3d6.(5D).4s (6D).5s,e 7D,4.0,9.0,5.35157,2.411725,514.08939,8690000.0,0.034432,0.30988,0.00091381
3d6.(5D).4s.4p.(3P*),z 7P*,4.0,9.0,2.939846,3d6.(5D).4s (6D).5s,e 7D,3.0,7.0,5.385207,2.445362,507.01786,3370000.0,0.010102,0.090915,0.0002681
3d6.(5D).4s.4p.(3P*),z 7P*,4.0,9.0,2.939846,3d6.(5D).4s (6D).5s,e 5D,4.0,9.0,5.539243,2.599397,476.97294,113000.0,0.00038541,0.0034687,1.0229e-05
3d6.(5D).4s.4p.(3P*),z 7P*,4.0,9.0,2.939846,3d6.(5D).4s (6D).5s,e 5D,3.0,7.0,5.586893,2.647047,468.38686,37000.0,9.4651e-05,0.00085186,2.512e-06
3d6.(5D).4s.4p.(3P*),z 7P*,4.0,9.0,2.939846,3d6.(5D).4s (6D).4d,f 7D,5.0,11.0,6.246065,3.306219,375.00302,14800000.0,0.038137,0.34323,0.0010121
3d6.(5D).4s.4p.(3P*),z 7P*,4.0,9.0,2.939846,3d6.(5D).4s (6D).4d,f 5D,4.0,9.0,6.251672,3.311826,374.36805,6750000.0,0.014183,0.12764,0.00037641
3d6.(5D).4s.4p.(3P*),z 7P*,4.0,9.0,2.939846,3d6.(5D).4s (6D).4d,e 7P,4.0,9.0,6.258138,3.318292,373.63857,27000000.0,0.05651,0.50859,0.0014998
3d6.(5D).4s.4p.(3P*),z 7P*,4.0,9.0,2.939846,3d6.(5D).4s (6D).4d,f 5D,3.0,7.0,6.265467,3.325621,372.8152,17100000.0,0.027714,0.24943,0.00073553
3d6.(5D).4s.4p.(3P*),z 7P*,4.0,9.0,2.939846,3d6.(5D).4s (6D).4d,e 7P,3.0,7.0,6.274997,3.335151,371.74991,34900000.0,0.05624,0.50616,0.0014926
3d6.(5D).4s.4p.(3P*),z 7P*,4.0,9.0,2.939846,3d6.(5D).4s (6D).4d,e 5G,5.0,11.0,6.286479,3.346633,370.47446,6310000.0,0.015869,0.14282,0.00042117
3d6.(5D).4s.4p.(3P*),z 7P*,4.0,9.0,2.939846,3d6.(5D).4s (6D).4d,f 7D,4.0,9.0,6.299389,3.359543,369.0508,37000000.0,0.07555,0.67995,0.0020051
3d6.(5D).4s.4p.(3P*),z 7P*,4.0,9.0,2.939846,3d6.(5D).4s (6D).4d,e 7F,5.0,11.0,6.302543,3.362697,368.70462,33400000.0,0.083198,0.74878,0.0022081
3d6.(5D).4s.4p.(3P*),z 7P*,4.0,9.0,2.939846,3d6.(5D).4s (6D).4d,e 7F,4.0,9.0,6.347033,3.407187,363.8902,5900000.0,0.011713,0.10541,0.00031085
3d6.(5D).4s.4p.(3P*),z 7P*,4.0,9.0,2.939846,3d6.(5D).4s (6D).4d,e 5G,3.0,7.0,6.350349,3.410503,363.53644,10500000.0,0.016181,0.14563,0.00042944
3d6.(5D).4s.4p.(3P*),z 7P*,4.0,9.0,2.939846,3d6.(5D).4s (6D).4d,e 7G,5.0,11.0,6.351531,3.411685,363.41043,3540000.0,0.0085666,0.077099,0.00022736
3d6.(5D).4s.4p.(3P*),z 7P*,4.0,9.0,2.939846,3d6.(5D).4s (6D).4d,e 7S,3.0,7.0,6.393877,3.454031,358.95505,7210000.0,0.010833,0.097493,0.0002875
3d6.(5D).4s.4p.(3P*),z 7P*,4.0,9.0,2.939846,3d6.(5D).4s (6D).6s,g 7D,5.0,11.0,6.670456,3.730611,332.34292,8210000.0,0.016616,0.14954,0.00044099
3d6.4s2,b 3G,5.0,11.0,2.948793,3d6.(5D).4s.4p.(3P*),z 3F*,4.0,9.0,3.881604,0.932811,1329.14634,4000.0,8.6679e-05,0.00095347,2.3005e-06
3d6.4s2,b 3G,5.0,11.0,2.948793,3d7.(4F).4p,z 5G*,5.0,11.0,4.312471,1.363678,909.18993,155000.0,0.0019209,0.02113,5.098e-05
3d6.4s2,b 3G,5.0,11.0,2.948793,3d7.(4F).4p,z 5G*,4.0,9.0,4.371351,1.422558,871.55805,33300.0,0.00031027,0.003413,8.2347e-06
3d6.4s2,b 3G,5.0,11.0,2.948793,3d7.(4F).4p,z 3G*,5.0,11.0,4.386463,1.43767,862.3969,38900.0,0.00043373,0.0047711,1.1511e-05
3d6.4s2,b 3G,5.0,11.0,2.948793,3d7.(4F).4p,y 3F*,4.0,9.0,4.548506,1.599713,775.04018,219000.0,0.0016136,0.01775,4.2826e-05
3d6.4s2,b 3G,5.0,11.0,2.948793,3d6.(3H).4s.4p.(3P*),y 3G*,5.0,11.0,5.615845,2.667052,464.87353,1250000.0,0.0040499,0.044548,0.00010748
3d6.4s2,b 3G,5.0,11.0,2.948793,3d6.(3H).4s.4p.(3P*),y 3G*,4.0,9.0,5.632404,2.683611,462.00509,136000.0,0.00035608,0.0039168,9.4502e-06
3d6.4s2,b 3G,5.0,11.0,2.948793,3d7.(4P).4p,u 5D*,4.0,9.0,5.792646,2.843853,435.97257,809000.0,0.0018862,0.020748,5.0058e-05
3d6.4s2,b 3G,5.0,11.0,2.948793,3d6.(3F2).4s.4p.(3P*),x 3F*,4.0,9.0,5.813513,2.86472,432.79695,463000.0,0.0010638,0.011702,2.8233e-05
3d6.4s2,b 3G,5.0,11.0,2.948793,3d6.(3H).4s.4p.(3P*),z 3H*,6.0,13.0,5.825065,2.876272,431.05862,1780000.0,0.0058601,0.064461,0.00015553
3d6.4s2,b 3G,5.0,11.0,2.948793,3d6.(3H).4s.4p.(3P*),z 3H*,5.0,11.0,5.828295,2.879502,430.5751,306000.0,0.00085051,0.0093556,2.2573e-05
3d6.4s2,b 3G,5.0,11.0,2.948793,3d6.(3H).4s.4p.(3P*),z 3H*,4.0,9.0,5.84046,2.891667,428.76379,170000.0,0.00038335,0.0042168,1.0174e-05
3d6.4s2,b 3G,5.0,11.0,2.948793,3d6.(3G).4s.4p.(3P*),w 5G*,6.0,13.0,5.87231,2.923517,424.09258,846000.0,0.0026959,0.029655,7.1549e-05
3d6.4s2,b 3G,5.0,11.0,2.948793,3d6.(3G).4s.4p.(3P*),v 5F*,5.0,11.0,5.902406,2.953613,419.77131,300000.0,0.00079251,0.0087176,2.1033e-05
3d6.4s2,b 3G,5.0,11.0,2.948793,3d6.(3F2).4s.4p.(3P*),x 3G*,5.0,11.0,5.930728,2.981935,415.78432,527000.0,0.0013659,0.015024,3.625e-05
3d6.4s2,b 3G,5.0,11.0,2.948793,3d6.(3G).4s.4p.(3P*),y 5H*,5.0,11.0,5.979917,3.031124,409.03709,345000.0,0.00086537,0.0095191,2.2967e-05
3d6.4s2,b 3G,5.0,11.0,2.948793,3d7.(2G).4p,y 3H*,6.0,13.0,6.129055,3.180262,389.85528,1780000.0,0.0047933,0.052727,0.00012721
3d6.4s2,b 3G,5.0,11.0,2.948793,3d7.(2G).4p,v 3G*,5.0,11.0,6.13237,3.183577,389.4493,10000000.0,0.022738,0.25012,0.00060348
3d6.4s2,b 3G,5.0,11.0,2.948793,3d7.(2G).4p,y 3H*,5.0,11.0,6.150165,3.201372,387.28455,5830000.0,0.01311,0.14421,0.00034793
3d6.4s2,b 3G,5.0,11.0,2.948793,3d7.(2G).4p,y 3H*,4.0,9.0,6.165361,3.216568,385.45492,580000.0,0.001057,0.011627,2.8053e-05
3d6.4s2,b 3G,5.0,11.0,2.948793,3d6.(3G).4s.4p.(3P*),x 3H*,6.0,13.0,6.326066,3.377273,367.11335,7200000.0,0.017193,0.18912,0.00045629
3d6.4s2,b 3G,5.0,11.0,2.948793,3d7.(2D2).4p,v 3F*,4.0,9.0,6.36096,3.412167,363.35909,5690000.0,0.009215,0.10136,0.00024457
3d6.4s2,b 3G,5.0,11.0,2.948793,3d6.(3H).4s.4p.(3P*),1H*,5.0,11.0,6.401326,3.452533,359.1108,923000.0,0.0017845,0.01963,4.7361e-05
3d6.4s2,b 3G,5.0,11.0,2.948793,3d7.(2H).4p,u 3G*,4.0,9.0,6.406039,3.457246,358.62131,3190000.0,0.0050324,0.055356,0.00013356
3d6.4s2,b 3G,5.0,11.0,2.948793,3d7.(2H).4p,w 3H*,6.0,13.0,6.500671,3.551878,349.0666,7470000.0,0.016127,0.17739,0.000428
3d6.4s2,b 3G,5.0,11.0,2.948793,3d6.(3G).4s.4p.(3P*),t 3G*,5.0,11.0,6.693075,3.744282,331.1294,3780000.0,0.0062137,0.06835,0.00016491
3d6.4s2,b 3G,5.0,11.0,2.948793,3d7.(2H).4p,1H*,5.0,11.0,6.931607,3.982814,311.29801,5240000.0,0.0076128,0.083741,0.00020204
3d6.4s2,b 3G,5.0,11.0,2.948793,3d6.(3D).4s.4p.(3P*),t 3F*,4.0,9.0,7.135292,4.186499,296.15246,8480000.0,0.009123,0.10035,0.00024212
3d6.4s2,b 3G,4.0,9.0,2.990352,3d7.(4F).4p,z 5G*,4.0,9.0,4.371351,1.380999,897.78655,55900.0,0.00067549,0.0060794,1.7927e-05
3d6.4s2,b 3G,4.0,9.0,2.990352,3d7.(4F).4p,z 3G*,4.0,9.0,4.434613,1.44426,858.46158,74000.0,0.00081759,0.0073583,2.1699e-05
3d6.4s2,b 3G,4.0,9.0,2.990352,3d7.(4F).4p,y 3F*,3.0,7.0,4.607593,1.617241,766.64029,337000.0,0.0023096,0.020786,6.1296e-05
3d6.4s2,b 3G,4.0,9.0,2.990352,3d7.(4F).4p,y 3D*,3.0,7.0,4.733141,1.742788,711.41283,19300.0,0.0001139,0.0010251,3.0229e-06
3d6.4s2,b 3G,4.0,9.0,2.990352,3d6.(3F2).4s.4p.(3P*),v 5D*,4.0,9.0,5.458097,2.467745,502.419,187000.0,0.00070767,0.0063691,1.8782e-05
3d6.4s2,b 3G,4.0,9.0,2.990352,3d6.(3H).4s.4p.(3P*),y 3G*,5.0,11.0,5.615845,2.625493,472.23211,43000.0,0.00017571,0.0015814,4.6633e-06
3d6.4s2,b 3G,4.0,9.0,2.990352,3d6.(3H).4s.4p.(3P*),y 3G*,4.0,9.0,5.632404,2.642052,469.27244,1010000.0,0.0033345,0.030011,8.8498e-05
3d6.4s2,b 3G,4.0,9.0,2.990352,3d6.(3H).4s.4p.(3P*),y 3G*,3.0,7.0,5.649089,2.658736,466.32754,138000.0,0.00034993,0.0031493,9.287e-06
3d6.4s2,b 3G,4.0,9.0,2.990352,3d6.(3F2).4s.4p.(3P*),x 5G*,4.0,9.0,5.682595,2.692243,460.52381,58000.0,0.00018441,0.0016597,4.8943e-06
3d6.4s2,b 3G,4.0,9.0,2.990352,3d7.(4P).4p,u 5D*,4.0,9.0,5.792646,2.802294,442.43827,130000.0,0.00038151,0.0034336,1.0125e-05
3d6.4s2,b 3G,4.0,9.0,2.990352,3d6.(3F2).4s.4p.(3P*),x 3F*,4.0,9.0,5.813513,2.82316,439.16812,140000.0,0.00040481,0.0036433,1.0744e-05
3d6.4s2,b 3G,4.0,9.0,2.990352,3d6.(3H).4s.4p.(3P*),z 3H*,5.0,11.0,5.828295,2.837943,436.88055,1560000.0,0.0054558,0.049102,0.0001448
3d6.4s2,b 3G,4.0,9.0,2.990352,3d7.(4P).4p,w 3D*,3.0,7.0,5.829388,2.839036,436.71233,281000.0,0.0006249,0.0056241,1.6585e-05
3d6.4s2,b 3G,4.0,9.0,2.990352,3d6.(3F2).4s.4p.(3P*),x 3F*,3.0,7.0,5.838752,2.8484,435.27669,939000.0,0.0020745,0.01867,5.5057e-05
3d6.4s2,b 3G,4.0,9.0,2.990352,3d6.(3H).4s.4p.(3P*),z 3H*,4.0,9.0,5.84046,2.850107,435.01591,282000.0,0.00080005,0.0072005,2.1233e-05
3d6.4s2,b 3G,4.0,9.0,2.990352,3d6.(3G).4s.4p.(3P*),w 5G*,5.0,11.0,5.879359,2.889007,429.1586,629000.0,0.0021227,0.019105,5.6337e-05
3d6.4s2,b 3G,4.0,9.0,2.990352,3d7.(2G).4p,z 1G*,4.0,9.0,5.883387,2.893035,428.56106,110000.0,0.00030288,0.002726,8.0386e-06
3d6.4s2,b 3G,4.0,9.0,2.990352,3d6.(3G).4s.4p.(3P*),w 5G*,4.0,9.0,5.900414,2.910062,426.05353,41900.0,0.00011403,0.0010262,3.0262e-06
3d6.4s2,b 3G,4.0,9.0,2.990352,3d6.(3F2).4s.4p.(3P*),x 3G*,4.0,9.0,5.927947,2.937595,422.06026,529000.0,0.0014127,0.012715,3.7494e-05
3d6.4s2,b 3G,4.0,9.0,2.990352,3d6.(3F2).4s.4p.(3P*),x 3G*,5.0,11.0,5.930728,2.940376,421.66105,598000.0,0.0019482,0.017534,5.1706e-05
3d6.4s2,b 3G,4.0,9.0,2.990352,3d6.(3G).4s.4p.(3P*),y 5H*,5.0,11.0,5.979917,2.989564,414.72332,378000.0,0.0011913,0.010722,3.1617e-05
3d6.4s2,b 3G,4.0,9.0,2.990352,3d6.(3G).4s.4p.(3P*),y 5H*,4.0,9.0,5.996109,3.005757,412.48913,604000.0,0.0015407,0.013866,4.0891e-05
3d6.4s2,b 3G,4.0,9.0,2.990352,3d7.(2G).4p,z 1H*,5.0,11.0,5.998678,3.008326,412.13687,1930000.0,0.0060069,0.054062,0.00015942
3d6.4s2,b 3G,4.0,9.0,2.990352,3d6.(3H).4s.4p.(3P*),y 1G*,4.0,9.0,6.038345,3.047992,406.77333,1170000.0,0.0029024,0.026121,7.7028e-05
3d6.4s2,b 3G,4.0,9.0,2.990352,3d7.(2G).4p,w 3F*,4.0,9.0,6.088727,3.098375,400.15883,1010000.0,0.0024246,0.021822,6.435e-05
3d6.4s2,b 3G,4.0,9.0,2.990352,3d7.(2G).4p,v 3G*,5.0,11.0,6.13237,3.142018,394.60055,1400000.0,0.0039944,0.03595,0.00010601
3d6.4s2,b 3G,4.0,9.0,2.990352,3d6.(3F2).4s.4p.(3P*),1F*,3.0,7.0,6.134382,3.144029,394.34808,517000.0,0.00093749,0.0084374,2.4881e-05
3d6.4s2,b 3G,4.0,9.0,2.990352,3d7.(2G).4p,v 3G*,4.0,9.0,6.153073,3.162721,392.0175,3720000.0,0.0085706,0.077136,0.00022746
3d6.4s2,b 3G,4.0,9.0,2.990352,3d7.(2G).4p,y 3H*,4.0,9.0,6.165361,3.175009,390.50036,7610000.0,0.017398,0.15658,0.00046173
3d6.4s2,b 3G,4.0,9.0,2.990352,3d7.(2G).4p,v 3G*,3.0,7.0,6.180685,3.190333,388.62463,836000.0,0.0014723,0.01325,3.9074e-05
3d6.4s2,b 3G,4.0,9.0,2.990352,3d7.(2G).4p,z 1F*,3.0,7.0,6.271974,3.281621,377.81388,943000.0,0.0015696,0.014126,4.1657e-05
3d6.4s2,b 3G,4.0,9.0,2.990352,3d7.(2D2).4p,v 3F*,3.0,7.0,6.368487,3.378134,367.01972,8030000.0,0.012613,0.11351,0.00033474
3d6.4s2,b 3G,4.0,9.0,2.990352,3d6.(3G).4s.4p.(3P*),x 3H*,4.0,9.0,6.373919,3.383567,366.4305,1110000.0,0.0022344,0.02011,5.9302e-05
3d6.4s2,b 3G,4.0,9.0,2.990352,3d6.(3H).4s.4p.(3P*),1H*,5.0,11.0,6.401326,3.410974,363.48622,1580000.0,0.0038251,0.034426,0.00010152
3d6.4s2,b 3G,4.0,9.0,2.990352,3d7.(2H).4p,u 3G*,4.0,9.0,6.406039,3.415686,362.98475,350000.0,0.00069136,0.0062222,1.8349e-05
3d6.4s2,b 3G,4.0,9.0,2.990352,3d7.(2P).4p,u 3D*,3.0,7.0,6.443347,3.452995,359.06279,928000.0,0.0013951,0.012556,3.7026e-05
3d6.4s2,b 3G,4.0,9.0,2.990352,3d7.(2H).4p,w 3H*,5.0,11.0,6.523192,3.532839,350.94774,6460000.0,0.014579,0.13121,0.00038693
3d6.4s2,b 3G,4.0,9.0,2.990352,3d6.(3G).4s.4p.(3P*),t 3G*,4.0,9.0,6.724582,3.73423,332.02079,3730000.0,0.0061645,0.055481,0.00016361
3d6.4s2,b 3G,4.0,9.0,2.990352,3d6.(3G).4s.4p.(3P*),w 1G*,4.0,9.0,6.79568,3.805328,325.81741,4760000.0,0.0075756,0.06818,0.00020106
3d6.4s2,b 3G,4.0,9.0,2.990352,3d6.(1G2).4s.4p.(3P*),s 3G*,4.0,9.0,6.931403,3.941051,314.59681,4650000.0,0.0068996,0.062096,0.00018311
3d6.4s2,b 3G,4.0,9.0,2.990352,3d6.(1G2).4s.4p.(3P*),u 3F*,3.0,7.0,7.040235,4.049882,306.14273,6750000.0,0.0073768,0.066391,0.00019578
3d6.4s2,b 3G,4.0,9.0,2.990352,3d6.(3D).4s.4p.(3P*),t 3F*,3.0,7.0,7.146573,4.156221,298.30994,3470000.0,0.0036006,0.032406,9.5561e-05
3d6.(5D).4s.4p.(3P*),z 7P*,3.0,7.0,2.998045,3d6.(5D).4s (6D).5s,e 7D,4.0,9.0,5.35157,2.353526,526.802,11000000.0,0.058843,0.4119,0.0015617
3d6.(5D).4s.4p.(3P*),z 7P*,3.0,7.0,2.998045,3d6.(5D).4s (6D).5s,e 7D,3.0,7.0,5.385207,2.387163,519.37894,13400000.0,0.054192,0.37934,0.0014382
3d6.(5D).4s.4p.(3P*),z 7P*,3.0,7.0,2.998045,3d6.(5D).4s (6D).5s,e 7D,2.0,5.0,5.409869,2.411824,514.06822,9160000.0,0.025922,0.18145,0.00068797
3d6.(5D).4s.4p.(3P*),z 7P*,3.0,7.0,2.998045,3d6.(5D).4s (6D).5s,e 5D,4.0,9.0,5.539243,2.541198,487.89665,26000.0,0.0001193,0.00083509,3.1662e-06
3d6.(5D).4s.4p.(3P*),z 7P*,3.0,7.0,2.998045,3d6.(5D).4s (6D).5s,e 5D,3.0,7.0,5.586893,2.588848,478.91649,105000.0,0.00036105,0.0025274,9.5823e-06
3d6.(5D).4s.4p.(3P*),z 7P*,3.0,7.0,2.998045,3d6.(5D).4s (6D).5s,e 5D,2.0,5.0,5.620684,2.622639,472.74589,39000.0,9.3337e-05,0.00065336,2.4772e-06
3d6.(5D).4s.4p.(3P*),z 7P*,3.0,7.0,2.998045,3d6.(5D).4s (6D).4d,f 5D,4.0,9.0,6.251672,3.253627,381.06452,1430000.0,0.0040026,0.028018,0.00010623
3d6.(5D).4s.4p.(3P*),z 7P*,3.0,7.0,2.998045,3d6.(5D).4s (6D).4d,f 5D,3.0,7.0,6.265467,3.267422,379.45573,7920000.0,0.017096,0.11968,0.00045374
3d6.(5D).4s.4p.(3P*),z 7P*,3.0,7.0,2.998045,3d6.(5D).4s (6D).4d,e 7P,3.0,7.0,6.274997,3.276952,378.35221,1180000.0,0.0025324,0.017727,6.721e-05
3d6.(5D).4s.4p.(3P*),z 7P*,3.0,7.0,2.998045,3d6.(5D).4s (6D).4d,f 7D,4.0,9.0,6.299389,3.301344,375.55674,2420000.0,0.0065792,0.046054,0.00017461
3d6.(5D).4s.4p.(3P*),z 7P*,3.0,7.0,2.998045,3d6.(5D).4s (6D).4d,f 7D,3.0,7.0,6.306061,3.308017,374.79919,23300000.0,0.04907,0.34349,0.0013023
3d6.(5D).4s.4p.(3P*),z 7P*,3.0,7.0,2.998045,3d6.(5D).4s (6D).4d,e 5G,4.0,9.0,6.320662,3.322617,373.15219,3090000.0,0.0082934,0.058054,0.00022011
3d6.(5D).4s.4p.(3P*),z 7P*,3.0,7.0,2.998045,3d6.(5D).4s (6D).4d,f 7D,2.0,5.0,6.323026,3.324981,372.8869,19100000.0,0.028439,0.19908,0.00075478
3d6.(5D).4s.4p.(3P*),z 7P*,3.0,7.0,2.998045,3d6.(5D).4s (6D).4d,e 7F,4.0,9.0,6.347033,3.348988,370.21391,63500000.0,0.16776,1.1743,0.0044523
3d6.(5D).4s.4p.(3P*),z 7P*,3.0,7.0,2.998045,3d6.(5D).4s (6D).4d,e 5G,3.0,7.0,6.350349,3.352304,369.84775,19400000.0,0.039784,0.27849,0.0010559
3d6.(5D).4s.4p.(3P*),z 7P*,3.0,7.0,2.998045,3d6.(5D).4s (6D).4d,e 7F,2.0,5.0,6.364239,3.366195,368.32155,10400000.0,0.015108,0.10576,0.00040098
3d6.(5D).4s.4p.(3P*),z 7P*,3.0,7.0,2.998045,3d6.(5D).4s (6D).4d,e 7G,4.0,9.0,6.364718,3.366673,368.2692,1670000.0,0.0043657,0.03056,0.00011586
3d6.(5D).4s.4p.(3P*),z 7P*,3.0,7.0,2.998045,3d6.(5D).4s (6D).4d,e 5G,2.0,5.0,6.369086,3.371041,367.79197,2500000.0,0.0036214,0.02535,9.6112e-05
3d6.(5D).4s.4p.(3P*),z 7P*,3.0,7.0,2.998045,3d6.(5D).4s (6D).4d,e 7G,3.0,7.0,6.380291,3.382246,366.57354,880000.0,0.0017728,0.01241,4.7051e-05
3d6.(5D).4s.4p.(3P*),z 7P*,3.0,7.0,2.998045,3d6.(5D).4s (6D).4d,f 5F,4.0,9.0,6.380434,3.382389,366.55806,4680000.0,0.012121,0.084846,0.00032169
3d6.(5D).4s.4p.(3P*),z 7P*,3.0,7.0,2.998045,3d6.(5D).4s (6D).4d,e 7S,3.0,7.0,6.393877,3.395832,365.10695,22600000.0,0.045166,0.31616,0.0011987
3d6.(5D).4s.4p.(3P*),z 7P*,3.0,7.0,2.998045,3d6.(5D).4s (6D).4d,e 5P,3.0,7.0,6.426998,3.428954,361.58027,2670000.0,0.0052334,0.036633,0.00013889
3d7.(2P).4s,c 3P,2.0,5.0,3.01725,3d6.(5D).4s.4p.(3P*),z 3D*,3.0,7.0,3.883509,0.866259,1431.26076,9990.0,0.00042953,0.0021476,1.14e-05
3d7.(2P).4s,c 3P,2.0,5.0,3.01725,3d7.(4F).4p,y 3D*,3.0,7.0,4.733141,1.71589,722.56481,113000.0,0.0012383,0.0061914,3.2864e-05
3d7.(2P).4s,c 3P,2.0,5.0,3.01725,3d6.(3P2).4s.4p.(3P*),w 5D*,3.0,7.0,5.445717,2.428466,510.54526,57000.0,0.00031184,0.0015592,8.2762e-06
3d7.(2P).4s,c 3P,2.0,5.0,3.01725,3d6.(3P2).4s.4p.(3P*),w 5D*,2.0,5.0,5.478072,2.460821,503.8326,47000.0,0.00017887,0.00089433,4.7471e-06
3d7.(2P).4s,c 3P,2.0,5.0,3.01725,3d6.(3P2).4s.4p.(3P*),x 3D*,3.0,7.0,5.60665,2.589399,478.81449,1030000.0,0.0049563,0.024782,0.00013154
3d7.(2P).4s,c 3P,2.0,5.0,3.01725,3d6.(3P2).4s.4p.(3P*),x 3D*,2.0,5.0,5.614232,2.596981,477.4166,376000.0,0.0012848,0.0064241,3.4099e-05
3d7.(2P).4s,c 3P,2.0,5.0,3.01725,3d6.(3P2).4s.4p.(3P*),x 3D*,1.0,3.0,5.647699,2.630449,471.34236,85000.0,0.00016986,0.00084932,4.5082e-06
3d7.(2P).4s,c 3P,2.0,5.0,3.01725,3d6.(3P2).4s.4p.(3P*),z 3S*,1.0,3.0,5.777765,2.760515,449.13436,3300000.0,0.0059879,0.02994,0.00015892
3d7.(2P).4s,c 3P,2.0,5.0,3.01725,3d6.(3P2).4s.4p.(3P*),y 3P*,2.0,5.0,5.793419,2.776168,446.60187,666000.0,0.0019915,0.0099574,5.2854e-05
3d7.(2P).4s,c 3P,2.0,5.0,3.01725,3d6.(3P2).4s.4p.(3P*),y 3P*,1.0,3.0,5.815086,2.797836,443.14326,2000000.0,0.0035329,0.017664,9.3763e-05
3d7.(2P).4s,c 3P,2.0,5.0,3.01725,3d7.(4P).4p,w 3D*,2.0,5.0,5.84413,2.826879,438.59037,540000.0,0.0015573,0.0077865,4.1331e-05
3d7.(2P).4s,c 3P,2.0,5.0,3.01725,3d7.(4P).4p,u 5D*,1.0,3.0,5.849232,2.831981,437.80023,535000.0,0.00092239,0.004612,2.448e-05
3d7.(2P).4s,c 3P,2.0,5.0,3.01725,3d6.(3F2).4s.4p.(3P*),x 3F*,2.0,5.0,5.851683,2.834433,437.42152,180000.0,0.00051634,0.0025817,1.3704e-05
3d7.(2P).4s,c 3P,2.0,5.0,3.01725,3d7.(4P).4p,y 3S*,1.0,3.0,5.896144,2.878894,430.66611,5540000.0,0.0092428,0.046214,0.0002453
3d7.(2P).4s,c 3P,2.0,5.0,3.01725,3d5.(6S).4s2.4p,v 5P*,2.0,5.0,5.971506,2.954256,419.67997,1210000.0,0.0031951,0.015975,8.4797e-05
3d7.(2P).4s,c 3P,2.0,5.0,3.01725,3d6.(3G).4s.4p.(3P*),v 5F*,2.0,5.0,5.980855,2.963604,418.35611,5040000.0,0.013225,0.066123,0.00035098
3d7.(2P).4s,c 3P,2.0,5.0,3.01725,3d7.(4P).4p,x 3P*,2.0,5.0,5.989012,2.971762,417.2077,6290000.0,0.016414,0.08207,0.00043563
3d7.(2P).4s,c 3P,2.0,5.0,3.01725,3d7.(4P).4p,x 3P*,1.0,3.0,6.015234,2.997984,413.55857,2620000.0,0.0040308,0.020154,0.00010698
3d7.(2P).4s,c 3P,2.0,5.0,3.01725,3d7.(2G).4p,w 3F*,3.0,7.0,6.10534,3.088089,401.49162,419000.0,0.0014176,0.007088,3.7623e-05
3d7.(2P).4s,c 3P,2.0,5.0,3.01725,3d6.(3F2).4s.4p.(3P*),1F*,3.0,7.0,6.134382,3.117131,397.75094,398000.0,0.0013216,0.0066079,3.5075e-05
3d7.(2P).4s,c 3P,2.0,5.0,3.01725,3d7.(2P).4p,w 3P*,1.0,3.0,6.204568,3.187317,388.99234,19500000.0,0.026542,0.13271,0.00070441
3d7.(2P).4s,c 3P,2.0,5.0,3.01725,3d7.(2P).4p,w 3P*,2.0,5.0,6.222374,3.205124,386.83121,31600000.0,0.070891,0.35445,0.0018814
3d7.(2P).4s,c 3P,2.0,5.0,3.01725,3d7.(2G).4p,z 1F*,3.0,7.0,6.271974,3.254723,380.93624,759000.0,0.0023117,0.011559,6.1353e-05
3d7.(2P).4s,c 3P,2.0,5.0,3.01725,3d6.(5D).4s (6D).5p,t 5D*,3.0,7.0,6.368001,3.35075,370.01919,4900000.0,0.014081,0.070405,0.00037371
3d7.(2P).4s,c 3P,2.0,5.0,3.01725,3d7.(2D2).4p,v 3F*,3.0,7.0,6.368487,3.351236,369.96553,3600000.0,0.010342,0.051711,0.00027448
3d7.(2P).4s,c 3P,2.0,5.0,3.01725,3d7.(2H).4p,u 3G*,3.0,7.0,6.425577,3.408326,363.76855,2970000.0,0.0082489,0.041244,0.00021892
3d7.(2P).4s,c 3P,2.0,5.0,3.01725,3d7.(2P).4p,u 3D*,3.0,7.0,6.443347,3.426097,361.88176,70900000.0,0.19488,0.9744,0.0051721
3d7.(2P).4s,c 3P,2.0,5.0,3.01725,3d7.(2P).4p,u 3D*,2.0,5.0,6.483992,3.466741,357.63903,30600000.0,0.058677,0.29339,0.0015573
3d7.(2P).4s,c 3P,2.0,5.0,3.01725,3d7.(2D2).4p,t 3D*,1.0,3.0,6.553532,3.536282,350.60608,17700000.0,0.019571,0.097857,0.00051943
3d7.(2P).4s,c 3P,2.0,5.0,3.01725,3d7.(2D2).4p,v 3P*,1.0,3.0,6.599672,3.582421,346.09052,21700000.0,0.02338,0.1169,0.00062051
3d6.4s2,b 3G,3.0,7.0,3.017623,3d7.(4F).4p,z 3G*,3.0,7.0,4.473272,1.455649,851.74486,111000.0,0.0012073,0.0084508,3.2041e-05
3d6.4s2,b 3G,3.0,7.0,3.017623,3d7.(4F).4p,y 3F*,2.0,5.0,4.652031,1.634409,758.58755,302000.0,0.001861,0.013027,4.9391e-05
3d6.4s2,b 3G,3.0,7.0,3.017623,3d7.(4F).4p,y 3D*,2.0,5.0,4.795466,1.777843,697.38548,12500.0,6.5101e-05,0.00045571,1.7278e-06
3d6.4s2,b 3G,3.0,7.0,3.017623,3d6.(3H).4s.4p.(3P*),y 3G*,4.0,9.0,5.632404,2.614781,474.16658,76900.0,0.00033327,0.0023329,8.8449e-06
3d6.4s2,b 3G,3.0,7.0,3.017623,3d6.(3H).4s.4p.(3P*),y 3G*,3.0,7.0,5.649089,2.631466,471.16012,1050000.0,0.0034945,0.024462,9.2744e-05
3d6.4s2,b 3G,3.0,7.0,3.017623,3d6.(3F2).4s.4p.(3P*),x 5G*,3.0,7.0,5.692548,2.674926,463.50523,47000.0,0.00015138,0.0010597,4.0176e-06
3d6.4s2,b 3G,3.0,7.0,3.017623,3d6.(3H).4s.4p.(3P*),z 3H*,4.0,9.0,5.84046,2.822837,439.21839,1160000.0,0.0043134,0.030194,0.00011448
3d6.4s2,b 3G,3.0,7.0,3.017623,3d6.(3F2).4s.4p.(3P*),x 3F*,2.0,5.0,5.851683,2.834061,437.47894,1040000.0,0.0021315,0.01492,5.6569e-05
3d6.4s2,b 3G,3.0,7.0,3.017623,3d6.(3G).4s.4p.(3P*),w 5G*,4.0,9.0,5.900414,2.882791,430.08383,265000.0,0.00094484,0.0066138,2.5076e-05
3d6.4s2,b 3G,3.0,7.0,3.017623,3d6.(3F2).4s.4p.(3P*),x 3G*,4.0,9.0,5.927947,2.910325,426.01502,234000.0,0.0008186,0.0057302,2.1726e-05
3d6.4s2,b 3G,3.0,7.0,3.017623,3d6.(3G).4s.4p.(3P*),w 5G*,2.0,5.0,5.930307,2.912685,425.66983,713000.0,0.0013835,0.0096842,3.6717e-05
3d6.4s2,b 3G,3.0,7.0,3.017623,3d6.(3F2).4s.4p.(3P*),x 3G*,3.0,7.0,5.930688,2.913065,425.61425,143000.0,0.00038835,0.0027185,1.0307e-05
3d6.4s2,b 3G,3.0,7.0,3.017623,3d6.(3G).4s.4p.(3P*),y 5H*,4.0,9.0,5.996109,2.978487,416.26575,301000.0,0.0010053,0.0070374,2.6682e-05
3d6.4s2,b 3G,3.0,7.0,3.017623,3d6.(3G).4s.4p.(3P*),y 5H*,3.0,7.0,6.010219,2.992597,414.30309,657000.0,0.0016907,0.011835,4.4871e-05
3d6.4s2,b 3G,3.0,7.0,3.017623,3d7.(2G).4p,v 3G*,4.0,9.0,6.153073,3.135451,395.42701,2970000.0,0.0089514,0.06266,0.00023757
3d6.4s2,b 3G,3.0,7.0,3.017623,3d7.(2G).4p,v 3G*,3.0,7.0,6.180685,3.163063,391.97513,11700000.0,0.02695,0.18865,0.00071526
3d6.4s2,b 3G,3.0,7.0,3.017623,3d6.(3G).4s.4p.(3P*),x 3H*,4.0,9.0,6.373919,3.356297,369.40776,2040000.0,0.0053659,0.037562,0.00014241
3d6.4s2,b 3G,3.0,7.0,3.017623,3d7.(2H).4p,u 3G*,4.0,9.0,6.406039,3.388416,365.90606,563000.0,0.001453,0.010171,3.8561e-05
3d6.4s2,b 3G,3.0,7.0,3.017623,3d7.(2H).4p,w 3H*,4.0,9.0,6.54249,3.524868,351.74142,3600000.0,0.0085853,0.060097,0.00022785
3d6.4s2,b 3G,3.0,7.0,3.017623,3d6.(3G).4s.4p.(3P*),t 3G*,3.0,7.0,6.769581,3.751958,330.45198,1460000.0,0.0023902,0.016731,6.3435e-05
3d6.4s2,b 3G,3.0,7.0,3.017623,3d6.(1G2).4s.4p.(3P*),v 3H*,4.0,9.0,6.874429,3.856806,321.46856,1090000.0,0.0021712,0.015199,5.7625e-05
3d6.4s2,b 3G,3.0,7.0,3.017623,3d6.(3G).4s.4p.(3P*),1F*,3.0,7.0,6.955245,3.937623,314.87069,7590000.0,0.011281,0.07897,0.00029941
3d6.(5D).4s.4p.(3P*),z 7P*,2.0,5.0,3.03847,3d6.(5D).4s (6D).5s,e 7D,3.0,7.0,5.385207,2.346737,528.32593,5000000.0,0.029293,0.14646,0.00077743
3d6.(5D).4s.4p.(3P*),z 7P*,2.0,5.0,3.03847,3d6.(5D).4s (6D).5s,e 7D,2.0,5.0,5.409869,2.371398,522.83164,13600000.0,0.055734,0.27867,0.0014792
3d6.(5D).4s.4p.(3P*),z 7P*,2.0,5.0,3.03847,3d6.(5D).4s (6D).5s,e 7D,1.0,3.0,5.426042,2.387572,519.28999,23200000.0,0.056275,0.28138,0.0014935
3d6.(5D).4s.4p.(3P*),z 7P*,2.0,5.0,3.03847,3d6.(5D).4s (6D).5s,e 5D,2.0,5.0,5.620684,2.582214,480.14693,120000.0,0.00041475,0.0020738,1.1008e-05
3d6.(5D).4s.4p.(3P*),z 7P*,2.0,5.0,3.03847,3d6.(5D).4s (6D).4d,f 5D,1.0,3.0,6.308329,3.269858,379.17301,4410000.0,0.0057033,0.028516,0.00015136
3d6.(5D).4s.4p.(3P*),z 7P*,2.0,5.0,3.03847,3d6.(5D).4s (6D).4d,f 7D,2.0,5.0,6.323026,3.284556,377.47632,4410000.0,0.0094206,0.047103,0.00025002
3d6.(5D).4s.4p.(3P*),z 7P*,2.0,5.0,3.03847,3d6.(5D).4s (6D).4d,f 7D,1.0,3.0,6.329159,3.290688,376.77286,7580000.0,0.0096792,0.048396,0.00025689
3d6.(5D).4s.4p.(3P*),z 7P*,2.0,5.0,3.03847,3d6.(5D).4s (6D).4d,e 7F,1.0,3.0,6.348983,3.310512,374.51667,31700000.0,0.039996,0.19998,0.0010615
3d6.(5D).4s.4p.(3P*),z 7P*,2.0,5.0,3.03847,3d6.(5D).4s (6D).4d,e 7F,2.0,5.0,6.364239,3.325769,372.7986,45700000.0,0.095219,0.4761,0.0025271
3d6.(5D).4s.4p.(3P*),z 7P*,2.0,5.0,3.03847,3d6.(5D).4s (6D).4d,e 5G,2.0,5.0,6.369086,3.330616,372.25608,19400000.0,0.040304,0.20152,0.0010697
3d6.(5D).4s.4p.(3P*),z 7P*,2.0,5.0,3.03847,3d6.(5D).4s (6D).4d,e 7S,3.0,7.0,6.393877,3.355407,369.50573,83500000.0,0.23929,1.1964,0.0063506
3d6.(5D).4s.4p.(3P*),z 7P*,2.0,5.0,3.03847,3d6.(5D).4s (6D).4d,f 5F,3.0,7.0,6.398093,3.359623,369.04201,2620000.0,0.0074893,0.037446,0.00019877
3d6.(5D).4s.4p.(3P*),z 7P*,2.0,5.0,3.03847,3d6.(5D).4s (6D).4d,e 5P,3.0,7.0,6.426998,3.388528,365.89398,3230000.0,0.0090761,0.045381,0.00024088
3d7.(2G).4s,a 1G,4.0,9.0,3.046869,3d6.(3H).4s.4p.(3P*),y 3G*,4.0,9.0,5.632404,2.585535,479.53013,11000.0,3.7921e-05,0.00034129,1.0064e-06
3d7.(2G).4s,a 1G,4.0,9.0,3.046869,3d7.(4P).4p,u 5D*,4.0,9.0,5.792646,2.745777,451.545,440000.0,0.001345,0.012105,3.5696e-05
3d7.(2G).4s,a 1G,4.0,9.0,3.046869,3d6.(3F2).4s.4p.(3P*),x 3F*,4.0,9.0,5.813513,2.766644,448.13936,431000.0,0.0012977,0.011679,3.444e-05
3d7.(2G).4s,a 1G,4.0,9.0,3.046869,3d6.(3H).4s.4p.(3P*),z 3H*,5.0,11.0,5.828295,2.781426,445.75763,206000.0,0.00075002,0.0067502,1.9906e-05
3d7.(2G).4s,a 1G,4.0,9.0,3.046869,3d6.(3F2).4s.4p.(3P*),x 3F*,3.0,7.0,5.838752,2.791883,444.08805,79000.0,0.00018167,0.001635,4.8215e-06
3d7.(2G).4s,a 1G,4.0,9.0,3.046869,3d6.(3H).4s.4p.(3P*),z 3H*,4.0,9.0,5.84046,2.793591,443.81661,282000.0,0.00083275,0.0074948,2.2101e-05
3d7.(2G).4s,a 1G,4.0,9.0,3.046869,3d7.(2G).4p,z 1G*,4.0,9.0,5.883387,2.836518,437.09996,6090000.0,0.017444,0.15699,0.00046296
3d7.(2G).4s,a 1G,4.0,9.0,3.046869,3d6.(3G).4s.4p.(3P*),w 5G*,4.0,9.0,5.900414,2.853545,434.49182,621000.0,0.0017576,0.015818,4.6646e-05
3d7.(2G).4s,a 1G,4.0,9.0,3.046869,3d6.(3F2).4s.4p.(3P*),x 3G*,4.0,9.0,5.927947,2.881078,430.33958,770000.0,0.0021378,0.01924,5.6738e-05
3d7.(2G).4s,a 1G,4.0,9.0,3.046869,3d6.(3F2).4s.4p.(3P*),x 3G*,5.0,11.0,5.930728,2.883859,429.92455,1230000.0,0.0041658,0.037492,0.00011056
3d7.(2G).4s,a 1G,4.0,9.0,3.046869,3d6.(3G).4s.4p.(3P*),y 5H*,5.0,11.0,5.979917,2.933048,422.71457,1320000.0,0.0043219,0.038897,0.0001147
3d7.(2G).4s,a 1G,4.0,9.0,3.046869,3d6.(3G).4s.4p.(3P*),y 5H*,4.0,9.0,5.996109,2.94924,420.39368,253000.0,0.00067034,0.006033,1.7791e-05
3d7.(2G).4s,a 1G,4.0,9.0,3.046869,3d7.(2G).4p,z 1H*,5.0,11.0,5.998678,2.951809,420.0278,49200000.0,0.15905,1.4314,0.0042212
3d7.(2G).4s,a 1G,4.0,9.0,3.046869,3d6.(3H).4s.4p.(3P*),y 1G*,4.0,9.0,6.038345,2.991476,414.45829,27000000.0,0.069532,0.62579,0.0018454
3d7.(2G).4s,a 1G,4.0,9.0,3.046869,3d7.(2G).4p,w 3F*,4.0,9.0,6.088727,3.041858,407.59361,3430000.0,0.008543,0.076887,0.00022673
3d7.(2G).4s,a 1G,4.0,9.0,3.046869,3d7.(2G).4p,v 3G*,5.0,11.0,6.13237,3.085501,401.82837,3250000.0,0.0096156,0.08654,0.0002552
3d7.(2G).4s,a 1G,4.0,9.0,3.046869,3d6.(3F2).4s.4p.(3P*),1F*,3.0,7.0,6.134382,3.087513,401.56656,15300000.0,0.028769,0.25892,0.00076352
3d7.(2G).4s,a 1G,4.0,9.0,3.046869,3d7.(2G).4p,y 3H*,5.0,11.0,6.150165,3.103296,399.52421,922000.0,0.0026967,0.02427,7.1569e-05
3d7.(2G).4s,a 1G,4.0,9.0,3.046869,3d7.(2G).4p,v 3G*,4.0,9.0,6.153073,3.106205,399.15014,1430000.0,0.0034156,0.03074,9.065e-05
3d7.(2G).4s,a 1G,4.0,9.0,3.046869,3d7.(2G).4p,z 1F*,3.0,7.0,6.271974,3.225105,384.43466,37000000.0,0.063762,0.57386,0.0016922
3d7.(2G).4s,a 1G,4.0,9.0,3.046869,3d6.(3F2).4s.4p.(3P*),x 1G*,4.0,9.0,6.275334,3.228465,384.03449,23500000.0,0.05196,0.46764,0.001379
3d7.(2G).4s,a 1G,4.0,9.0,3.046869,3d6.(3G).4s.4p.(3P*),x 3H*,5.0,11.0,6.331714,3.284845,377.44305,310000.0,0.00080923,0.0072831,2.1477e-05
3d7.(2G).4s,a 1G,4.0,9.0,3.046869,3d7.(2H).4p,u 3G*,5.0,11.0,6.369553,3.322684,373.1447,9730000.0,0.024824,0.22342,0.00065884
3d7.(2G).4s,a 1G,4.0,9.0,3.046869,3d6.(3G).4s.4p.(3P*),x 3H*,4.0,9.0,6.373919,3.32705,372.65504,1700000.0,0.0035393,0.031854,9.3934e-05
3d7.(2G).4s,a 1G,4.0,9.0,3.046869,3d7.(2P).4p,u 3D*,3.0,7.0,6.443347,3.396478,365.0375,1310000.0,0.0020355,0.018319,5.4021e-05
3d7.(2G).4s,a 1G,4.0,9.0,3.046869,3d7.(2D2).4p,x 1F*,3.0,7.0,6.665797,3.618928,342.59921,25700000.0,0.035174,0.31657,0.00093352
3d7.(2G).4s,a 1G,4.0,9.0,3.046869,3d6.(3G).4s.4p.(3P*),w 1G*,4.0,9.0,6.79568,3.748811,330.72938,57400000.0,0.094128,0.84715,0.0024981
3d7.(2G).4s,a 1G,4.0,9.0,3.046869,3d6.(1G2).4s.4p.(3P*),v 3H*,5.0,11.0,6.884292,3.837423,323.09231,10600000.0,0.020275,0.18248,0.00053811
3d7.(2G).4s,a 1G,4.0,9.0,3.046869,3d6.(1G2).4s.4p.(3P*),s 3G*,3.0,7.0,6.917165,3.870296,320.34812,6180000.0,0.0073952,0.066556,0.00019627
3d7.(2G).4s,a 1G,4.0,9.0,3.046869,3d6.(1G2).4s.4p.(3P*),s 3G*,4.0,9.0,6.931403,3.884534,319.17391,5550000.0,0.0084763,0.076287,0.00022496
3d7.(2G).4s,a 1G,4.0,9.0,3.046869,3d7.(2H).4p,1H*,5.0,11.0,6.931607,3.884738,319.15719,5750000.0,0.010732,0.096589,0.00028483
3d7.(2G).4s,a 1G,4.0,9.0,3.046869,3d6.(3G).4s.4p.(3P*),1F*,3.0,7.0,6.955245,3.908376,317.22687,18500000.0,0.021708,0.19538,0.00057614
3d7.(2P).4s,c 3P,1.0,3.0,3.071339,3d7.(4F).4p,y 3D*,2.0,5.0,4.795466,1.724127,719.11297,36600.0,0.00047292,0.0014187,1.2551e-05
3d7.(2P).4s,c 3P,1.0,3.0,3.071339,3d6.(3P2).4s.4p.(3P*),y 3P*,1.0,3.0,5.815086,2.743747,451.87908,1510000.0,0.0046225,0.013868,0.00012268
3d7.(2P).4s,c 3P,1.0,3.0,3.071339,3d7.(4P).4p,y 3S*,1.0,3.0,5.896144,2.824805,438.91235,3460000.0,0.0099929,0.029979,0.00026521
3d7.(2P).4s,c 3P,1.0,3.0,3.071339,3d6.(3G).4s.4p.(3P*),v 5F*,2.0,5.0,5.980855,2.909516,426.13342,2200000.0,0.0099821,0.029946,0.00026493
3d7.(2P).4s,c 3P,1.0,3.0,3.071339,3d7.(4P).4p,x 3P*,2.0,5.0,5.989012,2.917674,424.94197,3820000.0,0.017236,0.051707,0.00045744
3d7.(2P).4s,c 3P,1.0,3.0,3.071339,3d7.(4P).4p,x 3P*,0.0,1.0,6.008288,2.936949,422.15298,18300000.0,0.016298,0.048893,0.00043254
3d7.(2P).4s,c 3P,1.0,3.0,3.071339,3d7.(4P).4p,x 3P*,1.0,3.0,6.015234,2.943896,421.1569,7180000.0,0.019093,0.057279,0.00050673
3d7.(2P).4s,c 3P,1.0,3.0,3.071339,3d6.(3F2).4s.4p.(3P*),v 3D*,1.0,3.0,6.112128,3.040789,407.73694,1400000.0,0.0034894,0.010468,9.2608e-05
3d7.(2P).4s,c 3P,1.0,3.0,3.071339,3d7.(2P).4p,w 3P*,0.0,1.0,6.193177,3.121839,397.15122,39000000.0,0.030741,0.092222,0.00081586
3d7.(2P).4s,c 3P,1.0,3.0,3.071339,3d7.(2P).4p,w 3P*,1.0,3.0,6.204568,3.133229,395.70745,4190000.0,0.0098361,0.029508,0.00026105
3d7.(2P).4s,c 3P,1.0,3.0,3.071339,3d7.(2P).4p,w 3P*,2.0,5.0,6.222374,3.151036,393.47127,5920000.0,0.022901,0.068703,0.00060779
3d7.(2P).4s,c 3P,1.0,3.0,3.071339,3d7.(2P).4p,y 1D*,2.0,5.0,6.411013,3.339674,371.24639,12800000.0,0.04408,0.13224,0.0011699
3d7.(2P).4s,c 3P,1.0,3.0,3.071339,3d6.(3H).4s.4p.(3P*),x 1D*,2.0,5.0,6.41768,3.346341,370.5068,1700000.0,0.0058311,0.017493,0.00015476
3d7.(2P).4s,c 3P,1.0,3.0,3.071339,3d7.(2P).4p,1P*,1.0,3.0,6.469597,3.398258,364.8463,33800000.0,0.067452,0.20236,0.0017902
3d7.(2P).4s,c 3P,1.0,3.0,3.071339,3d7.(2P).4p,u 3D*,2.0,5.0,6.483992,3.412653,363.30738,67400000.0,0.22229,0.66686,0.0058995
3d7.(2P).4s,c 3P,1.0,3.0,3.071339,3d7.(2P).4p,u 3D*,1.0,3.0,6.510715,3.439376,360.48456,17000000.0,0.033119,0.099358,0.00087899
3d7.(2P).4s,c 3P,1.0,3.0,3.071339,3d7.(2D2).4p,t 3D*,2.0,5.0,6.53185,3.460511,358.28294,8680000.0,0.027841,0.083522,0.00073889
3d7.(2P).4s,c 3P,1.0,3.0,3.071339,3d7.(2D2).4p,t 3D*,1.0,3.0,6.553532,3.482194,356.05199,22000000.0,0.041813,0.12544,0.0011097
3d7.(2P).4s,c 3P,1.0,3.0,3.071339,3d7.(2D2).4p,v 3P*,2.0,5.0,6.560784,3.489446,355.31202,4800000.0,0.015142,0.045425,0.00040186
3d7.(2P).4s,c 3P,0.0,1.0,3.110962,3d7.(4P).4p,y 3S*,1.0,3.0,5.896144,2.785182,445.15648,1150000.0,0.01025,0.01025,0.00027202
3d7.(2P).4s,c 3P,0.0,1.0,3.110962,3d7.(4P).4p,x 3P*,1.0,3.0,6.015234,2.904273,426.90275,8170000.0,0.066967,0.066967,0.0017773
3d7.(2P).4s,c 3P,0.0,1.0,3.110962,3d7.(2P).4p,w 3P*,1.0,3.0,6.204568,3.093606,400.77568,5890000.0,0.04255,0.04255,0.0011293
3d7.(2P).4s,c 3P,0.0,1.0,3.110962,3d7.(2P).4p,1P*,1.0,3.0,6.469597,3.358635,369.15052,12200000.0,0.074773,0.074773,0.0019845
3d7.(2P).4s,c 3P,0.0,1.0,3.110962,3d7.(2P).4p,u 3D*,1.0,3.0,6.510715,3.399753,364.68589,48700000.0,0.2913,0.2913,0.0077312
3d7.(2P).4s,c 3P,0.0,1.0,3.110962,3d7.(2D2).4p,v 3P*,1.0,3.0,6.599672,3.48871,355.38697,5910000.0,0.033572,0.033572,0.00089099
3d6.(5D).4s.4p.(3P*),z 5D*,4.0,9.0,3.211189,3d6.(5D).4s (6D).5s,e 7D,5.0,11.0,5.308489,2.0973,591.16099,44900.0,0.00028752,0.0025877,7.6308e-06
3d6.(5D).4s.4p.(3P*),z 5D*,4.0,9.0,3.211189,3d6.(5D).4s (6D).5s,e 7D,4.0,9.0,5.35157,2.140381,579.26228,129000.0,0.00064893,0.0058404,1.7223e-05
3d6.(5D).4s.4p.(3P*),z 5D*,4.0,9.0,3.211189,3d6.(5D).4s (6D).5s,e 5D,4.0,9.0,5.539243,2.328053,532.56596,20600000.0,0.087594,0.78834,0.0023247
3d6.(5D).4s.4p.(3P*),z 5D*,4.0,9.0,3.211189,3d6.(5D).4s (6D).5s,e 5D,3.0,7.0,5.586893,2.375703,521.88417,2410000.0,0.0076539,0.068885,0.00020313
3d6.(5D).4s.4p.(3P*),z 5D*,4.0,9.0,3.211189,3d7.(4F).5s,e 5F,5.0,11.0,5.82794,2.616751,473.80976,4780000.0,0.019663,0.17697,0.00052185
3d6.(5D).4s.4p.(3P*),z 5D*,4.0,9.0,3.211189,3d7.(4F).5s,e 5F,3.0,7.0,5.920932,2.709743,457.54973,160000.0,0.00039058,0.0035152,1.0366e-05
3d6.(5D).4s.4p.(3P*),z 5D*,4.0,9.0,3.211189,3d6.(5D).4s (6D).4d,f 5D,4.0,9.0,6.251672,3.040483,407.77799,13200000.0,0.032906,0.29616,0.00087334
3d6.(5D).4s.4p.(3P*),z 5D*,4.0,9.0,3.211189,3d6.(5D).4s (6D).4d,e 7P,4.0,9.0,6.258138,3.046949,406.91265,15100000.0,0.037483,0.33735,0.00099481
3d6.(5D).4s.4p.(3P*),z 5D*,4.0,9.0,3.211189,3d6.(5D).4s (6D).4d,f 5D,3.0,7.0,6.265467,3.054277,405.93628,4470000.0,0.0085889,0.0773,0.00022795
3d6.(5D).4s.4p.(3P*),z 5D*,4.0,9.0,3.211189,3d6.(5D).4s (6D).4d,e 7P,3.0,7.0,6.274997,3.063807,404.67362,7390000.0,0.014111,0.127,0.00037452
3d6.(5D).4s.4p.(3P*),z 5D*,4.0,9.0,3.211189,3d6.(5D).4s (6D).4d,e 5G,5.0,11.0,6.286479,3.075289,403.16272,10400000.0,0.030974,0.27877,0.00082206
3d6.(5D).4s.4p.(3P*),z 5D*,4.0,9.0,3.211189,3d6.(5D).4s (6D).4d,e 7G,5.0,11.0,6.351531,3.140342,394.81117,3910000.0,0.011168,0.10051,0.00029639
3d6.(5D).4s.4p.(3P*),z 5D*,4.0,9.0,3.211189,3d6.(5D).4s (4D).5s,g 5D,4.0,9.0,6.36665,3.15546,392.91954,5640000.0,0.013054,0.11749,0.00034646
3d6.(5D).4s.4p.(3P*),z 5D*,4.0,9.0,3.211189,3d6.(5D).4s (6D).4d,f 5F,4.0,9.0,6.380434,3.169245,391.21058,2680000.0,0.0061492,0.055342,0.0001632
3d6.(5D).4s.4p.(3P*),z 5D*,4.0,9.0,3.211189,3d6.(5D).4s (6D).4d,e 5P,3.0,7.0,6.426998,3.215809,385.5459,5070000.0,0.0087877,0.079089,0.00023323
3d6.(5D).4s.4p.(3P*),z 5D*,4.0,9.0,3.211189,3d7.(4F).4d,f 5P,3.0,7.0,6.591074,3.379884,366.82973,13000000.0,0.020398,0.18358,0.00054136
3d6.(5D).4s.4p.(3P*),z 5D*,4.0,9.0,3.211189,3d6.(5D).4s (4D).4d,i 5D,4.0,9.0,7.153577,3.942388,314.49009,61000000.0,0.090449,0.81404,0.0024005
3d6.(5D).4s.4p.(3P*),z 5D*,4.0,9.0,3.211189,3d6.(5D).4s (4D).4d,i 5D,3.0,7.0,7.168015,3.956826,313.34257,33900000.0,0.038811,0.3493,0.00103
3d7.(2H).4s,b 3H,6.0,13.0,3.23672,3d6.(3H).4s.4p.(3P*),z 3I*,7.0,15.0,5.700546,2.463826,503.21808,26000.0,0.00011389,0.0014806,3.0227e-06
3d7.(2H).4s,b 3H,6.0,13.0,3.23672,3d6.(3H).4s.4p.(3P*),z 3H*,6.0,13.0,5.825065,2.588345,479.00952,386000.0,0.0013278,0.017261,3.524e-05
3d7.(2H).4s,b 3H,6.0,13.0,3.23672,3d6.(3G).4s.4p.(3P*),v 5F*,5.0,11.0,5.902406,2.665686,465.11182,64000.0,0.00017563,0.0022832,4.6613e-06
3d7.(2H).4s,b 3H,6.0,13.0,3.23672,3d6.(3F2).4s.4p.(3P*),x 3G*,5.0,11.0,5.930728,2.694008,460.22204,77900.0,0.00020931,0.002721,5.555e-06
3d7.(2H).4s,b 3H,6.0,13.0,3.23672,3d6.(3G).4s.4p.(3P*),y 5H*,5.0,11.0,5.979917,2.743197,451.9698,21000.0,5.4419e-05,0.00070744,1.4443e-06
3d7.(2H).4s,b 3H,6.0,13.0,3.23672,3d7.(2G).4p,z 1H*,5.0,11.0,5.998678,2.761958,448.89962,58000.0,0.00014826,0.0019274,3.9349e-06
3d7.(2H).4s,b 3H,6.0,13.0,3.23672,3d7.(2G).4p,y 3H*,6.0,13.0,6.129055,2.892335,428.66473,1780000.0,0.0049036,0.063747,0.00013014
3d7.(2H).4s,b 3H,6.0,13.0,3.23672,3d7.(2G).4p,v 3G*,5.0,11.0,6.13237,2.89565,428.17395,310000.0,0.00072096,0.0093725,1.9134e-05
3d7.(2H).4s,b 3H,6.0,13.0,3.23672,3d7.(2H).4p,u 3G*,5.0,11.0,6.369553,3.132833,395.75745,17600000.0,0.034969,0.45459,0.00092807
3d7.(2H).4s,b 3H,6.0,13.0,3.23672,3d6.(3H).4s.4p.(3P*),1H*,5.0,11.0,6.401326,3.164606,391.78398,9830000.0,0.019141,0.24883,0.00050799
3d7.(2H).4s,b 3H,6.0,13.0,3.23672,3d7.(2H).4p,w 3H*,6.0,13.0,6.500671,3.263951,379.85927,45700000.0,0.09886,1.2852,0.0026237
3d7.(2H).4s,b 3H,6.0,13.0,3.23672,3d7.(2H).4p,y 3I*,6.0,13.0,6.510852,3.274132,378.67812,1510000.0,0.0032462,0.042201,8.6154e-05
3d7.(2H).4s,b 3H,6.0,13.0,3.23672,3d7.(2H).4p,w 3H*,5.0,11.0,6.523192,3.286472,377.25625,640000.0,0.0011555,0.015021,3.0666e-05
3d7.(2H).4s,b 3H,6.0,13.0,3.23672,3d7.(2H).4p,y 3I*,7.0,15.0,6.528387,3.291667,376.66083,95100000.0,0.23339,3.0341,0.0061943
3d7.(2H).4s,b 3H,6.0,13.0,3.23672,3d6.(3G).4s.4p.(3P*),t 3G*,5.0,11.0,6.693075,3.456355,358.7137,70200000.0,0.11459,1.4897,0.0030412
3d7.(2H).4s,b 3H,6.0,13.0,3.23672,3d6.(3D).4s.4p.(3P*),5F*,5.0,11.0,6.696852,3.460132,358.3222,23500000.0,0.038276,0.49759,0.0010158
3d7.(2H).4s,b 3H,6.0,13.0,3.23672,3d6.(1G2).4s.4p.(3P*),v 3H*,6.0,13.0,6.879851,3.643131,340.32318,21900000.0,0.038027,0.49434,0.0010092
3d7.(2H).4s,b 3H,6.0,13.0,3.23672,3d6.(1I).4s.4p.(3P*),u 3H*,6.0,13.0,6.984521,3.747801,330.81854,19700000.0,0.032323,0.42019,0.00085784
3d7.(2H).4s,b 3H,6.0,13.0,3.23672,3d6.(1I).4s.4p.(3P*),x 3I*,7.0,15.0,7.070511,3.83379,323.39848,41900000.0,0.075805,0.98546,0.0020119
3d7.(2H).4s,b 3H,6.0,13.0,3.23672,3d6.(1I).4s.4p.(3P*),x 3I*,6.0,13.0,7.075799,3.839079,322.95295,1740000.0,0.0027207,0.03537,7.2208e-05
3d7.(2H).4s,b 3H,6.0,13.0,3.23672,3d6.(3H).4s.4p.(1P*),t 3H*,6.0,13.0,7.484385,4.247665,291.88789,118000000.0,0.15072,1.9594,0.0040001
3d6.(5D).4s.4p.(3P*),z 5D*,3.0,7.0,3.240969,3d6.(5D).4s (6D).5s,e 7D,3.0,7.0,5.385207,2.144238,578.22025,76000.0,0.00038094,0.0026666,1.011e-05
3d6.(5D).4s.4p.(3P*),z 5D*,3.0,7.0,3.240969,3d6.(5D).4s (6D).5s,e 5D,4.0,9.0,5.539243,2.298274,539.46665,4910000.0,0.027543,0.1928,0.000731
3d6.(5D).4s.4p.(3P*),z 5D*,3.0,7.0,3.240969,3d6.(5D).4s (6D).5s,e 5D,3.0,7.0,5.586893,2.345924,528.5091,10200000.0,0.042713,0.29899,0.0011336
3d6.(5D).4s.4p.(3P*),z 5D*,3.0,7.0,3.240969,3d6.(5D).4s (6D).5s,e 5D,2.0,5.0,5.620684,2.379715,521.0044,6230000.0,0.018109,0.12677,0.00048062
3d6.(5D).4s.4p.(3P*),z 5D*,3.0,7.0,3.240969,3d7.(4F).5s,e 3F,4.0,9.0,5.946399,2.70543,458.27916,590000.0,0.0023885,0.016719,6.3389e-05
3d6.(5D).4s.4p.(3P*),z 5D*,3.0,7.0,3.240969,3d7.(4F).5s,e 5F,2.0,5.0,5.955788,2.714819,456.69412,400000.0,0.00089339,0.0062537,2.3711e-05
3d6.(5D).4s.4p.(3P*),z 5D*,3.0,7.0,3.240969,3d6.(5D).4s (6D).4d,e 7P,4.0,9.0,6.258138,3.017169,410.92892,350000.0,0.0011392,0.0079745,3.0235e-05
3d6.(5D).4s.4p.(3P*),z 5D*,3.0,7.0,3.240969,3d6.(5D).4s (6D).4d,f 5D,3.0,7.0,6.265467,3.024498,409.93321,7490000.0,0.01887,0.13209,0.0005008
3d6.(5D).4s.4p.(3P*),z 5D*,3.0,7.0,3.240969,3d6.(5D).4s (6D).4d,e 7P,3.0,7.0,6.274997,3.034027,408.6456,8920000.0,0.022332,0.15632,0.00059268
3d6.(5D).4s.4p.(3P*),z 5D*,3.0,7.0,3.240969,3d6.(5D).4s (6D).4d,f 5D,2.0,5.0,6.285828,3.044859,407.19197,11000000.0,0.019531,0.13672,0.00051835
3d6.(5D).4s.4p.(3P*),z 5D*,3.0,7.0,3.240969,3d6.(5D).4s (6D).4d,f 7D,3.0,7.0,6.306061,3.065092,404.50396,8690000.0,0.021317,0.14922,0.00056575
3d6.(5D).4s.4p.(3P*),z 5D*,3.0,7.0,3.240969,3d6.(5D).4s (6D).4d,e 5G,4.0,9.0,6.320662,3.079693,402.58621,8090000.0,0.025274,0.17692,0.00067077
3d6.(5D).4s.4p.(3P*),z 5D*,3.0,7.0,3.240969,3d6.(5D).4s (4D).5s,e 3D,3.0,7.0,6.359673,3.118704,397.55044,820000.0,0.0019429,0.013601,5.1565e-05
3d6.(5D).4s.4p.(3P*),z 5D*,3.0,7.0,3.240969,3d6.(5D).4s (6D).4d,e 7G,4.0,9.0,6.364718,3.123749,396.90837,6090000.0,0.018493,0.12945,0.0004908
3d6.(5D).4s.4p.(3P*),z 5D*,3.0,7.0,3.240969,3d6.(5D).4s (4D).5s,g 5D,4.0,9.0,6.36665,3.12568,396.66306,785000.0,0.0023808,0.016665,6.3186e-05
3d6.(5D).4s.4p.(3P*),z 5D*,3.0,7.0,3.240969,3d6.(5D).4s (6D).4d,f 5F,4.0,9.0,6.380434,3.139465,394.92145,13100000.0,0.039382,0.27567,0.0010452
3d6.(5D).4s.4p.(3P*),z 5D*,3.0,7.0,3.240969,3d6.(5D).4s (6D).4d,f 5F,3.0,7.0,6.398093,3.157124,392.71245,7260000.0,0.016786,0.1175,0.0004455
3d6.(5D).4s.4p.(3P*),z 5D*,3.0,7.0,3.240969,3d6.(5D).4s (4D).5s,g 5D,3.0,7.0,6.418731,3.177762,390.16202,7900000.0,0.018029,0.1262,0.0004785
3d6.(5D).4s.4p.(3P*),z 5D*,3.0,7.0,3.240969,3d6.(5D).4s (6D).4d,e 5P,3.0,7.0,6.426998,3.186029,389.14959,1670000.0,0.0037915,0.02654,0.00010063
3d6.(5D).4s.4p.(3P*),z 5D*,3.0,7.0,3.240969,3d7.(4F).4d,g 5F,4.0,9.0,6.619972,3.379003,366.92543,3200000.0,0.0083044,0.058131,0.0002204
3d6.(5D).4s.4p.(3P*),z 5D*,3.0,7.0,3.240969,3d7.(4F).4d,f 5P,2.0,5.0,6.641679,3.40071,364.58333,8300000.0,0.011814,0.082699,0.00031355
3d6.(5D).4s.4p.(3P*),z 5D*,3.0,7.0,3.240969,3d7.(4F).4d,h 5D,2.0,5.0,6.691013,3.450044,359.36989,4300000.0,0.0059468,0.041628,0.00015783
3d6.(5D).4s.4p.(3P*),z 5D*,3.0,7.0,3.240969,3d6.(5D).4s (4D).4d,i 5D,3.0,7.0,7.168015,3.927046,315.71872,63600000.0,0.095042,0.6653,0.0025224
3d7.(2D2).4s,a 3D,3.0,7.0,3.251482,3d7.(4F).4p,y 3D*,3.0,7.0,4.733141,1.481659,836.79305,169000.0,0.0017741,0.012419,4.7085e-05
3d7.(2D2).4s,a 3D,3.0,7.0,3.251482,3d6.(3P2).4s.4p.(3P*),x 3D*,3.0,7.0,5.60665,2.355168,526.4346,87000.0,0.00036147,0.0025303,9.5933e-06
3d7.(2D2).4s,a 3D,3.0,7.0,3.251482,3d6.(3P2).4s.4p.(3P*),y 3P*,2.0,5.0,5.793419,2.541937,487.75479,27000.0,6.8786e-05,0.0004815,1.8256e-06
3d7.(2D2).4s,a 3D,3.0,7.0,3.251482,3d7.(4P).4p,u 5D*,3.0,7.0,5.79564,2.544159,487.32886,284000.0,0.0010112,0.0070782,2.6836e-05
3d7.(2D2).4s,a 3D,3.0,7.0,3.251482,3d7.(4P).4p,w 3D*,3.0,7.0,5.829388,2.577907,480.94915,76000.0,0.00026356,0.0018449,6.9948e-06
3d7.(2D2).4s,a 3D,3.0,7.0,3.251482,3d6.(3F2).4s.4p.(3P*),x 3F*,3.0,7.0,5.838752,2.58727,479.20851,27000.0,9.2955e-05,0.00065068,2.467e-06
3d7.(2D2).4s,a 3D,3.0,7.0,3.251482,3d6.(3G).4s.4p.(3P*),w 5G*,4.0,9.0,5.900414,2.648932,468.0535,129000.0,0.00054473,0.0038131,1.4457e-05
3d7.(2D2).4s,a 3D,3.0,7.0,3.251482,3d5.(6S).4s2.4p,v 5P*,2.0,5.0,5.971506,2.720024,455.82015,140000.0,0.00031149,0.0021804,8.267e-06
3d7.(2D2).4s,a 3D,3.0,7.0,3.251482,3d7.(4P).4p,x 3P*,2.0,5.0,5.989012,2.737531,452.90524,130000.0,0.00028555,0.0019989,7.5786e-06
3d7.(2D2).4s,a 3D,3.0,7.0,3.251482,3d6.(3F2).4s.4p.(3P*),v 3D*,2.0,5.0,6.105307,2.853825,434.44918,1600000.0,0.0032339,0.022637,8.5828e-05
3d7.(2D2).4s,a 3D,3.0,7.0,3.251482,3d7.(2P).4p,w 3P*,2.0,5.0,6.222374,2.970893,417.32979,9800000.0,0.018277,0.12794,0.00048508
3d7.(2D2).4s,a 3D,3.0,7.0,3.251482,3d7.(2H).4p,u 3G*,4.0,9.0,6.406039,3.154557,393.03206,2090000.0,0.0062231,0.043562,0.00016516
3d7.(2D2).4s,a 3D,3.0,7.0,3.251482,3d7.(2P).4p,u 3D*,3.0,7.0,6.443347,3.191866,388.43803,12800000.0,0.028954,0.20268,0.00076845
3d7.(2D2).4s,a 3D,3.0,7.0,3.251482,3d7.(2D2).4p,t 3D*,3.0,7.0,6.473615,3.222134,384.78912,62000000.0,0.13762,0.96337,0.0036526
3d7.(2D2).4s,a 3D,3.0,7.0,3.251482,3d7.(2D2).4p,t 3D*,2.0,5.0,6.53185,3.280368,377.95822,11700000.0,0.017898,0.12529,0.00047501
3d7.(2D2).4s,a 3D,3.0,7.0,3.251482,3d6.(3G).4s.4p.(3P*),3F*,4.0,9.0,6.565413,3.313931,374.13024,13000000.0,0.035075,0.24552,0.00093088
3d7.(2D2).4s,a 3D,3.0,7.0,3.251482,3d7.(4F).5p,3F*,4.0,9.0,6.611933,3.360451,368.95106,7300000.0,0.019154,0.13408,0.00050835
3d7.(2D2).4s,a 3D,3.0,7.0,3.251482,3d6.(3D).4s.4p.(3P*),5D*,3.0,7.0,6.681698,3.430216,361.44722,7000000.0,0.01371,0.095972,0.00036387
3d7.(2D2).4s,a 3D,3.0,7.0,3.251482,3d6.(3D).4s.4p.(3P*),t 5P*,3.0,7.0,6.695732,3.44425,359.97445,3100000.0,0.0060223,0.042156,0.00015983
3d7.(2D2).4s,a 3D,3.0,7.0,3.251482,3d6.(3G).4s.4p.(3P*),t 3G*,4.0,9.0,6.724582,3.473101,356.98418,6720000.0,0.016507,0.11555,0.0004381
3d7.(2D2).4s,a 3D,3.0,7.0,3.251482,3d6.(3D).4s.4p.(3P*),5D*,4.0,9.0,6.732508,3.481026,356.17139,7400000.0,0.018095,0.12666,0.00048024
3d7.(2D2).4s,a 3D,3.0,7.0,3.251482,3d6.(1I).4s.4p.(3P*),u 3H*,4.0,9.0,6.995596,3.744114,331.14431,6170000.0,0.013041,0.09129,0.00034612
3d7.(2D2).4s,a 3D,3.0,7.0,3.251482,3d6.(1G2).4s.4p.(3P*),u 3F*,4.0,9.0,7.016601,3.765119,329.29688,57700000.0,0.1206,0.84422,0.0032008
3d7.(2D2).4s,a 3D,3.0,7.0,3.251482,3d6.(1G2).4s.4p.(3P*),u 3F*,3.0,7.0,7.040235,3.788753,327.24277,8470000.0,0.013598,0.095188,0.0003609
3d7.(2D2).4s,a 3D,3.0,7.0,3.251482,3d7.(2H).4p,v 1G*,4.0,9.0,7.061061,3.80958,325.45375,16200000.0,0.033075,0.23152,0.00087781
3d6.(5D).4s.4p.(3P*),z 5D*,2.0,5.0,3.265706,3d6.(5D).4s (6D).5s,e 5D,3.0,7.0,5.586893,2.321187,534.14144,6360000.0,0.038085,0.19043,0.0010108
3d6.(5D).4s.4p.(3P*),z 5D*,2.0,5.0,3.265706,3d6.(5D).4s (6D).5s,e 5D,2.0,5.0,5.620684,2.354978,526.47709,6360000.0,0.026429,0.13214,0.00070142
3d6.(5D).4s.4p.(3P*),z 5D*,2.0,5.0,3.265706,3d6.(5D).4s (6D).5s,e 5D,1.0,3.0,5.642416,2.37671,521.66321,11000000.0,0.026927,0.13463,0.00071464
3d6.(5D).4s.4p.(3P*),z 5D*,2.0,5.0,3.265706,3d7.(4F).5s,e 3F,3.0,7.0,6.017184,2.751478,450.6094,280000.0,0.0011933,0.0059665,3.167e-05
3d6.(5D).4s.4p.(3P*),z 5D*,2.0,5.0,3.265706,3d6.(5D).4s (6D).4d,e 7P,3.0,7.0,6.274997,3.009291,412.00475,1900000.0,0.0067693,0.033847,0.00017966
3d6.(5D).4s.4p.(3P*),z 5D*,2.0,5.0,3.265706,3d6.(5D).4s (6D).4d,f 7D,3.0,7.0,6.306061,3.040355,407.79508,3810000.0,0.013298,0.066492,0.00035294
3d6.(5D).4s.4p.(3P*),z 5D*,2.0,5.0,3.265706,3d6.(5D).4s (6D).4d,f 5D,1.0,3.0,6.308329,3.042623,407.49122,16800000.0,0.025093,0.12547,0.00066597
3d6.(5D).4s.4p.(3P*),z 5D*,2.0,5.0,3.265706,3d6.(5D).4s (6D).4d,f 7D,2.0,5.0,6.323026,3.05732,405.53229,770000.0,0.0018985,0.0094923,5.0385e-05
3d6.(5D).4s.4p.(3P*),z 5D*,2.0,5.0,3.265706,3d6.(5D).4s (6D).4d,f 7D,1.0,3.0,6.329159,3.063453,404.72048,6850000.0,0.010093,0.050464,0.00026786
3d6.(5D).4s.4p.(3P*),z 5D*,2.0,5.0,3.265706,3d6.(5D).4s (6D).4d,e 5G,3.0,7.0,6.350349,3.084642,401.94026,3440000.0,0.011665,0.058323,0.00030958
3d6.(5D).4s.4p.(3P*),z 5D*,2.0,5.0,3.265706,3d6.(5D).4s (6D).4d,e 7F,2.0,5.0,6.364239,3.098533,400.13835,2200000.0,0.0052808,0.026404,0.00014015
3d6.(5D).4s.4p.(3P*),z 5D*,2.0,5.0,3.265706,3d6.(5D).4s (6D).4d,e 7S,3.0,7.0,6.393877,3.128171,396.34725,1200000.0,0.0039566,0.019783,0.00010501
3d6.(5D).4s.4p.(3P*),z 5D*,2.0,5.0,3.265706,3d6.(5D).4s (6D).4d,f 5F,3.0,7.0,6.398093,3.132387,395.81376,16700000.0,0.054914,0.27457,0.0014574
3d6.(5D).4s.4p.(3P*),z 5D*,2.0,5.0,3.265706,3d6.(5D).4s (6D).4d,f 5F,2.0,5.0,6.410605,3.144899,394.23909,9100000.0,0.021204,0.10602,0.00056276
3d6.(5D).4s.4p.(3P*),z 5D*,2.0,5.0,3.265706,3d6.(5D).4s (4D).5s,g 5D,3.0,7.0,6.418731,3.153025,393.22302,4800000.0,0.015578,0.077889,0.00041344
3d6.(5D).4s.4p.(3P*),z 5D*,2.0,5.0,3.265706,3d6.(5D).4s (6D).4d,e 5P,3.0,7.0,6.426998,3.161292,392.19467,2920000.0,0.009427,0.047135,0.00025019
3d6.(5D).4s.4p.(3P*),z 5D*,2.0,5.0,3.265706,3d6.(5D).4s (4D).5s,g 5D,1.0,3.0,6.473754,3.208048,386.47867,4370000.0,0.0058714,0.029357,0.00015583
3d6.(5D).4s.4p.(3P*),z 5D*,2.0,5.0,3.265706,3d7.(4F).4d,h 5D,1.0,3.0,6.711581,3.445875,359.80471,18000000.0,0.020961,0.10481,0.00055631
3d7.(2H).4s,b 3H,5.0,11.0,3.267113,3d6.(3H).4s.4p.(3P*),z 3I*,6.0,13.0,5.706617,2.439505,508.23516,18000.0,8.2378e-05,0.00090616,2.1863e-06
3d7.(2H).4s,b 3H,5.0,11.0,3.267113,3d6.(3H).4s.4p.(3P*),z 3H*,5.0,11.0,5.828295,2.561183,484.08964,390000.0,0.0013702,0.015072,3.6364e-05
3d7.(2H).4s,b 3H,5.0,11.0,3.267113,3d7.(2G).4p,z 1G*,4.0,9.0,5.883387,2.616275,473.89598,187000.0,0.00051513,0.0056664,1.3672e-05
3d7.(2H).4s,b 3H,5.0,11.0,3.267113,3d6.(3F2).4s.4p.(3P*),x 3G*,4.0,9.0,5.927947,2.660835,465.95982,35000.0,9.3213e-05,0.0010253,2.4739e-06
3d7.(2H).4s,b 3H,5.0,11.0,3.267113,3d6.(3G).4s.4p.(3P*),y 5H*,4.0,9.0,5.996109,2.728997,454.32156,30000.0,7.5955e-05,0.00083551,2.0159e-06
3d7.(2H).4s,b 3H,5.0,11.0,3.267113,3d7.(2G).4p,z 1H*,5.0,11.0,5.998678,2.731566,453.89426,31000.0,9.5748e-05,0.0010532,2.5412e-06
3d7.(2H).4s,b 3H,5.0,11.0,3.267113,3d7.(2G).4p,v 3G*,5.0,11.0,6.13237,2.865258,432.71569,481000.0,0.0013502,0.014853,3.5835e-05
3d7.(2H).4s,b 3H,5.0,11.0,3.267113,3d7.(2D2).4p,v 3F*,4.0,9.0,6.36096,3.093848,400.74436,5100000.0,0.010046,0.11051,0.00026663
3d7.(2H).4s,b 3H,5.0,11.0,3.267113,3d7.(2H).4p,u 3G*,4.0,9.0,6.406039,3.138926,394.98923,20800000.0,0.039806,0.43786,0.0010564
3d7.(2H).4s,b 3H,5.0,11.0,3.267113,3d7.(2H).4p,y 3I*,6.0,13.0,6.510852,3.243739,382.22618,55400000.0,0.1434,1.5774,0.0038059
3d7.(2H).4s,b 3H,5.0,11.0,3.267113,3d7.(2H).4p,w 3H*,5.0,11.0,6.523192,3.256079,380.77759,43500000.0,0.094557,1.0401,0.0025095
3d7.(2H).4s,b 3H,5.0,11.0,3.267113,3d7.(2H).4p,y 3I*,5.0,11.0,6.55864,3.291527,376.6768,2360000.0,0.0050201,0.055221,0.00013323
3d7.(2H).4s,b 3H,5.0,11.0,3.267113,3d7.(2H).4p,1I*,6.0,13.0,6.582759,3.315646,373.93677,34400000.0,0.085225,0.93747,0.0022619
3d7.(2H).4s,b 3H,5.0,11.0,3.267113,3d6.(3G).4s.4p.(3P*),t 3G*,4.0,9.0,6.724582,3.45747,358.59806,67400000.0,0.10631,1.1694,0.0028215
3d7.(2H).4s,b 3H,5.0,11.0,3.267113,3d6.(3D).4s.4p.(3P*),5D*,4.0,9.0,6.732508,3.465396,357.77791,8800000.0,0.013817,0.15199,0.00036671
3d7.(2H).4s,b 3H,5.0,11.0,3.267113,3d6.(1G2).4s.4p.(3P*),v 3H*,5.0,11.0,6.884292,3.61718,342.76483,10700000.0,0.018847,0.20731,0.00050019
3d7.(2H).4s,b 3H,5.0,11.0,3.267113,3d6.(1I).4s.4p.(3P*),u 3H*,5.0,11.0,6.990559,3.723447,332.98235,22100000.0,0.036736,0.4041,0.00097498
3d7.(2H).4s,b 3H,5.0,11.0,3.267113,3d6.(1I).4s.4p.(3P*),x 3I*,6.0,13.0,7.075799,3.808687,325.53004,42400000.0,0.079608,0.87569,0.0021128
3d7.(2H).4s,b 3H,5.0,11.0,3.267113,3d6.(1I).4s.4p.(3P*),x 3I*,5.0,11.0,7.080021,3.812908,325.16965,2850000.0,0.0045178,0.049696,0.0001199
3d7.(2H).4s,b 3H,5.0,11.0,3.267113,3d6.(3H).4s.4p.(1P*),3I*,6.0,13.0,7.308463,4.041351,306.78901,17100000.0,0.028516,0.31367,0.00075681
3d7.(2H).4s,b 3H,5.0,11.0,3.267113,3d6.(3H).4s.4p.(1P*),t 3H*,5.0,11.0,7.507134,4.240021,292.41411,139000000.0,0.17818,1.96,0.004729
3d7.(2D2).4s,a 3D,1.0,3.0,3.273984,3d7.(4F).4p,y 3D*,1.0,3.0,4.834855,1.560871,794.32717,182000.0,0.0017216,0.0051648,4.5691e-05
3d7.(2D2).4s,a 3D,1.0,3.0,3.273984,3d7.(4P).4p,u 5D*,1.0,3.0,5.849232,2.575247,481.44583,140000.0,0.0004865,0.0014595,1.2912e-05
3d7.(2D2).4s,a 3D,1.0,3.0,3.273984,3d7.(4P).4p,w 3D*,1.0,3.0,5.860984,2.587,479.2586,356000.0,0.0012259,0.0036777,3.2535e-05
3d7.(2D2).4s,a 3D,1.0,3.0,3.273984,3d7.(4P).4p,x 3P*,2.0,5.0,5.989012,2.715028,456.659,220000.0,0.0011463,0.003439,3.0424e-05
3d7.(2D2).4s,a 3D,1.0,3.0,3.273984,3d6.(3F2).4s.4p.(3P*),v 3D*,2.0,5.0,6.105307,2.831322,437.90207,380000.0,0.0018207,0.0054622,4.8322e-05
3d7.(2D2).4s,a 3D,1.0,3.0,3.273984,3d7.(2P).4p,w 3P*,1.0,3.0,6.204568,2.930583,423.07004,2930000.0,0.0078623,0.023587,0.00020867
3d7.(2D2).4s,a 3D,1.0,3.0,3.273984,3d7.(2D2).4p,v 3F*,2.0,5.0,6.348151,3.074166,403.30998,7600000.0,0.030889,0.092666,0.00081979
3d7.(2D2).4s,a 3D,1.0,3.0,3.273984,3d7.(2P).4p,y 1D*,2.0,5.0,6.411013,3.137029,395.22814,42900000.0,0.16744,0.50232,0.0044439
3d7.(2D2).4s,a 3D,1.0,3.0,3.273984,3d7.(2P).4p,1P*,1.0,3.0,6.469597,3.195613,387.98255,53400000.0,0.12051,0.36153,0.0031984
3d7.(2D2).4s,a 3D,1.0,3.0,3.273984,3d7.(2P).4p,u 3D*,1.0,3.0,6.510715,3.23673,383.05382,13200000.0,0.029037,0.087111,0.00077064
3d7.(2D2).4s,a 3D,1.0,3.0,3.273984,3d7.(2D2).4p,t 3D*,1.0,3.0,6.553532,3.279548,378.0527,10500000.0,0.022498,0.067495,0.00059711
3d7.(2D2).4s,a 3D,1.0,3.0,3.273984,3d7.(2D2).4p,w 1D*,2.0,5.0,6.912644,3.63866,340.74141,27000000.0,0.078329,0.23499,0.0020788
3d7.(2D2).4s,a 3D,1.0,3.0,3.273984,3d6.(1G2).4s.4p.(3P*),u 3F*,2.0,5.0,7.049575,3.77559,328.38363,34200000.0,0.09215,0.27645,0.0024457
3d6.(5D).4s.4p.(3P*),z 5D*,1.0,3.0,3.283025,3d6.(5D).4s (6D).5s,e 5D,2.0,5.0,5.620684,2.337659,530.37753,9040000.0,0.06354,0.19062,0.0016864
3d6.(5D).4s.4p.(3P*),z 5D*,1.0,3.0,3.283025,3d6.(5D).4s (6D).5s,e 5D,1.0,3.0,5.642416,2.359391,525.4924,2150000.0,0.0089008,0.026703,0.00023623
3d6.(5D).4s.4p.(3P*),z 5D*,1.0,3.0,3.283025,3d7.(4F).5s,e 5F,2.0,5.0,5.955788,2.672764,463.88016,2800000.0,0.015055,0.045165,0.00039956
3d6.(5D).4s.4p.(3P*),z 5D*,1.0,3.0,3.283025,3d6.(5D).4s (6D).4d,f 5D,1.0,3.0,6.308329,3.025304,409.82396,2900000.0,0.0073022,0.021907,0.0001938
3d6.(5D).4s.4p.(3P*),z 5D*,1.0,3.0,3.283025,3d6.(5D).4s (6D).4d,f 5D,0.0,1.0,6.32084,3.037815,408.13609,23000000.0,0.019146,0.057438,0.00050813
3d6.(5D).4s.4p.(3P*),z 5D*,1.0,3.0,3.283025,3d6.(5D).4s (6D).4d,f 7D,1.0,3.0,6.329159,3.046134,407.02151,1900000.0,0.004719,0.014157,0.00012524
3d6.(5D).4s.4p.(3P*),z 5D*,1.0,3.0,3.283025,3d6.(5D).4s (6D).4d,f 5F,2.0,5.0,6.410605,3.12758,396.42216,15000000.0,0.0589,0.1767,0.0015632
3d6.(5D).4s.4p.(3P*),z 5D*,1.0,3.0,3.283025,3d6.(5D).4s (6D).4d,f 5F,1.0,3.0,6.41674,3.133715,395.64606,15000000.0,0.035202,0.10561,0.00093426
3d6.(5D).4s.4p.(3P*),z 5D*,1.0,3.0,3.283025,3d6.(5D).4s (6D).4d,e 5P,1.0,3.0,6.449617,3.166592,391.53826,5800000.0,0.01333,0.039991,0.00035378
3d6.(5D).4s.4p.(3P*),z 5D*,1.0,3.0,3.283025,3d6.(5D).4s (4D).5s,g 5D,2.0,5.0,6.453356,3.170331,391.07654,5700000.0,0.021782,0.065347,0.00057811
3d6.(5D).4s.4p.(3P*),z 5D*,1.0,3.0,3.283025,3d7.(4F).4d,h 5D,1.0,3.0,6.711581,3.428556,361.62219,6100000.0,0.011959,0.035877,0.0003174
3d6.(5D).4s.4p.(3P*),z 5D*,0.0,1.0,3.29184,3d6.(5D).4s (6D).5s,e 5D,1.0,3.0,5.642416,2.350576,527.46308,8120000.0,0.10161,0.10161,0.0026966
3d6.(5D).4s.4p.(3P*),z 5D*,0.0,1.0,3.29184,3d7.(4F).5s,e 5F,1.0,3.0,5.978682,2.686842,461.44947,2500000.0,0.023942,0.023942,0.00063543
3d6.(5D).4s.4p.(3P*),z 5D*,0.0,1.0,3.29184,3d6.(5D).4s (6D).4d,f 5D,1.0,3.0,6.308329,3.016489,411.02158,3620000.0,0.027505,0.027505,0.00072999
3d6.(5D).4s.4p.(3P*),z 5D*,0.0,1.0,3.29184,3d6.(5D).4s (6D).4d,f 7D,1.0,3.0,6.329159,3.037319,408.20279,2300000.0,0.017237,0.017237,0.00045747
3d6.(5D).4s.4p.(3P*),z 5D*,0.0,1.0,3.29184,3d6.(5D).4s (6D).4d,e 5P,1.0,3.0,6.449617,3.157777,392.63125,6200000.0,0.042988,0.042988,0.0011409
3d6.(5D).4s.4p.(3P*),z 5D*,0.0,1.0,3.29184,3d6.(5D).4s (4D).5s,g 5D,1.0,3.0,6.473754,3.181914,389.65291,3380000.0,0.023081,0.023081,0.00061257
3d6.(5D).4s.4p.(3P*),z 5D*,0.0,1.0,3.29184,3d7.(4F).4d,g 5F,1.0,3.0,6.743028,3.451188,359.2508,6300000.0,0.036569,0.036569,0.00097055
3d7.(2D2).4s,a 3D,2.0,5.0,3.300922,3d7.(4F).4p,y 3D*,2.0,5.0,4.795466,1.494543,829.57921,141000.0,0.0014548,0.0072739,3.861e-05
3d7.(2D2).4s,a 3D,2.0,5.0,3.300922,3d7.(4P).4p,w 3D*,2.0,5.0,5.84413,2.543207,487.51121,55000.0,0.00019597,0.00097985,5.2011e-06
3d7.(2D2).4s,a 3D,2.0,5.0,3.300922,3d7.(4P).4p,y 3S*,1.0,3.0,5.896144,2.595222,477.74029,220000.0,0.00045167,0.0022583,1.1987e-05
3d7.(2D2).4s,a 3D,2.0,5.0,3.300922,3d5.(6S).4s2.4p,v 5P*,1.0,3.0,5.987181,2.686259,461.54976,280000.0,0.00053654,0.0026827,1.424e-05
3d7.(2D2).4s,a 3D,2.0,5.0,3.300922,3d7.(4P).4p,x 3P*,1.0,3.0,6.015234,2.714312,456.77946,448000.0,0.00084082,0.0042041,2.2315e-05
3d7.(2D2).4s,a 3D,2.0,5.0,3.300922,3d6.(3F2).4s.4p.(3P*),v 3D*,1.0,3.0,6.112128,2.811205,441.03573,740000.0,0.0012948,0.0064738,3.4363e-05
3d7.(2D2).4s,a 3D,2.0,5.0,3.300922,3d6.(3F2).4s.4p.(3P*),1F*,3.0,7.0,6.134382,2.833459,437.57181,168000.0,0.00067514,0.0033757,1.7918e-05
3d7.(2D2).4s,a 3D,2.0,5.0,3.300922,3d7.(2P).4p,w 3P*,1.0,3.0,6.204568,2.903645,426.995,3300000.0,0.0054122,0.027061,0.00014364
3d7.(2D2).4s,a 3D,2.0,5.0,3.300922,3d7.(2P).4p,w 3P*,2.0,5.0,6.222374,2.921452,424.39239,1320000.0,0.0035643,0.017821,9.4595e-05
3d7.(2D2).4s,a 3D,2.0,5.0,3.300922,3d7.(2G).4p,z 1F*,3.0,7.0,6.271974,2.971051,417.30753,1090000.0,0.0039841,0.01992,0.00010574
3d7.(2D2).4s,a 3D,2.0,5.0,3.300922,3d7.(2D2).4p,v 3F*,3.0,7.0,6.368487,3.067564,404.17797,4800000.0,0.016458,0.082289,0.00043679
3d7.(2D2).4s,a 3D,2.0,5.0,3.300922,3d7.(2P).4p,y 1D*,2.0,5.0,6.411013,3.110091,398.65141,8530000.0,0.020323,0.10162,0.00053938
3d7.(2D2).4s,a 3D,2.0,5.0,3.300922,3d7.(2H).4p,u 3G*,3.0,7.0,6.425577,3.124654,396.79331,681000.0,0.0022504,0.011252,5.9726e-05
3d7.(2D2).4s,a 3D,2.0,5.0,3.300922,3d7.(2D2).4p,t 3D*,3.0,7.0,6.473615,3.172693,390.78536,7050000.0,0.022597,0.11299,0.00059973
3d7.(2D2).4s,a 3D,2.0,5.0,3.300922,3d7.(2P).4p,u 3D*,2.0,5.0,6.483992,3.183069,389.51147,10300000.0,0.023428,0.11714,0.00062178
3d7.(2D2).4s,a 3D,2.0,5.0,3.300922,3d7.(2D2).4p,t 3D*,2.0,5.0,6.53185,3.230927,383.74185,32900000.0,0.072633,0.36316,0.0019277
3d7.(2D2).4s,a 3D,2.0,5.0,3.300922,3d7.(2D2).4p,t 3D*,1.0,3.0,6.553532,3.25261,381.18372,19400000.0,0.025356,0.12678,0.00067295
3d7.(2D2).4s,a 3D,2.0,5.0,3.300922,3d7.(2D2).4p,v 3P*,2.0,5.0,6.560784,3.259862,380.33573,5630000.0,0.01221,0.061048,0.00032404
3d7.(2D2).4s,a 3D,2.0,5.0,3.300922,3d7.(2D2).4p,v 3P*,1.0,3.0,6.599672,3.298749,375.85216,8260000.0,0.010496,0.05248,0.00027856
3d7.(2D2).4s,a 3D,2.0,5.0,3.300922,3d6.(3G).4s.4p.(3P*),t 3G*,3.0,7.0,6.769581,3.468658,357.44138,10500000.0,0.028157,0.14079,0.00074729
3d7.(2D2).4s,a 3D,2.0,5.0,3.300922,3d6.(1G2).4s.4p.(3P*),u 3F*,3.0,7.0,7.040235,3.739312,331.56953,72500000.0,0.16729,0.83646,0.0044399
3d7.(2H).4s,b 3H,4.0,9.0,3.301403,3d6.(3H).4s.4p.(3P*),z 3H*,4.0,9.0,5.84046,2.539057,488.30807,515000.0,0.001841,0.016569,4.886e-05
3d7.(2H).4s,b 3H,4.0,9.0,3.301403,3d6.(3F2).4s.4p.(3P*),x 3G*,5.0,11.0,5.930728,2.629326,471.54373,65000.0,0.00026483,0.0023835,7.0286e-06
3d7.(2H).4s,b 3H,4.0,9.0,3.301403,3d7.(2G).4p,z 1H*,5.0,11.0,5.998678,2.697275,459.66457,501000.0,0.0019397,0.017457,5.1479e-05
3d7.(2H).4s,b 3H,4.0,9.0,3.301403,3d6.(3H).4s.4p.(3P*),y 1G*,4.0,9.0,6.038345,2.736942,453.00265,369000.0,0.0011352,0.010217,3.0129e-05
3d7.(2H).4s,b 3H,4.0,9.0,3.301403,3d7.(2G).4p,v 3G*,4.0,9.0,6.153073,2.851671,434.77741,752000.0,0.0021311,0.01918,5.656e-05
3d7.(2H).4s,b 3H,4.0,9.0,3.301403,3d7.(2G).4p,y 3H*,4.0,9.0,6.165361,2.863958,432.91203,716000.0,0.0020117,0.018106,5.3392e-05
3d7.(2H).4s,b 3H,4.0,9.0,3.301403,3d6.(3F2).4s.4p.(3P*),x 1G*,4.0,9.0,6.275334,2.973931,416.90336,585000.0,0.0015244,0.013719,4.0456e-05
3d7.(2H).4s,b 3H,4.0,9.0,3.301403,3d7.(2H).4p,u 3G*,3.0,7.0,6.425577,3.124174,396.85431,15200000.0,0.027914,0.25123,0.00074084
3d7.(2H).4s,b 3H,4.0,9.0,3.301403,3d7.(2P).4p,u 3D*,3.0,7.0,6.443347,3.141945,394.60976,570000.0,0.001035,0.0093147,2.7468e-05
3d7.(2H).4s,b 3H,4.0,9.0,3.301403,3d7.(2H).4p,y 3I*,5.0,11.0,6.55864,3.257237,380.64222,86000000.0,0.22832,2.0549,0.0060596
3d7.(2H).4s,b 3H,4.0,9.0,3.301403,3d7.(2D2).4p,x 1F*,3.0,7.0,6.665797,3.364394,368.51862,9290000.0,0.014711,0.1324,0.00039044
3d7.(2H).4s,b 3H,4.0,9.0,3.301403,3d6.(3G).4s.4p.(3P*),t 3G*,3.0,7.0,6.769581,3.468178,357.49089,57300000.0,0.085389,0.7685,0.0022662
3d7.(2H).4s,b 3H,4.0,9.0,3.301403,3d6.(3G).4s.4p.(3P*),w 1G*,4.0,9.0,6.79568,3.494277,354.82073,7130000.0,0.013458,0.12112,0.00035716
3d7.(2H).4s,b 3H,4.0,9.0,3.301403,3d6.(1G2).4s.4p.(3P*),v 3H*,4.0,9.0,6.874429,3.573026,347.00054,8580000.0,0.015488,0.1394,0.00041106
3d7.(2H).4s,b 3H,4.0,9.0,3.301403,3d6.(1I).4s.4p.(3P*),u 3H*,4.0,9.0,6.995596,3.694193,335.61919,25900000.0,0.043737,0.39364,0.0011608
3d7.(2H).4s,b 3H,4.0,9.0,3.301403,3d6.(1G2).4s.4p.(3P*),u 3F*,4.0,9.0,7.016601,3.715198,333.72163,4910000.0,0.008198,0.073782,0.00021758
3d7.(2H).4s,b 3H,4.0,9.0,3.301403,3d6.(1I).4s.4p.(3P*),x 3I*,5.0,11.0,7.080021,3.778618,328.1205,42100000.0,0.083054,0.74748,0.0022042
3d7.(2H).4s,b 3H,4.0,9.0,3.301403,3d6.(3H).4s.4p.(1P*),3I*,5.0,11.0,7.325709,4.024306,308.08839,8350000.0,0.014523,0.1307,0.00038543
3d7.(2H).4s,b 3H,4.0,9.0,3.301403,3d6.(3H).4s.4p.(1P*),t 3H*,4.0,9.0,7.532982,4.231579,292.99748,153000000.0,0.19691,1.7722,0.0052261
3d6.(5D).4s.4p.(3P*),z 5F*,5.0,11.0,3.33202,3d6.(5D).4s (6D).5s,e 7D,5.0,11.0,5.308489,1.97647,627.30122,30500.0,0.00017993,0.0019793,4.7754e-06
3d6.(5D).4s.4p.(3P*),z 5F*,5.0,11.0,3.33202,3d6.(5D).4s (6D).5s,e 5D,4.0,9.0,5.539243,2.207223,561.72025,26400000.0,0.10218,1.1239,0.0027118
3d6.(5D).4s.4p.(3P*),z 5F*,5.0,11.0,3.33202,3d7.(4F).5s,e 5F,5.0,11.0,5.82794,2.49592,496.7474,3310000.0,0.012245,0.13469,0.00032498
3d6.(5D).4s.4p.(3P*),z 5F*,5.0,11.0,3.33202,3d7.(4F).5s,e 5F,4.0,9.0,5.874118,2.542098,487.72387,340000.0,0.00099206,0.010913,2.6329e-05
3d6.(5D).4s.4p.(3P*),z 5F*,5.0,11.0,3.33202,3d6.(5D).4s (6D).4d,e 7F,6.0,13.0,6.241629,2.909609,426.1198,1570000.0,0.005051,0.05556,0.00013405
3d6.(5D).4s.4p.(3P*),z 5F*,5.0,11.0,3.33202,3d6.(5D).4s (6D).4d,f 5D,4.0,9.0,6.251672,2.919653,424.65393,1010000.0,0.0022341,0.024575,5.9293e-05
3d6.(5D).4s.4p.(3P*),z 5F*,5.0,11.0,3.33202,3d6.(5D).4s (6D).4d,e 5G,6.0,13.0,6.264047,2.932027,422.8617,52900000.0,0.1676,1.8436,0.004448
3d6.(5D).4s.4p.(3P*),z 5F*,5.0,11.0,3.33202,3d6.(5D).4s (6D).4d,e 5G,5.0,11.0,6.286479,2.954459,419.65109,11100000.0,0.029306,0.32237,0.00077779
3d6.(5D).4s.4p.(3P*),z 5F*,5.0,11.0,3.33202,3d6.(5D).4s (6D).4d,e 7F,5.0,11.0,6.302543,2.970524,417.38164,2240000.0,0.0058502,0.064353,0.00015527
3d6.(5D).4s.4p.(3P*),z 5F*,5.0,11.0,3.33202,3d6.(5D).4s (6D).4d,e 7G,6.0,13.0,6.319206,2.987186,415.05348,4230000.0,0.012911,0.14202,0.00034266
3d6.(5D).4s.4p.(3P*),z 5F*,5.0,11.0,3.33202,3d6.(5D).4s (6D).4d,f 5F,5.0,11.0,6.335988,3.003969,412.73466,4200000.0,0.010726,0.11799,0.00028468
3d6.(5D).4s.4p.(3P*),z 5F*,5.0,11.0,3.33202,3d6.(5D).4s (6D).4d,e 7G,5.0,11.0,6.351531,3.019512,410.61012,260000.0,0.00065719,0.0072291,1.7442e-05
3d6.(5D).4s.4p.(3P*),z 5F*,5.0,11.0,3.33202,3d6.(5D).4s (6D).4d,e 7G,4.0,9.0,6.364718,3.032698,408.82471,1900000.0,0.0038953,0.042848,0.00010338
3d6.(5D).4s.4p.(3P*),z 5F*,5.0,11.0,3.33202,3d6.(5D).4s (4D).5s,g 5D,4.0,9.0,6.36665,3.03463,408.56446,8660000.0,0.017732,0.19505,0.0004706
3d6.(5D).4s.4p.(3P*),z 5F*,5.0,11.0,3.33202,3d7.(4F).4d,g 5F,5.0,11.0,6.578765,3.246745,381.87225,7700000.0,0.016834,0.18517,0.00044677
3d6.(5D).4s.4p.(3P*),z 5F*,5.0,11.0,3.33202,3d7.(4F).4d,h 5D,4.0,9.0,6.590398,3.258379,380.50889,4600000.0,0.0081695,0.089865,0.00021682
3d6.(5D).4s.4p.(3P*),z 5F*,5.0,11.0,3.33202,3d7.(4F).4d,f 5G,6.0,13.0,6.592134,3.260114,380.30628,3700000.0,0.0094815,0.1043,0.00025164
3d6.(5D).4s.4p.(3P*),z 5F*,4.0,9.0,3.368256,3d6.(5D).4s (6D).5s,e 5D,4.0,9.0,5.539243,2.170986,571.09616,2130000.0,0.010415,0.093735,0.00027641
3d6.(5D).4s.4p.(3P*),z 5F*,4.0,9.0,3.368256,3d6.(5D).4s (6D).5s,e 5D,3.0,7.0,5.586893,2.218636,558.83064,21900000.0,0.079748,0.71773,0.0021165
3d6.(5D).4s.4p.(3P*),z 5F*,4.0,9.0,3.368256,3d7.(4F).5s,e 5F,5.0,11.0,5.82794,2.459684,504.06564,638000.0,0.0029703,0.026733,7.8833e-05
3d6.(5D).4s.4p.(3P*),z 5F*,4.0,9.0,3.368256,3d7.(4F).5s,e 3F,4.0,9.0,5.946399,2.578142,480.90518,230000.0,0.00079746,0.0071771,2.1164e-05
3d6.(5D).4s.4p.(3P*),z 5F*,4.0,9.0,3.368256,3d6.(5D).4s (6D).4d,f 5D,3.0,7.0,6.265467,2.89721,427.94338,1000000.0,0.0021354,0.019219,5.6675e-05
3d6.(5D).4s.4p.(3P*),z 5F*,4.0,9.0,3.368256,3d6.(5D).4s (6D).4d,e 7P,3.0,7.0,6.274997,2.90674,426.54035,1620000.0,0.0034368,0.030931,9.1212e-05
3d6.(5D).4s.4p.(3P*),z 5F*,4.0,9.0,3.368256,3d6.(5D).4s (6D).4d,e 5G,5.0,11.0,6.286479,2.918222,424.86208,19400000.0,0.064166,0.5775,0.001703
3d6.(5D).4s.4p.(3P*),z 5F*,4.0,9.0,3.368256,3d6.(5D).4s (6D).4d,e 7F,5.0,11.0,6.302543,2.934287,422.53608,10600000.0,0.034677,0.31209,0.00092033
3d6.(5D).4s.4p.(3P*),z 5F*,4.0,9.0,3.368256,3d6.(5D).4s (6D).4d,e 5G,4.0,9.0,6.320662,2.952406,419.94294,14700000.0,0.038865,0.34978,0.0010315
3d6.(5D).4s.4p.(3P*),z 5F*,4.0,9.0,3.368256,3d6.(5D).4s (6D).4d,e 7F,3.0,7.0,6.341649,2.973393,416.97891,680000.0,0.0013786,0.012408,3.6589e-05
3d6.(5D).4s.4p.(3P*),z 5F*,4.0,9.0,3.368256,3d6.(5D).4s (6D).4d,e 7F,4.0,9.0,6.347033,2.978777,416.22524,950000.0,0.0024674,0.022207,6.5485e-05
3d6.(5D).4s.4p.(3P*),z 5F*,4.0,9.0,3.368256,3d6.(5D).4s (6D).4d,e 7G,5.0,11.0,6.351531,2.983275,415.59766,14000000.0,0.044308,0.39877,0.0011759
3d6.(5D).4s.4p.(3P*),z 5F*,4.0,9.0,3.368256,3d6.(5D).4s (6D).4d,e 7G,4.0,9.0,6.364718,2.996461,413.76872,1320000.0,0.003388,0.030492,8.9919e-05
3d6.(5D).4s.4p.(3P*),z 5F*,4.0,9.0,3.368256,3d6.(5D).4s (4D).5s,g 5D,4.0,9.0,6.36665,2.998393,413.50213,2120000.0,0.0054344,0.04891,0.00014423
3d6.(5D).4s.4p.(3P*),z 5F*,4.0,9.0,3.368256,3d6.(5D).4s (6D).4d,f 5F,4.0,9.0,6.380434,3.012177,411.60987,1570000.0,0.0039878,0.03589,0.00010584
3d6.(5D).4s.4p.(3P*),z 5F*,4.0,9.0,3.368256,3d6.(5D).4s (6D).4d,f 5F,3.0,7.0,6.398093,3.029837,409.21079,1100000.0,0.0021478,0.019331,5.7004e-05
3d6.(5D).4s.4p.(3P*),z 5F*,4.0,9.0,3.368256,3d7.(4F).4d,f 5P,3.0,7.0,6.591074,3.222817,384.70752,4500000.0,0.0077658,0.069893,0.00020611
3d6.(5D).4s.4p.(3P*),z 5F*,4.0,9.0,3.368256,3d7.(4F).4d,h 5D,3.0,7.0,6.638837,3.270581,379.08924,4100000.0,0.0068704,0.061834,0.00018234
3d6.(5D).4s.4p.(3P*),z 5F*,4.0,9.0,3.368256,3d7.(4F).4d,e 3G,5.0,11.0,6.662841,3.294585,376.32724,2400000.0,0.0062281,0.056052,0.00016529
3d6.(5D).4s.4p.(3P*),z 5F*,3.0,7.0,3.396509,3d6.(5D).4s (6D).5s,e 5D,4.0,9.0,5.539243,2.142734,578.62618,65000.0,0.00041948,0.0029364,1.1133e-05
3d6.(5D).4s.4p.(3P*),z 5F*,3.0,7.0,3.396509,3d6.(5D).4s (6D).5s,e 5D,3.0,7.0,5.586893,2.190384,566.03865,4340000.0,0.020847,0.14593,0.00055328
3d6.(5D).4s.4p.(3P*),z 5F*,3.0,7.0,3.396509,3d6.(5D).4s (6D).5s,e 5D,2.0,5.0,5.620684,2.224175,557.43896,22800000.0,0.075868,0.53108,0.0020135
3d6.(5D).4s.4p.(3P*),z 5F*,3.0,7.0,3.396509,3d7.(4F).5s,e 5F,4.0,9.0,5.874118,2.477609,500.41875,880000.0,0.0042477,0.029734,0.00011273
3d6.(5D).4s.4p.(3P*),z 5F*,3.0,7.0,3.396509,3d7.(4F).5s,e 3F,4.0,9.0,5.946399,2.54989,486.23354,130000.0,0.00059243,0.004147,1.5723e-05
3d6.(5D).4s.4p.(3P*),z 5F*,3.0,7.0,3.396509,3d7.(4F).5s,e 5F,2.0,5.0,5.955788,2.55928,484.4496,920000.0,0.0023122,0.016185,6.1365e-05
3d6.(5D).4s.4p.(3P*),z 5F*,3.0,7.0,3.396509,3d7.(4F).5s,e 3F,3.0,7.0,6.017184,2.620676,473.10014,160000.0,0.00053689,0.0037582,1.4249e-05
3d6.(5D).4s.4p.(3P*),z 5F*,3.0,7.0,3.396509,3d6.(5D).4s (6D).4d,e 5G,4.0,9.0,6.320662,2.924153,424.00032,24100000.0,0.083513,0.58459,0.0022164
3d6.(5D).4s.4p.(3P*),z 5F*,3.0,7.0,3.396509,3d6.(5D).4s (6D).4d,f 7D,2.0,5.0,6.323026,2.926517,423.65783,1570000.0,0.0030176,0.021123,8.0087e-05
3d6.(5D).4s.4p.(3P*),z 5F*,3.0,7.0,3.396509,3d6.(5D).4s (6D).4d,e 7F,4.0,9.0,6.347033,2.950524,420.21076,6250000.0,0.021272,0.14891,0.00056457
3d6.(5D).4s.4p.(3P*),z 5F*,3.0,7.0,3.396509,3d6.(5D).4s (6D).4d,e 5G,3.0,7.0,6.350349,2.95384,419.73909,10900000.0,0.02879,0.20153,0.00076409
3d6.(5D).4s.4p.(3P*),z 5F*,3.0,7.0,3.396509,3d6.(5D).4s (4D).5s,e 3D,3.0,7.0,6.359673,2.963164,418.41829,400000.0,0.0010499,0.0073492,2.7864e-05
3d6.(5D).4s.4p.(3P*),z 5F*,3.0,7.0,3.396509,3d6.(5D).4s (6D).4d,e 5G,2.0,5.0,6.369086,2.972577,417.09325,1000000.0,0.0018629,0.013041,4.9442e-05
3d6.(5D).4s.4p.(3P*),z 5F*,3.0,7.0,3.396509,3d6.(5D).4s (6D).4d,f 5F,4.0,9.0,6.380434,2.983925,415.50707,20500000.0,0.06822,0.47754,0.0018106
3d6.(5D).4s.4p.(3P*),z 5F*,3.0,7.0,3.396509,3d6.(5D).4s (6D).4d,f 5F,3.0,7.0,6.398093,3.001585,413.06249,650000.0,0.0016627,0.011639,4.4127e-05
3d6.(5D).4s.4p.(3P*),z 5F*,3.0,7.0,3.396509,3d6.(5D).4s (6D).4d,f 5F,2.0,5.0,6.410605,3.014096,411.34789,1500000.0,0.0027179,0.019026,7.2134e-05
3d6.(5D).4s.4p.(3P*),z 5F*,3.0,7.0,3.396509,3d6.(5D).4s (4D).5s,e 3D,2.0,5.0,6.414933,3.018424,410.7581,2520000.0,0.0045531,0.031871,0.00012084
3d6.(5D).4s.4p.(3P*),z 5F*,3.0,7.0,3.396509,3d6.(5D).4s (4D).5s,g 5D,3.0,7.0,6.418731,3.022222,410.24183,2600000.0,0.0065601,0.045921,0.00017411
3d6.(5D).4s.4p.(3P*),z 5F*,3.0,7.0,3.396509,3d6.(5D).4s (6D).4d,e 5P,3.0,7.0,6.426998,3.03049,409.12267,1000000.0,0.0025094,0.017566,6.6599e-05
3d6.(5D).4s.4p.(3P*),z 5F*,3.0,7.0,3.396509,3d6.(5D).4s (6D).4d,e 5P,2.0,5.0,6.455543,3.059035,405.30499,3300000.0,0.0058051,0.040636,0.00015407
3d6.(5D).4s.4p.(3P*),z 5F*,3.0,7.0,3.396509,3d7.(4F).4d,f 5P,2.0,5.0,6.641679,3.24517,382.05766,4900000.0,0.0076592,0.053615,0.00020328
3d7.(2P).4s,a 1P,1.0,3.0,3.414897,3d6.(3P2).4s.4p.(3P*),1D*,2.0,5.0,5.879292,2.464395,503.10203,530000.0,0.0033519,0.010056,8.8961e-05
3d7.(2P).4s,a 1P,1.0,3.0,3.414897,3d7.(4P).4p,x 3P*,0.0,1.0,6.008288,2.593391,478.07752,2790000.0,0.0031867,0.0095601,8.4575e-05
3d7.(2P).4s,a 1P,1.0,3.0,3.414897,3d7.(2G).4p,w 3F*,2.0,5.0,6.128927,2.71403,456.82693,590000.0,0.0030765,0.0092296,8.1652e-05
3d7.(2P).4s,a 1P,1.0,3.0,3.414897,3d7.(2P).4p,y 1D*,2.0,5.0,6.411013,2.996116,413.81644,27500000.0,0.11767,0.353,0.0031229
3d7.(2P).4s,a 1P,1.0,3.0,3.414897,3d7.(2P).4p,u 3D*,1.0,3.0,6.510715,3.095818,400.48933,6760000.0,0.016255,0.048765,0.00043141
3d7.(2P).4s,a 1P,1.0,3.0,3.414897,3d7.(2D2).4p,t 3D*,2.0,5.0,6.53185,3.116952,397.77379,12000000.0,0.047442,0.14233,0.0012591
3d7.(2P).4s,a 1P,1.0,3.0,3.414897,3d7.(2D2).4p,t 3D*,1.0,3.0,6.553532,3.138635,395.02582,4200000.0,0.0098256,0.029477,0.00026077
3d7.(2P).4s,a 1P,1.0,3.0,3.414897,3d7.(2D2).4p,v 3P*,1.0,3.0,6.599672,3.184774,389.30292,27100000.0,0.061575,0.18472,0.0016342
3d7.(2P).4s,a 1P,1.0,3.0,3.414897,3d7.(2P).4p,x 3S*,1.0,3.0,6.671386,3.256489,380.7297,25000000.0,0.054329,0.16299,0.0014419
3d7.(2P).4s,a 1P,1.0,3.0,3.414897,3d7.(2D2).4p,w 1D*,2.0,5.0,6.912644,3.497747,354.46877,16000000.0,0.050232,0.1507,0.0013332
3d7.(2P).4s,a 1P,1.0,3.0,3.414897,3d6.(1G2).4s.4p.(3P*),u 3F*,2.0,5.0,7.049575,3.634677,341.11473,50700000.0,0.14741,0.44222,0.0039122
3d6.(5D).4s.4p.(3P*),z 5F*,2.0,5.0,3.416953,3d6.(5D).4s (6D).5s,e 5D,3.0,7.0,5.586893,2.16994,571.37156,299000.0,0.0020488,0.010244,5.4375e-05
3d6.(5D).4s.4p.(3P*),z 5F*,2.0,5.0,3.416953,3d6.(5D).4s (6D).5s,e 5D,2.0,5.0,5.620684,2.203731,562.61032,7410000.0,0.035164,0.17582,0.00093324
3d6.(5D).4s.4p.(3P*),z 5F*,2.0,5.0,3.416953,3d6.(5D).4s (6D).5s,e 5D,1.0,3.0,5.642416,2.225463,557.11644,23400000.0,0.065331,0.32665,0.0017339
3d6.(5D).4s.4p.(3P*),z 5F*,2.0,5.0,3.416953,3d7.(4F).5s,e 5F,1.0,3.0,5.978682,2.561729,483.98632,1200000.0,0.0025285,0.012642,6.7106e-05
3d6.(5D).4s.4p.(3P*),z 5F*,2.0,5.0,3.416953,3d7.(4F).5s,e 3F,3.0,7.0,6.017184,2.600232,476.81983,230000.0,0.0010975,0.0054877,2.9129e-05
3d6.(5D).4s.4p.(3P*),z 5F*,2.0,5.0,3.416953,3d6.(5D).4s (6D).4d,e 5G,3.0,7.0,6.350349,2.933396,422.66442,16500000.0,0.061868,0.30934,0.001642
3d6.(5D).4s.4p.(3P*),z 5F*,2.0,5.0,3.416953,3d6.(5D).4s (6D).4d,e 7F,2.0,5.0,6.364239,2.947287,420.67236,2770000.0,0.007349,0.036745,0.00019504
3d6.(5D).4s.4p.(3P*),z 5F*,2.0,5.0,3.416953,3d6.(5D).4s (6D).4d,e 5G,2.0,5.0,6.369086,2.952133,419.98169,12500000.0,0.033054,0.16527,0.00087727
3d6.(5D).4s.4p.(3P*),z 5F*,2.0,5.0,3.416953,3d6.(5D).4s (6D).4d,e 7G,3.0,7.0,6.380291,2.963338,418.39367,1300000.0,0.0047764,0.023882,0.00012677
3d6.(5D).4s.4p.(3P*),z 5F*,2.0,5.0,3.416953,3d6.(5D).4s (6D).4d,e 7G,2.0,5.0,6.390111,2.973158,417.0118,1900000.0,0.0049535,0.024767,0.00013147
3d6.(5D).4s.4p.(3P*),z 5F*,2.0,5.0,3.416953,3d6.(5D).4s (6D).4d,f 5F,3.0,7.0,6.398093,2.981141,415.89518,21800000.0,0.079143,0.39571,0.0021005
3d6.(5D).4s.4p.(3P*),z 5F*,2.0,5.0,3.416953,3d6.(5D).4s (4D).5s,g 5D,2.0,5.0,6.453356,3.036403,408.32593,2500000.0,0.006249,0.031245,0.00016585
3d6.(5D).4s.4p.(3P*),z 5F*,2.0,5.0,3.416953,3d6.(5D).4s (6D).4d,e 5P,2.0,5.0,6.455543,3.038591,408.03193,5400000.0,0.013479,0.067393,0.00035772
3d6.(5D).4s.4p.(3P*),z 5F*,2.0,5.0,3.416953,3d6.(5D).4s (4D).5s,g 5D,1.0,3.0,6.473754,3.056801,405.60116,9610000.0,0.014221,0.071105,0.00037743
3d6.(5D).4s.4p.(3P*),z 5F*,2.0,5.0,3.416953,3d7.(4F).4d,f 5P,1.0,3.0,6.685873,3.26892,379.28185,6700000.0,0.0086698,0.043349,0.0002301
3d6.(5D).4s.4p.(3P*),z 5F*,1.0,3.0,3.43019,3d6.(5D).4s (6D).5s,e 5D,2.0,5.0,5.620684,2.190494,566.01017,580000.0,0.0046429,0.013929,0.00012322
3d6.(5D).4s.4p.(3P*),z 5F*,1.0,3.0,3.43019,3d6.(5D).4s (6D).5s,e 5D,1.0,3.0,5.642416,2.212226,560.45003,10000000.0,0.047091,0.14127,0.0012498
3d6.(5D).4s.4p.(3P*),z 5F*,1.0,3.0,3.43019,3d6.(5D).4s (6D).5s,e 5D,0.0,1.0,5.65307,2.22288,557.76374,25000000.0,0.038867,0.1166,0.0010315
3d6.(5D).4s.4p.(3P*),z 5F*,1.0,3.0,3.43019,3d6.(5D).4s (6D).4d,e 7F,2.0,5.0,6.364239,2.934049,422.57025,6810000.0,0.030385,0.091154,0.00080641
3d6.(5D).4s.4p.(3P*),z 5F*,1.0,3.0,3.43019,3d6.(5D).4s (6D).4d,e 5G,2.0,5.0,6.369086,2.938896,421.87334,24600000.0,0.1094,0.32819,0.0029034
3d6.(5D).4s.4p.(3P*),z 5F*,1.0,3.0,3.43019,3d6.(5D).4s (6D).4d,e 7G,2.0,5.0,6.390111,2.959921,418.87673,4480000.0,0.019641,0.058922,0.00052127
3d6.(5D).4s.4p.(3P*),z 5F*,1.0,3.0,3.43019,3d6.(5D).4s (6D).4d,f 5F,2.0,5.0,6.410605,2.980415,415.99646,16000000.0,0.069184,0.20755,0.0018362
3d6.(5D).4s.4p.(3P*),z 5F*,1.0,3.0,3.43019,3d6.(5D).4s (6D).4d,f 5F,1.0,3.0,6.41674,2.98655,415.1419,7700000.0,0.019895,0.059685,0.00052801
3d6.(5D).4s.4p.(3P*),z 5F*,1.0,3.0,3.43019,3d6.(5D).4s (4D).5s,g 5D,1.0,3.0,6.473754,3.043564,407.36521,4880000.0,0.012141,0.036422,0.00032222
3d6.(5D).4s.4p.(3P*),z 5F*,1.0,3.0,3.43019,3d6.(5D).4s (4D).5s,g 5D,0.0,1.0,6.479085,3.048895,406.65287,17000000.0,0.014049,0.042146,0.00037285
3d7.(2D2).4s,a 1D,2.0,5.0,3.54652,3d6.(3F2).4s.4p.(3P*),v 3D*,3.0,7.0,6.091966,2.545446,487.08233,130000.0,0.00064734,0.0032367,1.7181e-05
3d7.(2D2).4s,a 1D,2.0,5.0,3.54652,3d7.(2G).4p,w 3F*,3.0,7.0,6.10534,2.55882,484.53667,362000.0,0.0017838,0.0089191,4.7342e-05
3d7.(2D2).4s,a 1D,2.0,5.0,3.54652,3d6.(3F2).4s.4p.(3P*),1F*,3.0,7.0,6.134382,2.587862,479.09897,4570000.0,0.022017,0.11008,0.00058433
3d7.(2D2).4s,a 1D,2.0,5.0,3.54652,3d7.(2G).4p,v 3G*,3.0,7.0,6.180685,2.634165,470.67734,230000.0,0.0010695,0.0053473,2.8383e-05
3d7.(2D2).4s,a 1D,2.0,5.0,3.54652,3d7.(2P).4p,w 3P*,1.0,3.0,6.204568,2.658048,466.44837,430000.0,0.00084156,0.0042078,2.2335e-05
3d7.(2D2).4s,a 1D,2.0,5.0,3.54652,3d7.(2G).4p,z 1F*,3.0,7.0,6.271974,2.725454,454.91217,4480000.0,0.019459,0.097295,0.00051644
3d7.(2D2).4s,a 1D,2.0,5.0,3.54652,3d7.(2P).4p,y 1D*,2.0,5.0,6.411013,2.864493,432.83122,11200000.0,0.031457,0.15728,0.00083486
3d7.(2D2).4s,a 1D,2.0,5.0,3.54652,3d6.(3H).4s.4p.(3P*),x 1D*,2.0,5.0,6.41768,2.871159,431.82623,520000.0,0.0014537,0.0072686,3.8582e-05
3d7.(2D2).4s,a 1D,2.0,5.0,3.54652,3d7.(2H).4p,u 3G*,3.0,7.0,6.425577,2.879057,430.64171,470000.0,0.0018294,0.0091472,4.8553e-05
3d7.(2D2).4s,a 1D,2.0,5.0,3.54652,3d7.(2P).4p,1P*,1.0,3.0,6.469597,2.923077,424.15644,6700000.0,0.010843,0.054214,0.00028777
3d7.(2D2).4s,a 1D,2.0,5.0,3.54652,3d7.(2D2).4p,v 3P*,1.0,3.0,6.599672,3.053152,406.08596,5710000.0,0.00847,0.04235,0.00022479
3d7.(2D2).4s,a 1D,2.0,5.0,3.54652,3d7.(4F).5p,5F*,3.0,7.0,6.653126,3.106606,399.09858,5300000.0,0.017718,0.088592,0.00047025
3d7.(2D2).4s,a 1D,2.0,5.0,3.54652,3d7.(2D2).4p,x 1F*,3.0,7.0,6.665797,3.119277,397.47734,5810000.0,0.019266,0.096329,0.00051132
3d7.(2D2).4s,a 1D,2.0,5.0,3.54652,3d6.(3G).4s.4p.(3P*),t 3G*,3.0,7.0,6.769581,3.223061,384.67846,5890000.0,0.018294,0.091468,0.00048551
3d7.(2D2).4s,a 1D,2.0,5.0,3.54652,3d7.(2D2).4p,w 1D*,2.0,5.0,6.912644,3.366124,368.32928,150000000.0,0.30509,1.5254,0.008097
3d7.(2D2).4s,a 1D,2.0,5.0,3.54652,3d6.(1G2).4s.4p.(3P*),s 3G*,3.0,7.0,6.917165,3.370645,367.83526,22800000.0,0.064748,0.32374,0.0017184
3d7.(2D2).4s,a 1D,2.0,5.0,3.54652,3d6.(3G).4s.4p.(3P*),1F*,3.0,7.0,6.955245,3.408725,363.726,22000000.0,0.061088,0.30544,0.0016213
3d7.(2H).4s,a 1H,5.0,11.0,3.573219,3d7.(4P).4p,u 5D*,4.0,9.0,5.792646,2.219427,558.6315,130000.0,0.00049763,0.0054739,1.3207e-05
3d7.(2H).4s,a 1H,5.0,11.0,3.573219,3d6.(3F2).4s.4p.(3P*),x 3F*,4.0,9.0,5.813513,2.240294,553.4283,190000.0,0.00071382,0.007852,1.8945e-05
3d7.(2H).4s,a 1H,5.0,11.0,3.573219,3d6.(3H).4s.4p.(3P*),z 3H*,4.0,9.0,5.84046,2.267241,546.85061,145000.0,0.00053188,0.0058507,1.4116e-05
3d7.(2H).4s,a 1H,5.0,11.0,3.573219,3d7.(2G).4p,z 1G*,4.0,9.0,5.883387,2.310168,536.68906,2460000.0,0.0086914,0.095605,0.00023067
3d7.(2H).4s,a 1H,5.0,11.0,3.573219,3d6.(3G).4s.4p.(3P*),w 5G*,4.0,9.0,5.900414,2.327195,532.76238,222000.0,0.00077291,0.008502,2.0513e-05
3d7.(2H).4s,a 1H,5.0,11.0,3.573219,3d6.(3F2).4s.4p.(3P*),x 3G*,4.0,9.0,5.927947,2.354728,526.53294,196000.0,0.00066653,0.0073318,1.769e-05
3d7.(2H).4s,a 1H,5.0,11.0,3.573219,3d6.(3G).4s.4p.(3P*),y 5H*,4.0,9.0,5.996109,2.42289,511.72024,58000.0,0.0001863,0.0020493,4.9443e-06
3d7.(2H).4s,a 1H,5.0,11.0,3.573219,3d7.(2G).4p,z 1H*,5.0,11.0,5.998678,2.425459,511.17822,999000.0,0.0039135,0.043049,0.00010387
3d7.(2H).4s,a 1H,5.0,11.0,3.573219,3d6.(3H).4s.4p.(3P*),y 1G*,4.0,9.0,6.038345,2.465126,502.95281,2210000.0,0.0068573,0.075431,0.00018199
3d7.(2H).4s,a 1H,5.0,11.0,3.573219,3d7.(2G).4p,w 3F*,4.0,9.0,6.088727,2.515508,492.87932,258000.0,0.00076879,0.0084567,2.0404e-05
3d7.(2H).4s,a 1H,5.0,11.0,3.573219,3d7.(2G).4p,y 3H*,5.0,11.0,6.150165,2.576946,481.12839,55000.0,0.00019087,0.0020996,5.0658e-06
3d7.(2H).4s,a 1H,5.0,11.0,3.573219,3d6.(3F2).4s.4p.(3P*),x 1G*,4.0,9.0,6.275334,2.702115,458.84127,645000.0,0.0016657,0.018323,4.4207e-05
3d7.(2H).4s,a 1H,5.0,11.0,3.573219,3d6.(3G).4s.4p.(3P*),x 3H*,6.0,13.0,6.326066,2.752847,450.38537,120000.0,0.00043128,0.0047441,1.1446e-05
3d7.(2H).4s,a 1H,5.0,11.0,3.573219,3d7.(2H).4p,u 3G*,5.0,11.0,6.369553,2.796334,443.3812,840000.0,0.0024757,0.027232,6.5704e-05
3d7.(2H).4s,a 1H,5.0,11.0,3.573219,3d6.(3H).4s.4p.(3P*),1H*,5.0,11.0,6.401326,2.828107,438.3999,1540000.0,0.0044373,0.048811,0.00011777
3d7.(2H).4s,a 1H,5.0,11.0,3.573219,3d7.(2H).4p,u 3G*,4.0,9.0,6.406039,2.83282,437.67063,153000.0,0.0003595,0.0039545,9.5411e-06
3d7.(2H).4s,a 1H,5.0,11.0,3.573219,3d7.(2H).4p,y 3I*,6.0,13.0,6.510852,2.937633,422.0548,28800000.0,0.090895,0.99985,0.0024124
3d7.(2H).4s,a 1H,5.0,11.0,3.573219,3d7.(2H).4p,1I*,6.0,13.0,6.582759,3.00954,411.97063,49600000.0,0.14915,1.6407,0.0039585
3d7.(2H).4s,a 1H,5.0,11.0,3.573219,3d6.(3G).4s.4p.(3P*),w 1G*,4.0,9.0,6.79568,3.222461,384.75002,16800000.0,0.030505,0.33556,0.00080961
3d7.(2H).4s,a 1H,5.0,11.0,3.573219,3d6.(1G2).4s.4p.(3P*),s 3G*,5.0,11.0,6.872422,3.299203,375.80048,22000000.0,0.04658,0.51238,0.0012362
3d7.(2H).4s,a 1H,5.0,11.0,3.573219,3d6.(1G2).4s.4p.(3P*),v 3H*,5.0,11.0,6.884292,3.311073,374.45319,60500000.0,0.12718,1.399,0.0033753
3d7.(2H).4s,a 1H,5.0,11.0,3.573219,3d7.(2H).4p,1H*,5.0,11.0,6.931607,3.358388,369.17774,29900000.0,0.061094,0.67204,0.0016214
3d7.(2H).4s,a 1H,5.0,11.0,3.573219,3d6.(1I).4s.4p.(3P*),u 3H*,5.0,11.0,6.990559,3.41734,362.80905,1980000.0,0.0039073,0.042981,0.0001037
3d7.(2H).4s,a 1H,5.0,11.0,3.573219,3d6.(1I).4s.4p.(3P*),u 3H*,4.0,9.0,6.995596,3.422377,362.27514,10700000.0,0.017225,0.18948,0.00045716
3d7.(2H).4s,a 1H,5.0,11.0,3.573219,3d6.(1G2).4s.4p.(3P*),u 3F*,4.0,9.0,7.016601,3.443382,360.06518,23300000.0,0.037053,0.40759,0.0009834
3d7.(2H).4s,a 1H,5.0,11.0,3.573219,3d7.(2H).4p,v 1G*,4.0,9.0,7.061061,3.487842,355.47534,109000000.0,0.16895,1.8584,0.0044839
3d7.(2H).4s,a 1H,5.0,11.0,3.573219,3d6.(1I).4s.4p.(3P*),x 3I*,5.0,11.0,7.080021,3.506802,353.55349,2200000.0,0.0041228,0.045351,0.00010942
3d6.(5D).4s.4p.(3P*),z 5P*,3.0,7.0,3.602525,3d6.(5D).4s (6D).5s,e 5D,4.0,9.0,5.539243,1.936718,640.17691,9270000.0,0.073229,0.5126,0.0019435
3d6.(5D).4s.4p.(3P*),z 5P*,3.0,7.0,3.602525,3d6.(5D).4s (6D).5s,e 5D,3.0,7.0,5.586893,1.984368,624.80455,3240000.0,0.018962,0.13274,0.00050326
3d6.(5D).4s.4p.(3P*),z 5P*,3.0,7.0,3.602525,3d6.(5D).4s (6D).5s,e 5D,2.0,5.0,5.620684,2.018159,614.34303,1230000.0,0.0049712,0.034798,0.00013193
3d6.(5D).4s.4p.(3P*),z 5P*,3.0,7.0,3.602525,3d6.(5D).4s (6D).4d,f 5D,4.0,9.0,6.251672,2.649147,468.01552,4970000.0,0.020984,0.14689,0.00055691
3d6.(5D).4s.4p.(3P*),z 5P*,3.0,7.0,3.602525,3d6.(5D).4s (6D).4d,e 7P,4.0,9.0,6.258138,2.655613,466.87599,6030000.0,0.025335,0.17735,0.0006724
3d6.(5D).4s.4p.(3P*),z 5P*,3.0,7.0,3.602525,3d6.(5D).4s (6D).4d,f 5D,3.0,7.0,6.265467,2.662942,465.59112,3680000.0,0.01196,0.083717,0.00031741
3d6.(5D).4s.4p.(3P*),z 5P*,3.0,7.0,3.602525,3d6.(5D).4s (6D).4d,e 7P,3.0,7.0,6.274997,2.672472,463.93084,3370000.0,0.010874,0.076119,0.0002886
3d6.(5D).4s.4p.(3P*),z 5P*,3.0,7.0,3.602525,3d6.(5D).4s (6D).4d,f 5D,2.0,5.0,6.285828,2.683303,462.05818,5200000.0,0.011889,0.08322,0.00031552
3d6.(5D).4s.4p.(3P*),z 5P*,3.0,7.0,3.602525,3d6.(5D).4s (6D).4d,f 7D,4.0,9.0,6.299389,2.696864,459.73475,1500000.0,0.006111,0.042777,0.00016219
3d6.(5D).4s.4p.(3P*),z 5P*,3.0,7.0,3.602525,3d6.(5D).4s (6D).4d,e 5G,4.0,9.0,6.320662,2.718137,456.13665,470000.0,0.0018849,0.013194,5.0026e-05
3d6.(5D).4s.4p.(3P*),z 5P*,3.0,7.0,3.602525,3d6.(5D).4s (6D).4d,f 7D,2.0,5.0,6.323026,2.720501,455.7403,10500000.0,0.023354,0.16348,0.00061981
3d6.(5D).4s.4p.(3P*),z 5P*,3.0,7.0,3.602525,3d6.(5D).4s (6D).4d,e 7F,2.0,5.0,6.364239,2.761714,448.93926,1400000.0,0.0030216,0.021151,8.0193e-05
3d6.(5D).4s.4p.(3P*),z 5P*,3.0,7.0,3.602525,3d6.(5D).4s (4D).5s,g 5D,4.0,9.0,6.36665,2.764125,448.5478,5040000.0,0.019546,0.13682,0.00051874
3d6.(5D).4s.4p.(3P*),z 5P*,3.0,7.0,3.602525,3d6.(5D).4s (6D).4d,f 5F,4.0,9.0,6.380434,2.777909,446.32205,2310000.0,0.0088698,0.062088,0.0002354
3d6.(5D).4s.4p.(3P*),z 5P*,3.0,7.0,3.602525,3d6.(5D).4s (6D).4d,e 7S,3.0,7.0,6.393877,2.791352,444.17255,450000.0,0.001331,0.0093169,3.5325e-05
3d6.(5D).4s.4p.(3P*),z 5P*,3.0,7.0,3.602525,3d6.(5D).4s (6D).4d,f 5F,3.0,7.0,6.398093,2.795568,443.50266,2620000.0,0.007726,0.054082,0.00020505
3d6.(5D).4s.4p.(3P*),z 5P*,3.0,7.0,3.602525,3d6.(5D).4s (4D).5s,g 5D,3.0,7.0,6.418731,2.816206,440.25259,6400000.0,0.018597,0.13018,0.00049356
3d6.(5D).4s.4p.(3P*),z 5P*,3.0,7.0,3.602525,3d6.(5D).4s (6D).4d,e 5P,3.0,7.0,6.426998,2.824473,438.96395,10300000.0,0.029755,0.20828,0.00078969
3d6.(5D).4s.4p.(3P*),z 5P*,3.0,7.0,3.602525,3d6.(5D).4s (4D).5s,g 5D,2.0,5.0,6.453356,2.850831,434.90554,1700000.0,0.0034433,0.024103,9.1384e-05
3d6.(5D).4s.4p.(3P*),z 5P*,3.0,7.0,3.602525,3d6.(5D).4s (4D).4d,i 5D,3.0,7.0,7.168015,3.56549,347.73395,27000000.0,0.048946,0.34262,0.001299
3d6.4s2,a 1I,6.0,13.0,3.63435,3d6.(3H).4s.4p.(3P*),z 3H*,5.0,11.0,5.828295,2.193945,565.1198,36000.0,0.00014585,0.001896,3.8707e-06
3d6.4s2,a 1I,6.0,13.0,3.63435,3d6.(3G).4s.4p.(3P*),y 5H*,5.0,11.0,5.979917,2.345567,528.5895,82900.0,0.00029383,0.0038198,7.7983e-06
3d6.4s2,a 1I,6.0,13.0,3.63435,3d7.(2G).4p,z 1H*,5.0,11.0,5.998678,2.364328,524.39499,2380000.0,0.0083024,0.10793,0.00022035
3d6.4s2,a 1I,6.0,13.0,3.63435,3d7.(2G).4p,v 3G*,5.0,11.0,6.13237,2.49802,496.32979,140000.0,0.0004375,0.0056875,1.1611e-05
3d6.4s2,a 1I,6.0,13.0,3.63435,3d7.(2H).4p,y 3I*,6.0,13.0,6.510852,2.876502,431.02423,1960000.0,0.0054591,0.070968,0.00014488
3d6.4s2,a 1I,6.0,13.0,3.63435,3d7.(2H).4p,1I*,6.0,13.0,6.582759,2.948409,420.51223,2970000.0,0.0078736,0.10236,0.00020897
3d6.4s2,a 1I,6.0,13.0,3.63435,3d6.(1G2).4s.4p.(3P*),v 3H*,5.0,11.0,6.884292,3.249943,381.49659,6620000.0,0.012222,0.15889,0.00032438
3d6.4s2,a 1I,6.0,13.0,3.63435,3d7.(2H).4p,1H*,5.0,11.0,6.931607,3.297257,376.02226,4550000.0,0.0081611,0.10609,0.00021659
3d6.4s2,b 3D,1.0,3.0,3.63522,3d7.(4F).4p,y 3F*,2.0,5.0,4.652031,1.016811,1219.34342,42000.0,0.0015603,0.0046809,4.1411e-05
3d6.4s2,b 3D,1.0,3.0,3.63522,3d7.(4P).4p,x 3P*,0.0,1.0,6.008288,2.373068,522.46366,4030000.0,0.0054974,0.016492,0.0001459
3d6.4s2,b 3D,1.0,3.0,3.63522,3d7.(4P).4p,x 3P*,1.0,3.0,6.015234,2.380015,520.93882,320000.0,0.0013019,0.0039057,3.4553e-05
3d6.4s2,b 3D,1.0,3.0,3.63522,3d7.(2G).4p,w 3F*,2.0,5.0,6.128927,2.493707,497.18828,982000.0,0.0060654,0.018196,0.00016098
3d6.4s2,b 3D,1.0,3.0,3.63522,3d7.(2P).4p,x 3S*,1.0,3.0,6.671386,3.036166,408.35778,4000000.0,0.01,0.03,0.0002654
3d6.4s2,b 3D,2.0,5.0,3.639772,3d7.(4P).4p,u 5D*,2.0,5.0,5.813435,2.173663,570.39296,63000.0,0.00030729,0.0015365,8.1555e-06
3d6.4s2,b 3D,2.0,5.0,3.639772,3d6.(3P2).4s.4p.(3P*),y 3P*,1.0,3.0,5.815086,2.175314,569.96009,160000.0,0.00046754,0.0023377,1.2409e-05
3d6.4s2,b 3D,2.0,5.0,3.639772,3d7.(4P).4p,w 3D*,3.0,7.0,5.829388,2.189616,566.23718,44000.0,0.0002961,0.0014805,7.8585e-06
3d6.4s2,b 3D,2.0,5.0,3.639772,3d6.(3F2).4s.4p.(3P*),x 3F*,3.0,7.0,5.838752,2.19898,563.826,83000.0,0.0005538,0.002769,1.4698e-05
3d6.4s2,b 3D,2.0,5.0,3.639772,3d7.(4P).4p,y 3S*,1.0,3.0,5.896144,2.256372,549.48478,1550000.0,0.0042097,0.021049,0.00011173
3d6.4s2,b 3D,2.0,5.0,3.639772,3d6.(3G).4s.4p.(3P*),v 5F*,2.0,5.0,5.980855,2.341082,529.60202,73000.0,0.00030696,0.0015348,8.1467e-06
3d6.4s2,b 3D,2.0,5.0,3.639772,3d7.(4P).4p,x 3P*,1.0,3.0,6.015234,2.375462,521.93718,1560000.0,0.0038227,0.019114,0.00010145
3d6.4s2,b 3D,2.0,5.0,3.639772,3d6.(3F2).4s.4p.(3P*),v 3D*,3.0,7.0,6.091966,2.452194,505.60516,447000.0,0.0023984,0.011992,6.3653e-05
3d6.4s2,b 3D,2.0,5.0,3.639772,3d7.(2G).4p,w 3F*,3.0,7.0,6.10534,2.465567,502.86275,491000.0,0.002606,0.01303,6.9162e-05
3d6.4s2,b 3D,2.0,5.0,3.639772,3d6.(3F2).4s.4p.(3P*),1F*,3.0,7.0,6.134382,2.49461,497.00843,710000.0,0.0036811,0.018405,9.7695e-05
3d6.4s2,b 3D,2.0,5.0,3.639772,3d7.(2P).4p,w 3P*,1.0,3.0,6.204568,2.564795,483.40778,1760000.0,0.0036996,0.018498,9.8186e-05
3d6.4s2,b 3D,2.0,5.0,3.639772,3d7.(2P).4p,w 3P*,2.0,5.0,6.222374,2.582602,480.07474,370000.0,0.0012784,0.0063922,3.393e-05
3d6.4s2,b 3D,2.0,5.0,3.639772,3d7.(2G).4p,z 1F*,3.0,7.0,6.271974,2.632201,471.02859,398000.0,0.0018534,0.0092669,4.9189e-05
3d6.4s2,b 3D,2.0,5.0,3.639772,3d7.(2D2).4p,v 3F*,3.0,7.0,6.368487,2.728715,454.36852,450000.0,0.0019499,0.0097496,5.1751e-05
3d6.4s2,b 3D,2.0,5.0,3.639772,3d7.(2D2).4p,t 3D*,2.0,5.0,6.53185,2.892077,428.70293,1300000.0,0.0035819,0.01791,9.5064e-05
3d6.4s2,b 3D,2.0,5.0,3.639772,3d7.(2P).4p,x 3S*,1.0,3.0,6.671386,3.031614,408.97099,4200000.0,0.006319,0.031595,0.00016771
3d6.4s2,b 3D,2.0,5.0,3.639772,3d6.(3G).4s.4p.(3P*),t 3G*,3.0,7.0,6.769581,3.129808,396.13992,4100000.0,0.013504,0.067521,0.0003584
3d6.4s2,b 3D,2.0,5.0,3.639772,3d7.(2D2).4p,w 1D*,2.0,5.0,6.912644,3.272872,378.82391,9900000.0,0.0213,0.1065,0.00056529
3d6.4s2,b 3D,2.0,5.0,3.639772,3d6.(1G2).4s.4p.(3P*),s 3G*,3.0,7.0,6.917165,3.277392,378.30136,3800000.0,0.011414,0.057071,0.00030293
3d6.4s2,b 3D,3.0,7.0,3.641641,3d7.(4F).4p,y 3F*,4.0,9.0,4.548506,0.906866,1367.17288,21000.0,0.00075661,0.0052962,2.008e-05
3d6.4s2,b 3D,3.0,7.0,3.641641,3d7.(4P).4p,u 5D*,4.0,9.0,5.792646,2.151006,576.4011,130000.0,0.00083252,0.0058277,2.2095e-05
3d6.4s2,b 3D,3.0,7.0,3.641641,3d6.(3P2).4s.4p.(3P*),y 3P*,2.0,5.0,5.793419,2.151778,576.19412,150000.0,0.00053329,0.003733,1.4153e-05
3d6.4s2,b 3D,3.0,7.0,3.641641,3d7.(4P).4p,u 5D*,3.0,7.0,5.79564,2.154,575.59983,65000.0,0.00032286,0.00226,8.5687e-06
3d6.4s2,b 3D,3.0,7.0,3.641641,3d6.(3F2).4s.4p.(3P*),x 3F*,4.0,9.0,5.813513,2.171872,570.86325,100000.0,0.00062816,0.0043971,1.6671e-05
3d6.4s2,b 3D,3.0,7.0,3.641641,3d6.(3P2).4s.4p.(3P*),1D*,2.0,5.0,5.879292,2.237651,554.08185,110000.0,0.00036164,0.0025315,9.5978e-06
3d6.4s2,b 3D,3.0,7.0,3.641641,3d7.(2G).4p,z 1G*,4.0,9.0,5.883387,2.241747,553.06966,51000.0,0.0003007,0.0021049,7.9806e-06
3d6.4s2,b 3D,3.0,7.0,3.641641,3d5.(6S).4s2.4p,v 5P*,2.0,5.0,5.971506,2.329866,532.1517,150000.0,0.00045488,0.0031841,1.2072e-05
3d6.4s2,b 3D,3.0,7.0,3.641641,3d6.(3G).4s.4p.(3P*),v 5F*,2.0,5.0,5.980855,2.339214,530.02499,458000.0,0.0013778,0.0096447,3.6567e-05
3d6.4s2,b 3D,3.0,7.0,3.641641,3d7.(4P).4p,x 3P*,2.0,5.0,5.989012,2.347372,528.18303,727000.0,0.0021719,0.015203,5.7642e-05
3d6.4s2,b 3D,3.0,7.0,3.641641,3d7.(2G).4p,w 3F*,4.0,9.0,6.088727,2.447087,506.66046,886000.0,0.004384,0.030688,0.00011635
3d6.4s2,b 3D,3.0,7.0,3.641641,3d7.(2P).4p,w 3P*,2.0,5.0,6.222374,2.580734,480.42226,1770000.0,0.0043747,0.030623,0.00011611
3d6.4s2,b 3D,3.0,7.0,3.641641,3d7.(2H).4p,u 3G*,4.0,9.0,6.406039,2.764398,448.50342,140000.0,0.00054283,0.0037998,1.4407e-05
3d6.4s2,b 3D,3.0,7.0,3.641641,3d7.(2P).4p,u 3D*,3.0,7.0,6.443347,2.801707,442.53096,237000.0,0.00069582,0.0048707,1.8467e-05
3d6.4s2,b 3D,3.0,7.0,3.641641,3d7.(2P).4p,u 3D*,2.0,5.0,6.483992,2.842351,436.20296,1000000.0,0.0020376,0.014263,5.4077e-05
3d6.4s2,b 3D,3.0,7.0,3.641641,3d7.(2D2).4p,v 3P*,2.0,5.0,6.560784,2.919144,424.72795,5850000.0,0.011301,0.079106,0.00029992
3d6.4s2,b 3D,3.0,7.0,3.641641,3d6.(3G).4s.4p.(3P*),3F*,4.0,9.0,6.565413,2.923773,424.05553,1300000.0,0.004506,0.031542,0.00011959
3d6.4s2,b 3D,3.0,7.0,3.641641,3d6.(3G).4s.4p.(3P*),t 3G*,4.0,9.0,6.724582,3.082942,402.16198,820000.0,0.0025563,0.017894,6.7845e-05
3d6.4s2,b 3D,3.0,7.0,3.641641,3d6.(3D).4s.4p.(3P*),5D*,4.0,9.0,6.732508,3.090868,401.13074,790000.0,0.0024502,0.017151,6.5029e-05
3d6.(5D).4s.4p.(3P*),z 5P*,2.0,5.0,3.653693,3d6.(5D).4s (6D).5s,e 5D,3.0,7.0,5.586893,1.933199,641.34199,4430000.0,0.038245,0.19122,0.001015
3d6.(5D).4s.4p.(3P*),z 5P*,2.0,5.0,3.653693,3d6.(5D).4s (6D).5s,e 5D,2.0,5.0,5.620684,1.966991,630.32423,6430000.0,0.0383,0.1915,0.0010165
3d6.(5D).4s.4p.(3P*),z 5P*,2.0,5.0,3.653693,3d6.(5D).4s (6D).5s,e 5D,1.0,3.0,5.642416,1.988722,623.43642,3420000.0,0.011957,0.059785,0.00031734
3d6.(5D).4s.4p.(3P*),z 5P*,2.0,5.0,3.653693,3d6.(5D).4s (6D).4d,f 5D,3.0,7.0,6.265467,2.611773,474.71269,2270000.0,0.010737,0.053684,0.00028495
3d6.(5D).4s.4p.(3P*),z 5P*,2.0,5.0,3.653693,3d6.(5D).4s (6D).4d,e 7P,3.0,7.0,6.274997,2.621303,472.98685,2870000.0,0.013476,0.067381,0.00035766
3d6.(5D).4s.4p.(3P*),z 5P*,2.0,5.0,3.653693,3d6.(5D).4s (6D).4d,f 7D,3.0,7.0,6.306061,2.652368,467.44717,3810000.0,0.017473,0.087367,0.00046374
3d6.(5D).4s.4p.(3P*),z 5P*,2.0,5.0,3.653693,3d6.(5D).4s (6D).4d,f 5D,1.0,3.0,6.308329,2.654635,467.04795,6270000.0,0.012303,0.061514,0.00032651
3d6.(5D).4s.4p.(3P*),z 5P*,2.0,5.0,3.653693,3d6.(5D).4s (6D).4d,f 7D,2.0,5.0,6.323026,2.669333,464.47636,4410000.0,0.014263,0.071317,0.00037855
3d6.(5D).4s.4p.(3P*),z 5P*,2.0,5.0,3.653693,3d6.(5D).4s (6D).4d,e 5G,3.0,7.0,6.350349,2.696655,459.77031,230000.0,0.0010205,0.0051023,2.7083e-05
3d6.(5D).4s.4p.(3P*),z 5P*,2.0,5.0,3.653693,3d6.(5D).4s (4D).5s,e 3D,3.0,7.0,6.359673,2.705979,458.18603,400000.0,0.0017625,0.0088125,4.6777e-05
3d6.(5D).4s.4p.(3P*),z 5P*,2.0,5.0,3.653693,3d6.(5D).4s (6D).4d,e 7S,3.0,7.0,6.393877,2.740184,452.46672,520000.0,0.0022344,0.011172,5.9301e-05
3d6.(5D).4s.4p.(3P*),z 5P*,2.0,5.0,3.653693,3d6.(5D).4s (6D).4d,f 5F,2.0,5.0,6.410605,2.756911,449.72137,1400000.0,0.004245,0.021225,0.00011266
3d6.(5D).4s.4p.(3P*),z 5P*,2.0,5.0,3.653693,3d6.(5D).4s (4D).5s,e 3D,2.0,5.0,6.414933,2.761239,449.01651,976000.0,0.0029501,0.01475,7.8295e-05
3d6.(5D).4s.4p.(3P*),z 5P*,2.0,5.0,3.653693,3d6.(5D).4s (6D).4d,f 5F,1.0,3.0,6.41674,2.763047,448.72281,530000.0,0.00095994,0.0047997,2.5477e-05
3d6.(5D).4s.4p.(3P*),z 5P*,2.0,5.0,3.653693,3d6.(5D).4s (4D).5s,g 5D,3.0,7.0,6.418731,2.765038,448.39967,2300000.0,0.0097061,0.048531,0.0002576
3d6.(5D).4s.4p.(3P*),z 5P*,2.0,5.0,3.653693,3d6.(5D).4s (6D).4d,e 5P,3.0,7.0,6.426998,2.773305,447.06296,15900000.0,0.066699,0.3335,0.0017702
3d6.(5D).4s.4p.(3P*),z 5P*,2.0,5.0,3.653693,3d6.(5D).4s (6D).4d,e 5P,1.0,3.0,6.449617,2.795924,443.4463,21000000.0,0.037146,0.18573,0.00098586
3d6.(5D).4s.4p.(3P*),z 5P*,2.0,5.0,3.653693,3d6.(5D).4s (6D).4d,e 5P,2.0,5.0,6.455543,2.80185,442.50832,1800000.0,0.0052841,0.026421,0.00014024
3d6.(5D).4s.4p.(3P*),z 5P*,2.0,5.0,3.653693,3d6.(5D).4s (4D).5s,g 5D,1.0,3.0,6.473754,2.82006,439.65086,1700000.0,0.0029558,0.014779,7.8447e-05
3d6.(5D).4s.4p.(3P*),z 5P*,1.0,3.0,3.686389,3d6.(5D).4s (6D).5s,e 5D,2.0,5.0,5.620684,1.934295,640.97884,3120000.0,0.03203,0.096089,0.00085006
3d6.(5D).4s.4p.(3P*),z 5P*,1.0,3.0,3.686389,3d6.(5D).4s (6D).5s,e 5D,1.0,3.0,5.642416,1.956026,633.85753,7710000.0,0.046441,0.13932,0.0012325
3d6.(5D).4s.4p.(3P*),z 5P*,1.0,3.0,3.686389,3d6.(5D).4s (6D).4d,f 5D,1.0,3.0,6.308329,2.621939,472.87213,6850000.0,0.022963,0.06889,0.00060945
3d6.(5D).4s.4p.(3P*),z 5P*,1.0,3.0,3.686389,3d6.(5D).4s (6D).4d,f 5D,0.0,1.0,6.32084,2.63445,470.62642,8800000.0,0.0097403,0.029221,0.00025851
3d6.(5D).4s.4p.(3P*),z 5P*,1.0,3.0,3.686389,3d6.(5D).4s (6D).4d,f 7D,2.0,5.0,6.323026,2.636637,470.23619,720000.0,0.0039781,0.011934,0.00010558
3d6.(5D).4s.4p.(3P*),z 5P*,1.0,3.0,3.686389,3d6.(5D).4s (6D).4d,f 7D,1.0,3.0,6.329159,2.642769,469.14501,2290000.0,0.0075563,0.022669,0.00020054
3d6.(5D).4s.4p.(3P*),z 5P*,1.0,3.0,3.686389,3d6.(5D).4s (6D).4d,e 5P,1.0,3.0,6.449617,2.763228,448.69341,11000000.0,0.033201,0.099603,0.00088116
3d6.(5D).4s.4p.(3P*),z 5P*,1.0,3.0,3.686389,3d6.(5D).4s (4D).5s,e 3D,1.0,3.0,6.452124,2.765735,448.28664,4500000.0,0.013558,0.040673,0.00035982
3d6.(5D).4s.4p.(3P*),z 5P*,1.0,3.0,3.686389,3d6.(5D).4s (4D).5s,g 5D,1.0,3.0,6.473754,2.787364,444.80802,5380000.0,0.015958,0.047875,0.00042353
3d6.(5D).4s.4p.(3P*),z 5P*,1.0,3.0,3.686389,3d6.(5D).4s (4D).5s,g 5D,0.0,1.0,6.479085,2.792696,443.95885,8500000.0,0.0083723,0.025117,0.0002222
3d6.4s2,b 1G2,4.0,9.0,3.694597,3d7.(2G).4p,z 1G*,4.0,9.0,5.883387,2.18879,566.45089,245000.0,0.0011786,0.010607,3.1279e-05
3d6.4s2,b 1G2,4.0,9.0,3.694597,3d6.(3F2).4s.4p.(3P*),x 3G*,4.0,9.0,5.927947,2.23335,555.149,33000.0,0.00015247,0.0013723,4.0466e-06
3d6.4s2,b 1G2,4.0,9.0,3.694597,3d6.(3G).4s.4p.(3P*),y 5H*,4.0,9.0,5.996109,2.301512,538.7076,31000.0,0.00013487,0.0012139,3.5795e-06
3d6.4s2,b 1G2,4.0,9.0,3.694597,3d7.(2G).4p,z 1H*,5.0,11.0,5.998678,2.304081,538.10693,641000.0,0.003401,0.030609,9.0262e-05
3d6.4s2,b 1G2,4.0,9.0,3.694597,3d6.(3H).4s.4p.(3P*),y 1G*,4.0,9.0,6.038345,2.343748,528.99979,822000.0,0.0034486,0.031037,9.1526e-05
3d6.4s2,b 1G2,4.0,9.0,3.694597,3d7.(2G).4p,w 3F*,4.0,9.0,6.088727,2.39413,517.86746,120000.0,0.00048248,0.0043423,1.2805e-05
3d6.4s2,b 1G2,4.0,9.0,3.694597,3d7.(4F).5p,5F*,3.0,7.0,6.653126,2.958529,419.07384,2700000.0,0.0055292,0.049763,0.00014674
3d6.4s2,b 1G2,4.0,9.0,3.694597,3d7.(2D2).4p,x 1F*,3.0,7.0,6.665797,2.9712,417.28661,2010000.0,0.0040811,0.03673,0.00010831
3d6.4s2,b 1G2,4.0,9.0,3.694597,3d6.(3G).4s.4p.(3P*),t 3G*,3.0,7.0,6.769581,3.074983,403.20282,5020000.0,0.0095163,0.085646,0.00025256
3d6.4s2,b 1G2,4.0,9.0,3.694597,3d6.(3G).4s.4p.(3P*),w 1G*,4.0,9.0,6.79568,3.101083,399.80938,7950000.0,0.019052,0.17146,0.00050563
3d6.(5D).4s.4p.(3P*),z 3F*,4.0,9.0,3.881604,3d7.(4F).5s,e 3F,3.0,7.0,6.017184,2.135581,580.56433,160000.0,0.00062883,0.0056595,1.6689e-05
3d6.(5D).4s.4p.(3P*),z 3F*,4.0,9.0,3.881604,3d6.(5D).4s (6D).4d,e 5G,5.0,11.0,6.286479,2.404875,515.55361,443000.0,0.0021576,0.019418,5.7261e-05
3d6.(5D).4s.4p.(3P*),z 3F*,4.0,9.0,3.881604,3d6.(5D).4s (4D).5s,e 3D,3.0,7.0,6.359673,2.478069,500.32584,37000000.0,0.108,0.972,0.0028663
3d6.(5D).4s.4p.(3P*),z 3F*,4.0,9.0,3.881604,3d7.(4F).4d,e 3G,5.0,11.0,6.662841,2.781237,445.78789,680000.0,0.0024761,0.022285,6.5717e-05
3d6.(5D).4s.4p.(3P*),z 3F*,4.0,9.0,3.881604,3d7.(4F).4d,f 3D,3.0,7.0,6.663841,2.782237,445.62773,4100000.0,0.0094939,0.085445,0.00025197
3d6.(5D).4s.4p.(3P*),z 3F*,4.0,9.0,3.881604,3d7.(4F).4d,f 5G,4.0,9.0,6.666504,2.7849,445.2016,230000.0,0.00068344,0.006151,1.8139e-05
3d6.(5D).4s.4p.(3P*),z 3F*,4.0,9.0,3.881604,3d7.(4F).4d,e 3G,4.0,9.0,6.703394,2.82179,439.38135,410000.0,0.0011867,0.01068,3.1494e-05
3d6.(5D).4s.4p.(3P*),z 3F*,4.0,9.0,3.881604,3d7.(4F).4d,e 3H,4.0,9.0,6.76401,2.882406,430.14133,650000.0,0.001803,0.016227,4.7852e-05
3d6.(5D).4s.4p.(3P*),z 3F*,4.0,9.0,3.881604,3d7.(4F).4d,f 3F,4.0,9.0,6.779868,2.898264,427.78778,2600000.0,0.0071333,0.0642,0.00018932
3d6.(5D).4s.4p.(3P*),z 3D*,3.0,7.0,3.883509,3d7.(4F).5s,e 3F,3.0,7.0,6.017184,2.133675,581.08278,450000.0,0.002278,0.015946,6.0457e-05
3d6.(5D).4s.4p.(3P*),z 3D*,3.0,7.0,3.883509,3d6.(5D).4s (4D).5s,e 3D,2.0,5.0,6.414933,2.531423,489.78056,540000.0,0.0013872,0.0097102,3.6815e-05
3d6.(5D).4s.4p.(3P*),z 3D*,3.0,7.0,3.883509,3d7.(4F).4d,f 3F,4.0,9.0,6.779868,2.896359,428.0692,1500000.0,0.0052981,0.037087,0.00014061
3d6.(5D).4s.4p.(3P*),z 3D*,3.0,7.0,3.883509,3d7.(4F).4d,e 3P,2.0,5.0,6.804214,2.920704,424.50101,2500000.0,0.0048242,0.03377,0.00012804
3d6.(5D).4s.4p.(3P*),z 3D*,2.0,5.0,3.928607,3d7.(4F).5s,e 3F,3.0,7.0,6.017184,2.088578,593.62985,2000000.0,0.014793,0.073964,0.0003926
3d6.(5D).4s.4p.(3P*),z 3D*,2.0,5.0,3.928607,3d7.(4F).5s,e 3F,2.0,5.0,6.066347,2.13774,579.97788,570000.0,0.0028745,0.014372,7.6288e-05
3d6.(5D).4s.4p.(3P*),z 3D*,2.0,5.0,3.928607,3d6.(5D).4s (4D).5s,e 3D,2.0,5.0,6.414933,2.486326,498.66435,14800000.0,0.055174,0.27587,0.0014643
3d6.(5D).4s.4p.(3P*),z 3D*,2.0,5.0,3.928607,3d6.(5D).4s (4D).5s,e 3D,1.0,3.0,6.452124,2.523517,491.315,1600000.0,0.0034742,0.017371,9.2204e-05
3d6.(5D).4s.4p.(3P*),z 3D*,2.0,5.0,3.928607,3d6.(5D).4s (6D).4d,e 5P,2.0,5.0,6.455543,2.526937,490.65022,530000.0,0.0019128,0.0095642,5.0767e-05
3d6.(5D).4s.4p.(3P*),z 3D*,2.0,5.0,3.928607,3d6.(5D).4s (4D).5s,g 5D,1.0,3.0,6.473754,2.545147,487.13966,388000.0,0.00082823,0.0041411,2.1981e-05
3d6.(5D).4s.4p.(3P*),z 3D*,2.0,5.0,3.928607,3d7.(4F).4d,f 3D,2.0,5.0,6.703426,2.774819,446.8191,3200000.0,0.009578,0.04789,0.0002542
3d6.(5D).4s.4p.(3P*),z 3D*,2.0,5.0,3.928607,3d7.(4F).4d,f 3D,1.0,3.0,6.750859,2.822252,439.30948,1100000.0,0.0019096,0.009548,5.0681e-05
3d6.(5D).4s.4p.(3P*),z 3D*,2.0,5.0,3.928607,3d7.(4F).4d,e 3P,2.0,5.0,6.804214,2.875607,431.1584,2400000.0,0.0066887,0.033444,0.00017752
3d6.(5D).4s.4p.(3P*),z 3D*,2.0,5.0,3.928607,3d7.(4F).4d,e 3P,1.0,3.0,6.86576,2.937153,422.12369,2800000.0,0.004488,0.02244,0.00011911
3d6.(5D).4s.4p.(3P*),z 3F*,3.0,7.0,3.943326,3d7.(4F).5s,e 3F,4.0,9.0,5.946399,2.003072,618.97011,410000.0,0.0030278,0.021195,8.0358e-05
3d6.(5D).4s.4p.(3P*),z 3F*,3.0,7.0,3.943326,3d7.(4F).5s,e 3F,2.0,5.0,6.066347,2.123021,583.999,200000.0,0.00073044,0.0051131,1.9386e-05
3d6.(5D).4s.4p.(3P*),z 3F*,3.0,7.0,3.943326,3d6.(5D).4s (4D).5s,e 3D,3.0,7.0,6.359673,2.416347,513.10604,550000.0,0.0021709,0.015196,5.7615e-05
3d6.(5D).4s.4p.(3P*),z 3F*,3.0,7.0,3.943326,3d6.(5D).4s (4D).5s,e 3D,2.0,5.0,6.414933,2.471606,501.6341,26400000.0,0.071139,0.49798,0.001888
3d6.(5D).4s.4p.(3P*),z 3F*,3.0,7.0,3.943326,3d7.(4F).4d,f 5P,2.0,5.0,6.641679,2.698352,459.48112,580000.0,0.0013113,0.0091789,3.4801e-05
3d6.(5D).4s.4p.(3P*),z 3F*,3.0,7.0,3.943326,3d7.(4F).4d,f 5G,4.0,9.0,6.666504,2.723178,455.29238,330000.0,0.0013186,0.0092299,3.4994e-05
3d6.(5D).4s.4p.(3P*),z 3F*,3.0,7.0,3.943326,3d7.(4F).4d,g 5F,2.0,5.0,6.727073,2.783747,445.38607,830000.0,0.0017631,0.012342,4.6793e-05
3d6.(5D).4s.4p.(3P*),z 3D*,1.0,3.0,3.959724,3d7.(4F).5s,e 3F,2.0,5.0,6.066347,2.106623,588.54469,1900000.0,0.016445,0.049334,0.00043644
3d6.(5D).4s.4p.(3P*),z 3D*,1.0,3.0,3.959724,3d6.(5D).4s (4D).5s,e 3D,2.0,5.0,6.414933,2.455209,504.98432,4880000.0,0.031095,0.093284,0.00082525
3d6.(5D).4s.4p.(3P*),z 3D*,1.0,3.0,3.959724,3d6.(5D).4s (4D).5s,e 3D,1.0,3.0,6.452124,2.492401,497.44891,11000000.0,0.040808,0.12243,0.0010831
3d6.(5D).4s.4p.(3P*),z 3D*,1.0,3.0,3.959724,3d6.(5D).4s (4D).5s,g 5D,1.0,3.0,6.473754,2.51403,493.16911,5750000.0,0.020966,0.062899,0.00055644
3d6.(5D).4s.4p.(3P*),z 3D*,1.0,3.0,3.959724,3d7.(4F).4d,f 3D,1.0,3.0,6.750859,2.791135,444.2071,3000000.0,0.0088747,0.026624,0.00023553
3d6.(5D).4s.4p.(3P*),z 3F*,2.0,5.0,3.984107,3d7.(4F).5s,e 3F,3.0,7.0,6.017184,2.033077,609.83515,340000.0,0.0026539,0.01327,7.0436e-05
3d6.(5D).4s.4p.(3P*),z 3F*,2.0,5.0,3.984107,3d7.(4F).5s,e 3F,2.0,5.0,6.066347,2.08224,595.43668,1500000.0,0.007973,0.039865,0.0002116
3d6.(5D).4s.4p.(3P*),z 3F*,2.0,5.0,3.984107,3d6.(5D).4s (4D).5s,e 3D,2.0,5.0,6.414933,2.430825,510.04979,2790000.0,0.010882,0.054408,0.0002888
3d6.(5D).4s.4p.(3P*),z 3F*,2.0,5.0,3.984107,3d6.(5D).4s (4D).5s,e 3D,1.0,3.0,6.452124,2.468017,502.3636,24000000.0,0.054483,0.27241,0.001446
3d6.(5D).4s.4p.(3P*),z 3F*,2.0,5.0,3.984107,3d6.(5D).4s (4D).5s,g 5D,1.0,3.0,6.473754,2.489647,497.99919,11900000.0,0.026547,0.13273,0.00070456
3d6.(5D).4s.4p.(3P*),z 3F*,2.0,5.0,3.984107,3d7.(4F).4d,f 5P,1.0,3.0,6.685873,2.701766,458.90065,790000.0,0.0014965,0.0074825,3.9717e-05
3d6.(5D).4s.4p.(3P*),z 3F*,2.0,5.0,3.984107,3d7.(4F).4d,g 5F,1.0,3.0,6.743028,2.758921,449.39387,2600000.0,0.0047232,0.023616,0.00012535
3d8,c 3F,4.0,9.0,4.075811,3d7.(4F).4p,y 3F*,4.0,9.0,4.548506,0.472695,2622.92056,302000.0,0.031148,0.28034,0.00082668
3d8,c 3F,4.0,9.0,4.075811,3d7.(4F).4p,y 3D*,3.0,7.0,4.733141,0.65733,1886.17926,338000.0,0.014022,0.12619,0.00037213
3d8,c 3F,4.0,9.0,4.075811,3d7.(4P).4p,u 5D*,3.0,7.0,5.79564,1.71983,720.90979,982000.0,0.005951,0.053559,0.00015794
3d8,c 3F,4.0,9.0,4.075811,3d6.(3F2).4s.4p.(3P*),x 3F*,4.0,9.0,5.813513,1.737702,713.49526,343000.0,0.0026178,0.02356,6.9476e-05
3d8,c 3F,4.0,9.0,4.075811,3d7.(4P).4p,w 3D*,3.0,7.0,5.829388,1.753577,707.03577,899000.0,0.0052403,0.047163,0.00013908
3d8,c 3F,4.0,9.0,4.075811,3d6.(3H).4s.4p.(3P*),z 3H*,4.0,9.0,5.84046,1.764649,702.59987,93000.0,0.00068827,0.0061944,1.8267e-05
3d8,c 3F,4.0,9.0,4.075811,3d6.(3G).4s.4p.(3P*),w 5G*,4.0,9.0,5.900414,1.824603,679.51327,75800.0,0.00052472,0.0047224,1.3926e-05
3d8,c 3F,4.0,9.0,4.075811,3d6.(3H).4s.4p.(3P*),y 1G*,4.0,9.0,6.038345,1.962534,631.75572,400000.0,0.0023934,0.021541,6.3521e-05
3d8,c 3F,4.0,9.0,4.075811,3d7.(2G).4p,w 3F*,4.0,9.0,6.088727,2.012916,615.94317,1200000.0,0.0068253,0.061428,0.00018114
3d8,c 3F,4.0,9.0,4.075811,3d6.(3F2).4s.4p.(3P*),v 3D*,3.0,7.0,6.091966,2.016156,614.95354,537000.0,0.002368,0.021312,6.2846e-05
3d8,c 3F,4.0,9.0,4.075811,3d7.(2G).4p,v 3G*,5.0,11.0,6.13237,2.056559,602.87196,1360000.0,0.0090573,0.081516,0.00024038
3d8,c 3F,4.0,9.0,4.075811,3d7.(2G).4p,z 1F*,3.0,7.0,6.271974,2.196163,564.54926,290000.0,0.0010777,0.0096997,2.8603e-05
3d8,c 3F,4.0,9.0,4.075811,3d6.(3G).4s.4p.(3P*),x 3H*,5.0,11.0,6.331714,2.255903,549.59894,180000.0,0.00099626,0.0089664,2.6441e-05
3d8,c 3F,4.0,9.0,4.075811,3d7.(2H).4p,u 3G*,5.0,11.0,6.369553,2.293742,540.53242,1920000.0,0.010279,0.092512,0.00027281
3d8,c 3F,4.0,9.0,4.075811,3d6.(3H).4s.4p.(3P*),1H*,5.0,11.0,6.401326,2.325515,533.1472,1290000.0,0.0067188,0.060469,0.00017832
3d8,c 3F,4.0,9.0,4.075811,3d7.(2P).4p,u 3D*,3.0,7.0,6.443347,2.367536,523.68444,3750000.0,0.011992,0.10793,0.00031826
3d8,c 3F,4.0,9.0,4.075811,3d6.(3G).4s.4p.(3P*),t 3G*,5.0,11.0,6.693075,2.617264,473.71675,1280000.0,0.0052633,0.04737,0.00013969
3d8,c 3F,4.0,9.0,4.075811,3d6.(3D).4s.4p.(3P*),5F*,5.0,11.0,6.696852,2.621041,473.03421,659000.0,0.002702,0.024318,7.171e-05
3d7.(4F).4p,y 5D*,4.0,9.0,4.103374,3d7.(4F).5s,e 5F,5.0,11.0,5.82794,1.724566,718.92975,8360000.0,0.079175,0.71258,0.0021013
3d7.(4F).4p,y 5D*,4.0,9.0,4.103374,3d7.(4F).5s,e 5F,4.0,9.0,5.874118,1.770744,700.18136,470000.0,0.0034544,0.03109,9.1681e-05
3d7.(4F).4p,y 5D*,4.0,9.0,4.103374,3d6.(5D).4s (4D).5s,e 3D,3.0,7.0,6.359673,2.256299,549.50251,500000.0,0.0017605,0.015844,4.6722e-05
3d7.(4F).4p,y 5D*,4.0,9.0,4.103374,3d6.(5D).4s (6D).4d,e 7G,4.0,9.0,6.364718,2.261344,548.27658,1410000.0,0.0063545,0.05719,0.00016865
3d7.(4F).4p,y 5D*,4.0,9.0,4.103374,3d6.(5D).4s (4D).5s,g 5D,4.0,9.0,6.36665,2.263276,547.8086,8700000.0,0.039141,0.35227,0.0010388
3d7.(4F).4p,y 5D*,4.0,9.0,4.103374,3d7.(4F).4d,e 3G,5.0,11.0,6.662841,2.559467,484.41405,750000.0,0.0032248,0.029023,8.5587e-05
3d7.(4F).4p,y 5D*,4.0,9.0,4.103374,3d7.(4F).4d,f 5G,4.0,9.0,6.666504,2.56313,483.72184,1100000.0,0.0038587,0.034729,0.00010241
3d8,c 3F,3.0,7.0,4.142649,3d7.(4F).4p,y 3F*,3.0,7.0,4.607593,0.464944,2666.64604,211000.0,0.022494,0.15746,0.000597
3d8,c 3F,3.0,7.0,4.142649,3d7.(4F).4p,y 3D*,2.0,5.0,4.795466,0.652817,1899.21907,296000.0,0.011433,0.080033,0.00030344
3d8,c 3F,3.0,7.0,4.142649,3d7.(4P).4p,u 5D*,2.0,5.0,5.813435,1.670786,742.07097,1020000.0,0.0060148,0.042104,0.00015963
3d8,c 3F,3.0,7.0,4.142649,3d6.(3F2).4s.4p.(3P*),x 3F*,3.0,7.0,5.838752,1.696103,730.99442,525000.0,0.0042058,0.02944,0.00011162
3d8,c 3F,3.0,7.0,4.142649,3d6.(3G).4s.4p.(3P*),w 5G*,3.0,7.0,5.913208,1.770559,700.25451,80000.0,0.00058811,0.0041168,1.5609e-05
3d8,c 3F,3.0,7.0,4.142649,3d6.(3F2).4s.4p.(3P*),v 3D*,3.0,7.0,6.091966,1.949318,636.03901,519000.0,0.0031477,0.022034,8.354e-05
3d8,c 3F,3.0,7.0,4.142649,3d7.(2G).4p,w 3F*,3.0,7.0,6.10534,1.962691,631.70519,1400000.0,0.0083756,0.058629,0.00022229
3d8,c 3F,3.0,7.0,4.142649,3d7.(2G).4p,v 3G*,4.0,9.0,6.153073,2.010424,616.70657,654000.0,0.0047945,0.033561,0.00012724
3d8,c 3F,3.0,7.0,4.142649,3d7.(2G).4p,y 3H*,4.0,9.0,6.165361,2.022712,612.96019,787000.0,0.0056996,0.039897,0.00015127
3d8,c 3F,3.0,7.0,4.142649,3d7.(2H).4p,u 3G*,4.0,9.0,6.406039,2.26339,547.78105,2870000.0,0.0166,0.1162,0.00044056
3d8,c 3F,3.0,7.0,4.142649,3d7.(2P).4p,y 1D*,2.0,5.0,6.411013,2.268364,546.5798,1770000.0,0.0056625,0.039638,0.00015028
3d8,c 3F,3.0,7.0,4.142649,3d7.(2P).4p,u 3D*,3.0,7.0,6.443347,2.300698,538.89809,303000.0,0.0013192,0.0092345,3.5012e-05
3d8,c 3F,3.0,7.0,4.142649,3d7.(2P).4p,u 3D*,2.0,5.0,6.483992,2.341343,529.54313,690000.0,0.002072,0.014504,5.499e-05
3d8,c 3F,3.0,7.0,4.142649,3d7.(2D2).4p,t 3D*,2.0,5.0,6.53185,2.389201,518.93589,2110000.0,0.0060847,0.042593,0.00016149
3d8,c 3F,3.0,7.0,4.142649,3d6.(3G).4s.4p.(3P*),t 3G*,4.0,9.0,6.724582,2.581933,480.19904,3010000.0,0.013379,0.093651,0.00035507
3d8,c 3F,3.0,7.0,4.142649,3d6.(3D).4s.4p.(3P*),5D*,4.0,9.0,6.732508,2.589859,478.7295,400000.0,0.001767,0.012369,4.6897e-05
3d7.(4F).4p,y 5D*,3.0,7.0,4.154354,3d7.(4F).5s,e 5F,3.0,7.0,5.920932,1.766578,701.8325,1200000.0,0.0088615,0.062031,0.00023518
3d7.(4F).4p,y 5D*,3.0,7.0,4.154354,3d7.(4F).5s,e 3F,4.0,9.0,5.946399,1.792045,691.85877,620000.0,0.0057205,0.040043,0.00015182
3d7.(4F).4p,y 5D*,3.0,7.0,4.154354,3d6.(5D).4s (6D).4d,f 5D,2.0,5.0,6.285828,2.131474,581.68291,100000.0,0.00036233,0.0025363,9.6162e-06
3d7.(4F).4p,y 5D*,3.0,7.0,4.154354,3d6.(5D).4s (4D).5s,e 3D,3.0,7.0,6.359673,2.205319,562.20529,530000.0,0.0025115,0.01758,6.6654e-05
3d7.(4F).4p,y 5D*,3.0,7.0,4.154354,3d6.(5D).4s (4D).5s,g 5D,4.0,9.0,6.36665,2.212296,560.43228,1730000.0,0.010474,0.073315,0.00027797
3d7.(4F).4p,y 5D*,3.0,7.0,4.154354,3d6.(5D).4s (4D).5s,e 3D,2.0,5.0,6.414933,2.260579,548.4622,1740000.0,0.005605,0.039235,0.00014876
3d7.(4F).4p,y 5D*,3.0,7.0,4.154354,3d6.(5D).4s (4D).5s,g 5D,3.0,7.0,6.418731,2.264377,547.54216,5200000.0,0.023372,0.1636,0.0006203
3d7.(4F).4p,y 5D*,3.0,7.0,4.154354,3d6.(5D).4s (6D).4d,e 5P,2.0,5.0,6.455543,2.30119,538.78306,840000.0,0.0026112,0.018278,6.9301e-05
3d7.(4F).4p,y 5D*,3.0,7.0,4.154354,3d7.(4F).4d,h 5D,4.0,9.0,6.590398,2.436044,508.95708,510000.0,0.0025465,0.017825,6.7583e-05
3d7.(4F).4p,y 5D*,3.0,7.0,4.154354,3d7.(4F).4d,h 5D,3.0,7.0,6.638837,2.484483,499.03412,5200000.0,0.019414,0.1359,0.00051526
3d7.(4F).4p,y 5D*,3.0,7.0,4.154354,3d7.(4F).4d,f 5G,3.0,7.0,6.715125,2.560772,484.16734,1700000.0,0.0059745,0.041821,0.00015856
3d7.(4F).4p,y 5D*,3.0,7.0,4.154354,3d6.(5D).4s (4D).4d,i 5D,2.0,5.0,7.187877,3.033523,408.71354,5100000.0,0.009123,0.063861,0.00024213
3d7.(4F).4p,y 5F*,5.0,11.0,4.177697,3d7.(4F).5s,e 5F,5.0,11.0,5.82794,1.650243,751.30865,13500000.0,0.11424,1.2567,0.003032
3d7.(4F).4p,y 5F*,5.0,11.0,4.177697,3d6.(5D).4s (6D).4d,f 5F,5.0,11.0,6.335988,2.158291,574.45533,62000.0,0.00030674,0.0033741,8.1408e-06
3d7.(4F).4p,y 5F*,5.0,11.0,4.177697,3d6.(5D).4s (6D).4d,e 7G,4.0,9.0,6.364718,2.187021,566.90904,612000.0,0.0024126,0.026539,6.4031e-05
3d7.(4F).4p,y 5F*,5.0,11.0,4.177697,3d6.(5D).4s (4D).5s,g 5D,4.0,9.0,6.36665,2.188953,566.40873,6180000.0,0.02432,0.26752,0.00064544
3d7.(4F).4p,y 5F*,5.0,11.0,4.177697,3d7.(4F).4d,h 5D,4.0,9.0,6.590398,2.412701,513.88127,10000000.0,0.032392,0.35631,0.00085968
3d7.(4F).4p,y 5F*,5.0,11.0,4.177697,3d7.(4F).4d,f 5G,5.0,11.0,6.606088,2.428391,510.56116,270000.0,0.0010552,0.011607,2.8004e-05
3d7.(4F).4p,y 5F*,5.0,11.0,4.177697,3d7.(4F).4d,e 3H,6.0,13.0,6.675386,2.497689,496.3956,1370000.0,0.0059812,0.065793,0.00015874
3d7.(4F).4p,y 5F*,5.0,11.0,4.177697,3d6.(5D).4s (4D).4d,g 5G,6.0,13.0,7.191324,3.013627,411.41189,11000000.0,0.032988,0.36287,0.0008755
3d8,c 3F,2.0,5.0,4.186364,3d7.(4F).4p,y 3F*,2.0,5.0,4.652031,0.465667,2662.50961,385000.0,0.040917,0.20458,0.0010859
3d8,c 3F,2.0,5.0,4.186364,3d7.(4F).4p,y 3D*,1.0,3.0,4.834855,0.648491,1911.8887,347000.0,0.011409,0.057047,0.00030281
3d8,c 3F,2.0,5.0,4.186364,3d7.(4P).4p,w 3D*,1.0,3.0,5.860984,1.67462,740.37214,1800000.0,0.0088753,0.044377,0.00023555
3d8,c 3F,2.0,5.0,4.186364,3d6.(3G).4s.4p.(3P*),w 5G*,2.0,5.0,5.930307,1.743943,710.9419,1200000.0,0.009093,0.045465,0.00024133
3d8,c 3F,2.0,5.0,4.186364,3d6.(3G).4s.4p.(3P*),v 5F*,3.0,7.0,5.966483,1.780118,696.49417,897000.0,0.009133,0.045665,0.00024239
3d8,c 3F,2.0,5.0,4.186364,3d7.(2G).4p,w 3F*,2.0,5.0,6.128927,1.942563,638.25068,1380000.0,0.0084279,0.04214,0.00022368
3d8,c 3F,2.0,5.0,4.186364,3d6.(3F2).4s.4p.(3P*),1F*,3.0,7.0,6.134382,1.948018,636.46346,280000.0,0.0023806,0.011903,6.3182e-05
3d8,c 3F,2.0,5.0,4.186364,3d7.(2G).4p,v 3G*,3.0,7.0,6.180685,1.994321,621.68626,1180000.0,0.0095722,0.047861,0.00025405
3d8,c 3F,2.0,5.0,4.186364,3d7.(2D2).4p,v 3F*,3.0,7.0,6.368487,2.182123,568.18166,84000.0,0.00056917,0.0028458,1.5106e-05
3d8,c 3F,2.0,5.0,4.186364,3d7.(2H).4p,u 3G*,3.0,7.0,6.425577,2.239213,553.69554,2160000.0,0.013899,0.069495,0.00036888
3d8,c 3F,2.0,5.0,4.186364,3d7.(2P).4p,u 3D*,3.0,7.0,6.443347,2.256983,549.336,205000.0,0.0012984,0.0064921,3.446e-05
3d8,c 3F,2.0,5.0,4.186364,3d7.(2P).4p,u 3D*,1.0,3.0,6.510715,2.32435,533.41438,680000.0,0.0017404,0.008702,4.619e-05
3d8,c 3F,2.0,5.0,4.186364,3d7.(2D2).4p,t 3D*,1.0,3.0,6.553532,2.367168,523.76593,2580000.0,0.0063666,0.031833,0.00016897
3d8,c 3F,2.0,5.0,4.186364,3d7.(2D2).4p,v 3P*,1.0,3.0,6.599672,2.413307,513.75225,680000.0,0.0016145,0.0080723,4.2848e-05
3d8,c 3F,2.0,5.0,4.186364,3d7.(2D2).4p,x 1F*,3.0,7.0,6.665797,2.479433,500.05065,730000.0,0.0038312,0.019156,0.00010168
3d8,c 3F,2.0,5.0,4.186364,3d6.(3G).4s.4p.(3P*),t 3G*,3.0,7.0,6.769581,2.583216,479.96059,2770000.0,0.013393,0.066965,0.00035545
3d7.(4F).4p,y 5D*,2.0,5.0,4.190861,3d7.(4F).5s,e 5F,2.0,5.0,5.955788,1.764928,702.48887,1700000.0,0.012577,0.062886,0.0003338
3d7.(4F).4p,y 5D*,2.0,5.0,4.190861,3d7.(4F).5s,e 3F,3.0,7.0,6.017184,1.826324,678.87312,200000.0,0.0019346,0.0096731,5.1345e-05
3d7.(4F).4p,y 5D*,2.0,5.0,4.190861,3d6.(5D).4s (4D).5s,e 3D,2.0,5.0,6.414933,2.224072,557.46493,2070000.0,0.0096442,0.048221,0.00025596
3d7.(4F).4p,y 5D*,2.0,5.0,4.190861,3d6.(5D).4s (4D).5s,g 5D,3.0,7.0,6.418731,2.22787,556.51446,3400000.0,0.022101,0.11051,0.00058657
3d7.(4F).4p,y 5D*,2.0,5.0,4.190861,3d6.(5D).4s (4D).5s,e 3D,1.0,3.0,6.452124,2.261263,548.29611,2800000.0,0.0075718,0.037859,0.00020096
3d7.(4F).4p,y 5D*,2.0,5.0,4.190861,3d6.(5D).4s (4D).5s,g 5D,2.0,5.0,6.453356,2.262495,547.99772,680000.0,0.0030614,0.015307,8.1251e-05
3d7.(4F).4p,y 5D*,2.0,5.0,4.190861,3d6.(5D).4s (6D).4d,e 5P,2.0,5.0,6.455543,2.264683,547.46832,350000.0,0.0015727,0.0078635,4.1739e-05
3d7.(4F).4p,y 5D*,2.0,5.0,4.190861,3d6.(5D).4s (4D).5s,g 5D,1.0,3.0,6.473754,2.282893,543.10125,7270000.0,0.019289,0.096444,0.00051193
3d7.(4F).4p,y 5D*,2.0,5.0,4.190861,3d7.(4F).4d,h 5D,1.0,3.0,6.711581,2.52072,491.86023,6400000.0,0.013928,0.069638,0.00036964
3d7.(4F).4p,y 5D*,2.0,5.0,4.190861,3d7.(4F).4d,f 5G,2.0,5.0,6.741725,2.550864,486.04787,1100000.0,0.0038959,0.01948,0.0001034
3d6.(5D).4s.4p.(3P*),z 3P*,2.0,5.0,4.208883,3d6.(5D).4s (4D).5s,e 3D,3.0,7.0,6.359673,2.150789,576.45902,9600000.0,0.066957,0.33478,0.001777
3d6.(5D).4s.4p.(3P*),z 3P*,2.0,5.0,4.208883,3d6.(5D).4s (4D).5s,e 3D,2.0,5.0,6.414933,2.206049,562.01918,2240000.0,0.010607,0.053037,0.00028152
3d6.(5D).4s.4p.(3P*),z 3P*,2.0,5.0,4.208883,3d6.(5D).4s (4D).5s,g 5D,2.0,5.0,6.453356,2.244472,552.39799,1300000.0,0.0059471,0.029736,0.00015784
3d6.(5D).4s.4p.(3P*),z 3P*,2.0,5.0,4.208883,3d6.(5D).4s (6D).4d,e 5P,2.0,5.0,6.455543,2.24666,551.86006,200000.0,0.00091316,0.0045658,2.4235e-05
3d6.(5D).4s.4p.(3P*),z 3P*,2.0,5.0,4.208883,3d6.(5D).4s (4D).5s,g 5D,1.0,3.0,6.473754,2.26487,547.42292,2370000.0,0.0063886,0.031943,0.00016955
3d6.(5D).4s.4p.(3P*),z 3P*,2.0,5.0,4.208883,3d7.(4F).4d,g 5F,3.0,7.0,6.67419,2.465307,502.91586,2200000.0,0.011679,0.058394,0.00030996
3d6.(5D).4s.4p.(3P*),z 3P*,2.0,5.0,4.208883,3d7.(4F).4d,f 5P,1.0,3.0,6.685873,2.476989,500.54392,3700000.0,0.0083387,0.041693,0.00022131
3d6.(5D).4s.4p.(3P*),z 3P*,2.0,5.0,4.208883,3d7.(4F).4d,h 5D,2.0,5.0,6.691013,2.48213,499.50726,1900000.0,0.0071072,0.035536,0.00018862
3d6.(5D).4s.4p.(3P*),z 3P*,2.0,5.0,4.208883,3d7.(4F).4d,f 5G,3.0,7.0,6.715125,2.506242,494.7016,1300000.0,0.0066776,0.033388,0.00017722
3d7.(4F).4p,y 5D*,1.0,3.0,4.217583,3d7.(4F).5s,e 5F,2.0,5.0,5.955788,1.738205,713.28864,4100000.0,0.052122,0.15637,0.0013833
3d7.(4F).4p,y 5D*,1.0,3.0,4.217583,3d7.(4F).5s,e 5F,1.0,3.0,5.978682,1.761099,704.01608,2500000.0,0.018577,0.05573,0.00049302
3d7.(4F).4p,y 5D*,1.0,3.0,4.217583,3d6.(5D).4s (4D).5s,e 3D,1.0,3.0,6.452124,2.234541,554.85308,960000.0,0.0044308,0.013293,0.00011759
3d7.(4F).4p,y 5D*,1.0,3.0,4.217583,3d6.(5D).4s (4D).5s,g 5D,2.0,5.0,6.453356,2.235772,554.54751,3400000.0,0.026126,0.078377,0.00069337
3d7.(4F).4p,y 5D*,1.0,3.0,4.217583,3d6.(5D).4s (4D).5s,g 5D,0.0,1.0,6.479085,2.261502,548.23831,13000000.0,0.019526,0.058579,0.00051823
3d7.(4F).4p,y 5D*,1.0,3.0,4.217583,3d7.(4F).4d,f 3D,2.0,5.0,6.703426,2.485842,498.76133,2300000.0,0.014296,0.042889,0.00037942
3d7.(4F).4p,y 5F*,4.0,9.0,4.220362,3d7.(4F).5s,e 5F,5.0,11.0,5.82794,1.607578,771.24848,786000.0,0.0085668,0.077102,0.00022736
3d7.(4F).4p,y 5F*,4.0,9.0,4.220362,3d6.(5D).4s (4D).5s,e 3D,3.0,7.0,6.359673,2.139311,579.5521,610000.0,0.0023891,0.021502,6.3406e-05
3d7.(4F).4p,y 5F*,4.0,9.0,4.220362,3d6.(5D).4s (4D).5s,g 5D,4.0,9.0,6.36665,2.146287,577.66818,1120000.0,0.0056032,0.050429,0.00014871
3d7.(4F).4p,y 5F*,4.0,9.0,4.220362,3d6.(5D).4s (4D).5s,g 5D,3.0,7.0,6.418731,2.198369,563.98268,4400000.0,0.016319,0.14687,0.00043311
3d7.(4F).4p,y 5F*,4.0,9.0,4.220362,3d7.(4F).4d,f 5P,3.0,7.0,6.591074,2.370711,522.98309,1900000.0,0.0060596,0.054536,0.00016082
3d7.(4F).4p,y 5F*,4.0,9.0,4.220362,3d7.(4F).4d,e 3G,5.0,11.0,6.662841,2.442479,507.61622,14000000.0,0.066101,0.59491,0.0017543
3d7.(4F).4p,y 5F*,4.0,9.0,4.220362,3d7.(4F).4d,e 3G,4.0,9.0,6.703394,2.483032,499.32586,390000.0,0.0014578,0.01312,3.869e-05
3d7.(4F).4p,y 5F*,4.0,9.0,4.220362,3d7.(4F).4d,e 3H,5.0,11.0,6.728215,2.507853,494.3838,967000.0,0.0043308,0.038977,0.00011494
3d7.(4F).4p,y 5F*,4.0,9.0,4.220362,3d6.(5D).4s (4D).4d,g 5G,5.0,11.0,7.224741,3.004378,412.67837,9900000.0,0.030894,0.27804,0.00081992
3d7.(4F).4p,y 5D*,0.0,1.0,4.23054,3d7.(4F).5s,e 5F,1.0,3.0,5.978682,1.748143,709.23389,3000000.0,0.06787,0.06787,0.0018013
3d7.(4F).4p,y 5D*,0.0,1.0,4.23054,3d6.(5D).4s (4D).5s,g 5D,1.0,3.0,6.473754,2.243214,552.70782,6000000.0,0.082437,0.082437,0.0021879
3d7.(4F).4p,y 5D*,0.0,1.0,4.23054,3d7.(4F).4d,f 3D,1.0,3.0,6.750859,2.520319,491.93851,4200000.0,0.045714,0.045714,0.0012133
3d7.(4F).4p,y 5F*,3.0,7.0,4.256223,3d6.(5D).4s (4D).5s,e 3D,2.0,5.0,6.414933,2.15871,574.34401,859000.0,0.0030344,0.021241,8.0532e-05
3d7.(4F).4p,y 5F*,3.0,7.0,4.256223,3d6.(5D).4s (4D).5s,g 5D,3.0,7.0,6.418731,2.162508,573.33516,1600000.0,0.0078849,0.055194,0.00020927
3d7.(4F).4p,y 5F*,3.0,7.0,4.256223,3d6.(5D).4s (4D).5s,g 5D,2.0,5.0,6.453356,2.197133,564.29998,3000000.0,0.01023,0.07161,0.0002715
3d7.(4F).4p,y 5F*,3.0,7.0,4.256223,3d6.(5D).4s (6D).4d,e 5P,2.0,5.0,6.455543,2.199321,563.73863,580000.0,0.0019739,0.013817,5.2386e-05
3d7.(4F).4p,y 5F*,3.0,7.0,4.256223,3d7.(4F).4d,g 5F,4.0,9.0,6.619972,2.363749,524.52355,2000000.0,0.010606,0.074244,0.00028149
3d7.(4F).4p,y 5F*,3.0,7.0,4.256223,3d7.(4F).4d,g 5F,3.0,7.0,6.67419,2.417967,512.76206,3200000.0,0.012614,0.088296,0.00033477
3d7.(4F).4p,y 5F*,3.0,7.0,4.256223,3d7.(4F).4d,h 5D,2.0,5.0,6.691013,2.434791,509.21916,19000000.0,0.052759,0.36931,0.0014002
3d7.(4F).4p,y 5F*,3.0,7.0,4.256223,3d7.(4F).4d,e 5H,4.0,9.0,6.724557,2.468335,502.299,6180000.0,0.030055,0.21039,0.00079766
3d7.(4F).4p,y 5F*,3.0,7.0,4.256223,3d7.(4F).4d,f 3F,4.0,9.0,6.779868,2.523645,491.29016,190000.0,0.00088396,0.0061877,2.346e-05
3d6.(5D).4s.4p.(3P*),z 3P*,1.0,3.0,4.260453,3d6.(5D).4s (4D).5s,e 3D,2.0,5.0,6.414933,2.154479,575.47177,8260000.0,0.06835,0.20505,0.001814
3d6.(5D).4s.4p.(3P*),z 3P*,1.0,3.0,4.260453,3d6.(5D).4s (4D).5s,g 5D,2.0,5.0,6.453356,2.192902,565.38861,500000.0,0.0039937,0.011981,0.00010599
3d6.(5D).4s.4p.(3P*),z 3P*,1.0,3.0,4.260453,3d6.(5D).4s (4D).5s,g 5D,1.0,3.0,6.473754,2.2133,560.17789,2690000.0,0.012655,0.037965,0.00033586
3d6.(5D).4s.4p.(3P*),z 3P*,1.0,3.0,4.260453,3d7.(4F).4d,h 5D,1.0,3.0,6.711581,2.451128,505.82513,1000000.0,0.0038358,0.011508,0.0001018
3d6.(5D).4s.4p.(3P*),z 3P*,1.0,3.0,4.260453,3d7.(4F).4d,f 5G,2.0,5.0,6.741725,2.481271,499.6801,730000.0,0.0045542,0.013663,0.00012087
3d7.(4F).4p,y 5F*,2.0,5.0,4.283308,3d6.(5D).4s (4D).5s,e 3D,2.0,5.0,6.414933,2.131624,581.6419,460000.0,0.0023331,0.011665,6.192e-05
3d7.(4F).4p,y 5F*,2.0,5.0,4.283308,3d6.(5D).4s (4D).5s,g 5D,3.0,7.0,6.418731,2.135423,580.60728,280000.0,0.0019811,0.0099056,5.2579e-05
3d7.(4F).4p,y 5F*,2.0,5.0,4.283308,3d6.(5D).4s (4D).5s,g 5D,2.0,5.0,6.453356,2.170047,571.34329,1500000.0,0.0073408,0.036704,0.00019483
3d7.(4F).4p,y 5F*,2.0,5.0,4.283308,3d6.(5D).4s (4D).5s,g 5D,1.0,3.0,6.473754,2.190445,566.02276,4520000.0,0.013026,0.065131,0.00034571
3d7.(4F).4p,y 5F*,2.0,5.0,4.283308,3d7.(4F).4d,g 5F,3.0,7.0,6.67419,2.390882,518.57096,3800000.0,0.021448,0.10724,0.00056923
3d7.(4F).4p,y 5F*,2.0,5.0,4.283308,3d7.(4F).4d,f 3D,2.0,5.0,6.703426,2.420117,512.30658,7900000.0,0.031085,0.15542,0.00082499
3d7.(4F).4p,y 5F*,2.0,5.0,4.283308,3d7.(4F).4d,h 5D,1.0,3.0,6.711581,2.428273,510.58598,1800000.0,0.0042211,0.021105,0.00011203
3d7.(4F).4p,y 5F*,2.0,5.0,4.283308,3d7.(4F).4d,f 3D,1.0,3.0,6.750859,2.46755,502.45863,2300000.0,0.0052232,0.026116,0.00013862
3d7.(4F).4p,y 5F*,2.0,5.0,4.283308,3d7.(4F).4d,e 5H,3.0,7.0,6.756023,2.472715,501.40926,650000.0,0.0034299,0.01715,9.103e-05
3d6.(5D).4s.4p.(3P*),z 3P*,0.0,1.0,4.284348,3d6.(5D).4s (4D).5s,e 3D,1.0,3.0,6.452124,2.167776,571.94185,5400000.0,0.079447,0.079447,0.0021085
3d6.(5D).4s.4p.(3P*),z 3P*,0.0,1.0,4.284348,3d6.(5D).4s (4D).5s,g 5D,1.0,3.0,6.473754,2.189406,566.29156,1220000.0,0.017596,0.017596,0.00046701
3d6.4s2,b 1D2,2.0,5.0,4.294415,3d7.(2P).4p,y 1D*,2.0,5.0,6.411013,2.116598,585.77109,1830000.0,0.0094138,0.047069,0.00024984
3d6.4s2,b 1D2,2.0,5.0,4.294415,3d7.(2D2).4p,v 3P*,1.0,3.0,6.599672,2.305257,537.83251,400000.0,0.0010408,0.005204,2.7623e-05
3d6.4s2,b 1D2,2.0,5.0,4.294415,3d7.(2D2).4p,w 1D*,2.0,5.0,6.912644,2.618229,473.54222,1600000.0,0.0053789,0.026895,0.00014276
3d7.(4F).4p,y 5F*,1.0,3.0,4.301278,3d6.(5D).4s (4D).5s,g 5D,1.0,3.0,6.473754,2.172476,570.70469,3010000.0,0.014698,0.044093,0.00039008
3d7.(4F).4p,y 5F*,1.0,3.0,4.301278,3d6.(5D).4s (4D).5s,g 5D,0.0,1.0,6.479085,2.177807,569.30756,6700000.0,0.010852,0.032556,0.00028801
3d7.(4F).4p,y 5F*,1.0,3.0,4.301278,3d7.(4F).4d,f 5P,1.0,3.0,6.685873,2.384595,519.93828,2000000.0,0.0081057,0.024317,0.00021513
3d7.(4F).4p,y 5F*,1.0,3.0,4.301278,3d6.(5D).4s (4D).4d,g 5G,2.0,5.0,7.293351,2.992073,414.37556,7500000.0,0.032178,0.096534,0.000854
3d7.(4F).4p,z 5G*,5.0,11.0,4.312471,3d7.(4F).4d,h 5D,4.0,9.0,6.590398,2.277927,544.2851,500000.0,0.0018169,0.019986,4.8221e-05
3d7.(4F).4p,z 5G*,5.0,11.0,4.312471,3d7.(4F).4d,e 5H,6.0,13.0,6.614928,2.302457,538.48649,78100000.0,0.40125,4.4137,0.010649
3d7.(4F).4p,z 5G*,5.0,11.0,4.312471,3d7.(4F).4d,e 3H,4.0,9.0,6.76401,2.451539,505.74023,300000.0,0.00094121,0.010353,2.498e-05
3d7.(4F).4p,z 5G*,5.0,11.0,4.312471,3d7.(4F).4d,f 3F,4.0,9.0,6.779868,2.467397,502.48981,600000.0,0.0018583,0.020441,4.9319e-05
3d7.(4F).4p,z 5G*,6.0,13.0,4.3201,3d7.(4F).5s,e 5F,5.0,11.0,5.82794,1.50784,822.26368,16900000.0,0.14495,1.8843,0.003847
3d7.(4F).4p,z 5G*,6.0,13.0,4.3201,3d7.(4F).4d,e 5H,6.0,13.0,6.614928,2.294828,540.27677,220000.0,0.00096275,0.012516,2.5551e-05
3d7.(4F).4p,z 5G*,4.0,9.0,4.371351,3d7.(4F).4d,f 5G,5.0,11.0,6.606088,2.234736,554.80457,1000000.0,0.0056401,0.050761,0.00014969
3d7.(4F).4p,z 5G*,4.0,9.0,4.371351,3d7.(4F).4d,g 5F,4.0,9.0,6.619972,2.248621,551.37889,990000.0,0.0045123,0.04061,0.00011976
3d7.(4F).4p,z 5G*,4.0,9.0,4.371351,3d7.(4F).4d,e 3G,5.0,11.0,6.662841,2.29149,541.06365,1100000.0,0.0059006,0.053106,0.0001566
3d7.(4F).4p,z 5G*,4.0,9.0,4.371351,3d7.(4F).4d,e 5H,5.0,11.0,6.679557,2.308206,537.14541,72200000.0,0.38171,3.4354,0.010131
3d7.(4F).4p,z 5G*,4.0,9.0,4.371351,3d7.(4F).4d,e 5H,4.0,9.0,6.724557,2.353206,526.87347,677000.0,0.0028175,0.025357,7.4776e-05
3d7.(4F).4p,z 5G*,4.0,9.0,4.371351,3d7.(4F).4d,f 3F,4.0,9.0,6.779868,2.408517,514.77407,270000.0,0.0010726,0.0096538,2.8468e-05
3d7.(4F).4p,z 5G*,4.0,9.0,4.371351,3d7.(4F).4d,f 3F,3.0,7.0,6.834621,2.46327,503.3317,840000.0,0.0024814,0.022333,6.5857e-05
3d7.(4F).4p,z 3G*,5.0,11.0,4.386463,3d7.(4F).5s,e 5F,5.0,11.0,5.82794,1.441477,860.11902,669000.0,0.00742,0.08162,0.00019693
3d7.(4F).4p,z 3G*,5.0,11.0,4.386463,3d7.(4F).4d,g 5F,5.0,11.0,6.578765,2.192302,565.54337,460000.0,0.0022057,0.024263,5.854e-05
3d7.(4F).4p,z 3G*,5.0,11.0,4.386463,3d7.(4F).4d,h 5D,4.0,9.0,6.590398,2.203935,562.55825,830000.0,0.003222,0.035442,8.5511e-05
3d7.(4F).4p,z 3G*,5.0,11.0,4.386463,3d7.(4F).4d,f 5G,6.0,13.0,6.592134,2.205671,562.11551,350000.0,0.0019594,0.021554,5.2003e-05
3d7.(4F).4p,z 3G*,5.0,11.0,4.386463,3d7.(4F).4d,f 5G,4.0,9.0,6.666504,2.280041,543.78056,770000.0,0.0027928,0.030721,7.4122e-05
3d7.(4F).4p,z 3G*,5.0,11.0,4.386463,3d7.(4F).4d,e 3H,6.0,13.0,6.675386,2.288923,541.67038,76700000.0,0.39873,4.386,0.010582
3d7.(4F).4p,z 3G*,5.0,11.0,4.386463,3d7.(4F).4d,e 5H,5.0,11.0,6.679557,2.293094,540.68524,845000.0,0.0037034,0.040738,9.8289e-05
3d7.(4F).4p,z 3G*,5.0,11.0,4.386463,3d7.(4F).4d,e 3G,4.0,9.0,6.703394,2.316931,535.1225,1400000.0,0.0049175,0.054092,0.00013051
3d7.(4F).4p,z 3G*,5.0,11.0,4.386463,3d7.(4F).4d,e 3H,5.0,11.0,6.728215,2.341753,529.45047,100000.0,0.00042025,0.0046228,1.1154e-05
3d7.(4F).4p,z 3G*,5.0,11.0,4.386463,3d7.(4F).4d,f 3F,4.0,9.0,6.779868,2.393405,518.02429,420000.0,0.0013825,0.015207,3.6691e-05
3d7.(4F).4p,z 5G*,3.0,7.0,4.415279,3d7.(4F).4d,g 5F,3.0,7.0,6.67419,2.258912,548.867,990000.0,0.0044713,0.031299,0.00011867
3d7.(4F).4p,z 5G*,3.0,7.0,4.415279,3d7.(4F).4d,f 3D,2.0,5.0,6.703426,2.288147,541.85423,1000000.0,0.0031441,0.022009,8.3444e-05
3d7.(4F).4p,z 5G*,3.0,7.0,4.415279,3d7.(4F).4d,e 5H,4.0,9.0,6.724557,2.309279,536.8958,71300000.0,0.39616,2.7731,0.010514
3d7.(4F).4p,z 5G*,3.0,7.0,4.415279,3d7.(4F).4d,g 5F,2.0,5.0,6.727073,2.311794,536.31159,1800000.0,0.0055442,0.038809,0.00014714
3d7.(4F).4p,z 5G*,3.0,7.0,4.415279,3d7.(4F).4d,e 5H,3.0,7.0,6.756023,2.340744,529.67858,730000.0,0.0030705,0.021493,8.1491e-05
3d7.(4F).4p,z 3G*,4.0,9.0,4.434613,3d7.(4F).4d,f 5G,5.0,11.0,6.606088,2.171475,570.96772,530000.0,0.003166,0.028494,8.4025e-05
3d7.(4F).4p,z 3G*,4.0,9.0,4.434613,3d7.(4F).4d,f 3D,3.0,7.0,6.663841,2.229228,556.1755,2100000.0,0.0075746,0.068171,0.00020103
3d7.(4F).4p,z 3G*,4.0,9.0,4.434613,3d7.(4F).4d,f 5G,4.0,9.0,6.666504,2.231891,555.51189,990000.0,0.0045802,0.041222,0.00012156
3d7.(4F).4p,z 3G*,4.0,9.0,4.434613,3d7.(4F).4d,e 3G,4.0,9.0,6.703394,2.268781,546.47932,29000000.0,0.12984,1.1686,0.0034459
3d7.(4F).4p,z 3G*,4.0,9.0,4.434613,3d7.(4F).4d,e 5H,4.0,9.0,6.724557,2.289945,541.4288,486000.0,0.0021359,0.019223,5.6686e-05
3d7.(4F).4p,z 3G*,4.0,9.0,4.434613,3d7.(4F).4d,e 3H,5.0,11.0,6.728215,2.293603,540.56532,69200000.0,0.37052,3.3347,0.0098336
3d7.(4F).4p,z 3G*,4.0,9.0,4.434613,3d7.(4F).4d,e 3H,4.0,9.0,6.76401,2.329397,532.25877,2130000.0,0.0090466,0.081419,0.0002401
3d7.(4F).4p,z 3G*,4.0,9.0,4.434613,3d7.(4F).4d,f 3F,4.0,9.0,6.779868,2.345255,528.65975,640000.0,0.0026816,0.024134,7.1169e-05
3d7.(4F).4p,z 3G*,4.0,9.0,4.434613,3d7.(4F).4d,f 3F,3.0,7.0,6.834621,2.400008,516.599,1600000.0,0.004979,0.044811,0.00013214
3d7.(4F).4p,z 5G*,2.0,5.0,4.445627,3d7.(4F).4d,h 5D,1.0,3.0,6.711581,2.265954,547.16122,1200000.0,0.0032316,0.016158,8.5768e-05
3d7.(4F).4p,z 5G*,2.0,5.0,4.445627,3d7.(4F).4d,f 5G,3.0,7.0,6.715125,2.269498,546.30667,420000.0,0.0026309,0.013155,6.9825e-05
3d7.(4F).4p,z 5G*,2.0,5.0,4.445627,3d7.(4F).4d,g 5F,2.0,5.0,6.727073,2.281446,543.44577,4300000.0,0.019039,0.095194,0.00050529
3d7.(4F).4p,z 5G*,2.0,5.0,4.445627,3d7.(4F).4d,f 5G,2.0,5.0,6.741725,2.296097,539.97794,9000000.0,0.039342,0.19671,0.0010441
3d7.(4F).4p,z 5G*,2.0,5.0,4.445627,3d7.(4F).4d,g 5F,1.0,3.0,6.743028,2.2974,539.6717,540000.0,0.0014147,0.0070735,3.7546e-05
3d7.(4F).4p,z 5G*,2.0,5.0,4.445627,3d7.(4F).4d,e 5H,3.0,7.0,6.756023,2.310396,536.63624,55900000.0,0.33788,1.6894,0.0089673
3d7.(4F).4p,z 3G*,3.0,7.0,4.473272,3d7.(4F).4d,e 3G,4.0,9.0,6.703394,2.230122,555.95257,1300000.0,0.007745,0.054215,0.00020555
3d7.(4F).4p,z 3G*,3.0,7.0,4.473272,3d7.(4F).4d,e 3H,4.0,9.0,6.76401,2.290738,541.24135,63300000.0,0.35743,2.502,0.0094862
3d7.(4F).4p,z 3G*,3.0,7.0,4.473272,3d7.(4F).4d,f 3F,4.0,9.0,6.779868,2.306596,537.52026,3700000.0,0.020606,0.14424,0.00054689
3d7.(4F).4p,z 3G*,3.0,7.0,4.473272,3d7.(4F).4d,f 3F,3.0,7.0,6.834621,2.361349,525.05659,1200000.0,0.0049597,0.034718,0.00013163
3d7.(4F).4p,y 3F*,4.0,9.0,4.548506,3d6.(5D).4s (4D).5s,e 3D,3.0,7.0,6.359673,1.811167,684.55434,2600000.0,0.014207,0.12786,0.00037706
3d7.(4F).4p,y 3F*,4.0,9.0,4.548506,3d7.(4F).4d,h 5D,3.0,7.0,6.638837,2.090331,593.13188,1100000.0,0.0045124,0.040612,0.00011976
3d7.(4F).4p,y 3F*,4.0,9.0,4.548506,3d7.(4F).4d,f 5G,4.0,9.0,6.666504,2.117998,585.38403,1100000.0,0.0056511,0.05086,0.00014998
3d7.(4F).4p,y 3F*,4.0,9.0,4.548506,3d7.(4F).4d,e 5H,5.0,11.0,6.679557,2.13105,581.79851,4490000.0,0.027848,0.25064,0.0007391
3d7.(4F).4p,y 3F*,4.0,9.0,4.548506,3d7.(4F).4d,e 5H,4.0,9.0,6.724557,2.176051,569.7669,435000.0,0.0021171,0.019054,5.6188e-05
3d7.(4F).4p,y 3F*,4.0,9.0,4.548506,3d7.(4F).4d,e 3H,5.0,11.0,6.728215,2.179709,568.81074,6710000.0,0.03978,0.35802,0.0010558
3d7.(4F).4p,y 3F*,4.0,9.0,4.548506,3d7.(4F).4d,e 3H,4.0,9.0,6.76401,2.215504,559.62083,5200000.0,0.024415,0.21973,0.00064797
3d6.(5D).4s.4p.(1P*),y 5P*,3.0,7.0,4.558523,3d6.(5D).4s (6D).5s,e 5D,3.0,7.0,5.586893,1.02837,1205.63809,188000.0,0.0040969,0.028678,0.00010873
3d6.(5D).4s.4p.(1P*),y 5P*,3.0,7.0,4.558523,3d6.(5D).4s (6D).4d,f 5D,4.0,9.0,6.251672,1.693149,732.26968,967000.0,0.0099948,0.069963,0.00026526
3d6.(5D).4s.4p.(1P*),y 5P*,3.0,7.0,4.558523,3d6.(5D).4s (6D).4d,e 7P,4.0,9.0,6.258138,1.699615,729.48389,1100000.0,0.011283,0.078982,0.00029945
3d6.(5D).4s.4p.(1P*),y 5P*,3.0,7.0,4.558523,3d6.(5D).4s (6D).4d,f 7D,2.0,5.0,6.323026,1.764503,702.65778,2250000.0,0.011896,0.083272,0.00031572
3d6.(5D).4s.4p.(1P*),y 5P*,3.0,7.0,4.558523,3d6.(5D).4s (4D).5s,g 5D,4.0,9.0,6.36665,1.808127,685.70523,2860000.0,0.025921,0.18144,0.00068793
3d6.(5D).4s.4p.(1P*),y 5P*,3.0,7.0,4.558523,3d6.(5D).4s (6D).4d,e 5P,3.0,7.0,6.426998,1.868476,663.55803,3440000.0,0.022708,0.15895,0.00060267
3d6.(5D).4s.4p.(1P*),y 5P*,3.0,7.0,4.558523,3d6.(5D).4s (6D).4d,e 5P,2.0,5.0,6.455543,1.897021,653.57328,1200000.0,0.0054891,0.038424,0.00014568
3d6.(5D).4s.4p.(1P*),y 5P*,3.0,7.0,4.558523,3d6.(5D).4s (4D).4d,i 5D,3.0,7.0,7.168015,2.609492,475.12764,2000000.0,0.0067688,0.047381,0.00017964
3d6.(5D).4s.4p.(1P*),y 5P*,3.0,7.0,4.558523,3d6.(5D).4s (4D).4d,i 5D,2.0,5.0,7.187877,2.629354,471.53861,1800000.0,0.0042859,0.030001,0.00011375
3d6.(5D).4s.4p.(1P*),y 5P*,3.0,7.0,4.558523,3d6.4s.(4D).4d,5P,2.0,5.0,7.217508,2.658985,466.28398,3300000.0,0.0076833,0.053783,0.00020391
3d7.(2F).4s,d 3F,3.0,7.0,4.584389,3d7.(2H).4p,u 3G*,4.0,9.0,6.406039,1.82165,680.61482,246000.0,0.0021966,0.015376,5.8297e-05
3d7.(2F).4s,d 3F,3.0,7.0,4.584389,3d7.(2P).4p,u 3D*,3.0,7.0,6.443347,1.858959,666.9551,166000.0,0.001107,0.0077492,2.9381e-05
3d7.(2F).4s,d 3F,4.0,9.0,4.59311,3d6.(3H).4s.4p.(3P*),1H*,5.0,11.0,6.401326,1.808216,685.67147,153000.0,0.0013181,0.011862,3.4981e-05
3d7.(2F).4s,d 3F,4.0,9.0,4.59311,3d7.(2H).4p,u 3G*,4.0,9.0,6.406039,1.812928,683.88918,326000.0,0.0022859,0.020573,6.0667e-05
3d7.(2F).4s,d 3F,4.0,9.0,4.59311,3d7.(2P).4p,u 3D*,3.0,7.0,6.443347,1.850237,670.09905,168000.0,0.00087963,0.0079167,2.3346e-05
3d6.(5D).4s.4p.(1P*),y 5P*,2.0,5.0,4.606951,3d6.(5D).4s (6D).5s,e 5D,3.0,7.0,5.586893,0.979942,1265.22012,432000.0,0.014515,0.072573,0.00038522
3d6.(5D).4s.4p.(1P*),y 5P*,2.0,5.0,4.606951,3d6.(5D).4s (4D).5s,g 5D,3.0,7.0,6.418731,1.81178,684.3226,3400000.0,0.033419,0.16709,0.00088693
3d6.(5D).4s.4p.(1P*),y 5P*,2.0,5.0,4.606951,3d6.(5D).4s (6D).4d,e 5P,3.0,7.0,6.426998,1.820047,681.21413,2120000.0,0.020649,0.10324,0.00054801
3d6.(5D).4s.4p.(1P*),y 5P*,2.0,5.0,4.606951,3d7.(4F).4d,f 5G,3.0,7.0,6.715125,2.108174,588.11169,210000.0,0.0015245,0.0076225,4.046e-05
3d7.(4F).4p,y 3F*,3.0,7.0,4.607593,3d6.(5D).4s (4D).5s,e 3D,2.0,5.0,6.414933,1.807339,686.00402,3330000.0,0.016781,0.11747,0.00044538
3d7.(4F).4p,y 3F*,3.0,7.0,4.607593,3d7.(4F).4d,f 5P,2.0,5.0,6.641679,2.034085,609.53291,1200000.0,0.0047743,0.03342,0.00012671
3d7.(4F).4p,y 3F*,3.0,7.0,4.607593,3d7.(4F).4d,e 5H,4.0,9.0,6.724557,2.116964,585.66982,719000.0,0.0047538,0.033276,0.00012617
3d7.(4F).4p,y 3F*,3.0,7.0,4.607593,3d7.(4F).4d,e 3G,3.0,7.0,6.742184,2.134591,580.83349,2700000.0,0.013656,0.095593,0.00036243
3d7.(4F).4p,y 3F*,3.0,7.0,4.607593,3d7.(4F).4d,e 3H,4.0,9.0,6.76401,2.156417,574.95478,880000.0,0.0056073,0.039251,0.00014882
3d7.(4F).4p,y 3F*,3.0,7.0,4.607593,3d7.(4F).4d,f 3F,4.0,9.0,6.779868,2.172275,570.75749,6100000.0,0.038303,0.26812,0.0010166
3d7.(4F).4p,y 3F*,3.0,7.0,4.607593,3d7.(4F).4d,e 3P,2.0,5.0,6.804214,2.19662,564.43165,330000.0,0.0011258,0.0078807,2.9879e-05
3d6.(5D).4s.4p.(1P*),y 5P*,1.0,3.0,4.638194,3d6.(5D).4s (6D).4d,e 5P,1.0,3.0,6.449617,1.811423,684.45736,2400000.0,0.016856,0.050569,0.00044737
3d6.(5D).4s.4p.(1P*),y 5P*,1.0,3.0,4.638194,3d6.(5D).4s (4D).5s,g 5D,2.0,5.0,6.453356,1.815162,683.04761,3700000.0,0.043133,0.1294,0.0011448
3d6.(5D).4s.4p.(1P*),y 5P*,1.0,3.0,4.638194,3d6.(5D).4s (6D).4d,e 5P,2.0,5.0,6.455543,1.81735,682.22531,1500000.0,0.017444,0.052333,0.00046297
3d6.(5D).4s.4p.(1P*),y 5P*,1.0,3.0,4.638194,3d6.(5D).4s (4D).5s,g 5D,1.0,3.0,6.473754,1.83556,675.45707,3050000.0,0.020862,0.062586,0.00055368
3d7.(4F).4p,y 3F*,2.0,5.0,4.652031,3d6.(5D).4s (4D).5s,e 3D,1.0,3.0,6.452124,1.800093,688.76543,2100000.0,0.0089613,0.044807,0.00023783
3d7.(4F).4p,y 3F*,2.0,5.0,4.652031,3d6.(5D).4s (4D).5s,g 5D,1.0,3.0,6.473754,1.821723,680.58768,1530000.0,0.0063749,0.031874,0.00016919
3d7.(4F).4p,y 3F*,2.0,5.0,4.652031,3d7.(4F).4d,f 5P,1.0,3.0,6.685873,2.033842,609.60596,730000.0,0.0024402,0.012201,6.4764e-05
3d7.(4F).4p,y 3F*,2.0,5.0,4.652031,3d7.(4F).4d,h 5D,2.0,5.0,6.691013,2.038982,608.06904,2900000.0,0.016075,0.080377,0.00042664
3d7.(4F).4p,y 3F*,2.0,5.0,4.652031,3d7.(4F).4d,g 5F,1.0,3.0,6.743028,2.090997,592.94309,5400000.0,0.017078,0.085389,0.00045324
3d7.(4F).4p,y 3F*,2.0,5.0,4.652031,3d7.(4F).4d,f 3D,1.0,3.0,6.750859,2.098828,590.73075,11000000.0,0.034529,0.17264,0.0009164
3d7.(4F).4p,y 3F*,2.0,5.0,4.652031,3d7.(4F).4d,f 3F,3.0,7.0,6.834621,2.18259,568.05991,3700000.0,0.02506,0.1253,0.00066509
3d7.(4F).4p,y 3D*,3.0,7.0,4.733141,3d7.(4F).4d,g 5F,4.0,9.0,6.619972,1.886831,657.10284,6000000.0,0.049937,0.34956,0.0013253
3d7.(4F).4p,y 3D*,3.0,7.0,4.733141,3d7.(4F).4d,f 3D,3.0,7.0,6.663841,1.9307,642.17229,12000000.0,0.07419,0.51933,0.001969
3d7.(4F).4p,y 3D*,3.0,7.0,4.733141,3d7.(4F).4d,h 5D,2.0,5.0,6.691013,1.957873,633.25981,640000.0,0.0027484,0.019239,7.2942e-05
3d7.(4F).4p,y 3D*,3.0,7.0,4.733141,3d7.(4F).4d,e 3H,4.0,9.0,6.76401,2.030869,610.49826,1520000.0,0.01092,0.076439,0.00028981
3d7.(4F).4p,y 3D*,2.0,5.0,4.795466,3d6.(5D).4s (4D).5s,e 3D,2.0,5.0,6.414933,1.619467,765.58652,2960000.0,0.02601,0.13005,0.0006903
3d7.(4F).4p,y 3D*,2.0,5.0,4.795466,3d7.(4F).4d,g 5F,3.0,7.0,6.67419,1.878725,659.93811,2000000.0,0.018282,0.09141,0.0004852
3d7.(4F).4p,y 3D*,2.0,5.0,4.795466,3d7.(4F).4d,f 3D,2.0,5.0,6.703426,1.90796,649.82603,7800000.0,0.04938,0.2469,0.0013105
3d7.(4F).4p,y 3D*,2.0,5.0,4.795466,3d7.(4F).4d,g 5F,1.0,3.0,6.743028,1.947562,636.61232,2100000.0,0.0076556,0.038278,0.00020318
3d7.(4F).4p,y 3D*,2.0,5.0,4.795466,3d7.(4F).4d,f 3D,1.0,3.0,6.750859,1.955393,634.06282,5100000.0,0.018444,0.092218,0.00048949
3d7.(4F).4p,y 3D*,1.0,3.0,4.834855,3d7.(4F).4d,g 5F,1.0,3.0,6.743028,1.908173,649.75358,6400000.0,0.040508,0.12152,0.0010751
3d7.(4F).4p,y 3D*,1.0,3.0,4.834855,3d7.(4F).4d,f 3D,1.0,3.0,6.750859,1.916004,647.09795,8300000.0,0.052105,0.15631,0.0013829
3d6.(5D).4s.4p.(1P*),x 5D*,4.0,9.0,4.912974,3d6.(5D).4s (6D).5s,e 5D,3.0,7.0,5.586893,0.673919,1839.74869,227000.0,0.008959,0.080631,0.00023777
3d6.(5D).4s.4p.(1P*),x 5D*,4.0,9.0,4.912974,3d6.(5D).4s (6D).4d,f 5D,4.0,9.0,6.251672,1.338699,926.15464,1540000.0,0.019804,0.17823,0.00052559
3d6.(5D).4s.4p.(1P*),x 5D*,4.0,9.0,4.912974,3d6.(5D).4s (4D).5s,g 5D,4.0,9.0,6.36665,1.453676,852.90116,1770000.0,0.019303,0.17373,0.00051231
3d6.(5D).4s.4p.(1P*),x 5D*,4.0,9.0,4.912974,3d6.(5D).4s (4D).4d,i 5D,4.0,9.0,7.153577,2.240604,553.35171,610000.0,0.0028002,0.025202,7.4318e-05
3d6.(5D).4s.4p.(1P*),x 5D*,3.0,7.0,4.95563,3d6.(5D).4s (6D).5s,e 5D,3.0,7.0,5.586893,0.631263,1964.067,515000.0,0.029784,0.20849,0.00079046
3d6.(5D).4s.4p.(1P*),x 5D*,3.0,7.0,4.95563,3d6.(5D).4s (6D).4d,f 5F,4.0,9.0,6.380434,1.424804,870.18442,4080000.0,0.059551,0.41685,0.0015805
3d6.(5D).4s.4p.(1P*),x 5D*,3.0,7.0,4.95563,3d6.(5D).4s (4D).4d,i 5D,2.0,5.0,7.187877,2.232247,555.42337,450000.0,0.0014866,0.010406,3.9454e-05
3d6.(5D).4s.4p.(1P*),x 5D*,2.0,5.0,4.98805,3d6.(5D).4s (6D).5s,e 5D,3.0,7.0,5.586893,0.598843,2070.39638,199000.0,0.017904,0.08952,0.00047517
3d6.(5D).4s.4p.(1P*),x 5D*,2.0,5.0,4.98805,3d6.(5D).4s (6D).4d,f 5F,3.0,7.0,6.398093,1.410043,879.29349,3200000.0,0.051928,0.25964,0.0013782
3d6.(5D).4s.4p.(1P*),x 5F*,5.0,11.0,4.991271,3d7.(4F).5s,e 5F,5.0,11.0,5.82794,0.836669,1481.87842,256000.0,0.008428,0.092708,0.00022368
3d6.(5D).4s.4p.(1P*),x 5F*,5.0,11.0,4.991271,3d6.(5D).4s (6D).4d,e 5G,6.0,13.0,6.264047,1.272776,974.12434,7640000.0,0.12845,1.4129,0.003409
3d6.(5D).4s.4p.(1P*),x 5F*,5.0,11.0,4.991271,3d6.(5D).4s (6D).4d,e 5G,5.0,11.0,6.286479,1.295208,957.25328,2500000.0,0.034344,0.37779,0.00091149
3d6.(5D).4s.4p.(1P*),x 5F*,5.0,11.0,4.991271,3d6.(5D).4s (4D).5s,g 5D,4.0,9.0,6.36665,1.375379,901.45493,4460000.0,0.044456,0.48902,0.0011799
3d6.(5D).4s.4p.(1P*),x 5F*,5.0,11.0,4.991271,3d6.(5D).4s (4D).4d,g 5G,6.0,13.0,7.191324,2.200053,563.55097,7700000.0,0.043328,0.47661,0.0011499
3d6.(5D).4s.4p.(1P*),x 5F*,4.0,9.0,5.033068,3d6.(5D).4s (6D).5s,e 5D,3.0,7.0,5.586893,0.553825,2238.6905,653000.0,0.038161,0.34345,0.0010128
3d6.(5D).4s.4p.(1P*),x 5F*,4.0,9.0,5.033068,3d6.(5D).4s (6D).4d,e 5G,5.0,11.0,6.286479,1.253411,989.17467,2220000.0,0.039802,0.35822,0.0010564
3d6.(5D).4s.4p.(1P*),x 5F*,4.0,9.0,5.033068,3d6.(5D).4s (6D).4d,e 5G,4.0,9.0,6.320662,1.287594,962.91367,4510000.0,0.062692,0.56423,0.0016638
3d6.(5D).4s.4p.(1P*),x 5F*,4.0,9.0,5.033068,3d6.(5D).4s (6D).4d,e 7G,5.0,11.0,6.351531,1.318463,940.36921,2640000.0,0.042777,0.38499,0.0011353
3d6.(5D).4s.4p.(1P*),x 5F*,3.0,7.0,5.063782,3d6.(5D).4s (6D).4d,e 5G,4.0,9.0,6.320662,1.256881,986.4438,5490000.0,0.10297,0.72081,0.0027329
3d6.(5D).4s.4p.(1P*),x 5F*,3.0,7.0,5.063782,3d6.(5D).4s (6D).4d,f 5F,4.0,9.0,6.380434,1.316652,941.66251,3980000.0,0.068026,0.47619,0.0018054
3d6.(5D).4s.4p.(1P*),x 5F*,3.0,7.0,5.063782,3d6.(5D).4s (4D).4d,g 5G,4.0,9.0,7.255575,2.191794,565.67456,4700000.0,0.028989,0.20292,0.00076937
3d6.(5D).4s.4p.(1P*),x 5F*,2.0,5.0,5.08559,3d6.(5D).4s (6D).4d,f 5F,3.0,7.0,6.398093,1.312503,944.63922,6390000.0,0.11968,0.5984,0.0031763
3d6.(5D).4s.4p.(1P*),x 5F*,2.0,5.0,5.08559,3d6.(5D).4s (4D).5s,g 5D,1.0,3.0,6.473754,1.388164,893.15268,3570000.0,0.025617,0.12809,0.00067988
3d6.(5D).4s.4p.(1P*),x 5F*,2.0,5.0,5.08559,3d6.(5D).4s (4D).4d,g 5G,3.0,7.0,7.279118,2.193528,565.22735,3300000.0,0.022128,0.11064,0.00058728
3d6.(5D).4s.4p.(1P*),x 5F*,1.0,3.0,5.099544,3d6.(5D).4s (6D).4d,e 5G,2.0,5.0,6.369086,1.269542,976.6058,5420000.0,0.12917,0.3875,0.003428
3d6.(5D).4s.4p.(1P*),x 5F*,1.0,3.0,5.099544,3d6.(5D).4s (4D).4d,g 5G,2.0,5.0,7.293351,2.193807,565.15546,5100000.0,0.040702,0.12211,0.0010802
3d6.(3P2).4s.4p.(3P*),w 5D*,4.0,9.0,5.393251,3d6.(5D).4s (6D).4d,f 5D,4.0,9.0,6.251672,0.858421,1444.32865,257000.0,0.0080376,0.072338,0.00021332
3d6.(3P2).4s.4p.(3P*),w 5D*,4.0,9.0,5.393251,3d6.(5D).4s (6D).4d,e 7P,4.0,9.0,6.258138,0.864887,1433.53084,414000.0,0.012755,0.11479,0.00033851
3d6.(3P2).4s.4p.(3P*),w 5D*,3.0,7.0,5.445717,3d6.(5D).4s (6D).4d,f 5D,3.0,7.0,6.265467,0.81975,1512.46368,663000.0,0.022738,0.15916,0.00060345
3d6.(3P2).4s.4p.(3P*),w 5D*,3.0,7.0,5.445717,3d6.(5D).4s (6D).4d,f 5F,4.0,9.0,6.380434,0.934717,1326.43553,961000.0,0.032591,0.22814,0.00086497
3d6.(3F2).4s.4p.(3P*),w 5F*,5.0,11.0,5.485518,3d6.(5D).4s (6D).4d,e 5G,6.0,13.0,6.264047,0.778529,1592.54461,246000.0,0.011054,0.1216,0.00029338
3d6.(5D).4s (6D).5s,e 5D,3.0,7.0,5.586893,3d6.(5D).4s (6D).5p,t 5D*,2.0,5.0,6.401304,0.814412,1522.37774,861000.0,0.021369,0.14958,0.00056713
3d6.(5D).4s (6D).5s,e 5D,2.0,5.0,5.620684,3d6.(5D).4s (6D).5p,t 5D*,2.0,5.0,6.401304,0.78062,1588.27824,503000.0,0.019023,0.095115,0.00050487
3d6.(5D).4s (6D).5s,e 5D,2.0,5.0,5.620684,3d7.(2D2).4p,t 3D*,1.0,3.0,6.553532,0.932848,1329.09281,3190000.0,0.050689,0.25344,0.0013453
3d7.(4F).5s,e 3F,3.0,7.0,6.017184,3d6.(3G).4s.4p.(3P*),t 3G*,3.0,7.0,6.769581,0.752396,1647.85774,386000.0,0.015714,0.11,0.00041705
3d6.(5D).4s (6D).5p,n 7D*,5.0,11.0,6.11891,3d6.(5D).4s (6D).6s,g 7D,5.0,11.0,6.670456,0.551546,2247.93964,3320000.0,0.25152,2.7667,0.0066753
3d6.(5D).4s (6D).5p,n 7D*,4.0,9.0,6.1445,3d6.(5D).4s (6D).6s,g 7D,5.0,11.0,6.670456,0.525956,2357.30912,2210000.0,0.22503,2.0252,0.0059722
3d6.(5D).4s (6D).5p,n 7D*,4.0,9.0,6.1445,3d6.(5D).4s (6D).6s,g 7D,4.0,9.0,6.710613,0.566113,2190.09595,682000.0,0.049042,0.44138,0.0013016
3d6.(5D).4s (6D).5p,n 7F*,6.0,13.0,6.169223,3d6.(5D).4s (6D).6s,g 7D,5.0,11.0,6.670456,0.501233,2473.58396,5080000.0,0.3943,5.1259,0.010465
3d6.(5D).4s (6D).5p,n 7D*,3.0,7.0,6.175065,3d6.(5D).4s (6D).6s,g 7D,4.0,9.0,6.710613,0.535548,2315.08975,1180000.0,0.12191,0.85334,0.0032354
3d6.(5D).4s (6D).5p,n 7F*,5.0,11.0,6.205681,3d6.(5D).4s (6D).6s,g 7D,4.0,9.0,6.710613,0.504932,2455.46401,3720000.0,0.27512,3.0263,0.0073016
3d6.(5D).4s (6D).5p,n 7P*,4.0,9.0,6.222239,3d6.(5D).4s (6D).6s,g 7D,4.0,9.0,6.710613,0.488374,2538.71477,683000.0,0.065995,0.59395,0.0017515
