conf_i,term_i,J_i,g_i,E_i_eV,conf_k,term_k,J_k,g_k,E_k_eV,dE_eV,lambda_vac_nm,Aki_s-1,f_ik,gf,sigma_int_cm2Hz
3d6.(5D).4s,a 6D,4.5,10.0,0.0,3d6.(5D).4s,a 6D,3.5,8.0,0.047708,0.047708,25988.39185,0.002151,1.7424e-08,1.7424e-07,4.6243e-10
3d6.(5D).4s,a 6D,4.5,10.0,0.0,3d7,a 4F,4.5,10.0,0.232173,0.232173,5340.16921,0.00013,5.5579e-11,5.5579e-10,1.4751e-12
3d6.(5D).4s,a 6D,4.5,10.0,0.0,3d7,a 4F,3.5,8.0,0.301299,0.301299,4114.99445,4.2e-05,8.5298e-12,8.5298e-11,2.2638e-13
3d6.(5D).4s,a 6D,4.5,10.0,0.0,3d6.(5D).4s,a 4D,3.5,8.0,0.986334,0.986334,1257.02068,0.00553,1.048e-10,1.048e-09,2.7814e-12
3d6.(5D).4s,a 6D,4.5,10.0,0.0,3d6.(3H).4s,a 4H,4.5,10.0,2.675779,2.675779,463.35735,0.0071,2.2853e-11,2.2853e-10,6.0653e-13
3d6.(5D).4s,a 6D,4.5,10.0,0.0,3d6.(3F2).4s,b 4F,4.5,10.0,2.806654,2.806654,441.75084,0.476,1.3926e-09,1.3926e-08,3.6959e-11
3d6.(5D).4s,a 6D,4.5,10.0,0.0,3d6.(3F2).4s,b 4F,3.5,8.0,2.828122,2.828122,438.39756,0.0605,1.3946e-10,1.3946e-09,3.7012e-12
3d6.(5D).4s,a 6D,4.5,10.0,0.0,3d5.4s2,a 6S,2.5,6.0,2.891018,2.891018,428.85996,1.55,2.5643e-09,2.5643e-08,6.8057e-11
3d6.(5D).4s,a 6D,4.5,10.0,0.0,3d6.(3G).4s,a 4G,4.5,10.0,3.199453,3.199453,387.51689,0.0138,3.1068e-11,3.1068e-10,8.2456e-13
3d6.(5D).4s,a 6D,4.5,10.0,0.0,3d6.(3G).4s,a 4G,3.5,8.0,3.221313,3.221313,384.8871,0.0021,3.7311e-12,3.7311e-11,9.9023e-14
3d6.(5D).4s,a 6D,4.5,10.0,0.0,3d6.(3G).4s,b 2G,4.5,10.0,3.767699,3.767699,329.07136,0.00052,8.442e-13,8.442e-12,2.2405e-14
3d6.(5D).4s,a 6D,4.5,10.0,0.0,3d6.(3D).4s,b 4D,3.5,8.0,3.903419,3.903419,317.62974,0.232,2.8072e-10,2.8072e-09,7.4504e-12
3d6.(5D).4s,a 6D,4.5,10.0,0.0,3d7,b 2F,3.5,8.0,3.967376,3.967376,312.50929,0.00055,6.4423e-13,6.4423e-12,1.7098e-14
3d6.(5D).4s,a 6D,4.5,10.0,0.0,3d6.(1G2).4s,c 2G,4.5,10.0,4.149316,4.149316,298.80632,0.0025,3.3464e-12,3.3464e-11,8.8814e-14
3d6.(5D).4s,a 6D,4.5,10.0,0.0,3d6.(5D).4p,z 6D*,4.5,10.0,4.768307,4.768307,260.01721,235000000.0,0.23819,2.3819,0.0063217
3d6.(5D).4s,a 6D,4.5,10.0,0.0,3d6.(5D).4p,z 6D*,3.5,8.0,4.793236,4.793236,258.66493,89400000.0,0.07174,0.7174,0.001904
3d6.(5D).4s,a 6D,4.5,10.0,0.0,3d6.(5D).4p,z 6F*,5.5,12.0,5.203377,5.203377,238.27639,313000000.0,0.3197,3.197,0.0084849
3d6.(5D).4s,a 6D,4.5,10.0,0.0,3d6.(5D).4p,z 6F*,4.5,10.0,5.221574,5.221574,237.446,42500000.0,0.035923,0.35923,0.00095341
3d6.(5D).4s,a 6D,4.5,10.0,0.0,3d6.(5D).4p,z 6P*,3.5,8.0,5.288948,5.288948,234.42127,173000000.0,0.11402,1.1402,0.0030262
3d6.(5D).4s,a 6D,4.5,10.0,0.0,3d6.(5D).4p,z 4F*,4.5,10.0,5.484136,5.484136,226.07791,3180000.0,0.0024367,0.024367,6.467e-05
3d6.(5D).4s,a 6D,4.5,10.0,0.0,3d6.(5D).4p,z 4D*,3.5,8.0,5.510714,5.510714,224.98754,3000000.0,0.0018213,0.018213,4.8338e-05
3d6.(5D).4s,a 6D,4.5,10.0,0.0,3d6.(3F2).4p,y 4F*,3.5,8.0,7.695145,7.695145,161.12004,4400000.0,0.0013699,0.013699,3.6358e-05
3d6.(5D).4s,a 6D,4.5,10.0,0.0,3d5.(6S).4s.4p.(3P*),y 6P*,3.5,8.0,7.708299,7.708299,160.84508,191000000.0,0.059265,0.59265,0.0015729
3d6.(5D).4s,a 6D,4.5,10.0,0.0,3d6.(3F2).4p,x 4D*,3.5,8.0,7.804191,7.804191,158.86874,500000.0,0.00015135,0.0015135,4.017e-06
3d6.(5D).4s,a 6D,4.5,10.0,0.0,3d5.(6S).4s.4p.(1P*),x 6P*,3.5,8.0,9.835835,9.835835,126.05355,110000000.0,0.020963,0.20963,0.00055636
3d6.(5D).4s,a 6D,4.5,10.0,0.0,3d5.(4G).4s.4p.(3P*),y 6F*,5.5,12.0,10.828889,10.828889,114.49392,350000000.0,0.082542,0.82542,0.0021907
3d6.(5D).4s,a 6D,4.5,10.0,0.0,3d5.(4G).4s.4p.(3P*),y 6F*,4.5,10.0,10.84512,10.84512,114.32257,100000000.0,0.019594,0.19594,0.00052003
3d6.(5D).4s,a 6D,4.5,10.0,0.0,3d5.(4G).4s.4p.(3P*),y 6F*,3.5,8.0,10.853285,10.853285,114.23656,26000000.0,0.0040694,0.040694,0.000108
3d6.(5D).4s,a 6D,4.5,10.0,0.0,3d5.(4P).4s.4p.(3P*),6D*,3.5,8.0,10.936579,10.936579,113.36652,31000000.0,0.0047784,0.047784,0.00012682
3d6.(5D).4s,a 6D,4.5,10.0,0.0,3d6.(5D).5p,6D*,4.5,10.0,11.000299,11.000299,112.70984,6000000.0,0.0011427,0.011427,3.0327e-05
3d6.(5D).4s,a 6D,4.5,10.0,0.0,3d6.(5D).5p,6D*,3.5,8.0,11.016434,11.016434,112.54476,100000000.0,0.015191,0.15191,0.00040318
3d6.(5D).4s,a 6D,4.5,10.0,0.0,3d5.(4P).4s.4p.(3P*),6P*,3.5,8.0,11.050534,11.050534,112.19747,190000000.0,0.028686,0.28686,0.00076133
3d6.(5D).4s,a 6D,4.5,10.0,0.0,3d6.(5D).5p,6F*,5.5,12.0,11.149174,11.149174,111.20483,20000000.0,0.0044496,0.044496,0.00011809
3d6.(5D).4s,a 6D,4.5,10.0,0.0,3d6.(5D).5p,w 6P*,3.5,8.0,11.303384,11.303384,109.68769,230000000.0,0.033189,0.33189,0.00088083
3d6.(5D).4s,a 6D,4.5,10.0,0.0,3d5.(4D).4s.4p.(3P*),6F*,4.5,10.0,11.443775,11.443775,108.34205,16000000.0,0.0028156,0.028156,7.4726e-05
3d6.(5D).4s,a 6D,4.5,10.0,0.0,3d5.(4D).4s.4p.(3P*),6F*,5.5,12.0,11.46012,11.46012,108.18753,60000000.0,0.012634,0.12634,0.00033531
3d6.(5D).4s,a 6D,4.5,10.0,0.0,3d5.(4D).4s.4p.(3P*),6D*,3.5,8.0,11.652959,11.652959,106.39718,35000000.0,0.004752,0.04752,0.00012612
3d6.(5D).4s,a 6D,4.5,10.0,0.0,3d5.(4D).4s.4p.(3P*),6D*,4.5,10.0,11.661672,11.661672,106.31769,320000000.0,0.054228,0.54228,0.0014392
3d6.(5D).4s,a 6D,4.5,10.0,0.0,3d5.(4G).4s.4p.(3P*),w 4G*,4.5,10.0,11.672913,11.672913,106.21531,17000000.0,0.0028753,0.028753,7.631e-05
3d6.(5D).4s,a 6D,4.5,10.0,0.0,3d5.(4D).4s.4p.(3P*),6P*,3.5,8.0,11.749142,11.749142,105.52618,46000000.0,0.0061437,0.061437,0.00016305
3d6.(5D).4s,a 6D,4.5,10.0,0.0,3d5.(4F).4s.4p.(3P*),6F*,5.5,12.0,13.222847,13.222847,93.76513,44000000.0,0.0069595,0.069595,0.0001847
3d6.(5D).4s,a 6D,4.5,10.0,0.0,3d5.(4F).4s.4p.(3P*),6D*,3.5,8.0,13.376267,13.376267,92.68969,32000000.0,0.0032973,0.032973,8.7511e-05
3d6.(5D).4s,a 6D,4.5,10.0,0.0,3d5.(4F).4s.4p.(3P*),6D*,4.5,10.0,13.386158,13.386158,92.6212,260000000.0,0.033439,0.33439,0.00088747
3d6.(5D).4s,a 6D,4.5,10.0,0.0,3d5.(2F1).4s.4p.(3P*),4D*,3.5,8.0,13.419972,13.419972,92.38782,28000000.0,0.0028664,0.028664,7.6074e-05
3d6.(5D).4s,a 6D,3.5,8.0,0.047708,3d6.(5D).4s,a 6D,2.5,6.0,0.082782,0.035075,35348.71343,0.00158,2.2199e-08,1.7759e-07,5.8915e-10
3d6.(5D).4s,a 6D,3.5,8.0,0.047708,3d7,a 4F,4.5,10.0,0.232173,0.184465,6721.27632,1.16e-05,9.8204e-12,7.8564e-11,2.6063e-13
3d6.(5D).4s,a 6D,3.5,8.0,0.047708,3d7,a 4F,3.5,8.0,0.301299,0.253591,4889.13936,9.3e-05,3.3328e-11,2.6662e-10,8.8452e-13
3d6.(5D).4s,a 6D,3.5,8.0,0.047708,3d7,a 4F,2.5,6.0,0.351865,0.304157,4076.31929,3.3e-05,6.1655e-12,4.9324e-11,1.6363e-13
3d6.(5D).4s,a 6D,3.5,8.0,0.047708,3d6.(5D).4s,a 4D,3.5,8.0,0.986334,0.938626,1320.91123,0.001782,4.6614e-11,3.7291e-10,1.2371e-12
3d6.(5D).4s,a 6D,3.5,8.0,0.047708,3d6.(5D).4s,a 4D,2.5,6.0,1.04047,0.992762,1248.88097,0.000356,6.2433e-12,4.9946e-11,1.657e-13
3d6.(5D).4s,a 6D,3.5,8.0,0.047708,3d7,a 4P,2.5,6.0,1.670619,1.622911,763.96177,0.00528,3.465e-11,2.772e-10,9.196e-13
3d6.(5D).4s,a 6D,3.5,8.0,0.047708,3d7,a 4P,1.5,4.0,1.695261,1.647554,752.53507,0.0001,4.2451e-13,3.396e-12,1.1266e-14
3d6.(5D).4s,a 6D,3.5,8.0,0.047708,3d7,a 2D2,2.5,6.0,2.543778,2.49607,496.71754,0.033,9.1549e-11,7.3239e-10,2.4297e-12
3d6.(5D).4s,a 6D,3.5,8.0,0.047708,3d6.(3P2).4s,b 4P,2.5,6.0,2.582659,2.534952,489.09881,0.417,1.1216e-09,8.9731e-09,2.9768e-11
3d6.(5D).4s,a 6D,3.5,8.0,0.047708,3d6.(3H).4s,a 4H,4.5,10.0,2.675779,2.628072,471.7687,0.00088,3.6704e-12,2.9363e-11,9.7412e-14
3d6.(5D).4s,a 6D,3.5,8.0,0.047708,3d6.(3H).4s,a 4H,3.5,8.0,2.691932,2.644225,468.8868,0.0018,5.9329e-12,4.7463e-11,1.5746e-13
3d6.(5D).4s,a 6D,3.5,8.0,0.047708,3d6.(3F2).4s,b 4F,4.5,10.0,2.806654,2.758947,449.38957,0.082,3.1033e-10,2.4827e-09,8.2363e-12
3d6.(5D).4s,a 6D,3.5,8.0,0.047708,3d6.(3F2).4s,b 4F,3.5,8.0,2.828122,2.780415,445.91977,0.318,9.4798e-10,7.5839e-09,2.5159e-11
3d6.(5D).4s,a 6D,3.5,8.0,0.047708,3d6.(3F2).4s,b 4F,2.5,6.0,2.844117,2.79641,443.36924,0.06,1.3262e-10,1.0609e-09,3.5197e-12
3d6.(5D).4s,a 6D,3.5,8.0,0.047708,3d5.4s2,a 6S,2.5,6.0,2.891018,2.843311,436.05574,1.15,2.4587e-09,1.9669e-08,6.5253e-11
3d6.(5D).4s,a 6D,3.5,8.0,0.047708,3d6.(3G).4s,a 4G,4.5,10.0,3.199453,3.151745,393.38268,0.0028,8.12e-12,6.496e-11,2.1551e-13
3d6.(5D).4s,a 6D,3.5,8.0,0.047708,3d6.(3G).4s,a 4G,3.5,8.0,3.221313,3.173606,390.67295,0.009,2.0593e-11,1.6475e-10,5.4655e-13
3d6.(5D).4s,a 6D,3.5,8.0,0.047708,3d6.(3D).4s,b 4D,2.5,6.0,3.891613,3.843906,322.54744,0.035,4.0943e-11,3.2754e-10,1.0866e-12
3d6.(5D).4s,a 6D,3.5,8.0,0.047708,3d6.(3D).4s,b 4D,3.5,8.0,3.903419,3.855712,321.55984,0.079,1.2246e-10,9.7972e-10,3.2502e-12
3d6.(5D).4s,a 6D,3.5,8.0,0.047708,3d6.(5D).4p,z 6D*,4.5,10.0,4.768307,4.7206,262.645,35200000.0,0.045504,0.36403,0.0012077
3d6.(5D).4s,a 6D,3.5,8.0,0.047708,3d6.(5D).4p,z 6D*,3.5,8.0,4.793236,4.745528,261.26533,120000000.0,0.1228,0.98241,0.0032592
3d6.(5D).4s,a 6D,3.5,8.0,0.047708,3d6.(5D).4p,z 6D*,2.5,6.0,4.817898,4.770191,259.91455,143000000.0,0.10862,0.86898,0.0028828
3d6.(5D).4s,a 6D,3.5,8.0,0.047708,3d6.(5D).4p,z 6F*,4.5,10.0,5.221574,5.173867,239.63546,259000000.0,0.27872,2.2298,0.0073973
3d6.(5D).4s,a 6D,3.5,8.0,0.047708,3d6.(5D).4p,z 6F*,3.5,8.0,5.236728,5.18902,238.93566,105000000.0,0.089869,0.71895,0.0023851
3d6.(5D).4s,a 6D,3.5,8.0,0.047708,3d6.(5D).4p,z 6F*,2.5,6.0,5.248852,5.201144,238.3787,9400000.0,0.006006,0.048048,0.0001594
3d6.(5D).4s,a 6D,3.5,8.0,0.047708,3d6.(5D).4p,z 6P*,3.5,8.0,5.288948,5.241241,236.55505,59000000.0,0.049497,0.39597,0.0013136
3d6.(5D).4s,a 6D,3.5,8.0,0.047708,3d6.(5D).4p,z 6P*,2.5,6.0,5.360904,5.313196,233.35143,131000000.0,0.080207,0.64166,0.0021287
3d6.(5D).4s,a 6D,3.5,8.0,0.047708,3d6.(5D).4p,z 4F*,4.5,10.0,5.484136,5.436428,228.06186,4490000.0,0.0043764,0.035012,0.00011615
3d6.(5D).4s,a 6D,3.5,8.0,0.047708,3d6.(5D).4p,z 4D*,3.5,8.0,5.510714,5.463006,226.95232,400000.0,0.00030888,0.002471,8.1977e-06
3d6.(5D).4s,a 6D,3.5,8.0,0.047708,3d6.(5D).4p,z 4F*,3.5,8.0,5.548766,5.501059,225.38243,4400000.0,0.0033508,0.026807,8.8931e-05
3d6.(5D).4s,a 6D,3.5,8.0,0.047708,3d6.(5D).4p,z 4D*,2.5,6.0,5.552606,5.504898,225.22523,1000000.0,0.00057037,0.0045629,1.5138e-05
3d6.(5D).4s,a 6D,3.5,8.0,0.047708,3d5.(6S).4s.4p.(3P*),y 6P*,2.5,6.0,7.693101,7.645393,162.16851,132000000.0,0.039033,0.31226,0.0010359
3d6.(5D).4s,a 6D,3.5,8.0,0.047708,3d6.(3F2).4p,y 4F*,3.5,8.0,7.695145,7.647437,162.12516,1100000.0,0.00043346,0.0034677,1.1504e-05
3d6.(5D).4s,a 6D,3.5,8.0,0.047708,3d5.(6S).4s.4p.(3P*),y 6P*,3.5,8.0,7.708299,7.660591,161.84677,55300000.0,0.021717,0.17373,0.00057636
3d6.(5D).4s,a 6D,3.5,8.0,0.047708,3d5.(6S).4s.4p.(1P*),x 6P*,2.5,6.0,9.830077,9.78237,126.7425,80000000.0,0.01445,0.1156,0.00038349
3d6.(5D).4s,a 6D,3.5,8.0,0.047708,3d5.(6S).4s.4p.(1P*),x 6P*,3.5,8.0,9.835835,9.788128,126.66794,31000000.0,0.0074568,0.059655,0.0001979
3d6.(5D).4s,a 6D,3.5,8.0,0.047708,3d5.(4G).4s.4p.(3P*),y 6F*,4.5,10.0,10.84512,10.797412,114.8277,330000000.0,0.081541,0.65233,0.0021641
3d6.(5D).4s,a 6D,3.5,8.0,0.047708,3d5.(4G).4s.4p.(3P*),y 6F*,3.5,8.0,10.853285,10.805577,114.74093,120000000.0,0.023685,0.18948,0.00062861
3d6.(5D).4s,a 6D,3.5,8.0,0.047708,3d5.(4G).4s.4p.(3P*),y 6F*,2.5,6.0,10.857663,10.809956,114.69446,44000000.0,0.0065082,0.052065,0.00017273
3d6.(5D).4s,a 6D,3.5,8.0,0.047708,3d5.(4P).4s.4p.(3P*),6D*,3.5,8.0,10.936579,10.888872,113.86322,55000000.0,0.01069,0.085522,0.00028372
3d6.(5D).4s,a 6D,3.5,8.0,0.047708,3d5.(4P).4s.4p.(3P*),6D*,4.5,10.0,10.986801,10.939093,113.34047,26000000.0,0.0062591,0.050073,0.00016612
3d6.(5D).4s,a 6D,3.5,8.0,0.047708,3d6.(5D).5p,6D*,4.5,10.0,11.000299,10.952592,113.20078,7000000.0,0.001681,0.013448,4.4614e-05
3d6.(5D).4s,a 6D,3.5,8.0,0.047708,3d6.(5D).5p,6D*,3.5,8.0,11.016434,10.968727,113.03427,9000000.0,0.0017239,0.013792,4.5753e-05
3d6.(5D).4s,a 6D,3.5,8.0,0.047708,3d6.(5D).5p,6D*,2.5,6.0,11.049404,11.001696,112.69553,55000000.0,0.0078541,0.062833,0.00020845
3d6.(5D).4s,a 6D,3.5,8.0,0.047708,3d5.(4P).4s.4p.(3P*),6P*,3.5,8.0,11.050534,11.002827,112.68395,63000000.0,0.011993,0.095943,0.00031829
3d6.(5D).4s,a 6D,3.5,8.0,0.047708,3d5.(4P).4s.4p.(3P*),6P*,2.5,6.0,11.089699,11.041992,112.28427,180000000.0,0.025517,0.20414,0.00067722
3d6.(5D).4s,a 6D,3.5,8.0,0.047708,3d6.(5D).5p,6F*,4.5,10.0,11.206502,11.158794,111.10896,5000000.0,0.0011567,0.009254,3.07e-05
3d6.(5D).4s,a 6D,3.5,8.0,0.047708,3d6.(5D).5p,w 6P*,3.5,8.0,11.303384,11.255676,110.1526,45000000.0,0.0081858,0.065486,0.00021725
3d6.(5D).4s,a 6D,3.5,8.0,0.047708,3d6.(5D).5p,w 6P*,2.5,6.0,11.353871,11.306164,109.66071,150000000.0,0.020282,0.16226,0.00053829
3d6.(5D).4s,a 6D,3.5,8.0,0.047708,3d5.(4D).4s.4p.(3P*),6F*,3.5,8.0,11.425659,11.377951,108.96882,31000000.0,0.0055186,0.044148,0.00014646
3d6.(5D).4s,a 6D,3.5,8.0,0.047708,3d5.(4D).4s.4p.(3P*),6F*,4.5,10.0,11.443775,11.396067,108.7956,48000000.0,0.010647,0.085177,0.00028258
3d6.(5D).4s,a 6D,3.5,8.0,0.047708,3d5.(4D).4s.4p.(3P*),6D*,2.5,6.0,11.633556,11.585849,107.01348,27000000.0,0.0034767,0.027813,9.227e-05
3d6.(5D).4s,a 6D,3.5,8.0,0.047708,3d5.(4D).4s.4p.(3P*),6D*,3.5,8.0,11.652959,11.605252,106.83456,160000000.0,0.027378,0.21902,0.00072661
3d6.(5D).4s,a 6D,3.5,8.0,0.047708,3d5.(4D).4s.4p.(3P*),6D*,4.5,10.0,11.661672,11.613964,106.75442,80000000.0,0.017086,0.13669,0.00045345
3d6.(5D).4s,a 6D,3.5,8.0,0.047708,3d5.(4D).4s.4p.(3P*),6P*,2.5,6.0,11.739454,11.691747,106.04421,120000000.0,0.015173,0.12139,0.0004027
3d6.(5D).4s,a 6D,3.5,8.0,0.047708,3d5.(4D).4s.4p.(3P*),6P*,3.5,8.0,11.749142,11.701434,105.95641,32000000.0,0.005386,0.043088,0.00014294
3d6.(5D).4s,a 6D,3.5,8.0,0.047708,3d5.(4F).4s.4p.(3P*),6F*,4.5,10.0,13.219769,13.172062,94.12664,70000000.0,0.011622,0.092979,0.00030846
3d6.(5D).4s,a 6D,3.5,8.0,0.047708,3d5.(4F).4s.4p.(3P*),6D*,3.5,8.0,13.376267,13.328559,93.02145,70000000.0,0.0090808,0.072646,0.000241
3d6.(5D).4s,a 6D,3.5,8.0,0.047708,3d5.(4F).4s.4p.(3P*),6D*,4.5,10.0,13.386158,13.33845,92.95248,34000000.0,0.0055052,0.044041,0.00014611
3d6.(5D).4s,a 6D,3.5,8.0,0.047708,3d5.(4F).4s.4p.(3P*),6D*,2.5,6.0,13.406479,13.358771,92.81108,100000000.0,0.0096855,0.077484,0.00025705
3d6.(5D).4s,a 6D,3.5,8.0,0.047708,3d5.(2F1).4s.4p.(3P*),4D*,3.5,8.0,13.419972,13.372265,92.71743,70000000.0,0.0090215,0.072172,0.00023943
3d6.(5D).4s,a 6D,2.5,6.0,0.082782,3d6.(5D).4s,a 6D,1.5,4.0,0.10695,0.024168,51300.76357,0.000721,1.8965e-08,1.1379e-07,5.0333e-10
3d6.(5D).4s,a 6D,2.5,6.0,0.082782,3d7,a 4F,3.5,8.0,0.301299,0.218516,5673.90686,1.6e-05,1.0296e-11,6.1778e-11,2.7326e-13
3d6.(5D).4s,a 6D,2.5,6.0,0.082782,3d7,a 4F,2.5,6.0,0.351865,0.269083,4607.66265,5.5e-05,1.7506e-11,1.0504e-10,4.6461e-13
3d6.(5D).4s,a 6D,2.5,6.0,0.082782,3d7,a 4F,1.5,4.0,0.386519,0.303737,4081.95794,1.44e-05,2.3981e-12,1.4389e-11,6.3646e-14
3d6.(5D).4s,a 6D,2.5,6.0,0.082782,3d6.(5D).4s,a 4D,3.5,8.0,0.986334,0.903552,1372.18714,0.00097,3.6509e-11,2.1905e-10,9.6894e-13
3d6.(5D).4s,a 6D,2.5,6.0,0.082782,3d6.(5D).4s,a 4D,2.5,6.0,1.04047,0.957688,1294.62031,0.00213,5.3521e-11,3.2113e-10,1.4204e-12
3d6.(5D).4s,a 6D,2.5,6.0,0.082782,3d6.(5D).4s,a 4D,1.5,4.0,1.076241,0.993459,1248.00511,6.9e-05,1.0741e-12,6.4447e-12,2.8507e-14
3d6.(5D).4s,a 6D,2.5,6.0,0.082782,3d7,a 4P,2.5,6.0,1.670619,1.587836,780.83735,0.00019,1.7367e-12,1.042e-11,4.6093e-14
3d6.(5D).4s,a 6D,2.5,6.0,0.082782,3d7,a 4P,1.5,4.0,1.695261,1.612479,768.90419,0.00541,3.1968e-11,1.9181e-10,8.4842e-13
3d6.(5D).4s,a 6D,2.5,6.0,0.082782,3d7,a 4P,0.5,2.0,1.723983,1.641201,755.44806,0.00021,5.9892e-13,3.5935e-12,1.5895e-14
3d6.(5D).4s,a 6D,2.5,6.0,0.082782,3d6.(3P2).4s,b 4P,2.5,6.0,2.582659,2.499877,495.96113,0.0064,2.3601e-11,1.4161e-10,6.2638e-13
3d6.(5D).4s,a 6D,2.5,6.0,0.082782,3d7,a 2D2,1.5,4.0,2.641855,2.559073,484.4887,0.0016,3.7537e-12,2.2522e-11,9.9622e-14
3d6.(5D).4s,a 6D,2.5,6.0,0.082782,3d6.(3P2).4s,b 4P,1.5,4.0,2.704349,2.621567,472.9393,0.586,1.31e-09,7.8601e-09,3.4768e-11
3d6.(5D).4s,a 6D,2.5,6.0,0.082782,3d6.(3F2).4s,b 4F,3.5,8.0,2.828122,2.74534,451.61686,0.0742,3.0251e-10,1.8151e-09,8.0287e-12
3d6.(5D).4s,a 6D,2.5,6.0,0.082782,3d6.(3F2).4s,b 4F,2.5,6.0,2.844117,2.761335,449.00094,0.163,4.9265e-10,2.9559e-09,1.3075e-11
3d6.(5D).4s,a 6D,2.5,6.0,0.082782,3d6.(3F2).4s,b 4F,1.5,4.0,2.855515,2.772733,447.1552,0.035,6.9944e-11,4.1967e-10,1.8563e-12
3d6.(5D).4s,a 6D,2.5,6.0,0.082782,3d5.4s2,a 6S,2.5,6.0,2.891018,2.808236,441.50204,0.85,2.484e-09,1.4904e-08,6.5924e-11
3d6.(5D).4s,a 6D,2.5,6.0,0.082782,3d6.(3P2).4s,b 2P,1.5,4.0,3.197253,3.11447,398.09078,0.0081,1.283e-11,7.6978e-11,3.405e-13
3d6.(5D).4s,a 6D,2.5,6.0,0.082782,3d6.(3G).4s,a 4G,3.5,8.0,3.221313,3.138531,395.03891,0.0025,7.7986e-12,4.6792e-11,2.0698e-13
3d6.(5D).4s,a 6D,2.5,6.0,0.082782,3d6.(3G).4s,a 4G,2.5,6.0,3.230459,3.147677,393.89108,0.0027,6.2802e-12,3.7681e-11,1.6668e-13
3d6.(5D).4s,a 6D,2.5,6.0,0.082782,3d6.(3D).4s,b 4D,1.5,4.0,3.888697,3.805915,325.76715,0.0017,1.8031e-12,1.0819e-11,4.7856e-14
3d6.(5D).4s,a 6D,2.5,6.0,0.082782,3d6.(3D).4s,b 4D,2.5,6.0,3.891613,3.808831,325.5177,0.131,2.081e-10,1.2486e-09,5.5231e-12
3d6.(5D).4s,a 6D,2.5,6.0,0.082782,3d6.(3D).4s,b 4D,3.5,8.0,3.903419,3.820637,324.51186,0.032,6.7361e-11,4.0417e-10,1.7878e-12
3d6.(5D).4s,a 6D,2.5,6.0,0.082782,3d6.(5D).4p,z 6D*,3.5,8.0,4.793236,4.710454,263.21074,62900000.0,0.087108,0.52265,0.0023118
3d6.(5D).4s,a 6D,2.5,6.0,0.082782,3d6.(5D).4p,z 6D*,2.5,6.0,4.817898,4.735116,261.83983,48800000.0,0.050159,0.30096,0.0013312
3d6.(5D).4s,a 6D,2.5,6.0,0.082782,3d6.(5D).4p,z 6D*,1.5,4.0,4.837022,4.75424,260.78657,173000000.0,0.11759,0.70556,0.0031209
3d6.(5D).4s,a 6D,2.5,6.0,0.082782,3d6.(5D).4p,z 6F*,3.5,8.0,5.236728,5.153946,240.56171,196000000.0,0.22673,1.3604,0.0060174
3d6.(5D).4s,a 6D,2.5,6.0,0.082782,3d6.(5D).4p,z 6F*,2.5,6.0,5.248852,5.16607,239.99715,139000000.0,0.12003,0.72017,0.0031856
3d6.(5D).4s,a 6D,2.5,6.0,0.082782,3d6.(5D).4p,z 6F*,1.5,4.0,5.257094,5.174312,239.61487,26700000.0,0.015322,0.09193,0.00040664
3d6.(5D).4s,a 6D,2.5,6.0,0.082782,3d6.(5D).4p,z 6P*,3.5,8.0,5.288948,5.206166,238.14876,31000000.0,0.035144,0.21087,0.00093273
3d6.(5D).4s,a 6D,2.5,6.0,0.082782,3d6.(5D).4p,z 6P*,2.5,6.0,5.360904,5.278122,234.90211,115000000.0,0.095133,0.5708,0.0025248
3d6.(5D).4s,a 6D,2.5,6.0,0.082782,3d6.(5D).4p,z 6P*,1.5,4.0,5.408313,5.325531,232.81098,66000000.0,0.035754,0.21452,0.0009489
3d6.(5D).4s,a 6D,2.5,6.0,0.082782,3d6.(5D).4p,z 4F*,3.5,8.0,5.548766,5.465984,226.82868,3690000.0,0.0037951,0.02277,0.00010072
3d6.(5D).4s,a 6D,2.5,6.0,0.082782,3d6.(5D).4p,z 4D*,2.5,6.0,5.552606,5.469824,226.66946,1000000.0,0.00077027,0.0046216,2.0443e-05
3d6.(5D).4s,a 6D,2.5,6.0,0.082782,3d6.(5D).4p,z 4F*,2.5,6.0,5.589195,5.506413,225.16326,3190000.0,0.0024246,0.014548,6.435e-05
3d6.(5D).4s,a 6D,2.5,6.0,0.082782,3d5.(6S).4s.4p.(3P*),y 6P*,1.5,4.0,7.683912,7.60113,163.11285,69300000.0,0.018428,0.11057,0.00048908
3d6.(5D).4s,a 6D,2.5,6.0,0.082782,3d5.(6S).4s.4p.(3P*),y 6P*,2.5,6.0,7.693101,7.610319,162.91591,86600000.0,0.034459,0.20675,0.00091455
3d6.(5D).4s,a 6D,2.5,6.0,0.082782,3d5.(6S).4s.4p.(3P*),y 6P*,3.5,8.0,7.708299,7.625517,162.59121,10200000.0,0.00539,0.03234,0.00014305
3d6.(5D).4s,a 6D,2.5,6.0,0.082782,3d6.(1D2).4p,w 2P*,1.5,4.0,9.824937,9.742155,127.26568,18000000.0,0.0029138,0.017483,7.7333e-05
3d6.(5D).4s,a 6D,2.5,6.0,0.082782,3d5.(6S).4s.4p.(1P*),x 6P*,1.5,4.0,9.825243,9.74246,127.26169,27000000.0,0.0043705,0.026223,0.00011599
3d6.(5D).4s,a 6D,2.5,6.0,0.082782,3d5.(6S).4s.4p.(1P*),x 6P*,2.5,6.0,9.830077,9.747295,127.19857,57000000.0,0.013826,0.082956,0.00036694
3d6.(5D).4s,a 6D,2.5,6.0,0.082782,3d5.(6S).4s.4p.(1P*),x 6P*,3.5,8.0,9.835835,9.753053,127.12347,5000000.0,0.0016152,0.0096911,4.2867e-05
3d6.(5D).4s,a 6D,2.5,6.0,0.082782,3d5.(4G).4s.4p.(3P*),y 6F*,3.5,8.0,10.853285,10.770503,115.11459,220000000.0,0.058275,0.34965,0.0015466
3d6.(5D).4s,a 6D,2.5,6.0,0.082782,3d5.(4G).4s.4p.(3P*),y 6F*,2.5,6.0,10.857663,10.774881,115.06781,110000000.0,0.021835,0.13101,0.00057951
3d6.(5D).4s,a 6D,2.5,6.0,0.082782,3d5.(4P).4s.4p.(3P*),6D*,1.5,4.0,10.861305,10.778523,115.02893,43000000.0,0.0056866,0.034119,0.00015092
3d6.(5D).4s,a 6D,2.5,6.0,0.082782,3d5.(4G).4s.4p.(3P*),y 6F*,1.5,4.0,10.906287,10.823505,114.55088,20000000.0,0.002623,0.015738,6.9614e-05
3d6.(5D).4s,a 6D,2.5,6.0,0.082782,3d5.(4P).4s.4p.(3P*),6D*,2.5,6.0,10.917962,10.83518,114.42745,100000000.0,0.01963,0.11778,0.00052098
3d6.(5D).4s,a 6D,2.5,6.0,0.082782,3d5.(4P).4s.4p.(3P*),6D*,3.5,8.0,10.936579,10.853797,114.23117,47000000.0,0.012259,0.073556,0.00032536
3d6.(5D).4s,a 6D,2.5,6.0,0.082782,3d6.(5D).5p,6D*,2.5,6.0,11.049404,10.966622,113.05596,14000000.0,0.0026827,0.016096,7.1199e-05
3d6.(5D).4s,a 6D,2.5,6.0,0.082782,3d5.(4P).4s.4p.(3P*),6P*,3.5,8.0,11.050534,10.967752,113.04431,31000000.0,0.0079188,0.047513,0.00021016
3d6.(5D).4s,a 6D,2.5,6.0,0.082782,3d6.(5D).5p,6D*,1.5,4.0,11.075657,10.992875,112.78596,28000000.0,0.0035599,0.021359,9.4479e-05
3d6.(5D).4s,a 6D,2.5,6.0,0.082782,3d5.(4P).4s.4p.(3P*),6P*,2.5,6.0,11.089699,11.006917,112.64208,130000000.0,0.024729,0.14837,0.0006563
3d6.(5D).4s,a 6D,2.5,6.0,0.082782,3d5.(4P).4s.4p.(3P*),6P*,1.5,4.0,11.112202,11.02942,112.41226,110000000.0,0.013893,0.083357,0.00036871
3d6.(5D).4s,a 6D,2.5,6.0,0.082782,3d6.(5D).5p,w 6P*,3.5,8.0,11.303384,11.220601,110.49693,7000000.0,0.0017084,0.010251,4.5342e-05
3d6.(5D).4s,a 6D,2.5,6.0,0.082782,3d6.(5D).5p,w 6P*,2.5,6.0,11.353871,11.271089,110.00197,74000000.0,0.013424,0.080546,0.00035628
3d6.(5D).4s,a 6D,2.5,6.0,0.082782,3d6.(5D).5p,w 6P*,1.5,4.0,11.387141,11.304359,109.67822,80000000.0,0.0096183,0.05771,0.00025527
3d6.(5D).4s,a 6D,2.5,6.0,0.082782,3d5.(4D).4s.4p.(3P*),6F*,2.5,6.0,11.408868,11.326086,109.46782,48000000.0,0.0086233,0.05174,0.00022886
3d6.(5D).4s,a 6D,2.5,6.0,0.082782,3d5.(4D).4s.4p.(3P*),6F*,3.5,8.0,11.425659,11.342877,109.30578,39000000.0,0.0093143,0.055886,0.0002472
3d6.(5D).4s,a 6D,2.5,6.0,0.082782,3d5.(4D).4s.4p.(3P*),6D*,2.5,6.0,11.633556,11.550774,107.33843,58000000.0,0.010018,0.06011,0.00026589
3d6.(5D).4s,a 6D,2.5,6.0,0.082782,3d5.(4D).4s.4p.(3P*),6D*,1.5,4.0,11.634727,11.551945,107.32755,41000000.0,0.0047204,0.028322,0.00012528
3d6.(5D).4s,a 6D,2.5,6.0,0.082782,3d5.(4D).4s.4p.(3P*),6D*,3.5,8.0,11.652959,11.570177,107.15843,110000000.0,0.025249,0.15149,0.00067011
3d6.(5D).4s,a 6D,2.5,6.0,0.082782,3d5.(4P).4s.4p.(3P*),4P*,2.5,6.0,11.680723,11.597941,106.90191,15000000.0,0.0025699,0.01542,6.8206e-05
3d6.(5D).4s,a 6D,2.5,6.0,0.082782,3d5.(4D).4s.4p.(3P*),6P*,2.5,6.0,11.739454,11.656672,106.36329,16000000.0,0.0027137,0.016282,7.2022e-05
3d6.(5D).4s,a 6D,2.5,6.0,0.082782,3d5.(4P).4s.4p.(3P*),4P*,1.5,4.0,11.746156,11.663374,106.30217,120000000.0,0.013553,0.081318,0.0003597
3d6.(5D).4s,a 6D,2.5,6.0,0.082782,3d5.(4D).4s.4p.(3P*),6P*,3.5,8.0,11.749142,11.666359,106.27497,31000000.0,0.0069988,0.041993,0.00018575
3d6.(5D).4s,a 6D,2.5,6.0,0.082782,3d5.(4F).4s.4p.(3P*),6F*,3.5,8.0,13.201598,13.118816,94.50868,41000000.0,0.0073202,0.043921,0.00019428
3d6.(5D).4s,a 6D,2.5,6.0,0.082782,3d5.(4F).4s.4p.(3P*),6D*,3.5,8.0,13.376267,13.293485,93.26689,38000000.0,0.0066075,0.039645,0.00017536
3d6.(5D).4s,a 6D,2.5,6.0,0.082782,3d5.(4F).4s.4p.(3P*),6D*,2.5,6.0,13.406479,13.323696,93.05541,50000000.0,0.006491,0.038946,0.00017227
3d6.(5D).4s,a 6D,2.5,6.0,0.082782,3d5.(4F).4s.4p.(3P*),6D*,1.5,4.0,13.414085,13.331303,93.00231,130000000.0,0.011238,0.06743,0.00029826
3d6.(5D).4s,a 6D,2.5,6.0,0.082782,3d5.(2F1).4s.4p.(3P*),4D*,3.5,8.0,13.419972,13.33719,92.96126,28000000.0,0.0048368,0.029021,0.00012837
3d6.(5D).4s,a 6D,1.5,4.0,0.10695,3d6.(5D).4s,a 6D,0.5,2.0,0.121139,0.014189,87383.52258,0.0001892,1.083e-08,4.3318e-08,2.8742e-10
3d6.(5D).4s,a 6D,1.5,4.0,0.10695,3d7,a 4F,2.5,6.0,0.351865,0.244915,5062.34556,1.3e-05,7.492e-12,2.9968e-11,1.9884e-13
3d6.(5D).4s,a 6D,1.5,4.0,0.10695,3d7,a 4F,1.5,4.0,0.386519,0.279569,4434.83388,2.3e-05,6.7818e-12,2.7127e-11,1.7999e-13
3d6.(5D).4s,a 6D,1.5,4.0,0.10695,3d6.(5D).4s,a 4D,2.5,6.0,1.04047,0.93352,1328.13702,0.00146,5.7915e-11,2.3166e-10,1.5371e-12
3d6.(5D).4s,a 6D,1.5,4.0,0.10695,3d6.(5D).4s,a 4D,1.5,4.0,1.076241,0.969291,1279.12261,0.00355,8.7079e-11,3.4832e-10,2.3111e-12
3d6.(5D).4s,a 6D,1.5,4.0,0.10695,3d6.(5D).4s,a 4D,0.5,2.0,1.096861,0.989911,1252.47803,0.00073,8.5841e-12,3.4336e-11,2.2782e-13
3d6.(5D).4s,a 6D,1.5,4.0,0.10695,3d7,a 4P,2.5,6.0,1.670619,1.563668,792.90599,0.000357,5.0473e-12,2.0189e-11,1.3396e-13
3d6.(5D).4s,a 6D,1.5,4.0,0.10695,3d7,a 4P,1.5,4.0,1.695261,1.588311,780.60401,0.00063,5.7552e-12,2.3021e-11,1.5274e-13
3d6.(5D).4s,a 6D,1.5,4.0,0.10695,3d7,a 4P,0.5,2.0,1.723983,1.617033,766.73895,0.00465,2.0492e-11,8.1967e-11,5.4385e-13
3d6.(5D).4s,a 6D,1.5,4.0,0.10695,3d7,a 2P,0.5,2.0,2.341661,2.234711,554.81084,0.00026,5.9992e-13,2.3997e-12,1.5922e-14
3d6.(5D).4s,a 6D,1.5,4.0,0.10695,3d7,a 2D2,2.5,6.0,2.543778,2.436828,508.79344,0.0023,1.3389e-11,5.3558e-11,3.5536e-13
3d6.(5D).4s,a 6D,1.5,4.0,0.10695,3d6.(3P2).4s,b 4P,2.5,6.0,2.582659,2.475709,500.80275,0.033,1.8612e-10,7.4449e-10,4.9397e-12
3d6.(5D).4s,a 6D,1.5,4.0,0.10695,3d6.(3P2).4s,b 4P,1.5,4.0,2.704349,2.597399,477.33987,0.031,1.059e-10,4.2358e-10,2.8105e-12
3d6.(5D).4s,a 6D,1.5,4.0,0.10695,3d6.(3P2).4s,b 4P,0.5,2.0,2.778463,2.671513,464.09729,0.64,1.0333e-09,4.1332e-09,2.7424e-11
3d6.(5D).4s,a 6D,1.5,4.0,0.10695,3d6.(3F2).4s,b 4F,2.5,6.0,2.844117,2.737167,452.96544,0.0503,2.3209e-10,9.2834e-10,6.1596e-12
3d6.(5D).4s,a 6D,1.5,4.0,0.10695,3d6.(3F2).4s,b 4F,1.5,4.0,2.855515,2.748565,451.08703,0.074,2.2574e-10,9.0297e-10,5.9912e-12
3d6.(5D).4s,a 6D,1.5,4.0,0.10695,3d5.4s2,a 6S,2.5,6.0,2.891018,2.784068,445.33465,0.536,2.3905e-09,9.562e-09,6.3444e-11
3d6.(5D).4s,a 6D,1.5,4.0,0.10695,3d6.(3P2).4s,b 2P,0.5,2.0,3.339234,3.232283,383.58085,0.0026,2.8676e-12,1.147e-11,7.6106e-14
3d6.(5D).4s,a 6D,1.5,4.0,0.10695,3d6.(3D).4s,b 4D,1.5,4.0,3.888697,3.781747,327.84904,0.172,2.7716e-10,1.1087e-09,7.3559e-12
3d6.(5D).4s,a 6D,1.5,4.0,0.10695,3d6.(3D).4s,b 4D,0.5,2.0,3.889193,3.782242,327.80607,0.054,4.3497e-11,1.7399e-10,1.1544e-12
3d6.(5D).4s,a 6D,1.5,4.0,0.10695,3d6.(3D).4s,b 4D,2.5,6.0,3.891613,3.784663,327.59639,0.062,1.4963e-10,5.9852e-10,3.9712e-12
3d6.(5D).4s,a 6D,1.5,4.0,0.10695,3d6.(5D).4p,z 6D*,2.5,6.0,4.817898,4.710948,263.18312,81600000.0,0.1271,0.50841,0.0033733
3d6.(5D).4s,a 6D,1.5,4.0,0.10695,3d6.(5D).4p,z 6D*,1.5,4.0,4.837022,4.730072,262.11905,4300000.0,0.0044292,0.017717,0.00011755
3d6.(5D).4s,a 6D,1.5,4.0,0.10695,3d6.(5D).4p,z 6D*,0.5,2.0,4.848937,4.741987,261.46044,212000000.0,0.10864,0.43455,0.0028832
3d6.(5D).4s,a 6D,1.5,4.0,0.10695,3d6.(5D).4p,z 6F*,2.5,6.0,5.248852,5.141902,241.12519,155000000.0,0.20266,0.81064,0.0053786
3d6.(5D).4s,a 6D,1.5,4.0,0.10695,3d6.(5D).4p,z 6F*,1.5,4.0,5.257094,5.150143,240.73931,161000000.0,0.13989,0.55955,0.0037126
3d6.(5D).4s,a 6D,1.5,4.0,0.10695,3d6.(5D).4p,z 6F*,0.5,2.0,5.261871,5.154921,240.51621,64400000.0,0.027926,0.1117,0.00074115
3d6.(5D).4s,a 6D,1.5,4.0,0.10695,3d6.(5D).4p,z 6P*,2.5,6.0,5.360904,5.253954,235.98266,50000000.0,0.062615,0.25046,0.0016618
3d6.(5D).4s,a 6D,1.5,4.0,0.10695,3d6.(5D).4p,z 6P*,1.5,4.0,5.408313,5.301363,233.87233,113000000.0,0.092661,0.37064,0.0024592
3d6.(5D).4s,a 6D,1.5,4.0,0.10695,3d6.(5D).4p,z 4D*,1.5,4.0,5.584768,5.477818,226.33867,1980000.0,0.0015207,0.0060828,4.0359e-05
3d6.(5D).4s,a 6D,1.5,4.0,0.10695,3d6.(5D).4p,z 4F*,2.5,6.0,5.589195,5.482245,226.15588,2160000.0,0.0024844,0.0099376,6.5936e-05
3d6.(5D).4s,a 6D,1.5,4.0,0.10695,3d6.(5D).4p,z 4D*,0.5,2.0,5.604888,5.497938,225.51037,600000.0,0.00022873,0.0009149,6.0704e-06
3d6.(5D).4s,a 6D,1.5,4.0,0.10695,3d6.(5D).4p,z 4F*,1.5,4.0,5.615223,5.508272,225.08727,1670000.0,0.0012685,0.0050739,3.3665e-05
3d6.(5D).4s,a 6D,1.5,4.0,0.10695,3d5.(6S).4s.4p.(3P*),y 6P*,1.5,4.0,7.683912,7.576962,163.63313,96300000.0,0.038657,0.15463,0.001026
3d6.(5D).4s,a 6D,1.5,4.0,0.10695,3d5.(6S).4s.4p.(3P*),y 6P*,2.5,6.0,7.693101,7.58615,163.43493,32100000.0,0.019282,0.077127,0.00051174
3d6.(5D).4s,a 6D,1.5,4.0,0.10695,3d6.(1D2).4p,w 2P*,1.5,4.0,9.824937,9.717987,127.58218,27000000.0,0.0065888,0.026355,0.00017487
3d6.(5D).4s,a 6D,1.5,4.0,0.10695,3d5.(6S).4s.4p.(1P*),x 6P*,1.5,4.0,9.825243,9.718292,127.57817,41000000.0,0.010005,0.040018,0.00026552
3d6.(5D).4s,a 6D,1.5,4.0,0.10695,3d5.(6S).4s.4p.(1P*),x 6P*,2.5,6.0,9.830077,9.723127,127.51474,19000000.0,0.0069474,0.02779,0.00018439
3d6.(5D).4s,a 6D,1.5,4.0,0.10695,3d5.(4G).4s.4p.(3P*),y 6F*,2.5,6.0,10.857663,10.750713,115.32649,120000000.0,0.035891,0.14357,0.00095256
3d6.(5D).4s,a 6D,1.5,4.0,0.10695,3d5.(4P).4s.4p.(3P*),6D*,1.5,4.0,10.861305,10.754355,115.28743,66000000.0,0.013151,0.052605,0.00034903
3d6.(5D).4s,a 6D,1.5,4.0,0.10695,3d5.(4P).4s.4p.(3P*),6D*,0.5,2.0,10.865516,10.758566,115.24231,23000000.0,0.0022897,0.0091589,6.0769e-05
3d6.(5D).4s,a 6D,1.5,4.0,0.10695,3d5.(4G).4s.4p.(3P*),y 6F*,0.5,2.0,10.897985,10.791035,114.89556,80000000.0,0.0079164,0.031665,0.0002101
3d6.(5D).4s,a 6D,1.5,4.0,0.10695,3d5.(4G).4s.4p.(3P*),y 6F*,1.5,4.0,10.906287,10.799337,114.80723,190000000.0,0.037545,0.15018,0.00099644
3d6.(5D).4s,a 6D,1.5,4.0,0.10695,3d5.(4P).4s.4p.(3P*),6D*,2.5,6.0,10.917962,10.811012,114.68325,56000000.0,0.016563,0.066252,0.00043958
3d6.(5D).4s,a 6D,1.5,4.0,0.10695,3d6.(5D).5p,6D*,1.5,4.0,11.075657,10.968707,113.03447,12000000.0,0.0022986,0.0091944,6.1005e-05
3d6.(5D).4s,a 6D,1.5,4.0,0.10695,3d5.(4P).4s.4p.(3P*),6P*,2.5,6.0,11.089699,10.982749,112.88995,63000000.0,0.018055,0.072221,0.00047918
3d6.(5D).4s,a 6D,1.5,4.0,0.10695,3d5.(4P).4s.4p.(3P*),6P*,1.5,4.0,11.112202,11.005251,112.65912,170000000.0,0.032348,0.12939,0.0008585
3d6.(5D).4s,a 6D,1.5,4.0,0.10695,3d6.(5D).5p,w 6P*,2.5,6.0,11.353871,11.246921,110.23835,23000000.0,0.0062856,0.025142,0.00016682
3d6.(5D).4s,a 6D,1.5,4.0,0.10695,3d6.(5D).5p,w 6P*,1.5,4.0,11.387141,11.280191,109.91321,73000000.0,0.013222,0.052886,0.0003509
3d6.(5D).4s,a 6D,1.5,4.0,0.10695,3d5.(4D).4s.4p.(3P*),6F*,1.5,4.0,11.396078,11.289128,109.8262,70000000.0,0.012658,0.050633,0.00033595
3d6.(5D).4s,a 6D,1.5,4.0,0.10695,3d5.(4D).4s.4p.(3P*),6F*,2.5,6.0,11.408868,11.301918,109.70191,30000000.0,0.008119,0.032476,0.00021548
3d6.(5D).4s,a 6D,1.5,4.0,0.10695,3d5.(4D).4s.4p.(3P*),6D*,2.5,6.0,11.633556,11.526606,107.56349,90000000.0,0.023417,0.093666,0.00062148
3d6.(5D).4s,a 6D,1.5,4.0,0.10695,3d5.(4D).4s.4p.(3P*),6D*,1.5,4.0,11.634727,11.527777,107.55256,22000000.0,0.0038153,0.015261,0.00010126
3d6.(5D).4s,a 6D,1.5,4.0,0.10695,3d5.(4D).4s.4p.(3P*),6D*,0.5,2.0,11.658404,11.551454,107.33212,170000000.0,0.01468,0.058722,0.00038962
3d6.(5D).4s,a 6D,1.5,4.0,0.10695,3d5.(4P).4s.4p.(3P*),4P*,2.5,6.0,11.680723,11.573773,107.12514,23000000.0,0.0059356,0.023742,0.00015753
3d6.(5D).4s,a 6D,1.5,4.0,0.10695,3d5.(4D).4s.4p.(3P*),6P*,2.5,6.0,11.739454,11.632504,106.58427,67000000.0,0.017116,0.068466,0.00045427
3d6.(5D).4s,a 6D,1.5,4.0,0.10695,3d5.(4P).4s.4p.(3P*),4P*,0.5,2.0,11.763693,11.656743,106.36264,140000000.0,0.011872,0.047489,0.00031509
3d6.(5D).4s,a 6D,1.5,4.0,0.10695,3d5.(4F).4s.4p.(3P*),6D*,2.5,6.0,13.406479,13.299528,93.22451,80000000.0,0.015635,0.06254,0.00041496
3d6.(5D).4s,a 6D,0.5,2.0,0.121139,3d7,a 4F,1.5,4.0,0.386519,0.26538,4671.94132,5.7e-06,3.7304e-12,7.4609e-12,9.9006e-14
3d6.(5D).4s,a 6D,0.5,2.0,0.121139,3d6.(5D).4s,a 4D,1.5,4.0,1.076241,0.955102,1298.1246,0.00115,5.8106e-11,1.1621e-10,1.5421e-12
3d6.(5D).4s,a 6D,0.5,2.0,0.121139,3d6.(5D).4s,a 4D,0.5,2.0,1.096861,0.975723,1270.69099,0.0036,8.7145e-11,1.7429e-10,2.3128e-12
3d6.(5D).4s,a 6D,0.5,2.0,0.121139,3d7,a 4P,1.5,4.0,1.695261,1.574123,787.64006,0.00062,1.1533e-11,2.3066e-11,3.0608e-13
3d6.(5D).4s,a 6D,0.5,2.0,0.121139,3d7,a 4P,0.5,2.0,1.723983,1.602844,773.52619,0.00166,1.4891e-11,2.9782e-11,3.952e-13
3d6.(5D).4s,a 6D,0.5,2.0,0.121139,3d6.(3P2).4s,b 4P,1.5,4.0,2.704349,2.58321,479.9617,0.083,5.733e-10,1.1466e-09,1.5215e-11
3d6.(5D).4s,a 6D,0.5,2.0,0.121139,3d6.(3P2).4s,b 4P,0.5,2.0,2.778463,2.657325,466.57529,0.199,6.4947e-10,1.2989e-09,1.7237e-11
3d6.(5D).4s,a 6D,0.5,2.0,0.121139,3d6.(3F2).4s,b 4F,1.5,4.0,2.855515,2.734376,453.42769,0.02,1.2329e-10,2.4658e-10,3.2722e-12
3d6.(5D).4s,a 6D,0.5,2.0,0.121139,3d5.4s2,a 6S,2.5,6.0,2.891018,2.76988,447.61585,0.263,2.37e-09,4.74e-09,6.29e-11
3d6.(5D).4s,a 6D,0.5,2.0,0.121139,3d6.(3P2).4s,b 2P,1.5,4.0,3.197253,3.076114,403.05464,0.00071,3.4584e-12,6.9168e-12,9.1786e-14
3d6.(5D).4s,a 6D,0.5,2.0,0.121139,3d6.(3D).4s,b 4D,1.5,4.0,3.888697,3.767558,329.0837,0.068,2.2081e-10,4.4161e-10,5.8602e-12
3d6.(5D).4s,a 6D,0.5,2.0,0.121139,3d6.(3D).4s,b 4D,0.5,2.0,3.889193,3.768054,329.04042,0.279,4.5286e-10,9.0572e-10,1.2019e-11
3d6.(5D).4s,a 6D,0.5,2.0,0.121139,3d6.(5D).4p,z 6D*,1.5,4.0,4.837022,4.715884,262.90767,87400000.0,0.18114,0.36227,0.0048074
3d6.(5D).4s,a 6D,0.5,2.0,0.121139,3d6.(5D).4p,z 6D*,0.5,2.0,4.848937,4.727798,262.2451,56000000.0,0.057738,0.11548,0.0015324
3d6.(5D).4s,a 6D,0.5,2.0,0.121139,3d6.(5D).4p,z 6F*,1.5,4.0,5.257094,5.135955,241.40437,102000000.0,0.17823,0.35646,0.0047302
3d6.(5D).4s,a 6D,0.5,2.0,0.121139,3d6.(5D).4p,z 6F*,0.5,2.0,5.261871,5.140732,241.18004,237000000.0,0.20668,0.41335,0.0054852
3d6.(5D).4s,a 6D,0.5,2.0,0.121139,3d6.(5D).4p,z 6P*,1.5,4.0,5.408313,5.287174,234.49994,92700000.0,0.15285,0.30569,0.0040565
3d6.(5D).4s,a 6D,0.5,2.0,0.121139,3d6.(5D).4p,z 4D*,1.5,4.0,5.584768,5.463629,226.92645,610000.0,0.00094187,0.0018837,2.4997e-05
3d6.(5D).4s,a 6D,0.5,2.0,0.121139,3d6.(5D).4p,z 4D*,0.5,2.0,5.604888,5.483749,226.09385,3400000.0,0.0026056,0.0052113,6.9154e-05
3d6.(5D).4s,a 6D,0.5,2.0,0.121139,3d5.(6S).4s.4p.(3P*),y 6P*,1.5,4.0,7.683912,7.562773,163.94012,68500000.0,0.055201,0.1104,0.001465
3d6.(5D).4s,a 6D,0.5,2.0,0.121139,3d6.(1D2).4p,w 2P*,1.5,4.0,9.824937,9.703798,127.76873,20000000.0,0.0097897,0.019579,0.00025982
3d6.(5D).4s,a 6D,0.5,2.0,0.121139,3d5.(6S).4s.4p.(1P*),x 6P*,1.5,4.0,9.825243,9.704104,127.76471,29000000.0,0.014194,0.028388,0.00037671
3d6.(5D).4s,a 6D,0.5,2.0,0.121139,3d5.(4P).4s.4p.(3P*),6D*,1.5,4.0,10.861305,10.740167,115.43974,46000000.0,0.018381,0.036761,0.00048782
3d6.(5D).4s,a 6D,0.5,2.0,0.121139,3d5.(4P).4s.4p.(3P*),6D*,0.5,2.0,10.865516,10.744377,115.39449,27000000.0,0.0053901,0.01078,0.00014305
3d6.(5D).4s,a 6D,0.5,2.0,0.121139,3d5.(4G).4s.4p.(3P*),y 6F*,0.5,2.0,10.897985,10.776846,115.04683,310000000.0,0.061514,0.12303,0.0016326
3d6.(5D).4s,a 6D,0.5,2.0,0.121139,3d5.(4G).4s.4p.(3P*),y 6F*,1.5,4.0,10.906287,10.785148,114.95827,80000000.0,0.0317,0.0634,0.00084132
3d6.(5D).4s,a 6D,0.5,2.0,0.121139,3d5.(4P).4s.4p.(3P*),6P*,1.5,4.0,11.112202,10.991063,112.80456,140000000.0,0.053416,0.10683,0.0014177
3d6.(5D).4s,a 6D,0.5,2.0,0.121139,3d6.(5D).5p,w 6P*,1.5,4.0,11.387141,11.266002,110.05164,64000000.0,0.023241,0.046483,0.00061683
3d6.(5D).4s,a 6D,0.5,2.0,0.121139,3d5.(4D).4s.4p.(3P*),6F*,0.5,2.0,11.388021,11.266882,110.04304,70000000.0,0.012708,0.025416,0.00033727
3d6.(5D).4s,a 6D,0.5,2.0,0.121139,3d5.(4D).4s.4p.(3P*),6F*,1.5,4.0,11.396078,11.27494,109.9644,15000000.0,0.0054386,0.010877,0.00014434
3d6.(5D).4s,a 6D,0.5,2.0,0.121139,3d5.(4D).4s.4p.(3P*),6D*,1.5,4.0,11.634727,11.513589,107.6851,110000000.0,0.038247,0.076493,0.0010151
3d6.(5D).4s,a 6D,0.5,2.0,0.121139,3d5.(4D).4s.4p.(3P*),6D*,0.5,2.0,11.658404,11.537265,107.46411,50000000.0,0.0086568,0.017314,0.00022975
3d6.(5D).4s,a 6D,0.5,2.0,0.121139,3d5.(4P).4s.4p.(3P*),4P*,1.5,4.0,11.746156,11.625017,106.65292,62000000.0,0.021146,0.042292,0.00056121
3d6.(5D).4s,a 6D,0.5,2.0,0.121139,3d5.(4P).4s.4p.(3P*),4P*,0.5,2.0,11.763693,11.642555,106.49226,41000000.0,0.0069708,0.013942,0.000185
3d6.(5D).4s,a 6D,0.5,2.0,0.121139,3d5.(4F).4s.4p.(3P*),6D*,1.5,4.0,13.414085,13.292947,93.27067,80000000.0,0.020867,0.041735,0.00055382
3d7,a 4F,4.5,10.0,0.232173,3d7,a 4F,3.5,8.0,0.301299,0.069126,17936.02625,0.005843,2.2544e-08,2.2544e-07,5.9833e-10
3d7,a 4F,4.5,10.0,0.232173,3d6.(5D).4s,a 4D,3.5,8.0,0.986334,0.754161,1644.0017,0.00464,1.5041e-10,1.5041e-09,3.9918e-12
3d7,a 4F,4.5,10.0,0.232173,3d6.(5D).4s,a 4D,2.5,6.0,1.04047,0.808297,1533.89395,0.00209,4.4233e-11,4.4233e-10,1.1739e-12
3d7,a 4F,4.5,10.0,0.232173,3d7,a 4P,2.5,6.0,1.670619,1.438446,861.93168,0.032,2.1385e-10,2.1385e-09,5.6755e-12
3d7,a 4F,4.5,10.0,0.232173,3d7,a 2G,4.5,10.0,1.964486,1.732313,715.71466,0.19,1.4591e-09,1.4591e-08,3.8725e-11
3d7,a 4F,4.5,10.0,0.232173,3d7,a 2G,3.5,8.0,2.029548,1.797375,689.80693,0.006,3.4242e-11,3.4242e-10,9.0878e-13
3d7,a 4F,4.5,10.0,0.232173,3d7,a 2H,5.5,12.0,2.521869,2.289696,541.48752,0.00041,2.1627e-12,2.1627e-11,5.7399e-14
3d7,a 4F,4.5,10.0,0.232173,3d7,a 2D2,2.5,6.0,2.543778,2.311605,536.35542,0.0202,5.2272e-11,5.2272e-10,1.3873e-12
3d7,a 4F,4.5,10.0,0.232173,3d7,a 2H,4.5,10.0,2.579586,2.347413,528.17376,0.0021,8.7828e-12,8.7828e-11,2.331e-13
3d7,a 4F,4.5,10.0,0.232173,3d6.(3P2).4s,b 4P,2.5,6.0,2.582659,2.350487,527.48309,0.472,1.1813e-09,1.1813e-08,3.1352e-11
3d7,a 4F,4.5,10.0,0.232173,3d6.(3H).4s,a 4H,6.5,14.0,2.634861,2.402688,516.02294,0.476,2.6603e-09,2.6603e-08,7.0605e-11
3d7,a 4F,4.5,10.0,0.232173,3d6.(3H).4s,a 4H,5.5,12.0,2.657026,2.424853,511.30609,0.107,5.0325e-10,5.0325e-09,1.3356e-11
3d7,a 4F,4.5,10.0,0.232173,3d6.(3H).4s,a 4H,4.5,10.0,2.675779,2.443606,507.38202,0.0322,1.2428e-10,1.2428e-09,3.2983e-12
3d7,a 4F,4.5,10.0,0.232173,3d6.(3H).4s,a 4H,3.5,8.0,2.691932,2.459759,504.05013,0.00224,6.8257e-12,6.8257e-11,1.8115e-13
3d7,a 4F,4.5,10.0,0.232173,3d6.(3F2).4s,b 4F,4.5,10.0,2.806654,2.574482,481.58897,0.546,1.8985e-09,1.8985e-08,5.0386e-11
3d7,a 4F,4.5,10.0,0.232173,3d6.(3F2).4s,b 4F,3.5,8.0,2.828122,2.59595,477.60633,0.132,3.6113e-10,3.6113e-09,9.5844e-12
3d7,a 4F,4.5,10.0,0.232173,3d6.(3F2).4s,b 4F,2.5,6.0,2.844117,2.611944,474.68164,0.0142,2.8781e-11,2.8781e-10,7.6384e-13
3d7,a 4F,4.5,10.0,0.232173,3d6.(3G).4s,a 4G,5.5,12.0,3.152768,2.920595,424.51688,1.03,3.3394e-09,3.3394e-08,8.8628e-11
3d7,a 4F,4.5,10.0,0.232173,3d6.(3G).4s,a 4G,4.5,10.0,3.199453,2.96728,417.83788,0.289,7.5644e-10,7.5644e-09,2.0076e-11
3d7,a 4F,4.5,10.0,0.232173,3d6.(3G).4s,a 4G,3.5,8.0,3.221313,2.989141,414.78208,0.0068,1.4031e-11,1.4031e-10,3.7239e-13
3d7,a 4F,4.5,10.0,0.232173,3d6.(3H).4s,b 2H,5.5,12.0,3.244689,3.012516,411.5636,0.155,4.7233e-10,4.7233e-09,1.2536e-11
3d7,a 4F,4.5,10.0,0.232173,3d6.(3H).4s,b 2H,4.5,10.0,3.267327,3.035154,408.49394,0.0087,2.1765e-11,2.1765e-10,5.7763e-13
3d7,a 4F,4.5,10.0,0.232173,3d6.(3F2).4s,a 2F,3.5,8.0,3.386618,3.154445,393.04594,0.0082,1.5193e-11,1.5193e-10,4.0323e-13
3d7,a 4F,4.5,10.0,0.232173,3d6.(3G).4s,b 2G,4.5,10.0,3.767699,3.535527,350.68099,0.0046,8.4809e-12,8.4809e-11,2.2508e-13
3d7,a 4F,4.5,10.0,0.232173,3d6.(3G).4s,b 2G,3.5,8.0,3.814309,3.582136,346.11808,0.0016,2.2989e-12,2.2989e-11,6.1013e-14
3d7,a 4F,4.5,10.0,0.232173,3d6.(3D).4s,b 4D,2.5,6.0,3.891613,3.659441,338.80642,0.225,2.3233e-10,2.3233e-09,6.1659e-12
3d7,a 4F,4.5,10.0,0.232173,3d6.(3D).4s,b 4D,3.5,8.0,3.903419,3.671246,337.71692,0.969,1.3255e-09,1.3255e-08,3.5179e-11
3d7,a 4F,4.5,10.0,0.232173,3d7,b 2F,3.5,8.0,3.967376,3.735204,331.93424,0.047,6.2109e-11,6.2109e-10,1.6484e-12
3d7,a 4F,4.5,10.0,0.232173,3d6.(1I).4s,a 2I,6.5,14.0,4.07606,3.843887,322.549,0.00048,1.0481e-12,1.0481e-11,2.7818e-14
3d7,a 4F,4.5,10.0,0.232173,3d6.(1G2).4s,c 2G,4.5,10.0,4.149316,3.917144,316.51685,0.0072,1.0814e-11,1.0814e-10,2.87e-13
3d7,a 4F,4.5,10.0,0.232173,3d6.(3D).4s,b 2D,2.5,6.0,4.494791,4.262618,290.86398,0.003,2.283e-12,2.283e-11,6.0592e-14
3d7,a 4F,4.5,10.0,0.232173,3d6.(5D).4p,z 6D*,4.5,10.0,4.768307,4.536135,273.32566,98000.0,0.00010976,0.0010976,2.913e-06
3d7,a 4F,4.5,10.0,0.232173,3d6.(5D).4p,z 6F*,4.5,10.0,5.221574,4.989402,248.49512,600000.0,0.00055545,0.0055545,1.4742e-05
3d7,a 4F,4.5,10.0,0.232173,3d6.(5D).4p,z 4F*,4.5,10.0,5.484136,5.251963,236.0721,35900000.0,0.029995,0.29995,0.00079606
3d7,a 4F,4.5,10.0,0.232173,3d6.(5D).4p,z 4D*,3.5,8.0,5.510714,5.278541,234.88346,65000000.0,0.04301,0.4301,0.0011415
3d7,a 4F,4.5,10.0,0.232173,3d6.(5D).4p,z 4F*,3.5,8.0,5.548766,5.316593,233.20233,31700000.0,0.020676,0.20676,0.00054875
3d7,a 4F,4.5,10.0,0.232173,3d6.(3H).4p,z 4G*,5.5,12.0,7.516597,7.284425,170.20452,100000000.0,0.052117,0.52117,0.0013832
3d7,a 4F,4.5,10.0,0.232173,3d6.(3H).4p,z 4G*,4.5,10.0,7.539137,7.306964,169.6795,17000000.0,0.0073378,0.073378,0.00019475
3d7,a 4F,4.5,10.0,0.232173,3d6.(3P2).4p,y 4D*,3.5,8.0,7.653057,7.420884,167.07469,110000000.0,0.036827,0.36827,0.00097738
3d7,a 4F,4.5,10.0,0.232173,3d6.(3F2).4p,y 4F*,3.5,8.0,7.695145,7.462972,166.13247,1000000.0,0.00033102,0.0033102,8.7854e-06
3d7,a 4F,4.5,10.0,0.232173,3d6.(3F2).4p,y 4F*,4.5,10.0,7.706625,7.474453,165.8773,20000000.0,0.0082502,0.082502,0.00021896
3d7,a 4F,4.5,10.0,0.232173,3d6.(3H).4p,z 2G*,3.5,8.0,7.726998,7.494826,165.4264,1900000.0,0.00062361,0.0062361,1.6551e-05
3d7,a 4F,4.5,10.0,0.232173,3d6.(3F2).4p,x 4D*,3.5,8.0,7.804191,7.572018,163.73997,36000000.0,0.011576,0.11576,0.00030723
3d7,a 4F,4.5,10.0,0.232173,3d6.(3F2).4p,y 4G*,5.5,12.0,7.919655,7.687482,161.28063,66000000.0,0.030885,0.30885,0.00081969
3d7,a 4F,4.5,10.0,0.232173,3d6.(3F2).4p,y 4G*,4.5,10.0,7.928641,7.696468,161.09233,19000000.0,0.007392,0.07392,0.00019618
3d7,a 4F,4.5,10.0,0.232173,3d6.(3F2).4p,y 4G*,3.5,8.0,7.940059,7.707886,160.85371,2100000.0,0.00065167,0.0065167,1.7295e-05
3d7,a 4F,4.5,10.0,0.232173,3d6.(3G).4p,x 4G*,5.5,12.0,8.130892,7.898719,156.96748,23000000.0,0.010195,0.10195,0.00027058
3d7,a 4F,4.5,10.0,0.232173,3d6.(3G).4p,x 4G*,4.5,10.0,8.145273,7.9131,156.68221,52000000.0,0.019138,0.19138,0.00050793
3d7,a 4F,4.5,10.0,0.232173,3d6.(3G).4p,x 4F*,4.5,10.0,8.184541,7.952368,155.90852,110000000.0,0.040086,0.40086,0.0010639
3d7,a 4F,4.5,10.0,0.232173,3d6.(3G).4p,x 4F*,3.5,8.0,8.229738,7.997565,155.02743,9000000.0,0.0025942,0.025942,6.8851e-05
3d7,a 4F,4.5,10.0,0.232173,3d6.(3D).4p,w 4D*,3.5,8.0,9.007689,8.775517,141.28422,14000000.0,0.0033517,0.033517,8.8954e-05
3d7,a 4F,4.5,10.0,0.232173,3d6.(1G2).4p,x 2F*,3.5,8.0,9.052853,8.82068,140.56081,5000000.0,0.0011848,0.011848,3.1445e-05
3d7,a 4F,4.5,10.0,0.232173,3d6.(3P1).4p,v 4D*,3.5,8.0,10.777905,10.545732,117.56813,22000000.0,0.0036471,0.036471,9.6795e-05
3d7,a 4F,4.5,10.0,0.232173,3d6.(3F1).4p,4G*,5.5,12.0,11.184814,10.952642,113.20027,4500000.0,0.0010374,0.010374,2.7533e-05
3d7,a 4F,4.5,10.0,0.232173,3d6.(5D).5p,6F*,3.5,8.0,11.195851,10.963678,113.08632,8000000.0,0.001227,0.01227,3.2566e-05
3d7,a 4F,4.5,10.0,0.232173,3d6.(5D).5p,6F*,4.5,10.0,11.206502,10.974329,112.97656,8000000.0,0.0015308,0.015308,4.0628e-05
3d7,a 4F,4.5,10.0,0.232173,3d6.(5D).5p,4D*,3.5,8.0,11.207908,10.975735,112.96209,36000000.0,0.0055096,0.055096,0.00014622
3d7,a 4F,4.5,10.0,0.232173,3d6.(5D).5p,4F*,3.5,8.0,11.255363,11.02319,112.47579,13000000.0,0.0019725,0.019725,5.2349e-05
3d7,a 4F,4.5,10.0,0.232173,3d6.(3F1).4p,u 2G*,4.5,10.0,11.427833,11.19566,110.74309,13000000.0,0.0023902,0.023902,6.3436e-05
3d7,a 4F,4.5,10.0,0.232173,3d5.(4G).4s.4p.(3P*),v 4F*,4.5,10.0,11.459483,11.227311,110.4309,6000000.0,0.001097,0.01097,2.9113e-05
3d7,a 4F,4.5,10.0,0.232173,3d6.(3F1).4p,4D*,3.5,8.0,11.546633,11.314461,109.5803,16000000.0,0.0023043,0.023043,6.1155e-05
3d7,a 4F,4.5,10.0,0.232173,3d6.(3F1).4p,u 4F*,4.5,10.0,11.590613,11.358441,109.156,32000000.0,0.0057162,0.057162,0.00015171
3d7,a 4F,4.5,10.0,0.232173,3d6.(3F1).4p,u 4F*,3.5,8.0,11.590992,11.358819,109.15237,17000000.0,0.0024292,0.024292,6.4471e-05
3d7,a 4F,4.5,10.0,0.232173,3d6.(5D<4>).4f,2[5]*,4.5,10.0,12.751948,12.519775,99.03069,12000000.0,0.0017643,0.017643,4.6825e-05
3d7,a 4F,4.5,10.0,0.232173,3d6.(5D<4>).4f,2[4]*,4.5,10.0,12.755795,12.523622,99.00027,31000000.0,0.0045551,0.045551,0.00012089
3d7,a 4F,4.5,10.0,0.232173,3d6.(5D<4>).4f,2[6]*,5.5,12.0,12.757159,12.524986,98.98949,100000000.0,0.017629,0.17629,0.00046786
3d7,a 4F,4.5,10.0,0.232173,3d6.(5D<3>).4f,2[6]*,5.5,12.0,12.822472,12.590299,98.47598,24000000.0,0.0041871,0.041871,0.00011113
3d7,a 4F,3.5,8.0,0.301299,3d7,a 4F,2.5,6.0,0.351865,0.050566,24519.19413,0.003934,2.6593e-08,2.1274e-07,7.0578e-10
3d7,a 4F,3.5,8.0,0.301299,3d6.(5D).4s,a 4D,3.5,8.0,0.986334,0.685035,1809.89524,0.000999,4.906e-11,3.9248e-10,1.3021e-12
3d7,a 4F,3.5,8.0,0.301299,3d6.(5D).4s,a 4D,2.5,6.0,1.04047,0.739171,1677.34058,0.00182,5.7575e-11,4.606e-10,1.528e-12
3d7,a 4F,3.5,8.0,0.301299,3d6.(5D).4s,a 4D,1.5,4.0,1.076241,0.774943,1599.91458,0.00437,8.385e-11,6.708e-10,2.2254e-12
3d7,a 4F,3.5,8.0,0.301299,3d7,a 4P,2.5,6.0,1.670619,1.36932,905.44358,0.0071,6.5449e-11,5.2359e-10,1.737e-12
3d7,a 4F,3.5,8.0,0.301299,3d7,a 4P,1.5,4.0,1.695261,1.393963,889.43697,0.0206,1.2216e-10,9.7728e-10,3.2421e-12
3d7,a 4F,3.5,8.0,0.301299,3d7,a 2G,4.5,10.0,1.964486,1.663187,745.46136,0.0614,6.3942e-10,5.1154e-09,1.697e-11
3d7,a 4F,3.5,8.0,0.301299,3d7,a 2G,3.5,8.0,2.029548,1.72825,717.39754,0.06,4.6295e-10,3.7036e-09,1.2287e-11
3d7,a 4F,3.5,8.0,0.301299,3d7,a 2P,1.5,4.0,2.276429,1.975131,627.72657,0.0033,9.7473e-12,7.7978e-11,2.5869e-13
3d7,a 4F,3.5,8.0,0.301299,3d7,a 2D2,2.5,6.0,2.543778,2.242479,552.8889,0.358,1.2305e-09,9.844e-09,3.2657e-11
3d7,a 4F,3.5,8.0,0.301299,3d7,a 2H,4.5,10.0,2.579586,2.278287,544.19914,0.00101,5.6054e-12,4.4843e-11,1.4877e-13
3d7,a 4F,3.5,8.0,0.301299,3d6.(3P2).4s,b 4P,2.5,6.0,2.582659,2.281361,543.46596,0.165,5.4796e-10,4.3837e-09,1.4543e-11
3d7,a 4F,3.5,8.0,0.301299,3d6.(3H).4s,a 4H,5.5,12.0,2.657026,2.355727,526.30971,0.339,2.1117e-09,1.6894e-08,5.6045e-11
3d7,a 4F,3.5,8.0,0.301299,3d6.(3H).4s,a 4H,4.5,10.0,2.675779,2.374481,522.15291,0.111,5.6714e-10,4.5371e-09,1.5052e-11
3d7,a 4F,3.5,8.0,0.301299,3d6.(3H).4s,a 4H,3.5,8.0,2.691932,2.390633,518.62487,0.0242,9.7585e-11,7.8068e-10,2.5899e-12
3d7,a 4F,3.5,8.0,0.301299,3d6.(3P2).4s,b 4P,1.5,4.0,2.704349,2.40305,515.94506,0.361,7.2035e-10,5.7628e-09,1.9118e-11
3d7,a 4F,3.5,8.0,0.301299,3d6.(3F2).4s,b 4F,4.5,10.0,2.806654,2.505356,494.87659,0.0712,3.2677e-10,2.6142e-09,8.6725e-12
3d7,a 4F,3.5,8.0,0.301299,3d6.(3F2).4s,b 4F,3.5,8.0,2.828122,2.526824,490.6721,0.219,7.9047e-10,6.3238e-09,2.0979e-11
3d7,a 4F,3.5,8.0,0.301299,3d6.(3F2).4s,b 4F,2.5,6.0,2.844117,2.542818,487.58572,0.199,5.3196e-10,4.2556e-09,1.4118e-11
3d7,a 4F,3.5,8.0,0.301299,3d6.(3F2).4s,b 4F,1.5,4.0,2.855515,2.554217,485.40989,0.0249,4.3979e-11,3.5183e-10,1.1672e-12
3d7,a 4F,3.5,8.0,0.301299,3d6.(3G).4s,a 4G,5.5,12.0,3.152768,2.851469,434.80808,0.246,1.0459e-09,8.367e-09,2.7758e-11
3d7,a 4F,3.5,8.0,0.301299,3d6.(3P2).4s,b 2P,1.5,4.0,3.197253,2.895954,428.12903,0.0039,5.3585e-12,4.2868e-11,1.4221e-13
3d7,a 4F,3.5,8.0,0.301299,3d6.(3G).4s,a 4G,4.5,10.0,3.199453,2.898154,427.80401,0.826,2.833e-09,2.2664e-08,7.5187e-11
3d7,a 4F,3.5,8.0,0.301299,3d6.(3G).4s,a 4G,3.5,8.0,3.221313,2.920015,424.60126,0.246,6.649e-10,5.3192e-09,1.7646e-11
3d7,a 4F,3.5,8.0,0.301299,3d6.(3G).4s,a 4G,2.5,6.0,3.230459,2.929161,423.2755,0.0207,4.17e-11,3.336e-10,1.1067e-12
3d7,a 4F,3.5,8.0,0.301299,3d6.(3H).4s,b 2H,5.5,12.0,3.244689,2.94339,421.22921,0.059,2.3542e-10,1.8833e-09,6.248e-12
3d7,a 4F,3.5,8.0,0.301299,3d6.(3H).4s,b 2H,4.5,10.0,3.267327,2.966028,418.01424,0.0157,5.141e-11,4.1128e-10,1.3644e-12
3d7,a 4F,3.5,8.0,0.301299,3d6.(3F2).4s,a 2F,3.5,8.0,3.386618,3.08532,401.85203,0.0099,2.3968e-11,1.9174e-10,6.361e-13
3d7,a 4F,3.5,8.0,0.301299,3d6.(3F2).4s,a 2F,2.5,6.0,3.424494,3.123195,396.97873,0.0039,6.9107e-12,5.5285e-11,1.8341e-13
3d7,a 4F,3.5,8.0,0.301299,3d6.(3G).4s,b 2G,4.5,10.0,3.767699,3.466401,357.67415,0.0033,7.9115e-12,6.3292e-11,2.0997e-13
3d7,a 4F,3.5,8.0,0.301299,3d6.(3G).4s,b 2G,3.5,8.0,3.814309,3.51301,352.92868,0.0028,5.2287e-12,4.1829e-11,1.3877e-13
3d7,a 4F,3.5,8.0,0.301299,3d6.(3D).4s,b 4D,1.5,4.0,3.888697,3.587398,345.61035,0.401,3.5904e-10,2.8724e-09,9.529e-12
3d7,a 4F,3.5,8.0,0.301299,3d6.(3D).4s,b 4D,2.5,6.0,3.891613,3.590315,345.3296,0.389,5.216e-10,4.1728e-09,1.3843e-11
3d7,a 4F,3.5,8.0,0.301299,3d6.(3D).4s,b 4D,3.5,8.0,3.903419,3.60212,344.19781,0.232,4.1206e-10,3.2965e-09,1.0936e-11
3d7,a 4F,3.5,8.0,0.301299,3d7,b 2F,2.5,6.0,3.944162,3.642864,340.34817,0.0096,1.2504e-11,1.0003e-10,3.3185e-13
3d7,a 4F,3.5,8.0,0.301299,3d7,b 2F,3.5,8.0,3.967376,3.666078,338.19303,0.0079,1.3546e-11,1.0837e-10,3.5951e-13
3d7,a 4F,3.5,8.0,0.301299,3d6.(1G2).4s,c 2G,4.5,10.0,4.149316,3.848018,322.20276,0.0014,2.7237e-12,2.1789e-11,7.2286e-14
3d7,a 4F,3.5,8.0,0.301299,3d6.(1G2).4s,c 2G,3.5,8.0,4.153631,3.852333,321.84188,0.0025,3.8823e-12,3.1058e-11,1.0304e-13
3d7,a 4F,3.5,8.0,0.301299,3d6.(3D).4s,b 2D,2.5,6.0,4.494791,4.193492,295.6586,0.0059,5.799e-12,4.6392e-11,1.5391e-13
3d7,a 4F,3.5,8.0,0.301299,3d6.(1D2).4s,c 2D,2.5,6.0,4.73176,4.430462,279.84488,0.0025,2.2014e-12,1.7611e-11,5.8425e-14
3d7,a 4F,3.5,8.0,0.301299,3d6.(5D).4p,z 6D*,3.5,8.0,4.793236,4.491937,276.01499,30000.0,3.4265e-05,0.00027412,9.0938e-07
3d7,a 4F,3.5,8.0,0.301299,3d6.(5D).4p,z 4F*,4.5,10.0,5.484136,5.182837,239.2207,3770000.0,0.004043,0.032344,0.0001073
3d7,a 4F,3.5,8.0,0.301299,3d6.(5D).4p,z 4D*,3.5,8.0,5.510714,5.209415,238.00022,27300000.0,0.023183,0.18547,0.00061529
3d7,a 4F,3.5,8.0,0.301299,3d6.(5D).4p,z 4F*,3.5,8.0,5.548766,5.247468,236.27434,14100000.0,0.011801,0.094406,0.00031319
3d7,a 4F,3.5,8.0,0.301299,3d6.(5D).4p,z 4D*,2.5,6.0,5.552606,5.251307,236.10159,62000000.0,0.038861,0.31089,0.0010314
3d7,a 4F,3.5,8.0,0.301299,3d6.(5D).4p,z 4F*,2.5,6.0,5.589195,5.287897,234.46788,31300000.0,0.019348,0.15478,0.00051349
3d7,a 4F,3.5,8.0,0.301299,3d6.(3P2).4p,y 4P*,2.5,6.0,7.488935,7.187636,172.49649,10000000.0,0.0033457,0.026765,8.8794e-05
3d7,a 4F,3.5,8.0,0.301299,3d6.(3H).4p,z 4G*,4.5,10.0,7.539137,7.237838,171.30004,71000000.0,0.039043,0.31234,0.0010362
3d7,a 4F,3.5,8.0,0.301299,3d6.(3H).4p,z 4G*,3.5,8.0,7.557678,7.256379,170.86235,20000000.0,0.0087535,0.070028,0.00023232
3d7,a 4F,3.5,8.0,0.301299,3d6.(3H).4p,z 4H*,4.5,10.0,7.561727,7.260429,170.76705,2000000.0,0.001093,0.0087437,2.9007e-05
3d7,a 4F,3.5,8.0,0.301299,3d6.(3P2).4p,z 2D*,2.5,6.0,7.574617,7.273318,170.46442,9000000.0,0.0029406,0.023525,7.8043e-05
3d7,a 4F,3.5,8.0,0.301299,3d6.(3P2).4p,y 4D*,3.5,8.0,7.653057,7.351759,168.64563,15000000.0,0.0063959,0.051167,0.00016975
3d7,a 4F,3.5,8.0,0.301299,3d6.(3F2).4p,y 4F*,3.5,8.0,7.695145,7.393846,167.68566,6800000.0,0.0028666,0.022932,7.6078e-05
3d7,a 4F,3.5,8.0,0.301299,3d6.(3F2).4p,y 4F*,4.5,10.0,7.706625,7.405327,167.42569,11000000.0,0.0057784,0.046227,0.00015336
3d7,a 4F,3.5,8.0,0.301299,3d6.(3H).4p,z 2G*,3.5,8.0,7.726998,7.4257,166.96635,2400000.0,0.0010031,0.0080245,2.6621e-05
3d7,a 4F,3.5,8.0,0.301299,3d6.(3P2).4p,y 4D*,2.5,6.0,7.772554,7.471255,165.94828,80000000.0,0.024772,0.19817,0.00065744
3d7,a 4F,3.5,8.0,0.301299,3d6.(3F2).4p,x 4D*,2.5,6.0,7.84485,7.543551,164.35787,44000000.0,0.013365,0.10692,0.0003547
3d7,a 4F,3.5,8.0,0.301299,3d6.(3F2).4p,y 4G*,4.5,10.0,7.928641,7.627343,162.55229,40000000.0,0.019807,0.15845,0.00052567
3d7,a 4F,3.5,8.0,0.301299,3d6.(3F2).4p,y 4G*,3.5,8.0,7.940059,7.63876,162.30933,20000000.0,0.0078991,0.063193,0.00020964
3d7,a 4F,3.5,8.0,0.301299,3d6.(3F2).4p,y 2G*,4.5,10.0,8.038137,7.736839,160.25175,2200000.0,0.0010588,0.0084701,2.81e-05
3d7,a 4F,3.5,8.0,0.301299,3d6.(3G).4p,x 4G*,4.5,10.0,8.145273,7.843974,158.06299,58000000.0,0.027156,0.21724,0.00072071
3d7,a 4F,3.5,8.0,0.301299,3d6.(3G).4p,x 4G*,3.5,8.0,8.174447,7.873148,157.47729,9000000.0,0.0033461,0.026769,8.8805e-05
3d7,a 4F,3.5,8.0,0.301299,3d6.(3G).4p,x 4F*,3.5,8.0,8.229738,7.92844,156.37907,130000000.0,0.047661,0.38129,0.0012649
3d7,a 4F,3.5,8.0,0.301299,3d6.(3G).4p,x 4F*,2.5,6.0,8.247715,7.946417,156.02529,20000000.0,0.0054745,0.043796,0.00014529
3d7,a 4F,3.5,8.0,0.301299,3d6.(3F2).4p,y 2D*,2.5,6.0,8.307007,8.005708,154.86974,3100000.0,0.00083602,0.0066881,2.2188e-05
3d7,a 4F,3.5,8.0,0.301299,3d6.(3D).4p,w 4D*,2.5,6.0,9.00367,8.702372,142.47173,20000000.0,0.0045647,0.036517,0.00012115
3d7,a 4F,3.5,8.0,0.301299,3d6.(3P1).4p,v 4D*,2.5,6.0,10.757813,10.456515,118.57125,18000000.0,0.0028455,0.022764,7.5518e-05
3d7,a 4F,3.5,8.0,0.301299,3d6.(3F1).4p,4G*,4.5,10.0,11.166929,10.865631,114.10677,5000000.0,0.00122,0.0097601,3.2379e-05
3d7,a 4F,3.5,8.0,0.301299,3d6.(5D).5p,6F*,3.5,8.0,11.195851,10.894552,113.80385,10000000.0,0.0019417,0.015533,5.1532e-05
3d7,a 4F,3.5,8.0,0.301299,3d6.(5D).5p,4D*,2.5,6.0,11.237782,10.936483,113.36752,29000000.0,0.0041908,0.033526,0.00011122
3d7,a 4F,3.5,8.0,0.301299,3d6.(5D).5p,4F*,2.5,6.0,11.291311,10.990013,112.81534,19000000.0,0.002719,0.021752,7.2163e-05
3d7,a 4F,3.5,8.0,0.301299,3d5.(4G).4s.4p.(3P*),v 4F*,3.5,8.0,11.441568,11.14027,111.29372,22000000.0,0.0040853,0.032682,0.00010842
3d7,a 4F,3.5,8.0,0.301299,3d6.(3F1).4p,4D*,2.5,6.0,11.518046,11.216747,110.53489,15000000.0,0.0020607,0.016485,5.469e-05
3d7,a 4F,3.5,8.0,0.301299,3d6.(3F1).4p,4D*,3.5,8.0,11.546633,11.245335,110.2539,13000000.0,0.0023691,0.018953,6.2877e-05
3d7,a 4F,3.5,8.0,0.301299,3d6.(3F1).4p,u 4F*,2.5,6.0,11.579555,11.278256,109.93206,12000000.0,0.0016306,0.013045,4.3276e-05
3d7,a 4F,3.5,8.0,0.301299,3d6.(3F1).4p,u 4F*,3.5,8.0,11.590992,11.289693,109.8207,14000000.0,0.0025314,0.020251,6.7183e-05
3d7,a 4F,3.5,8.0,0.301299,3d6.(5D<4>).4f,2[4]*,4.5,10.0,12.755795,12.454496,99.54975,20000000.0,0.0037143,0.029715,9.8578e-05
3d7,a 4F,3.5,8.0,0.301299,3d6.(5D<4>).4f,2[4]*,3.5,8.0,12.756384,12.455085,99.54504,14000000.0,0.0020798,0.016639,5.5199e-05
3d7,a 4F,3.5,8.0,0.301299,3d6.(5D<4>).4f,2[3]*,3.5,8.0,12.763213,12.461915,99.49049,18000000.0,0.0026711,0.021369,7.0892e-05
3d7,a 4F,3.5,8.0,0.301299,3d6.(5D<3>).4f,2[5]*,4.5,10.0,12.814104,12.512806,99.08585,54000000.0,0.0099354,0.079483,0.00026369
3d7,a 4F,2.5,6.0,0.351865,3d7,a 4F,1.5,4.0,0.386519,0.034654,35777.28067,0.001418,1.8141e-08,1.0885e-07,4.8146e-10
3d7,a 4F,2.5,6.0,0.351865,3d6.(5D).4s,a 4D,3.5,8.0,0.986334,0.634469,1954.14103,0.000123,9.3889e-12,5.6333e-11,2.4918e-13
3d7,a 4F,2.5,6.0,0.351865,3d6.(5D).4s,a 4D,2.5,6.0,1.04047,0.688605,1800.51235,0.00155,7.5333e-11,4.52e-10,1.9993e-12
3d7,a 4F,2.5,6.0,0.351865,3d6.(5D).4s,a 4D,1.5,4.0,1.076241,0.724376,1711.59901,0.00099,2.8987e-11,1.7392e-10,7.6932e-13
3d7,a 4F,2.5,6.0,0.351865,3d6.(5D).4s,a 4D,0.5,2.0,1.096861,0.744997,1664.22496,0.004,5.5363e-11,3.3218e-10,1.4693e-12
3d7,a 4F,2.5,6.0,0.351865,3d7,a 4P,2.5,6.0,1.670619,1.318754,940.16183,0.00129,1.7094e-11,1.0257e-10,4.5369e-13
3d7,a 4F,2.5,6.0,0.351865,3d7,a 4P,1.5,4.0,1.695261,1.343397,922.91587,0.012,1.0216e-10,6.1295e-10,2.7113e-12
3d7,a 4F,2.5,6.0,0.351865,3d7,a 4P,0.5,2.0,1.723983,1.372118,903.59706,0.0151,6.1612e-11,3.6967e-10,1.6352e-12
3d7,a 4F,2.5,6.0,0.351865,3d7,a 2G,3.5,8.0,2.029548,1.677683,739.02024,0.0447,4.88e-10,2.928e-09,1.2951e-11
3d7,a 4F,2.5,6.0,0.351865,3d7,a 2P,1.5,4.0,2.276429,1.924564,644.21952,0.0367,1.5223e-10,9.1338e-10,4.0402e-12
3d7,a 4F,2.5,6.0,0.351865,3d7,a 2P,0.5,2.0,2.341661,1.989797,623.09984,0.00197,3.8223e-12,2.2934e-11,1.0144e-13
3d7,a 4F,2.5,6.0,0.351865,3d7,a 2D2,2.5,6.0,2.543778,2.191913,565.64373,0.0403,1.9331e-10,1.1598e-09,5.1304e-12
3d7,a 4F,2.5,6.0,0.351865,3d6.(3P2).4s,b 4P,2.5,6.0,2.582659,2.230795,555.78489,0.0248,1.1485e-10,6.8909e-10,3.0481e-12
3d7,a 4F,2.5,6.0,0.351865,3d7,a 2D2,1.5,4.0,2.641855,2.28999,541.41798,0.36,1.0547e-09,6.3283e-09,2.7992e-11
3d7,a 4F,2.5,6.0,0.351865,3d6.(3H).4s,a 4H,4.5,10.0,2.675779,2.323914,533.51446,0.278,1.9772e-09,1.1863e-08,5.2474e-11
3d7,a 4F,2.5,6.0,0.351865,3d6.(3H).4s,a 4H,3.5,8.0,2.691932,2.340067,529.83176,0.1112,6.2399e-10,3.744e-09,1.6561e-11
3d7,a 4F,2.5,6.0,0.351865,3d6.(3P2).4s,b 4P,1.5,4.0,2.704349,2.352484,527.0352,0.237,6.5795e-10,3.9477e-09,1.7462e-11
3d7,a 4F,2.5,6.0,0.351865,3d6.(3P2).4s,b 4P,0.5,2.0,2.778463,2.426599,510.93824,0.296,3.8616e-10,2.317e-09,1.0249e-11
3d7,a 4F,2.5,6.0,0.351865,3d6.(3F2).4s,b 4F,4.5,10.0,2.806654,2.45479,505.07055,0.00205,1.3067e-11,7.84e-11,3.4679e-13
3d7,a 4F,2.5,6.0,0.351865,3d6.(3F2).4s,b 4F,3.5,8.0,2.828122,2.476258,500.69183,0.0908,4.5501e-10,2.7301e-09,1.2076e-11
3d7,a 4F,2.5,6.0,0.351865,3d6.(3F2).4s,b 4F,2.5,6.0,2.844117,2.492252,497.47852,0.142,5.2686e-10,3.1612e-09,1.3983e-11
3d7,a 4F,2.5,6.0,0.351865,3d6.(3F2).4s,b 4F,1.5,4.0,2.855515,2.50365,495.2137,0.177,4.3384e-10,2.603e-09,1.1514e-11
3d7,a 4F,2.5,6.0,0.351865,3d6.(3P2).4s,b 2P,1.5,4.0,3.197253,2.845388,435.73743,0.0119,2.2582e-11,1.3549e-10,5.9933e-13
3d7,a 4F,2.5,6.0,0.351865,3d6.(3G).4s,a 4G,4.5,10.0,3.199453,2.847588,435.40076,0.358,1.6958e-09,1.0175e-08,4.5006e-11
3d7,a 4F,2.5,6.0,0.351865,3d6.(3G).4s,a 4G,3.5,8.0,3.221313,2.869449,432.08369,0.539,2.0115e-09,1.2069e-08,5.3386e-11
3d7,a 4F,2.5,6.0,0.351865,3d6.(3G).4s,a 4G,2.5,6.0,3.230459,2.878595,430.71087,0.299,8.3158e-10,4.9895e-09,2.207e-11
3d7,a 4F,2.5,6.0,0.351865,3d6.(3H).4s,b 2H,4.5,10.0,3.267327,2.915462,425.26433,0.013,5.8745e-11,3.5247e-10,1.5591e-12
3d7,a 4F,2.5,6.0,0.351865,3d6.(3P2).4s,b 2P,0.5,2.0,3.339234,2.987369,415.0281,0.00109,9.3825e-13,5.6295e-12,2.4901e-14
3d7,a 4F,2.5,6.0,0.351865,3d6.(3F2).4s,a 2F,3.5,8.0,3.386618,3.034753,408.54784,0.0264,8.8082e-11,5.2849e-10,2.3377e-12
3d7,a 4F,2.5,6.0,0.351865,3d6.(3F2).4s,a 2F,2.5,6.0,3.424494,3.072629,403.5118,0.0117,2.856e-11,1.7136e-10,7.5798e-13
3d7,a 4F,2.5,6.0,0.351865,3d6.(3G).4s,b 2G,4.5,10.0,3.767699,3.415835,362.96897,0.00122,4.0161e-12,2.4097e-11,1.0659e-13
3d7,a 4F,2.5,6.0,0.351865,3d6.(3G).4s,b 2G,3.5,8.0,3.814309,3.462444,358.08291,0.0016,4.101e-12,2.4606e-11,1.0884e-13
3d7,a 4F,2.5,6.0,0.351865,3d6.(3D).4s,b 4D,1.5,4.0,3.888697,3.536832,350.55155,0.214,2.6284e-10,1.577e-09,6.9757e-12
3d7,a 4F,2.5,6.0,0.351865,3d6.(3D).4s,b 4D,0.5,2.0,3.889193,3.537328,350.50243,0.683,4.1932e-10,2.5159e-09,1.1129e-11
3d7,a 4F,2.5,6.0,0.351865,3d6.(3D).4s,b 4D,2.5,6.0,3.891613,3.539749,350.26272,0.371,6.8237e-10,4.0942e-09,1.811e-11
3d7,a 4F,2.5,6.0,0.351865,3d6.(3D).4s,b 4D,3.5,8.0,3.903419,3.551554,349.09842,0.0409,9.9636e-11,5.9782e-10,2.6443e-12
3d7,a 4F,2.5,6.0,0.351865,3d7,b 2F,2.5,6.0,3.944162,3.592298,345.139,0.0102,1.8216e-11,1.0929e-10,4.8345e-13
3d7,a 4F,2.5,6.0,0.351865,3d7,b 2F,3.5,8.0,3.967376,3.615512,342.92296,0.0192,4.5133e-11,2.708e-10,1.1978e-12
3d7,a 4F,2.5,6.0,0.351865,3d6.(1G2).4s,c 2G,4.5,10.0,4.149316,3.797452,326.49315,0.0035,9.3223e-12,5.5934e-11,2.4741e-13
3d7,a 4F,2.5,6.0,0.351865,3d6.(1G2).4s,c 2G,3.5,8.0,4.153631,3.801767,326.1226,0.0027,5.7402e-12,3.4441e-11,1.5234e-13
3d7,a 4F,2.5,6.0,0.351865,3d6.(3D).4s,b 2D,1.5,4.0,4.479104,4.127239,300.40466,0.0115,1.0372e-11,6.2234e-11,2.7528e-13
3d7,a 4F,2.5,6.0,0.351865,3d6.(1D2).4s,c 2D,2.5,6.0,4.73176,4.379895,283.0757,0.0072,8.6496e-12,5.1898e-11,2.2956e-13
3d7,a 4F,2.5,6.0,0.351865,3d6.(1D2).4s,c 2D,1.5,4.0,4.737995,4.38613,282.67335,0.0021,1.6771e-12,1.0063e-11,4.451e-14
3d7,a 4F,2.5,6.0,0.351865,3d6.(5D).4p,z 6D*,2.5,6.0,4.817898,4.466033,277.61592,15000.0,1.7332e-05,0.00010399,4.5998e-07
3d7,a 4F,2.5,6.0,0.351865,3d6.(5D).4p,z 4D*,3.5,8.0,5.510714,5.158849,240.33306,2170000.0,0.0025054,0.015033,6.6495e-05
3d7,a 4F,2.5,6.0,0.351865,3d6.(5D).4p,z 4F*,3.5,8.0,5.548766,5.196901,238.57331,3600000.0,0.0040959,0.024575,0.0001087
3d7,a 4F,2.5,6.0,0.351865,3d6.(5D).4p,z 4D*,2.5,6.0,5.552606,5.200741,238.39718,35900000.0,0.030588,0.18353,0.00081182
3d7,a 4F,2.5,6.0,0.351865,3d6.(5D).4p,z 4D*,1.5,4.0,5.584768,5.232903,236.93195,60600000.0,0.034001,0.204,0.00090238
3d7,a 4F,2.5,6.0,0.351865,3d6.(5D).4p,z 4F*,2.5,6.0,5.589195,5.237331,236.73166,10100000.0,0.0084858,0.050915,0.00022521
3d7,a 4F,2.5,6.0,0.351865,3d6.(5D).4p,z 4F*,1.5,4.0,5.615223,5.263358,235.56103,26700000.0,0.014808,0.088846,0.000393
3d7,a 4F,2.5,6.0,0.351865,3d6.(3H).4p,z 4G*,3.5,8.0,7.557678,7.205813,172.06136,59000000.0,0.034915,0.20949,0.00092665
3d7,a 4F,2.5,6.0,0.351865,3d6.(3H).4p,z 4G*,2.5,6.0,7.568211,7.216346,171.81022,14000000.0,0.0061956,0.037174,0.00016443
3d7,a 4F,2.5,6.0,0.351865,3d6.(3P2).4p,z 2D*,2.5,6.0,7.574617,7.222752,171.65783,3100000.0,0.0013695,0.0082167,3.6345e-05
3d7,a 4F,2.5,6.0,0.351865,3d6.(3P2).4p,y 4P*,1.5,4.0,7.604292,7.252427,170.95545,9000000.0,0.0026289,0.015773,6.9771e-05
3d7,a 4F,2.5,6.0,0.351865,3d6.(3F2).4p,y 4F*,3.5,8.0,7.695145,7.34328,168.84035,2500000.0,0.0014246,0.0085476,3.7809e-05
3d7,a 4F,2.5,6.0,0.351865,3d6.(3P2).4p,z 2D*,1.5,4.0,7.702593,7.350728,168.66927,15000000.0,0.0042651,0.025591,0.0001132
3d7,a 4F,2.5,6.0,0.351865,3d6.(3F2).4p,y 4F*,2.5,6.0,7.705811,7.353946,168.59547,21000000.0,0.0089489,0.053694,0.0002375
3d7,a 4F,2.5,6.0,0.351865,3d6.(3H).4p,z 2G*,3.5,8.0,7.726998,7.375134,168.11112,6000000.0,0.0033896,0.020337,8.9959e-05
3d7,a 4F,2.5,6.0,0.351865,3d6.(3P2).4p,y 4D*,2.5,6.0,7.772554,7.420689,167.07909,9000000.0,0.0037666,0.022599,9.9965e-05
3d7,a 4F,2.5,6.0,0.351865,3d6.(3F2).4p,x 4D*,3.5,8.0,7.804191,7.452326,166.3698,1000000.0,0.00055328,0.0033197,1.4684e-05
3d7,a 4F,2.5,6.0,0.351865,3d6.(3P2).4p,y 4D*,1.5,4.0,7.80632,7.454455,166.32228,67000000.0,0.018524,0.11115,0.00049164
3d7,a 4F,2.5,6.0,0.351865,3d6.(3F2).4p,x 4D*,1.5,4.0,7.868674,7.516809,164.94259,51000000.0,0.013868,0.083206,0.00036805
3d7,a 4F,2.5,6.0,0.351865,3d6.(3F2).4p,y 4G*,3.5,8.0,7.940059,7.588194,163.39092,39000000.0,0.020812,0.12487,0.00055236
3d7,a 4F,2.5,6.0,0.351865,3d6.(3F2).4p,y 4G*,2.5,6.0,7.945826,7.593961,163.26683,19000000.0,0.0075929,0.045558,0.00020152
3d7,a 4F,2.5,6.0,0.351865,3d6.(3G).4p,x 4G*,3.5,8.0,8.174447,7.822582,158.49524,58000000.0,0.029125,0.17475,0.00077296
3d7,a 4F,2.5,6.0,0.351865,3d6.(3G).4p,x 4F*,3.5,8.0,8.229738,7.877873,157.38283,15000000.0,0.0074268,0.044561,0.00019711
3d7,a 4F,2.5,6.0,0.351865,3d6.(3G).4p,x 4F*,2.5,6.0,8.247715,7.895851,157.0245,110000000.0,0.040662,0.24397,0.0010792
3d7,a 4F,2.5,6.0,0.351865,3d6.(3G).4p,x 4F*,1.5,4.0,8.258917,7.907052,156.80205,26000000.0,0.0063892,0.038335,0.00016957
3d7,a 4F,2.5,6.0,0.351865,3d6.(3F2).4p,y 2D*,2.5,6.0,8.307007,7.955142,155.85416,31000000.0,0.011289,0.067734,0.00029961
3d7,a 4F,2.5,6.0,0.351865,3d6.(3F2).4p,y 2D*,1.5,4.0,8.340892,7.989028,155.1931,6000000.0,0.0014443,0.0086659,3.8332e-05
3d7,a 4F,2.5,6.0,0.351865,3d6.(3D).4p,w 4D*,1.5,4.0,8.9919,8.640035,143.49965,19000000.0,0.0039104,0.023463,0.00010378
3d7,a 4F,2.5,6.0,0.351865,3d6.(3P1).4p,v 4D*,1.5,4.0,10.730076,10.378212,119.46586,19000000.0,0.0027103,0.016262,7.193e-05
3d7,a 4F,2.5,6.0,0.351865,3d6.(5D).5p,4D*,2.5,6.0,11.237782,10.885917,113.89412,13000000.0,0.0025282,0.015169,6.7098e-05
3d7,a 4F,2.5,6.0,0.351865,3d6.(5D).5p,4D*,1.5,4.0,11.270024,10.91816,113.55778,22000000.0,0.0028355,0.017013,7.5253e-05
3d7,a 4F,2.5,6.0,0.351865,3d6.(5D).5p,4F*,1.5,4.0,11.308461,10.956597,113.15941,16000000.0,0.0020477,0.012286,5.4346e-05
3d7,a 4F,2.5,6.0,0.351865,3d6.(3P1).4p,4P*,2.5,6.0,11.440533,11.088668,111.81162,19000000.0,0.0035611,0.021367,9.4512e-05
3d7,a 4F,2.5,6.0,0.351865,3d5.(4G).4s.4p.(3P*),v 4F*,2.5,6.0,11.447449,11.095585,111.74193,9000000.0,0.0016847,0.010108,4.4713e-05
3d7,a 4F,2.5,6.0,0.351865,3d6.(3F1).4p,4D*,1.5,4.0,11.486837,11.134973,111.34666,34000000.0,0.0042131,0.025279,0.00011182
3d7,a 4F,2.5,6.0,0.351865,3d6.(3F1).4p,u 4F*,2.5,6.0,11.579555,11.22769,110.42716,15000000.0,0.0027422,0.016453,7.2779e-05
3d7,a 4F,2.5,6.0,0.351865,3d6.(5D<3>).4f,2[3]*,3.5,8.0,12.818204,12.466339,99.45518,50000000.0,0.0098861,0.059316,0.00026238
3d7,a 4F,2.5,6.0,0.351865,3d6.(5D<3>).4f,2[2]*,2.5,6.0,12.820751,12.468886,99.43487,24000000.0,0.0035575,0.021345,9.4417e-05
3d7,a 4F,2.5,6.0,0.351865,3d6.(5D<2>).4f,2[3]*,3.5,8.0,12.854291,12.502426,99.16811,18000000.0,0.0035385,0.021231,9.3911e-05
3d7,a 4F,2.5,6.0,0.351865,3d6.(5D<2>).4f,2[4]*,3.5,8.0,12.858601,12.506736,99.13394,11000000.0,0.0021609,0.012965,5.735e-05
3d7,a 4F,2.5,6.0,0.351865,3d6.(5D<1>).4f,2[4]*,3.5,8.0,12.879818,12.527953,98.96604,21000000.0,0.0041114,0.024668,0.00010912
3d7,a 4F,1.5,4.0,0.386519,3d6.(5D).4s,a 4D,2.5,6.0,1.04047,0.653951,1895.92591,0.000252,2.037e-11,8.1481e-11,5.4062e-13
3d7,a 4F,1.5,4.0,0.386519,3d6.(5D).4s,a 4D,1.5,4.0,1.076241,0.689722,1797.59674,0.00111,5.3773e-11,2.1509e-10,1.4271e-12
3d7,a 4F,1.5,4.0,0.386519,3d6.(5D).4s,a 4D,0.5,2.0,1.096861,0.710342,1745.41512,0.00211,4.8185e-11,1.9274e-10,1.2788e-12
3d7,a 4F,1.5,4.0,0.386519,3d7,a 4P,2.5,6.0,1.670619,1.284099,965.53431,0.000204,4.2768e-12,1.7107e-11,1.1351e-13
3d7,a 4F,1.5,4.0,0.386519,3d7,a 4P,1.5,4.0,1.695261,1.308742,947.35395,0.00278,3.7405e-11,1.4962e-10,9.9273e-13
3d7,a 4F,1.5,4.0,0.386519,3d7,a 4P,0.5,2.0,1.723983,1.337464,927.00978,0.02,1.2883e-10,5.1533e-10,3.4192e-12
3d7,a 4F,1.5,4.0,0.386519,3d7,a 2P,1.5,4.0,2.276429,1.88991,656.03229,0.0248,1.6002e-10,6.4006e-10,4.2468e-12
3d7,a 4F,1.5,4.0,0.386519,3d7,a 2P,0.5,2.0,2.341661,1.955142,634.14415,0.00059,1.7785e-12,7.1141e-12,4.7202e-14
3d7,a 4F,1.5,4.0,0.386519,3d7,a 2D2,2.5,6.0,2.543778,2.157259,574.73029,0.0174,1.2925e-10,5.17e-10,3.4303e-12
3d7,a 4F,1.5,4.0,0.386519,3d6.(3P2).4s,b 4P,2.5,6.0,2.582659,2.19614,564.55501,0.0039,2.7953e-11,1.1181e-10,7.4187e-13
3d7,a 4F,1.5,4.0,0.386519,3d7,a 2D2,1.5,4.0,2.641855,2.255336,549.73716,0.191,8.6537e-10,3.4615e-09,2.2967e-11
3d7,a 4F,1.5,4.0,0.386519,3d6.(3H).4s,a 4H,3.5,8.0,2.691932,2.305413,537.79608,0.304,2.6363e-09,1.0545e-08,6.9968e-11
3d7,a 4F,1.5,4.0,0.386519,3d6.(3P2).4s,b 4P,1.5,4.0,2.704349,2.31783,534.91503,0.072,3.0886e-10,1.2354e-09,8.1971e-12
3d7,a 4F,1.5,4.0,0.386519,3d6.(3P2).4s,b 4P,0.5,2.0,2.778463,2.391944,518.3407,0.414,8.338e-10,3.3352e-09,2.2129e-11
3d7,a 4F,1.5,4.0,0.386519,3d6.(3F2).4s,b 4F,2.5,6.0,2.844117,2.457598,504.49343,0.0803,4.596e-10,1.8384e-09,1.2198e-11
3d7,a 4F,1.5,4.0,0.386519,3d6.(3F2).4s,b 4F,1.5,4.0,2.855515,2.468996,502.16445,0.208,7.8635e-10,3.1454e-09,2.087e-11
3d7,a 4F,1.5,4.0,0.386519,3d6.(3P2).4s,b 2P,1.5,4.0,3.197253,2.810733,441.10977,0.0056,1.6336e-11,6.5343e-11,4.3355e-13
3d7,a 4F,1.5,4.0,0.386519,3d6.(3G).4s,a 4G,3.5,8.0,3.221313,2.834794,437.36578,0.275,1.5773e-09,6.3092e-09,4.1861e-11
3d7,a 4F,1.5,4.0,0.386519,3d6.(3G).4s,a 4G,2.5,6.0,3.230459,2.84394,435.95924,0.717,3.0645e-09,1.2258e-08,8.1332e-11
3d7,a 4F,1.5,4.0,0.386519,3d6.(3P2).4s,b 2P,0.5,2.0,3.339234,2.952714,419.89906,0.0107,1.4142e-11,5.6567e-11,3.7532e-13
3d7,a 4F,1.5,4.0,0.386519,3d6.(3F2).4s,a 2F,3.5,8.0,3.386618,3.000099,413.26702,0.0082,4.1992e-11,1.6797e-10,1.1145e-12
3d7,a 4F,1.5,4.0,0.386519,3d6.(3F2).4s,a 2F,2.5,6.0,3.424494,3.037974,408.1147,0.0422,1.5806e-10,6.3225e-10,4.195e-12
3d7,a 4F,1.5,4.0,0.386519,3d6.(3G).4s,b 2G,3.5,8.0,3.814309,3.427789,361.70308,0.00058,2.2752e-12,9.1009e-12,6.0384e-14
3d7,a 4F,1.5,4.0,0.386519,3d6.(3D).4s,b 4D,1.5,4.0,3.888697,3.502178,354.0203,0.425,7.9856e-10,3.1942e-09,2.1194e-11
3d7,a 4F,1.5,4.0,0.386519,3d6.(3D).4s,b 4D,0.5,2.0,3.889193,3.502673,353.97021,0.513,4.8182e-10,1.9273e-09,1.2787e-11
3d7,a 4F,1.5,4.0,0.386519,3d6.(3D).4s,b 4D,2.5,6.0,3.891613,3.505094,353.72573,0.0728,2.0484e-10,8.1936e-10,5.4365e-12
3d7,a 4F,1.5,4.0,0.386519,3d6.(3D).4s,b 4D,3.5,8.0,3.903419,3.5169,352.53833,0.002,7.453e-12,2.9812e-11,1.978e-13
3d7,a 4F,1.5,4.0,0.386519,3d7,b 2F,2.5,6.0,3.944162,3.557643,348.50095,0.052,1.4202e-10,5.681e-10,3.7693e-12
3d7,a 4F,1.5,4.0,0.386519,3d6.(1G2).4s,c 2G,3.5,8.0,4.153631,3.767112,329.12267,0.0038,1.2342e-11,4.9368e-11,3.2756e-13
3d7,a 4F,1.5,4.0,0.386519,3d6.(3D).4s,b 2D,1.5,4.0,4.479104,4.092585,302.94838,0.014,1.9263e-11,7.7052e-11,5.1124e-13
3d7,a 4F,1.5,4.0,0.386519,3d6.(1S2).4s,a 2S,0.5,2.0,4.615594,4.229075,293.17097,0.002,1.2886e-12,5.1542e-12,3.4198e-14
3d7,a 4F,1.5,4.0,0.386519,3d6.(1D2).4s,c 2D,2.5,6.0,4.73176,4.345241,285.33331,0.0039,7.1404e-12,2.8561e-11,1.8951e-13
3d7,a 4F,1.5,4.0,0.386519,3d6.(1D2).4s,c 2D,1.5,4.0,4.737995,4.351475,284.92451,0.0089,1.0832e-11,4.3328e-11,2.8748e-13
3d7,a 4F,1.5,4.0,0.386519,3d6.(5D).4p,z 6F*,0.5,2.0,5.261871,4.875352,254.30821,400000.0,0.00019391,0.00077566,5.1465e-06
3d7,a 4F,1.5,4.0,0.386519,3d6.(5D).4p,z 4D*,1.5,4.0,5.584768,5.198249,238.51148,32000000.0,0.027292,0.10917,0.00072432
3d7,a 4F,1.5,4.0,0.386519,3d6.(5D).4p,z 4F*,2.5,6.0,5.589195,5.202676,238.3085,3200000.0,0.0040868,0.016347,0.00010846
3d7,a 4F,1.5,4.0,0.386519,3d6.(5D).4p,z 4D*,0.5,2.0,5.604888,5.218369,237.59187,98000000.0,0.041469,0.16587,0.0011006
3d7,a 4F,1.5,4.0,0.386519,3d6.(5D).4p,z 4F*,1.5,4.0,5.615223,5.228703,237.12226,17300000.0,0.014583,0.058332,0.00038704
3d7,a 4F,1.5,4.0,0.386519,3d6.(3H).4p,z 4G*,2.5,6.0,7.568211,7.181691,172.63928,32000000.0,0.021448,0.085791,0.00056922
3d7,a 4F,1.5,4.0,0.386519,3d6.(3P2).4p,z 2D*,2.5,6.0,7.574617,7.188098,172.48541,25000000.0,0.016726,0.066905,0.00044391
3d7,a 4F,1.5,4.0,0.386519,3d6.(3F2).4p,y 4F*,2.5,6.0,7.705811,7.319291,169.39372,8000000.0,0.0051622,0.020649,0.000137
3d7,a 4F,1.5,4.0,0.386519,3d6.(3F2).4p,y 4F*,1.5,4.0,7.717336,7.330817,169.12739,26000000.0,0.01115,0.044599,0.00029591
3d7,a 4F,1.5,4.0,0.386519,3d6.(3P2).4p,y 4D*,0.5,2.0,7.789812,7.403293,167.47169,90000000.0,0.018921,0.075686,0.00050218
3d7,a 4F,1.5,4.0,0.386519,3d6.(3P2).4p,y 4D*,1.5,4.0,7.80632,7.419801,167.0991,14000000.0,0.0058605,0.023442,0.00015554
3d7,a 4F,1.5,4.0,0.386519,3d6.(3F2).4p,x 4D*,0.5,2.0,7.880373,7.493854,165.44784,71000000.0,0.014568,0.058273,0.00038664
3d7,a 4F,1.5,4.0,0.386519,3d6.(3F2).4p,y 4G*,2.5,6.0,7.945826,7.559307,164.0153,59000000.0,0.035692,0.14277,0.00094727
3d7,a 4F,1.5,4.0,0.386519,3d6.(3G).4p,x 4G*,2.5,6.0,8.192662,7.806142,158.82902,48000000.0,0.02723,0.10892,0.00072269
3d7,a 4F,1.5,4.0,0.386519,3d6.(3G).4p,x 4F*,2.5,6.0,8.247715,7.861196,157.71671,17000000.0,0.0095094,0.038038,0.00025238
3d7,a 4F,1.5,4.0,0.386519,3d6.(3G).4p,x 4F*,1.5,4.0,8.258917,7.872398,157.49229,120000000.0,0.044623,0.17849,0.0011843
3d7,a 4F,1.5,4.0,0.386519,3d6.(3F2).4p,y 2D*,2.5,6.0,8.307007,7.920488,156.53606,5000000.0,0.0027552,0.011021,7.3122e-05
3d7,a 4F,1.5,4.0,0.386519,3d6.(3F2).4p,y 2D*,1.5,4.0,8.340892,7.954373,155.86923,46000000.0,0.016755,0.067019,0.00044467
3d7,a 4F,1.5,4.0,0.386519,3d6.(3D).4p,w 4D*,0.5,2.0,8.980135,8.593616,144.27477,18000000.0,0.0028086,0.011234,7.4539e-05
3d7,a 4F,1.5,4.0,0.386519,3d6.(3P1).4p,v 4D*,0.5,2.0,10.710844,10.324325,120.0894,23000000.0,0.0024864,0.0099455,6.5988e-05
3d7,a 4F,1.5,4.0,0.386519,3d6.(5D).5p,4D*,1.5,4.0,11.270024,10.883505,113.91936,12000000.0,0.0023347,0.0093389,6.1964e-05
3d7,a 4F,1.5,4.0,0.386519,3d6.(5D).5p,4D*,0.5,2.0,11.307331,10.920812,113.5302,46000000.0,0.0044444,0.017777,0.00011795
3d7,a 4F,1.5,4.0,0.386519,3d5.(4G).4s.4p.(3P*),v 4F*,1.5,4.0,11.45101,11.064491,112.05595,29000000.0,0.0054592,0.021837,0.00014489
3d7,a 4F,1.5,4.0,0.386519,3d6.(3F1).4p,4D*,0.5,2.0,11.462756,11.076237,111.93711,50000000.0,0.0046962,0.018785,0.00012464
3d7,a 4F,1.5,4.0,0.386519,3d6.(3F1).4p,u 4F*,1.5,4.0,11.571266,11.184747,110.85115,19000000.0,0.0035002,0.014001,9.2895e-05
3d7,a 4F,1.5,4.0,0.386519,3d6.(5D<2>).4f,2[3]*,2.5,6.0,12.856977,12.470458,99.42233,59000000.0,0.013115,0.05246,0.00034807
3d6.(5D).4s,a 4D,3.5,8.0,0.986334,3d6.(5D).4s,a 4D,2.5,6.0,1.04047,0.054136,22902.33135,0.00257,1.5157e-08,1.2126e-07,4.0227e-10
3d6.(5D).4s,a 4D,3.5,8.0,0.986334,3d7,a 4P,2.5,6.0,1.670619,0.684285,1811.88017,0.00222,8.1947e-11,6.5558e-10,2.1749e-12
3d6.(5D).4s,a 4D,3.5,8.0,0.986334,3d7,a 4P,1.5,4.0,1.695261,0.708928,1748.89814,0.0019,4.3562e-11,3.485e-10,1.1561e-12
3d6.(5D).4s,a 4D,3.5,8.0,0.986334,3d7,a 2P,1.5,4.0,2.276429,1.290095,961.04673,0.000494,3.4202e-12,2.7361e-11,9.0771e-14
3d6.(5D).4s,a 4D,3.5,8.0,0.986334,3d7,a 2D2,2.5,6.0,2.543778,1.557444,796.07473,0.00061,4.3467e-12,3.4773e-11,1.1536e-13
3d6.(5D).4s,a 4D,3.5,8.0,0.986334,3d6.(3P2).4s,b 4P,2.5,6.0,2.582659,1.596326,776.68486,0.0141,9.5638e-11,7.651e-10,2.5382e-12
3d6.(5D).4s,a 4D,3.5,8.0,0.986334,3d6.(3H).4s,a 4H,3.5,8.0,2.691932,1.705598,726.92498,0.00051,4.0403e-12,3.2322e-11,1.0723e-13
3d6.(5D).4s,a 4D,3.5,8.0,0.986334,3d6.(3P2).4s,b 4P,1.5,4.0,2.704349,1.718015,721.67115,0.00422,1.6475e-11,1.318e-10,4.3724e-13
3d6.(5D).4s,a 4D,3.5,8.0,0.986334,3d6.(3F2).4s,b 4F,4.5,10.0,2.806654,1.820321,681.11185,0.0217,1.8865e-10,1.5092e-09,5.0069e-12
3d6.(5D).4s,a 4D,3.5,8.0,0.986334,3d6.(3F2).4s,b 4F,3.5,8.0,2.828122,1.841789,673.17278,0.0203,1.3791e-10,1.1033e-09,3.6602e-12
3d6.(5D).4s,a 4D,3.5,8.0,0.986334,3d6.(3F2).4s,b 4F,2.5,6.0,2.844117,1.857783,667.37709,0.006,3.0048e-11,2.4038e-10,7.9747e-13
3d6.(5D).4s,a 4D,3.5,8.0,0.986334,3d6.(3G).4s,a 4G,3.5,8.0,3.221313,2.23498,554.7442,0.0115,5.3057e-11,4.2446e-10,1.4081e-12
3d6.(5D).4s,a 4D,3.5,8.0,0.986334,3d6.(3F2).4s,a 2F,3.5,8.0,3.386618,2.400284,516.53961,0.265,1.06e-09,8.4801e-09,2.8133e-11
3d6.(5D).4s,a 4D,3.5,8.0,0.986334,3d6.(3F2).4s,a 2F,2.5,6.0,3.424494,2.43816,508.51548,0.02,5.8151e-11,4.6521e-10,1.5433e-12
3d6.(5D).4s,a 4D,3.5,8.0,0.986334,3d6.(3G).4s,b 2G,4.5,10.0,3.767699,2.781366,445.76735,0.00062,2.3088e-12,1.847e-11,6.1274e-14
3d6.(5D).4s,a 4D,3.5,8.0,0.986334,3d6.(3G).4s,b 2G,3.5,8.0,3.814309,2.827975,438.42045,0.003,8.6449e-12,6.916e-11,2.2944e-13
3d6.(5D).4s,a 4D,3.5,8.0,0.986334,3d6.(3D).4s,b 4D,2.5,6.0,3.891613,2.90528,426.75479,0.0236,4.8327e-11,3.8662e-10,1.2826e-12
3d6.(5D).4s,a 4D,3.5,8.0,0.986334,3d6.(3D).4s,b 4D,3.5,8.0,3.903419,2.917085,425.02768,0.0024,6.4999e-12,5.1999e-11,1.7251e-13
3d6.(5D).4s,a 4D,3.5,8.0,0.986334,3d7,b 2F,2.5,6.0,3.944162,2.957828,419.17305,0.0024,4.7415e-12,3.7932e-11,1.2584e-13
3d6.(5D).4s,a 4D,3.5,8.0,0.986334,3d7,b 2F,3.5,8.0,3.967376,2.981043,415.90884,0.036,9.3359e-11,7.4688e-10,2.4778e-12
3d6.(5D).4s,a 4D,3.5,8.0,0.986334,3d6.(1G2).4s,c 2G,3.5,8.0,4.153631,3.167297,391.45107,0.0084,1.9297e-11,1.5438e-10,5.1215e-13
3d6.(5D).4s,a 4D,3.5,8.0,0.986334,3d6.(3D).4s,b 2D,2.5,6.0,4.494791,3.508457,353.3867,0.19,2.6679e-10,2.1343e-09,7.0807e-12
3d6.(5D).4s,a 4D,3.5,8.0,0.986334,3d6.(5D).4p,z 6D*,4.5,10.0,4.768307,3.781974,327.82935,330000.0,0.00066463,0.005317,1.7639e-05
3d6.(5D).4s,a 4D,3.5,8.0,0.986334,3d6.(5D).4p,z 6D*,3.5,8.0,4.793236,3.806902,325.68267,278000.0,0.00044207,0.0035366,1.1733e-05
3d6.(5D).4s,a 4D,3.5,8.0,0.986334,3d6.(5D).4p,z 6F*,4.5,10.0,5.221574,4.235241,292.74417,5100000.0,0.0081906,0.065525,0.00021738
3d6.(5D).4s,a 4D,3.5,8.0,0.986334,3d6.(5D).4p,z 6F*,3.5,8.0,5.236728,4.250394,291.70049,50000.0,6.3783e-05,0.00051026,1.6928e-06
3d6.(5D).4s,a 4D,3.5,8.0,0.986334,3d6.(5D).4p,z 6F*,2.5,6.0,5.248852,4.262518,290.87079,130000.0,0.00012367,0.00098936,3.2822e-06
3d6.(5D).4s,a 4D,3.5,8.0,0.986334,3d6.(5D).4p,z 6P*,3.5,8.0,5.288948,4.302614,288.16014,2200000.0,0.0027387,0.02191,7.2686e-05
3d6.(5D).4s,a 4D,3.5,8.0,0.986334,3d6.(5D).4p,z 4F*,4.5,10.0,5.484136,4.497802,275.65507,215000000.0,0.30615,2.4492,0.0081253
3d6.(5D).4s,a 4D,3.5,8.0,0.986334,3d6.(5D).4p,z 4D*,3.5,8.0,5.510714,4.52438,274.03577,221000000.0,0.24881,1.9905,0.0066034
3d6.(5D).4s,a 4D,3.5,8.0,0.986334,3d6.(5D).4p,z 4F*,3.5,8.0,5.548766,4.562432,271.75021,102000.0,0.00011293,0.00090342,2.9971e-06
3d6.(5D).4s,a 4D,3.5,8.0,0.986334,3d6.(5D).4p,z 4D*,2.5,6.0,5.552606,4.566272,271.52171,57000000.0,0.04725,0.378,0.001254
3d6.(5D).4s,a 4D,3.5,8.0,0.986334,3d6.(5D).4p,z 4F*,2.5,6.0,5.589195,4.602862,269.36329,1640000.0,0.001338,0.010704,3.5509e-05
3d6.(5D).4s,a 4D,3.5,8.0,0.986334,3d6.(5D).4p,z 4P*,2.5,6.0,5.823225,4.836891,256.33036,179000000.0,0.13224,1.0579,0.0035097
3d6.(5D).4s,a 4D,3.5,8.0,0.986334,3d6.(3P2).4p,y 4D*,3.5,8.0,7.653057,6.666723,185.97471,11000000.0,0.0057037,0.04563,0.00015138
3d6.(5D).4s,a 4D,3.5,8.0,0.986334,3d6.(3F2).4p,x 4D*,3.5,8.0,7.804191,6.817857,181.85215,5700000.0,0.002826,0.022608,7.5002e-05
3d6.(5D).4s,a 4D,3.5,8.0,0.986334,3d6.(3F2).4p,y 4G*,4.5,10.0,7.928641,6.942307,178.59221,350000.0,0.0002092,0.0016736,5.5522e-06
3d6.(5D).4s,a 4D,3.5,8.0,0.986334,3d6.(3G).4p,x 4G*,4.5,10.0,8.145273,7.158939,173.18796,2800000.0,0.0015738,0.012591,4.177e-05
3d6.(5D).4s,a 4D,3.5,8.0,0.986334,3d6.(3G).4p,x 4F*,4.5,10.0,8.184541,7.198207,172.24316,3500000.0,0.0019459,0.015567,5.1644e-05
3d6.(5D).4s,a 4D,3.5,8.0,0.986334,3d5.(6S).4s.4p.(3P*),x 4P*,2.5,6.0,8.567609,7.581275,163.54003,230000000.0,0.069167,0.55333,0.0018357
3d6.(5D).4s,a 4D,3.5,8.0,0.986334,3d6.(3D).4p,w 4P*,2.5,6.0,8.922492,7.936158,156.22698,19000000.0,0.0052142,0.041713,0.00013838
3d6.(5D).4s,a 4D,3.5,8.0,0.986334,3d6.(5D).5p,4F*,4.5,10.0,11.163885,10.177551,121.82125,9000000.0,0.002503,0.020024,6.6429e-05
3d6.(5D).4s,a 4D,3.5,8.0,0.986334,3d6.(5D).5p,6F*,3.5,8.0,11.195851,10.209517,121.43983,6000000.0,0.0013266,0.010613,3.5207e-05
3d6.(5D).4s,a 4D,3.5,8.0,0.986334,3d6.(5D).5p,6F*,4.5,10.0,11.206502,10.220168,121.31327,11000000.0,0.0030337,0.02427,8.0516e-05
3d6.(5D).4s,a 4D,3.5,8.0,0.986334,3d6.(5D).5p,4D*,3.5,8.0,11.207908,10.221574,121.29658,5000000.0,0.0011029,0.008823,2.927e-05
3d6.(5D).4s,a 4D,3.5,8.0,0.986334,3d6.(3F1).4p,u 2G*,4.5,10.0,11.427833,10.441499,118.74176,19000000.0,0.0050203,0.040162,0.00013324
3d6.(5D).4s,a 4D,3.5,8.0,0.986334,3d5.(4G).4s.4p.(3P*),v 4F*,3.5,8.0,11.441568,10.455234,118.58577,7000000.0,0.0014758,0.011806,3.9167e-05
3d6.(5D).4s,a 4D,3.5,8.0,0.986334,3d5.(4G).4s.4p.(3P*),v 4F*,4.5,10.0,11.459483,10.47315,118.38292,49000000.0,0.012869,0.10295,0.00034154
3d6.(5D).4s,a 4D,3.5,8.0,0.986334,3d5.(4D).4s.4p.(3P*),6D*,2.5,6.0,11.633556,10.647223,116.44745,33000000.0,0.0050315,0.040252,0.00013354
3d6.(5D).4s,a 4D,3.5,8.0,0.986334,3d5.(4P).4s.4p.(3P*),4P*,2.5,6.0,11.680723,10.694389,115.93388,61000000.0,0.0092187,0.07375,0.00024467
3d6.(5D).4s,a 4D,3.5,8.0,0.986334,3d5.(4D).4s.4p.(3P*),4D*,3.5,8.0,12.198969,11.212635,110.57543,55000000.0,0.010082,0.080655,0.00026757
3d6.(5D).4s,a 4D,3.5,8.0,0.986334,3d5.(4D).4s.4p.(3P*),4F*,3.5,8.0,12.216908,11.230574,110.3988,19000000.0,0.0034717,0.027774,9.2139e-05
3d6.(5D).4s,a 4D,3.5,8.0,0.986334,3d5.(4D).4s.4p.(3P*),4P*,2.5,6.0,12.609999,11.623665,106.66533,11000000.0,0.0014072,0.011258,3.7347e-05
3d6.(5D).4s,a 4D,3.5,8.0,0.986334,3d5.(2F1).4s.4p.(3P*),4F*,4.5,10.0,13.417272,12.430938,99.73841,29000000.0,0.0054062,0.04325,0.00014348
3d6.(5D).4s,a 4D,3.5,8.0,0.986334,3d6.(3F2).5p,4F*,4.5,10.0,13.658909,12.672576,97.83662,220000000.0,0.039463,0.31571,0.0010474
3d6.(5D).4s,a 4D,2.5,6.0,1.04047,3d6.(5D).4s,a 4D,1.5,4.0,1.076241,0.035771,34660.21487,0.001364,1.6377e-08,9.8264e-08,4.3466e-10
3d6.(5D).4s,a 4D,2.5,6.0,1.04047,3d7,a 4P,2.5,6.0,1.670619,0.630149,1967.53875,0.001,5.8037e-11,3.4822e-10,1.5403e-12
3d6.(5D).4s,a 4D,2.5,6.0,1.04047,3d7,a 4P,0.5,2.0,1.723983,0.683513,1813.92568,0.00233,3.8312e-11,2.2987e-10,1.0168e-12
3d6.(5D).4s,a 4D,2.5,6.0,1.04047,3d7,a 2P,1.5,4.0,2.276429,1.235959,1003.14138,0.0148,1.4885e-10,8.9311e-10,3.9505e-12
3d6.(5D).4s,a 4D,2.5,6.0,1.04047,3d7,a 2P,0.5,2.0,2.341661,1.301192,952.85124,0.000311,1.4111e-12,8.4664e-12,3.745e-14
3d6.(5D).4s,a 4D,2.5,6.0,1.04047,3d7,a 2D2,2.5,6.0,2.543778,1.503308,824.7424,0.00155,1.5806e-11,9.4837e-11,4.195e-13
3d6.(5D).4s,a 4D,2.5,6.0,1.04047,3d6.(3P2).4s,b 4P,2.5,6.0,2.582659,1.54219,803.94912,0.00476,4.6124e-11,2.7674e-10,1.2241e-12
3d6.(5D).4s,a 4D,2.5,6.0,1.04047,3d7,a 2D2,1.5,4.0,2.641855,1.601385,774.23089,0.0024,1.4379e-11,8.6272e-11,3.8161e-13
3d6.(5D).4s,a 4D,2.5,6.0,1.04047,3d6.(3P2).4s,b 4P,1.5,4.0,2.704349,1.663879,745.15148,0.00179,9.9337e-12,5.9602e-11,2.6364e-13
3d6.(5D).4s,a 4D,2.5,6.0,1.04047,3d6.(3P2).4s,b 4P,0.5,2.0,2.778463,1.737993,713.37553,0.00574,1.4598e-11,8.7587e-11,3.8742e-13
3d6.(5D).4s,a 4D,2.5,6.0,1.04047,3d6.(3F2).4s,b 4F,3.5,8.0,2.828122,1.787653,693.55869,0.00227,2.1827e-11,1.3096e-10,5.7928e-13
3d6.(5D).4s,a 4D,2.5,6.0,1.04047,3d6.(3F2).4s,b 4F,2.5,6.0,2.844117,1.803647,687.40826,0.0299,2.1182e-10,1.2709e-09,5.6216e-12
3d6.(5D).4s,a 4D,2.5,6.0,1.04047,3d6.(3F2).4s,b 4F,1.5,4.0,2.855515,1.815045,683.09149,0.0076,3.5444e-11,2.1266e-10,9.4068e-13
3d6.(5D).4s,a 4D,2.5,6.0,1.04047,3d6.(3P2).4s,b 2P,1.5,4.0,3.197253,2.156783,574.85714,0.473,1.5622e-09,9.3735e-09,4.1462e-11
3d6.(5D).4s,a 4D,2.5,6.0,1.04047,3d6.(3G).4s,a 4G,3.5,8.0,3.221313,2.180844,568.51486,0.0051,3.295e-11,1.977e-10,8.7449e-13
3d6.(5D).4s,a 4D,2.5,6.0,1.04047,3d6.(3G).4s,a 4G,2.5,6.0,3.230459,2.18999,566.1406,0.0061,2.9311e-11,1.7587e-10,7.7793e-13
3d6.(5D).4s,a 4D,2.5,6.0,1.04047,3d6.(3F2).4s,a 2F,3.5,8.0,3.386618,2.346148,528.45847,0.133,7.4246e-10,4.4547e-09,1.9705e-11
3d6.(5D).4s,a 4D,2.5,6.0,1.04047,3d6.(3F2).4s,a 2F,2.5,6.0,3.424494,2.384024,520.06278,0.143,5.7984e-10,3.479e-09,1.5389e-11
3d6.(5D).4s,a 4D,2.5,6.0,1.04047,3d6.(3G).4s,b 2G,3.5,8.0,3.814309,2.773839,446.97695,0.0014,5.5911e-12,3.3547e-11,1.4839e-13
3d6.(5D).4s,a 4D,2.5,6.0,1.04047,3d6.(3D).4s,b 4D,1.5,4.0,3.888697,2.848227,435.30308,0.017,3.2196e-11,1.9318e-10,8.5448e-13
3d6.(5D).4s,a 4D,2.5,6.0,1.04047,3d6.(3D).4s,b 4D,3.5,8.0,3.903419,2.862949,433.06461,0.0196,7.3478e-11,4.4087e-10,1.9501e-12
3d6.(5D).4s,a 4D,2.5,6.0,1.04047,3d7,b 2F,2.5,6.0,3.944162,2.903692,426.98805,0.02,5.4666e-11,3.28e-10,1.4508e-12
3d6.(5D).4s,a 4D,2.5,6.0,1.04047,3d7,b 2F,3.5,8.0,3.967376,2.926907,423.60149,0.0096,3.4434e-11,2.066e-10,9.1387e-13
3d6.(5D).4s,a 4D,2.5,6.0,1.04047,3d6.(1G2).4s,c 2G,3.5,8.0,4.153631,3.113161,398.25817,0.002,6.341e-12,3.8046e-11,1.6829e-13
3d6.(5D).4s,a 4D,2.5,6.0,1.04047,3d6.(3D).4s,b 2D,1.5,4.0,4.479104,3.438634,360.56232,0.015,1.949e-11,1.1694e-10,5.1727e-13
3d6.(5D).4s,a 4D,2.5,6.0,1.04047,3d6.(3D).4s,b 2D,2.5,6.0,4.494791,3.454321,358.92498,0.051,9.85e-11,5.91e-10,2.6142e-12
3d6.(5D).4s,a 4D,2.5,6.0,1.04047,3d6.(1D2).4s,c 2D,2.5,6.0,4.73176,3.69129,335.88308,0.0016,2.7062e-12,1.6237e-11,7.1822e-14
3d6.(5D).4s,a 4D,2.5,6.0,1.04047,3d6.(5D).4p,z 6D*,3.5,8.0,4.793236,3.752766,330.38085,28000.0,6.1092e-05,0.00036655,1.6214e-06
3d6.(5D).4s,a 4D,2.5,6.0,1.04047,3d6.(5D).4p,z 6D*,2.5,6.0,4.817898,3.777428,328.22383,231000.0,0.00037309,0.0022385,9.9018e-06
3d6.(5D).4s,a 4D,2.5,6.0,1.04047,3d6.(5D).4p,z 6F*,3.5,8.0,5.236728,4.196258,295.46373,5200000.0,0.0090742,0.054445,0.00024083
3d6.(5D).4s,a 4D,2.5,6.0,1.04047,3d6.(5D).4p,z 6F*,2.5,6.0,5.248852,4.208382,294.61252,60000.0,7.8075e-05,0.00046845,2.0721e-06
3d6.(5D).4s,a 4D,2.5,6.0,1.04047,3d6.(5D).4p,z 6F*,1.5,4.0,5.257094,4.216624,294.03666,400000.0,0.00034565,0.0020739,9.1734e-06
3d6.(5D).4s,a 4D,2.5,6.0,1.04047,3d6.(5D).4p,z 6P*,3.5,8.0,5.288948,4.248478,291.83201,140000.0,0.00023834,0.00143,6.3255e-06
3d6.(5D).4s,a 4D,2.5,6.0,1.04047,3d6.(5D).4p,z 6P*,2.5,6.0,5.360904,4.320434,286.97162,700000.0,0.00086424,0.0051855,2.2937e-05
3d6.(5D).4s,a 4D,2.5,6.0,1.04047,3d6.(5D).4p,z 4D*,3.5,8.0,5.510714,4.470244,277.35443,110000.0,0.00016915,0.0010149,4.4891e-06
3d6.(5D).4s,a 4D,2.5,6.0,1.04047,3d6.(5D).4p,z 4F*,3.5,8.0,5.548766,4.508296,275.01342,216000000.0,0.32656,1.9593,0.0086668
3d6.(5D).4s,a 4D,2.5,6.0,1.04047,3d6.(5D).4p,z 4D*,2.5,6.0,5.552606,4.512136,274.7794,169000000.0,0.1913,1.1478,0.0050771
3d6.(5D).4s,a 4D,2.5,6.0,1.04047,3d6.(5D).4p,z 4D*,1.5,4.0,5.584768,4.544298,272.83465,93800000.0,0.069786,0.41872,0.0018521
3d6.(5D).4s,a 4D,2.5,6.0,1.04047,3d6.(5D).4p,z 4F*,2.5,6.0,5.589195,4.548726,272.56908,9600000.0,0.010693,0.064156,0.00028378
3d6.(5D).4s,a 4D,2.5,6.0,1.04047,3d6.(5D).4p,z 4F*,1.5,4.0,5.615223,4.574753,271.01836,280000.0,0.00020555,0.0012333,5.4554e-06
3d6.(5D).4s,a 4D,2.5,6.0,1.04047,3d6.(5D).4p,z 4P*,2.5,6.0,5.823225,4.782755,259.23176,57000000.0,0.057426,0.34456,0.0015241
3d6.(5D).4s,a 4D,2.5,6.0,1.04047,3d6.(5D).4p,z 4P*,1.5,4.0,5.875587,4.835118,256.42437,151000000.0,0.099235,0.59541,0.0026337
3d6.(5D).4s,a 4D,2.5,6.0,1.04047,3d6.(3P2).4p,y 4D*,3.5,8.0,7.653057,6.612587,187.49726,2100000.0,0.0014757,0.0088544,3.9166e-05
3d6.(5D).4s,a 4D,2.5,6.0,1.04047,3d6.(3F2).4p,y 4F*,3.5,8.0,7.695145,6.654675,186.31143,240000.0,0.00016653,0.00099917,4.4197e-06
3d6.(5D).4s,a 4D,2.5,6.0,1.04047,3d6.(3P2).4p,y 4D*,2.5,6.0,7.772554,6.732084,184.16912,5000000.0,0.0025425,0.015255,6.7478e-05
3d6.(5D).4s,a 4D,2.5,6.0,1.04047,3d6.(3F2).4p,x 4D*,3.5,8.0,7.804191,6.763721,183.30768,500000.0,0.00033584,0.002015,8.9131e-06
3d6.(5D).4s,a 4D,2.5,6.0,1.04047,3d6.(3F2).4p,x 4D*,2.5,6.0,7.84485,6.80438,182.21234,4300000.0,0.0021403,0.012842,5.6805e-05
3d6.(5D).4s,a 4D,2.5,6.0,1.04047,3d6.(3F2).4p,x 4D*,1.5,4.0,7.868674,6.828204,181.57659,3300000.0,0.0010874,0.0065246,2.886e-05
3d6.(5D).4s,a 4D,2.5,6.0,1.04047,3d6.(3F2).4p,y 4G*,3.5,8.0,7.940059,6.899589,179.69796,300000.0,0.00019364,0.0011619,5.1393e-06
3d6.(5D).4s,a 4D,2.5,6.0,1.04047,3d6.(3G).4p,x 4F*,3.5,8.0,8.229738,7.189268,172.45732,3900000.0,0.0023186,0.013912,6.1536e-05
3d6.(5D).4s,a 4D,2.5,6.0,1.04047,3d5.(6S).4s.4p.(3P*),x 4P*,2.5,6.0,8.567609,7.527139,164.71623,50000000.0,0.020338,0.12203,0.00053976
3d6.(5D).4s,a 4D,2.5,6.0,1.04047,3d5.(6S).4s.4p.(3P*),x 4P*,1.5,4.0,8.592364,7.551894,164.1763,180000000.0,0.048491,0.29095,0.001287
3d6.(5D).4s,a 4D,2.5,6.0,1.04047,3d6.(3D).4p,w 4P*,2.5,6.0,8.922492,7.882022,157.29999,5000000.0,0.0018548,0.011129,4.9225e-05
3d6.(5D).4s,a 4D,2.5,6.0,1.04047,3d6.(3D).4p,w 4P*,1.5,4.0,8.932201,7.891731,157.10647,11000000.0,0.0027136,0.016282,7.2019e-05
3d6.(5D).4s,a 4D,2.5,6.0,1.04047,3d6.(5D).5p,4F*,3.5,8.0,11.255363,10.214893,121.37592,17000000.0,0.0050062,0.030037,0.00013287
3d6.(5D).4s,a 4D,2.5,6.0,1.04047,3d6.(5D).5p,4P*,2.5,6.0,11.270304,10.229834,121.19864,7000000.0,0.0015415,0.0092492,4.0912e-05
3d6.(5D).4s,a 4D,2.5,6.0,1.04047,3d5.(4G).4s.4p.(3P*),v 4F*,3.5,8.0,11.441568,10.401098,119.20299,37000000.0,0.010509,0.063056,0.00027892
3d6.(5D).4s,a 4D,2.5,6.0,1.04047,3d6.(3F1).4p,u 2G*,3.5,8.0,11.481273,10.440803,118.74968,9000000.0,0.0025369,0.015221,6.733e-05
3d6.(5D).4s,a 4D,2.5,6.0,1.04047,3d6.(3F1).4p,4D*,3.5,8.0,11.546633,10.506164,118.01092,12000000.0,0.0033406,0.020044,8.8659e-05
3d6.(5D).4s,a 4D,2.5,6.0,1.04047,3d6.(3F1).4p,u 4F*,2.5,6.0,11.579555,10.539085,117.64228,11000000.0,0.0022823,0.013694,6.0573e-05
3d6.(5D).4s,a 4D,2.5,6.0,1.04047,3d6.(3F1).4p,u 4F*,3.5,8.0,11.590992,10.550522,117.51475,26000000.0,0.0071772,0.043063,0.00019048
3d6.(5D).4s,a 4D,2.5,6.0,1.04047,3d5.(4P).4s.4p.(3P*),4P*,2.5,6.0,11.680723,10.640253,116.52373,12000000.0,0.0024427,0.014656,6.4829e-05
3d6.(5D).4s,a 4D,2.5,6.0,1.04047,3d5.(4P).4s.4p.(3P*),4P*,1.5,4.0,11.746156,10.705686,115.81154,22000000.0,0.0029491,0.017695,7.827e-05
3d6.(5D).4s,a 4D,2.5,6.0,1.04047,3d5.(4D).4s.4p.(3P*),4D*,3.5,8.0,12.198969,11.158499,111.1119,11000000.0,0.0027146,0.016288,7.2047e-05
3d6.(5D).4s,a 4D,2.5,6.0,1.04047,3d5.(4D).4s.4p.(3P*),4D*,2.5,6.0,12.213066,11.172596,110.9717,60000000.0,0.011077,0.066464,0.00029399
3d6.(5D).4s,a 4D,2.5,6.0,1.04047,3d6.(3F1).5p,4D*,2.5,6.0,13.674309,12.633839,98.1366,46000000.0,0.0066417,0.03985,0.00017627
3d6.(5D).4s,a 4D,1.5,4.0,1.076241,3d6.(5D).4s,a 4D,0.5,2.0,1.096861,0.02062,60127.54406,0.000373,1.0108e-08,4.0434e-08,2.6828e-10
3d6.(5D).4s,a 4D,1.5,4.0,1.076241,3d7,a 4P,2.5,6.0,1.670619,0.594377,2085.95086,0.00041,4.0118e-11,1.6047e-10,1.0647e-12
3d6.(5D).4s,a 4D,1.5,4.0,1.076241,3d7,a 4P,1.5,4.0,1.695261,0.61902,2002.91067,0.000594,3.5725e-11,1.429e-10,9.4813e-13
3d6.(5D).4s,a 4D,1.5,4.0,1.076241,3d7,a 4P,0.5,2.0,1.723983,0.647742,1914.09914,0.000868,2.3838e-11,9.5354e-11,6.3267e-13
3d6.(5D).4s,a 4D,1.5,4.0,1.076241,3d7,a 2P,1.5,4.0,2.276429,1.200188,1033.03978,0.00024,3.8398e-12,1.5359e-11,1.0191e-13
3d6.(5D).4s,a 4D,1.5,4.0,1.076241,3d7,a 2P,0.5,2.0,2.341661,1.26542,979.78677,0.015,1.0794e-10,4.3176e-10,2.8647e-12
3d6.(5D).4s,a 4D,1.5,4.0,1.076241,3d6.(3P2).4s,b 4P,2.5,6.0,2.582659,1.506418,823.03966,0.0106,1.6147e-10,6.4589e-10,4.2855e-12
3d6.(5D).4s,a 4D,1.5,4.0,1.076241,3d7,a 2D2,1.5,4.0,2.641855,1.565614,791.92061,0.0016,1.5043e-11,6.0173e-11,3.9925e-13
3d6.(5D).4s,a 4D,1.5,4.0,1.076241,3d6.(3P2).4s,b 4P,1.5,4.0,2.704349,1.628108,761.52328,0.0164,1.4258e-10,5.7033e-10,3.7842e-12
3d6.(5D).4s,a 4D,1.5,4.0,1.076241,3d6.(3P2).4s,b 4P,0.5,2.0,2.778463,1.702222,728.36675,0.0089,3.5393e-11,1.4157e-10,9.3934e-13
3d6.(5D).4s,a 4D,1.5,4.0,1.076241,3d6.(3F2).4s,b 4F,2.5,6.0,2.844117,1.767876,701.31733,0.00271,2.9974e-11,1.199e-10,7.9552e-13
3d6.(5D).4s,a 4D,1.5,4.0,1.076241,3d6.(3F2).4s,b 4F,1.5,4.0,2.855515,1.779274,696.82467,0.0313,2.2785e-10,9.114e-10,6.0472e-12
3d6.(5D).4s,a 4D,1.5,4.0,1.076241,3d6.(3P2).4s,b 2P,1.5,4.0,3.197253,2.121011,584.55224,0.0195,9.9894e-11,3.9958e-10,2.6512e-12
3d6.(5D).4s,a 4D,1.5,4.0,1.076241,3d6.(3G).4s,a 4G,2.5,6.0,3.230459,2.154218,575.54151,0.0045,3.3521e-11,1.3408e-10,8.8965e-13
3d6.(5D).4s,a 4D,1.5,4.0,1.076241,3d6.(3P2).4s,b 2P,0.5,2.0,3.339234,2.262992,547.87723,0.57,1.2825e-09,5.1302e-09,3.4039e-11
3d6.(5D).4s,a 4D,1.5,4.0,1.076241,3d6.(3F2).4s,a 2F,2.5,6.0,3.424494,2.348252,527.98498,0.082,5.1405e-10,2.0562e-09,1.3643e-11
3d6.(5D).4s,a 4D,1.5,4.0,1.076241,3d6.(3D).4s,b 4D,0.5,2.0,3.889193,2.812951,440.76198,0.0052,7.5725e-12,3.029e-11,2.0098e-13
3d6.(5D).4s,a 4D,1.5,4.0,1.076241,3d6.(3D).4s,b 4D,2.5,6.0,3.891613,2.815372,440.38297,0.0176,7.6758e-11,3.0703e-10,2.0372e-12
3d6.(5D).4s,a 4D,1.5,4.0,1.076241,3d7,b 2F,2.5,6.0,3.944162,2.867921,432.31384,0.0109,4.5812e-11,1.8325e-10,1.2158e-12
3d6.(5D).4s,a 4D,1.5,4.0,1.076241,3d6.(3D).4s,b 2D,1.5,4.0,4.479104,3.402863,364.3526,0.074,1.4728e-10,5.8911e-10,3.9087e-12
3d6.(5D).4s,a 4D,1.5,4.0,1.076241,3d6.(3D).4s,b 2D,2.5,6.0,4.494791,3.418549,362.68073,0.067,1.9819e-10,7.9275e-10,5.2599e-12
3d6.(5D).4s,a 4D,1.5,4.0,1.076241,3d6.(1D2).4s,c 2D,2.5,6.0,4.73176,3.655519,339.16989,0.0025,6.4673e-12,2.5869e-11,1.7164e-13
3d6.(5D).4s,a 4D,1.5,4.0,1.076241,3d6.(1D2).4s,c 2D,1.5,4.0,4.737995,3.661753,338.59244,0.0037,6.3594e-12,2.5438e-11,1.6878e-13
3d6.(5D).4s,a 4D,1.5,4.0,1.076241,3d6.(5D).4p,z 6D*,1.5,4.0,4.837022,3.760781,329.67672,204000.0,0.0003324,0.0013296,8.822e-06
3d6.(5D).4s,a 4D,1.5,4.0,1.076241,3d6.(5D).4p,z 6D*,0.5,2.0,4.848937,3.772696,328.63554,40000.0,3.2383e-05,0.00012953,8.5945e-07
3d6.(5D).4s,a 4D,1.5,4.0,1.076241,3d6.(5D).4p,z 6F*,2.5,6.0,5.248852,4.172611,297.1382,2700000.0,0.0053608,0.021443,0.00014228
3d6.(5D).4s,a 4D,1.5,4.0,1.076241,3d6.(5D).4p,z 6F*,0.5,2.0,5.261871,4.18563,296.21397,900000.0,0.00059195,0.0023678,1.571e-05
3d6.(5D).4s,a 4D,1.5,4.0,1.076241,3d6.(5D).4p,z 6P*,2.5,6.0,5.360904,4.284663,289.36746,180000.0,0.00033894,0.0013558,8.9955e-06
3d6.(5D).4s,a 4D,1.5,4.0,1.076241,3d6.(5D).4p,z 6P*,1.5,4.0,5.408313,4.332072,286.20072,170000.0,0.00020876,0.00083505,5.5405e-06
3d6.(5D).4s,a 4D,1.5,4.0,1.076241,3d6.(5D).4p,z 4D*,2.5,6.0,5.552606,4.476365,276.9752,4800000.0,0.0082808,0.033123,0.00021977
3d6.(5D).4s,a 4D,1.5,4.0,1.076241,3d6.(5D).4p,z 4D*,1.5,4.0,5.584768,4.508527,274.99936,121000000.0,0.13719,0.54874,0.0036409
3d6.(5D).4s,a 4D,1.5,4.0,1.076241,3d6.(5D).4p,z 4F*,2.5,6.0,5.589195,4.512954,274.72957,205000000.0,0.34795,1.3918,0.0092346
3d6.(5D).4s,a 4D,1.5,4.0,1.076241,3d6.(5D).4p,z 4D*,0.5,2.0,5.604888,4.528647,273.77758,122000000.0,0.068546,0.27419,0.0018192
3d6.(5D).4s,a 4D,1.5,4.0,1.076241,3d6.(5D).4p,z 4F*,1.5,4.0,5.615223,4.538981,273.15423,27900000.0,0.031209,0.12484,0.00082829
3d6.(5D).4s,a 4D,1.5,4.0,1.076241,3d6.(5D).4p,z 4P*,2.5,6.0,5.823225,4.746984,261.18523,7300000.0,0.011199,0.044795,0.00029722
3d6.(5D).4s,a 4D,1.5,4.0,1.076241,3d6.(5D).4p,z 4P*,1.5,4.0,5.875587,4.799346,258.3356,88000000.0,0.088046,0.35218,0.0023367
3d6.(5D).4s,a 4D,1.5,4.0,1.076241,3d6.(5D).4p,z 4P*,0.5,2.0,5.904885,4.828644,256.76816,110000000.0,0.054363,0.21745,0.0014428
3d6.(5D).4s,a 4D,1.5,4.0,1.076241,3d6.(3P2).4p,y 4D*,2.5,6.0,7.772554,6.696313,185.15294,3100000.0,0.0023899,0.0095595,6.3427e-05
3d6.(5D).4s,a 4D,1.5,4.0,1.076241,3d6.(3P2).4p,y 4D*,1.5,4.0,7.80632,6.730079,184.224,3000000.0,0.0015264,0.0061057,4.0511e-05
3d6.(5D).4s,a 4D,1.5,4.0,1.076241,3d6.(3F2).4p,x 4D*,2.5,6.0,7.84485,6.768609,183.17531,3100000.0,0.0023391,0.0093563,6.2079e-05
3d6.(5D).4s,a 4D,1.5,4.0,1.076241,3d6.(3F2).4p,x 4D*,1.5,4.0,7.868674,6.792433,182.53284,3700000.0,0.0018482,0.0073927,4.9051e-05
3d6.(5D).4s,a 4D,1.5,4.0,1.076241,3d6.(3F2).4p,x 4D*,0.5,2.0,7.880373,6.804132,182.21897,6000000.0,0.0014934,0.0059735,3.9634e-05
3d6.(5D).4s,a 4D,1.5,4.0,1.076241,3d5.(6S).4s.4p.(3P*),x 4P*,2.5,6.0,8.567609,7.491368,165.50275,5000000.0,0.0030799,0.012319,8.174e-05
3d6.(5D).4s,a 4D,1.5,4.0,1.076241,3d5.(6S).4s.4p.(3P*),x 4P*,1.5,4.0,8.592364,7.516122,164.95766,90000000.0,0.036715,0.14686,0.00097442
3d6.(5D).4s,a 4D,1.5,4.0,1.076241,3d5.(6S).4s.4p.(3P*),x 4P*,0.5,2.0,8.607853,7.531612,164.61842,140000000.0,0.028439,0.11376,0.00075477
3d6.(5D).4s,a 4D,1.5,4.0,1.076241,3d6.(3D).4p,w 4P*,1.5,4.0,8.932201,7.85596,157.82183,7000000.0,0.0026139,0.010456,6.9373e-05
3d6.(5D).4s,a 4D,1.5,4.0,1.076241,3d6.(5D).5p,4F*,2.5,6.0,11.291311,10.21507,121.37381,17000000.0,0.0056318,0.022527,0.00014947
3d6.(5D).4s,a 4D,1.5,4.0,1.076241,3d6.(3P1).4p,4P*,2.5,6.0,11.440533,10.364292,119.62631,12000000.0,0.0038618,0.015447,0.00010249
3d6.(5D).4s,a 4D,1.5,4.0,1.076241,3d5.(4G).4s.4p.(3P*),v 4F*,2.5,6.0,11.447449,10.371208,119.54653,18000000.0,0.0057849,0.02314,0.00015353
3d6.(5D).4s,a 4D,1.5,4.0,1.076241,3d6.(3F1).4p,u 4F*,1.5,4.0,11.571266,10.495025,118.13617,15000000.0,0.0031385,0.012554,8.3295e-05
3d6.(5D).4s,a 4D,1.5,4.0,1.076241,3d6.(3F1).4p,u 4F*,2.5,6.0,11.579555,10.503314,118.04293,34000000.0,0.010654,0.042616,0.00028276
3d6.(5D).4s,a 4D,1.5,4.0,1.076241,3d5.(4P).4s.4p.(3P*),4P*,0.5,2.0,11.763693,10.687452,116.00913,36000000.0,0.0036318,0.014527,9.6387e-05
3d6.(5D).4s,a 4D,1.5,4.0,1.076241,3d5.(4D).4s.4p.(3P*),4D*,2.5,6.0,12.213066,11.136825,111.32814,28000000.0,0.007804,0.031216,0.00020712
3d6.(5D).4s,a 4D,1.5,4.0,1.076241,3d5.(4D).4s.4p.(3P*),4D*,1.5,4.0,12.245956,11.169715,111.00033,36000000.0,0.0066498,0.026599,0.00017649
3d6.(5D).4s,a 4D,0.5,2.0,1.096861,3d7,a 4P,1.5,4.0,1.695261,0.5984,2071.92876,0.000514,6.6161e-11,1.3232e-10,1.7559e-12
3d6.(5D).4s,a 4D,0.5,2.0,1.096861,3d7,a 4P,0.5,2.0,1.723983,0.627122,1977.03607,5.5e-05,3.2229e-12,6.4459e-12,8.5537e-14
3d6.(5D).4s,a 4D,0.5,2.0,1.096861,3d7,a 2P,1.5,4.0,2.276429,1.179568,1051.09851,0.0007,2.3189e-11,4.6377e-11,6.1543e-13
3d6.(5D).4s,a 4D,0.5,2.0,1.096861,3d7,a 2P,0.5,2.0,2.341661,1.2448,996.017,0.0044,6.544e-11,1.3088e-10,1.7368e-12
3d6.(5D).4s,a 4D,0.5,2.0,1.096861,3d6.(3P2).4s,b 4P,1.5,4.0,2.704349,1.607488,771.2918,0.0078,1.3913e-10,2.7826e-10,3.6925e-12
3d6.(5D).4s,a 4D,0.5,2.0,1.096861,3d6.(3P2).4s,b 4P,0.5,2.0,2.778463,1.681602,737.29815,0.0226,1.8419e-10,3.6837e-10,4.8883e-12
3d6.(5D).4s,a 4D,0.5,2.0,1.096861,3d6.(3F2).4s,b 4F,1.5,4.0,2.855515,1.758654,704.99493,0.0194,2.8911e-10,5.7822e-10,7.673e-12
3d6.(5D).4s,a 4D,0.5,2.0,1.096861,3d6.(3P2).4s,b 2P,1.5,4.0,3.197253,2.100391,590.29097,0.055,5.7463e-10,1.1493e-09,1.5251e-11
3d6.(5D).4s,a 4D,0.5,2.0,1.096861,3d6.(3P2).4s,b 2P,0.5,2.0,3.339234,2.242372,552.91535,0.161,7.3791e-10,1.4758e-09,1.9584e-11
3d6.(5D).4s,a 4D,0.5,2.0,1.096861,3d6.(3D).4s,b 4D,1.5,4.0,3.888697,2.791835,444.09565,0.0086,5.0856e-11,1.0171e-10,1.3497e-12
3d6.(5D).4s,a 4D,0.5,2.0,1.096861,3d6.(3D).4s,b 2D,1.5,4.0,4.479104,3.382243,366.57391,0.146,5.8825e-10,1.1765e-09,1.5612e-11
3d6.(5D).4s,a 4D,0.5,2.0,1.096861,3d6.(1D2).4s,c 2D,1.5,4.0,4.737995,3.641133,340.50993,0.006,2.0859e-11,4.1719e-11,5.5361e-13
3d6.(5D).4s,a 4D,0.5,2.0,1.096861,3d6.(5D).4p,z 6D*,1.5,4.0,4.837022,3.740161,331.49429,14000.0,4.6129e-05,9.2257e-05,1.2243e-06
3d6.(5D).4s,a 4D,0.5,2.0,1.096861,3d6.(5D).4p,z 6D*,0.5,2.0,4.848937,3.752076,330.44161,65000.0,0.00010641,0.00021281,2.824e-06
3d6.(5D).4s,a 4D,0.5,2.0,1.096861,3d6.(5D).4p,z 6F*,1.5,4.0,5.257094,4.160232,298.0223,1600000.0,0.004261,0.0085219,0.00011309
3d6.(5D).4s,a 4D,0.5,2.0,1.096861,3d6.(5D).4p,z 6F*,0.5,2.0,5.261871,4.16501,297.68047,900000.0,0.0011956,0.0023913,3.1732e-05
3d6.(5D).4s,a 4D,0.5,2.0,1.096861,3d6.(5D).4p,z 4D*,1.5,4.0,5.584768,4.487907,276.26288,13800000.0,0.03158,0.06316,0.00083814
3d6.(5D).4s,a 4D,0.5,2.0,1.096861,3d6.(5D).4p,z 4D*,0.5,2.0,5.604888,4.508027,275.02987,116000000.0,0.13155,0.26309,0.0034912
3d6.(5D).4s,a 4D,0.5,2.0,1.096861,3d6.(5D).4p,z 4F*,1.5,4.0,5.615223,4.518361,274.40081,197000000.0,0.44476,0.88952,0.011804
3d6.(5D).4s,a 4D,0.5,2.0,1.096861,3d6.(5D).4p,z 4P*,1.5,4.0,5.875587,4.778726,259.45031,16300000.0,0.032899,0.065798,0.00087315
3d6.(5D).4s,a 4D,0.5,2.0,1.096861,3d6.(5D).4p,z 4P*,0.5,2.0,5.904885,4.808024,257.86936,120000000.0,0.11963,0.23926,0.003175
3d6.(5D).4s,a 4D,0.5,2.0,1.096861,3d6.(3F2).4p,x 4D*,1.5,4.0,7.868674,6.771812,183.08865,3400000.0,0.0034174,0.0068347,9.0697e-05
3d6.(5D).4s,a 4D,0.5,2.0,1.096861,3d5.(6S).4s.4p.(3P*),x 4P*,1.5,4.0,8.592364,7.495502,165.41146,14000000.0,0.011485,0.022971,0.00030482
3d6.(5D).4s,a 4D,0.5,2.0,1.096861,3d5.(6S).4s.4p.(3P*),x 4P*,0.5,2.0,8.607853,7.510991,165.07035,140000000.0,0.057191,0.11438,0.0015178
3d6.(5D).4s,a 4D,0.5,2.0,1.096861,3d6.(3D).4p,w 4P*,0.5,2.0,8.95327,7.856408,157.81283,10000000.0,0.0037337,0.0074675,9.9093e-05
3d6.(5D).4s,a 4D,0.5,2.0,1.096861,3d6.(5D).5p,4F*,1.5,4.0,11.308461,10.2116,121.41506,20000000.0,0.0088403,0.017681,0.00023462
3d6.(5D).4s,a 4D,0.5,2.0,1.096861,3d5.(4G).4s.4p.(3P*),v 4F*,1.5,4.0,11.45101,10.354149,119.7435,14000000.0,0.006019,0.012038,0.00015974
3d6.(5D).4s,a 4D,0.5,2.0,1.096861,3d6.(3F1).4p,u 4F*,1.5,4.0,11.571266,10.474404,118.36873,38000000.0,0.015964,0.031928,0.00042369
3d6.(5D).4s,a 4D,0.5,2.0,1.096861,3d5.(4D).4s.4p.(3P*),6D*,0.5,2.0,11.658404,10.561543,117.39213,25000000.0,0.0051651,0.01033,0.00013708
3d6.(5D).4s,a 4D,0.5,2.0,1.096861,3d5.(4P).4s.4p.(3P*),4P*,0.5,2.0,11.763693,10.666832,116.23339,33000000.0,0.006684,0.013368,0.00017739
3d7,a 4P,2.5,6.0,1.670619,3d7,a 4P,1.5,4.0,1.695261,0.024643,50312.6675,0.000186,4.7058e-09,2.8235e-08,1.2489e-10
3d7,a 4P,2.5,6.0,1.670619,3d7,a 2P,1.5,4.0,2.276429,0.605811,2046.58331,0.0804,3.3658e-09,2.0195e-08,8.9327e-11
3d7,a 4P,2.5,6.0,1.670619,3d7,a 2D2,2.5,6.0,2.543778,0.873159,1419.94909,0.0355,1.0731e-09,6.4385e-09,2.848e-11
3d7,a 4P,2.5,6.0,1.670619,3d6.(3P2).4s,b 4P,2.5,6.0,2.582659,0.912041,1359.41488,0.0028,7.7575e-11,4.6545e-10,2.0588e-12
3d7,a 4P,2.5,6.0,1.670619,3d7,a 2D2,1.5,4.0,2.641855,0.971237,1276.56017,0.00109,1.7753e-11,1.0652e-10,4.7117e-13
3d7,a 4P,2.5,6.0,1.670619,3d6.(3P2).4s,b 4P,1.5,4.0,2.704349,1.03373,1199.3862,0.0044,6.3261e-11,3.7957e-10,1.679e-12
3d7,a 4P,2.5,6.0,1.670619,3d6.(3F2).4s,b 4F,4.5,10.0,2.806654,1.136036,1091.37569,0.00348,1.0357e-10,6.2142e-10,2.7488e-12
3d7,a 4P,2.5,6.0,1.670619,3d6.(3F2).4s,b 4F,3.5,8.0,2.828122,1.157504,1071.13418,0.00127,2.9127e-11,1.7476e-10,7.7302e-13
3d7,a 4P,2.5,6.0,1.670619,3d6.(3P2).4s,b 2P,1.5,4.0,3.197253,1.526634,812.14091,0.00074,4.8782e-12,2.9269e-11,1.2947e-13
3d7,a 4P,2.5,6.0,1.670619,3d6.(3G).4s,b 2G,4.5,10.0,3.767699,2.097081,591.22279,0.0009,7.8606e-12,4.7163e-11,2.0862e-13
3d7,a 4P,2.5,6.0,1.670619,3d6.(3D).4s,b 4D,1.5,4.0,3.888697,2.218078,558.97124,0.0708,2.211e-10,1.3266e-09,5.8679e-12
3d7,a 4P,2.5,6.0,1.670619,3d6.(3D).4s,b 4D,0.5,2.0,3.889193,2.218574,558.84637,0.0225,3.5116e-11,2.107e-10,9.3198e-13
3d7,a 4P,2.5,6.0,1.670619,3d6.(3D).4s,b 4D,2.5,6.0,3.891613,2.220995,558.23722,0.125,5.8399e-10,3.504e-09,1.5499e-11
3d7,a 4P,2.5,6.0,1.670619,3d6.(3D).4s,b 4D,3.5,8.0,3.903419,2.2328,555.28561,0.135,8.3208e-10,4.9925e-09,2.2083e-11
3d7,a 4P,2.5,6.0,1.670619,3d7,b 2F,2.5,6.0,3.944162,2.273544,545.33456,0.00087,3.8789e-12,2.3273e-11,1.0295e-13
3d7,a 4P,2.5,6.0,1.670619,3d6.(3D).4s,b 2D,1.5,4.0,4.479104,2.808486,441.46281,0.0021,4.0905e-12,2.4543e-11,1.0856e-13
3d7,a 4P,2.5,6.0,1.670619,3d6.(3D).4s,b 2D,2.5,6.0,4.494791,2.824172,439.01079,0.0021,6.0678e-12,3.6407e-11,1.6104e-13
3d7,a 4P,2.5,6.0,1.670619,3d6.(1S2).4s,a 2S,0.5,2.0,4.615594,2.944976,421.00247,0.0105,9.3003e-12,5.5802e-11,2.4683e-13
3d7,a 4P,2.5,6.0,1.670619,3d6.(1D2).4s,c 2D,2.5,6.0,4.73176,3.061142,405.02601,0.0303,7.4519e-11,4.4712e-10,1.9777e-12
3d7,a 4P,2.5,6.0,1.670619,3d6.(1D2).4s,c 2D,1.5,4.0,4.737995,3.067376,404.20281,0.0037,6.0418e-12,3.6251e-11,1.6035e-13
3d7,a 4P,2.5,6.0,1.670619,3d6.(5D).4p,z 6D*,2.5,6.0,4.817898,3.14728,393.94084,6000.0,1.396e-05,8.3758e-05,3.7049e-07
3d7,a 4P,2.5,6.0,1.670619,3d6.(5D).4p,z 6D*,1.5,4.0,4.837022,3.166404,391.56156,5000.0,7.6619e-06,4.5972e-05,2.0335e-07
3d7,a 4P,2.5,6.0,1.670619,3d6.(5D).4p,z 6F*,3.5,8.0,5.236728,3.566109,347.67359,17000.0,4.1076e-05,0.00024646,1.0902e-06
3d7,a 4P,2.5,6.0,1.670619,3d6.(5D).4p,z 6F*,2.5,6.0,5.248852,3.578233,346.49558,8000.0,1.4399e-05,8.6397e-05,3.8216e-07
3d7,a 4P,2.5,6.0,1.670619,3d6.(5D).4p,z 6P*,3.5,8.0,5.288948,3.61833,342.65589,21000.0,4.9287e-05,0.00029572,1.3081e-06
3d7,a 4P,2.5,6.0,1.670619,3d6.(5D).4p,z 4D*,3.5,8.0,5.510714,3.840095,322.8675,8900000.0,0.018545,0.11127,0.0004922
3d7,a 4P,2.5,6.0,1.670619,3d6.(5D).4p,z 4F*,3.5,8.0,5.548766,3.878148,319.69953,1600000.0,0.0032689,0.019613,8.6757e-05
3d7,a 4P,2.5,6.0,1.670619,3d6.(5D).4p,z 4D*,2.5,6.0,5.552606,3.881987,319.38332,1300000.0,0.0019881,0.011928,5.2763e-05
3d7,a 4P,2.5,6.0,1.670619,3d6.(5D).4p,z 4D*,1.5,4.0,5.584768,3.914149,316.75898,140000.0,0.0001404,0.00084238,3.7261e-06
3d7,a 4P,2.5,6.0,1.670619,3d6.(5D).4p,z 4F*,2.5,6.0,5.589195,3.918577,316.40108,190000.0,0.00028516,0.001711,7.5682e-06
3d7,a 4P,2.5,6.0,1.670619,3d6.(5D).4p,z 4P*,2.5,6.0,5.823225,4.152606,298.5696,43000000.0,0.057467,0.3448,0.0015252
3d7,a 4P,2.5,6.0,1.670619,3d6.(5D).4p,z 4P*,1.5,4.0,5.875587,4.204969,294.85164,20100000.0,0.017465,0.10479,0.00046352
3d7,a 4P,2.5,6.0,1.670619,3d6.(3P2).4p,z 4S*,1.5,4.0,7.397324,5.726705,216.5018,11000000.0,0.0051533,0.03092,0.00013677
3d7,a 4P,2.5,6.0,1.670619,3d6.(3P2).4p,y 4P*,2.5,6.0,7.488935,5.818316,213.09292,3900000.0,0.002655,0.01593,7.0463e-05
3d7,a 4P,2.5,6.0,1.670619,3d6.(3F2).4p,y 4F*,3.5,8.0,7.695145,6.024526,205.79909,2800000.0,0.0023705,0.014223,6.2914e-05
3d7,a 4P,2.5,6.0,1.670619,3d6.(3F2).4p,x 4D*,3.5,8.0,7.804191,6.133572,202.14027,18300000.0,0.014947,0.089682,0.00039669
3d7,a 4P,2.5,6.0,1.670619,3d6.(3F2).4p,x 4D*,2.5,6.0,7.84485,6.174231,200.80913,8000000.0,0.0048363,0.029018,0.00012836
3d7,a 4P,2.5,6.0,1.670619,3d6.(3F2).4p,z 2F*,3.5,8.0,7.970492,6.299874,196.80427,1800000.0,0.0013936,0.0083616,3.6986e-05
3d7,a 4P,2.5,6.0,1.670619,3d6.(3D).4p,w 4P*,2.5,6.0,8.922492,7.251873,170.96851,80000000.0,0.035058,0.21035,0.00093043
3d7,a 4P,2.5,6.0,1.670619,3d6.(3D).4p,w 4P*,1.5,4.0,8.932201,7.261582,170.73992,39000000.0,0.011363,0.06818,0.00030158
3d7,a 4P,2.5,6.0,1.670619,3d6.(3D).4p,w 4F*,1.5,4.0,8.947816,7.277198,170.37355,6000000.0,0.0017407,0.010444,4.6198e-05
3d7,a 4P,2.5,6.0,1.670619,3d6.(3D).4p,w 4F*,3.5,8.0,8.97051,7.299892,169.84388,4600000.0,0.0026525,0.015915,7.0397e-05
3d7,a 4P,2.5,6.0,1.670619,3d6.(3D).4p,w 4D*,1.5,4.0,8.9919,7.321281,169.34768,20000000.0,0.0057327,0.034396,0.00015215
3d7,a 4P,2.5,6.0,1.670619,3d6.(3D).4p,w 4D*,2.5,6.0,9.00367,7.333052,169.07585,29000000.0,0.012429,0.074571,0.00032985
3d7,a 4P,2.5,6.0,1.670619,3d6.(3D).4p,w 4D*,3.5,8.0,9.007689,7.337071,168.98324,20000000.0,0.011416,0.068496,0.00030298
3d7,a 4P,2.5,6.0,1.670619,3d6.(1G2).4p,x 2F*,3.5,8.0,9.052853,7.382234,167.94942,10000000.0,0.0056384,0.03383,0.00014964
3d7,a 4P,2.5,6.0,1.670619,3d6.(1F).4p,u 2F*,3.5,8.0,10.722471,9.051852,136.97108,15000000.0,0.0056253,0.033752,0.0001493
3d7,a 4P,2.5,6.0,1.670619,3d6.(3P1).4p,v 4D*,2.5,6.0,10.757813,9.087195,136.43837,35000000.0,0.0097679,0.058607,0.00025924
3d7,a 4P,2.5,6.0,1.670619,3d6.(5D).5p,4D*,3.5,8.0,11.207908,9.537289,129.99941,7000000.0,0.0023647,0.014188,6.276e-05
3d7,a 4P,2.5,6.0,1.670619,3d6.(3P1).4p,4S*,1.5,4.0,11.236664,9.566046,129.60862,170000000.0,0.028542,0.17125,0.00075751
3d7,a 4P,2.5,6.0,1.670619,3d6.(5D).5p,4D*,1.5,4.0,11.270024,9.599406,129.1582,14000000.0,0.0023342,0.014005,6.195e-05
3d7,a 4P,2.5,6.0,1.670619,3d6.(3P1).5p,4P*,1.5,4.0,11.288541,9.617923,128.90954,18000000.0,0.0029896,0.017938,7.9344e-05
3d7,a 4P,2.5,6.0,1.670619,3d6.(5D).5p,4P*,1.5,4.0,11.434511,9.763892,126.98235,24000000.0,0.0038678,0.023207,0.00010265
3d7,a 4P,2.5,6.0,1.670619,3d6.(3P1).4p,4P*,2.5,6.0,11.440533,9.769915,126.90408,22000000.0,0.0053117,0.03187,0.00014097
3d7,a 4P,2.5,6.0,1.670619,3d5.(4G).4s.4p.(3P*),v 4F*,2.5,6.0,11.447449,9.776831,126.8143,29000000.0,0.0069919,0.041951,0.00018556
3d7,a 4P,2.5,6.0,1.670619,3d6.(3F1).4p,4D*,2.5,6.0,11.518046,9.847427,125.90517,26000000.0,0.006179,0.037074,0.00016399
3d7,a 4P,2.5,6.0,1.670619,3d6.(3F1).4p,4D*,3.5,8.0,11.546633,9.876015,125.54072,34000000.0,0.010711,0.064268,0.00028428
3d7,a 4P,2.5,6.0,1.670619,3d6.(3F1).4p,u 4F*,3.5,8.0,11.590992,9.920373,124.97937,11000000.0,0.0034345,0.020607,9.1152e-05
3d7,a 4P,2.5,6.0,1.670619,3d6.(5D<3>).4f,2[3]*,3.5,8.0,12.818204,11.147585,111.22068,21000000.0,0.0051926,0.031156,0.00013781
3d7,a 4P,2.5,6.0,1.670619,3d6.(5D<2>).4f,2[4]*,3.5,8.0,12.858601,11.187982,110.81909,32000000.0,0.0078556,0.047133,0.00020849
3d7,a 4P,1.5,4.0,1.695261,3d7,a 4P,0.5,2.0,1.723983,0.028722,43167.47543,0.000552,7.7105e-09,3.0842e-08,2.0464e-10
3d7,a 4P,1.5,4.0,1.695261,3d7,a 2P,1.5,4.0,2.276429,0.581168,2133.36274,0.0391,2.6679e-09,1.0672e-08,7.0805e-11
3d7,a 4P,1.5,4.0,1.695261,3d7,a 2D2,2.5,6.0,2.543778,0.848517,1461.18745,0.0114,5.4735e-10,2.1894e-09,1.4527e-11
3d7,a 4P,1.5,4.0,1.695261,3d6.(3P2).4s,b 4P,2.5,6.0,2.582659,0.887398,1397.16536,0.0048,2.1071e-10,8.4284e-10,5.5923e-12
3d7,a 4P,1.5,4.0,1.695261,3d7,a 2D2,1.5,4.0,2.641855,0.946594,1309.79294,0.0176,4.5267e-10,1.8107e-09,1.2014e-11
3d7,a 4P,1.5,4.0,1.695261,3d6.(3P2).4s,b 4P,0.5,2.0,2.778463,1.083202,1144.60829,0.0022,2.1606e-11,8.6422e-11,5.7341e-13
3d7,a 4P,1.5,4.0,1.695261,3d6.(3F2).4s,b 4F,3.5,8.0,2.828122,1.132861,1094.4342,0.0023,8.2603e-11,3.3041e-10,2.1923e-12
3d7,a 4P,1.5,4.0,1.695261,3d6.(3F2).4s,b 4F,2.5,6.0,2.844117,1.148856,1079.19725,0.00213,5.5787e-11,2.2315e-10,1.4806e-12
3d7,a 4P,1.5,4.0,1.695261,3d6.(3F2).4s,b 4F,1.5,4.0,2.855515,1.160254,1068.59545,0.00106,1.8146e-11,7.2586e-11,4.8161e-13
3d7,a 4P,1.5,4.0,1.695261,3d6.(3P2).4s,b 2P,1.5,4.0,3.197253,1.501991,825.46547,0.0011,1.1237e-11,4.4948e-11,2.9823e-13
3d7,a 4P,1.5,4.0,1.695261,3d6.(3P2).4s,b 2P,0.5,2.0,3.339234,1.643972,754.17453,0.00265,1.1298e-11,4.5194e-11,2.9986e-13
3d7,a 4P,1.5,4.0,1.695261,3d6.(3F2).4s,a 2F,3.5,8.0,3.386618,1.691357,733.04573,0.00162,2.6102e-11,1.0441e-10,6.9274e-13
3d7,a 4P,1.5,4.0,1.695261,3d6.(3F2).4s,a 2F,2.5,6.0,3.424494,1.729232,716.98985,0.00054,6.2427e-12,2.4971e-11,1.6568e-13
3d7,a 4P,1.5,4.0,1.695261,3d6.(3G).4s,b 2G,3.5,8.0,3.814309,2.119047,585.09406,0.00032,3.2847e-12,1.3139e-11,8.7175e-14
3d7,a 4P,1.5,4.0,1.695261,3d6.(3D).4s,b 4D,1.5,4.0,3.888697,2.193436,565.25116,0.0763,3.6548e-10,1.4619e-09,9.6999e-12
3d7,a 4P,1.5,4.0,1.695261,3d6.(3D).4s,b 4D,0.5,2.0,3.889193,2.193931,565.12346,0.18,4.3091e-10,1.7236e-09,1.1436e-11
3d7,a 4P,1.5,4.0,1.695261,3d6.(3D).4s,b 4D,2.5,6.0,3.891613,2.196352,564.50056,0.004,2.8664e-11,1.1466e-10,7.6075e-13
3d7,a 4P,1.5,4.0,1.695261,3d6.(3D).4s,b 4D,3.5,8.0,3.903419,2.208158,561.48252,0.0692,6.5414e-10,2.6165e-09,1.7361e-11
3d7,a 4P,1.5,4.0,1.695261,3d6.(3D).4s,b 2D,1.5,4.0,4.479104,2.783843,445.37067,0.01,2.9737e-11,1.1895e-10,7.8923e-13
3d7,a 4P,1.5,4.0,1.695261,3d6.(3D).4s,b 2D,2.5,6.0,4.494791,2.799529,442.87516,0.0072,3.1757e-11,1.2703e-10,8.4284e-13
3d7,a 4P,1.5,4.0,1.695261,3d6.(1S2).4s,a 2S,0.5,2.0,4.615594,2.920333,424.55503,0.032,4.3236e-11,1.7294e-10,1.1475e-12
3d7,a 4P,1.5,4.0,1.695261,3d6.(1D2).4s,c 2D,2.5,6.0,4.73176,3.036499,408.313,0.0469,1.7584e-10,7.0335e-10,4.6667e-12
3d7,a 4P,1.5,4.0,1.695261,3d6.(1D2).4s,c 2D,1.5,4.0,4.737995,3.042733,407.4764,0.0164,4.0823e-11,1.6329e-10,1.0835e-12
3d7,a 4P,1.5,4.0,1.695261,3d6.(5D).4p,z 6D*,1.5,4.0,4.837022,3.141761,394.63281,4000.0,9.3391e-06,3.7356e-05,2.4786e-07
3d7,a 4P,1.5,4.0,1.695261,3d6.(5D).4p,z 6F*,2.5,6.0,5.248852,3.55359,348.89839,17000.0,4.6537e-05,0.00018615,1.2351e-06
3d7,a 4P,1.5,4.0,1.695261,3d6.(5D).4p,z 4D*,2.5,6.0,5.552606,3.857344,321.42371,6100000.0,0.014172,0.056689,0.00037613
3d7,a 4P,1.5,4.0,1.695261,3d6.(5D).4p,z 4D*,1.5,4.0,5.584768,3.889507,318.76587,3900000.0,0.0059411,0.023764,0.00015768
3d7,a 4P,1.5,4.0,1.695261,3d6.(5D).4p,z 4F*,2.5,6.0,5.589195,3.893934,318.40342,980000.0,0.0022343,0.008937,5.9297e-05
3d7,a 4P,1.5,4.0,1.695261,3d6.(5D).4p,z 4D*,0.5,2.0,5.604888,3.909627,317.12541,800000.0,0.00060309,0.0024124,1.6006e-05
3d7,a 4P,1.5,4.0,1.695261,3d6.(5D).4p,z 4P*,2.5,6.0,5.823225,4.127963,300.35198,17900000.0,0.036313,0.14525,0.00096375
3d7,a 4P,1.5,4.0,1.695261,3d6.(5D).4p,z 4P*,1.5,4.0,5.875587,4.180326,296.58977,9400000.0,0.012397,0.049586,0.000329
3d7,a 4P,1.5,4.0,1.695261,3d6.(5D).4p,z 4P*,0.5,2.0,5.904885,4.209624,294.5256,35000000.0,0.022759,0.091034,0.00060401
3d7,a 4P,1.5,4.0,1.695261,3d6.(3P2).4p,y 4P*,1.5,4.0,7.604292,5.909031,209.82154,5000000.0,0.0033001,0.0132,8.7585e-05
3d7,a 4P,1.5,4.0,1.695261,3d6.(3F2).4p,x 4D*,2.5,6.0,7.84485,6.149589,201.61381,23000000.0,0.021024,0.084097,0.00055798
3d7,a 4P,1.5,4.0,1.695261,3d6.(3F2).4p,x 4D*,1.5,4.0,7.868674,6.173412,200.83576,16000000.0,0.0096752,0.038701,0.00025678
3d7,a 4P,1.5,4.0,1.695261,3d6.(3F2).4p,x 4D*,0.5,2.0,7.880373,6.185112,200.45586,5000000.0,0.001506,0.0060242,3.997e-05
3d7,a 4P,1.5,4.0,1.695261,3d6.(3D).4p,w 4P*,2.5,6.0,8.922492,7.22723,171.55147,51000000.0,0.033753,0.13501,0.0008958
3d7,a 4P,1.5,4.0,1.695261,3d6.(3D).4p,w 4P*,0.5,2.0,8.95327,7.258008,170.824,45000000.0,0.0098433,0.039373,0.00026124
3d7,a 4P,1.5,4.0,1.695261,3d6.(3D).4p,w 4D*,0.5,2.0,8.980135,7.284874,170.19402,70000000.0,0.015199,0.060796,0.00040338
3d7,a 4P,1.5,4.0,1.695261,3d6.(3D).4p,w 4D*,1.5,4.0,8.9919,7.296638,169.91962,32000000.0,0.013851,0.055406,0.00036762
3d7,a 4P,1.5,4.0,1.695261,3d6.(3D).4p,w 4D*,2.5,6.0,9.00367,7.308409,169.64595,9000000.0,0.0058248,0.023299,0.00015459
3d7,a 4P,1.5,4.0,1.695261,3d6.(1F).4p,v 2D*,2.5,6.0,10.398362,8.703101,142.45979,5000000.0,0.0022819,0.0091278,6.0563e-05
3d7,a 4P,1.5,4.0,1.695261,3d6.(3P1).4p,v 4D*,0.5,2.0,10.710844,9.015583,137.52211,20000000.0,0.0028353,0.011341,7.525e-05
3d7,a 4P,1.5,4.0,1.695261,3d6.(1F).4p,u 2F*,2.5,6.0,10.730513,9.035252,137.22273,9000000.0,0.0038111,0.015244,0.00010115
3d7,a 4P,1.5,4.0,1.695261,3d6.(3P1).4p,4S*,1.5,4.0,11.236664,9.541403,129.94336,90000000.0,0.022783,0.091132,0.00060466
3d7,a 4P,1.5,4.0,1.695261,3d6.(5D).5p,4D*,2.5,6.0,11.237782,9.542521,129.92814,10000000.0,0.0037963,0.015185,0.00010075
3d7,a 4P,1.5,4.0,1.695261,3d6.(5D).5p,4D*,1.5,4.0,11.270024,9.574763,129.49062,27000000.0,0.0067873,0.027149,0.00018014
3d7,a 4P,1.5,4.0,1.695261,3d6.(5D).5p,4P*,1.5,4.0,11.434511,9.739249,127.30365,9000000.0,0.0021867,0.0087467,5.8034e-05
3d7,a 4P,1.5,4.0,1.695261,3d6.(3P1).4p,4P*,2.5,6.0,11.440533,9.745272,127.22498,31000000.0,0.011284,0.045135,0.00029947
3d7,a 4P,1.5,4.0,1.695261,3d6.(5D).5p,4P*,0.5,2.0,11.445572,9.750311,127.15923,70000000.0,0.0084844,0.033938,0.00022518
3d7,a 4P,1.5,4.0,1.695261,3d5.(4G).4s.4p.(3P*),v 4F*,2.5,6.0,11.447449,9.752188,127.13475,18000000.0,0.0065426,0.02617,0.00017364
3d7,a 4P,1.5,4.0,1.695261,3d6.(3F1).4p,4D*,0.5,2.0,11.462756,9.767495,126.93551,22000000.0,0.0026572,0.010629,7.0521e-05
3d7,a 4P,1.5,4.0,1.695261,3d6.(3F1).4p,4D*,1.5,4.0,11.486837,9.791576,126.62333,41000000.0,0.0098553,0.039421,0.00026156
3d7,a 4P,1.5,4.0,1.695261,3d6.(3P1).4p,u 2D*,2.5,6.0,11.492765,9.797503,126.54673,9000000.0,0.0032411,0.012964,8.6019e-05
3d7,a 4P,1.5,4.0,1.695261,3d6.(3F1).4p,4D*,2.5,6.0,11.518046,9.822785,126.22103,8000000.0,0.0028662,0.011465,7.6069e-05
3d7,a 4P,1.5,4.0,1.695261,3d6.(5D<4>).4f,2[1]*,0.5,2.0,12.785959,11.090698,111.79116,44000000.0,0.0041219,0.016488,0.0001094
3d7,a 4P,1.5,4.0,1.695261,3d6.(5D<0>).4f,2[3]*,2.5,6.0,12.900112,11.204851,110.65225,50000000.0,0.013767,0.055068,0.00036538
3d7,a 4P,0.5,2.0,1.723983,3d7,a 2P,1.5,4.0,2.276429,0.552446,2244.27622,0.0177,2.6731e-09,5.3462e-09,7.0944e-11
3d7,a 4P,0.5,2.0,1.723983,3d7,a 2P,0.5,2.0,2.341661,0.617678,2007.26123,0.102,6.1612e-09,1.2322e-08,1.6352e-10
3d7,a 4P,0.5,2.0,1.723983,3d7,a 2D2,1.5,4.0,2.641855,0.917872,1350.77843,0.0082,4.4861e-10,8.9723e-10,1.1906e-11
3d7,a 4P,0.5,2.0,1.723983,3d6.(3F2).4s,b 4F,2.5,6.0,2.844117,1.120134,1106.86924,0.00122,6.7225e-11,1.3445e-10,1.7842e-12
3d7,a 4P,0.5,2.0,1.723983,3d6.(3F2).4s,b 4F,1.5,4.0,2.855515,1.131532,1095.7196,0.0028,1.008e-10,2.0159e-10,2.6751e-12
3d7,a 4P,0.5,2.0,1.723983,3d6.(3F2).4s,a 2F,2.5,6.0,3.424494,1.700511,729.09983,0.000446,1.0663e-11,2.1327e-11,2.83e-13
3d7,a 4P,0.5,2.0,1.723983,3d6.(3D).4s,b 4D,1.5,4.0,3.888697,2.164714,572.75097,0.037,3.6393e-10,7.2787e-10,9.6588e-12
3d7,a 4P,0.5,2.0,1.723983,3d6.(3D).4s,b 4D,0.5,2.0,3.889193,2.16521,572.61986,0.0018,8.8484e-12,1.7697e-11,2.3484e-13
3d7,a 4P,0.5,2.0,1.723983,3d6.(3D).4s,b 4D,2.5,6.0,3.891613,2.16763,571.98034,0.0617,9.0788e-10,1.8158e-09,2.4095e-11
3d7,a 4P,0.5,2.0,1.723983,3d6.(3D).4s,b 2D,1.5,4.0,4.479104,2.755121,450.01358,0.0084,5.1006e-11,1.0201e-10,1.3537e-12
3d7,a 4P,0.5,2.0,1.723983,3d6.(1S2).4s,a 2S,0.5,2.0,4.615594,2.891611,428.77203,0.0035,9.6467e-12,1.9293e-11,2.5602e-13
3d7,a 4P,0.5,2.0,1.723983,3d6.(1D2).4s,c 2D,2.5,6.0,4.73176,3.007777,412.21204,0.0017,1.2992e-11,2.5984e-11,3.448e-13
3d7,a 4P,0.5,2.0,1.723983,3d6.(1D2).4s,c 2D,1.5,4.0,4.737995,3.014012,411.3594,0.0118,5.9871e-11,1.1974e-10,1.589e-12
3d7,a 4P,0.5,2.0,1.723983,3d6.(5D).4p,z 6F*,1.5,4.0,5.257094,3.533111,350.92079,12000.0,4.4309e-05,8.8617e-05,1.176e-06
3d7,a 4P,0.5,2.0,1.723983,3d6.(5D).4p,z 6F*,0.5,2.0,5.261871,3.537888,350.44693,30000.0,5.5236e-05,0.00011047,1.466e-06
3d7,a 4P,0.5,2.0,1.723983,3d6.(5D).4p,z 4D*,1.5,4.0,5.584768,3.860785,321.13728,3600000.0,0.011132,0.022264,0.00029544
3d7,a 4P,0.5,2.0,1.723983,3d6.(5D).4p,z 4D*,0.5,2.0,5.604888,3.880905,319.47238,5400000.0,0.0082627,0.016525,0.00021929
3d7,a 4P,0.5,2.0,1.723983,3d6.(5D).4p,z 4F*,1.5,4.0,5.615223,3.89124,318.62391,300000.0,0.0009132,0.0018264,2.4236e-05
3d7,a 4P,0.5,2.0,1.723983,3d6.(5D).4p,z 4P*,1.5,4.0,5.875587,4.151605,298.64164,23900000.0,0.063913,0.12783,0.0016962
3d7,a 4P,0.5,2.0,1.723983,3d6.(5D).4p,z 4P*,0.5,2.0,5.904885,4.180902,296.54892,6500000.0,0.0085697,0.017139,0.00022744
3d7,a 4P,0.5,2.0,1.723983,3d6.(3P2).4p,z 2D*,1.5,4.0,7.702593,5.97861,207.37963,2400000.0,0.0030948,0.0061896,8.2136e-05
3d7,a 4P,0.5,2.0,1.723983,3d6.(3F2).4p,x 4D*,1.5,4.0,7.868674,6.144691,201.77451,15000000.0,0.018311,0.036622,0.00048598
3d7,a 4P,0.5,2.0,1.723983,3d6.(3F2).4p,x 4D*,0.5,2.0,7.880373,6.15639,201.39106,27000000.0,0.016417,0.032835,0.00043572
3d7,a 4P,0.5,2.0,1.723983,3d6.(3D).4p,w 4P*,1.5,4.0,8.932201,7.208218,172.00395,60000000.0,0.053225,0.10645,0.0014126
3d7,a 4P,0.5,2.0,1.723983,3d6.(3D).4p,w 4P*,0.5,2.0,8.95327,7.229287,171.50267,45000000.0,0.019843,0.039687,0.00052664
3d7,a 4P,0.5,2.0,1.723983,3d6.(3P1).4p,v 4D*,0.5,2.0,10.710844,8.986861,137.96162,100000000.0,0.028535,0.05707,0.00075732
3d7,a 4P,0.5,2.0,1.723983,3d6.(3P1).4p,v 4D*,1.5,4.0,10.730076,9.006093,137.66701,52000000.0,0.02955,0.059099,0.00078425
3d7,a 4P,0.5,2.0,1.723983,3d6.(3P1).4p,4S*,1.5,4.0,11.236664,9.512682,130.3357,40000000.0,0.020374,0.040748,0.00054073
3d7,a 4P,0.5,2.0,1.723983,3d6.(3P1).5p,4P*,1.5,4.0,11.288541,9.564558,129.62878,26000000.0,0.0131,0.0262,0.00034767
3d7,a 4P,0.5,2.0,1.723983,3d6.(5D).5p,4P*,1.5,4.0,11.434511,9.710528,127.68018,63000000.0,0.030795,0.06159,0.00081729
3d7,a 4P,0.5,2.0,1.723983,3d6.(5D).5p,4P*,0.5,2.0,11.445572,9.721589,127.53491,26000000.0,0.00634,0.01268,0.00016826
3d7,a 4P,0.5,2.0,1.723983,3d6.(3F1).4p,4D*,0.5,2.0,11.462756,9.738773,127.30987,38000000.0,0.0092335,0.018467,0.00024506
3d7,a 4P,0.5,2.0,1.723983,3d6.(5D<2>).4f,2[1]*,0.5,2.0,12.854221,11.130238,111.39402,41000000.0,0.0076272,0.015254,0.00020243
3d7,a 4P,0.5,2.0,1.723983,3d6.(5D<1>).4f,2[2]*,1.5,4.0,12.87812,11.154137,111.15534,40000000.0,0.014819,0.029637,0.00039329
3d7,a 2G,4.5,10.0,1.964486,3d7,a 2G,3.5,8.0,2.029548,0.065062,19056.28305,0.00214,9.3205e-09,9.3205e-08,2.4737e-10
3d7,a 2G,4.5,10.0,1.964486,3d7,a 2H,5.5,12.0,2.521869,0.557383,2224.39835,0.0191,1.7002e-09,1.7002e-08,4.5123e-11
3d7,a 2G,4.5,10.0,1.964486,3d7,a 2H,4.5,10.0,2.579586,0.6151,2015.67603,0.056,3.4111e-09,3.4111e-08,9.0529e-11
3d7,a 2G,4.5,10.0,1.964486,3d6.(3G).4s,a 4G,5.5,12.0,3.152768,1.188282,1043.39034,0.00183,3.5841e-11,3.5841e-10,9.5123e-13
3d7,a 2G,4.5,10.0,1.964486,3d6.(3G).4s,a 4G,3.5,8.0,3.221313,1.256827,986.48548,0.00119,1.3889e-11,1.3889e-10,3.6862e-13
3d7,a 2G,4.5,10.0,1.964486,3d6.(3H).4s,b 2H,5.5,12.0,3.244689,1.280203,968.47305,0.0157,2.6492e-10,2.6492e-09,7.031e-12
3d7,a 2G,4.5,10.0,1.964486,3d6.(3H).4s,b 2H,4.5,10.0,3.267327,1.302841,951.64513,0.0157,2.1316e-10,2.1316e-09,5.6573e-12
3d7,a 2G,4.5,10.0,1.964486,3d6.(3F2).4s,a 2F,3.5,8.0,3.386618,1.422132,871.81907,0.062,5.6519e-10,5.6519e-09,1.5e-11
3d7,a 2G,4.5,10.0,1.964486,3d6.(3F2).4s,a 2F,2.5,6.0,3.424494,1.460008,849.20246,0.00418,2.7115e-11,2.7115e-10,7.1963e-13
3d7,a 2G,4.5,10.0,1.964486,3d6.(3G).4s,b 2G,4.5,10.0,3.767699,1.803213,687.57364,0.111,7.8672e-10,7.8672e-09,2.088e-11
3d7,a 2G,4.5,10.0,1.964486,3d6.(3G).4s,b 2G,3.5,8.0,3.814309,1.849823,670.24914,0.0076,4.0948e-11,4.0948e-10,1.0868e-12
3d7,a 2G,4.5,10.0,1.964486,3d7,b 2F,2.5,6.0,3.944162,1.979676,626.28522,0.0352,1.2419e-10,1.2419e-09,3.2961e-12
3d7,a 2G,4.5,10.0,1.964486,3d7,b 2F,3.5,8.0,3.967376,2.00289,619.02638,0.2,9.1917e-10,9.1917e-09,2.4395e-11
3d7,a 2G,4.5,10.0,1.964486,3d6.(1I).4s,a 2I,6.5,14.0,4.07606,2.111574,587.16484,0.167,1.2084e-09,1.2084e-08,3.2072e-11
3d7,a 2G,4.5,10.0,1.964486,3d6.(1I).4s,a 2I,5.5,12.0,4.080305,2.115819,585.98666,0.00079,4.8803e-12,4.8803e-11,1.2952e-13
3d7,a 2G,4.5,10.0,1.964486,3d6.(1G2).4s,c 2G,4.5,10.0,4.149316,2.18483,567.47744,0.297,1.4339e-09,1.4339e-08,3.8055e-11
3d7,a 2G,4.5,10.0,1.964486,3d6.(1G2).4s,c 2G,3.5,8.0,4.153631,2.189145,566.35894,0.0069,2.6545e-11,2.6545e-10,7.045e-13
3d7,a 2G,4.5,10.0,1.964486,3d6.(3D).4s,b 2D,2.5,6.0,4.494791,2.530305,489.99714,1.15,2.4837e-09,2.4837e-08,6.5917e-11
3d7,a 2G,4.5,10.0,1.964486,3d6.(1D2).4s,c 2D,2.5,6.0,4.73176,2.767274,448.03728,0.128,2.3113e-10,2.3113e-09,6.1341e-12
3d7,a 2G,4.5,10.0,1.964486,3d6.(3H).4p,z 4H*,4.5,10.0,7.561727,5.597241,221.50948,1000000.0,0.0007356,0.007356,1.9523e-05
3d7,a 2G,4.5,10.0,1.964486,3d6.(3H).4p,z 4I*,4.5,10.0,7.626594,5.662108,218.9718,1970000.0,0.0014161,0.014161,3.7584e-05
3d7,a 2G,4.5,10.0,1.964486,3d6.(3H).4p,z 2G*,4.5,10.0,7.697326,5.73284,216.27013,25000000.0,0.01753,0.1753,0.00046526
3d7,a 2G,4.5,10.0,1.964486,3d6.(3F2).4p,x 4D*,3.5,8.0,7.804191,5.839705,212.31244,480000.0,0.0002595,0.002595,6.8872e-06
3d7,a 2G,4.5,10.0,1.964486,3d6.(3F2).4p,y 4G*,4.5,10.0,7.928641,5.964155,207.88225,2800000.0,0.0018141,0.018141,4.8145e-05
3d7,a 2G,4.5,10.0,1.964486,3d6.(3F2).4p,y 4G*,3.5,8.0,7.940059,5.975572,207.48506,2300000.0,0.0011875,0.011875,3.1518e-05
3d7,a 2G,4.5,10.0,1.964486,3d6.(3F2).4p,z 2F*,3.5,8.0,7.970492,6.006006,206.43369,19000000.0,0.009711,0.09711,0.00025773
3d7,a 2G,4.5,10.0,1.964486,3d6.(3F2).4p,y 2G*,4.5,10.0,8.038137,6.073651,204.13453,46000000.0,0.028738,0.28738,0.0007627
3d7,a 2G,4.5,10.0,1.964486,3d6.(3F2).4p,y 2G*,3.5,8.0,8.072573,6.108087,202.98369,6000000.0,0.002965,0.02965,7.8691e-05
3d7,a 2G,4.5,10.0,1.964486,3d6.(3H).4p,z 2H*,5.5,12.0,8.104054,6.139568,201.94286,26000000.0,0.019075,0.19075,0.00050626
3d7,a 2G,4.5,10.0,1.964486,3d6.(3H).4p,z 2H*,4.5,10.0,8.127942,6.163456,201.1602,2400000.0,0.001456,0.01456,3.8642e-05
3d7,a 2G,4.5,10.0,1.964486,3d6.(3G).4p,x 4G*,5.5,12.0,8.130892,6.166406,201.06396,800000.0,0.00058183,0.0058183,1.5442e-05
3d7,a 2G,4.5,10.0,1.964486,3d6.(3G).4p,y 4H*,5.5,12.0,8.240429,6.275943,197.55469,3200000.0,0.0022468,0.022468,5.963e-05
3d7,a 2G,4.5,10.0,1.964486,3d6.(3G).4p,y 4H*,4.5,10.0,8.255989,6.291503,197.06611,900000.0,0.00052399,0.0052399,1.3907e-05
3d7,a 2G,4.5,10.0,1.964486,3d6.(3G).4p,y 2H*,5.5,12.0,8.370958,6.406472,193.52961,8000000.0,0.0053905,0.053905,0.00014306
3d7,a 2G,4.5,10.0,1.964486,3d6.(3G).4p,y 2H*,4.5,10.0,8.431023,6.466537,191.73199,5000000.0,0.0027556,0.027556,7.3134e-05
3d7,a 2G,4.5,10.0,1.964486,3d6.(3G).4p,y 2F*,3.5,8.0,8.630114,6.665628,186.00527,70000000.0,0.029047,0.29047,0.0007709
3d7,a 2G,4.5,10.0,1.964486,3d6.(3G).4p,x 2G*,4.5,10.0,8.717902,6.753416,183.58738,22000000.0,0.011116,0.11116,0.00029503
3d7,a 2G,4.5,10.0,1.964486,3d6.(3G).4p,x 2G*,3.5,8.0,8.743824,6.779338,182.88542,3000000.0,0.0012035,0.012035,3.194e-05
3d7,a 2G,4.5,10.0,1.964486,3d6.(1G2).4p,x 2H*,4.5,10.0,8.943027,6.978541,177.66494,6500000.0,0.0030759,0.030759,8.1635e-05
3d7,a 2G,4.5,10.0,1.964486,3d6.(1G2).4p,x 2H*,5.5,12.0,8.959314,6.994828,177.25124,65000000.0,0.036739,0.36739,0.00097507
3d7,a 2G,4.5,10.0,1.964486,3d6.(1G2).4p,w 2G*,4.5,10.0,9.062207,7.097721,174.6817,121000000.0,0.055353,0.55353,0.0014691
3d7,a 2G,4.5,10.0,1.964486,3d6.(1I).4p,w 2H*,5.5,12.0,9.125675,7.161189,173.13353,6100000.0,0.0032895,0.032895,8.7304e-05
3d7,a 2G,4.5,10.0,1.964486,3d6.(1I).4p,w 2H*,4.5,10.0,9.143993,7.179507,172.69181,2800000.0,0.0012519,0.012519,3.3225e-05
3d7,a 2G,4.5,10.0,1.964486,3d6.(1I).4p,y 2I*,5.5,12.0,9.171081,7.206595,172.04268,1400000.0,0.00074549,0.0074549,1.9785e-05
3d7,a 2G,4.5,10.0,1.964486,3d6.(3D).4p,w 2F*,3.5,8.0,9.373317,7.408831,167.34651,200000000.0,0.067176,0.67176,0.0017828
3d7,a 2G,4.5,10.0,1.964486,3d6.(1D2).4p,v 2F*,3.5,8.0,9.687803,7.723317,160.53231,32000000.0,0.0098906,0.098906,0.0002625
3d7,a 2G,4.5,10.0,1.964486,3d6.(1F).4p,v 2G*,4.5,10.0,10.398704,8.434218,147.00141,2400000.0,0.00077752,0.0077752,2.0635e-05
3d7,a 2G,4.5,10.0,1.964486,3d6.(3F1).4p,2F*,3.5,8.0,11.788336,9.82385,126.20734,5000000.0,0.00095519,0.0095519,2.5351e-05
3d7,a 2G,4.5,10.0,1.964486,3d6.(1G1).4p,2F*,3.5,8.0,12.261862,10.297376,120.40368,11000000.0,0.0019126,0.019126,5.076e-05
3d7,a 2G,3.5,8.0,2.029548,3d7,a 2H,4.5,10.0,2.579586,0.550038,2254.10356,0.0179,1.7044e-09,1.3635e-08,4.5235e-11
3d7,a 2G,3.5,8.0,2.029548,3d6.(3G).4s,a 4G,2.5,6.0,3.230459,1.200911,1032.41769,0.00249,2.9842e-11,2.3874e-10,7.9201e-13
3d7,a 2G,3.5,8.0,2.029548,3d6.(3H).4s,b 2H,5.5,12.0,3.244689,1.215141,1020.32787,0.00091,2.1305e-11,1.7044e-10,5.6542e-13
3d7,a 2G,3.5,8.0,2.029548,3d6.(3H).4s,b 2H,4.5,10.0,3.267327,1.237779,1001.66704,0.0139,2.6136e-10,2.0908e-09,6.9364e-12
3d7,a 2G,3.5,8.0,2.029548,3d6.(3F2).4s,a 2F,3.5,8.0,3.386618,1.35707,913.61676,0.0125,1.5642e-10,1.2514e-09,4.1514e-12
3d7,a 2G,3.5,8.0,2.029548,3d6.(3F2).4s,a 2F,2.5,6.0,3.424494,1.394945,888.8104,0.0525,4.6634e-10,3.7307e-09,1.2377e-11
3d7,a 2G,3.5,8.0,2.029548,3d6.(3G).4s,b 2G,4.5,10.0,3.767699,1.738151,713.31075,0.0122,1.1633e-10,9.3063e-10,3.0874e-12
3d7,a 2G,3.5,8.0,2.029548,3d6.(3G).4s,b 2G,3.5,8.0,3.814309,1.78476,694.68257,0.11,7.9584e-10,6.3667e-09,2.1122e-11
3d7,a 2G,3.5,8.0,2.029548,3d7,b 2F,2.5,6.0,3.944162,1.914614,647.56754,0.176,8.2986e-10,6.6389e-09,2.2024e-11
3d7,a 2G,3.5,8.0,2.029548,3d7,b 2F,3.5,8.0,3.967376,1.937828,639.81003,0.0555,3.4061e-10,2.7249e-09,9.0397e-12
3d7,a 2G,3.5,8.0,2.029548,3d6.(1I).4s,a 2I,5.5,12.0,4.080305,2.050757,604.57761,0.127,1.0439e-09,8.3512e-09,2.7705e-11
3d7,a 2G,3.5,8.0,2.029548,3d6.(1G2).4s,c 2G,4.5,10.0,4.149316,2.119768,584.89504,0.0403,2.5836e-10,2.0669e-09,6.857e-12
3d7,a 2G,3.5,8.0,2.029548,3d6.(1G2).4s,c 2G,3.5,8.0,4.153631,2.124083,583.7069,0.76,3.8821e-09,3.1057e-08,1.0303e-10
3d7,a 2G,3.5,8.0,2.029548,3d6.(3D).4s,b 2D,1.5,4.0,4.479104,2.449556,506.14966,0.738,1.4172e-09,1.1338e-08,3.7614e-11
3d7,a 2G,3.5,8.0,2.029548,3d6.(3D).4s,b 2D,2.5,6.0,4.494791,2.465242,502.92903,0.078,2.2183e-10,1.7747e-09,5.8875e-12
3d7,a 2G,3.5,8.0,2.029548,3d6.(1D2).4s,c 2D,2.5,6.0,4.73176,2.702212,458.82483,0.0404,9.563e-11,7.6504e-10,2.538e-12
3d7,a 2G,3.5,8.0,2.029548,3d6.(1D2).4s,c 2D,1.5,4.0,4.737995,2.708446,457.76871,0.626,9.8332e-10,7.8666e-09,2.6097e-11
3d7,a 2G,3.5,8.0,2.029548,3d6.(3F2).4p,y 4F*,3.5,8.0,7.695145,5.665597,218.83697,2900000.0,0.0020821,0.016657,5.5259e-05
3d7,a 2G,3.5,8.0,2.029548,3d6.(3H).4p,z 2G*,4.5,10.0,7.697326,5.667777,218.75276,1200000.0,0.0010761,0.0086089,2.856e-05
3d7,a 2G,3.5,8.0,2.029548,3d6.(3H).4p,z 2G*,3.5,8.0,7.726998,5.69745,217.61348,20000000.0,0.014199,0.11359,0.00037684
3d7,a 2G,3.5,8.0,2.029548,3d6.(3F2).4p,x 4D*,3.5,8.0,7.804191,5.774643,214.70453,710000.0,0.00049068,0.0039255,1.3023e-05
3d7,a 2G,3.5,8.0,2.029548,3d6.(3F2).4p,y 4G*,3.5,8.0,7.940059,5.91051,209.76902,1070000.0,0.00070587,0.005647,1.8734e-05
3d7,a 2G,3.5,8.0,2.029548,3d6.(3F2).4p,y 4G*,2.5,6.0,7.945826,5.916278,209.56453,3100000.0,0.0015308,0.012246,4.0627e-05
3d7,a 2G,3.5,8.0,2.029548,3d6.(3F2).4p,z 2F*,2.5,6.0,7.987732,5.958184,208.09058,19000000.0,0.0092508,0.074006,0.00024552
3d7,a 2G,3.5,8.0,2.029548,3d6.(3F2).4p,y 2G*,3.5,8.0,8.072573,6.043025,205.16911,37000000.0,0.02335,0.1868,0.00061971
3d7,a 2G,3.5,8.0,2.029548,3d6.(3H).4p,z 2H*,4.5,10.0,8.127942,6.098394,203.30633,27000000.0,0.020914,0.16731,0.00055506
3d7,a 2G,3.5,8.0,2.029548,3d6.(3G).4p,y 4H*,4.5,10.0,8.255989,6.226441,199.12531,900000.0,0.00066875,0.00535,1.7749e-05
3d7,a 2G,3.5,8.0,2.029548,3d6.(3G).4p,y 2H*,4.5,10.0,8.431023,6.401475,193.68068,6800000.0,0.0047803,0.038242,0.00012687
3d7,a 2G,3.5,8.0,2.029548,3d6.(3G).4p,y 2F*,3.5,8.0,8.630114,6.600566,187.83873,3500000.0,0.0018514,0.014811,4.9136e-05
3d7,a 2G,3.5,8.0,2.029548,3d6.(3G).4p,y 2F*,2.5,6.0,8.635559,6.606011,187.68391,60000000.0,0.023764,0.19011,0.00063071
3d7,a 2G,3.5,8.0,2.029548,3d6.(3G).4p,x 2G*,3.5,8.0,8.743824,6.714276,184.6576,22000000.0,0.011246,0.089972,0.00029848
3d7,a 2G,3.5,8.0,2.029548,3d6.(1G2).4p,x 2H*,4.5,10.0,8.943027,6.913479,179.33692,57000000.0,0.034355,0.27484,0.00091177
3d7,a 2G,3.5,8.0,2.029548,3d6.(1G2).4p,x 2F*,3.5,8.0,9.052853,7.023305,176.53256,3200000.0,0.0014951,0.01196,3.9679e-05
3d7,a 2G,3.5,8.0,2.029548,3d6.(1G2).4p,x 2F*,2.5,6.0,9.057655,7.028107,176.41195,16000000.0,0.0055988,0.044791,0.00014859
3d7,a 2G,3.5,8.0,2.029548,3d6.(1G2).4p,w 2G*,4.5,10.0,9.062207,7.032659,176.29775,1700000.0,0.00099018,0.0079214,2.6279e-05
3d7,a 2G,3.5,8.0,2.029548,3d6.(1G2).4p,w 2G*,3.5,8.0,9.068619,7.039071,176.13716,142000000.0,0.066047,0.52837,0.0017529
3d7,a 2G,3.5,8.0,2.029548,3d6.(1I).4p,w 2H*,4.5,10.0,9.143993,7.114445,174.27108,17000000.0,0.0096754,0.077403,0.00025679
3d7,a 2G,3.5,8.0,2.029548,3d6.(3D).4p,w 2F*,3.5,8.0,9.373317,7.343769,168.82911,7000000.0,0.0029912,0.02393,7.9388e-05
3d7,a 2G,3.5,8.0,2.029548,3d6.(3D).4p,w 2F*,2.5,6.0,9.41227,7.382722,167.93832,190000000.0,0.060252,0.48202,0.0015991
3d7,a 2G,3.5,8.0,2.029548,3d6.(1D2).4p,v 2F*,2.5,6.0,9.638871,7.609323,162.93723,59000000.0,0.017612,0.1409,0.00046743
3d7,a 2G,3.5,8.0,2.029548,3d6.(1D2).4p,v 2F*,3.5,8.0,9.687803,7.658255,161.89614,2300000.0,0.00090378,0.0072302,2.3986e-05
3d7,a 2G,3.5,8.0,2.029548,3d6.(1D2).4p,w 2D*,2.5,6.0,9.756423,7.726875,160.4584,3600000.0,0.0010422,0.0083375,2.766e-05
3d7,a 2P,1.5,4.0,2.276429,3d7,a 2P,0.5,2.0,2.341661,0.065232,19006.59757,0.00242,6.5532e-09,2.6213e-08,1.7392e-10
3d7,a 2P,1.5,4.0,2.276429,3d7,a 2D2,2.5,6.0,2.543778,0.267349,4637.5446,0.00888,4.2948e-09,1.7179e-08,1.1398e-10
3d7,a 2P,1.5,4.0,2.276429,3d7,a 2D2,1.5,4.0,2.641855,0.365426,3392.86783,0.0653,1.127e-08,4.5078e-08,2.9909e-10
3d7,a 2P,1.5,4.0,2.276429,3d6.(3P2).4s,b 2P,1.5,4.0,3.197253,0.920823,1346.44924,0.0064,1.7395e-10,6.9579e-10,4.6166e-12
3d7,a 2P,1.5,4.0,2.276429,3d6.(3P2).4s,b 2P,0.5,2.0,3.339234,1.062804,1166.57597,0.0122,1.2446e-10,4.9782e-10,3.3031e-12
3d7,a 2P,1.5,4.0,2.276429,3d6.(3F2).4s,a 2F,3.5,8.0,3.386618,1.110189,1116.78457,0.00802,2.9992e-10,1.1997e-09,7.9598e-12
3d7,a 2P,1.5,4.0,2.276429,3d6.(3F2).4s,a 2F,2.5,6.0,3.424494,1.148064,1079.9412,0.00689,1.8071e-10,7.2282e-10,4.7959e-12
3d7,a 2P,1.5,4.0,2.276429,3d6.(3G).4s,b 2G,3.5,8.0,3.814309,1.537879,806.20235,0.00044,8.5749e-12,3.43e-11,2.2758e-13
3d7,a 2P,1.5,4.0,2.276429,3d6.(3D).4s,b 4D,0.5,2.0,3.889193,1.612763,768.76873,0.00224,9.9236e-12,3.9694e-11,2.6337e-13
3d7,a 2P,1.5,4.0,2.276429,3d7,b 2F,2.5,6.0,3.944162,1.667733,743.42951,0.00143,1.7773e-11,7.1093e-11,4.717e-13
3d7,a 2P,1.5,4.0,2.276429,3d6.(1G2).4s,c 2G,3.5,8.0,4.153631,1.877202,660.47337,0.00242,3.1653e-11,1.2661e-10,8.4007e-13
3d7,a 2P,1.5,4.0,2.276429,3d6.(3D).4s,b 2D,1.5,4.0,4.479104,2.202675,562.88012,0.189,8.9775e-10,3.591e-09,2.3826e-11
3d7,a 2P,1.5,4.0,2.276429,3d6.(3D).4s,b 2D,2.5,6.0,4.494791,2.218361,558.89992,0.023,1.6156e-10,6.4626e-10,4.2879e-12
3d7,a 2P,1.5,4.0,2.276429,3d6.(1S2).4s,a 2S,0.5,2.0,4.615594,2.339165,530.03617,0.037,7.7919e-11,3.1168e-10,2.068e-12
3d7,a 2P,1.5,4.0,2.276429,3d6.(1D2).4s,c 2D,2.5,6.0,4.73176,2.455331,504.95921,0.459,2.6319e-09,1.0528e-08,6.9852e-11
3d7,a 2P,1.5,4.0,2.276429,3d6.(1D2).4s,c 2D,1.5,4.0,4.737995,2.461565,503.68032,0.077,2.9286e-10,1.1714e-09,7.7725e-12
3d7,a 2P,1.5,4.0,2.276429,3d6.(5D).4p,z 4P*,2.5,6.0,5.823225,3.546796,349.56681,70000.0,0.00019236,0.00076943,5.1052e-06
3d7,a 2P,1.5,4.0,2.276429,3d6.(5D).4p,z 4P*,0.5,2.0,5.904885,3.628456,341.69962,260000.0,0.00022756,0.00091023,6.0394e-06
3d7,a 2P,1.5,4.0,2.276429,3d6.(3H).4p,z 4G*,2.5,6.0,7.568211,5.291781,234.29577,8000000.0,0.0098757,0.039503,0.0002621
3d7,a 2P,1.5,4.0,2.276429,3d6.(3P2).4p,z 2D*,2.5,6.0,7.574617,5.298188,234.01247,12000000.0,0.014778,0.059111,0.0003922
3d7,a 2P,1.5,4.0,2.276429,3d6.(3P2).4p,z 2D*,1.5,4.0,7.702593,5.426164,228.49328,2000000.0,0.0015654,0.0062618,4.1547e-05
3d7,a 2P,1.5,4.0,2.276429,3d6.(3F2).4p,z 2F*,2.5,6.0,7.987732,5.711303,217.08566,1200000.0,0.0012717,0.0050869,3.3752e-05
3d7,a 2P,1.5,4.0,2.276429,3d6.(3P2).4p,z 2P*,0.5,2.0,8.034981,5.758552,215.30447,22000000.0,0.0076447,0.030579,0.00020289
3d7,a 2P,1.5,4.0,2.276429,3d6.(3P2).4p,z 2S*,0.5,2.0,8.213785,5.937356,208.82055,140000000.0,0.045762,0.18305,0.0012145
3d7,a 2P,1.5,4.0,2.276429,3d6.(3G).4p,x 4F*,2.5,6.0,8.247715,5.971286,207.63399,5400000.0,0.0052353,0.020941,0.00013894
3d7,a 2P,1.5,4.0,2.276429,3d6.(3G).4p,x 4F*,1.5,4.0,8.258917,5.982488,207.24521,3800000.0,0.0024469,0.0097875,6.494e-05
3d7,a 2P,1.5,4.0,2.276429,3d6.(3F2).4p,y 2D*,2.5,6.0,8.307007,6.030578,205.59257,31000000.0,0.029466,0.11787,0.00078204
3d7,a 2P,1.5,4.0,2.276429,3d6.(3F2).4p,y 2D*,1.5,4.0,8.340892,6.064463,204.44382,15000000.0,0.0093994,0.037597,0.00024946
3d7,a 2P,1.5,4.0,2.276429,3d6.(1G2).4p,x 2F*,2.5,6.0,9.057655,6.781226,182.8345,2300000.0,0.001729,0.006916,4.5888e-05
3d7,a 2P,1.5,4.0,2.276429,3d6.(3D).4p,y 2P*,0.5,2.0,9.074071,6.797642,182.39296,24000000.0,0.0059849,0.02394,0.00015884
3d7,a 2P,1.5,4.0,2.276429,3d6.(3D).4p,y 2P*,1.5,4.0,9.074294,6.797864,182.38698,18000000.0,0.0089768,0.035907,0.00023824
3d7,a 2P,1.5,4.0,2.276429,3d6.(3D).4p,x 2D*,1.5,4.0,9.236586,6.960157,178.1342,20000000.0,0.0095145,0.038058,0.00025251
3d7,a 2P,1.5,4.0,2.276429,3d6.(3D).4p,x 2D*,2.5,6.0,9.250072,6.973643,177.78971,9000000.0,0.0063974,0.02559,0.00016979
3d7,a 2P,1.5,4.0,2.276429,3d6.(1D2).4p,v 2F*,2.5,6.0,9.638871,7.362442,168.40093,8000000.0,0.0051019,0.020407,0.0001354
3d7,a 2P,1.5,4.0,2.276429,3d6.(1D2).4p,w 2D*,2.5,6.0,9.756423,7.479994,165.75441,55000000.0,0.033982,0.13593,0.00090187
3d7,a 2P,1.5,4.0,2.276429,3d6.(1D2).4p,w 2P*,0.5,2.0,9.775146,7.498717,165.34055,55000000.0,0.011271,0.045083,0.00029912
3d7,a 2P,1.5,4.0,2.276429,3d6.(1D2).4p,w 2P*,1.5,4.0,9.824937,7.548508,164.24994,44000000.0,0.017796,0.071184,0.00047231
3d7,a 2P,1.5,4.0,2.276429,3d5.(6S).4s.4p.(1P*),x 6P*,1.5,4.0,9.825243,7.548813,164.2433,30000000.0,0.012133,0.048531,0.000322
3d7,a 2P,1.5,4.0,2.276429,3d6.(1F).4p,v 2D*,2.5,6.0,10.398362,8.121933,152.65355,60000000.0,0.031442,0.12577,0.00083448
3d7,a 2P,1.5,4.0,2.276429,3d6.(3P1).4p,v 4D*,2.5,6.0,10.757813,8.481384,146.18392,6000000.0,0.0028834,0.011534,7.6525e-05
3d7,a 2P,0.5,2.0,2.341661,3d7,a 2D2,1.5,4.0,2.641855,0.300194,4130.13896,0.0121,6.1888e-09,1.2378e-08,1.6425e-10
3d7,a 2P,0.5,2.0,2.341661,3d6.(3P2).4s,b 2P,1.5,4.0,3.197253,0.855591,1449.10555,0.0052,3.2741e-10,6.5482e-10,8.6895e-12
3d7,a 2P,0.5,2.0,2.341661,3d6.(3F2).4s,a 2F,2.5,6.0,3.424494,1.082832,1144.99924,0.00654,3.8563e-10,7.7126e-10,1.0235e-11
3d7,a 2P,0.5,2.0,2.341661,3d6.(3D).4s,b 2D,1.5,4.0,4.479104,2.137443,580.05855,0.112,1.1299e-09,2.2599e-09,2.9988e-11
3d7,a 2P,0.5,2.0,2.341661,3d6.(3D).4s,b 2D,2.5,6.0,4.494791,2.153129,575.8326,0.0236,3.5195e-10,7.0391e-10,9.3408e-12
3d7,a 2P,0.5,2.0,2.341661,3d6.(1S2).4s,a 2S,0.5,2.0,4.615594,2.273933,545.24129,0.004,1.7828e-11,3.5656e-11,4.7315e-13
3d7,a 2P,0.5,2.0,2.341661,3d6.(1D2).4s,c 2D,2.5,6.0,4.73176,2.390099,518.74089,0.152,1.8396e-09,3.6792e-09,4.8823e-11
3d7,a 2P,0.5,2.0,2.341661,3d6.(1D2).4s,c 2D,1.5,4.0,4.737995,2.396333,517.39134,0.198,1.5893e-09,3.1785e-09,4.2179e-11
3d7,a 2P,0.5,2.0,2.341661,3d6.(5D).4p,z 4P*,1.5,4.0,5.875587,3.533926,350.83982,40000.0,0.00014763,0.00029526,3.918e-06
3d7,a 2P,0.5,2.0,2.341661,3d6.(3P2).4p,y 4P*,1.5,4.0,7.604292,5.262631,235.59357,1600000.0,0.0026628,0.0053256,7.067e-05
3d7,a 2P,0.5,2.0,2.341661,3d6.(3P2).4p,z 2D*,1.5,4.0,7.702593,5.360932,231.2736,15000000.0,0.024057,0.048113,0.00063846
3d7,a 2P,0.5,2.0,2.341661,3d6.(3P2).4p,y 4D*,1.5,4.0,7.80632,5.464658,226.88371,7500000.0,0.011576,0.023152,0.00030723
3d7,a 2P,0.5,2.0,2.341661,3d6.(3P2).4p,z 2P*,0.5,2.0,8.034981,5.69332,217.77136,19000000.0,0.013509,0.027017,0.00035852
3d7,a 2P,0.5,2.0,2.341661,3d6.(3P2).4p,z 2S*,0.5,2.0,8.213785,5.872124,211.14029,59000000.0,0.039432,0.078865,0.0010465
3d7,a 2P,0.5,2.0,2.341661,3d6.(3G).4p,x 4F*,1.5,4.0,8.258917,5.917256,209.5299,5000000.0,0.0065819,0.013164,0.00017468
3d7,a 2P,0.5,2.0,2.341661,3d6.(3F2).4p,y 2D*,1.5,4.0,8.340892,5.999231,206.66682,23000000.0,0.029455,0.05891,0.00078174
3d7,a 2P,0.5,2.0,2.341661,3d6.(3D).4p,y 2P*,0.5,2.0,9.074071,6.73241,184.16021,31000000.0,0.015762,0.031524,0.00041832
3d7,a 2P,0.5,2.0,2.341661,3d6.(3D).4p,y 2P*,1.5,4.0,9.074294,6.732632,184.15412,3800000.0,0.003864,0.007728,0.00010255
3d7,a 2P,0.5,2.0,2.341661,3d6.(3D).4p,x 2D*,1.5,4.0,9.236586,6.894925,179.81951,15000000.0,0.014543,0.029086,0.00038597
3d7,a 2P,0.5,2.0,2.341661,3d6.(1S2).4p,x 2P*,1.5,4.0,9.438851,7.097189,174.69479,20000000.0,0.018301,0.036602,0.00048571
3d7,a 2P,0.5,2.0,2.341661,3d6.(1S2).4p,x 2P*,0.5,2.0,9.494392,7.152731,173.33828,25000000.0,0.011261,0.022523,0.00029887
3d7,a 2P,0.5,2.0,2.341661,3d6.(1D2).4p,w 2D*,1.5,4.0,9.731166,7.389504,167.78419,52000000.0,0.043893,0.087786,0.0011649
3d7,a 2P,0.5,2.0,2.341661,3d6.(1D2).4p,w 2P*,0.5,2.0,9.775146,7.433485,166.79149,90000000.0,0.037536,0.075072,0.00099621
3d7,a 2P,0.5,2.0,2.341661,3d6.(1D2).4p,w 2P*,1.5,4.0,9.824937,7.483276,165.68172,10000000.0,0.0082307,0.016461,0.00021844
3d7,a 2P,0.5,2.0,2.341661,3d5.(6S).4s.4p.(1P*),x 6P*,1.5,4.0,9.825243,7.483581,165.67496,6400000.0,0.0052672,0.010534,0.00013979
3d7,a 2H,5.5,12.0,2.521869,3d7,a 2H,4.5,10.0,2.579586,0.057717,21481.48967,0.00146,8.4171e-09,1.01e-07,2.2339e-10
3d7,a 2H,5.5,12.0,2.521869,3d6.(3H).4s,b 2H,5.5,12.0,3.244689,0.72282,1715.28503,0.00332,1.4644e-10,1.7573e-09,3.8866e-12
3d7,a 2H,5.5,12.0,2.521869,3d6.(3H).4s,b 2H,4.5,10.0,3.267327,0.745458,1663.19585,0.000319,1.1024e-11,1.3229e-10,2.9259e-13
3d7,a 2H,5.5,12.0,2.521869,3d6.(3G).4s,b 2G,4.5,10.0,3.767699,1.24583,995.19331,0.0307,3.7987e-10,4.5584e-09,1.0082e-11
3d7,a 2H,5.5,12.0,2.521869,3d6.(3G).4s,b 2G,3.5,8.0,3.814309,1.292439,959.30369,0.00342,3.1456e-11,3.7747e-10,8.3485e-13
3d7,a 2H,5.5,12.0,2.521869,3d7,b 2F,3.5,8.0,3.967376,1.445507,857.72099,0.0482,3.5441e-10,4.2529e-09,9.4061e-12
3d7,a 2H,5.5,12.0,2.521869,3d6.(1I).4s,a 2I,6.5,14.0,4.07606,1.554191,797.74113,0.0812,9.0383e-10,1.0846e-08,2.3988e-11
3d7,a 2H,5.5,12.0,2.521869,3d6.(1I).4s,a 2I,5.5,12.0,4.080305,1.558436,795.56791,0.0031,2.9415e-11,3.5299e-10,7.8069e-13
3d7,a 2H,5.5,12.0,2.521869,3d6.(1G2).4s,c 2G,4.5,10.0,4.149316,1.627447,761.83231,0.0087,6.3084e-11,7.57e-10,1.6742e-12
3d7,a 2H,5.5,12.0,2.521869,3d6.(3H).4p,z 4H*,6.5,14.0,7.542896,5.021027,246.92996,700000.0,0.00074654,0.0089585,1.9813e-05
3d7,a 2H,5.5,12.0,2.521869,3d6.(3H).4p,z 4I*,4.5,10.0,7.626594,5.104725,242.88125,700000.0,0.0005159,0.0061908,1.3692e-05
3d7,a 2H,5.5,12.0,2.521869,3d6.(3H).4p,z 2G*,4.5,10.0,7.697326,5.175456,239.56186,9000000.0,0.0064529,0.077435,0.00017126
3d7,a 2H,5.5,12.0,2.521869,3d6.(3H).4p,z 2I*,6.5,14.0,7.72337,5.2015,238.36237,16000000.0,0.0159,0.1908,0.00042199
3d7,a 2H,5.5,12.0,2.521869,3d6.(3F2).4p,y 4G*,4.5,10.0,7.928641,5.406772,229.31279,840000.0,0.00055184,0.0066221,1.4646e-05
3d7,a 2H,5.5,12.0,2.521869,3d6.(3F2).4p,y 2G*,4.5,10.0,8.038137,5.516268,224.761,8000000.0,0.0050491,0.060589,0.000134
3d7,a 2H,5.5,12.0,2.521869,3d6.(3H).4p,z 2H*,5.5,12.0,8.104054,5.582185,222.10692,42000000.0,0.031062,0.37275,0.00082439
3d7,a 2H,5.5,12.0,2.521869,3d6.(3G).4p,x 4G*,5.5,12.0,8.130892,5.609023,221.04421,1600000.0,0.001172,0.014064,3.1106e-05
3d7,a 2H,5.5,12.0,2.521869,3d6.(3G).4p,y 4H*,5.5,12.0,8.240429,5.71856,216.81018,2200000.0,0.0015504,0.018605,4.1147e-05
3d7,a 2H,5.5,12.0,2.521869,3d6.(3G).4p,y 2H*,5.5,12.0,8.370958,5.849089,211.97182,4200000.0,0.0028292,0.033951,7.5087e-05
3d7,a 2H,5.5,12.0,2.521869,3d6.(3G).4p,x 2G*,4.5,10.0,8.717902,6.196033,200.10254,95000000.0,0.047523,0.57028,0.0012613
3d7,a 2H,5.5,12.0,2.521869,3d6.(1G2).4p,x 2H*,5.5,12.0,8.959314,6.437445,192.59846,52000000.0,0.028918,0.34702,0.00076748
3d7,a 2H,5.5,12.0,2.521869,3d6.(1G2).4p,w 2G*,4.5,10.0,9.062207,6.540338,189.56849,13000000.0,0.0058365,0.070038,0.0001549
3d7,a 2H,5.5,12.0,2.521869,3d6.(1I).4p,w 2H*,5.5,12.0,9.125675,6.603806,187.74657,82000000.0,0.043333,0.51999,0.0011501
3d7,a 2H,5.5,12.0,2.521869,3d6.(1I).4p,y 2I*,6.5,14.0,9.17072,6.648851,186.47463,55000000.0,0.033451,0.40141,0.00088779
3d7,a 2H,5.5,12.0,2.521869,3d6.(1I).4p,y 2I*,5.5,12.0,9.171081,6.649212,186.46449,16000000.0,0.0083401,0.10008,0.00022135
3d7,a 2H,5.5,12.0,2.521869,3d6.(1F).4p,v 2G*,4.5,10.0,10.398704,7.876835,157.40357,65000000.0,0.02012,0.24144,0.00053398
3d7,a 2H,5.5,12.0,2.521869,3d5.(4G).4s.4p.(3P*),x 4H*,4.5,10.0,11.420994,8.899125,139.32179,21000000.0,0.0050926,0.061111,0.00013516
3d7,a 2H,5.5,12.0,2.521869,3d6.(3F1).4p,u 2G*,4.5,10.0,11.427833,8.905964,139.2148,80000000.0,0.01937,0.23245,0.00051409
3d7,a 2H,5.5,12.0,2.521869,3d6.(3F1).4p,u 4F*,4.5,10.0,11.590613,9.068744,136.71595,10000000.0,0.0023352,0.028022,6.1975e-05
3d7,a 2H,5.5,12.0,2.521869,3d6.(1G1).4p,2H*,5.5,12.0,12.185025,9.663156,128.30612,27000000.0,0.0066637,0.079965,0.00017686
3d7,a 2H,5.5,12.0,2.521869,3d6.(1G1).4p,2G*,4.5,10.0,12.355429,9.83356,126.08272,100000000.0,0.01986,0.23833,0.0005271
3d7,a 2H,5.5,12.0,2.521869,3d5.(4G).4s.4p.(3P*),2G*,4.5,10.0,12.368318,9.846449,125.91768,16000000.0,0.0031694,0.038032,8.4115e-05
3d7,a 2H,5.5,12.0,2.521869,3d6.(3H).5p,2H*,5.5,12.0,13.721198,11.199329,110.70681,50000000.0,0.0091871,0.11025,0.00024383
3d7,a 2D2,2.5,6.0,2.543778,3d7,a 2D2,1.5,4.0,2.641855,0.098077,12641.49557,0.00705,1.126e-08,6.7562e-08,2.9885e-10
3d7,a 2D2,2.5,6.0,2.543778,3d6.(3P2).4s,b 4P,1.5,4.0,2.704349,0.160571,7721.45886,0.0024,1.4301e-09,8.5808e-09,3.7956e-11
3d7,a 2D2,2.5,6.0,2.543778,3d6.(3P2).4s,b 2P,1.5,4.0,3.197253,0.653475,1897.30705,0.002,7.1957e-11,4.3174e-10,1.9097e-12
3d7,a 2D2,2.5,6.0,2.543778,3d6.(3P2).4s,b 2P,0.5,2.0,3.339234,0.795456,1558.65658,0.00262,3.1808e-11,1.9085e-10,8.4419e-13
3d7,a 2D2,2.5,6.0,2.543778,3d6.(3F2).4s,a 2F,3.5,8.0,3.386618,0.84284,1471.02848,0.00233,1.0079e-10,6.0471e-10,2.6748e-12
3d7,a 2D2,2.5,6.0,2.543778,3d6.(3F2).4s,a 2F,2.5,6.0,3.424494,0.880716,1407.76667,0.00074,2.1986e-11,1.3192e-10,5.8352e-13
3d7,a 2D2,2.5,6.0,2.543778,3d6.(3G).4s,b 2G,4.5,10.0,3.767699,1.223921,1013.00786,0.00779,1.9974e-10,1.1985e-09,5.3012e-12
3d7,a 2D2,2.5,6.0,2.543778,3d6.(3D).4s,b 4D,2.5,6.0,3.891613,1.347835,919.87643,0.00192,2.4357e-11,1.4614e-10,6.4643e-13
3d7,a 2D2,2.5,6.0,2.543778,3d6.(3D).4s,b 4D,3.5,8.0,3.903419,1.359641,911.8892,0.0053,8.8096e-11,5.2858e-10,2.3381e-12
3d7,a 2D2,2.5,6.0,2.543778,3d7,b 2F,2.5,6.0,3.944162,1.400384,885.3584,0.021,2.4678e-10,1.4807e-09,6.5496e-12
3d7,a 2D2,2.5,6.0,2.543778,3d7,b 2F,3.5,8.0,3.967376,1.423598,870.92116,0.0096,1.4556e-10,8.7333e-10,3.863e-12
3d7,a 2D2,2.5,6.0,2.543778,3d6.(1G2).4s,c 2G,4.5,10.0,4.149316,1.605538,772.22815,0.0359,5.3493e-10,3.2096e-09,1.4197e-11
3d7,a 2D2,2.5,6.0,2.543778,3d6.(1G2).4s,c 2G,3.5,8.0,4.153631,1.609853,770.15838,0.00227,2.6914e-11,1.6149e-10,7.1431e-13
3d7,a 2D2,2.5,6.0,2.543778,3d6.(3D).4s,b 2D,1.5,4.0,4.479104,1.935326,640.63721,0.074,3.0355e-10,1.8213e-09,8.0561e-12
3d7,a 2D2,2.5,6.0,2.543778,3d6.(3D).4s,b 2D,2.5,6.0,4.494791,1.951013,635.48642,0.174,1.0535e-09,6.3208e-09,2.7959e-11
3d7,a 2D2,2.5,6.0,2.543778,3d6.(1S2).4s,a 2S,0.5,2.0,4.615594,2.071816,598.43246,0.254,4.5457e-10,2.7274e-09,1.2064e-11
3d7,a 2D2,2.5,6.0,2.543778,3d6.(1D2).4s,c 2D,2.5,6.0,4.73176,2.187982,566.66,0.0309,1.4875e-10,8.9251e-10,3.9479e-12
3d7,a 2D2,2.5,6.0,2.543778,3d6.(1D2).4s,c 2D,1.5,4.0,4.737995,2.194216,565.04998,0.0466,1.4871e-10,8.9223e-10,3.9467e-12
3d7,a 2D2,2.5,6.0,2.543778,3d6.(5D).4p,z 4F*,3.5,8.0,5.548766,3.004988,412.59462,3000.0,1.0209e-05,6.1252e-05,2.7094e-07
3d7,a 2D2,2.5,6.0,2.543778,3d6.(5D).4p,z 4D*,1.5,4.0,5.584768,3.04099,407.70999,1600.0,2.6582e-06,1.5949e-05,7.0549e-08
3d7,a 2D2,2.5,6.0,2.543778,3d6.(3P2).4p,z 4S*,1.5,4.0,7.397324,4.853546,255.45077,4800000.0,0.0031306,0.018783,8.3085e-05
3d7,a 2D2,2.5,6.0,2.543778,3d6.(3P2).4p,y 4P*,2.5,6.0,7.488935,4.945157,250.71844,3800000.0,0.0035811,0.021487,9.5042e-05
3d7,a 2D2,2.5,6.0,2.543778,3d6.(3P2).4p,y 4D*,3.5,8.0,7.653057,5.109279,242.66476,4100000.0,0.0048261,0.028957,0.00012808
3d7,a 2D2,2.5,6.0,2.543778,3d6.(3F2).4p,y 4F*,3.5,8.0,7.695145,5.151367,240.68215,2100000.0,0.0024317,0.01459,6.4537e-05
3d7,a 2D2,2.5,6.0,2.543778,3d6.(3F2).4p,x 4D*,3.5,8.0,7.804191,5.260413,235.6929,700000.0,0.0007773,0.0046638,2.063e-05
3d7,a 2D2,2.5,6.0,2.543778,3d6.(3F2).4p,y 4G*,3.5,8.0,7.940059,5.39628,229.75863,1820000.0,0.0019205,0.011523,5.097e-05
3d7,a 2D2,2.5,6.0,2.543778,3d6.(3F2).4p,z 2F*,3.5,8.0,7.970492,5.426714,228.47011,11000000.0,0.011478,0.068865,0.00030461
3d7,a 2D2,2.5,6.0,2.543778,3d6.(3P2).4p,z 2P*,1.5,4.0,8.0384,5.494622,225.64645,47000000.0,0.023918,0.14351,0.00063478
3d7,a 2D2,2.5,6.0,2.543778,3d6.(3F2).4p,y 2G*,3.5,8.0,8.072573,5.528795,224.25176,1200000.0,0.0012063,0.0072377,3.2015e-05
3d7,a 2D2,2.5,6.0,2.543778,3d6.(3G).4p,x 4F*,2.5,6.0,8.247715,5.703937,217.36599,6800000.0,0.0048167,0.0289,0.00012784
3d7,a 2D2,2.5,6.0,2.543778,3d6.(3F2).4p,y 2D*,2.5,6.0,8.307007,5.763229,215.12975,32000000.0,0.022203,0.13322,0.00058927
3d7,a 2D2,2.5,6.0,2.543778,3d6.(3F2).4p,y 2D*,1.5,4.0,8.340892,5.797114,213.87227,3200000.0,0.0014629,0.0087777,3.8826e-05
3d7,a 2D2,2.5,6.0,2.543778,3d6.(3G).4p,y 2F*,3.5,8.0,8.630114,6.086336,203.70908,32000000.0,0.026544,0.15926,0.00070448
3d7,a 2D2,2.5,6.0,2.543778,3d6.(3G).4p,y 2F*,2.5,6.0,8.635559,6.091781,203.52701,1600000.0,0.00099363,0.0059618,2.6371e-05
3d7,a 2D2,2.5,6.0,2.543778,3d6.(3D).4p,w 4P*,1.5,4.0,8.932201,6.388423,194.07638,2800000.0,0.0010541,0.0063245,2.7975e-05
3d7,a 2D2,2.5,6.0,2.543778,3d6.(3D).4p,w 4F*,3.5,8.0,8.97051,6.426732,192.9195,2800000.0,0.0020831,0.012499,5.5285e-05
3d7,a 2D2,2.5,6.0,2.543778,3d6.(3D).4p,w 4D*,3.5,8.0,9.007689,6.463911,191.80987,8000000.0,0.0058834,0.035301,0.00015615
3d7,a 2D2,2.5,6.0,2.543778,3d6.(1G2).4p,x 2F*,3.5,8.0,9.052853,6.509075,190.47898,35000000.0,0.025384,0.1523,0.00067369
3d7,a 2D2,2.5,6.0,2.543778,3d6.(3D).4p,y 2P*,1.5,4.0,9.074294,6.530516,189.85361,41000000.0,0.01477,0.088622,0.000392
3d7,a 2D2,2.5,6.0,2.543778,3d6.(3D).4p,x 2D*,2.5,6.0,9.250072,6.706294,184.87736,49000000.0,0.025109,0.15065,0.00066638
3d7,a 2D2,2.5,6.0,2.543778,3d6.(3D).4p,w 2F*,3.5,8.0,9.373317,6.829539,181.54109,17000000.0,0.011199,0.067197,0.00029723
3d7,a 2D2,2.5,6.0,2.543778,3d6.(1S2).4p,x 2P*,1.5,4.0,9.438851,6.895073,179.81565,100000000.0,0.032316,0.1939,0.00085768
3d7,a 2D2,2.5,6.0,2.543778,3d6.(1D2).4p,v 2F*,3.5,8.0,9.687803,7.144025,173.54949,11000000.0,0.0066227,0.039736,0.00017577
3d7,a 2D2,2.5,6.0,2.543778,3d6.(1D2).4p,w 2D*,1.5,4.0,9.731166,7.187388,172.50245,13000000.0,0.0038664,0.023198,0.00010261
3d7,a 2D2,2.5,6.0,2.543778,3d6.(1D2).4p,w 2D*,2.5,6.0,9.756423,7.212645,171.89837,26000000.0,0.011518,0.069108,0.00030569
3d7,a 2D2,2.5,6.0,2.543778,3d6.(1D2).4p,w 2P*,1.5,4.0,9.824937,7.281159,170.28085,28000000.0,0.0081144,0.048687,0.00021536
3d7,a 2D2,2.5,6.0,2.543778,3d5.(6S).4s.4p.(1P*),x 6P*,1.5,4.0,9.825243,7.281465,170.27371,18000000.0,0.005216,0.031296,0.00013843
3d7,a 2D2,2.5,6.0,2.543778,3d6.(1F).4p,v 2D*,2.5,6.0,10.398362,7.854584,157.84947,74000000.0,0.027643,0.16586,0.00073363
3d7,a 2D2,2.5,6.0,2.543778,3d6.(1F).4p,v 2D*,1.5,4.0,10.45928,7.915502,156.63467,5000000.0,0.0012261,0.0073564,3.254e-05
3d7,a 2D2,2.5,6.0,2.543778,3d6.(1F).4p,u 2F*,3.5,8.0,10.722471,8.178693,151.59415,26000000.0,0.011944,0.071662,0.00031698
3d7,a 2D2,2.5,6.0,2.543778,3d6.(3P1).4p,v 4D*,3.5,8.0,10.777905,8.234127,150.57359,3000000.0,0.0013596,0.0081577,3.6084e-05
3d7,a 2H,4.5,10.0,2.579586,3d6.(3H).4s,b 2H,4.5,10.0,3.267327,0.687741,1802.77499,0.00267,1.3009e-10,1.3009e-09,3.4527e-12
3d7,a 2H,4.5,10.0,2.579586,3d6.(3G).4s,b 2G,4.5,10.0,3.767699,1.188114,1043.5383,0.004,6.5303e-11,6.5303e-10,1.7332e-12
3d7,a 2H,4.5,10.0,2.579586,3d6.(3G).4s,b 2G,3.5,8.0,3.814309,1.234723,1004.14607,0.0268,3.241e-10,3.241e-09,8.6016e-12
3d7,a 2H,4.5,10.0,2.579586,3d7,b 2F,2.5,6.0,3.944162,1.364576,908.59109,0.0376,2.7921e-10,2.7921e-09,7.4103e-12
3d7,a 2H,4.5,10.0,2.579586,3d7,b 2F,3.5,8.0,3.967376,1.387791,893.39271,0.00465,4.4513e-11,4.4513e-10,1.1814e-12
3d7,a 2H,4.5,10.0,2.579586,3d6.(1I).4s,a 2I,5.5,12.0,4.080305,1.50072,826.16497,0.0714,8.7674e-10,8.7674e-09,2.3269e-11
3d7,a 2H,4.5,10.0,2.579586,3d6.(1G2).4s,c 2G,4.5,10.0,4.149316,1.569731,789.8438,0.0114,1.0662e-10,1.0662e-09,2.8297e-12
3d7,a 2H,4.5,10.0,2.579586,3d6.(1G2).4s,c 2G,3.5,8.0,4.153631,1.574045,787.67866,0.0121,9.004e-11,9.004e-10,2.3896e-12
3d7,a 2H,4.5,10.0,2.579586,3d6.(3D).4s,b 2D,2.5,6.0,4.494791,1.915205,647.36786,0.00214,8.0673e-12,8.0673e-11,2.1411e-13
3d7,a 2H,4.5,10.0,2.579586,3d6.(3H).4p,z 4H*,3.5,8.0,7.58248,5.002894,247.82494,1100000.0,0.00081027,0.0081027,2.1505e-05
3d7,a 2H,4.5,10.0,2.579586,3d6.(3H).4p,z 4I*,5.5,12.0,7.63584,5.056254,245.20958,700000.0,0.00075721,0.0075721,2.0096e-05
3d7,a 2H,4.5,10.0,2.579586,3d6.(3F2).4p,y 4F*,3.5,8.0,7.695145,5.115559,242.36687,2900000.0,0.0020431,0.020431,5.4224e-05
3d7,a 2H,4.5,10.0,2.579586,3d6.(3H).4p,z 2G*,4.5,10.0,7.697326,5.11774,242.26359,700000.0,0.00061593,0.0061593,1.6347e-05
3d7,a 2H,4.5,10.0,2.579586,3d6.(3H).4p,z 2G*,3.5,8.0,7.726998,5.147413,240.86703,6800000.0,0.0047317,0.047317,0.00012558
3d7,a 2H,4.5,10.0,2.579586,3d6.(3H).4p,z 2I*,5.5,12.0,7.769129,5.189543,238.91158,20200000.0,0.020743,0.20743,0.00055051
3d7,a 2H,4.5,10.0,2.579586,3d6.(3F2).4p,x 4D*,3.5,8.0,7.804191,5.224605,237.30827,660000.0,0.00044578,0.0044578,1.1831e-05
3d7,a 2H,4.5,10.0,2.579586,3d6.(3F2).4p,y 4G*,3.5,8.0,7.940059,5.360473,231.29341,930000.0,0.0005967,0.005967,1.5837e-05
3d7,a 2H,4.5,10.0,2.579586,3d6.(3F2).4p,y 2G*,3.5,8.0,8.072573,5.492987,225.71362,6400000.0,0.0039106,0.039106,0.00010379
3d7,a 2H,4.5,10.0,2.579586,3d6.(3H).4p,z 2H*,5.5,12.0,8.104054,5.524469,224.42738,500000.0,0.00045307,0.0045307,1.2024e-05
3d7,a 2H,4.5,10.0,2.579586,3d6.(3H).4p,z 2H*,4.5,10.0,8.127942,5.548356,223.46115,40000000.0,0.029945,0.29945,0.00079474
3d7,a 2H,4.5,10.0,2.579586,3d6.(3G).4p,y 2H*,4.5,10.0,8.431023,5.851437,211.88676,3500000.0,0.0023558,0.023558,6.2522e-05
3d7,a 2H,4.5,10.0,2.579586,3d6.(3G).4p,y 2F*,3.5,8.0,8.630114,6.050529,204.91466,4800000.0,0.0024173,0.024173,6.4156e-05
3d7,a 2H,4.5,10.0,2.579586,3d6.(3G).4p,x 2G*,3.5,8.0,8.743824,6.164238,201.13468,80000000.0,0.038816,0.38816,0.0010302
3d7,a 2H,4.5,10.0,2.579586,3d6.(1G2).4p,x 2H*,4.5,10.0,8.943027,6.363441,194.8383,14000000.0,0.0079678,0.079678,0.00021146
3d7,a 2H,4.5,10.0,2.579586,3d6.(1G2).4p,w 2G*,4.5,10.0,9.062207,6.482621,191.25627,1600000.0,0.00087743,0.0087743,2.3287e-05
3d7,a 2H,4.5,10.0,2.579586,3d6.(1G2).4p,w 2G*,3.5,8.0,9.068619,6.489033,191.06729,17000000.0,0.0074434,0.074434,0.00019755
3d7,a 2H,4.5,10.0,2.579586,3d6.(1I).4p,w 2H*,5.5,12.0,9.125675,6.54609,189.40193,10000000.0,0.0064537,0.064537,0.00017128
3d7,a 2H,4.5,10.0,2.579586,3d6.(1I).4p,w 2H*,4.5,10.0,9.143993,6.564407,188.87342,142000000.0,0.075943,0.75943,0.0020155
3d7,a 2H,4.5,10.0,2.579586,3d6.(1I).4p,y 2I*,5.5,12.0,9.171081,6.591496,188.09722,45000000.0,0.028643,0.28643,0.00076018
3d7,a 2H,4.5,10.0,2.579586,3d6.(3D).4p,w 2F*,3.5,8.0,9.373317,6.793731,182.49795,1700000.0,0.00067907,0.0067907,1.8023e-05
3d7,a 2H,4.5,10.0,2.579586,3d6.(1F).4p,v 2G*,3.5,8.0,10.328532,7.748946,160.00137,56000000.0,0.017194,0.17194,0.00045634
3d7,a 2H,4.5,10.0,2.579586,3d5.(4G).4s.4p.(3P*),v 4F*,3.5,8.0,11.441568,8.861982,139.90572,19000000.0,0.0044604,0.044604,0.00011838
3d7,a 2H,4.5,10.0,2.579586,3d6.(3F1).4p,u 4F*,3.5,8.0,11.590992,9.011406,137.58586,3600000.0,0.00081733,0.0081733,2.1692e-05
3d7,a 2H,4.5,10.0,2.579586,3d6.(1G1).4p,2H*,4.5,10.0,12.132019,9.552433,129.79332,30000000.0,0.0075768,0.075768,0.00020109
3d7,a 2H,4.5,10.0,2.579586,3d6.(1G1).4p,2F*,3.5,8.0,12.261862,9.682277,128.05273,23000000.0,0.0045233,0.045233,0.00012005
3d7,a 2H,4.5,10.0,2.579586,3d5.(4G).4s.4p.(3P*),2G*,3.5,8.0,12.353218,9.773632,126.85581,45000000.0,0.0086853,0.086853,0.00023051
3d7,a 2H,4.5,10.0,2.579586,3d6.(1G1).4p,2G*,3.5,8.0,12.374683,9.795097,126.57782,60000000.0,0.01153,0.1153,0.000306
3d7,a 2H,4.5,10.0,2.579586,3d6.(3H).5p,2I*,5.5,12.0,13.668887,11.089301,111.80524,5000000.0,0.0011244,0.011244,2.9843e-05
3d6.(3P2).4s,b 4P,2.5,6.0,2.582659,3d6.(3P2).4s,b 4P,1.5,4.0,2.704349,0.12169,10188.56996,0.0216,2.241e-08,1.3446e-07,5.9477e-10
3d6.(3P2).4s,b 4P,2.5,6.0,2.582659,3d6.(3P2).4s,b 2P,1.5,4.0,3.197253,0.614593,2017.33775,0.058,2.3591e-09,1.4155e-08,6.2612e-11
3d6.(3P2).4s,b 4P,2.5,6.0,2.582659,3d6.(3G).4s,b 2G,4.5,10.0,3.767699,1.18504,1046.24489,0.00039,1.0667e-11,6.4002e-11,2.831e-13
3d6.(3P2).4s,b 4P,2.5,6.0,2.582659,3d6.(3D).4s,b 4D,1.5,4.0,3.888697,1.306037,949.31584,0.0172,1.5492e-10,9.2954e-10,4.1117e-12
3d6.(3P2).4s,b 4P,2.5,6.0,2.582659,3d6.(3D).4s,b 4D,2.5,6.0,3.891613,1.308954,947.20063,0.0272,3.6586e-10,2.1951e-09,9.7099e-12
3d6.(3P2).4s,b 4P,2.5,6.0,2.582659,3d6.(3D).4s,b 4D,3.5,8.0,3.903419,1.32076,938.73404,0.0426,7.504e-10,4.5024e-09,1.9916e-11
3d6.(3P2).4s,b 4P,2.5,6.0,2.582659,3d7,b 2F,2.5,6.0,3.944162,1.361503,910.64224,0.00151,1.8773e-11,1.1264e-10,4.9823e-13
3d6.(3P2).4s,b 4P,2.5,6.0,2.582659,3d7,b 2F,3.5,8.0,3.967376,1.384717,895.37574,0.00118,1.891e-11,1.1346e-10,5.0187e-13
3d6.(3P2).4s,b 4P,2.5,6.0,2.582659,3d6.(1G2).4s,c 2G,4.5,10.0,4.149316,1.566657,791.39338,0.002,3.1298e-11,1.8779e-10,8.3066e-13
3d6.(3P2).4s,b 4P,2.5,6.0,2.582659,3d6.(3D).4s,b 2D,2.5,6.0,4.494791,1.912131,648.40845,0.054,3.4037e-10,2.0422e-09,9.0334e-12
3d6.(3P2).4s,b 4P,2.5,6.0,2.582659,3d6.(1S2).4s,a 2S,0.5,2.0,4.615594,2.032935,609.87794,0.0105,1.9517e-11,1.171e-10,5.1798e-13
3d6.(3P2).4s,b 4P,2.5,6.0,2.582659,3d6.(1D2).4s,c 2D,2.5,6.0,4.73176,2.149101,576.91199,0.096,4.7902e-10,2.8741e-09,1.2713e-11
3d6.(3P2).4s,b 4P,2.5,6.0,2.582659,3d6.(1D2).4s,c 2D,1.5,4.0,4.737995,2.155335,575.24328,0.0253,8.3674e-11,5.0205e-10,2.2207e-12
3d6.(3P2).4s,b 4P,2.5,6.0,2.582659,3d6.(5D).4p,z 6D*,3.5,8.0,4.793236,2.210576,560.86822,100.0,6.2881e-07,3.7729e-06,1.6689e-08
3d6.(3P2).4s,b 4P,2.5,6.0,2.582659,3d6.(5D).4p,z 6F*,3.5,8.0,5.236728,2.654068,467.14774,3000.0,1.3087e-05,7.852e-05,3.4732e-07
3d6.(3P2).4s,b 4P,2.5,6.0,2.582659,3d6.(5D).4p,z 4D*,3.5,8.0,5.510714,2.928054,423.43543,720000.0,0.0025805,0.015483,6.8487e-05
3d6.(3P2).4s,b 4P,2.5,6.0,2.582659,3d6.(5D).4p,z 4F*,3.5,8.0,5.548766,2.966107,418.00315,170000.0,0.00059375,0.0035625,1.5758e-05
3d6.(3P2).4s,b 4P,2.5,6.0,2.582659,3d6.(5D).4p,z 4D*,2.5,6.0,5.552606,2.969946,417.46276,440000.0,0.0011496,0.0068976,3.051e-05
3d6.(3P2).4s,b 4P,2.5,6.0,2.582659,3d6.(5D).4p,z 4D*,1.5,4.0,5.584768,3.002109,412.9904,26000.0,4.4322e-05,0.00026593,1.1763e-06
3d6.(3P2).4s,b 4P,2.5,6.0,2.582659,3d6.(5D).4p,z 4F*,2.5,6.0,5.589195,3.006536,412.38221,30000.0,7.6486e-05,0.00045891,2.0299e-06
3d6.(3P2).4s,b 4P,2.5,6.0,2.582659,3d6.(5D).4p,z 4F*,1.5,4.0,5.615223,3.032563,408.84292,3000.0,5.0119e-06,3.0071e-05,1.3302e-07
3d6.(3P2).4s,b 4P,2.5,6.0,2.582659,3d6.(5D).4p,z 4P*,2.5,6.0,5.823225,3.240565,382.60053,3000.0,6.5837e-06,3.9502e-05,1.7473e-07
3d6.(3P2).4s,b 4P,2.5,6.0,2.582659,3d6.(3P2).4p,z 4S*,1.5,4.0,7.397324,4.814664,257.51369,240000000.0,0.15907,0.9544,0.0042216
3d6.(3P2).4s,b 4P,2.5,6.0,2.582659,3d6.(3P2).4p,y 4P*,2.5,6.0,7.488935,4.906275,252.70534,247000000.0,0.23648,1.4189,0.006276
3d6.(3P2).4s,b 4P,2.5,6.0,2.582659,3d6.(3P2).4p,z 2D*,2.5,6.0,7.574617,4.991958,248.3679,900000.0,0.00083233,0.004994,2.209e-05
3d6.(3P2).4s,b 4P,2.5,6.0,2.582659,3d6.(3P2).4p,y 4P*,1.5,4.0,7.604292,5.021633,246.90017,2600000.0,0.0015841,0.0095046,4.2042e-05
3d6.(3P2).4s,b 4P,2.5,6.0,2.582659,3d6.(3P2).4p,y 4D*,3.5,8.0,7.653057,5.070398,244.52559,278000000.0,0.33227,1.9936,0.0088185
3d6.(3P2).4s,b 4P,2.5,6.0,2.582659,3d6.(3F2).4p,y 4F*,3.5,8.0,7.695145,5.112485,242.51258,16100000.0,0.018927,0.11356,0.00050234
3d6.(3P2).4s,b 4P,2.5,6.0,2.582659,3d5.(6S).4s.4p.(3P*),y 6P*,3.5,8.0,7.708299,5.12564,241.8902,2000000.0,0.0023392,0.014035,6.2082e-05
3d6.(3P2).4s,b 4P,2.5,6.0,2.582659,3d6.(3P2).4p,y 4D*,2.5,6.0,7.772554,5.189894,238.89542,21000000.0,0.017968,0.10781,0.00047686
3d6.(3P2).4s,b 4P,2.5,6.0,2.582659,3d6.(3P2).4p,y 4D*,1.5,4.0,7.80632,5.22366,237.35119,3300000.0,0.0018581,0.011148,4.9314e-05
3d6.(3P2).4s,b 4P,2.5,6.0,2.582659,3d6.(3P2).4p,z 2P*,1.5,4.0,8.0384,5.455741,227.25457,3100000.0,0.0016001,0.0096008,4.2467e-05
3d6.(3P2).4s,b 4P,2.5,6.0,2.582659,3d5.(4D).4s.4p.(3P*),6D*,2.5,6.0,11.633556,9.050897,136.98554,53000000.0,0.01491,0.089461,0.00039572
3d6.(3P2).4s,b 4P,2.5,6.0,2.582659,3d5.(4P).4s.4p.(3P*),4P*,2.5,6.0,11.680723,9.098063,136.27537,90000000.0,0.025057,0.15034,0.00066502
3d6.(3P2).4s,b 4P,2.5,6.0,2.582659,3d5.(4D).4s.4p.(3P*),6P*,2.5,6.0,11.739454,9.156795,135.40131,5000000.0,0.0013743,0.0082457,3.6473e-05
3d6.(3P2).4s,b 4P,2.5,6.0,2.582659,3d5.(4P).4s.4p.(3P*),4P*,1.5,4.0,11.746156,9.163496,135.30228,22000000.0,0.0040253,0.024152,0.00010683
3d6.(3P2).4s,b 4P,2.5,6.0,2.582659,3d5.(4P).4s.4p.(3P*),2P*,1.5,4.0,12.066949,9.484289,130.72588,26000000.0,0.0044408,0.026645,0.00011786
3d6.(3P2).4s,b 4P,2.5,6.0,2.582659,3d5.(4P).4s.4p.(3P*),4S*,1.5,4.0,12.192402,9.609743,129.01927,170000000.0,0.028283,0.1697,0.00075063
3d6.(3P2).4s,b 4P,2.5,6.0,2.582659,3d5.(4D).4s.4p.(3P*),4D*,3.5,8.0,12.198969,9.616309,128.93117,27000000.0,0.0089718,0.053831,0.00023811
3d6.(3P2).4s,b 4P,2.5,6.0,2.582659,3d5.(4D).4s.4p.(3P*),4D*,2.5,6.0,12.213066,9.630407,128.74243,6000000.0,0.0014909,0.0089455,3.9569e-05
3d6.(3P2).4s,b 4P,2.5,6.0,2.582659,3d5.(4D).4s.4p.(3P*),4F*,3.5,8.0,12.216908,9.634249,128.69109,16000000.0,0.0052968,0.031781,0.00014058
3d6.(3P2).4s,b 4P,2.5,6.0,2.582659,3d5.(4D).4s.4p.(3P*),4P*,2.5,6.0,12.609999,10.027339,123.64616,8000000.0,0.0018336,0.011002,4.8664e-05
3d6.(3P2).4s,b 4P,2.5,6.0,2.582659,3d5.(2D3).4s.4p.(3P*),4P*,2.5,6.0,13.21576,10.633101,116.60211,260000000.0,0.052996,0.31798,0.0014065
3d6.(3P2).4s,b 4P,2.5,6.0,2.582659,3d5.(2D3).4s.4p.(3P*),4P*,1.5,4.0,13.246681,10.664022,116.26402,100000000.0,0.01351,0.081061,0.00035856
3d6.(3P2).4s,b 4P,2.5,6.0,2.582659,3d5.(2D3).4s.4p.(3P*),4D*,2.5,6.0,13.268532,10.685873,116.02627,32000000.0,0.0064584,0.03875,0.0001714
3d6.(3P2).4s,b 4P,2.5,6.0,2.582659,3d5.(2D3).4s.4p.(3P*),4D*,3.5,8.0,13.271067,10.688408,115.99876,140000000.0,0.037656,0.22594,0.00099939
3d6.(3P2).4s,b 4P,2.5,6.0,2.582659,3d6.(5D).6p,6F*,3.5,8.0,13.332002,10.749343,115.34119,21000000.0,0.0055845,0.033507,0.00014821
3d6.(3P2).4s,b 4P,2.5,6.0,2.582659,3d5.(4F).4s.4p.(3P*),6D*,3.5,8.0,13.376267,10.793607,114.86817,90000000.0,0.023738,0.14243,0.00063
3d6.(3P2).4s,b 4P,2.5,6.0,2.582659,3d5.(4F).4s.4p.(3P*),6D*,2.5,6.0,13.406479,10.823819,114.54755,15000000.0,0.0029507,0.017704,7.8311e-05
3d6.(3P2).4s,b 4P,2.5,6.0,2.582659,3d5.(4F).4s.4p.(3P*),6D*,1.5,4.0,13.414085,10.831426,114.46711,21000000.0,0.0027501,0.016501,7.2988e-05
3d6.(3P2).4s,b 4P,2.5,6.0,2.582659,3d5.(2F1).4s.4p.(3P*),4D*,3.5,8.0,13.419972,10.837313,114.40493,17000000.0,0.0044477,0.026686,0.00011804
3d6.(3P2).4s,b 4P,2.5,6.0,2.582659,3d5.(2F1).4s.4p.(3P*),4F*,3.5,8.0,13.454597,10.871938,114.04057,60000000.0,0.015598,0.093588,0.00041397
3d6.(3P2).4s,b 4P,2.5,6.0,2.582659,3d6.(3P2).5p,4D*,3.5,8.0,13.582479,10.99982,112.71476,50000000.0,0.012698,0.076187,0.000337
3d6.(3P2).4s,b 4P,2.5,6.0,2.582659,3d6.(3P2).5p,4D*,2.5,6.0,13.701069,11.11841,111.51253,9000000.0,0.0016778,0.010067,4.453e-05
3d6.(3H).4s,a 4H,6.5,14.0,2.634861,3d6.(3G).4s,a 4G,5.5,12.0,3.152768,0.517908,2393.94465,0.0219,1.6128e-09,2.2579e-08,4.2804e-11
3d6.(3H).4s,a 4H,6.5,14.0,2.634861,3d6.(3H).4s,b 2H,5.5,12.0,3.244689,0.609828,2033.09981,0.0178,9.4548e-10,1.3237e-08,2.5093e-11
3d6.(3H).4s,a 4H,6.5,14.0,2.634861,3d6.(1I).4s,a 2I,6.5,14.0,4.07606,1.441199,860.2848,0.109,1.2094e-09,1.6932e-08,3.2098e-11
3d6.(3H).4s,a 4H,6.5,14.0,2.634861,3d6.(1I).4s,a 2I,5.5,12.0,4.080305,1.445445,857.75799,0.00158,1.4938e-11,2.0914e-10,3.9646e-13
3d6.(3H).4s,a 4H,6.5,14.0,2.634861,3d6.(3H).4p,z 4G*,5.5,12.0,7.516597,4.881737,253.97559,193000000.0,0.15998,2.2397,0.0042458
3d6.(3H).4s,a 4H,6.5,14.0,2.634861,3d6.(3H).4p,z 4H*,6.5,14.0,7.542896,4.908036,252.61471,191000000.0,0.18273,2.5582,0.0048497
3d6.(3H).4s,a 4H,6.5,14.0,2.634861,3d6.(3H).4p,z 4H*,5.5,12.0,7.549101,4.91424,252.29575,4200000.0,0.0034354,0.048096,9.1176e-05
3d6.(3H).4s,a 4H,6.5,14.0,2.634861,3d6.(3H).4p,z 4I*,7.5,16.0,7.606129,4.971268,249.40154,304000000.0,0.32398,4.5358,0.0085985
3d6.(3H).4s,a 4H,6.5,14.0,2.634861,3d6.(3H).4p,z 4I*,6.5,14.0,7.628451,4.993591,248.28666,65000000.0,0.060073,0.84102,0.0015943
3d6.(3H).4s,a 4H,6.5,14.0,2.634861,3d6.(3H).4p,z 4I*,5.5,12.0,7.63584,5.00098,247.91982,3100000.0,0.0024485,0.034279,6.4983e-05
3d6.(3H).4s,a 4H,6.5,14.0,2.634861,3d6.(3H).4p,z 2I*,6.5,14.0,7.72337,5.088509,243.65526,1000000.0,0.00089004,0.012461,2.3622e-05
3d6.(3H).4s,a 4H,6.5,14.0,2.634861,3d6.(3H).4p,z 2I*,5.5,12.0,7.769129,5.134269,241.48366,1050000.0,0.00078682,0.011016,2.0882e-05
3d6.(3H).4s,a 4H,6.5,14.0,2.634861,3d6.(3F2).4p,y 4G*,5.5,12.0,7.919655,5.284794,234.60553,73000000.0,0.051631,0.72284,0.0013703
3d6.(3H).4s,a 4H,6.5,14.0,2.634861,3d6.(3H).4p,z 2H*,5.5,12.0,8.104054,5.469194,226.69556,3300000.0,0.0021793,0.03051,5.7838e-05
3d6.(3H).4s,a 4H,6.5,14.0,2.634861,3d6.(3G).4p,x 4G*,5.5,12.0,8.130892,5.496031,225.5886,2300000.0,0.0015041,0.021057,3.9919e-05
3d6.(3H).4s,a 4H,6.5,14.0,2.634861,3d6.(3G).4p,y 4H*,6.5,14.0,8.234003,5.599142,221.43427,33000000.0,0.024258,0.33962,0.00064382
3d6.(3H).4s,a 4H,6.5,14.0,2.634861,3d6.(3G).4p,y 4H*,5.5,12.0,8.240429,5.605568,221.18042,2800000.0,0.0017602,0.024643,4.6716e-05
3d6.(3H).4s,a 4H,6.5,14.0,2.634861,3d6.(3G).4p,y 2H*,5.5,12.0,8.370958,5.736097,216.14731,600000.0,0.00036022,0.005043,9.5601e-06
3d6.(3H).4s,a 4H,6.5,14.0,2.634861,3d5.(4G).4s.4p.(3P*),x 4H*,6.5,14.0,11.437529,8.802668,140.84843,80000000.0,0.023793,0.33311,0.00063147
3d6.(3H).4s,a 4H,6.5,14.0,2.634861,3d5.(4G).4s.4p.(3P*),w 4G*,5.5,12.0,11.678014,9.043154,137.10283,170000000.0,0.041063,0.57489,0.0010898
3d6.(3H).4s,a 4H,6.5,14.0,2.634861,3d5.(2I).4s.4p.(3P*),4I*,7.5,16.0,12.799183,10.164322,121.9798,110000000.0,0.028043,0.3926,0.00074425
3d6.(3H).4s,a 4H,6.5,14.0,2.634861,3d5.(2I).4s.4p.(3P*),4H*,6.5,14.0,12.97608,10.34122,119.89321,340000000.0,0.07327,1.0258,0.0019446
3d6.(3H).4s,a 4H,6.5,14.0,2.634861,3d5.(2I).4s.4p.(3P*),4H*,5.5,12.0,12.995615,10.360754,119.66715,21000000.0,0.0038644,0.054102,0.00010256
3d6.(3H).4s,a 4H,6.5,14.0,2.634861,3d6.(3H).5p,4G*,5.5,12.0,13.450287,10.815426,114.63644,70000000.0,0.011821,0.16549,0.00031373
3d6.(3H).4s,a 4H,6.5,14.0,2.634861,3d6.(3H).5p,4H*,6.5,14.0,13.480698,10.845837,114.31501,41000000.0,0.0080325,0.11245,0.00021318
3d6.(3H).4s,a 4H,6.5,14.0,2.634861,3d5.(2I).4s.4p.(3P*),2I*,6.5,14.0,13.532827,10.897966,113.7682,16000000.0,0.0031047,0.043466,8.2399e-05
3d7,a 2D2,1.5,4.0,2.641855,3d6.(3P2).4s,b 2P,1.5,4.0,3.197253,0.555397,2232.35088,0.0025,1.8678e-10,7.4711e-10,4.9571e-12
3d7,a 2D2,1.5,4.0,2.641855,3d6.(3P2).4s,b 2P,0.5,2.0,3.339234,0.697378,1777.86128,0.0063,1.4927e-10,5.9707e-10,3.9616e-12
3d7,a 2D2,1.5,4.0,2.641855,3d6.(3F2).4s,a 2F,2.5,6.0,3.424494,0.782638,1584.18245,0.00088,4.9664e-11,1.9866e-10,1.3181e-12
3d7,a 2D2,1.5,4.0,2.641855,3d6.(3G).4s,b 2G,3.5,8.0,3.814309,1.172453,1057.47653,0.00734,2.4611e-10,9.8444e-10,6.5317e-12
3d7,a 2D2,1.5,4.0,2.641855,3d7,b 2F,2.5,6.0,3.944162,1.302307,952.03502,0.00763,1.5552e-10,6.2207e-10,4.1275e-12
3d7,a 2D2,1.5,4.0,2.641855,3d7,b 2F,3.5,8.0,3.967376,1.325521,935.36182,0.00065,1.7051e-11,6.8206e-11,4.5255e-13
3d7,a 2D2,1.5,4.0,2.641855,3d6.(1G2).4s,c 2G,3.5,8.0,4.153631,1.511776,820.12275,0.0254,5.1225e-10,2.049e-09,1.3595e-11
3d7,a 2D2,1.5,4.0,2.641855,3d6.(3D).4s,b 2D,1.5,4.0,4.479104,1.837249,674.8361,0.0453,3.0928e-10,1.2371e-09,8.2083e-12
3d7,a 2D2,1.5,4.0,2.641855,3d6.(3D).4s,b 2D,2.5,6.0,4.494791,1.852935,669.12315,0.0542,5.4571e-10,2.1828e-09,1.4483e-11
3d7,a 2D2,1.5,4.0,2.641855,3d6.(1S2).4s,a 2S,0.5,2.0,4.615594,1.973739,628.16919,0.194,5.7383e-10,2.2953e-09,1.5229e-11
3d7,a 2D2,1.5,4.0,2.641855,3d6.(1D2).4s,c 2D,2.5,6.0,4.73176,2.089905,593.25279,0.024,1.8995e-10,7.598e-10,5.0413e-12
3d7,a 2D2,1.5,4.0,2.641855,3d6.(1D2).4s,c 2D,1.5,4.0,4.737995,2.096139,591.48835,0.129,6.7662e-10,2.7065e-09,1.7957e-11
3d7,a 2D2,1.5,4.0,2.641855,3d6.(3P2).4p,z 2D*,1.5,4.0,7.702593,5.060738,244.99233,1500000.0,0.0013498,0.005399,3.5823e-05
3d7,a 2D2,1.5,4.0,2.641855,3d6.(3F2).4p,z 2F*,2.5,6.0,7.987732,5.345877,231.9249,8000000.0,0.0096769,0.038708,0.00025682
3d7,a 2D2,1.5,4.0,2.641855,3d6.(3P2).4p,z 2P*,0.5,2.0,8.034981,5.393126,229.89301,34000000.0,0.01347,0.053879,0.00035749
3d7,a 2D2,1.5,4.0,2.641855,3d6.(3P2).4p,z 2P*,1.5,4.0,8.0384,5.396545,229.74737,2900000.0,0.0022949,0.0091795,6.0906e-05
3d7,a 2D2,1.5,4.0,2.641855,3d6.(3P2).4p,z 2S*,0.5,2.0,8.213785,5.57193,222.51571,25000000.0,0.0092788,0.037115,0.00024626
3d7,a 2D2,1.5,4.0,2.641855,3d6.(3G).4p,x 4F*,2.5,6.0,8.247715,5.60586,221.16891,1100000.0,0.00121,0.0048401,3.2114e-05
3d7,a 2D2,1.5,4.0,2.641855,3d6.(3G).4p,x 4F*,1.5,4.0,8.258917,5.617062,220.72785,6000000.0,0.0043825,0.01753,0.00011631
3d7,a 2D2,1.5,4.0,2.641855,3d6.(3F2).4p,y 2D*,2.5,6.0,8.307007,5.665152,218.85415,3000000.0,0.0032313,0.012925,8.576e-05
3d7,a 2D2,1.5,4.0,2.641855,3d6.(3F2).4p,y 2D*,1.5,4.0,8.340892,5.699037,217.55289,18000000.0,0.012772,0.051088,0.00033897
3d7,a 2D2,1.5,4.0,2.641855,3d6.(3G).4p,y 2F*,2.5,6.0,8.635559,5.993704,206.8574,41000000.0,0.039453,0.15781,0.0010471
3d7,a 2D2,1.5,4.0,2.641855,3d6.(1G2).4p,x 2F*,2.5,6.0,9.057655,6.4158,193.24824,30000000.0,0.025194,0.10078,0.00066866
3d7,a 2D2,1.5,4.0,2.641855,3d6.(3D).4p,x 2D*,1.5,4.0,9.236586,6.594731,188.00493,31000000.0,0.016427,0.065708,0.00043597
3d7,a 2D2,1.5,4.0,2.641855,3d6.(3D).4p,x 2D*,2.5,6.0,9.250072,6.608217,187.62126,9000000.0,0.0071245,0.028498,0.00018909
3d7,a 2D2,1.5,4.0,2.641855,3d6.(3D).4p,w 2F*,2.5,6.0,9.41227,6.770415,183.12643,26000000.0,0.019608,0.078431,0.00052039
3d7,a 2D2,1.5,4.0,2.641855,3d6.(1S2).4p,x 2P*,0.5,2.0,9.494392,6.852537,180.93182,170000000.0,0.041717,0.16687,0.0011072
3d7,a 2D2,1.5,4.0,2.641855,3d6.(1D2).4p,v 2F*,2.5,6.0,9.638871,6.997016,177.19583,7000000.0,0.0049426,0.01977,0.00013118
3d7,a 2D2,1.5,4.0,2.641855,3d6.(1D2).4p,w 2D*,1.5,4.0,9.731166,7.08931,174.88894,22000000.0,0.010088,0.040352,0.00026774
3d7,a 2D2,1.5,4.0,2.641855,3d6.(1D2).4p,w 2P*,0.5,2.0,9.775146,7.133291,173.81065,23000000.0,0.0052085,0.020834,0.00013823
3d7,a 2D2,1.5,4.0,2.641855,3d6.(1D2).4p,w 2P*,1.5,4.0,9.824937,7.183082,172.60585,22000000.0,0.0098264,0.039305,0.00026079
3d7,a 2D2,1.5,4.0,2.641855,3d5.(6S).4s.4p.(1P*),x 6P*,1.5,4.0,9.825243,7.183387,172.59851,15000000.0,0.0066992,0.026797,0.0001778
3d7,a 2D2,1.5,4.0,2.641855,3d6.(1F).4p,v 2D*,1.5,4.0,10.45928,7.817424,158.5998,90000000.0,0.03394,0.13576,0.00090076
3d7,a 2D2,1.5,4.0,2.641855,3d6.(1F).4p,u 2F*,2.5,6.0,10.730513,8.088658,153.28154,23000000.0,0.012152,0.048609,0.00032252
3d6.(3H).4s,a 4H,5.5,12.0,2.657026,3d6.(3F2).4s,b 4F,4.5,10.0,2.806654,0.149629,8286.11196,0.00136,1.1666e-09,1.3999e-08,3.0961e-11
3d6.(3H).4s,a 4H,5.5,12.0,2.657026,3d6.(3G).4s,a 4G,5.5,12.0,3.152768,0.495742,2500.97981,0.0126,1.1815e-09,1.4179e-08,3.1358e-11
3d6.(3H).4s,a 4H,5.5,12.0,2.657026,3d6.(3G).4s,a 4G,4.5,10.0,3.199453,0.542427,2285.72966,0.00346,2.2584e-10,2.7101e-09,5.9938e-12
3d6.(3H).4s,a 4H,5.5,12.0,2.657026,3d6.(3H).4s,b 2H,5.5,12.0,3.244689,0.587663,2109.78273,0.0032,2.1354e-10,2.5625e-09,5.6674e-12
3d6.(3H).4s,a 4H,5.5,12.0,2.657026,3d6.(3H).4s,b 2H,4.5,10.0,3.267327,0.610301,2031.5249,0.00035,1.8046e-11,2.1656e-10,4.7895e-13
3d6.(3H).4s,a 4H,5.5,12.0,2.657026,3d6.(3G).4s,b 2G,4.5,10.0,3.767699,1.110674,1116.29709,0.0225,3.5028e-10,4.2034e-09,9.2965e-12
3d6.(3H).4s,a 4H,5.5,12.0,2.657026,3d6.(1I).4s,a 2I,6.5,14.0,4.07606,1.419034,873.72228,0.0439,5.8616e-10,7.0339e-09,1.5557e-11
3d6.(3H).4s,a 4H,5.5,12.0,2.657026,3d6.(1I).4s,a 2I,5.5,12.0,4.080305,1.42328,871.11604,0.0401,4.562e-10,5.4744e-09,1.2108e-11
3d6.(3H).4s,a 4H,5.5,12.0,2.657026,3d6.(1G2).4s,c 2G,4.5,10.0,4.149316,1.492291,830.83129,0.233,2.0094e-09,2.4112e-08,5.3329e-11
3d6.(3H).4s,a 4H,5.5,12.0,2.657026,3d6.(5D).4p,z 6F*,4.5,10.0,5.221574,2.564549,483.45422,500.0,1.46e-06,1.752e-05,3.8749e-08
3d6.(3H).4s,a 4H,5.5,12.0,2.657026,3d6.(5D).4p,z 4F*,4.5,10.0,5.484136,2.82711,438.55449,7000.0,1.682e-05,0.00020184,4.464e-07
3d6.(3H).4s,a 4H,5.5,12.0,2.657026,3d6.(3H).4p,z 4G*,5.5,12.0,7.516597,4.859572,255.134,1600000.0,0.0015614,0.018737,4.144e-05
3d6.(3H).4s,a 4H,5.5,12.0,2.657026,3d6.(3H).4p,z 4G*,4.5,10.0,7.539137,4.882111,253.95611,141000000.0,0.11361,1.3633,0.0030152
3d6.(3H).4s,a 4H,5.5,12.0,2.657026,3d6.(3H).4p,z 4H*,6.5,14.0,7.542896,4.885871,253.76071,68000000.0,0.076589,0.91906,0.0020327
3d6.(3H).4s,a 4H,5.5,12.0,2.657026,3d6.(3H).4p,z 4H*,5.5,12.0,7.549101,4.892075,253.43885,192000000.0,0.18489,2.2186,0.0049069
3d6.(3H).4s,a 4H,5.5,12.0,2.657026,3d6.(3H).4p,z 4H*,4.5,10.0,7.561727,4.904702,252.78642,37000000.0,0.029538,0.35446,0.00078395
3d6.(3H).4s,a 4H,5.5,12.0,2.657026,3d6.(3H).4p,z 4I*,4.5,10.0,7.626594,4.969569,249.48685,2970000.0,0.0023096,0.027715,6.1296e-05
3d6.(3H).4s,a 4H,5.5,12.0,2.657026,3d6.(3H).4p,z 4I*,6.5,14.0,7.628451,4.971426,249.39364,202000000.0,0.21975,2.637,0.0058322
3d6.(3H).4s,a 4H,5.5,12.0,2.657026,3d6.(3H).4p,z 4I*,5.5,12.0,7.63584,4.978815,249.02353,51000000.0,0.047414,0.56897,0.0012584
3d6.(3H).4s,a 4H,5.5,12.0,2.657026,3d6.(3H).4p,z 2G*,4.5,10.0,7.697326,5.0403,245.98575,5900000.0,0.0044602,0.053522,0.00011837
3d6.(3H).4s,a 4H,5.5,12.0,2.657026,3d6.(3F2).4p,y 4F*,4.5,10.0,7.706625,5.0496,245.53272,8000000.0,0.0060254,0.072305,0.00015991
3d6.(3H).4s,a 4H,5.5,12.0,2.657026,3d6.(3H).4p,z 2I*,6.5,14.0,7.72337,5.066344,244.72124,30000000.0,0.031425,0.3771,0.00083401
3d6.(3H).4s,a 4H,5.5,12.0,2.657026,3d6.(3F2).4p,y 4G*,5.5,12.0,7.919655,5.262629,235.59363,16000000.0,0.013314,0.15977,0.00035335
3d6.(3H).4s,a 4H,5.5,12.0,2.657026,3d6.(3F2).4p,y 4G*,4.5,10.0,7.928641,5.271616,235.19203,72000000.0,0.049757,0.59709,0.0013206
3d6.(3H).4s,a 4H,5.5,12.0,2.657026,3d6.(3G).4p,x 4G*,5.5,12.0,8.130892,5.473866,226.50206,2200000.0,0.0016921,0.020305,4.4908e-05
3d6.(3H).4s,a 4H,5.5,12.0,2.657026,3d6.(3G).4p,x 4G*,4.5,10.0,8.145273,5.488247,225.90856,1000000.0,0.00063759,0.0076511,1.6922e-05
3d6.(3H).4s,a 4H,5.5,12.0,2.657026,3d6.(3G).4p,x 4F*,4.5,10.0,8.184541,5.527515,224.30367,1300000.0,0.00081714,0.0098056,2.1687e-05
3d6.(3H).4s,a 4H,5.5,12.0,2.657026,3d6.(3G).4p,y 4H*,6.5,14.0,8.234003,5.576977,222.31433,2600000.0,0.0022476,0.026971,5.9651e-05
3d6.(3H).4s,a 4H,5.5,12.0,2.657026,3d6.(3G).4p,y 4H*,5.5,12.0,8.240429,5.583403,222.05846,24000000.0,0.017742,0.21291,0.00047088
3d6.(3H).4s,a 4H,5.5,12.0,2.657026,3d6.(3G).4p,y 4H*,4.5,10.0,8.255989,5.598963,221.44134,4600000.0,0.0028181,0.033817,7.4792e-05
3d6.(3H).4s,a 4H,5.5,12.0,2.657026,3d6.(3G).4p,y 2H*,5.5,12.0,8.370958,5.713932,216.98577,1700000.0,0.0012,0.0144,3.1847e-05
3d6.(3H).4s,a 4H,5.5,12.0,2.657026,3d5.(4G).4s.4p.(3P*),x 4H*,5.5,12.0,11.427179,8.770154,141.37061,80000000.0,0.02397,0.28764,0.00063616
3d6.(3H).4s,a 4H,5.5,12.0,2.657026,3d5.(4D).4s.4p.(3P*),6D*,4.5,10.0,11.661672,9.004646,137.68914,8000000.0,0.0018948,0.022738,5.0288e-05
3d6.(3H).4s,a 4H,5.5,12.0,2.657026,3d5.(4G).4s.4p.(3P*),w 4G*,4.5,10.0,11.672913,9.015887,137.51747,170000000.0,0.040165,0.48197,0.001066
3d6.(3H).4s,a 4H,5.5,12.0,2.657026,3d5.(2I).4s.4p.(3P*),4K*,6.5,14.0,12.707155,10.050129,123.36577,38000000.0,0.010115,0.12138,0.00026846
3d6.(3H).4s,a 4H,5.5,12.0,2.657026,3d5.(2I).4s.4p.(3P*),4I*,6.5,14.0,12.785375,10.128349,122.41303,130000000.0,0.034073,0.40887,0.00090429
3d6.(3H).4s,a 4H,5.5,12.0,2.657026,3d5.(2I).4s.4p.(3P*),4H*,6.5,14.0,12.97608,10.319055,120.15073,9000000.0,0.0022725,0.02727,6.0312e-05
3d6.(3H).4s,a 4H,5.5,12.0,2.657026,3d5.(2I).4s.4p.(3P*),4H*,5.5,12.0,12.995615,10.338589,119.92371,280000000.0,0.060371,0.72445,0.0016022
3d6.(3H).4s,a 4H,5.5,12.0,2.657026,3d5.(2I).4s.4p.(3P*),4H*,4.5,10.0,13.010618,10.353592,119.74993,30000000.0,0.0053746,0.064496,0.00014264
3d6.(3H).4s,a 4H,5.5,12.0,2.657026,3d6.(3H).5p,4G*,4.5,10.0,13.461096,10.80407,114.75693,60000000.0,0.0098716,0.11846,0.00026199
3d6.(3H).4s,a 4H,5.5,12.0,2.657026,3d5.(4G).4s.(5G).4p,4H*,5.5,12.0,13.490697,10.833672,114.44338,45000000.0,0.008836,0.10603,0.00023451
3d6.(3H).4s,a 4H,5.5,12.0,2.657026,3d5.(2H).4s.4p.(3P*),4H*,5.5,12.0,13.635861,10.978835,112.93019,37000000.0,0.0070743,0.084891,0.00018775
3d6.(3H).4s,a 4H,4.5,10.0,2.675779,3d6.(3F2).4s,b 4F,4.5,10.0,2.806654,0.130875,9473.46556,0.00142,1.9106e-09,1.9106e-08,5.0707e-11
3d6.(3H).4s,a 4H,4.5,10.0,2.675779,3d6.(3G).4s,a 4G,4.5,10.0,3.199453,0.523674,2367.58574,0.0183,1.5379e-09,1.5379e-08,4.0815e-11
3d6.(3H).4s,a 4H,4.5,10.0,2.675779,3d6.(3G).4s,a 4G,3.5,8.0,3.221313,0.545534,2272.71179,0.00339,2.1001e-10,2.1001e-09,5.5736e-12
3d6.(3H).4s,a 4H,4.5,10.0,2.675779,3d6.(3H).4s,b 2H,5.5,12.0,3.244689,0.56891,2179.33017,0.00121,1.0339e-10,1.0339e-09,2.7439e-12
3d6.(3H).4s,a 4H,4.5,10.0,2.675779,3d6.(3H).4s,b 2H,4.5,10.0,3.267327,0.591547,2095.92986,0.00158,1.0406e-10,1.0406e-09,2.7617e-12
3d6.(3H).4s,a 4H,4.5,10.0,2.675779,3d6.(3F2).4s,a 2F,3.5,8.0,3.386618,0.710839,1744.19522,0.0107,3.9041e-10,3.9041e-09,1.0362e-11
3d6.(3H).4s,a 4H,4.5,10.0,2.675779,3d6.(3G).4s,b 2G,4.5,10.0,3.767699,1.09192,1135.46945,0.0065,1.2564e-10,1.2564e-09,3.3345e-12
3d6.(3H).4s,a 4H,4.5,10.0,2.675779,3d6.(3G).4s,b 2G,3.5,8.0,3.814309,1.138529,1088.98552,0.0225,3.2002e-10,3.2002e-09,8.4933e-12
3d6.(3H).4s,a 4H,4.5,10.0,2.675779,3d7,b 2F,3.5,8.0,3.967376,1.291597,959.9293,0.0043,4.7522e-11,4.7522e-10,1.2612e-12
3d6.(3H).4s,a 4H,4.5,10.0,2.675779,3d6.(1I).4s,a 2I,5.5,12.0,4.080305,1.404526,882.74746,0.0424,5.944e-10,5.944e-09,1.5775e-11
3d6.(3H).4s,a 4H,4.5,10.0,2.675779,3d6.(1G2).4s,c 2G,4.5,10.0,4.149316,1.473537,841.40527,0.023,2.4412e-10,2.4412e-09,6.4789e-12
3d6.(3H).4s,a 4H,4.5,10.0,2.675779,3d6.(1G2).4s,c 2G,3.5,8.0,4.153631,1.477852,838.94866,0.152,1.2831e-09,1.2831e-08,3.4054e-11
3d6.(3H).4s,a 4H,4.5,10.0,2.675779,3d6.(5D).4p,z 6F*,3.5,8.0,5.236728,2.560948,484.13391,400.0,1.1245e-06,1.1245e-05,2.9843e-08
3d6.(3H).4s,a 4H,4.5,10.0,2.675779,3d6.(5D).4p,z 4F*,4.5,10.0,5.484136,2.808357,441.48308,2200.0,6.4285e-06,6.4285e-05,1.7061e-07
3d6.(3H).4s,a 4H,4.5,10.0,2.675779,3d6.(3H).4p,z 4G*,4.5,10.0,7.539137,4.863358,254.9354,27000000.0,0.026308,0.26308,0.00069821
3d6.(3H).4s,a 4H,4.5,10.0,2.675779,3d6.(3H).4p,z 4H*,5.5,12.0,7.549101,4.873322,254.41414,67000000.0,0.078019,0.78019,0.0020706
3d6.(3H).4s,a 4H,4.5,10.0,2.675779,3d6.(3H).4p,z 4G*,3.5,8.0,7.557678,4.881898,253.96719,128000000.0,0.099018,0.99018,0.0026279
3d6.(3H).4s,a 4H,4.5,10.0,2.675779,3d6.(3H).4p,z 4H*,4.5,10.0,7.561727,4.885948,253.75669,169000000.0,0.16315,1.6315,0.0043299
3d6.(3H).4s,a 4H,4.5,10.0,2.675779,3d6.(3H).4p,z 4H*,3.5,8.0,7.58248,4.906701,252.68342,35000000.0,0.026802,0.26802,0.00071133
3d6.(3H).4s,a 4H,4.5,10.0,2.675779,3d6.(3H).4p,z 4I*,4.5,10.0,7.626594,4.950815,250.4319,25300000.0,0.023788,0.23788,0.00063134
3d6.(3H).4s,a 4H,4.5,10.0,2.675779,3d6.(3H).4p,z 4I*,5.5,12.0,7.63584,4.960061,249.96507,212000000.0,0.23831,2.3831,0.0063246
3d6.(3H).4s,a 4H,4.5,10.0,2.675779,3d6.(3F2).4p,y 4F*,3.5,8.0,7.695145,5.019365,247.0117,2200000.0,0.0016099,0.016099,4.2728e-05
3d6.(3H).4s,a 4H,4.5,10.0,2.675779,3d6.(3H).4p,z 2G*,4.5,10.0,7.697326,5.021546,246.90442,10000000.0,0.0091394,0.091394,0.00024256
3d6.(3H).4s,a 4H,4.5,10.0,2.675779,3d6.(3H).4p,z 2G*,3.5,8.0,7.726998,5.051219,245.45401,16000000.0,0.011561,0.11561,0.00030684
3d6.(3H).4s,a 4H,4.5,10.0,2.675779,3d6.(3H).4p,z 2I*,5.5,12.0,7.769129,5.09335,243.42368,13000000.0,0.013858,0.13858,0.0003678
3d6.(3H).4s,a 4H,4.5,10.0,2.675779,3d6.(3F2).4p,y 4G*,5.5,12.0,7.919655,5.243876,236.43619,2600000.0,0.0026148,0.026148,6.9397e-05
3d6.(3H).4s,a 4H,4.5,10.0,2.675779,3d6.(3F2).4p,y 4G*,4.5,10.0,7.928641,5.252862,236.03171,23000000.0,0.01921,0.1921,0.00050983
3d6.(3H).4s,a 4H,4.5,10.0,2.675779,3d6.(3F2).4p,y 4G*,3.5,8.0,7.940059,5.264279,235.5198,81000000.0,0.053888,0.53888,0.0014302
3d6.(3H).4s,a 4H,4.5,10.0,2.675779,3d6.(3F2).4p,z 2F*,3.5,8.0,7.970492,5.294713,234.16605,5300000.0,0.0034856,0.034856,9.2507e-05
3d6.(3H).4s,a 4H,4.5,10.0,2.675779,3d6.(3F2).4p,y 2G*,3.5,8.0,8.072573,5.396794,229.73678,4600000.0,0.0029118,0.029118,7.728e-05
3d6.(3H).4s,a 4H,4.5,10.0,2.675779,3d6.(3G).4p,x 4G*,4.5,10.0,8.145273,5.469493,226.68315,600000.0,0.00046222,0.0046222,1.2267e-05
3d6.(3H).4s,a 4H,4.5,10.0,2.675779,3d6.(3G).4p,x 4G*,3.5,8.0,8.174447,5.498667,225.48045,1100000.0,0.00067075,0.0067075,1.7802e-05
3d6.(3H).4s,a 4H,4.5,10.0,2.675779,3d6.(3G).4p,x 4F*,4.5,10.0,8.184541,5.508762,225.06727,900000.0,0.00068348,0.0068348,1.814e-05
3d6.(3H).4s,a 4H,4.5,10.0,2.675779,3d6.(3G).4p,y 4H*,5.5,12.0,8.240429,5.56465,222.80683,2500000.0,0.0022327,0.022327,5.9257e-05
3d6.(3H).4s,a 4H,4.5,10.0,2.675779,3d6.(3G).4p,y 4H*,4.5,10.0,8.255989,5.58021,222.18555,25000000.0,0.018503,0.18503,0.00049106
3d6.(3H).4s,a 4H,4.5,10.0,2.675779,3d6.(3G).4p,y 4H*,3.5,8.0,8.266316,5.590537,221.77512,4100000.0,0.0024186,0.024186,6.4189e-05
3d6.(3H).4s,a 4H,4.5,10.0,2.675779,3d6.(3G).4p,y 2H*,5.5,12.0,8.370958,5.695179,217.70028,900000.0,0.00076736,0.0076736,2.0366e-05
3d6.(3H).4s,a 4H,4.5,10.0,2.675779,3d5.(4G).4s.4p.(3P*),x 4H*,4.5,10.0,11.420994,8.745215,141.77376,64000000.0,0.019286,0.19286,0.00051184
3d6.(3H).4s,a 4H,4.5,10.0,2.675779,3d6.(3F1).4p,u 2G*,4.5,10.0,11.427833,8.752054,141.66297,11000000.0,0.0033095,0.033095,8.7835e-05
3d6.(3H).4s,a 4H,4.5,10.0,2.675779,3d5.(4G).4s.4p.(3P*),w 4G*,3.5,8.0,11.663602,8.987823,137.94686,170000000.0,0.038799,0.38799,0.0010297
3d6.(3H).4s,a 4H,4.5,10.0,2.675779,3d5.(2I).4s.4p.(3P*),4K*,5.5,12.0,12.6886,10.012821,123.82544,23000000.0,0.0063444,0.063444,0.00016838
3d6.(3H).4s,a 4H,4.5,10.0,2.675779,3d5.(2I).4s.4p.(3P*),4I*,5.5,12.0,12.76793,10.092151,122.85211,140000000.0,0.038013,0.38013,0.0010089
3d6.(3H).4s,a 4H,4.5,10.0,2.675779,3d5.(2I).4s.4p.(3P*),4H*,5.5,12.0,12.995615,10.319836,120.14164,16000000.0,0.0041548,0.041548,0.00011027
3d6.(3H).4s,a 4H,4.5,10.0,2.675779,3d5.(2I).4s.4p.(3P*),4H*,4.5,10.0,13.010618,10.334839,119.96723,260000000.0,0.056099,0.56099,0.0014889
3d6.(3H).4s,a 4H,4.5,10.0,2.675779,3d5.(2I).4s.4p.(3P*),4H*,3.5,8.0,13.021879,10.3461,119.83665,25000000.0,0.0043059,0.043059,0.00011428
3d6.(3H).4s,a 4H,4.5,10.0,2.675779,3d6.(5D).6p,6F*,3.5,8.0,13.332002,10.656223,116.3491,6000000.0,0.00097415,0.0097415,2.5854e-05
3d6.(3H).4s,a 4H,4.5,10.0,2.675779,3d5.(2F1).4s.4p.(3P*),4F*,3.5,8.0,13.454597,10.778818,115.02579,8000000.0,0.0012695,0.012695,3.3692e-05
3d6.(3H).4s,a 4H,4.5,10.0,2.675779,3d5.(4G).4s.4p.(1P*),4G*,3.5,8.0,13.468534,10.792755,114.87725,50000000.0,0.0079138,0.079138,0.00021003
3d6.(3H).4s,a 4H,4.5,10.0,2.675779,3d6.(3H).5p,4H*,4.5,10.0,13.49803,10.822251,114.56415,44000000.0,0.0086578,0.086578,0.00022978
3d6.(3H).4s,a 4H,3.5,8.0,2.691932,3d6.(3F2).4s,b 4F,3.5,8.0,2.828122,0.13619,9103.74061,0.00108,1.3419e-09,1.0735e-08,3.5614e-11
3d6.(3H).4s,a 4H,3.5,8.0,2.691932,3d6.(3G).4s,a 4G,3.5,8.0,3.221313,0.529381,2342.05817,0.0219,1.8009e-09,1.4408e-08,4.7797e-11
3d6.(3H).4s,a 4H,3.5,8.0,2.691932,3d6.(3G).4s,a 4G,2.5,6.0,3.230459,0.538527,2302.28247,0.0376,2.2409e-09,1.7927e-08,5.9474e-11
3d6.(3H).4s,a 4H,3.5,8.0,2.691932,3d6.(3H).4s,b 2H,4.5,10.0,3.267327,0.575395,2154.76801,0.00087,7.5699e-11,6.0559e-10,2.0091e-12
3d6.(3H).4s,a 4H,3.5,8.0,2.691932,3d6.(3F2).4s,a 2F,3.5,8.0,3.386618,0.694686,1784.75116,0.00186,8.8823e-11,7.1059e-10,2.3574e-12
3d6.(3H).4s,a 4H,3.5,8.0,2.691932,3d6.(3F2).4s,a 2F,2.5,6.0,3.424494,0.732562,1692.47494,0.00229,7.3757e-11,5.9005e-10,1.9575e-12
3d6.(3H).4s,a 4H,3.5,8.0,2.691932,3d6.(3G).4s,b 2G,3.5,8.0,3.814309,1.122377,1104.65778,0.015,2.7441e-10,2.1953e-09,7.2829e-12
3d6.(3H).4s,a 4H,3.5,8.0,2.691932,3d7,b 2F,3.5,8.0,3.967376,1.275444,972.08628,0.0029,4.1083e-11,3.2867e-10,1.0904e-12
3d6.(3H).4s,a 4H,3.5,8.0,2.691932,3d6.(1G2).4s,c 2G,4.5,10.0,4.149316,1.457384,850.73092,0.0159,2.1565e-10,1.7252e-09,5.7234e-12
3d6.(3H).4s,a 4H,3.5,8.0,2.691932,3d6.(1G2).4s,c 2G,3.5,8.0,4.153631,1.461699,848.21963,0.127,1.3699e-09,1.0959e-08,3.6356e-11
3d6.(3H).4s,a 4H,3.5,8.0,2.691932,3d6.(3H).4p,z 4G*,4.5,10.0,7.539137,4.847205,255.78494,2800000.0,0.003433,0.027464,9.1113e-05
3d6.(3H).4s,a 4H,3.5,8.0,2.691932,3d6.(3H).4p,z 4G*,3.5,8.0,7.557678,4.865746,254.81028,23000000.0,0.022388,0.17911,0.00059419
3d6.(3H).4s,a 4H,3.5,8.0,2.691932,3d6.(3H).4p,z 4H*,4.5,10.0,7.561727,4.869795,254.59838,53000000.0,0.064381,0.51505,0.0017087
3d6.(3H).4s,a 4H,3.5,8.0,2.691932,3d6.(3H).4p,z 4G*,2.5,6.0,7.568211,4.876278,254.25988,82000000.0,0.059606,0.47685,0.0015819
3d6.(3H).4s,a 4H,3.5,8.0,2.691932,3d6.(3P2).4p,z 2D*,2.5,6.0,7.574617,4.882685,253.92627,59000000.0,0.042775,0.3422,0.0011352
3d6.(3H).4s,a 4H,3.5,8.0,2.691932,3d6.(3H).4p,z 4H*,3.5,8.0,7.58248,4.890548,253.518,183000000.0,0.17633,1.4106,0.0046798
3d6.(3H).4s,a 4H,3.5,8.0,2.691932,3d6.(3H).4p,z 4I*,4.5,10.0,7.626594,4.934662,251.25165,230000000.0,0.27209,2.1767,0.0072213
3d6.(3H).4s,a 4H,3.5,8.0,2.691932,3d6.(3P2).4p,y 4D*,3.5,8.0,7.653057,4.961125,249.91145,1400000.0,0.0013109,0.010487,3.4791e-05
3d6.(3H).4s,a 4H,3.5,8.0,2.691932,3d6.(3F2).4p,y 4F*,3.5,8.0,7.695145,5.003213,247.80917,17000000.0,0.015651,0.12521,0.00041538
3d6.(3H).4s,a 4H,3.5,8.0,2.691932,3d6.(3H).4p,z 2G*,4.5,10.0,7.697326,5.005394,247.7012,10000000.0,0.011498,0.091985,0.00030516
3d6.(3H).4s,a 4H,3.5,8.0,2.691932,3d6.(3F2).4p,y 4F*,2.5,6.0,7.705811,5.013879,247.28201,9000000.0,0.006188,0.049504,0.00016423
3d6.(3H).4s,a 4H,3.5,8.0,2.691932,3d6.(3F2).4p,y 4F*,4.5,10.0,7.706625,5.014693,247.24184,900000.0,0.001031,0.0082479,2.7363e-05
3d6.(3H).4s,a 4H,3.5,8.0,2.691932,3d5.(6S).4s.4p.(3P*),y 6P*,3.5,8.0,7.708299,5.016367,247.15935,540000.0,0.00049455,0.0039564,1.3125e-05
3d6.(3H).4s,a 4H,3.5,8.0,2.691932,3d6.(3H).4p,z 2G*,3.5,8.0,7.726998,5.035066,246.24144,9000000.0,0.0081813,0.065451,0.00021713
3d6.(3H).4s,a 4H,3.5,8.0,2.691932,3d6.(3F2).4p,x 4D*,3.5,8.0,7.804191,5.112259,242.52332,290000.0,0.00025572,0.0020458,6.7868e-06
3d6.(3H).4s,a 4H,3.5,8.0,2.691932,3d6.(3F2).4p,y 4G*,4.5,10.0,7.928641,5.236709,236.75976,3500000.0,0.0036767,0.029413,9.7579e-05
3d6.(3H).4s,a 4H,3.5,8.0,2.691932,3d6.(3F2).4p,y 4G*,3.5,8.0,7.940059,5.248126,236.24469,24000000.0,0.020081,0.16065,0.00053296
3d6.(3H).4s,a 4H,3.5,8.0,2.691932,3d6.(3F2).4p,y 4G*,2.5,6.0,7.945826,5.253894,235.98535,122000000.0,0.076393,0.61114,0.0020275
3d6.(3H).4s,a 4H,3.5,8.0,2.691932,3d6.(3F2).4p,z 2F*,2.5,6.0,7.987732,5.2958,234.11797,16000000.0,0.0098608,0.078886,0.0002617
3d6.(3H).4s,a 4H,3.5,8.0,2.691932,3d6.(3H).4p,z 2H*,4.5,10.0,8.127942,5.43601,228.07943,700000.0,0.0006824,0.0054592,1.8111e-05
3d6.(3H).4s,a 4H,3.5,8.0,2.691932,3d6.(3G).4p,y 4H*,4.5,10.0,8.255989,5.564057,222.83057,2300000.0,0.0021402,0.017121,5.68e-05
3d6.(3H).4s,a 4H,3.5,8.0,2.691932,3d6.(3G).4p,y 4H*,3.5,8.0,8.266316,5.574384,222.41776,30000000.0,0.022249,0.178,0.0005905
3d6.(3H).4s,a 4H,3.5,8.0,2.691932,3d5.(4G).4s.4p.(3P*),x 4H*,3.5,8.0,11.417586,8.725654,142.09158,80000000.0,0.024215,0.19372,0.00064267
3d6.(3H).4s,a 4H,3.5,8.0,2.691932,3d5.(4G).4s.4p.(3P*),w 4G*,2.5,6.0,11.653049,8.961117,138.35797,170000000.0,0.036591,0.29273,0.00097113
3d6.(3H).4s,a 4H,3.5,8.0,2.691932,3d5.(2I).4s.4p.(3P*),4H*,4.5,10.0,13.010618,10.318686,120.15503,14000000.0,0.0037878,0.030302,0.00010053
3d6.(3H).4s,a 4H,3.5,8.0,2.691932,3d5.(2D3).4s.4p.(3P*),4D*,2.5,6.0,13.268532,10.5766,117.225,8000000.0,0.0012361,0.0098887,3.2806e-05
3d6.(3H).4s,a 4H,3.5,8.0,2.691932,3d5.(4G).4s.4p.(1P*),4G*,2.5,6.0,13.468301,10.776369,115.05192,60000000.0,0.0089302,0.071441,0.00023701
3d6.(3H).4s,a 4H,3.5,8.0,2.691932,3d5.(2G2).4s.4p.(3P*),4H*,3.5,8.0,13.585152,10.89322,113.81777,70000000.0,0.013595,0.10876,0.00036081
3d6.(3H).4s,a 4H,3.5,8.0,2.691932,3d6.(3H).5p,4G*,2.5,6.0,13.640359,10.948427,113.24385,50000000.0,0.0072097,0.057678,0.00019135
3d6.(3P2).4s,b 4P,1.5,4.0,2.704349,3d6.(3P2).4s,b 4P,0.5,2.0,2.778463,0.074114,16728.77545,0.0095,1.9929e-08,7.9715e-08,5.2891e-10
3d6.(3P2).4s,b 4P,1.5,4.0,2.704349,3d6.(3P2).4s,b 2P,1.5,4.0,3.197253,0.492904,2515.38401,0.0191,1.8118e-09,7.2471e-09,4.8084e-11
3d6.(3P2).4s,b 4P,1.5,4.0,2.704349,3d6.(3P2).4s,b 2P,0.5,2.0,3.339234,0.634885,1952.86205,0.0067,1.9153e-10,7.6614e-10,5.0833e-12
3d6.(3P2).4s,b 4P,1.5,4.0,2.704349,3d6.(3D).4s,b 4D,1.5,4.0,3.888697,1.184348,1046.85624,0.0372,6.1119e-10,2.4448e-09,1.6221e-11
3d6.(3P2).4s,b 4P,1.5,4.0,2.704349,3d6.(3D).4s,b 4D,0.5,2.0,3.889193,1.184844,1046.41833,0.0376,3.0862e-10,1.2345e-09,8.1909e-12
3d6.(3P2).4s,b 4P,1.5,4.0,2.704349,3d6.(3D).4s,b 4D,2.5,6.0,3.891613,1.187264,1044.28463,0.00678,1.6627e-10,6.6509e-10,4.4129e-12
3d6.(3P2).4s,b 4P,1.5,4.0,2.704349,3d6.(3D).4s,b 2D,1.5,4.0,4.479104,1.774755,698.59885,0.0016,1.1707e-11,4.6827e-11,3.107e-13
3d6.(3P2).4s,b 4P,1.5,4.0,2.704349,3d6.(3D).4s,b 2D,2.5,6.0,4.494791,1.790442,692.47831,0.0118,1.2725e-10,5.0899e-10,3.3771e-12
3d6.(3P2).4s,b 4P,1.5,4.0,2.704349,3d6.(1S2).4s,a 2S,0.5,2.0,4.615594,1.911245,648.70904,0.7,2.2081e-09,8.8326e-09,5.8604e-11
3d6.(3P2).4s,b 4P,1.5,4.0,2.704349,3d6.(1D2).4s,c 2D,2.5,6.0,4.73176,2.027411,611.53947,0.0157,1.3204e-10,5.2815e-10,3.5043e-12
3d6.(3P2).4s,b 4P,1.5,4.0,2.704349,3d6.(1D2).4s,c 2D,1.5,4.0,4.737995,2.033646,609.66475,0.056,3.1205e-10,1.2482e-09,8.2819e-12
3d6.(3P2).4s,b 4P,1.5,4.0,2.704349,3d6.(5D).4p,z 4D*,2.5,6.0,5.552606,2.848257,435.29852,490000.0,0.002088,0.0083518,5.5414e-05
3d6.(3P2).4s,b 4P,1.5,4.0,2.704349,3d6.(5D).4p,z 4D*,1.5,4.0,5.584768,2.880419,430.43806,220000.0,0.00061109,0.0024444,1.6218e-05
3d6.(3P2).4s,b 4P,1.5,4.0,2.704349,3d6.(5D).4p,z 4F*,2.5,6.0,5.589195,2.884847,429.77745,70000.0,0.00029076,0.001163,7.7168e-06
3d6.(3P2).4s,b 4P,1.5,4.0,2.704349,3d6.(5D).4p,z 4D*,0.5,2.0,5.604888,2.900539,427.45227,90000.0,0.00012327,0.00049307,3.2715e-06
3d6.(3P2).4s,b 4P,1.5,4.0,2.704349,3d6.(5D).4p,z 4F*,1.5,4.0,5.615223,2.910874,425.93466,30000.0,8.1596e-05,0.00032638,2.1655e-06
3d6.(3P2).4s,b 4P,1.5,4.0,2.704349,3d6.(5D).4p,z 4P*,2.5,6.0,5.823225,3.118876,397.52849,6000.0,2.1323e-05,8.529e-05,5.659e-07
3d6.(3P2).4s,b 4P,1.5,4.0,2.704349,3d6.(3P2).4p,z 4S*,1.5,4.0,7.397324,4.692975,264.19106,3700000.0,0.0038717,0.015487,0.00010275
3d6.(3P2).4s,b 4P,1.5,4.0,2.704349,3d6.(3P2).4p,y 4P*,2.5,6.0,7.488935,4.784586,259.13256,8000000.0,0.01208,0.048322,0.00032062
3d6.(3P2).4s,b 4P,1.5,4.0,2.704349,3d6.(3P2).4p,y 4P*,0.5,2.0,7.567411,4.863062,254.95089,240000000.0,0.11694,0.46775,0.0031035
3d6.(3P2).4s,b 4P,1.5,4.0,2.704349,3d6.(3H).4p,z 4G*,2.5,6.0,7.568211,4.863862,254.90898,27000000.0,0.039453,0.15781,0.0010471
3d6.(3P2).4s,b 4P,1.5,4.0,2.704349,3d6.(3P2).4p,z 2D*,2.5,6.0,7.574617,4.870268,254.57367,39000000.0,0.056838,0.22735,0.0015085
3d6.(3P2).4s,b 4P,1.5,4.0,2.704349,3d6.(3P2).4p,y 4P*,1.5,4.0,7.604292,4.899943,253.03191,202000000.0,0.19389,0.77557,0.0051459
3d6.(3P2).4s,b 4P,1.5,4.0,2.704349,3d5.(6S).4s.4p.(3P*),y 6P*,1.5,4.0,7.683912,4.979563,248.9861,2600000.0,0.0024165,0.0096659,6.4133e-05
3d6.(3P2).4s,b 4P,1.5,4.0,2.704349,3d6.(3F2).4p,y 4F*,2.5,6.0,7.705811,5.001462,247.89593,5600000.0,0.0077389,0.030955,0.00020539
3d6.(3P2).4s,b 4P,1.5,4.0,2.704349,3d6.(3P2).4p,y 4D*,2.5,6.0,7.772554,5.068205,244.63139,207000000.0,0.27858,1.1143,0.0073934
3d6.(3P2).4s,b 4P,1.5,4.0,2.704349,3d6.(3P2).4p,y 4D*,0.5,2.0,7.789812,5.085463,243.8012,20000000.0,0.0089111,0.035644,0.0002365
3d6.(3P2).4s,b 4P,1.5,4.0,2.704349,3d6.(3P2).4p,y 4D*,1.5,4.0,7.80632,5.101971,243.01236,69000000.0,0.061089,0.24436,0.0016213
3d6.(3P2).4s,b 4P,1.5,4.0,2.704349,3d6.(3F2).4p,x 4D*,2.5,6.0,7.84485,5.140501,241.19089,5200000.0,0.0068026,0.02721,0.00018054
3d6.(3P2).4s,b 4P,1.5,4.0,2.704349,3d5.(4D).4s.4p.(3P*),6D*,2.5,6.0,11.633556,8.929208,138.85241,16000000.0,0.0069371,0.027748,0.00018411
3d6.(3P2).4s,b 4P,1.5,4.0,2.704349,3d5.(4D).4s.4p.(3P*),6D*,1.5,4.0,11.634727,8.930378,138.8342,9000000.0,0.0026007,0.010403,6.9023e-05
3d6.(3P2).4s,b 4P,1.5,4.0,2.704349,3d5.(4D).4s.4p.(3P*),6D*,0.5,2.0,11.658404,8.954055,138.46709,69000000.0,0.0099168,0.039667,0.00026319
3d6.(3P2).4s,b 4P,1.5,4.0,2.704349,3d5.(4P).4s.4p.(3P*),4P*,2.5,6.0,11.680723,8.976374,138.12281,29000000.0,0.012442,0.049767,0.0003302
3d6.(3P2).4s,b 4P,1.5,4.0,2.704349,3d5.(4P).4s.4p.(3P*),4P*,1.5,4.0,11.746156,9.041807,137.12326,10000000.0,0.0028189,0.011276,7.4814e-05
3d6.(3P2).4s,b 4P,1.5,4.0,2.704349,3d5.(4P).4s.4p.(3P*),4P*,0.5,2.0,11.763693,9.059344,136.85781,80000000.0,0.011232,0.044928,0.0002981
3d6.(3P2).4s,b 4P,1.5,4.0,2.704349,3d5.(4P).4s.4p.(3P*),2P*,1.5,4.0,12.066949,9.3626,132.42497,36000000.0,0.0094646,0.037858,0.00025119
3d6.(3P2).4s,b 4P,1.5,4.0,2.704349,3d5.(4P).4s.4p.(3P*),4S*,1.5,4.0,12.192402,9.488053,130.67401,55000000.0,0.01408,0.05632,0.00037368
3d6.(3P2).4s,b 4P,1.5,4.0,2.704349,3d5.(4D).4s.4p.(3P*),4D*,2.5,6.0,12.213066,9.508717,130.39004,34000000.0,0.012999,0.051997,0.000345
3d6.(3P2).4s,b 4P,1.5,4.0,2.704349,3d5.(4D).4s.4p.(3P*),4P*,0.5,2.0,12.572292,9.867943,125.64341,30000000.0,0.00355,0.0142,9.4217e-05
3d6.(3P2).4s,b 4P,1.5,4.0,2.704349,3d5.(4F).4s.4p.(3P*),6F*,2.5,6.0,13.176957,10.472608,118.38903,26000000.0,0.008195,0.03278,0.00021749
3d6.(3P2).4s,b 4P,1.5,4.0,2.704349,3d5.(2D3).4s.4p.(3P*),4P*,1.5,4.0,13.246681,10.542332,117.60605,90000000.0,0.018662,0.074649,0.00049529
3d6.(3P2).4s,b 4P,1.5,4.0,2.704349,3d5.(2D3).4s.4p.(3P*),4D*,2.5,6.0,13.268532,10.564184,117.36278,50000000.0,0.015488,0.06195,0.00041104
3d6.(3P2).4s,b 4P,1.5,4.0,2.704349,3d5.(4F).4s.4p.(3P*),6D*,2.5,6.0,13.406479,10.70213,115.85002,60000000.0,0.018109,0.072436,0.00048061
3d6.(3P2).4s,b 4P,1.5,4.0,2.704349,3d5.(4F).4s.4p.(3P*),6D*,1.5,4.0,13.414085,10.709736,115.76774,50000000.0,0.010046,0.040185,0.00026663
3d6.(3P2).4s,b 4P,1.5,4.0,2.704349,3d6.(3P2).5p,4S*,1.5,4.0,13.436445,10.732096,115.52654,50000000.0,0.010004,0.040018,0.00026552
3d6.(3P2).4s,b 4P,1.5,4.0,2.704349,3d5.(2F1).4s.4p.(3P*),4F*,2.5,6.0,13.45718,10.752831,115.30378,45000000.0,0.013454,0.053816,0.00035707
3d6.(3P2).4s,b 4P,1.5,4.0,2.704349,3d6.(3P2).5p,4P*,2.5,6.0,13.490414,10.786065,114.9485,8000000.0,0.0023771,0.0095084,6.3088e-05
3d6.(3P2).4s,b 4P,1.5,4.0,2.704349,3d6.(3P2).5p,2D*,2.5,6.0,13.505923,10.801574,114.78345,29000000.0,0.0085923,0.034369,0.00022804
3d6.(3P2).4s,b 4P,1.5,4.0,2.704349,3d5.(2F1).4s.4p.(3P*),4D*,1.5,4.0,13.514727,10.810378,114.68998,23000000.0,0.0045356,0.018143,0.00012038
3d6.(3P2).4s,b 4P,1.5,4.0,2.704349,3d6.(3P2).5p,4D*,2.5,6.0,13.701069,10.99672,112.74652,15000000.0,0.0042879,0.017152,0.0001138
3d6.(3P2).4s,b 4P,0.5,2.0,2.778463,3d6.(3P2).4s,b 2P,1.5,4.0,3.197253,0.418789,2960.53862,0.0086,2.2601e-09,4.5202e-09,5.9983e-11
3d6.(3P2).4s,b 4P,0.5,2.0,2.778463,3d6.(3P2).4s,b 2P,0.5,2.0,3.339234,0.56077,2210.96252,0.0279,2.0447e-09,4.0894e-09,5.4266e-11
3d6.(3P2).4s,b 4P,0.5,2.0,2.778463,3d6.(3D).4s,b 4D,0.5,2.0,3.889193,1.110729,1116.24146,0.0546,1.0199e-09,2.0399e-09,2.7069e-11
3d6.(3P2).4s,b 4P,0.5,2.0,2.778463,3d6.(1S2).4s,a 2S,0.5,2.0,4.615594,1.837131,674.87954,0.202,1.3793e-09,2.7586e-09,3.6607e-11
3d6.(3P2).4s,b 4P,0.5,2.0,2.778463,3d6.(1D2).4s,c 2D,1.5,4.0,4.737995,1.959531,632.72378,0.0143,1.7165e-10,3.4331e-10,4.5557e-12
3d6.(3P2).4s,b 4P,0.5,2.0,2.778463,3d6.(5D).4p,z 6F*,1.5,4.0,5.257094,2.47863,500.21254,1800.0,1.3504e-05,2.7009e-05,3.584e-07
3d6.(3P2).4s,b 4P,0.5,2.0,2.778463,3d6.(5D).4p,z 4D*,1.5,4.0,5.584768,2.806305,441.80591,210000.0,0.0012291,0.0024581,3.2619e-05
3d6.(3P2).4s,b 4P,0.5,2.0,2.778463,3d6.(5D).4p,z 4D*,0.5,2.0,5.604888,2.826425,438.66089,450000.0,0.0012982,0.0025963,3.4453e-05
3d6.(3P2).4s,b 4P,0.5,2.0,2.778463,3d6.(5D).4p,z 4F*,1.5,4.0,5.615223,2.836759,437.0628,23000.0,0.00013174,0.00026347,3.4963e-06
3d6.(3P2).4s,b 4P,0.5,2.0,2.778463,3d6.(3P2).4p,y 4P*,0.5,2.0,7.567411,4.788948,258.89654,15000000.0,0.015073,0.030146,0.00040004
3d6.(3P2).4s,b 4P,0.5,2.0,2.778463,3d6.(3P2).4p,y 4P*,1.5,4.0,7.604292,4.825829,256.91793,48000000.0,0.094999,0.19,0.0025213
3d6.(3P2).4s,b 4P,0.5,2.0,2.778463,3d6.(3P2).4p,z 2D*,1.5,4.0,7.702593,4.92413,251.78905,90000000.0,0.17108,0.34217,0.0045405
3d6.(3P2).4s,b 4P,0.5,2.0,2.778463,3d6.(3P2).4p,y 4D*,0.5,2.0,7.789812,5.011349,247.40685,270000000.0,0.24777,0.49554,0.0065758
3d6.(3P2).4s,b 4P,0.5,2.0,2.778463,3d6.(3P2).4p,y 4D*,1.5,4.0,7.80632,5.027857,246.59454,134000000.0,0.24432,0.48864,0.0064843
3d6.(3P2).4s,b 4P,0.5,2.0,2.778463,3d6.(3F2).4p,x 4D*,1.5,4.0,7.868674,5.09021,243.57381,1800000.0,0.003202,0.006404,8.4981e-05
3d6.(3P2).4s,b 4P,0.5,2.0,2.778463,3d6.(3P2).4p,z 2P*,1.5,4.0,8.0384,5.259937,235.71424,2500000.0,0.0041649,0.0083297,0.00011054
3d6.(3P2).4s,b 4P,0.5,2.0,2.778463,3d6.(3D).4p,w 4D*,1.5,4.0,8.9919,6.213436,199.54208,2200000.0,0.0026265,0.005253,6.9708e-05
3d6.(3P2).4s,b 4P,0.5,2.0,2.778463,3d5.(4D).4s.4p.(3P*),6D*,1.5,4.0,11.634727,8.856264,139.99605,18000000.0,0.010578,0.021156,0.00028073
3d6.(3P2).4s,b 4P,0.5,2.0,2.778463,3d5.(4P).4s.4p.(3P*),4P*,1.5,4.0,11.746156,8.967693,138.25652,17000000.0,0.0097434,0.019487,0.00025859
3d6.(3P2).4s,b 4P,0.5,2.0,2.778463,3d5.(4P).4s.4p.(3P*),4S*,1.5,4.0,12.192402,9.413939,131.70278,55000000.0,0.028605,0.05721,0.00075918
3d6.(3P2).4s,b 4P,0.5,2.0,2.778463,3d5.(4D).4s.4p.(3P*),4D*,0.5,2.0,12.275388,9.496924,130.55195,22000000.0,0.0056215,0.011243,0.00014919
3d6.(3P2).4s,b 4P,0.5,2.0,2.778463,3d5.(4D).4s.4p.(3P*),4P*,1.5,4.0,12.593568,9.815105,126.31979,11000000.0,0.0052629,0.010526,0.00013968
3d6.(3P2).4s,b 4P,0.5,2.0,2.778463,3d5.(2D3).4s.4p.(3P*),4P*,1.5,4.0,13.246681,10.468218,118.43869,35000000.0,0.014721,0.029443,0.0003907
3d6.(3P2).4s,b 4P,0.5,2.0,2.778463,3d5.(4F).4s.4p.(3P*),6D*,1.5,4.0,13.414085,10.635622,116.57447,24000000.0,0.0097793,0.019559,0.00025954
3d6.(3P2).4s,b 4P,0.5,2.0,2.778463,3d5.(2F1).4s.4p.(3P*),4F*,1.5,4.0,13.486863,10.7084,115.78219,60000000.0,0.024117,0.048234,0.00064007
3d6.(3P2).4s,b 4P,0.5,2.0,2.778463,3d5.(2F1).4s.4p.(3P*),4D*,0.5,2.0,13.488626,10.710163,115.76313,250000000.0,0.050227,0.10045,0.001333
3d6.(3P2).4s,b 4P,0.5,2.0,2.778463,3d5.(2F1).4s.4p.(3P*),4D*,1.5,4.0,13.514727,10.736263,115.4817,110000000.0,0.043985,0.087971,0.0011674
3d6.(3P2).4s,b 4P,0.5,2.0,2.778463,3d6.(3P2).5p,4P*,1.5,4.0,13.570862,10.792398,114.88104,36000000.0,0.014246,0.028492,0.00037809
3d6.(3F2).4s,b 4F,4.5,10.0,2.806654,3d6.(3G).4s,a 4G,5.5,12.0,3.152768,0.346114,3582.18243,0.0156,3.6013e-09,3.6013e-08,9.5579e-11
3d6.(3F2).4s,b 4F,4.5,10.0,2.806654,3d6.(3G).4s,a 4G,4.5,10.0,3.199453,0.392798,3156.43419,0.0199,2.9724e-09,2.9724e-08,7.8887e-11
3d6.(3F2).4s,b 4F,4.5,10.0,2.806654,3d6.(3H).4s,b 2H,5.5,12.0,3.244689,0.438034,2830.46697,0.00456,6.5724e-10,6.5724e-09,1.7443e-11
3d6.(3F2).4s,b 4F,4.5,10.0,2.806654,3d6.(3H).4s,b 2H,4.5,10.0,3.267327,0.460672,2691.37557,0.002,2.1719e-10,2.1719e-09,5.7642e-12
3d6.(3F2).4s,b 4F,4.5,10.0,2.806654,3d6.(3F2).4s,a 2F,3.5,8.0,3.386618,0.579964,2137.79213,0.00334,1.8307e-10,1.8307e-09,4.8588e-12
3d6.(3F2).4s,b 4F,4.5,10.0,2.806654,3d6.(3G).4s,b 2G,4.5,10.0,3.767699,0.961045,1290.09784,0.0194,4.8407e-10,4.8407e-09,1.2847e-11
3d6.(3F2).4s,b 4F,4.5,10.0,2.806654,3d6.(3G).4s,b 2G,3.5,8.0,3.814309,1.007654,1230.42416,0.00058,1.0531e-11,1.0531e-10,2.795e-13
3d6.(3F2).4s,b 4F,4.5,10.0,2.806654,3d6.(3D).4s,b 4D,3.5,8.0,3.903419,1.096765,1130.45407,0.0135,2.0691e-10,2.0691e-09,5.4915e-12
3d6.(3F2).4s,b 4F,4.5,10.0,2.806654,3d6.(1I).4s,a 2I,5.5,12.0,4.080305,1.273651,973.45502,0.00081,1.3809e-11,1.3809e-10,3.6649e-13
3d6.(3F2).4s,b 4F,4.5,10.0,2.806654,3d6.(1G2).4s,c 2G,4.5,10.0,4.149316,1.342662,923.42078,0.33,4.2186e-09,4.2186e-08,1.1196e-10
3d6.(3F2).4s,b 4F,4.5,10.0,2.806654,3d6.(1G2).4s,c 2G,3.5,8.0,4.153631,1.346977,920.46275,0.0354,3.5972e-10,3.5972e-09,9.547e-12
3d6.(3F2).4s,b 4F,4.5,10.0,2.806654,3d6.(5D).4p,z 6F*,4.5,10.0,5.221574,2.41492,513.40914,2000.0,7.9035e-06,7.9035e-05,2.0976e-07
3d6.(3F2).4s,b 4F,4.5,10.0,2.806654,3d6.(5D).4p,z 6F*,3.5,8.0,5.236728,2.430073,510.20766,2000.0,6.2442e-06,6.2442e-05,1.6572e-07
3d6.(3F2).4s,b 4F,4.5,10.0,2.806654,3d6.(5D).4p,z 6P*,3.5,8.0,5.288948,2.482294,499.47432,7000.0,2.0945e-05,0.00020945,5.5587e-07
3d6.(3F2).4s,b 4F,4.5,10.0,2.806654,3d6.(5D).4p,z 4F*,4.5,10.0,5.484136,2.677482,463.06276,170000.0,0.0005465,0.005465,1.4504e-05
3d6.(3F2).4s,b 4F,4.5,10.0,2.806654,3d6.(5D).4p,z 4D*,3.5,8.0,5.510714,2.704059,458.51137,720000.0,0.0018154,0.018154,4.8182e-05
3d6.(3F2).4s,b 4F,4.5,10.0,2.806654,3d6.(5D).4p,z 4F*,3.5,8.0,5.548766,2.742112,452.1486,100000.0,0.0002452,0.002452,6.5075e-06
3d6.(3F2).4s,b 4F,4.5,10.0,2.806654,3d6.(3H).4p,z 4G*,5.5,12.0,7.516597,4.709943,263.23929,66000000.0,0.082278,0.82278,0.0021837
3d6.(3F2).4s,b 4F,4.5,10.0,2.806654,3d6.(3H).4p,z 4G*,4.5,10.0,7.539137,4.732482,261.98555,25000000.0,0.025725,0.25725,0.00068274
3d6.(3F2).4s,b 4F,4.5,10.0,2.806654,3d6.(3H).4p,z 4H*,5.5,12.0,7.549101,4.742447,261.4351,2000000.0,0.0024592,0.024592,6.5268e-05
3d6.(3F2).4s,b 4F,4.5,10.0,2.806654,3d6.(3H).4p,z 4G*,3.5,8.0,7.557678,4.751023,260.96316,5000000.0,0.0040839,0.040839,0.00010839
3d6.(3F2).4s,b 4F,4.5,10.0,2.806654,3d6.(3H).4p,z 4H*,3.5,8.0,7.58248,4.775826,259.60788,1200000.0,0.00096999,0.0096999,2.5743e-05
3d6.(3F2).4s,b 4F,4.5,10.0,2.806654,3d6.(3H).4p,z 4I*,4.5,10.0,7.626594,4.81994,257.23185,2890000.0,0.0028669,0.028669,7.6087e-05
3d6.(3F2).4s,b 4F,4.5,10.0,2.806654,3d6.(3H).4p,z 4I*,5.5,12.0,7.63584,4.829186,256.73935,7100000.0,0.0084195,0.084195,0.00022345
3d6.(3F2).4s,b 4F,4.5,10.0,2.806654,3d6.(3P2).4p,y 4D*,3.5,8.0,7.653057,4.846403,255.82727,15000000.0,0.011774,0.11774,0.00031249
3d6.(3F2).4s,b 4F,4.5,10.0,2.806654,3d6.(3F2).4p,y 4F*,3.5,8.0,7.695145,4.88849,253.62472,75000000.0,0.057862,0.57862,0.0015357
3d6.(3F2).4s,b 4F,4.5,10.0,2.806654,3d6.(3F2).4p,y 4F*,4.5,10.0,7.706625,4.899971,253.03048,220000000.0,0.21117,2.1117,0.0056044
3d6.(3F2).4s,b 4F,4.5,10.0,2.806654,3d5.(6S).4s.4p.(3P*),y 6P*,3.5,8.0,7.708299,4.901645,252.94408,2300000.0,0.0017649,0.017649,4.6841e-05
3d6.(3F2).4s,b 4F,4.5,10.0,2.806654,3d6.(3H).4p,z 2G*,3.5,8.0,7.726998,4.920344,251.98279,4300000.0,0.0032746,0.032746,8.6908e-05
3d6.(3F2).4s,b 4F,4.5,10.0,2.806654,3d6.(3H).4p,z 2I*,5.5,12.0,7.769129,4.962475,249.84349,840000.0,0.00094331,0.0094331,2.5036e-05
3d6.(3F2).4s,b 4F,4.5,10.0,2.806654,3d6.(3F2).4p,x 4D*,3.5,8.0,7.804191,4.997536,248.09064,155000000.0,0.11442,1.1442,0.0030367
3d6.(3F2).4s,b 4F,4.5,10.0,2.806654,3d6.(3F2).4p,y 4G*,5.5,12.0,7.919655,5.113001,242.48814,221000000.0,0.23378,2.3378,0.0062046
3d6.(3F2).4s,b 4F,4.5,10.0,2.806654,3d6.(3F2).4p,y 4G*,4.5,10.0,7.928641,5.121987,242.06271,2200000.0,0.0019326,0.019326,5.1291e-05
3d6.(3F2).4s,b 4F,4.5,10.0,2.806654,3d6.(3F2).4p,y 4G*,3.5,8.0,7.940059,5.133404,241.52433,420000.0,0.00029385,0.0029385,7.7987e-06
3d6.(3F2).4s,b 4F,4.5,10.0,2.806654,3d6.(3F2).4p,z 2F*,3.5,8.0,7.970492,5.163838,240.10089,14000000.0,0.0096798,0.096798,0.0002569
3d6.(3F2).4s,b 4F,4.5,10.0,2.806654,3d6.(3F2).4p,y 2G*,4.5,10.0,8.038137,5.231483,236.99627,4200000.0,0.0035366,0.035366,9.3863e-05
3d6.(3F2).4s,b 4F,4.5,10.0,2.806654,3d6.(3G).4p,x 4G*,5.5,12.0,8.130892,5.324237,232.86753,5900000.0,0.0057559,0.057559,0.00015276
3d6.(3F2).4s,b 4F,4.5,10.0,2.806654,3d6.(3G).4p,x 4G*,4.5,10.0,8.145273,5.338618,232.24025,10000000.0,0.008086,0.08086,0.0002146
3d6.(3F2).4s,b 4F,4.5,10.0,2.806654,3d6.(3G).4p,x 4F*,4.5,10.0,8.184541,5.377887,230.54447,11000000.0,0.0087652,0.087652,0.00023263
3d6.(3F2).4s,b 4F,4.5,10.0,2.806654,3d6.(3D).4p,w 4F*,4.5,10.0,9.007539,6.200884,199.946,5400000.0,0.0032365,0.032365,8.5897e-05
3d6.(3F2).4s,b 4F,4.5,10.0,2.806654,3d6.(3D).4p,w 4D*,3.5,8.0,9.007689,6.201035,199.94114,17000000.0,0.0081508,0.081508,0.00021632
3d6.(3F2).4s,b 4F,4.5,10.0,2.806654,3d6.(3F1).4p,4G*,5.5,12.0,11.184814,8.37816,147.985,2500000.0,0.00098495,0.0098495,2.6141e-05
3d6.(3F2).4s,b 4F,4.5,10.0,2.806654,3d6.(3F1).4p,u 2G*,4.5,10.0,11.427833,8.621179,143.81351,19000000.0,0.0058913,0.058913,0.00015636
3d6.(3F2).4s,b 4F,4.5,10.0,2.806654,3d5.(4G).4s.4p.(3P*),v 4F*,3.5,8.0,11.441568,8.634914,143.58476,8000000.0,0.0019781,0.019781,5.25e-05
3d6.(3F2).4s,b 4F,4.5,10.0,2.806654,3d5.(4G).4s.4p.(3P*),v 4F*,4.5,10.0,11.459483,8.652829,143.28747,41000000.0,0.01262,0.1262,0.00033494
3d6.(3F2).4s,b 4F,4.5,10.0,2.806654,3d6.(3F1).4p,u 4F*,4.5,10.0,11.590613,8.783959,141.14843,27000000.0,0.0080645,0.080645,0.00021403
3d6.(3F2).4s,b 4F,4.5,10.0,2.806654,3d6.(3F1).4p,u 4F*,3.5,8.0,11.590992,8.784337,141.14235,4600000.0,0.0010991,0.010991,2.9169e-05
3d6.(3F2).4s,b 4F,4.5,10.0,2.806654,3d5.(4G).4s.4p.(3P*),w 4G*,4.5,10.0,11.672913,8.866258,139.83824,18000000.0,0.005277,0.05277,0.00014005
3d6.(3F2).4s,b 4F,4.5,10.0,2.806654,3d5.(4P).4s.4p.(3P*),4D*,3.5,8.0,11.929477,9.122822,135.90553,140000000.0,0.031014,0.31014,0.0008231
3d6.(3F2).4s,b 4F,4.5,10.0,2.806654,3d5.(4D).4s.4p.(3P*),4D*,3.5,8.0,12.198969,9.392314,132.00601,11000000.0,0.002299,0.02299,6.1014e-05
3d6.(3F2).4s,b 4F,4.5,10.0,2.806654,3d5.(4D).4s.4p.(3P*),4F*,3.5,8.0,12.216908,9.410254,131.75436,17000000.0,0.0035394,0.035394,9.3935e-05
3d6.(3F2).4s,b 4F,4.5,10.0,2.806654,3d5.(4D).4s.4p.(3P*),4F*,4.5,10.0,12.224407,9.417752,131.64946,15000000.0,0.0038975,0.038975,0.00010344
3d6.(3F2).4s,b 4F,4.5,10.0,2.806654,3d5.(2I).4s.4p.(3P*),4H*,5.5,12.0,12.995615,10.18896,121.68484,7000000.0,0.0018647,0.018647,4.9489e-05
3d6.(3F2).4s,b 4F,4.5,10.0,2.806654,3d5.(4F).4s.4p.(3P*),6F*,3.5,8.0,13.201598,10.394943,119.27357,90000000.0,0.015356,0.15356,0.00040755
3d6.(3F2).4s,b 4F,4.5,10.0,2.806654,3d5.(2I).4s.4p.(3P*),2H*,5.5,12.0,13.227918,10.421264,118.97232,19000000.0,0.0048382,0.048382,0.00012841
3d6.(3F2).4s,b 4F,4.5,10.0,2.806654,3d5.(2D3).4s.4p.(3P*),4D*,3.5,8.0,13.271067,10.464413,118.48176,110000000.0,0.01852,0.1852,0.00049153
3d6.(3F2).4s,b 4F,4.5,10.0,2.806654,3d5.(2F1).4s.4p.(3P*),4G*,4.5,10.0,13.349892,10.543237,117.59595,17000000.0,0.0035245,0.035245,9.3539e-05
3d6.(3F2).4s,b 4F,4.5,10.0,2.806654,3d5.(2F1).4s.4p.(3P*),4F*,4.5,10.0,13.417272,10.610617,116.84918,80000000.0,0.016376,0.16376,0.00043461
3d6.(3F2).4s,b 4F,4.5,10.0,2.806654,3d5.(2F1).4s.4p.(3P*),4D*,3.5,8.0,13.419972,10.613318,116.81946,11000000.0,0.0018004,0.018004,4.7783e-05
3d6.(3F2).4s,b 4F,4.5,10.0,2.806654,3d6.(3H).5p,4G*,5.5,12.0,13.450287,10.643632,116.48674,100000000.0,0.024411,0.24411,0.00064788
3d6.(3F2).4s,b 4F,4.5,10.0,2.806654,3d6.(3F2).5p,4F*,3.5,8.0,13.65622,10.849565,114.27573,22000000.0,0.0034457,0.034457,9.1449e-05
3d6.(3F2).4s,b 4F,3.5,8.0,2.828122,3d6.(3G).4s,a 4G,4.5,10.0,3.199453,0.37133,3338.91924,0.00241,5.035e-10,4.028e-09,1.3363e-11
3d6.(3F2).4s,b 4F,3.5,8.0,2.828122,3d6.(3G).4s,a 4G,3.5,8.0,3.221313,0.393191,3153.28178,0.0282,4.2037e-09,3.363e-08,1.1157e-10
3d6.(3F2).4s,b 4F,3.5,8.0,2.828122,3d6.(3G).4s,a 4G,2.5,6.0,3.230459,0.402337,3081.60132,0.00231,2.4665e-10,1.9732e-09,6.5462e-12
3d6.(3F2).4s,b 4F,3.5,8.0,2.828122,3d6.(3F2).4s,a 2F,3.5,8.0,3.386618,0.558496,2219.96653,0.00089,6.5757e-11,5.2606e-10,1.7452e-12
3d6.(3F2).4s,b 4F,3.5,8.0,2.828122,3d6.(3F2).4s,a 2F,2.5,6.0,3.424494,0.596371,2078.97727,0.00132,6.415e-11,5.132e-10,1.7025e-12
3d6.(3F2).4s,b 4F,3.5,8.0,2.828122,3d6.(3G).4s,b 2G,4.5,10.0,3.767699,0.939577,1319.5747,0.00715,2.3332e-10,1.8665e-09,6.1922e-12
3d6.(3F2).4s,b 4F,3.5,8.0,2.828122,3d6.(3G).4s,b 2G,3.5,8.0,3.814309,0.986186,1257.20887,0.0079,1.872e-10,1.4976e-09,4.9682e-12
3d6.(3F2).4s,b 4F,3.5,8.0,2.828122,3d6.(3D).4s,b 4D,2.5,6.0,3.891613,1.063491,1165.8228,0.00064,9.7806e-12,7.8245e-11,2.5958e-13
3d6.(3F2).4s,b 4F,3.5,8.0,2.828122,3d6.(3D).4s,b 4D,3.5,8.0,3.903419,1.075297,1153.02324,0.0046,9.1684e-11,7.3347e-10,2.4333e-12
3d6.(3F2).4s,b 4F,3.5,8.0,2.828122,3d7,b 2F,3.5,8.0,3.967376,1.139254,1088.29286,0.0043,7.6352e-11,6.1081e-10,2.0264e-12
3d6.(3F2).4s,b 4F,3.5,8.0,2.828122,3d6.(1G2).4s,c 2G,4.5,10.0,4.149316,1.321194,938.42537,0.111,1.8319e-09,1.4655e-08,4.8618e-11
3d6.(3F2).4s,b 4F,3.5,8.0,2.828122,3d6.(1G2).4s,c 2G,3.5,8.0,4.153631,1.325509,935.37059,0.126,1.6527e-09,1.3222e-08,4.3863e-11
3d6.(3F2).4s,b 4F,3.5,8.0,2.828122,3d6.(3D).4s,b 2D,2.5,6.0,4.494791,1.666668,743.90453,0.0194,1.2071e-10,9.6571e-10,3.2037e-12
3d6.(3F2).4s,b 4F,3.5,8.0,2.828122,3d6.(1D2).4s,c 2D,2.5,6.0,4.73176,1.903638,651.30143,0.169,8.0607e-10,6.4485e-09,2.1393e-11
3d6.(3F2).4s,b 4F,3.5,8.0,2.828122,3d6.(5D).4p,z 6P*,2.5,6.0,5.360904,2.532782,489.51793,2500.0,6.7359e-06,5.3888e-05,1.7877e-07
3d6.(3F2).4s,b 4F,3.5,8.0,2.828122,3d6.(5D).4p,z 4F*,4.5,10.0,5.484136,2.656014,466.8056,13000.0,5.3087e-05,0.00042469,1.4089e-06
3d6.(3F2).4s,b 4F,3.5,8.0,2.828122,3d6.(5D).4p,z 4D*,3.5,8.0,5.510714,2.682591,462.1807,25000.0,8.0061e-05,0.00064049,2.1248e-06
3d6.(3F2).4s,b 4F,3.5,8.0,2.828122,3d6.(5D).4p,z 4F*,3.5,8.0,5.548766,2.720644,455.7164,230000.0,0.00071611,0.0057288,1.9005e-05
3d6.(3F2).4s,b 4F,3.5,8.0,2.828122,3d6.(5D).4p,z 4D*,2.5,6.0,5.552606,2.724483,455.07417,1000000.0,0.0023285,0.018628,6.18e-05
3d6.(3F2).4s,b 4F,3.5,8.0,2.828122,3d6.(5D).4p,z 4F*,2.5,6.0,5.589195,2.761073,449.04353,60000.0,0.00013603,0.0010883,3.6104e-06
3d6.(3F2).4s,b 4F,3.5,8.0,2.828122,3d6.(3H).4p,z 4G*,4.5,10.0,7.539137,4.711014,263.17941,67000000.0,0.086966,0.69573,0.0023081
3d6.(3F2).4s,b 4F,3.5,8.0,2.828122,3d6.(3H).4p,z 4G*,3.5,8.0,7.557678,4.729555,262.1477,34000000.0,0.035029,0.28023,0.00092968
3d6.(3F2).4s,b 4F,3.5,8.0,2.828122,3d6.(3H).4p,z 4G*,2.5,6.0,7.568211,4.740088,261.56518,3500000.0,0.0026925,0.02154,7.1458e-05
3d6.(3F2).4s,b 4F,3.5,8.0,2.828122,3d6.(3P2).4p,z 2D*,2.5,6.0,7.574617,4.746495,261.21214,1400000.0,0.0010741,0.0085926,2.8506e-05
3d6.(3F2).4s,b 4F,3.5,8.0,2.828122,3d6.(3H).4p,z 4I*,4.5,10.0,7.626594,4.798472,258.38268,2160000.0,0.0027024,0.021619,7.1722e-05
3d6.(3F2).4s,b 4F,3.5,8.0,2.828122,3d6.(3P2).4p,y 4D*,3.5,8.0,7.653057,4.824935,256.96554,2800000.0,0.0027718,0.022175,7.3565e-05
3d6.(3F2).4s,b 4F,3.5,8.0,2.828122,3d6.(3F2).4p,y 4F*,3.5,8.0,7.695145,4.867022,254.74344,80000000.0,0.077832,0.62265,0.0020656
3d6.(3F2).4s,b 4F,3.5,8.0,2.828122,3d6.(3H).4p,z 2G*,4.5,10.0,7.697326,4.869203,254.62934,1200000.0,0.001458,0.011664,3.8696e-05
3d6.(3F2).4s,b 4F,3.5,8.0,2.828122,3d6.(3F2).4p,y 4F*,2.5,6.0,7.705811,4.877688,254.1864,96000000.0,0.069742,0.55794,0.001851
3d6.(3F2).4s,b 4F,3.5,8.0,2.828122,3d6.(3F2).4p,y 4F*,4.5,10.0,7.706625,4.878503,254.14394,19000000.0,0.022998,0.18398,0.00061036
3d6.(3F2).4s,b 4F,3.5,8.0,2.828122,3d5.(6S).4s.4p.(3P*),y 6P*,3.5,8.0,7.708299,4.880177,254.05679,5600000.0,0.0054189,0.043351,0.00014382
3d6.(3F2).4s,b 4F,3.5,8.0,2.828122,3d6.(3H).4p,z 2G*,3.5,8.0,7.726998,4.898876,253.08703,43000000.0,0.041292,0.33034,0.0010959
3d6.(3F2).4s,b 4F,3.5,8.0,2.828122,3d6.(3F2).4p,x 4D*,3.5,8.0,7.804191,4.976068,249.16096,88000000.0,0.081903,0.65523,0.0021737
3d6.(3F2).4s,b 4F,3.5,8.0,2.828122,3d6.(3F2).4p,x 4D*,2.5,6.0,7.84485,5.016727,247.14159,154000000.0,0.10576,0.8461,0.0028069
3d6.(3F2).4s,b 4F,3.5,8.0,2.828122,3d6.(3F2).4p,y 4G*,4.5,10.0,7.928641,5.100519,243.08155,191000000.0,0.2115,1.692,0.0056132
3d6.(3F2).4s,b 4F,3.5,8.0,2.828122,3d6.(3F2).4p,y 4G*,3.5,8.0,7.940059,5.111936,242.53863,6600000.0,0.0058206,0.046565,0.00015448
3d6.(3F2).4s,b 4F,3.5,8.0,2.828122,3d6.(3F2).4p,z 2F*,3.5,8.0,7.970492,5.14237,241.10324,1600000.0,0.0013944,0.011155,3.7007e-05
3d6.(3F2).4s,b 4F,3.5,8.0,2.828122,3d6.(3F2).4p,z 2F*,2.5,6.0,7.987732,5.15961,240.29763,5000000.0,0.0032463,0.02597,8.6157e-05
3d6.(3F2).4s,b 4F,3.5,8.0,2.828122,3d6.(3F2).4p,y 2G*,4.5,10.0,8.038137,5.210015,237.97282,11000000.0,0.011674,0.093391,0.00030983
3d6.(3F2).4s,b 4F,3.5,8.0,2.828122,3d6.(3G).4p,x 4G*,3.5,8.0,8.174447,5.346324,231.9055,5600000.0,0.0045151,0.036121,0.00011983
3d6.(3F2).4s,b 4F,3.5,8.0,2.828122,3d6.(3G).4p,x 4F*,4.5,10.0,8.184541,5.356419,231.46847,3100000.0,0.0031125,0.0249,8.2607e-05
3d6.(3F2).4s,b 4F,3.5,8.0,2.828122,3d6.(3G).4p,x 4F*,3.5,8.0,8.229738,5.401616,229.53169,14000000.0,0.011058,0.088463,0.00029348
3d6.(3F2).4s,b 4F,3.5,8.0,2.828122,3d6.(3F2).4p,y 2D*,2.5,6.0,8.307007,5.478885,226.2946,1800000.0,0.0010364,0.0082915,2.7507e-05
3d6.(3F2).4s,b 4F,3.5,8.0,2.828122,3d6.(3D).4p,w 4P*,2.5,6.0,8.922492,6.094369,203.44057,1800000.0,0.00083766,0.0067013,2.2232e-05
3d6.(3F2).4s,b 4F,3.5,8.0,2.828122,3d6.(3D).4p,w 4F*,3.5,8.0,8.97051,6.142388,201.85016,6100000.0,0.003726,0.029808,9.8889e-05
3d6.(3F2).4s,b 4F,3.5,8.0,2.828122,3d6.(3D).4p,w 4D*,2.5,6.0,9.00367,6.175548,200.76631,20000000.0,0.0090643,0.072514,0.00024057
3d6.(3F2).4s,b 4F,3.5,8.0,2.828122,3d6.(3F1).4p,u 2G*,4.5,10.0,11.427833,8.599711,144.17252,3400000.0,0.0013244,0.010595,3.5149e-05
3d6.(3F2).4s,b 4F,3.5,8.0,2.828122,3d6.(3P1).4p,4P*,2.5,6.0,11.440533,8.612411,143.95992,5000000.0,0.0011651,0.009321,3.0923e-05
3d6.(3F2).4s,b 4F,3.5,8.0,2.828122,3d5.(4G).4s.4p.(3P*),v 4F*,3.5,8.0,11.441568,8.613446,143.94263,34000000.0,0.010561,0.08449,0.0002803
3d6.(3F2).4s,b 4F,3.5,8.0,2.828122,3d5.(4G).4s.4p.(3P*),v 4F*,2.5,6.0,11.447449,8.619327,143.84441,8000000.0,0.0018612,0.01489,4.9397e-05
3d6.(3F2).4s,b 4F,3.5,8.0,2.828122,3d5.(4G).4s.4p.(3P*),v 4F*,4.5,10.0,11.459483,8.631361,143.64386,5000000.0,0.0019334,0.015467,5.1311e-05
3d6.(3F2).4s,b 4F,3.5,8.0,2.828122,3d6.(3F1).4p,u 2G*,3.5,8.0,11.481273,8.65315,143.28215,8000000.0,0.0024623,0.019698,6.5348e-05
3d6.(3F2).4s,b 4F,3.5,8.0,2.828122,3d6.(3F1).4p,4D*,3.5,8.0,11.546633,8.718511,142.208,9000000.0,0.0027287,0.021829,7.2419e-05
3d6.(3F2).4s,b 4F,3.5,8.0,2.828122,3d6.(3F1).4p,u 4F*,2.5,6.0,11.579555,8.751433,141.67303,11000000.0,0.0024825,0.01986,6.5885e-05
3d6.(3F2).4s,b 4F,3.5,8.0,2.828122,3d6.(3F1).4p,u 4F*,4.5,10.0,11.590613,8.762491,141.49424,5000000.0,0.0018759,0.015007,4.9787e-05
3d6.(3F2).4s,b 4F,3.5,8.0,2.828122,3d6.(3F1).4p,u 4F*,3.5,8.0,11.590992,8.762869,141.48813,17000000.0,0.0051021,0.040817,0.00013541
3d6.(3F2).4s,b 4F,3.5,8.0,2.828122,3d5.(4G).4s.4p.(3P*),w 4G*,3.5,8.0,11.663602,8.83548,140.32537,24000000.0,0.0070851,0.05668,0.00018804
3d6.(3F2).4s,b 4F,3.5,8.0,2.828122,3d5.(4G).4s.4p.(3P*),w 4G*,4.5,10.0,11.672913,8.84479,140.17766,41000000.0,0.015098,0.12078,0.00040069
3d6.(3F2).4s,b 4F,3.5,8.0,2.828122,3d5.(4P).4s.4p.(3P*),4D*,2.5,6.0,11.901964,9.073842,136.63914,130000000.0,0.027291,0.21833,0.00072429
3d6.(3F2).4s,b 4F,3.5,8.0,2.828122,3d5.(4P).4s.4p.(3P*),4D*,3.5,8.0,11.929477,9.101354,136.2261,14000000.0,0.003895,0.03116,0.00010337
3d6.(3F2).4s,b 4F,3.5,8.0,2.828122,3d5.(4D).4s.4p.(3P*),4D*,3.5,8.0,12.198969,9.370846,132.30843,11000000.0,0.0028869,0.023095,7.6618e-05
3d6.(3F2).4s,b 4F,3.5,8.0,2.828122,3d5.(4D).4s.4p.(3P*),4D*,2.5,6.0,12.213066,9.384944,132.10969,14000000.0,0.0027474,0.021979,7.2915e-05
3d6.(3F2).4s,b 4F,3.5,8.0,2.828122,3d5.(4F).4s.4p.(3P*),6F*,2.5,6.0,13.176957,10.348835,119.80498,60000000.0,0.0096833,0.077466,0.00025699
3d6.(3F2).4s,b 4F,3.5,8.0,2.828122,3d5.(2D3).4s.4p.(3P*),4D*,2.5,6.0,13.268532,10.44041,118.75415,90000000.0,0.014271,0.11417,0.00037876
3d6.(3F2).4s,b 4F,3.5,8.0,2.828122,3d5.(2F1).4s.4p.(3P*),4G*,2.5,6.0,13.303289,10.475167,118.36012,36000000.0,0.0056707,0.045365,0.0001505
3d6.(3F2).4s,b 4F,3.5,8.0,2.828122,3d6.(5D).6p,6F*,3.5,8.0,13.332002,10.50388,118.03658,23000000.0,0.0048042,0.038434,0.0001275
3d6.(3F2).4s,b 4F,3.5,8.0,2.828122,3d5.(4F).4s.4p.(3P*),6D*,3.5,8.0,13.376267,10.548144,117.54124,8000000.0,0.001657,0.013256,4.3978e-05
3d6.(3F2).4s,b 4F,3.5,8.0,2.828122,3d5.(2F1).4s.4p.(3P*),4F*,4.5,10.0,13.417272,10.589149,117.08608,9000000.0,0.0023122,0.018497,6.1365e-05
3d6.(3F2).4s,b 4F,3.5,8.0,2.828122,3d5.(2F1).4s.4p.(3P*),4D*,3.5,8.0,13.419972,10.59185,117.05623,32000000.0,0.0065735,0.052588,0.00017446
3d6.(3F2).4s,b 4F,3.5,8.0,2.828122,3d5.(2F1).4s.4p.(3P*),4F*,3.5,8.0,13.454597,10.626475,116.67482,60000000.0,0.012245,0.097961,0.00032499
3d6.(3F2).4s,b 4F,3.5,8.0,2.828122,3d5.(2F1).4s.4p.(3P*),4F*,2.5,6.0,13.45718,10.629057,116.64647,22000000.0,0.0033658,0.026926,8.9328e-05
3d6.(3F2).4s,b 4F,3.5,8.0,2.828122,3d6.(3H).5p,4G*,3.5,8.0,13.635254,10.807131,114.72443,11000000.0,0.0021705,0.017364,5.7606e-05
3d6.(3F2).4s,b 4F,3.5,8.0,2.828122,3d6.(3F2).5p,4F*,4.5,10.0,13.658909,10.830787,114.47386,22000000.0,0.0054026,0.043221,0.00014339
3d6.(3F2).4s,b 4F,3.5,8.0,2.828122,3d6.(3F1).5p,4D*,2.5,6.0,13.674309,10.846186,114.31133,45000000.0,0.0066117,0.052893,0.00017547
3d6.(3F2).4s,b 4F,3.5,8.0,2.828122,3d6.(3F2).5p,4D*,3.5,8.0,13.696423,10.8683,114.07874,13000000.0,0.0025364,0.020291,6.7315e-05
3d6.(3F2).4s,b 4F,2.5,6.0,2.844117,3d6.(3G).4s,a 4G,3.5,8.0,3.221313,0.377196,3286.99341,0.00264,5.7016e-10,3.421e-09,1.5132e-11
3d6.(3F2).4s,b 4F,2.5,6.0,2.844117,3d6.(3G).4s,a 4G,2.5,6.0,3.230459,0.386342,3209.18,0.0248,3.8291e-09,2.2975e-08,1.0162e-10
3d6.(3F2).4s,b 4F,2.5,6.0,2.844117,3d6.(3F2).4s,a 2F,2.5,6.0,3.424494,0.580376,2136.27189,0.00261,1.7857e-10,1.0714e-09,4.7393e-12
3d6.(3F2).4s,b 4F,2.5,6.0,2.844117,3d6.(3G).4s,b 2G,3.5,8.0,3.814309,0.970192,1277.93527,0.0073,2.3831e-10,1.4298e-09,6.3247e-12
3d6.(3F2).4s,b 4F,2.5,6.0,2.844117,3d6.(3D).4s,b 4D,1.5,4.0,3.888697,1.04458,1186.92894,0.00261,3.675e-11,2.205e-10,9.7535e-13
3d6.(3F2).4s,b 4F,2.5,6.0,2.844117,3d6.(3D).4s,b 4D,0.5,2.0,3.889193,1.045075,1186.36603,0.00203,1.4278e-11,8.5669e-11,3.7894e-13
3d6.(3F2).4s,b 4F,2.5,6.0,2.844117,3d6.(3D).4s,b 4D,2.5,6.0,3.891613,1.047496,1183.62419,0.0065,1.3652e-10,8.1913e-10,3.6233e-12
3d6.(3F2).4s,b 4F,2.5,6.0,2.844117,3d6.(3D).4s,b 4D,3.5,8.0,3.903419,1.059302,1170.43298,0.0021,5.7506e-11,3.4503e-10,1.5262e-12
3d6.(3F2).4s,b 4F,2.5,6.0,2.844117,3d7,b 2F,3.5,8.0,3.967376,1.123259,1103.78958,0.0045,1.0959e-10,6.5756e-10,2.9086e-12
3d6.(3F2).4s,b 4F,2.5,6.0,2.844117,3d6.(1G2).4s,c 2G,3.5,8.0,4.153631,1.309514,946.79536,0.0813,1.4568e-09,8.7408e-09,3.8664e-11
3d6.(3F2).4s,b 4F,2.5,6.0,2.844117,3d6.(3D).4s,b 2D,2.5,6.0,4.494791,1.650674,751.11278,0.0028,2.3683e-11,1.421e-10,6.2853e-13
3d6.(3F2).4s,b 4F,2.5,6.0,2.844117,3d6.(1D2).4s,c 2D,2.5,6.0,4.73176,1.887643,656.82012,0.022,1.4229e-10,8.5374e-10,3.7764e-12
3d6.(3F2).4s,b 4F,2.5,6.0,2.844117,3d6.(1D2).4s,c 2D,1.5,4.0,4.737995,1.893877,654.65799,0.226,9.6807e-10,5.8084e-09,2.5693e-11
3d6.(3F2).4s,b 4F,2.5,6.0,2.844117,3d6.(5D).4p,z 6F*,1.5,4.0,5.257094,2.412977,513.82263,3000.0,7.9162e-06,4.7497e-05,2.101e-07
3d6.(3F2).4s,b 4F,2.5,6.0,2.844117,3d6.(5D).4p,z 4F*,3.5,8.0,5.548766,2.704649,458.41139,34000.0,0.00014282,0.00085692,3.7904e-06
3d6.(3F2).4s,b 4F,2.5,6.0,2.844117,3d6.(5D).4p,z 4D*,2.5,6.0,5.552606,2.708489,457.76155,64000.0,0.00020106,0.0012063,5.336e-06
3d6.(3F2).4s,b 4F,2.5,6.0,2.844117,3d6.(5D).4p,z 4D*,1.5,4.0,5.584768,2.740651,452.3896,840000.0,0.0017182,0.010309,4.5601e-05
3d6.(3F2).4s,b 4F,2.5,6.0,2.844117,3d6.(5D).4p,z 4F*,2.5,6.0,5.589195,2.745078,451.65995,240000.0,0.000734,0.004404,1.948e-05
3d6.(3F2).4s,b 4F,2.5,6.0,2.844117,3d6.(5D).4p,z 4F*,1.5,4.0,5.615223,2.771106,447.41781,25000.0,5.0019e-05,0.00030011,1.3275e-06
3d6.(3F2).4s,b 4F,2.5,6.0,2.844117,3d6.(3H).4p,z 4G*,3.5,8.0,7.557678,4.713561,263.03725,72000000.0,0.099578,0.59747,0.0026428
3d6.(3F2).4s,b 4F,2.5,6.0,2.844117,3d6.(3H).4p,z 4G*,2.5,6.0,7.568211,4.724093,262.45078,19000000.0,0.01962,0.11772,0.00052073
3d6.(3F2).4s,b 4F,2.5,6.0,2.844117,3d6.(3P2).4p,z 2D*,2.5,6.0,7.574617,4.7305,262.09534,11000000.0,0.011328,0.067971,0.00030066
3d6.(3F2).4s,b 4F,2.5,6.0,2.844117,3d6.(3P2).4p,y 4D*,3.5,8.0,7.653057,4.80894,257.82022,800000.0,0.001063,0.0063778,2.8211e-05
3d6.(3F2).4s,b 4F,2.5,6.0,2.844117,3d6.(3F2).4p,y 4F*,3.5,8.0,7.695145,4.851028,255.58337,19600000.0,0.025593,0.15356,0.00067924
3d6.(3F2).4s,b 4F,2.5,6.0,2.844117,3d6.(3F2).4p,y 4F*,2.5,6.0,7.705811,4.861694,255.02265,112000000.0,0.1092,0.65522,0.0028983
3d6.(3F2).4s,b 4F,2.5,6.0,2.844117,3d5.(6S).4s.4p.(3P*),y 6P*,3.5,8.0,7.708299,4.864182,254.89219,800000.0,0.001039,0.0062338,2.7574e-05
3d6.(3F2).4s,b 4F,2.5,6.0,2.844117,3d6.(3F2).4p,y 4F*,1.5,4.0,7.717336,4.873219,254.4195,80000000.0,0.051756,0.31053,0.0013736
3d6.(3F2).4s,b 4F,2.5,6.0,2.844117,3d6.(3H).4p,z 2G*,3.5,8.0,7.726998,4.882881,253.91606,3700000.0,0.0047685,0.028611,0.00012656
3d6.(3F2).4s,b 4F,2.5,6.0,2.844117,3d6.(3P2).4p,y 4D*,2.5,6.0,7.772554,4.928437,251.56902,13000000.0,0.012334,0.074006,0.00032735
3d6.(3F2).4s,b 4F,2.5,6.0,2.844117,3d6.(3F2).4p,x 4D*,2.5,6.0,7.84485,5.000733,247.93206,91000000.0,0.083862,0.50317,0.0022257
3d6.(3F2).4s,b 4F,2.5,6.0,2.844117,3d6.(3F2).4p,x 4D*,1.5,4.0,7.868674,5.024557,246.75649,177000000.0,0.10772,0.64629,0.0028588
3d6.(3F2).4s,b 4F,2.5,6.0,2.844117,3d6.(3F2).4p,y 4G*,3.5,8.0,7.940059,5.095941,243.29989,157000000.0,0.18577,1.1146,0.0049304
3d6.(3F2).4s,b 4F,2.5,6.0,2.844117,3d6.(3F2).4p,y 4G*,2.5,6.0,7.945826,5.101709,243.02484,7500000.0,0.0066408,0.039845,0.00017625
3d6.(3F2).4s,b 4F,2.5,6.0,2.844117,3d6.(3F2).4p,z 2F*,3.5,8.0,7.970492,5.126375,241.8555,11000000.0,0.012862,0.077171,0.00034135
3d6.(3F2).4s,b 4F,2.5,6.0,2.844117,3d6.(3F2).4p,y 2G*,3.5,8.0,8.072573,5.228456,237.1335,4500000.0,0.0050582,0.030349,0.00013424
3d6.(3F2).4s,b 4F,2.5,6.0,2.844117,3d6.(3G).4p,x 4G*,2.5,6.0,8.192662,5.348545,231.80923,3100000.0,0.0024974,0.014984,6.628e-05
3d6.(3F2).4s,b 4F,2.5,6.0,2.844117,3d6.(3G).4p,x 4F*,2.5,6.0,8.247715,5.403598,229.44748,10000000.0,0.0078927,0.047356,0.00020947
3d6.(3F2).4s,b 4F,2.5,6.0,2.844117,3d6.(3D).4p,w 4P*,1.5,4.0,8.932201,6.088084,203.65061,3200000.0,0.0013264,0.0079587,3.5204e-05
3d6.(3F2).4s,b 4F,2.5,6.0,2.844117,3d6.(3D).4p,w 4F*,2.5,6.0,8.95644,6.112323,202.84299,6600000.0,0.0040712,0.024427,0.00010805
3d6.(3F2).4s,b 4F,2.5,6.0,2.844117,3d6.(3D).4p,w 4F*,3.5,8.0,8.97051,6.126393,202.37714,1100000.0,0.00090056,0.0054034,2.3901e-05
3d6.(3F2).4s,b 4F,2.5,6.0,2.844117,3d6.(3D).4p,w 4D*,1.5,4.0,8.9919,6.147783,201.67304,19000000.0,0.0077236,0.046341,0.00020498
3d6.(3F2).4s,b 4F,2.5,6.0,2.844117,3d6.(3D).4p,w 4D*,2.5,6.0,9.00367,6.159553,201.28764,2300000.0,0.0013971,0.0083825,3.7079e-05
3d6.(3F2).4s,b 4F,2.5,6.0,2.844117,3d6.(3P1).4p,4P*,2.5,6.0,11.440533,8.596416,144.22778,14000000.0,0.004366,0.026196,0.00011587
3d6.(3F2).4s,b 4F,2.5,6.0,2.844117,3d5.(4G).4s.4p.(3P*),v 4F*,3.5,8.0,11.441568,8.597451,144.21042,9000000.0,0.0037414,0.022448,9.9297e-05
3d6.(3F2).4s,b 4F,2.5,6.0,2.844117,3d5.(4G).4s.4p.(3P*),v 4F*,2.5,6.0,11.447449,8.603332,144.11183,19000000.0,0.0059158,0.035495,0.000157
3d6.(3F2).4s,b 4F,2.5,6.0,2.844117,3d5.(4G).4s.4p.(3P*),v 4F*,1.5,4.0,11.45101,8.606893,144.05221,8000000.0,0.0016592,0.0099552,4.4035e-05
3d6.(3F2).4s,b 4F,2.5,6.0,2.844117,3d6.(3F1).4p,u 4F*,1.5,4.0,11.571266,8.727149,142.06725,15000000.0,0.0030259,0.018155,8.0306e-05
3d6.(3F2).4s,b 4F,2.5,6.0,2.844117,3d6.(3F1).4p,u 4F*,2.5,6.0,11.579555,8.735438,141.93244,26000000.0,0.0078523,0.047114,0.0002084
3d6.(3F2).4s,b 4F,2.5,6.0,2.844117,3d6.(3F1).4p,u 4F*,3.5,8.0,11.590992,8.746875,141.74686,6000000.0,0.0024098,0.014459,6.3955e-05
3d6.(3F2).4s,b 4F,2.5,6.0,2.844117,3d5.(4G).4s.4p.(3P*),w 4G*,2.5,6.0,11.653049,8.808932,140.74827,19000000.0,0.0056429,0.033857,0.00014976
3d6.(3F2).4s,b 4F,2.5,6.0,2.844117,3d5.(4G).4s.4p.(3P*),w 4G*,3.5,8.0,11.663602,8.819485,140.57986,39000000.0,0.015407,0.09244,0.00040889
3d6.(3F2).4s,b 4F,2.5,6.0,2.844117,3d5.(4P).4s.4p.(3P*),4D*,1.5,4.0,11.884911,9.040794,137.13862,120000000.0,0.022556,0.13534,0.00059865
3d6.(3F2).4s,b 4F,2.5,6.0,2.844117,3d5.(4P).4s.4p.(3P*),4D*,2.5,6.0,11.901964,9.057847,136.88042,25000000.0,0.0070223,0.042134,0.00018637
3d6.(3F2).4s,b 4F,2.5,6.0,2.844117,3d5.(4D).4s.4p.(3P*),4F*,2.5,6.0,12.194423,9.350306,132.59908,6000000.0,0.0015816,0.0094895,4.1975e-05
3d6.(3F2).4s,b 4F,2.5,6.0,2.844117,3d5.(4D).4s.4p.(3P*),4D*,2.5,6.0,12.213066,9.368949,132.33522,6000000.0,0.0015753,0.0094518,4.1808e-05
3d6.(3F2).4s,b 4F,2.5,6.0,2.844117,3d5.(4D).4s.4p.(3P*),2P*,1.5,4.0,13.191721,10.347604,119.81923,36000000.0,0.0051656,0.030994,0.0001371
3d6.(3F2).4s,b 4F,2.5,6.0,2.844117,3d5.(2F1).4s.4p.(3P*),4G*,2.5,6.0,13.303289,10.459172,118.54112,23000000.0,0.0048454,0.029072,0.0001286
3d6.(3F2).4s,b 4F,2.5,6.0,2.844117,3d5.(4F).4s.4p.(3P*),6D*,2.5,6.0,13.406479,10.562362,117.38303,11000000.0,0.0022723,0.013634,6.0306e-05
3d6.(3F2).4s,b 4F,2.5,6.0,2.844117,3d5.(2F1).4s.4p.(3P*),4D*,3.5,8.0,13.419972,10.575855,117.23326,8000000.0,0.0021978,0.013187,5.833e-05
3d6.(3F2).4s,b 4F,2.5,6.0,2.844117,3d5.(2F1).4s.4p.(3P*),4F*,2.5,6.0,13.45718,10.613063,116.82226,44000000.0,0.0090025,0.054015,0.00023893
3d6.(3F2).4s,b 4F,2.5,6.0,2.844117,3d5.(4G).4s.4p.(1P*),4G*,3.5,8.0,13.468534,10.624417,116.69742,130000000.0,0.035389,0.21233,0.00093922
3d6.(3F2).4s,b 4F,2.5,6.0,2.844117,3d6.(3P2).5p,2D*,2.5,6.0,13.505923,10.661806,116.28818,14000000.0,0.0028383,0.01703,7.5329e-05
3d6.(3F2).4s,b 4F,2.5,6.0,2.844117,3d6.(3H).5p,4G*,3.5,8.0,13.635254,10.791137,114.89447,110000000.0,0.029026,0.17416,0.00077035
3d6.(3F2).4s,b 4F,2.5,6.0,2.844117,3d6.(3F2).5p,4F*,1.5,4.0,13.688708,10.844591,114.32814,41000000.0,0.0053562,0.032137,0.00014215
3d6.(3F2).4s,b 4F,2.5,6.0,2.844117,3d6.(3F2).5p,4D*,3.5,8.0,13.696423,10.852306,114.24687,11000000.0,0.00287,0.01722,7.6169e-05
3d6.(3F2).4s,b 4F,2.5,6.0,2.844117,3d6.(3F2).5p,4F*,2.5,6.0,13.708754,10.864637,114.1172,13000000.0,0.0025381,0.015228,6.7361e-05
3d6.(3F2).4s,b 4F,1.5,4.0,2.855515,3d6.(3G).4s,a 4G,2.5,6.0,3.230459,0.374944,3306.73716,0.0212,5.213e-09,2.0852e-08,1.3835e-10
3d6.(3F2).4s,b 4F,1.5,4.0,2.855515,3d6.(3F2).4s,a 2F,2.5,6.0,3.424494,0.568978,2179.06684,0.00044,4.6983e-11,1.8793e-10,1.2469e-12
3d6.(3F2).4s,b 4F,1.5,4.0,2.855515,3d6.(3D).4s,b 4D,1.5,4.0,3.888697,1.033182,1200.02316,0.0057,1.2306e-10,4.9224e-10,3.266e-12
3d6.(3F2).4s,b 4F,1.5,4.0,2.855515,3d6.(3D).4s,b 4D,0.5,2.0,3.889193,1.033677,1199.44776,0.0102,1.1e-10,4.4e-10,2.9194e-12
3d6.(3F2).4s,b 4F,1.5,4.0,2.855515,3d6.(3D).4s,b 4D,2.5,6.0,3.891613,1.036098,1196.6452,0.00163,5.2489e-11,2.0996e-10,1.3931e-12
3d6.(3F2).4s,b 4F,1.5,4.0,2.855515,3d6.(3D).4s,b 2D,1.5,4.0,4.479104,1.623589,763.64272,0.0021,1.8359e-11,7.3438e-11,4.8726e-13
3d6.(3F2).4s,b 4F,1.5,4.0,2.855515,3d6.(1D2).4s,c 2D,2.5,6.0,4.73176,1.876245,660.81026,0.0085,8.3469e-11,3.3387e-10,2.2153e-12
3d6.(3F2).4s,b 4F,1.5,4.0,2.855515,3d6.(1D2).4s,c 2D,1.5,4.0,4.737995,1.882479,658.62182,0.133,8.6493e-10,3.4597e-09,2.2955e-11
3d6.(3F2).4s,b 4F,1.5,4.0,2.855515,3d6.(5D).4p,z 4D*,1.5,4.0,5.584768,2.729253,454.2789,90000.0,0.00027845,0.0011138,7.3901e-06
3d6.(3F2).4s,b 4F,1.5,4.0,2.855515,3d6.(5D).4p,z 4F*,2.5,6.0,5.589195,2.73368,453.54315,23000.0,0.00010639,0.00042557,2.8237e-06
3d6.(3F2).4s,b 4F,1.5,4.0,2.855515,3d6.(5D).4p,z 4D*,0.5,2.0,5.604888,2.749373,450.95447,700000.0,0.0010671,0.0042683,2.832e-05
3d6.(3F2).4s,b 4F,1.5,4.0,2.855515,3d6.(5D).4p,z 4F*,1.5,4.0,5.615223,2.759707,449.26573,190000.0,0.00057494,0.0022997,1.5259e-05
3d6.(3F2).4s,b 4F,1.5,4.0,2.855515,3d6.(3H).4p,z 4G*,2.5,6.0,7.568211,4.712695,263.08554,51000000.0,0.079381,0.31752,0.0021068
3d6.(3F2).4s,b 4F,1.5,4.0,2.855515,3d6.(3P2).4p,z 2D*,2.5,6.0,7.574617,4.719102,262.72838,35000000.0,0.054329,0.21732,0.0014419
3d6.(3F2).4s,b 4F,1.5,4.0,2.855515,3d6.(3F2).4p,y 4F*,2.5,6.0,7.705811,4.850295,255.62195,25000000.0,0.036736,0.14694,0.00097496
3d6.(3F2).4s,b 4F,1.5,4.0,2.855515,3d6.(3F2).4p,y 4F*,1.5,4.0,7.717336,4.861821,255.01596,165000000.0,0.16087,0.64348,0.0042695
3d6.(3F2).4s,b 4F,1.5,4.0,2.855515,3d6.(3P2).4p,y 4D*,2.5,6.0,7.772554,4.917039,252.15217,1700000.0,0.0024307,0.0097227,6.451e-05
3d6.(3F2).4s,b 4F,1.5,4.0,2.855515,3d6.(3F2).4p,x 4D*,2.5,6.0,7.84485,4.989335,248.49846,8000000.0,0.011109,0.044437,0.00029484
3d6.(3F2).4s,b 4F,1.5,4.0,2.855515,3d6.(3F2).4p,x 4D*,1.5,4.0,7.868674,5.013159,247.31752,80000000.0,0.07336,0.29344,0.001947
3d6.(3F2).4s,b 4F,1.5,4.0,2.855515,3d6.(3F2).4p,x 4D*,0.5,2.0,7.880373,5.024858,246.74168,260000000.0,0.11866,0.47462,0.0031491
3d6.(3F2).4s,b 4F,1.5,4.0,2.855515,3d6.(3F2).4p,y 4G*,2.5,6.0,7.945826,5.090311,243.56902,139000000.0,0.18544,0.74177,0.0049216
3d6.(3F2).4s,b 4F,1.5,4.0,2.855515,3d6.(3F2).4p,z 2F*,2.5,6.0,7.987732,5.132217,241.58019,21000000.0,0.027561,0.11024,0.00073147
3d6.(3F2).4s,b 4F,1.5,4.0,2.855515,3d6.(3G).4p,x 4G*,2.5,6.0,8.192662,5.337146,232.30428,6800000.0,0.0082523,0.033009,0.00021902
3d6.(3F2).4s,b 4F,1.5,4.0,2.855515,3d6.(3G).4p,x 4F*,2.5,6.0,8.247715,5.3922,229.93249,2000000.0,0.0023778,0.0095113,6.3108e-05
3d6.(3F2).4s,b 4F,1.5,4.0,2.855515,3d6.(3D).4p,w 4P*,1.5,4.0,8.932201,6.076686,204.0326,3100000.0,0.0019347,0.0077389,5.1348e-05
3d6.(3F2).4s,b 4F,1.5,4.0,2.855515,3d6.(3D).4p,w 4F*,1.5,4.0,8.947816,6.092301,203.50964,6000000.0,0.0037255,0.014902,9.8874e-05
3d6.(3F2).4s,b 4F,1.5,4.0,2.855515,3d6.(3D).4p,w 4P*,0.5,2.0,8.95327,6.097754,203.32763,11000000.0,0.0034089,0.013636,9.0472e-05
3d6.(3F2).4s,b 4F,1.5,4.0,2.855515,3d6.(3D).4p,w 4D*,0.5,2.0,8.980135,6.12462,202.43574,17000000.0,0.0052222,0.020889,0.0001386
3d6.(3F2).4s,b 4F,1.5,4.0,2.855515,3d6.(3D).4p,w 4D*,1.5,4.0,8.9919,6.136384,202.04764,3100000.0,0.0018973,0.0075891,5.0354e-05
3d6.(3F2).4s,b 4F,1.5,4.0,2.855515,3d6.(3P1).4p,u 2D*,1.5,4.0,11.433375,8.57786,144.53978,14000000.0,0.0043849,0.01754,0.00011638
3d6.(3F2).4s,b 4F,1.5,4.0,2.855515,3d5.(4G).4s.4p.(3P*),v 4F*,2.5,6.0,11.447449,8.591934,144.30301,5000000.0,0.0023414,0.0093655,6.214e-05
3d6.(3F2).4s,b 4F,1.5,4.0,2.855515,3d5.(4G).4s.4p.(3P*),v 4F*,1.5,4.0,11.45101,8.595495,144.24323,24000000.0,0.0074862,0.029945,0.00019868
3d6.(3F2).4s,b 4F,1.5,4.0,2.855515,3d6.(3F1).4p,u 4F*,1.5,4.0,11.571266,8.715751,142.25304,45000000.0,0.013652,0.054608,0.00036232
3d6.(3F2).4s,b 4F,1.5,4.0,2.855515,3d6.(3F1).4p,u 4F*,2.5,6.0,11.579555,8.72404,142.11787,9000000.0,0.0040878,0.016351,0.00010849
3d6.(3F2).4s,b 4F,1.5,4.0,2.855515,3d5.(4G).4s.4p.(3P*),w 4G*,2.5,6.0,11.653049,8.797534,140.93062,42000000.0,0.018759,0.075036,0.00049787
3d6.(3F2).4s,b 4F,1.5,4.0,2.855515,3d5.(4P).4s.4p.(3P*),4D*,0.5,2.0,11.873666,9.018151,137.48295,150000000.0,0.021253,0.085012,0.00056405
3d6.(3F2).4s,b 4F,1.5,4.0,2.855515,3d5.(4P).4s.4p.(3P*),4D*,1.5,4.0,11.884911,9.029396,137.31174,30000000.0,0.00848,0.03392,0.00022506
3d6.(3F2).4s,b 4F,1.5,4.0,2.855515,3d5.(4F).4s.4p.(3P*),6F*,0.5,2.0,13.201366,10.345851,119.83954,50000000.0,0.0053827,0.021531,0.00014286
3d6.(3F2).4s,b 4F,1.5,4.0,2.855515,3d5.(2D3).4s.4p.(3P*),4D*,0.5,2.0,13.322667,10.467151,118.45076,180000000.0,0.018931,0.075725,0.00050243
3d6.(3F2).4s,b 4F,1.5,4.0,2.855515,3d5.(2F1).4s.4p.(3P*),4F*,1.5,4.0,13.486863,10.631348,116.62133,50000000.0,0.010195,0.04078,0.00027057
3d6.(3F2).4s,b 4F,1.5,4.0,2.855515,3d5.(2F1).4s.4p.(3P*),4D*,1.5,4.0,13.514727,10.659211,116.31648,30000000.0,0.006085,0.02434,0.0001615
3d6.(3F2).4s,b 4F,1.5,4.0,2.855515,3d6.(3H).5p,4G*,2.5,6.0,13.640359,10.784844,114.96151,110000000.0,0.032693,0.13077,0.00086766
3d6.(3F2).4s,b 4F,1.5,4.0,2.855515,3d6.(3F2).5p,4F*,1.5,4.0,13.688708,10.833193,114.44843,20000000.0,0.0039274,0.01571,0.00010423
3d5.4s2,a 6S,2.5,6.0,2.891018,3d6.(5D).4p,z 6D*,3.5,8.0,4.793236,1.902217,651.78772,8300.0,7.0484e-05,0.0004229,1.8706e-06
3d5.4s2,a 6S,2.5,6.0,2.891018,3d6.(5D).4p,z 6D*,2.5,6.0,4.817898,1.92688,643.44539,8500.0,5.276e-05,0.00031656,1.4002e-06
3d5.4s2,a 6S,2.5,6.0,2.891018,3d6.(5D).4p,z 6D*,1.5,4.0,4.837022,1.946004,637.12201,2100.0,8.5199e-06,5.1119e-05,2.2612e-07
3d5.4s2,a 6S,2.5,6.0,2.891018,3d6.(5D).4p,z 6F*,3.5,8.0,5.236728,2.345709,528.55736,19000.0,0.00010611,0.00063663,2.816e-06
3d5.4s2,a 6S,2.5,6.0,2.891018,3d6.(5D).4p,z 6P*,3.5,8.0,5.288948,2.39793,517.04679,4200000.0,0.022444,0.13467,0.00059567
3d5.4s2,a 6S,2.5,6.0,2.891018,3d6.(5D).4p,z 6P*,2.5,6.0,5.360904,2.469886,501.98355,2000000.0,0.0075556,0.045334,0.00020053
3d5.4s2,a 6S,2.5,6.0,2.891018,3d6.(5D).4p,z 6P*,1.5,4.0,5.408313,2.517294,492.52958,4300000.0,0.010426,0.062554,0.0002767
3d5.4s2,a 6S,2.5,6.0,2.891018,3d6.(5D).4p,z 4D*,3.5,8.0,5.510714,2.619696,473.27712,28000.0,0.00012537,0.00075221,3.3273e-06
3d5.4s2,a 6S,2.5,6.0,2.891018,3d6.(5D).4p,z 4D*,2.5,6.0,5.552606,2.661587,465.828,14000.0,4.5545e-05,0.00027327,1.2088e-06
3d5.4s2,a 6S,2.5,6.0,2.891018,3d5.(6S).4s.4p.(3P*),y 6P*,1.5,4.0,7.683912,4.792894,258.68338,5800000.0,0.0038791,0.023275,0.00010295
3d5.4s2,a 6S,2.5,6.0,2.891018,3d5.(6S).4s.4p.(3P*),y 6P*,2.5,6.0,7.693101,4.802082,258.1884,7600000.0,0.0075953,0.045572,0.00020158
3d5.4s2,a 6S,2.5,6.0,2.891018,3d5.(6S).4s.4p.(3P*),y 6P*,3.5,8.0,7.708299,4.817281,257.37383,7900000.0,0.010461,0.062763,0.00027762
3d5.4s2,a 6S,2.5,6.0,2.891018,3d6.(1D2).4p,w 2P*,1.5,4.0,9.824937,6.933919,178.80826,440000000.0,0.1406,0.84362,0.0037316
3d5.4s2,a 6S,2.5,6.0,2.891018,3d5.(6S).4s.4p.(1P*),x 6P*,1.5,4.0,9.825243,6.934224,178.80039,660000000.0,0.21089,1.2653,0.0055969
3d5.4s2,a 6S,2.5,6.0,2.891018,3d5.(6S).4s.4p.(1P*),x 6P*,2.5,6.0,9.830077,6.939059,178.67581,1100000000.0,0.52648,3.1589,0.013973
3d5.4s2,a 6S,2.5,6.0,2.891018,3d5.(6S).4s.4p.(1P*),x 6P*,3.5,8.0,9.835835,6.944817,178.52767,1090000000.0,0.69444,4.1667,0.01843
3d5.4s2,a 6S,2.5,6.0,2.891018,3d5.(4P).4s.4p.(3P*),6P*,3.5,8.0,11.050534,8.159516,151.95043,9000000.0,0.0041538,0.024923,0.00011024
3d5.4s2,a 6S,2.5,6.0,2.891018,3d5.(4P).4s.4p.(3P*),6P*,2.5,6.0,11.089699,8.198681,151.22457,11000000.0,0.0037714,0.022628,0.00010009
3d5.4s2,a 6S,2.5,6.0,2.891018,3d5.(4P).4s.4p.(3P*),6P*,1.5,4.0,11.112202,8.221183,150.81065,11000000.0,0.0025005,0.015003,6.6363e-05
3d5.4s2,a 6S,2.5,6.0,2.891018,3d6.(5D).5p,w 6P*,3.5,8.0,11.303384,8.412365,147.38328,100000000.0,0.04342,0.26052,0.0011524
3d5.4s2,a 6S,2.5,6.0,2.891018,3d6.(5D).5p,w 6P*,2.5,6.0,11.353871,8.462853,146.50402,90000000.0,0.02896,0.17376,0.0007686
3d5.4s2,a 6S,2.5,6.0,2.891018,3d6.(5D).5p,w 6P*,1.5,4.0,11.387141,8.496123,145.93033,80000000.0,0.017027,0.10216,0.00045191
3d6.(3G).4s,a 4G,5.5,12.0,3.152768,3d6.(3G).4s,a 4G,4.5,10.0,3.199453,0.046685,26557.76845,0.0016704,1.4719e-08,1.7663e-07,3.9065e-10
3d6.(3G).4s,a 4G,5.5,12.0,3.152768,3d6.(3H).4s,b 2H,5.5,12.0,3.244689,0.091921,13488.14751,0.00197,5.3732e-09,6.4478e-08,1.426e-10
3d6.(3G).4s,a 4G,5.5,12.0,3.152768,3d6.(3H).4s,b 2H,4.5,10.0,3.267327,0.114559,10822.77055,0.00016,2.3414e-10,2.8097e-09,6.2141e-12
3d6.(3G).4s,a 4G,5.5,12.0,3.152768,3d6.(1I).4s,a 2I,6.5,14.0,4.07606,0.923292,1342.84938,0.00285,8.9889e-11,1.0787e-09,2.3857e-12
3d6.(3G).4s,a 4G,5.5,12.0,3.152768,3d6.(1I).4s,a 2I,5.5,12.0,4.080305,0.927537,1336.7029,0.0101,2.7055e-10,3.2466e-09,7.1804e-12
3d6.(3G).4s,a 4G,5.5,12.0,3.152768,3d6.(1G2).4s,c 2G,4.5,10.0,4.149316,0.996548,1244.13623,0.0138,2.6687e-10,3.2024e-09,7.0826e-12
3d6.(3G).4s,a 4G,5.5,12.0,3.152768,3d6.(5D).4p,z 6F*,4.5,10.0,5.221574,2.068806,599.30306,4000.0,1.7949e-05,0.00021538,4.7636e-07
3d6.(3G).4s,a 4G,5.5,12.0,3.152768,3d6.(5D).4p,z 4F*,4.5,10.0,5.484136,2.331368,531.8088,390000.0,0.001378,0.016536,3.6573e-05
3d6.(3G).4s,a 4G,5.5,12.0,3.152768,3d6.(3H).4p,z 4G*,5.5,12.0,7.516597,4.363829,284.1179,8000000.0,0.0096816,0.11618,0.00025695
3d6.(3G).4s,a 4G,5.5,12.0,3.152768,3d6.(3H).4p,z 4G*,4.5,10.0,7.539137,4.386369,282.65795,1400000.0,0.0013974,0.016769,3.7088e-05
3d6.(3G).4s,a 4G,5.5,12.0,3.152768,3d6.(3H).4p,z 4H*,6.5,14.0,7.542896,4.390128,282.41591,2100000.0,0.0029296,0.035155,7.7751e-05
3d6.(3G).4s,a 4G,5.5,12.0,3.152768,3d6.(3H).4p,z 4H*,5.5,12.0,7.549101,4.396333,282.01731,1000000.0,0.0011924,0.014308,3.1646e-05
3d6.(3G).4s,a 4G,5.5,12.0,3.152768,3d6.(3H).4p,z 4H*,4.5,10.0,7.561727,4.408959,281.20967,1200000.0,0.0011856,0.014227,3.1465e-05
3d6.(3G).4s,a 4G,5.5,12.0,3.152768,3d6.(3H).4p,z 4I*,4.5,10.0,7.626594,4.473826,277.13236,4080000.0,0.0039148,0.046978,0.0001039
3d6.(3G).4s,a 4G,5.5,12.0,3.152768,3d6.(3H).4p,z 4I*,6.5,14.0,7.628451,4.475683,277.01736,20700000.0,0.027784,0.3334,0.00073738
3d6.(3G).4s,a 4G,5.5,12.0,3.152768,3d6.(3H).4p,z 4I*,5.5,12.0,7.63584,4.483072,276.56079,1100000.0,0.0012613,0.015136,3.3476e-05
3d6.(3G).4s,a 4G,5.5,12.0,3.152768,3d6.(3H).4p,z 2G*,4.5,10.0,7.697326,4.544558,272.81907,31000000.0,0.028826,0.34592,0.00076505
3d6.(3G).4s,a 4G,5.5,12.0,3.152768,3d6.(3F2).4p,y 4F*,4.5,10.0,7.706625,4.553857,272.26193,5100000.0,0.004723,0.056677,0.00012535
3d6.(3G).4s,a 4G,5.5,12.0,3.152768,3d6.(3H).4p,z 2I*,6.5,14.0,7.72337,4.570602,271.26451,44000000.0,0.05663,0.67956,0.001503
3d6.(3G).4s,a 4G,5.5,12.0,3.152768,3d6.(3H).4p,z 2I*,5.5,12.0,7.769129,4.616361,268.57561,640000.0,0.00069211,0.0083053,1.8368e-05
3d6.(3G).4s,a 4G,5.5,12.0,3.152768,3d6.(3F2).4p,y 4G*,4.5,10.0,7.928641,4.775873,259.60531,170000.0,0.00014314,0.0017177,3.7989e-06
3d6.(3G).4s,a 4G,5.5,12.0,3.152768,3d6.(3F2).4p,y 2G*,4.5,10.0,8.038137,4.885369,253.78674,1000000.0,0.00080467,0.009656,2.1356e-05
3d6.(3G).4s,a 4G,5.5,12.0,3.152768,3d6.(3H).4p,z 2H*,5.5,12.0,8.104054,4.951286,250.40806,73000000.0,0.068624,0.82349,0.0018213
3d6.(3G).4s,a 4G,5.5,12.0,3.152768,3d6.(3G).4p,x 4G*,5.5,12.0,8.130892,4.978124,249.05809,194000000.0,0.18041,2.1649,0.0047881
3d6.(3G).4s,a 4G,5.5,12.0,3.152768,3d6.(3G).4p,x 4G*,4.5,10.0,8.145273,4.992504,248.34069,125000000.0,0.096313,1.1558,0.0025561
3d6.(3G).4s,a 4G,5.5,12.0,3.152768,3d6.(3G).4p,x 4F*,4.5,10.0,8.184541,5.031773,246.40261,71000000.0,0.053855,0.64626,0.0014293
3d6.(3G).4s,a 4G,5.5,12.0,3.152768,3d6.(3G).4p,y 4H*,6.5,14.0,8.234003,5.081235,244.00407,225000000.0,0.23431,2.8117,0.0062185
3d6.(3G).4s,a 4G,5.5,12.0,3.152768,3d6.(3G).4p,y 4H*,5.5,12.0,8.240429,5.087661,243.69587,7000000.0,0.0062324,0.074789,0.00016541
3d6.(3G).4s,a 4G,5.5,12.0,3.152768,3d6.(3G).4p,x 2G*,4.5,10.0,8.717902,5.565134,222.78744,10000000.0,0.006201,0.074412,0.00016457
3d6.(3G).4s,a 4G,5.5,12.0,3.152768,3d6.(1G2).4p,x 2H*,5.5,12.0,8.959314,5.806546,213.52487,900000.0,0.00061518,0.0073821,1.6327e-05
3d6.(3G).4s,a 4G,5.5,12.0,3.152768,3d6.(3D).4p,w 4F*,4.5,10.0,9.007539,5.854771,211.76611,19000000.0,0.010645,0.12774,0.00028252
3d6.(3G).4s,a 4G,5.5,12.0,3.152768,3d6.(1G2).4p,w 2G*,4.5,10.0,9.062207,5.909439,209.80705,2700000.0,0.0014848,0.017818,3.9408e-05
3d6.(3G).4s,a 4G,5.5,12.0,3.152768,3d6.(1I).4p,w 2H*,5.5,12.0,9.125675,5.972907,207.57763,2300000.0,0.0014858,0.017829,3.9432e-05
3d6.(3G).4s,a 4G,5.5,12.0,3.152768,3d6.(3F1).4p,u 2G*,4.5,10.0,11.427833,8.275065,149.82867,7000000.0,0.0019632,0.023558,5.2104e-05
3d6.(3G).4s,a 4G,5.5,12.0,3.152768,3d5.(4G).4s.4p.(3P*),x 4H*,6.5,14.0,11.437529,8.28476,149.65333,28000000.0,0.010968,0.13162,0.0002911
3d6.(3G).4s,a 4G,5.5,12.0,3.152768,3d5.(4G).4s.4p.(3P*),v 4F*,4.5,10.0,11.459483,8.306715,149.25779,17000000.0,0.0047315,0.056778,0.00012557
3d6.(3G).4s,a 4G,5.5,12.0,3.152768,3d6.(3F1).4p,u 4F*,4.5,10.0,11.590613,8.437845,146.93822,12000000.0,0.0032369,0.038843,8.5907e-05
3d6.(3G).4s,a 4G,5.5,12.0,3.152768,3d5.(4G).4s.4p.(3P*),w 4G*,4.5,10.0,11.672913,8.520145,145.51889,2500000.0,0.00066139,0.0079367,1.7553e-05
3d6.(3G).4s,a 4G,5.5,12.0,3.152768,3d5.(4G).4s.4p.(3P*),w 4G*,5.5,12.0,11.678014,8.525246,145.43181,59000000.0,0.018708,0.2245,0.00049651
3d6.(3G).4s,a 4G,5.5,12.0,3.152768,3d5.(4G).4s.4p.(3P*),2H*,5.5,12.0,11.910177,8.757409,141.57635,16000000.0,0.004808,0.057696,0.0001276
3d6.(3G).4s,a 4G,5.5,12.0,3.152768,3d5.(4D).4s.4p.(3P*),4F*,4.5,10.0,12.224407,9.071638,136.67233,120000000.0,0.028004,0.33605,0.00074323
3d6.(3G).4s,a 4G,5.5,12.0,3.152768,3d6.(1G1).4p,2G*,4.5,10.0,12.355429,9.202661,134.72646,3400000.0,0.00077102,0.0092522,2.0463e-05
3d6.(3G).4s,a 4G,5.5,12.0,3.152768,3d5.(4G).4s.4p.(3P*),2G*,4.5,10.0,12.368318,9.21555,134.53804,34000000.0,0.0076886,0.092263,0.00020406
3d6.(3G).4s,a 4G,5.5,12.0,3.152768,3d5.(2I).4s.4p.(3P*),4H*,6.5,14.0,12.97608,9.823312,126.21425,130000000.0,0.036222,0.43466,0.00096132
3d6.(3G).4s,a 4G,5.5,12.0,3.152768,3d5.(2I).4s.4p.(3P*),4H*,5.5,12.0,12.995615,9.842847,125.96376,9000000.0,0.0021409,0.025691,5.6819e-05
3d6.(3G).4s,a 4G,5.5,12.0,3.152768,3d5.(2I).4s.4p.(3P*),2H*,5.5,12.0,13.227918,10.07515,123.0594,28000000.0,0.0063569,0.076283,0.00016871
3d6.(3G).4s,a 4G,5.5,12.0,3.152768,3d5.(2F1).4s.4p.(3P*),4F*,4.5,10.0,13.417272,10.264504,120.78928,70000000.0,0.012759,0.15311,0.00033864
3d6.(3G).4s,a 4G,5.5,12.0,3.152768,3d6.(3H).5p,4G*,5.5,12.0,13.450287,10.297518,120.40202,10000000.0,0.0021733,0.02608,5.768e-05
3d6.(3G).4s,a 4G,5.5,12.0,3.152768,3d6.(3H).5p,4H*,6.5,14.0,13.480698,10.32793,120.04748,5000000.0,0.0012603,0.015124,3.3449e-05
3d6.(3G).4s,a 4G,5.5,12.0,3.152768,3d5.(2I).4s.4p.(3P*),2I*,6.5,14.0,13.532827,10.380059,119.4446,17000000.0,0.0042422,0.050906,0.00011259
3d6.(3G).4s,a 4G,5.5,12.0,3.152768,3d6.(3F2).5p,4F*,4.5,10.0,13.658909,10.506141,118.01117,16000000.0,0.0027838,0.033406,7.3883e-05
3d6.(3G).4s,a 4G,5.5,12.0,3.152768,3d6.(3H).5p,2H*,5.5,12.0,13.721198,10.56843,117.31562,7000000.0,0.0014443,0.017332,3.8333e-05
3d6.(3P2).4s,b 2P,1.5,4.0,3.197253,3d6.(3P2).4s,b 2P,0.5,2.0,3.339234,0.141981,8732.45554,0.0271,1.5491e-08,6.1963e-08,4.1112e-10
3d6.(3P2).4s,b 2P,1.5,4.0,3.197253,3d6.(3D).4s,b 4D,2.5,6.0,3.891613,0.694361,1785.58763,0.00672,4.8182e-10,1.9273e-09,1.2787e-11
3d6.(3P2).4s,b 2P,1.5,4.0,3.197253,3d6.(3D).4s,b 2D,1.5,4.0,4.479104,1.281852,967.2274,0.0702,9.8459e-10,3.9383e-09,2.6131e-11
3d6.(3P2).4s,b 2P,1.5,4.0,3.197253,3d6.(3D).4s,b 2D,2.5,6.0,4.494791,1.297538,955.53427,0.0174,3.5727e-10,1.4291e-09,9.4819e-12
3d6.(3P2).4s,b 2P,1.5,4.0,3.197253,3d6.(1S2).4s,a 2S,0.5,2.0,4.615594,1.418341,874.14915,0.223,1.2773e-09,5.1093e-09,3.3901e-11
3d6.(3P2).4s,b 2P,1.5,4.0,3.197253,3d6.(1D2).4s,c 2D,2.5,6.0,4.73176,1.534508,807.97385,0.036,5.285e-10,2.114e-09,1.4026e-11
3d6.(3P2).4s,b 2P,1.5,4.0,3.197253,3d6.(1D2).4s,c 2D,1.5,4.0,4.737995,1.540742,804.70454,0.034,3.3007e-10,1.3203e-09,8.7602e-12
3d6.(3P2).4s,b 2P,1.5,4.0,3.197253,3d6.(5D).4p,z 4D*,2.5,6.0,5.552606,2.355353,526.39324,80.0,4.985e-07,1.994e-06,1.323e-08
3d6.(3P2).4s,b 2P,1.5,4.0,3.197253,3d6.(5D).4p,z 4P*,2.5,6.0,5.823225,2.625972,472.14591,800.0,4.0105e-06,1.6042e-05,1.0644e-07
3d6.(3P2).4s,b 2P,1.5,4.0,3.197253,3d6.(3P2).4p,z 4S*,1.5,4.0,7.397324,4.200071,295.19547,700000.0,0.00091449,0.0036579,2.427e-05
3d6.(3P2).4s,b 2P,1.5,4.0,3.197253,3d6.(3P2).4p,y 4P*,2.5,6.0,7.488935,4.291682,288.89418,6100000.0,0.011449,0.045795,0.00030385
3d6.(3P2).4s,b 2P,1.5,4.0,3.197253,3d6.(3H).4p,z 4G*,2.5,6.0,7.568211,4.370958,283.65453,51000000.0,0.092278,0.36911,0.0024491
3d6.(3P2).4s,b 2P,1.5,4.0,3.197253,3d6.(3P2).4p,z 2D*,2.5,6.0,7.574617,4.377364,283.23938,76000000.0,0.13711,0.54844,0.0036389
3d6.(3P2).4s,b 2P,1.5,4.0,3.197253,3d6.(3P2).4p,y 4P*,1.5,4.0,7.604292,4.40704,281.33217,2900000.0,0.0034411,0.013764,9.1327e-05
3d6.(3P2).4s,b 2P,1.5,4.0,3.197253,3d6.(3P2).4p,z 2D*,1.5,4.0,7.702593,4.505341,275.19384,29000000.0,0.032926,0.1317,0.00087385
3d6.(3P2).4s,b 2P,1.5,4.0,3.197253,3d6.(3P2).4p,y 4D*,2.5,6.0,7.772554,4.575301,270.98587,39000000.0,0.064403,0.25761,0.0017093
3d6.(3P2).4s,b 2P,1.5,4.0,3.197253,3d6.(3F2).4p,x 4D*,2.5,6.0,7.84485,4.647597,266.77054,1700000.0,0.0027207,0.010883,7.2207e-05
3d6.(3P2).4s,b 2P,1.5,4.0,3.197253,3d6.(3P2).4p,z 2P*,0.5,2.0,8.034981,4.837729,256.28598,160000000.0,0.078777,0.31511,0.0020907
3d6.(3P2).4s,b 2P,1.5,4.0,3.197253,3d6.(3P2).4p,z 2P*,1.5,4.0,8.0384,4.841147,256.10498,177000000.0,0.17405,0.69619,0.0046192
3d6.(3P2).4s,b 2P,1.5,4.0,3.197253,3d6.(3P2).4p,z 2S*,0.5,2.0,8.213785,5.016533,247.15118,90000000.0,0.04121,0.16484,0.0010937
3d6.(3P2).4s,b 2P,1.5,4.0,3.197253,3d6.(3G).4p,x 4F*,2.5,6.0,8.247715,5.050463,245.49077,8000000.0,0.010842,0.043368,0.00028775
3d6.(3P2).4s,b 2P,1.5,4.0,3.197253,3d6.(3G).4p,x 4F*,1.5,4.0,8.258917,5.061664,244.94749,2000000.0,0.001799,0.0071961,4.7746e-05
3d6.(3P2).4s,b 2P,1.5,4.0,3.197253,3d6.(3F2).4p,y 2D*,2.5,6.0,8.307007,5.109754,242.64219,32000000.0,0.042368,0.16947,0.0011244
3d6.(3P2).4s,b 2P,1.5,4.0,3.197253,3d6.(3D).4p,x 2D*,1.5,4.0,9.236586,6.039334,205.2945,3000000.0,0.0018956,0.0075822,5.0308e-05
3d6.(3P2).4s,b 2P,1.5,4.0,3.197253,3d6.(3D).4p,x 2D*,2.5,6.0,9.250072,6.05282,204.8371,5600000.0,0.0052839,0.021136,0.00014024
3d6.(3P2).4s,b 2P,1.5,4.0,3.197253,3d6.(1S2).4p,x 2P*,1.5,4.0,9.438851,6.241598,198.64175,31000000.0,0.018338,0.073354,0.0004867
3d6.(3P2).4s,b 2P,1.5,4.0,3.197253,3d6.(1D2).4p,w 2P*,0.5,2.0,9.775146,6.577894,188.48617,900000.0,0.00023968,0.00095872,6.3611e-06
3d6.(3P2).4s,b 2P,1.5,4.0,3.197253,3d6.(1D2).4p,w 2P*,1.5,4.0,9.824937,6.627684,187.07016,2400000.0,0.0012592,0.0050366,3.3418e-05
3d6.(3P2).4s,b 2P,1.5,4.0,3.197253,3d5.(6S).4s.4p.(1P*),x 6P*,1.5,4.0,9.825243,6.62799,187.06154,1600000.0,0.00083936,0.0033574,2.2277e-05
3d6.(3P2).4s,b 2P,1.5,4.0,3.197253,3d5.(4P).4s.4p.(3P*),2P*,1.5,4.0,12.066949,8.869696,139.78405,170000000.0,0.049799,0.1992,0.0013217
3d6.(3P2).4s,b 2P,1.5,4.0,3.197253,3d5.(4P).4s.4p.(3P*),4S*,1.5,4.0,12.192402,8.99515,137.8345,27000000.0,0.0076902,0.030761,0.0002041
3d6.(3P2).4s,b 2P,1.5,4.0,3.197253,3d5.(4D).4s.4p.(3P*),4D*,1.5,4.0,12.245956,9.048703,137.01875,36000000.0,0.010133,0.040531,0.00026892
3d6.(3P2).4s,b 2P,1.5,4.0,3.197253,3d5.(4D).4s.4p.(3P*),4D*,0.5,2.0,12.275388,9.078135,136.57453,25000000.0,0.0034955,0.013982,9.2771e-05
3d6.(3P2).4s,b 2P,1.5,4.0,3.197253,3d5.(4P).4s.4p.(3P*),2D*,2.5,6.0,12.448073,9.25082,134.02508,9000000.0,0.0036355,0.014542,9.6486e-05
3d6.(3P2).4s,b 2P,1.5,4.0,3.197253,3d5.(4D).4s.4p.(3P*),2D*,2.5,6.0,12.702075,9.504822,130.44347,50000000.0,0.019132,0.076529,0.00050777
3d6.(3P2).4s,b 2P,1.5,4.0,3.197253,3d5.(4P).4s.4p.(3P*),2S*,0.5,2.0,12.890334,9.693081,127.90999,410000000.0,0.050283,0.20113,0.0013345
3d6.(3P2).4s,b 2P,1.5,4.0,3.197253,3d5.(4D).4s.4p.(3P*),2P*,1.5,4.0,13.191721,9.994468,124.05282,24000000.0,0.0055371,0.022148,0.00014696
3d6.(3P2).4s,b 2P,1.5,4.0,3.197253,3d5.(4F).4s.4p.(3P*),6F*,1.5,4.0,13.202002,10.00475,123.92534,17000000.0,0.0039141,0.015656,0.00010388
3d6.(3G).4s,a 4G,4.5,10.0,3.199453,3d6.(3H).4s,b 2H,4.5,10.0,3.267327,0.067874,18266.83653,0.00031,1.5508e-09,1.5508e-08,4.1157e-11
3d6.(3G).4s,a 4G,4.5,10.0,3.199453,3d6.(3F2).4s,a 2F,3.5,8.0,3.386618,0.187165,6624.30941,0.007,3.6841e-09,3.6841e-08,9.7775e-11
3d6.(3G).4s,a 4G,4.5,10.0,3.199453,3d6.(3G).4s,b 2G,4.5,10.0,3.767699,0.568247,2181.87301,0.00499,3.5614e-10,3.5614e-09,9.4519e-12
3d6.(3G).4s,a 4G,4.5,10.0,3.199453,3d6.(3G).4s,b 2G,3.5,8.0,3.814309,0.614856,2016.47593,0.00097,4.7305e-11,4.7305e-10,1.2555e-12
3d6.(3G).4s,a 4G,4.5,10.0,3.199453,3d7,b 2F,3.5,8.0,3.967376,0.767924,1614.53807,0.0014,4.377e-11,4.377e-10,1.1616e-12
3d6.(3G).4s,a 4G,4.5,10.0,3.199453,3d6.(1I).4s,a 2I,5.5,12.0,4.080305,0.880853,1407.54743,0.00142,5.0612e-11,5.0612e-10,1.3432e-12
3d6.(3G).4s,a 4G,4.5,10.0,3.199453,3d6.(1G2).4s,c 2G,4.5,10.0,4.149316,0.949864,1305.28411,0.0153,3.9081e-10,3.9081e-09,1.0372e-11
3d6.(3G).4s,a 4G,4.5,10.0,3.199453,3d6.(1G2).4s,c 2G,3.5,8.0,4.153631,0.954179,1299.38158,0.00513,1.0388e-10,1.0388e-09,2.757e-12
3d6.(3G).4s,a 4G,4.5,10.0,3.199453,3d6.(5D).4p,z 6F*,4.5,10.0,5.221574,2.022122,613.13917,300.0,1.6908e-06,1.6908e-05,4.4875e-08
3d6.(3G).4s,a 4G,4.5,10.0,3.199453,3d6.(5D).4p,z 6F*,3.5,8.0,5.236728,2.037275,608.57863,3000.0,1.3326e-05,0.00013326,3.5368e-07
3d6.(3G).4s,a 4G,4.5,10.0,3.199453,3d6.(5D).4p,z 4F*,4.5,10.0,5.484136,2.284683,542.67567,9000.0,3.9736e-05,0.00039736,1.0546e-06
3d6.(3G).4s,a 4G,4.5,10.0,3.199453,3d6.(5D).4p,z 4F*,3.5,8.0,5.548766,2.349313,527.74651,380000.0,0.0012694,0.012694,3.3689e-05
3d6.(3G).4s,a 4G,4.5,10.0,3.199453,3d6.(3H).4p,z 4G*,5.5,12.0,7.516597,4.317145,287.19029,2200000.0,0.0032644,0.032644,8.6637e-05
3d6.(3G).4s,a 4G,4.5,10.0,3.199453,3d6.(3H).4p,z 4G*,4.5,10.0,7.539137,4.339684,285.69868,5000000.0,0.0061185,0.061185,0.00016239
3d6.(3G).4s,a 4G,4.5,10.0,3.199453,3d6.(3H).4p,z 4H*,5.5,12.0,7.549101,4.349648,285.0442,4600000.0,0.0067239,0.067239,0.00017845
3d6.(3G).4s,a 4G,4.5,10.0,3.199453,3d6.(3H).4p,z 4H*,4.5,10.0,7.561727,4.362275,284.21916,430000.0,0.00052076,0.0052076,1.3821e-05
3d6.(3G).4s,a 4G,4.5,10.0,3.199453,3d6.(3H).4p,z 4I*,4.5,10.0,7.626594,4.427141,280.05476,500000.0,0.00058792,0.0058792,1.5603e-05
3d6.(3G).4s,a 4G,4.5,10.0,3.199453,3d6.(3H).4p,z 4I*,5.5,12.0,7.63584,4.436387,279.47108,13000000.0,0.018267,0.18267,0.0004848
3d6.(3G).4s,a 4G,4.5,10.0,3.199453,3d6.(3F2).4p,y 4F*,3.5,8.0,7.695145,4.495692,275.78446,8100000.0,0.0073888,0.073888,0.0001961
3d6.(3G).4s,a 4G,4.5,10.0,3.199453,3d6.(3F2).4p,y 4F*,4.5,10.0,7.706625,4.507173,275.08198,1800000.0,0.002042,0.02042,5.4195e-05
3d6.(3G).4s,a 4G,4.5,10.0,3.199453,3d6.(3H).4p,z 2I*,5.5,12.0,7.769129,4.569676,271.31943,12900000.0,0.017084,0.17084,0.00045341
3d6.(3G).4s,a 4G,4.5,10.0,3.199453,3d6.(3F2).4p,x 4D*,3.5,8.0,7.804191,4.604738,269.25353,5000000.0,0.0043475,0.043475,0.00011538
3d6.(3G).4s,a 4G,4.5,10.0,3.199453,3d6.(3F2).4p,y 4G*,5.5,12.0,7.919655,4.720202,262.66713,600000.0,0.00074474,0.0074474,1.9765e-05
3d6.(3G).4s,a 4G,4.5,10.0,3.199453,3d6.(3F2).4p,y 4G*,3.5,8.0,7.940059,4.740606,261.53662,3400000.0,0.0027893,0.027893,7.4028e-05
3d6.(3G).4s,a 4G,4.5,10.0,3.199453,3d6.(3F2).4p,z 2F*,3.5,8.0,7.970492,4.771039,259.86832,600000.0,0.00048597,0.0048597,1.2898e-05
3d6.(3G).4s,a 4G,4.5,10.0,3.199453,3d6.(3F2).4p,y 2G*,4.5,10.0,8.038137,4.838685,256.23533,1100000.0,0.0010828,0.010828,2.8736e-05
3d6.(3G).4s,a 4G,4.5,10.0,3.199453,3d6.(3H).4p,z 2H*,5.5,12.0,8.104054,4.904602,252.79158,9000000.0,0.010347,0.10347,0.00027461
3d6.(3G).4s,a 4G,4.5,10.0,3.199453,3d6.(3H).4p,z 2H*,4.5,10.0,8.127942,4.928489,251.56635,8000000.0,0.0075902,0.075902,0.00020144
3d6.(3G).4s,a 4G,4.5,10.0,3.199453,3d6.(3G).4p,x 4G*,5.5,12.0,8.130892,4.931439,251.41586,1200000.0,0.0013646,0.013646,3.6217e-05
3d6.(3G).4s,a 4G,4.5,10.0,3.199453,3d6.(3G).4p,x 4G*,4.5,10.0,8.145273,4.94582,250.68483,99000000.0,0.093272,0.93272,0.0024754
3d6.(3G).4s,a 4G,4.5,10.0,3.199453,3d6.(3G).4p,x 4G*,3.5,8.0,8.174447,4.974994,249.21478,101000000.0,0.075235,0.75235,0.0019967
3d6.(3G).4s,a 4G,4.5,10.0,3.199453,3d6.(3G).4p,x 4F*,4.5,10.0,8.184541,4.985088,248.71014,154000000.0,0.14281,1.4281,0.0037903
3d6.(3G).4s,a 4G,4.5,10.0,3.199453,3d6.(3G).4p,x 4F*,3.5,8.0,8.229738,5.030285,246.47547,132000000.0,0.096177,0.96177,0.0025525
3d6.(3G).4s,a 4G,4.5,10.0,3.199453,3d6.(3G).4p,y 4H*,5.5,12.0,8.240429,5.040976,245.95275,231000000.0,0.25139,2.5139,0.006672
3d6.(3G).4s,a 4G,4.5,10.0,3.199453,3d6.(3G).4p,y 4H*,4.5,10.0,8.255989,5.056536,245.19591,12000000.0,0.010816,0.10816,0.00028706
3d6.(3G).4s,a 4G,4.5,10.0,3.199453,3d6.(3G).4p,y 4H*,3.5,8.0,8.266316,5.066863,244.69616,1700000.0,0.0012208,0.012208,3.2401e-05
3d6.(3G).4s,a 4G,4.5,10.0,3.199453,3d6.(3G).4p,y 2H*,5.5,12.0,8.370958,5.171505,239.74491,21000000.0,0.021715,0.21715,0.00057631
3d6.(3G).4s,a 4G,4.5,10.0,3.199453,3d6.(3G).4p,x 2G*,3.5,8.0,8.743824,5.544371,223.62176,2700000.0,0.0016194,0.016194,4.2978e-05
3d6.(3G).4s,a 4G,4.5,10.0,3.199453,3d6.(3D).4p,w 4F*,3.5,8.0,8.97051,5.771058,214.83791,22000000.0,0.012179,0.12179,0.00032322
3d6.(3G).4s,a 4G,4.5,10.0,3.199453,3d6.(3D).4p,w 4F*,4.5,10.0,9.007539,5.808086,213.46826,3400000.0,0.0023228,0.023228,6.1646e-05
3d6.(3G).4s,a 4G,4.5,10.0,3.199453,3d6.(3D).4p,w 4D*,3.5,8.0,9.007689,5.808237,213.46272,2000000.0,0.001093,0.01093,2.9008e-05
3d6.(3G).4s,a 4G,4.5,10.0,3.199453,3d6.(1G2).4p,x 2F*,3.5,8.0,9.052853,5.8534,211.81569,1100000.0,0.00059191,0.0059191,1.5709e-05
3d6.(3G).4s,a 4G,4.5,10.0,3.199453,3d6.(1I).4p,w 2H*,4.5,10.0,9.143993,5.94454,208.5682,1100000.0,0.00071738,0.0071738,1.9039e-05
3d6.(3G).4s,a 4G,4.5,10.0,3.199453,3d5.(4G).4s.4p.(3P*),x 4H*,5.5,12.0,11.427179,8.227727,150.69071,29000000.0,0.011847,0.11847,0.00031442
3d6.(3G).4s,a 4G,4.5,10.0,3.199453,3d6.(3F1).4p,u 2G*,4.5,10.0,11.427833,8.22838,150.67874,2300000.0,0.00078287,0.0078287,2.0777e-05
3d6.(3G).4s,a 4G,4.5,10.0,3.199453,3d5.(4G).4s.4p.(3P*),v 4F*,3.5,8.0,11.441568,8.242115,150.42764,15000000.0,0.004071,0.04071,0.00010804
3d6.(3G).4s,a 4G,4.5,10.0,3.199453,3d5.(4G).4s.4p.(3P*),v 4F*,4.5,10.0,11.459483,8.260031,150.10138,4500000.0,0.00152,0.0152,4.0341e-05
3d6.(3G).4s,a 4G,4.5,10.0,3.199453,3d6.(3F1).4p,u 2G*,3.5,8.0,11.481273,8.28182,149.70646,3400000.0,0.00091392,0.0091392,2.4256e-05
3d6.(3G).4s,a 4G,4.5,10.0,3.199453,3d6.(3F1).4p,4D*,3.5,8.0,11.546633,8.347181,148.53422,3900000.0,0.001032,0.01032,2.7388e-05
3d6.(3G).4s,a 4G,4.5,10.0,3.199453,3d6.(3F1).4p,u 4F*,4.5,10.0,11.590613,8.391161,147.75572,4400000.0,0.0014401,0.014401,3.8221e-05
3d6.(3G).4s,a 4G,4.5,10.0,3.199453,3d6.(3F1).4p,u 4F*,3.5,8.0,11.590992,8.391539,147.74906,8000000.0,0.0020945,0.020945,5.5589e-05
3d6.(3G).4s,a 4G,4.5,10.0,3.199453,3d5.(4D).4s.4p.(3P*),6D*,4.5,10.0,11.661672,8.462219,146.51499,2800000.0,0.00090112,0.0090112,2.3916e-05
3d6.(3G).4s,a 4G,4.5,10.0,3.199453,3d5.(4G).4s.4p.(3P*),w 4G*,3.5,8.0,11.663602,8.464149,146.48158,3700000.0,0.00095218,0.0095218,2.5271e-05
3d6.(3G).4s,a 4G,4.5,10.0,3.199453,3d5.(4G).4s.4p.(3P*),w 4G*,4.5,10.0,11.672913,8.47346,146.32063,42000000.0,0.013481,0.13481,0.00035778
3d6.(3G).4s,a 4G,4.5,10.0,3.199453,3d5.(4G).4s.4p.(3P*),w 4G*,5.5,12.0,11.678014,8.478561,146.23259,5000000.0,0.0019235,0.019235,5.1051e-05
3d6.(3G).4s,a 4G,4.5,10.0,3.199453,3d5.(4G).4s.4p.(3P*),2H*,4.5,10.0,11.932167,8.732714,141.97671,6000000.0,0.0018132,0.018132,4.8122e-05
3d6.(3G).4s,a 4G,4.5,10.0,3.199453,3d5.(4D).4s.4p.(3P*),4D*,3.5,8.0,12.198969,8.999516,137.76763,29000000.0,0.0066015,0.066015,0.0001752
3d6.(3G).4s,a 4G,4.5,10.0,3.199453,3d5.(4D).4s.4p.(3P*),4F*,3.5,8.0,12.216908,9.017456,137.49355,90000000.0,0.020406,0.20406,0.00054157
3d6.(3G).4s,a 4G,4.5,10.0,3.199453,3d5.(4D).4s.4p.(3P*),4F*,4.5,10.0,12.224407,9.024954,137.37932,6000000.0,0.0016977,0.016977,4.5056e-05
3d6.(3G).4s,a 4G,4.5,10.0,3.199453,3d5.(4G).4s.4p.(3P*),2G*,3.5,8.0,12.353218,9.153765,135.44612,6000000.0,0.0013202,0.013202,3.5038e-05
3d6.(3G).4s,a 4G,4.5,10.0,3.199453,3d6.(1G1).4p,2G*,3.5,8.0,12.374683,9.17523,135.12925,6000000.0,0.001314,0.01314,3.4874e-05
3d6.(3G).4s,a 4G,4.5,10.0,3.199453,3d5.(2I).4s.4p.(3P*),4H*,5.5,12.0,12.995615,9.796162,126.56405,140000000.0,0.040345,0.40345,0.0010708
3d6.(3G).4s,a 4G,4.5,10.0,3.199453,3d5.(2I).4s.4p.(3P*),4H*,4.5,10.0,13.010618,9.811165,126.37051,15000000.0,0.0035912,0.035912,9.5311e-05
3d6.(3G).4s,a 4G,4.5,10.0,3.199453,3d5.(2I).4s.4p.(3P*),2H*,4.5,10.0,13.267138,10.067685,123.15065,10000000.0,0.0022737,0.022737,6.0344e-05
3d6.(3G).4s,a 4G,4.5,10.0,3.199453,3d6.(5D).6p,6F*,3.5,8.0,13.332002,10.132549,122.36229,5000000.0,0.00089787,0.0089787,2.383e-05
3d6.(3G).4s,a 4G,4.5,10.0,3.199453,3d5.(2F1).4s.4p.(3P*),4F*,4.5,10.0,13.417272,10.217819,121.34116,6000000.0,0.0013244,0.013244,3.515e-05
3d6.(3G).4s,a 4G,4.5,10.0,3.199453,3d5.(2F1).4s.4p.(3P*),4D*,3.5,8.0,13.419972,10.220519,121.3091,37000000.0,0.0065304,0.065304,0.00017332
3d6.(3G).4s,a 4G,4.5,10.0,3.199453,3d6.(3H).5p,4G*,5.5,12.0,13.450287,10.250834,120.95036,5000000.0,0.0013159,0.013159,3.4924e-05
3d6.(3G).4s,a 4G,4.5,10.0,3.199453,3d5.(2F1).4s.4p.(3P*),4F*,3.5,8.0,13.454597,10.255144,120.89952,23000000.0,0.0040321,0.040321,0.00010701
3d6.(3G).4s,a 4G,4.5,10.0,3.199453,3d6.(3H).5p,4G*,4.5,10.0,13.461096,10.261643,120.82295,5000000.0,0.0010943,0.010943,2.9042e-05
3d6.(3G).4s,a 4G,4.5,10.0,3.199453,3d5.(4G).4s.4p.(1P*),4G*,3.5,8.0,13.468534,10.269081,120.73544,5000000.0,0.00087416,0.0087416,2.32e-05
3d6.(3G).4s,a 4G,4.5,10.0,3.199453,3d5.(4G).4s.(5G).4p,4H*,5.5,12.0,13.490697,10.291244,120.47542,7000000.0,0.0018278,0.018278,4.8511e-05
3d6.(3G).4s,a 4G,4.5,10.0,3.199453,3d6.(3H).5p,4I*,4.5,10.0,13.627375,10.427922,118.89636,5000000.0,0.0010597,0.010597,2.8123e-05
3d6.(3G).4s,a 4G,3.5,8.0,3.221313,3d6.(3H).4s,b 2H,4.5,10.0,3.267327,0.046013,26945.31347,0.000102,1.3878e-09,1.1103e-08,3.6833e-11
3d6.(3G).4s,a 4G,3.5,8.0,3.221313,3d6.(3F2).4s,a 2F,3.5,8.0,3.386618,0.165305,7500.33822,0.00079,6.6627e-10,5.3301e-09,1.7683e-11
3d6.(3G).4s,a 4G,3.5,8.0,3.221313,3d6.(3F2).4s,a 2F,2.5,6.0,3.424494,0.20318,6102.18157,0.00451,1.8883e-09,1.5106e-08,5.0115e-11
3d6.(3G).4s,a 4G,3.5,8.0,3.221313,3d6.(3G).4s,b 2G,4.5,10.0,3.767699,0.546386,2269.16878,0.00061,5.8862e-11,4.7089e-10,1.5622e-12
3d6.(3G).4s,a 4G,3.5,8.0,3.221313,3d6.(3G).4s,b 2G,3.5,8.0,3.814309,0.592995,2090.81296,0.00496,3.2507e-10,2.6005e-09,8.6273e-12
3d6.(3G).4s,a 4G,3.5,8.0,3.221313,3d7,b 2F,2.5,6.0,3.944162,0.722849,1715.21607,0.00215,7.1121e-11,5.6897e-10,1.8875e-12
3d6.(3G).4s,a 4G,3.5,8.0,3.221313,3d7,b 2F,3.5,8.0,3.967376,0.746063,1661.84623,0.000674,2.7906e-11,2.2325e-10,7.4063e-13
3d6.(3G).4s,a 4G,3.5,8.0,3.221313,3d6.(1G2).4s,c 2G,4.5,10.0,4.149316,0.928003,1336.03226,0.00178,5.9542e-11,4.7634e-10,1.5802e-12
3d6.(3G).4s,a 4G,3.5,8.0,3.221313,3d6.(1G2).4s,c 2G,3.5,8.0,4.153631,0.932318,1329.84903,0.0049,1.2992e-10,1.0393e-09,3.448e-12
3d6.(3G).4s,a 4G,3.5,8.0,3.221313,3d6.(1D2).4s,c 2D,2.5,6.0,4.73176,1.510447,820.84455,0.0098,7.4245e-11,5.9396e-10,1.9705e-12
3d6.(3G).4s,a 4G,3.5,8.0,3.221313,3d6.(5D).4p,z 6F*,2.5,6.0,5.248852,2.027538,611.50114,1700.0,7.1477e-06,5.7181e-05,1.897e-07
3d6.(3G).4s,a 4G,3.5,8.0,3.221313,3d6.(5D).4p,z 4D*,3.5,8.0,5.510714,2.2894,541.5575,9400.0,4.1331e-05,0.00033065,1.0969e-06
3d6.(3G).4s,a 4G,3.5,8.0,3.221313,3d6.(5D).4p,z 4F*,3.5,8.0,5.548766,2.327453,532.70338,16000.0,6.8069e-05,0.00054455,1.8066e-06
3d6.(3G).4s,a 4G,3.5,8.0,3.221313,3d6.(5D).4p,z 4D*,2.5,6.0,5.552606,2.331292,531.82604,60000.0,0.00019081,0.0015265,5.0642e-06
3d6.(3G).4s,a 4G,3.5,8.0,3.221313,3d6.(5D).4p,z 4F*,2.5,6.0,5.589195,2.367882,523.608,250000.0,0.00077068,0.0061654,2.0454e-05
3d6.(3G).4s,a 4G,3.5,8.0,3.221313,3d6.(3H).4p,z 4G*,4.5,10.0,7.539137,4.317823,287.14514,700000.0,0.0010816,0.0086529,2.8706e-05
3d6.(3G).4s,a 4G,3.5,8.0,3.221313,3d6.(3H).4p,z 4H*,4.5,10.0,7.561727,4.340414,285.65064,9000000.0,0.013762,0.1101,0.00036524
3d6.(3G).4s,a 4G,3.5,8.0,3.221313,3d6.(3H).4p,z 4G*,2.5,6.0,7.568211,4.346897,285.2246,2400000.0,0.0021954,0.017563,5.8265e-05
3d6.(3G).4s,a 4G,3.5,8.0,3.221313,3d6.(3P2).4p,z 2D*,2.5,6.0,7.574617,4.353304,284.80485,17000.0,1.5505e-05,0.00012404,4.115e-07
3d6.(3G).4s,a 4G,3.5,8.0,3.221313,3d6.(3H).4p,z 4H*,3.5,8.0,7.58248,4.361167,284.29135,1500000.0,0.0018175,0.01454,4.8237e-05
3d6.(3G).4s,a 4G,3.5,8.0,3.221313,3d6.(3H).4p,z 4I*,4.5,10.0,7.626594,4.405281,281.44449,3400000.0,0.005047,0.040376,0.00013395
3d6.(3G).4s,a 4G,3.5,8.0,3.221313,3d6.(3H).4p,z 2G*,4.5,10.0,7.697326,4.476012,276.99701,6600000.0,0.0094899,0.07592,0.00025186
3d6.(3G).4s,a 4G,3.5,8.0,3.221313,3d6.(3F2).4p,y 4F*,2.5,6.0,7.705811,4.484497,276.47291,2900000.0,0.0024924,0.019939,6.6149e-05
3d6.(3G).4s,a 4G,3.5,8.0,3.221313,3d6.(3H).4p,z 2G*,3.5,8.0,7.726998,4.505685,275.17281,1000000.0,0.0011352,0.0090816,3.0128e-05
3d6.(3G).4s,a 4G,3.5,8.0,3.221313,3d6.(3P2).4p,y 4D*,2.5,6.0,7.772554,4.55124,272.41848,600000.0,0.00050066,0.0040053,1.3288e-05
3d6.(3G).4s,a 4G,3.5,8.0,3.221313,3d6.(3F2).4p,x 4D*,3.5,8.0,7.804191,4.582877,270.53789,1100000.0,0.001207,0.009656,3.2034e-05
3d6.(3G).4s,a 4G,3.5,8.0,3.221313,3d6.(3F2).4p,x 4D*,2.5,6.0,7.84485,4.623536,268.1588,800000.0,0.00064684,0.0051747,1.7167e-05
3d6.(3G).4s,a 4G,3.5,8.0,3.221313,3d6.(3F2).4p,y 4G*,3.5,8.0,7.940059,4.718745,262.74825,1900000.0,0.0019665,0.015732,5.2191e-05
3d6.(3G).4s,a 4G,3.5,8.0,3.221313,3d6.(3F2).4p,z 2F*,3.5,8.0,7.970492,4.749179,261.06451,13000000.0,0.013283,0.10626,0.00035253
3d6.(3G).4s,a 4G,3.5,8.0,3.221313,3d6.(3F2).4p,z 2F*,2.5,6.0,7.987732,4.766419,260.12024,1400000.0,0.0010651,0.0085209,2.8268e-05
3d6.(3G).4s,a 4G,3.5,8.0,3.221313,3d6.(3F2).4p,y 2G*,4.5,10.0,8.038137,4.816824,257.39823,14000000.0,0.017382,0.13906,0.00046133
3d6.(3G).4s,a 4G,3.5,8.0,3.221313,3d6.(3F2).4p,y 2G*,3.5,8.0,8.072573,4.851259,255.57116,2600000.0,0.002546,0.020368,6.7571e-05
3d6.(3G).4s,a 4G,3.5,8.0,3.221313,3d6.(3H).4p,z 2H*,4.5,10.0,8.127942,4.906628,252.68716,700000.0,0.00083759,0.0067008,2.223e-05
3d6.(3G).4s,a 4G,3.5,8.0,3.221313,3d6.(3G).4p,x 4G*,4.5,10.0,8.145273,4.923959,251.79778,5800000.0,0.0068913,0.05513,0.0001829
3d6.(3G).4s,a 4G,3.5,8.0,3.221313,3d6.(3G).4p,x 4G*,3.5,8.0,8.174447,4.953133,250.31469,143000000.0,0.13433,1.0746,0.0035651
3d6.(3G).4s,a 4G,3.5,8.0,3.221313,3d6.(3G).4p,x 4F*,4.5,10.0,8.184541,4.963228,249.80559,3200000.0,0.0037422,0.029937,9.9317e-05
3d6.(3G).4s,a 4G,3.5,8.0,3.221313,3d6.(3G).4p,x 4G*,2.5,6.0,8.192662,4.971348,249.39754,71000000.0,0.049655,0.39724,0.0013178
3d6.(3G).4s,a 4G,3.5,8.0,3.221313,3d6.(3G).4p,x 4F*,3.5,8.0,8.229738,5.008425,247.55128,97000000.0,0.089117,0.71294,0.0023652
3d6.(3G).4s,a 4G,3.5,8.0,3.221313,3d6.(3G).4p,x 4F*,2.5,6.0,8.247715,5.026402,246.66591,162000000.0,0.11083,0.88663,0.0029414
3d6.(3G).4s,a 4G,3.5,8.0,3.221313,3d6.(3G).4p,y 4H*,4.5,10.0,8.255989,5.034676,246.26055,243000000.0,0.27616,2.2093,0.0073294
3d6.(3G).4s,a 4G,3.5,8.0,3.221313,3d6.(3G).4p,y 4H*,3.5,8.0,8.266316,5.045003,245.75646,13000000.0,0.011771,0.094168,0.0003124
3d6.(3G).4s,a 4G,3.5,8.0,3.221313,3d6.(3F2).4p,y 2D*,2.5,6.0,8.307007,5.085694,243.79015,17000000.0,0.011361,0.090885,0.00030151
3d6.(3G).4s,a 4G,3.5,8.0,3.221313,3d6.(3G).4p,y 2H*,4.5,10.0,8.431023,5.209709,237.98679,7200000.0,0.007642,0.061136,0.00020282
3d6.(3G).4s,a 4G,3.5,8.0,3.221313,3d6.(3D).4p,w 4F*,2.5,6.0,8.95644,5.735127,216.18387,28000000.0,0.014714,0.11771,0.0003905
3d6.(3G).4s,a 4G,3.5,8.0,3.221313,3d6.(3D).4p,w 4F*,3.5,8.0,8.97051,5.749197,215.65481,3900000.0,0.0027192,0.021754,7.2168e-05
3d6.(3G).4s,a 4G,3.5,8.0,3.221313,3d6.(3D).4p,w 4D*,3.5,8.0,9.007689,5.786376,214.26918,900000.0,0.00061947,0.0049558,1.6441e-05
3d6.(3G).4s,a 4G,3.5,8.0,3.221313,3d5.(4G).4s.4p.(3P*),x 4H*,4.5,10.0,11.420994,8.199681,151.20613,25000000.0,0.010711,0.085692,0.00028428
3d6.(3G).4s,a 4G,3.5,8.0,3.221313,3d6.(3F1).4p,u 2G*,4.5,10.0,11.427833,8.20652,151.08012,3400000.0,0.0014543,0.011635,3.8598e-05
3d6.(3G).4s,a 4G,3.5,8.0,3.221313,3d6.(3P1).4p,4P*,2.5,6.0,11.440533,8.21922,150.84668,6000000.0,0.0015351,0.012281,4.0742e-05
3d6.(3G).4s,a 4G,3.5,8.0,3.221313,3d5.(4G).4s.4p.(3P*),v 4F*,3.5,8.0,11.441568,8.220255,150.82769,6000000.0,0.0020463,0.016371,5.4309e-05
3d6.(3G).4s,a 4G,3.5,8.0,3.221313,3d5.(4G).4s.4p.(3P*),v 4F*,2.5,6.0,11.447449,8.226136,150.71985,9000000.0,0.0022988,0.018391,6.1011e-05
3d6.(3G).4s,a 4G,3.5,8.0,3.221313,3d6.(3F1).4p,u 4F*,2.5,6.0,11.579555,8.358242,148.33766,12000000.0,0.002969,0.023752,7.8796e-05
3d6.(3G).4s,a 4G,3.5,8.0,3.221313,3d6.(3F1).4p,u 4F*,3.5,8.0,11.590992,8.369678,148.13496,5000000.0,0.0016449,0.013159,4.3656e-05
3d6.(3G).4s,a 4G,3.5,8.0,3.221313,3d5.(4G).4s.4p.(3P*),w 4G*,2.5,6.0,11.653049,8.431736,147.04469,4100000.0,0.00099679,0.0079743,2.6455e-05
3d6.(3G).4s,a 4G,3.5,8.0,3.221313,3d5.(4G).4s.4p.(3P*),w 4G*,3.5,8.0,11.663602,8.442289,146.86088,39000000.0,0.012611,0.10088,0.00033469
3d6.(3G).4s,a 4G,3.5,8.0,3.221313,3d5.(4G).4s.4p.(3P*),w 4G*,4.5,10.0,11.672913,8.451599,146.6991,6000000.0,0.0024198,0.019358,6.4221e-05
3d6.(3G).4s,a 4G,3.5,8.0,3.221313,3d5.(4D).4s.4p.(3P*),4F*,2.5,6.0,12.194423,8.97311,138.17305,130000000.0,0.027907,0.22325,0.00074065
3d6.(3G).4s,a 4G,3.5,8.0,3.221313,3d5.(4D).4s.4p.(3P*),4F*,3.5,8.0,12.216908,8.995595,137.82768,9000000.0,0.0025632,0.020505,6.8026e-05
3d6.(3G).4s,a 4G,3.5,8.0,3.221313,3d5.(2I).4s.4p.(3P*),4H*,4.5,10.0,13.010618,9.789304,126.65271,140000000.0,0.042085,0.33668,0.0011169
3d6.(3G).4s,a 4G,3.5,8.0,3.221313,3d5.(2I).4s.4p.(3P*),4H*,3.5,8.0,13.021879,9.800566,126.50719,16000000.0,0.0038389,0.030711,0.00010189
3d6.(3G).4s,a 4G,3.5,8.0,3.221313,3d5.(2F1).4s.4p.(3P*),4F*,2.5,6.0,13.45718,10.235866,121.12722,31000000.0,0.0051141,0.040912,0.00013573
3d6.(3G).4s,a 4G,3.5,8.0,3.221313,3d6.(3H).5p,4G*,4.5,10.0,13.461096,10.239782,121.08089,4700000.0,0.0012913,0.01033,3.427e-05
3d6.(3G).4s,a 4G,3.5,8.0,3.221313,3d5.(4G).4s.4p.(1P*),4G*,3.5,8.0,13.468534,10.24722,120.993,6000000.0,0.0013168,0.010535,3.4949e-05
3d6.(3G).4s,a 4G,3.5,8.0,3.221313,3d6.(3P2).5p,2D*,2.5,6.0,13.505923,10.28461,120.55314,7000000.0,0.0011439,0.0091509,3.0358e-05
3d6.(3G).4s,a 4G,3.5,8.0,3.221313,3d6.(3H).5p,4G*,3.5,8.0,13.635254,10.41394,119.05599,80000000.0,0.017,0.136,0.00045118
3d6.(3G).4s,a 4G,3.5,8.0,3.221313,3d6.(3F2).5p,4D*,3.5,8.0,13.696423,10.475109,118.36077,25000000.0,0.0052507,0.042005,0.00013935
3d6.(3G).4s,a 4G,3.5,8.0,3.221313,3d5.(2F1).4s.4p.(3P*),2G*,4.5,10.0,13.720177,10.498863,118.09297,7000000.0,0.0018294,0.014635,4.8553e-05
3d6.(3G).4s,a 4G,2.5,6.0,3.230459,3d6.(3F2).4s,a 2F,2.5,6.0,3.424494,0.194034,6389.81194,0.00379,2.3199e-09,1.392e-08,6.1571e-11
3d6.(3G).4s,a 4G,2.5,6.0,3.230459,3d6.(3G).4s,b 2G,3.5,8.0,3.814309,0.583849,2123.5653,0.00648,5.8412e-10,3.5047e-09,1.5503e-11
3d6.(3G).4s,a 4G,2.5,6.0,3.230459,3d7,b 2F,2.5,6.0,3.944162,0.713703,1737.19615,0.00271,1.2261e-10,7.3566e-10,3.2541e-12
3d6.(3G).4s,a 4G,2.5,6.0,3.230459,3d6.(1G2).4s,c 2G,3.5,8.0,4.153631,0.923172,1343.02393,0.0022,7.9321e-11,4.7593e-10,2.1052e-12
3d6.(3G).4s,a 4G,2.5,6.0,3.230459,3d6.(1D2).4s,c 2D,2.5,6.0,4.73176,1.501301,825.84513,0.0098,1.002e-10,6.0122e-10,2.6594e-12
3d6.(3G).4s,a 4G,2.5,6.0,3.230459,3d6.(5D).4p,z 4D*,1.5,4.0,5.584768,2.354309,526.62679,35000.0,9.7016e-05,0.00058209,2.5748e-06
3d6.(3G).4s,a 4G,2.5,6.0,3.230459,3d6.(5D).4p,z 4F*,1.5,4.0,5.615223,2.384763,519.90149,550000.0,0.0014858,0.0089151,3.9434e-05
3d6.(3G).4s,a 4G,2.5,6.0,3.230459,3d6.(3H).4p,z 4G*,3.5,8.0,7.557678,4.327218,286.52171,380000.0,0.00062359,0.0037415,1.655e-05
3d6.(3G).4s,a 4G,2.5,6.0,3.230459,3d6.(3H).4p,z 4G*,2.5,6.0,7.568211,4.337751,285.82598,2000000.0,0.0024496,0.014698,6.5012e-05
3d6.(3G).4s,a 4G,2.5,6.0,3.230459,3d6.(3P2).4p,z 2D*,2.5,6.0,7.574617,4.344158,285.40446,2300000.0,0.0028087,0.016852,7.4544e-05
3d6.(3G).4s,a 4G,2.5,6.0,3.230459,3d6.(3H).4p,z 4H*,3.5,8.0,7.58248,4.352021,284.8888,13000000.0,0.021091,0.12654,0.00055975
3d6.(3G).4s,a 4G,2.5,6.0,3.230459,3d6.(3F2).4p,y 4F*,3.5,8.0,7.695145,4.464685,277.69975,2700000.0,0.0041621,0.024973,0.00011046
3d6.(3G).4s,a 4G,2.5,6.0,3.230459,3d6.(3P2).4p,z 2D*,1.5,4.0,7.702593,4.472134,277.23723,1900000.0,0.0014596,0.0087574,3.8737e-05
3d6.(3G).4s,a 4G,2.5,6.0,3.230459,3d6.(3F2).4p,y 4F*,1.5,4.0,7.717336,4.486877,276.32627,3300000.0,0.0025184,0.01511,6.6839e-05
3d6.(3G).4s,a 4G,2.5,6.0,3.230459,3d6.(3H).4p,z 2G*,3.5,8.0,7.726998,4.496539,275.73251,7300000.0,0.011094,0.066565,0.00029444
3d6.(3G).4s,a 4G,2.5,6.0,3.230459,3d6.(3F2).4p,x 4D*,3.5,8.0,7.804191,4.573732,271.07887,140000.0,0.00020564,0.0012339,5.4578e-06
3d6.(3G).4s,a 4G,2.5,6.0,3.230459,3d6.(3P2).4p,y 4D*,1.5,4.0,7.80632,4.57586,270.95275,1100000.0,0.00080714,0.0048428,2.1421e-05
3d6.(3G).4s,a 4G,2.5,6.0,3.230459,3d6.(3F2).4p,x 4D*,2.5,6.0,7.84485,4.61439,268.69031,900000.0,0.00097411,0.0058446,2.5853e-05
3d6.(3G).4s,a 4G,2.5,6.0,3.230459,3d6.(3F2).4p,y 4G*,2.5,6.0,7.945826,4.715367,262.9365,3400000.0,0.003524,0.021144,9.3528e-05
3d6.(3G).4s,a 4G,2.5,6.0,3.230459,3d6.(3F2).4p,z 2F*,2.5,6.0,7.987732,4.757273,260.62032,34000000.0,0.034622,0.20773,0.00091887
3d6.(3G).4s,a 4G,2.5,6.0,3.230459,3d6.(3F2).4p,y 2G*,3.5,8.0,8.072573,4.842113,256.05389,24000000.0,0.031454,0.18872,0.00083478
3d6.(3G).4s,a 4G,2.5,6.0,3.230459,3d6.(3G).4p,x 4G*,3.5,8.0,8.174447,4.943987,250.77775,8000000.0,0.010057,0.060342,0.00026691
3d6.(3G).4s,a 4G,2.5,6.0,3.230459,3d6.(3G).4p,x 4G*,2.5,6.0,8.192662,4.962202,249.85721,168000000.0,0.15724,0.94342,0.004173
3d6.(3G).4s,a 4G,2.5,6.0,3.230459,3d6.(3G).4p,x 4F*,3.5,8.0,8.229738,4.999279,248.00417,1900000.0,0.002336,0.014016,6.1997e-05
3d6.(3G).4s,a 4G,2.5,6.0,3.230459,3d6.(3G).4p,x 4F*,2.5,6.0,8.247715,5.017256,247.11556,60000000.0,0.05493,0.32958,0.0014578
3d6.(3G).4s,a 4G,2.5,6.0,3.230459,3d6.(3G).4p,x 4F*,1.5,4.0,8.258917,5.028458,246.56506,222000000.0,0.13489,0.80935,0.00358
3d6.(3G).4s,a 4G,2.5,6.0,3.230459,3d6.(3G).4p,y 4H*,3.5,8.0,8.266316,5.035857,246.20279,234000000.0,0.28353,1.7012,0.0075249
3d6.(3G).4s,a 4G,2.5,6.0,3.230459,3d6.(3F2).4p,y 2D*,2.5,6.0,8.307007,5.076548,244.22936,4500000.0,0.0040241,0.024145,0.0001068
3d6.(3G).4s,a 4G,2.5,6.0,3.230459,3d6.(3F2).4p,y 2D*,1.5,4.0,8.340892,5.110433,242.60997,26000000.0,0.015295,0.091772,0.00040594
3d6.(3G).4s,a 4G,2.5,6.0,3.230459,3d6.(3D).4p,w 4P*,1.5,4.0,8.932201,5.701742,217.4497,3200000.0,0.0015123,0.0090738,4.0136e-05
3d6.(3G).4s,a 4G,2.5,6.0,3.230459,3d6.(3D).4p,w 4F*,1.5,4.0,8.947816,5.717357,216.8558,31000000.0,0.01457,0.087423,0.0003867
3d6.(3G).4s,a 4G,2.5,6.0,3.230459,3d6.(3D).4p,w 4F*,2.5,6.0,8.95644,5.725981,216.52918,4300000.0,0.0030225,0.018135,8.0216e-05
3d6.(3G).4s,a 4G,2.5,6.0,3.230459,3d6.(1G2).4p,x 2F*,2.5,6.0,9.057655,5.827195,212.76822,1400000.0,0.00095017,0.005701,2.5218e-05
3d6.(3G).4s,a 4G,2.5,6.0,3.230459,3d5.(4G).4s.4p.(3P*),x 4H*,3.5,8.0,11.417586,8.187127,151.43799,26000000.0,0.011919,0.071514,0.00031633
3d6.(3G).4s,a 4G,2.5,6.0,3.230459,3d5.(4G).4s.4p.(3P*),v 4F*,1.5,4.0,11.45101,8.220551,150.82225,11000000.0,0.0025009,0.015005,6.6373e-05
3d6.(3G).4s,a 4G,2.5,6.0,3.230459,3d6.(3F1).4p,u 4F*,1.5,4.0,11.571266,8.340806,148.64774,19000000.0,0.004196,0.025176,0.00011136
3d6.(3G).4s,a 4G,2.5,6.0,3.230459,3d6.(3F1).4p,u 4F*,2.5,6.0,11.579555,8.349096,148.50015,6000000.0,0.0019836,0.011902,5.2646e-05
3d6.(3G).4s,a 4G,2.5,6.0,3.230459,3d5.(4G).4s.4p.(3P*),w 4G*,2.5,6.0,11.653049,8.42259,147.20436,43000000.0,0.013969,0.083815,0.00037074
3d6.(3G).4s,a 4G,2.5,6.0,3.230459,3d5.(4G).4s.4p.(3P*),w 4G*,3.5,8.0,11.663602,8.433143,147.02016,5000000.0,0.0021603,0.012962,5.7335e-05
3d6.(3G).4s,a 4G,2.5,6.0,3.230459,3d5.(4D).4s.4p.(3P*),4F*,1.5,4.0,12.174769,8.94431,138.61796,140000000.0,0.026887,0.16132,0.00071357
3d6.(3G).4s,a 4G,2.5,6.0,3.230459,3d5.(4D).4s.4p.(3P*),4F*,2.5,6.0,12.194423,8.963964,138.31403,12000000.0,0.0034417,0.02065,9.1343e-05
3d6.(3G).4s,a 4G,2.5,6.0,3.230459,3d5.(2I).4s.4p.(3P*),4H*,3.5,8.0,13.021879,9.79142,126.62535,150000000.0,0.048076,0.28846,0.0012759
3d6.(3G).4s,a 4G,2.5,6.0,3.230459,3d5.(2F1).4s.4p.(3P*),4F*,1.5,4.0,13.486863,10.256404,120.88467,21000000.0,0.0030671,0.018403,8.1401e-05
3d6.(3G).4s,a 4G,2.5,6.0,3.230459,3d6.(3H).5p,4G*,2.5,6.0,13.640359,10.4099,119.1022,70000000.0,0.014887,0.08932,0.00039509
3d6.(3H).4s,b 2H,5.5,12.0,3.244689,3d6.(3G).4s,b 2G,4.5,10.0,3.767699,0.523011,2370.58718,0.0168,1.1795e-09,1.4154e-08,3.1304e-11
3d6.(3H).4s,b 2H,5.5,12.0,3.244689,3d7,b 2F,3.5,8.0,3.967376,0.722688,1715.59897,0.000527,1.5503e-11,1.8603e-10,4.1144e-13
3d6.(3H).4s,b 2H,5.5,12.0,3.244689,3d6.(1I).4s,a 2I,6.5,14.0,4.07606,0.831371,1491.32202,0.0154,5.9906e-10,7.1887e-09,1.5899e-11
3d6.(3H).4s,b 2H,5.5,12.0,3.244689,3d6.(1I).4s,a 2I,5.5,12.0,4.080305,0.835617,1483.74506,0.0289,9.5384e-10,1.1446e-08,2.5315e-11
3d6.(3H).4s,b 2H,5.5,12.0,3.244689,3d6.(1G2).4s,c 2G,4.5,10.0,4.149316,0.904628,1370.55518,0.061,1.4315e-09,1.7178e-08,3.7993e-11
3d6.(3H).4s,b 2H,5.5,12.0,3.244689,3d6.(5D).4p,z 4F*,4.5,10.0,5.484136,2.239447,553.63755,30000.0,0.00011488,0.0013786,3.049e-06
3d6.(3H).4s,b 2H,5.5,12.0,3.244689,3d6.(3H).4p,z 4G*,4.5,10.0,7.539137,4.294448,288.70812,700000.0,0.00072894,0.0087473,1.9346e-05
3d6.(3H).4s,b 2H,5.5,12.0,3.244689,3d6.(3H).4p,z 4H*,6.5,14.0,7.542896,4.298207,288.45561,15000000.0,0.02183,0.26196,0.00057937
3d6.(3H).4s,b 2H,5.5,12.0,3.244689,3d6.(3H).4p,z 4H*,4.5,10.0,7.561727,4.317038,287.19735,3000000.0,0.0030914,0.037097,8.2047e-05
3d6.(3H).4s,b 2H,5.5,12.0,3.244689,3d6.(3H).4p,z 4I*,4.5,10.0,7.626594,4.381905,282.94587,6900000.0,0.0069014,0.082816,0.00018316
3d6.(3H).4s,b 2H,5.5,12.0,3.244689,3d6.(3H).4p,z 4I*,6.5,14.0,7.628451,4.383762,282.82599,2400000.0,0.0033578,0.040294,8.9116e-05
3d6.(3H).4s,b 2H,5.5,12.0,3.244689,3d6.(3H).4p,z 4I*,5.5,12.0,7.63584,4.391151,282.3501,260000.0,0.00031075,0.003729,8.2473e-06
3d6.(3H).4s,b 2H,5.5,12.0,3.244689,3d6.(3H).4p,z 2G*,4.5,10.0,7.697326,4.452637,278.45119,106000000.0,0.10268,1.2322,0.0027251
3d6.(3H).4s,b 2H,5.5,12.0,3.244689,3d6.(3F2).4p,y 4F*,4.5,10.0,7.706625,4.461936,277.87083,1000000.0,0.00096464,0.011576,2.5601e-05
3d6.(3H).4s,b 2H,5.5,12.0,3.244689,3d6.(3H).4p,z 2I*,6.5,14.0,7.72337,4.478681,276.83197,158000000.0,0.21179,2.5414,0.0056208
3d6.(3H).4s,b 2H,5.5,12.0,3.244689,3d6.(3H).4p,z 2I*,5.5,12.0,7.769129,4.52444,274.03213,4600000.0,0.0051787,0.062144,0.00013744
3d6.(3H).4s,b 2H,5.5,12.0,3.244689,3d6.(3F2).4p,y 4G*,5.5,12.0,7.919655,4.674966,265.20877,400000.0,0.00042179,0.0050615,1.1194e-05
3d6.(3H).4s,b 2H,5.5,12.0,3.244689,3d6.(3F2).4p,y 4G*,4.5,10.0,7.928641,4.683952,264.69997,1440000.0,0.0012605,0.015126,3.3454e-05
3d6.(3H).4s,b 2H,5.5,12.0,3.244689,3d6.(3F2).4p,y 2G*,4.5,10.0,8.038137,4.793449,258.65344,6600000.0,0.0055164,0.066197,0.00014641
3d6.(3H).4s,b 2H,5.5,12.0,3.244689,3d6.(3H).4p,z 2H*,5.5,12.0,8.104054,4.859365,255.14483,107000000.0,0.10443,1.2531,0.0027715
3d6.(3H).4s,b 2H,5.5,12.0,3.244689,3d6.(3H).4p,z 2H*,4.5,10.0,8.127942,4.883253,253.89674,6500000.0,0.0052349,0.062818,0.00013893
3d6.(3H).4s,b 2H,5.5,12.0,3.244689,3d6.(3G).4p,x 4G*,5.5,12.0,8.130892,4.886203,253.74345,57000000.0,0.05502,0.66025,0.0014602
3d6.(3H).4s,b 2H,5.5,12.0,3.244689,3d6.(3G).4p,x 4G*,4.5,10.0,8.145273,4.900584,252.99884,33000000.0,0.026389,0.31667,0.00070037
3d6.(3H).4s,b 2H,5.5,12.0,3.244689,3d6.(3G).4p,x 4F*,4.5,10.0,8.184541,4.939852,250.98767,19000000.0,0.014953,0.17944,0.00039686
3d6.(3H).4s,b 2H,5.5,12.0,3.244689,3d6.(3G).4p,y 4H*,6.5,14.0,8.234003,4.989314,248.49949,59000000.0,0.063725,0.7647,0.0016913
3d6.(3H).4s,b 2H,5.5,12.0,3.244689,3d6.(3G).4p,y 4H*,5.5,12.0,8.240429,4.99574,248.17984,15000000.0,0.013851,0.16621,0.00036761
3d6.(3H).4s,b 2H,5.5,12.0,3.244689,3d6.(3G).4p,y 2H*,5.5,12.0,8.370958,5.126269,241.86051,95000000.0,0.083313,0.99976,0.0022111
3d6.(3H).4s,b 2H,5.5,12.0,3.244689,3d6.(3G).4p,y 2H*,4.5,10.0,8.431023,5.186334,239.05942,2200000.0,0.0015708,0.018849,4.1688e-05
3d6.(3H).4s,b 2H,5.5,12.0,3.244689,3d6.(3G).4p,x 2G*,4.5,10.0,8.717902,5.473213,226.52908,37000000.0,0.023721,0.28465,0.00062955
3d6.(3H).4s,b 2H,5.5,12.0,3.244689,3d6.(1G2).4p,x 2H*,5.5,12.0,8.959314,5.714625,216.95945,3600000.0,0.0025405,0.030486,6.7425e-05
3d6.(3H).4s,b 2H,5.5,12.0,3.244689,3d6.(3D).4p,w 4F*,4.5,10.0,9.007539,5.76285,215.1439,4700000.0,0.0027179,0.032615,7.2133e-05
3d6.(3H).4s,b 2H,5.5,12.0,3.244689,3d6.(1G2).4p,w 2G*,4.5,10.0,9.062207,5.817518,213.12215,14000000.0,0.0079444,0.095333,0.00021085
3d6.(3H).4s,b 2H,5.5,12.0,3.244689,3d6.(1I).4p,w 2H*,5.5,12.0,9.125675,5.880987,210.82211,13000000.0,0.0086623,0.10395,0.0002299
3d6.(3H).4s,b 2H,5.5,12.0,3.244689,3d6.(1I).4p,y 2I*,6.5,14.0,9.17072,5.926031,209.21963,800000.0,0.00061249,0.0073499,1.6256e-05
3d6.(3H).4s,b 2H,5.5,12.0,3.244689,3d6.(1F).4p,v 2G*,4.5,10.0,10.398704,7.154016,173.30714,1500000.0,0.00056286,0.0067544,1.4938e-05
3d6.(3H).4s,b 2H,5.5,12.0,3.244689,3d5.(4G).4s.4p.(3P*),x 4H*,6.5,14.0,11.437529,8.19284,151.33239,5000000.0,0.0020028,0.024034,5.3155e-05
3d6.(3H).4s,b 2H,5.5,12.0,3.244689,3d5.(4G).4s.4p.(3P*),w 4G*,5.5,12.0,11.678014,8.433325,147.01698,5000000.0,0.0016202,0.019442,4.3e-05
3d6.(3H).4s,b 2H,5.5,12.0,3.244689,3d5.(4G).4s.4p.(3P*),2H*,5.5,12.0,11.910177,8.665488,143.07815,120000000.0,0.036829,0.44195,0.00097744
3d6.(3H).4s,b 2H,5.5,12.0,3.244689,3d5.(4G).4s.4p.(3P*),2H*,4.5,10.0,11.932167,8.687478,142.71599,2500000.0,0.00063616,0.0076339,1.6884e-05
3d6.(3H).4s,b 2H,5.5,12.0,3.244689,3d6.(1G1).4p,2H*,5.5,12.0,12.185025,8.940336,138.67958,2200000.0,0.00063432,0.0076118,1.6835e-05
3d6.(3H).4s,b 2H,5.5,12.0,3.244689,3d5.(4D).4s.4p.(3P*),4F*,4.5,10.0,12.224407,8.979718,138.07138,12000000.0,0.002858,0.034296,7.5852e-05
3d6.(3H).4s,b 2H,5.5,12.0,3.244689,3d6.(1G1).4p,2G*,4.5,10.0,12.355429,9.11074,136.08576,34000000.0,0.0078665,0.094398,0.00020878
3d6.(3H).4s,b 2H,5.5,12.0,3.244689,3d5.(4G).4s.4p.(3P*),2G*,4.5,10.0,12.368318,9.123629,135.89351,230000000.0,0.053064,0.63677,0.0014083
3d6.(3H).4s,b 2H,5.5,12.0,3.244689,3d5.(2I).4s.4p.(3P*),4H*,6.5,14.0,12.97608,9.731391,127.40645,24000000.0,0.006814,0.081768,0.00018084
3d6.(3H).4s,b 2H,5.5,12.0,3.244689,3d5.(2I).4s.4p.(3P*),2H*,5.5,12.0,13.227918,9.98323,124.19247,50000000.0,0.011562,0.13874,0.00030685
3d6.(3H).4s,b 2H,5.5,12.0,3.244689,3d5.(2F1).4s.4p.(3P*),4F*,4.5,10.0,13.417272,10.172583,121.88074,7000000.0,0.0012991,0.015589,3.4478e-05
3d6.(3H).4s,b 2H,5.5,12.0,3.244689,3d5.(2I).4s.4p.(3P*),2I*,6.5,14.0,13.532827,10.288138,120.51179,36000000.0,0.0091447,0.10974,0.0002427
3d6.(3H).4s,b 2H,5.5,12.0,3.244689,3d6.(3H).5p,2H*,5.5,12.0,13.721198,10.476509,118.34495,12000000.0,0.0025197,0.030236,6.6872e-05
3d6.(3H).4s,b 2H,4.5,10.0,3.267327,3d6.(3G).4s,b 2G,4.5,10.0,3.767699,0.500373,2477.83699,0.0214,1.9698e-09,1.9698e-08,5.2278e-11
3d6.(3H).4s,b 2H,4.5,10.0,3.267327,3d6.(3G).4s,b 2G,3.5,8.0,3.814309,0.546982,2266.69655,0.0167,1.0291e-09,1.0291e-08,2.7312e-11
3d6.(3H).4s,b 2H,4.5,10.0,3.267327,3d7,b 2F,2.5,6.0,3.944162,0.676836,1831.8215,0.000526,1.5877e-11,1.5877e-10,4.2137e-13
3d6.(3H).4s,b 2H,4.5,10.0,3.267327,3d7,b 2F,3.5,8.0,3.967376,0.70005,1771.07701,0.0037,1.392e-10,1.392e-09,3.6943e-12
3d6.(3H).4s,b 2H,4.5,10.0,3.267327,3d6.(1I).4s,a 2I,5.5,12.0,4.080305,0.812979,1525.06068,0.0138,5.7742e-10,5.7742e-09,1.5325e-11
3d6.(3H).4s,b 2H,4.5,10.0,3.267327,3d6.(1G2).4s,c 2G,4.5,10.0,4.149316,0.88199,1405.73286,0.113,3.3477e-09,3.3477e-08,8.8847e-11
3d6.(3H).4s,b 2H,4.5,10.0,3.267327,3d6.(1G2).4s,c 2G,3.5,8.0,4.153631,0.886305,1398.88929,0.055,1.2909e-09,1.2909e-08,3.4259e-11
3d6.(3H).4s,b 2H,4.5,10.0,3.267327,3d6.(5D).4p,z 4D*,3.5,8.0,5.510714,2.243387,552.66518,3200.0,1.1723e-05,0.00011723,3.1112e-07
3d6.(3H).4s,b 2H,4.5,10.0,3.267327,3d6.(3H).4p,z 4G*,5.5,12.0,7.516597,4.249271,291.7776,230000.0,0.00035227,0.0035227,9.3492e-06
3d6.(3H).4s,b 2H,4.5,10.0,3.267327,3d6.(3H).4p,z 4H*,5.5,12.0,7.549101,4.281774,289.56267,5700000.0,0.0085981,0.085981,0.00022819
3d6.(3H).4s,b 2H,4.5,10.0,3.267327,3d6.(3H).4p,z 4H*,3.5,8.0,7.58248,4.315153,287.3228,17000000.0,0.016832,0.16832,0.00044672
3d6.(3H).4s,b 2H,4.5,10.0,3.267327,3d6.(3H).4p,z 4I*,4.5,10.0,7.626594,4.359267,284.41522,1400000.0,0.0016978,0.016978,4.506e-05
3d6.(3H).4s,b 2H,4.5,10.0,3.267327,3d6.(3H).4p,z 4I*,5.5,12.0,7.63584,4.368513,283.81324,1900000.0,0.0027533,0.027533,7.3074e-05
3d6.(3H).4s,b 2H,4.5,10.0,3.267327,3d6.(3F2).4p,y 4F*,3.5,8.0,7.695145,4.427818,280.01196,15500000.0,0.014576,0.14576,0.00038684
3d6.(3H).4s,b 2H,4.5,10.0,3.267327,3d6.(3H).4p,z 2G*,4.5,10.0,7.697326,4.429999,279.87411,3200000.0,0.0037578,0.037578,9.9732e-05
3d6.(3H).4s,b 2H,4.5,10.0,3.267327,3d5.(6S).4s.4p.(3P*),y 6P*,3.5,8.0,7.708299,4.440972,279.18255,600000.0,0.00056089,0.0056089,1.4886e-05
3d6.(3H).4s,b 2H,4.5,10.0,3.267327,3d6.(3H).4p,z 2G*,3.5,8.0,7.726998,4.459672,278.01194,100000000.0,0.092699,0.92699,0.0024602
3d6.(3H).4s,b 2H,4.5,10.0,3.267327,3d6.(3H).4p,z 2I*,5.5,12.0,7.769129,4.501802,275.41013,189000000.0,0.25791,2.5791,0.0068448
3d6.(3H).4s,b 2H,4.5,10.0,3.267327,3d6.(3F2).4p,x 4D*,3.5,8.0,7.804191,4.536864,273.28171,7100000.0,0.0063596,0.063596,0.00016878
3d6.(3H).4s,b 2H,4.5,10.0,3.267327,3d6.(3F2).4p,y 4G*,5.5,12.0,7.919655,4.652328,266.49925,1300000.0,0.001661,0.01661,4.4084e-05
3d6.(3H).4s,b 2H,4.5,10.0,3.267327,3d6.(3F2).4p,y 4G*,4.5,10.0,7.928641,4.661314,265.98549,250000.0,0.00026516,0.0026516,7.0375e-06
3d6.(3H).4s,b 2H,4.5,10.0,3.267327,3d6.(3F2).4p,y 4G*,3.5,8.0,7.940059,4.672732,265.33558,4500000.0,0.0037997,0.037997,0.00010084
3d6.(3H).4s,b 2H,4.5,10.0,3.267327,3d6.(3F2).4p,z 2F*,3.5,8.0,7.970492,4.703165,263.61862,4100000.0,0.0034173,0.034173,9.0696e-05
3d6.(3H).4s,b 2H,4.5,10.0,3.267327,3d6.(3F2).4p,y 2G*,4.5,10.0,8.038137,4.770811,259.88077,2100000.0,0.0021263,0.021263,5.6432e-05
3d6.(3H).4s,b 2H,4.5,10.0,3.267327,3d6.(3F2).4p,y 2G*,3.5,8.0,8.072573,4.805246,258.01842,7300000.0,0.0058287,0.058287,0.00015469
3d6.(3H).4s,b 2H,4.5,10.0,3.267327,3d6.(3H).4p,z 2H*,5.5,12.0,8.104054,4.836728,256.33901,1800000.0,0.0021279,0.021279,5.6473e-05
3d6.(3H).4s,b 2H,4.5,10.0,3.267327,3d6.(3H).4p,z 2H*,4.5,10.0,8.127942,4.860615,255.07924,174000000.0,0.16973,1.6973,0.0045046
3d6.(3H).4s,b 2H,4.5,10.0,3.267327,3d6.(3G).4p,x 4G*,3.5,8.0,8.174447,4.90712,252.66185,6400000.0,0.0049001,0.049001,0.00013005
3d6.(3H).4s,b 2H,4.5,10.0,3.267327,3d6.(3G).4p,x 4F*,4.5,10.0,8.184541,4.917214,252.14317,7400000.0,0.0070532,0.070532,0.00018719
3d6.(3H).4s,b 2H,4.5,10.0,3.267327,3d6.(3G).4p,x 4F*,3.5,8.0,8.229738,4.962411,249.84667,10000000.0,0.0074868,0.074868,0.0001987
3d6.(3H).4s,b 2H,4.5,10.0,3.267327,3d6.(3G).4p,y 4H*,5.5,12.0,8.240429,4.973102,249.30957,23000000.0,0.025719,0.25719,0.00068257
3d6.(3H).4s,b 2H,4.5,10.0,3.267327,3d6.(3G).4p,y 4H*,4.5,10.0,8.255989,4.988662,248.53195,3600000.0,0.0033337,0.033337,8.8476e-05
3d6.(3H).4s,b 2H,4.5,10.0,3.267327,3d6.(3G).4p,y 2H*,4.5,10.0,8.431023,5.163696,240.10747,81000000.0,0.070009,0.70009,0.001858
3d6.(3H).4s,b 2H,4.5,10.0,3.267327,3d6.(3G).4p,y 2F*,3.5,8.0,8.630114,5.362788,231.19356,12000000.0,0.0076928,0.076928,0.00020417
3d6.(3H).4s,b 2H,4.5,10.0,3.267327,3d6.(3G).4p,x 2G*,4.5,10.0,8.717902,5.450576,227.46992,1300000.0,0.0010084,0.010084,2.6764e-05
3d6.(3H).4s,b 2H,4.5,10.0,3.267327,3d6.(3G).4p,x 2G*,3.5,8.0,8.743824,5.476497,226.39326,37000000.0,0.022745,0.22745,0.00060364
3d6.(3H).4s,b 2H,4.5,10.0,3.267327,3d6.(1G2).4p,w 2G*,3.5,8.0,9.068619,5.801292,213.71824,16000000.0,0.008765,0.08765,0.00023262
3d6.(3H).4s,b 2H,4.5,10.0,3.267327,3d6.(1I).4p,w 2H*,4.5,10.0,9.143993,5.876666,210.9771,19000000.0,0.012679,0.12679,0.0003365
3d6.(3H).4s,b 2H,4.5,10.0,3.267327,3d6.(1I).4p,y 2I*,5.5,12.0,9.171081,5.903755,210.00906,900000.0,0.0007141,0.007141,1.8952e-05
3d6.(3H).4s,b 2H,4.5,10.0,3.267327,3d6.(1F).4p,v 2G*,3.5,8.0,10.328532,7.061205,175.58504,2200000.0,0.00081348,0.0081348,2.159e-05
3d6.(3H).4s,b 2H,4.5,10.0,3.267327,3d5.(4G).4s.4p.(3P*),2H*,4.5,10.0,11.932167,8.66484,143.08885,130000000.0,0.039904,0.39904,0.001059
3d6.(3H).4s,b 2H,4.5,10.0,3.267327,3d6.(1G1).4p,2H*,4.5,10.0,12.132019,8.864692,139.86295,3200000.0,0.00093846,0.0093846,2.4907e-05
3d6.(3H).4s,b 2H,4.5,10.0,3.267327,3d5.(4G).4s.4p.(3P*),2G*,3.5,8.0,12.353218,9.085891,136.45794,160000000.0,0.035733,0.35733,0.00094835
3d6.(3H).4s,b 2H,4.5,10.0,3.267327,3d6.(1G1).4p,2G*,3.5,8.0,12.374683,9.107356,136.13632,130000000.0,0.028896,0.28896,0.00076691
3d6.(3H).4s,b 2H,4.5,10.0,3.267327,3d5.(4D).4s.4p.(3P*),2F*,3.5,8.0,12.793147,9.52582,130.15593,7000000.0,0.0014222,0.014222,3.7746e-05
3d6.(3H).4s,b 2H,4.5,10.0,3.267327,3d5.(2I).4s.4p.(3P*),4H*,5.5,12.0,12.995615,9.728288,127.44709,7000000.0,0.0020455,0.020455,5.4287e-05
3d6.(3H).4s,b 2H,4.5,10.0,3.267327,3d5.(2I).4s.4p.(3P*),2H*,5.5,12.0,13.227918,9.960592,124.47473,11000000.0,0.0030662,0.030662,8.1376e-05
3d6.(3H).4s,b 2H,4.5,10.0,3.267327,3d5.(2I).4s.4p.(3P*),2H*,4.5,10.0,13.267138,9.999811,123.98654,70000000.0,0.016133,0.16133,0.00042816
3d6.(3H).4s,b 2H,4.5,10.0,3.267327,3d5.(2I).4s.4p.(3P*),2I*,5.5,12.0,13.547993,10.280666,120.59938,41000000.0,0.010728,0.10728,0.00028472
3d6.(3H).4s,b 2H,4.5,10.0,3.267327,3d5.(2G2).4s.4p.(3P*),4H*,3.5,8.0,13.585152,10.317825,120.16505,8000000.0,0.0013855,0.013855,3.677e-05
3d6.(3H).4s,b 2H,4.5,10.0,3.267327,3d5.(2H).4s.4p.(3P*),4H*,5.5,12.0,13.635861,10.368534,119.57736,6000000.0,0.0015434,0.015434,4.0963e-05
3d6.(3P2).4s,b 2P,0.5,2.0,3.339234,3d6.(3D).4s,b 4D,1.5,4.0,3.888697,0.549463,2256.45997,0.00663,1.0122e-09,2.0244e-09,2.6863e-11
3d6.(3P2).4s,b 2P,0.5,2.0,3.339234,3d6.(3D).4s,b 4D,0.5,2.0,3.889193,0.549959,2254.42637,0.00279,2.1259e-10,4.2517e-10,5.642e-12
3d6.(3P2).4s,b 2P,0.5,2.0,3.339234,3d6.(3D).4s,b 2D,1.5,4.0,4.479104,1.139871,1087.70407,0.0158,5.6049e-10,1.121e-09,1.4875e-11
3d6.(3P2).4s,b 2P,0.5,2.0,3.339234,3d6.(1S2).4s,a 2S,0.5,2.0,4.615594,1.276361,971.38851,0.212,2.999e-09,5.9981e-09,7.9594e-11
3d6.(3P2).4s,b 2P,0.5,2.0,3.339234,3d6.(1D2).4s,c 2D,1.5,4.0,4.737995,1.398761,886.38589,0.0146,3.4394e-10,6.8789e-10,9.1283e-12
3d6.(3P2).4s,b 2P,0.5,2.0,3.339234,3d6.(3P2).4p,y 4P*,1.5,4.0,7.604292,4.265059,290.69752,4400000.0,0.011149,0.022297,0.00029589
3d6.(3P2).4s,b 2P,0.5,2.0,3.339234,3d5.(6S).4s.4p.(3P*),y 6P*,1.5,4.0,7.683912,4.344679,285.37024,1700000.0,0.004151,0.0083021,0.00011017
3d6.(3P2).4s,b 2P,0.5,2.0,3.339234,3d6.(3P2).4p,z 2D*,1.5,4.0,7.702593,4.36336,284.14847,76000000.0,0.18399,0.36798,0.0048831
3d6.(3P2).4s,b 2P,0.5,2.0,3.339234,3d6.(3P2).4p,y 4D*,1.5,4.0,7.80632,4.467086,277.55049,27000000.0,0.062364,0.12473,0.0016552
3d6.(3P2).4s,b 2P,0.5,2.0,3.339234,3d6.(3F2).4p,x 4D*,1.5,4.0,7.868674,4.52944,273.72963,1500000.0,0.00337,0.0067399,8.9439e-05
3d6.(3P2).4s,b 2P,0.5,2.0,3.339234,3d6.(3P2).4p,z 2P*,0.5,2.0,8.034981,4.695748,264.03505,80000000.0,0.083613,0.16723,0.0022191
3d6.(3P2).4s,b 2P,0.5,2.0,3.339234,3d6.(3P2).4p,z 2P*,1.5,4.0,8.0384,4.699167,263.84295,66000000.0,0.13776,0.27552,0.0036562
3d6.(3P2).4s,b 2P,0.5,2.0,3.339234,3d6.(3P2).4p,z 2S*,0.5,2.0,8.213785,4.874552,254.34994,160000000.0,0.15518,0.31037,0.0041185
3d6.(3P2).4s,b 2P,0.5,2.0,3.339234,3d6.(3G).4p,x 4F*,1.5,4.0,8.258917,4.919684,252.01661,13000000.0,0.024757,0.049513,0.00065704
3d6.(3P2).4s,b 2P,0.5,2.0,3.339234,3d6.(3F2).4p,y 2D*,1.5,4.0,8.340892,5.001659,247.88616,31000000.0,0.057116,0.11423,0.0015159
3d6.(3P2).4s,b 2P,0.5,2.0,3.339234,3d6.(1S2).4p,x 2P*,1.5,4.0,9.438851,6.099617,203.26554,11000000.0,0.013627,0.027255,0.00036167
3d6.(3P2).4s,b 2P,0.5,2.0,3.339234,3d6.(1S2).4p,x 2P*,0.5,2.0,9.494392,6.155158,201.43137,27000000.0,0.016424,0.032848,0.00043589
3d6.(3P2).4s,b 2P,0.5,2.0,3.339234,3d6.(1D2).4p,w 2P*,0.5,2.0,9.775146,6.435913,192.64431,3100000.0,0.0017248,0.0034496,4.5776e-05
3d6.(3P2).4s,b 2P,0.5,2.0,3.339234,3d6.(1D2).4p,w 2P*,1.5,4.0,9.824937,6.485704,191.16538,80000.0,8.7659e-05,0.00017532,2.3265e-06
3d6.(3P2).4s,b 2P,0.5,2.0,3.339234,3d5.(6S).4s.4p.(1P*),x 6P*,1.5,4.0,9.825243,6.486009,191.15638,50000.0,5.4782e-05,0.00010956,1.4539e-06
3d6.(3P2).4s,b 2P,0.5,2.0,3.339234,3d5.(4P).4s.4p.(3P*),2P*,1.5,4.0,12.066949,8.727715,142.05803,23000000.0,0.013917,0.027834,0.00036936
3d6.(3P2).4s,b 2P,0.5,2.0,3.339234,3d5.(4D).4s.4p.(3P*),4D*,0.5,2.0,12.275388,8.936154,138.74447,36000000.0,0.010389,0.020779,0.00027574
3d6.(3P2).4s,b 2P,0.5,2.0,3.339234,3d5.(4D).4s.4p.(3P*),2D*,1.5,4.0,12.70884,9.369606,132.32594,60000000.0,0.031501,0.063003,0.00083605
3d6.(3P2).4s,b 2P,0.5,2.0,3.339234,3d5.(4P).4s.4p.(3P*),2S*,0.5,2.0,12.890334,9.5511,129.81143,160000000.0,0.040421,0.080842,0.0010728
3d6.(3P2).4s,b 2P,0.5,2.0,3.339234,3d5.(4D).4s.4p.(3P*),2P*,0.5,2.0,13.157259,9.818025,126.28221,60000000.0,0.014345,0.02869,0.00038071
3d6.(3P2).4s,b 2P,0.5,2.0,3.339234,3d5.(2F1).4s.4p.(3P*),4D*,1.5,4.0,13.514727,10.175493,121.84589,10000000.0,0.0044516,0.0089031,0.00011814
3d6.(3F2).4s,a 2F,3.5,8.0,3.386618,3d6.(3F2).4s,a 2F,2.5,6.0,3.424494,0.037875,32734.83396,0.000463,5.5786e-09,4.4628e-08,1.4805e-10
3d6.(3F2).4s,a 2F,3.5,8.0,3.386618,3d6.(3G).4s,b 2G,4.5,10.0,3.767699,0.381081,3253.48538,0.00785,1.5572e-09,1.2457e-08,4.1327e-11
3d6.(3F2).4s,a 2F,3.5,8.0,3.386618,3d6.(3G).4s,b 2G,3.5,8.0,3.814309,0.42769,2898.92432,0.0208,2.6206e-09,2.0965e-08,6.955e-11
3d6.(3F2).4s,a 2F,3.5,8.0,3.386618,3d6.(3D).4s,b 4D,3.5,8.0,3.903419,0.516801,2399.07129,0.00173,1.4928e-10,1.1942e-09,3.9618e-12
3d6.(3F2).4s,a 2F,3.5,8.0,3.386618,3d7,b 2F,2.5,6.0,3.944162,0.557544,2223.7561,0.0055,3.0581e-10,2.4465e-09,8.1163e-12
3d6.(3F2).4s,a 2F,3.5,8.0,3.386618,3d6.(1G2).4s,c 2G,4.5,10.0,4.149316,0.762698,1625.59968,0.0343,1.6986e-09,1.3589e-08,4.5081e-11
3d6.(3F2).4s,a 2F,3.5,8.0,3.386618,3d6.(1G2).4s,c 2G,3.5,8.0,4.153631,0.767013,1616.4549,0.0798,3.126e-09,2.5008e-08,8.2964e-11
3d6.(3F2).4s,a 2F,3.5,8.0,3.386618,3d6.(3D).4s,b 2D,2.5,6.0,4.494791,1.108172,1118.81694,0.00331,4.6587e-11,3.727e-10,1.2364e-12
3d6.(3F2).4s,a 2F,3.5,8.0,3.386618,3d6.(1D2).4s,c 2D,2.5,6.0,4.73176,1.345142,921.71832,0.0444,4.2413e-10,3.393e-09,1.1256e-11
3d6.(3F2).4s,a 2F,3.5,8.0,3.386618,3d6.(5D).4p,z 4F*,2.5,6.0,5.589195,2.202577,562.90511,2900.0,1.0332e-05,8.2657e-05,2.7421e-07
3d6.(3F2).4s,a 2F,3.5,8.0,3.386618,3d6.(3P2).4p,y 4P*,2.5,6.0,7.488935,4.102317,302.22972,400000.0,0.00041082,0.0032866,1.0903e-05
3d6.(3F2).4s,a 2F,3.5,8.0,3.386618,3d6.(3H).4p,z 4G*,4.5,10.0,7.539137,4.152519,298.5759,600000.0,0.0010024,0.008019,2.6603e-05
3d6.(3F2).4s,a 2F,3.5,8.0,3.386618,3d6.(3H).4p,z 4H*,4.5,10.0,7.561727,4.175109,296.96038,240000.0,0.00039662,0.003173,1.0526e-05
3d6.(3F2).4s,a 2F,3.5,8.0,3.386618,3d6.(3H).4p,z 4G*,2.5,6.0,7.568211,4.181592,296.49997,4600000.0,0.004547,0.036376,0.00012068
3d6.(3F2).4s,a 2F,3.5,8.0,3.386618,3d6.(3P2).4p,z 2D*,2.5,6.0,7.574617,4.187999,296.04641,10000000.0,0.0098546,0.078837,0.00026154
3d6.(3F2).4s,a 2F,3.5,8.0,3.386618,3d6.(3H).4p,z 4H*,3.5,8.0,7.58248,4.195862,295.49161,1200000.0,0.0015708,0.012567,4.169e-05
3d6.(3F2).4s,a 2F,3.5,8.0,3.386618,3d6.(3F2).4p,y 4F*,3.5,8.0,7.695145,4.308526,287.76474,9600000.0,0.011918,0.095345,0.00031631
3d6.(3F2).4s,a 2F,3.5,8.0,3.386618,3d6.(3H).4p,z 2G*,4.5,10.0,7.697326,4.310707,287.61915,14000000.0,0.021704,0.17363,0.00057602
3d6.(3F2).4s,a 2F,3.5,8.0,3.386618,3d6.(3F2).4p,y 4F*,2.5,6.0,7.705811,4.319192,287.05413,1100000.0,0.0010192,0.0081533,2.7048e-05
3d6.(3F2).4s,a 2F,3.5,8.0,3.386618,3d6.(3F2).4p,y 4F*,4.5,10.0,7.706625,4.320007,286.99998,1400000.0,0.002161,0.017288,5.7354e-05
3d6.(3F2).4s,a 2F,3.5,8.0,3.386618,3d6.(3H).4p,z 2G*,3.5,8.0,7.726998,4.34038,285.65286,6400000.0,0.0078292,0.062633,0.00020779
3d6.(3F2).4s,a 2F,3.5,8.0,3.386618,3d6.(3P2).4p,y 4D*,2.5,6.0,7.772554,4.385936,282.68586,4500000.0,0.0040434,0.032347,0.00010731
3d6.(3F2).4s,a 2F,3.5,8.0,3.386618,3d6.(3F2).4p,x 4D*,3.5,8.0,7.804191,4.417573,280.66137,3200000.0,0.003779,0.030232,0.00010029
3d6.(3F2).4s,a 2F,3.5,8.0,3.386618,3d6.(3F2).4p,y 4G*,4.5,10.0,7.928641,4.542023,272.97132,12500000.0,0.017455,0.13964,0.00046325
3d6.(3F2).4s,a 2F,3.5,8.0,3.386618,3d6.(3F2).4p,y 4G*,3.5,8.0,7.940059,4.55344,272.28687,14200000.0,0.015783,0.12627,0.00041889
3d6.(3F2).4s,a 2F,3.5,8.0,3.386618,3d6.(3F2).4p,z 2F*,3.5,8.0,7.970492,4.583874,270.47908,138000000.0,0.15136,1.2109,0.004017
3d6.(3F2).4s,a 2F,3.5,8.0,3.386618,3d6.(3F2).4p,z 2F*,2.5,6.0,7.987732,4.601114,269.46561,4200000.0,0.0034291,0.027433,9.1008e-05
3d6.(3F2).4s,a 2F,3.5,8.0,3.386618,3d6.(3F2).4p,y 2G*,4.5,10.0,8.038137,4.651519,266.5456,191000000.0,0.2543,2.0344,0.0067491
3d6.(3F2).4s,a 2F,3.5,8.0,3.386618,3d6.(3F2).4p,y 2G*,3.5,8.0,8.072573,4.685955,264.58686,500000.0,0.00052477,0.0041981,1.3927e-05
3d6.(3F2).4s,a 2F,3.5,8.0,3.386618,3d6.(3H).4p,z 2H*,4.5,10.0,8.127942,4.741323,261.49703,3300000.0,0.0042288,0.03383,0.00011223
3d6.(3F2).4s,a 2F,3.5,8.0,3.386618,3d6.(3G).4p,x 4G*,4.5,10.0,8.145273,4.758654,260.54467,1200000.0,0.0015266,0.012213,4.0515e-05
3d6.(3F2).4s,a 2F,3.5,8.0,3.386618,3d6.(3G).4p,x 4G*,3.5,8.0,8.174447,4.787828,258.95707,8000000.0,0.0080428,0.064342,0.00021345
3d6.(3F2).4s,a 2F,3.5,8.0,3.386618,3d6.(3G).4p,x 4F*,4.5,10.0,8.184541,4.797923,258.41224,900000.0,0.0011263,0.0090101,2.9891e-05
3d6.(3F2).4s,a 2F,3.5,8.0,3.386618,3d6.(3G).4p,x 4G*,2.5,6.0,8.192662,4.806043,257.97561,700000.0,0.00052381,0.0041905,1.3902e-05
3d6.(3F2).4s,a 2F,3.5,8.0,3.386618,3d6.(3G).4p,x 4F*,3.5,8.0,8.229738,4.84312,256.00068,6400000.0,0.0062881,0.050305,0.00016689
3d6.(3F2).4s,a 2F,3.5,8.0,3.386618,3d6.(3G).4p,x 4F*,2.5,6.0,8.247715,4.861097,255.05395,23000000.0,0.016823,0.13459,0.00044649
3d6.(3F2).4s,a 2F,3.5,8.0,3.386618,3d6.(3G).4p,y 4H*,4.5,10.0,8.255989,4.869371,254.62058,15000000.0,0.018224,0.14579,0.00048367
3d6.(3F2).4s,a 2F,3.5,8.0,3.386618,3d6.(3G).4p,y 4H*,3.5,8.0,8.266316,4.879698,254.08171,800000.0,0.00077428,0.0061942,2.0549e-05
3d6.(3F2).4s,a 2F,3.5,8.0,3.386618,3d6.(3F2).4p,y 2D*,2.5,6.0,8.307007,4.920389,251.98049,210000000.0,0.14992,1.1994,0.003979
3d6.(3F2).4s,a 2F,3.5,8.0,3.386618,3d6.(3G).4p,y 2F*,3.5,8.0,8.630114,5.243496,236.4533,30000000.0,0.025146,0.20117,0.00066738
3d6.(3F2).4s,a 2F,3.5,8.0,3.386618,3d6.(3G).4p,y 2F*,2.5,6.0,8.635559,5.248941,236.20803,1600000.0,0.0010038,0.0080301,2.664e-05
3d6.(3F2).4s,a 2F,3.5,8.0,3.386618,3d6.(3D).4p,w 4F*,3.5,8.0,8.97051,5.583892,222.03903,3300000.0,0.0024391,0.019513,6.4734e-05
3d6.(3F2).4s,a 2F,3.5,8.0,3.386618,3d6.(3D).4p,w 4D*,3.5,8.0,9.007689,5.621071,220.57042,1600000.0,0.001167,0.0093361,3.0972e-05
3d6.(3F2).4s,a 2F,3.5,8.0,3.386618,3d6.(1G2).4p,x 2F*,3.5,8.0,9.052853,5.666235,218.81232,9000000.0,0.0064602,0.051682,0.00017145
3d6.(3F2).4s,a 2F,3.5,8.0,3.386618,3d6.(1G2).4p,w 2G*,4.5,10.0,9.062207,5.675589,218.45169,8000000.0,0.0071544,0.057235,0.00018988
3d6.(3F2).4s,a 2F,3.5,8.0,3.386618,3d6.(3D).4p,x 2D*,2.5,6.0,9.250072,5.863454,211.4525,4000000.0,0.002011,0.016088,5.3371e-05
3d6.(3F2).4s,a 2F,3.5,8.0,3.386618,3d6.(3D).4p,w 2F*,3.5,8.0,9.373317,5.986699,207.09944,15000000.0,0.0096451,0.077161,0.00025598
3d6.(3F2).4s,a 2F,3.5,8.0,3.386618,3d6.(1D2).4p,v 2F*,2.5,6.0,9.638871,6.252253,198.30325,2900000.0,0.0012823,0.010258,3.4031e-05
3d6.(3F2).4s,a 2F,3.5,8.0,3.386618,3d6.(3F1).4p,2F*,3.5,8.0,11.788336,8.401718,147.57006,18000000.0,0.0058766,0.047013,0.00015597
3d6.(3F2).4s,a 2F,3.5,8.0,3.386618,3d5.(4G).4s.4p.(3P*),t 2F*,2.5,6.0,11.937104,8.550485,145.00253,10000000.0,0.0023641,0.018913,6.2744e-05
3d6.(3F2).4s,a 2F,3.5,8.0,3.386618,3d5.(4G).4s.4p.(3P*),t 2F*,3.5,8.0,11.94669,8.560071,144.84014,110000000.0,0.034596,0.27677,0.00091819
3d6.(3F2).4s,a 2F,3.5,8.0,3.386618,3d5.(4G).4s.4p.(3P*),2G*,3.5,8.0,12.353218,8.966599,138.27338,3500000.0,0.0010032,0.0080259,2.6626e-05
3d6.(3F2).4s,a 2F,3.5,8.0,3.386618,3d6.(1G1).4p,2G*,4.5,10.0,12.355429,8.968811,138.23928,2800000.0,0.0010027,0.008022,2.6613e-05
3d6.(3F2).4s,a 2F,3.5,8.0,3.386618,3d5.(4G).4s.4p.(3P*),2G*,4.5,10.0,12.368318,8.9817,138.04091,80000000.0,0.028568,0.22854,0.00075819
3d6.(3F2).4s,a 2F,3.5,8.0,3.386618,3d5.(4P).4s.4p.(3P*),2D*,2.5,6.0,12.448073,9.061455,136.82593,130000000.0,0.027365,0.21892,0.00072628
3d6.(3F2).4s,a 2F,3.5,8.0,3.386618,3d5.(4D).4s.4p.(3P*),2D*,2.5,6.0,12.702075,9.315457,133.09514,160000000.0,0.031869,0.25495,0.0008458
3d6.(3F2).4s,a 2F,3.5,8.0,3.386618,3d5.(4D).4s.4p.(3P*),2F*,3.5,8.0,12.793147,9.406529,131.80654,10000000.0,0.0026046,0.020836,6.9125e-05
3d6.(3F2).4s,a 2F,3.5,8.0,3.386618,3d5.(2F1).4s.4p.(3P*),4F*,2.5,6.0,13.45718,10.070561,123.11548,12000000.0,0.0020452,0.016361,5.4279e-05
3d6.(3F2).4s,a 2F,2.5,6.0,3.424494,3d6.(3G).4s,b 2G,3.5,8.0,3.814309,0.389815,3180.59034,0.00651,1.3164e-09,7.8985e-09,3.4938e-11
3d6.(3F2).4s,a 2F,2.5,6.0,3.424494,3d7,b 2F,3.5,8.0,3.967376,0.542883,2283.81117,0.0032,3.3363e-10,2.0018e-09,8.8546e-12
3d6.(3F2).4s,a 2F,2.5,6.0,3.424494,3d6.(1G2).4s,c 2G,3.5,8.0,4.153631,0.729138,1700.4222,0.024,1.3871e-09,8.3229e-09,3.6815e-11
3d6.(3F2).4s,a 2F,2.5,6.0,3.424494,3d6.(3D).4s,b 2D,1.5,4.0,4.479104,1.054611,1175.63952,0.0085,1.1742e-10,7.0451e-10,3.1163e-12
3d6.(3F2).4s,a 2F,2.5,6.0,3.424494,3d6.(3D).4s,b 2D,2.5,6.0,4.494791,1.070297,1158.40925,0.0032,6.4377e-11,3.8626e-10,1.7086e-12
3d6.(3F2).4s,a 2F,2.5,6.0,3.424494,3d6.(1D2).4s,c 2D,2.5,6.0,4.73176,1.307267,948.42318,0.081,1.0923e-09,6.5539e-09,2.899e-11
3d6.(3F2).4s,a 2F,2.5,6.0,3.424494,3d6.(1D2).4s,c 2D,1.5,4.0,4.737995,1.313501,943.92166,0.0388,3.4552e-10,2.0731e-09,9.1701e-12
3d6.(3F2).4s,a 2F,2.5,6.0,3.424494,3d6.(5D).4p,z 4D*,2.5,6.0,5.552606,2.128112,582.60179,80.0,4.0709e-07,2.4426e-06,1.0804e-08
3d6.(3F2).4s,a 2F,2.5,6.0,3.424494,3d6.(5D).4p,z 4F*,2.5,6.0,5.589195,2.164702,572.75413,500.0,2.459e-06,1.4754e-05,6.5263e-08
3d6.(3F2).4s,a 2F,2.5,6.0,3.424494,3d6.(3H).4p,z 4G*,3.5,8.0,7.557678,4.133184,299.97261,420000.0,0.00075546,0.0045328,2.005e-05
3d6.(3F2).4s,a 2F,2.5,6.0,3.424494,3d6.(3H).4p,z 4G*,2.5,6.0,7.568211,4.143717,299.21011,1400000.0,0.0018791,0.011274,4.987e-05
3d6.(3F2).4s,a 2F,2.5,6.0,3.424494,3d6.(3H).4p,z 4H*,3.5,8.0,7.58248,4.157987,298.18325,1100000.0,0.001955,0.01173,5.1887e-05
3d6.(3F2).4s,a 2F,2.5,6.0,3.424494,3d6.(3P2).4p,y 4P*,1.5,4.0,7.604292,4.179799,296.6272,1100000.0,0.00096735,0.0058041,2.5673e-05
3d6.(3F2).4s,a 2F,2.5,6.0,3.424494,3d6.(3F2).4p,y 4F*,3.5,8.0,7.695145,4.270651,290.31685,880000.0,0.0014826,0.0088956,3.9348e-05
3d6.(3F2).4s,a 2F,2.5,6.0,3.424494,3d6.(3P2).4p,z 2D*,1.5,4.0,7.702593,4.2781,289.81139,18000000.0,0.01511,0.090662,0.00040103
3d6.(3F2).4s,a 2F,2.5,6.0,3.424494,3d6.(3F2).4p,y 4F*,2.5,6.0,7.705811,4.281317,289.59359,1600000.0,0.0020117,0.01207,5.339e-05
3d6.(3F2).4s,a 2F,2.5,6.0,3.424494,3d6.(3F2).4p,y 4F*,1.5,4.0,7.717336,4.292843,288.81607,1900000.0,0.001584,0.0095042,4.204e-05
3d6.(3F2).4s,a 2F,2.5,6.0,3.424494,3d6.(3H).4p,z 2G*,3.5,8.0,7.726998,4.302505,288.16748,8000000.0,0.013279,0.079676,0.00035244
3d6.(3F2).4s,a 2F,2.5,6.0,3.424494,3d6.(3P2).4p,y 4D*,1.5,4.0,7.80632,4.381826,282.95097,9000000.0,0.0072017,0.04321,0.00019113
3d6.(3F2).4s,a 2F,2.5,6.0,3.424494,3d6.(3F2).4p,x 4D*,2.5,6.0,7.84485,4.420356,280.48463,1600000.0,0.0018871,0.011323,5.0084e-05
3d6.(3F2).4s,a 2F,2.5,6.0,3.424494,3d6.(3F2).4p,y 4G*,3.5,8.0,7.940059,4.515565,274.57073,3600000.0,0.0054251,0.032551,0.00014398
3d6.(3F2).4s,a 2F,2.5,6.0,3.424494,3d6.(3F2).4p,y 4G*,2.5,6.0,7.945826,4.521332,274.22049,20000000.0,0.022547,0.13528,0.0005984
3d6.(3F2).4s,a 2F,2.5,6.0,3.424494,3d6.(3F2).4p,z 2F*,3.5,8.0,7.970492,4.545999,272.7326,5000000.0,0.0074343,0.044606,0.00019731
3d6.(3F2).4s,a 2F,2.5,6.0,3.424494,3d6.(3F2).4p,z 2F*,2.5,6.0,7.987732,4.563239,271.7022,115000000.0,0.12728,0.76365,0.0033779
3d6.(3F2).4s,a 2F,2.5,6.0,3.424494,3d6.(3P2).4p,z 2P*,1.5,4.0,8.0384,4.613907,268.71849,1600000.0,0.0011547,0.0069284,3.0647e-05
3d6.(3F2).4s,a 2F,2.5,6.0,3.424494,3d6.(3F2).4p,y 2G*,3.5,8.0,8.072573,4.648079,266.74287,187000000.0,0.26597,1.5958,0.0070587
3d6.(3F2).4s,a 2F,2.5,6.0,3.424494,3d6.(3G).4p,x 4G*,3.5,8.0,8.174447,4.749953,261.02195,6000000.0,0.0081715,0.049029,0.00021687
3d6.(3F2).4s,a 2F,2.5,6.0,3.424494,3d6.(3G).4p,x 4G*,2.5,6.0,8.192662,4.768168,260.02481,33000000.0,0.033451,0.2007,0.00088778
3d6.(3F2).4s,a 2F,2.5,6.0,3.424494,3d6.(3G).4p,x 4F*,3.5,8.0,8.229738,4.805245,258.01849,800000.0,0.0010646,0.0063877,2.8255e-05
3d6.(3F2).4s,a 2F,2.5,6.0,3.424494,3d6.(3G).4p,x 4F*,1.5,4.0,8.258917,4.834424,256.46118,21000000.0,0.013805,0.082829,0.00036638
3d6.(3F2).4s,a 2F,2.5,6.0,3.424494,3d6.(3G).4p,y 4H*,3.5,8.0,8.266316,4.841823,256.06927,25000000.0,0.032768,0.19661,0.00086967
3d6.(3F2).4s,a 2F,2.5,6.0,3.424494,3d6.(3F2).4p,y 2D*,2.5,6.0,8.307007,4.882513,253.93519,11000000.0,0.010634,0.063804,0.00028223
3d6.(3F2).4s,a 2F,2.5,6.0,3.424494,3d6.(3F2).4p,y 2D*,1.5,4.0,8.340892,4.916399,252.18499,205000000.0,0.1303,0.78183,0.0034583
3d6.(3F2).4s,a 2F,2.5,6.0,3.424494,3d6.(3G).4p,y 2F*,3.5,8.0,8.630114,5.205621,238.1737,2100000.0,0.0023813,0.014288,6.3198e-05
3d6.(3F2).4s,a 2F,2.5,6.0,3.424494,3d6.(3G).4p,y 2F*,2.5,6.0,8.635559,5.211066,237.92485,24000000.0,0.020368,0.12221,0.00054057
3d6.(3F2).4s,a 2F,2.5,6.0,3.424494,3d6.(3G).4p,x 2G*,3.5,8.0,8.743824,5.31933,233.08235,700000.0,0.00076018,0.0045611,2.0175e-05
3d6.(3F2).4s,a 2F,2.5,6.0,3.424494,3d6.(3D).4p,w 4F*,2.5,6.0,8.95644,5.531947,224.12398,2300000.0,0.0017321,0.010392,4.5969e-05
3d6.(3F2).4s,a 2F,2.5,6.0,3.424494,3d6.(1G2).4p,x 2F*,3.5,8.0,9.052853,5.628359,220.28479,1200000.0,0.001164,0.0069839,3.0892e-05
3d6.(3F2).4s,a 2F,2.5,6.0,3.424494,3d6.(1G2).4p,x 2F*,2.5,6.0,9.057655,5.633161,220.09702,15000000.0,0.010894,0.065363,0.00028912
3d6.(3F2).4s,a 2F,2.5,6.0,3.424494,3d6.(3D).4p,x 2D*,1.5,4.0,9.236586,5.812093,213.32109,6000000.0,0.0027289,0.016373,7.2425e-05
3d6.(3F2).4s,a 2F,2.5,6.0,3.424494,3d6.(3D).4p,w 2F*,2.5,6.0,9.41227,5.987777,207.06216,13000000.0,0.0083561,0.050137,0.00022177
3d6.(3F2).4s,a 2F,2.5,6.0,3.424494,3d6.(3F1).4p,2F*,2.5,6.0,11.784224,8.359731,148.31124,17000000.0,0.005606,0.033636,0.00014878
3d6.(3F2).4s,a 2F,2.5,6.0,3.424494,3d5.(4G).4s.4p.(3P*),t 2F*,2.5,6.0,11.937104,8.51261,145.64769,110000000.0,0.034983,0.2099,0.00092845
3d6.(3F2).4s,a 2F,2.5,6.0,3.424494,3d5.(4G).4s.4p.(3P*),t 2F*,3.5,8.0,11.94669,8.522196,145.48386,4600000.0,0.0019462,0.011677,5.1652e-05
3d6.(3F2).4s,a 2F,2.5,6.0,3.424494,3d5.(4G).4s.4p.(3P*),2G*,3.5,8.0,12.353218,8.928724,138.85993,34000000.0,0.013105,0.078629,0.0003478
3d6.(3F2).4s,a 2F,2.5,6.0,3.424494,3d6.(1G1).4p,2G*,3.5,8.0,12.374683,8.950189,138.5269,53000000.0,0.02033,0.12198,0.00053956
3d6.(3F2).4s,a 2F,2.5,6.0,3.424494,3d5.(4D).4s.4p.(3P*),2D*,2.5,6.0,12.702075,9.277581,133.63849,9000000.0,0.0024097,0.014458,6.3954e-05
3d6.(3F2).4s,a 2F,2.5,6.0,3.424494,3d5.(4D).4s.4p.(3P*),2D*,1.5,4.0,12.70884,9.284346,133.54112,110000000.0,0.019606,0.11764,0.00052035
3d6.(3F2).4s,a 2F,2.5,6.0,3.424494,3d5.(4D).4s.4p.(3P*),2F*,2.5,6.0,12.811801,9.387307,132.07642,7000000.0,0.0018307,0.010984,4.8586e-05
3d6.(3F2).4s,a 2F,2.5,6.0,3.424494,3d5.(2D3).4s.4p.(3P*),4F*,1.5,4.0,12.957013,9.53252,130.06446,10000000.0,0.0016908,0.010145,4.4873e-05
3d6.(3F2).4s,a 2F,2.5,6.0,3.424494,3d5.(2I).4s.4p.(3P*),4H*,3.5,8.0,13.021879,9.597385,129.18539,4200000.0,0.0014011,0.0084067,3.7186e-05
3d6.(3F2).4s,a 2F,2.5,6.0,3.424494,3d5.(2F1).4s.4p.(3P*),4F*,1.5,4.0,13.486863,10.06237,123.2157,24000000.0,0.0036418,0.021851,9.6652e-05
3d6.(3F2).4s,a 2F,2.5,6.0,3.424494,3d5.(2F1).4s.4p.(3P*),4D*,1.5,4.0,13.514727,10.090233,122.87546,13000000.0,0.0019617,0.01177,5.2065e-05
3d6.(3G).4s,b 2G,4.5,10.0,3.767699,3d6.(3G).4s,b 2G,3.5,8.0,3.814309,0.046609,26600.7995,0.000764,6.4838e-09,6.4838e-08,1.7208e-10
3d6.(3G).4s,b 2G,4.5,10.0,3.767699,3d7,b 2F,3.5,8.0,3.967376,0.199677,6209.23691,0.000705,3.26e-10,3.26e-09,8.652e-12
3d6.(3G).4s,b 2G,4.5,10.0,3.767699,3d6.(3H).4p,z 4H*,4.5,10.0,7.561727,3.794028,326.78779,450000.0,0.00072045,0.0072045,1.9121e-05
3d6.(3G).4s,b 2G,4.5,10.0,3.767699,3d6.(3F2).4p,y 4F*,3.5,8.0,7.695145,3.927445,315.68663,210000.0,0.000251,0.00251,6.6617e-06
3d6.(3G).4s,b 2G,4.5,10.0,3.767699,3d6.(3H).4p,z 2G*,4.5,10.0,7.697326,3.929626,315.51143,20600000.0,0.030744,0.30744,0.00081594
3d6.(3G).4s,b 2G,4.5,10.0,3.767699,3d6.(3F2).4p,y 4F*,4.5,10.0,7.706625,3.938926,314.76651,500.0,7.4269e-07,7.4269e-06,1.9711e-08
3d6.(3G).4s,b 2G,4.5,10.0,3.767699,3d6.(3F2).4p,x 4D*,3.5,8.0,7.804191,4.036491,307.15833,900000.0,0.0010184,0.010184,2.7028e-05
3d6.(3G).4s,b 2G,4.5,10.0,3.767699,3d6.(3F2).4p,y 4G*,4.5,10.0,7.928641,4.160942,297.97149,720000.0,0.00095839,0.0095839,2.5436e-05
3d6.(3G).4s,b 2G,4.5,10.0,3.767699,3d6.(3F2).4p,y 4G*,3.5,8.0,7.940059,4.172359,297.15611,4200000.0,0.004448,0.04448,0.00011805
3d6.(3G).4s,b 2G,4.5,10.0,3.767699,3d6.(3F2).4p,z 2F*,3.5,8.0,7.970492,4.202793,295.00432,25000000.0,0.026094,0.26094,0.00069254
3d6.(3G).4s,b 2G,4.5,10.0,3.767699,3d6.(3F2).4p,y 2G*,4.5,10.0,8.038137,4.270438,290.33133,3200000.0,0.0040439,0.040439,0.00010732
3d6.(3G).4s,b 2G,4.5,10.0,3.767699,3d6.(3F2).4p,y 2G*,3.5,8.0,8.072573,4.304873,288.00893,3600000.0,0.0035815,0.035815,9.5053e-05
3d6.(3G).4s,b 2G,4.5,10.0,3.767699,3d6.(3H).4p,z 2H*,5.5,12.0,8.104054,4.336355,285.91801,48000000.0,0.070594,0.70594,0.0018736
3d6.(3G).4s,b 2G,4.5,10.0,3.767699,3d6.(3H).4p,z 2H*,4.5,10.0,8.127942,4.360242,284.35163,450000.0,0.00054549,0.0054549,1.4477e-05
3d6.(3G).4s,b 2G,4.5,10.0,3.767699,3d6.(3G).4p,x 4G*,5.5,12.0,8.130892,4.363192,284.15937,15000000.0,0.02179,0.2179,0.00057831
3d6.(3G).4s,b 2G,4.5,10.0,3.767699,3d6.(3G).4p,y 4H*,5.5,12.0,8.240429,4.47273,277.2003,4300000.0,0.0059442,0.059442,0.00015776
3d6.(3G).4s,b 2G,4.5,10.0,3.767699,3d6.(3G).4p,y 2H*,5.5,12.0,8.370958,4.603258,269.34008,140000000.0,0.18271,1.8271,0.0048492
3d6.(3G).4s,b 2G,4.5,10.0,3.767699,3d6.(3G).4p,y 2H*,4.5,10.0,8.431023,4.663323,265.8709,3200000.0,0.0033912,0.033912,9.0002e-05
3d6.(3G).4s,b 2G,4.5,10.0,3.767699,3d6.(3G).4p,y 2F*,3.5,8.0,8.630114,4.862415,254.98481,189000000.0,0.14738,1.4738,0.0039115
3d6.(3G).4s,b 2G,4.5,10.0,3.767699,3d6.(3G).4p,x 2G*,4.5,10.0,8.717902,4.950203,250.46286,223000000.0,0.20973,2.0973,0.0055661
3d6.(3G).4s,b 2G,4.5,10.0,3.767699,3d6.(3G).4p,x 2G*,3.5,8.0,8.743824,4.976124,249.15816,2800000.0,0.0020848,0.020848,5.533e-05
3d6.(3G).4s,b 2G,4.5,10.0,3.767699,3d6.(1G2).4p,x 2H*,5.5,12.0,8.959314,5.191615,238.81625,18000000.0,0.018469,0.18469,0.00049016
3d6.(3G).4s,b 2G,4.5,10.0,3.767699,3d6.(1G2).4p,x 2F*,3.5,8.0,9.052853,5.285154,234.58958,4500000.0,0.0029702,0.029702,7.8828e-05
3d6.(3G).4s,b 2G,4.5,10.0,3.767699,3d6.(1G2).4p,w 2G*,4.5,10.0,9.062207,5.294508,234.17512,600000.0,0.00049328,0.0049328,1.3092e-05
3d6.(3G).4s,b 2G,4.5,10.0,3.767699,3d6.(1G2).4p,w 2G*,3.5,8.0,9.068619,5.30092,233.89186,2800000.0,0.0018371,0.018371,4.8757e-05
3d6.(3G).4s,b 2G,4.5,10.0,3.767699,3d6.(1I).4p,w 2H*,5.5,12.0,9.125675,5.357976,231.40118,9000000.0,0.0086699,0.086699,0.0002301
3d6.(3G).4s,b 2G,4.5,10.0,3.767699,3d6.(1I).4p,y 2I*,5.5,12.0,9.171081,5.403382,229.45666,2400000.0,0.0022733,0.022733,6.0333e-05
3d6.(3G).4s,b 2G,4.5,10.0,3.767699,3d6.(3D).4p,w 2F*,3.5,8.0,9.373317,5.605618,221.17848,6600000.0,0.0038724,0.038724,0.00010277
3d6.(3G).4s,b 2G,4.5,10.0,3.767699,3d6.(1D2).4p,v 2F*,3.5,8.0,9.687803,5.920104,209.42909,21000000.0,0.011047,0.11047,0.00029319
3d6.(3G).4s,b 2G,4.5,10.0,3.767699,3d6.(1F).4p,v 2G*,4.5,10.0,10.398704,6.631005,186.97648,4700000.0,0.0024634,0.024634,6.5378e-05
3d6.(3G).4s,b 2G,4.5,10.0,3.767699,3d6.(3F1).4p,2F*,3.5,8.0,11.788336,8.020637,154.58149,6000000.0,0.0017196,0.017196,4.5637e-05
3d6.(3G).4s,b 2G,4.5,10.0,3.767699,3d5.(4G).4s.4p.(3P*),2H*,5.5,12.0,11.910177,8.142478,152.26839,32000000.0,0.013348,0.13348,0.00035425
3d6.(3G).4s,b 2G,4.5,10.0,3.767699,3d5.(4G).4s.4p.(3P*),t 2F*,3.5,8.0,11.94669,8.17899,151.58864,41000000.0,0.0113,0.113,0.00029989
3d6.(3G).4s,b 2G,4.5,10.0,3.767699,3d6.(1G1).4p,2G*,4.5,10.0,12.355429,8.58773,144.37366,20000000.0,0.0062498,0.062498,0.00016587
3d6.(3G).4s,b 2G,4.5,10.0,3.767699,3d5.(4G).4s.4p.(3P*),2G*,4.5,10.0,12.368318,8.600618,144.15731,90000000.0,0.02804,0.2804,0.00074418
3d6.(3G).4s,b 2G,4.5,10.0,3.767699,3d5.(4D).4s.4p.(3P*),2F*,3.5,8.0,12.793147,9.025448,137.3718,270000000.0,0.061109,0.61109,0.0016218
3d6.(3G).4s,b 2G,4.5,10.0,3.767699,3d5.(2I).4s.4p.(3P*),2H*,5.5,12.0,13.227918,9.460219,131.05849,15000000.0,0.0046351,0.046351,0.00012302
3d6.(3G).4s,b 2G,4.5,10.0,3.767699,3d5.(2F1).4s.4p.(3P*),2G*,4.5,10.0,13.720177,9.952477,124.57622,22000000.0,0.0051186,0.051186,0.00013585
3d6.(3G).4s,b 2G,3.5,8.0,3.814309,3d7,b 2F,3.5,8.0,3.967376,0.153068,8099.9514,0.000601,5.9115e-10,4.7292e-09,1.5689e-11
3d6.(3G).4s,b 2G,3.5,8.0,3.814309,3d6.(3H).4p,z 4H*,3.5,8.0,7.58248,3.768172,329.03013,2100000.0,0.0034084,0.027267,9.0459e-05
3d6.(3G).4s,b 2G,3.5,8.0,3.814309,3d6.(3F2).4p,y 4F*,3.5,8.0,7.695145,3.880836,319.47806,3900000.0,0.0059677,0.047742,0.00015838
3d6.(3G).4s,b 2G,3.5,8.0,3.814309,3d6.(3H).4p,z 2G*,4.5,10.0,7.697326,3.883017,319.29862,500000.0,0.00095529,0.0076423,2.5353e-05
3d6.(3G).4s,b 2G,3.5,8.0,3.814309,3d6.(3H).4p,z 2G*,3.5,8.0,7.726998,3.91269,316.87715,16000000.0,0.024086,0.19269,0.00063924
3d6.(3G).4s,b 2G,3.5,8.0,3.814309,3d6.(3F2).4p,x 4D*,3.5,8.0,7.804191,3.989882,310.74651,1880000.0,0.0027216,0.021773,7.2232e-05
3d6.(3G).4s,b 2G,3.5,8.0,3.814309,3d6.(3F2).4p,y 4G*,3.5,8.0,7.940059,4.12575,300.51312,860000.0,0.0011644,0.0093148,3.0902e-05
3d6.(3G).4s,b 2G,3.5,8.0,3.814309,3d6.(3F2).4p,y 4G*,2.5,6.0,7.945826,4.131517,300.09362,3000000.0,0.0030378,0.024302,8.0623e-05
3d6.(3G).4s,b 2G,3.5,8.0,3.814309,3d6.(3F2).4p,z 2F*,3.5,8.0,7.970492,4.156183,298.31262,1200000.0,0.001601,0.012808,4.249e-05
3d6.(3G).4s,b 2G,3.5,8.0,3.814309,3d6.(3F2).4p,z 2F*,2.5,6.0,7.987732,4.173424,297.08031,23000000.0,0.022824,0.18259,0.00060576
3d6.(3G).4s,b 2G,3.5,8.0,3.814309,3d6.(3F2).4p,y 2G*,4.5,10.0,8.038137,4.223829,293.53509,600000.0,0.00096882,0.0077505,2.5712e-05
3d6.(3G).4s,b 2G,3.5,8.0,3.814309,3d6.(3F2).4p,y 2G*,3.5,8.0,8.072573,4.258264,291.16136,1500000.0,0.0019064,0.015251,5.0596e-05
3d6.(3G).4s,b 2G,3.5,8.0,3.814309,3d6.(3H).4p,z 2H*,4.5,10.0,8.127942,4.313633,287.42407,46000000.0,0.071215,0.56972,0.0018901
3d6.(3G).4s,b 2G,3.5,8.0,3.814309,3d6.(3G).4p,x 4G*,4.5,10.0,8.145273,4.330964,286.27391,310000.0,0.0004761,0.0038088,1.2636e-05
3d6.(3G).4s,b 2G,3.5,8.0,3.814309,3d6.(3G).4p,x 4G*,2.5,6.0,8.192662,4.378353,283.17543,700000.0,0.00063115,0.0050492,1.6751e-05
3d6.(3G).4s,b 2G,3.5,8.0,3.814309,3d6.(3G).4p,x 4F*,2.5,6.0,8.247715,4.433407,279.65898,800000.0,0.00070351,0.0056281,1.8671e-05
3d6.(3G).4s,b 2G,3.5,8.0,3.814309,3d6.(3G).4p,y 4H*,4.5,10.0,8.255989,4.44168,279.13805,2100000.0,0.0030664,0.024531,8.1382e-05
3d6.(3G).4s,b 2G,3.5,8.0,3.814309,3d6.(3G).4p,y 2H*,4.5,10.0,8.431023,4.616714,268.55507,157000000.0,0.2122,1.6976,0.0056317
3d6.(3G).4s,b 2G,3.5,8.0,3.814309,3d6.(3G).4p,y 2F*,3.5,8.0,8.630114,4.815806,257.45265,2300000.0,0.0022855,0.018284,6.0657e-05
3d6.(3G).4s,b 2G,3.5,8.0,3.814309,3d6.(3G).4p,y 2F*,2.5,6.0,8.635559,4.82125,257.16191,184000000.0,0.13682,1.0946,0.0036312
3d6.(3G).4s,b 2G,3.5,8.0,3.814309,3d6.(3G).4p,x 2G*,4.5,10.0,8.717902,4.903594,252.84354,5500000.0,0.0065893,0.052714,0.00017488
3d6.(3G).4s,b 2G,3.5,8.0,3.814309,3d6.(3G).4p,x 2G*,3.5,8.0,8.743824,4.929515,251.51398,211000000.0,0.20011,1.6009,0.0053109
3d6.(3G).4s,b 2G,3.5,8.0,3.814309,3d6.(1G2).4p,x 2H*,4.5,10.0,8.943027,5.128718,241.74501,9000000.0,0.0098566,0.078853,0.00026159
3d6.(3G).4s,b 2G,3.5,8.0,3.814309,3d6.(3D).4p,w 4F*,2.5,6.0,8.95644,5.142132,241.11439,3200000.0,0.0020918,0.016734,5.5516e-05
3d6.(3G).4s,b 2G,3.5,8.0,3.814309,3d6.(3D).4p,w 4F*,3.5,8.0,8.97051,5.156202,240.45645,1800000.0,0.0015603,0.012482,4.141e-05
3d6.(3G).4s,b 2G,3.5,8.0,3.814309,3d6.(1G2).4p,x 2F*,3.5,8.0,9.052853,5.238544,236.67681,4400000.0,0.0036951,0.029561,9.8067e-05
3d6.(3G).4s,b 2G,3.5,8.0,3.814309,3d6.(1G2).4p,x 2F*,2.5,6.0,9.057655,5.243346,236.46007,15000000.0,0.0094303,0.075443,0.00025028
3d6.(3G).4s,b 2G,3.5,8.0,3.814309,3d6.(3D).4p,w 2F*,2.5,6.0,9.41227,5.597962,221.48097,12000000.0,0.0066187,0.05295,0.00017566
3d6.(3G).4s,b 2G,3.5,8.0,3.814309,3d6.(1D2).4p,v 2F*,2.5,6.0,9.638871,5.824562,212.86441,19000000.0,0.0096801,0.077441,0.00025691
3d6.(3G).4s,b 2G,3.5,8.0,3.814309,3d6.(1D2).4p,w 2D*,2.5,6.0,9.756423,5.942115,208.65333,2000000.0,0.00097904,0.0078323,2.5984e-05
3d6.(3G).4s,b 2G,3.5,8.0,3.814309,3d6.(1F).4p,v 2G*,3.5,8.0,10.328532,6.514223,190.32844,5300000.0,0.0028783,0.023027,7.6391e-05
3d6.(3G).4s,b 2G,3.5,8.0,3.814309,3d6.(3F1).4p,2F*,2.5,6.0,11.784224,7.969915,155.56526,5000000.0,0.0013606,0.010884,3.6109e-05
3d6.(3G).4s,b 2G,3.5,8.0,3.814309,3d5.(4G).4s.4p.(3P*),t 2F*,2.5,6.0,11.937104,8.122795,152.63736,36000000.0,0.0094307,0.075446,0.00025029
3d6.(3G).4s,b 2G,3.5,8.0,3.814309,3d5.(4G).4s.4p.(3P*),2G*,3.5,8.0,12.353218,8.538909,145.19911,62000000.0,0.019597,0.15677,0.00052009
3d6.(3G).4s,b 2G,3.5,8.0,3.814309,3d5.(4G).4s.4p.(3P*),2G*,4.5,10.0,12.368318,8.554009,144.94279,8000000.0,0.0031496,0.025197,8.359e-05
3d6.(3G).4s,b 2G,3.5,8.0,3.814309,3d5.(4D).4s.4p.(3P*),2F*,3.5,8.0,12.793147,8.978838,138.0849,5000000.0,0.0014293,0.011434,3.7933e-05
3d6.(3G).4s,b 2G,3.5,8.0,3.814309,3d5.(4D).4s.4p.(3P*),2F*,2.5,6.0,12.811801,8.997492,137.79861,270000000.0,0.057647,0.46117,0.0015299
3d6.(3G).4s,b 2G,3.5,8.0,3.814309,3d5.(2I).4s.4p.(3P*),2H*,4.5,10.0,13.267138,9.452829,131.16094,16000000.0,0.0051582,0.041266,0.0001369
3d6.(3G).4s,b 2G,3.5,8.0,3.814309,3d6.(3H).5p,2G*,3.5,8.0,13.689575,9.875267,125.55023,6000000.0,0.0014179,0.011343,3.7631e-05
3d6.(3D).4s,b 4D,1.5,4.0,3.888697,3d6.(1D2).4s,c 2D,2.5,6.0,4.73176,0.843063,1470.63919,0.0236,1.1478e-09,4.5913e-09,3.0463e-11
3d6.(3D).4s,b 4D,1.5,4.0,3.888697,3d6.(1D2).4s,c 2D,1.5,4.0,4.737995,0.849298,1459.84391,0.0189,6.0386e-10,2.4154e-09,1.6026e-11
3d6.(3D).4s,b 4D,1.5,4.0,3.888697,3d6.(5D).4p,z 4D*,2.5,6.0,5.552606,1.663909,745.13813,17000.0,0.00021226,0.00084905,5.6334e-06
3d6.(3D).4s,b 4D,1.5,4.0,3.888697,3d6.(5D).4p,z 4D*,0.5,2.0,5.604888,1.716191,722.43817,25000.0,9.7807e-05,0.00039123,2.5958e-06
3d6.(3D).4s,b 4D,1.5,4.0,3.888697,3d6.(5D).4p,z 4P*,1.5,4.0,5.875587,1.986891,624.01119,80000.0,0.00046702,0.0018681,1.2395e-05
3d6.(3D).4s,b 4D,1.5,4.0,3.888697,3d6.(5D).4p,z 4P*,0.5,2.0,5.904885,2.016188,614.94357,130000.0,0.00036851,0.001474,9.7801e-06
3d6.(3D).4s,b 4D,1.5,4.0,3.888697,3d6.(3F2).4p,y 4F*,2.5,6.0,7.705811,3.817114,324.81138,7100000.0,0.016845,0.06738,0.00044707
3d6.(3D).4s,b 4D,1.5,4.0,3.888697,3d6.(3F2).4p,y 4F*,1.5,4.0,7.717336,3.828639,323.83357,1800000.0,0.0028299,0.01132,7.5106e-05
3d6.(3D).4s,b 4D,1.5,4.0,3.888697,3d6.(3F2).4p,x 4D*,2.5,6.0,7.84485,3.956153,313.39587,1500000.0,0.0033131,0.013252,8.7928e-05
3d6.(3D).4s,b 4D,1.5,4.0,3.888697,3d6.(3F2).4p,x 4D*,1.5,4.0,7.868674,3.979977,311.51989,6400000.0,0.0093113,0.037245,0.00024712
3d6.(3D).4s,b 4D,1.5,4.0,3.888697,3d6.(3F2).4p,x 4D*,0.5,2.0,7.880373,3.991677,310.60683,7500000.0,0.0054239,0.021696,0.00014395
3d6.(3D).4s,b 4D,1.5,4.0,3.888697,3d6.(3G).4p,x 4F*,2.5,6.0,8.247715,4.359018,284.43146,10000000.0,0.018193,0.072772,0.00048284
3d6.(3D).4s,b 4D,1.5,4.0,3.888697,3d6.(3G).4p,x 4F*,1.5,4.0,8.258917,4.37022,283.7024,5400000.0,0.006516,0.026064,0.00017293
3d6.(3D).4s,b 4D,1.5,4.0,3.888697,3d6.(3F2).4p,y 2D*,2.5,6.0,8.307007,4.41831,280.61452,2500000.0,0.004427,0.017708,0.00011749
3d6.(3D).4s,b 4D,1.5,4.0,3.888697,3d6.(3F2).4p,y 2D*,1.5,4.0,8.340892,4.452195,278.47879,1900000.0,0.002209,0.008836,5.8627e-05
3d6.(3D).4s,b 4D,1.5,4.0,3.888697,3d5.(6S).4s.4p.(3P*),x 4P*,1.5,4.0,8.592364,4.703667,263.59052,900000.0,0.00093748,0.0037499,2.4881e-05
3d6.(3D).4s,b 4D,1.5,4.0,3.888697,3d6.(3D).4p,w 4P*,1.5,4.0,8.932201,5.043504,245.82948,3300000.0,0.0029898,0.011959,7.9349e-05
3d6.(3D).4s,b 4D,1.5,4.0,3.888697,3d6.(3D).4p,w 4F*,1.5,4.0,8.947816,5.059119,245.07072,124000000.0,0.11165,0.44661,0.0029632
3d6.(3D).4s,b 4D,1.5,4.0,3.888697,3d6.(3D).4p,w 4P*,0.5,2.0,8.95327,5.064573,244.80683,260000000.0,0.1168,0.46721,0.0030999
3d6.(3D).4s,b 4D,1.5,4.0,3.888697,3d6.(3D).4p,w 4F*,2.5,6.0,8.95644,5.067744,244.65365,123000000.0,0.16556,0.66225,0.004394
3d6.(3D).4s,b 4D,1.5,4.0,3.888697,3d6.(3D).4p,w 4D*,1.5,4.0,8.9919,5.103203,242.9537,138000000.0,0.12212,0.48848,0.0032411
3d6.(3D).4s,b 4D,1.5,4.0,3.888697,3d6.(3D).4p,w 4D*,2.5,6.0,9.00367,5.114974,242.3946,140000000.0,0.18498,0.73992,0.0049094
3d6.(3D).4s,b 4D,1.5,4.0,3.888697,3d6.(1G2).4p,x 2F*,2.5,6.0,9.057655,5.168958,239.86304,1000000.0,0.0012938,0.0051753,3.4338e-05
3d6.(3D).4s,b 4D,1.5,4.0,3.888697,3d6.(3D).4p,y 2P*,0.5,2.0,9.074071,5.185374,239.10367,13000000.0,0.0055712,0.022285,0.00014786
3d6.(3D).4s,b 4D,1.5,4.0,3.888697,3d5.(4G).4s.4p.(3P*),v 4F*,2.5,6.0,11.447449,7.558752,164.02733,18000000.0,0.010891,0.043563,0.00028904
3d6.(3D).4s,b 4D,1.5,4.0,3.888697,3d5.(4G).4s.4p.(3P*),v 4F*,1.5,4.0,11.45101,7.562313,163.9501,7000000.0,0.0028209,0.011283,7.4866e-05
3d6.(3D).4s,b 4D,1.5,4.0,3.888697,3d6.(3F1).4p,u 4F*,2.5,6.0,11.579555,7.690858,161.20984,12000000.0,0.0070132,0.028053,0.00018613
3d6.(3D).4s,b 4D,1.5,4.0,3.888697,3d5.(4P).4s.4p.(3P*),4D*,0.5,2.0,11.873666,7.984969,155.27199,21000000.0,0.0037952,0.015181,0.00010072
3d6.(3D).4s,b 4D,1.5,4.0,3.888697,3d5.(4P).4s.4p.(3P*),4D*,1.5,4.0,11.884911,7.996214,155.05363,12000000.0,0.0043252,0.017301,0.00011479
3d6.(3D).4s,b 4D,1.5,4.0,3.888697,3d5.(4P).4s.4p.(3P*),4D*,2.5,6.0,11.901964,8.013268,154.72365,9000000.0,0.0048451,0.019381,0.00012859
3d6.(3D).4s,b 4D,1.5,4.0,3.888697,3d5.(4D).4s.4p.(3P*),4D*,2.5,6.0,12.213066,8.324369,148.94125,23000000.0,0.011474,0.045895,0.00030452
3d6.(3D).4s,b 4D,1.5,4.0,3.888697,3d5.(4D).4s.4p.(3P*),4D*,1.5,4.0,12.245956,8.357259,148.3551,39000000.0,0.012869,0.051474,0.00034153
3d6.(3D).4s,b 4D,1.5,4.0,3.888697,3d5.(4D).4s.4p.(3P*),4D*,0.5,2.0,12.275388,8.386691,147.83447,36000000.0,0.0058977,0.023591,0.00015653
3d6.(3D).4s,b 4D,1.5,4.0,3.888697,3d5.(4D).4s.4p.(3P*),4P*,0.5,2.0,12.572292,8.683595,142.7798,80000000.0,0.012225,0.0489,0.00032445
3d6.(3D).4s,b 4D,1.5,4.0,3.888697,3d5.(4D).4s.4p.(3P*),4P*,1.5,4.0,12.593568,8.704871,142.43082,41000000.0,0.01247,0.049878,0.00033094
3d6.(3D).4s,b 4D,0.5,2.0,3.889193,3d6.(1D2).4s,c 2D,1.5,4.0,4.737995,0.848802,1460.69635,0.0485,3.1028e-09,6.2056e-09,8.2348e-11
3d6.(3D).4s,b 4D,0.5,2.0,3.889193,3d6.(5D).4p,z 4D*,0.5,2.0,5.604888,1.715695,722.64687,28000.0,0.00021921,0.00043843,5.818e-06
3d6.(3D).4s,b 4D,0.5,2.0,3.889193,3d6.(5D).4p,z 4P*,1.5,4.0,5.875587,1.986395,624.16689,11000.0,0.00012849,0.00025699,3.4102e-06
3d6.(3D).4s,b 4D,0.5,2.0,3.889193,3d6.(5D).4p,z 4P*,0.5,2.0,5.904885,2.015693,615.09478,130000.0,0.00073737,0.0014747,1.957e-05
3d6.(3D).4s,b 4D,0.5,2.0,3.889193,3d6.(3F2).4p,y 4F*,1.5,4.0,7.717336,3.828144,323.8755,6800000.0,0.021387,0.042774,0.00056762
3d6.(3D).4s,b 4D,0.5,2.0,3.889193,3d6.(3F2).4p,x 4D*,1.5,4.0,7.868674,3.979481,311.55869,2500000.0,0.0072763,0.014553,0.00019311
3d6.(3D).4s,b 4D,0.5,2.0,3.889193,3d6.(3F2).4p,x 4D*,0.5,2.0,7.880373,3.991181,310.6454,7000000.0,0.010127,0.020254,0.00026877
3d6.(3D).4s,b 4D,0.5,2.0,3.889193,3d6.(3G).4p,x 4F*,1.5,4.0,8.258917,4.369725,283.73458,10000000.0,0.024139,0.048277,0.00064064
3d6.(3D).4s,b 4D,0.5,2.0,3.889193,3d6.(3F2).4p,y 2D*,1.5,4.0,8.340892,4.4517,278.50979,3400000.0,0.0079077,0.015815,0.00020987
3d6.(3D).4s,b 4D,0.5,2.0,3.889193,3d6.(3D).4p,w 4P*,1.5,4.0,8.932201,5.043008,245.85364,9000000.0,0.016311,0.032622,0.0004329
3d6.(3D).4s,b 4D,0.5,2.0,3.889193,3d6.(3D).4p,w 4F*,1.5,4.0,8.947816,5.058624,245.09473,126000000.0,0.22695,0.4539,0.0060232
3d6.(3D).4s,b 4D,0.5,2.0,3.889193,3d6.(3D).4p,w 4P*,0.5,2.0,8.95327,5.064077,244.83079,7000000.0,0.0062906,0.012581,0.00016695
3d6.(3D).4s,b 4D,0.5,2.0,3.889193,3d6.(3D).4p,w 4D*,0.5,2.0,8.980135,5.090943,243.53878,260000000.0,0.23119,0.46238,0.0061358
3d6.(3D).4s,b 4D,0.5,2.0,3.889193,3d6.(3D).4p,w 4D*,1.5,4.0,8.9919,5.102707,242.9773,123000000.0,0.21773,0.43547,0.0057787
3d6.(3D).4s,b 4D,0.5,2.0,3.889193,3d6.(3D).4p,y 2P*,0.5,2.0,9.074071,5.184878,239.12653,7000000.0,0.0060009,0.012002,0.00015926
3d6.(3D).4s,b 4D,0.5,2.0,3.889193,3d6.(3D).4p,y 2P*,1.5,4.0,9.074294,5.185101,239.11626,1700000.0,0.0029145,0.0058289,7.735e-05
3d6.(3D).4s,b 4D,0.5,2.0,3.889193,3d6.(3P1).4p,u 2D*,1.5,4.0,11.433375,7.544183,164.34411,8000000.0,0.0064787,0.012957,0.00017194
3d6.(3D).4s,b 4D,0.5,2.0,3.889193,3d5.(4G).4s.4p.(3P*),v 4F*,1.5,4.0,11.45101,7.561818,163.96084,18000000.0,0.014509,0.029018,0.00038507
3d6.(3D).4s,b 4D,0.5,2.0,3.889193,3d6.(3F1).4p,u 4F*,1.5,4.0,11.571266,7.682073,161.39419,15000000.0,0.011715,0.023431,0.00031093
3d6.(3D).4s,b 4D,0.5,2.0,3.889193,3d5.(4P).4s.4p.(3P*),4D*,0.5,2.0,11.873666,7.984473,155.28163,18000000.0,0.0065069,0.013014,0.00017269
3d6.(3D).4s,b 4D,0.5,2.0,3.889193,3d5.(4P).4s.4p.(3P*),4D*,1.5,4.0,11.884911,7.995718,155.06324,9000000.0,0.0064886,0.012977,0.00017221
3d6.(3D).4s,b 4D,0.5,2.0,3.889193,3d5.(4D).4s.4p.(3P*),4D*,1.5,4.0,12.245956,8.356763,148.3639,22000000.0,0.01452,0.02904,0.00038536
3d6.(3D).4s,b 4D,0.5,2.0,3.889193,3d5.(4D).4s.4p.(3P*),4D*,0.5,2.0,12.275388,8.386195,147.84321,43000000.0,0.014091,0.028181,0.00037397
3d6.(3D).4s,b 4D,0.5,2.0,3.889193,3d5.(4D).4s.4p.(3P*),4P*,0.5,2.0,12.572292,8.683099,142.78795,68000000.0,0.020785,0.04157,0.00055164
3d6.(3D).4s,b 4D,0.5,2.0,3.889193,3d5.(2D3).4s.4p.(3P*),4F*,1.5,4.0,12.957013,9.067821,136.72987,17000000.0,0.0095294,0.019059,0.00025291
3d6.(3D).4s,b 4D,2.5,6.0,3.891613,3d6.(1D2).4s,c 2D,2.5,6.0,4.73176,0.840147,1475.74444,0.012,3.918e-10,2.3508e-09,1.0398e-11
3d6.(3D).4s,b 4D,2.5,6.0,3.891613,3d6.(1D2).4s,c 2D,1.5,4.0,4.737995,0.846381,1464.87436,0.0062,1.3297e-10,7.9783e-10,3.5291e-12
3d6.(3D).4s,b 4D,2.5,6.0,3.891613,3d6.(5D).4p,z 4F*,3.5,8.0,5.548766,1.657153,748.176,3000.0,3.3568e-05,0.00020141,8.909e-07
3d6.(3D).4s,b 4D,2.5,6.0,3.891613,3d6.(5D).4p,z 4D*,2.5,6.0,5.552606,1.660992,746.44652,27000.0,0.00022554,0.0013532,5.9858e-06
3d6.(3D).4s,b 4D,2.5,6.0,3.891613,3d6.(5D).4p,z 4D*,1.5,4.0,5.584768,1.693155,732.26744,14000.0,7.503e-05,0.00045018,1.9913e-06
3d6.(3D).4s,b 4D,2.5,6.0,3.891613,3d6.(5D).4p,z 4F*,2.5,6.0,5.589195,1.697582,730.35759,2100.0,1.6794e-05,0.00010076,4.4571e-07
3d6.(3D).4s,b 4D,2.5,6.0,3.891613,3d6.(5D).4p,z 4P*,2.5,6.0,5.823225,1.931611,641.86928,40000.0,0.00024707,0.0014824,6.5571e-06
3d6.(3D).4s,b 4D,2.5,6.0,3.891613,3d6.(5D).4p,z 4P*,1.5,4.0,5.875587,1.983974,624.92852,160000.0,0.00062452,0.0037471,1.6575e-05
3d6.(3D).4s,b 4D,2.5,6.0,3.891613,3d6.(3P2).4p,y 4D*,3.5,8.0,7.653057,3.761444,329.61864,360000.0,0.00078185,0.0046911,2.075e-05
3d6.(3D).4s,b 4D,2.5,6.0,3.891613,3d6.(3F2).4p,y 4F*,3.5,8.0,7.695145,3.803531,325.97128,9400000.0,0.019966,0.11979,0.00052989
3d6.(3D).4s,b 4D,2.5,6.0,3.891613,3d6.(3H).4p,z 2G*,3.5,8.0,7.726998,3.835385,323.26402,1400000.0,0.0029244,0.017547,7.7614e-05
3d6.(3D).4s,b 4D,2.5,6.0,3.891613,3d6.(3F2).4p,x 4D*,2.5,6.0,7.84485,3.953236,313.62708,9000000.0,0.013272,0.079631,0.00035223
3d6.(3D).4s,b 4D,2.5,6.0,3.891613,3d6.(3F2).4p,x 4D*,1.5,4.0,7.868674,3.97706,311.74834,5500000.0,0.0053424,0.032055,0.00014179
3d6.(3D).4s,b 4D,2.5,6.0,3.891613,3d6.(3F2).4p,z 2F*,3.5,8.0,7.970492,4.078879,303.96638,500000.0,0.00092346,0.0055408,2.4509e-05
3d6.(3D).4s,b 4D,2.5,6.0,3.891613,3d6.(3G).4p,x 4G*,3.5,8.0,8.174447,4.282833,289.49107,800000.0,0.0013402,0.008041,3.5568e-05
3d6.(3D).4s,b 4D,2.5,6.0,3.891613,3d6.(3G).4p,x 4F*,3.5,8.0,8.229738,4.338125,285.80136,12000000.0,0.019593,0.11756,0.00052001
3d6.(3D).4s,b 4D,2.5,6.0,3.891613,3d6.(3G).4p,x 4F*,2.5,6.0,8.247715,4.356102,284.6219,5600000.0,0.0068012,0.040807,0.0001805
3d6.(3D).4s,b 4D,2.5,6.0,3.891613,3d6.(3F2).4p,y 2D*,2.5,6.0,8.307007,4.415394,280.79988,1200000.0,0.0014185,0.0085111,3.7647e-05
3d6.(3D).4s,b 4D,2.5,6.0,3.891613,3d5.(6S).4s.4p.(3P*),x 4P*,1.5,4.0,8.592364,4.70075,263.75407,2100000.0,0.0014601,0.0087607,3.8751e-05
3d6.(3D).4s,b 4D,2.5,6.0,3.891613,3d6.(3G).4p,y 2F*,3.5,8.0,8.630114,4.738501,261.65278,900000.0,0.0012317,0.00739,3.2688e-05
3d6.(3D).4s,b 4D,2.5,6.0,3.891613,3d6.(3D).4p,w 4P*,1.5,4.0,8.932201,5.040588,245.97172,250000000.0,0.15117,0.90705,0.0040122
3d6.(3D).4s,b 4D,2.5,6.0,3.891613,3d6.(3D).4p,w 4F*,2.5,6.0,8.95644,5.064827,244.79453,115000000.0,0.10331,0.61989,0.002742
3d6.(3D).4s,b 4D,2.5,6.0,3.891613,3d6.(3D).4p,w 4F*,3.5,8.0,8.97051,5.078897,244.11639,118000000.0,0.14056,0.84338,0.0037306
3d6.(3D).4s,b 4D,2.5,6.0,3.891613,3d6.(3D).4p,w 4D*,2.5,6.0,9.00367,5.112057,242.53289,124000000.0,0.10935,0.65611,0.0029022
3d6.(3D).4s,b 4D,2.5,6.0,3.891613,3d6.(3D).4p,w 4D*,3.5,8.0,9.007689,5.116076,242.34237,146000000.0,0.1714,1.0284,0.0045489
3d6.(3D).4s,b 4D,2.5,6.0,3.891613,3d6.(1G2).4p,w 2G*,3.5,8.0,9.068619,5.177006,239.49017,1200000.0,0.0013758,0.0082548,3.6514e-05
3d6.(3D).4s,b 4D,2.5,6.0,3.891613,3d6.(3D).4p,y 2P*,1.5,4.0,9.074294,5.18268,239.22795,12000000.0,0.0068639,0.041184,0.00018217
3d6.(3D).4s,b 4D,2.5,6.0,3.891613,3d6.(3P1).4p,v 4D*,2.5,6.0,10.757813,6.8662,180.57179,4700000.0,0.0022975,0.013785,6.0976e-05
3d6.(3D).4s,b 4D,2.5,6.0,3.891613,3d5.(4G).4s.4p.(3P*),v 4F*,3.5,8.0,11.441568,7.549955,164.21847,34000000.0,0.018328,0.10997,0.00048643
3d6.(3D).4s,b 4D,2.5,6.0,3.891613,3d5.(4G).4s.4p.(3P*),v 4F*,2.5,6.0,11.447449,7.555836,164.09064,5000000.0,0.0020184,0.01211,5.3567e-05
3d6.(3D).4s,b 4D,2.5,6.0,3.891613,3d6.(3F1).4p,u 2G*,3.5,8.0,11.481273,7.58966,163.35937,7000000.0,0.0037341,0.022405,9.9103e-05
3d6.(3D).4s,b 4D,2.5,6.0,3.891613,3d6.(3F1).4p,u 4F*,3.5,8.0,11.590992,7.699378,161.03144,8000000.0,0.0041468,0.024881,0.00011006
3d6.(3D).4s,b 4D,2.5,6.0,3.891613,3d5.(4P).4s.4p.(3P*),4D*,1.5,4.0,11.884911,7.993297,155.1102,13000000.0,0.003126,0.018756,8.2965e-05
3d6.(3D).4s,b 4D,2.5,6.0,3.891613,3d5.(4P).4s.4p.(3P*),4D*,2.5,6.0,11.901964,8.010351,154.77998,15000000.0,0.0053874,0.032324,0.00014298
3d6.(3D).4s,b 4D,2.5,6.0,3.891613,3d5.(4P).4s.4p.(3P*),4D*,3.5,8.0,11.929477,8.037864,154.25019,5000000.0,0.002378,0.014268,6.3113e-05
3d6.(3D).4s,b 4D,2.5,6.0,3.891613,3d5.(4D).4s.4p.(3P*),4D*,3.5,8.0,12.198969,8.307356,149.24629,14000000.0,0.0062335,0.037401,0.00016544
3d6.(3D).4s,b 4D,2.5,6.0,3.891613,3d5.(4D).4s.4p.(3P*),4D*,2.5,6.0,12.213066,8.321453,148.99345,66000000.0,0.021965,0.13179,0.00058296
3d6.(3D).4s,b 4D,2.5,6.0,3.891613,3d5.(4D).4s.4p.(3P*),4D*,1.5,4.0,12.245956,8.354343,148.40689,25000000.0,0.0055032,0.033019,0.00014606
3d6.(3D).4s,b 4D,2.5,6.0,3.891613,3d5.(4D).4s.4p.(3P*),4P*,1.5,4.0,12.593568,8.701955,142.47856,110000000.0,0.022318,0.13391,0.00059233
3d6.(3D).4s,b 4D,2.5,6.0,3.891613,3d5.(2D3).4s.4p.(3P*),4P*,1.5,4.0,13.246681,9.355068,132.53159,10000000.0,0.0017555,0.010533,4.6592e-05
3d6.(3D).4s,b 4D,3.5,8.0,3.903419,3d6.(3D).4s,b 2D,2.5,6.0,4.494791,0.591372,2096.55339,0.0022,1.0873e-10,8.6985e-10,2.8857e-12
3d6.(3D).4s,b 4D,3.5,8.0,3.903419,3d6.(1D2).4s,c 2D,2.5,6.0,4.73176,0.828341,1496.77702,0.0561,1.4132e-09,1.1305e-08,3.7506e-11
3d6.(3D).4s,b 4D,3.5,8.0,3.903419,3d6.(5D).4p,z 4D*,3.5,8.0,5.510714,1.607295,771.38429,49000.0,0.00043712,0.0034969,1.1601e-05
3d6.(3D).4s,b 4D,3.5,8.0,3.903419,3d6.(5D).4p,z 4D*,2.5,6.0,5.552606,1.649187,751.78994,8100.0,5.1475e-05,0.0004118,1.3662e-06
3d6.(3D).4s,b 4D,3.5,8.0,3.903419,3d6.(5D).4p,z 4P*,2.5,6.0,5.823225,1.919806,645.81639,170000.0,0.00079724,0.0063779,2.1159e-05
3d6.(3D).4s,b 4D,3.5,8.0,3.903419,3d6.(3P2).4p,y 4P*,2.5,6.0,7.488935,3.585516,345.79181,700000.0,0.00094113,0.007529,2.4978e-05
3d6.(3D).4s,b 4D,3.5,8.0,3.903419,3d6.(3H).4p,z 4H*,4.5,10.0,7.561727,3.658308,338.9113,40000.0,8.61e-05,0.0006888,2.2851e-06
3d6.(3D).4s,b 4D,3.5,8.0,3.903419,3d6.(3H).4p,z 2G*,4.5,10.0,7.697326,3.793907,326.79824,20000.0,4.0028e-05,0.00032022,1.0623e-06
3d6.(3D).4s,b 4D,3.5,8.0,3.903419,3d6.(3F2).4p,y 4F*,4.5,10.0,7.706625,3.803206,325.99914,6700000.0,0.013344,0.10675,0.00035414
3d6.(3D).4s,b 4D,3.5,8.0,3.903419,3d6.(3H).4p,z 2G*,3.5,8.0,7.726998,3.823579,324.26213,190000.0,0.00029951,0.002396,7.9489e-06
3d6.(3D).4s,b 4D,3.5,8.0,3.903419,3d6.(3P2).4p,y 4D*,2.5,6.0,7.772554,3.869135,320.44425,100000.0,0.00011546,0.00092367,3.0643e-06
3d6.(3D).4s,b 4D,3.5,8.0,3.903419,3d6.(3F2).4p,x 4D*,3.5,8.0,7.804191,3.900772,317.8453,17400000.0,0.026354,0.21083,0.00069943
3d6.(3D).4s,b 4D,3.5,8.0,3.903419,3d6.(3F2).4p,x 4D*,2.5,6.0,7.84485,3.941431,314.56648,2700000.0,0.0030041,0.024033,7.9728e-05
3d6.(3D).4s,b 4D,3.5,8.0,3.903419,3d6.(3G).4p,x 4G*,4.5,10.0,8.145273,4.241853,292.28779,3800000.0,0.0060838,0.04867,0.00016146
3d6.(3D).4s,b 4D,3.5,8.0,3.903419,3d6.(3G).4p,x 4F*,4.5,10.0,8.184541,4.281122,289.60679,11000000.0,0.017289,0.13832,0.00045886
3d6.(3D).4s,b 4D,3.5,8.0,3.903419,3d6.(3G).4p,x 4F*,3.5,8.0,8.229738,4.326319,286.58126,4300000.0,0.0052945,0.042356,0.00014052
3d6.(3D).4s,b 4D,3.5,8.0,3.903419,3d6.(3D).4p,w 4P*,2.5,6.0,8.922492,5.019073,247.0261,258000000.0,0.17702,1.4162,0.0046982
3d6.(3D).4s,b 4D,3.5,8.0,3.903419,3d6.(3D).4p,w 4F*,2.5,6.0,8.95644,5.053021,245.36646,4900000.0,0.003317,0.026536,8.8034e-05
3d6.(3D).4s,b 4D,3.5,8.0,3.903419,3d6.(3D).4p,w 4F*,3.5,8.0,8.97051,5.067091,244.68515,106000000.0,0.095144,0.76115,0.0025251
3d6.(3D).4s,b 4D,3.5,8.0,3.903419,3d6.(3D).4p,w 4F*,4.5,10.0,9.007539,5.10412,242.91006,268000000.0,0.29634,2.3707,0.007865
3d6.(3D).4s,b 4D,3.5,8.0,3.903419,3d6.(3D).4p,w 4D*,3.5,8.0,9.007689,5.10427,242.90289,80000000.0,0.070764,0.56612,0.0018781
3d6.(3D).4s,b 4D,3.5,8.0,3.903419,3d6.(1G2).4p,x 2F*,3.5,8.0,9.052853,5.149434,240.77248,76000000.0,0.066052,0.52842,0.001753
3d6.(3D).4s,b 4D,3.5,8.0,3.903419,3d6.(1G2).4p,w 2G*,3.5,8.0,9.068619,5.1652,240.03755,2100000.0,0.001814,0.014512,4.8144e-05
3d6.(3D).4s,b 4D,3.5,8.0,3.903419,3d6.(3P1).4p,v 4D*,3.5,8.0,10.777905,6.874486,180.35415,6800000.0,0.003316,0.026528,8.8008e-05
3d6.(3D).4s,b 4D,3.5,8.0,3.903419,3d6.(3F1).4p,u 2G*,4.5,10.0,11.427833,7.524414,164.77589,16000000.0,0.008141,0.065128,0.00021606
3d6.(3D).4s,b 4D,3.5,8.0,3.903419,3d5.(4G).4s.4p.(3P*),v 4F*,3.5,8.0,11.441568,7.538149,164.47565,5000000.0,0.0020278,0.016223,5.3819e-05
3d6.(3D).4s,b 4D,3.5,8.0,3.903419,3d5.(4G).4s.4p.(3P*),v 4F*,4.5,10.0,11.459483,7.556064,164.08568,32000000.0,0.016146,0.12917,0.00042851
3d6.(3D).4s,b 4D,3.5,8.0,3.903419,3d5.(4P).4s.4p.(3P*),4D*,2.5,6.0,11.901964,7.998545,155.00843,5000000.0,0.0013508,0.010807,3.5851e-05
3d6.(3D).4s,b 4D,3.5,8.0,3.903419,3d5.(4P).4s.4p.(3P*),4D*,3.5,8.0,11.929477,8.026058,154.47708,17000000.0,0.0060819,0.048655,0.00016141
3d6.(3D).4s,b 4D,3.5,8.0,3.903419,3d5.(4D).4s.4p.(3P*),4D*,3.5,8.0,12.198969,8.29555,149.45869,59000000.0,0.019758,0.15807,0.00052439
3d6.(3D).4s,b 4D,3.5,8.0,3.903419,3d5.(4D).4s.4p.(3P*),4D*,2.5,6.0,12.213066,8.309647,149.20513,16000000.0,0.0040051,0.03204,0.00010629
3d6.(3D).4s,b 4D,3.5,8.0,3.903419,3d5.(4D).4s.4p.(3P*),4F*,3.5,8.0,12.216908,8.313489,149.13617,48000000.0,0.016005,0.12804,0.00042478
3d6.(3D).4s,b 4D,3.5,8.0,3.903419,3d5.(4D).4s.4p.(3P*),4P*,2.5,6.0,12.609999,8.70658,142.40288,130000000.0,0.029642,0.23713,0.00078669
3d6.(3D).4s,b 4D,3.5,8.0,3.903419,3d5.(4D).4s.4p.(3P*),2D*,2.5,6.0,12.702075,8.798656,140.91266,6000000.0,0.0013396,0.010717,3.5553e-05
3d6.(3D).4s,b 4D,3.5,8.0,3.903419,3d5.(2D3).4s.4p.(3P*),4F*,4.5,10.0,13.068899,9.16548,135.273,17000000.0,0.0058296,0.046637,0.00015472
3d6.(3D).4s,b 4D,3.5,8.0,3.903419,3d5.(2D3).4s.4p.(3P*),4P*,2.5,6.0,13.21576,9.312341,133.13967,10000000.0,0.0019931,0.015945,5.2898e-05
3d6.(3D).4s,b 4D,3.5,8.0,3.903419,3d5.(2F1).4s.4p.(3P*),4G*,4.5,10.0,13.349892,9.446473,131.2492,3400000.0,0.0010976,0.0087808,2.913e-05
3d6.(3D).4s,b 4D,3.5,8.0,3.903419,3d5.(2F1).4s.4p.(3P*),4F*,4.5,10.0,13.417272,9.513853,130.31965,3600000.0,0.0011458,0.009166,3.0408e-05
3d7,b 2F,2.5,6.0,3.944162,3d6.(1G2).4s,c 2G,3.5,8.0,4.153631,0.209469,5918.97628,0.00174,1.2185e-09,7.3113e-09,3.234e-11
3d7,b 2F,2.5,6.0,3.944162,3d6.(3F2).4p,y 4F*,3.5,8.0,7.695145,3.750982,330.53794,200000.0,0.00043679,0.0026207,1.1592e-05
3d7,b 2F,2.5,6.0,3.944162,3d6.(3P2).4p,z 2D*,1.5,4.0,7.702593,3.758431,329.88287,1000000.0,0.0010876,0.0065259,2.8866e-05
3d7,b 2F,2.5,6.0,3.944162,3d6.(3H).4p,z 2G*,3.5,8.0,7.726998,3.782836,327.75461,1000000.0,0.0021473,0.012884,5.699e-05
3d7,b 2F,2.5,6.0,3.944162,3d6.(3F2).4p,x 4D*,3.5,8.0,7.804191,3.860029,321.20021,210000.0,0.00043308,0.0025985,1.1494e-05
3d7,b 2F,2.5,6.0,3.944162,3d6.(3F2).4p,y 4G*,3.5,8.0,7.940059,3.995896,310.27883,910000.0,0.0017512,0.010507,4.6478e-05
3d7,b 2F,2.5,6.0,3.944162,3d6.(3F2).4p,z 2F*,2.5,6.0,7.987732,4.04357,306.62064,2900000.0,0.0040875,0.024525,0.00010848
3d7,b 2F,2.5,6.0,3.944162,3d6.(3F2).4p,y 2G*,3.5,8.0,8.072573,4.12841,300.31945,2000000.0,0.0036057,0.021634,9.5697e-05
3d7,b 2F,2.5,6.0,3.944162,3d6.(3G).4p,y 2F*,3.5,8.0,8.630114,4.685952,264.58699,7400000.0,0.010355,0.062132,0.00027483
3d7,b 2F,2.5,6.0,3.944162,3d6.(3G).4p,y 2F*,2.5,6.0,8.635559,4.691397,264.27992,23000000.0,0.024083,0.1445,0.00063917
3d7,b 2F,2.5,6.0,3.944162,3d6.(3G).4p,x 2G*,3.5,8.0,8.743824,4.799661,258.31864,22000000.0,0.029345,0.17607,0.00077881
3d7,b 2F,2.5,6.0,3.944162,3d6.(1G2).4p,x 2F*,2.5,6.0,9.057655,5.113492,242.46481,9000000.0,0.0079323,0.047594,0.00021052
3d7,b 2F,2.5,6.0,3.944162,3d6.(1G2).4p,w 2G*,3.5,8.0,9.068619,5.124457,241.94603,7300000.0,0.008542,0.051252,0.0002267
3d7,b 2F,2.5,6.0,3.944162,3d6.(3D).4p,w 2F*,2.5,6.0,9.41227,5.468108,226.74058,8000000.0,0.0061661,0.036996,0.00016365
3d7,b 2F,2.5,6.0,3.944162,3d6.(1D2).4p,v 2F*,2.5,6.0,9.638871,5.694708,217.71825,27000000.0,0.019187,0.11512,0.00050923
3d7,b 2F,2.5,6.0,3.944162,3d6.(1D2).4p,w 2D*,1.5,4.0,9.731166,5.787003,214.24594,5000000.0,0.0022938,0.013763,6.0879e-05
3d7,b 2F,2.5,6.0,3.944162,3d6.(1F).4p,v 2D*,1.5,4.0,10.45928,6.515117,190.30233,4500000.0,0.0016288,0.0097728,4.3228e-05
3d7,b 2F,2.5,6.0,3.944162,3d6.(3P1).4p,v 4D*,2.5,6.0,10.757813,6.813651,181.96442,4100000.0,0.0020352,0.012211,5.4015e-05
3d7,b 2F,2.5,6.0,3.944162,3d6.(3P1).4p,u 2D*,1.5,4.0,11.433375,7.489213,165.55037,120000000.0,0.032871,0.19722,0.00087239
3d7,b 2F,2.5,6.0,3.944162,3d5.(4G).4s.4p.(3P*),v 4F*,1.5,4.0,11.45101,7.506848,165.16147,35000000.0,0.0095423,0.057254,0.00025325
3d7,b 2F,2.5,6.0,3.944162,3d6.(3F1).4p,2D*,2.5,6.0,11.741355,7.797193,159.01133,6000000.0,0.0022744,0.013646,6.0363e-05
3d7,b 2F,2.5,6.0,3.944162,3d6.(3F1).4p,2F*,2.5,6.0,11.784224,7.840062,158.14186,40000000.0,0.014997,0.089984,0.00039803
3d7,b 2F,2.5,6.0,3.944162,3d5.(4G).4s.4p.(3P*),t 2F*,2.5,6.0,11.937104,7.992941,155.11711,28000000.0,0.0101,0.060602,0.00026806
3d7,b 2F,2.5,6.0,3.944162,3d6.(1G1).4p,2F*,3.5,8.0,12.261862,8.3177,149.06067,24000000.0,0.010659,0.063957,0.0002829
3d7,b 2F,2.5,6.0,3.944162,3d5.(4G).4s.4p.(3P*),2G*,3.5,8.0,12.353218,8.409055,147.44129,18000000.0,0.0078218,0.046931,0.00020759
3d7,b 2F,3.5,8.0,3.967376,3d6.(1G2).4s,c 2G,3.5,8.0,4.153631,0.186255,6656.69637,0.0026,1.7272e-09,1.3818e-08,4.5841e-11
3d7,b 2F,3.5,8.0,3.967376,3d6.(3H).4p,z 4G*,2.5,6.0,7.568211,3.600834,344.32078,320000.0,0.00042658,0.0034126,1.1321e-05
3d7,b 2F,3.5,8.0,3.967376,3d6.(3P2).4p,z 2D*,2.5,6.0,7.574617,3.607241,343.70926,600000.0,0.00079699,0.0063759,2.1152e-05
3d7,b 2F,3.5,8.0,3.967376,3d6.(3F2).4p,y 4F*,3.5,8.0,7.695145,3.727768,332.59631,340000.0,0.00056386,0.0045109,1.4965e-05
3d7,b 2F,3.5,8.0,3.967376,3d6.(3H).4p,z 2G*,4.5,10.0,7.697326,3.729949,332.40185,1400000.0,0.0028988,0.023191,7.6935e-05
3d7,b 2F,3.5,8.0,3.967376,3d6.(3P2).4p,y 4D*,2.5,6.0,7.772554,3.805177,325.83027,150000.0,0.00017906,0.0014325,4.7522e-06
3d7,b 2F,3.5,8.0,3.967376,3d6.(3F2).4p,y 4G*,4.5,10.0,7.928641,3.961265,312.99145,140000.0,0.00025702,0.0020561,6.8212e-06
3d7,b 2F,3.5,8.0,3.967376,3d6.(3F2).4p,z 2F*,3.5,8.0,7.970492,4.003116,309.71925,1900000.0,0.0027324,0.021859,7.2519e-05
3d7,b 2F,3.5,8.0,3.967376,3d6.(3F2).4p,z 2F*,2.5,6.0,7.987732,4.020356,308.39111,600000.0,0.00064162,0.0051329,1.7029e-05
3d7,b 2F,3.5,8.0,3.967376,3d6.(3F2).4p,y 2G*,4.5,10.0,8.038137,4.070761,304.57253,1200000.0,0.0020861,0.016689,5.5365e-05
3d7,b 2F,3.5,8.0,3.967376,3d6.(3H).4p,z 2H*,4.5,10.0,8.127942,4.160565,297.99845,500000.0,0.00083208,0.0066567,2.2084e-05
3d7,b 2F,3.5,8.0,3.967376,3d6.(3G).4p,y 2F*,3.5,8.0,8.630114,4.662738,265.90428,21000000.0,0.02226,0.17808,0.00059079
3d7,b 2F,3.5,8.0,3.967376,3d6.(3G).4p,x 2G*,4.5,10.0,8.717902,4.750526,260.99047,28000000.0,0.035742,0.28593,0.00094859
3d7,b 2F,3.5,8.0,3.967376,3d6.(3G).4p,x 2G*,3.5,8.0,8.743824,4.776447,259.5741,10000000.0,0.010101,0.080811,0.00026809
3d7,b 2F,3.5,8.0,3.967376,3d6.(3D).4p,w 4F*,3.5,8.0,8.97051,5.003134,247.81307,2400000.0,0.0022096,0.017677,5.8644e-05
3d7,b 2F,3.5,8.0,3.967376,3d6.(1G2).4p,w 2G*,4.5,10.0,9.062207,5.094831,243.35293,9000000.0,0.0099882,0.079905,0.00026509
3d7,b 2F,3.5,8.0,3.967376,3d6.(3D).4p,x 2D*,2.5,6.0,9.250072,5.282696,234.69873,14000000.0,0.008671,0.069368,0.00023013
3d7,b 2F,3.5,8.0,3.967376,3d6.(1D2).4p,v 2F*,3.5,8.0,9.687803,5.720427,216.73941,31000000.0,0.021832,0.17466,0.00057943
3d7,b 2F,3.5,8.0,3.967376,3d6.(1F).4p,u 2F*,3.5,8.0,10.722471,6.755094,183.54177,44000000.0,0.022222,0.17778,0.00058977
3d7,b 2F,3.5,8.0,3.967376,3d6.(3P1).4p,v 4D*,3.5,8.0,10.777905,6.810528,182.04784,3500000.0,0.001739,0.013912,4.6153e-05
3d7,b 2F,3.5,8.0,3.967376,3d5.(4G).4s.4p.(3P*),v 4F*,2.5,6.0,11.447449,7.480073,165.75266,4000000.0,0.0012357,0.0098853,3.2795e-05
3d7,b 2F,3.5,8.0,3.967376,3d6.(3P1).4p,u 2D*,2.5,6.0,11.492765,7.525388,164.75456,90000000.0,0.027469,0.21975,0.00072902
3d7,b 2F,3.5,8.0,3.967376,3d6.(3F1).4p,2F*,3.5,8.0,11.788336,7.82096,158.52812,57000000.0,0.021476,0.17181,0.00056996
3d7,b 2F,3.5,8.0,3.967376,3d5.(4G).4s.4p.(3P*),t 2F*,3.5,8.0,11.94669,7.979313,155.38204,32000000.0,0.011583,0.092662,0.00030741
3d7,b 2F,3.5,8.0,3.967376,3d6.(1G1).4p,2F*,3.5,8.0,12.261862,8.294486,149.47785,47000000.0,0.015744,0.12595,0.00041784
3d7,b 2F,3.5,8.0,3.967376,3d5.(4G).4s.4p.(3P*),2G*,3.5,8.0,12.353218,8.385841,147.84945,8000000.0,0.0026217,0.020974,6.9581e-05
3d7,b 2F,3.5,8.0,3.967376,3d6.(1G1).4p,2G*,4.5,10.0,12.355429,8.388053,147.81047,51000000.0,0.020881,0.16705,0.00055418
3d7,b 2F,3.5,8.0,3.967376,3d5.(4G).4s.4p.(3P*),2G*,4.5,10.0,12.368318,8.400941,147.5837,3600000.0,0.0014694,0.011755,3.8999e-05
3d7,b 2F,3.5,8.0,3.967376,3d6.(1G1).4p,2G*,3.5,8.0,12.374683,8.407306,147.47196,12000000.0,0.0039125,0.0313,0.00010384
3d7,b 2F,3.5,8.0,3.967376,3d5.(4P).4s.4p.(3P*),2D*,2.5,6.0,12.448073,8.480697,146.19577,8000000.0,0.0019226,0.01538,5.1025e-05
3d7,b 2F,3.5,8.0,3.967376,3d5.(4D).4s.4p.(3P*),2D*,2.5,6.0,12.702075,8.734699,141.94445,8000000.0,0.0018124,0.014499,4.81e-05
3d6.(1I).4s,a 2I,6.5,14.0,4.07606,3d6.(3H).4p,z 2I*,6.5,14.0,7.72337,3.64731,339.9333,250000.0,0.0004331,0.0060634,1.1494e-05
3d6.(1I).4s,a 2I,6.5,14.0,4.07606,3d6.(3H).4p,z 2H*,5.5,12.0,8.104054,4.027994,307.80628,14000000.0,0.017045,0.23863,0.00045237
3d6.(1I).4s,a 2I,6.5,14.0,4.07606,3d6.(3G).4p,x 4G*,5.5,12.0,8.130892,4.054832,305.76903,1700000.0,0.0020424,0.028594,5.4206e-05
3d6.(1I).4s,a 2I,6.5,14.0,4.07606,3d6.(3G).4p,y 2H*,5.5,12.0,8.370958,4.294898,288.67788,3800000.0,0.0040693,0.056971,0.000108
3d6.(1I).4s,a 2I,6.5,14.0,4.07606,3d6.(1I).4p,z 2K*,6.5,14.0,8.801225,4.725165,262.39126,9000000.0,0.0092897,0.13006,0.00024655
3d6.(1I).4s,a 2I,6.5,14.0,4.07606,3d6.(1I).4p,z 2K*,7.5,16.0,8.856525,4.780465,259.35595,274000000.0,0.31579,4.421,0.008381
3d6.(1I).4s,a 2I,6.5,14.0,4.07606,3d6.(1G2).4p,x 2H*,5.5,12.0,8.959314,4.883254,253.89667,126000000.0,0.10438,1.4613,0.0027701
3d6.(1I).4s,a 2I,6.5,14.0,4.07606,3d6.(1I).4p,w 2H*,5.5,12.0,9.125675,5.049616,245.53196,116000000.0,0.089864,1.2581,0.002385
3d6.(1I).4s,a 2I,6.5,14.0,4.07606,3d6.(1I).4p,y 2I*,6.5,14.0,9.17072,5.09466,243.3611,286000000.0,0.25394,3.5551,0.0067395
3d6.(1I).4s,a 2I,6.5,14.0,4.07606,3d6.(1I).4p,y 2I*,5.5,12.0,9.171081,5.095022,243.34382,8000000.0,0.0060876,0.085226,0.00016156
3d6.(1I).4s,a 2I,6.5,14.0,4.07606,3d6.(1G1).4p,2H*,5.5,12.0,12.185025,8.108965,152.89769,2400000.0,0.00072098,0.010094,1.9135e-05
3d6.(1I).4s,a 2I,6.5,14.0,4.07606,3d5.(2I).4s.4p.(3P*),2H*,5.5,12.0,13.227918,9.151859,135.47434,32000000.0,0.007547,0.10566,0.0002003
3d6.(1I).4s,a 2I,6.5,14.0,4.07606,3d5.(2I).4s.4p.(3P*),2I*,6.5,14.0,13.532827,9.456767,131.10633,300000000.0,0.077309,1.0823,0.0020518
3d6.(1I).4s,a 2I,6.5,14.0,4.07606,3d5.(2I).4s.4p.(3P*),2I*,5.5,12.0,13.547993,9.471933,130.89641,9000000.0,0.0019816,0.027742,5.2591e-05
3d6.(1I).4s,a 2I,6.5,14.0,4.07606,3d6.(3H).5p,4I*,6.5,14.0,13.591111,9.515051,130.30324,24000000.0,0.0061092,0.085528,0.00016214
3d6.(1I).4s,a 2I,6.5,14.0,4.07606,3d5.(2G2).4s.4p.(3P*),4H*,6.5,14.0,13.681458,9.605398,129.07763,60000000.0,0.014987,0.20982,0.00039775
3d6.(1I).4s,a 2I,5.5,12.0,4.080305,3d6.(3H).4p,z 2I*,5.5,12.0,7.769129,3.688824,336.10769,210000.0,0.00035566,0.0042679,9.4392e-06
3d6.(1I).4s,a 2I,5.5,12.0,4.080305,3d6.(3F2).4p,y 2G*,4.5,10.0,8.038137,3.957832,313.26291,700000.0,0.00085821,0.010299,2.2777e-05
3d6.(1I).4s,a 2I,5.5,12.0,4.080305,3d6.(3H).4p,z 2H*,5.5,12.0,8.104054,4.023749,308.13105,220000.0,0.00031315,0.0037578,8.311e-06
3d6.(1I).4s,a 2I,5.5,12.0,4.080305,3d6.(3H).4p,z 2H*,4.5,10.0,8.127942,4.047636,306.3126,14000000.0,0.016411,0.19693,0.00043555
3d6.(1I).4s,a 2I,5.5,12.0,4.080305,3d6.(3G).4p,x 4F*,4.5,10.0,8.184541,4.104235,302.08841,60000.0,6.8407e-05,0.00082088,1.8155e-06
3d6.(1I).4s,a 2I,5.5,12.0,4.080305,3d6.(3G).4p,y 2H*,4.5,10.0,8.431023,4.350717,284.97415,5300000.0,0.0053773,0.064528,0.00014271
3d6.(1I).4s,a 2I,5.5,12.0,4.080305,3d6.(1I).4p,z 2K*,6.5,14.0,8.801225,4.72092,262.62722,255000000.0,0.30763,3.6915,0.0081645
3d6.(1I).4s,a 2I,5.5,12.0,4.080305,3d6.(1G2).4p,x 2H*,4.5,10.0,8.943027,4.862721,254.96876,60000000.0,0.048731,0.58477,0.0012933
3d6.(1I).4s,a 2I,5.5,12.0,4.080305,3d6.(1G2).4p,x 2H*,5.5,12.0,8.959314,4.879009,254.1176,360000.0,0.00034852,0.0041823,9.2498e-06
3d6.(1I).4s,a 2I,5.5,12.0,4.080305,3d6.(1I).4p,w 2H*,5.5,12.0,9.125675,5.04537,245.73857,15000000.0,0.01358,0.16296,0.00036041
3d6.(1I).4s,a 2I,5.5,12.0,4.080305,3d6.(1I).4p,w 2H*,4.5,10.0,9.143993,5.063687,244.84963,197000000.0,0.14755,1.7706,0.003916
3d6.(1I).4s,a 2I,5.5,12.0,4.080305,3d6.(1I).4p,y 2I*,6.5,14.0,9.17072,5.090414,243.56407,11000000.0,0.011414,0.13696,0.00030292
3d6.(1I).4s,a 2I,5.5,12.0,4.080305,3d6.(1I).4p,y 2I*,5.5,12.0,9.171081,5.090776,243.54676,279000000.0,0.2481,2.9772,0.0065846
3d6.(1I).4s,a 2I,5.5,12.0,4.080305,3d6.(1G1).4p,2H*,4.5,10.0,12.132019,8.051713,153.98486,2700000.0,0.00079983,0.009598,2.1228e-05
3d6.(1I).4s,a 2I,5.5,12.0,4.080305,3d5.(2I).4s.4p.(3P*),2K*,6.5,14.0,13.165042,9.084737,136.47528,70000000.0,0.022804,0.27365,0.00060522
3d6.(1I).4s,a 2I,5.5,12.0,4.080305,3d5.(2I).4s.4p.(3P*),2H*,5.5,12.0,13.227918,9.147613,135.53721,4600000.0,0.0012669,0.015203,3.3623e-05
3d6.(1I).4s,a 2I,5.5,12.0,4.080305,3d5.(2I).4s.4p.(3P*),2H*,4.5,10.0,13.267138,9.186832,134.95859,41000000.0,0.0093296,0.11196,0.00024761
3d6.(1I).4s,a 2I,5.5,12.0,4.080305,3d5.(2I).4s.4p.(3P*),2I*,5.5,12.0,13.547993,9.467687,130.9551,310000000.0,0.079701,0.95642,0.0021153
3d6.(1I).4s,a 2I,5.5,12.0,4.080305,3d6.(3H).5p,4I*,5.5,12.0,13.608783,9.528478,130.11963,7000000.0,0.0017768,0.021322,4.7157e-05
3d6.(1I).4s,a 2I,5.5,12.0,4.080305,3d5.(2H).4s.4p.(3P*),4H*,5.5,12.0,13.635861,9.555555,129.75091,15000000.0,0.0037859,0.045431,0.00010048
3d6.(1I).4s,a 2I,5.5,12.0,4.080305,3d6.(3H).5p,2I*,5.5,12.0,13.668887,9.588581,129.30401,33000000.0,0.0082718,0.099261,0.00021953
3d6.(1G2).4s,c 2G,4.5,10.0,4.149316,3d6.(3H).4p,z 4H*,4.5,10.0,7.561727,3.412411,363.33315,120000.0,0.00023749,0.0023749,6.3031e-06
3d6.(1G2).4s,c 2G,4.5,10.0,4.149316,3d6.(3F2).4p,y 4F*,3.5,8.0,7.695145,3.545828,349.66217,260000.0,0.00038126,0.0038126,1.0119e-05
3d6.(1G2).4s,c 2G,4.5,10.0,4.149316,3d6.(3H).4p,z 2G*,4.5,10.0,7.697326,3.548009,349.44724,3200000.0,0.0058583,0.058583,0.00015548
3d6.(1G2).4s,c 2G,4.5,10.0,4.149316,3d6.(3H).4p,z 2G*,3.5,8.0,7.726998,3.577682,346.54897,220000.0,0.00031688,0.0031688,8.4101e-06
3d6.(1G2).4s,c 2G,4.5,10.0,4.149316,3d6.(3F2).4p,y 4G*,4.5,10.0,7.928641,3.779325,328.05914,580000.0,0.00093582,0.0093582,2.4837e-05
3d6.(1G2).4s,c 2G,4.5,10.0,4.149316,3d6.(3F2).4p,y 4G*,3.5,8.0,7.940059,3.790742,327.07105,520000.0,0.00066717,0.0066717,1.7707e-05
3d6.(1G2).4s,c 2G,4.5,10.0,4.149316,3d6.(3F2).4p,z 2F*,3.5,8.0,7.970492,3.821176,324.46611,5100000.0,0.0064396,0.064396,0.00017091
3d6.(1G2).4s,c 2G,4.5,10.0,4.149316,3d6.(3F2).4p,y 2G*,4.5,10.0,8.038137,3.888821,318.82207,5000000.0,0.0076195,0.076195,0.00020222
3d6.(1G2).4s,c 2G,4.5,10.0,4.149316,3d6.(3G).4p,y 2H*,5.5,12.0,8.370958,4.221641,293.68719,500000.0,0.00077586,0.0077586,2.0591e-05
3d6.(1G2).4s,c 2G,4.5,10.0,4.149316,3d6.(3G).4p,y 2F*,3.5,8.0,8.630114,4.480798,276.70116,500000.0,0.00045914,0.0045914,1.2185e-05
3d6.(1G2).4s,c 2G,4.5,10.0,4.149316,3d6.(3G).4p,x 2G*,3.5,8.0,8.743824,4.594507,269.85309,2600000.0,0.0022708,0.022708,6.0267e-05
3d6.(1G2).4s,c 2G,4.5,10.0,4.149316,3d6.(1G2).4p,x 2H*,4.5,10.0,8.943027,4.79371,258.63933,31000000.0,0.031089,0.31089,0.00082511
3d6.(1G2).4s,c 2G,4.5,10.0,4.149316,3d6.(1G2).4p,x 2H*,5.5,12.0,8.959314,4.809998,257.76353,132000000.0,0.15778,1.5778,0.0041875
3d6.(1G2).4s,c 2G,4.5,10.0,4.149316,3d6.(3D).4p,w 4F*,3.5,8.0,8.97051,4.821194,257.16493,11000000.0,0.008725,0.08725,0.00023156
3d6.(1G2).4s,c 2G,4.5,10.0,4.149316,3d6.(3D).4p,w 4F*,4.5,10.0,9.007539,4.858222,255.20488,900000.0,0.00087878,0.0087878,2.3323e-05
3d6.(1G2).4s,c 2G,4.5,10.0,4.149316,3d6.(3D).4p,w 4D*,3.5,8.0,9.007689,4.858373,255.19696,25000000.0,0.019527,0.19527,0.00051825
3d6.(1G2).4s,c 2G,4.5,10.0,4.149316,3d6.(1G2).4p,x 2F*,3.5,8.0,9.052853,4.903537,252.84649,91000000.0,0.069776,0.69776,0.0018518
3d6.(1G2).4s,c 2G,4.5,10.0,4.149316,3d6.(1G2).4p,w 2G*,4.5,10.0,9.062207,4.912891,252.36506,213000000.0,0.20338,2.0338,0.0053976
3d6.(1G2).4s,c 2G,4.5,10.0,4.149316,3d6.(1G2).4p,w 2G*,3.5,8.0,9.068619,4.919303,252.03613,22000000.0,0.016761,0.16761,0.00044483
3d6.(1G2).4s,c 2G,4.5,10.0,4.149316,3d6.(1I).4p,w 2H*,5.5,12.0,9.125675,4.976359,249.14641,144000000.0,0.16081,1.6081,0.0042679
3d6.(1G2).4s,c 2G,4.5,10.0,4.149316,3d6.(1I).4p,w 2H*,4.5,10.0,9.143993,4.994676,248.2327,16000000.0,0.014781,0.14781,0.00039228
3d6.(1G2).4s,c 2G,4.5,10.0,4.149316,3d6.(1I).4p,y 2I*,5.5,12.0,9.171081,5.021765,246.89367,5400000.0,0.0059218,0.059218,0.00015716
3d6.(1G2).4s,c 2G,4.5,10.0,4.149316,3d6.(3D).4p,w 2F*,3.5,8.0,9.373317,5.224001,237.33573,94000000.0,0.063504,0.63504,0.0016854
3d6.(1G2).4s,c 2G,4.5,10.0,4.149316,3d6.(1D2).4p,v 2F*,3.5,8.0,9.687803,5.538487,223.85933,29000000.0,0.01743,0.1743,0.00046259
3d6.(1G2).4s,c 2G,4.5,10.0,4.149316,3d6.(1F).4p,v 2G*,4.5,10.0,10.398704,6.249388,198.39414,1300000.0,0.00076712,0.0076712,2.0359e-05
3d6.(1G2).4s,c 2G,4.5,10.0,4.149316,3d5.(2I).4s.4p.(3P*),2H*,5.5,12.0,13.227918,9.078602,136.5675,120000000.0,0.040264,0.40264,0.0010686
3d6.(1G2).4s,c 2G,4.5,10.0,4.149316,3d6.(3H).5p,4G*,5.5,12.0,13.450287,9.30097,133.30244,3300000.0,0.0010549,0.010549,2.7998e-05
3d6.(1G2).4s,c 2G,4.5,10.0,4.149316,3d5.(2I).4s.4p.(3P*),2I*,5.5,12.0,13.547993,9.398676,131.91666,3200000.0,0.0010018,0.010018,2.6588e-05
3d6.(1G2).4s,c 2G,3.5,8.0,4.153631,3d6.(3H).4p,z 4H*,3.5,8.0,7.58248,3.428849,361.59131,420000.0,0.00082327,0.0065862,2.185e-05
3d6.(1G2).4s,c 2G,3.5,8.0,4.153631,3d6.(3F2).4p,y 4F*,3.5,8.0,7.695145,3.541513,350.08818,430000.0,0.0007901,0.0063208,2.0969e-05
3d6.(1G2).4s,c 2G,3.5,8.0,4.153631,3d6.(3H).4p,z 2G*,3.5,8.0,7.726998,3.573367,346.96742,2000000.0,0.0036097,0.028877,9.5801e-05
3d6.(1G2).4s,c 2G,3.5,8.0,4.153631,3d6.(3F2).4p,x 4D*,3.5,8.0,7.804191,3.65056,339.63066,370000.0,0.00063985,0.0051188,1.6981e-05
3d6.(1G2).4s,c 2G,3.5,8.0,4.153631,3d6.(3F2).4p,y 4G*,3.5,8.0,7.940059,3.786427,327.44377,850000.0,0.0013663,0.010931,3.6262e-05
3d6.(1G2).4s,c 2G,3.5,8.0,4.153631,3d6.(3F2).4p,y 4G*,2.5,6.0,7.945826,3.792195,326.94577,700000.0,0.00084134,0.0067307,2.2329e-05
3d6.(1G2).4s,c 2G,3.5,8.0,4.153631,3d6.(3F2).4p,z 2F*,3.5,8.0,7.970492,3.816861,324.8329,600000.0,0.00094914,0.0075931,2.519e-05
3d6.(1G2).4s,c 2G,3.5,8.0,4.153631,3d6.(3F2).4p,z 2F*,2.5,6.0,7.987732,3.834101,323.37229,5000000.0,0.0058789,0.047031,0.00015603
3d6.(1G2).4s,c 2G,3.5,8.0,4.153631,3d6.(3F2).4p,y 2G*,3.5,8.0,8.072573,3.918942,316.37165,5500000.0,0.0082531,0.066025,0.00021904
3d6.(1G2).4s,c 2G,3.5,8.0,4.153631,3d6.(3G).4p,x 4G*,2.5,6.0,8.192662,4.03903,306.96526,430000.0,0.00045558,0.0036447,1.2091e-05
3d6.(1G2).4s,c 2G,3.5,8.0,4.153631,3d6.(3G).4p,y 2H*,4.5,10.0,8.431023,4.277392,289.85936,800000.0,0.0012596,0.010077,3.343e-05
3d6.(1G2).4s,c 2G,3.5,8.0,4.153631,3d6.(3G).4p,y 2F*,2.5,6.0,8.635559,4.481928,276.6314,1000000.0,0.00086045,0.0068836,2.2836e-05
3d6.(1G2).4s,c 2G,3.5,8.0,4.153631,3d6.(3G).4p,x 2G*,4.5,10.0,8.717902,4.564271,271.64075,440000.0,0.00060843,0.0048675,1.6148e-05
3d6.(1G2).4s,c 2G,3.5,8.0,4.153631,3d6.(1G2).4p,x 2H*,4.5,10.0,8.943027,4.789395,258.87234,169000000.0,0.21224,1.6979,0.0056329
3d6.(1G2).4s,c 2G,3.5,8.0,4.153631,3d6.(3D).4p,w 4F*,2.5,6.0,8.95644,4.802809,258.14933,2200000.0,0.0016485,0.013188,4.3751e-05
3d6.(1G2).4s,c 2G,3.5,8.0,4.153631,3d6.(3D).4p,w 4F*,3.5,8.0,8.97051,4.816879,257.39529,1500000.0,0.0014899,0.011919,3.9541e-05
3d6.(1G2).4s,c 2G,3.5,8.0,4.153631,3d6.(3D).4p,w 4D*,2.5,6.0,9.00367,4.850039,255.63546,1100000.0,0.00080827,0.0064661,2.1451e-05
3d6.(1G2).4s,c 2G,3.5,8.0,4.153631,3d6.(1G2).4p,x 2F*,3.5,8.0,9.052853,4.899222,253.06917,20000000.0,0.019203,0.15362,0.00050965
3d6.(1G2).4s,c 2G,3.5,8.0,4.153631,3d6.(1G2).4p,x 2F*,2.5,6.0,9.057655,4.904024,252.82138,123000000.0,0.0884,0.7072,0.0023461
3d6.(1G2).4s,c 2G,3.5,8.0,4.153631,3d6.(1G2).4p,w 2G*,4.5,10.0,9.062207,4.908576,252.5869,47000000.0,0.056194,0.44955,0.0014914
3d6.(1G2).4s,c 2G,3.5,8.0,4.153631,3d6.(1G2).4p,w 2G*,3.5,8.0,9.068619,4.914988,252.25739,236000000.0,0.22514,1.8011,0.0059753
3d6.(1G2).4s,c 2G,3.5,8.0,4.153631,3d6.(1I).4p,w 2H*,4.5,10.0,9.143993,4.990362,248.44733,54000000.0,0.062464,0.49971,0.0016578
3d6.(1G2).4s,c 2G,3.5,8.0,4.153631,3d6.(3D).4p,w 2F*,3.5,8.0,9.373317,5.219686,237.53192,2400000.0,0.0020301,0.016241,5.3879e-05
3d6.(1G2).4s,c 2G,3.5,8.0,4.153631,3d6.(3D).4p,w 2F*,2.5,6.0,9.41227,5.258639,235.77241,128000000.0,0.080005,0.64004,0.0021233
3d6.(1G2).4s,c 2G,3.5,8.0,4.153631,3d6.(1D2).4p,v 2F*,2.5,6.0,9.638871,5.48524,226.03242,22000000.0,0.012638,0.10111,0.00033542
3d6.(1G2).4s,c 2G,3.5,8.0,4.153631,3d6.(1D2).4p,w 2D*,2.5,6.0,9.756423,5.602792,221.29003,2200000.0,0.0012113,0.0096907,3.2149e-05
3d6.(1G2).4s,c 2G,3.5,8.0,4.153631,3d5.(2I).4s.4p.(3P*),2H*,4.5,10.0,13.267138,9.113507,136.04445,150000000.0,0.052026,0.41621,0.0013808
3d6.(3D).4s,b 2D,1.5,4.0,4.479104,3d6.(1D2).4s,c 2D,2.5,6.0,4.73176,0.252656,4907.23407,0.00969,5.2474e-09,2.099e-08,1.3927e-10
3d6.(3D).4s,b 2D,1.5,4.0,4.479104,3d6.(3F2).4p,y 2D*,1.5,4.0,8.340892,3.861788,321.05386,700000.0,0.0010817,0.0043269,2.8709e-05
3d6.(3D).4s,b 2D,1.5,4.0,4.479104,3d6.(3G).4p,y 2F*,2.5,6.0,8.635559,4.156455,298.29314,24000000.0,0.048023,0.19209,0.0012745
3d6.(3D).4s,b 2D,1.5,4.0,4.479104,3d6.(3D).4p,w 4P*,1.5,4.0,8.932201,4.453097,278.42242,1400000.0,0.001627,0.0065081,4.3181e-05
3d6.(3D).4s,b 2D,1.5,4.0,4.479104,3d6.(3D).4p,w 4P*,0.5,2.0,8.95327,4.474165,277.11135,7100000.0,0.0040869,0.016348,0.00010847
3d6.(3D).4s,b 2D,1.5,4.0,4.479104,3d6.(3D).4p,w 4F*,2.5,6.0,8.95644,4.477336,276.91509,2700000.0,0.0046559,0.018624,0.00012357
3d6.(3D).4s,b 2D,1.5,4.0,4.479104,3d6.(3D).4p,w 4D*,0.5,2.0,8.980135,4.501031,275.45733,6000000.0,0.0034126,0.013651,9.0571e-05
3d6.(3D).4s,b 2D,1.5,4.0,4.479104,3d6.(1G2).4p,x 2F*,2.5,6.0,9.057655,4.578551,270.79355,83000000.0,0.13687,0.54748,0.0036325
3d6.(3D).4s,b 2D,1.5,4.0,4.479104,3d6.(3D).4p,y 2P*,0.5,2.0,9.074071,4.594967,269.8261,165000000.0,0.09005,0.3602,0.0023899
3d6.(3D).4s,b 2D,1.5,4.0,4.479104,3d6.(3D).4p,y 2P*,1.5,4.0,9.074294,4.595189,269.81303,25000000.0,0.027285,0.10914,0.00072415
3d6.(3D).4s,b 2D,1.5,4.0,4.479104,3d6.(3D).4p,x 2D*,1.5,4.0,9.236586,4.757482,260.60886,199000000.0,0.20262,0.8105,0.0053776
3d6.(3D).4s,b 2D,1.5,4.0,4.479104,3d6.(3D).4p,x 2D*,2.5,6.0,9.250072,4.770968,259.87221,6800000.0,0.010327,0.041308,0.00027408
3d6.(3D).4s,b 2D,1.5,4.0,4.479104,3d6.(3D).4p,w 2F*,2.5,6.0,9.41227,4.933166,251.32784,126000000.0,0.17898,0.71592,0.0047501
3d6.(3D).4s,b 2D,1.5,4.0,4.479104,3d6.(1S2).4p,x 2P*,1.5,4.0,9.438851,4.959746,249.98092,3600000.0,0.0033727,0.013491,8.9511e-05
3d6.(3D).4s,b 2D,1.5,4.0,4.479104,3d6.(1S2).4p,x 2P*,0.5,2.0,9.494392,5.015288,247.21253,5000000.0,0.0022906,0.0091622,6.0791e-05
3d6.(3D).4s,b 2D,1.5,4.0,4.479104,3d6.(1D2).4p,w 2P*,0.5,2.0,9.775146,5.296042,234.10728,59000000.0,0.024239,0.096955,0.0006433
3d6.(3D).4s,b 2D,1.5,4.0,4.479104,3d6.(1D2).4p,w 2P*,1.5,4.0,9.824937,5.345833,231.92681,2800000.0,0.002258,0.0090319,5.9927e-05
3d6.(3D).4s,b 2D,1.5,4.0,4.479104,3d5.(6S).4s.4p.(1P*),x 6P*,1.5,4.0,9.825243,5.346138,231.91356,1900000.0,0.001532,0.0061281,4.066e-05
3d6.(3D).4s,b 2D,1.5,4.0,4.479104,3d6.(1F).4p,v 2D*,1.5,4.0,10.45928,5.980175,207.32536,11000000.0,0.0070885,0.028354,0.00018813
3d6.(3D).4s,b 2D,1.5,4.0,4.479104,3d5.(4G).4s.4p.(3P*),t 2F*,2.5,6.0,11.937104,7.457999,166.24324,58000000.0,0.036047,0.14419,0.00095668
3d6.(3D).4s,b 2D,1.5,4.0,4.479104,3d5.(4D).4s.4p.(3P*),2D*,2.5,6.0,12.702075,8.222971,150.77787,14000000.0,0.0071574,0.02863,0.00018996
3d6.(3D).4s,b 2D,1.5,4.0,4.479104,3d5.(4D).4s.4p.(3P*),2D*,1.5,4.0,12.70884,8.229736,150.65392,160000000.0,0.054443,0.21777,0.0014449
3d6.(3D).4s,b 2D,1.5,4.0,4.479104,3d5.(4D).4s.4p.(3P*),2F*,2.5,6.0,12.811801,8.332697,148.7924,8000000.0,0.0039829,0.015932,0.00010571
3d6.(3D).4s,b 2D,1.5,4.0,4.479104,3d5.(4D).4s.4p.(3P*),2P*,0.5,2.0,13.157259,8.678155,142.86931,190000000.0,0.029071,0.11628,0.00077155
3d6.(3D).4s,b 2D,1.5,4.0,4.479104,3d5.(4D).4s.4p.(3P*),2P*,1.5,4.0,13.191721,8.712617,142.3042,10000000.0,0.003036,0.012144,8.0574e-05
3d6.(3D).4s,b 2D,1.5,4.0,4.479104,3d5.(4F).4s.4p.(3P*),6F*,0.5,2.0,13.201366,8.722262,142.14685,15000000.0,0.0022719,0.0090877,6.0297e-05
3d6.(3D).4s,b 2D,1.5,4.0,4.479104,3d5.(4F).4s.4p.(3P*),6F*,1.5,4.0,13.202002,8.722898,142.13648,8000000.0,0.002423,0.0096922,6.4307e-05
3d6.(3D).4s,b 2D,2.5,6.0,4.494791,3d6.(1D2).4s,c 2D,1.5,4.0,4.737995,0.243204,5097.95251,0.0132,3.4287e-09,2.0572e-08,9.0999e-11
3d6.(3D).4s,b 2D,2.5,6.0,4.494791,3d6.(3P2).4p,z 2D*,2.5,6.0,7.574617,3.079826,402.56879,250000.0,0.00060741,0.0036444,1.6121e-05
3d6.(3D).4s,b 2D,2.5,6.0,4.494791,3d6.(3G).4p,y 2F*,3.5,8.0,8.630114,4.135324,299.81739,9000000.0,0.016172,0.09703,0.0004292
3d6.(3D).4s,b 2D,2.5,6.0,4.494791,3d6.(3G).4p,x 2G*,3.5,8.0,8.743824,4.249033,291.79391,2700000.0,0.0045953,0.027572,0.00012196
3d6.(3D).4s,b 2D,2.5,6.0,4.494791,3d6.(3D).4p,w 4P*,2.5,6.0,8.922492,4.427701,280.01934,2400000.0,0.0028213,0.016928,7.4877e-05
3d6.(3D).4s,b 2D,2.5,6.0,4.494791,3d6.(3D).4p,w 4P*,1.5,4.0,8.932201,4.43741,279.40665,5100000.0,0.0039793,0.023876,0.00010561
3d6.(3D).4s,b 2D,2.5,6.0,4.494791,3d6.(3D).4p,w 4F*,3.5,8.0,8.97051,4.47572,277.0151,10000000.0,0.015339,0.092036,0.0004071
3d6.(3D).4s,b 2D,2.5,6.0,4.494791,3d6.(3D).4p,w 4D*,1.5,4.0,8.9919,4.497109,275.69756,2300000.0,0.0017473,0.010484,4.6373e-05
3d6.(3D).4s,b 2D,2.5,6.0,4.494791,3d6.(3D).4p,w 4D*,3.5,8.0,9.007689,4.512899,274.73295,14000000.0,0.021123,0.12674,0.00056059
3d6.(3D).4s,b 2D,2.5,6.0,4.494791,3d6.(1G2).4p,x 2F*,3.5,8.0,9.052853,4.558062,272.01075,44000000.0,0.065076,0.39046,0.0017271
3d6.(3D).4s,b 2D,2.5,6.0,4.494791,3d6.(1G2).4p,x 2F*,2.5,6.0,9.057655,4.562864,271.7245,2800000.0,0.0030994,0.018596,8.2258e-05
3d6.(3D).4s,b 2D,2.5,6.0,4.494791,3d6.(1G2).4p,w 2G*,3.5,8.0,9.068619,4.573829,271.07312,1300000.0,0.0019095,0.011457,5.0678e-05
3d6.(3D).4s,b 2D,2.5,6.0,4.494791,3d6.(3D).4p,x 2D*,2.5,6.0,9.250072,4.755282,260.72946,231000000.0,0.23542,1.4125,0.0062482
3d6.(3D).4s,b 2D,2.5,6.0,4.494791,3d6.(3D).4p,w 2F*,3.5,8.0,9.373317,4.878526,254.14272,170000000.0,0.21948,1.3169,0.0058251
3d6.(3D).4s,b 2D,2.5,6.0,4.494791,3d6.(3D).4p,w 2F*,2.5,6.0,9.41227,4.91748,252.12956,4900000.0,0.0046699,0.028019,0.00012394
3d6.(3D).4s,b 2D,2.5,6.0,4.494791,3d6.(1S2).4p,x 2P*,1.5,4.0,9.438851,4.94406,250.77405,6400000.0,0.0040227,0.024136,0.00010676
3d6.(3D).4s,b 2D,2.5,6.0,4.494791,3d6.(1D2).4p,w 2P*,1.5,4.0,9.824937,5.330147,232.60936,12000000.0,0.0064894,0.038936,0.00017223
3d6.(3D).4s,b 2D,2.5,6.0,4.494791,3d5.(6S).4s.4p.(1P*),x 6P*,1.5,4.0,9.825243,5.330452,232.59603,8000000.0,0.0043258,0.025955,0.00011481
3d6.(3D).4s,b 2D,2.5,6.0,4.494791,3d6.(1F).4p,v 2D*,2.5,6.0,10.398362,5.903572,210.01556,6200000.0,0.0040997,0.024598,0.00010881
3d6.(3D).4s,b 2D,2.5,6.0,4.494791,3d6.(1F).4p,u 2F*,3.5,8.0,10.722471,6.22768,199.08568,1300000.0,0.00103,0.0061798,2.7335e-05
3d6.(3D).4s,b 2D,2.5,6.0,4.494791,3d6.(3F1).4p,2F*,3.5,8.0,11.788336,7.293545,169.99167,2900000.0,0.0016751,0.010051,4.4458e-05
3d6.(3D).4s,b 2D,2.5,6.0,4.494791,3d5.(4G).4s.4p.(3P*),t 2F*,2.5,6.0,11.937104,7.442313,166.59363,4200000.0,0.0017475,0.010485,4.638e-05
3d6.(3D).4s,b 2D,2.5,6.0,4.494791,3d5.(4G).4s.4p.(3P*),t 2F*,3.5,8.0,11.94669,7.451899,166.37933,62000000.0,0.034307,0.20584,0.00091052
3d6.(3D).4s,b 2D,2.5,6.0,4.494791,3d5.(4D).4s.4p.(3P*),4P*,2.5,6.0,12.609999,8.115208,152.78006,6000000.0,0.0020996,0.012598,5.5724e-05
3d6.(3D).4s,b 2D,2.5,6.0,4.494791,3d5.(4D).4s.4p.(3P*),2D*,2.5,6.0,12.702075,8.207284,151.06604,170000000.0,0.058162,0.34897,0.0015436
3d6.(3D).4s,b 2D,2.5,6.0,4.494791,3d5.(4D).4s.4p.(3P*),2D*,1.5,4.0,12.70884,8.214049,150.94163,20000000.0,0.0045542,0.027325,0.00012087
3d6.(3D).4s,b 2D,2.5,6.0,4.494791,3d5.(4D).4s.4p.(3P*),2F*,3.5,8.0,12.793147,8.298357,149.40814,12000000.0,0.0053546,0.032128,0.00014211
3d6.(3D).4s,b 2D,2.5,6.0,4.494791,3d5.(4D).4s.4p.(3P*),2F*,2.5,6.0,12.811801,8.31701,149.07304,4500000.0,0.0014992,0.0089954,3.979e-05
3d6.(3D).4s,b 2D,2.5,6.0,4.494791,3d5.(4D).4s.4p.(3P*),2P*,1.5,4.0,13.191721,8.69693,142.56087,110000000.0,0.022344,0.13406,0.00059301
3d6.(3D).4s,b 2D,2.5,6.0,4.494791,3d5.(4F).4s.4p.(3P*),6F*,1.5,4.0,13.202002,8.707212,142.39254,80000000.0,0.016212,0.097271,0.00043026
3d6.(1S2).4s,a 2S,0.5,2.0,4.615594,3d6.(3P2).4p,z 2P*,0.5,2.0,8.034981,3.419387,362.59188,2400000.0,0.0047305,0.009461,0.00012555
3d6.(1S2).4s,a 2S,0.5,2.0,4.615594,3d6.(3P2).4p,z 2P*,1.5,4.0,8.0384,3.422806,362.2297,2200000.0,0.0086553,0.017311,0.00022971
3d6.(1S2).4s,a 2S,0.5,2.0,4.615594,3d6.(3D).4p,y 2P*,0.5,2.0,9.074071,4.458477,278.08644,33000000.0,0.038259,0.076518,0.0010154
3d6.(1S2).4s,a 2S,0.5,2.0,4.615594,3d6.(3D).4p,y 2P*,1.5,4.0,9.074294,4.4587,278.07256,26000000.0,0.060281,0.12056,0.0015999
3d6.(1S2).4s,a 2S,0.5,2.0,4.615594,3d6.(1S2).4p,x 2P*,1.5,4.0,9.438851,4.823257,257.05495,111000000.0,0.21992,0.43984,0.0058367
3d6.(1S2).4s,a 2S,0.5,2.0,4.615594,3d6.(1S2).4p,x 2P*,0.5,2.0,9.494392,4.878798,254.12858,130000000.0,0.12587,0.25173,0.0033405
3d6.(1S2).4s,a 2S,0.5,2.0,4.615594,3d6.(1D2).4p,w 2P*,0.5,2.0,9.775146,5.159552,240.30031,110000000.0,0.095227,0.19045,0.0025273
3d6.(1S2).4s,a 2S,0.5,2.0,4.615594,3d6.(1D2).4p,w 2P*,1.5,4.0,9.824937,5.209343,238.00352,80000000.0,0.13588,0.27175,0.0036062
3d6.(1S2).4s,a 2S,0.5,2.0,4.615594,3d5.(6S).4s.4p.(1P*),x 6P*,1.5,4.0,9.825243,5.209648,237.98957,54000000.0,0.091706,0.18341,0.0024339
3d6.(1D2).4s,c 2D,2.5,6.0,4.73176,3d6.(3F2).4p,z 2F*,3.5,8.0,7.970492,3.238732,382.81711,250000.0,0.00073235,0.0043941,1.9437e-05
3d6.(1D2).4s,c 2D,2.5,6.0,4.73176,3d6.(3P2).4p,z 2P*,1.5,4.0,8.0384,3.30664,374.95525,3400000.0,0.0047776,0.028665,0.0001268
3d6.(1D2).4s,c 2D,2.5,6.0,4.73176,3d6.(3G).4p,y 2F*,3.5,8.0,8.630114,3.898354,318.04241,11000000.0,0.022241,0.13345,0.00059029
3d6.(1D2).4s,c 2D,2.5,6.0,4.73176,3d6.(3G).4p,y 2F*,2.5,6.0,8.635559,3.903799,317.59884,1000000.0,0.0015122,0.0090734,4.0135e-05
3d6.(1D2).4s,c 2D,2.5,6.0,4.73176,3d6.(3G).4p,x 2G*,3.5,8.0,8.743824,4.012064,309.0285,2200000.0,0.0041997,0.025198,0.00011146
3d6.(1D2).4s,c 2D,2.5,6.0,4.73176,3d6.(3D).4p,w 4F*,3.5,8.0,8.97051,4.23875,292.50178,500000.0,0.00085512,0.0051307,2.2695e-05
3d6.(1D2).4s,c 2D,2.5,6.0,4.73176,3d6.(3D).4p,w 4D*,3.5,8.0,9.007689,4.275929,289.9585,1000000.0,0.0016806,0.010084,4.4604e-05
3d6.(1D2).4s,c 2D,2.5,6.0,4.73176,3d6.(3D).4p,x 2D*,1.5,4.0,9.236586,4.504826,275.22527,1000000.0,0.00075709,0.0045425,2.0093e-05
3d6.(1D2).4s,c 2D,2.5,6.0,4.73176,3d6.(3D).4p,w 2F*,3.5,8.0,9.373317,4.641557,267.1177,6000000.0,0.0085577,0.051346,0.00022712
3d6.(1D2).4s,c 2D,2.5,6.0,4.73176,3d6.(1S2).4p,x 2P*,1.5,4.0,9.438851,4.70709,263.3988,121000000.0,0.083904,0.50342,0.0022268
3d6.(1D2).4s,c 2D,2.5,6.0,4.73176,3d6.(1D2).4p,v 2F*,2.5,6.0,9.638871,4.907111,252.66233,60000000.0,0.057424,0.34454,0.001524
3d6.(1D2).4s,c 2D,2.5,6.0,4.73176,3d6.(1D2).4p,v 2F*,3.5,8.0,9.687803,4.956043,250.16771,241000000.0,0.30149,1.809,0.0080016
3d6.(1D2).4s,c 2D,2.5,6.0,4.73176,3d6.(1D2).4p,w 2D*,1.5,4.0,9.731166,4.999405,247.99789,36000000.0,0.022129,0.13278,0.00058731
3d6.(1D2).4s,c 2D,2.5,6.0,4.73176,3d6.(1D2).4p,w 2D*,2.5,6.0,9.756423,5.024663,246.75127,197000000.0,0.17982,1.0789,0.0047725
3d6.(1D2).4s,c 2D,2.5,6.0,4.73176,3d6.(1D2).4p,w 2P*,1.5,4.0,9.824937,5.093177,243.43195,66000000.0,0.03909,0.23454,0.0010375
3d6.(1D2).4s,c 2D,2.5,6.0,4.73176,3d5.(6S).4s.4p.(1P*),x 6P*,1.5,4.0,9.825243,5.093482,243.41735,44000000.0,0.026057,0.15634,0.00069155
3d6.(1D2).4s,c 2D,2.5,6.0,4.73176,3d6.(1F).4p,v 2D*,2.5,6.0,10.398362,5.666602,218.79813,17000000.0,0.012201,0.073206,0.00032381
3d6.(1D2).4s,c 2D,2.5,6.0,4.73176,3d6.(1F).4p,u 2F*,3.5,8.0,10.722471,5.990711,206.96075,3500000.0,0.0029967,0.01798,7.9532e-05
3d6.(1D2).4s,c 2D,1.5,4.0,4.737995,3d6.(3P2).4p,z 2D*,1.5,4.0,7.702593,2.964599,418.21579,22000.0,5.7688e-05,0.00023075,1.531e-06
3d6.(1D2).4s,c 2D,1.5,4.0,4.737995,3d6.(3F2).4p,z 2F*,2.5,6.0,7.987732,3.249738,381.52063,500000.0,0.0016367,0.0065466,4.3437e-05
3d6.(1D2).4s,c 2D,1.5,4.0,4.737995,3d6.(3P2).4p,z 2P*,0.5,2.0,8.034981,3.296987,376.05307,3200000.0,0.0033922,0.013569,9.0028e-05
3d6.(1D2).4s,c 2D,1.5,4.0,4.737995,3d6.(3G).4p,y 2F*,2.5,6.0,8.635559,3.897565,318.10685,8000000.0,0.018205,0.072819,0.00048316
3d6.(1D2).4s,c 2D,1.5,4.0,4.737995,3d6.(3D).4p,y 2P*,0.5,2.0,9.074071,4.336076,285.93637,8000000.0,0.004903,0.019612,0.00013012
3d6.(1D2).4s,c 2D,1.5,4.0,4.737995,3d6.(3D).4p,x 2D*,1.5,4.0,9.236586,4.498592,275.60669,2000000.0,0.0022776,0.0091102,6.0446e-05
3d6.(1D2).4s,c 2D,1.5,4.0,4.737995,3d6.(3D).4p,w 2F*,2.5,6.0,9.41227,4.674276,265.24793,17000000.0,0.026897,0.10759,0.00071385
3d6.(1D2).4s,c 2D,1.5,4.0,4.737995,3d6.(1S2).4p,x 2P*,1.5,4.0,9.438851,4.700856,263.74812,9000000.0,0.009386,0.037544,0.0002491
3d6.(1D2).4s,c 2D,1.5,4.0,4.737995,3d6.(1S2).4p,x 2P*,0.5,2.0,9.494392,4.756397,260.66829,130000000.0,0.066214,0.26486,0.0017573
3d6.(1D2).4s,c 2D,1.5,4.0,4.737995,3d6.(1D2).4p,v 2F*,2.5,6.0,9.638871,4.900876,252.98373,180000000.0,0.25906,1.0363,0.0068756
3d6.(1D2).4s,c 2D,1.5,4.0,4.737995,3d6.(1D2).4p,w 2D*,1.5,4.0,9.731166,4.993171,248.30753,223000000.0,0.20613,0.82453,0.0054707
3d6.(1D2).4s,c 2D,1.5,4.0,4.737995,3d6.(1D2).4p,w 2D*,2.5,6.0,9.756423,5.018429,247.05781,64000000.0,0.087847,0.35139,0.0023315
3d6.(1D2).4s,c 2D,1.5,4.0,4.737995,3d6.(1D2).4p,w 2P*,0.5,2.0,9.775146,5.037152,246.13949,130000000.0,0.059039,0.23615,0.0015669
3d6.(1D2).4s,c 2D,1.5,4.0,4.737995,3d6.(1D2).4p,w 2P*,1.5,4.0,9.824937,5.086943,243.73029,20000000.0,0.017812,0.071247,0.00047273
3d6.(1D2).4s,c 2D,1.5,4.0,4.737995,3d5.(6S).4s.4p.(1P*),x 6P*,1.5,4.0,9.825243,5.087248,243.71565,14000000.0,0.012467,0.049867,0.00033087
3d6.(1D2).4s,c 2D,1.5,4.0,4.737995,3d6.(1F).4p,v 2D*,1.5,4.0,10.45928,5.721285,216.7069,6000000.0,0.0042243,0.016897,0.00011211
3d6.(1D2).4s,c 2D,1.5,4.0,4.737995,3d6.(1F).4p,u 2F*,2.5,6.0,10.730513,5.992519,206.8983,3700000.0,0.0035618,0.014247,9.4529e-05
3d6.(1D2).4s,c 2D,1.5,4.0,4.737995,3d5.(4D).4s.4p.(3P*),2P*,0.5,2.0,13.157259,8.419264,147.26251,11000000.0,0.0017882,0.0071526,4.7458e-05
3d6.(5D).4p,z 6D*,4.5,10.0,4.768307,3d6.(5D).5s,e 6D,4.5,10.0,9.653614,4.885307,253.78999,144000000.0,0.13905,1.3905,0.0036904
3d6.(5D).4p,z 6D*,4.5,10.0,4.768307,3d6.(5D).5s,e 6D,3.5,8.0,9.70024,4.931932,251.39072,25000000.0,0.018949,0.18949,0.00050291
3d6.(5D).4p,z 6D*,4.5,10.0,4.768307,3d6.(5D).5s,e 4D,3.5,8.0,9.849242,5.080935,244.01848,1200000.0,0.00085699,0.0085699,2.2745e-05
3d6.(5D).4p,z 6D*,4.5,10.0,4.768307,3d6.(5D).4d,e 6F,5.5,12.0,10.27255,5.504243,225.25206,440000000.0,0.40163,4.0163,0.010659
3d6.(5D).4p,z 6D*,4.5,10.0,4.768307,3d6.(5D).4d,e 6F,4.5,10.0,10.28805,5.519742,224.61954,254000000.0,0.19213,1.9213,0.0050991
3d6.(5D).4p,z 6D*,4.5,10.0,4.768307,3d6.(5D).4d,e 6F,3.5,8.0,10.307613,5.539306,223.82624,81000000.0,0.048669,0.48669,0.0012917
3d6.(5D).4p,z 6D*,4.5,10.0,4.768307,3d6.(5D).4d,6D,3.5,8.0,10.379162,5.610854,220.97206,127000000.0,0.074375,0.74375,0.0019739
3d6.(5D).4p,z 6D*,4.5,10.0,4.768307,3d6.(5D).4d,6D,4.5,10.0,10.380753,5.612445,220.90942,159000000.0,0.11633,1.1633,0.0030874
3d6.(5D).4p,z 6D*,4.5,10.0,4.768307,3d6.(5D).4d,6P,3.5,8.0,10.447726,5.679419,218.30438,8600000.0,0.0049156,0.049156,0.00013046
3d6.(5D).4p,z 6D*,4.5,10.0,4.768307,3d6.(5D).6s,6D,4.5,10.0,12.609009,7.840702,158.12895,72000000.0,0.026991,0.26991,0.00071633
3d6.(5D).4p,z 6D*,4.5,10.0,4.768307,3d6.(5D).5d,6F,5.5,12.0,12.886496,8.118189,152.72396,110000000.0,0.046158,0.46158,0.001225
3d6.(5D).4p,z 6D*,4.5,10.0,4.768307,3d6.(5D).5d,6F,4.5,10.0,12.888232,8.119925,152.69132,90000000.0,0.031458,0.31458,0.00083489
3d6.(5D).4p,z 6D*,4.5,10.0,4.768307,3d6.(5D).5d,6P,3.5,8.0,12.894457,8.12615,152.57435,36000000.0,0.010051,0.10051,0.00026676
3d6.(5D).4p,z 6D*,4.5,10.0,4.768307,3d6.(3P2).4d,4F,3.5,8.0,12.907739,8.139432,152.32537,9000000.0,0.0025046,0.025046,6.6472e-05
3d6.(5D).4p,z 6D*,4.5,10.0,4.768307,3d6.(5D).5d,4G,5.5,12.0,13.001409,8.233101,150.59234,2900000.0,0.0011832,0.011832,3.1401e-05
3d6.(5D).4p,z 6D*,4.5,10.0,4.768307,3d5.4s.(7S).4d,6D,4.5,10.0,13.204445,8.436137,146.96797,11000000.0,0.003562,0.03562,9.4536e-05
3d6.(5D).4p,z 6D*,4.5,10.0,4.768307,3d5.4s.(7S).4d,6D,3.5,8.0,13.206873,8.438565,146.92569,9000000.0,0.0023302,0.023302,6.1843e-05
3d6.(5D).4p,z 6D*,3.5,8.0,4.793236,3d6.(5D).5s,e 6D,4.5,10.0,9.653614,4.860379,255.09165,39000000.0,0.047558,0.38047,0.0012622
3d6.(5D).4p,z 6D*,3.5,8.0,4.793236,3d6.(5D).5s,e 6D,3.5,8.0,9.70024,4.907004,252.66782,74000000.0,0.070826,0.56661,0.0018797
3d6.(5D).4p,z 6D*,3.5,8.0,4.793236,3d6.(5D).5s,e 6D,2.5,6.0,9.735914,4.942678,250.84416,43000000.0,0.030423,0.24338,0.00080742
3d6.(5D).4p,z 6D*,3.5,8.0,4.793236,3d6.(5D).4d,e 6F,4.5,10.0,10.28805,5.494814,225.63857,231000000.0,0.2204,1.7632,0.0058494
3d6.(5D).4p,z 6D*,3.5,8.0,4.793236,3d6.(5D).4d,e 6F,3.5,8.0,10.307613,5.514378,224.83807,299000000.0,0.22661,1.8128,0.0060141
3d6.(5D).4p,z 6D*,3.5,8.0,4.793236,3d6.(5D).4d,e 6F,2.5,6.0,10.328905,5.53567,223.97326,154000000.0,0.086863,0.6949,0.0023053
3d6.(5D).4p,z 6D*,3.5,8.0,4.793236,3d6.(5D).4d,6D,3.5,8.0,10.379162,5.585926,221.95819,1700000.0,0.0012556,0.010045,3.3324e-05
3d6.(5D).4p,z 6D*,3.5,8.0,4.793236,3d6.(5D).4d,6D,4.5,10.0,10.380753,5.587517,221.89499,157000000.0,0.14487,1.1589,0.0038447
3d6.(5D).4p,z 6D*,3.5,8.0,4.793236,3d6.(5D).4d,6D,2.5,6.0,10.391407,5.598172,221.47267,200000000.0,0.1103,0.88243,0.0029275
3d6.(5D).4p,z 6D*,3.5,8.0,4.793236,3d6.(5D).4d,6P,3.5,8.0,10.447726,5.65449,219.2668,75400000.0,0.054347,0.43478,0.0014424
3d6.(5D).4p,z 6D*,3.5,8.0,4.793236,3d6.(5D).4d,f 4D,3.5,8.0,10.499632,5.706396,217.27232,4500000.0,0.0031848,0.025478,8.4524e-05
3d6.(5D).4p,z 6D*,3.5,8.0,4.793236,3d6.(5D).4d,e 6G,3.5,8.0,10.502794,5.709559,217.15199,900000.0,0.00063625,0.00509,1.6886e-05
3d6.(5D).4p,z 6D*,3.5,8.0,4.793236,3d6.(5D).6s,6D,4.5,10.0,12.609009,7.815774,158.6333,20000000.0,0.0094317,0.075453,0.00025032
3d6.(5D).4p,z 6D*,3.5,8.0,4.793236,3d6.(5D).6s,6D,3.5,8.0,12.650227,7.856992,157.80111,34000000.0,0.012693,0.10154,0.00033687
3d6.(5D).4p,z 6D*,3.5,8.0,4.793236,3d6.(5D).6s,6D,2.5,6.0,12.687816,7.894581,157.04976,25000000.0,0.0069332,0.055466,0.00018401
3d6.(5D).4p,z 6D*,3.5,8.0,4.793236,3d6.(5D).5d,6F,4.5,10.0,12.888232,8.094996,153.16153,24000000.0,0.010551,0.084405,0.00028001
3d6.(5D).4p,z 6D*,3.5,8.0,4.793236,3d6.(5D).5d,6P,3.5,8.0,12.894457,8.101221,153.04384,49000000.0,0.017206,0.13765,0.00045666
3d6.(5D).4p,z 6D*,3.5,8.0,4.793236,3d6.(5D).5d,6P,2.5,6.0,12.909265,8.116029,152.7646,58000000.0,0.015219,0.12175,0.00040392
3d6.(5D).4p,z 6D*,3.5,8.0,4.793236,3d6.(5D).5d,6F,3.5,8.0,12.941587,8.148352,152.15863,22000000.0,0.0076362,0.061089,0.00020266
3d6.(5D).4p,z 6D*,3.5,8.0,4.793236,3d6.(5D).5d,6D,4.5,10.0,12.945397,8.152162,152.08751,70000000.0,0.030343,0.24274,0.0008053
3d6.(5D).4p,z 6D*,3.5,8.0,4.793236,3d5.4s.(7S).4d,6D,3.5,8.0,13.206873,8.413637,147.361,5000000.0,0.0016278,0.013022,4.3201e-05
3d6.(5D).4p,z 6D*,2.5,6.0,4.817898,3d6.(5D).5s,e 6D,3.5,8.0,9.70024,4.882341,253.94414,74000000.0,0.095391,0.57234,0.0025317
3d6.(5D).4p,z 6D*,2.5,6.0,4.817898,3d6.(5D).5s,e 6D,2.5,6.0,9.735914,4.918016,252.10207,26000000.0,0.024773,0.14864,0.00065749
3d6.(5D).4p,z 6D*,2.5,6.0,4.817898,3d6.(5D).5s,e 6D,1.5,4.0,9.760758,4.94286,250.83495,65000000.0,0.040875,0.24525,0.0010848
3d6.(5D).4p,z 6D*,2.5,6.0,4.817898,3d6.(5D).5s,e 4D,3.5,8.0,9.849242,5.031344,246.42362,700000.0,0.00084969,0.0050981,2.2551e-05
3d6.(5D).4p,z 6D*,2.5,6.0,4.817898,3d6.(5D).4d,e 6F,3.5,8.0,10.307613,5.489715,225.84815,122000000.0,0.12439,0.74635,0.0033014
3d6.(5D).4p,z 6D*,2.5,6.0,4.817898,3d6.(5D).4d,e 6F,2.5,6.0,10.328905,5.511007,224.97557,270000000.0,0.20488,1.2293,0.0054374
3d6.(5D).4p,z 6D*,2.5,6.0,4.817898,3d6.(5D).4d,e 6F,1.5,4.0,10.347687,5.529788,224.21147,174000000.0,0.087425,0.52455,0.0023202
3d6.(5D).4p,z 6D*,2.5,6.0,4.817898,3d6.(5D).4d,6D,3.5,8.0,10.379162,5.561263,222.94251,159000000.0,0.15797,0.94783,0.0041926
3d6.(5D).4p,z 6D*,2.5,6.0,4.817898,3d6.(5D).4d,6D,2.5,6.0,10.391407,5.573509,222.45267,27000000.0,0.020031,0.12018,0.00053162
3d6.(5D).4p,z 6D*,2.5,6.0,4.817898,3d6.(5D).4d,6D,1.5,4.0,10.413446,5.595548,221.57652,240000000.0,0.11777,0.70661,0.0031256
3d6.(5D).4p,z 6D*,2.5,6.0,4.817898,3d6.(5D).4d,6P,3.5,8.0,10.447726,5.629828,220.22733,77700000.0,0.075329,0.45197,0.0019992
3d6.(5D).4p,z 6D*,2.5,6.0,4.817898,3d6.(5D).4d,6P,2.5,6.0,10.455211,5.637313,219.93491,80000000.0,0.058015,0.34809,0.0015397
3d6.(5D).4p,z 6D*,2.5,6.0,4.817898,3d6.(5D).4d,6P,1.5,4.0,10.467294,5.649396,219.46452,3700000.0,0.0017811,0.010687,4.7272e-05
3d6.(5D).4p,z 6D*,2.5,6.0,4.817898,3d6.(5D).6s,6D,3.5,8.0,12.650227,7.832329,158.29799,27000000.0,0.013524,0.081145,0.00035893
3d6.(5D).4p,z 6D*,2.5,6.0,4.817898,3d6.(5D).6s,6D,2.5,6.0,12.687816,7.869918,157.54192,14000000.0,0.0052093,0.031256,0.00013825
3d6.(5D).4p,z 6D*,2.5,6.0,4.817898,3d6.(5D).5d,6P,2.5,6.0,12.909265,8.091367,153.23023,11000000.0,0.0038721,0.023232,0.00010276
3d6.(5D).4p,z 6D*,2.5,6.0,4.817898,3d6.(5D).5d,6F,3.5,8.0,12.941587,8.123689,152.62056,30000000.0,0.013968,0.08381,0.00037072
3d6.(5D).4p,z 6D*,2.5,6.0,4.817898,3d6.(5D).5d,6D,3.5,8.0,12.981817,8.163918,151.86849,33000000.0,0.015214,0.091285,0.00040378
3d6.(5D).4p,z 6D*,2.5,6.0,4.817898,3d6.(5D).5d,4D,3.5,8.0,13.002624,8.184725,151.48242,18000000.0,0.0082565,0.049539,0.00021913
3d6.(5D).4p,z 6D*,2.5,6.0,4.817898,3d6.(5D).5d,6G,3.5,8.0,13.026478,8.208579,151.04221,4500000.0,0.0020521,0.012313,5.4464e-05
3d6.(5D).4p,z 6D*,2.5,6.0,4.817898,3d5.4s.(7S).4d,6D,3.5,8.0,13.206873,8.388974,147.79422,3000000.0,0.0013099,0.0078593,3.4764e-05
3d6.(5D).4p,z 6D*,1.5,4.0,4.837022,3d6.(5D).5s,e 6D,2.5,6.0,9.735914,4.898892,253.08622,66000000.0,0.095067,0.38027,0.0025231
3d6.(5D).4p,z 6D*,1.5,4.0,4.837022,3d6.(5D).5s,e 6D,1.5,4.0,9.760758,4.923736,251.80921,2000000.0,0.0019012,0.0076049,5.0458e-05
3d6.(5D).4p,z 6D*,1.5,4.0,4.837022,3d6.(5D).5s,e 6D,0.5,2.0,9.775414,4.938392,251.0619,90000000.0,0.042524,0.1701,0.0011286
3d6.(5D).4p,z 6D*,1.5,4.0,4.837022,3d6.(5D).4d,e 6F,2.5,6.0,10.328905,5.491883,225.75899,80000000.0,0.091692,0.36677,0.0024335
3d6.(5D).4p,z 6D*,1.5,4.0,4.837022,3d6.(5D).4d,e 6F,1.5,4.0,10.347687,5.510664,224.98957,260000000.0,0.19731,0.78926,0.0052367
3d6.(5D).4p,z 6D*,1.5,4.0,4.837022,3d6.(5D).4d,e 6F,0.5,2.0,10.359942,5.52292,224.49031,180000000.0,0.067998,0.27199,0.0018047
3d6.(5D).4p,z 6D*,1.5,4.0,4.837022,3d6.(5D).4d,6D,2.5,6.0,10.391407,5.554385,223.21859,110000000.0,0.12325,0.49302,0.0032712
3d6.(5D).4p,z 6D*,1.5,4.0,4.837022,3d6.(5D).4d,6D,1.5,4.0,10.413446,5.576424,222.3364,60000000.0,0.044466,0.17787,0.0011801
3d6.(5D).4p,z 6D*,1.5,4.0,4.837022,3d6.(5D).4d,6D,0.5,2.0,10.430992,5.59397,221.63902,300000000.0,0.11047,0.44188,0.0029319
3d6.(5D).4p,z 6D*,1.5,4.0,4.837022,3d6.(5D).4d,6P,2.5,6.0,10.455211,5.618189,220.68356,184000000.0,0.20152,0.80606,0.0053482
3d6.(5D).4p,z 6D*,1.5,4.0,4.837022,3d6.(5D).4d,6P,1.5,4.0,10.467294,5.630272,220.20996,51000000.0,0.037077,0.14831,0.00098402
3d6.(5D).4p,z 6D*,1.5,4.0,4.837022,3d6.(5D).6s,6D,2.5,6.0,12.687816,7.850794,157.92568,34000000.0,0.019069,0.076277,0.0005061
3d6.(5D).4p,z 6D*,1.5,4.0,4.837022,3d6.(5D).6s,6D,0.5,2.0,12.729054,7.892031,157.10049,55000000.0,0.010175,0.040701,0.00027005
3d6.(5D).4p,z 6D*,1.5,4.0,4.837022,3d6.(5D).5d,6F,2.5,6.0,12.947231,8.110209,152.87424,3300000.0,0.0017343,0.0069373,4.6029e-05
3d6.(5D).4p,z 6D*,1.5,4.0,4.837022,3d6.(5D).5d,6D,1.5,4.0,12.96735,8.130327,152.49595,11000000.0,0.003835,0.01534,0.00010178
3d6.(5D).4p,z 6D*,1.5,4.0,4.837022,3d6.(5D).5d,6F,1.5,4.0,12.97252,8.135498,152.39904,66000000.0,0.022981,0.091924,0.00060991
3d6.(5D).4p,z 6D*,1.5,4.0,4.837022,3d6.(3F2).4d,4P,2.5,6.0,12.985988,8.148966,152.14716,13000000.0,0.0067674,0.02707,0.00017961
3d6.(5D).4p,z 6D*,1.5,4.0,4.837022,3d6.(5D).5d,6D,2.5,6.0,12.997036,8.160013,151.94117,55000000.0,0.028554,0.11422,0.00075782
3d6.(5D).4p,z 6D*,1.5,4.0,4.837022,3d5.4s.(7S).4d,6D,0.5,2.0,13.221296,8.384273,147.87709,18000000.0,0.0029506,0.011802,7.8308e-05
3d6.(5D).4p,z 6D*,1.5,4.0,4.837022,3d5.4s.(7S).4d,6D,2.5,6.0,13.223525,8.386503,147.83778,5000000.0,0.0024575,0.00983,6.5222e-05
3d6.(5D).4p,z 6D*,0.5,2.0,4.848937,3d6.(5D).5s,e 6D,1.5,4.0,9.760758,4.911821,252.42004,59000000.0,0.11272,0.22543,0.0029915
3d6.(5D).4p,z 6D*,0.5,2.0,4.848937,3d6.(5D).5s,e 6D,0.5,2.0,9.775414,4.926477,251.6691,29000000.0,0.027537,0.055074,0.00073083
3d6.(5D).4p,z 6D*,0.5,2.0,4.848937,3d6.(5D).4d,e 6F,1.5,4.0,10.347687,5.498749,225.47709,69000000.0,0.10518,0.21036,0.0027915
3d6.(5D).4p,z 6D*,0.5,2.0,4.848937,3d6.(5D).4d,e 6F,0.5,2.0,10.359942,5.511005,224.97566,310000000.0,0.23523,0.47046,0.006243
3d6.(5D).4p,z 6D*,0.5,2.0,4.848937,3d6.(5D).4d,6D,1.5,4.0,10.413446,5.564509,222.81248,80000000.0,0.11909,0.23817,0.0031605
3d6.(5D).4p,z 6D*,0.5,2.0,4.848937,3d6.(5D).4d,6D,0.5,2.0,10.430992,5.582055,222.11211,160000000.0,0.11834,0.23668,0.0031407
3d6.(5D).4p,z 6D*,0.5,2.0,4.848937,3d6.(5D).4d,6P,1.5,4.0,10.467294,5.618357,220.67696,207000000.0,0.30226,0.60451,0.0080219
3d6.(5D).4p,z 6D*,0.5,2.0,4.848937,3d6.(5D).6s,6D,1.5,4.0,12.713797,7.86486,157.64324,33000000.0,0.02459,0.04918,0.00065261
3d6.(5D).4p,z 6D*,0.5,2.0,4.848937,3d6.(5D).6s,6D,0.5,2.0,12.729054,7.880116,157.33803,17000000.0,0.0063092,0.012618,0.00016745
3d6.(5D).4p,z 6D*,0.5,2.0,4.848937,3d6.(5D).5d,6D,0.5,2.0,12.98823,8.139293,152.32797,66000000.0,0.02296,0.045919,0.00060935
3d6.(5D).4p,z 6D*,0.5,2.0,4.848937,3d6.(5D).5d,6P,1.5,4.0,13.001365,8.152428,152.08255,67000000.0,0.046465,0.092929,0.0012332
3d6.(5D).4p,z 6F*,5.5,12.0,5.203377,3d6.(5D).5s,e 6D,4.5,10.0,9.653614,4.450237,278.60135,153000000.0,0.14837,1.7804,0.0039376
3d6.(5D).4p,z 6F*,5.5,12.0,5.203377,3d6.(5D).4d,e 6F,5.5,12.0,10.27255,5.069173,244.58468,203000000.0,0.18206,2.1847,0.0048319
3d6.(5D).4p,z 6F*,5.5,12.0,5.203377,3d6.(5D).4d,e 6F,4.5,10.0,10.28805,5.084672,243.83912,49000000.0,0.036398,0.43678,0.00096601
3d6.(5D).4p,z 6F*,5.5,12.0,5.203377,3d6.(5D).4d,6D,4.5,10.0,10.380753,5.177375,239.47308,9400000.0,0.0067347,0.080817,0.00017874
3d6.(5D).4p,z 6F*,5.5,12.0,5.203377,3d6.(5D).4d,e 6G,6.5,14.0,10.419033,5.215656,237.71545,640000000.0,0.63256,7.5907,0.016788
3d6.(5D).4p,z 6F*,5.5,12.0,5.203377,3d6.(5D).4d,e 6G,4.5,10.0,10.480112,5.276735,234.96386,2100000.0,0.0014484,0.017381,3.8442e-05
3d6.(5D).4p,z 6F*,5.5,12.0,5.203377,3d6.(5D).4d,e 4G,5.5,12.0,10.521718,5.318341,233.12571,2100000.0,0.001711,0.020532,4.5411e-05
3d6.(5D).4p,z 6F*,5.5,12.0,5.203377,3d6.(5D).6s,6D,4.5,10.0,12.609009,7.405632,167.4188,60000000.0,0.021011,0.25213,0.00055762
3d6.(5D).4p,z 6F*,5.5,12.0,5.203377,3d6.(5D).5d,6F,5.5,12.0,12.886496,7.683119,161.37223,32000000.0,0.012493,0.14992,0.00033156
3d6.(5D).4p,z 6F*,5.5,12.0,5.203377,3d6.(5D).5d,6F,4.5,10.0,12.888232,7.684855,161.33578,9000000.0,0.0029267,0.035121,7.7675e-05
3d6.(5D).4p,z 6F*,5.5,12.0,5.203377,3d6.(5D).5d,6G,6.5,14.0,12.939834,7.736457,160.25967,114000000.0,0.051211,0.61453,0.0013591
3d6.(5D).4p,z 6F*,5.5,12.0,5.203377,3d5.4s.(7S).4d,6D,4.5,10.0,13.204445,8.001067,154.95958,50000000.0,0.015,0.18,0.00039809
3d6.(5D).4p,z 6F*,4.5,10.0,5.221574,3d6.(5D).5s,e 6D,4.5,10.0,9.653614,4.43204,279.74522,20000000.0,0.023465,0.23465,0.00062275
3d6.(5D).4p,z 6F*,4.5,10.0,5.221574,3d6.(5D).5s,e 6D,3.5,8.0,9.70024,4.478665,276.83293,147000000.0,0.13511,1.3511,0.0035859
3d6.(5D).4p,z 6F*,4.5,10.0,5.221574,3d6.(5D).4d,e 6F,5.5,12.0,10.27255,5.050976,245.46584,13000000.0,0.014092,0.14092,0.000374
3d6.(5D).4p,z 6F*,4.5,10.0,5.221574,3d6.(5D).4d,e 6F,4.5,10.0,10.28805,5.066475,244.7149,100000000.0,0.08978,0.8978,0.0023828
3d6.(5D).4p,z 6F*,4.5,10.0,5.221574,3d6.(5D).4d,e 6F,3.5,8.0,10.307613,5.086039,243.7736,66000000.0,0.04704,0.4704,0.0012484
3d6.(5D).4p,z 6F*,4.5,10.0,5.221574,3d6.(5D).4d,6D,4.5,10.0,10.380753,5.159178,240.31773,58000000.0,0.050218,0.50218,0.0013328
3d6.(5D).4p,z 6F*,4.5,10.0,5.221574,3d6.(5D).4d,6P,3.5,8.0,10.447726,5.226152,237.23804,5000000.0,0.0033751,0.033751,8.9575e-05
3d6.(5D).4p,z 6F*,4.5,10.0,5.221574,3d6.(5D).4d,e 6G,5.5,12.0,10.451481,5.229907,237.0677,590000000.0,0.59654,5.9654,0.015832
3d6.(5D).4p,z 6F*,4.5,10.0,5.221574,3d6.(5D).4d,e 6G,4.5,10.0,10.480112,5.258538,235.77694,92000000.0,0.076674,0.76674,0.0020349
3d6.(5D).4p,z 6F*,4.5,10.0,5.221574,3d6.(5D).4d,e 6G,3.5,8.0,10.502794,5.28122,234.76432,5800000.0,0.0038339,0.038339,0.00010175
3d6.(5D).4p,z 6F*,4.5,10.0,5.221574,3d6.(5D).4d,e 4G,5.5,12.0,10.521718,5.300144,233.9261,5600000.0,0.005513,0.05513,0.00014631
3d6.(5D).4p,z 6F*,4.5,10.0,5.221574,3d6.(5D).4d,e 4F,4.5,10.0,10.678058,5.456484,227.22361,2100000.0,0.0016255,0.016255,4.3141e-05
3d6.(5D).4p,z 6F*,4.5,10.0,5.221574,3d6.(5D).6s,6D,4.5,10.0,12.609009,7.387435,167.83119,5000000.0,0.0021114,0.021114,5.6037e-05
3d6.(5D).4p,z 6F*,4.5,10.0,5.221574,3d6.(5D).6s,6D,3.5,8.0,12.650227,7.428653,166.89997,53000000.0,0.017707,0.17707,0.00046994
3d6.(5D).4p,z 6F*,4.5,10.0,5.221574,3d6.(5D).6s,4D,3.5,8.0,12.695333,7.473758,165.89271,3000000.0,0.00099021,0.0099021,2.628e-05
3d6.(5D).4p,z 6F*,4.5,10.0,5.221574,3d6.(5D).5d,6F,4.5,10.0,12.888232,7.666658,161.71871,6800000.0,0.0026662,0.026662,7.076e-05
3d6.(5D).4p,z 6F*,4.5,10.0,5.221574,3d6.(5D).5d,6F,3.5,8.0,12.941587,7.720013,160.60103,4000000.0,0.0012374,0.012374,3.284e-05
3d6.(5D).4p,z 6F*,4.5,10.0,5.221574,3d6.(5D).5d,6D,4.5,10.0,12.945397,7.723823,160.5218,21000000.0,0.0081124,0.081124,0.0002153
3d6.(5D).4p,z 6F*,4.5,10.0,5.221574,3d6.(5D).5d,6G,5.5,12.0,12.967916,7.746341,160.05518,80000000.0,0.03687,0.3687,0.00097852
3d6.(5D).4p,z 6F*,4.5,10.0,5.221574,3d6.(5D).5d,4G,5.5,12.0,13.001409,7.779834,159.36612,24000000.0,0.010966,0.10966,0.00029103
3d6.(5D).4p,z 6F*,4.5,10.0,5.221574,3d6.(5D).5d,6G,4.5,10.0,13.00204,7.780465,159.3532,9000000.0,0.0034263,0.034263,9.0934e-05
3d6.(5D).4p,z 6F*,4.5,10.0,5.221574,3d5.4s.(7S).4d,6D,4.5,10.0,13.204445,7.98287,155.31281,10000000.0,0.0036164,0.036164,9.5979e-05
3d6.(5D).4p,z 6F*,4.5,10.0,5.221574,3d5.4s.(7S).4d,6D,3.5,8.0,13.206873,7.985298,155.26558,40000000.0,0.011565,0.11565,0.00030695
3d6.(5D).4p,z 6F*,3.5,8.0,5.236728,3d6.(5D).5s,e 6D,3.5,8.0,9.70024,4.463512,277.77275,41000000.0,0.047427,0.37941,0.0012587
3d6.(5D).4p,z 6F*,3.5,8.0,5.236728,3d6.(5D).5s,e 6D,2.5,6.0,9.735914,4.499186,275.57027,121000000.0,0.10332,0.82653,0.002742
3d6.(5D).4p,z 6F*,3.5,8.0,5.236728,3d6.(5D).5s,e 4D,2.5,6.0,9.904542,4.667815,265.61508,1100000.0,0.00087261,0.0069809,2.3159e-05
3d6.(5D).4p,z 6F*,3.5,8.0,5.236728,3d6.(5D).4d,e 6F,4.5,10.0,10.28805,5.051322,245.44901,22000000.0,0.024838,0.1987,0.0006592
3d6.(5D).4p,z 6F*,3.5,8.0,5.236728,3d6.(5D).4d,e 6F,3.5,8.0,10.307613,5.070886,244.50206,49000000.0,0.043916,0.35133,0.0011655
3d6.(5D).4p,z 6F*,3.5,8.0,5.236728,3d6.(5D).4d,e 6F,2.5,6.0,10.328905,5.092178,243.47971,72000000.0,0.047993,0.38394,0.0012737
3d6.(5D).4p,z 6F*,3.5,8.0,5.236728,3d6.(5D).4d,6D,3.5,8.0,10.379162,5.142434,241.10023,76500000.0,0.066668,0.53334,0.0017694
3d6.(5D).4p,z 6F*,3.5,8.0,5.236728,3d6.(5D).4d,6D,2.5,6.0,10.391407,5.15468,240.52746,8000000.0,0.005204,0.041632,0.00013812
3d6.(5D).4p,z 6F*,3.5,8.0,5.236728,3d6.(5D).4d,6P,3.5,8.0,10.447726,5.210998,237.92792,17000000.0,0.014428,0.11542,0.00038291
3d6.(5D).4p,z 6F*,3.5,8.0,5.236728,3d6.(5D).4d,e 6G,4.5,10.0,10.480112,5.243385,236.45833,530000000.0,0.55533,4.4427,0.014739
3d6.(5D).4p,z 6F*,3.5,8.0,5.236728,3d6.(5D).4d,e 6G,3.5,8.0,10.502794,5.266067,235.43986,130000000.0,0.10803,0.86428,0.0028672
3d6.(5D).4p,z 6F*,3.5,8.0,5.236728,3d6.(5D).4d,e 6G,2.5,6.0,10.519423,5.282695,234.69876,13000000.0,0.0080517,0.064413,0.00021369
3d6.(5D).4p,z 6F*,3.5,8.0,5.236728,3d6.(5D).4d,e 4G,4.5,10.0,10.561566,5.324838,232.84126,4700000.0,0.0047752,0.038201,0.00012673
3d6.(5D).4p,z 6F*,3.5,8.0,5.236728,3d6.(5D).6s,6D,3.5,8.0,12.650227,7.4135,167.24112,13000000.0,0.0054512,0.043609,0.00014467
3d6.(5D).4p,z 6F*,3.5,8.0,5.236728,3d6.(5D).6s,6D,2.5,6.0,12.687816,7.451089,166.39743,47000000.0,0.014632,0.11706,0.00038834
3d6.(5D).4p,z 6F*,3.5,8.0,5.236728,3d6.(5D).6s,4D,3.5,8.0,12.695333,7.458605,166.22974,2400000.0,0.00099423,0.0079539,2.6387e-05
3d6.(5D).4p,z 6F*,3.5,8.0,5.236728,3d6.(5D).5d,6F,3.5,8.0,12.941587,7.70486,160.91688,11000000.0,0.0042703,0.034162,0.00011333
3d6.(5D).4p,z 6F*,3.5,8.0,5.236728,3d6.(5D).5d,6D,3.5,8.0,12.981817,7.745089,160.08106,11000000.0,0.004226,0.033808,0.00011216
3d6.(5D).4p,z 6F*,3.5,8.0,5.236728,3d6.(3H).4d,2G,4.5,10.0,12.994438,7.757711,159.8206,2100000.0,0.0010052,0.0080416,2.6678e-05
3d6.(5D).4p,z 6F*,3.5,8.0,5.236728,3d6.(5D).5d,6G,4.5,10.0,13.00204,7.765312,159.66416,80000000.0,0.038219,0.30575,0.0010143
3d6.(5D).4p,z 6F*,3.5,8.0,5.236728,3d6.(3F2).4d,4F,4.5,10.0,13.007995,7.771267,159.54181,12000000.0,0.005724,0.045792,0.00015192
3d6.(5D).4p,z 6F*,3.5,8.0,5.236728,3d6.(5D).5d,6G,3.5,8.0,13.026478,7.78975,159.16326,17000000.0,0.0064565,0.051652,0.00017135
3d6.(5D).4p,z 6F*,3.5,8.0,5.236728,3d5.4s.(7S).4d,6D,3.5,8.0,13.206873,7.970145,155.56078,18000000.0,0.0065303,0.052242,0.00017331
3d6.(5D).4p,z 6F*,3.5,8.0,5.236728,3d5.4s.(7S).4d,6D,2.5,6.0,13.223525,7.986797,155.23644,32000000.0,0.0086708,0.069366,0.00023012
3d6.(5D).4p,z 6F*,2.5,6.0,5.248852,3d6.(5D).5s,e 6D,3.5,8.0,9.70024,4.451388,278.52931,2600000.0,0.0040319,0.024192,0.00010701
3d6.(5D).4p,z 6F*,2.5,6.0,5.248852,3d6.(5D).5s,e 6D,2.5,6.0,9.735914,4.487062,276.31486,60000000.0,0.068678,0.41207,0.0018227
3d6.(5D).4p,z 6F*,2.5,6.0,5.248852,3d6.(5D).5s,e 6D,1.5,4.0,9.760758,4.511906,274.79339,107000000.0,0.080754,0.48452,0.0021432
3d6.(5D).4p,z 6F*,2.5,6.0,5.248852,3d6.(5D).4d,e 6F,3.5,8.0,10.307613,5.058762,245.08805,23000000.0,0.027617,0.1657,0.00073294
3d6.(5D).4p,z 6F*,2.5,6.0,5.248852,3d6.(5D).4d,e 6F,2.5,6.0,10.328905,5.080054,244.0608,38000000.0,0.033934,0.20361,0.00090062
3d6.(5D).4p,z 6F*,2.5,6.0,5.248852,3d6.(5D).4d,e 6F,1.5,4.0,10.347687,5.098835,243.16182,90000000.0,0.053187,0.31912,0.0014116
3d6.(5D).4p,z 6F*,2.5,6.0,5.248852,3d6.(5D).4d,6D,3.5,8.0,10.379162,5.13031,241.67001,9000000.0,0.010507,0.063043,0.00027886
3d6.(5D).4p,z 6F*,2.5,6.0,5.248852,3d6.(5D).4d,6D,2.5,6.0,10.391407,5.142556,241.09452,35000000.0,0.0305,0.183,0.00080947
3d6.(5D).4p,z 6F*,2.5,6.0,5.248852,3d6.(5D).4d,6P,3.5,8.0,10.447726,5.198874,238.48278,700000.0,0.00079581,0.0047749,2.1121e-05
3d6.(5D).4p,z 6F*,2.5,6.0,5.248852,3d6.(5D).4d,6P,2.5,6.0,10.455211,5.20636,238.1399,30000000.0,0.025506,0.15304,0.00067693
3d6.(5D).4p,z 6F*,2.5,6.0,5.248852,3d6.(5D).4d,f 4D,3.5,8.0,10.499632,5.25078,236.12528,22200000.0,0.024742,0.14845,0.00065665
3d6.(5D).4p,z 6F*,2.5,6.0,5.248852,3d6.(5D).4d,e 6G,2.5,6.0,10.519423,5.270571,235.23865,180000000.0,0.14933,0.89598,0.0039632
3d6.(5D).4p,z 6F*,2.5,6.0,5.248852,3d6.(5D).4d,e 6G,1.5,4.0,10.531003,5.282151,234.72294,18000000.0,0.0099118,0.059471,0.00026306
3d6.(5D).4p,z 6F*,2.5,6.0,5.248852,3d6.(5D).4d,e 4G,3.5,8.0,10.59605,5.347198,231.86759,2200000.0,0.0023643,0.014186,6.2748e-05
3d6.(5D).4p,z 6F*,2.5,6.0,5.248852,3d6.(5D).6s,6D,2.5,6.0,12.687816,7.438965,166.66862,20000000.0,0.0083291,0.049975,0.00022105
3d6.(5D).4p,z 6F*,2.5,6.0,5.248852,3d6.(5D).6s,6D,1.5,4.0,12.713797,7.464945,166.08855,42000000.0,0.01158,0.069478,0.00030733
3d6.(5D).4p,z 6F*,2.5,6.0,5.248852,3d6.(5D).5d,6D,1.5,4.0,12.96735,7.718498,160.63255,5000000.0,0.0012895,0.0077367,3.4222e-05
3d6.(5D).4p,z 6F*,2.5,6.0,5.248852,3d6.(3F2).4d,4P,2.5,6.0,12.985988,7.737136,160.24559,4200000.0,0.0016169,0.0097014,4.2912e-05
3d6.(5D).4p,z 6F*,2.5,6.0,5.248852,3d6.(5D).5d,6G,3.5,8.0,13.026478,7.777626,159.41137,80000000.0,0.040637,0.24382,0.0010785
3d6.(5D).4p,z 6F*,2.5,6.0,5.248852,3d6.(5D).5d,6G,2.5,6.0,13.043858,7.795006,159.05594,26000000.0,0.0098613,0.059168,0.00026172
3d6.(5D).4p,z 6F*,2.5,6.0,5.248852,3d5.4s.(7S).4d,6D,1.5,4.0,13.220743,7.971892,155.5267,28000000.0,0.0067692,0.040615,0.00017965
3d6.(5D).4p,z 6F*,2.5,6.0,5.248852,3d5.4s.(7S).4d,6D,2.5,6.0,13.223525,7.974673,155.47245,22000000.0,0.0079724,0.047834,0.00021159
3d6.(5D).4p,z 6F*,1.5,4.0,5.257094,3d6.(5D).5s,e 6D,2.5,6.0,9.735914,4.47882,276.82333,8000000.0,0.013786,0.055145,0.00036589
3d6.(5D).4p,z 6F*,1.5,4.0,5.257094,3d6.(5D).5s,e 6D,1.5,4.0,9.760758,4.503664,275.29627,77000000.0,0.087488,0.34995,0.0023219
3d6.(5D).4p,z 6F*,1.5,4.0,5.257094,3d6.(5D).5s,e 6D,0.5,2.0,9.775414,4.51832,274.40329,90000000.0,0.050798,0.20319,0.0013482
3d6.(5D).4p,z 6F*,1.5,4.0,5.257094,3d6.(5D).4d,e 6F,2.5,6.0,10.328905,5.071812,244.45741,28000000.0,0.037628,0.15051,0.00099866
3d6.(5D).4p,z 6F*,1.5,4.0,5.257094,3d6.(5D).4d,e 6F,1.5,4.0,10.347687,5.090593,243.55551,36000000.0,0.032015,0.12806,0.00084969
3d6.(5D).4p,z 6F*,1.5,4.0,5.257094,3d6.(5D).4d,e 6F,0.5,2.0,10.359942,5.102849,242.97056,110000000.0,0.048678,0.19471,0.0012919
3d6.(5D).4p,z 6F*,1.5,4.0,5.257094,3d6.(5D).4d,6D,2.5,6.0,10.391407,5.134314,241.48154,11000000.0,0.014425,0.057699,0.00038284
3d6.(5D).4p,z 6F*,1.5,4.0,5.257094,3d6.(5D).4d,6D,1.5,4.0,10.413446,5.156352,240.44943,25000000.0,0.021669,0.086678,0.00057511
3d6.(5D).4p,z 6F*,1.5,4.0,5.257094,3d6.(5D).4d,6P,1.5,4.0,10.467294,5.210201,237.96434,15000000.0,0.012734,0.050937,0.00033797
3d6.(5D).4p,z 6F*,1.5,4.0,5.257094,3d6.(5D).4d,e 6G,2.5,6.0,10.519423,5.262329,235.60708,450000000.0,0.56175,2.247,0.014909
3d6.(5D).4p,z 6F*,1.5,4.0,5.257094,3d6.(5D).4d,e 6G,1.5,4.0,10.531003,5.273909,235.08975,193000000.0,0.15991,0.63965,0.0042441
3d6.(5D).4p,z 6F*,1.5,4.0,5.257094,3d6.(5D).6s,6D,1.5,4.0,12.713797,7.456703,166.27213,28000000.0,0.011605,0.046421,0.000308
3d6.(5D).4p,z 6F*,1.5,4.0,5.257094,3d6.(5D).6s,6D,0.5,2.0,12.729054,7.47196,165.93263,36000000.0,0.0074301,0.02972,0.0001972
3d6.(5D).4p,z 6F*,1.5,4.0,5.257094,3d6.(5D).5d,6G,2.5,6.0,13.043858,7.786764,159.22429,80000000.0,0.04561,0.18244,0.0012105
3d6.(5D).4p,z 6F*,1.5,4.0,5.257094,3d6.(5D).5d,6G,1.5,4.0,13.054118,7.797024,159.01477,26000000.0,0.0098562,0.039425,0.00026158
3d6.(5D).4p,z 6F*,1.5,4.0,5.257094,3d5.4s.(7S).4d,6D,1.5,4.0,13.220743,7.96365,155.68766,26000000.0,0.009448,0.037792,0.00025075
3d6.(5D).4p,z 6F*,1.5,4.0,5.257094,3d5.4s.(7S).4d,6D,0.5,2.0,13.221296,7.964202,155.67686,26000000.0,0.0047234,0.018893,0.00012536
3d6.(5D).4p,z 6F*,1.5,4.0,5.257094,3d5.4s.(7S).4d,6D,2.5,6.0,13.223525,7.966431,155.6333,4000000.0,0.0021788,0.0087152,5.7825e-05
3d6.(5D).4p,z 6F*,0.5,2.0,5.261871,3d6.(5D).5s,e 6D,1.5,4.0,9.760758,4.498887,275.5886,13000000.0,0.029604,0.059209,0.0007857
3d6.(5D).4p,z 6F*,0.5,2.0,5.261871,3d6.(5D).5s,e 6D,0.5,2.0,9.775414,4.513543,274.69373,110000000.0,0.12444,0.24887,0.0033026
3d6.(5D).4p,z 6F*,0.5,2.0,5.261871,3d6.(5D).4d,e 6F,1.5,4.0,10.347687,5.085816,243.78429,32000000.0,0.057023,0.11405,0.0015134
3d6.(5D).4p,z 6F*,0.5,2.0,5.261871,3d6.(5D).4d,e 6F,0.5,2.0,10.359942,5.098071,243.19824,68000000.0,0.060296,0.12059,0.0016003
3d6.(5D).4p,z 6F*,0.5,2.0,5.261871,3d6.(5D).4d,6D,1.5,4.0,10.413446,5.151575,240.67241,10000000.0,0.017368,0.034735,0.00046094
3d6.(5D).4p,z 6F*,0.5,2.0,5.261871,3d6.(5D).4d,6D,0.5,2.0,10.430992,5.169121,239.85547,31000000.0,0.026737,0.053475,0.00070961
3d6.(5D).4p,z 6F*,0.5,2.0,5.261871,3d6.(5D).4d,6P,1.5,4.0,10.467294,5.205423,238.18274,3500000.0,0.0059536,0.011907,0.00015801
3d6.(5D).4p,z 6F*,0.5,2.0,5.261871,3d6.(5D).4d,e 6G,1.5,4.0,10.531003,5.269132,235.3029,440000000.0,0.73046,1.4609,0.019386
3d6.(5D).4p,z 6F*,0.5,2.0,5.261871,3d6.(5D).6s,6D,1.5,4.0,12.713797,7.451926,166.37873,4500000.0,0.0037351,0.0074701,9.9129e-05
3d6.(5D).4p,z 6F*,0.5,2.0,5.261871,3d6.(5D).6s,6D,0.5,2.0,12.729054,7.467183,166.03879,40000000.0,0.016533,0.033065,0.00043877
3d6.(5D).4p,z 6F*,0.5,2.0,5.261871,3d6.(5D).5d,6G,1.5,4.0,13.054118,7.792247,159.11226,61000000.0,0.046305,0.09261,0.0012289
3d6.(5D).4p,z 6F*,0.5,2.0,5.261871,3d6.(3P2).4d,2P,1.5,4.0,13.057693,7.795822,159.03928,19000000.0,0.01441,0.028819,0.00038243
3d6.(5D).4p,z 6F*,0.5,2.0,5.261871,3d5.4s.(7S).4d,6D,1.5,4.0,13.220743,7.958872,155.78111,5000000.0,0.0036382,0.0072764,9.6558e-05
3d6.(5D).4p,z 6F*,0.5,2.0,5.261871,3d5.4s.(7S).4d,6D,0.5,2.0,13.221296,7.959425,155.7703,36000000.0,0.013096,0.026192,0.00034756
3d6.(5D).4p,z 6P*,3.5,8.0,5.288948,3d6.(5D).5s,e 6D,4.5,10.0,9.653614,4.364666,284.06342,58000000.0,0.087706,0.70165,0.0023277
3d6.(5D).4p,z 6P*,3.5,8.0,5.288948,3d6.(5D).5s,e 6D,3.5,8.0,9.70024,4.411291,281.06101,31000000.0,0.036713,0.29371,0.00097437
3d6.(5D).4p,z 6P*,3.5,8.0,5.288948,3d6.(5D).5s,e 6D,2.5,6.0,9.735914,4.446966,278.80628,18000000.0,0.015733,0.12586,0.00041754
3d6.(5D).4p,z 6P*,3.5,8.0,5.288948,3d6.(5D).5s,e 4D,3.5,8.0,9.849242,4.560294,271.87765,2800000.0,0.0031029,0.024823,8.235e-05
3d6.(5D).4p,z 6P*,3.5,8.0,5.288948,3d6.(5D).4d,e 6F,4.5,10.0,10.28805,4.999101,248.01297,9000000.0,0.010374,0.082995,0.00027534
3d6.(5D).4p,z 6P*,3.5,8.0,5.288948,3d6.(5D).4d,e 6F,3.5,8.0,10.307613,5.018665,247.04617,27000000.0,0.024705,0.19764,0.00065566
3d6.(5D).4p,z 6P*,3.5,8.0,5.288948,3d6.(5D).4d,e 6F,2.5,6.0,10.328905,5.039957,246.00248,16000000.0,0.010887,0.087098,0.00028895
3d6.(5D).4p,z 6P*,3.5,8.0,5.288948,3d6.(5D).4d,6D,3.5,8.0,10.379162,5.090213,243.57368,202000000.0,0.17967,1.4373,0.0047684
3d6.(5D).4p,z 6P*,3.5,8.0,5.288948,3d6.(5D).4d,6D,4.5,10.0,10.380753,5.091804,243.49757,201000000.0,0.22333,1.7867,0.0059273
3d6.(5D).4p,z 6P*,3.5,8.0,5.288948,3d6.(5D).4d,6D,2.5,6.0,10.391407,5.102459,242.98911,175000000.0,0.11618,0.92944,0.0030834
3d6.(5D).4p,z 6P*,3.5,8.0,5.288948,3d6.(5D).4d,6P,3.5,8.0,10.447726,5.158778,240.33638,81900000.0,0.070922,0.56738,0.0018823
3d6.(5D).4p,z 6P*,3.5,8.0,5.288948,3d6.(5D).4d,6P,2.5,6.0,10.455211,5.166263,239.98816,106000000.0,0.068645,0.54916,0.0018218
3d6.(5D).4p,z 6P*,3.5,8.0,5.288948,3d6.(5D).4d,e 6G,4.5,10.0,10.480112,5.191164,238.83699,11000000.0,0.011759,0.094071,0.00031208
3d6.(5D).4p,z 6P*,3.5,8.0,5.288948,3d6.(5D).4d,f 4D,3.5,8.0,10.499632,5.210684,237.94227,14900000.0,0.012647,0.10118,0.00033565
3d6.(5D).4p,z 6P*,3.5,8.0,5.288948,3d6.(5D).4d,f 4D,2.5,6.0,10.522652,5.233704,236.89572,4800000.0,0.0030288,0.024231,8.0385e-05
3d6.(5D).4p,z 6P*,3.5,8.0,5.288948,3d6.(5D).4d,6S,2.5,6.0,10.600074,5.311126,233.44239,152000000.0,0.093137,0.7451,0.0024719
3d6.(5D).4p,z 6P*,3.5,8.0,5.288948,3d6.(5D).4d,e 4F,4.5,10.0,10.678058,5.38911,230.06433,5600000.0,0.0055546,0.044437,0.00014742
3d6.(5D).4p,z 6P*,3.5,8.0,5.288948,3d6.(5D).6s,6D,4.5,10.0,12.609009,7.320061,169.37591,20000000.0,0.010752,0.086019,0.00028537
3d6.(5D).4p,z 6P*,3.5,8.0,5.288948,3d6.(5D).6s,4D,3.5,8.0,12.695333,7.406384,167.40179,3200000.0,0.0013444,0.010755,3.568e-05
3d6.(5D).4p,z 6P*,3.5,8.0,5.288948,3d6.(5D).5d,6F,4.5,10.0,12.888232,7.599284,163.15248,8000000.0,0.0039907,0.031925,0.00010591
3d6.(5D).4p,z 6P*,3.5,8.0,5.288948,3d6.(5D).5d,6P,3.5,8.0,12.894457,7.605509,163.01894,16000000.0,0.0063746,0.050997,0.00016918
3d6.(5D).4p,z 6P*,3.5,8.0,5.288948,3d6.(5D).5d,6P,2.5,6.0,12.909265,7.620317,162.70216,16000000.0,0.0047624,0.038099,0.00012639
3d6.(5D).4p,z 6P*,3.5,8.0,5.288948,3d6.(5D).5d,6F,3.5,8.0,12.941587,7.652639,162.01496,17000000.0,0.0066899,0.053519,0.00017755
3d6.(5D).4p,z 6P*,3.5,8.0,5.288948,3d6.(5D).5d,6D,4.5,10.0,12.945397,7.656449,161.93433,24000000.0,0.011794,0.094351,0.00031301
3d6.(5D).4p,z 6P*,3.5,8.0,5.288948,3d6.(5D).5d,6F,2.5,6.0,12.947231,7.658283,161.89556,5000000.0,0.0014735,0.011788,3.9108e-05
3d6.(5D).4p,z 6P*,3.5,8.0,5.288948,3d5.4s.(7S).4d,6D,4.5,10.0,13.204445,7.915496,156.63477,25000000.0,0.011494,0.091955,0.00030506
3d6.(5D).4p,z 6P*,2.5,6.0,5.360904,3d6.(5D).5s,e 6D,3.5,8.0,9.70024,4.339336,285.72162,44000000.0,0.071802,0.43081,0.0019056
3d6.(5D).4p,z 6P*,2.5,6.0,5.360904,3d6.(5D).5s,e 6D,2.5,6.0,9.735914,4.37501,283.3918,45000000.0,0.054181,0.32509,0.001438
3d6.(5D).4p,z 6P*,2.5,6.0,5.360904,3d6.(5D).5s,e 6D,1.5,4.0,9.760758,4.399854,281.79162,34000000.0,0.026984,0.1619,0.00071615
3d6.(5D).4p,z 6P*,2.5,6.0,5.360904,3d6.(5D).5s,e 4D,2.5,6.0,9.904542,4.543639,272.87426,1500000.0,0.0016745,0.010047,4.444e-05
3d6.(5D).4p,z 6P*,2.5,6.0,5.360904,3d6.(5D).4d,e 6F,2.5,6.0,10.328905,4.968002,249.56554,13000000.0,0.012139,0.072832,0.00032216
3d6.(5D).4p,z 6P*,2.5,6.0,5.360904,3d6.(5D).4d,e 6F,1.5,4.0,10.347687,4.986783,248.62563,8000000.0,0.0049425,0.029655,0.00013117
3d6.(5D).4p,z 6P*,2.5,6.0,5.360904,3d6.(5D).4d,6D,2.5,6.0,10.391407,5.030503,246.4648,68000000.0,0.061927,0.37156,0.0016435
3d6.(5D).4p,z 6P*,2.5,6.0,5.360904,3d6.(5D).4d,6D,1.5,4.0,10.413446,5.052542,245.38974,221000000.0,0.13301,0.79804,0.00353
3d6.(5D).4p,z 6P*,2.5,6.0,5.360904,3d6.(5D).4d,6P,3.5,8.0,10.447726,5.086822,243.73606,270000000.0,0.32063,1.9238,0.0085095
3d6.(5D).4p,z 6P*,2.5,6.0,5.360904,3d6.(5D).4d,6P,2.5,6.0,10.455211,5.094307,243.37793,41000000.0,0.036409,0.21845,0.00096629
3d6.(5D).4p,z 6P*,2.5,6.0,5.360904,3d6.(5D).4d,6P,1.5,4.0,10.467294,5.10639,242.80204,100000000.0,0.058921,0.35353,0.0015638
3d6.(5D).4p,z 6P*,2.5,6.0,5.360904,3d6.(5D).4d,f 4D,3.5,8.0,10.499632,5.138728,241.27409,16600000.0,0.019316,0.1159,0.00051266
3d6.(5D).4p,z 6P*,2.5,6.0,5.360904,3d6.(5D).4d,6S,2.5,6.0,10.600074,5.23917,236.64853,216000000.0,0.18135,1.0881,0.0048131
3d6.(5D).4p,z 6P*,2.5,6.0,5.360904,3d6.(5D).4d,4S,1.5,4.0,10.629022,5.268118,235.34817,1900000.0,0.0010518,0.006311,2.7915e-05
3d6.(5D).4p,z 6P*,2.5,6.0,5.360904,3d6.(5D).6s,6D,3.5,8.0,12.650227,7.289323,170.09013,10000000.0,0.005783,0.034698,0.00015348
3d6.(5D).4p,z 6P*,2.5,6.0,5.360904,3d6.(5D).6s,6D,2.5,6.0,12.687816,7.326912,169.21753,13000000.0,0.0055808,0.033485,0.00014811
3d6.(5D).4p,z 6P*,2.5,6.0,5.360904,3d6.(5D).5d,6F,1.5,4.0,12.97252,7.611616,162.88814,13000000.0,0.0034474,0.020684,9.1494e-05
3d6.(5D).4p,z 6P*,2.5,6.0,5.360904,3d6.(5D).5d,6D,3.5,8.0,12.981817,7.620913,162.68944,13000000.0,0.006878,0.041268,0.00018254
3d6.(5D).4p,z 6P*,2.5,6.0,5.360904,3d6.(5D).5d,6D,2.5,6.0,12.997036,7.636132,162.36519,9000000.0,0.003557,0.021342,9.4404e-05
3d6.(5D).4p,z 6P*,2.5,6.0,5.360904,3d6.(5D).5d,4D,3.5,8.0,13.002624,7.64172,162.24646,26000000.0,0.013681,0.082087,0.0003631
3d6.(5D).4p,z 6P*,2.5,6.0,5.360904,3d5.4s.(7S).4d,6D,3.5,8.0,13.206873,7.845969,158.0228,15000000.0,0.0074874,0.044924,0.00019871
3d6.(5D).4p,z 6P*,1.5,4.0,5.408313,3d6.(5D).5s,e 6D,2.5,6.0,9.735914,4.327601,286.49636,20000000.0,0.036916,0.14767,0.00097976
3d6.(5D).4p,z 6P*,1.5,4.0,5.408313,3d6.(5D).5s,e 6D,1.5,4.0,9.760758,4.352445,284.86103,51000000.0,0.062043,0.24817,0.0016466
3d6.(5D).4p,z 6P*,1.5,4.0,5.408313,3d6.(5D).5s,e 6D,0.5,2.0,9.775414,4.367101,283.90502,90000000.0,0.054377,0.21751,0.0014432
3d6.(5D).4p,z 6P*,1.5,4.0,5.408313,3d6.(5D).4d,e 6F,1.5,4.0,10.347687,4.939374,251.01198,3100000.0,0.0029283,0.011713,7.7716e-05
3d6.(5D).4p,z 6P*,1.5,4.0,5.408313,3d6.(5D).4d,e 6F,0.5,2.0,10.359942,4.951629,250.3907,2500000.0,0.0011749,0.0046997,3.1182e-05
3d6.(5D).4p,z 6P*,1.5,4.0,5.408313,3d6.(5D).4d,6D,1.5,4.0,10.413446,5.005133,247.71408,8000000.0,0.0073595,0.029438,0.00019532
3d6.(5D).4p,z 6P*,1.5,4.0,5.408313,3d6.(5D).4d,6D,0.5,2.0,10.430992,5.022679,246.84873,170000000.0,0.07765,0.3106,0.0020608
3d6.(5D).4p,z 6P*,1.5,4.0,5.408313,3d6.(5D).4d,6P,2.5,6.0,10.455211,5.046899,245.66413,173000000.0,0.23479,0.93916,0.0062313
3d6.(5D).4p,z 6P*,1.5,4.0,5.408313,3d6.(5D).4d,6P,1.5,4.0,10.467294,5.058982,245.07739,250000000.0,0.22512,0.90046,0.0059746
3d6.(5D).4p,z 6P*,1.5,4.0,5.408313,3d6.(5D).4d,6S,2.5,6.0,10.600074,5.191762,238.8095,240000000.0,0.3078,1.2312,0.0081689
3d6.(5D).4p,z 6P*,1.5,4.0,5.408313,3d6.(5D).6s,6D,2.5,6.0,12.687816,7.279504,170.31958,5000000.0,0.0032617,0.013047,8.6567e-05
3d6.(5D).4p,z 6P*,1.5,4.0,5.408313,3d6.(5D).6s,6D,1.5,4.0,12.713797,7.305484,169.71387,15000000.0,0.0064772,0.025909,0.0001719
3d6.(5D).4p,z 6P*,1.5,4.0,5.408313,3d6.(5D).6s,6D,0.5,2.0,12.729054,7.320741,169.36018,28000000.0,0.0060202,0.024081,0.00015978
3d6.(5D).4p,z 6P*,1.5,4.0,5.408313,3d6.(5D).5d,6P,1.5,4.0,13.001365,7.593052,163.28638,31000000.0,0.012391,0.049566,0.00032887
3d6.(5D).4p,z 6P*,1.5,4.0,5.408313,3d5.4s.(7S).4d,6D,1.5,4.0,13.220743,7.812431,158.70118,15000000.0,0.0056638,0.022655,0.00015032
3d6.(5D).4p,z 6P*,1.5,4.0,5.408313,3d5.4s.(7S).4d,6D,0.5,2.0,13.221296,7.812983,158.68996,23000000.0,0.0043417,0.017367,0.00011523
3d6.(5D).4p,z 6P*,1.5,4.0,5.408313,3d5.4s.(7S).4d,6D,2.5,6.0,13.223525,7.815212,158.6447,7000000.0,0.0039619,0.015847,0.00010515
3d6.(5D).4p,z 4F*,4.5,10.0,5.484136,3d5.4s2,b 4G,5.5,12.0,6.723936,1.2398,1000.03388,76000.0,0.0013674,0.013674,3.629e-05
3d6.(5D).4p,z 4F*,4.5,10.0,5.484136,3d5.4s2,4F,4.5,10.0,9.099668,3.615532,342.92105,500000.0,0.00088149,0.0088149,2.3395e-05
3d6.(5D).4p,z 4F*,4.5,10.0,5.484136,3d6.(5D).5s,e 6D,4.5,10.0,9.653614,4.169478,297.36142,900000.0,0.0011931,0.011931,3.1664e-05
3d6.(5D).4p,z 4F*,4.5,10.0,5.484136,3d6.(5D).5s,e 4D,3.5,8.0,9.849242,4.365106,284.03478,146000000.0,0.14127,1.4127,0.0037493
3d6.(5D).4p,z 4F*,4.5,10.0,5.484136,3d6.(5D).4d,e 6F,4.5,10.0,10.28805,4.803914,258.08998,2200000.0,0.002197,0.02197,5.8308e-05
3d6.(5D).4p,z 4F*,4.5,10.0,5.484136,3d6.(5D).4d,6P,3.5,8.0,10.447726,4.96359,249.78734,1400000.0,0.0010477,0.010477,2.7805e-05
3d6.(5D).4p,z 4F*,4.5,10.0,5.484136,3d6.(5D).4d,e 6G,5.5,12.0,10.451481,4.967345,249.59851,5700000.0,0.0063885,0.063885,0.00016955
3d6.(5D).4p,z 4F*,4.5,10.0,5.484136,3d6.(5D).4d,f 4D,3.5,8.0,10.499632,5.015496,247.20226,41500000.0,0.030416,0.30416,0.00080724
3d6.(5D).4p,z 4F*,4.5,10.0,5.484136,3d6.(5D).4d,e 4G,5.5,12.0,10.521718,5.037582,246.11845,539000000.0,0.58738,5.8738,0.015589
3d6.(5D).4p,z 4F*,4.5,10.0,5.484136,3d6.(5D).4d,e 4G,4.5,10.0,10.561566,5.07743,244.18693,89500000.0,0.080007,0.80007,0.0021234
3d6.(5D).4p,z 4F*,4.5,10.0,5.484136,3d6.(5D).4d,e 4F,4.5,10.0,10.678058,5.193922,238.71015,135000000.0,0.11533,1.1533,0.0030608
3d6.(5D).4p,z 4F*,4.5,10.0,5.484136,3d6.(5D).4d,e 4F,3.5,8.0,10.714264,5.230128,237.05766,11000000.0,0.007414,0.07414,0.00019677
3d6.(5D).4p,z 4F*,4.5,10.0,5.484136,3d6.(5D).6s,4D,3.5,8.0,12.695333,7.211197,171.9329,51000000.0,0.018082,0.18082,0.00047989
3d6.(5D).4p,z 4F*,4.5,10.0,5.484136,3d6.(5D).5d,4F,4.5,10.0,12.855063,7.370927,168.20706,10000000.0,0.0042418,0.042418,0.00011258
3d6.(5D).4p,z 4F*,4.5,10.0,5.484136,3d6.(5D).5d,6G,5.5,12.0,12.967916,7.48378,165.67057,26000000.0,0.012838,0.12838,0.00034073
3d6.(5D).4p,z 4F*,4.5,10.0,5.484136,3d6.(5D).5d,4G,5.5,12.0,13.001409,7.517273,164.93242,80000000.0,0.039151,0.39151,0.0010391
3d6.(5D).4p,z 4F*,4.5,10.0,5.484136,3d6.(5D).5d,4D,3.5,8.0,13.002624,7.518488,164.90577,3300000.0,0.0010763,0.010763,2.8565e-05
3d6.(5D).4p,z 4F*,4.5,10.0,5.484136,3d6.(3F2).4d,4F,4.5,10.0,13.007995,7.523859,164.78805,9000000.0,0.003664,0.03664,9.7242e-05
3d6.(5D).4p,z 4F*,4.5,10.0,5.484136,3d6.(3H).4d,4F,4.5,10.0,13.231865,7.747729,160.02651,14000000.0,0.0053749,0.053749,0.00014265
3d6.(5D).4p,z 4F*,4.5,10.0,5.484136,3d6.(3F2).4d,4F,3.5,8.0,13.237449,7.753313,159.91125,2200000.0,0.00067473,0.0067473,1.7907e-05
3d6.(5D).4p,z 4F*,4.5,10.0,5.484136,3d6.(3G).4d,4D,3.5,8.0,13.43559,7.951454,155.92644,7000000.0,0.0020412,0.020412,5.4174e-05
3d6.(5D).4p,z 4D*,3.5,8.0,5.510714,3d5.4s2,b 4G,4.5,10.0,6.729076,1.218362,1017.63035,12000.0,0.00023288,0.001863,6.1806e-06
3d6.(5D).4p,z 4D*,3.5,8.0,5.510714,3d5.4s2,4F,4.5,10.0,9.099668,3.588954,345.46054,800000.0,0.0017892,0.014314,4.7485e-05
3d6.(5D).4p,z 4D*,3.5,8.0,5.510714,3d5.4s2,4F,3.5,8.0,9.111878,3.601164,344.28927,330000.0,0.00058644,0.0046915,1.5564e-05
3d6.(5D).4p,z 4D*,3.5,8.0,5.510714,3d6.(5D).5s,e 6D,4.5,10.0,9.653614,4.1429,299.26908,1000000.0,0.0016784,0.013427,4.4545e-05
3d6.(5D).4p,z 4D*,3.5,8.0,5.510714,3d6.(5D).5s,e 6D,3.5,8.0,9.70024,4.189526,295.93851,1600000.0,0.0021008,0.016806,5.5755e-05
3d6.(5D).4p,z 4D*,3.5,8.0,5.510714,3d6.(5D).5s,e 4D,3.5,8.0,9.849242,4.338528,285.77478,133000000.0,0.16284,1.3027,0.0043218
3d6.(5D).4p,z 4D*,3.5,8.0,5.510714,3d6.(5D).4d,6D,4.5,10.0,10.380753,4.870039,254.58565,2100000.0,0.0025507,0.020405,6.7695e-05
3d6.(5D).4p,z 4D*,3.5,8.0,5.510714,3d6.(5D).4d,6D,2.5,6.0,10.391407,4.880693,254.02989,3000000.0,0.0021768,0.017414,5.7771e-05
3d6.(5D).4p,z 4D*,3.5,8.0,5.510714,3d6.(5D).4d,6P,3.5,8.0,10.447726,4.937012,251.13205,15400000.0,0.014561,0.11649,0.00038644
3d6.(5D).4p,z 4D*,3.5,8.0,5.510714,3d6.(5D).4d,6P,2.5,6.0,10.455211,4.944497,250.75187,4400000.0,0.0031107,0.024886,8.2559e-05
3d6.(5D).4p,z 4D*,3.5,8.0,5.510714,3d6.(5D).4d,e 6G,4.5,10.0,10.480112,4.969398,249.49539,4300000.0,0.0050161,0.040129,0.00013313
3d6.(5D).4p,z 4D*,3.5,8.0,5.510714,3d6.(5D).4d,f 4D,3.5,8.0,10.499632,4.988918,248.5192,216000000.0,0.2,1.6,0.005308
3d6.(5D).4p,z 4D*,3.5,8.0,5.510714,3d6.(5D).4d,f 4D,2.5,6.0,10.522652,5.011938,247.37776,108000000.0,0.074313,0.59451,0.0019723
3d6.(5D).4p,z 4D*,3.5,8.0,5.510714,3d6.(5D).4d,e 4G,4.5,10.0,10.561566,5.050852,245.47185,131000000.0,0.14793,1.1834,0.003926
3d6.(5D).4p,z 4D*,3.5,8.0,5.510714,3d6.(5D).4d,e 4G,3.5,8.0,10.59605,5.085336,243.80728,20000000.0,0.017823,0.14258,0.00047302
3d6.(5D).4p,z 4D*,3.5,8.0,5.510714,3d6.(5D).4d,6S,2.5,6.0,10.600074,5.089361,243.61449,1700000.0,0.0011344,0.0090754,3.0108e-05
3d6.(5D).4p,z 4D*,3.5,8.0,5.510714,3d6.(5D).4d,e 4F,4.5,10.0,10.678058,5.167344,239.93794,194000000.0,0.2093,1.6744,0.0055548
3d6.(5D).4p,z 4D*,3.5,8.0,5.510714,3d6.(5D).4d,e 4F,3.5,8.0,10.714264,5.20355,238.26846,71000000.0,0.06043,0.48344,0.0016038
3d6.(5D).4p,z 4D*,3.5,8.0,5.510714,3d6.(5D).4d,e 4F,2.5,6.0,10.737006,5.226292,237.23168,5600000.0,0.0035437,0.028349,9.4049e-05
3d6.(5D).4p,z 4D*,3.5,8.0,5.510714,3d6.(5D).4d,4P,2.5,6.0,10.908832,5.398118,229.68039,80000000.0,0.047452,0.37962,0.0012594
3d6.(5D).4p,z 4D*,3.5,8.0,5.510714,3d6.(5D).6s,4D,3.5,8.0,12.695333,7.184619,172.56893,33000000.0,0.014733,0.11787,0.00039102
3d6.(5D).4p,z 4D*,3.5,8.0,5.510714,3d6.(3P2).4d,4D,3.5,8.0,12.783124,7.27241,170.48571,5000000.0,0.0021787,0.01743,5.7824e-05
3d6.(5D).4p,z 4D*,3.5,8.0,5.510714,3d6.(3P2).4d,4F,4.5,10.0,12.790869,7.280156,170.30432,11000000.0,0.0059788,0.04783,0.00015868
3d6.(5D).4p,z 4D*,3.5,8.0,5.510714,3d6.(5D).5d,4F,4.5,10.0,12.855063,7.344349,168.81577,26000000.0,0.013886,0.11109,0.00036853
3d6.(5D).4p,z 4D*,3.5,8.0,5.510714,3d6.(3P2).4d,4F,3.5,8.0,12.907739,7.397026,167.61359,10000000.0,0.0042119,0.033695,0.00011178
3d6.(5D).4p,z 4D*,3.5,8.0,5.510714,3d6.(3F2).4d,4P,2.5,6.0,12.985988,7.475274,165.85907,23000000.0,0.0071142,0.056914,0.00018881
3d6.(5D).4p,z 4D*,3.5,8.0,5.510714,3d6.(5D).5d,6D,2.5,6.0,12.997036,7.486322,165.6143,3100000.0,0.00095604,0.0076484,2.5373e-05
3d6.(5D).4p,z 4D*,3.5,8.0,5.510714,3d6.(5D).5d,4D,3.5,8.0,13.002624,7.49191,165.49078,10000000.0,0.0041059,0.032847,0.00010897
3d6.(5D).4p,z 4D*,3.5,8.0,5.510714,3d6.(3F2).4d,4D,3.5,8.0,13.017582,7.506868,165.16102,4000000.0,0.0016358,0.013087,4.3415e-05
3d6.(5D).4p,z 4D*,3.5,8.0,5.510714,3d6.(5D).5d,4G,4.5,10.0,13.044511,7.533797,164.57066,6800000.0,0.0034513,0.02761,9.1598e-05
3d6.(5D).4p,z 4D*,3.5,8.0,5.510714,3d6.(3H).4d,4F,4.5,10.0,13.231865,7.721151,160.57735,4300000.0,0.0020778,0.016623,5.5145e-05
3d6.(5D).4p,z 4D*,3.5,8.0,5.510714,3d6.(3F2).4d,4F,3.5,8.0,13.237449,7.726735,160.46131,4300000.0,0.0016598,0.013279,4.4052e-05
3d6.(5D).4p,z 4F*,3.5,8.0,5.548766,3d5.4s2,b 4G,4.5,10.0,6.729076,1.180309,1050.43803,50000.0,0.0010339,0.0082712,2.744e-05
3d6.(5D).4p,z 4F*,3.5,8.0,5.548766,3d5.4s2,b 4G,3.5,8.0,6.730264,1.181497,1049.38202,8000.0,0.00013207,0.0010566,3.5052e-06
3d6.(5D).4p,z 4F*,3.5,8.0,5.548766,3d5.4s2,c 4D,3.5,8.0,7.472571,1.923805,644.47385,43000.0,0.00026776,0.002142,7.1062e-06
3d6.(5D).4p,z 4F*,3.5,8.0,5.548766,3d5.4s2,4F,4.5,10.0,9.099668,3.550902,349.16258,420000.0,0.00095956,0.0076765,2.5467e-05
3d6.(5D).4p,z 4F*,3.5,8.0,5.548766,3d6.(5D).5s,e 6D,3.5,8.0,9.70024,4.151473,298.65108,1200000.0,0.0016046,0.012837,4.2586e-05
3d6.(5D).4p,z 4F*,3.5,8.0,5.548766,3d6.(5D).5s,e 4D,2.5,6.0,9.904542,4.355776,284.64317,160000000.0,0.14576,1.1661,0.0038685
3d6.(5D).4p,z 4F*,3.5,8.0,5.548766,3d6.(5D).4d,e 6F,3.5,8.0,10.307613,4.758847,260.53411,900000.0,0.00091586,0.0073269,2.4307e-05
3d6.(5D).4p,z 4F*,3.5,8.0,5.548766,3d6.(5D).4d,6D,3.5,8.0,10.379162,4.830395,256.67506,2200000.0,0.0021729,0.017384,5.767e-05
3d6.(5D).4p,z 4F*,3.5,8.0,5.548766,3d6.(5D).4d,6P,3.5,8.0,10.447726,4.89896,253.0827,2100000.0,0.0020165,0.016132,5.3519e-05
3d6.(5D).4p,z 4F*,3.5,8.0,5.548766,3d6.(5D).4d,f 4D,3.5,8.0,10.499632,4.950866,250.42932,33200000.0,0.031215,0.24972,0.00082845
3d6.(5D).4p,z 4F*,3.5,8.0,5.548766,3d6.(5D).4d,e 6G,3.5,8.0,10.502794,4.954028,250.26947,3100000.0,0.002911,0.023288,7.7257e-05
3d6.(5D).4p,z 4F*,3.5,8.0,5.548766,3d6.(5D).4d,f 4D,2.5,6.0,10.522652,4.973886,249.2703,6300000.0,0.0044015,0.035212,0.00011682
3d6.(5D).4p,z 4F*,3.5,8.0,5.548766,3d6.(5D).4d,e 4G,4.5,10.0,10.561566,5.0128,247.33524,322000000.0,0.36915,2.9532,0.0097971
3d6.(5D).4p,z 4F*,3.5,8.0,5.548766,3d6.(5D).4d,e 4G,3.5,8.0,10.59605,5.047284,245.64539,101000000.0,0.091369,0.73095,0.0024249
3d6.(5D).4p,z 4F*,3.5,8.0,5.548766,3d6.(5D).4d,e 4G,2.5,6.0,10.622936,5.074169,244.34383,4600000.0,0.003088,0.024704,8.1956e-05
3d6.(5D).4p,z 4F*,3.5,8.0,5.548766,3d6.(5D).4d,e 4F,4.5,10.0,10.678058,5.129292,241.71795,238000000.0,0.26059,2.0848,0.0069162
3d6.(5D).4p,z 4F*,3.5,8.0,5.548766,3d6.(5D).4d,e 4F,3.5,8.0,10.714264,5.165498,240.0237,59000000.0,0.050959,0.40767,0.0013524
3d6.(5D).4p,z 4F*,3.5,8.0,5.548766,3d6.(5D).4d,e 4F,2.5,6.0,10.737006,5.188239,238.97162,17000000.0,0.010916,0.087328,0.00028971
3d6.(5D).4p,z 4F*,3.5,8.0,5.548766,3d6.(5D).4d,4P,2.5,6.0,10.908832,5.360066,231.31095,18000000.0,0.010829,0.086631,0.0002874
3d6.(5D).4p,z 4F*,3.5,8.0,5.548766,3d6.(5D).6s,4D,2.5,6.0,12.745867,7.197101,172.26964,51000000.0,0.017018,0.13614,0.00045166
3d6.(5D).4p,z 4F*,3.5,8.0,5.548766,3d6.(3P2).4d,4D,2.5,6.0,12.770702,7.221936,171.67723,5000000.0,0.001657,0.013256,4.3976e-05
3d6.(5D).4p,z 4F*,3.5,8.0,5.548766,3d6.(3P2).4d,4F,4.5,10.0,12.790869,7.242103,171.19916,2000000.0,0.0010985,0.0087881,2.9154e-05
3d6.(5D).4p,z 4F*,3.5,8.0,5.548766,3d6.(5D).5d,6G,4.5,10.0,13.00204,7.453273,166.34865,5000000.0,0.0025929,0.020743,6.8814e-05
3d6.(5D).4p,z 4F*,3.5,8.0,5.548766,3d6.(5D).5d,4D,3.5,8.0,13.002624,7.453857,166.33562,4400000.0,0.0018251,0.014601,4.8438e-05
3d6.(5D).4p,z 4F*,3.5,8.0,5.548766,3d6.(5D).5d,4D,2.5,6.0,13.034183,7.485416,165.63434,6000000.0,0.0018509,0.014807,4.9122e-05
3d6.(5D).4p,z 4F*,3.5,8.0,5.548766,3d6.(3F2).4d,4G,4.5,10.0,13.03757,7.488804,165.55942,5000000.0,0.0025683,0.020546,6.8163e-05
3d6.(5D).4p,z 4F*,3.5,8.0,5.548766,3d6.(5D).5d,4G,4.5,10.0,13.044511,7.495745,165.4061,80000000.0,0.041017,0.32814,0.0010886
3d6.(5D).4p,z 4F*,3.5,8.0,5.548766,3d6.(3H).4d,4F,3.5,8.0,13.045693,7.496927,165.38003,11000000.0,0.0045104,0.036083,0.00011971
3d6.(5D).4p,z 4F*,3.5,8.0,5.548766,3d6.(5D).5d,4G,3.5,8.0,13.074079,7.525313,164.75621,9000000.0,0.0036626,0.029301,9.7205e-05
3d6.(5D).4p,z 4F*,3.5,8.0,5.548766,3d6.(3F2).4d,4F,3.5,8.0,13.237449,7.688683,161.25545,5000000.0,0.0019492,0.015594,5.1732e-05
3d6.(5D).4p,z 4F*,3.5,8.0,5.548766,3d6.(3F2).4d,2G,3.5,8.0,13.253957,7.705191,160.90996,5000000.0,0.0019409,0.015527,5.1511e-05
3d6.(5D).4p,z 4D*,2.5,6.0,5.552606,3d5.4s2,b 4G,3.5,8.0,6.730264,1.177658,1052.80334,8000.0,0.00017725,0.0010635,4.7042e-06
3d6.(5D).4p,z 4D*,2.5,6.0,5.552606,3d5.4s2,c 4D,1.5,4.0,7.493734,1.941128,638.72232,80000.0,0.0003262,0.0019572,8.6573e-06
3d6.(5D).4p,z 4D*,2.5,6.0,5.552606,3d5.4s2,c 4D,2.5,6.0,7.49426,1.941654,638.54949,110000.0,0.00067242,0.0040345,1.7846e-05
3d6.(5D).4p,z 4D*,2.5,6.0,5.552606,3d5.4s2,4F,2.5,6.0,9.099923,3.547318,349.51537,400000.0,0.00073258,0.0043955,1.9443e-05
3d6.(5D).4p,z 4D*,2.5,6.0,5.552606,3d5.4s2,4F,3.5,8.0,9.111878,3.559272,348.34148,600000.0,0.0014553,0.0087319,3.8624e-05
3d6.(5D).4p,z 4D*,2.5,6.0,5.552606,3d6.(5D).5s,e 6D,2.5,6.0,9.735914,4.183308,296.37835,1600000.0,0.002107,0.012642,5.5921e-05
3d6.(5D).4p,z 4D*,2.5,6.0,5.552606,3d6.(5D).5s,e 4D,3.5,8.0,9.849242,4.296636,288.56107,25000000.0,0.041612,0.24967,0.0011044
3d6.(5D).4p,z 4D*,2.5,6.0,5.552606,3d6.(5D).5s,e 4D,2.5,6.0,9.904542,4.351937,284.8943,99000000.0,0.12047,0.72279,0.0031972
3d6.(5D).4p,z 4D*,2.5,6.0,5.552606,3d6.(5D).5s,e 4D,1.5,4.0,9.940806,4.3882,282.54,3700000.0,0.0029521,0.017713,7.8349e-05
3d6.(5D).4p,z 4D*,2.5,6.0,5.552606,3d6.(5D).4d,6P,3.5,8.0,10.447726,4.89512,253.28121,2700000.0,0.0034623,0.020774,9.189e-05
3d6.(5D).4p,z 4D*,2.5,6.0,5.552606,3d6.(5D).4d,f 4D,3.5,8.0,10.499632,4.947026,250.62368,2300000.0,0.0028878,0.017327,7.6643e-05
3d6.(5D).4p,z 4D*,2.5,6.0,5.552606,3d6.(5D).4d,e 6G,2.5,6.0,10.519423,4.966817,249.62506,2000000.0,0.0018684,0.01121,4.9587e-05
3d6.(5D).4p,z 4D*,2.5,6.0,5.552606,3d6.(5D).4d,f 4D,2.5,6.0,10.522652,4.970046,249.46287,174000000.0,0.16234,0.97403,0.0043085
3d6.(5D).4p,z 4D*,2.5,6.0,5.552606,3d6.(5D).4d,f 4D,1.5,4.0,10.544689,4.992084,248.36163,169000000.0,0.10419,0.62514,0.0027652
3d6.(5D).4p,z 4D*,2.5,6.0,5.552606,3d6.(5D).4d,e 4G,3.5,8.0,10.59605,5.043444,245.8324,111000000.0,0.13409,0.80455,0.0035588
3d6.(5D).4p,z 4D*,2.5,6.0,5.552606,3d6.(5D).4d,e 4G,2.5,6.0,10.622936,5.07033,244.52886,19000000.0,0.017032,0.10219,0.00045204
3d6.(5D).4p,z 4D*,2.5,6.0,5.552606,3d6.(5D).4d,4S,1.5,4.0,10.629022,5.076417,244.23567,2000000.0,0.0011924,0.0071543,3.1646e-05
3d6.(5D).4p,z 4D*,2.5,6.0,5.552606,3d6.(5D).4d,e 4F,3.5,8.0,10.714264,5.161659,240.20224,189000000.0,0.21798,1.3079,0.0057852
3d6.(5D).4p,z 4D*,2.5,6.0,5.552606,3d6.(5D).4d,e 4F,2.5,6.0,10.737006,5.1844,239.1486,117000000.0,0.10032,0.60191,0.0026625
3d6.(5D).4p,z 4D*,2.5,6.0,5.552606,3d6.(5D).4d,4P,2.5,6.0,10.908832,5.356227,231.47676,22000000.0,0.017672,0.10603,0.00046903
3d6.(5D).4p,z 4D*,2.5,6.0,5.552606,3d6.(5D).4d,4P,1.5,4.0,10.930097,5.377491,230.56142,68000000.0,0.036129,0.21677,0.00095885
3d6.(5D).4p,z 4D*,2.5,6.0,5.552606,3d6.(5D).6s,4D,3.5,8.0,12.695333,7.142727,173.58104,7000000.0,0.004216,0.025296,0.00011189
3d6.(5D).4p,z 4D*,2.5,6.0,5.552606,3d6.(5D).6s,4D,2.5,6.0,12.745867,7.193262,172.36159,25000000.0,0.011135,0.066809,0.00029552
3d6.(5D).4p,z 4D*,2.5,6.0,5.552606,3d6.(3P2).4d,4F,3.5,8.0,12.907739,7.355134,168.56825,15000000.0,0.00852,0.05112,0.00022612
3d6.(5D).4p,z 4D*,2.5,6.0,5.552606,3d6.(5D).5d,6D,3.5,8.0,12.981817,7.429211,166.88744,5000000.0,0.0027837,0.016702,7.3878e-05
3d6.(5D).4p,z 4D*,2.5,6.0,5.552606,3d6.(5D).5d,4D,3.5,8.0,13.002624,7.450018,166.42134,2900000.0,0.0016055,0.0096331,4.261e-05
3d6.(5D).4p,z 4D*,2.5,6.0,5.552606,3d6.(5D).5d,4D,2.5,6.0,13.034183,7.481577,165.71934,11000000.0,0.004529,0.027174,0.0001202
3d6.(5D).4p,z 4D*,2.5,6.0,5.552606,3d6.(5D).5d,4G,3.5,8.0,13.074079,7.521473,164.84032,6000000.0,0.0032589,0.019554,8.6492e-05
3d6.(5D).4p,z 4D*,2.5,6.0,5.552606,3d6.(3F2).4d,4F,3.5,8.0,13.237449,7.684843,161.33602,2600000.0,0.0013528,0.0081168,3.5903e-05
3d6.(5D).4p,z 4D*,2.5,6.0,5.552606,3d6.(3F2).4d,4F,2.5,6.0,13.249791,7.697185,161.07733,10000000.0,0.0038898,0.023339,0.00010324
3d6.(1F).4s,c 2F,3.5,8.0,5.568757,3d6.(3P2).4p,z 2D*,2.5,6.0,7.574617,2.00586,618.11003,50000.0,0.00021479,0.0017184,5.7006e-06
3d6.(1F).4s,c 2F,3.5,8.0,5.568757,3d6.(3H).4p,z 2G*,4.5,10.0,7.697326,2.128568,582.47697,20000.0,0.00012716,0.0010173,3.3749e-06
3d6.(1F).4s,c 2F,3.5,8.0,5.568757,3d6.(3F2).4p,z 2F*,3.5,8.0,7.970492,2.401735,516.22769,90000.0,0.00035957,0.0028766,9.543e-06
3d6.(1F).4s,c 2F,3.5,8.0,5.568757,3d6.(3G).4p,x 2G*,4.5,10.0,8.717902,3.149145,393.7075,800000.0,0.0023238,0.018591,6.1675e-05
3d6.(1F).4s,c 2F,3.5,8.0,5.568757,3d6.(3D).4p,x 2D*,2.5,6.0,9.250072,3.681315,336.79325,2200000.0,0.0028059,0.022447,7.4468e-05
3d6.(1F).4s,c 2F,3.5,8.0,5.568757,3d6.(1D2).4p,v 2F*,2.5,6.0,9.638871,4.070113,304.62099,500000.0,0.00052169,0.0041735,1.3846e-05
3d6.(1F).4s,c 2F,3.5,8.0,5.568757,3d6.(1D2).4p,w 2D*,2.5,6.0,9.756423,4.187666,296.06994,14000000.0,0.013799,0.11039,0.00036622
3d6.(1F).4s,c 2F,3.5,8.0,5.568757,3d6.(1F).4p,v 2G*,3.5,8.0,10.328532,4.759775,260.48334,15000000.0,0.015258,0.12207,0.00040496
3d6.(1F).4s,c 2F,3.5,8.0,5.568757,3d6.(1F).4p,v 2D*,2.5,6.0,10.398362,4.829605,256.71705,229000000.0,0.16969,1.3575,0.0045037
3d6.(1F).4s,c 2F,3.5,8.0,5.568757,3d6.(1F).4p,v 2G*,4.5,10.0,10.398704,4.829947,256.69887,261000000.0,0.3223,2.5784,0.0085538
3d6.(1F).4s,c 2F,3.5,8.0,5.568757,3d6.(1F).4p,u 2F*,3.5,8.0,10.722471,5.153714,240.57254,246000000.0,0.21345,1.7076,0.0056648
3d6.(1F).4s,c 2F,3.5,8.0,5.568757,3d6.(3F1).4p,u 2G*,4.5,10.0,11.427833,5.859076,211.61051,5300000.0,0.0044475,0.03558,0.00011804
3d6.(1F).4s,c 2F,3.5,8.0,5.568757,3d5.(4G).4s.4p.(3P*),v 4F*,4.5,10.0,11.459483,5.890726,210.47354,3800000.0,0.0031546,0.025237,8.3724e-05
3d6.(1F).4s,c 2F,3.5,8.0,5.568757,3d6.(3F1).4p,4D*,2.5,6.0,11.518046,5.949289,208.40172,6400000.0,0.0031254,0.025003,8.2948e-05
3d6.(1F).4s,c 2F,3.5,8.0,5.568757,3d6.(1G1).4p,2F*,3.5,8.0,12.261862,6.693105,185.24167,10000000.0,0.0051444,0.041155,0.00013653
3d6.(1F).4s,c 2F,3.5,8.0,5.568757,3d6.(1G1).4p,2G*,4.5,10.0,12.355429,6.786672,182.68778,1500000.0,0.00093817,0.0075053,2.4899e-05
3d6.(1F).4s,c 2F,2.5,6.0,5.570552,3d6.(3P2).4p,z 2D*,1.5,4.0,7.702593,2.132041,581.52816,90000.0,0.0003042,0.0018252,8.0733e-06
3d6.(1F).4s,c 2F,2.5,6.0,5.570552,3d6.(3G).4p,x 2G*,3.5,8.0,8.743824,3.173272,390.7141,1100000.0,0.0033567,0.02014,8.9086e-05
3d6.(1F).4s,c 2F,2.5,6.0,5.570552,3d6.(3D).4p,x 2D*,1.5,4.0,9.236586,3.666034,338.19705,3000000.0,0.0034295,0.020577,9.1019e-05
3d6.(1F).4s,c 2F,2.5,6.0,5.570552,3d6.(3D).4p,w 2F*,2.5,6.0,9.41227,3.841718,322.7311,1300000.0,0.0020299,0.01218,5.3875e-05
3d6.(1F).4s,c 2F,2.5,6.0,5.570552,3d6.(1D2).4p,v 2F*,2.5,6.0,9.638871,4.068319,304.75537,900000.0,0.0012532,0.0075189,3.3259e-05
3d6.(1F).4s,c 2F,2.5,6.0,5.570552,3d6.(1D2).4p,w 2D*,1.5,4.0,9.731166,4.160614,297.99498,9000000.0,0.0079878,0.047927,0.000212
3d6.(1F).4s,c 2F,2.5,6.0,5.570552,3d6.(1F).4p,v 2G*,3.5,8.0,10.328532,4.75798,260.58159,234000000.0,0.31762,1.9057,0.0084295
3d6.(1F).4s,c 2F,2.5,6.0,5.570552,3d6.(1F).4p,v 2D*,2.5,6.0,10.398362,4.82781,256.81248,3600000.0,0.0035595,0.021357,9.447e-05
3d6.(1F).4s,c 2F,2.5,6.0,5.570552,3d6.(1F).4p,v 2D*,1.5,4.0,10.45928,4.888728,253.61241,250000000.0,0.16071,0.96427,0.0042653
3d6.(1F).4s,c 2F,2.5,6.0,5.570552,3d6.(1F).4p,u 2F*,3.5,8.0,10.722471,5.151919,240.65635,16000000.0,0.018523,0.11114,0.0004916
3d6.(1F).4s,c 2F,2.5,6.0,5.570552,3d6.(1F).4p,u 2F*,2.5,6.0,10.730513,5.159961,240.28125,250000000.0,0.21639,1.2983,0.005743
3d6.(1F).4s,c 2F,2.5,6.0,5.570552,3d6.(3P1).4p,v 4D*,2.5,6.0,10.757813,5.187261,239.01669,22000000.0,0.018843,0.11306,0.00050008
3d6.(1F).4s,c 2F,2.5,6.0,5.570552,3d6.(3P1).4p,u 2D*,1.5,4.0,11.433375,5.862823,211.47524,10000000.0,0.0044698,0.026819,0.00011863
3d6.(1F).4s,c 2F,2.5,6.0,5.570552,3d5.(4G).4s.4p.(3P*),v 4F*,3.5,8.0,11.441568,5.871016,211.18014,1300000.0,0.0011589,0.0069534,3.0757e-05
3d6.(1F).4s,c 2F,2.5,6.0,5.570552,3d5.(4G).4s.4p.(3P*),v 4F*,1.5,4.0,11.45101,5.880458,210.84105,2700000.0,0.0011996,0.0071977,3.1838e-05
3d6.(1F).4s,c 2F,2.5,6.0,5.570552,3d6.(3F1).4p,u 2G*,3.5,8.0,11.481273,5.910721,209.76155,9000000.0,0.0079158,0.047495,0.00021008
3d6.(5D).4p,z 4D*,1.5,4.0,5.584768,3d5.4s2,c 4D,1.5,4.0,7.493734,1.908966,649.4835,80000.0,0.00050592,0.0020237,1.3427e-05
3d6.(5D).4p,z 4D*,1.5,4.0,5.584768,3d5.4s2,4F,2.5,6.0,9.099923,3.515155,352.71329,600000.0,0.0016786,0.0067144,4.455e-05
3d6.(5D).4p,z 4D*,1.5,4.0,5.584768,3d5.4s2,4F,1.5,4.0,9.12986,3.545092,349.7348,500000.0,0.00091687,0.0036675,2.4334e-05
3d6.(5D).4p,z 4D*,1.5,4.0,5.584768,3d6.(5D).5s,e 4D,2.5,6.0,9.904542,4.319775,287.01544,40000000.0,0.074101,0.2964,0.0019666
3d6.(5D).4p,z 4D*,1.5,4.0,5.584768,3d6.(5D).5s,e 4D,1.5,4.0,9.940806,4.356038,284.62609,61000000.0,0.074086,0.29635,0.0019663
3d6.(5D).4p,z 4D*,1.5,4.0,5.584768,3d6.(5D).5s,e 4D,0.5,2.0,9.961642,4.376874,283.27113,14000000.0,0.008421,0.033684,0.00022349
3d6.(5D).4p,z 4D*,1.5,4.0,5.584768,3d6.(5D).4d,f 4D,2.5,6.0,10.522652,4.937884,251.08771,26000000.0,0.036862,0.14745,0.00097831
3d6.(5D).4p,z 4D*,1.5,4.0,5.584768,3d6.(5D).4d,f 4D,1.5,4.0,10.544689,4.959921,249.97211,118000000.0,0.11054,0.44217,0.0029338
3d6.(5D).4p,z 4D*,1.5,4.0,5.584768,3d6.(5D).4d,f 4D,0.5,2.0,10.560085,4.975317,249.19861,201000000.0,0.093566,0.37426,0.0024832
3d6.(5D).4p,z 4D*,1.5,4.0,5.584768,3d6.(5D).4d,e 4G,2.5,6.0,10.622936,5.038168,246.08986,67000000.0,0.091246,0.36498,0.0024217
3d6.(5D).4p,z 4D*,1.5,4.0,5.584768,3d6.(5D).4d,4S,1.5,4.0,10.629022,5.044254,245.79292,5100000.0,0.0046192,0.018477,0.00012259
3d6.(5D).4p,z 4D*,1.5,4.0,5.584768,3d6.(5D).4d,e 4F,2.5,6.0,10.737006,5.152238,240.64146,211000000.0,0.27477,1.0991,0.0072925
3d6.(5D).4p,z 4D*,1.5,4.0,5.584768,3d6.(5D).4d,e 4F,1.5,4.0,10.750783,5.166015,239.9997,151000000.0,0.13039,0.52158,0.0034607
3d6.(5D).4p,z 4D*,1.5,4.0,5.584768,3d6.(5D).4d,4P,2.5,6.0,10.908832,5.324064,232.87509,4300000.0,0.005244,0.020976,0.00013918
3d6.(5D).4p,z 4D*,1.5,4.0,5.584768,3d6.(5D).4d,4P,0.5,2.0,10.934051,5.349283,231.77724,65000000.0,0.026175,0.1047,0.00069468
3d6.(5D).4p,z 4D*,1.5,4.0,5.584768,3d6.(5D).6s,4D,1.5,4.0,12.785055,7.200287,172.19342,21000000.0,0.0093349,0.03734,0.00024775
3d6.(5D).4p,z 4D*,1.5,4.0,5.584768,3d6.(3F2).4d,4P,0.5,2.0,13.029036,7.444268,166.54988,43000000.0,0.008941,0.035764,0.00023729
3d6.(5D).4p,z 4D*,1.5,4.0,5.584768,3d6.(5D).5d,4D,2.5,6.0,13.034183,7.449415,166.43482,6000000.0,0.0037376,0.01495,9.9195e-05
3d6.(5D).4p,z 4D*,1.5,4.0,5.584768,3d6.(5D).5d,4D,1.5,4.0,13.046893,7.462125,166.15132,16000000.0,0.006622,0.026488,0.00017575
3d6.(5D).4p,z 4D*,1.5,4.0,5.584768,3d6.(5D).5d,4G,2.5,6.0,13.096546,7.511778,165.05307,4300000.0,0.0026343,0.010537,6.9915e-05
3d6.(5D).4p,z 4F*,2.5,6.0,5.589195,3d5.4s2,b 4G,3.5,8.0,6.730264,1.141068,1086.56275,45000.0,0.001062,0.0063719,2.8185e-05
3d6.(5D).4p,z 4F*,2.5,6.0,5.589195,3d5.4s2,4F,3.5,8.0,9.111878,3.522682,351.95967,360000.0,0.00089143,0.0053486,2.3659e-05
3d6.(5D).4p,z 4F*,2.5,6.0,5.589195,3d6.(5D).5s,e 6D,2.5,6.0,9.735914,4.146718,298.99353,700000.0,0.00093817,0.005629,2.4899e-05
3d6.(5D).4p,z 4F*,2.5,6.0,5.589195,3d6.(5D).5s,e 4D,3.5,8.0,9.849242,4.260047,291.03953,600000.0,0.0010159,0.0060954,2.6962e-05
3d6.(5D).4p,z 4F*,2.5,6.0,5.589195,3d6.(5D).5s,e 4D,2.5,6.0,9.904542,4.315347,287.30992,4500000.0,0.0055689,0.033414,0.0001478
3d6.(5D).4p,z 4F*,2.5,6.0,5.589195,3d6.(5D).5s,e 4D,1.5,4.0,9.940806,4.35161,284.91568,159000000.0,0.129,0.77402,0.0034237
3d6.(5D).4p,z 4F*,2.5,6.0,5.589195,3d6.(5D).4d,f 4D,3.5,8.0,10.499632,4.910437,252.49119,2200000.0,0.0028036,0.016821,7.4407e-05
3d6.(5D).4p,z 4F*,2.5,6.0,5.589195,3d6.(5D).4d,e 6G,2.5,6.0,10.519423,4.930227,251.47766,900000.0,0.0008533,0.0051198,2.2647e-05
3d6.(5D).4p,z 4F*,2.5,6.0,5.589195,3d6.(5D).4d,f 4D,2.5,6.0,10.522652,4.933456,251.31305,33000000.0,0.031247,0.18748,0.00082929
3d6.(5D).4p,z 4F*,2.5,6.0,5.589195,3d6.(5D).4d,e 4G,3.5,8.0,10.59605,5.006855,247.62892,318000000.0,0.38979,2.3387,0.010345
3d6.(5D).4p,z 4F*,2.5,6.0,5.589195,3d6.(5D).4d,e 4G,2.5,6.0,10.622936,5.03374,246.30631,91000000.0,0.082766,0.4966,0.0021966
3d6.(5D).4p,z 4F*,2.5,6.0,5.589195,3d6.(5D).4d,e 4F,3.5,8.0,10.714264,5.125069,241.91713,228000000.0,0.26673,1.6004,0.0070789
3d6.(5D).4p,z 4F*,2.5,6.0,5.589195,3d6.(5D).4d,e 4F,2.5,6.0,10.737006,5.14781,240.84843,49000000.0,0.042613,0.25568,0.001131
3d6.(5D).4p,z 4F*,2.5,6.0,5.589195,3d6.(5D).4d,e 4F,1.5,4.0,10.750783,5.161587,240.20556,22000000.0,0.012687,0.076122,0.00033671
3d6.(5D).4p,z 4F*,2.5,6.0,5.589195,3d6.(5D).4d,4P,1.5,4.0,10.930097,5.340901,232.14097,13000000.0,0.0070019,0.042011,0.00018583
3d6.(5D).4p,z 4F*,2.5,6.0,5.589195,3d6.(5D).6s,4D,1.5,4.0,12.785055,7.195859,172.29936,61000000.0,0.018099,0.1086,0.00048036
3d6.(5D).4p,z 4F*,2.5,6.0,5.589195,3d6.(5D).5d,4D,2.5,6.0,13.034183,7.444987,166.5338,4100000.0,0.0017047,0.010228,4.5243e-05
3d6.(5D).4p,z 4F*,2.5,6.0,5.589195,3d6.(5D).5d,4G,3.5,8.0,13.074079,7.484883,165.64613,90000000.0,0.049363,0.29618,0.0013101
3d6.(5D).4p,z 4F*,2.5,6.0,5.589195,3d6.(5D).5d,4G,2.5,6.0,13.096546,7.50735,165.15041,12000000.0,0.0049068,0.029441,0.00013023
3d6.(5D).4p,z 4F*,2.5,6.0,5.589195,3d6.(3F2).4d,4F,3.5,8.0,13.237449,7.648253,162.10786,4400000.0,0.0023113,0.013868,6.1342e-05
3d6.(5D).4p,z 4F*,2.5,6.0,5.589195,3d6.(3F2).4d,4F,2.5,6.0,13.249791,7.660595,161.84669,8000000.0,0.0031416,0.01885,8.3379e-05
3d6.(5D).4p,z 4F*,2.5,6.0,5.589195,3d6.(3G).4d,4D,1.5,4.0,13.496856,7.907661,156.78998,4700000.0,0.0011548,0.0069287,3.0648e-05
3d6.(5D).4p,z 4D*,0.5,2.0,5.604888,3d5.4s2,4F,1.5,4.0,9.12986,3.524972,351.73104,800000.0,0.0029676,0.0059351,7.8759e-05
3d6.(5D).4p,z 4D*,0.5,2.0,5.604888,3d6.(5D).5s,e 6D,0.5,2.0,9.775414,4.170526,297.28672,1400000.0,0.001855,0.00371,4.9231e-05
3d6.(5D).4p,z 4D*,0.5,2.0,5.604888,3d6.(5D).5s,e 4D,1.5,4.0,9.940806,4.335918,285.94684,30000000.0,0.07355,0.1471,0.001952
3d6.(5D).4p,z 4D*,0.5,2.0,5.604888,3d6.(5D).5s,e 4D,0.5,2.0,9.961642,4.356754,284.57931,55000000.0,0.066777,0.13355,0.0017723
3d6.(5D).4p,z 4D*,0.5,2.0,5.604888,3d6.(5D).4d,e 6G,1.5,4.0,10.531003,4.926115,251.6876,3900000.0,0.0074076,0.014815,0.0001966
3d6.(5D).4p,z 4D*,0.5,2.0,5.604888,3d6.(5D).4d,f 4D,1.5,4.0,10.544689,4.939801,250.99025,44000000.0,0.083111,0.16622,0.0022058
3d6.(5D).4p,z 4D*,0.5,2.0,5.604888,3d6.(5D).4d,f 4D,0.5,2.0,10.560085,4.955197,250.21045,150000000.0,0.14079,0.28157,0.0037365
3d6.(5D).4p,z 4D*,0.5,2.0,5.604888,3d6.(5D).4d,e 4F,1.5,4.0,10.750783,5.145895,240.93807,290000000.0,0.50478,1.0096,0.013397
3d6.(5D).4p,z 4D*,0.5,2.0,5.604888,3d6.(5D).4d,4P,1.5,4.0,10.930097,5.325209,232.82505,10000000.0,0.016254,0.032507,0.00043137
3d6.(5D).4p,z 4D*,0.5,2.0,5.604888,3d6.(5D).4d,4P,0.5,2.0,10.934051,5.329163,232.6523,80000000.0,0.064918,0.12984,0.0017229
3d6.(5D).4p,z 4D*,0.5,2.0,5.604888,3d6.(5D).6s,4D,1.5,4.0,12.785055,7.180167,172.67593,10000000.0,0.0089403,0.017881,0.00023728
3d6.(5D).4p,z 4D*,0.5,2.0,5.604888,3d6.(5D).6s,4D,0.5,2.0,12.80332,7.198432,172.23779,18000000.0,0.0080055,0.016011,0.00021247
3d6.(5D).4p,z 4D*,0.5,2.0,5.604888,3d6.(3P2).4d,4F,1.5,4.0,12.96539,7.360502,168.4453,24000000.0,0.020418,0.040837,0.0005419
3d6.(5D).4p,z 4D*,0.5,2.0,5.604888,3d6.(5D).5d,4F,1.5,4.0,13.247296,7.642408,162.23185,8000000.0,0.0063132,0.012626,0.00016755
3d6.(5D).4p,z 4F*,1.5,4.0,5.615223,3d5.4s2,b 4G,2.5,6.0,6.729323,1.1141,1112.86397,45000.0,0.0012533,0.0050131,3.3262e-05
3d6.(5D).4p,z 4F*,1.5,4.0,5.615223,3d6.(5D).5s,e 4D,1.5,4.0,9.940806,4.325583,286.63003,13000000.0,0.016012,0.064048,0.00042496
3d6.(5D).4p,z 4F*,1.5,4.0,5.615223,3d6.(5D).5s,e 4D,0.5,2.0,9.961642,4.346419,285.25596,196000000.0,0.11955,0.47821,0.0031729
3d6.(5D).4p,z 4F*,1.5,4.0,5.615223,3d6.(5D).4d,f 4D,2.5,6.0,10.522652,4.907429,252.64592,3400000.0,0.0048804,0.019522,0.00012953
3d6.(5D).4p,z 4F*,1.5,4.0,5.615223,3d6.(5D).4d,f 4D,1.5,4.0,10.544689,4.929467,251.51646,22000000.0,0.020865,0.083459,0.00055375
3d6.(5D).4p,z 4F*,1.5,4.0,5.615223,3d6.(5D).4d,e 4G,2.5,6.0,10.622936,5.007713,247.58647,372000000.0,0.5128,2.0512,0.01361
3d6.(5D).4p,z 4F*,1.5,4.0,5.615223,3d6.(5D).4d,e 4F,2.5,6.0,10.737006,5.121783,242.07233,162000000.0,0.21348,0.85392,0.0056657
3d6.(5D).4p,z 4F*,1.5,4.0,5.615223,3d6.(5D).4d,e 4F,1.5,4.0,10.750783,5.13556,241.42293,90000000.0,0.078643,0.31457,0.0020872
3d6.(5D).4p,z 4F*,1.5,4.0,5.615223,3d6.(5D).4d,4P,0.5,2.0,10.934051,5.318828,233.10435,7000000.0,0.0028512,0.011405,7.5671e-05
3d6.(5D).4p,z 4F*,1.5,4.0,5.615223,3d6.(5D).6s,4D,0.5,2.0,12.80332,7.188097,172.48542,75000000.0,0.016726,0.066905,0.00044391
3d6.(5D).4p,z 4F*,1.5,4.0,5.615223,3d6.(5D).5d,4G,2.5,6.0,13.096546,7.481323,165.72496,90000000.0,0.055586,0.22235,0.0014753
3d6.(5D).4p,z 4F*,1.5,4.0,5.615223,3d6.(5D).5d,4F,1.5,4.0,13.247296,7.632073,162.45153,14000000.0,0.005539,0.022156,0.00014701
3d6.(5D).4p,z 4F*,1.5,4.0,5.615223,3d6.(3F2).4d,4F,2.5,6.0,13.249791,7.634568,162.39844,6000000.0,0.0035585,0.014234,9.4442e-05
3d6.(5D).4p,z 4P*,2.5,6.0,5.823225,3d5.4s2,d 4P,2.5,6.0,7.118067,1.294843,957.52322,37000.0,0.00050858,0.0030515,1.3498e-05
3d6.(5D).4p,z 4P*,2.5,6.0,5.823225,3d5.4s2,c 4D,3.5,8.0,7.472571,1.649346,751.71713,60000.0,0.00067773,0.0040664,1.7987e-05
3d6.(5D).4p,z 4P*,2.5,6.0,5.823225,3d6.(5D).5s,e 6D,3.5,8.0,9.70024,3.877015,319.79294,900000.0,0.0018398,0.011039,4.8829e-05
3d6.(5D).4p,z 4P*,2.5,6.0,5.823225,3d6.(5D).5s,e 4D,3.5,8.0,9.849242,4.026017,307.95743,56000000.0,0.10616,0.63697,0.0028175
3d6.(5D).4p,z 4P*,2.5,6.0,5.823225,3d6.(5D).5s,e 4D,2.5,6.0,9.904542,4.081318,303.78472,22000000.0,0.030438,0.18263,0.00080782
3d6.(5D).4p,z 4P*,2.5,6.0,5.823225,3d6.(5D).5s,e 4D,1.5,4.0,9.940806,4.117581,301.10932,5000000.0,0.0045309,0.027186,0.00012025
3d6.(5D).4p,z 4P*,2.5,6.0,5.823225,3d6.(5D).4d,6P,3.5,8.0,10.447726,4.624501,268.10285,11000000.0,0.015805,0.09483,0.00041946
3d6.(5D).4p,z 4P*,2.5,6.0,5.823225,3d6.(5D).4d,f 4D,3.5,8.0,10.499632,4.676407,265.12702,160000000.0,0.22482,1.3489,0.0059666
3d6.(5D).4p,z 4P*,2.5,6.0,5.823225,3d6.(5D).4d,e 6G,3.5,8.0,10.502794,4.67957,264.94787,19000000.0,0.026661,0.15996,0.00070758
3d6.(5D).4p,z 4P*,2.5,6.0,5.823225,3d6.(5D).4d,f 4D,2.5,6.0,10.522652,4.699427,263.82832,62000000.0,0.064698,0.38819,0.0017171
3d6.(5D).4p,z 4P*,2.5,6.0,5.823225,3d6.(5D).4d,f 4D,1.5,4.0,10.544689,4.721465,262.59691,20000000.0,0.013784,0.082704,0.00036583
3d6.(5D).4p,z 4P*,2.5,6.0,5.823225,3d6.(5D).4d,4S,1.5,4.0,10.629022,4.805798,257.98881,315000000.0,0.20955,1.2573,0.0055614
3d6.(5D).4p,z 4P*,2.5,6.0,5.823225,3d6.(5D).4d,e 4F,3.5,8.0,10.714264,4.89104,253.49252,10000000.0,0.012845,0.077069,0.0003409
3d6.(5D).4p,z 4P*,2.5,6.0,5.823225,3d6.(5D).4d,e 4F,2.5,6.0,10.737006,4.913781,252.31934,3600000.0,0.0034361,0.020616,9.1194e-05
3d6.(5D).4p,z 4P*,2.5,6.0,5.823225,3d6.(5D).4d,4P,2.5,6.0,10.908832,5.085608,243.79427,288000000.0,0.25663,1.5398,0.0068108
3d6.(5D).4p,z 4P*,2.5,6.0,5.823225,3d6.(5D).4d,4P,1.5,4.0,10.930097,5.106872,242.77914,111000000.0,0.06539,0.39234,0.0017355
3d6.(5D).4p,z 4P*,2.5,6.0,5.823225,3d6.(5D).6s,6D,3.5,8.0,12.650227,6.827003,181.60854,1700000.0,0.0011208,0.0067247,2.9745e-05
3d6.(5D).4p,z 4P*,2.5,6.0,5.823225,3d6.(5D).6s,4D,3.5,8.0,12.695333,6.872108,180.41655,8000000.0,0.0052052,0.031231,0.00013815
3d6.(5D).4p,z 4P*,2.5,6.0,5.823225,3d6.(5D).6s,4D,2.5,6.0,12.745867,6.922643,179.09952,3000000.0,0.0014427,0.0086561,3.8289e-05
3d6.(5D).4p,z 4P*,2.5,6.0,5.823225,3d6.(3F2).4d,4P,2.5,6.0,12.985988,7.162763,173.09549,14000000.0,0.0062887,0.037732,0.0001669
3d6.(5D).4p,z 4P*,2.5,6.0,5.823225,3d6.(3F2).4d,4P,1.5,4.0,12.998502,7.175277,172.7936,15000000.0,0.0044763,0.026858,0.0001188
3d6.(5D).4p,z 4P*,2.5,6.0,5.823225,3d6.(5D).5d,4D,3.5,8.0,13.002624,7.179399,172.6944,6000000.0,0.0035769,0.021461,9.4931e-05
3d6.(5D).4p,z 4P*,2.5,6.0,5.823225,3d6.(5D).5d,4P,2.5,6.0,13.241101,7.417876,167.14246,31000000.0,0.012984,0.077902,0.00034458
3d6.(5D).4p,z 4P*,2.5,6.0,5.823225,3d6.(3F2).4d,4F,2.5,6.0,13.249791,7.426566,166.94687,9000000.0,0.0037606,0.022564,9.9807e-05
3d6.(5D).4p,z 4P*,2.5,6.0,5.823225,3d6.(5D).5d,4P,1.5,4.0,13.274486,7.451261,166.39357,18000000.0,0.004981,0.029886,0.00013219
3d6.(5D).4p,z 4P*,1.5,4.0,5.875587,3d5.4s2,c 4D,2.5,6.0,7.49426,1.618672,765.96245,60000.0,0.00079162,0.0031665,2.101e-05
3d6.(5D).4p,z 4P*,1.5,4.0,5.875587,3d6.(5D).5s,e 6D,2.5,6.0,9.735914,3.860327,321.17542,500000.0,0.0011599,0.0046394,3.0783e-05
3d6.(5D).4p,z 4P*,1.5,4.0,5.875587,3d6.(5D).5s,e 4D,2.5,6.0,9.904542,4.028955,307.73289,38000000.0,0.080925,0.3237,0.0021477
3d6.(5D).4p,z 4P*,1.5,4.0,5.875587,3d6.(5D).5s,e 4D,1.5,4.0,9.940806,4.065218,304.98781,38000000.0,0.052992,0.21197,0.0014064
3d6.(5D).4p,z 4P*,1.5,4.0,5.875587,3d6.(5D).5s,e 4D,0.5,2.0,9.961642,4.086054,303.43258,13000000.0,0.0089722,0.035889,0.00023812
3d6.(5D).4p,z 4P*,1.5,4.0,5.875587,3d6.(5D).4d,6P,1.5,4.0,10.467294,4.591707,270.01767,2100000.0,0.0022954,0.0091817,6.0921e-05
3d6.(5D).4p,z 4P*,1.5,4.0,5.875587,3d6.(5D).4d,f 4D,2.5,6.0,10.522652,4.647064,266.80112,102000000.0,0.16328,0.65311,0.0043334
3d6.(5D).4p,z 4P*,1.5,4.0,5.875587,3d6.(5D).4d,f 4D,1.5,4.0,10.544689,4.669102,265.54186,81000000.0,0.085627,0.34251,0.0022725
3d6.(5D).4p,z 4P*,1.5,4.0,5.875587,3d6.(5D).4d,f 4D,0.5,2.0,10.560085,4.684497,264.66917,33000000.0,0.017328,0.069312,0.00045989
3d6.(5D).4p,z 4P*,1.5,4.0,5.875587,3d6.(5D).4d,4S,1.5,4.0,10.629022,4.753435,260.83075,158000000.0,0.16115,0.64461,0.004277
3d6.(5D).4p,z 4P*,1.5,4.0,5.875587,3d6.(5D).4d,e 4F,1.5,4.0,10.750783,4.875195,254.31637,2400000.0,0.0023271,0.0093085,6.1762e-05
3d6.(5D).4p,z 4P*,1.5,4.0,5.875587,3d6.(5D).4d,4P,1.5,4.0,10.930097,5.054509,245.29423,80000000.0,0.072165,0.28866,0.0019152
3d6.(5D).4p,z 4P*,1.5,4.0,5.875587,3d6.(5D).4d,4P,0.5,2.0,10.934051,5.058463,245.1025,340000000.0,0.15311,0.61244,0.0040635
3d6.(5D).4p,z 4P*,1.5,4.0,5.875587,3d6.(5D).6s,4D,2.5,6.0,12.745867,6.87028,180.46455,6000000.0,0.0043943,0.017577,0.00011662
3d6.(5D).4p,z 4P*,1.5,4.0,5.875587,3d6.(5D).6s,4D,1.5,4.0,12.785055,6.909467,179.44104,6000000.0,0.0028964,0.011585,7.687e-05
3d6.(5D).4p,z 4P*,1.5,4.0,5.875587,3d6.(3F2).4d,4P,0.5,2.0,13.029036,7.153449,173.32087,15000000.0,0.0033777,0.013511,8.9644e-05
3d6.(5D).4p,z 4P*,1.5,4.0,5.875587,3d6.(5D).5d,4D,2.5,6.0,13.034183,7.158595,173.19627,12000000.0,0.0080949,0.032379,0.00021484
3d6.(5D).4p,z 4P*,1.5,4.0,5.875587,3d6.(5D).5d,4D,1.5,4.0,13.046893,7.171306,172.88929,7000000.0,0.0031369,0.012547,8.3252e-05
3d6.(5D).4p,z 4P*,1.5,4.0,5.875587,3d6.(5D).5d,4P,2.5,6.0,13.241101,7.365513,168.3307,17000000.0,0.010832,0.04333,0.00028749
3d6.(5D).4p,z 4P*,1.5,4.0,5.875587,3d6.(3F2).4d,4F,2.5,6.0,13.249791,7.374203,168.13233,2600000.0,0.0016528,0.0066113,4.3866e-05
3d6.(5D).4p,z 4P*,1.5,4.0,5.875587,3d6.(5D).5d,4P,0.5,2.0,13.288142,7.412555,167.26244,49000000.0,0.010276,0.041104,0.00027272
3d6.(5D).4p,z 4P*,0.5,2.0,5.904885,3d5.4s2,c 4D,1.5,4.0,7.493734,1.588849,780.33971,37000.0,0.00067555,0.0013511,1.7929e-05
3d6.(5D).4p,z 4P*,0.5,2.0,5.904885,3d6.(5D).5s,e 4D,1.5,4.0,9.940806,4.035921,307.20178,26000000.0,0.073572,0.14714,0.0019526
3d6.(5D).4p,z 4P*,0.5,2.0,5.904885,3d6.(5D).5s,e 4D,0.5,2.0,9.961642,4.056757,305.62394,57000000.0,0.07982,0.15964,0.0021184
3d6.(5D).4p,z 4P*,0.5,2.0,5.904885,3d6.(5D).4d,f 4D,1.5,4.0,10.544689,4.639804,267.2186,65000000.0,0.13917,0.27833,0.0036935
3d6.(5D).4p,z 4P*,0.5,2.0,5.904885,3d6.(5D).4d,f 4D,0.5,2.0,10.560085,4.6552,266.33487,130000000.0,0.13825,0.2765,0.0036691
3d6.(5D).4p,z 4P*,0.5,2.0,5.904885,3d6.(5D).4d,4S,1.5,4.0,10.629022,4.724137,262.44834,45000000.0,0.092937,0.18587,0.0024666
3d6.(5D).4p,z 4P*,0.5,2.0,5.904885,3d6.(5D).4d,4P,1.5,4.0,10.930097,5.025212,246.72433,240000000.0,0.43805,0.8761,0.011626
3d6.(5D).4p,z 4P*,0.5,2.0,5.904885,3d6.(5D).4d,4P,0.5,2.0,10.934051,5.029166,246.53035,80000000.0,0.072894,0.14579,0.0019346
3d6.(5D).4p,z 4P*,0.5,2.0,5.904885,3d6.(5D).6s,4D,1.5,4.0,12.785055,6.88017,180.20515,3900000.0,0.0037974,0.0075948,0.00010078
3d6.(5D).4p,z 4P*,0.5,2.0,5.904885,3d6.(5D).6s,4D,0.5,2.0,12.80332,6.898435,179.72802,9000000.0,0.0043585,0.0087169,0.00011567
3d6.(5D).4p,z 4P*,0.5,2.0,5.904885,3d6.(5D).5d,4P,1.5,4.0,13.274486,7.369601,168.23733,30000000.0,0.02546,0.05092,0.0006757
3d6.(5D).4p,z 4P*,0.5,2.0,5.904885,3d6.(5D).5d,4P,0.5,2.0,13.288142,7.383257,167.92616,11000000.0,0.0046504,0.0093008,0.00012342
3d7,d 2D1,1.5,4.0,5.910913,3d6.(3P2).4p,z 2P*,0.5,2.0,8.034981,2.124068,583.71098,190000.0,0.00048526,0.0019411,1.2879e-05
3d7,d 2D1,1.5,4.0,5.910913,3d6.(3F2).4p,y 2D*,1.5,4.0,8.340892,2.429979,510.22736,430000.0,0.0016782,0.006713,4.4541e-05
3d7,d 2D1,1.5,4.0,5.910913,3d6.(3G).4p,y 2F*,2.5,6.0,8.635559,2.724646,455.04696,900000.0,0.0041909,0.016764,0.00011123
3d7,d 2D1,1.5,4.0,5.910913,3d6.(1G2).4p,x 2F*,2.5,6.0,9.057655,3.146742,394.00816,800000.0,0.0027929,0.011171,7.4123e-05
3d7,d 2D1,1.5,4.0,5.910913,3d6.(3D).4p,x 2D*,2.5,6.0,9.250072,3.339159,371.30363,150000.0,0.00046505,0.0018602,1.2342e-05
3d7,d 2D1,1.5,4.0,5.910913,3d6.(1D2).4p,w 2P*,0.5,2.0,9.775146,3.864233,320.8507,600000.0,0.00046301,0.001852,1.2288e-05
3d7,d 2D1,1.5,4.0,5.910913,3d6.(1D2).4p,w 2P*,1.5,4.0,9.824937,3.914024,316.76912,24000.0,3.6104e-05,0.00014442,9.582e-07
3d7,d 2D1,1.5,4.0,5.910913,3d5.(6S).4s.4p.(1P*),x 6P*,1.5,4.0,9.825243,3.91433,316.74439,16000.0,2.4066e-05,9.6263e-05,6.387e-07
3d7,d 2D1,1.5,4.0,5.910913,3d6.(1F).4p,v 2D*,1.5,4.0,10.45928,4.548367,272.59059,3100000.0,0.0034534,0.013813,9.1652e-05
3d7,d 2D1,1.5,4.0,5.910913,3d6.(3P1).4p,u 2D*,1.5,4.0,11.433375,5.522462,224.5089,65000000.0,0.049118,0.19647,0.0013036
3d7,d 2D1,1.5,4.0,5.910913,3d6.(3F1).4p,4D*,1.5,4.0,11.486837,5.575924,222.35631,5000000.0,0.0037062,0.014825,9.8362e-05
3d7,d 2D1,1.5,4.0,5.910913,3d6.(3P1).4p,u 2D*,2.5,6.0,11.492765,5.581852,222.12019,4100000.0,0.0045489,0.018196,0.00012073
3d7,d 2D1,1.5,4.0,5.910913,3d6.(3F1).4p,2F*,2.5,6.0,11.784224,5.873311,211.09761,30000000.0,0.030063,0.12025,0.00079788
3d7,d 2D1,1.5,4.0,5.910913,3d5.(4G).4s.4p.(3P*),t 2F*,2.5,6.0,11.937104,6.026191,205.74224,3600000.0,0.0034269,0.013708,9.095e-05
3d7,d 2D1,2.5,6.0,5.95609,3d6.(3P2).4p,z 2P*,1.5,4.0,8.0384,2.08231,595.41671,190000.0,0.00067323,0.0040394,1.7868e-05
3d7,d 2D1,2.5,6.0,5.95609,3d6.(3F2).4p,y 2D*,2.5,6.0,8.307007,2.350917,527.38663,390000.0,0.0016262,0.0097574,4.316e-05
3d7,d 2D1,2.5,6.0,5.95609,3d6.(3G).4p,y 2F*,3.5,8.0,8.630114,2.674024,463.66151,1000000.0,0.0042973,0.025784,0.00011405
3d7,d 2D1,2.5,6.0,5.95609,3d6.(1D2).4p,w 2P*,1.5,4.0,9.824937,3.868847,320.46811,370000.0,0.00037979,0.0022787,1.008e-05
3d7,d 2D1,2.5,6.0,5.95609,3d5.(6S).4s.4p.(1P*),x 6P*,1.5,4.0,9.825243,3.869152,320.44281,240000.0,0.00024631,0.0014779,6.537e-06
3d7,d 2D1,2.5,6.0,5.95609,3d6.(1F).4p,v 2D*,2.5,6.0,10.398362,4.442272,279.10087,1900000.0,0.0022189,0.013313,5.8889e-05
3d7,d 2D1,2.5,6.0,5.95609,3d6.(3P1).4p,v 4D*,3.5,8.0,10.777905,4.821814,257.13184,110000.0,0.00014538,0.00087228,3.8584e-06
3d7,d 2D1,2.5,6.0,5.95609,3d6.(3P1).4p,u 2D*,1.5,4.0,11.433375,5.477285,226.36069,10000000.0,0.0051212,0.030727,0.00013592
3d7,d 2D1,2.5,6.0,5.95609,3d6.(3P1).4p,u 2D*,2.5,6.0,11.492765,5.536674,223.93263,66000000.0,0.049618,0.29771,0.0013169
3d7,d 2D1,2.5,6.0,5.95609,3d6.(3F1).4p,4D*,2.5,6.0,11.518046,5.561956,222.91476,42000000.0,0.031289,0.18773,0.0008304
3d7,d 2D1,2.5,6.0,5.95609,3d6.(3F1).4p,2D*,2.5,6.0,11.741355,5.785265,214.31033,15000000.0,0.010328,0.061971,0.00027412
3d7,d 2D1,2.5,6.0,5.95609,3d5.(4P).4s.4p.(3P*),4P*,1.5,4.0,11.746156,5.790065,214.13264,6000000.0,0.0027497,0.016498,7.2977e-05
3d7,d 2D1,2.5,6.0,5.95609,3d6.(3F1).4p,2F*,3.5,8.0,11.788336,5.832246,212.58398,24000000.0,0.021681,0.13008,0.0005754
3d7,d 2D1,2.5,6.0,5.95609,3d6.(1G1).4p,2F*,3.5,8.0,12.261862,6.305772,196.62017,51000000.0,0.039412,0.23647,0.001046
3d6.(3P1).4s,c 4P,0.5,2.0,6.087743,3d6.(3P2).4p,z 4S*,1.5,4.0,7.397324,1.309581,946.747,40000.0,0.001075,0.00215,2.8531e-05
3d6.(3P1).4s,c 4P,0.5,2.0,6.087743,3d6.(3D).4p,w 4P*,1.5,4.0,8.932201,2.844458,435.87982,900000.0,0.005127,0.010254,0.00013607
3d6.(3P1).4s,c 4P,0.5,2.0,6.087743,3d6.(3P1).4p,v 4D*,0.5,2.0,10.710844,4.623102,268.18402,110000000.0,0.11861,0.23722,0.0031479
3d6.(3P1).4s,c 4P,0.5,2.0,6.087743,3d6.(3P1).4p,v 4D*,1.5,4.0,10.730076,4.642334,267.073,52000000.0,0.11121,0.22242,0.0029516
3d6.(3P1).4s,c 4P,0.5,2.0,6.087743,3d6.(3P1).4p,4P*,0.5,2.0,11.262661,5.174918,239.58677,31000000.0,0.026678,0.053355,0.00070802
3d6.(3P1).4s,c 4P,0.5,2.0,6.087743,3d6.(3P1).5p,4P*,1.5,4.0,11.288541,5.200798,238.39454,22000000.0,0.037489,0.074978,0.00099496
3d6.(3P1).4s,c 4P,0.5,2.0,6.087743,3d6.(5D).5p,4F*,1.5,4.0,11.308461,5.220719,237.48492,2500000.0,0.0042277,0.0084554,0.0001122
3d6.(3P1).4s,c 4P,0.5,2.0,6.087743,3d6.(3P1).4p,u 2D*,1.5,4.0,11.433375,5.345633,231.9355,2600000.0,0.0041937,0.0083874,0.0001113
3d6.(3P1).4s,c 4P,0.5,2.0,6.087743,3d6.(5D).5p,4P*,1.5,4.0,11.434511,5.346768,231.88625,64000000.0,0.10319,0.20637,0.0027385
3d6.(3P1).4s,c 4P,0.5,2.0,6.087743,3d6.(5D).5p,4P*,0.5,2.0,11.445572,5.357829,231.40752,29000000.0,0.023282,0.046563,0.00061789
3d6.(3P1).4s,c 4P,0.5,2.0,6.087743,3d6.(3F1).4p,4D*,0.5,2.0,11.462756,5.375014,230.66769,90000000.0,0.071792,0.14358,0.0019054
3d6.(3P1).4s,c 4P,0.5,2.0,6.087743,3d5.(4D).4s.4p.(3P*),4P*,0.5,2.0,12.572292,6.484549,191.19941,12000000.0,0.0065768,0.013154,0.00017455
3d6.(3P1).4s,c 4P,0.5,2.0,6.087743,3d5.(4D).4s.4p.(3P*),4P*,1.5,4.0,12.593568,6.505825,190.57413,26000000.0,0.028313,0.056627,0.00075144
3d6.(3P1).4s,c 4P,1.5,4.0,6.138076,3d6.(3P2).4p,z 4S*,1.5,4.0,7.397324,1.259248,984.58936,32000.0,0.00046507,0.0018603,1.2343e-05
3d6.(3P1).4s,c 4P,1.5,4.0,6.138076,3d6.(3D).4p,w 4P*,2.5,6.0,8.922492,2.784416,445.27904,690000.0,0.0030766,0.012306,8.1652e-05
3d6.(3P1).4s,c 4P,1.5,4.0,6.138076,3d6.(3D).4p,w 4P*,0.5,2.0,8.95327,2.815194,440.41091,470000.0,0.00068335,0.0027334,1.8136e-05
3d6.(3P1).4s,c 4P,1.5,4.0,6.138076,3d6.(1F).4p,v 2D*,2.5,6.0,10.398362,4.260286,291.02315,700000.0,0.0013332,0.0053329,3.5384e-05
3d6.(3P1).4s,c 4P,1.5,4.0,6.138076,3d6.(3P1).4p,v 4D*,1.5,4.0,10.730076,4.592,270.00041,62000000.0,0.067761,0.27104,0.0017984
3d6.(3P1).4s,c 4P,1.5,4.0,6.138076,3d6.(1F).4p,u 2F*,2.5,6.0,10.730513,4.592437,269.97472,5900000.0,0.0096705,0.038682,0.00025666
3d6.(3P1).4s,c 4P,1.5,4.0,6.138076,3d6.(3P1).4p,v 4D*,2.5,6.0,10.757813,4.619737,268.37934,73000000.0,0.11824,0.47297,0.0031381
3d6.(3P1).4s,c 4P,1.5,4.0,6.138076,3d6.(3P1).4p,4S*,1.5,4.0,11.236664,5.098588,243.17357,107000000.0,0.094858,0.37943,0.0025175
3d6.(3P1).4s,c 4P,1.5,4.0,6.138076,3d6.(5D).5p,4D*,2.5,6.0,11.237782,5.099706,243.1203,1200000.0,0.0015951,0.0063802,4.2333e-05
3d6.(3P1).4s,c 4P,1.5,4.0,6.138076,3d6.(3P1).4p,4P*,0.5,2.0,11.262661,5.124585,241.93997,140000000.0,0.061429,0.24572,0.0016303
3d6.(3P1).4s,c 4P,1.5,4.0,6.138076,3d6.(5D).5p,4F*,2.5,6.0,11.291311,5.153235,240.59488,5400000.0,0.0070294,0.028118,0.00018656
3d6.(3P1).4s,c 4P,1.5,4.0,6.138076,3d6.(3P1).4p,4P*,2.5,6.0,11.440533,5.302457,233.82404,73000000.0,0.089754,0.35901,0.0023821
3d6.(3P1).4s,c 4P,1.5,4.0,6.138076,3d5.(4G).4s.4p.(3P*),v 4F*,2.5,6.0,11.447449,5.309373,233.51946,37000000.0,0.045373,0.18149,0.0012042
3d6.(3P1).4s,c 4P,1.5,4.0,6.138076,3d5.(4G).4s.4p.(3P*),v 4F*,1.5,4.0,11.45101,5.312934,233.36295,5000000.0,0.0040822,0.016329,0.00010834
3d6.(3P1).4s,c 4P,1.5,4.0,6.138076,3d6.(3F1).4p,4D*,2.5,6.0,11.518046,5.37997,230.45519,30000000.0,0.03583,0.14332,0.00095092
3d6.(3P1).4s,c 4P,1.5,4.0,6.138076,3d6.(3F1).4p,u 4F*,2.5,6.0,11.579555,5.441479,227.85018,5000000.0,0.0058374,0.02335,0.00015492
3d6.(3P1).4s,c 4P,1.5,4.0,6.138076,3d5.(4P).4s.4p.(3P*),4D*,2.5,6.0,11.901964,5.763888,215.10513,3000000.0,0.0031216,0.012486,8.2847e-05
3d6.(3P1).4s,c 4P,1.5,4.0,6.138076,3d5.(4P).4s.4p.(3P*),4S*,1.5,4.0,12.192402,6.054326,204.78612,24000000.0,0.015089,0.060358,0.00040047
3d6.(3P1).4s,c 4P,1.5,4.0,6.138076,3d5.(4D).4s.4p.(3P*),4P*,0.5,2.0,12.572292,6.434216,192.69511,56000000.0,0.015587,0.062347,0.00041368
3d6.(3P1).4s,c 4P,1.5,4.0,6.138076,3d5.(4D).4s.4p.(3P*),4P*,1.5,4.0,12.593568,6.455492,192.06003,6000000.0,0.0033181,0.013272,8.8061e-05
3d6.(3P1).4s,c 4P,1.5,4.0,6.138076,3d5.(4D).4s.4p.(3P*),4P*,2.5,6.0,12.609999,6.471923,191.57244,21000000.0,0.017332,0.069326,0.00045998
3d6.(3F1).4s,c 4F,1.5,4.0,6.208623,3d6.(3G).4p,x 4F*,1.5,4.0,8.258917,2.050294,604.71418,130000.0,0.00071269,0.0028508,1.8915e-05
3d6.(3F1).4s,c 4F,1.5,4.0,6.208623,3d6.(3P1).4p,v 4D*,0.5,2.0,10.710844,4.502221,275.38449,110000000.0,0.062532,0.25013,0.0016596
3d6.(3F1).4s,c 4F,1.5,4.0,6.208623,3d6.(3P1).4p,v 4D*,1.5,4.0,10.730076,4.521453,274.21315,21000000.0,0.023673,0.094692,0.00062828
3d6.(3F1).4s,c 4F,1.5,4.0,6.208623,3d6.(3P1).4p,v 4D*,2.5,6.0,10.757813,4.54919,272.54125,1200000.0,0.0020045,0.0080178,5.3198e-05
3d6.(3F1).4s,c 4F,1.5,4.0,6.208623,3d6.(3F1).4p,4G*,2.5,6.0,11.124778,4.916155,252.19751,221000000.0,0.3161,1.2644,0.0083893
3d6.(3F1).4s,c 4F,1.5,4.0,6.208623,3d6.(5D).5p,4F*,2.5,6.0,11.291311,5.082688,243.9343,1000000.0,0.0013381,0.0053525,3.5514e-05
3d6.(3F1).4s,c 4F,1.5,4.0,6.208623,3d6.(3P1).4p,u 2D*,1.5,4.0,11.433375,5.224752,237.30158,15000000.0,0.012663,0.050654,0.00033609
3d6.(3F1).4s,c 4F,1.5,4.0,6.208623,3d6.(3P1).4p,4P*,2.5,6.0,11.440533,5.23191,236.97692,5000000.0,0.0063144,0.025258,0.00016758
3d6.(3F1).4s,c 4F,1.5,4.0,6.208623,3d6.(5D).5p,4P*,0.5,2.0,11.445572,5.236949,236.74891,4300000.0,0.0018066,0.0072266,4.7948e-05
3d6.(3F1).4s,c 4F,1.5,4.0,6.208623,3d5.(4G).4s.4p.(3P*),v 4F*,1.5,4.0,11.45101,5.242387,236.50332,55000000.0,0.046121,0.18448,0.001224
3d6.(3F1).4s,c 4F,1.5,4.0,6.208623,3d6.(3F1).4p,4D*,0.5,2.0,11.462756,5.254134,235.97459,140000000.0,0.058437,0.23375,0.0015509
3d6.(3F1).4s,c 4F,1.5,4.0,6.208623,3d6.(3F1).4p,u 4F*,1.5,4.0,11.571266,5.362643,231.1998,151000000.0,0.12101,0.48403,0.0032115
3d6.(3F1).4s,c 4F,1.5,4.0,6.208623,3d6.(3F1).4p,u 4F*,2.5,6.0,11.579555,5.370932,230.84298,35000000.0,0.041942,0.16777,0.0011131
3d6.(3F1).4s,c 4F,1.5,4.0,6.208623,3d5.(4G).4s.4p.(3P*),w 4G*,2.5,6.0,11.653049,5.444426,227.72683,15000000.0,0.017493,0.069973,0.00046427
3d6.(3F1).4s,c 4F,1.5,4.0,6.208623,3d5.(2D3).4s.4p.(3P*),4D*,2.5,6.0,13.268532,7.05991,175.61726,2200000.0,0.0015258,0.0061033,4.0496e-05
3d6.(3F1).4s,c 4F,1.5,4.0,6.208623,3d5.(2F1).4s.4p.(3P*),4D*,0.5,2.0,13.488626,7.280003,170.30788,9000000.0,0.0019568,0.0078271,5.1933e-05
3d6.(3F1).4s,c 4F,2.5,6.0,6.216916,3d6.(3H).4p,z 4G*,3.5,8.0,7.557678,1.340761,924.72977,40000.0,0.00068374,0.0041024,1.8146e-05
3d6.(3F1).4s,c 4F,2.5,6.0,6.216916,3d6.(3G).4p,x 4G*,3.5,8.0,8.174447,1.95753,633.37049,180000.0,0.0014434,0.0086604,3.8308e-05
3d6.(3F1).4s,c 4F,2.5,6.0,6.216916,3d6.(3P1).4p,v 4D*,1.5,4.0,10.730076,4.51316,274.71704,96000000.0,0.072412,0.43447,0.0019218
3d6.(3F1).4s,c 4F,2.5,6.0,6.216916,3d6.(1F).4p,u 2F*,2.5,6.0,10.730513,4.513597,274.69044,900000.0,0.0010181,0.0061086,2.702e-05
3d6.(3F1).4s,c 4F,2.5,6.0,6.216916,3d6.(3P1).4p,v 4D*,2.5,6.0,10.757813,4.540897,273.03901,10000000.0,0.011177,0.067059,0.00029663
3d6.(3F1).4s,c 4F,2.5,6.0,6.216916,3d6.(3P1).4p,v 4D*,3.5,8.0,10.777905,4.560989,271.83624,6100000.0,0.0090104,0.054062,0.00023914
3d6.(3F1).4s,c 4F,2.5,6.0,6.216916,3d6.(3F1).4p,4G*,2.5,6.0,11.124778,4.907861,252.62367,38000000.0,0.036357,0.21814,0.00096492
3d6.(3F1).4s,c 4F,2.5,6.0,6.216916,3d6.(3F1).4p,4G*,3.5,8.0,11.144989,4.928073,251.58761,213000000.0,0.2695,1.617,0.0071525
3d6.(3F1).4s,c 4F,2.5,6.0,6.216916,3d6.(5D).5p,6F*,3.5,8.0,11.195851,4.978935,249.01752,600000.0,0.00074372,0.0044623,1.9738e-05
3d6.(3F1).4s,c 4F,2.5,6.0,6.216916,3d6.(5D).5p,4F*,3.5,8.0,11.255363,5.038447,246.07624,900000.0,0.0010894,0.0065363,2.8912e-05
3d6.(3F1).4s,c 4F,2.5,6.0,6.216916,3d6.(5D).5p,4P*,2.5,6.0,11.270304,5.053387,245.34869,2800000.0,0.0025269,0.015161,6.7063e-05
3d6.(3F1).4s,c 4F,2.5,6.0,6.216916,3d6.(3P1).5p,4P*,1.5,4.0,11.288541,5.071625,244.46642,16000000.0,0.0095571,0.057343,0.00025365
3d6.(3F1).4s,c 4F,2.5,6.0,6.216916,3d6.(5D).5p,4F*,2.5,6.0,11.291311,5.074395,244.33297,3500000.0,0.0031325,0.018795,8.3137e-05
3d6.(3F1).4s,c 4F,2.5,6.0,6.216916,3d6.(5D).5p,4P*,1.5,4.0,11.434511,5.217595,237.62712,27000000.0,0.015238,0.091427,0.00040441
3d6.(3F1).4s,c 4F,2.5,6.0,6.216916,3d6.(3P1).4p,4P*,2.5,6.0,11.440533,5.223617,237.35316,28000000.0,0.023649,0.14189,0.00062764
3d6.(3F1).4s,c 4F,2.5,6.0,6.216916,3d5.(4G).4s.4p.(3P*),v 4F*,1.5,4.0,11.45101,5.234094,236.87806,28000000.0,0.015703,0.094217,0.00041675
3d6.(3F1).4s,c 4F,2.5,6.0,6.216916,3d6.(3F1).4p,4D*,1.5,4.0,11.486837,5.269921,235.26766,74000000.0,0.040938,0.24563,0.0010865
3d6.(3F1).4s,c 4F,2.5,6.0,6.216916,3d6.(3F1).4p,u 4F*,1.5,4.0,11.571266,5.35435,231.55791,21000000.0,0.011254,0.067524,0.00029868
3d6.(3F1).4s,c 4F,2.5,6.0,6.216916,3d6.(3F1).4p,u 4F*,2.5,6.0,11.579555,5.362639,231.19998,156000000.0,0.12501,0.75009,0.0033179
3d6.(3F1).4s,c 4F,2.5,6.0,6.216916,3d6.(3F1).4p,u 4F*,3.5,8.0,11.590992,5.374076,230.70796,22000000.0,0.023407,0.14044,0.00062122
3d6.(3F1).4s,c 4F,2.5,6.0,6.216916,3d5.(4D).4s.4p.(3P*),6D*,2.5,6.0,11.633556,5.41664,228.89502,1200000.0,0.00094257,0.0056554,2.5016e-05
3d6.(3F1).4s,c 4F,2.5,6.0,6.216916,3d6.(3F1).4p,2F*,3.5,8.0,11.788336,5.57142,222.53609,900000.0,0.00089093,0.0053456,2.3645e-05
3d6.(3F1).4s,c 4F,2.5,6.0,6.216916,3d5.(4P).4s.4p.(3P*),4D*,1.5,4.0,11.884911,5.667995,218.74438,6000000.0,0.0028694,0.017216,7.6154e-05
3d6.(3F1).4s,c 4F,2.5,6.0,6.216916,3d5.(4D).4s.4p.(3P*),4F*,2.5,6.0,12.194423,5.977507,207.41791,9000000.0,0.0058049,0.034829,0.00015406
3d6.(3F1).4s,c 4F,2.5,6.0,6.216916,3d5.(4D).4s.4p.(3P*),4F*,3.5,8.0,12.216908,5.999992,206.6406,1100000.0,0.00093891,0.0056334,2.4919e-05
3d6.(3F1).4s,c 4F,2.5,6.0,6.216916,3d6.(5D).6p,6F*,3.5,8.0,13.332002,7.115086,174.25538,6000000.0,0.0036418,0.021851,9.6655e-05
3d6.(3F1).4s,c 4F,2.5,6.0,6.216916,3d5.(2F1).4s.4p.(3P*),4F*,1.5,4.0,13.486863,7.269947,170.54346,3700000.0,0.0010756,0.0064534,2.8546e-05
3d6.(3F1).4s,c 4F,4.5,10.0,6.218734,3d6.(3H).4p,z 4G*,5.5,12.0,7.516597,1.297863,955.29498,50000.0,0.00082089,0.0082089,2.1786e-05
3d6.(3F1).4s,c 4F,4.5,10.0,6.218734,3d6.(3G).4p,x 4G*,5.5,12.0,8.130892,1.912157,648.39952,190000.0,0.0014371,0.014371,3.814e-05
3d6.(3F1).4s,c 4F,4.5,10.0,6.218734,3d6.(3G).4p,x 4G*,4.5,10.0,8.145273,1.926538,643.55952,29000.0,0.00018007,0.0018007,4.779e-06
3d6.(3F1).4s,c 4F,4.5,10.0,6.218734,3d6.(3G).4p,x 4F*,4.5,10.0,8.184541,1.965807,630.70393,140000.0,0.00083491,0.0083491,2.2158e-05
3d6.(3F1).4s,c 4F,4.5,10.0,6.218734,3d6.(1F).4p,u 2F*,3.5,8.0,10.722471,4.503737,275.29185,9000000.0,0.0081805,0.081805,0.00021711
3d6.(3F1).4s,c 4F,4.5,10.0,6.218734,3d6.(3P1).4p,v 4D*,3.5,8.0,10.777905,4.55917,271.94465,118000000.0,0.10466,1.0466,0.0027778
3d6.(3F1).4s,c 4F,4.5,10.0,6.218734,3d6.(3F1).4p,4G*,3.5,8.0,11.144989,4.926254,251.68046,1100000.0,0.00083568,0.0083568,2.2179e-05
3d6.(3F1).4s,c 4F,4.5,10.0,6.218734,3d6.(5D).5p,4F*,4.5,10.0,11.163885,4.945151,250.71875,11000000.0,0.010366,0.10366,0.00027512
3d6.(3F1).4s,c 4F,4.5,10.0,6.218734,3d6.(3F1).4p,4G*,4.5,10.0,11.166929,4.948195,250.56451,19000000.0,0.017883,0.17883,0.00047463
3d6.(3F1).4s,c 4F,4.5,10.0,6.218734,3d6.(3F1).4p,4G*,5.5,12.0,11.184814,4.96608,249.6621,269000000.0,0.30165,3.0165,0.0080057
3d6.(3F1).4s,c 4F,4.5,10.0,6.218734,3d6.(5D).5p,6F*,4.5,10.0,11.206502,4.987767,248.57654,1300000.0,0.0012043,0.012043,3.1961e-05
3d6.(3F1).4s,c 4F,4.5,10.0,6.218734,3d6.(3F1).4p,u 2G*,4.5,10.0,11.427833,5.209099,238.01468,37000000.0,0.031425,0.31425,0.00083401
3d6.(3F1).4s,c 4F,4.5,10.0,6.218734,3d5.(4G).4s.4p.(3P*),v 4F*,3.5,8.0,11.441568,5.222834,237.38875,13000000.0,0.0087864,0.087864,0.00023319
3d6.(3F1).4s,c 4F,4.5,10.0,6.218734,3d5.(4G).4s.4p.(3P*),v 4F*,4.5,10.0,11.459483,5.240749,236.57725,14000000.0,0.011747,0.11747,0.00031177
3d6.(3F1).4s,c 4F,4.5,10.0,6.218734,3d6.(3F1).4p,4D*,3.5,8.0,11.546633,5.327899,232.70748,116000000.0,0.07534,0.7534,0.0019995
3d6.(3F1).4s,c 4F,4.5,10.0,6.218734,3d6.(3F1).4p,u 4F*,4.5,10.0,11.590613,5.371879,230.80229,204000000.0,0.16292,1.6292,0.0043239
3d6.(3F1).4s,c 4F,4.5,10.0,6.218734,3d5.(4G).4s.4p.(3P*),w 4G*,5.5,12.0,11.678014,5.45928,227.10724,24000000.0,0.02227,0.2227,0.00059104
3d6.(3F1).4s,c 4F,4.5,10.0,6.218734,3d5.(4P).4s.4p.(3P*),4D*,3.5,8.0,11.929477,5.710743,217.10696,6800000.0,0.0038442,0.038442,0.00010203
3d6.(3F1).4s,c 4F,4.5,10.0,6.218734,3d5.(2D3).4s.4p.(3P*),4F*,4.5,10.0,13.068899,6.850165,180.99448,2200000.0,0.0010805,0.010805,2.8676e-05
3d6.(3F1).4s,c 4F,4.5,10.0,6.218734,3d5.(2F1).4s.4p.(3P*),4G*,5.5,12.0,13.355687,7.136952,173.72149,5000000.0,0.0027147,0.027147,7.2047e-05
3d6.(3F1).4s,c 4F,3.5,8.0,6.222497,3d6.(3G).4p,x 4G*,4.5,10.0,8.145273,1.922776,644.81886,130000.0,0.001013,0.0081036,2.6884e-05
3d6.(3F1).4s,c 4F,3.5,8.0,6.222497,3d6.(3G).4p,x 4F*,4.5,10.0,8.184541,1.962044,631.91341,60000.0,0.00044899,0.0035919,1.1916e-05
3d6.(3F1).4s,c 4F,3.5,8.0,6.222497,3d6.(3G).4p,x 4F*,3.5,8.0,8.229738,2.007241,617.68457,180000.0,0.0010296,0.0082367,2.7325e-05
3d6.(3F1).4s,c 4F,3.5,8.0,6.222497,3d6.(3P1).4p,v 4D*,2.5,6.0,10.757813,4.535316,273.37498,95000000.0,0.079829,0.63863,0.0021187
3d6.(3F1).4s,c 4F,3.5,8.0,6.222497,3d6.(3F1).4p,4G*,2.5,6.0,11.124778,4.902281,252.91125,1600000.0,0.0011507,0.0092059,3.0541e-05
3d6.(3F1).4s,c 4F,3.5,8.0,6.222497,3d6.(3F1).4p,4G*,3.5,8.0,11.144989,4.922492,251.87284,42000000.0,0.039946,0.31957,0.0010602
3d6.(3F1).4s,c 4F,3.5,8.0,6.222497,3d6.(5D).5p,4F*,4.5,10.0,11.163885,4.941388,250.90966,38000000.0,0.044832,0.35866,0.0011898
3d6.(3F1).4s,c 4F,3.5,8.0,6.222497,3d6.(3F1).4p,4G*,4.5,10.0,11.166929,4.944432,250.75518,198000000.0,0.23331,1.8665,0.0061921
3d6.(3F1).4s,c 4F,3.5,8.0,6.222497,3d6.(5D).5p,6F*,4.5,10.0,11.206502,4.984005,248.7642,800000.0,0.00092776,0.0074221,2.4623e-05
3d6.(3F1).4s,c 4F,3.5,8.0,6.222497,3d6.(5D).5p,4F*,3.5,8.0,11.255363,5.032866,246.3491,3400000.0,0.0030934,0.024747,8.21e-05
3d6.(3F1).4s,c 4F,3.5,8.0,6.222497,3d6.(5D).5p,4P*,2.5,6.0,11.270304,5.047807,245.61994,2600000.0,0.0017637,0.014109,4.6808e-05
3d6.(3F1).4s,c 4F,3.5,8.0,6.222497,3d6.(3F1).4p,u 2G*,4.5,10.0,11.427833,5.205336,238.18672,9000000.0,0.0095686,0.076549,0.00025395
3d6.(3F1).4s,c 4F,3.5,8.0,6.222497,3d5.(4G).4s.4p.(3P*),v 4F*,3.5,8.0,11.441568,5.219071,237.55989,53000000.0,0.044842,0.35873,0.0011901
3d6.(3F1).4s,c 4F,3.5,8.0,6.222497,3d6.(3P1).4p,u 2D*,2.5,6.0,11.492765,5.270268,235.25218,48000000.0,0.02987,0.23896,0.00079274
3d6.(3F1).4s,c 4F,3.5,8.0,6.222497,3d6.(3F1).4p,u 4F*,4.5,10.0,11.590613,5.368117,230.96406,25000000.0,0.024992,0.19993,0.00066328
3d6.(3F1).4s,c 4F,3.5,8.0,6.222497,3d6.(3F1).4p,u 4F*,3.5,8.0,11.590992,5.368495,230.94778,169000000.0,0.13514,1.0811,0.0035865
3d6.(3F1).4s,c 4F,3.5,8.0,6.222497,3d5.(4D).4s.4p.(3P*),6D*,4.5,10.0,11.661672,5.439175,227.9467,800000.0,0.00077898,0.0062318,2.0674e-05
3d6.(3F1).4s,c 4F,3.5,8.0,6.222497,3d5.(4G).4s.4p.(3P*),w 4G*,3.5,8.0,11.663602,5.441105,227.86583,6000000.0,0.0046706,0.037365,0.00012396
3d6.(3F1).4s,c 4F,3.5,8.0,6.222497,3d5.(4G).4s.4p.(3P*),w 4G*,4.5,10.0,11.672913,5.450416,227.47659,18000000.0,0.017455,0.13964,0.00046325
3d6.(3F1).4s,c 4F,3.5,8.0,6.222497,3d5.(4D).4s.4p.(3P*),4D*,3.5,8.0,12.198969,5.976472,207.45383,4900000.0,0.0031615,0.025292,8.3907e-05
3d6.(3F1).4s,c 4F,3.5,8.0,6.222497,3d5.(4D).4s.4p.(3P*),4F*,3.5,8.0,12.216908,5.994411,206.83298,5300000.0,0.0033992,0.027193,9.0214e-05
3d6.(3F1).4s,c 4F,3.5,8.0,6.222497,3d5.(2F1).4s.4p.(3P*),4G*,4.5,10.0,13.349892,7.127395,173.95444,6000000.0,0.0034025,0.02722,9.0301e-05
3d6.(3F1).4s,c 4F,3.5,8.0,6.222497,3d5.(4F).4s.4p.(3P*),6D*,2.5,6.0,13.406479,7.183982,172.58423,2900000.0,0.00097123,0.0077698,2.5776e-05
3d6.(3F1).4s,c 4F,3.5,8.0,6.222497,3d5.(2F1).4s.4p.(3P*),4F*,2.5,6.0,13.45718,7.234683,171.37476,2500000.0,0.00082557,0.0066046,2.1911e-05
3d6.(3P1).4s,c 4P,2.5,6.0,6.225598,3d6.(3P2).4p,y 4P*,1.5,4.0,7.604292,1.378694,899.2873,60000.0,0.00048497,0.0029098,1.2871e-05
3d6.(3P1).4s,c 4P,2.5,6.0,6.225598,3d6.(3F2).4p,x 4D*,3.5,8.0,7.804191,1.578593,785.40969,24000.0,0.00029594,0.0017756,7.8542e-06
3d6.(3P1).4s,c 4P,2.5,6.0,6.225598,3d6.(3D).4p,w 4P*,2.5,6.0,8.922492,2.696894,459.72967,580000.0,0.0018378,0.011027,4.8775e-05
3d6.(3P1).4s,c 4P,2.5,6.0,6.225598,3d6.(3D).4p,w 4D*,2.5,6.0,9.00367,2.778072,446.29581,500000.0,0.0014931,0.0089583,3.9626e-05
3d6.(3P1).4s,c 4P,2.5,6.0,6.225598,3d6.(1F).4p,u 2F*,2.5,6.0,10.730513,4.504915,275.21983,2700000.0,0.0030661,0.018396,8.1374e-05
3d6.(3P1).4s,c 4P,2.5,6.0,6.225598,3d6.(3P1).4p,v 4D*,2.5,6.0,10.757813,4.532215,273.56205,36000000.0,0.04039,0.24234,0.001072
3d6.(3P1).4s,c 4P,2.5,6.0,6.225598,3d6.(3P1).4p,v 4D*,3.5,8.0,10.777905,4.552306,272.35468,82000000.0,0.12159,0.72951,0.0032269
3d6.(3P1).4s,c 4P,2.5,6.0,6.225598,3d6.(3P1).4p,4S*,1.5,4.0,11.236664,5.011066,247.42079,34000000.0,0.020803,0.12482,0.0005521
3d6.(3P1).4s,c 4P,2.5,6.0,6.225598,3d6.(5D).5p,4D*,1.5,4.0,11.270024,5.044426,245.78454,47000000.0,0.028378,0.17027,0.00075314
3d6.(3P1).4s,c 4P,2.5,6.0,6.225598,3d6.(5D).5p,4P*,2.5,6.0,11.270304,5.044705,245.77094,22000000.0,0.019922,0.11953,0.00052874
3d6.(3P1).4s,c 4P,2.5,6.0,6.225598,3d6.(3P1).5p,4P*,1.5,4.0,11.288541,5.062943,244.88563,80000000.0,0.04795,0.2877,0.0012726
3d6.(3P1).4s,c 4P,2.5,6.0,6.225598,3d6.(5D).5p,4F*,2.5,6.0,11.291311,5.065713,244.75173,7100000.0,0.0063763,0.038258,0.00016923
3d6.(3P1).4s,c 4P,2.5,6.0,6.225598,3d6.(5D).5p,4F*,1.5,4.0,11.308461,5.082863,243.9259,4000000.0,0.0023787,0.014272,6.3131e-05
3d6.(3P1).4s,c 4P,2.5,6.0,6.225598,3d6.(5D).5p,4P*,1.5,4.0,11.434511,5.208913,238.02319,38000000.0,0.021517,0.1291,0.00057107
3d6.(3P1).4s,c 4P,2.5,6.0,6.225598,3d6.(3P1).4p,4P*,2.5,6.0,11.440533,5.214935,237.74831,27000000.0,0.02288,0.13728,0.00060724
3d6.(3P1).4s,c 4P,2.5,6.0,6.225598,3d5.(4G).4s.4p.(3P*),v 4F*,2.5,6.0,11.447449,5.221851,237.43342,73000000.0,0.061697,0.37018,0.0016374
3d6.(3P1).4s,c 4P,2.5,6.0,6.225598,3d5.(4G).4s.4p.(3P*),v 4F*,1.5,4.0,11.45101,5.225412,237.27163,17000000.0,0.0095655,0.057393,0.00025387
3d6.(3P1).4s,c 4P,2.5,6.0,6.225598,3d6.(3F1).4p,4D*,1.5,4.0,11.486837,5.261239,235.65589,47000000.0,0.026087,0.15652,0.00069235
3d6.(3P1).4s,c 4P,2.5,6.0,6.225598,3d6.(3F1).4p,4D*,3.5,8.0,11.546633,5.321035,233.00767,131000000.0,0.14217,0.85302,0.0037732
3d6.(3P1).4s,c 4P,2.5,6.0,6.225598,3d5.(4D).4s.4p.(3P*),6D*,2.5,6.0,11.633556,5.407958,229.26249,4600000.0,0.0036248,0.021749,9.6202e-05
3d6.(3P1).4s,c 4P,2.5,6.0,6.225598,3d5.(4P).4s.4p.(3P*),4D*,3.5,8.0,11.929477,5.703879,217.36822,3600000.0,0.0034001,0.020401,9.0239e-05
3d6.(3P1).4s,c 4P,2.5,6.0,6.225598,3d5.(4P).4s.4p.(3P*),4S*,1.5,4.0,12.192402,5.966804,207.78996,26000000.0,0.01122,0.06732,0.00029778
3d6.(3P1).4s,c 4P,2.5,6.0,6.225598,3d5.(4D).4s.4p.(3P*),4P*,1.5,4.0,12.593568,6.36797,194.69972,33000000.0,0.012503,0.075018,0.00033183
3d6.(3P1).4s,c 4P,2.5,6.0,6.225598,3d5.(4D).4s.4p.(3P*),4P*,2.5,6.0,12.609999,6.3844,194.19866,40000000.0,0.022616,0.13569,0.00060022
3d5.(6S).4s.4p.(3P*),z 8P*,2.5,6.0,6.48435,3d5.(6S).4p2,8P,2.5,6.0,13.192579,6.708229,184.82404,470000000.0,0.2407,1.4442,0.0063882
3d5.(6S).4s.4p.(3P*),z 8P*,2.5,6.0,6.48435,3d5.4s.(7S).4d,6D,3.5,8.0,13.206873,6.722523,184.43106,8000000.0,0.0054395,0.032637,0.00014436
3d5.(6S).4s.4p.(3P*),z 8P*,2.5,6.0,6.48435,3d5.4s.(7S).4d,6D,2.5,6.0,13.223525,6.739175,183.97533,29000000.0,0.014716,0.088293,0.00039055
3d5.(6S).4s.4p.(3P*),z 8P*,2.5,6.0,6.48435,3d5.4s.(7S).4d,8D,1.5,4.0,13.570057,7.085707,174.97787,1280000000.0,0.39169,2.3502,0.010396
3d5.(6S).4s.4p.(3P*),z 8P*,2.5,6.0,6.48435,3d5.4s.(7S).4d,8D,2.5,6.0,13.570768,7.086418,174.96031,810000000.0,0.37173,2.2304,0.0098656
3d5.(6S).4s.4p.(3P*),z 8P*,2.5,6.0,6.48435,3d5.4s.(7S).4d,8D,3.5,8.0,13.571765,7.087415,174.9357,340000000.0,0.20799,1.2479,0.0055199
3d5.(6S).4s.4p.(3P*),z 8P*,3.5,8.0,6.519443,3d5.(6S).4p2,8P,2.5,6.0,13.192579,6.673137,185.79598,830000000.0,0.32216,2.5773,0.0085501
3d5.(6S).4s.4p.(3P*),z 8P*,3.5,8.0,6.519443,3d5.4s.(7S).4d,6D,4.5,10.0,13.204445,6.685002,185.4662,8000000.0,0.0051569,0.041255,0.00013686
3d5.(6S).4s.4p.(3P*),z 8P*,3.5,8.0,6.519443,3d5.4s.(7S).4d,6D,3.5,8.0,13.206873,6.68743,185.39887,40000000.0,0.020613,0.1649,0.00054706
3d5.(6S).4s.4p.(3P*),z 8P*,3.5,8.0,6.519443,3d5.4s.(7S).4d,6D,2.5,6.0,13.223525,6.704083,184.93835,24000000.0,0.0092297,0.073837,0.00024496
3d5.(6S).4s.4p.(3P*),z 8P*,3.5,8.0,6.519443,3d5.(6S).4p2,8P,3.5,8.0,13.245999,6.726557,184.32045,43000000.0,0.021902,0.17521,0.00058127
3d5.(6S).4s.4p.(3P*),z 8P*,3.5,8.0,6.519443,3d5.(6S).4p2,8P,4.5,10.0,13.293558,6.774116,183.0264,520000000.0,0.32644,2.6115,0.0086637
3d5.(6S).4s.4p.(3P*),z 8P*,3.5,8.0,6.519443,3d5.4s.(7S).4d,8D,3.5,8.0,13.571765,7.052323,175.80618,770000000.0,0.35679,2.8544,0.0094693
3d5.(6S).4s.4p.(3P*),z 8P*,3.5,8.0,6.519443,3d5.4s.(7S).4d,8D,4.5,10.0,13.573054,7.053611,175.77408,790000000.0,0.45741,3.6593,0.01214
3d5.(6S).4s.4p.(3P*),z 8P*,4.5,10.0,6.566968,3d5.4s.(7S).4d,6D,4.5,10.0,13.204445,6.637476,186.79419,50000000.0,0.026155,0.26155,0.00069416
3d5.(6S).4s.4p.(3P*),z 8P*,4.5,10.0,6.566968,3d5.4s.(7S).4d,6D,3.5,8.0,13.206873,6.639904,186.72588,13000000.0,0.0054363,0.054363,0.00014428
3d5.(6S).4s.4p.(3P*),z 8P*,4.5,10.0,6.566968,3d5.(6S).4p2,8P,3.5,8.0,13.245999,6.679031,185.63202,630000000.0,0.26037,2.6037,0.0069103
3d5.(6S).4s.4p.(3P*),z 8P*,4.5,10.0,6.566968,3d5.4s.(7S).4d,8D,3.5,8.0,13.571765,7.004797,176.99899,110000000.0,0.041332,0.41332,0.0010969
3d5.(6S).4s.4p.(3P*),z 8P*,4.5,10.0,6.566968,3d5.4s.(7S).4d,8D,4.5,10.0,13.573054,7.006085,176.96645,450000000.0,0.21128,2.1128,0.0056073
3d5.(6S).4s.4p.(3P*),z 8P*,4.5,10.0,6.566968,3d5.4s.(7S).4d,8D,5.5,12.0,13.574602,7.007634,176.92734,1260000000.0,0.70958,7.0958,0.018832
3d6.(3P1).4s,c 2P,0.5,2.0,6.703002,3d6.(3D).4p,y 2P*,0.5,2.0,9.074071,2.371069,522.90424,700000.0,0.0028695,0.0057389,7.6156e-05
3d6.(3P1).4s,c 2P,0.5,2.0,6.703002,3d6.(3P1).4p,u 2D*,1.5,4.0,11.433375,4.730373,262.10236,80000000.0,0.16479,0.32957,0.0043734
3d6.(3P1).4s,c 2P,0.5,2.0,6.703002,3d5.(4G).4s.4p.(3P*),v 4F*,1.5,4.0,11.45101,4.748008,261.12887,18000000.0,0.036802,0.073604,0.00097673
3d6.(3P1).4s,c 2P,0.5,2.0,6.703002,3d6.(3F1).4p,4D*,0.5,2.0,11.462756,4.759754,260.48445,3500000.0,0.0035603,0.0071207,9.4491e-05
3d6.(3P1).4s,c 2P,0.5,2.0,6.703002,3d6.(3F1).4p,4D*,1.5,4.0,11.486837,4.783835,259.17322,3300000.0,0.0066464,0.013293,0.00017639
3d6.(3P1).4s,c 2P,0.5,2.0,6.703002,3d5.(4P).4s.4p.(3P*),2S*,0.5,2.0,12.890334,6.187332,200.38395,39000000.0,0.023477,0.046955,0.00062309
3d6.(3P1).4s,c 2P,0.5,2.0,6.703002,3d5.(4D).4s.4p.(3P*),2P*,0.5,2.0,13.157259,6.454257,192.09679,41000000.0,0.022682,0.045364,0.00060198
3d6.(3P1).4s,c 2P,0.5,2.0,6.703002,3d5.(4F).4s.4p.(3P*),6F*,1.5,4.0,13.202002,6.499,190.77427,7000000.0,0.0076388,0.015278,0.00020273
3d5.4s2,b 4G,5.5,12.0,6.723936,3d6.(3H).4p,z 4H*,6.5,14.0,7.542896,0.81896,1513.92228,11000.0,0.00044097,0.0052916,1.1703e-05
3d5.4s2,b 4G,5.5,12.0,6.723936,3d6.(3F2).4p,y 4G*,5.5,12.0,7.919655,1.195719,1036.90077,80000.0,0.0012895,0.015474,3.4224e-05
3d5.4s2,b 4G,5.5,12.0,6.723936,3d6.(3D).4p,w 4F*,4.5,10.0,9.007539,2.283603,542.93246,590000.0,0.0021728,0.026074,5.7666e-05
3d5.4s2,b 4G,5.5,12.0,6.723936,3d6.(5D).5p,4F*,4.5,10.0,11.163885,4.439949,279.2469,500000.0,0.00048711,0.0058453,1.2928e-05
3d5.4s2,b 4G,5.5,12.0,6.723936,3d6.(3F1).4p,4G*,5.5,12.0,11.184814,4.460879,277.93673,2300000.0,0.0026637,0.031964,7.0694e-05
3d5.4s2,b 4G,5.5,12.0,6.723936,3d5.(4G).4s.4p.(3P*),x 4H*,4.5,10.0,11.420994,4.697058,263.96139,430000.0,0.00037431,0.0044917,9.9341e-06
3d5.4s2,b 4G,5.5,12.0,6.723936,3d6.(3F1).4p,u 2G*,4.5,10.0,11.427833,4.703897,263.57761,2900000.0,0.0025171,0.030205,6.6803e-05
3d5.4s2,b 4G,5.5,12.0,6.723936,3d5.(4G).4s.4p.(3P*),x 4H*,6.5,14.0,11.437529,4.713593,263.03546,4500000.0,0.0054456,0.065347,0.00014453
3d5.4s2,b 4G,5.5,12.0,6.723936,3d5.(4G).4s.4p.(3P*),v 4F*,4.5,10.0,11.459483,4.735547,261.81598,3700000.0,0.0031686,0.038024,8.4096e-05
3d5.4s2,b 4G,5.5,12.0,6.723936,3d5.(4D).4s.4p.(3P*),4F*,4.5,10.0,12.224407,5.500471,225.40653,700000.0,0.00044433,0.005332,1.1793e-05
3d5.4s2,b 4G,5.5,12.0,6.723936,3d6.(5D<4>).4f,2[7]*,6.5,14.0,12.772813,6.048877,204.97059,2700000.0,0.0019841,0.023809,5.2657e-05
3d5.4s2,b 4G,5.5,12.0,6.723936,3d5.(2I).4s.4p.(3P*),4H*,6.5,14.0,12.97608,6.252144,198.30668,13000000.0,0.0089418,0.1073,0.00023732
3d5.4s2,b 4G,5.5,12.0,6.723936,3d5.(2F1).4s.4p.(3P*),4G*,4.5,10.0,13.349892,6.625956,187.11896,4500000.0,0.0019685,0.023622,5.2243e-05
3d5.4s2,b 4G,5.5,12.0,6.723936,3d5.(2F1).4s.4p.(3P*),4G*,5.5,12.0,13.355687,6.631751,186.95545,220000000.0,0.11528,1.3834,0.0030596
3d5.4s2,b 4G,5.5,12.0,6.723936,3d5.(2F1).4s.4p.(3P*),4F*,4.5,10.0,13.417272,6.693336,185.23528,60000000.0,0.02572,0.30864,0.00068262
3d5.4s2,b 4G,5.5,12.0,6.723936,3d6.(3H).5p,4G*,5.5,12.0,13.450287,6.726351,184.3261,230000000.0,0.11716,1.4059,0.0031093
3d5.4s2,b 4G,5.5,12.0,6.723936,3d6.(3H).5p,4G*,4.5,10.0,13.461096,6.73716,184.03037,6000000.0,0.0025387,0.030464,6.7377e-05
3d5.4s2,b 4G,5.5,12.0,6.723936,3d6.(3H).5p,4H*,6.5,14.0,13.480698,6.756762,183.49647,450000000.0,0.26502,3.1802,0.0070336
3d5.4s2,b 4G,5.5,12.0,6.723936,3d5.(4G).4s.(5G).4p,4H*,5.5,12.0,13.490697,6.766761,183.22532,50000000.0,0.025165,0.30198,0.00066788
3d5.4s2,b 4G,5.5,12.0,6.723936,3d5.(2I).4s.4p.(3P*),2I*,6.5,14.0,13.532827,6.808891,182.09162,1600000.0,0.00092791,0.011135,2.4627e-05
3d5.4s2,b 4G,5.5,12.0,6.723936,3d6.(3H).5p,4I*,6.5,14.0,13.591111,6.867175,180.54614,26000000.0,0.014824,0.17788,0.00039342
3d5.4s2,b 4G,5.5,12.0,6.723936,3d6.(3H).5p,4I*,5.5,12.0,13.608783,6.884847,180.08272,1300000.0,0.00063204,0.0075845,1.6774e-05
3d5.4s2,b 4G,5.5,12.0,6.723936,3d5.(2G2).4s.4p.(3P*),4H*,5.5,12.0,13.612771,6.888835,179.97846,30000000.0,0.014569,0.17482,0.00038665
3d5.4s2,b 4G,5.5,12.0,6.723936,3d6.(3H).5p,4I*,4.5,10.0,13.627375,6.903439,179.59774,5000000.0,0.0020149,0.024179,5.3475e-05
3d5.4s2,b 4G,5.5,12.0,6.723936,3d6.(3H).5p,2I*,6.5,14.0,13.628793,6.904857,179.56084,1400000.0,0.00078951,0.0094741,2.0954e-05
3d5.4s2,b 4G,5.5,12.0,6.723936,3d5.(2H).4s.4p.(3P*),4H*,5.5,12.0,13.635861,6.911925,179.37724,6000000.0,0.0028943,0.034732,7.6815e-05
3d5.4s2,b 4G,5.5,12.0,6.723936,3d6.(3F2).5p,4F*,4.5,10.0,13.658909,6.934973,178.78107,320000000.0,0.12778,1.5334,0.0033913
3d5.4s2,b 4G,5.5,12.0,6.723936,3d5.(2G2).4s.4p.(3P*),4H*,6.5,14.0,13.681458,6.957522,178.20166,200000000.0,0.11109,1.333,0.0029482
3d5.4s2,b 4G,5.5,12.0,6.723936,3d6.(3H).5p,2H*,5.5,12.0,13.721198,6.997262,177.18958,11000000.0,0.0051776,0.062131,0.00013741
3d5.4s2,b 4G,4.5,10.0,6.729076,3d6.(3H).4p,z 4H*,5.5,12.0,7.549101,0.820025,1511.95584,11000.0,0.00045239,0.0045239,1.2006e-05
3d5.4s2,b 4G,4.5,10.0,6.729076,3d6.(3H).4p,z 4I*,5.5,12.0,7.63584,0.906764,1367.3253,11000.0,0.00036998,0.0036998,9.8192e-06
3d5.4s2,b 4G,4.5,10.0,6.729076,3d6.(3F2).4p,y 4G*,4.5,10.0,7.928641,1.199565,1033.57601,67000.0,0.001073,0.01073,2.8479e-05
3d5.4s2,b 4G,4.5,10.0,6.729076,3d6.(3D).4p,w 4F*,3.5,8.0,8.97051,2.241435,553.14661,420000.0,0.0015413,0.015413,4.0905e-05
3d5.4s2,b 4G,4.5,10.0,6.729076,3d6.(3F1).4p,4G*,4.5,10.0,11.166929,4.437853,279.37876,1800000.0,0.0021063,0.021063,5.5901e-05
3d5.4s2,b 4G,4.5,10.0,6.729076,3d5.(4G).4s.4p.(3P*),x 4H*,5.5,12.0,11.427179,4.698104,263.90265,3600000.0,0.0045106,0.045106,0.00011971
3d5.4s2,b 4G,4.5,10.0,6.729076,3d5.(4G).4s.4p.(3P*),v 4F*,3.5,8.0,11.441568,4.712492,263.09687,6500000.0,0.0053963,0.053963,0.00014322
3d5.4s2,b 4G,4.5,10.0,6.729076,3d6.(3F1).4p,u 2G*,3.5,8.0,11.481273,4.752197,260.89868,700000.0,0.00057147,0.0057147,1.5167e-05
3d5.4s2,b 4G,4.5,10.0,6.729076,3d6.(5D<3>).4f,2[6]*,5.5,12.0,12.822472,6.093396,203.47308,2000000.0,0.0014897,0.014897,3.9535e-05
3d5.4s2,b 4G,4.5,10.0,6.729076,3d5.(2I).4s.4p.(3P*),4H*,5.5,12.0,12.995615,6.266539,197.85115,14000000.0,0.0098593,0.098593,0.00026167
3d5.4s2,b 4G,4.5,10.0,6.729076,3d5.(2D3).4s.4p.(3P*),4F*,4.5,10.0,13.068899,6.339823,195.56412,2000000.0,0.0011467,0.011467,3.0435e-05
3d5.4s2,b 4G,4.5,10.0,6.729076,3d6.(5D).6p,6F*,3.5,8.0,13.332002,6.602926,187.77159,7000000.0,0.0029601,0.029601,7.8561e-05
3d5.4s2,b 4G,4.5,10.0,6.729076,3d5.(2F1).4s.4p.(3P*),4G*,4.5,10.0,13.349892,6.620816,187.26422,142000000.0,0.074655,0.74655,0.0019813
3d5.4s2,b 4G,4.5,10.0,6.729076,3d5.(2F1).4s.4p.(3P*),4G*,5.5,12.0,13.355687,6.626611,187.10046,12000000.0,0.0075574,0.075574,0.00020057
3d5.4s2,b 4G,4.5,10.0,6.729076,3d5.(4F).4s.4p.(3P*),6D*,3.5,8.0,13.376267,6.647191,186.52119,10000000.0,0.0041726,0.041726,0.00011074
3d5.4s2,b 4G,4.5,10.0,6.729076,3d5.(2F1).4s.4p.(3P*),4F*,4.5,10.0,13.417272,6.688196,185.37763,16000000.0,0.0082432,0.082432,0.00021877
3d5.4s2,b 4G,4.5,10.0,6.729076,3d5.(2F1).4s.4p.(3P*),4D*,3.5,8.0,13.419972,6.690896,185.30282,28000000.0,0.011531,0.11531,0.00030604
3d5.4s2,b 4G,4.5,10.0,6.729076,3d6.(3H).5p,4G*,5.5,12.0,13.450287,6.721211,184.46706,23000000.0,0.01408,0.1408,0.00037369
3d5.4s2,b 4G,4.5,10.0,6.729076,3d5.(2F1).4s.4p.(3P*),4F*,3.5,8.0,13.454597,6.725521,184.34883,30000000.0,0.012228,0.12228,0.00032453
3d5.4s2,b 4G,4.5,10.0,6.729076,3d6.(3H).5p,4G*,4.5,10.0,13.461096,6.73202,184.17087,280000000.0,0.14238,1.4238,0.0037789
3d5.4s2,b 4G,4.5,10.0,6.729076,3d6.(3H).5p,4H*,4.5,10.0,13.49803,6.768954,183.16595,70000000.0,0.035208,0.35208,0.00093443
3d5.4s2,b 4G,4.5,10.0,6.729076,3d5.(4G).4s.4p.(1P*),4H*,3.5,8.0,13.502701,6.773626,183.03964,2700000.0,0.0010849,0.010849,2.8794e-05
3d5.4s2,b 4G,4.5,10.0,6.729076,3d5.(2G2).4s.4p.(3P*),4H*,3.5,8.0,13.585152,6.856076,180.83842,4100000.0,0.0016081,0.016081,4.2679e-05
3d5.4s2,b 4G,4.5,10.0,6.729076,3d6.(3H).5p,4I*,5.5,12.0,13.608783,6.879707,180.21725,29000000.0,0.016945,0.16945,0.00044971
3d5.4s2,b 4G,4.5,10.0,6.729076,3d5.(2G2).4s.4p.(3P*),4H*,5.5,12.0,13.612771,6.883696,180.11284,8000000.0,0.004669,0.04669,0.00012391
3d5.4s2,b 4G,4.5,10.0,6.729076,3d6.(3H).5p,4I*,4.5,10.0,13.627375,6.898299,179.73156,1700000.0,0.0008233,0.008233,2.185e-05
3d5.4s2,b 4G,4.5,10.0,6.729076,3d5.(2H).4s.4p.(3P*),4H*,5.5,12.0,13.635861,6.906785,179.51072,70000000.0,0.040581,0.40581,0.001077
3d5.4s2,b 4G,4.5,10.0,6.729076,3d6.(3F2).5p,4F*,3.5,8.0,13.65622,6.927144,178.98314,90000000.0,0.034579,0.34579,0.00091773
3d5.4s2,b 4G,4.5,10.0,6.729076,3d6.(3F2).5p,4F*,4.5,10.0,13.658909,6.929834,178.91367,30000000.0,0.014397,0.14397,0.00038209
3d5.4s2,b 4G,4.5,10.0,6.729076,3d6.(3H).5p,2I*,5.5,12.0,13.668887,6.939811,178.65645,13000000.0,0.0074649,0.074649,0.00019812
3d5.4s2,b 4G,4.5,10.0,6.729076,3d6.(3H).5p,2G*,3.5,8.0,13.689575,6.960499,178.12543,150000000.0,0.057081,0.57081,0.0015149
3d5.4s2,b 4G,4.5,10.0,6.729076,3d6.(3F2).5p,4D*,3.5,8.0,13.696423,6.967347,177.95037,70000000.0,0.026586,0.26586,0.00070558
3d5.4s2,b 4G,4.5,10.0,6.729076,3d5.(2F1).4s.4p.(3P*),2G*,4.5,10.0,13.720177,6.991101,177.34574,28000000.0,0.013203,0.13203,0.0003504
3d5.4s2,b 4G,4.5,10.0,6.729076,3d6.(3H).5p,2H*,5.5,12.0,13.721198,6.992123,177.31983,16000000.0,0.0090506,0.090506,0.0002402
3d5.4s2,b 4G,2.5,6.0,6.729323,3d6.(3H).4p,z 4H*,3.5,8.0,7.58248,0.853157,1453.23951,19000.0,0.0008021,0.0048126,2.1288e-05
3d5.4s2,b 4G,2.5,6.0,6.729323,3d6.(3G).4p,x 4G*,2.5,6.0,8.192662,1.463339,847.26928,47000.0,0.00050583,0.003035,1.3425e-05
3d5.4s2,b 4G,2.5,6.0,6.729323,3d6.(3D).4p,w 4F*,1.5,4.0,8.947816,2.218493,558.86669,540000.0,0.0016857,0.010114,4.4738e-05
3d5.4s2,b 4G,2.5,6.0,6.729323,3d6.(3F1).4p,4G*,2.5,6.0,11.124778,4.395455,282.07365,2000000.0,0.0023857,0.014314,6.3316e-05
3d5.4s2,b 4G,2.5,6.0,6.729323,3d5.(4G).4s.4p.(3P*),x 4H*,3.5,8.0,11.417586,4.688263,264.45657,2700000.0,0.0037746,0.022648,0.00010018
3d5.4s2,b 4G,2.5,6.0,6.729323,3d6.(3P1).4p,u 2D*,1.5,4.0,11.433375,4.704052,263.56891,3400000.0,0.0023607,0.014164,6.2652e-05
3d5.4s2,b 4G,2.5,6.0,6.729323,3d5.(4G).4s.4p.(3P*),v 4F*,1.5,4.0,11.45101,4.721687,262.58452,5400000.0,0.0037213,0.022328,9.8765e-05
3d5.4s2,b 4G,2.5,6.0,6.729323,3d6.(5D<1>).4f,2[3]*,3.5,8.0,12.890614,6.161291,201.23087,1500000.0,0.0012142,0.007285,3.2224e-05
3d5.4s2,b 4G,2.5,6.0,6.729323,3d5.(2I).4s.4p.(3P*),4H*,3.5,8.0,13.021879,6.292556,197.03312,16000000.0,0.012416,0.074499,0.00032953
3d5.4s2,b 4G,2.5,6.0,6.729323,3d5.(2D3).4s.4p.(3P*),4D*,2.5,6.0,13.268532,6.53921,189.6012,28000000.0,0.01509,0.090542,0.0004005
3d5.4s2,b 4G,2.5,6.0,6.729323,3d5.(2F1).4s.4p.(3P*),4G*,2.5,6.0,13.303289,6.573967,188.59877,50000000.0,0.026663,0.15998,0.00070763
3d5.4s2,b 4G,2.5,6.0,6.729323,3d6.(5D).6p,6F*,3.5,8.0,13.332002,6.602679,187.77862,9000000.0,0.0063436,0.038061,0.00016836
3d5.4s2,b 4G,2.5,6.0,6.729323,3d5.(2F1).4s.4p.(3P*),4D*,3.5,8.0,13.419972,6.690649,185.30967,1400000.0,0.000961,0.005766,2.5505e-05
3d5.4s2,b 4G,2.5,6.0,6.729323,3d5.(2F1).4s.4p.(3P*),4F*,3.5,8.0,13.454597,6.725274,184.3556,5000000.0,0.0033969,0.020381,9.0153e-05
3d5.4s2,b 4G,2.5,6.0,6.729323,3d5.(2F1).4s.4p.(3P*),4F*,2.5,6.0,13.45718,6.727857,184.28484,8000000.0,0.0040731,0.024439,0.0001081
3d5.4s2,b 4G,2.5,6.0,6.729323,3d5.(4G).4s.4p.(1P*),4G*,2.5,6.0,13.468301,6.738978,183.9807,420000000.0,0.21313,1.2788,0.0056566
3d5.4s2,b 4G,2.5,6.0,6.729323,3d5.(2F1).4s.4p.(3P*),4F*,1.5,4.0,13.486863,6.757541,183.47533,26000000.0,0.0087478,0.052487,0.00023217
3d5.4s2,b 4G,2.5,6.0,6.729323,3d5.(4G).4s.4p.(1P*),4H*,3.5,8.0,13.502701,6.773378,183.04632,500000000.0,0.33488,2.0093,0.0088877
3d5.4s2,b 4G,2.5,6.0,6.729323,3d5.(2F1).4s.4p.(3P*),4D*,1.5,4.0,13.514727,6.785404,182.72192,16000000.0,0.0053391,0.032035,0.0001417
3d5.4s2,b 4G,2.5,6.0,6.729323,3d5.(2G2).4s.4p.(3P*),4H*,3.5,8.0,13.585152,6.855829,180.84494,28000000.0,0.018305,0.10983,0.00048581
3d5.4s2,b 4G,2.5,6.0,6.729323,3d6.(3F2).5p,4F*,3.5,8.0,13.65622,6.926897,178.98952,3100000.0,0.0019853,0.011912,5.2689e-05
3d5.4s2,b 4G,2.5,6.0,6.729323,3d6.(3F1).5p,4D*,2.5,6.0,13.674309,6.944986,178.52332,28000000.0,0.013379,0.080271,0.00035507
3d5.4s2,b 4G,2.5,6.0,6.729323,3d6.(3F2).5p,4F*,1.5,4.0,13.688708,6.959386,178.15394,360000000.0,0.1142,0.68519,0.0030308
3d5.4s2,b 4G,2.5,6.0,6.729323,3d6.(3F2).5p,4F*,2.5,6.0,13.708754,6.979431,177.64227,42000000.0,0.01987,0.11922,0.00052735
3d5.4s2,b 4G,2.5,6.0,6.729323,3d6.(3F2).5p,4D*,1.5,4.0,13.718331,6.989009,177.39884,33000000.0,0.01038,0.062278,0.00027548
3d5.4s2,b 4G,3.5,8.0,6.730264,3d6.(3H).4p,z 4H*,4.5,10.0,7.561727,0.831464,1491.1557,13000.0,0.0005417,0.0043336,1.4377e-05
3d5.4s2,b 4G,3.5,8.0,6.730264,3d6.(3F2).4p,y 4F*,2.5,6.0,7.705811,0.975547,1270.91966,11000.0,0.00019978,0.0015982,5.3021e-06
3d5.4s2,b 4G,3.5,8.0,6.730264,3d6.(3D).4p,w 4F*,2.5,6.0,8.95644,2.226177,556.93774,490000.0,0.001709,0.013672,4.5356e-05
3d5.4s2,b 4G,3.5,8.0,6.730264,3d6.(3D).4p,w 4F*,3.5,8.0,8.97051,2.240247,553.43988,50000.0,0.0002296,0.0018368,6.0936e-06
3d5.4s2,b 4G,3.5,8.0,6.730264,3d6.(3F1).4p,4G*,3.5,8.0,11.144989,4.414725,280.84239,1800000.0,0.0021284,0.017027,5.6488e-05
3d5.4s2,b 4G,3.5,8.0,6.730264,3d5.(4G).4s.4p.(3P*),x 4H*,4.5,10.0,11.420994,4.69073,264.31746,2900000.0,0.0037968,0.030375,0.00010077
3d5.4s2,b 4G,3.5,8.0,6.730264,3d6.(3P1).4p,4P*,2.5,6.0,11.440533,4.71027,263.22102,3400000.0,0.0026487,0.02119,7.0298e-05
3d5.4s2,b 4G,3.5,8.0,6.730264,3d5.(4G).4s.4p.(3P*),v 4F*,3.5,8.0,11.441568,4.711305,263.1632,900000.0,0.00093444,0.0074755,2.48e-05
3d5.4s2,b 4G,3.5,8.0,6.730264,3d5.(4G).4s.4p.(3P*),v 4F*,2.5,6.0,11.447449,4.717186,262.8351,4200000.0,0.0032624,0.026099,8.6584e-05
3d5.4s2,b 4G,3.5,8.0,6.730264,3d6.(5D<1>).4f,2[4]*,4.5,10.0,12.87874,6.148476,201.65029,1300000.0,0.00099063,0.007925,2.6291e-05
3d5.4s2,b 4G,3.5,8.0,6.730264,3d5.(2I).4s.4p.(3P*),4H*,4.5,10.0,13.010618,6.280354,197.41593,14000000.0,0.010225,0.0818,0.00027137
3d5.4s2,b 4G,3.5,8.0,6.730264,3d5.(2D3).4s.4p.(3P*),4D*,3.5,8.0,13.271067,6.540804,189.55499,2100000.0,0.0011312,0.0090498,3.0023e-05
3d5.4s2,b 4G,3.5,8.0,6.730264,3d5.(2F1).4s.4p.(3P*),4G*,2.5,6.0,13.303289,6.573026,188.62576,8000000.0,0.0032005,0.025604,8.494e-05
3d5.4s2,b 4G,3.5,8.0,6.730264,3d6.(5D).6p,6F*,3.5,8.0,13.332002,6.601739,187.80537,90000000.0,0.04759,0.38072,0.001263
3d5.4s2,b 4G,3.5,8.0,6.730264,3d5.(2F1).4s.4p.(3P*),4G*,4.5,10.0,13.349892,6.619628,187.29782,13000000.0,0.0085463,0.06837,0.00022682
3d5.4s2,b 4G,3.5,8.0,6.730264,3d5.(4F).4s.4p.(3P*),6D*,3.5,8.0,13.376267,6.646003,186.55452,5000000.0,0.0026088,0.02087,6.9238e-05
3d5.4s2,b 4G,3.5,8.0,6.730264,3d5.(2F1).4s.4p.(3P*),4F*,4.5,10.0,13.417272,6.687008,185.41056,2500000.0,0.0016106,0.012885,4.2744e-05
3d5.4s2,b 4G,3.5,8.0,6.730264,3d5.(2F1).4s.4p.(3P*),4D*,3.5,8.0,13.419972,6.689709,185.33572,8000000.0,0.0041197,0.032958,0.00010934
3d5.4s2,b 4G,3.5,8.0,6.730264,3d5.(2F1).4s.4p.(3P*),4F*,3.5,8.0,13.454597,6.724333,184.38139,36000000.0,0.018348,0.14679,0.00048696
3d5.4s2,b 4G,3.5,8.0,6.730264,3d5.(2F1).4s.4p.(3P*),4F*,2.5,6.0,13.45718,6.726916,184.31061,34000000.0,0.012987,0.10389,0.00034467
3d5.4s2,b 4G,3.5,8.0,6.730264,3d6.(3H).5p,4G*,4.5,10.0,13.461096,6.730832,184.20337,42000000.0,0.026706,0.21365,0.00070879
3d5.4s2,b 4G,3.5,8.0,6.730264,3d5.(4G).4s.4p.(1P*),4G*,3.5,8.0,13.468534,6.73827,184.00003,300000000.0,0.15227,1.2182,0.0040413
3d5.4s2,b 4G,3.5,8.0,6.730264,3d6.(3H).5p,4H*,4.5,10.0,13.49803,6.767767,183.1981,460000000.0,0.28931,2.3145,0.0076784
3d5.4s2,b 4G,3.5,8.0,6.730264,3d5.(4G).4s.4p.(1P*),4H*,3.5,8.0,13.502701,6.772438,183.07174,70000000.0,0.035172,0.28138,0.00093347
3d5.4s2,b 4G,3.5,8.0,6.730264,3d6.(3P2).5p,2D*,2.5,6.0,13.505923,6.77566,182.98469,8000000.0,0.0030119,0.024095,7.9936e-05
3d5.4s2,b 4G,3.5,8.0,6.730264,3d5.(2H).4s.4p.(3P*),4G*,4.5,10.0,13.619663,6.889399,179.96373,8000000.0,0.0048555,0.038844,0.00012886
3d5.4s2,b 4G,3.5,8.0,6.730264,3d6.(3H).5p,4I*,4.5,10.0,13.627375,6.897111,179.76251,8000000.0,0.0048446,0.038757,0.00012858
3d5.4s2,b 4G,3.5,8.0,6.730264,3d6.(3H).5p,4G*,3.5,8.0,13.635254,6.90499,179.55738,7000000.0,0.0033835,0.027068,8.9798e-05
3d5.4s2,b 4G,3.5,8.0,6.730264,3d6.(3F2).5p,4F*,3.5,8.0,13.65622,6.925956,179.01383,19000000.0,0.0091282,0.073026,0.00024226
3d5.4s2,b 4G,3.5,8.0,6.730264,3d6.(3F1).5p,4D*,2.5,6.0,13.674309,6.944045,178.54751,270000000.0,0.096781,0.77425,0.0025686
3d5.4s2,b 4G,3.5,8.0,6.730264,3d6.(3F2).5p,4D*,3.5,8.0,13.696423,6.966159,177.98071,41000000.0,0.019471,0.15577,0.00051676
3d5.4s2,b 4G,3.5,8.0,6.730264,3d6.(3F2).5p,4F*,2.5,6.0,13.708754,6.978491,177.66621,31000000.0,0.011003,0.08802,0.00029201
3d6.(3F1).4s,d 2F,2.5,6.0,6.80308,3d6.(3F2).4p,y 2D*,1.5,4.0,8.340892,1.537812,806.23753,120000.0,0.00077961,0.0046776,2.0691e-05
3d6.(3F1).4s,d 2F,2.5,6.0,6.80308,3d6.(3G).4p,x 2G*,3.5,8.0,8.743824,1.940744,638.8489,46000.0,0.00037528,0.0022517,9.9599e-06
3d6.(3F1).4s,d 2F,2.5,6.0,6.80308,3d6.(1F).4p,u 2F*,2.5,6.0,10.730513,3.927433,315.68759,1100000.0,0.0016435,0.0098609,4.3618e-05
3d6.(3F1).4s,d 2F,2.5,6.0,6.80308,3d6.(3P1).4p,u 2D*,1.5,4.0,11.433375,4.630295,267.76737,86000000.0,0.061629,0.36977,0.0016356
3d6.(3F1).4s,d 2F,2.5,6.0,6.80308,3d6.(3F1).4p,u 2G*,3.5,8.0,11.481273,4.678193,265.02584,198000000.0,0.278,1.668,0.007378
3d6.(3F1).4s,d 2F,2.5,6.0,6.80308,3d6.(3F1).4p,4D*,1.5,4.0,11.486837,4.683757,264.71098,7500000.0,0.0052526,0.031516,0.0001394
3d6.(3F1).4s,d 2F,2.5,6.0,6.80308,3d6.(3P1).4p,u 2D*,2.5,6.0,11.492765,4.689685,264.37641,7300000.0,0.0076494,0.045896,0.00020302
3d6.(3F1).4s,d 2F,2.5,6.0,6.80308,3d6.(3F1).4p,4D*,3.5,8.0,11.546633,4.743553,261.3741,1700000.0,0.0023215,0.013929,6.1613e-05
3d6.(3F1).4s,d 2F,2.5,6.0,6.80308,3d6.(3F1).4p,2D*,2.5,6.0,11.741355,4.938275,251.06783,11000000.0,0.010395,0.062371,0.00027589
3d6.(3F1).4s,d 2F,2.5,6.0,6.80308,3d6.(3F1).4p,2F*,2.5,6.0,11.784224,4.981144,248.90707,178000000.0,0.16533,0.99199,0.0043879
3d6.(3F1).4s,d 2F,2.5,6.0,6.80308,3d5.(4G).4s.4p.(3P*),t 2F*,2.5,6.0,11.937104,5.134024,241.49518,55000000.0,0.048088,0.28853,0.0012763
3d6.(3F1).4s,d 2F,2.5,6.0,6.80308,3d6.(1G1).4p,2F*,3.5,8.0,12.261862,5.458782,227.12793,2300000.0,0.0023717,0.01423,6.2946e-05
3d6.(3F1).4s,d 2F,2.5,6.0,6.80308,3d5.(4G).4s.4p.(3P*),2G*,3.5,8.0,12.353218,5.550138,223.38941,2400000.0,0.0023941,0.014364,6.3538e-05
3d6.(3F1).4s,d 2F,2.5,6.0,6.80308,3d6.(1G1).4p,2G*,3.5,8.0,12.374683,5.571603,222.52878,17000000.0,0.016827,0.10096,0.0004466
3d6.(3F1).4s,d 2F,2.5,6.0,6.80308,3d5.(4D).4s.4p.(3P*),2F*,2.5,6.0,12.811801,6.008721,206.34041,10000000.0,0.006383,0.038298,0.00016941
3d6.(3P1).4s,c 2P,1.5,4.0,6.807016,3d6.(3D).4p,y 2P*,1.5,4.0,9.074294,2.267278,546.8417,750000.0,0.0033624,0.013449,8.9237e-05
3d6.(3P1).4s,c 2P,1.5,4.0,6.807016,3d6.(3P1).4p,4P*,2.5,6.0,11.440533,4.633517,267.58117,1500000.0,0.0024152,0.0096608,6.4099e-05
3d6.(3P1).4s,c 2P,1.5,4.0,6.807016,3d5.(4G).4s.4p.(3P*),v 4F*,2.5,6.0,11.447449,4.640433,267.18237,2300000.0,0.0036923,0.014769,9.7993e-05
3d6.(3P1).4s,c 2P,1.5,4.0,6.807016,3d6.(3F1).4p,4D*,1.5,4.0,11.486837,4.679821,264.93361,3100000.0,0.0032621,0.013048,8.6576e-05
3d6.(3P1).4s,c 2P,1.5,4.0,6.807016,3d6.(3P1).4p,u 2D*,2.5,6.0,11.492765,4.685749,264.59848,52000000.0,0.081871,0.32748,0.0021729
3d6.(3P1).4s,c 2P,1.5,4.0,6.807016,3d6.(3F1).4p,u 4F*,2.5,6.0,11.579555,4.772539,259.78666,2100000.0,0.0031872,0.012749,8.4587e-05
3d6.(3P1).4s,c 2P,1.5,4.0,6.807016,3d6.(3F1).4p,2D*,2.5,6.0,11.741355,4.934339,251.26809,163000000.0,0.23143,0.92571,0.0061421
3d6.(3P1).4s,c 2P,1.5,4.0,6.807016,3d5.(4P).4s.4p.(3P*),4P*,1.5,4.0,11.746156,4.93914,251.02386,40000000.0,0.037788,0.15115,0.0010029
3d6.(3P1).4s,c 2P,1.5,4.0,6.807016,3d5.(4P).4s.4p.(3P*),2S*,0.5,2.0,12.890334,6.083318,203.81015,40000000.0,0.012455,0.04982,0.00033055
3d6.(3P1).4s,c 2P,1.5,4.0,6.807016,3d5.(4D).4s.4p.(3P*),2P*,0.5,2.0,13.157259,6.350243,195.24323,35000000.0,0.010001,0.040005,0.00026543
3d6.(3P1).4s,c 2P,1.5,4.0,6.807016,3d5.(4F).4s.4p.(3P*),6F*,1.5,4.0,13.202002,6.394986,193.87719,27000000.0,0.015215,0.060861,0.00040381
3d6.(3F1).4s,d 2F,3.5,8.0,6.807258,3d6.(3G).4p,x 2G*,4.5,10.0,8.717902,1.910644,648.91313,60000.0,0.00047347,0.0037878,1.2566e-05
3d6.(3F1).4s,d 2F,3.5,8.0,6.807258,3d6.(3D).4p,x 2D*,2.5,6.0,9.250072,2.442814,507.54664,290000.0,0.00083998,0.0067199,2.2293e-05
3d6.(3F1).4s,d 2F,3.5,8.0,6.807258,3d5.(4G).4s.4p.(3P*),x 4H*,4.5,10.0,11.420994,4.613736,268.72844,24000000.0,0.032479,0.25984,0.000862
3d6.(3F1).4s,d 2F,3.5,8.0,6.807258,3d6.(3F1).4p,u 2G*,4.5,10.0,11.427833,4.620575,268.33068,92000000.0,0.12414,0.99309,0.0032946
3d6.(3F1).4s,d 2F,3.5,8.0,6.807258,3d5.(4G).4s.4p.(3P*),v 4F*,3.5,8.0,11.441568,4.63431,267.53541,1100000.0,0.0011804,0.0094429,3.1327e-05
3d6.(3F1).4s,d 2F,3.5,8.0,6.807258,3d5.(4G).4s.4p.(3P*),v 4F*,2.5,6.0,11.447449,4.640191,267.19633,700000.0,0.00056193,0.0044954,1.4914e-05
3d6.(3F1).4s,d 2F,3.5,8.0,6.807258,3d5.(4G).4s.4p.(3P*),v 4F*,4.5,10.0,11.459483,4.652225,266.50516,99000000.0,0.13177,1.0542,0.0034972
3d6.(3F1).4s,d 2F,3.5,8.0,6.807258,3d6.(3F1).4p,u 2G*,3.5,8.0,11.481273,4.674015,265.26275,6800000.0,0.0071733,0.057387,0.00019038
3d6.(3F1).4s,d 2F,3.5,8.0,6.807258,3d6.(3P1).4p,u 2D*,2.5,6.0,11.492765,4.685506,264.61217,81000000.0,0.063771,0.51017,0.0016925
3d6.(3F1).4s,d 2F,3.5,8.0,6.807258,3d6.(3F1).4p,u 4F*,4.5,10.0,11.590613,4.783355,259.19924,10000000.0,0.01259,0.10072,0.00033415
3d6.(3F1).4s,d 2F,3.5,8.0,6.807258,3d6.(3F1).4p,2F*,2.5,6.0,11.784224,4.976966,249.11603,19000000.0,0.013258,0.10606,0.00035187
3d6.(3F1).4s,d 2F,3.5,8.0,6.807258,3d6.(3F1).4p,2F*,3.5,8.0,11.788336,4.981078,248.91039,184000000.0,0.17091,1.3673,0.0045359
3d6.(3F1).4s,d 2F,3.5,8.0,6.807258,3d5.(4G).4s.4p.(3P*),t 2F*,3.5,8.0,11.94669,5.139431,241.24108,57000000.0,0.049732,0.39786,0.0013199
3d6.(3F1).4s,d 2F,3.5,8.0,6.807258,3d6.(1G1).4p,2F*,3.5,8.0,12.261862,5.454604,227.30192,12000000.0,0.0092949,0.07436,0.00024669
3d6.(3F1).4s,d 2F,3.5,8.0,6.807258,3d6.(1G1).4p,2G*,3.5,8.0,12.374683,5.567425,222.69578,2700000.0,0.0020075,0.01606,5.3278e-05
3d6.(3F1).4s,d 2F,3.5,8.0,6.807258,3d5.(4P).4s.4p.(3P*),2D*,2.5,6.0,12.448073,5.640815,219.79839,11000000.0,0.0059753,0.047803,0.00015859
3d6.(3F1).4s,d 2F,3.5,8.0,6.807258,3d5.(4D).4s.4p.(3P*),2F*,3.5,8.0,12.793147,5.985889,207.12747,9000000.0,0.0057887,0.046309,0.00015363
3d5.4s2,d 4P,2.5,6.0,7.118067,3d6.(3D).4p,w 4D*,2.5,6.0,9.00367,1.885603,657.53079,130000.0,0.00084263,0.0050558,2.2363e-05
3d5.4s2,d 4P,2.5,6.0,7.118067,3d6.(3D).4p,w 4D*,3.5,8.0,9.007689,1.889622,656.13234,70000.0,0.00060239,0.0036144,1.5987e-05
3d5.4s2,d 4P,2.5,6.0,7.118067,3d6.(5D).5p,4P*,2.5,6.0,11.270304,4.152236,298.59621,600000.0,0.00080201,0.0048121,2.1285e-05
3d5.4s2,d 4P,2.5,6.0,7.118067,3d5.(4D).4s.4p.(3P*),6D*,2.5,6.0,11.633556,4.515489,274.57535,1300000.0,0.0014694,0.0088161,3.8997e-05
3d5.4s2,d 4P,2.5,6.0,7.118067,3d5.(4P).4s.4p.(3P*),4P*,2.5,6.0,11.680723,4.562655,271.73694,2000000.0,0.002214,0.013284,5.8761e-05
3d5.4s2,d 4P,2.5,6.0,7.118067,3d5.(4D).4s.4p.(3P*),4D*,3.5,8.0,12.198969,5.080901,244.02008,2300000.0,0.0027376,0.016426,7.2657e-05
3d5.4s2,d 4P,2.5,6.0,7.118067,3d5.(4F).4s.4p.(3P*),6F*,2.5,6.0,13.176957,6.05889,204.63187,4000000.0,0.0025111,0.015067,6.6645e-05
3d5.4s2,d 4P,2.5,6.0,7.118067,3d5.(2D3).4s.4p.(3P*),4D*,2.5,6.0,13.268532,6.150465,201.58508,4500000.0,0.0027415,0.016449,7.276e-05
3d5.4s2,d 4P,2.5,6.0,7.118067,3d5.(2D3).4s.4p.(3P*),4D*,3.5,8.0,13.271067,6.153,201.50204,14000000.0,0.011363,0.068177,0.00030157
3d5.4s2,d 4P,2.5,6.0,7.118067,3d6.(3P2).5p,4S*,1.5,4.0,13.436445,6.318378,196.2279,15000000.0,0.0057727,0.034636,0.00015321
3d5.4s2,d 4P,2.5,6.0,7.118067,3d6.(3P2).5p,4P*,2.5,6.0,13.490414,6.372347,194.566,30000000.0,0.017026,0.10216,0.00045187
3d5.4s2,d 4P,2.5,6.0,7.118067,3d6.(3P2).5p,4P*,1.5,4.0,13.570862,6.452794,192.14033,29000000.0,0.0107,0.064203,0.00028399
3d5.4s2,d 4P,2.5,6.0,7.118067,3d6.(3F2).5p,4F*,3.5,8.0,13.65622,6.538152,189.63186,33000000.0,0.023721,0.14233,0.00062956
3d5.4s2,d 4P,2.5,6.0,7.118067,3d6.(3F1).5p,4D*,2.5,6.0,13.674309,6.556241,189.10865,21000000.0,0.011259,0.067554,0.00029882
3d5.4s2,d 4P,2.5,6.0,7.118067,3d6.(3F2).5p,4D*,3.5,8.0,13.696423,6.578355,188.47294,100000000.0,0.071006,0.42604,0.0018845
3d5.4s2,d 4P,2.5,6.0,7.118067,3d6.(3F2).5p,4F*,2.5,6.0,13.708754,6.590687,188.12031,50000000.0,0.026528,0.15917,0.00070405
3d5.4s2,d 4P,1.5,4.0,7.128265,3d6.(3F2).4p,x 4D*,1.5,4.0,7.868674,0.740409,1674.53664,8000.0,0.00033631,0.0013452,8.9256e-06
3d5.4s2,d 4P,1.5,4.0,7.128265,3d6.(3D).4p,w 4D*,0.5,2.0,8.980135,1.85187,669.50797,210000.0,0.0007056,0.0028224,1.8727e-05
3d5.4s2,d 4P,1.5,4.0,7.128265,3d6.(3D).4p,w 4D*,1.5,4.0,8.9919,1.863635,665.28163,130000.0,0.00086261,0.0034504,2.2894e-05
3d5.4s2,d 4P,1.5,4.0,7.128265,3d6.(3P1).4p,4S*,1.5,4.0,11.236664,4.1084,301.78222,1700000.0,0.0023211,0.0092844,6.1602e-05
3d5.4s2,d 4P,1.5,4.0,7.128265,3d6.(3P1).4p,4P*,0.5,2.0,11.262661,4.134396,299.88465,1600000.0,0.0010786,0.0043144,2.8626e-05
3d5.4s2,d 4P,1.5,4.0,7.128265,3d5.(4P).4s.4p.(3P*),4P*,0.5,2.0,11.763693,4.635428,267.47085,1900000.0,0.0010189,0.0040756,2.7042e-05
3d5.4s2,d 4P,1.5,4.0,7.128265,3d5.(4P).4s.4p.(3P*),4D*,2.5,6.0,11.901964,4.7737,259.7235,1000000.0,0.001517,0.0060678,4.026e-05
3d5.4s2,d 4P,1.5,4.0,7.128265,3d5.(4D).4s.4p.(3P*),2P*,1.5,4.0,13.191721,6.063456,204.47777,4300000.0,0.0026954,0.010782,7.1535e-05
3d5.4s2,d 4P,1.5,4.0,7.128265,3d5.(2D3).4s.4p.(3P*),4P*,2.5,6.0,13.21576,6.087495,203.6703,3100000.0,0.0028918,0.011567,7.6748e-05
3d5.4s2,d 4P,1.5,4.0,7.128265,3d5.(2D3).4s.4p.(3P*),4D*,2.5,6.0,13.268532,6.140268,201.91986,9000000.0,0.0082519,0.033007,0.000219
3d5.4s2,d 4P,1.5,4.0,7.128265,3d5.(2F1).4s.4p.(3P*),4G*,2.5,6.0,13.303289,6.175025,200.78333,4200000.0,0.0038076,0.015231,0.00010105
3d5.4s2,d 4P,1.5,4.0,7.128265,3d5.(2D3).4s.4p.(3P*),4D*,0.5,2.0,13.322667,6.194402,200.15524,6000000.0,0.0018018,0.0072073,4.7821e-05
3d5.4s2,d 4P,1.5,4.0,7.128265,3d5.(4F).4s.4p.(3P*),6D*,1.5,4.0,13.414085,6.28582,197.24426,4200000.0,0.0024497,0.0097989,6.5016e-05
3d5.4s2,d 4P,1.5,4.0,7.128265,3d6.(3P2).5p,4P*,2.5,6.0,13.490414,6.362149,194.87785,12000000.0,0.010248,0.040994,0.00027199
3d5.4s2,d 4P,1.5,4.0,7.128265,3d6.(3P2).5p,4P*,1.5,4.0,13.570862,6.442597,192.44445,2600000.0,0.0014436,0.0057744,3.8313e-05
3d5.4s2,d 4P,1.5,4.0,7.128265,3d6.(3P2).5p,4P*,0.5,2.0,13.579869,6.451604,192.17578,18000000.0,0.0049831,0.019932,0.00013225
3d5.4s2,d 4P,1.5,4.0,7.128265,3d6.(3F1).5p,4D*,2.5,6.0,13.674309,6.546044,189.40324,26000000.0,0.020975,0.083899,0.00055667
3d5.4s2,d 4P,1.5,4.0,7.128265,3d6.(3F2).5p,4F*,1.5,4.0,13.688708,6.560444,188.98752,17000000.0,0.0091028,0.036411,0.00024159
3d5.4s2,d 4P,1.5,4.0,7.128265,3d6.(3P2).5p,4D*,2.5,6.0,13.701069,6.572805,188.63211,3800000.0,0.0030406,0.012163,8.0699e-05
3d5.4s2,d 4P,1.5,4.0,7.128265,3d6.(3F2).5p,4F*,2.5,6.0,13.708754,6.580489,188.41183,70000000.0,0.055881,0.22352,0.0014831
3d5.4s2,d 4P,1.5,4.0,7.128265,3d6.(3F2).5p,4D*,1.5,4.0,13.718331,6.590067,188.13801,35000000.0,0.018573,0.074292,0.00049293
3d5.4s2,d 4P,0.5,2.0,7.138823,3d6.(5D).5p,4D*,1.5,4.0,11.270024,4.131202,300.11655,800000.0,0.0021605,0.0043211,5.734e-05
3d5.4s2,d 4P,0.5,2.0,7.138823,3d5.(2D3).4s.4p.(3P*),4D*,0.5,2.0,13.322667,6.183844,200.49698,26000000.0,0.015669,0.031339,0.00041586
3d5.4s2,d 4P,0.5,2.0,7.138823,3d6.(3P2).5p,4S*,1.5,4.0,13.436445,6.297622,196.87462,24000000.0,0.027892,0.055784,0.00074025
3d5.4s2,d 4P,0.5,2.0,7.138823,3d6.(3F2).5p,4F*,1.5,4.0,13.688708,6.549885,189.29216,9000000.0,0.0096694,0.019339,0.00025662
3d5.4s2,d 4P,0.5,2.0,7.138823,3d6.(3F2).5p,4D*,1.5,4.0,13.718331,6.579509,188.43991,28000000.0,0.029812,0.059624,0.00079121
3d6.(1G1).4s,d 2G,4.5,10.0,7.269395,3d6.(3G).4p,y 2F*,3.5,8.0,8.630114,1.36072,911.1664,22000.0,0.00021906,0.0021906,5.8139e-06
3d6.(1G1).4s,d 2G,4.5,10.0,7.269395,3d6.(1I).4p,y 2I*,5.5,12.0,9.171081,1.901687,651.96964,34000.0,0.00026,0.0026,6.9004e-06
3d6.(1G1).4s,d 2G,4.5,10.0,7.269395,3d6.(3F1).4p,u 2G*,4.5,10.0,11.427833,4.158438,298.15087,1600000.0,0.0021323,0.021323,5.6592e-05
3d6.(1G1).4s,d 2G,4.5,10.0,7.269395,3d5.(4G).4s.4p.(3P*),v 4F*,4.5,10.0,11.459483,4.190089,295.89875,1500000.0,0.001969,0.01969,5.2256e-05
3d6.(1G1).4s,d 2G,4.5,10.0,7.269395,3d5.(4G).4s.4p.(3P*),t 2F*,3.5,8.0,11.94669,4.677295,265.07672,1800000.0,0.0015169,0.015169,4.0259e-05
3d6.(1G1).4s,d 2G,4.5,10.0,7.269395,3d6.(1G1).4p,2H*,4.5,10.0,12.132019,4.862624,254.97384,15000000.0,0.01462,0.1462,0.00038801
3d6.(1G1).4s,d 2G,4.5,10.0,7.269395,3d6.(1G1).4p,2H*,5.5,12.0,12.185025,4.91563,252.22444,267000000.0,0.30558,3.0558,0.0081101
3d6.(1G1).4s,d 2G,4.5,10.0,7.269395,3d6.(1G1).4p,2F*,3.5,8.0,12.261862,4.992468,248.34251,223000000.0,0.16495,1.6495,0.0043778
3d6.(1G1).4s,d 2G,4.5,10.0,7.269395,3d5.(4G).4s.4p.(3P*),2G*,3.5,8.0,12.353218,5.083823,243.87985,13000000.0,0.0092735,0.092735,0.00024612
3d6.(1G1).4s,d 2G,4.5,10.0,7.269395,3d6.(1G1).4p,2G*,4.5,10.0,12.355429,5.086034,243.77381,220000000.0,0.196,1.96,0.0052018
3d6.(1G1).4s,d 2G,4.5,10.0,7.269395,3d5.(4G).4s.4p.(3P*),2G*,4.5,10.0,12.368318,5.098923,243.15762,39000000.0,0.03457,0.3457,0.00091749
3d6.(1G1).4s,d 2G,4.5,10.0,7.269395,3d6.(1G1).4p,2G*,3.5,8.0,12.374683,5.105288,242.85446,9000000.0,0.0063663,0.063663,0.00016896
3d6.(1G1).4s,d 2G,4.5,10.0,7.269395,3d5.(4F).4s.4p.(3P*),6F*,5.5,12.0,13.222847,5.953452,208.25598,2000000.0,0.0015605,0.015605,4.1416e-05
3d6.(1G1).4s,d 2G,3.5,8.0,7.273682,3d6.(1I).4p,w 2H*,4.5,10.0,9.143993,1.870311,662.90682,260000.0,0.0021412,0.017129,5.6826e-05
3d6.(1G1).4s,d 2G,3.5,8.0,7.273682,3d6.(3D).4p,w 2F*,2.5,6.0,9.41227,2.138589,579.74778,180000.0,0.00068025,0.005442,1.8054e-05
3d6.(1G1).4s,d 2G,3.5,8.0,7.273682,3d6.(3F1).4p,u 2G*,3.5,8.0,11.481273,4.207591,294.66788,2200000.0,0.0028638,0.022911,7.6006e-05
3d6.(1G1).4s,d 2G,3.5,8.0,7.273682,3d6.(3F1).4p,2F*,2.5,6.0,11.784224,4.510542,274.87647,7500000.0,0.0063717,0.050974,0.00016911
3d6.(1G1).4s,d 2G,3.5,8.0,7.273682,3d5.(4G).4s.4p.(3P*),t 2F*,2.5,6.0,11.937104,4.663422,265.86528,900000.0,0.0007153,0.0057224,1.8984e-05
3d6.(1G1).4s,d 2G,3.5,8.0,7.273682,3d6.(1G1).4p,2H*,4.5,10.0,12.132019,4.858337,255.19883,243000000.0,0.29657,2.3726,0.0078711
3d6.(1G1).4s,d 2G,3.5,8.0,7.273682,3d6.(1G1).4p,2F*,3.5,8.0,12.261862,4.988181,248.55594,23000000.0,0.021303,0.17042,0.00056538
3d6.(1G1).4s,d 2G,3.5,8.0,7.273682,3d6.(1G1).4p,2G*,4.5,10.0,12.355429,5.081747,243.97945,16000000.0,0.017848,0.14279,0.00047369
3d6.(1G1).4s,d 2G,3.5,8.0,7.273682,3d6.(1G1).4p,2G*,3.5,8.0,12.374683,5.101001,243.05856,151000000.0,0.13374,1.0699,0.0035494
3d6.(1G1).4s,d 2G,3.5,8.0,7.273682,3d5.(2I).4s.4p.(3P*),2H*,4.5,10.0,13.267138,5.993456,206.86595,17000000.0,0.013633,0.10907,0.00036182
3d6.(3P2).4p,z 4S*,1.5,4.0,7.397324,3d6.(3P2).5s,4P,2.5,6.0,12.089379,4.692055,264.24286,89000000.0,0.13975,0.55899,0.0037089
3d6.(3P2).4p,z 4S*,1.5,4.0,7.397324,3d6.(3P2).5s,2P,1.5,4.0,12.282924,4.8856,253.77474,2300000.0,0.0022207,0.0088827,5.8937e-05
3d6.(3P2).4p,z 4S*,1.5,4.0,7.397324,3d6.(5D).6s,4D,2.5,6.0,12.745867,5.348544,231.80927,9000000.0,0.010876,0.043503,0.00028864
3d6.(3P2).4p,z 4S*,1.5,4.0,7.397324,3d6.(3P2).4d,4D,2.5,6.0,12.770702,5.373378,230.73789,190000000.0,0.22748,0.90992,0.0060373
3d6.(3P2).4p,z 4S*,1.5,4.0,7.397324,3d6.(5D).6s,4D,1.5,4.0,12.785055,5.387731,230.12322,2500000.0,0.0019848,0.0079393,5.2677e-05
3d6.(3P2).4p,z 4S*,1.5,4.0,7.397324,3d6.(3F2).4d,4P,0.5,2.0,13.029036,5.631712,220.15364,4100000.0,0.0014896,0.0059583,3.9534e-05
3d6.(3P2).4p,z 4S*,1.5,4.0,7.397324,3d6.(5D).5d,4P,0.5,2.0,13.288142,5.890818,210.47025,6000000.0,0.0019923,0.0079693,5.2877e-05
3d5.4s2,c 4D,3.5,8.0,7.472571,3d6.(3G).4p,x 4G*,4.5,10.0,8.145273,0.672701,1843.07951,4500.0,0.00028646,0.0022917,7.6028e-06
3d5.4s2,c 4D,3.5,8.0,7.472571,3d6.(3G).4p,x 4F*,4.5,10.0,8.184541,0.71197,1741.42496,7400.0,0.00042054,0.0033643,1.1161e-05
3d5.4s2,c 4D,3.5,8.0,7.472571,3d6.(3F1).4p,u 2G*,4.5,10.0,11.427833,3.955262,313.46647,500000.0,0.00092071,0.0073657,2.4436e-05
3d5.4s2,c 4D,3.5,8.0,7.472571,3d6.(3P1).4p,4P*,2.5,6.0,11.440533,3.967962,312.46317,2400000.0,0.0026347,0.021078,6.9925e-05
3d5.4s2,c 4D,3.5,8.0,7.472571,3d5.(4G).4s.4p.(3P*),v 4F*,2.5,6.0,11.447449,3.974878,311.9195,2500000.0,0.0027349,0.021879,7.2585e-05
3d5.4s2,c 4D,3.5,8.0,7.472571,3d6.(3F1).4p,4D*,3.5,8.0,11.546633,4.074062,304.32574,440000.0,0.00061093,0.0048874,1.6214e-05
3d5.4s2,c 4D,3.5,8.0,7.472571,3d5.(4D).4s.4p.(3P*),4D*,3.5,8.0,12.198969,4.726398,262.32282,2900000.0,0.0029918,0.023934,7.9402e-05
3d5.4s2,c 4D,3.5,8.0,7.472571,3d5.(4D).4s.4p.(3P*),4F*,4.5,10.0,12.224407,4.751835,260.91855,2500000.0,0.0031895,0.025516,8.4649e-05
3d5.4s2,c 4D,3.5,8.0,7.472571,3d5.(2D3).4s.4p.(3P*),4P*,2.5,6.0,13.21576,5.743189,215.88041,1900000.0,0.00099564,0.0079651,2.6424e-05
3d5.4s2,c 4D,3.5,8.0,7.472571,3d5.(2F1).4s.4p.(3P*),4F*,4.5,10.0,13.417272,5.944701,208.56256,2100000.0,0.0017118,0.013695,4.5432e-05
3d5.4s2,c 4D,3.5,8.0,7.472571,3d6.(3P2).5p,4P*,2.5,6.0,13.490414,6.017843,206.02765,16000000.0,0.0076365,0.061092,0.00020267
3d5.4s2,c 4D,3.5,8.0,7.472571,3d6.(3P2).5p,4D*,3.5,8.0,13.582479,6.109908,202.92319,2300000.0,0.0014199,0.011359,3.7684e-05
3d5.4s2,c 4D,3.5,8.0,7.472571,3d6.(3F2).5p,4F*,3.5,8.0,13.65622,6.183649,200.50331,4000000.0,0.0024108,0.019286,6.3983e-05
3d5.4s2,c 4D,3.5,8.0,7.472571,3d6.(3F2).5p,4D*,3.5,8.0,13.696423,6.223852,199.20815,8000000.0,0.0047595,0.038076,0.00012632
3d5.4s2,c 4D,3.5,8.0,7.472571,3d6.(3P2).5p,4D*,2.5,6.0,13.701069,6.228498,199.05954,8000000.0,0.0035643,0.028515,9.4597e-05
3d5.4s2,c 4D,0.5,2.0,7.486707,3d6.(3P2).5p,4P*,0.5,2.0,13.579869,6.093161,203.48091,15000000.0,0.009311,0.018622,0.00024711
3d6.(3P2).4p,y 4P*,2.5,6.0,7.488935,3d6.(3P2).5s,4P,2.5,6.0,12.089379,4.600444,269.50486,124000000.0,0.13503,0.81015,0.0035836
3d6.(3P2).4p,y 4P*,2.5,6.0,7.488935,3d6.(5D).6s,4D,3.5,8.0,12.695333,5.206398,238.13815,1400000.0,0.001587,0.0095222,4.212e-05
3d6.(3P2).4p,y 4P*,2.5,6.0,7.488935,3d6.(5D).6s,4D,2.5,6.0,12.745867,5.256933,235.84894,14000000.0,0.011675,0.07005,0.00030985
3d6.(3P2).4p,y 4P*,2.5,6.0,7.488935,3d6.(3P2).4d,4D,2.5,6.0,12.770702,5.281767,234.73998,340000000.0,0.28087,1.6852,0.0074544
3d6.(3P2).4p,y 4P*,2.5,6.0,7.488935,3d6.(3P2).4d,4D,3.5,8.0,12.783124,5.294189,234.18921,318000000.0,0.34863,2.0918,0.0092525
3d6.(3P2).4p,y 4P*,2.5,6.0,7.488935,3d6.(3P2).4d,2F,3.5,8.0,12.794173,5.305239,233.70146,53000000.0,0.057862,0.34717,0.0015357
3d6.(3P2).4p,y 4P*,2.5,6.0,7.488935,3d6.(5D).5d,4F,3.5,8.0,12.871364,5.382429,230.34989,15000000.0,0.01591,0.095459,0.00042225
3d6.(3P2).4p,y 4P*,2.5,6.0,7.488935,3d6.(3P2).4d,4F,3.5,8.0,12.907739,5.418805,228.8036,3400000.0,0.003558,0.021348,9.4429e-05
3d6.(3P2).4p,y 4P*,2.5,6.0,7.488935,3d6.(5D).5d,4P,2.5,6.0,13.241101,5.752166,215.54351,2900000.0,0.0020199,0.012119,5.3608e-05
3d6.(3P2).4p,y 4P*,2.5,6.0,7.488935,3d6.(3F2).4d,4F,2.5,6.0,13.249791,5.760856,215.21836,2200000.0,0.0015277,0.0091663,4.0545e-05
3d6.(3P2).4p,y 4P*,2.5,6.0,7.488935,3d6.(5D).5d,4P,1.5,4.0,13.274486,5.785551,214.29971,3800000.0,0.0017442,0.010465,4.6291e-05
3d5.4s2,c 4D,1.5,4.0,7.493734,3d6.(3D).4p,w 4D*,2.5,6.0,9.00367,1.509936,821.12205,28000.0,0.00042455,0.0016982,1.1267e-05
3d5.4s2,c 4D,1.5,4.0,7.493734,3d6.(5D).5p,4P*,1.5,4.0,11.434511,3.940777,314.61869,1000000.0,0.001484,0.0059359,3.9385e-05
3d5.4s2,c 4D,1.5,4.0,7.493734,3d5.(4G).4s.4p.(3P*),v 4F*,2.5,6.0,11.447449,3.953715,313.5891,700000.0,0.001548,0.006192,4.1084e-05
3d5.4s2,c 4D,1.5,4.0,7.493734,3d5.(4D).4s.4p.(3P*),4F*,2.5,6.0,12.194423,4.700689,263.7575,1100000.0,0.0017209,0.0068836,4.5672e-05
3d5.4s2,c 4D,1.5,4.0,7.493734,3d6.(3P2).5p,4P*,1.5,4.0,13.570862,6.077128,204.01776,4400000.0,0.0027457,0.010983,7.287e-05
3d5.4s2,c 4D,1.5,4.0,7.493734,3d6.(3P2).5p,4P*,0.5,2.0,13.579869,6.086135,203.71583,15000000.0,0.0046663,0.018665,0.00012384
3d5.4s2,c 4D,2.5,6.0,7.49426,3d6.(3D).4p,w 4P*,2.5,6.0,8.922492,1.428232,868.09547,33000.0,0.00037283,0.002237,9.8949e-06
3d5.4s2,c 4D,2.5,6.0,7.49426,3d6.(5D).5p,4P*,1.5,4.0,11.434511,3.940251,314.66064,2800000.0,0.0027708,0.016625,7.3538e-05
3d5.4s2,c 4D,2.5,6.0,7.49426,3d6.(3P1).4p,4P*,2.5,6.0,11.440533,3.946274,314.18043,600000.0,0.00088791,0.0053275,2.3565e-05
3d5.4s2,c 4D,2.5,6.0,7.49426,3d5.(4G).4s.4p.(3P*),v 4F*,3.5,8.0,11.441568,3.947309,314.09806,800000.0,0.0015777,0.0094661,4.1872e-05
3d5.4s2,c 4D,2.5,6.0,7.49426,3d5.(4D).4s.4p.(3P*),4D*,2.5,6.0,12.213066,4.718807,262.74481,2700000.0,0.0027944,0.016767,7.4164e-05
3d5.4s2,c 4D,2.5,6.0,7.49426,3d5.(4D).4s.4p.(3P*),4F*,3.5,8.0,12.216908,4.722649,262.53106,1800000.0,0.0024799,0.014879,6.5816e-05
3d5.4s2,c 4D,2.5,6.0,7.49426,3d5.(2F1).4s.4p.(3P*),4D*,3.5,8.0,13.419972,5.925713,209.23087,1000000.0,0.00087508,0.0052505,2.3225e-05
3d5.4s2,c 4D,2.5,6.0,7.49426,3d5.(2F1).4s.4p.(3P*),4F*,3.5,8.0,13.454597,5.960337,208.0154,1100000.0,0.00095144,0.0057086,2.5251e-05
3d5.4s2,c 4D,2.5,6.0,7.49426,3d6.(3P2).5p,4P*,2.5,6.0,13.490414,5.996154,206.77285,2100000.0,0.0013461,0.0080764,3.5725e-05
3d5.4s2,c 4D,2.5,6.0,7.49426,3d6.(3P2).5p,4P*,1.5,4.0,13.570862,6.076602,204.0354,7000000.0,0.0029126,0.017475,7.73e-05
3d5.4s2,c 4D,2.5,6.0,7.49426,3d6.(3F2).5p,4D*,3.5,8.0,13.696423,6.202163,199.90476,3600000.0,0.0028757,0.017254,7.6322e-05
3d6.(3H).4p,z 4G*,5.5,12.0,7.516597,3d5.4s2,4F,4.5,10.0,9.099668,1.583071,783.18805,80000.0,0.00061306,0.0073567,1.6271e-05
3d6.(3H).4p,z 4G*,5.5,12.0,7.516597,3d6.(3H).5s,e 4H,6.5,14.0,12.166586,4.649989,266.63332,86000000.0,0.10694,1.2833,0.0028381
3d6.(3H).4p,z 4G*,5.5,12.0,7.516597,3d6.(3H).5s,e 4H,5.5,12.0,12.187015,4.670418,265.46702,600000.0,0.00063392,0.007607,1.6824e-05
3d6.(3H).4p,z 4G*,5.5,12.0,7.516597,3d6.(3F2).5s,f 4F,4.5,10.0,12.345509,4.828911,256.75393,32000000.0,0.026355,0.31626,0.00069946
3d6.(3H).4p,z 4G*,5.5,12.0,7.516597,3d6.(3P2).4d,4F,4.5,10.0,12.790869,5.274272,235.07357,96000000.0,0.066276,0.79531,0.001759
3d6.(3H).4p,z 4G*,5.5,12.0,7.516597,3d6.(3H).4d,4G,5.5,12.0,12.844816,5.328219,232.69352,312000000.0,0.25327,3.0392,0.0067218
3d6.(3H).4p,z 4G*,5.5,12.0,7.516597,3d6.(3G).5s,e 2G,4.5,10.0,12.845869,5.329272,232.64755,4000000.0,0.0027048,0.032458,7.1785e-05
3d6.(3H).4p,z 4G*,5.5,12.0,7.516597,3d6.(3H).4d,4H,6.5,14.0,12.846942,5.330345,232.60071,133000000.0,0.12586,1.5103,0.0033403
3d6.(3H).4p,z 4G*,5.5,12.0,7.516597,3d6.(5D).5d,4F,4.5,10.0,12.855063,5.338466,232.24686,155000000.0,0.10445,1.2534,0.0027721
3d6.(3H).4p,z 4G*,5.5,12.0,7.516597,3d6.(3H).4d,4G,4.5,10.0,12.866007,5.349409,231.77175,24000000.0,0.016107,0.19328,0.00042748
3d6.(3H).4p,z 4G*,5.5,12.0,7.516597,3d6.(3H).4d,2K,6.5,14.0,12.933458,5.416861,228.88571,6900000.0,0.0063226,0.075871,0.0001678
3d6.(3H).4p,z 4G*,5.5,12.0,7.516597,3d6.(5D).5d,6D,4.5,10.0,12.945397,5.4288,228.38233,6400000.0,0.0041705,0.050045,0.00011068
3d6.(3H).4p,z 4G*,5.5,12.0,7.516597,3d6.(5D).5d,6G,5.5,12.0,12.967916,5.451318,227.43893,1200000.0,0.00093062,0.011167,2.4699e-05
3d6.(3H).4p,z 4G*,5.5,12.0,7.516597,3d6.(3H).4d,2I,6.5,14.0,12.971513,5.454916,227.28894,2700000.0,0.0024396,0.029276,6.4748e-05
3d6.(3H).4p,z 4G*,5.5,12.0,7.516597,3d6.(3H).4d,2I,5.5,12.0,12.989261,5.472664,226.55181,3800000.0,0.002924,0.035088,7.7603e-05
3d6.(3H).4p,z 4G*,5.5,12.0,7.516597,3d6.(5D).5d,4G,5.5,12.0,13.001409,5.484811,226.05007,1200000.0,0.00091928,0.011031,2.4398e-05
3d6.(3H).4p,z 4G*,5.5,12.0,7.516597,3d6.(5D).5d,6G,4.5,10.0,13.00204,5.485442,226.02407,6400000.0,0.0040848,0.049017,0.00010841
3d6.(3H).4p,z 4G*,5.5,12.0,7.516597,3d6.(3F2).4d,4F,4.5,10.0,13.007995,5.491397,225.77896,75000000.0,0.047765,0.57318,0.0012677
3d6.(3H).4p,z 4G*,5.5,12.0,7.516597,3d6.(3F2).4d,4G,5.5,12.0,13.026221,5.509624,225.03205,11000000.0,0.008351,0.10021,0.00022164
3d6.(3H).4p,z 4G*,5.5,12.0,7.516597,3d6.(5D).5d,4G,4.5,10.0,13.044511,5.527914,224.2875,1100000.0,0.00069132,0.0082959,1.8348e-05
3d6.(3H).4p,z 4G*,5.5,12.0,7.516597,3d6.(3F2).4d,4H,6.5,14.0,13.054157,5.537559,223.89683,137000000.0,0.12012,1.4415,0.003188
3d6.(3H).4p,z 4G*,5.5,12.0,7.516597,3d6.(3H).4d,4F,4.5,10.0,13.231865,5.715268,216.93508,21000000.0,0.012347,0.14816,0.00032769
3d6.(3H).4p,z 4G*,5.5,12.0,7.516597,3d6.(3F2).4d,2G,4.5,10.0,13.256941,5.740344,215.98741,14000000.0,0.0081595,0.097914,0.00021655
3d6.(3H).4p,z 4G*,5.5,12.0,7.516597,3d6.(3G).4d,4H,6.5,14.0,13.406842,5.890245,210.49074,14000000.0,0.010849,0.13019,0.00028794
3d6.(3H).4p,z 4G*,4.5,10.0,7.539137,3d5.4s2,4F,3.5,8.0,9.111878,1.572741,788.3321,60000.0,0.00044722,0.0044722,1.1869e-05
3d6.(3H).4p,z 4G*,4.5,10.0,7.539137,3d6.(3H).5s,e 4H,5.5,12.0,12.187015,4.647879,266.75438,59000000.0,0.075529,0.75529,0.0020045
3d6.(3H).4p,z 4G*,4.5,10.0,7.539137,3d6.(3H).5s,e 4H,4.5,10.0,12.205675,4.666538,265.68773,12000000.0,0.012699,0.12699,0.00033704
3d6.(3H).4p,z 4G*,4.5,10.0,7.539137,3d6.(3H).5s,e 4H,3.5,8.0,12.220987,4.68185,264.81881,1800000.0,0.001514,0.01514,4.0181e-05
3d6.(3H).4p,z 4G*,4.5,10.0,7.539137,3d6.(3F2).5s,f 4F,4.5,10.0,12.345509,4.806372,257.95797,9000000.0,0.0089784,0.089784,0.00023829
3d6.(3H).4p,z 4G*,4.5,10.0,7.539137,3d6.(3F2).5s,f 4F,3.5,8.0,12.359781,4.820644,257.19426,44000000.0,0.034908,0.34908,0.00092646
3d6.(3H).4p,z 4G*,4.5,10.0,7.539137,3d6.(3G).5s,e 2G,4.5,10.0,12.845869,5.306732,233.63568,2700000.0,0.0022095,0.022095,5.8641e-05
3d6.(3H).4p,z 4G*,4.5,10.0,7.539137,3d6.(3H).4d,4H,5.5,12.0,12.863568,5.324431,232.85905,108000000.0,0.10535,1.0535,0.0027961
3d6.(3H).4p,z 4G*,4.5,10.0,7.539137,3d6.(3H).4d,4G,4.5,10.0,12.866007,5.32687,232.75244,264000000.0,0.21441,2.1441,0.0056905
3d6.(3H).4p,z 4G*,4.5,10.0,7.539137,3d6.(3H).4d,4G,3.5,8.0,12.884641,5.345504,231.94108,17000000.0,0.010969,0.10969,0.00029111
3d6.(3H).4p,z 4G*,4.5,10.0,7.539137,3d6.(3P2).4d,4F,3.5,8.0,12.907739,5.368603,230.94315,3000000.0,0.001919,0.01919,5.0931e-05
3d6.(3H).4p,z 4G*,4.5,10.0,7.539137,3d6.(3H).4d,4I,4.5,10.0,12.918222,5.379085,230.49309,8000000.0,0.0063718,0.063718,0.00016911
3d6.(3H).4p,z 4G*,4.5,10.0,7.539137,3d6.(5D).5d,6F,3.5,8.0,12.941587,5.402451,229.49622,17000000.0,0.010739,0.10739,0.000285
3d6.(3H).4p,z 4G*,4.5,10.0,7.539137,3d6.(5D).5d,6D,4.5,10.0,12.945397,5.406261,229.33449,800000.0,0.0006308,0.006308,1.6741e-05
3d6.(3H).4p,z 4G*,4.5,10.0,7.539137,3d6.(3H).4d,2F,3.5,8.0,12.954068,5.414931,228.96726,19000000.0,0.011947,0.11947,0.00031707
3d6.(3H).4p,z 4G*,4.5,10.0,7.539137,3d6.(5D).5d,6D,3.5,8.0,12.981817,5.44268,227.79992,2200000.0,0.0013692,0.013692,3.634e-05
3d6.(3H).4p,z 4G*,4.5,10.0,7.539137,3d6.(3H).4d,2I,5.5,12.0,12.989261,5.450125,227.48874,18000000.0,0.016758,0.16758,0.00044477
3d6.(3H).4p,z 4G*,4.5,10.0,7.539137,3d6.(5D).5d,6G,4.5,10.0,13.00204,5.462903,226.95663,4300000.0,0.0033206,0.033206,8.8128e-05
3d6.(3H).4p,z 4G*,4.5,10.0,7.539137,3d6.(5D).5d,4D,3.5,8.0,13.002624,5.463487,226.93237,11000000.0,0.0067941,0.067941,0.00018032
3d6.(3H).4p,z 4G*,4.5,10.0,7.539137,3d6.(3F2).4d,4F,4.5,10.0,13.007995,5.468858,226.70949,3700000.0,0.002851,0.02851,7.5666e-05
3d6.(3H).4p,z 4G*,4.5,10.0,7.539137,3d6.(3F2).4d,4D,3.5,8.0,13.017582,5.478445,226.31275,12000000.0,0.0073714,0.073714,0.00019564
3d6.(3H).4p,z 4G*,4.5,10.0,7.539137,3d6.(3F2).4d,4G,5.5,12.0,13.026221,5.487085,225.95642,15000000.0,0.013778,0.13778,0.00036566
3d6.(3H).4p,z 4G*,4.5,10.0,7.539137,3d6.(5D).5d,6G,3.5,8.0,13.026478,5.487341,225.94587,1600000.0,0.00097967,0.0097967,2.6e-05
3d6.(3H).4p,z 4G*,4.5,10.0,7.539137,3d6.(3H).4d,2G,3.5,8.0,13.033591,5.494455,225.65333,20000000.0,0.012214,0.12214,0.00032416
3d6.(3H).4p,z 4G*,4.5,10.0,7.539137,3d6.(3F2).4d,4G,4.5,10.0,13.03757,5.498433,225.49006,34000000.0,0.025918,0.25918,0.00068785
3d6.(3H).4p,z 4G*,4.5,10.0,7.539137,3d6.(3H).4d,4F,3.5,8.0,13.045693,5.506556,225.15742,25000000.0,0.015201,0.15201,0.00040343
3d6.(3H).4p,z 4G*,4.5,10.0,7.539137,3d6.(3F2).4d,4H,5.5,12.0,13.067795,5.528658,224.2573,149000000.0,0.13481,1.3481,0.0035778
3d6.(3H).4p,z 4G*,4.5,10.0,7.539137,3d6.(3F2).4d,4H,4.5,10.0,13.083368,5.544232,223.62738,4900000.0,0.0036737,0.036737,9.75e-05
3d6.(3H).4p,z 4G*,4.5,10.0,7.539137,3d6.(3F2).4d,2H,5.5,12.0,13.112976,5.573839,222.43949,4600000.0,0.0040947,0.040947,0.00010867
3d6.(3H).4p,z 4G*,4.5,10.0,7.539137,3d6.(3H).4d,4F,4.5,10.0,13.231865,5.692728,217.794,8000000.0,0.0056891,0.056891,0.00015099
3d6.(3H).4p,z 4G*,4.5,10.0,7.539137,3d6.(3F2).4d,4F,3.5,8.0,13.237449,5.698312,217.58057,9000000.0,0.0051101,0.051101,0.00013562
3d6.(3H).4p,z 4G*,4.5,10.0,7.539137,3d6.(3F2).4d,2G,3.5,8.0,13.253957,5.71482,216.95205,9000000.0,0.0050807,0.050807,0.00013484
3d6.(3H).4p,z 4G*,4.5,10.0,7.539137,3d6.(3G).4d,4H,5.5,12.0,13.438391,5.899254,210.16927,9000000.0,0.0071519,0.071519,0.00018981
3d6.(3H).4p,z 4H*,6.5,14.0,7.542896,3d6.(3H).5s,e 4H,6.5,14.0,12.166586,4.62369,268.14988,93000000.0,0.10025,1.4035,0.0026607
3d6.(3H).4p,z 4H*,6.5,14.0,7.542896,3d6.(3H).5s,e 4H,5.5,12.0,12.187015,4.644119,266.97031,40000000.0,0.036635,0.51289,0.0009723
3d6.(3H).4p,z 4H*,6.5,14.0,7.542896,3d6.(3G).5s,f 4G,5.5,12.0,12.718917,5.176021,239.53574,10000000.0,0.0073732,0.10322,0.00019568
3d6.(3H).4p,z 4H*,6.5,14.0,7.542896,3d6.(3H).4d,4G,5.5,12.0,12.844816,5.30192,233.84774,121000000.0,0.085028,1.1904,0.0022567
3d6.(3H).4p,z 4H*,6.5,14.0,7.542896,3d6.(3H).4d,4H,6.5,14.0,12.846942,5.304046,233.754,265000000.0,0.21708,3.0391,0.0057614
3d6.(3H).4p,z 4H*,6.5,14.0,7.542896,3d6.(3H).4d,4K,7.5,16.0,12.857971,5.315074,233.26898,420000000.0,0.39157,5.482,0.010392
3d6.(3H).4p,z 4H*,6.5,14.0,7.542896,3d6.(3H).4d,4H,5.5,12.0,12.863568,5.320672,233.02358,64000000.0,0.044657,0.6252,0.0011852
3d6.(3H).4p,z 4H*,6.5,14.0,7.542896,3d6.(3H).4d,4I,7.5,16.0,12.879276,5.33638,232.33764,19000000.0,0.017573,0.24602,0.00046639
3d6.(3H).4p,z 4H*,6.5,14.0,7.542896,3d6.(3H).4d,4I,6.5,14.0,12.902374,5.359478,231.33634,52000000.0,0.041721,0.58409,0.0011073
3d6.(3H).4p,z 4H*,6.5,14.0,7.542896,3d6.(3H).4d,2K,7.5,16.0,12.909202,5.366306,231.04197,6200000.0,0.0056705,0.079388,0.0001505
3d6.(3H).4p,z 4H*,6.5,14.0,7.542896,3d6.(3H).4d,2K,6.5,14.0,12.933458,5.390562,230.00237,1800000.0,0.0014276,0.019986,3.7888e-05
3d6.(3H).4p,z 4H*,6.5,14.0,7.542896,3d6.(3H).4d,2I,5.5,12.0,12.989261,5.446365,227.64576,1100000.0,0.00073253,0.010255,1.9441e-05
3d6.(3H).4p,z 4H*,6.5,14.0,7.542896,3d6.(3F2).4d,4G,5.5,12.0,13.026221,5.483325,226.11133,6500000.0,0.0042704,0.059786,0.00011334
3d6.(3H).4p,z 4H*,6.5,14.0,7.542896,3d6.(3G).4d,4H,6.5,14.0,13.406842,5.863946,211.43476,5200000.0,0.0034851,0.048791,9.2495e-05
3d6.(3H).4p,z 4H*,6.5,14.0,7.542896,3d6.(3G).4d,4G,5.5,12.0,13.412805,5.869908,211.21999,11000000.0,0.0063063,0.088288,0.00016737
3d6.(3H).4p,z 4H*,6.5,14.0,7.542896,3d6.(3G).4d,4I,7.5,16.0,13.432175,5.889279,210.52526,17000000.0,0.012909,0.18073,0.00034262
3d6.(3H).4p,z 4H*,5.5,12.0,7.549101,3d6.(3H).5s,e 4H,6.5,14.0,12.166586,4.617485,268.51022,1900000.0,0.002396,0.028752,6.3589e-05
3d6.(3H).4p,z 4H*,5.5,12.0,7.549101,3d6.(3H).5s,e 4H,5.5,12.0,12.187015,4.637914,267.32748,92000000.0,0.098568,1.1828,0.002616
3d6.(3H).4p,z 4H*,5.5,12.0,7.549101,3d6.(3H).5s,e 4H,4.5,10.0,12.205675,4.656574,266.25625,40000000.0,0.035427,0.42513,0.00094024
3d6.(3H).4p,z 4H*,5.5,12.0,7.549101,3d6.(3F2).5s,f 4F,4.5,10.0,12.345509,4.796408,258.49386,2400000.0,0.0020035,0.024042,5.3173e-05
3d6.(3H).4p,z 4H*,5.5,12.0,7.549101,3d6.(3G).5s,f 4G,4.5,10.0,12.748674,5.199573,238.45071,8000000.0,0.0056828,0.068194,0.00015082
3d6.(3H).4p,z 4H*,5.5,12.0,7.549101,3d6.(3H).4d,4H,5.5,12.0,12.863568,5.314467,233.29565,244000000.0,0.1991,2.3892,0.005284
3d6.(3H).4p,z 4H*,5.5,12.0,7.549101,3d6.(3H).4d,4K,6.5,14.0,12.873534,5.324433,232.85895,430000000.0,0.40781,4.8938,0.010823
3d6.(3H).4p,z 4H*,5.5,12.0,7.549101,3d6.(3H).4d,4I,5.5,12.0,12.915965,5.366864,231.01795,63000000.0,0.050407,0.60489,0.0013378
3d6.(3H).4p,z 4H*,5.5,12.0,7.549101,3d6.(3H).4d,2K,6.5,14.0,12.933458,5.384357,230.26742,1300000.0,0.0012056,0.014468,3.1997e-05
3d6.(3H).4p,z 4H*,5.5,12.0,7.549101,3d6.(3H).4d,2I,6.5,14.0,12.971513,5.422412,228.65138,9000000.0,0.0082299,0.098759,0.00021842
3d6.(3H).4p,z 4H*,5.5,12.0,7.549101,3d6.(5D).5d,6G,4.5,10.0,13.00204,5.452939,227.37135,1100000.0,0.00071046,0.0085256,1.8856e-05
3d6.(3H).4p,z 4H*,5.5,12.0,7.549101,3d6.(3F2).4d,4F,4.5,10.0,13.007995,5.458894,227.12331,5200000.0,0.0033512,0.040215,8.8942e-05
3d6.(3H).4p,z 4H*,5.5,12.0,7.549101,3d6.(3F2).4d,4G,4.5,10.0,13.03757,5.488469,225.89943,7200000.0,0.0045903,0.055084,0.00012183
3d6.(3H).4p,z 4H*,5.5,12.0,7.549101,3d6.(5D).5d,4G,4.5,10.0,13.044511,5.49541,225.61409,2200000.0,0.0013991,0.016789,3.7131e-05
3d6.(3H).4p,z 4H*,5.5,12.0,7.549101,3d6.(3F2).4d,4H,5.5,12.0,13.067795,5.518694,224.6622,1800000.0,0.001362,0.016345,3.6149e-05
3d6.(3H).4p,z 4H*,5.5,12.0,7.549101,3d6.(3G).4d,4G,4.5,10.0,13.438834,5.889733,210.50903,10000000.0,0.0055363,0.066436,0.00014693
3d6.(3H).4p,z 4H*,5.5,12.0,7.549101,3d6.(3G).4d,4I,6.5,14.0,13.447812,5.898711,210.18863,13000000.0,0.010045,0.12055,0.00026661
3d6.(3H).4p,z 4H*,5.5,12.0,7.549101,3d6.(1I).5s,2I,6.5,14.0,13.470724,5.921622,209.37538,1700000.0,0.0013035,0.015642,3.4595e-05
3d6.(3H).4p,z 4G*,3.5,8.0,7.557678,3d5.4s2,4F,2.5,6.0,9.099923,1.542246,803.91988,50000.0,0.00036334,0.0029067,9.6431e-06
3d6.(3H).4p,z 4G*,3.5,8.0,7.557678,3d6.(3H).5s,e 4H,4.5,10.0,12.205675,4.647998,266.74755,52000000.0,0.069338,0.55471,0.0018402
3d6.(3H).4p,z 4G*,3.5,8.0,7.557678,3d6.(3F2).5s,f 4F,4.5,10.0,12.345509,4.787831,258.95691,2400000.0,0.003016,0.024128,8.0045e-05
3d6.(3H).4p,z 4G*,3.5,8.0,7.557678,3d6.(3F2).5s,f 4F,2.5,6.0,12.376605,4.818927,257.28589,51000000.0,0.03796,0.30368,0.0010075
3d6.(3H).4p,z 4G*,3.5,8.0,7.557678,3d6.(3G).5s,f 4G,4.5,10.0,12.748674,5.190997,238.84468,1800000.0,0.0019243,0.015394,5.1071e-05
3d6.(3H).4p,z 4G*,3.5,8.0,7.557678,3d6.(3P2).4d,2F,2.5,6.0,12.844442,5.286764,234.51812,34000000.0,0.021026,0.16821,0.00055802
3d6.(3H).4p,z 4G*,3.5,8.0,7.557678,3d6.(3H).4d,4G,4.5,10.0,12.866007,5.308329,233.5654,17000000.0,0.017379,0.13904,0.00046125
3d6.(3H).4p,z 4G*,3.5,8.0,7.557678,3d6.(3H).4d,4H,4.5,10.0,12.878767,5.321089,233.00529,97000000.0,0.09869,0.78952,0.0026192
3d6.(3H).4p,z 4G*,3.5,8.0,7.557678,3d6.(3H).4d,4G,3.5,8.0,12.884641,5.326963,232.74836,214000000.0,0.1738,1.3904,0.0046126
3d6.(3H).4p,z 4G*,3.5,8.0,7.557678,3d6.(3G).5s,e 2G,3.5,8.0,12.89231,5.334633,232.41374,7200000.0,0.0058306,0.046645,0.00015474
3d6.(3H).4p,z 4G*,3.5,8.0,7.557678,3d6.(3H).4d,4H,3.5,8.0,12.892663,5.334985,232.39839,30000000.0,0.024291,0.19433,0.00064469
3d6.(3H).4p,z 4G*,3.5,8.0,7.557678,3d6.(5D).5d,4F,2.5,6.0,12.897322,5.339645,232.19559,68000000.0,0.041223,0.32978,0.0010941
3d6.(3H).4p,z 4G*,3.5,8.0,7.557678,3d6.(3P2).4d,4F,3.5,8.0,12.907739,5.350062,231.74349,3900000.0,0.0031401,0.025121,8.3337e-05
3d6.(3H).4p,z 4G*,3.5,8.0,7.557678,3d6.(5D).5d,6P,2.5,6.0,12.909265,5.351587,231.67742,9000000.0,0.0054316,0.043453,0.00014416
3d6.(3H).4p,z 4G*,3.5,8.0,7.557678,3d6.(3H).4d,4I,4.5,10.0,12.918222,5.360544,231.29031,28000000.0,0.02807,0.22456,0.00074498
3d6.(3H).4p,z 4G*,3.5,8.0,7.557678,3d6.(5D).5d,6F,3.5,8.0,12.941587,5.38391,230.28655,5200000.0,0.0041343,0.033074,0.00010972
3d6.(3H).4p,z 4G*,3.5,8.0,7.557678,3d6.(3P2).4d,4F,2.5,6.0,12.964932,5.407254,229.29235,10000000.0,0.0059115,0.047292,0.00015689
3d6.(3H).4p,z 4G*,3.5,8.0,7.557678,3d6.(5D).5d,6D,2.5,6.0,12.997036,5.439358,227.93902,1300000.0,0.00075945,0.0060756,2.0156e-05
3d6.(3H).4p,z 4G*,3.5,8.0,7.557678,3d6.(5D).5d,4D,3.5,8.0,13.002624,5.444946,227.7051,1500000.0,0.001166,0.009328,3.0945e-05
3d6.(3H).4p,z 4G*,3.5,8.0,7.557678,3d6.(3H).4d,2G,3.5,8.0,13.033591,5.475914,226.41736,6500000.0,0.0049957,0.039965,0.00013258
3d6.(3H).4p,z 4G*,3.5,8.0,7.557678,3d6.(3F2).4d,4G,4.5,10.0,13.03757,5.479892,226.25298,28000000.0,0.026861,0.21489,0.00071288
3d6.(3H).4p,z 4G*,3.5,8.0,7.557678,3d6.(3H).4d,4F,3.5,8.0,13.045693,5.488015,225.91809,2000000.0,0.0015304,0.012243,4.0616e-05
3d6.(3H).4p,z 4G*,3.5,8.0,7.557678,3d6.(3P2).4d,2D,2.5,6.0,13.04795,5.490272,225.82522,41000000.0,0.02351,0.18808,0.00062395
3d6.(3H).4p,z 4G*,3.5,8.0,7.557678,3d6.(3F2).4d,4D,2.5,6.0,13.065383,5.507706,225.11042,18000000.0,0.010256,0.082049,0.0002722
3d6.(3H).4p,z 4G*,3.5,8.0,7.557678,3d6.(3F2).4d,4G,2.5,6.0,13.069693,5.512016,224.9344,10000000.0,0.005689,0.045512,0.00015098
3d6.(3H).4p,z 4G*,3.5,8.0,7.557678,3d6.(3F2).4d,4H,4.5,10.0,13.083368,5.525691,224.37774,178000000.0,0.16794,1.3435,0.0044571
3d6.(3H).4p,z 4G*,3.5,8.0,7.557678,3d6.(3F2).4d,4H,3.5,8.0,13.091451,5.533774,224.05001,6200000.0,0.004666,0.037328,0.00012383
3d6.(3H).4p,z 4G*,3.5,8.0,7.557678,3d6.(3H).4d,2H,4.5,10.0,13.144641,5.586964,221.91696,900000.0,0.0008306,0.0066448,2.2044e-05
3d6.(3H).4p,z 4G*,3.5,8.0,7.557678,3d6.(3F2).4d,4F,3.5,8.0,13.237449,5.679771,218.29083,6200000.0,0.0044292,0.035433,0.00011755
3d6.(3H).4p,z 4G*,3.5,8.0,7.557678,3d6.(5D).5d,4P,2.5,6.0,13.241101,5.683423,218.15057,1500000.0,0.00080265,0.0064212,2.1302e-05
3d6.(3H).4p,z 4G*,3.5,8.0,7.557678,3d6.(3F2).4d,4F,2.5,6.0,13.249791,5.692113,217.81752,13000000.0,0.0069351,0.05548,0.00018406
3d6.(3H).4p,z 4G*,3.5,8.0,7.557678,3d6.(3F2).4d,2G,3.5,8.0,13.253957,5.696279,217.65821,6700000.0,0.0047587,0.038069,0.00012629
3d6.(3H).4p,z 4G*,3.5,8.0,7.557678,3d6.(3G).4d,4H,4.5,10.0,13.461906,5.904229,209.9922,6400000.0,0.0052888,0.04231,0.00014036
3d6.(3H).4p,z 4H*,4.5,10.0,7.561727,3d6.(3H).5s,e 4H,5.5,12.0,12.187015,4.625288,268.05724,14000000.0,0.018098,0.18098,0.00048031
3d6.(3H).4p,z 4H*,4.5,10.0,7.561727,3d6.(3H).5s,e 4H,4.5,10.0,12.205675,4.643948,266.98017,83000000.0,0.088694,0.88694,0.0023539
3d6.(3H).4p,z 4H*,4.5,10.0,7.561727,3d6.(3H).5s,e 4H,3.5,8.0,12.220987,4.65926,266.10279,32000000.0,0.027177,0.27177,0.00072127
3d6.(3H).4p,z 4H*,4.5,10.0,7.561727,3d6.(3G).5s,f 4G,3.5,8.0,12.775235,5.213508,237.81338,10000000.0,0.006783,0.06783,0.00018002
3d6.(3H).4p,z 4H*,4.5,10.0,7.561727,3d6.(3P2).4d,2F,3.5,8.0,12.794173,5.232446,236.95265,3900000.0,0.0026263,0.026263,6.9701e-05
3d6.(3H).4p,z 4H*,4.5,10.0,7.561727,3d6.(5D).5d,4F,3.5,8.0,12.871364,5.309637,233.50788,10000000.0,0.0065396,0.065396,0.00017356
3d6.(3H).4p,z 4H*,4.5,10.0,7.561727,3d6.(3H).4d,4H,4.5,10.0,12.878767,5.31704,233.18276,251000000.0,0.20461,2.0461,0.0054303
3d6.(3H).4p,z 4H*,4.5,10.0,7.561727,3d6.(3H).4d,4G,3.5,8.0,12.884641,5.322914,232.92544,56000000.0,0.036439,0.36439,0.0009671
3d6.(3H).4p,z 4H*,4.5,10.0,7.561727,3d6.(3H).4d,4K,5.5,12.0,12.891106,5.329379,232.64288,372000000.0,0.36221,3.6221,0.0096131
3d6.(3H).4p,z 4H*,4.5,10.0,7.561727,3d6.(3G).5s,e 2G,3.5,8.0,12.89231,5.330583,232.59031,10000000.0,0.0064883,0.064883,0.0001722
3d6.(3H).4p,z 4H*,4.5,10.0,7.561727,3d6.(3H).4d,4H,3.5,8.0,12.892663,5.330935,232.57494,147000000.0,0.095366,0.95366,0.002531
3d6.(3H).4p,z 4H*,4.5,10.0,7.561727,3d6.(3H).4d,4I,4.5,10.0,12.918222,5.356495,231.46518,105000000.0,0.084337,0.84337,0.0022383
3d6.(3H).4p,z 4H*,4.5,10.0,7.561727,3d6.(3H).4d,2G,4.5,10.0,12.994438,5.432711,228.21791,8000000.0,0.0062467,0.062467,0.00016579
3d6.(3H).4p,z 4H*,4.5,10.0,7.561727,3d6.(5D).5d,6G,4.5,10.0,13.00204,5.440312,227.89905,1100000.0,0.00085652,0.0085652,2.2732e-05
3d6.(3H).4p,z 4H*,4.5,10.0,7.561727,3d6.(3F2).4d,4G,3.5,8.0,13.054422,5.492695,225.72563,13000000.0,0.0079443,0.079443,0.00021084
3d6.(3H).4p,z 4H*,4.5,10.0,7.561727,3d6.(5D).5d,4G,3.5,8.0,13.074079,5.512352,224.9207,1100000.0,0.00066742,0.0066742,1.7713e-05
3d6.(3H).4p,z 4H*,4.5,10.0,7.561727,3d6.(3G).4d,4H,5.5,12.0,13.438391,5.876664,210.97718,900000.0,0.0007207,0.007207,1.9127e-05
3d6.(3H).4p,z 4H*,4.5,10.0,7.561727,3d6.(3G).4d,4G,3.5,8.0,13.45695,5.895223,210.31299,10000000.0,0.005305,0.05305,0.00014079
3d6.(3H).4p,z 4H*,4.5,10.0,7.561727,3d6.(3G).4d,4H,4.5,10.0,13.461906,5.900179,210.13633,5700000.0,0.0037734,0.037734,0.00010015
3d6.(3H).4p,z 4H*,4.5,10.0,7.561727,3d6.(3G).4d,4I,5.5,12.0,13.486395,5.924667,209.26777,18000000.0,0.014181,0.14181,0.00037637
3d6.(3P2).4p,y 4P*,0.5,2.0,7.567411,3d6.(3P2).5s,4P,1.5,4.0,12.164657,4.597246,269.69231,38000000.0,0.082872,0.16574,0.0021994
3d6.(3P2).4p,y 4P*,0.5,2.0,7.567411,3d6.(3P2).5s,4P,0.5,2.0,12.281514,4.714103,263.00698,7000000.0,0.0072593,0.014519,0.00019266
3d6.(3P2).4p,y 4P*,0.5,2.0,7.567411,3d6.(3P2).5s,2P,1.5,4.0,12.282924,4.715513,262.92832,25000000.0,0.051821,0.10364,0.0013753
3d6.(3P2).4p,y 4P*,0.5,2.0,7.567411,3d6.(3P2).4d,4D,0.5,2.0,12.870071,5.30266,233.81509,410000000.0,0.33604,0.67208,0.0089185
3d6.(3P2).4p,y 4P*,0.5,2.0,7.567411,3d6.(3P2).4d,4F,1.5,4.0,12.96539,5.397979,229.68632,14000000.0,0.022146,0.044291,0.00058774
3d6.(3P2).4p,y 4P*,0.5,2.0,7.567411,3d6.(3P2).4d,2P,0.5,2.0,12.985666,5.418255,228.82679,68000000.0,0.05338,0.10676,0.0014167
3d6.(3P2).4p,y 4P*,0.5,2.0,7.567411,3d6.(5D).5d,6D,0.5,2.0,12.98823,5.42082,228.71855,19000000.0,0.014901,0.029802,0.00039547
3d6.(3P2).4p,y 4P*,0.5,2.0,7.567411,3d6.(3F2).4d,4P,1.5,4.0,12.998502,5.431091,228.28598,7400000.0,0.011563,0.023126,0.00030689
3d6.(3H).4p,z 4G*,2.5,6.0,7.568211,3d5.4s2,2F2,3.5,8.0,10.133815,2.565605,483.25523,80000.0,0.00037346,0.0022407,9.9116e-06
3d6.(3H).4p,z 4G*,2.5,6.0,7.568211,3d6.(3P2).5s,4P,1.5,4.0,12.164657,4.596447,269.73923,59000000.0,0.042905,0.25743,0.0011387
3d6.(3H).4p,z 4G*,2.5,6.0,7.568211,3d6.(3P2).5s,2P,1.5,4.0,12.282924,4.714714,262.97291,8000000.0,0.0055294,0.033177,0.00014675
3d6.(3H).4p,z 4G*,2.5,6.0,7.568211,3d6.(3F2).5s,f 4F,3.5,8.0,12.359781,4.79157,258.75484,2000000.0,0.0026767,0.01606,7.1041e-05
3d6.(3H).4p,z 4G*,2.5,6.0,7.568211,3d6.(3F2).5s,f 4F,2.5,6.0,12.376605,4.808394,257.84948,10000000.0,0.0099676,0.059806,0.00026454
3d6.(3H).4p,z 4G*,2.5,6.0,7.568211,3d6.(3F2).5s,f 4F,1.5,4.0,12.388323,4.820112,257.22263,42000000.0,0.027774,0.16664,0.00073712
3d6.(3H).4p,z 4G*,2.5,6.0,7.568211,3d6.(3G).5s,f 4G,3.5,8.0,12.775235,5.207025,238.10948,3300000.0,0.0037399,0.02244,9.9258e-05
3d6.(3H).4p,z 4G*,2.5,6.0,7.568211,3d6.(3P2).4d,2F,3.5,8.0,12.794173,5.225963,237.24661,139000000.0,0.15639,0.93835,0.0041506
3d6.(3H).4p,z 4G*,2.5,6.0,7.568211,3d6.(3G).5s,e 2G,3.5,8.0,12.89231,5.3241,232.87354,800000.0,0.00086722,0.0052033,2.3016e-05
3d6.(3H).4p,z 4G*,2.5,6.0,7.568211,3d6.(5D).5d,4F,2.5,6.0,12.897322,5.329112,232.65452,28000000.0,0.022722,0.13633,0.00060303
3d6.(3H).4p,z 4G*,2.5,6.0,7.568211,3d6.(3H).4d,4G,2.5,6.0,12.89965,5.331439,232.55296,54000000.0,0.043782,0.26269,0.001162
3d6.(3H).4p,z 4G*,2.5,6.0,7.568211,3d6.(3P2).4d,4F,3.5,8.0,12.907739,5.339529,232.20063,22000000.0,0.023711,0.14227,0.00062929
3d6.(3H).4p,z 4G*,2.5,6.0,7.568211,3d6.(3H).4d,4F,1.5,4.0,12.917837,5.349627,231.76235,110000000.0,0.059054,0.35432,0.0015673
3d6.(3H).4p,z 4G*,2.5,6.0,7.568211,3d6.(3H).4d,2F,2.5,6.0,12.920346,5.352136,231.6537,51000000.0,0.041031,0.24618,0.001089
3d6.(3H).4p,z 4G*,2.5,6.0,7.568211,3d6.(5D).5d,6F,3.5,8.0,12.941587,5.373377,230.73796,3700000.0,0.0039377,0.023626,0.00010451
3d6.(3H).4p,z 4G*,2.5,6.0,7.568211,3d6.(3H).4d,2F,3.5,8.0,12.954068,5.385858,230.20326,12000000.0,0.012712,0.07627,0.00033737
3d6.(3H).4p,z 4G*,2.5,6.0,7.568211,3d6.(3H).4d,4F,2.5,6.0,12.957224,5.389013,230.06846,14000000.0,0.01111,0.066658,0.00029485
3d6.(3H).4p,z 4G*,2.5,6.0,7.568211,3d6.(3F2).4d,4D,3.5,8.0,13.017582,5.449371,227.52018,1200000.0,0.0012417,0.0074502,3.2955e-05
3d6.(3H).4p,z 4G*,2.5,6.0,7.568211,3d6.(3F2).4d,4G,3.5,8.0,13.054422,5.486212,225.99238,18000000.0,0.018376,0.11026,0.00048771
3d6.(3H).4p,z 4G*,2.5,6.0,7.568211,3d6.(3F2).4d,4D,2.5,6.0,13.065383,5.497173,225.54174,3300000.0,0.0025167,0.0151,6.6793e-05
3d6.(3H).4p,z 4G*,2.5,6.0,7.568211,3d6.(3F2).4d,4G,2.5,6.0,13.069693,5.501483,225.36505,21000000.0,0.01599,0.095941,0.00042438
3d6.(3H).4p,z 4G*,2.5,6.0,7.568211,3d6.(3F2).4d,4D,1.5,4.0,13.075402,5.507192,225.13143,16000000.0,0.0081051,0.048631,0.00021511
3d6.(3H).4p,z 4G*,2.5,6.0,7.568211,3d6.(3F2).4d,4H,3.5,8.0,13.091451,5.523241,224.47727,132000000.0,0.13296,0.79775,0.0035287
3d6.(3H).4p,z 4G*,2.5,6.0,7.568211,3d6.(5D).5d,4F,1.5,4.0,13.247296,5.679086,218.31719,8000000.0,0.003811,0.022866,0.00010114
3d6.(3H).4p,z 4G*,2.5,6.0,7.568211,3d6.(3F2).4d,4F,2.5,6.0,13.249791,5.68158,218.22133,6000000.0,0.0042836,0.025701,0.00011369
3d6.(3H).4p,z 4G*,2.5,6.0,7.568211,3d6.(3F2).4d,2P,1.5,4.0,13.403428,5.835218,212.47571,24000000.0,0.010829,0.064975,0.00028741
3d6.(3H).4p,z 4G*,2.5,6.0,7.568211,3d6.(3G).4d,4H,3.5,8.0,13.478251,5.91004,209.78571,3800000.0,0.003343,0.020058,8.8723e-05
3d6.(3P2).4p,z 2D*,2.5,6.0,7.574617,3d5.4s2,2F2,3.5,8.0,10.133815,2.559198,484.46497,120000.0,0.00056299,0.003378,1.4942e-05
3d6.(3P2).4p,z 2D*,2.5,6.0,7.574617,3d6.(3P2).5s,4P,1.5,4.0,12.164657,4.59004,270.11571,87000000.0,0.063444,0.38066,0.0016838
3d6.(3P2).4p,z 2D*,2.5,6.0,7.574617,3d6.(3H).5s,e 4H,3.5,8.0,12.220987,4.64637,266.841,23000000.0,0.032736,0.19642,0.00086882
3d6.(3P2).4p,z 2D*,2.5,6.0,7.574617,3d6.(3P2).5s,2P,1.5,4.0,12.282924,4.708307,263.33073,12000000.0,0.0083167,0.0499,0.00022073
3d6.(3P2).4p,z 2D*,2.5,6.0,7.574617,3d6.(3F2).5s,f 4F,2.5,6.0,12.376605,4.801988,258.19348,6400000.0,0.0063963,0.038378,0.00016976
3d6.(3P2).4p,z 2D*,2.5,6.0,7.574617,3d6.(3F2).5s,f 4F,1.5,4.0,12.388323,4.813706,257.56496,27000000.0,0.017902,0.10741,0.00047512
3d6.(3P2).4p,z 2D*,2.5,6.0,7.574617,3d6.(3P2).4d,4D,2.5,6.0,12.770702,5.196085,238.61079,3200000.0,0.0027314,0.016389,7.2492e-05
3d6.(3P2).4p,z 2D*,2.5,6.0,7.574617,3d6.(3P2).4d,4D,3.5,8.0,12.783124,5.208507,238.04172,34000000.0,0.038511,0.23107,0.0010221
3d6.(3P2).4p,z 2D*,2.5,6.0,7.574617,3d6.(3P2).4d,2F,3.5,8.0,12.794173,5.219556,237.53781,231000000.0,0.26054,1.5632,0.0069148
3d6.(3P2).4p,z 2D*,2.5,6.0,7.574617,3d6.(3P2).4d,2F,2.5,6.0,12.844442,5.269825,235.27196,81000000.0,0.067218,0.40331,0.001784
3d6.(3P2).4p,z 2D*,2.5,6.0,7.574617,3d6.(5D).5d,4F,3.5,8.0,12.871364,5.296747,234.07612,8000000.0,0.008762,0.052572,0.00023254
3d6.(3P2).4p,z 2D*,2.5,6.0,7.574617,3d6.(3H).4d,4G,3.5,8.0,12.884641,5.310024,233.49085,2800000.0,0.0030514,0.018308,8.0984e-05
3d6.(3P2).4p,z 2D*,2.5,6.0,7.574617,3d6.(3H).4d,4H,3.5,8.0,12.892663,5.318046,233.13864,38000000.0,0.041287,0.24772,0.0010957
3d6.(3P2).4p,z 2D*,2.5,6.0,7.574617,3d6.(5D).5d,6P,3.5,8.0,12.894457,5.31984,233.06001,4500000.0,0.0048859,0.029316,0.00012967
3d6.(3P2).4p,z 2D*,2.5,6.0,7.574617,3d6.(5D).5d,4F,2.5,6.0,12.897322,5.322705,232.93455,16000000.0,0.013015,0.078091,0.00034542
3d6.(3P2).4p,z 2D*,2.5,6.0,7.574617,3d6.(3H).4d,4G,2.5,6.0,12.89965,5.325033,232.83274,93000000.0,0.075584,0.4535,0.002006
3d6.(3P2).4p,z 2D*,2.5,6.0,7.574617,3d6.(3P2).4d,4F,3.5,8.0,12.907739,5.333122,232.47957,28000000.0,0.03025,0.1815,0.00080284
3d6.(3P2).4p,z 2D*,2.5,6.0,7.574617,3d6.(3H).4d,4F,1.5,4.0,12.917837,5.34322,232.04023,90000000.0,0.048433,0.2906,0.0012854
3d6.(3P2).4p,z 2D*,2.5,6.0,7.574617,3d6.(3H).4d,2F,2.5,6.0,12.920346,5.345729,231.93132,19000000.0,0.015323,0.091935,0.00040666
3d6.(3P2).4p,z 2D*,2.5,6.0,7.574617,3d6.(5D).5d,6F,3.5,8.0,12.941587,5.36697,231.01339,9000000.0,0.009601,0.057606,0.00025481
3d6.(3P2).4p,z 2D*,2.5,6.0,7.574617,3d6.(5D).5d,6F,2.5,6.0,12.947231,5.372614,230.77072,2800000.0,0.0022355,0.013413,5.9331e-05
3d6.(3P2).4p,z 2D*,2.5,6.0,7.574617,3d6.(3H).4d,2F,3.5,8.0,12.954068,5.379451,230.47741,26000000.0,0.027608,0.16565,0.00073271
3d6.(3P2).4p,z 2D*,2.5,6.0,7.574617,3d6.(3H).4d,4F,2.5,6.0,12.957224,5.382607,230.34229,2900000.0,0.0023068,0.013841,6.1222e-05
3d6.(3P2).4p,z 2D*,2.5,6.0,7.574617,3d6.(3P2).4d,4F,2.5,6.0,12.964932,5.390315,230.01291,10000000.0,0.0079317,0.04759,0.00021051
3d6.(3P2).4p,z 2D*,2.5,6.0,7.574617,3d6.(3F2).4d,4G,3.5,8.0,13.054422,5.479805,226.25659,8000000.0,0.0081864,0.049118,0.00021727
3d6.(3P2).4p,z 2D*,2.5,6.0,7.574617,3d6.(3P2).4d,2P,1.5,4.0,13.057693,5.483076,226.1216,10000000.0,0.0051104,0.030662,0.00013563
3d6.(3P2).4p,z 2D*,2.5,6.0,7.574617,3d6.(3F2).4d,4G,2.5,6.0,13.069693,5.495076,225.6278,8000000.0,0.0061057,0.036634,0.00016205
3d6.(3P2).4p,z 2D*,2.5,6.0,7.574617,3d6.(3F2).4d,4D,1.5,4.0,13.075402,5.500785,225.39362,23000000.0,0.011678,0.07007,0.00030994
3d6.(3P2).4p,z 2D*,2.5,6.0,7.574617,3d6.(3F2).4d,4H,3.5,8.0,13.091451,5.516834,224.73795,83000000.0,0.083797,0.50278,0.002224
3d6.(3P2).4p,z 2D*,2.5,6.0,7.574617,3d6.(5D).5d,4F,1.5,4.0,13.247296,5.672679,218.56374,9000000.0,0.004297,0.025782,0.00011404
3d6.(3P2).4p,z 2D*,2.5,6.0,7.574617,3d6.(3F2).4d,4F,2.5,6.0,13.249791,5.675174,218.46767,1500000.0,0.0010733,0.0064399,2.8486e-05
3d6.(3P2).4p,z 2D*,2.5,6.0,7.574617,3d6.(3F2).4d,2P,1.5,4.0,13.403428,5.828811,212.70924,26000000.0,0.011757,0.070545,0.00031204
3d6.(3H).4p,z 4H*,3.5,8.0,7.58248,3d6.(3H).5s,e 4H,4.5,10.0,12.205675,4.623195,268.1786,12000000.0,0.016173,0.12939,0.00042924
3d6.(3H).4p,z 4H*,3.5,8.0,7.58248,3d6.(3H).5s,e 4H,3.5,8.0,12.220987,4.638507,267.29335,91000000.0,0.097471,0.77977,0.0025869
3d6.(3H).4p,z 4H*,3.5,8.0,7.58248,3d6.(3F2).5s,f 4F,4.5,10.0,12.345509,4.763029,260.30538,900000.0,0.0011428,0.0091426,3.033e-05
3d6.(3H).4p,z 4H*,3.5,8.0,7.58248,3d6.(3H).4d,4G,3.5,8.0,12.884641,5.302161,233.83712,53000000.0,0.043447,0.34758,0.0011531
3d6.(3H).4p,z 4H*,3.5,8.0,7.58248,3d6.(3G).5s,e 2G,3.5,8.0,12.89231,5.30983,233.49937,2900000.0,0.0023704,0.018964,6.2911e-05
3d6.(3H).4p,z 4H*,3.5,8.0,7.58248,3d6.(3H).4d,4H,3.5,8.0,12.892663,5.310183,233.48387,274000000.0,0.22394,1.7915,0.0059433
3d6.(3H).4p,z 4H*,3.5,8.0,7.58248,3d6.(5D).5d,4F,2.5,6.0,12.897322,5.314842,233.27917,35000000.0,0.021416,0.17133,0.00056838
3d6.(3H).4p,z 4H*,3.5,8.0,7.58248,3d6.(3H).4d,4G,2.5,6.0,12.89965,5.31717,233.17706,177000000.0,0.10821,0.86568,0.0028719
3d6.(3H).4p,z 4H*,3.5,8.0,7.58248,3d6.(3H).4d,4I,4.5,10.0,12.918222,5.335742,232.36544,322000000.0,0.32581,2.6065,0.0086471
3d6.(3H).4p,z 4H*,3.5,8.0,7.58248,3d6.(5D).5d,6F,2.5,6.0,12.947231,5.364751,231.10897,7500000.0,0.0045042,0.036033,0.00011954
3d6.(3H).4p,z 4H*,3.5,8.0,7.58248,3d6.(3H).4d,4F,2.5,6.0,12.957224,5.374744,230.67928,7400000.0,0.0044276,0.035421,0.00011751
3d6.(3H).4p,z 4H*,3.5,8.0,7.58248,3d6.(3F2).4d,4D,3.5,8.0,13.017582,5.435102,228.11753,13000000.0,0.010142,0.081135,0.00026917
3d6.(3H).4p,z 4H*,3.5,8.0,7.58248,3d6.(3H).4d,2G,3.5,8.0,13.033591,5.451111,227.44756,10000000.0,0.0077557,0.062046,0.00020584
3d6.(3H).4p,z 4H*,3.5,8.0,7.58248,3d6.(3F2).4d,4H,3.5,8.0,13.091451,5.508971,225.05873,10000000.0,0.0075937,0.060749,0.00020154
3d6.(3H).4p,z 4H*,3.5,8.0,7.58248,3d6.(5D).5d,4G,2.5,6.0,13.096546,5.514065,224.85079,1100000.0,0.00062532,0.0050026,1.6596e-05
3d6.(3H).4p,z 4H*,3.5,8.0,7.58248,3d6.(3F2).4d,2H,4.5,10.0,13.154417,5.571937,222.51543,5600000.0,0.0051961,0.041569,0.0001379
3d6.(3H).4p,z 4H*,3.5,8.0,7.58248,3d6.(5D).5d,4P,2.5,6.0,13.241101,5.65862,219.10676,2400000.0,0.0012955,0.010364,3.4383e-05
3d6.(3H).4p,z 4H*,3.5,8.0,7.58248,3d6.(3F2).4d,4F,2.5,6.0,13.249791,5.667311,218.77078,2300000.0,0.0012377,0.0099019,3.2849e-05
3d6.(3H).4p,z 4H*,3.5,8.0,7.58248,3d6.(3G).4d,4G,2.5,6.0,13.466417,5.883937,210.7164,12000000.0,0.005991,0.047928,0.000159
3d6.(3H).4p,z 4H*,3.5,8.0,7.58248,3d6.(3G).4d,4D,2.5,6.0,13.469947,5.887467,210.59006,5100000.0,0.0025431,0.020345,6.7494e-05
3d6.(3H).4p,z 4H*,3.5,8.0,7.58248,3d6.(3G).4d,4H,3.5,8.0,13.478251,5.895771,210.29346,9000000.0,0.005967,0.047736,0.00015836
3d6.(3H).4p,z 4H*,3.5,8.0,7.58248,3d6.(3G).4d,4I,4.5,10.0,13.505479,5.922998,209.32675,24000000.0,0.019707,0.15766,0.00052304
3d6.(3P2).4p,y 4P*,1.5,4.0,7.604292,3d6.(3P2).5s,4P,2.5,6.0,12.089379,4.485086,276.43659,1000000.0,0.0017185,0.0068739,4.5608e-05
3d6.(3P2).4p,y 4P*,1.5,4.0,7.604292,3d6.(3P2).5s,4P,1.5,4.0,12.164657,4.560365,271.87341,75000000.0,0.08311,0.33244,0.0022057
3d6.(3P2).4p,y 4P*,1.5,4.0,7.604292,3d6.(3P2).5s,4P,0.5,2.0,12.281514,4.677222,265.08087,38000000.0,0.020016,0.080063,0.00053122
3d6.(3P2).4p,y 4P*,1.5,4.0,7.604292,3d6.(3P2).5s,2P,1.5,4.0,12.282924,4.678632,265.00096,25000000.0,0.026321,0.10528,0.00069855
3d6.(3P2).4p,y 4P*,1.5,4.0,7.604292,3d6.(3P2).5s,2P,0.5,2.0,12.388708,4.784416,259.14176,17000000.0,0.0085576,0.034231,0.00022712
3d6.(3P2).4p,y 4P*,1.5,4.0,7.604292,3d6.(3P2).4d,4D,2.5,6.0,12.770702,5.16641,239.98134,3400000.0,0.0044034,0.017613,0.00011687
3d6.(3P2).4p,y 4P*,1.5,4.0,7.604292,3d6.(3P2).4d,2F,2.5,6.0,12.844442,5.24015,236.60432,223000000.0,0.28074,1.123,0.0074508
3d6.(3P2).4p,y 4P*,1.5,4.0,7.604292,3d6.(3P2).4d,4D,0.5,2.0,12.870071,5.265779,235.45272,69000000.0,0.028674,0.1147,0.000761
3d6.(3P2).4p,y 4P*,1.5,4.0,7.604292,3d6.(3H).4d,4G,2.5,6.0,12.89965,5.295358,234.13754,20000000.0,0.024656,0.098624,0.00065437
3d6.(3P2).4p,y 4P*,1.5,4.0,7.604292,3d6.(3H).4d,4F,1.5,4.0,12.917837,5.313545,233.33613,21000000.0,0.017141,0.068565,0.00045493
3d6.(3P2).4p,y 4P*,1.5,4.0,7.604292,3d6.(3H).4d,2F,2.5,6.0,12.920346,5.316054,233.226,56000000.0,0.0685,0.274,0.001818
3d6.(3P2).4p,y 4P*,1.5,4.0,7.604292,3d6.(5D).5d,6F,2.5,6.0,12.947231,5.342939,232.05244,41000000.0,0.049649,0.19859,0.0013177
3d6.(3P2).4p,y 4P*,1.5,4.0,7.604292,3d6.(3H).4d,4F,2.5,6.0,12.957224,5.352932,231.61925,11000000.0,0.013271,0.053083,0.0003522
3d6.(3P2).4p,y 4P*,1.5,4.0,7.604292,3d6.(3P2).4d,4F,1.5,4.0,12.96539,5.361098,231.26643,7400000.0,0.0059336,0.023734,0.00015748
3d6.(3P2).4p,y 4P*,1.5,4.0,7.604292,3d6.(3F2).4d,4P,2.5,6.0,12.985988,5.381696,230.38128,20000000.0,0.023871,0.095485,0.00063354
3d6.(3P2).4p,y 4P*,1.5,4.0,7.604292,3d6.(5D).5d,6D,2.5,6.0,12.997036,5.392744,229.90931,1800000.0,0.0021396,0.0085585,5.6785e-05
3d6.(3P2).4p,y 4P*,1.5,4.0,7.604292,3d6.(5D).5d,4D,2.5,6.0,13.034183,5.429891,228.33646,7100000.0,0.0083245,0.033298,0.00022093
3d6.(3P2).4p,y 4P*,1.5,4.0,7.604292,3d6.(5D).5d,4P,2.5,6.0,13.241101,5.636808,219.95461,10000000.0,0.01088,0.043519,0.00028875
3d6.(3H).4p,z 4I*,7.5,16.0,7.606129,3d6.(3H).5s,e 4H,6.5,14.0,12.166586,4.560458,271.8679,151000000.0,0.14641,2.3425,0.0038856
3d6.(3H).4p,z 4I*,7.5,16.0,7.606129,3d6.(3H).4d,4H,6.5,14.0,12.846942,5.240813,236.57434,72000000.0,0.052861,0.84578,0.0014029
3d6.(3H).4p,z 4I*,7.5,16.0,7.606129,3d6.(3H).4d,4K,8.5,18.0,12.850313,5.244184,236.42227,630000000.0,0.59392,9.5028,0.015763
3d6.(3H).4p,z 4I*,7.5,16.0,7.606129,3d6.(3H).4d,4K,7.5,16.0,12.857971,5.251842,236.07756,104000000.0,0.086897,1.3903,0.0023062
3d6.(3H).4p,z 4I*,7.5,16.0,7.606129,3d6.(3H).4d,4I,7.5,16.0,12.879276,5.273148,235.1237,152000000.0,0.12598,2.0157,0.0033435
3d6.(3H).4p,z 4I*,7.5,16.0,7.606129,3d6.(3H).4d,4I,6.5,14.0,12.902374,5.296245,234.0983,800000.0,0.00057511,0.0092018,1.5264e-05
3d6.(3H).4p,z 4I*,7.5,16.0,7.606129,3d6.(3H).4d,2K,7.5,16.0,12.909202,5.303074,233.79686,10000000.0,0.0081948,0.13112,0.00021749
3d6.(3H).4p,z 4I*,7.5,16.0,7.606129,3d6.(3G).4d,4I,7.5,16.0,13.432175,5.826046,212.81019,4500000.0,0.0030553,0.048885,8.1088e-05
3d6.(3H).4p,z 4I*,4.5,10.0,7.626594,3d6.(3H).5s,e 4H,4.5,10.0,12.205675,4.579081,270.76218,14000000.0,0.015387,0.15387,0.00040838
3d6.(3H).4p,z 4I*,4.5,10.0,7.626594,3d6.(3H).5s,e 4H,3.5,8.0,12.220987,4.594393,269.85981,128000000.0,0.1118,1.118,0.0029671
3d6.(3H).4p,z 4I*,4.5,10.0,7.626594,3d6.(3P2).4d,2F,3.5,8.0,12.794173,5.167579,239.92704,10000000.0,0.0069041,0.069041,0.00018324
3d6.(3H).4p,z 4I*,4.5,10.0,7.626594,3d6.(3H).4d,4H,4.5,10.0,12.878767,5.252173,236.06267,85000000.0,0.071012,0.71012,0.0018847
3d6.(3H).4p,z 4I*,4.5,10.0,7.626594,3d6.(3H).4d,4G,3.5,8.0,12.884641,5.258047,235.79896,64000000.0,0.042679,0.42679,0.0011327
3d6.(3H).4p,z 4I*,4.5,10.0,7.626594,3d6.(3H).4d,4K,5.5,12.0,12.891106,5.264512,235.50939,101000000.0,0.10078,1.0078,0.0026747
3d6.(3H).4p,z 4I*,4.5,10.0,7.626594,3d6.(3P2).4d,4F,3.5,8.0,12.907739,5.281145,234.76763,10000000.0,0.0066104,0.066104,0.00017544
3d6.(3H).4p,z 4I*,4.5,10.0,7.626594,3d6.(3H).4d,4I,5.5,12.0,12.915965,5.289371,234.40253,450000000.0,0.44481,4.4481,0.011805
3d6.(3H).4p,z 4I*,4.5,10.0,7.626594,3d6.(3H).4d,4I,4.5,10.0,12.918222,5.291628,234.30256,137000000.0,0.11275,1.1275,0.0029925
3d6.(3H).4p,z 4I*,4.5,10.0,7.626594,3d6.(3H).4d,2F,3.5,8.0,12.954068,5.327474,232.72605,2200000.0,0.0014291,0.014291,3.7928e-05
3d6.(3H).4p,z 4I*,4.5,10.0,7.626594,3d6.(3H).4d,2G,4.5,10.0,12.994438,5.367844,230.97577,9000000.0,0.0071984,0.071984,0.00019105
3d6.(3H).4p,z 4I*,4.5,10.0,7.626594,3d6.(3F2).4d,4D,3.5,8.0,13.017582,5.390988,229.98419,12000000.0,0.0076125,0.076125,0.00020204
3d6.(3H).4p,z 4I*,4.5,10.0,7.626594,3d6.(3F2).4d,4G,4.5,10.0,13.03757,5.410976,229.13464,6500000.0,0.0051163,0.051163,0.00013579
3d6.(3H).4p,z 4I*,4.5,10.0,7.626594,3d6.(5D).5d,4G,4.5,10.0,13.044511,5.417917,228.84107,800000.0,0.00062808,0.0062808,1.6669e-05
3d6.(3H).4p,z 4I*,4.5,10.0,7.626594,3d6.(3F2).4d,4G,3.5,8.0,13.054422,5.427828,228.42323,5200000.0,0.0032541,0.032541,8.6364e-05
3d6.(3H).4p,z 4I*,4.5,10.0,7.626594,3d6.(3F2).4d,4H,4.5,10.0,13.083368,5.456774,227.21152,9000000.0,0.0069657,0.069657,0.00018487
3d6.(3H).4p,z 4I*,4.5,10.0,7.626594,3d6.(3H).4d,2H,5.5,12.0,13.147993,5.521399,224.55216,5400000.0,0.0048986,0.048986,0.00013001
3d6.(3H).4p,z 4I*,4.5,10.0,7.626594,3d6.(3G).4d,4G,3.5,8.0,13.45695,5.830356,212.65287,8000000.0,0.0043389,0.043389,0.00011516
3d6.(3H).4p,z 4I*,6.5,14.0,7.628451,3d6.(3H).5s,e 4H,6.5,14.0,12.166586,4.538135,273.20518,29000000.0,0.032452,0.45432,0.00086126
3d6.(3H).4p,z 4I*,6.5,14.0,7.628451,3d6.(3H).5s,e 4H,5.5,12.0,12.187015,4.558564,271.98082,109000000.0,0.10361,1.4506,0.0027499
3d6.(3H).4p,z 4I*,6.5,14.0,7.628451,3d6.(3G).5s,f 4G,5.5,12.0,12.718917,5.090466,243.56161,10000000.0,0.0076231,0.10672,0.00020232
3d6.(3H).4p,z 4I*,6.5,14.0,7.628451,3d6.(3H).4d,4G,5.5,12.0,12.844816,5.216365,237.68315,72000000.0,0.052269,0.73176,0.0013872
3d6.(3H).4p,z 4I*,6.5,14.0,7.628451,3d6.(3H).4d,4H,6.5,14.0,12.846942,5.218491,237.58631,121000000.0,0.1024,1.4336,0.0027176
3d6.(3H).4p,z 4I*,6.5,14.0,7.628451,3d6.(3H).4d,4K,7.5,16.0,12.857971,5.229519,237.08528,119000000.0,0.11461,1.6045,0.0030416
3d6.(3H).4p,z 4I*,6.5,14.0,7.628451,3d6.(3H).4d,4K,6.5,14.0,12.873534,5.245083,236.38177,93000000.0,0.077906,1.0907,0.0020676
3d6.(3H).4p,z 4I*,6.5,14.0,7.628451,3d6.(3H).4d,4I,7.5,16.0,12.879276,5.250825,236.12327,400000000.0,0.38211,5.3495,0.010141
3d6.(3H).4p,z 4I*,6.5,14.0,7.628451,3d6.(3H).4d,2K,7.5,16.0,12.909202,5.280751,234.78516,37000000.0,0.034946,0.48924,0.00092746
3d6.(3H).4p,z 4I*,6.5,14.0,7.628451,3d6.(3H).4d,2I,6.5,14.0,12.971513,5.343062,232.04711,1700000.0,0.0013723,0.019213,3.6422e-05
3d6.(3H).4p,z 4I*,6.5,14.0,7.628451,3d6.(3F2).4d,4H,6.5,14.0,13.054157,5.425705,228.5126,8000000.0,0.0062628,0.087679,0.00016622
3d6.(3H).4p,z 4I*,6.5,14.0,7.628451,3d6.(3H).4d,2H,5.5,12.0,13.147993,5.519541,224.62773,4800000.0,0.0031123,0.043572,8.26e-05
3d6.(3H).4p,z 4I*,6.5,14.0,7.628451,3d6.(3G).4d,4H,6.5,14.0,13.406842,5.778391,214.56528,6400000.0,0.0044173,0.061842,0.00011724
3d6.(3H).4p,z 4I*,6.5,14.0,7.628451,3d6.(3G).4d,4G,5.5,12.0,13.412805,5.784353,214.3441,12000000.0,0.0070846,0.099185,0.00018803
3d6.(3H).4p,z 4I*,6.5,14.0,7.628451,3d6.(3G).4d,4I,7.5,16.0,13.432175,5.803724,213.62871,15000000.0,0.011729,0.16421,0.00031129
3d6.(3H).4p,z 4I*,6.5,14.0,7.628451,3d6.(3G).4d,4I,6.5,14.0,13.447812,5.81936,213.05468,3700000.0,0.0025179,0.035251,6.6826e-05
3d6.(3H).4p,z 4I*,5.5,12.0,7.63584,3d6.(3H).5s,e 4H,5.5,12.0,12.187015,4.551175,272.42237,23000000.0,0.02559,0.30708,0.00067916
3d6.(3H).4p,z 4I*,5.5,12.0,7.63584,3d6.(3H).5s,e 4H,4.5,10.0,12.205675,4.569835,271.31001,117000000.0,0.1076,1.2912,0.0028556
3d6.(3H).4p,z 4I*,5.5,12.0,7.63584,3d6.(3F2).5s,f 4F,4.5,10.0,12.345509,4.709669,263.25461,1400000.0,0.0012122,0.014546,3.2171e-05
3d6.(3H).4p,z 4I*,5.5,12.0,7.63584,3d6.(3H).4d,4H,5.5,12.0,12.863568,5.227728,237.16652,120000000.0,0.10119,1.2143,0.0026856
3d6.(3H).4p,z 4I*,5.5,12.0,7.63584,3d6.(3H).4d,4K,6.5,14.0,12.873534,5.237694,236.71523,68000000.0,0.066645,0.79974,0.0017688
3d6.(3H).4p,z 4I*,5.5,12.0,7.63584,3d6.(3H).4d,4H,4.5,10.0,12.878767,5.242927,236.47898,3800000.0,0.0026549,0.031859,7.0461e-05
3d6.(3H).4p,z 4I*,5.5,12.0,7.63584,3d6.(3H).4d,4K,5.5,12.0,12.891106,5.255266,235.92374,80000000.0,0.066756,0.80108,0.0017717
3d6.(3H).4p,z 4I*,5.5,12.0,7.63584,3d6.(3H).4d,4I,6.5,14.0,12.902374,5.266534,235.41897,500000000.0,0.48468,5.8162,0.012864
3d6.(3H).4p,z 4I*,5.5,12.0,7.63584,3d6.(3H).4d,4I,5.5,12.0,12.915965,5.280125,234.813,56000000.0,0.04629,0.55549,0.0012285
3d6.(3H).4p,z 4I*,5.5,12.0,7.63584,3d6.(3H).4d,2K,6.5,14.0,12.933458,5.297618,234.03765,1800000.0,0.0017244,0.020693,4.5767e-05
3d6.(3H).4p,z 4I*,5.5,12.0,7.63584,3d6.(3F2).4d,4F,4.5,10.0,13.007995,5.372154,230.79046,5000000.0,0.0033272,0.039927,8.8305e-05
3d6.(3H).4p,z 4I*,5.5,12.0,7.63584,3d6.(3F2).4d,4G,4.5,10.0,13.03757,5.40173,229.52685,8000000.0,0.0052654,0.063185,0.00013974
3d6.(3H).4p,z 4I*,5.5,12.0,7.63584,3d6.(3F2).4d,4H,5.5,12.0,13.067795,5.431955,228.24968,11000000.0,0.0085916,0.1031,0.00022802
3d6.(3H).4p,z 4I*,5.5,12.0,7.63584,3d6.(3G).4d,4H,5.5,12.0,13.438391,5.802551,213.67188,6200000.0,0.0042437,0.050925,0.00011263
3d6.(3H).4p,z 4I*,5.5,12.0,7.63584,3d6.(3G).4d,4G,4.5,10.0,13.438834,5.802994,213.65557,11000000.0,0.0062733,0.07528,0.00016649
3d6.(3H).4p,z 4I*,5.5,12.0,7.63584,3d6.(3G).4d,4I,6.5,14.0,13.447812,5.811972,213.32554,12000000.0,0.0095515,0.11462,0.0002535
3d6.(3H).4p,z 4I*,5.5,12.0,7.63584,3d6.(1I).5s,2I,6.5,14.0,13.470724,5.834883,212.48788,1200000.0,0.00094767,0.011372,2.5151e-05
3d6.(3H).4p,z 4I*,5.5,12.0,7.63584,3d6.(3G).4d,4I,5.5,12.0,13.486395,5.850555,211.91871,5300000.0,0.0035684,0.042821,9.4705e-05
3d6.(3P2).4p,y 4D*,3.5,8.0,7.653057,3d6.(5D).5s,e 4D,3.5,8.0,9.849242,2.196185,564.54351,1200000.0,0.0057337,0.04587,0.00015217
3d6.(3P2).4p,y 4D*,3.5,8.0,7.653057,3d6.(3P2).5s,4P,2.5,6.0,12.089379,4.436321,279.47524,159000000.0,0.13964,1.1171,0.003706
3d6.(3P2).4p,y 4D*,3.5,8.0,7.653057,3d6.(3F2).5s,f 4F,4.5,10.0,12.345509,4.692452,264.22052,5100000.0,0.0066723,0.053378,0.00017708
3d6.(3P2).4p,y 4D*,3.5,8.0,7.653057,3d6.(5D).6s,4D,2.5,6.0,12.745867,5.09281,243.44948,1300000.0,0.00086633,0.0069306,2.2992e-05
3d6.(3P2).4p,y 4D*,3.5,8.0,7.653057,3d6.(3P2).4d,4D,2.5,6.0,12.770702,5.117645,242.26807,47000000.0,0.031018,0.24814,0.00082321
3d6.(3P2).4p,y 4D*,3.5,8.0,7.653057,3d6.(3P2).4d,4D,3.5,8.0,12.783124,5.130067,241.68145,159000000.0,0.13923,1.1139,0.0036953
3d6.(3P2).4p,y 4D*,3.5,8.0,7.653057,3d6.(3P2).4d,4F,4.5,10.0,12.790869,5.137812,241.3171,450000000.0,0.49109,3.9287,0.013033
3d6.(3P2).4p,y 4D*,3.5,8.0,7.653057,3d6.(5D).5d,6G,4.5,10.0,13.00204,5.348982,231.79025,3600000.0,0.0036246,0.028997,9.6197e-05
3d6.(3P2).4p,y 4D*,3.5,8.0,7.653057,3d6.(3F2).4d,4F,4.5,10.0,13.007995,5.354937,231.53249,23000000.0,0.023106,0.18485,0.00061323
3d6.(3P2).4p,y 4D*,3.5,8.0,7.653057,3d6.(3F2).4d,4D,3.5,8.0,13.017582,5.364525,231.1187,9000000.0,0.0072073,0.057658,0.00019128
3d6.(3P2).4p,y 4D*,3.5,8.0,7.653057,3d6.(3F2).4d,4G,4.5,10.0,13.03757,5.384513,230.26076,16000000.0,0.015898,0.12718,0.00042192
3d6.(3P2).4p,y 4D*,3.5,8.0,7.653057,3d6.(5D).5d,4G,4.5,10.0,13.044511,5.391454,229.9643,2000000.0,0.0019821,0.015857,5.2604e-05
3d6.(3P2).4p,y 4D*,3.5,8.0,7.653057,3d6.(3H).4d,4F,4.5,10.0,13.231865,5.578808,222.2414,13000000.0,0.012033,0.096262,0.00031935
3d6.(3P2).4p,y 4D*,3.5,8.0,7.653057,3d6.(3F2).4d,4F,3.5,8.0,13.237449,5.584392,222.01917,5800000.0,0.0042862,0.034289,0.00011375
3d6.(3P2).4p,y 4D*,3.5,8.0,7.653057,3d6.(5D).5d,4P,2.5,6.0,13.241101,5.588043,221.87408,8000000.0,0.0044282,0.035425,0.00011752
3d6.(3P2).4p,y 4D*,3.5,8.0,7.653057,3d6.(3F2).4d,2G,3.5,8.0,13.253957,5.6009,221.36478,7200000.0,0.0052894,0.042315,0.00014038
3d6.(3P2).4p,y 4D*,3.5,8.0,7.653057,3d6.(3F2).4d,2G,4.5,10.0,13.256941,5.603884,221.24691,7600000.0,0.0069717,0.055773,0.00018503
3d5.(6S).4s.4p.(3P*),y 6P*,1.5,4.0,7.683912,3d6.(5D).5s,e 6D,1.5,4.0,9.760758,2.076846,596.98317,260000.0,0.0013892,0.0055567,3.6869e-05
3d5.(6S).4s.4p.(3P*),y 6P*,1.5,4.0,7.683912,3d6.(5D).5s,e 6D,0.5,2.0,9.775414,2.091502,592.79984,390000.0,0.0010273,0.0041093,2.7265e-05
3d5.(6S).4s.4p.(3P*),y 6P*,1.5,4.0,7.683912,3d6.(5D).4d,6S,2.5,6.0,10.600074,2.916162,425.1622,1200000.0,0.004878,0.019512,0.00012946
3d5.(6S).4s.4p.(3P*),y 6P*,1.5,4.0,7.683912,3d5.4s.(7S).4d,6D,1.5,4.0,13.220743,5.536831,223.92627,60000000.0,0.045105,0.18042,0.0011971
3d5.(6S).4s.4p.(3P*),y 6P*,1.5,4.0,7.683912,3d5.4s.(7S).4d,6D,0.5,2.0,13.221296,5.537384,223.90393,80000000.0,0.030064,0.12025,0.00079789
3d5.(6S).4s.4p.(3P*),y 6P*,1.5,4.0,7.683912,3d5.4s.(7S).4d,6D,2.5,6.0,13.223525,5.539613,223.81383,30000000.0,0.033794,0.13518,0.00089691
3d5.(6S).4s.4p.(3P*),y 6P*,1.5,4.0,7.683912,3d5.4s.(7S).4d,8D,1.5,4.0,13.570057,5.886145,210.63734,1900000.0,0.0012638,0.0050553,3.3542e-05
3d5.(6S).4s.4p.(3P*),y 6P*,2.5,6.0,7.693101,3d6.(5D).5s,e 6D,2.5,6.0,9.735914,2.042813,606.92868,230000.0,0.0012702,0.007621,3.371e-05
3d5.(6S).4s.4p.(3P*),y 6P*,2.5,6.0,7.693101,3d6.(5D).5s,e 6D,1.5,4.0,9.760758,2.067657,599.63614,120000.0,0.00043125,0.0025875,1.1445e-05
3d5.(6S).4s.4p.(3P*),y 6P*,2.5,6.0,7.693101,3d6.(5D).5d,6F,3.5,8.0,12.941587,5.248487,236.22847,700000.0,0.00078084,0.004685,2.0723e-05
3d5.(6S).4s.4p.(3P*),y 6P*,2.5,6.0,7.693101,3d5.4s.(7S).4d,6D,3.5,8.0,13.206873,5.513772,224.86276,60000000.0,0.060644,0.36386,0.0016095
3d5.(6S).4s.4p.(3P*),y 6P*,2.5,6.0,7.693101,3d5.4s.(7S).4d,6D,1.5,4.0,13.220743,5.527643,224.2985,19000000.0,0.0095538,0.057323,0.00025356
3d5.(6S).4s.4p.(3P*),y 6P*,2.5,6.0,7.693101,3d5.4s.(7S).4d,6D,2.5,6.0,13.223525,5.530424,224.18569,40000000.0,0.030139,0.18084,0.0007999
3d6.(3F2).4p,y 4F*,3.5,8.0,7.695145,3d6.(3P2).5s,4P,2.5,6.0,12.089379,4.394234,282.15202,11000000.0,0.0098465,0.078772,0.00026132
3d6.(3F2).4p,y 4F*,3.5,8.0,7.695145,3d6.(3H).5s,e 4H,4.5,10.0,12.205675,4.51053,274.8772,370000.0,0.0005239,0.0041912,1.3904e-05
3d6.(3F2).4p,y 4F*,3.5,8.0,7.695145,3d6.(3H).5s,e 4H,3.5,8.0,12.220987,4.525842,273.94724,7000000.0,0.0078757,0.063006,0.00020902
3d6.(3F2).4p,y 4F*,3.5,8.0,7.695145,3d6.(3F2).5s,f 4F,4.5,10.0,12.345509,4.650364,266.61181,12000000.0,0.015985,0.12788,0.00042424
3d6.(3F2).4p,y 4F*,3.5,8.0,7.695145,3d6.(3F2).5s,f 4F,3.5,8.0,12.359781,4.664636,265.79608,42000000.0,0.044484,0.35587,0.0011806
3d6.(3F2).4p,y 4F*,3.5,8.0,7.695145,3d6.(3F2).5s,f 4F,2.5,6.0,12.376605,4.68146,264.84087,13000000.0,0.010253,0.082021,0.0002721
3d6.(3F2).4p,y 4F*,3.5,8.0,7.695145,3d6.(3F2).5s,e 2F,3.5,8.0,12.459423,4.764278,260.23709,2500000.0,0.0025383,0.020306,6.7366e-05
3d6.(3F2).4p,y 4F*,3.5,8.0,7.695145,3d6.(3P2).4d,4D,3.5,8.0,12.783124,5.087979,243.68062,1600000.0,0.0014244,0.011395,3.7803e-05
3d6.(3F2).4p,y 4F*,3.5,8.0,7.695145,3d6.(3P2).4d,4F,4.5,10.0,12.790869,5.095725,243.31023,25000000.0,0.027735,0.22188,0.00073609
3d6.(3F2).4p,y 4F*,3.5,8.0,7.695145,3d6.(3G).5s,f 4G,2.5,6.0,12.791719,5.096574,243.26967,2000000.0,0.0013308,0.010647,3.5321e-05
3d6.(3F2).4p,y 4F*,3.5,8.0,7.695145,3d6.(5D).5d,4F,4.5,10.0,12.855063,5.159919,240.28324,5000000.0,0.0054099,0.043279,0.00014358
3d6.(3F2).4p,y 4F*,3.5,8.0,7.695145,3d6.(3H).4d,4G,4.5,10.0,12.866007,5.170862,239.77472,30000000.0,0.032322,0.25858,0.00085782
3d6.(3F2).4p,y 4F*,3.5,8.0,7.695145,3d6.(3H).4d,4H,3.5,8.0,12.892663,5.197518,238.54501,8000000.0,0.0068248,0.054598,0.00018113
3d6.(3F2).4p,y 4F*,3.5,8.0,7.695145,3d6.(3H).4d,4I,4.5,10.0,12.918222,5.223077,237.37768,18000000.0,0.019007,0.15206,0.00050446
3d6.(3F2).4p,y 4F*,3.5,8.0,7.695145,3d6.(3H).4d,2F,2.5,6.0,12.920346,5.225201,237.28119,21000000.0,0.013294,0.10635,0.00035283
3d6.(3F2).4p,y 4F*,3.5,8.0,7.695145,3d6.(5D).5d,6F,3.5,8.0,12.941587,5.246443,236.32051,8000000.0,0.0066981,0.053585,0.00017777
3d6.(3F2).4p,y 4F*,3.5,8.0,7.695145,3d6.(5D).5d,6F,2.5,6.0,12.947231,5.252086,236.06657,27000000.0,0.016918,0.13535,0.00044901
3d6.(3F2).4p,y 4F*,3.5,8.0,7.695145,3d6.(3H).4d,2F,3.5,8.0,12.954068,5.258923,235.75965,27000000.0,0.022499,0.17999,0.00059712
3d6.(3F2).4p,y 4F*,3.5,8.0,7.695145,3d6.(3H).4d,4F,2.5,6.0,12.957224,5.262079,235.61827,27000000.0,0.016854,0.13483,0.0004473
3d6.(3F2).4p,y 4F*,3.5,8.0,7.695145,3d6.(3P2).4d,4F,2.5,6.0,12.964932,5.269787,235.27364,16000000.0,0.0099583,0.079667,0.00026429
3d6.(3F2).4p,y 4F*,3.5,8.0,7.695145,3d6.(3H).4d,2G,4.5,10.0,12.994438,5.299294,233.96362,25000000.0,0.025645,0.20516,0.00068062
3d6.(3F2).4p,y 4F*,3.5,8.0,7.695145,3d6.(3F2).4d,4F,4.5,10.0,13.007995,5.31285,233.36665,5100000.0,0.005205,0.04164,0.00013814
3d6.(3F2).4p,y 4F*,3.5,8.0,7.695145,3d6.(3F2).4d,4D,3.5,8.0,13.017582,5.322437,232.94629,124000000.0,0.10088,0.80702,0.0026773
3d6.(3F2).4p,y 4F*,3.5,8.0,7.695145,3d6.(3F2).4d,4G,4.5,10.0,13.03757,5.342425,232.07475,142000000.0,0.14332,1.1466,0.0038038
3d6.(3F2).4p,y 4F*,3.5,8.0,7.695145,3d6.(5D).5d,4G,4.5,10.0,13.044511,5.349367,231.77361,18000000.0,0.01812,0.14496,0.00048092
3d6.(3F2).4p,y 4F*,3.5,8.0,7.695145,3d6.(3H).4d,4F,3.5,8.0,13.045693,5.350548,231.72242,77000000.0,0.061985,0.49588,0.0016451
3d6.(3F2).4p,y 4F*,3.5,8.0,7.695145,3d6.(3P2).4d,4P,2.5,6.0,13.047384,5.352239,231.64922,46000000.0,0.027755,0.22204,0.00073662
3d6.(3F2).4p,y 4F*,3.5,8.0,7.695145,3d6.(3P2).4d,2D,2.5,6.0,13.04795,5.352805,231.62471,66000000.0,0.039814,0.31851,0.0010567
3d6.(3F2).4p,y 4F*,3.5,8.0,7.695145,3d6.(3F2).4d,4G,3.5,8.0,13.054422,5.359277,231.345,7200000.0,0.0057771,0.046217,0.00015333
3d6.(3F2).4p,y 4F*,3.5,8.0,7.695145,3d6.(3F2).4d,4D,2.5,6.0,13.065383,5.370239,230.87278,23000000.0,0.013785,0.11028,0.00036584
3d6.(3F2).4p,y 4F*,3.5,8.0,7.695145,3d6.(5D).5d,4G,3.5,8.0,13.074079,5.378934,230.49957,900000.0,0.00071687,0.005735,1.9026e-05
3d6.(3F2).4p,y 4F*,3.5,8.0,7.695145,3d6.(3F2).4d,4H,4.5,10.0,13.083368,5.388224,230.10218,18000000.0,0.01786,0.14288,0.00047401
3d6.(3F2).4p,y 4F*,3.5,8.0,7.695145,3d6.(3F2).4d,2F,3.5,8.0,13.114493,5.419348,228.78065,2800000.0,0.0021971,0.017577,5.8312e-05
3d6.(3F2).4p,y 4F*,3.5,8.0,7.695145,3d5.4s.(7S).4d,6D,4.5,10.0,13.204445,5.5093,225.04528,1900000.0,0.0018033,0.014426,4.7859e-05
3d6.(3F2).4p,y 4F*,3.5,8.0,7.695145,3d6.(3H).4d,4F,4.5,10.0,13.231865,5.53672,223.93077,4400000.0,0.0041348,0.033078,0.00010974
3d6.(3F2).4p,y 4F*,3.5,8.0,7.695145,3d6.(3F2).4d,4F,3.5,8.0,13.237449,5.542304,223.70515,22000000.0,0.016506,0.13205,0.00043806
3d6.(3F2).4p,y 4F*,3.5,8.0,7.695145,3d6.(5D).5d,4P,2.5,6.0,13.241101,5.545956,223.55785,47000000.0,0.026412,0.21129,0.00070097
3d6.(3F2).4p,y 4F*,3.5,8.0,7.695145,3d6.(3F2).4d,2G,3.5,8.0,13.253957,5.558812,223.0408,23000000.0,0.017154,0.13723,0.00045526
3d6.(3F2).4p,y 4F*,3.5,8.0,7.695145,3d6.(3F2).4d,2G,4.5,10.0,13.256941,5.561796,222.92114,1800000.0,0.0016763,0.01341,4.4488e-05
3d6.(3F2).4p,y 4F*,3.5,8.0,7.695145,3d6.(3G).4d,4G,4.5,10.0,13.438834,5.743689,215.8616,2400000.0,0.0020957,0.016766,5.562e-05
3d6.(3F2).4p,y 4F*,3.5,8.0,7.695145,3d6.(3G).4d,4G,2.5,6.0,13.466417,5.771272,214.82993,10000000.0,0.0051893,0.041515,0.00013772
3d6.(3F2).4p,y 4F*,3.5,8.0,7.695145,3d6.(3G).4d,4D,2.5,6.0,13.469947,5.774802,214.6986,6100000.0,0.0031616,0.025293,8.3909e-05
3d6.(3F2).4p,y 4F*,3.5,8.0,7.695145,3d6.(3G).4d,4I,4.5,10.0,13.505479,5.810334,213.38567,4300000.0,0.0036692,0.029353,9.738e-05
3d6.(3F2).4p,y 4F*,3.5,8.0,7.695145,3d6.(3G).4d,2G,3.5,8.0,13.626052,5.930907,209.0476,10000000.0,0.0065516,0.052413,0.00017388
3d6.(3H).4p,z 2G*,4.5,10.0,7.697326,3d5.4s2,2G2,4.5,10.0,9.742339,2.045013,606.27573,80000.0,0.00044085,0.0044085,1.17e-05
3d6.(3H).4p,z 2G*,4.5,10.0,7.697326,3d5.4s2,2F2,3.5,8.0,10.133815,2.43649,508.86402,210000.0,0.00065219,0.0065219,1.7309e-05
3d6.(3H).4p,z 2G*,4.5,10.0,7.697326,3d6.(3H).5s,e 4H,5.5,12.0,12.187015,4.48969,276.15314,5700000.0,0.0078202,0.078202,0.00020755
3d6.(3H).4p,z 2G*,4.5,10.0,7.697326,3d6.(3H).5s,e 4H,3.5,8.0,12.220987,4.523661,274.07931,4600000.0,0.0041444,0.041444,0.00010999
3d6.(3H).4p,z 2G*,4.5,10.0,7.697326,3d6.(3F2).5s,f 4F,3.5,8.0,12.359781,4.662455,265.92041,1400000.0,0.0011874,0.011874,3.1512e-05
3d6.(3H).4p,z 2G*,4.5,10.0,7.697326,3d6.(3F2).5s,e 2F,3.5,8.0,12.459423,4.762098,260.35627,10000000.0,0.0081299,0.081299,0.00021577
3d6.(3H).4p,z 2G*,4.5,10.0,7.697326,3d6.(3G).5s,f 4G,3.5,8.0,12.775235,5.07791,244.16385,6300000.0,0.0045046,0.045046,0.00011955
3d6.(3H).4p,z 2G*,4.5,10.0,7.697326,3d6.(3P2).4d,2F,3.5,8.0,12.794173,5.096848,243.25662,73000000.0,0.051809,0.51809,0.001375
3d6.(3H).4p,z 2G*,4.5,10.0,7.697326,3d6.(3G).5s,e 2G,4.5,10.0,12.845869,5.148543,240.81413,16000000.0,0.013911,0.13911,0.00036919
3d6.(3H).4p,z 2G*,4.5,10.0,7.697326,3d6.(3H).4d,4G,4.5,10.0,12.866007,5.168681,239.87589,3100000.0,0.0026742,0.026742,7.0973e-05
3d6.(3H).4p,z 2G*,4.5,10.0,7.697326,3d6.(5D).5d,4F,3.5,8.0,12.871364,5.174038,239.62752,70000000.0,0.048208,0.48208,0.0012794
3d6.(3H).4p,z 2G*,4.5,10.0,7.697326,3d6.(3H).4d,4H,4.5,10.0,12.878767,5.181441,239.28515,24000000.0,0.020602,0.20602,0.00054677
3d6.(3H).4p,z 2G*,4.5,10.0,7.697326,3d6.(3H).4d,4G,3.5,8.0,12.884641,5.187315,239.01419,900000.0,0.00061665,0.0061665,1.6366e-05
3d6.(3H).4p,z 2G*,4.5,10.0,7.697326,3d6.(3P2).4d,4F,3.5,8.0,12.907739,5.210414,237.95461,122000000.0,0.082851,0.82851,0.0021989
3d6.(3H).4p,z 2G*,4.5,10.0,7.697326,3d6.(3H).4d,4I,5.5,12.0,12.915965,5.21864,237.57954,32000000.0,0.032494,0.32494,0.0008624
3d6.(3H).4p,z 2G*,4.5,10.0,7.697326,3d6.(3H).4d,2F,3.5,8.0,12.954068,5.256743,235.85747,77000000.0,0.051374,0.51374,0.0013635
3d6.(3H).4p,z 2G*,4.5,10.0,7.697326,3d6.(3H).4d,2G,4.5,10.0,12.994438,5.297113,234.05995,225000000.0,0.1848,1.848,0.0049045
3d6.(3H).4p,z 2G*,4.5,10.0,7.697326,3d6.(5D).5d,6G,4.5,10.0,13.00204,5.304714,233.72457,17000000.0,0.013922,0.13922,0.0003695
3d6.(3H).4p,z 2G*,4.5,10.0,7.697326,3d6.(3F2).4d,4F,4.5,10.0,13.007995,5.310669,233.46249,13000000.0,0.010623,0.10623,0.00028193
3d6.(3H).4p,z 2G*,4.5,10.0,7.697326,3d6.(3F2).4d,4D,3.5,8.0,13.017582,5.320256,233.04178,23000000.0,0.014981,0.14981,0.0003976
3d6.(3H).4p,z 2G*,4.5,10.0,7.697326,3d6.(3H).4d,2G,3.5,8.0,13.033591,5.336266,232.34262,7200000.0,0.0046617,0.046617,0.00012372
3d6.(3H).4p,z 2G*,4.5,10.0,7.697326,3d6.(3F2).4d,4H,5.5,12.0,13.067795,5.37047,230.86286,13000000.0,0.012465,0.12465,0.00033082
3d6.(3H).4p,z 2G*,4.5,10.0,7.697326,3d6.(3F2).4d,2H,5.5,12.0,13.112976,5.415651,228.93685,156000000.0,0.14709,1.4709,0.0039039
3d6.(3H).4p,z 2G*,4.5,10.0,7.697326,3d6.(3F2).4d,2F,3.5,8.0,13.114493,5.417167,228.87276,3100000.0,0.0019476,0.019476,5.1689e-05
3d6.(3H).4p,z 2G*,4.5,10.0,7.697326,3d6.(3H).4d,2H,4.5,10.0,13.144641,5.447316,227.60605,700000.0,0.00054366,0.0054366,1.4429e-05
3d6.(3H).4p,z 2G*,4.5,10.0,7.697326,3d6.(3H).4d,2H,5.5,12.0,13.147993,5.450667,227.4661,37000000.0,0.034441,0.34441,0.00091406
3d6.(3H).4p,z 2G*,4.5,10.0,7.697326,3d6.(3G).4d,4D,3.5,8.0,13.43559,5.738265,216.06567,1200000.0,0.0006719,0.006719,1.7832e-05
3d6.(3H).4p,z 2G*,4.5,10.0,7.697326,3d6.(3G).4d,2G,4.5,10.0,13.591795,5.894469,210.3399,51000000.0,0.033828,0.33828,0.00089779
3d6.(3H).4p,z 2G*,4.5,10.0,7.697326,3d6.(3G).4d,2H,5.5,12.0,13.598996,5.901671,210.08322,15000000.0,0.01191,0.1191,0.00031609
3d6.(3H).4p,z 2G*,4.5,10.0,7.697326,3d6.(3G).4d,2H,4.5,10.0,13.639292,5.941967,208.65853,23000000.0,0.015013,0.15013,0.00039844
3d6.(3P2).4p,z 2D*,1.5,4.0,7.702593,3d5.4s2,2F2,2.5,6.0,10.121977,2.419384,512.46182,150000.0,0.00088586,0.0035434,2.3511e-05
3d6.(3P2).4p,z 2D*,1.5,4.0,7.702593,3d6.(3P2).5s,4P,0.5,2.0,12.281514,4.578921,270.77167,130000000.0,0.071446,0.28578,0.0018962
3d6.(3P2).4p,z 2D*,1.5,4.0,7.702593,3d6.(3P2).5s,2P,1.5,4.0,12.282924,4.580331,270.68829,6600000.0,0.0072501,0.029,0.00019242
3d6.(3P2).4p,z 2D*,1.5,4.0,7.702593,3d6.(3P2).5s,2P,0.5,2.0,12.388708,4.686115,264.5778,51000000.0,0.026761,0.10705,0.00071024
3d6.(3P2).4p,z 2D*,1.5,4.0,7.702593,3d6.(3F2).5s,e 2F,2.5,6.0,12.491386,4.788793,258.9049,8000000.0,0.012059,0.048237,0.00032005
3d6.(3P2).4p,z 2D*,1.5,4.0,7.702593,3d6.(3P2).4d,2F,2.5,6.0,12.844442,5.141849,241.12768,71000000.0,0.092833,0.37133,0.0024638
3d6.(3P2).4p,z 2D*,1.5,4.0,7.702593,3d6.(5D).5d,4F,2.5,6.0,12.897322,5.194729,238.67307,50000000.0,0.064051,0.25621,0.0016999
3d6.(3P2).4p,z 2D*,1.5,4.0,7.702593,3d6.(3H).4d,2F,2.5,6.0,12.920346,5.217753,237.61992,66000000.0,0.083803,0.33521,0.0022241
3d6.(3P2).4p,z 2D*,1.5,4.0,7.702593,3d6.(5D).5d,6F,2.5,6.0,12.947231,5.244638,236.40184,105000000.0,0.13196,0.52784,0.0035022
3d6.(3P2).4p,z 2D*,1.5,4.0,7.702593,3d6.(3H).4d,4F,2.5,6.0,12.957224,5.254631,235.95226,39000000.0,0.048827,0.19531,0.0012959
3d6.(3P2).4p,z 2D*,1.5,4.0,7.702593,3d6.(3P2).4d,4F,1.5,4.0,12.96539,5.262797,235.58613,24000000.0,0.01997,0.079879,0.00052999
3d6.(3P2).4p,z 2D*,1.5,4.0,7.702593,3d6.(3F2).4d,4P,2.5,6.0,12.985988,5.283395,234.66768,42000000.0,0.052012,0.20805,0.0013804
3d6.(3P2).4p,z 2D*,1.5,4.0,7.702593,3d6.(5D).5d,6D,2.5,6.0,12.997036,5.294443,234.178,7000000.0,0.0086326,0.03453,0.00022911
3d6.(3P2).4p,z 2D*,1.5,4.0,7.702593,3d6.(5D).5d,4D,2.5,6.0,13.034183,5.33159,232.54641,3600000.0,0.004378,0.017512,0.00011619
3d6.(3P2).4p,z 2D*,1.5,4.0,7.702593,3d6.(5D).5d,4D,1.5,4.0,13.046893,5.3443,231.99333,3200000.0,0.002582,0.010328,6.8527e-05
3d6.(3P2).4p,z 2D*,1.5,4.0,7.702593,3d6.(3P2).4d,4P,2.5,6.0,13.047384,5.34479,231.97205,44000000.0,0.053245,0.21298,0.0014131
3d6.(3P2).4p,z 2D*,1.5,4.0,7.702593,3d6.(5D).5d,6G,1.5,4.0,13.054118,5.351524,231.68015,7600000.0,0.0061158,0.024463,0.00016231
3d6.(3P2).4p,z 2D*,1.5,4.0,7.702593,3d6.(3P2).4d,2P,1.5,4.0,13.057693,5.3551,231.52545,17000000.0,0.013662,0.054647,0.00036258
3d6.(3P2).4p,z 2D*,1.5,4.0,7.702593,3d6.(3F2).4d,4D,2.5,6.0,13.065383,5.36279,231.19345,13000000.0,0.015626,0.062504,0.00041471
3d6.(3P2).4p,z 2D*,1.5,4.0,7.702593,3d6.(5D).5d,4F,1.5,4.0,13.247296,5.544703,223.60837,1700000.0,0.0012743,0.0050974,3.3821e-05
3d6.(3P2).4p,z 2D*,1.5,4.0,7.702593,3d6.(3F2).4d,4F,2.5,6.0,13.249791,5.547198,223.50781,5900000.0,0.0066281,0.026512,0.00017591
3d6.(3P2).4p,z 2D*,1.5,4.0,7.702593,3d6.(3F2).4d,2P,1.5,4.0,13.403428,5.700835,217.48428,7000000.0,0.0049638,0.019855,0.00013174
3d6.(3F2).4p,y 4F*,2.5,6.0,7.705811,3d6.(5D).5s,e 4D,2.5,6.0,9.904542,2.198732,563.88957,200000.0,0.00095341,0.0057204,2.5303e-05
3d6.(3F2).4p,y 4F*,2.5,6.0,7.705811,3d6.(3F2).5s,f 4F,3.5,8.0,12.359781,4.65397,266.40523,36000000.0,0.051072,0.30643,0.0013555
3d6.(3F2).4p,y 4F*,2.5,6.0,7.705811,3d6.(3F2).5s,f 4F,2.5,6.0,12.376605,4.670794,265.44564,58000000.0,0.061269,0.36761,0.0016261
3d6.(3F2).4p,y 4F*,2.5,6.0,7.705811,3d6.(3F2).5s,f 4F,1.5,4.0,12.388323,4.682512,264.78136,19000000.0,0.013314,0.079882,0.00035334
3d6.(3F2).4p,y 4F*,2.5,6.0,7.705811,3d6.(3H).4d,4H,3.5,8.0,12.892663,5.186852,239.03553,700000.0,0.00079951,0.004797,2.1219e-05
3d6.(3F2).4p,y 4F*,2.5,6.0,7.705811,3d6.(5D).5d,4F,2.5,6.0,12.897322,5.191512,238.82098,5300000.0,0.0045319,0.027191,0.00012028
3d6.(3F2).4p,y 4F*,2.5,6.0,7.705811,3d6.(5D).5d,6F,2.5,6.0,12.947231,5.24142,236.54695,8000000.0,0.006711,0.040266,0.00017811
3d6.(3F2).4p,y 4F*,2.5,6.0,7.705811,3d6.(3P2).4d,4F,2.5,6.0,12.964932,5.259121,235.7508,28000000.0,0.02333,0.13998,0.00061919
3d6.(3F2).4p,y 4F*,2.5,6.0,7.705811,3d6.(3F2).4d,4P,1.5,4.0,12.998502,5.292691,234.25548,5900000.0,0.0032359,0.019416,8.5882e-05
3d6.(3F2).4p,y 4F*,2.5,6.0,7.705811,3d6.(3H).4d,2G,3.5,8.0,13.033591,5.327781,232.71264,11000000.0,0.011908,0.071447,0.00031603
3d6.(3F2).4p,y 4F*,2.5,6.0,7.705811,3d6.(5D).5d,4D,2.5,6.0,13.034183,5.328372,232.68682,3600000.0,0.0029222,0.017533,7.7554e-05
3d6.(3F2).4p,y 4F*,2.5,6.0,7.705811,3d6.(3H).4d,4F,3.5,8.0,13.045693,5.339882,232.18526,1200000.0,0.0012931,0.0077589,3.432e-05
3d6.(3F2).4p,y 4F*,2.5,6.0,7.705811,3d6.(3P2).4d,4P,2.5,6.0,13.047384,5.341573,232.11177,27000000.0,0.021808,0.13085,0.00057879
3d6.(3F2).4p,y 4F*,2.5,6.0,7.705811,3d6.(3P2).4d,2D,2.5,6.0,13.04795,5.342139,232.08716,68000000.0,0.054912,0.32947,0.0014574
3d6.(3F2).4p,y 4F*,2.5,6.0,7.705811,3d6.(3F2).4d,4G,3.5,8.0,13.054422,5.348611,231.80633,234000000.0,0.25134,1.5081,0.0066706
3d6.(3F2).4p,y 4F*,2.5,6.0,7.705811,3d6.(3P2).4d,2P,1.5,4.0,13.057693,5.351883,231.66464,29000000.0,0.015556,0.093333,0.00041284
3d6.(3F2).4p,y 4F*,2.5,6.0,7.705811,3d6.(3F2).4d,4D,2.5,6.0,13.065383,5.359573,231.33224,118000000.0,0.09467,0.56802,0.0025126
3d6.(3F2).4p,y 4F*,2.5,6.0,7.705811,3d6.(3F2).4d,4G,2.5,6.0,13.069693,5.363883,231.14636,3700000.0,0.0029637,0.017782,7.8657e-05
3d6.(3F2).4p,y 4F*,2.5,6.0,7.705811,3d6.(5D).5d,4G,3.5,8.0,13.074079,5.368268,230.95753,6100000.0,0.0065042,0.039025,0.00017262
3d6.(3F2).4p,y 4F*,2.5,6.0,7.705811,3d6.(3F2).4d,4D,1.5,4.0,13.075402,5.369592,230.9006,222000000.0,0.1183,0.70978,0.0031396
3d6.(3F2).4p,y 4F*,2.5,6.0,7.705811,3d6.(5D).5d,4P,2.5,6.0,13.241101,5.53529,223.98862,4300000.0,0.0032343,0.019406,8.5838e-05
3d6.(3F2).4p,y 4F*,2.5,6.0,7.705811,3d6.(5D).5d,4F,1.5,4.0,13.247296,5.541485,223.7382,33000000.0,0.016511,0.099064,0.00043819
3d6.(3F2).4p,y 4F*,2.5,6.0,7.705811,3d6.(3F2).4d,4F,2.5,6.0,13.249791,5.54398,223.63752,72000000.0,0.053986,0.32392,0.0014328
3d6.(3F2).4p,y 4F*,2.5,6.0,7.705811,3d6.(3F2).4d,2D,2.5,6.0,13.316872,5.611062,220.96389,8000000.0,0.0058559,0.035135,0.00015542
3d6.(3F2).4p,y 4F*,2.5,6.0,7.705811,3d6.(3F2).4d,2D,1.5,4.0,13.319714,5.613904,220.85202,5000000.0,0.0024375,0.014625,6.4691e-05
3d6.(3F2).4p,y 4F*,2.5,6.0,7.705811,3d6.(3G).4d,4G,3.5,8.0,13.45695,5.75114,215.58197,3500000.0,0.0032516,0.019509,8.6296e-05
3d6.(3F2).4p,y 4F*,2.5,6.0,7.705811,3d6.(3G).4d,4D,2.5,6.0,13.469947,5.764137,215.09587,7200000.0,0.0049941,0.029965,0.00013254
3d6.(3F2).4p,y 4F*,2.5,6.0,7.705811,3d6.(3D).5s,4D,1.5,4.0,13.472408,5.766598,215.00408,14000000.0,0.0064683,0.03881,0.00017167
3d6.(3F2).4p,y 4F*,2.5,6.0,7.705811,3d6.(3G).4d,4D,1.5,4.0,13.496856,5.791046,214.09639,17000000.0,0.0077882,0.046729,0.0002067
3d6.(3F2).4p,y 4F*,4.5,10.0,7.706625,3d5.4s2,4F,4.5,10.0,9.099668,1.393042,890.02452,18000.0,0.00021376,0.0021376,5.6733e-06
3d6.(3F2).4p,y 4F*,4.5,10.0,7.706625,3d6.(5D).5s,e 4D,3.5,8.0,9.849242,2.142617,578.65783,130000.0,0.00052208,0.0052208,1.3856e-05
3d6.(3F2).4p,y 4F*,4.5,10.0,7.706625,3d6.(3H).5s,e 4H,5.5,12.0,12.187015,4.48039,276.72635,3200000.0,0.0044085,0.044085,0.000117
3d6.(3F2).4p,y 4F*,4.5,10.0,7.706625,3d6.(3F2).5s,f 4F,4.5,10.0,12.345509,4.638883,267.27164,88000000.0,0.094243,0.94243,0.0025012
3d6.(3F2).4p,y 4F*,4.5,10.0,7.706625,3d6.(3F2).5s,f 4F,3.5,8.0,12.359781,4.653155,266.45188,11000000.0,0.0093666,0.093666,0.00024859
3d6.(3F2).4p,y 4F*,4.5,10.0,7.706625,3d6.(3F2).5s,e 2F,3.5,8.0,12.459423,4.752798,260.86571,2000000.0,0.0016324,0.016324,4.3323e-05
3d6.(3F2).4p,y 4F*,4.5,10.0,7.706625,3d6.(3P2).4d,4F,4.5,10.0,12.790869,5.084244,243.85965,6300000.0,0.0056167,0.056167,0.00014907
3d6.(3F2).4p,y 4F*,4.5,10.0,7.706625,3d6.(3H).4d,4G,5.5,12.0,12.844816,5.138191,241.29934,33000000.0,0.034567,0.34567,0.00091742
3d6.(3F2).4p,y 4F*,4.5,10.0,7.706625,3d6.(3H).4d,4H,5.5,12.0,12.863568,5.156942,240.42191,11000000.0,0.011439,0.11439,0.00030359
3d6.(3F2).4p,y 4F*,4.5,10.0,7.706625,3d6.(5D).5d,4F,3.5,8.0,12.871364,5.164739,240.059,6600000.0,0.0045617,0.045617,0.00012107
3d6.(3F2).4p,y 4F*,4.5,10.0,7.706625,3d6.(3H).4d,4I,5.5,12.0,12.915965,5.20934,238.00367,5700000.0,0.0058088,0.058088,0.00015416
3d6.(3F2).4p,y 4F*,4.5,10.0,7.706625,3d6.(5D).5d,6D,4.5,10.0,12.945397,5.238772,236.66653,1700000.0,0.0014275,0.014275,3.7886e-05
3d6.(3F2).4p,y 4F*,4.5,10.0,7.706625,3d6.(3H).4d,2F,3.5,8.0,12.954068,5.247443,236.27546,4700000.0,0.0031469,0.031469,8.3519e-05
3d6.(3F2).4p,y 4F*,4.5,10.0,7.706625,3d6.(3H).4d,2I,5.5,12.0,12.989261,5.282636,234.70138,43000000.0,0.042613,0.42613,0.0011309
3d6.(3F2).4p,y 4F*,4.5,10.0,7.706625,3d6.(3H).4d,2G,4.5,10.0,12.994438,5.287813,234.4716,20000000.0,0.016484,0.16484,0.00043749
3d6.(3F2).4p,y 4F*,4.5,10.0,7.706625,3d6.(5D).5d,6G,4.5,10.0,13.00204,5.295414,234.13503,11000000.0,0.0090403,0.090403,0.00023993
3d6.(3F2).4p,y 4F*,4.5,10.0,7.706625,3d6.(3F2).4d,4D,3.5,8.0,13.017582,5.310956,233.44985,101000000.0,0.066017,0.66017,0.0017521
3d6.(3F2).4p,y 4F*,4.5,10.0,7.706625,3d6.(3F2).4d,4G,5.5,12.0,13.026221,5.319596,233.0707,270000000.0,0.26386,2.6386,0.0070029
3d6.(3F2).4p,y 4F*,4.5,10.0,7.706625,3d6.(3F2).4d,4G,4.5,10.0,13.03757,5.330944,232.57454,27000000.0,0.021895,0.21895,0.0005811
3d6.(3F2).4p,y 4F*,4.5,10.0,7.706625,3d6.(3H).4d,4F,3.5,8.0,13.045693,5.339068,232.22069,37000000.0,0.023931,0.23931,0.00063512
3d6.(3F2).4p,y 4F*,4.5,10.0,7.706625,3d6.(3F2).4d,4H,5.5,12.0,13.067795,5.36117,231.26333,8000000.0,0.0076974,0.076974,0.00020429
3d6.(3F2).4p,y 4F*,4.5,10.0,7.706625,3d6.(3F2).4d,4H,4.5,10.0,13.083368,5.376743,230.5935,4600000.0,0.003667,0.03667,9.7322e-05
3d6.(3F2).4p,y 4F*,4.5,10.0,7.706625,3d6.(3F2).4d,2H,5.5,12.0,13.112976,5.406351,229.33066,2200000.0,0.0020816,0.020816,5.5244e-05
3d6.(3F2).4p,y 4F*,4.5,10.0,7.706625,3d6.(3H).4d,4F,4.5,10.0,13.231865,5.525239,224.39607,72000000.0,0.054353,0.54353,0.0014425
3d6.(3F2).4p,y 4F*,4.5,10.0,7.706625,3d6.(3F2).4d,4F,3.5,8.0,13.237449,5.530824,224.16951,15000000.0,0.0090405,0.090405,0.00023994
3d6.(3F2).4p,y 4F*,4.5,10.0,7.706625,3d6.(3F2).4d,2G,3.5,8.0,13.253957,5.547332,223.50241,18000000.0,0.010784,0.10784,0.00028621
3d6.(3F2).4p,y 4F*,4.5,10.0,7.706625,3d6.(3F2).4d,2G,4.5,10.0,13.256941,5.550316,223.38225,41000000.0,0.030672,0.30672,0.00081403
3d6.(3F2).4p,y 4F*,4.5,10.0,7.706625,3d6.(3G).4d,4G,5.5,12.0,13.412805,5.706179,217.28059,4200000.0,0.0035672,0.035672,9.4674e-05
3d6.(3F2).4p,y 4F*,4.5,10.0,7.706625,3d6.(3G).4d,4D,3.5,8.0,13.43559,5.728965,216.4164,30000000.0,0.016852,0.16852,0.00044725
3d6.(3F2).4p,y 4F*,4.5,10.0,7.706625,3d6.(3G).4d,4H,5.5,12.0,13.438391,5.731766,216.31065,1100000.0,0.00092595,0.0092595,2.4575e-05
3d6.(3F2).4p,y 4F*,4.5,10.0,7.706625,3d6.(3D).5s,4D,3.5,8.0,13.490065,5.78344,214.37796,7200000.0,0.0039686,0.039686,0.00010533
3d5.(6S).4s.4p.(3P*),y 6P*,3.5,8.0,7.708299,3d6.(5D).5s,e 6D,4.5,10.0,9.653614,1.945315,637.34757,330000.0,0.0025121,0.020097,6.6671e-05
3d5.(6S).4s.4p.(3P*),y 6P*,3.5,8.0,7.708299,3d6.(5D).4d,6D,3.5,8.0,10.379162,2.670863,464.21034,710000.0,0.0022938,0.01835,6.0876e-05
3d5.(6S).4s.4p.(3P*),y 6P*,3.5,8.0,7.708299,3d6.(3P2).4d,4F,4.5,10.0,12.790869,5.08257,243.93995,1300000.0,0.0014497,0.011598,3.8475e-05
3d5.(6S).4s.4p.(3P*),y 6P*,3.5,8.0,7.708299,3d6.(5D).5d,4D,3.5,8.0,13.002624,5.294325,234.18322,1500000.0,0.0012333,0.0098663,3.2731e-05
3d5.(6S).4s.4p.(3P*),y 6P*,3.5,8.0,7.708299,3d5.4s.(7S).4d,6D,4.5,10.0,13.204445,5.496146,225.5839,80000000.0,0.076291,0.61033,0.0020248
3d5.(6S).4s.4p.(3P*),y 6P*,3.5,8.0,7.708299,3d5.4s.(7S).4d,6D,3.5,8.0,13.206873,5.498574,225.48429,20000000.0,0.015245,0.12196,0.0004046
3d5.(6S).4s.4p.(3P*),y 6P*,3.5,8.0,7.708299,3d5.4s.(7S).4d,6D,2.5,6.0,13.223525,5.515226,224.80347,3500000.0,0.0019888,0.015911,5.2783e-05
3d5.(6S).4s.4p.(3P*),y 6P*,3.5,8.0,7.708299,3d5.(6S).4p2,8P,4.5,10.0,13.293558,5.585259,221.98468,1100000.0,0.0010158,0.0081264,2.6959e-05
3d6.(3F2).4p,y 4F*,1.5,4.0,7.717336,3d6.(3F2).5s,f 4F,1.5,4.0,12.388323,4.670987,265.43471,84000000.0,0.088727,0.35491,0.0023548
3d6.(3F2).4p,y 4F*,1.5,4.0,7.717336,3d6.(3H).4d,4G,2.5,6.0,12.89965,5.182314,239.24488,26000000.0,0.033466,0.13387,0.0008882
3d6.(3F2).4p,y 4F*,1.5,4.0,7.717336,3d6.(3H).4d,4F,1.5,4.0,12.917837,5.200501,238.40819,5000000.0,0.0042606,0.017042,0.00011308
3d6.(3F2).4p,y 4F*,1.5,4.0,7.717336,3d6.(3H).4d,2F,2.5,6.0,12.920346,5.20301,238.29323,9000000.0,0.011493,0.04597,0.00030501
3d6.(3F2).4p,y 4F*,1.5,4.0,7.717336,3d6.(3P2).4d,4F,1.5,4.0,12.96539,5.248054,236.24795,20000000.0,0.016735,0.06694,0.00044415
3d6.(3F2).4p,y 4F*,1.5,4.0,7.717336,3d6.(5D).5d,4D,1.5,4.0,13.046893,5.329557,232.63509,13000000.0,0.010548,0.04219,0.00027993
3d6.(3F2).4p,y 4F*,1.5,4.0,7.717336,3d6.(3P2).4d,4P,2.5,6.0,13.047384,5.330047,232.61369,16000000.0,0.019469,0.077876,0.0005167
3d6.(3F2).4p,y 4F*,1.5,4.0,7.717336,3d6.(5D).5d,6G,1.5,4.0,13.054118,5.336781,232.32018,11000000.0,0.0089007,0.035603,0.00023623
3d6.(3F2).4p,y 4F*,1.5,4.0,7.717336,3d6.(3P2).4d,2P,1.5,4.0,13.057693,5.340357,232.16462,21000000.0,0.01697,0.067878,0.00045037
3d6.(3F2).4p,y 4F*,1.5,4.0,7.717336,3d6.(3F2).4d,4D,2.5,6.0,13.065383,5.348047,231.83079,51000000.0,0.06164,0.24656,0.0016359
3d6.(3F2).4p,y 4F*,1.5,4.0,7.717336,3d6.(3F2).4d,4G,2.5,6.0,13.069693,5.352357,231.64411,240000000.0,0.2896,1.1584,0.0076861
3d6.(3F2).4p,y 4F*,1.5,4.0,7.717336,3d6.(3F2).4d,4D,1.5,4.0,13.075402,5.358066,231.39729,41000000.0,0.032912,0.13165,0.0008735
3d6.(3F2).4p,y 4F*,1.5,4.0,7.717336,3d6.(3F2).4d,4D,0.5,2.0,13.077596,5.36026,231.3026,240000000.0,0.09625,0.385,0.0025545
3d6.(3F2).4p,y 4F*,1.5,4.0,7.717336,3d6.(3F2).4d,4F,1.5,4.0,13.082582,5.365246,231.08763,124000000.0,0.099274,0.3971,0.0026347
3d6.(3F2).4p,y 4F*,1.5,4.0,7.717336,3d6.(5D).5d,4G,2.5,6.0,13.096546,5.379209,230.48778,4800000.0,0.0057344,0.022938,0.00015219
3d6.(3F2).4p,y 4F*,1.5,4.0,7.717336,3d6.(5D).5d,4P,2.5,6.0,13.241101,5.523764,224.45599,1100000.0,0.0012463,0.004985,3.3076e-05
3d6.(3F2).4p,y 4F*,1.5,4.0,7.717336,3d6.(5D).5d,4F,1.5,4.0,13.247296,5.52996,224.20452,80000000.0,0.060289,0.24116,0.0016001
3d6.(3F2).4p,y 4F*,1.5,4.0,7.717336,3d6.(3F2).4d,4F,2.5,6.0,13.249791,5.532454,224.10342,8000000.0,0.0090352,0.036141,0.00023979
3d6.(3F2).4p,y 4F*,1.5,4.0,7.717336,3d6.(5D).5d,4P,1.5,4.0,13.274486,5.55715,223.10753,9000000.0,0.0067163,0.026865,0.00017825
3d6.(3F2).4p,y 4F*,1.5,4.0,7.717336,3d6.(5D).5d,4P,0.5,2.0,13.288142,5.570806,222.56062,5000000.0,0.0018565,0.007426,4.9272e-05
3d6.(3F2).4p,y 4F*,1.5,4.0,7.717336,3d6.(3F2).4d,2D,1.5,4.0,13.319714,5.602378,221.30637,21000000.0,0.015419,0.061677,0.00040923
3d6.(3F2).4p,y 4F*,1.5,4.0,7.717336,3d6.(3G).4d,4D,2.5,6.0,13.469947,5.752611,215.52683,2600000.0,0.002716,0.010864,7.2082e-05
3d6.(3F2).4p,y 4F*,1.5,4.0,7.717336,3d6.(3D).5s,4D,1.5,4.0,13.472408,5.755072,215.43466,2900000.0,0.0020178,0.0080714,5.3554e-05
3d6.(3F2).4p,y 4F*,1.5,4.0,7.717336,3d6.(3D).5s,4D,0.5,2.0,13.473026,5.75569,215.41154,18000000.0,0.0062609,0.025044,0.00016617
3d6.(3F2).4p,y 4F*,1.5,4.0,7.717336,3d6.(3G).4d,4D,0.5,2.0,13.505242,5.787906,214.21253,28000000.0,0.0096311,0.038525,0.00025561
3d6.(3H).4p,z 2I*,6.5,14.0,7.72337,3d6.(3H).5s,e 4H,6.5,14.0,12.166586,4.443217,279.04153,290000.0,0.00033853,0.0047394,8.9845e-06
3d6.(3H).4p,z 2I*,6.5,14.0,7.72337,3d6.(3H).5s,e 4H,5.5,12.0,12.187015,4.463646,277.76441,5600000.0,0.0055521,0.077729,0.00014735
3d6.(3H).4p,z 2I*,6.5,14.0,7.72337,3d6.(3H).4d,4H,5.5,12.0,12.863568,5.140198,241.20509,5300000.0,0.0039624,0.055474,0.00010516
3d6.(3H).4p,z 2I*,6.5,14.0,7.72337,3d6.(3H).4d,4I,7.5,16.0,12.879276,5.155907,240.47021,47000000.0,0.046566,0.65193,0.0012359
3d6.(3H).4p,z 2I*,6.5,14.0,7.72337,3d6.(3H).4d,4I,6.5,14.0,12.902374,5.179004,239.39775,5400000.0,0.0046397,0.064956,0.00012314
3d6.(3H).4p,z 2I*,6.5,14.0,7.72337,3d6.(3H).4d,2K,7.5,16.0,12.909202,5.185833,239.08252,550000000.0,0.53865,7.5412,0.014296
3d6.(3H).4p,z 2I*,6.5,14.0,7.72337,3d6.(3H).4d,2K,6.5,14.0,12.933458,5.210088,237.96948,75000000.0,0.063674,0.89144,0.0016899
3d6.(3H).4p,z 2I*,6.5,14.0,7.72337,3d6.(3H).4d,2I,5.5,12.0,12.989261,5.265892,235.44767,1100000.0,0.0007836,0.01097,2.0797e-05
3d6.(3H).4p,z 2I*,6.5,14.0,7.72337,3d6.(3F2).4d,4H,6.5,14.0,13.054157,5.330787,232.58142,3300000.0,0.0026762,0.037467,7.1027e-05
3d6.(3H).4p,z 2I*,6.5,14.0,7.72337,3d6.(3F2).4d,2H,5.5,12.0,13.112976,5.389607,230.04313,21000000.0,0.014281,0.19993,0.00037901
3d6.(3H).4p,z 2I*,6.5,14.0,7.72337,3d6.(3H).4d,2H,5.5,12.0,13.147993,5.424623,228.55818,36000000.0,0.024166,0.33833,0.00064137
3d6.(3H).4p,z 2I*,6.5,14.0,7.72337,3d6.(3G).4d,2I,6.5,14.0,13.520429,5.797059,213.87431,3200000.0,0.0021945,0.030722,5.8241e-05
3d6.(3H).4p,z 2I*,6.5,14.0,7.72337,3d6.(3G).4d,2H,5.5,12.0,13.598996,5.875627,211.01442,5800000.0,0.0033187,0.046461,8.8078e-05
3d6.(3H).4p,z 2G*,3.5,8.0,7.726998,3d5.4s2,2G2,3.5,8.0,9.693705,1.966707,630.41529,47000.0,0.00028003,0.0022403,7.4321e-06
3d6.(3H).4p,z 2G*,3.5,8.0,7.726998,3d5.4s2,2F2,2.5,6.0,10.121977,2.394979,517.68389,180000.0,0.0005424,0.0043392,1.4395e-05
3d6.(3H).4p,z 2G*,3.5,8.0,7.726998,3d6.(3H).5s,e 4H,3.5,8.0,12.220987,4.493988,275.889,3300000.0,0.0037657,0.030125,9.9941e-05
3d6.(3H).4p,z 2G*,3.5,8.0,7.726998,3d6.(3F2).5s,f 4F,4.5,10.0,12.345509,4.61851,268.45062,19000000.0,0.02566,0.20528,0.00068101
3d6.(3H).4p,z 2G*,3.5,8.0,7.726998,3d6.(3F2).5s,f 4F,3.5,8.0,12.359781,4.632782,267.62362,20000000.0,0.021475,0.1718,0.00056995
3d6.(3H).4p,z 2G*,3.5,8.0,7.726998,3d6.(3F2).5s,e 2F,3.5,8.0,12.459423,4.732425,261.98873,7200000.0,0.007409,0.059272,0.00019663
3d6.(3H).4p,z 2G*,3.5,8.0,7.726998,3d6.(3H).4d,4G,4.5,10.0,12.866007,5.139008,241.26094,13000000.0,0.01418,0.11344,0.00037635
3d6.(3H).4p,z 2G*,3.5,8.0,7.726998,3d6.(3H).4d,4H,4.5,10.0,12.878767,5.151769,240.66337,4200000.0,0.0045587,0.036469,0.00012099
3d6.(3H).4p,z 2G*,3.5,8.0,7.726998,3d6.(3H).4d,4H,3.5,8.0,12.892663,5.165664,240.01598,19000000.0,0.016409,0.13128,0.00043551
3d6.(3H).4p,z 2G*,3.5,8.0,7.726998,3d6.(5D).5d,4F,2.5,6.0,12.897322,5.170324,239.79966,115000000.0,0.074356,0.59485,0.0019734
3d6.(3H).4p,z 2G*,3.5,8.0,7.726998,3d6.(3P2).4d,4F,3.5,8.0,12.907739,5.180741,239.3175,9000000.0,0.0077277,0.061822,0.00020509
3d6.(3H).4p,z 2G*,3.5,8.0,7.726998,3d6.(5D).5d,6P,2.5,6.0,12.909265,5.182267,239.24705,5000000.0,0.003218,0.025744,8.5405e-05
3d6.(3H).4p,z 2G*,3.5,8.0,7.726998,3d6.(3H).4d,4I,4.5,10.0,12.918222,5.191224,238.83425,13000000.0,0.013897,0.11117,0.00036881
3d6.(3H).4p,z 2G*,3.5,8.0,7.726998,3d6.(5D).5d,6F,2.5,6.0,12.947231,5.220232,237.50704,17000000.0,0.010783,0.086261,0.00028617
3d6.(3H).4p,z 2G*,3.5,8.0,7.726998,3d6.(3H).4d,4F,2.5,6.0,12.957224,5.230225,237.05326,29000000.0,0.018324,0.14659,0.00048631
3d6.(3H).4p,z 2G*,3.5,8.0,7.726998,3d6.(3P2).4d,4F,2.5,6.0,12.964932,5.237933,236.70442,37000000.0,0.02331,0.18648,0.00061864
3d6.(3H).4p,z 2G*,3.5,8.0,7.726998,3d6.(3F2).4d,4P,2.5,6.0,12.985988,5.25899,235.75669,12000000.0,0.0074995,0.059996,0.00019904
3d6.(3H).4p,z 2G*,3.5,8.0,7.726998,3d6.(5D).5d,6D,2.5,6.0,12.997036,5.270037,235.26246,1700000.0,0.001058,0.0084638,2.8079e-05
3d6.(3H).4p,z 2G*,3.5,8.0,7.726998,3d6.(5D).5d,4D,3.5,8.0,13.002624,5.275625,235.01328,1100000.0,0.00091083,0.0072866,2.4173e-05
3d6.(3H).4p,z 2G*,3.5,8.0,7.726998,3d6.(3F2).4d,4F,4.5,10.0,13.007995,5.280996,234.77426,1300000.0,0.0013428,0.010742,3.5638e-05
3d6.(3H).4p,z 2G*,3.5,8.0,7.726998,3d6.(3F2).4d,4D,3.5,8.0,13.017582,5.290583,234.34882,31000000.0,0.025524,0.20419,0.0006774
3d6.(3H).4p,z 2G*,3.5,8.0,7.726998,3d6.(5D).5d,6G,3.5,8.0,13.026478,5.299479,233.95544,5000000.0,0.0041029,0.032824,0.00010889
3d6.(3H).4p,z 2G*,3.5,8.0,7.726998,3d6.(3H).4d,2G,3.5,8.0,13.033591,5.306593,233.6418,173000000.0,0.14158,1.1327,0.0037576
3d6.(3H).4p,z 2G*,3.5,8.0,7.726998,3d6.(5D).5d,4D,2.5,6.0,13.034183,5.307184,233.61578,15000000.0,0.0092048,0.073639,0.0002443
3d6.(3H).4p,z 2G*,3.5,8.0,7.726998,3d6.(3F2).4d,4G,4.5,10.0,13.03757,5.310571,233.46677,43000000.0,0.043923,0.35138,0.0011657
3d6.(3H).4p,z 2G*,3.5,8.0,7.726998,3d6.(5D).5d,4G,4.5,10.0,13.044511,5.317513,233.16201,10000000.0,0.010188,0.081503,0.00027039
3d6.(3H).4p,z 2G*,3.5,8.0,7.726998,3d6.(3F2).4d,4G,2.5,6.0,13.069693,5.342695,232.06303,5800000.0,0.0035121,0.028096,9.321e-05
3d6.(3H).4p,z 2G*,3.5,8.0,7.726998,3d6.(3F2).4d,2F,3.5,8.0,13.114493,5.387494,230.13333,21000000.0,0.016674,0.13339,0.00044253
3d6.(3H).4p,z 2G*,3.5,8.0,7.726998,3d6.(3H).4d,2H,4.5,10.0,13.144641,5.417643,228.85266,44000000.0,0.043185,0.34548,0.0011461
3d6.(3H).4p,z 2G*,3.5,8.0,7.726998,3d6.(3F2).4d,2H,4.5,10.0,13.154417,5.427419,228.44045,125000000.0,0.12224,0.97795,0.0032443
3d6.(3H).4p,z 2G*,3.5,8.0,7.726998,3d6.(3F2).4d,2F,2.5,6.0,13.168185,5.441186,227.86243,4300000.0,0.0025104,0.020083,6.6625e-05
3d6.(3H).4p,z 2G*,3.5,8.0,7.726998,3d6.(3F2).4d,4F,3.5,8.0,13.237449,5.510451,224.9983,5400000.0,0.0040984,0.032787,0.00010877
3d6.(3H).4p,z 2G*,3.5,8.0,7.726998,3d6.(5D).5d,4P,2.5,6.0,13.241101,5.514102,224.84929,4600000.0,0.0026149,0.02092,6.9401e-05
3d6.(3H).4p,z 2G*,3.5,8.0,7.726998,3d6.(3F2).4d,2D,2.5,6.0,13.316872,5.589874,221.80143,5000000.0,0.0027658,0.022126,7.3404e-05
3d6.(3H).4p,z 2G*,3.5,8.0,7.726998,3d6.(3G).4d,4D,3.5,8.0,13.43559,5.708592,217.18876,900000.0,0.00063647,0.0050917,1.6892e-05
3d6.(3H).4p,z 2G*,3.5,8.0,7.726998,3d6.(3G).4d,4I,4.5,10.0,13.505479,5.77848,214.56195,6100000.0,0.0052627,0.042101,0.00013967
3d6.(3H).4p,z 2G*,3.5,8.0,7.726998,3d6.(3G).4d,2G,3.5,8.0,13.626052,5.899054,210.17642,54000000.0,0.035762,0.2861,0.00094912
3d6.(3H).4p,z 2G*,3.5,8.0,7.726998,3d6.(3G).4d,2H,4.5,10.0,13.639292,5.912294,209.70575,10000000.0,0.0082412,0.06593,0.00021872
3d6.(3H).4p,z 2G*,3.5,8.0,7.726998,3d6.(3G).4d,2F,3.5,8.0,13.708972,5.981973,207.26305,4300000.0,0.0027693,0.022154,7.3498e-05
3d6.(3H).4p,z 2I*,5.5,12.0,7.769129,3d6.(3H).5s,e 4H,4.5,10.0,12.205675,4.436546,279.46108,2600000.0,0.0025368,0.030442,6.7328e-05
3d6.(3H).4p,z 2I*,5.5,12.0,7.769129,3d6.(3F2).5s,f 4F,4.5,10.0,12.345509,4.57638,270.92201,23000000.0,0.021091,0.25309,0.00055975
3d6.(3H).4p,z 2I*,5.5,12.0,7.769129,3d6.(3H).4d,4I,6.5,14.0,12.902374,5.133245,241.53182,2800000.0,0.002857,0.034284,7.5825e-05
3d6.(3H).4p,z 2I*,5.5,12.0,7.769129,3d6.(3H).4d,2K,6.5,14.0,12.933458,5.164329,240.07805,460000000.0,0.46373,5.5648,0.012308
3d6.(3H).4p,z 2I*,5.5,12.0,7.769129,3d6.(3H).4d,2I,6.5,14.0,12.971513,5.202384,238.32189,129000000.0,0.12815,1.5378,0.0034011
3d6.(3H).4p,z 2I*,5.5,12.0,7.769129,3d6.(3H).4d,2I,5.5,12.0,12.989261,5.220132,237.5116,210000000.0,0.1776,2.1312,0.0047136
3d6.(3H).4p,z 2I*,5.5,12.0,7.769129,3d6.(3F2).4d,2H,4.5,10.0,13.154417,5.385288,230.22761,21000000.0,0.013906,0.16688,0.00036907
3d6.(3H).4p,z 2I*,5.5,12.0,7.769129,3d6.(3H).4d,4F,4.5,10.0,13.231865,5.462736,226.96357,6100000.0,0.0039257,0.047109,0.00010419
3d6.(3H).4p,z 2I*,5.5,12.0,7.769129,3d6.(3F2).4d,2G,4.5,10.0,13.256941,5.487812,225.92647,10000000.0,0.0063769,0.076523,0.00016924
3d6.(3H).4p,z 2I*,5.5,12.0,7.769129,3d6.(3G).4d,2I,5.5,12.0,13.562617,5.793487,214.00616,3200000.0,0.0021972,0.026366,5.8313e-05
3d6.(3P2).4p,y 4D*,2.5,6.0,7.772554,3d6.(5D).5s,e 4D,3.5,8.0,9.849242,2.076688,597.02842,100000.0,0.00071251,0.004275,1.891e-05
3d6.(3P2).4p,y 4D*,2.5,6.0,7.772554,3d6.(5D).5s,e 4D,2.5,6.0,9.904542,2.131989,581.54247,470000.0,0.002383,0.014298,6.3244e-05
3d6.(3P2).4p,y 4D*,2.5,6.0,7.772554,3d6.(5D).5s,e 4D,1.5,4.0,9.940806,2.168252,571.81639,430000.0,0.0014052,0.0084314,3.7295e-05
3d6.(3P2).4p,y 4D*,2.5,6.0,7.772554,3d6.(3P2).5s,4P,2.5,6.0,12.089379,4.316825,287.21156,8000000.0,0.0098936,0.059361,0.00026258
3d6.(3P2).4p,y 4D*,2.5,6.0,7.772554,3d6.(3P2).5s,4P,1.5,4.0,12.164657,4.392103,282.28889,35000000.0,0.027876,0.16725,0.00073982
3d6.(3P2).4p,y 4D*,2.5,6.0,7.772554,3d6.(3P2).5s,2P,1.5,4.0,12.282924,4.51037,274.88695,131000000.0,0.098935,0.59361,0.0026257
3d6.(3P2).4p,y 4D*,2.5,6.0,7.772554,3d6.(3F2).5s,f 4F,2.5,6.0,12.376605,4.604051,269.29371,6300000.0,0.0068494,0.041096,0.00018178
3d6.(3P2).4p,y 4D*,2.5,6.0,7.772554,3d6.(3F2).5s,e 2F,3.5,8.0,12.459423,4.686869,264.53521,2300000.0,0.0032173,0.019304,8.5387e-05
3d6.(3P2).4p,y 4D*,2.5,6.0,7.772554,3d6.(3P2).4d,4D,2.5,6.0,12.770702,4.998148,248.06026,8000000.0,0.0073801,0.044281,0.00019587
3d6.(3P2).4p,y 4D*,2.5,6.0,7.772554,3d6.(3P2).4d,4D,3.5,8.0,12.783124,5.01057,247.44528,14000000.0,0.017135,0.10281,0.00045476
3d6.(3P2).4p,y 4D*,2.5,6.0,7.772554,3d6.(5D).5d,6P,3.5,8.0,12.894457,5.121903,242.06665,20000000.0,0.023426,0.14056,0.00062173
3d6.(3P2).4p,y 4D*,2.5,6.0,7.772554,3d6.(5D).5d,4F,2.5,6.0,12.897322,5.124769,241.93131,10000000.0,0.0087749,0.05265,0.00023289
3d6.(3P2).4p,y 4D*,2.5,6.0,7.772554,3d6.(3P2).4d,4F,3.5,8.0,12.907739,5.135186,241.44054,97000000.0,0.11303,0.67817,0.0029998
3d6.(3P2).4p,y 4D*,2.5,6.0,7.772554,3d6.(3H).4d,2F,3.5,8.0,12.954068,5.181514,239.28178,222000000.0,0.25408,1.5245,0.0067433
3d6.(3P2).4p,y 4D*,2.5,6.0,7.772554,3d6.(3H).4d,4F,2.5,6.0,12.957224,5.18467,239.13614,9000000.0,0.007716,0.046296,0.00020478
3d6.(3P2).4p,y 4D*,2.5,6.0,7.772554,3d6.(3P2).4d,4F,2.5,6.0,12.964932,5.192378,238.78115,60000000.0,0.051287,0.30772,0.0013612
3d6.(3P2).4p,y 4D*,2.5,6.0,7.772554,3d6.(5D).5d,4D,3.5,8.0,13.002624,5.23007,237.06031,25000000.0,0.028084,0.1685,0.00074534
3d6.(3P2).4p,y 4D*,2.5,6.0,7.772554,3d6.(3F2).4d,4D,3.5,8.0,13.017582,5.245028,236.38424,34000000.0,0.037976,0.22786,0.0010079
3d6.(3P2).4p,y 4D*,2.5,6.0,7.772554,3d6.(3H).4d,2G,3.5,8.0,13.033591,5.261038,235.66491,26000000.0,0.028864,0.17319,0.00076606
3d6.(3P2).4p,y 4D*,2.5,6.0,7.772554,3d6.(5D).5d,4D,2.5,6.0,13.034183,5.261629,235.63843,7400000.0,0.00616,0.03696,0.00016349
3d6.(3P2).4p,y 4D*,2.5,6.0,7.772554,3d6.(3P2).4d,4P,2.5,6.0,13.047384,5.27483,235.04872,1800000.0,0.0014909,0.0089454,3.9568e-05
3d6.(3P2).4p,y 4D*,2.5,6.0,7.772554,3d6.(3P2).4d,2D,2.5,6.0,13.04795,5.275396,235.02348,10000000.0,0.008281,0.049686,0.00021978
3d6.(3P2).4p,y 4D*,2.5,6.0,7.772554,3d6.(3F2).4d,4D,2.5,6.0,13.065383,5.29283,234.24936,39000000.0,0.032083,0.1925,0.00085149
3d6.(3P2).4p,y 4D*,2.5,6.0,7.772554,3d6.(3F2).4d,4F,1.5,4.0,13.082582,5.310029,233.49065,6600000.0,0.0035963,0.021578,9.5445e-05
3d6.(3P2).4p,y 4D*,2.5,6.0,7.772554,3d6.(3F2).4d,4F,3.5,8.0,13.237449,5.464895,226.87389,20000000.0,0.020578,0.12347,0.00054613
3d6.(3P2).4p,y 4D*,2.5,6.0,7.772554,3d6.(3F2).4d,2G,3.5,8.0,13.253957,5.481403,226.19062,22000000.0,0.022499,0.135,0.00059713
3d6.(3P2).4p,y 4D*,2.5,6.0,7.772554,3d6.(3F2).4d,2P,1.5,4.0,13.403428,5.630874,220.18641,17000000.0,0.0082376,0.049425,0.00021862
3d6.(3P2).4p,y 4D*,0.5,2.0,7.789812,3d6.(5D).5s,e 4D,0.5,2.0,9.961642,2.17183,570.87438,460000.0,0.0022475,0.004495,5.9648e-05
3d6.(3P2).4p,y 4D*,0.5,2.0,7.789812,3d6.(3P2).5s,4P,1.5,4.0,12.164657,4.374845,283.40248,2300000.0,0.0055389,0.011078,0.000147
3d6.(3P2).4p,y 4D*,0.5,2.0,7.789812,3d6.(3P2).5s,4P,0.5,2.0,12.281514,4.491702,276.02945,110000000.0,0.12565,0.2513,0.0033348
3d6.(3P2).4p,y 4D*,0.5,2.0,7.789812,3d6.(3H).4d,4F,1.5,4.0,12.917837,5.128025,241.77768,32000000.0,0.056088,0.11218,0.0014886
3d6.(3P2).4p,y 4D*,0.5,2.0,7.789812,3d6.(3P2).4d,4F,1.5,4.0,12.96539,5.175578,239.55623,240000000.0,0.41297,0.82593,0.01096
3d6.(3P2).4p,y 4D*,0.5,2.0,7.789812,3d6.(5D).5d,6F,1.5,4.0,12.97252,5.182708,239.22668,23000000.0,0.039467,0.078934,0.0010475
3d6.(3P2).4p,y 4D*,0.5,2.0,7.789812,3d6.(3F2).4d,4P,1.5,4.0,12.998502,5.20869,238.03336,19000000.0,0.032279,0.064558,0.00085668
3d6.(3P2).4p,y 4D*,0.5,2.0,7.789812,3d6.(5D).5d,4D,1.5,4.0,13.046893,5.257081,235.84227,10000000.0,0.016678,0.033355,0.00044262
3d6.(3P2).4p,y 4D*,0.5,2.0,7.789812,3d6.(3F2).4d,4D,1.5,4.0,13.075402,5.28559,234.57019,32000000.0,0.052794,0.10559,0.0014012
3d6.(3P2).4p,y 4D*,0.5,2.0,7.789812,3d6.(3F2).4d,4F,1.5,4.0,13.082582,5.29277,234.25199,90000000.0,0.14808,0.29616,0.0039301
3d6.(3P2).4p,y 4D*,0.5,2.0,7.789812,3d6.(5D).5d,4F,1.5,4.0,13.247296,5.457484,227.18197,37000000.0,0.057258,0.11452,0.0015196
3d6.(3P2).4p,y 4D*,0.5,2.0,7.789812,3d6.(5D).5d,4P,1.5,4.0,13.274486,5.484674,226.05573,1700000.0,0.0026048,0.0052095,6.9131e-05
3d6.(3F2).4p,x 4D*,3.5,8.0,7.804191,3d6.(5D).5s,e 4D,3.5,8.0,9.849242,2.045051,606.26449,460000.0,0.0025348,0.020278,6.7273e-05
3d6.(3F2).4p,x 4D*,3.5,8.0,7.804191,3d6.(5D).5s,e 4D,2.5,6.0,9.904542,2.100352,590.30211,270000.0,0.0010579,0.008463,2.8076e-05
3d6.(3F2).4p,x 4D*,3.5,8.0,7.804191,3d6.(5D).4d,f 4D,3.5,8.0,10.499632,2.695441,459.97736,1100000.0,0.0034892,0.027914,9.2603e-05
3d6.(3F2).4p,x 4D*,3.5,8.0,7.804191,3d6.(3F2).5s,f 4F,4.5,10.0,12.345509,4.541318,273.0137,57000000.0,0.079618,0.63695,0.0021131
3d6.(3F2).4p,x 4D*,3.5,8.0,7.804191,3d6.(3F2).5s,f 4F,3.5,8.0,12.359781,4.55559,272.15838,37000000.0,0.041087,0.3287,0.0010904
3d6.(3F2).4p,x 4D*,3.5,8.0,7.804191,3d6.(3F2).5s,f 4F,2.5,6.0,12.376605,4.572414,271.15698,5900000.0,0.0048777,0.039022,0.00012945
3d6.(3F2).4p,x 4D*,3.5,8.0,7.804191,3d6.(3P2).4d,4D,3.5,8.0,12.783124,4.978933,249.0176,1100000.0,0.0010226,0.0081809,2.714e-05
3d6.(3F2).4p,x 4D*,3.5,8.0,7.804191,3d6.(3H).4d,2F,2.5,6.0,12.920346,5.116155,242.33862,9000000.0,0.005943,0.047544,0.00015773
3d6.(3F2).4p,x 4D*,3.5,8.0,7.804191,3d6.(5D).5d,6F,2.5,6.0,12.947231,5.14304,241.07181,17000000.0,0.011109,0.088869,0.00029482
3d6.(3F2).4p,x 4D*,3.5,8.0,7.804191,3d6.(3H).4d,4F,2.5,6.0,12.957224,5.153033,240.60432,6000000.0,0.0039055,0.031244,0.00010365
3d6.(3F2).4p,x 4D*,3.5,8.0,7.804191,3d6.(3F2).4d,4P,2.5,6.0,12.985988,5.181797,239.26872,53000000.0,0.034117,0.27293,0.00090546
3d6.(3F2).4p,x 4D*,3.5,8.0,7.804191,3d6.(5D).5d,6D,2.5,6.0,12.997036,5.192845,238.75968,18000000.0,0.011538,0.092301,0.00030621
3d6.(3F2).4p,x 4D*,3.5,8.0,7.804191,3d6.(5D).5d,6G,4.5,10.0,13.00204,5.197849,238.52983,8000000.0,0.0085299,0.068239,0.00022638
3d6.(3F2).4p,x 4D*,3.5,8.0,7.804191,3d6.(3F2).4d,4D,3.5,8.0,13.017582,5.213391,237.81872,88000000.0,0.074616,0.59693,0.0019803
3d6.(3F2).4p,x 4D*,3.5,8.0,7.804191,3d6.(3H).4d,2G,3.5,8.0,13.033591,5.229401,237.09065,58000000.0,0.048878,0.39103,0.0012972
3d6.(3F2).4p,x 4D*,3.5,8.0,7.804191,3d6.(5D).5d,4D,2.5,6.0,13.034183,5.229992,237.06385,80000000.0,0.050552,0.40442,0.0013417
3d6.(3F2).4p,x 4D*,3.5,8.0,7.804191,3d6.(3F2).4d,4G,4.5,10.0,13.03757,5.233379,236.91041,29000000.0,0.030503,0.24402,0.00080954
3d6.(3F2).4p,x 4D*,3.5,8.0,7.804191,3d6.(5D).5d,6G,2.5,6.0,13.043858,5.239667,236.62611,1000000.0,0.00062957,0.0050366,1.6709e-05
3d6.(3F2).4p,x 4D*,3.5,8.0,7.804191,3d6.(5D).5d,4G,4.5,10.0,13.044511,5.24032,236.5966,17000000.0,0.017833,0.14267,0.0004733
3d6.(3F2).4p,x 4D*,3.5,8.0,7.804191,3d6.(3H).4d,4F,3.5,8.0,13.045693,5.241502,236.54326,161000000.0,0.13505,1.0804,0.0035843
3d6.(3F2).4p,x 4D*,3.5,8.0,7.804191,3d6.(3F2).4d,4H,4.5,10.0,13.083368,5.279177,234.85515,3600000.0,0.0037211,0.029769,9.8758e-05
3d6.(3F2).4p,x 4D*,3.5,8.0,7.804191,3d6.(3F2).4d,2F,3.5,8.0,13.114493,5.310302,233.47863,7500000.0,0.0061294,0.049035,0.00016267
3d6.(3F2).4p,x 4D*,3.5,8.0,7.804191,3d6.(3H).4d,4F,4.5,10.0,13.231865,5.427674,228.42971,50000000.0,0.048893,0.39114,0.0012976
3d6.(3F2).4p,x 4D*,3.5,8.0,7.804191,3d6.(3F2).4d,4F,3.5,8.0,13.237449,5.433258,228.19494,1800000.0,0.0014052,0.011242,3.7295e-05
3d6.(3F2).4p,x 4D*,3.5,8.0,7.804191,3d6.(5D).5d,4P,2.5,6.0,13.241101,5.43691,228.04167,148000000.0,0.086539,0.69231,0.0022967
3d6.(3F2).4p,x 4D*,3.5,8.0,7.804191,3d6.(3F2).4d,4F,2.5,6.0,13.249791,5.4456,227.67776,69000000.0,0.040217,0.32174,0.0010674
3d6.(3F2).4p,x 4D*,3.5,8.0,7.804191,3d6.(3F2).4d,2D,2.5,6.0,13.316872,5.512681,224.90725,7400000.0,0.0042088,0.03367,0.0001117
3d6.(3F2).4p,x 4D*,3.5,8.0,7.804191,3d6.(3G).4d,4D,3.5,8.0,13.43559,5.631399,220.16588,6100000.0,0.0044329,0.035463,0.00011765
3d6.(3F2).4p,x 4D*,3.5,8.0,7.804191,3d6.(3D).5s,4D,3.5,8.0,13.490065,5.685874,218.05654,11000000.0,0.0078413,0.062731,0.00020811
3d6.(3F2).4p,x 4D*,3.5,8.0,7.804191,3d6.(3G).4d,2G,3.5,8.0,13.626052,5.821861,212.96316,4300000.0,0.0029237,0.02339,7.7596e-05
3d6.(3P2).4p,y 4D*,1.5,4.0,7.80632,3d6.(5D).5s,e 4D,2.5,6.0,9.904542,2.098223,590.90104,160000.0,0.0012563,0.0050253,3.3343e-05
3d6.(3P2).4p,y 4D*,1.5,4.0,7.80632,3d6.(5D).5s,e 4D,1.5,4.0,9.940806,2.134486,580.86211,320000.0,0.0016187,0.0064746,4.2959e-05
3d6.(3P2).4p,y 4D*,1.5,4.0,7.80632,3d6.(5D).5s,e 4D,0.5,2.0,9.961642,2.155322,575.24675,440000.0,0.0010914,0.0043657,2.8966e-05
3d6.(3P2).4p,y 4D*,1.5,4.0,7.80632,3d6.(3P2).5s,4P,1.5,4.0,12.164657,4.358337,284.47591,4400000.0,0.0053383,0.021353,0.00014168
3d6.(3P2).4p,y 4D*,1.5,4.0,7.80632,3d6.(3P2).5s,2P,1.5,4.0,12.282924,4.476604,276.96036,40000000.0,0.046,0.184,0.0012208
3d6.(3P2).4p,y 4D*,1.5,4.0,7.80632,3d6.(3F2).5s,f 4F,1.5,4.0,12.388323,4.582003,270.58951,2700000.0,0.0029638,0.011855,7.8659e-05
3d6.(3P2).4p,y 4D*,1.5,4.0,7.80632,3d6.(3P2).5s,2P,0.5,2.0,12.388708,4.582388,270.56676,64000000.0,0.03512,0.14048,0.00093209
3d6.(3P2).4p,y 4D*,1.5,4.0,7.80632,3d6.(3F2).5s,e 2F,2.5,6.0,12.491386,4.685067,264.63701,4200000.0,0.0066146,0.026458,0.00017555
3d6.(3P2).4p,y 4D*,1.5,4.0,7.80632,3d6.(5D).5d,4F,2.5,6.0,12.897322,5.091003,243.53591,25000000.0,0.033344,0.13338,0.00088495
3d6.(3P2).4p,y 4D*,1.5,4.0,7.80632,3d6.(3H).4d,2F,2.5,6.0,12.920346,5.114026,242.43951,4100000.0,0.0054193,0.021677,0.00014383
3d6.(3P2).4p,y 4D*,1.5,4.0,7.80632,3d6.(5D).5d,6F,2.5,6.0,12.947231,5.140911,241.17164,87000000.0,0.11379,0.45518,0.0030201
3d6.(3P2).4p,y 4D*,1.5,4.0,7.80632,3d6.(3H).4d,4F,2.5,6.0,12.957224,5.150904,240.70376,3400000.0,0.0044299,0.01772,0.00011757
3d6.(3P2).4p,y 4D*,1.5,4.0,7.80632,3d6.(3P2).4d,4F,2.5,6.0,12.964932,5.158612,240.34411,136000000.0,0.17667,0.70667,0.0046888
3d6.(3P2).4p,y 4D*,1.5,4.0,7.80632,3d6.(3P2).4d,4F,1.5,4.0,12.96539,5.15907,240.32275,19000000.0,0.016451,0.065806,0.00043662
3d6.(3P2).4p,y 4D*,1.5,4.0,7.80632,3d6.(3P2).4d,2P,0.5,2.0,12.985666,5.179347,239.38193,3400000.0,0.0014605,0.0058419,3.8761e-05
3d6.(3P2).4p,y 4D*,1.5,4.0,7.80632,3d6.(3F2).4d,4P,2.5,6.0,12.985988,5.179668,239.36707,15000000.0,0.019327,0.077309,0.00051295
3d6.(3P2).4p,y 4D*,1.5,4.0,7.80632,3d6.(5D).5d,6D,2.5,6.0,12.997036,5.190716,238.8576,4600000.0,0.0059018,0.023607,0.00015663
3d6.(3P2).4p,y 4D*,1.5,4.0,7.80632,3d6.(5D).5d,4D,2.5,6.0,13.034183,5.227863,237.16039,19000000.0,0.024032,0.096128,0.00063781
3d6.(3P2).4p,y 4D*,1.5,4.0,7.80632,3d6.(3P2).4d,4P,2.5,6.0,13.047384,5.241064,236.56304,120000000.0,0.15102,0.60407,0.004008
3d6.(3P2).4p,y 4D*,1.5,4.0,7.80632,3d6.(3P2).4d,2D,2.5,6.0,13.04795,5.24163,236.53747,1800000.0,0.0022648,0.0090591,6.0107e-05
3d6.(3P2).4p,y 4D*,1.5,4.0,7.80632,3d6.(3F2).4d,4D,2.5,6.0,13.065383,5.259064,235.75337,14000000.0,0.017498,0.069993,0.0004644
3d6.(3P2).4p,y 4D*,1.5,4.0,7.80632,3d6.(5D).5d,4P,2.5,6.0,13.241101,5.434781,228.131,5300000.0,0.0062029,0.024812,0.00016463
3d6.(3P2).4p,y 4D*,1.5,4.0,7.80632,3d6.(5D).5d,4F,1.5,4.0,13.247296,5.440976,227.87123,5000000.0,0.0038923,0.015569,0.0001033
3d6.(3P2).4p,y 4D*,1.5,4.0,7.80632,3d6.(3F2).4d,4F,2.5,6.0,13.249791,5.443471,227.7668,35000000.0,0.040832,0.16333,0.0010837
3d6.(3F2).4p,x 4D*,2.5,6.0,7.84485,3d6.(5D).5s,e 4D,2.5,6.0,9.904542,2.059693,601.95484,310000.0,0.001684,0.010104,4.4694e-05
3d6.(3F2).4p,x 4D*,2.5,6.0,7.84485,3d6.(5D).5s,e 4D,1.5,4.0,9.940806,2.095956,591.54011,410000.0,0.0014339,0.0086034,3.8056e-05
3d6.(3F2).4p,x 4D*,2.5,6.0,7.84485,3d6.(5D).4d,f 4D,2.5,6.0,10.522652,2.677802,463.00732,1000000.0,0.0032139,0.019284,8.5297e-05
3d6.(3F2).4p,x 4D*,2.5,6.0,7.84485,3d6.(3F2).5s,f 4F,3.5,8.0,12.359781,4.514931,274.60929,53000000.0,0.079892,0.47935,0.0021203
3d6.(3F2).4p,x 4D*,2.5,6.0,7.84485,3d6.(3F2).5s,f 4F,2.5,6.0,12.376605,4.531755,273.5898,40000000.0,0.044887,0.26932,0.0011913
3d6.(3F2).4p,x 4D*,2.5,6.0,7.84485,3d6.(3F2).5s,e 2F,2.5,6.0,12.491386,4.646536,266.83143,2600000.0,0.0027753,0.016652,7.3656e-05
3d6.(3F2).4p,x 4D*,2.5,6.0,7.84485,3d6.(5D).5d,6F,1.5,4.0,12.97252,5.12767,241.79441,6300000.0,0.0036813,0.022088,9.7702e-05
3d6.(3F2).4p,x 4D*,2.5,6.0,7.84485,3d6.(5D).5d,6D,2.5,6.0,12.997036,5.152186,240.64387,1100000.0,0.000955,0.00573,2.5346e-05
3d6.(3F2).4p,x 4D*,2.5,6.0,7.84485,3d6.(3F2).4d,4P,1.5,4.0,12.998502,5.153652,240.5754,62000000.0,0.035864,0.21519,0.00095184
3d6.(3F2).4p,x 4D*,2.5,6.0,7.84485,3d6.(5D).5d,6P,1.5,4.0,13.001365,5.156515,240.44184,1700000.0,0.00098228,0.0058937,2.607e-05
3d6.(3F2).4p,x 4D*,2.5,6.0,7.84485,3d6.(5D).5d,4D,3.5,8.0,13.002624,5.157774,240.38316,5500000.0,0.0063529,0.038117,0.0001686
3d6.(3F2).4p,x 4D*,2.5,6.0,7.84485,3d6.(3H).4d,2G,3.5,8.0,13.033591,5.188742,238.94849,4300000.0,0.0049077,0.029446,0.00013025
3d6.(3F2).4p,x 4D*,2.5,6.0,7.84485,3d6.(5D).5d,6G,2.5,6.0,13.043858,5.199008,238.47664,2300000.0,0.001961,0.011766,5.2045e-05
3d6.(3F2).4p,x 4D*,2.5,6.0,7.84485,3d6.(3H).4d,4F,3.5,8.0,13.045693,5.200843,238.39249,154000000.0,0.17495,1.0497,0.0046431
3d6.(3F2).4p,x 4D*,2.5,6.0,7.84485,3d6.(5D).5d,4D,1.5,4.0,13.046893,5.202044,238.33749,38000000.0,0.021574,0.12945,0.00057258
3d6.(3F2).4p,x 4D*,2.5,6.0,7.84485,3d6.(3P2).4d,4P,2.5,6.0,13.047384,5.202534,238.31503,34000000.0,0.02895,0.1737,0.00076832
3d6.(3F2).4p,x 4D*,2.5,6.0,7.84485,3d6.(3P2).4d,2D,2.5,6.0,13.04795,5.2031,238.28908,150000000.0,0.12769,0.76614,0.0033889
3d6.(3F2).4p,x 4D*,2.5,6.0,7.84485,3d6.(3F2).4d,4G,3.5,8.0,13.054422,5.209572,237.99305,31000000.0,0.035099,0.21059,0.00093151
3d6.(3F2).4p,x 4D*,2.5,6.0,7.84485,3d6.(3F2).4d,4D,2.5,6.0,13.065383,5.220534,237.49334,98000000.0,0.082868,0.49721,0.0021993
3d6.(3F2).4p,x 4D*,2.5,6.0,7.84485,3d6.(5D).5d,4G,3.5,8.0,13.074079,5.229229,237.09843,5300000.0,0.0059557,0.035734,0.00015806
3d6.(3F2).4p,x 4D*,2.5,6.0,7.84485,3d6.(3F2).4d,4D,1.5,4.0,13.075402,5.230553,237.03843,38000000.0,0.02134,0.12804,0.00056636
3d6.(3F2).4p,x 4D*,2.5,6.0,7.84485,3d6.(3F2).4d,2F,3.5,8.0,13.114493,5.269643,235.28008,14000000.0,0.015492,0.09295,0.00041115
3d6.(3F2).4p,x 4D*,2.5,6.0,7.84485,3d6.(3F2).4d,4F,3.5,8.0,13.237449,5.392599,229.91548,29000000.0,0.030643,0.18386,0.00081327
3d6.(3F2).4p,x 4D*,2.5,6.0,7.84485,3d6.(5D).5d,4P,2.5,6.0,13.241101,5.396251,229.75989,52000000.0,0.041154,0.24692,0.0010922
3d6.(3F2).4p,x 4D*,2.5,6.0,7.84485,3d6.(3F2).4d,4F,2.5,6.0,13.249791,5.404941,229.39048,3300000.0,0.0026033,0.01562,6.9092e-05
3d6.(3F2).4p,x 4D*,2.5,6.0,7.84485,3d6.(5D).5d,4P,1.5,4.0,13.274486,5.429636,228.34715,186000000.0,0.096933,0.5816,0.0025726
3d6.(3F2).4p,x 4D*,2.5,6.0,7.84485,3d6.(3F2).4d,2P,1.5,4.0,13.403428,5.558578,223.0502,3200000.0,0.0015912,0.0095472,4.223e-05
3d6.(3F2).4p,x 4D*,2.5,6.0,7.84485,3d6.(3G).4d,4G,3.5,8.0,13.45695,5.6121,220.92299,1900000.0,0.0018537,0.011122,4.9197e-05
3d6.(3F2).4p,x 4D*,2.5,6.0,7.84485,3d6.(3G).4d,4D,2.5,6.0,13.469947,5.625097,220.41254,7000000.0,0.0050984,0.03059,0.00013531
3d6.(3F2).4p,x 4D*,2.5,6.0,7.84485,3d6.(3G).4d,4D,1.5,4.0,13.496856,5.652006,219.36316,4200000.0,0.00202,0.01212,5.361e-05
3d6.(3F2).4p,x 4D*,1.5,4.0,7.868674,3d6.(5D).5s,e 4D,2.5,6.0,9.904542,2.035869,608.99899,190000.0,0.0015847,0.0063387,4.2057e-05
3d6.(3F2).4p,x 4D*,1.5,4.0,7.868674,3d6.(5D).5s,e 4D,1.5,4.0,9.940806,2.072132,598.34125,280000.0,0.0015028,0.0060114,3.9886e-05
3d6.(3F2).4p,x 4D*,1.5,4.0,7.868674,3d6.(5D).5s,e 4D,0.5,2.0,9.961642,2.092968,592.38459,600000.0,0.0015783,0.0063132,4.1888e-05
3d6.(3F2).4p,x 4D*,1.5,4.0,7.868674,3d6.(5D).5d,6D,0.5,2.0,12.98823,5.119557,242.17761,2500000.0,0.0010991,0.0043964,2.917e-05
3d6.(3F2).4p,x 4D*,1.5,4.0,7.868674,3d6.(3F2).4d,4P,1.5,4.0,12.998502,5.129828,241.69269,23000000.0,0.020143,0.08057,0.00053458
3d6.(3F2).4p,x 4D*,1.5,4.0,7.868674,3d6.(3F2).4d,4P,0.5,2.0,13.029036,5.160362,240.26258,80000000.0,0.034617,0.13847,0.00091874
3d6.(3F2).4p,x 4D*,1.5,4.0,7.868674,3d6.(5D).5d,6G,2.5,6.0,13.043858,5.175184,239.57447,1600000.0,0.0020652,0.0082606,5.4809e-05
3d6.(3F2).4p,x 4D*,1.5,4.0,7.868674,3d6.(3P2).4d,2D,2.5,6.0,13.04795,5.179276,239.38518,900000.0,0.0011598,0.0046393,3.0781e-05
3d6.(3F2).4p,x 4D*,1.5,4.0,7.868674,3d6.(3P2).4d,2P,1.5,4.0,13.057693,5.18902,238.93569,51000000.0,0.043651,0.1746,0.0011585
3d6.(3F2).4p,x 4D*,1.5,4.0,7.868674,3d6.(3F2).4d,4D,2.5,6.0,13.065383,5.19671,238.58211,99000000.0,0.12672,0.5069,0.0033633
3d6.(3F2).4p,x 4D*,1.5,4.0,7.868674,3d6.(3F2).4d,4G,2.5,6.0,13.069693,5.20102,238.38441,93000000.0,0.11885,0.47539,0.0031542
3d6.(3F2).4p,x 4D*,1.5,4.0,7.868674,3d6.(3F2).4d,4D,1.5,4.0,13.075402,5.206729,238.12302,145000000.0,0.12326,0.49305,0.0032714
3d6.(3F2).4p,x 4D*,1.5,4.0,7.868674,3d6.(5D).5d,4P,2.5,6.0,13.241101,5.372427,230.77876,22000000.0,0.026349,0.1054,0.0006993
3d6.(3F2).4p,x 4D*,1.5,4.0,7.868674,3d6.(3F2).4d,4F,2.5,6.0,13.249791,5.381117,230.40606,12000000.0,0.014326,0.057303,0.00038021
3d6.(3F2).4p,x 4D*,1.5,4.0,7.868674,3d6.(5D).5d,4P,1.5,4.0,13.274486,5.405812,229.3535,100000000.0,0.078862,0.31545,0.002093
3d6.(3F2).4p,x 4D*,1.5,4.0,7.868674,3d6.(5D).5d,4P,0.5,2.0,13.288142,5.419468,228.77558,170000000.0,0.066696,0.26678,0.0017701
3d6.(3F2).4p,x 4D*,1.5,4.0,7.868674,3d6.(3G).4d,4D,2.5,6.0,13.469947,5.601273,221.35002,3500000.0,0.0038564,0.015425,0.00010235
3d6.(3F2).4p,x 4D*,1.5,4.0,7.868674,3d6.(3D).5s,4D,1.5,4.0,13.472408,5.603734,221.25281,7100000.0,0.0052107,0.020843,0.00013829
3d6.(3F2).4p,x 4D*,0.5,2.0,7.880373,3d6.(5D).5s,e 4D,1.5,4.0,9.940806,2.060432,601.73876,270000.0,0.0029314,0.0058627,7.7798e-05
3d6.(3F2).4p,x 4D*,0.5,2.0,7.880373,3d6.(5D).5s,e 4D,0.5,2.0,9.961642,2.081268,595.71461,500000.0,0.0026601,0.0053203,7.06e-05
3d6.(3F2).4p,x 4D*,0.5,2.0,7.880373,3d6.(3P2).4d,4F,1.5,4.0,12.96539,5.085017,243.82259,9000000.0,0.016043,0.032086,0.00042578
3d6.(3F2).4p,x 4D*,0.5,2.0,7.880373,3d6.(3F2).4d,4P,0.5,2.0,13.029036,5.148663,240.80854,54000000.0,0.046946,0.093892,0.0012459
3d6.(3F2).4p,x 4D*,0.5,2.0,7.880373,3d6.(5D).5d,4D,1.5,4.0,13.046893,5.16652,239.97623,3200000.0,0.0055256,0.011051,0.00014665
3d6.(3F2).4p,x 4D*,0.5,2.0,7.880373,3d6.(3P2).4d,2P,1.5,4.0,13.057693,5.17732,239.47563,59000000.0,0.10145,0.20291,0.0026926
3d6.(3F2).4p,x 4D*,0.5,2.0,7.880373,3d6.(3F2).4d,4D,1.5,4.0,13.075402,5.195029,238.6593,1300000.0,0.0022202,0.0044404,5.8924e-05
3d6.(3F2).4p,x 4D*,0.5,2.0,7.880373,3d6.(3F2).4d,4D,0.5,2.0,13.077596,5.197223,238.55857,210000000.0,0.17917,0.35834,0.0047552
3d6.(3F2).4p,x 4D*,0.5,2.0,7.880373,3d6.(3F2).4d,4F,1.5,4.0,13.082582,5.202209,238.32991,80000000.0,0.13625,0.2725,0.0036161
3d6.(3F2).4p,x 4D*,0.5,2.0,7.880373,3d6.(5D).5d,4F,1.5,4.0,13.247296,5.366923,231.01544,30000000.0,0.048006,0.096011,0.0012741
3d6.(3F2).4p,x 4D*,0.5,2.0,7.880373,3d6.(5D).5d,4P,1.5,4.0,13.274486,5.394113,229.85096,11000000.0,0.017425,0.03485,0.00046246
3d6.(3F2).4p,x 4D*,0.5,2.0,7.880373,3d6.(5D).5d,4P,0.5,2.0,13.288142,5.407769,229.27053,170000000.0,0.13397,0.26794,0.0035555
3d6.(3F2).4p,y 4G*,5.5,12.0,7.919655,3d6.(5D).4d,e 4F,4.5,10.0,10.678058,2.758403,449.47814,900000.0,0.0022716,0.02726,6.0289e-05
3d6.(3F2).4p,y 4G*,5.5,12.0,7.919655,3d6.(3H).5s,e 4H,6.5,14.0,12.166586,4.246931,291.93832,26000000.0,0.038758,0.4651,0.0010286
3d6.(3F2).4p,y 4G*,5.5,12.0,7.919655,3d6.(3H).5s,e 4H,5.5,12.0,12.187015,4.26736,290.54072,5900000.0,0.0074666,0.0896,0.00019816
3d6.(3F2).4p,y 4G*,5.5,12.0,7.919655,3d6.(3F2).5s,f 4F,4.5,10.0,12.345509,4.425854,280.13623,93000000.0,0.09118,1.0942,0.0024199
3d6.(3F2).4p,y 4G*,5.5,12.0,7.919655,3d6.(3H).4d,4H,6.5,14.0,12.846942,4.927287,251.62771,9000000.0,0.009967,0.1196,0.00026452
3d6.(3F2).4p,y 4G*,5.5,12.0,7.919655,3d6.(5D).5d,4F,4.5,10.0,12.855063,4.935408,251.21366,42000000.0,0.033114,0.39737,0.00087885
3d6.(3F2).4p,y 4G*,5.5,12.0,7.919655,3d6.(3H).4d,4G,4.5,10.0,12.866007,4.946352,250.65787,1900000.0,0.0014914,0.017897,3.9582e-05
3d6.(3F2).4p,y 4G*,5.5,12.0,7.919655,3d6.(3H).4d,4I,6.5,14.0,12.902374,4.982719,248.8284,2200000.0,0.0023825,0.02859,6.3231e-05
3d6.(3F2).4p,y 4G*,5.5,12.0,7.919655,3d6.(5D).5d,6D,4.5,10.0,12.945397,5.025742,246.69828,1100000.0,0.00083638,0.010037,2.2198e-05
3d6.(3F2).4p,y 4G*,5.5,12.0,7.919655,3d6.(3H).4d,2I,5.5,12.0,12.989261,5.069606,244.56375,27000000.0,0.024211,0.29053,0.00064255
3d6.(3F2).4p,y 4G*,5.5,12.0,7.919655,3d6.(3F2).4d,4G,5.5,12.0,13.026221,5.106566,242.79367,199000000.0,0.17587,2.1104,0.0046675
3d6.(3F2).4p,y 4G*,5.5,12.0,7.919655,3d6.(3F2).4d,4G,4.5,10.0,13.03757,5.117915,242.2553,15000000.0,0.010998,0.13198,0.00029189
3d6.(3F2).4p,y 4G*,5.5,12.0,7.919655,3d6.(3F2).4d,4H,6.5,14.0,13.054157,5.134502,241.4727,470000000.0,0.47934,5.752,0.012722
3d6.(3F2).4p,y 4G*,5.5,12.0,7.919655,3d6.(3H).4d,4F,4.5,10.0,13.231865,5.31221,233.39477,47000000.0,0.031986,0.38383,0.00084891
3d6.(3F2).4p,y 4G*,5.5,12.0,7.919655,3d6.(3F2).4d,2G,4.5,10.0,13.256941,5.337286,232.29821,27000000.0,0.018203,0.21843,0.0004831
3d6.(3F2).4p,y 4G*,5.5,12.0,7.919655,3d6.(3G).4d,4H,6.5,14.0,13.406842,5.487187,225.9522,2100000.0,0.0018752,0.022503,4.9769e-05
3d6.(3F2).4p,y 4G*,4.5,10.0,7.928641,3d6.(5D).4d,e 4G,5.5,12.0,10.521718,2.593077,478.13537,60000.0,0.00024677,0.0024677,6.5493e-06
3d6.(3F2).4p,y 4G*,4.5,10.0,7.928641,3d6.(5D).4d,e 4F,3.5,8.0,10.714264,2.785623,445.08602,800000.0,0.0019008,0.019008,5.0446e-05
3d6.(3F2).4p,y 4G*,4.5,10.0,7.928641,3d6.(3H).5s,e 4H,5.5,12.0,12.187015,4.258374,291.15382,25000000.0,0.038126,0.38126,0.0010119
3d6.(3F2).4p,y 4G*,4.5,10.0,7.928641,3d6.(3H).5s,e 4H,4.5,10.0,12.205675,4.277034,289.88359,9000000.0,0.011338,0.11338,0.00030092
3d6.(3F2).4p,y 4G*,4.5,10.0,7.928641,3d6.(3H).5s,e 4H,3.5,8.0,12.220987,4.292346,288.84951,1400000.0,0.0014009,0.014009,3.7181e-05
3d6.(3F2).4p,y 4G*,4.5,10.0,7.928641,3d6.(3F2).5s,f 4F,3.5,8.0,12.359781,4.43114,279.80205,103000000.0,0.096714,0.96714,0.0025668
3d6.(3F2).4p,y 4G*,4.5,10.0,7.928641,3d6.(3H).4d,4H,5.5,12.0,12.863568,4.934927,251.23817,12000000.0,0.013627,0.13627,0.00036165
3d6.(3F2).4p,y 4G*,4.5,10.0,7.928641,3d6.(3H).4d,4G,4.5,10.0,12.866007,4.937366,251.11407,46000000.0,0.043487,0.43487,0.0011541
3d6.(3F2).4p,y 4G*,4.5,10.0,7.928641,3d6.(5D).5d,4F,3.5,8.0,12.871364,4.942723,250.8419,47000000.0,0.035469,0.35469,0.00094134
3d6.(3F2).4p,y 4G*,4.5,10.0,7.928641,3d6.(3P2).4d,4F,3.5,8.0,12.907739,4.979098,249.00934,9000000.0,0.006693,0.06693,0.00017763
3d6.(3F2).4p,y 4G*,4.5,10.0,7.928641,3d6.(3H).4d,4I,5.5,12.0,12.915965,4.987324,248.59864,4100000.0,0.0045585,0.045585,0.00012098
3d6.(3F2).4p,y 4G*,4.5,10.0,7.928641,3d6.(5D).5d,6F,3.5,8.0,12.941587,5.012946,247.32801,8000000.0,0.0058693,0.058693,0.00015577
3d6.(3F2).4p,y 4G*,4.5,10.0,7.928641,3d6.(5D).5d,6D,3.5,8.0,12.981817,5.053175,245.35898,600000.0,0.00043322,0.0043322,1.1498e-05
3d6.(3F2).4p,y 4G*,4.5,10.0,7.928641,3d6.(3F2).4d,4D,3.5,8.0,13.017582,5.088941,243.63459,900000.0,0.00064072,0.0064072,1.7005e-05
3d6.(3F2).4p,y 4G*,4.5,10.0,7.928641,3d6.(3F2).4d,4G,5.5,12.0,13.026221,5.09758,243.22167,4500000.0,0.0047891,0.047891,0.0001271
3d6.(3F2).4p,y 4G*,4.5,10.0,7.928641,3d6.(3H).4d,2G,3.5,8.0,13.033591,5.10495,242.87053,700000.0,0.00049522,0.0049522,1.3143e-05
3d6.(3F2).4p,y 4G*,4.5,10.0,7.928641,3d6.(3F2).4d,4G,4.5,10.0,13.03757,5.108929,242.6814,150000000.0,0.13244,1.3244,0.003515
3d6.(3F2).4p,y 4G*,4.5,10.0,7.928641,3d6.(5D).5d,4G,4.5,10.0,13.044511,5.11587,242.35212,31000000.0,0.027297,0.27297,0.00072446
3d6.(3F2).4p,y 4G*,4.5,10.0,7.928641,3d6.(3H).4d,4F,3.5,8.0,13.045693,5.117052,242.29615,2700000.0,0.0019011,0.019011,5.0455e-05
3d6.(3F2).4p,y 4G*,4.5,10.0,7.928641,3d6.(3F2).4d,4G,3.5,8.0,13.054422,5.125781,241.88353,18000000.0,0.012631,0.12631,0.00033522
3d6.(3F2).4p,y 4G*,4.5,10.0,7.928641,3d6.(3F2).4d,4H,5.5,12.0,13.067795,5.139154,241.2541,430000000.0,0.45026,4.5026,0.01195
3d6.(3F2).4p,y 4G*,4.5,10.0,7.928641,3d6.(3H).4d,2H,5.5,12.0,13.147993,5.219352,237.54713,4800000.0,0.0048728,0.048728,0.00012933
3d6.(3F2).4p,y 4G*,4.5,10.0,7.928641,3d6.(3H).4d,4F,4.5,10.0,13.231865,5.303224,233.79025,4900000.0,0.0040152,0.040152,0.00010656
3d6.(3F2).4p,y 4G*,4.5,10.0,7.928641,3d6.(3F2).4d,4F,3.5,8.0,13.237449,5.308808,233.54433,33000000.0,0.021587,0.21587,0.00057293
3d6.(3F2).4p,y 4G*,4.5,10.0,7.928641,3d6.(3F2).4d,2G,3.5,8.0,13.253957,5.325316,232.82036,34000000.0,0.022104,0.22104,0.00058664
3d6.(3F2).4p,y 4G*,4.5,10.0,7.928641,3d6.(3F2).4d,2G,4.5,10.0,13.256941,5.3283,232.68997,14000000.0,0.011364,0.11364,0.00030161
3d6.(3F2).4p,y 4G*,3.5,8.0,7.940059,3d6.(3H).5s,e 4H,4.5,10.0,12.205675,4.265617,290.65949,29000000.0,0.045913,0.3673,0.0012185
3d6.(3F2).4p,y 4G*,3.5,8.0,7.940059,3d6.(3H).5s,e 4H,3.5,8.0,12.220987,4.280928,289.61988,9000000.0,0.011318,0.090542,0.00030037
3d6.(3F2).4p,y 4G*,3.5,8.0,7.940059,3d6.(3F2).5s,f 4F,4.5,10.0,12.345509,4.40545,281.43366,500000.0,0.00074215,0.0059372,1.9697e-05
3d6.(3F2).4p,y 4G*,3.5,8.0,7.940059,3d6.(3F2).5s,f 4F,2.5,6.0,12.376605,4.436546,279.46107,94000000.0,0.082545,0.66036,0.0021907
3d6.(3F2).4p,y 4G*,3.5,8.0,7.940059,3d6.(3P2).4d,2F,2.5,6.0,12.844442,4.904383,252.80284,23000000.0,0.016528,0.13222,0.00043865
3d6.(3F2).4p,y 4G*,3.5,8.0,7.940059,3d6.(3G).5s,e 2G,4.5,10.0,12.845869,4.905811,252.72929,1300000.0,0.0015561,0.012448,4.1298e-05
3d6.(3F2).4p,y 4G*,3.5,8.0,7.940059,3d6.(5D).5d,4F,3.5,8.0,12.871364,4.931305,251.42267,2100000.0,0.0019902,0.015921,5.2819e-05
3d6.(3F2).4p,y 4G*,3.5,8.0,7.940059,3d6.(3H).4d,4H,4.5,10.0,12.878767,4.938708,251.04579,14000000.0,0.016535,0.13228,0.00043884
3d6.(3F2).4p,y 4G*,3.5,8.0,7.940059,3d6.(3H).4d,4G,3.5,8.0,12.884641,4.944582,250.74756,46000000.0,0.04336,0.34688,0.0011508
3d6.(3F2).4p,y 4G*,3.5,8.0,7.940059,3d6.(5D).5d,4F,2.5,6.0,12.897322,4.957264,250.1061,20000000.0,0.014067,0.11254,0.00037334
3d6.(3F2).4p,y 4G*,3.5,8.0,7.940059,3d6.(3H).4d,4G,2.5,6.0,12.89965,4.959591,249.98874,22000000.0,0.015459,0.12367,0.00041028
3d6.(3F2).4p,y 4G*,3.5,8.0,7.940059,3d6.(5D).5d,6P,2.5,6.0,12.909265,4.969206,249.50502,8000000.0,0.0055998,0.044798,0.00014862
3d6.(3F2).4p,y 4G*,3.5,8.0,7.940059,3d6.(3H).4d,2F,2.5,6.0,12.920346,4.980288,248.94988,13000000.0,0.0090592,0.072473,0.00024043
3d6.(3F2).4p,y 4G*,3.5,8.0,7.940059,3d6.(5D).5d,6F,3.5,8.0,12.941587,5.001529,247.8926,1700000.0,0.0015662,0.012529,4.1566e-05
3d6.(3F2).4p,y 4G*,3.5,8.0,7.940059,3d6.(3H).4d,2G,4.5,10.0,12.994438,5.05438,245.30051,800000.0,0.0009021,0.0072168,2.3942e-05
3d6.(3F2).4p,y 4G*,3.5,8.0,7.940059,3d6.(3F2).4d,4G,4.5,10.0,13.03757,5.097511,243.22496,1500000.0,0.0016629,0.013304,4.4134e-05
3d6.(3F2).4p,y 4G*,3.5,8.0,7.940059,3d6.(3P2).4d,4P,2.5,6.0,13.047384,5.107325,242.7576,11000000.0,0.0072889,0.058311,0.00019345
3d6.(3F2).4p,y 4G*,3.5,8.0,7.940059,3d6.(3P2).4d,2D,2.5,6.0,13.04795,5.107892,242.73068,1600000.0,0.00106,0.0084797,2.8131e-05
3d6.(3F2).4p,y 4G*,3.5,8.0,7.940059,3d6.(3F2).4d,4G,3.5,8.0,13.054422,5.114364,242.42352,151000000.0,0.13304,1.0643,0.0035309
3d6.(3F2).4p,y 4G*,3.5,8.0,7.940059,3d6.(3F2).4d,4D,2.5,6.0,13.065383,5.125325,241.90505,6600000.0,0.0043426,0.034741,0.00011525
3d6.(3F2).4p,y 4G*,3.5,8.0,7.940059,3d6.(5D).5d,4G,3.5,8.0,13.074079,5.13402,241.49534,10000000.0,0.0087433,0.069947,0.00023205
3d6.(3F2).4p,y 4G*,3.5,8.0,7.940059,3d6.(3F2).4d,4H,4.5,10.0,13.083368,5.14331,241.05917,374000000.0,0.40728,3.2582,0.010809
3d6.(3F2).4p,y 4G*,3.5,8.0,7.940059,3d6.(3F2).4d,2F,3.5,8.0,13.114493,5.174434,239.60919,13000000.0,0.011189,0.089516,0.00029697
3d6.(3F2).4p,y 4G*,3.5,8.0,7.940059,3d6.(3F2).4d,4F,3.5,8.0,13.237449,5.29739,234.04769,10000000.0,0.0082124,0.065699,0.00021796
3d6.(3F2).4p,y 4G*,3.5,8.0,7.940059,3d6.(5D).5d,4P,2.5,6.0,13.241101,5.301042,233.88646,15000000.0,0.0092262,0.073809,0.00024486
3d6.(3F2).4p,y 4G*,3.5,8.0,7.940059,3d6.(3F2).4d,4F,2.5,6.0,13.249791,5.309732,233.50367,41000000.0,0.025136,0.20109,0.0006671
3d6.(3F2).4p,y 4G*,3.5,8.0,7.940059,3d6.(3F2).4d,2G,3.5,8.0,13.253957,5.313899,233.3206,11000000.0,0.0089776,0.07182,0.00023826
3d6.(3F2).4p,y 4G*,3.5,8.0,7.940059,3d6.(3F2).4d,2D,2.5,6.0,13.316872,5.376814,230.59047,22000000.0,0.013153,0.10522,0.00034908
3d6.(3F2).4p,y 4G*,3.5,8.0,7.940059,3d6.(3G).4d,2G,3.5,8.0,13.626052,5.685994,218.05194,5800000.0,0.0041344,0.033075,0.00010973
3d6.(3F2).4p,y 4G*,2.5,6.0,7.945826,3d6.(3H).5s,e 4H,3.5,8.0,12.220987,4.275161,290.01059,38000000.0,0.063887,0.38332,0.0016955
3d6.(3F2).4p,y 4G*,2.5,6.0,7.945826,3d6.(3F2).5s,f 4F,2.5,6.0,12.376605,4.430779,279.82483,2400000.0,0.0028174,0.016904,7.4773e-05
3d6.(3F2).4p,y 4G*,2.5,6.0,7.945826,3d6.(3F2).5s,f 4F,1.5,4.0,12.388323,4.442497,279.08674,90000000.0,0.070063,0.42038,0.0018595
3d6.(3F2).4p,y 4G*,2.5,6.0,7.945826,3d6.(3F2).5s,e 2F,3.5,8.0,12.459423,4.513597,274.69043,500000.0,0.00075415,0.0045249,2.0015e-05
3d6.(3F2).4p,y 4G*,2.5,6.0,7.945826,3d6.(3H).4d,4G,3.5,8.0,12.884641,4.938815,251.04038,12000000.0,0.015117,0.090702,0.00040121
3d6.(3F2).4p,y 4G*,2.5,6.0,7.945826,3d6.(3G).5s,e 2G,3.5,8.0,12.89231,4.946484,250.65114,2100000.0,0.0026373,0.015824,6.9994e-05
3d6.(3F2).4p,y 4G*,2.5,6.0,7.945826,3d6.(5D).5d,4F,2.5,6.0,12.897322,4.951497,250.39742,24000000.0,0.02256,0.13536,0.00059873
3d6.(3F2).4p,y 4G*,2.5,6.0,7.945826,3d6.(3H).4d,4G,2.5,6.0,12.89965,4.953824,250.27979,25000000.0,0.023477,0.14086,0.00062309
3d6.(3F2).4p,y 4G*,2.5,6.0,7.945826,3d6.(3H).4d,4F,1.5,4.0,12.917837,4.972011,249.36428,100000000.0,0.062149,0.3729,0.0016494
3d6.(3F2).4p,y 4G*,2.5,6.0,7.945826,3d6.(3H).4d,2F,2.5,6.0,12.920346,4.97452,249.23851,11000000.0,0.010244,0.061466,0.00027188
3d6.(3F2).4p,y 4G*,2.5,6.0,7.945826,3d6.(3P2).4d,4P,2.5,6.0,13.047384,5.101558,243.03204,4100000.0,0.0036305,0.021783,9.6354e-05
3d6.(3F2).4p,y 4G*,2.5,6.0,7.945826,3d6.(3F2).4d,4D,2.5,6.0,13.065383,5.119558,242.17756,36000000.0,0.031654,0.18992,0.0008401
3d6.(3F2).4p,y 4G*,2.5,6.0,7.945826,3d6.(3F2).4d,4G,2.5,6.0,13.069693,5.123868,241.97386,112000000.0,0.098314,0.58988,0.0026092
3d6.(3F2).4p,y 4G*,2.5,6.0,7.945826,3d6.(3F2).4d,4H,3.5,8.0,13.091451,5.145625,240.9507,316000000.0,0.36673,2.2004,0.0097329
3d6.(3F2).4p,y 4G*,2.5,6.0,7.945826,3d6.(5D).5d,4G,2.5,6.0,13.096546,5.15072,240.71238,4600000.0,0.0039959,0.023975,0.00010605
3d6.(3F2).4p,y 4G*,2.5,6.0,7.945826,3d6.(3F2).4d,2F,3.5,8.0,13.114493,5.168667,239.87655,5500000.0,0.0063261,0.037957,0.00016789
3d6.(3F2).4p,y 4G*,2.5,6.0,7.945826,3d6.(3F2).4d,2F,2.5,6.0,13.168185,5.222359,237.41033,24000000.0,0.02028,0.12168,0.00053823
3d6.(3F2).4p,y 4G*,2.5,6.0,7.945826,3d6.(3F2).4d,4F,3.5,8.0,13.237449,5.291623,234.30278,16000000.0,0.017558,0.10535,0.00046599
3d6.(3F2).4p,y 4G*,2.5,6.0,7.945826,3d6.(5D).5d,4P,2.5,6.0,13.241101,5.295275,234.1412,4300000.0,0.0035341,0.021205,9.3796e-05
3d6.(3F2).4p,y 4G*,2.5,6.0,7.945826,3d6.(5D).5d,4F,1.5,4.0,13.247296,5.30147,233.86758,52000000.0,0.028426,0.17055,0.00075442
3d6.(3F2).4p,y 4G*,2.5,6.0,7.945826,3d6.(3F2).4d,4F,2.5,6.0,13.249791,5.303965,233.75758,12000000.0,0.0098304,0.058983,0.0002609
3d6.(3F2).4p,y 4G*,2.5,6.0,7.945826,3d6.(3F2).4d,2G,3.5,8.0,13.253957,5.308131,233.5741,27000000.0,0.029445,0.17667,0.00078147
3d6.(3F2).4p,y 4G*,2.5,6.0,7.945826,3d6.(3F2).4d,2D,1.5,4.0,13.319714,5.373889,230.71599,49000000.0,0.026069,0.15641,0.00069186
3d6.(3F2).4p,y 4G*,2.5,6.0,7.945826,3d6.(3G).4d,2D,1.5,4.0,13.695452,5.749626,215.6387,14000000.0,0.0065065,0.039039,0.00017268
3d6.(3F2).4p,z 2F*,3.5,8.0,7.970492,3d5.4s2,2F2,3.5,8.0,10.133815,2.163323,573.11914,90000.0,0.00044319,0.0035455,1.1762e-05
3d6.(3F2).4p,z 2F*,3.5,8.0,7.970492,3d6.(3F2).5s,f 4F,3.5,8.0,12.359781,4.389289,282.46991,3000000.0,0.0035886,0.028709,9.5241e-05
3d6.(3F2).4p,z 2F*,3.5,8.0,7.970492,3d6.(3F2).5s,f 4F,2.5,6.0,12.376605,4.406113,281.39134,6300000.0,0.005609,0.044872,0.00014886
3d6.(3F2).4p,z 2F*,3.5,8.0,7.970492,3d6.(3F2).5s,e 2F,3.5,8.0,12.459423,4.488931,276.19982,78000000.0,0.089207,0.71366,0.0023676
3d6.(3F2).4p,z 2F*,3.5,8.0,7.970492,3d6.(3P2).4d,2F,2.5,6.0,12.844442,4.87395,254.38137,7000000.0,0.0050932,0.040745,0.00013517
3d6.(3F2).4p,z 2F*,3.5,8.0,7.970492,3d6.(3G).5s,e 2G,4.5,10.0,12.845869,4.875377,254.3069,13000000.0,0.015755,0.12604,0.00041815
3d6.(3F2).4p,z 2F*,3.5,8.0,7.970492,3d6.(5D).5d,4F,2.5,6.0,12.897322,4.92683,251.65104,14000000.0,0.0099689,0.079751,0.00026457
3d6.(3F2).4p,z 2F*,3.5,8.0,7.970492,3d6.(3H).4d,2F,3.5,8.0,12.954068,4.983576,248.7856,4000000.0,0.0037117,0.029693,9.8508e-05
3d6.(3F2).4p,z 2F*,3.5,8.0,7.970492,3d6.(3P2).4d,4F,2.5,6.0,12.964932,4.99444,248.24446,6700000.0,0.0046425,0.03714,0.00012321
3d6.(3F2).4p,z 2F*,3.5,8.0,7.970492,3d6.(3F2).4d,4P,2.5,6.0,12.985988,5.015496,247.20227,2300000.0,0.0015804,0.012643,4.1943e-05
3d6.(3F2).4p,z 2F*,3.5,8.0,7.970492,3d6.(3H).4d,2G,4.5,10.0,12.994438,5.023946,246.78647,13000000.0,0.014837,0.1187,0.00039378
3d6.(3F2).4p,z 2F*,3.5,8.0,7.970492,3d6.(3F2).4d,4F,4.5,10.0,13.007995,5.037502,246.12236,6200000.0,0.0070382,0.056306,0.00018679
3d6.(3F2).4p,z 2F*,3.5,8.0,7.970492,3d6.(3F2).4d,4D,3.5,8.0,13.017582,5.04709,245.65483,10000000.0,0.0090471,0.072377,0.00024011
3d6.(3F2).4p,z 2F*,3.5,8.0,7.970492,3d6.(3H).4d,2G,3.5,8.0,13.033591,5.063099,244.87807,12000000.0,0.010788,0.086304,0.00028631
3d6.(3F2).4p,z 2F*,3.5,8.0,7.970492,3d6.(3H).4d,4F,3.5,8.0,13.045693,5.075201,244.29417,13000000.0,0.011631,0.093051,0.0003087
3d6.(3F2).4p,z 2F*,3.5,8.0,7.970492,3d6.(3P2).4d,2D,2.5,6.0,13.04795,5.077458,244.18557,2100000.0,0.0014079,0.011263,3.7366e-05
3d6.(3F2).4p,z 2F*,3.5,8.0,7.970492,3d6.(3F2).4d,4G,3.5,8.0,13.054422,5.08393,243.87472,3700000.0,0.0032991,0.026393,8.7558e-05
3d6.(3F2).4p,z 2F*,3.5,8.0,7.970492,3d6.(5D).5d,4G,3.5,8.0,13.074079,5.103587,242.93542,600000.0,0.00053088,0.004247,1.4089e-05
3d6.(3F2).4p,z 2F*,3.5,8.0,7.970492,3d6.(3F2).4d,4H,4.5,10.0,13.083368,5.112876,242.49404,30000000.0,0.033059,0.26447,0.00087739
3d6.(3F2).4p,z 2F*,3.5,8.0,7.970492,3d6.(3F2).4d,2F,3.5,8.0,13.114493,5.144001,241.0268,239000000.0,0.20816,1.6652,0.0055245
3d6.(3F2).4p,z 2F*,3.5,8.0,7.970492,3d6.(3H).4d,2H,4.5,10.0,13.144641,5.174149,239.62239,94000000.0,0.10115,0.80917,0.0026844
3d6.(3F2).4p,z 2F*,3.5,8.0,7.970492,3d6.(3F2).4d,2H,4.5,10.0,13.154417,5.183925,239.1705,6200000.0,0.0066462,0.05317,0.00017639
3d6.(3F2).4p,z 2F*,3.5,8.0,7.970492,3d6.(3F2).4d,2F,2.5,6.0,13.168185,5.197693,238.53699,38000000.0,0.024312,0.19449,0.00064523
3d6.(3F2).4p,z 2F*,3.5,8.0,7.970492,3d6.(3H).4d,4F,4.5,10.0,13.231865,5.261373,235.64991,49000000.0,0.050992,0.40793,0.0013533
3d6.(3F2).4p,z 2F*,3.5,8.0,7.970492,3d6.(3F2).4d,4F,2.5,6.0,13.249791,5.279299,234.84975,28000000.0,0.017364,0.13891,0.00046085
3d6.(3F2).4p,z 2F*,3.5,8.0,7.970492,3d6.(3F2).4d,2G,3.5,8.0,13.253957,5.283465,234.66456,20000000.0,0.016511,0.13209,0.00043821
3d6.(3F2).4p,z 2F*,3.5,8.0,7.970492,3d6.(3F2).4d,2G,4.5,10.0,13.256941,5.286449,234.5321,112000000.0,0.11545,0.9236,0.003064
3d6.(3F2).4p,z 2F*,3.5,8.0,7.970492,3d6.(3F2).4d,2D,2.5,6.0,13.316872,5.34638,231.90307,70000000.0,0.042328,0.33863,0.0011234
3d6.(3F2).4p,z 2F*,3.5,8.0,7.970492,3d6.(3G).4d,2G,4.5,10.0,13.591795,5.621302,220.56134,1900000.0,0.0017321,0.013857,4.5971e-05
3d6.(3F2).4p,z 2F*,3.5,8.0,7.970492,3d6.(3D).5s,2D,2.5,6.0,13.595145,5.624653,220.42995,10000000.0,0.0054634,0.043707,0.000145
3d6.(3F2).4p,z 2F*,3.5,8.0,7.970492,3d6.(3G).4d,2D,2.5,6.0,13.646416,5.675924,218.4388,90000000.0,0.048286,0.38629,0.0012815
3d6.(3F2).4p,z 2F*,3.5,8.0,7.970492,3d6.(3G).4d,2F,2.5,6.0,13.714119,5.743627,215.86395,8000000.0,0.0041915,0.033532,0.00011124
3d6.(3F2).4p,z 2F*,2.5,6.0,7.987732,3d5.4s2,2F2,2.5,6.0,10.121977,2.134245,580.92765,90000.0,0.00045535,0.0027321,1.2085e-05
3d6.(3F2).4p,z 2F*,2.5,6.0,7.987732,3d6.(3H).5s,e 4H,3.5,8.0,12.220987,4.233255,292.8815,4800000.0,0.0082304,0.049383,0.00021844
3d6.(3F2).4p,z 2F*,2.5,6.0,7.987732,3d6.(3F2).5s,f 4F,3.5,8.0,12.359781,4.372049,283.58376,1100000.0,0.0017683,0.01061,4.693e-05
3d6.(3F2).4p,z 2F*,2.5,6.0,7.987732,3d6.(3F2).5s,f 4F,2.5,6.0,12.376605,4.388873,282.49668,2100000.0,0.0025125,0.015075,6.6682e-05
3d6.(3F2).4p,z 2F*,2.5,6.0,7.987732,3d6.(3F2).5s,f 4F,1.5,4.0,12.388323,4.400591,281.74444,13000000.0,0.010314,0.061883,0.00027373
3d6.(3F2).4p,z 2F*,2.5,6.0,7.987732,3d6.(3H).4d,4F,1.5,4.0,12.917837,4.930105,251.4839,18000000.0,0.011378,0.068267,0.00030197
3d6.(3F2).4p,z 2F*,2.5,6.0,7.987732,3d6.(3H).4d,2F,2.5,6.0,12.920346,4.932614,251.35598,8000000.0,0.0075775,0.045465,0.00020111
3d6.(3F2).4p,z 2F*,2.5,6.0,7.987732,3d6.(3F2).4d,4D,3.5,8.0,13.017582,5.02985,246.49683,9000000.0,0.010931,0.065587,0.00029011
3d6.(3F2).4p,z 2F*,2.5,6.0,7.987732,3d6.(3H).4d,2G,3.5,8.0,13.033591,5.045859,245.71474,13000000.0,0.015689,0.094136,0.00041639
3d6.(3F2).4p,z 2F*,2.5,6.0,7.987732,3d6.(5D).5d,4D,2.5,6.0,13.034183,5.046451,245.68595,1100000.0,0.00099543,0.0059726,2.6419e-05
3d6.(3F2).4p,z 2F*,2.5,6.0,7.987732,3d6.(3H).4d,4F,3.5,8.0,13.045693,5.057961,245.12685,5000000.0,0.0060055,0.036033,0.00015939
3d6.(3F2).4p,z 2F*,2.5,6.0,7.987732,3d6.(3P2).4d,4P,2.5,6.0,13.047384,5.059651,245.04494,38000000.0,0.034209,0.20525,0.00090789
3d6.(3F2).4p,z 2F*,2.5,6.0,7.987732,3d6.(3P2).4d,2D,2.5,6.0,13.04795,5.060218,245.01751,8000000.0,0.0072002,0.043201,0.00019109
3d6.(3F2).4p,z 2F*,2.5,6.0,7.987732,3d6.(5D).5d,6G,1.5,4.0,13.054118,5.066385,244.71924,3200000.0,0.0019154,0.011492,5.0834e-05
3d6.(3F2).4p,z 2F*,2.5,6.0,7.987732,3d6.(3P2).4d,2P,1.5,4.0,13.057693,5.069961,244.54664,6500000.0,0.0038851,0.023311,0.00010311
3d6.(3F2).4p,z 2F*,2.5,6.0,7.987732,3d6.(3F2).4d,4H,3.5,8.0,13.091451,5.103719,242.92913,43000000.0,0.050725,0.30435,0.0013463
3d6.(3F2).4p,z 2F*,2.5,6.0,7.987732,3d6.(3F2).4d,2F,3.5,8.0,13.114493,5.12676,241.83731,6600000.0,0.0077159,0.046296,0.00020478
3d6.(3F2).4p,z 2F*,2.5,6.0,7.987732,3d6.(3F2).4d,2F,2.5,6.0,13.168185,5.180453,239.33082,240000000.0,0.2061,1.2366,0.0054698
3d6.(3F2).4p,z 2F*,2.5,6.0,7.987732,3d6.(3F2).4d,4F,3.5,8.0,13.237449,5.249717,236.17312,138000000.0,0.15386,0.92319,0.0040836
3d6.(3F2).4p,z 2F*,2.5,6.0,7.987732,3d6.(5D).5d,4F,1.5,4.0,13.247296,5.259564,235.73095,47000000.0,0.026104,0.15662,0.00069279
3d6.(3F2).4p,z 2F*,2.5,6.0,7.987732,3d6.(3F2).4d,2G,3.5,8.0,13.253957,5.266225,235.43278,112000000.0,0.12409,0.74456,0.0032935
3d6.(3F2).4p,z 2F*,2.5,6.0,7.987732,3d6.(5D).5d,4P,1.5,4.0,13.274486,5.286754,234.51857,8000000.0,0.0043976,0.026385,0.00011671
3d6.(3F2).4p,z 2F*,2.5,6.0,7.987732,3d6.(3F2).4d,2D,1.5,4.0,13.319714,5.331982,232.52928,40000000.0,0.021616,0.1297,0.0005737
3d6.(3F2).4p,z 2F*,2.5,6.0,7.987732,3d6.(3G).4d,4G,2.5,6.0,13.466417,5.478685,226.30285,8000000.0,0.0061423,0.036854,0.00016302
3d6.(3F2).4p,z 2F*,2.5,6.0,7.987732,3d6.(3G).4d,2D,1.5,4.0,13.695452,5.70772,217.22193,110000000.0,0.051876,0.31126,0.0013768
3d6.(3F2).4p,z 2F*,2.5,6.0,7.987732,3d6.(3G).4d,2F,2.5,6.0,13.714119,5.726387,216.51383,15000000.0,0.010542,0.063252,0.00027978
3d6.(3P2).4p,z 2P*,0.5,2.0,8.034981,3d6.(3P2).5s,4P,1.5,4.0,12.164657,4.129676,300.22742,13000000.0,0.035134,0.070269,0.00093247
3d6.(3P2).4p,z 2P*,0.5,2.0,8.034981,3d6.(3P2).5s,2P,1.5,4.0,12.282924,4.247943,291.86879,24000000.0,0.061302,0.1226,0.001627
3d6.(3P2).4p,z 2P*,0.5,2.0,8.034981,3d6.(3P2).5s,2P,0.5,2.0,12.388708,4.353727,284.77715,33000000.0,0.040122,0.080244,0.0010648
3d6.(3P2).4p,z 2P*,0.5,2.0,8.034981,3d6.(5D).5d,6F,1.5,4.0,12.97252,4.937539,251.10527,6100000.0,0.011533,0.023065,0.00030608
3d6.(3P2).4p,z 2P*,0.5,2.0,8.034981,3d6.(3P2).4d,2P,0.5,2.0,12.985666,4.950685,250.43847,140000000.0,0.13164,0.26328,0.0034937
3d6.(3P2).4p,z 2P*,0.5,2.0,8.034981,3d6.(5D).5d,6D,0.5,2.0,12.98823,4.953249,250.30882,47000000.0,0.044148,0.088296,0.0011717
3d6.(3P2).4p,z 2P*,0.5,2.0,8.034981,3d6.(5D).5d,6G,1.5,4.0,13.054118,5.019136,247.02297,8000000.0,0.014637,0.029274,0.00038847
3d6.(3P2).4p,z 2P*,0.5,2.0,8.034981,3d6.(3F2).4d,4D,1.5,4.0,13.075402,5.040421,245.97983,7300000.0,0.013244,0.026488,0.00035149
3d6.(3P2).4p,z 2P*,0.5,2.0,8.034981,3d6.(5D).5d,4F,1.5,4.0,13.247296,5.212315,237.86782,15000000.0,0.025448,0.050896,0.00067539
3d6.(3P2).4p,z 2P*,0.5,2.0,8.034981,3d6.(3F2).4d,2D,1.5,4.0,13.319714,5.284733,234.60825,58000000.0,0.09572,0.19144,0.0025404
3d6.(3F2).4p,y 2G*,4.5,10.0,8.038137,3d5.4s2,2F2,3.5,8.0,10.133815,2.095678,591.61858,70000.0,0.00029385,0.0029385,7.7989e-06
3d6.(3F2).4p,y 2G*,4.5,10.0,8.038137,3d6.(3H).5s,e 4H,5.5,12.0,12.187015,4.148878,298.8379,2700000.0,0.0043379,0.043379,0.00011513
3d6.(3F2).4p,y 2G*,4.5,10.0,8.038137,3d6.(3F2).5s,e 2F,3.5,8.0,12.459423,4.421286,280.42567,130000000.0,0.12261,1.2261,0.0032541
3d6.(3F2).4p,y 2G*,4.5,10.0,8.038137,3d6.(3P2).4d,2F,3.5,8.0,12.794173,4.756036,260.6881,500000.0,0.00040753,0.0040753,1.0816e-05
3d6.(3F2).4p,y 2G*,4.5,10.0,8.038137,3d6.(3H).4d,4G,4.5,10.0,12.866007,4.827869,256.80936,1000000.0,0.00098874,0.0098874,2.6241e-05
3d6.(3F2).4p,y 2G*,4.5,10.0,8.038137,3d6.(5D).5d,4F,3.5,8.0,12.871364,4.833227,256.5247,11000000.0,0.0086816,0.086816,0.00023041
3d6.(3F2).4p,y 2G*,4.5,10.0,8.038137,3d6.(3H).4d,4H,4.5,10.0,12.878767,4.84063,256.13239,1000000.0,0.00098353,0.0098353,2.6103e-05
3d6.(3F2).4p,y 2G*,4.5,10.0,8.038137,3d6.(3P2).4d,4F,3.5,8.0,12.907739,4.869602,254.60849,4000000.0,0.00311,0.0311,8.2538e-05
3d6.(3F2).4p,y 2G*,4.5,10.0,8.038137,3d6.(3H).4d,2F,3.5,8.0,12.954068,4.915931,252.209,8000000.0,0.0061032,0.061032,0.00016198
3d6.(3F2).4p,y 2G*,4.5,10.0,8.038137,3d6.(3H).4d,2I,5.5,12.0,12.989261,4.951124,250.41627,14000000.0,0.015794,0.15794,0.00041917
3d6.(3F2).4p,y 2G*,4.5,10.0,8.038137,3d6.(3H).4d,2G,4.5,10.0,12.994438,4.956301,250.1547,700000.0,0.00065671,0.0065671,1.7429e-05
3d6.(3F2).4p,y 2G*,4.5,10.0,8.038137,3d6.(5D).5d,4G,4.5,10.0,13.044511,5.006374,247.6527,1200000.0,0.0011034,0.011034,2.9284e-05
3d6.(3F2).4p,y 2G*,4.5,10.0,8.038137,3d6.(3F2).4d,4H,5.5,12.0,13.067795,5.029658,246.50624,800000.0,0.00087455,0.0087455,2.3211e-05
3d6.(3F2).4p,y 2G*,4.5,10.0,8.038137,3d6.(3F2).4d,2H,5.5,12.0,13.112976,5.074839,244.3116,275000000.0,0.2953,2.953,0.0078372
3d6.(3F2).4p,y 2G*,4.5,10.0,8.038137,3d6.(3F2).4d,2F,3.5,8.0,13.114493,5.076355,244.23862,37000000.0,0.026472,0.26472,0.00070256
3d6.(3F2).4p,y 2G*,4.5,10.0,8.038137,3d6.(3H).4d,2H,4.5,10.0,13.144641,5.106504,242.79664,68000000.0,0.060097,0.60097,0.001595
3d6.(3F2).4p,y 2G*,4.5,10.0,8.038137,3d6.(3H).4d,2H,5.5,12.0,13.147993,5.109855,242.63741,232000000.0,0.24572,2.4572,0.0065215
3d6.(3F2).4p,y 2G*,4.5,10.0,8.038137,3d6.(3H).4d,4F,4.5,10.0,13.231865,5.193727,238.71911,40000000.0,0.034174,0.34174,0.00090697
3d6.(3F2).4p,y 2G*,4.5,10.0,8.038137,3d6.(3F2).4d,2G,4.5,10.0,13.256941,5.218804,237.57207,74000000.0,0.062616,0.62616,0.0016618
3d6.(3F2).4p,y 2G*,4.5,10.0,8.038137,3d6.(3G).4d,2G,4.5,10.0,13.591795,5.553657,223.24785,41000000.0,0.030635,0.30635,0.00081305
3d6.(3F2).4p,y 2G*,4.5,10.0,8.038137,3d6.(3G).4d,2H,4.5,10.0,13.639292,5.601155,221.35472,3900000.0,0.0028648,0.028648,7.6033e-05
3d6.(3P2).4p,z 2P*,1.5,4.0,8.0384,3d6.(3P2).5s,4P,1.5,4.0,12.164657,4.126257,300.47618,31000000.0,0.041961,0.16784,0.0011136
3d6.(3P2).4p,z 2P*,1.5,4.0,8.0384,3d6.(3P2).5s,2P,1.5,4.0,12.282924,4.244524,292.10389,48000000.0,0.061401,0.2456,0.0016296
3d6.(3P2).4p,z 2P*,1.5,4.0,8.0384,3d6.(3P2).5s,2P,0.5,2.0,12.388708,4.350308,285.00096,68000000.0,0.041403,0.16561,0.0010988
3d6.(3P2).4p,z 2P*,1.5,4.0,8.0384,3d6.(3F2).5s,e 2F,2.5,6.0,12.491386,4.452986,278.42933,800000.0,0.0013947,0.0055787,3.7014e-05
3d6.(3P2).4p,z 2P*,1.5,4.0,8.0384,3d6.(3P2).4d,2F,2.5,6.0,12.844442,4.806042,257.97571,33000000.0,0.049388,0.19755,0.0013108
3d6.(3P2).4p,z 2P*,1.5,4.0,8.0384,3d6.(3P2).4d,4D,0.5,2.0,12.870071,4.831671,256.60728,11000000.0,0.0054295,0.021718,0.0001441
3d6.(3P2).4p,z 2P*,1.5,4.0,8.0384,3d6.(3H).4d,4F,1.5,4.0,12.917837,4.879437,254.0953,1300000.0,0.0012583,0.0050333,3.3396e-05
3d6.(3P2).4p,z 2P*,1.5,4.0,8.0384,3d6.(3H).4d,4F,2.5,6.0,12.957224,4.918824,252.06067,22000000.0,0.031433,0.12573,0.00083423
3d6.(3P2).4p,z 2P*,1.5,4.0,8.0384,3d6.(3P2).4d,4F,2.5,6.0,12.964932,4.926532,251.6663,84000000.0,0.11964,0.47856,0.0031753
3d6.(3P2).4p,z 2P*,1.5,4.0,8.0384,3d6.(5D).5d,6F,1.5,4.0,12.97252,4.93412,251.27926,2800000.0,0.0026505,0.010602,7.0345e-05
3d6.(3P2).4p,z 2P*,1.5,4.0,8.0384,3d6.(3P2).4d,2P,0.5,2.0,12.985666,4.947266,250.61154,39000000.0,0.018361,0.073444,0.0004873
3d6.(3P2).4p,z 2P*,1.5,4.0,8.0384,3d6.(5D).5d,6D,0.5,2.0,12.98823,4.94983,250.48172,14000000.0,0.0065843,0.026337,0.00017475
3d6.(3P2).4p,z 2P*,1.5,4.0,8.0384,3d6.(5D).5d,4D,1.5,4.0,13.046893,5.008493,247.5479,3800000.0,0.0034911,0.013964,9.2654e-05
3d6.(3P2).4p,z 2P*,1.5,4.0,8.0384,3d6.(3P2).4d,4P,2.5,6.0,13.047384,5.008983,247.52367,126000000.0,0.1736,0.69441,0.0046074
3d6.(3P2).4p,z 2P*,1.5,4.0,8.0384,3d6.(3P2).4d,2D,2.5,6.0,13.04795,5.00955,247.49568,37000000.0,0.050967,0.20387,0.0013527
3d6.(3P2).4p,z 2P*,1.5,4.0,8.0384,3d6.(5D).5d,6G,1.5,4.0,13.054118,5.015717,247.19135,2600000.0,0.0023818,0.0095271,6.3212e-05
3d6.(3P2).4p,z 2P*,1.5,4.0,8.0384,3d6.(3F2).4d,4D,2.5,6.0,13.065383,5.026983,246.63737,4900000.0,0.0067029,0.026812,0.0001779
3d6.(3P2).4p,z 2P*,1.5,4.0,8.0384,3d6.(3F2).4d,4F,1.5,4.0,13.082582,5.044182,245.79643,3500000.0,0.0031701,0.012681,8.4136e-05
3d6.(3P2).4p,z 2P*,1.5,4.0,8.0384,3d6.(3F2).4d,4F,2.5,6.0,13.249791,5.211391,237.91,2900000.0,0.0036913,0.014765,9.7966e-05
3d6.(3P2).4p,z 2P*,1.5,4.0,8.0384,3d6.(3F2).4d,2D,2.5,6.0,13.316872,5.278472,234.88653,85000000.0,0.10546,0.42184,0.0027989
3d6.(3P2).4p,z 2P*,1.5,4.0,8.0384,3d6.(3F2).4d,2D,1.5,4.0,13.319714,5.281314,234.76012,3100000.0,0.0025614,0.010245,6.7978e-05
3d6.(3P2).4p,z 2P*,1.5,4.0,8.0384,3d6.(3F2).4d,2P,1.5,4.0,13.403428,5.365028,231.09702,80000000.0,0.064053,0.25621,0.0017
3d6.(3P2).4p,z 2P*,1.5,4.0,8.0384,3d6.(3G).4d,2D,2.5,6.0,13.646416,5.608016,221.0839,9000000.0,0.0098925,0.03957,0.00026255
3d6.(3F2).4p,y 2G*,3.5,8.0,8.072573,3d5.4s2,2G2,3.5,8.0,9.693705,1.621132,764.8,31000.0,0.00027184,0.0021747,7.2147e-06
3d6.(3F2).4p,y 2G*,3.5,8.0,8.072573,3d5.4s2,2F2,2.5,6.0,10.121977,2.049404,604.97671,50000.0,0.00020576,0.0016461,5.461e-06
3d6.(3F2).4p,y 2G*,3.5,8.0,8.072573,3d6.(3F2).5s,f 4F,4.5,10.0,12.345509,4.272936,290.16161,290000.0,0.00045756,0.0036605,1.2144e-05
3d6.(3F2).4p,y 2G*,3.5,8.0,8.072573,3d6.(3F2).5s,f 4F,3.5,8.0,12.359781,4.287208,289.19567,500000.0,0.00062692,0.0050154,1.6638e-05
3d6.(3F2).4p,y 2G*,3.5,8.0,8.072573,3d6.(3F2).5s,e 2F,2.5,6.0,12.491386,4.418814,280.58256,139000000.0,0.12304,0.98434,0.0032656
3d6.(3F2).4p,y 2G*,3.5,8.0,8.072573,3d6.(3G).5s,e 2G,4.5,10.0,12.845869,4.773296,259.74545,2100000.0,0.0026551,0.021241,7.0467e-05
3d6.(3F2).4p,y 2G*,3.5,8.0,8.072573,3d6.(3G).5s,e 2G,3.5,8.0,12.89231,4.819738,257.24263,1900000.0,0.0018849,0.01508,5.0026e-05
3d6.(3F2).4p,y 2G*,3.5,8.0,8.072573,3d6.(5D).5d,4F,2.5,6.0,12.897322,4.82475,256.9754,5500000.0,0.0040838,0.032671,0.00010838
3d6.(3F2).4p,y 2G*,3.5,8.0,8.072573,3d6.(3P2).4d,4P,2.5,6.0,13.047384,4.974811,249.22395,10000000.0,0.0069839,0.055872,0.00018535
3d6.(3F2).4p,y 2G*,3.5,8.0,8.072573,3d6.(3P2).4d,2D,2.5,6.0,13.04795,4.975377,249.19557,5300000.0,0.0037006,0.029605,9.8215e-05
3d6.(3F2).4p,y 2G*,3.5,8.0,8.072573,3d6.(3H).4d,2H,4.5,10.0,13.144641,5.072069,244.44504,144000000.0,0.16125,1.29,0.0042795
3d6.(3F2).4p,y 2G*,3.5,8.0,8.072573,3d6.(3F2).4d,2F,2.5,6.0,13.168185,5.095612,243.31561,17000000.0,0.011316,0.090531,0.00030034
3d6.(3F2).4p,y 2G*,3.5,8.0,8.072573,3d6.(3H).4d,4F,4.5,10.0,13.231865,5.159292,240.31243,25000000.0,0.027056,0.21645,0.00071806
3d6.(3F2).4p,y 2G*,3.5,8.0,8.072573,3d6.(3F2).4d,4F,3.5,8.0,13.237449,5.164876,240.05261,97000000.0,0.0838,0.6704,0.0022241
3d6.(3F2).4p,y 2G*,3.5,8.0,8.072573,3d6.(5D).5d,4P,2.5,6.0,13.241101,5.168528,239.88301,900000.0,0.00058232,0.0046586,1.5455e-05
3d6.(3F2).4p,y 2G*,3.5,8.0,8.072573,3d6.(3F2).4d,4F,2.5,6.0,13.249791,5.177218,239.48035,6600000.0,0.004256,0.034048,0.00011296
3d6.(3F2).4p,y 2G*,3.5,8.0,8.072573,3d6.(3F2).4d,2G,3.5,8.0,13.253957,5.181384,239.28779,66000000.0,0.056656,0.45325,0.0015036
3d6.(3F2).4p,y 2G*,3.5,8.0,8.072573,3d6.(3F2).4d,2G,4.5,10.0,13.256941,5.184368,239.15006,42000000.0,0.045015,0.36012,0.0011947
3d6.(3F2).4p,y 2G*,3.5,8.0,8.072573,3d6.(3G).4d,2G,3.5,8.0,13.626052,5.553479,223.25499,36000000.0,0.026901,0.21521,0.00071395
3d6.(3F2).4p,y 2G*,3.5,8.0,8.072573,3d6.(3G).4d,2D,2.5,6.0,13.646416,5.573843,222.43934,12000000.0,0.0066761,0.053409,0.00017718
3d6.(3H).4p,z 2H*,5.5,12.0,8.104054,3d6.(3G).5s,f 4G,5.5,12.0,12.718917,4.614863,268.66282,3200000.0,0.0034628,0.041553,9.1902e-05
3d6.(3H).4p,z 2H*,5.5,12.0,8.104054,3d6.(3G).5s,f 4G,4.5,10.0,12.748674,4.64462,266.94153,9000000.0,0.0080122,0.096147,0.00021264
3d6.(3H).4p,z 2H*,5.5,12.0,8.104054,3d6.(3H).4d,4H,6.5,14.0,12.846942,4.742888,261.41078,2300000.0,0.002749,0.032988,7.296e-05
3d6.(3H).4p,z 2H*,5.5,12.0,8.104054,3d6.(3H).4d,4K,6.5,14.0,12.873534,4.76948,259.95328,4000000.0,0.0047278,0.056733,0.00012548
3d6.(3H).4p,z 2H*,5.5,12.0,8.104054,3d6.(3H).4d,2K,6.5,14.0,12.933458,4.829403,256.72777,31000000.0,0.035737,0.42884,0.00094845
3d6.(3H).4p,z 2H*,5.5,12.0,8.104054,3d6.(3H).4d,2I,6.5,14.0,12.971513,4.867459,254.7206,197000000.0,0.22356,2.6828,0.0059334
3d6.(3H).4p,z 2H*,5.5,12.0,8.104054,3d6.(3H).4d,2G,4.5,10.0,12.994438,4.890384,253.5265,103000000.0,0.082711,0.99253,0.0021951
3d6.(3H).4p,z 2H*,5.5,12.0,8.104054,3d6.(5D).5d,6G,4.5,10.0,13.00204,4.897985,253.13306,6900000.0,0.0055236,0.066284,0.0001466
3d6.(3H).4p,z 2H*,5.5,12.0,8.104054,3d6.(3F2).4d,4G,4.5,10.0,13.03757,4.933515,251.31004,3500000.0,0.0027616,0.03314,7.3294e-05
3d6.(3H).4p,z 2H*,5.5,12.0,8.104054,3d6.(5D).5d,4G,4.5,10.0,13.044511,4.940457,250.95695,1400000.0,0.0011016,0.013219,2.9235e-05
3d6.(3H).4p,z 2H*,5.5,12.0,8.104054,3d6.(3F2).4d,4H,5.5,12.0,13.067795,4.963741,249.77976,900000.0,0.00084181,0.010102,2.2342e-05
3d6.(3H).4p,z 2H*,5.5,12.0,8.104054,3d6.(3F2).4d,2H,5.5,12.0,13.112976,5.008922,247.52672,53000000.0,0.048683,0.5842,0.0012921
3d6.(3H).4p,z 2H*,5.5,12.0,8.104054,3d6.(3H).4d,2H,4.5,10.0,13.144641,5.040587,245.97175,5800000.0,0.0043841,0.052609,0.00011635
3d6.(3H).4p,z 2H*,5.5,12.0,8.104054,3d6.(3H).4d,2H,5.5,12.0,13.147993,5.043938,245.80832,89000000.0,0.08062,0.96744,0.0021397
3d6.(3H).4p,z 2H*,5.5,12.0,8.104054,3d6.(3F2).4d,2H,4.5,10.0,13.154417,5.050363,245.49563,1500000.0,0.0011294,0.013553,2.9975e-05
3d6.(3H).4p,z 2H*,5.5,12.0,8.104054,3d6.(3H).4d,4F,4.5,10.0,13.231865,5.12781,241.7878,8000000.0,0.005843,0.070116,0.00015507
3d6.(3H).4p,z 2H*,5.5,12.0,8.104054,3d6.(3F2).4d,2G,4.5,10.0,13.256941,5.152887,240.61115,2000000.0,0.0014466,0.017359,3.8392e-05
3d6.(3H).4p,z 2H*,5.5,12.0,8.104054,3d6.(3G).4d,4H,6.5,14.0,13.406842,5.302788,233.80947,13000000.0,0.01243,0.14916,0.00032989
3d6.(3H).4p,z 2H*,5.5,12.0,8.104054,3d6.(3G).4d,4G,5.5,12.0,13.412805,5.30875,233.54687,17000000.0,0.013901,0.16682,0.00036894
3d6.(3H).4p,z 2H*,5.5,12.0,8.104054,3d6.(3G).4d,4H,5.5,12.0,13.438391,5.334337,232.42665,12000000.0,0.0097188,0.11663,0.00025794
3d6.(3H).4p,z 2H*,5.5,12.0,8.104054,3d6.(3G).4d,4I,6.5,14.0,13.447812,5.343757,232.01689,41000000.0,0.038604,0.46324,0.0010245
3d6.(3H).4p,z 2H*,5.5,12.0,8.104054,3d6.(1I).5s,2I,6.5,14.0,13.470724,5.366669,231.02635,11000000.0,0.010269,0.12323,0.00027254
3d6.(3H).4p,z 2H*,5.5,12.0,8.104054,3d6.(3G).4d,2I,6.5,14.0,13.520429,5.416374,228.90626,82000000.0,0.075151,0.90181,0.0019945
3d6.(3H).4p,z 2H*,5.5,12.0,8.104054,3d6.(3G).4d,2G,4.5,10.0,13.591795,5.48774,225.92943,19000000.0,0.012117,0.1454,0.00032157
3d6.(3H).4p,z 2H*,5.5,12.0,8.104054,3d6.(3G).4d,2H,5.5,12.0,13.598996,5.494942,225.63332,173000000.0,0.13204,1.5845,0.0035044
3d6.(3H).4p,z 2H*,4.5,10.0,8.127942,3d6.(3F2).5s,f 4F,4.5,10.0,12.345509,4.217567,293.9709,17000000.0,0.022025,0.22025,0.00058455
3d6.(3H).4p,z 2H*,4.5,10.0,8.127942,3d6.(3F2).5s,e 2F,3.5,8.0,12.459423,4.331482,286.2397,1400000.0,0.0013757,0.013757,3.6512e-05
3d6.(3H).4p,z 2H*,4.5,10.0,8.127942,3d6.(3G).5s,f 4G,4.5,10.0,12.748674,4.620733,268.32151,370000.0,0.00039937,0.0039937,1.0599e-05
3d6.(3H).4p,z 2H*,4.5,10.0,8.127942,3d6.(3H).4d,4K,5.5,12.0,12.891106,4.763164,260.29797,2700000.0,0.0032911,0.032911,8.7347e-05
3d6.(3H).4p,z 2H*,4.5,10.0,8.127942,3d6.(3G).5s,e 2G,3.5,8.0,12.89231,4.764369,260.23217,32000000.0,0.025991,0.25991,0.0006898
3d6.(3H).4p,z 2H*,4.5,10.0,8.127942,3d6.(3H).4d,4H,3.5,8.0,12.892663,4.764721,260.21292,1600000.0,0.0012994,0.012994,3.4485e-05
3d6.(3H).4p,z 2H*,4.5,10.0,8.127942,3d6.(3H).4d,2I,5.5,12.0,12.989261,4.86132,255.04226,191000000.0,0.22351,2.2351,0.005932
3d6.(3H).4p,z 2H*,4.5,10.0,8.127942,3d6.(3F2).4d,4D,3.5,8.0,13.017582,4.88964,253.56507,43000000.0,0.033159,0.33159,0.00088003
3d6.(3H).4p,z 2H*,4.5,10.0,8.127942,3d6.(3F2).4d,4G,5.5,12.0,13.026221,4.89828,253.11784,42000000.0,0.04841,0.4841,0.0012848
3d6.(3H).4p,z 2H*,4.5,10.0,8.127942,3d6.(5D).5d,6G,3.5,8.0,13.026478,4.898536,253.10461,1800000.0,0.001383,0.01383,3.6705e-05
3d6.(3H).4p,z 2H*,4.5,10.0,8.127942,3d6.(3H).4d,2G,3.5,8.0,13.033591,4.90565,252.73756,71000000.0,0.054394,0.54394,0.0014436
3d6.(3H).4p,z 2H*,4.5,10.0,8.127942,3d6.(3H).4d,4F,3.5,8.0,13.045693,4.917751,252.11563,5000000.0,0.0038117,0.038117,0.00010116
3d6.(3H).4p,z 2H*,4.5,10.0,8.127942,3d6.(3F2).4d,4H,5.5,12.0,13.067795,4.939854,250.9876,390000.0,0.00044199,0.0044199,1.173e-05
3d6.(3H).4p,z 2H*,4.5,10.0,8.127942,3d6.(3F2).4d,2H,4.5,10.0,13.154417,5.026476,246.6623,55000000.0,0.050168,0.50168,0.0013315
3d6.(3H).4p,z 2H*,4.5,10.0,8.127942,3d6.(3H).4d,4F,4.5,10.0,13.231865,5.103923,242.91941,22000000.0,0.019463,0.19463,0.00051654
3d6.(3H).4p,z 2H*,4.5,10.0,8.127942,3d6.(3F2).4d,2G,4.5,10.0,13.256941,5.128999,241.73175,13000000.0,0.011389,0.11389,0.00030225
3d6.(3H).4p,z 2H*,4.5,10.0,8.127942,3d6.(3G).4d,4H,4.5,10.0,13.461906,5.333965,232.44286,6100000.0,0.0049411,0.049411,0.00013114
3d6.(3H).4p,z 2H*,4.5,10.0,8.127942,3d6.(3G).4d,2I,5.5,12.0,13.562617,5.434675,228.13545,99000000.0,0.092696,0.92696,0.0024602
3d6.(3H).4p,z 2H*,4.5,10.0,8.127942,3d6.(3G).4d,2G,4.5,10.0,13.591795,5.463853,226.91716,52000000.0,0.040142,0.40142,0.0010654
3d6.(3H).4p,z 2H*,4.5,10.0,8.127942,3d6.(3G).4d,2G,3.5,8.0,13.626052,5.498111,225.50329,16000000.0,0.0097583,0.097583,0.00025899
3d6.(3H).4p,z 2H*,4.5,10.0,8.127942,3d6.(3G).4d,2H,4.5,10.0,13.639292,5.51135,224.96156,119000000.0,0.090287,0.90287,0.0023962
3d6.(3G).4p,x 4G*,5.5,12.0,8.130892,3d6.(3H).5s,e 4H,5.5,12.0,12.187015,4.056124,305.67164,800000.0,0.0011206,0.013447,2.9741e-05
3d6.(3G).4p,x 4G*,5.5,12.0,8.130892,3d6.(3F2).5s,f 4F,4.5,10.0,12.345509,4.214617,294.17667,2400000.0,0.0025948,0.031138,6.8866e-05
3d6.(3G).4p,x 4G*,5.5,12.0,8.130892,3d6.(3G).5s,f 4G,5.5,12.0,12.718917,4.588025,270.23434,118000000.0,0.12919,1.5503,0.0034287
3d6.(3G).4p,x 4G*,5.5,12.0,8.130892,3d6.(3P2).4d,4F,4.5,10.0,12.790869,4.659978,266.06178,700000.0,0.00061907,0.0074289,1.643e-05
3d6.(3G).4p,x 4G*,5.5,12.0,8.130892,3d6.(3G).5s,e 2G,4.5,10.0,12.845869,4.714977,262.95821,11000000.0,0.0095026,0.11403,0.0002522
3d6.(3G).4p,x 4G*,5.5,12.0,8.130892,3d6.(3H).4d,4H,6.5,14.0,12.846942,4.71605,262.89837,8000000.0,0.009671,0.11605,0.00025667
3d6.(3G).4p,x 4G*,5.5,12.0,8.130892,3d6.(3H).4d,4G,4.5,10.0,12.866007,4.735115,261.83989,700000.0,0.00059958,0.007195,1.5913e-05
3d6.(3G).4p,x 4G*,5.5,12.0,8.130892,3d6.(3H).4d,4K,6.5,14.0,12.873534,4.742643,261.42429,370000.0,0.00044228,0.0053074,1.1738e-05
3d6.(3G).4p,x 4G*,5.5,12.0,8.130892,3d6.(3H).4d,4I,6.5,14.0,12.902374,4.771482,259.8442,1400000.0,0.0016533,0.01984,4.3879e-05
3d6.(3G).4p,x 4G*,5.5,12.0,8.130892,3d6.(3H).4d,2I,5.5,12.0,12.989261,4.85837,255.19713,410000.0,0.00040031,0.0048037,1.0624e-05
3d6.(3G).4p,x 4G*,5.5,12.0,8.130892,3d6.(3F2).4d,4F,4.5,10.0,13.007995,4.877103,254.21691,6800000.0,0.0054903,0.065884,0.00014571
3d6.(3G).4p,x 4G*,5.5,12.0,8.130892,3d6.(3H).4d,2H,4.5,10.0,13.144641,5.013749,247.28838,600000.0,0.00045839,0.0055007,1.2166e-05
3d6.(3G).4p,x 4G*,5.5,12.0,8.130892,3d6.(3H).4d,2H,5.5,12.0,13.147993,5.017101,247.1232,1400000.0,0.0012818,0.015381,3.4019e-05
3d6.(3G).4p,x 4G*,5.5,12.0,8.130892,3d6.(3H).4d,4F,4.5,10.0,13.231865,5.100973,243.0599,54000000.0,0.039856,0.47828,0.0010578
3d6.(3G).4p,x 4G*,5.5,12.0,8.130892,3d6.(3G).4d,4H,6.5,14.0,13.406842,5.27595,234.9988,330000000.0,0.31875,3.825,0.0084597
3d6.(3G).4p,x 4G*,5.5,12.0,8.130892,3d6.(3G).4d,4G,5.5,12.0,13.412805,5.281913,234.73352,359000000.0,0.29655,3.5587,0.0078706
3d6.(3G).4p,x 4G*,5.5,12.0,8.130892,3d6.(3G).4d,4G,4.5,10.0,13.438834,5.307942,233.58242,18000000.0,0.01227,0.14724,0.00032564
3d6.(3G).4p,x 4G*,5.5,12.0,8.130892,3d6.(1I).5s,2I,6.5,14.0,13.470724,5.339832,232.18746,2800000.0,0.0026402,0.031683,7.0072e-05
3d6.(3G).4p,x 4G*,5.5,12.0,8.130892,3d6.(3G).4d,2I,6.5,14.0,13.520429,5.389537,230.04611,20000000.0,0.018513,0.22215,0.00049132
3d6.(3G).4p,x 4G*,5.5,12.0,8.130892,3d6.(3G).4d,2G,4.5,10.0,13.591795,5.460903,227.03975,3000000.0,0.001932,0.023184,5.1275e-05
3d6.(3G).4p,x 4G*,5.5,12.0,8.130892,3d6.(3G).4d,2H,5.5,12.0,13.598996,5.468105,226.74072,30000000.0,0.023123,0.27747,0.00061368
3d6.(3G).4p,x 4G*,4.5,10.0,8.145273,3d5.4s2,4F,3.5,8.0,9.111878,0.966605,1282.67698,6000.0,0.0001184,0.001184,3.1422e-06
3d6.(3G).4p,x 4G*,4.5,10.0,8.145273,3d6.(3F2).5s,f 4F,4.5,10.0,12.345509,4.200236,295.18386,4800000.0,0.0062703,0.062703,0.00016641
3d6.(3G).4p,x 4G*,4.5,10.0,8.145273,3d6.(3F2).5s,f 4F,3.5,8.0,12.359781,4.214508,294.18425,1600000.0,0.0016608,0.016608,4.4077e-05
3d6.(3G).4p,x 4G*,4.5,10.0,8.145273,3d6.(3G).5s,f 4G,5.5,12.0,12.718917,4.573644,271.08403,64000000.0,0.084611,0.84611,0.0022456
3d6.(3G).4p,x 4G*,4.5,10.0,8.145273,3d6.(3G).5s,f 4G,4.5,10.0,12.748674,4.603402,269.33168,45000000.0,0.048938,0.48938,0.0012988
3d6.(3G).4p,x 4G*,4.5,10.0,8.145273,3d6.(3G).5s,f 4G,3.5,8.0,12.775235,4.629963,267.7866,3700000.0,0.0031822,0.031822,8.4456e-05
3d6.(3G).4p,x 4G*,4.5,10.0,8.145273,3d6.(3G).5s,e 2G,4.5,10.0,12.845869,4.700596,263.76269,1800000.0,0.0018774,0.018774,4.9826e-05
3d6.(3G).4p,x 4G*,4.5,10.0,8.145273,3d6.(3H).4d,4H,5.5,12.0,12.863568,4.718295,262.77329,4600000.0,0.0057143,0.057143,0.00015166
3d6.(3G).4p,x 4G*,4.5,10.0,8.145273,3d6.(5D).5d,4F,3.5,8.0,12.871364,4.726091,262.33982,1400000.0,0.0011556,0.011556,3.067e-05
3d6.(3G).4p,x 4G*,4.5,10.0,8.145273,3d6.(5D).5d,6F,3.5,8.0,12.941587,4.796315,258.49888,700000.0,0.000561,0.00561,1.4889e-05
3d6.(3G).4p,x 4G*,4.5,10.0,8.145273,3d6.(3H).4d,2F,3.5,8.0,12.954068,4.808796,257.82796,2300000.0,0.0018337,0.018337,4.8667e-05
3d6.(3G).4p,x 4G*,4.5,10.0,8.145273,3d6.(5D).5d,6G,5.5,12.0,12.967916,4.822643,257.08766,350000.0,0.00041617,0.0041617,1.1045e-05
3d6.(3G).4p,x 4G*,4.5,10.0,8.145273,3d6.(3F2).4d,4F,4.5,10.0,13.007995,4.862722,254.96871,6200000.0,0.0060426,0.060426,0.00016037
3d6.(3G).4p,x 4G*,4.5,10.0,8.145273,3d6.(3F2).4d,4G,5.5,12.0,13.026221,4.880949,254.01659,6300000.0,0.0073132,0.073132,0.00019409
3d6.(3G).4p,x 4G*,4.5,10.0,8.145273,3d6.(3F2).4d,4G,4.5,10.0,13.03757,4.892297,253.42735,3400000.0,0.0032737,0.032737,8.6885e-05
3d6.(3G).4p,x 4G*,4.5,10.0,8.145273,3d6.(3F2).4d,4G,3.5,8.0,13.054422,4.909149,252.55739,1000000.0,0.00076501,0.0076501,2.0303e-05
3d6.(3G).4p,x 4G*,4.5,10.0,8.145273,3d6.(3F2).4d,2H,5.5,12.0,13.112976,4.967704,249.5805,900000.0,0.0010086,0.010086,2.6767e-05
3d6.(3G).4p,x 4G*,4.5,10.0,8.145273,3d6.(3H).4d,4F,4.5,10.0,13.231865,5.086592,243.74707,14000000.0,0.01247,0.1247,0.00033095
3d6.(3G).4p,x 4G*,4.5,10.0,8.145273,3d6.(3F2).4d,4F,3.5,8.0,13.237449,5.092176,243.47978,58000000.0,0.041239,0.41239,0.0010945
3d6.(3G).4p,x 4G*,4.5,10.0,8.145273,3d6.(3F2).4d,2G,3.5,8.0,13.253957,5.108685,242.693,65000000.0,0.045917,0.45917,0.0012186
3d6.(3G).4p,x 4G*,4.5,10.0,8.145273,3d6.(3F2).4d,2G,4.5,10.0,13.256941,5.111669,242.55132,22000000.0,0.019404,0.19404,0.00051498
3d6.(3G).4p,x 4G*,4.5,10.0,8.145273,3d6.(3G).4d,4G,5.5,12.0,13.412805,5.267532,235.37436,54000000.0,0.053821,0.53821,0.0014284
3d6.(3G).4p,x 4G*,4.5,10.0,8.145273,3d6.(3G).4d,4D,3.5,8.0,13.43559,5.290318,234.36059,101000000.0,0.066533,0.66533,0.0017658
3d6.(3G).4p,x 4G*,4.5,10.0,8.145273,3d6.(3G).4d,4H,5.5,12.0,13.438391,5.293119,234.23658,181000000.0,0.17866,1.7866,0.0047417
3d6.(3G).4p,x 4G*,4.5,10.0,8.145273,3d6.(3G).4d,4G,4.5,10.0,13.438834,5.293562,234.21697,270000000.0,0.22205,2.2205,0.0058933
3d6.(3G).4p,x 4G*,4.5,10.0,8.145273,3d6.(3G).4d,4G,3.5,8.0,13.45695,5.311678,233.41815,44000000.0,0.028752,0.28752,0.00076308
3d6.(3G).4p,x 4G*,4.5,10.0,8.145273,3d6.(3D).5s,4D,3.5,8.0,13.490065,5.344792,231.97196,1900000.0,0.0012262,0.012262,3.2544e-05
3d6.(3G).4p,x 4G*,4.5,10.0,8.145273,3d6.(3G).4d,2G,4.5,10.0,13.591795,5.446522,227.63921,1300000.0,0.0010099,0.010099,2.6804e-05
3d6.(3G).4p,x 4G*,3.5,8.0,8.174447,3d5.4s2,4F,2.5,6.0,9.099923,0.925477,1339.67931,5000.0,0.0001009,0.0008072,2.6779e-06
3d6.(3G).4p,x 4G*,3.5,8.0,8.174447,3d6.(3H).5s,e 4H,4.5,10.0,12.205675,4.031229,307.55933,310000.0,0.00054953,0.0043962,1.4584e-05
3d6.(3G).4p,x 4G*,3.5,8.0,8.174447,3d6.(3F2).5s,f 4F,3.5,8.0,12.359781,4.185334,296.23488,2300000.0,0.0030259,0.024207,8.0308e-05
3d6.(3G).4p,x 4G*,3.5,8.0,8.174447,3d6.(3G).5s,f 4G,4.5,10.0,12.748674,4.574228,271.04946,41000000.0,0.056448,0.45159,0.0014981
3d6.(3G).4p,x 4G*,3.5,8.0,8.174447,3d6.(3G).5s,f 4G,3.5,8.0,12.775235,4.600789,269.48466,71000000.0,0.077301,0.61841,0.0020516
3d6.(3G).4p,x 4G*,3.5,8.0,8.174447,3d6.(3G).5s,f 4G,2.5,6.0,12.791719,4.617273,268.52259,8000000.0,0.0064859,0.051887,0.00017214
3d6.(3G).4p,x 4G*,3.5,8.0,8.174447,3d6.(3G).5s,e 2G,4.5,10.0,12.845869,4.671422,265.40995,1100000.0,0.0014521,0.011617,3.8539e-05
3d6.(3G).4p,x 4G*,3.5,8.0,8.174447,3d6.(5D).5d,4F,2.5,6.0,12.897322,4.722876,262.51843,800000.0,0.00061991,0.0049593,1.6452e-05
3d6.(3G).4p,x 4G*,3.5,8.0,8.174447,3d6.(3H).4d,4F,3.5,8.0,13.045693,4.871246,254.52254,2500000.0,0.002428,0.019424,6.444e-05
3d6.(3G).4p,x 4G*,3.5,8.0,8.174447,3d6.(3F2).4d,4G,3.5,8.0,13.054422,4.879975,254.06726,4000000.0,0.0038709,0.030968,0.00010273
3d6.(3G).4p,x 4G*,3.5,8.0,8.174447,3d6.(3F2).4d,4D,2.5,6.0,13.065383,4.890937,253.49785,700000.0,0.00050579,0.0040463,1.3424e-05
3d6.(3G).4p,x 4G*,3.5,8.0,8.174447,3d6.(3H).4d,2H,4.5,10.0,13.144641,4.970195,249.45542,1900000.0,0.0022157,0.017726,5.8804e-05
3d6.(3G).4p,x 4G*,3.5,8.0,8.174447,3d6.(3H).4d,4F,4.5,10.0,13.231865,5.057418,245.15315,1400000.0,0.0015768,0.012614,4.1848e-05
3d6.(3G).4p,x 4G*,3.5,8.0,8.174447,3d6.(3F2).4d,4F,3.5,8.0,13.237449,5.063002,244.88276,3600000.0,0.0032365,0.025892,8.5897e-05
3d6.(3G).4p,x 4G*,3.5,8.0,8.174447,3d6.(5D).5d,4P,2.5,6.0,13.241101,5.066654,244.70627,26000000.0,0.017506,0.14005,0.00046461
3d6.(3G).4p,x 4G*,3.5,8.0,8.174447,3d6.(3F2).4d,4F,2.5,6.0,13.249791,5.075344,244.28727,75000000.0,0.050325,0.4026,0.0013356
3d6.(3G).4p,x 4G*,3.5,8.0,8.174447,3d6.(3G).4d,4D,3.5,8.0,13.43559,5.261144,235.66016,45000000.0,0.037467,0.29973,0.00099436
3d6.(3G).4p,x 4G*,3.5,8.0,8.174447,3d6.(3G).4d,4G,4.5,10.0,13.438834,5.264387,235.51495,20000000.0,0.020789,0.16631,0.00055174
3d6.(3G).4p,x 4G*,3.5,8.0,8.174447,3d6.(3G).4d,4G,3.5,8.0,13.45695,5.282504,234.70727,320000000.0,0.26428,2.1142,0.007014
3d6.(3G).4p,x 4G*,3.5,8.0,8.174447,3d6.(3G).4d,4H,4.5,10.0,13.461906,5.28746,234.48727,273000000.0,0.2813,2.2504,0.0074657
3d6.(3G).4p,x 4G*,3.5,8.0,8.174447,3d6.(3G).4d,4D,2.5,6.0,13.469947,5.295501,234.13122,58000000.0,0.035749,0.28599,0.00094879
3d6.(3G).4p,x 4G*,3.5,8.0,8.174447,3d6.(3G).4d,4H,3.5,8.0,13.478251,5.303804,233.76466,4100000.0,0.0033589,0.026871,8.9146e-05
3d6.(3G).4p,x 4F*,4.5,10.0,8.184541,3d5.4s2,4F,4.5,10.0,9.099668,0.915127,1354.83066,7000.0,0.00019263,0.0019263,5.1124e-06
3d6.(3G).4p,x 4F*,4.5,10.0,8.184541,3d6.(5D).4d,e 4G,4.5,10.0,10.561566,2.377025,521.59405,60000.0,0.00024472,0.0024472,6.495e-06
3d6.(3G).4p,x 4F*,4.5,10.0,8.184541,3d6.(3H).5s,e 4H,5.5,12.0,12.187015,4.002474,309.76887,420000.0,0.00072505,0.0072505,1.9243e-05
3d6.(3G).4p,x 4F*,4.5,10.0,8.184541,3d6.(3G).5s,f 4G,5.5,12.0,12.718917,4.534376,273.43167,36000000.0,0.048422,0.48422,0.0012851
3d6.(3G).4p,x 4F*,4.5,10.0,8.184541,3d6.(3G).5s,f 4G,4.5,10.0,12.748674,4.564134,271.64893,72000000.0,0.079654,0.79654,0.002114
3d6.(3G).4p,x 4F*,4.5,10.0,8.184541,3d6.(3G).5s,f 4G,3.5,8.0,12.775235,4.590694,270.07723,1900000.0,0.0016622,0.016622,4.4114e-05
3d6.(3G).4p,x 4F*,4.5,10.0,8.184541,3d6.(3H).4d,4G,5.5,12.0,12.844816,4.660275,266.04481,1300000.0,0.0016554,0.016554,4.3933e-05
3d6.(3G).4p,x 4F*,4.5,10.0,8.184541,3d6.(3G).5s,e 2G,4.5,10.0,12.845869,4.661328,265.98471,1800000.0,0.0019092,0.019092,5.0669e-05
3d6.(3G).4p,x 4F*,4.5,10.0,8.184541,3d6.(3H).4d,4H,5.5,12.0,12.863568,4.679027,264.9786,2700000.0,0.0034106,0.034106,9.0516e-05
3d6.(3G).4p,x 4F*,4.5,10.0,8.184541,3d6.(3F2).4d,4F,4.5,10.0,13.007995,4.823454,257.04445,13000000.0,0.012877,0.12877,0.00034176
3d6.(3G).4p,x 4F*,4.5,10.0,8.184541,3d6.(3F2).4d,4G,5.5,12.0,13.026221,4.84168,256.07679,7200000.0,0.008494,0.08494,0.00022543
3d6.(3G).4p,x 4F*,4.5,10.0,8.184541,3d6.(3H).4d,4F,4.5,10.0,13.231865,5.047324,245.64344,41000000.0,0.03709,0.3709,0.00098436
3d6.(3G).4p,x 4F*,4.5,10.0,8.184541,3d6.(3G).4d,4G,5.5,12.0,13.412805,5.228264,237.14221,95000000.0,0.096113,0.96113,0.0025508
3d6.(3G).4p,x 4F*,4.5,10.0,8.184541,3d6.(3G).4d,4D,3.5,8.0,13.43559,5.251049,236.11319,327000000.0,0.21864,2.1864,0.0058028
3d6.(3G).4p,x 4F*,4.5,10.0,8.184541,3d6.(3G).4d,4H,5.5,12.0,13.438391,5.25385,235.98732,179000000.0,0.17934,1.7934,0.0047596
3d6.(3G).4p,x 4F*,4.5,10.0,8.184541,3d6.(3G).4d,4G,4.5,10.0,13.438834,5.254293,235.96742,112000000.0,0.093494,0.93494,0.0024813
3d6.(3G).4p,x 4F*,4.5,10.0,8.184541,3d6.(3G).4d,2H,5.5,12.0,13.598996,5.414455,228.98739,3100000.0,0.0029243,0.029243,7.7612e-05
3d6.(3G).4p,x 4G*,2.5,6.0,8.192662,3d6.(5D).4d,e 4G,3.5,8.0,10.59605,2.403388,515.8725,80000.0,0.00042557,0.0025534,1.1295e-05
3d6.(3G).4p,x 4G*,2.5,6.0,8.192662,3d6.(3F2).5s,f 4F,2.5,6.0,12.376605,4.183943,296.33336,1400000.0,0.0018431,0.011059,4.8916e-05
3d6.(3G).4p,x 4G*,2.5,6.0,8.192662,3d6.(3F2).5s,f 4F,1.5,4.0,12.388323,4.195661,295.50574,3500000.0,0.0030547,0.018328,8.1072e-05
3d6.(3G).4p,x 4G*,2.5,6.0,8.192662,3d6.(3F2).5s,e 2F,2.5,6.0,12.491386,4.298725,288.42089,900000.0,0.0011224,0.0067345,2.9789e-05
3d6.(3G).4p,x 4G*,2.5,6.0,8.192662,3d6.(3G).5s,f 4G,3.5,8.0,12.775235,4.582574,270.55582,25000000.0,0.036581,0.21948,0.00097085
3d6.(3G).4p,x 4G*,2.5,6.0,8.192662,3d6.(3G).5s,f 4G,2.5,6.0,12.791719,4.599058,269.5861,94000000.0,0.10242,0.61452,0.0027182
3d6.(3G).4p,x 4G*,2.5,6.0,8.192662,3d6.(3H).4d,4H,3.5,8.0,12.892663,4.700001,263.7961,4900000.0,0.006816,0.040896,0.0001809
3d6.(3G).4p,x 4G*,2.5,6.0,8.192662,3d6.(3H).4d,2G,3.5,8.0,13.033591,4.84093,256.11649,600000.0,0.00078673,0.0047204,2.088e-05
3d6.(3G).4p,x 4G*,2.5,6.0,8.192662,3d6.(3F2).4d,4D,2.5,6.0,13.065383,4.872722,254.44546,2400000.0,0.0023295,0.013977,6.1825e-05
3d6.(3G).4p,x 4G*,2.5,6.0,8.192662,3d6.(3F2).4d,4H,3.5,8.0,13.091451,4.89879,253.0915,3100000.0,0.0039693,0.023816,0.00010535
3d6.(3G).4p,x 4G*,2.5,6.0,8.192662,3d6.(5D).5d,4F,1.5,4.0,13.247296,5.054635,245.28816,69000000.0,0.041493,0.24896,0.0011012
3d6.(3G).4p,x 4G*,2.5,6.0,8.192662,3d6.(3F2).4d,2D,2.5,6.0,13.316872,5.124211,241.95766,2800000.0,0.0024575,0.014745,6.5222e-05
3d6.(3G).4p,x 4G*,2.5,6.0,8.192662,3d6.(3F2).4d,2D,1.5,4.0,13.319714,5.127053,241.82353,22000000.0,0.012858,0.077151,0.00034126
3d6.(3G).4p,x 4G*,2.5,6.0,8.192662,3d6.(3F2).4d,2P,1.5,4.0,13.403428,5.210767,237.9385,6900000.0,0.0039043,0.023426,0.00010362
3d6.(3G).4p,x 4G*,2.5,6.0,8.192662,3d6.(3G).4d,4G,2.5,6.0,13.466417,5.273755,235.09661,319000000.0,0.26433,1.586,0.0070153
3d6.(3G).4p,x 4G*,2.5,6.0,8.192662,3d6.(3G).4d,4D,2.5,6.0,13.469947,5.277286,234.93934,54000000.0,0.044685,0.26811,0.0011859
3d6.(3G).4p,x 4G*,2.5,6.0,8.192662,3d6.(3G).4d,4H,3.5,8.0,13.478251,5.285589,234.57025,334000000.0,0.36736,2.2042,0.0097497
3d6.(3P2).4p,z 2S*,0.5,2.0,8.213785,3d6.(3P2).5s,4P,1.5,4.0,12.164657,3.950872,313.81478,10000000.0,0.029528,0.059056,0.00078368
3d6.(3P2).4p,z 2S*,0.5,2.0,8.213785,3d6.(3P2).5s,4P,0.5,2.0,12.281514,4.067728,304.7996,6100000.0,0.0084961,0.016992,0.00022549
3d6.(3P2).4p,z 2S*,0.5,2.0,8.213785,3d6.(3P2).5s,2P,1.5,4.0,12.282924,4.069139,304.69395,13000000.0,0.036188,0.072375,0.00096042
3d6.(3P2).4p,z 2S*,0.5,2.0,8.213785,3d6.(3P2).5s,2P,0.5,2.0,12.388708,4.174923,296.97363,73000000.0,0.09652,0.19304,0.0025616
3d6.(3P2).4p,z 2S*,0.5,2.0,8.213785,3d6.(3P2).4d,4D,0.5,2.0,12.870071,4.656286,266.27274,28000000.0,0.029763,0.059525,0.0007899
3d6.(3P2).4p,z 2S*,0.5,2.0,8.213785,3d6.(3H).4d,4F,1.5,4.0,12.917837,4.704052,263.56896,2000000.0,0.0041659,0.0083318,0.00011056
3d6.(3P2).4p,z 2S*,0.5,2.0,8.213785,3d6.(3P2).4d,4F,1.5,4.0,12.96539,4.751605,260.93121,4900000.0,0.010003,0.020006,0.00026548
3d6.(3P2).4p,z 2S*,0.5,2.0,8.213785,3d6.(3P2).4d,2P,0.5,2.0,12.985666,4.771881,259.82249,71000000.0,0.071857,0.14371,0.0019071
3d6.(3P2).4p,z 2S*,0.5,2.0,8.213785,3d6.(5D).5d,6D,0.5,2.0,12.98823,4.774445,259.68295,25000000.0,0.025275,0.050549,0.00067079
3d6.(3P2).4p,z 2S*,0.5,2.0,8.213785,3d6.(5D).5d,6G,1.5,4.0,13.054118,4.840332,256.14812,22000000.0,0.043281,0.086561,0.0011487
3d6.(3P2).4p,z 2S*,0.5,2.0,8.213785,3d6.(3P2).4d,2P,1.5,4.0,13.057693,4.843908,255.95903,64000000.0,0.12572,0.25144,0.0033367
3d6.(3P2).4p,z 2S*,0.5,2.0,8.213785,3d6.(3F2).4d,4D,1.5,4.0,13.075402,4.861617,255.02666,15000000.0,0.029252,0.058504,0.00077634
3d6.(3P2).4p,z 2S*,0.5,2.0,8.213785,3d6.(3F2).4d,4F,1.5,4.0,13.082582,4.868797,254.65059,49000000.0,0.095274,0.19055,0.0025286
3d6.(3P2).4p,z 2S*,0.5,2.0,8.213785,3d6.(5D).5d,4F,1.5,4.0,13.247296,5.033511,246.31754,11000000.0,0.020011,0.040022,0.0005311
3d6.(3P2).4p,z 2S*,0.5,2.0,8.213785,3d6.(3F2).4d,2D,1.5,4.0,13.319714,5.105929,242.82398,31000000.0,0.054807,0.10961,0.0014546
3d6.(3P2).4p,z 2S*,0.5,2.0,8.213785,3d6.(3F2).4d,2P,1.5,4.0,13.403428,5.189643,238.907,100000000.0,0.17114,0.34228,0.004542
3d6.(3G).4p,x 4F*,3.5,8.0,8.229738,3d5.4s2,4F,3.5,8.0,9.111878,0.882139,1405.49456,5000.0,0.00014808,0.0011846,3.93e-06
3d6.(3G).4p,x 4F*,3.5,8.0,8.229738,3d6.(3F2).5s,f 4F,3.5,8.0,12.359781,4.130043,300.20077,4900000.0,0.0066203,0.052963,0.0001757
3d6.(3G).4p,x 4F*,3.5,8.0,8.229738,3d6.(3G).5s,f 4G,4.5,10.0,12.748674,4.518936,274.36589,49000000.0,0.069124,0.55299,0.0018345
3d6.(3G).4p,x 4F*,3.5,8.0,8.229738,3d6.(3G).5s,f 4G,3.5,8.0,12.775235,4.545497,272.76268,47000000.0,0.052424,0.41939,0.0013913
3d6.(3G).4p,x 4F*,3.5,8.0,8.229738,3d6.(3G).5s,f 4G,2.5,6.0,12.791719,4.561981,271.7771,1500000.0,0.0012458,0.0099662,3.3063e-05
3d6.(3G).4p,x 4F*,3.5,8.0,8.229738,3d6.(3H).4d,4G,4.5,10.0,12.866007,4.636268,267.42239,1000000.0,0.0013402,0.010721,3.5569e-05
3d6.(3G).4p,x 4F*,3.5,8.0,8.229738,3d6.(3H).4d,4H,4.5,10.0,12.878767,4.649029,266.68839,1200000.0,0.0015994,0.012795,4.2448e-05
3d6.(3G).4p,x 4F*,3.5,8.0,8.229738,3d6.(5D).5d,4D,3.5,8.0,13.002624,4.772885,259.76781,700000.0,0.00070815,0.0056652,1.8794e-05
3d6.(3G).4p,x 4F*,3.5,8.0,8.229738,3d6.(5D).5d,4D,2.5,6.0,13.034183,4.804445,258.06146,1300000.0,0.00097344,0.0077875,2.5835e-05
3d6.(3G).4p,x 4F*,3.5,8.0,8.229738,3d6.(3F2).4d,4G,4.5,10.0,13.03757,4.807832,257.87966,7300000.0,0.0090976,0.072781,0.00024145
3d6.(3G).4p,x 4F*,3.5,8.0,8.229738,3d6.(5D).5d,4G,4.5,10.0,13.044511,4.814773,257.50787,6100000.0,0.0075802,0.060642,0.00020118
3d6.(3G).4p,x 4F*,3.5,8.0,8.229738,3d6.(3H).4d,4F,3.5,8.0,13.045693,4.815955,257.44469,14000000.0,0.013911,0.11129,0.0003692
3d6.(3G).4p,x 4F*,3.5,8.0,8.229738,3d6.(3P2).4d,2D,2.5,6.0,13.04795,4.818212,257.32409,9000000.0,0.0067008,0.053606,0.00017784
3d6.(3G).4p,x 4F*,3.5,8.0,8.229738,3d6.(3F2).4d,4D,2.5,6.0,13.065383,4.835645,256.39639,2900000.0,0.0021436,0.017149,5.6891e-05
3d6.(3G).4p,x 4F*,3.5,8.0,8.229738,3d6.(3F2).4d,4F,3.5,8.0,13.237449,5.007711,247.58658,20000000.0,0.01838,0.14704,0.0004878
3d6.(3G).4p,x 4F*,3.5,8.0,8.229738,3d6.(3F2).4d,2G,3.5,8.0,13.253957,5.024219,246.77308,26000000.0,0.023737,0.1899,0.00062998
3d6.(3G).4p,x 4F*,3.5,8.0,8.229738,3d6.(3G).4d,4D,3.5,8.0,13.43559,5.205852,238.16312,56000000.0,0.047621,0.38097,0.0012639
3d6.(3G).4p,x 4F*,3.5,8.0,8.229738,3d6.(3G).4d,4G,4.5,10.0,13.438834,5.209096,238.01481,117000000.0,0.12421,0.9937,0.0032966
3d6.(3G).4p,x 4F*,3.5,8.0,8.229738,3d6.(3G).4d,4G,3.5,8.0,13.45695,5.227212,237.18992,31000000.0,0.026147,0.20917,0.00069393
3d6.(3G).4p,x 4F*,3.5,8.0,8.229738,3d6.(3G).4d,4H,4.5,10.0,13.461906,5.232168,236.96524,102000000.0,0.10733,0.85868,0.0028487
3d6.(3G).4p,x 4F*,3.5,8.0,8.229738,3d6.(3G).4d,4G,2.5,6.0,13.466417,5.236679,236.76113,115000000.0,0.072484,0.57987,0.0019237
3d6.(3G).4p,x 4F*,3.5,8.0,8.229738,3d6.(3G).4d,4D,2.5,6.0,13.469947,5.240209,236.60163,250000000.0,0.15736,1.2589,0.0041764
3d6.(3G).4p,x 4F*,3.5,8.0,8.229738,3d6.(3D).5s,4D,2.5,6.0,13.478622,5.248883,236.21062,1100000.0,0.0006901,0.0055208,1.8315e-05
3d6.(3G).4p,x 4F*,3.5,8.0,8.229738,3d6.(3G).4d,2D,2.5,6.0,13.646416,5.416678,228.89344,6600000.0,0.003888,0.031104,0.00010319
3d6.(3G).4p,y 4H*,6.5,14.0,8.234003,3d6.(3H).5s,e 4H,6.5,14.0,12.166586,3.932583,315.27417,10000000.0,0.014902,0.20862,0.00039549
3d6.(3G).4p,y 4H*,6.5,14.0,8.234003,3d6.(3H).5s,e 4H,5.5,12.0,12.187015,3.953013,313.64483,800000.0,0.0010113,0.014158,2.684e-05
3d6.(3G).4p,y 4H*,6.5,14.0,8.234003,3d6.(3G).5s,f 4G,5.5,12.0,12.718917,4.484914,276.44721,134000000.0,0.1316,1.8423,0.0034926
3d6.(3G).4p,y 4H*,6.5,14.0,8.234003,3d6.(3H).4d,4G,5.5,12.0,12.844816,4.610813,268.89877,31000000.0,0.028804,0.40326,0.00076446
3d6.(3G).4p,y 4H*,6.5,14.0,8.234003,3d6.(3H).4d,4H,6.5,14.0,12.846942,4.612939,268.77483,21000000.0,0.022743,0.31841,0.00060361
3d6.(3G).4p,y 4H*,6.5,14.0,8.234003,3d6.(3H).4d,4I,7.5,16.0,12.879276,4.645274,266.90398,6500000.0,0.0079337,0.11107,0.00021056
3d6.(3G).4p,y 4H*,6.5,14.0,8.234003,3d6.(5D).5d,6G,5.5,12.0,12.967916,4.733913,261.9064,320000.0,0.00028207,0.003949,7.4861e-06
3d6.(3G).4p,y 4H*,6.5,14.0,8.234003,3d6.(5D).5d,4G,5.5,12.0,13.001409,4.767406,260.06639,410000.0,0.00035634,0.0049888,9.4573e-06
3d6.(3G).4p,y 4H*,6.5,14.0,8.234003,3d6.(3F2).4d,4G,5.5,12.0,13.026221,4.792219,258.71984,800000.0,0.00068812,0.0096336,1.8263e-05
3d6.(3G).4p,y 4H*,6.5,14.0,8.234003,3d6.(3G).4d,4H,6.5,14.0,13.406842,5.172839,239.68308,232000000.0,0.19981,2.7974,0.005303
3d6.(3G).4p,y 4H*,6.5,14.0,8.234003,3d6.(3G).4d,4G,5.5,12.0,13.412805,5.178802,239.40712,50000000.0,0.036826,0.51557,0.00097737
3d6.(3G).4p,y 4H*,6.5,14.0,8.234003,3d6.(3G).4d,4I,7.5,16.0,13.432175,5.198172,238.51499,600000000.0,0.58484,8.1877,0.015522
3d6.(3G).4p,y 4H*,6.5,14.0,8.234003,3d6.(3G).4d,4H,5.5,12.0,13.438391,5.204388,238.23011,3000000.0,0.0021879,0.030631,5.8067e-05
3d6.(3G).4p,y 4H*,6.5,14.0,8.234003,3d6.(3G).4d,4I,6.5,14.0,13.447812,5.213809,237.79966,11000000.0,0.0093256,0.13056,0.0002475
3d6.(3G).4p,y 4H*,6.5,14.0,8.234003,3d6.(1I).5s,2I,6.5,14.0,13.470724,5.236721,236.75924,1900000.0,0.0015967,0.022354,4.2377e-05
3d6.(3G).4p,y 4H*,5.5,12.0,8.240429,3d6.(3H).5s,e 4H,5.5,12.0,12.187015,3.946586,314.15553,9000000.0,0.013317,0.1598,0.00035342
3d6.(3G).4p,y 4H*,5.5,12.0,8.240429,3d6.(3H).5s,e 4H,4.5,10.0,12.205675,3.965246,312.67718,1000000.0,0.0012214,0.014657,3.2417e-05
3d6.(3G).4p,y 4H*,5.5,12.0,8.240429,3d6.(3G).5s,f 4G,4.5,10.0,12.748674,4.508245,275.01652,129000000.0,0.12189,1.4627,0.0032351
3d6.(3G).4p,y 4H*,5.5,12.0,8.240429,3d6.(5D).5d,4F,4.5,10.0,12.855063,4.614634,268.67611,1900000.0,0.0017135,0.020562,4.5477e-05
3d6.(3G).4p,y 4H*,5.5,12.0,8.240429,3d6.(3H).4d,4H,5.5,12.0,12.863568,4.623139,268.18186,20000000.0,0.021565,0.25878,0.00057233
3d6.(3G).4p,y 4H*,5.5,12.0,8.240429,3d6.(3H).4d,4G,4.5,10.0,12.866007,4.625578,268.04046,26000000.0,0.023337,0.28005,0.00061937
3d6.(3G).4p,y 4H*,5.5,12.0,8.240429,3d6.(3H).4d,4H,4.5,10.0,12.878767,4.638338,267.30307,2000000.0,0.0017853,0.021424,4.7382e-05
3d6.(3G).4p,y 4H*,5.5,12.0,8.240429,3d6.(3H).4d,4K,5.5,12.0,12.891106,4.650677,266.59387,470000.0,0.00050079,0.0060095,1.3291e-05
3d6.(3G).4p,y 4H*,5.5,12.0,8.240429,3d6.(3H).4d,4I,6.5,14.0,12.902374,4.661945,265.94951,7300000.0,0.0090308,0.10837,0.00023968
3d6.(3G).4p,y 4H*,5.5,12.0,8.240429,3d6.(3H).4d,2I,6.5,14.0,12.971513,4.731084,262.06298,12000000.0,0.014414,0.17297,0.00038256
3d6.(3G).4p,y 4H*,5.5,12.0,8.240429,3d6.(3H).4d,2G,4.5,10.0,12.994438,4.754009,260.79922,10000000.0,0.0084975,0.10197,0.00022552
3d6.(3G).4p,y 4H*,5.5,12.0,8.240429,3d6.(3F2).4d,2H,5.5,12.0,13.112976,4.872547,254.45459,11000000.0,0.010678,0.12813,0.00028338
3d6.(3G).4p,y 4H*,5.5,12.0,8.240429,3d6.(3H).4d,2H,5.5,12.0,13.147993,4.907564,252.639,23000000.0,0.022008,0.2641,0.0005841
3d6.(3G).4p,y 4H*,5.5,12.0,8.240429,3d6.(3G).4d,4H,6.5,14.0,13.406842,5.166413,239.9812,27000000.0,0.027197,0.32637,0.00072181
3d6.(3G).4p,y 4H*,5.5,12.0,8.240429,3d6.(3G).4d,4H,5.5,12.0,13.438391,5.197962,238.52463,181000000.0,0.15438,1.8526,0.0040974
3d6.(3G).4p,y 4H*,5.5,12.0,8.240429,3d6.(3G).4d,4G,4.5,10.0,13.438834,5.198405,238.5043,41000000.0,0.029138,0.34965,0.00077331
3d6.(3G).4p,y 4H*,5.5,12.0,8.240429,3d6.(3G).4d,4I,6.5,14.0,13.447812,5.207383,238.09311,460000000.0,0.4561,5.4732,0.012105
3d6.(3G).4p,y 4H*,5.5,12.0,8.240429,3d6.(3G).4d,4H,4.5,10.0,13.461906,5.221477,237.45042,3500000.0,0.0024654,0.029585,6.5432e-05
3d6.(3G).4p,y 4H*,5.5,12.0,8.240429,3d6.(1I).5s,2I,6.5,14.0,13.470724,5.230294,237.05013,42000000.0,0.04128,0.49536,0.0010956
3d6.(3G).4p,y 4H*,5.5,12.0,8.240429,3d6.(3G).4d,4I,5.5,12.0,13.486395,5.245966,236.34199,27000000.0,0.02261,0.27132,0.00060008
3d6.(3G).4p,y 4H*,5.5,12.0,8.240429,3d6.(3G).4d,2I,6.5,14.0,13.520429,5.28,234.81858,30000000.0,0.028933,0.3472,0.00076788
3d6.(3G).4p,x 4F*,2.5,6.0,8.247715,3d6.(3P2).5s,2P,1.5,4.0,12.282924,4.035209,307.25596,2200000.0,0.0020758,0.012455,5.5093e-05
3d6.(3G).4p,x 4F*,2.5,6.0,8.247715,3d6.(3F2).5s,f 4F,2.5,6.0,12.376605,4.12889,300.28461,4100000.0,0.0055425,0.033255,0.0001471
3d6.(3G).4p,x 4F*,2.5,6.0,8.247715,3d6.(3F2).5s,e 2F,3.5,8.0,12.459423,4.211708,294.37986,20000000.0,0.034645,0.20787,0.00091949
3d6.(3G).4p,x 4F*,2.5,6.0,8.247715,3d6.(3P2).4d,4D,3.5,8.0,12.783124,4.535409,273.3694,600000.0,0.00089629,0.0053778,2.3788e-05
3d6.(3G).4p,x 4F*,2.5,6.0,8.247715,3d6.(3G).5s,f 4G,2.5,6.0,12.791719,4.544004,272.85232,27000000.0,0.030136,0.18081,0.0007998
3d6.(3G).4p,x 4F*,2.5,6.0,8.247715,3d6.(3P2).4d,4F,2.5,6.0,12.964932,4.717216,262.83339,5700000.0,0.0059033,0.03542,0.00015667
3d6.(3G).4p,x 4F*,2.5,6.0,8.247715,3d6.(5D).5d,4D,2.5,6.0,13.034183,4.786467,259.0307,1000000.0,0.0010059,0.0060355,2.6697e-05
3d6.(3G).4p,x 4F*,2.5,6.0,8.247715,3d6.(5D).5d,6G,1.5,4.0,13.054118,4.806402,257.95635,3300000.0,0.0021947,0.013168,5.8247e-05
3d6.(3G).4p,x 4F*,2.5,6.0,8.247715,3d6.(3F2).4d,4G,3.5,8.0,13.054422,4.806707,257.94001,8000000.0,0.01064,0.063838,0.00028238
3d6.(3G).4p,x 4F*,2.5,6.0,8.247715,3d6.(3P2).4d,2P,1.5,4.0,13.057693,4.809978,257.76458,5800000.0,0.0038516,0.02311,0.00010222
3d6.(3G).4p,x 4F*,2.5,6.0,8.247715,3d6.(3F2).4d,4G,2.5,6.0,13.069693,4.821978,257.12311,1600000.0,0.0015858,0.0095151,4.2088e-05
3d6.(3G).4p,x 4F*,2.5,6.0,8.247715,3d6.(5D).5d,4G,3.5,8.0,13.074079,4.826364,256.88947,4900000.0,0.0064638,0.038783,0.00017155
3d6.(3G).4p,x 4F*,2.5,6.0,8.247715,3d6.(3F2).4d,4D,1.5,4.0,13.075402,4.827687,256.81904,22000000.0,0.014503,0.087016,0.0003849
3d6.(3G).4p,x 4F*,2.5,6.0,8.247715,3d6.(3F2).4d,4F,1.5,4.0,13.082582,4.834867,256.43766,13000000.0,0.0085443,0.051266,0.00022677
3d6.(3G).4p,x 4F*,2.5,6.0,8.247715,3d6.(3F2).4d,2F,3.5,8.0,13.114493,4.866777,254.75625,27000000.0,0.035028,0.21017,0.00092964
3d6.(3G).4p,x 4F*,2.5,6.0,8.247715,3d6.(3F2).4d,2F,2.5,6.0,13.168185,4.92047,251.97635,6300000.0,0.0059968,0.035981,0.00015916
3d6.(3G).4p,x 4F*,2.5,6.0,8.247715,3d6.(5D).5d,4P,2.5,6.0,13.241101,4.993385,248.29688,3500000.0,0.003235,0.01941,8.5856e-05
3d6.(3G).4p,x 4F*,2.5,6.0,8.247715,3d6.(5D).5d,4F,1.5,4.0,13.247296,4.999581,247.98919,12000000.0,0.0073759,0.044255,0.00019576
3d6.(3G).4p,x 4F*,2.5,6.0,8.247715,3d6.(3F2).4d,4F,2.5,6.0,13.249791,5.002076,247.86551,54000000.0,0.049738,0.29843,0.00132
3d6.(3G).4p,x 4F*,2.5,6.0,8.247715,3d6.(5D).5d,4P,1.5,4.0,13.274486,5.026771,246.6478,4900000.0,0.0029793,0.017876,7.9071e-05
3d6.(3G).4p,x 4F*,2.5,6.0,8.247715,3d6.(3F2).4d,2D,2.5,6.0,13.316872,5.069157,244.58544,44000000.0,0.039461,0.23677,0.0010473
3d6.(3G).4p,x 4F*,2.5,6.0,8.247715,3d6.(3F2).4d,2D,1.5,4.0,13.319714,5.071999,244.44838,4000000.0,0.0023889,0.014334,6.3402e-05
3d6.(3G).4p,x 4F*,2.5,6.0,8.247715,3d6.(3F2).4d,2P,1.5,4.0,13.403428,5.155713,240.47926,160000000.0,0.092479,0.55487,0.0024544
3d6.(3G).4p,x 4F*,2.5,6.0,8.247715,3d6.(3G).4d,4G,3.5,8.0,13.45695,5.209235,238.00846,111000000.0,0.12569,0.75415,0.0033359
3d6.(3G).4p,x 4F*,2.5,6.0,8.247715,3d6.(3G).4d,4G,2.5,6.0,13.466417,5.218702,237.57672,11000000.0,0.0093081,0.055848,0.00024704
3d6.(3G).4p,x 4F*,2.5,6.0,8.247715,3d6.(3G).4d,4D,2.5,6.0,13.469947,5.222232,237.41611,72000000.0,0.060843,0.36506,0.0016148
3d6.(3G).4p,x 4F*,2.5,6.0,8.247715,3d6.(3D).5s,4D,1.5,4.0,13.472408,5.224693,237.30428,17000000.0,0.0095682,0.057409,0.00025394
3d6.(3G).4p,x 4F*,2.5,6.0,8.247715,3d6.(3G).4d,4D,1.5,4.0,13.496856,5.249141,236.19903,163000000.0,0.090889,0.54534,0.0024122
3d6.(3G).4p,y 4H*,4.5,10.0,8.255989,3d6.(3H).5s,e 4H,4.5,10.0,12.205675,3.949686,313.90898,9000000.0,0.013296,0.13296,0.00035287
3d6.(3G).4p,y 4H*,4.5,10.0,8.255989,3d6.(3G).5s,f 4G,4.5,10.0,12.748674,4.492686,275.96901,3300000.0,0.0037679,0.037679,9.9999e-05
3d6.(3G).4p,y 4H*,4.5,10.0,8.255989,3d6.(3G).5s,f 4G,3.5,8.0,12.775235,4.519246,274.34707,136000000.0,0.12277,1.2277,0.0032583
3d6.(3G).4p,y 4H*,4.5,10.0,8.255989,3d6.(5D).5d,4F,3.5,8.0,12.871364,4.615375,268.63299,3500000.0,0.0030293,0.030293,8.0397e-05
3d6.(3G).4p,y 4H*,4.5,10.0,8.255989,3d6.(3H).4d,4H,4.5,10.0,12.878767,4.622778,268.2028,20000000.0,0.021568,0.21568,0.00057242
3d6.(3G).4p,y 4H*,4.5,10.0,8.255989,3d6.(3H).4d,4G,3.5,8.0,12.884641,4.628652,267.86244,21000000.0,0.018071,0.18071,0.00047962
3d6.(3G).4p,y 4H*,4.5,10.0,8.255989,3d6.(3H).4d,4K,5.5,12.0,12.891106,4.635117,267.48882,1800000.0,0.002317,0.02317,6.1493e-05
3d6.(3G).4p,y 4H*,4.5,10.0,8.255989,3d6.(3H).4d,4I,5.5,12.0,12.915965,4.659976,266.06187,6600000.0,0.0084052,0.084052,0.00022308
3d6.(3G).4p,y 4H*,4.5,10.0,8.255989,3d6.(3H).4d,2I,5.5,12.0,12.989261,4.733272,261.94181,4800000.0,0.005925,0.05925,0.00015725
3d6.(3G).4p,y 4H*,4.5,10.0,8.255989,3d6.(3H).4d,2G,3.5,8.0,13.033591,4.777603,259.51133,3800000.0,0.0030693,0.030693,8.146e-05
3d6.(3G).4p,y 4H*,4.5,10.0,8.255989,3d6.(3F2).4d,2H,4.5,10.0,13.154417,4.898428,253.11017,4300000.0,0.00413,0.0413,0.00010961
3d6.(3G).4p,y 4H*,4.5,10.0,8.255989,3d6.(3G).4d,4H,5.5,12.0,13.438391,5.182402,239.24079,28000000.0,0.028832,0.28832,0.00076519
3d6.(3G).4p,y 4H*,4.5,10.0,8.255989,3d6.(3G).4d,4G,3.5,8.0,13.45695,5.200961,238.38709,43000000.0,0.029308,0.29308,0.00077783
3d6.(3G).4p,y 4H*,4.5,10.0,8.255989,3d6.(3G).4d,4H,4.5,10.0,13.461906,5.205917,238.16014,189000000.0,0.16072,1.6072,0.0042654
3d6.(3G).4p,y 4H*,4.5,10.0,8.255989,3d6.(1I).5s,2I,5.5,12.0,13.468456,5.212467,237.86086,12000000.0,0.012214,0.12214,0.00032417
3d6.(3G).4p,y 4H*,4.5,10.0,8.255989,3d6.(3G).4d,4I,5.5,12.0,13.486395,5.230406,237.04508,540000000.0,0.54588,5.4588,0.014488
3d6.(3G).4p,y 4H*,4.5,10.0,8.255989,3d6.(3G).4d,4I,4.5,10.0,13.505479,5.24949,236.18334,34000000.0,0.028434,0.28434,0.00075464
3d6.(3G).4p,y 4H*,4.5,10.0,8.255989,3d6.(3G).4d,2F,3.5,8.0,13.708972,5.452983,227.36951,1400000.0,0.00086804,0.0086804,2.3038e-05
3d6.(3G).4p,x 4F*,1.5,4.0,8.258917,3d6.(5D).4d,e 4G,2.5,6.0,10.622936,2.364019,524.46372,800000.0,0.0049485,0.019794,0.00013133
3d6.(3G).4p,x 4F*,1.5,4.0,8.258917,3d6.(3F2).5s,f 4F,1.5,4.0,12.388323,4.129406,300.24707,3900000.0,0.0052709,0.021083,0.00013989
3d6.(3G).4p,x 4F*,1.5,4.0,8.258917,3d6.(3P2).5s,2P,0.5,2.0,12.388708,4.129791,300.21906,10000000.0,0.0067563,0.027025,0.00017931
3d6.(3G).4p,x 4F*,1.5,4.0,8.258917,3d6.(3F2).5s,e 2F,2.5,6.0,12.491386,4.232469,292.93586,24000000.0,0.046313,0.18525,0.0012292
3d6.(3G).4p,x 4F*,1.5,4.0,8.258917,3d6.(3G).5s,f 4G,2.5,6.0,12.791719,4.532802,273.52661,49000000.0,0.082442,0.32977,0.002188
3d6.(3G).4p,x 4F*,1.5,4.0,8.258917,3d6.(3P2).4d,2F,2.5,6.0,12.844442,4.585525,270.38171,2300000.0,0.0037812,0.015125,0.00010035
3d6.(3G).4p,x 4F*,1.5,4.0,8.258917,3d6.(3P2).4d,4D,0.5,2.0,12.870071,4.611154,268.87889,2600000.0,0.001409,0.0056361,3.7395e-05
3d6.(3G).4p,x 4F*,1.5,4.0,8.258917,3d6.(3H).4d,2F,2.5,6.0,12.920346,4.661429,265.97895,2300000.0,0.0036591,0.014636,9.7112e-05
3d6.(3G).4p,x 4F*,1.5,4.0,8.258917,3d6.(3P2).4d,4F,1.5,4.0,12.96539,4.706473,263.43335,1200000.0,0.0012485,0.0049939,3.3135e-05
3d6.(3G).4p,x 4F*,1.5,4.0,8.258917,3d6.(3P2).4d,2P,0.5,2.0,12.985666,4.726749,262.30331,26000000.0,0.013409,0.053638,0.00035589
3d6.(3G).4p,x 4F*,1.5,4.0,8.258917,3d6.(5D).5d,6D,0.5,2.0,12.98823,4.729313,262.1611,9000000.0,0.0046367,0.018547,0.00012306
3d6.(3G).4p,x 4F*,1.5,4.0,8.258917,3d6.(5D).5d,4D,1.5,4.0,13.046893,4.787976,258.94907,1100000.0,0.0011058,0.0044232,2.9348e-05
3d6.(3G).4p,x 4F*,1.5,4.0,8.258917,3d6.(3P2).4d,2P,1.5,4.0,13.057693,4.798776,258.36628,4700000.0,0.0047036,0.018814,0.00012483
3d6.(3G).4p,x 4F*,1.5,4.0,8.258917,3d6.(3F2).4d,4G,2.5,6.0,13.069693,4.810776,257.72181,9000000.0,0.013443,0.053772,0.00035678
3d6.(3G).4p,x 4F*,1.5,4.0,8.258917,3d6.(3F2).4d,4D,0.5,2.0,13.077596,4.818679,257.29916,15000000.0,0.0074438,0.029775,0.00019756
3d6.(3G).4p,x 4F*,1.5,4.0,8.258917,3d6.(3F2).4d,4F,1.5,4.0,13.082582,4.823665,257.03318,4200000.0,0.0041599,0.01664,0.0001104
3d6.(3G).4p,x 4F*,1.5,4.0,8.258917,3d6.(5D).5d,4G,2.5,6.0,13.096546,4.837629,256.29128,3500000.0,0.00517,0.02068,0.00013721
3d6.(3G).4p,x 4F*,1.5,4.0,8.258917,3d6.(3F2).4d,2F,2.5,6.0,13.168185,4.909268,252.5513,52000000.0,0.074585,0.29834,0.0019795
3d6.(3G).4p,x 4F*,1.5,4.0,8.258917,3d6.(5D).5d,4F,1.5,4.0,13.247296,4.988379,248.54607,67000000.0,0.062051,0.2482,0.0016468
3d6.(3G).4p,x 4F*,1.5,4.0,8.258917,3d6.(5D).5d,4P,1.5,4.0,13.274486,5.015569,247.19867,7300000.0,0.0066877,0.026751,0.00017749
3d6.(3G).4p,x 4F*,1.5,4.0,8.258917,3d6.(5D).5d,4P,0.5,2.0,13.288142,5.029225,246.52745,6000000.0,0.0027335,0.010934,7.2546e-05
3d6.(3G).4p,x 4F*,1.5,4.0,8.258917,3d6.(3F2).4d,2D,2.5,6.0,13.316872,5.057955,245.12712,5500000.0,0.0074318,0.029727,0.00019724
3d6.(3G).4p,x 4F*,1.5,4.0,8.258917,3d6.(3F2).4d,2D,1.5,4.0,13.319714,5.060797,244.98946,35000000.0,0.031494,0.12597,0.00083584
3d6.(3G).4p,x 4F*,1.5,4.0,8.258917,3d6.(3F2).4d,2P,1.5,4.0,13.403428,5.144511,241.00288,54000000.0,0.047022,0.18809,0.001248
3d6.(3G).4p,x 4F*,1.5,4.0,8.258917,3d6.(3G).4d,4G,2.5,6.0,13.466417,5.2075,238.08776,59000000.0,0.07521,0.30084,0.0019961
3d6.(3G).4p,x 4F*,1.5,4.0,8.258917,3d6.(3G).4d,4D,2.5,6.0,13.469947,5.21103,237.92647,43000000.0,0.05474,0.21896,0.0014528
3d6.(3G).4p,x 4F*,1.5,4.0,8.258917,3d6.(3D).5s,4D,0.5,2.0,13.473026,5.214109,237.78598,23000000.0,0.0097483,0.038993,0.00025872
3d6.(3G).4p,x 4F*,1.5,4.0,8.258917,3d6.(3G).4d,4D,1.5,4.0,13.496856,5.237939,236.70416,41000000.0,0.034439,0.13776,0.00091402
3d6.(3G).4p,x 4F*,1.5,4.0,8.258917,3d6.(3G).4d,4D,0.5,2.0,13.505242,5.246325,236.32579,240000000.0,0.10048,0.4019,0.0026666
3d6.(3G).4p,y 4H*,3.5,8.0,8.266316,3d6.(3H).5s,e 4H,3.5,8.0,12.220987,3.954671,313.51332,9000000.0,0.013262,0.1061,0.00035198
3d6.(3G).4p,y 4H*,3.5,8.0,8.266316,3d6.(3G).5s,f 4G,4.5,10.0,12.748674,4.482358,276.60483,330000.0,0.00047315,0.0037852,1.2558e-05
3d6.(3G).4p,y 4H*,3.5,8.0,8.266316,3d6.(3G).5s,f 4G,3.5,8.0,12.775235,4.508919,274.97543,5900000.0,0.006688,0.053504,0.0001775
3d6.(3G).4p,y 4H*,3.5,8.0,8.266316,3d6.(3G).5s,f 4G,2.5,6.0,12.791719,4.525403,273.97382,147000000.0,0.12407,0.99254,0.0032927
3d6.(3G).4p,y 4H*,3.5,8.0,8.266316,3d6.(3H).4d,4H,3.5,8.0,12.892663,4.626347,267.99591,18000000.0,0.019382,0.15505,0.00051439
3d6.(3G).4p,y 4H*,3.5,8.0,8.266316,3d6.(3H).4d,4G,2.5,6.0,12.89965,4.633334,267.59177,25000000.0,0.020128,0.16103,0.0005342
3d6.(3G).4p,y 4H*,3.5,8.0,8.266316,3d6.(3H).4d,4I,4.5,10.0,12.918222,4.651906,266.52344,8000000.0,0.01065,0.085196,0.00028264
3d6.(3G).4p,y 4H*,3.5,8.0,8.266316,3d6.(3H).4d,2F,2.5,6.0,12.920346,4.65403,266.40181,8000000.0,0.0063839,0.051071,0.00016943
3d6.(3G).4p,y 4H*,3.5,8.0,8.266316,3d6.(5D).5d,4G,2.5,6.0,13.096546,4.83023,256.68387,700000.0,0.00051858,0.0041486,1.3763e-05
3d6.(3G).4p,y 4H*,3.5,8.0,8.266316,3d6.(3G).4d,4H,4.5,10.0,13.461906,5.19559,238.63352,25000000.0,0.026679,0.21343,0.00070807
3d6.(3G).4p,y 4H*,3.5,8.0,8.266316,3d6.(3G).4d,4G,2.5,6.0,13.466417,5.200101,238.42653,27000000.0,0.017258,0.13807,0.00045803
3d6.(3G).4p,y 4H*,3.5,8.0,8.266316,3d6.(3G).4d,4D,2.5,6.0,13.469947,5.203631,238.26478,14000000.0,0.0089365,0.071492,0.00023718
3d6.(3G).4p,y 4H*,3.5,8.0,8.266316,3d6.(3G).4d,4H,3.5,8.0,13.478251,5.211935,237.88517,219000000.0,0.1858,1.4864,0.004931
3d6.(3G).4p,y 4H*,3.5,8.0,8.266316,3d6.(3G).4d,4I,4.5,10.0,13.505479,5.239163,236.64889,570000000.0,0.59821,4.7857,0.015876
3d6.(3F2).4p,y 2D*,2.5,6.0,8.307007,3d6.(3P2).5s,4P,1.5,4.0,12.164657,3.85765,321.39824,4400000.0,0.0045426,0.027256,0.00012056
3d6.(3F2).4p,y 2D*,2.5,6.0,8.307007,3d6.(3P2).5s,2P,1.5,4.0,12.282924,3.975917,311.83798,9000000.0,0.0087472,0.052483,0.00023215
3d6.(3F2).4p,y 2D*,2.5,6.0,8.307007,3d6.(3F2).5s,f 4F,3.5,8.0,12.359781,4.052774,305.9243,2100000.0,0.0039287,0.023572,0.00010427
3d6.(3F2).4p,y 2D*,2.5,6.0,8.307007,3d6.(3F2).5s,e 2F,3.5,8.0,12.459423,4.152416,298.58326,54000000.0,0.096233,0.5774,0.002554
3d6.(3F2).4p,y 2D*,2.5,6.0,8.307007,3d6.(3P2).4d,2F,3.5,8.0,12.794173,4.487166,276.30845,5800000.0,0.0088515,0.053109,0.00023492
3d6.(3F2).4p,y 2D*,2.5,6.0,8.307007,3d6.(3H).4d,4G,3.5,8.0,12.884641,4.577634,270.84778,800000.0,0.0011731,0.0070387,3.1134e-05
3d6.(3F2).4p,y 2D*,2.5,6.0,8.307007,3d6.(3H).4d,4G,2.5,6.0,12.89965,4.592643,269.96264,700000.0,0.00076483,0.004589,2.0299e-05
3d6.(3F2).4p,y 2D*,2.5,6.0,8.307007,3d6.(3H).4d,4F,2.5,6.0,12.957224,4.650217,266.62025,2000000.0,0.0021315,0.012789,5.6569e-05
3d6.(3F2).4p,y 2D*,2.5,6.0,8.307007,3d6.(3P2).4d,4F,2.5,6.0,12.964932,4.657925,266.17905,2800000.0,0.0029742,0.017845,7.8934e-05
3d6.(3F2).4p,y 2D*,2.5,6.0,8.307007,3d6.(3P2).4d,4F,1.5,4.0,12.96539,4.658383,266.15285,3200000.0,0.0022656,0.013594,6.0129e-05
3d6.(3F2).4p,y 2D*,2.5,6.0,8.307007,3d6.(5D).5d,4D,1.5,4.0,13.046893,4.739886,261.57631,12000000.0,0.0082063,0.049238,0.00021779
3d6.(3F2).4p,y 2D*,2.5,6.0,8.307007,3d6.(3P2).4d,2D,2.5,6.0,13.04795,4.740943,261.51801,6600000.0,0.0067672,0.040603,0.0001796
3d6.(3F2).4p,y 2D*,2.5,6.0,8.307007,3d6.(5D).5d,6G,1.5,4.0,13.054118,4.747111,261.17824,15000000.0,0.010227,0.06136,0.00027142
3d6.(3F2).4p,y 2D*,2.5,6.0,8.307007,3d6.(3F2).4d,4G,3.5,8.0,13.054422,4.747415,261.16149,2000000.0,0.0027268,0.016361,7.2368e-05
3d6.(3F2).4p,y 2D*,2.5,6.0,8.307007,3d6.(3P2).4d,2P,1.5,4.0,13.057693,4.750686,260.98165,49000000.0,0.033357,0.20014,0.00088529
3d6.(3F2).4p,y 2D*,2.5,6.0,8.307007,3d6.(3F2).4d,2F,3.5,8.0,13.114493,4.807486,257.89822,116000000.0,0.15422,0.92535,0.0040931
3d6.(3F2).4p,y 2D*,2.5,6.0,8.307007,3d6.(3F2).4d,2D,2.5,6.0,13.316872,5.009865,247.48011,215000000.0,0.19741,1.1845,0.0052394
3d6.(3F2).4p,y 2D*,2.5,6.0,8.307007,3d6.(3F2).4d,2D,1.5,4.0,13.319714,5.012707,247.33979,43000000.0,0.026292,0.15775,0.00069779
3d6.(3F2).4p,y 2D*,2.5,6.0,8.307007,3d6.(3F2).4d,2P,1.5,4.0,13.403428,5.096421,243.27699,80000000.0,0.047322,0.28393,0.0012559
3d6.(3F2).4p,y 2D*,2.5,6.0,8.307007,3d6.(3G).4d,4G,3.5,8.0,13.45695,5.149943,240.74867,33000000.0,0.038233,0.2294,0.0010147
3d6.(3F2).4p,y 2D*,2.5,6.0,8.307007,3d6.(3G).4d,4G,2.5,6.0,13.466417,5.15941,240.30694,15000000.0,0.012986,0.077917,0.00034465
3d6.(3F2).4p,y 2D*,2.5,6.0,8.307007,3d6.(3G).4d,4D,2.5,6.0,13.469947,5.16294,240.14262,18000000.0,0.015562,0.093373,0.00041302
3d6.(3F2).4p,y 2D*,2.5,6.0,8.307007,3d6.(3G).4d,4H,3.5,8.0,13.478251,5.171244,239.75702,3300000.0,0.0037919,0.022751,0.00010064
3d6.(3F2).4p,y 2D*,2.5,6.0,8.307007,3d6.(3G).4d,4D,1.5,4.0,13.496856,5.189849,238.8975,181000000.0,0.10325,0.61947,0.0027401
3d6.(3F2).4p,y 2D*,2.5,6.0,8.307007,3d6.(3D).5s,2D,2.5,6.0,13.595145,5.288138,234.45718,4200000.0,0.0034613,0.020768,9.1862e-05
3d6.(3F2).4p,y 2D*,2.5,6.0,8.307007,3d6.(3G).4d,2F,2.5,6.0,13.714119,5.407112,229.29837,3100000.0,0.0024436,0.014661,6.4852e-05
3d6.(3F2).4p,y 2D*,1.5,4.0,8.340892,3d6.(3P2).5s,2P,1.5,4.0,12.282924,3.942032,314.51851,1300000.0,0.0019279,0.0077118,5.1168e-05
3d6.(3F2).4p,y 2D*,1.5,4.0,8.340892,3d6.(3F2).5s,f 4F,2.5,6.0,12.376605,4.035713,307.21761,1300000.0,0.0027592,0.011037,7.323e-05
3d6.(3F2).4p,y 2D*,1.5,4.0,8.340892,3d6.(3P2).5s,2P,0.5,2.0,12.388708,4.047816,306.29901,19000000.0,0.013362,0.053448,0.00035463
3d6.(3F2).4p,y 2D*,1.5,4.0,8.340892,3d6.(3F2).5s,e 2F,2.5,6.0,12.491386,4.150494,298.72155,41000000.0,0.082275,0.3291,0.0021836
3d6.(3F2).4p,y 2D*,1.5,4.0,8.340892,3d6.(3G).5s,f 4G,2.5,6.0,12.791719,4.450827,278.56441,27000000.0,0.047116,0.18846,0.0012505
3d6.(3F2).4p,y 2D*,1.5,4.0,8.340892,3d6.(3P2).4d,2P,0.5,2.0,12.985666,4.644774,266.93268,54000000.0,0.028842,0.11537,0.00076547
3d6.(3F2).4p,y 2D*,1.5,4.0,8.340892,3d6.(5D).5d,6D,0.5,2.0,12.98823,4.647338,266.78541,18000000.0,0.0096034,0.038414,0.00025487
3d6.(3F2).4p,y 2D*,1.5,4.0,8.340892,3d6.(3F2).4d,4G,2.5,6.0,13.069693,4.728801,262.1895,2200000.0,0.003401,0.013604,9.0262e-05
3d6.(3F2).4p,y 2D*,1.5,4.0,8.340892,3d6.(3F2).4d,4D,0.5,2.0,13.077596,4.736704,261.75207,4300000.0,0.0022084,0.0088336,5.8611e-05
3d6.(3F2).4p,y 2D*,1.5,4.0,8.340892,3d6.(3F2).4d,2F,2.5,6.0,13.168185,4.827293,256.84003,109000000.0,0.1617,0.64679,0.0042914
3d6.(3F2).4p,y 2D*,1.5,4.0,8.340892,3d6.(3F2).4d,2D,2.5,6.0,13.316872,4.97598,249.16539,16000000.0,0.022338,0.089352,0.00059285
3d6.(3F2).4p,y 2D*,1.5,4.0,8.340892,3d6.(3F2).4d,2D,1.5,4.0,13.319714,4.978822,249.02315,177000000.0,0.16456,0.65822,0.0043673
3d6.(3F2).4p,y 2D*,1.5,4.0,8.340892,3d6.(3F2).4d,2P,1.5,4.0,13.403428,5.062536,244.90533,13000000.0,0.01169,0.046758,0.00031024
3d6.(3F2).4p,y 2D*,1.5,4.0,8.340892,3d6.(3G).4d,4G,2.5,6.0,13.466417,5.125525,241.89563,25000000.0,0.032896,0.13159,0.00087307
3d6.(3F2).4p,y 2D*,1.5,4.0,8.340892,3d6.(3G).4d,4D,2.5,6.0,13.469947,5.129055,241.72914,21000000.0,0.027595,0.11038,0.00073237
3d6.(3F2).4p,y 2D*,1.5,4.0,8.340892,3d6.(3G).4d,4D,1.5,4.0,13.496856,5.155964,240.46755,65000000.0,0.056349,0.2254,0.0014955
3d6.(3F2).4p,y 2D*,1.5,4.0,8.340892,3d6.(3G).4d,2F,2.5,6.0,13.714119,5.373227,230.7444,11000000.0,0.013171,0.052682,0.00034955
3d6.(3G).4p,y 2H*,5.5,12.0,8.370958,3d6.(3G).5s,f 4G,5.5,12.0,12.718917,4.347959,285.15493,6800000.0,0.0082895,0.099474,0.00022
3d6.(3G).4p,y 2H*,5.5,12.0,8.370958,3d6.(3G).5s,e 2G,4.5,10.0,12.845869,4.474911,277.06516,87000000.0,0.083438,1.0013,0.0022144
3d6.(3G).4p,y 2H*,5.5,12.0,8.370958,3d6.(5D).5d,4F,4.5,10.0,12.855063,4.484106,276.49706,2500000.0,0.0023878,0.028654,6.3372e-05
3d6.(3G).4p,y 2H*,5.5,12.0,8.370958,3d6.(3H).4d,2I,6.5,14.0,12.971513,4.600555,269.49834,36000000.0,0.045732,0.54879,0.0012137
3d6.(3G).4p,y 2H*,5.5,12.0,8.370958,3d6.(3H).4d,2G,4.5,10.0,12.994438,4.623481,268.16203,36000000.0,0.032343,0.38811,0.00085837
3d6.(3G).4p,y 2H*,5.5,12.0,8.370958,3d6.(5D).5d,6G,4.5,10.0,13.00204,4.631082,267.72189,3900000.0,0.0034923,0.041908,9.2685e-05
3d6.(3G).4p,y 2H*,5.5,12.0,8.370958,3d6.(3F2).4d,4F,4.5,10.0,13.007995,4.637037,267.37808,4100000.0,0.003662,0.043944,9.7188e-05
3d6.(3G).4p,y 2H*,5.5,12.0,8.370958,3d6.(3F2).4d,4G,4.5,10.0,13.03757,4.666612,265.68353,1000000.0,0.00088188,0.010583,2.3405e-05
3d6.(3G).4p,y 2H*,5.5,12.0,8.370958,3d6.(5D).5d,4G,4.5,10.0,13.044511,4.673554,265.28893,700000.0,0.00061548,0.0073858,1.6335e-05
3d6.(3G).4p,y 2H*,5.5,12.0,8.370958,3d6.(3F2).4d,4H,5.5,12.0,13.067795,4.696837,263.97379,700000.0,0.00073127,0.0087753,1.9408e-05
3d6.(3G).4p,y 2H*,5.5,12.0,8.370958,3d6.(3H).4d,2H,5.5,12.0,13.147993,4.777035,259.54217,97000000.0,0.09796,1.1755,0.0025998
3d6.(3G).4p,y 2H*,5.5,12.0,8.370958,3d6.(3H).4d,4F,4.5,10.0,13.231865,4.860907,255.06392,2600000.0,0.0021132,0.025359,5.6086e-05
3d6.(3G).4p,y 2H*,5.5,12.0,8.370958,3d6.(3G).4d,4G,5.5,12.0,13.412805,5.041847,245.91029,21000000.0,0.019038,0.22846,0.00050528
3d6.(3G).4p,y 2H*,5.5,12.0,8.370958,3d6.(3G).4d,4H,5.5,12.0,13.438391,5.067433,244.66863,17000000.0,0.015257,0.18308,0.00040492
3d6.(3G).4p,y 2H*,5.5,12.0,8.370958,3d6.(3G).4d,4I,6.5,14.0,13.447812,5.076854,244.21462,5400000.0,0.005633,0.067597,0.0001495
3d6.(3G).4p,y 2H*,5.5,12.0,8.370958,3d6.(1I).5s,2I,6.5,14.0,13.470724,5.099766,243.11744,4900000.0,0.0050656,0.060788,0.00013444
3d6.(3G).4p,y 2H*,5.5,12.0,8.370958,3d6.(3G).4d,2I,6.5,14.0,13.520429,5.149471,240.77076,440000000.0,0.44614,5.3536,0.01184
3d6.(3G).4p,y 2H*,5.5,12.0,8.370958,3d6.(3G).4d,2I,5.5,12.0,13.562617,5.191659,238.81423,8000000.0,0.0068402,0.082083,0.00018154
3d6.(3G).4p,y 2H*,5.5,12.0,8.370958,3d6.(3G).4d,2G,4.5,10.0,13.591795,5.220837,237.47956,40000000.0,0.028183,0.3382,0.00074798
3d6.(3G).4p,y 2H*,5.5,12.0,8.370958,3d6.(3G).4d,2H,5.5,12.0,13.598996,5.228039,237.15242,75000000.0,0.063238,0.75885,0.0016783
3d6.(3G).4p,y 2H*,5.5,12.0,8.370958,3d6.(3G).4d,2H,4.5,10.0,13.639292,5.268334,235.33852,12000000.0,0.0083032,0.099638,0.00022037
3d6.(3G).4p,y 2H*,4.5,10.0,8.431023,3d6.(3F2).5s,f 4F,4.5,10.0,12.345509,3.914486,316.73175,5600000.0,0.0084223,0.084223,0.00022353
3d6.(3G).4p,y 2H*,4.5,10.0,8.431023,3d6.(3G).5s,f 4G,4.5,10.0,12.748674,4.317652,287.15655,1400000.0,0.0017307,0.017307,4.5933e-05
3d6.(3G).4p,y 2H*,4.5,10.0,8.431023,3d6.(3G).5s,e 2G,4.5,10.0,12.845869,4.414846,280.83469,1700000.0,0.0020101,0.020101,5.3347e-05
3d6.(3G).4p,y 2H*,4.5,10.0,8.431023,3d6.(3H).4d,4G,3.5,8.0,12.884641,4.453618,278.38983,600000.0,0.00055771,0.0055771,1.4802e-05
3d6.(3G).4p,y 2H*,4.5,10.0,8.431023,3d6.(3H).4d,4K,5.5,12.0,12.891106,4.460083,277.98629,320000.0,0.00044487,0.0044487,1.1807e-05
3d6.(3G).4p,y 2H*,4.5,10.0,8.431023,3d6.(3G).5s,e 2G,3.5,8.0,12.89231,4.461288,277.91124,95000000.0,0.088001,0.88001,0.0023355
3d6.(3G).4p,y 2H*,4.5,10.0,8.431023,3d6.(3H).4d,2I,5.5,12.0,12.989261,4.558239,272.00023,33000000.0,0.043923,0.43923,0.0011657
3d6.(3G).4p,y 2H*,4.5,10.0,8.431023,3d6.(3F2).4d,4D,3.5,8.0,13.017582,4.586559,270.32073,15000000.0,0.013146,0.13146,0.0003489
3d6.(3G).4p,y 2H*,4.5,10.0,8.431023,3d6.(3H).4d,2G,3.5,8.0,13.033591,4.602569,269.38044,25000000.0,0.021758,0.21758,0.00057746
3d6.(3G).4p,y 2H*,4.5,10.0,8.431023,3d6.(3F2).4d,4G,3.5,8.0,13.054422,4.623399,268.16676,2100000.0,0.0018113,0.018113,4.8071e-05
3d6.(3G).4p,y 2H*,4.5,10.0,8.431023,3d6.(3H).4d,2H,5.5,12.0,13.147993,4.71697,262.84713,1100000.0,0.0013672,0.013672,3.6286e-05
3d6.(3G).4p,y 2H*,4.5,10.0,8.431023,3d6.(3F2).4d,2H,4.5,10.0,13.154417,4.723394,262.48962,35000000.0,0.036154,0.36154,0.00095952
3d6.(3G).4p,y 2H*,4.5,10.0,8.431023,3d6.(3H).4d,4F,4.5,10.0,13.231865,4.800842,258.25511,24000000.0,0.023998,0.23998,0.0006369
3d6.(3G).4p,y 2H*,4.5,10.0,8.431023,3d6.(3F2).4d,2G,3.5,8.0,13.253957,4.822934,257.07213,1900000.0,0.001506,0.01506,3.9968e-05
3d6.(3G).4p,y 2H*,4.5,10.0,8.431023,3d6.(3F2).4d,2G,4.5,10.0,13.256941,4.825918,256.91317,22000000.0,0.02177,0.2177,0.00057777
3d6.(3G).4p,y 2H*,4.5,10.0,8.431023,3d6.(3G).4d,4G,4.5,10.0,13.438834,5.007811,247.58161,6000000.0,0.0055138,0.055138,0.00014634
3d6.(3G).4p,y 2H*,4.5,10.0,8.431023,3d6.(3G).4d,4H,4.5,10.0,13.461906,5.030884,246.44617,4000000.0,0.0036422,0.036422,9.6664e-05
3d6.(3G).4p,y 2H*,4.5,10.0,8.431023,3d6.(3G).4d,2I,5.5,12.0,13.562617,5.131594,241.60954,450000000.0,0.47259,4.7259,0.012542
3d6.(3G).4p,y 2H*,4.5,10.0,8.431023,3d6.(3G).4d,2G,4.5,10.0,13.591795,5.160772,240.24352,23000000.0,0.019902,0.19902,0.00052819
3d6.(3G).4p,y 2H*,4.5,10.0,8.431023,3d6.(3G).4d,2G,3.5,8.0,13.626052,5.195029,238.65928,45000000.0,0.030741,0.30741,0.00081587
3d6.(3G).4p,y 2H*,4.5,10.0,8.431023,3d6.(3G).4d,2H,4.5,10.0,13.639292,5.208269,238.05259,73000000.0,0.062019,0.62019,0.001646
3d5.(6S).4s.4p.(3P*),x 4P*,2.5,6.0,8.567609,3d6.(5D).5s,e 4D,2.5,6.0,9.904542,1.336934,927.37745,18000.0,0.00023208,0.0013925,6.1595e-06
3d5.(6S).4s.4p.(3P*),x 4P*,2.5,6.0,8.567609,3d6.(5D).4d,f 4D,3.5,8.0,10.499632,1.932023,641.73245,230000.0,0.0018934,0.01136,5.025e-05
3d5.(6S).4s.4p.(3P*),x 4P*,2.5,6.0,8.567609,3d6.(5D).4d,4S,1.5,4.0,10.629022,2.061413,601.4524,610000.0,0.0022055,0.013233,5.8533e-05
3d5.(6S).4s.4p.(3P*),x 4P*,1.5,4.0,8.592364,3d6.(5D).4d,4S,1.5,4.0,10.629022,2.036659,608.76277,380000.0,0.0021112,0.008445,5.6033e-05
3d5.(6S).4s.4p.(3P*),x 4P*,0.5,2.0,8.607853,3d6.(5D).4d,f 4D,0.5,2.0,10.560085,1.952232,635.0895,220000.0,0.0013303,0.0026606,3.5306e-05
3d6.(3G).4p,y 2F*,3.5,8.0,8.630114,3d6.(3F2).5s,e 2F,3.5,8.0,12.459423,3.829309,323.77697,14000000.0,0.022003,0.17602,0.00058396
3d6.(3G).4p,y 2F*,3.5,8.0,8.630114,3d6.(3F2).5s,e 2F,2.5,6.0,12.491386,3.861272,321.09678,1700000.0,0.0019708,0.015766,5.2305e-05
3d6.(3G).4p,y 2F*,3.5,8.0,8.630114,3d6.(3G).5s,e 2G,4.5,10.0,12.845869,4.215755,294.09729,64000000.0,0.10374,0.82989,0.0027532
3d6.(3G).4p,y 2F*,3.5,8.0,8.630114,3d6.(5D).5d,4F,4.5,10.0,12.855063,4.224949,293.45727,800000.0,0.0012911,0.010329,3.4265e-05
3d6.(3G).4p,y 2F*,3.5,8.0,8.630114,3d6.(3H).4d,4G,4.5,10.0,12.866007,4.235892,292.69913,600000.0,0.0009633,0.0077064,2.5566e-05
3d6.(3G).4p,y 2F*,3.5,8.0,8.630114,3d6.(3P2).4d,4F,3.5,8.0,12.907739,4.277625,289.84354,8000000.0,0.010076,0.080606,0.00026741
3d6.(3G).4p,y 2F*,3.5,8.0,8.630114,3d6.(3H).4d,2F,3.5,8.0,12.954068,4.323954,286.73803,11000000.0,0.013559,0.10847,0.00035985
3d6.(3G).4p,y 2F*,3.5,8.0,8.630114,3d6.(3H).4d,2G,4.5,10.0,12.994438,4.364324,284.08568,4500000.0,0.0068058,0.054447,0.00018063
3d6.(3G).4p,y 2F*,3.5,8.0,8.630114,3d6.(3F2).4d,4F,4.5,10.0,13.007995,4.37788,283.20601,340000.0,0.00051104,0.0040883,1.3563e-05
3d6.(3G).4p,y 2F*,3.5,8.0,8.630114,3d6.(3H).4d,2G,3.5,8.0,13.033591,4.403477,281.55977,5200000.0,0.0061802,0.049442,0.00016402
3d6.(3G).4p,y 2F*,3.5,8.0,8.630114,3d6.(3F2).4d,2F,3.5,8.0,13.114493,4.484378,276.48024,10000000.0,0.01146,0.091681,0.00030415
3d6.(3G).4p,y 2F*,3.5,8.0,8.630114,3d6.(3F2).4d,2F,2.5,6.0,13.168185,4.53807,273.20906,800000.0,0.00067143,0.0053714,1.782e-05
3d6.(3G).4p,y 2F*,3.5,8.0,8.630114,3d6.(3H).4d,4F,4.5,10.0,13.231865,4.60175,269.42834,3200000.0,0.0043532,0.034825,0.00011553
3d6.(3G).4p,y 2F*,3.5,8.0,8.630114,3d6.(3F2).4d,4F,3.5,8.0,13.237449,4.607335,269.10179,1100000.0,0.0011942,0.0095538,3.1695e-05
3d6.(3G).4p,y 2F*,3.5,8.0,8.630114,3d6.(3F2).4d,4F,2.5,6.0,13.249791,4.619676,268.38286,3800000.0,0.0030776,0.024621,8.168e-05
3d6.(3G).4p,y 2F*,3.5,8.0,8.630114,3d6.(3F2).4d,2G,3.5,8.0,13.253957,4.623843,268.14104,1300000.0,0.0014013,0.01121,3.719e-05
3d6.(3G).4p,y 2F*,3.5,8.0,8.630114,3d6.(3F2).4d,2G,4.5,10.0,13.256941,4.626827,267.96811,4200000.0,0.0056518,0.045214,0.00015
3d6.(3G).4p,y 2F*,3.5,8.0,8.630114,3d6.(3F2).4d,2D,2.5,6.0,13.316872,4.686758,264.54151,49000000.0,0.038557,0.30846,0.0010233
3d6.(3G).4p,y 2F*,3.5,8.0,8.630114,3d6.(3G).4d,4D,2.5,6.0,13.469947,4.839833,256.17455,3900000.0,0.0028778,0.023022,7.6376e-05
3d6.(3G).4p,y 2F*,3.5,8.0,8.630114,3d6.(3G).4d,2G,4.5,10.0,13.591795,4.96168,249.8835,117000000.0,0.13691,1.0953,0.0036336
3d6.(3G).4p,y 2F*,3.5,8.0,8.630114,3d6.(3D).5s,2D,2.5,6.0,13.595145,4.965031,249.71486,33000000.0,0.023138,0.1851,0.00061408
3d6.(3G).4p,y 2F*,3.5,8.0,8.630114,3d6.(3G).4d,2G,3.5,8.0,13.626052,4.995938,248.17002,109000000.0,0.10064,0.80515,0.0026711
3d6.(3G).4p,y 2F*,3.5,8.0,8.630114,3d6.(3G).4d,2H,4.5,10.0,13.639292,5.009178,247.51407,10000000.0,0.011481,0.091846,0.0003047
3d6.(3G).4p,y 2F*,3.5,8.0,8.630114,3d6.(3G).4d,2D,2.5,6.0,13.646416,5.016301,247.16258,328000000.0,0.2253,1.8024,0.0059794
3d6.(3G).4p,y 2F*,3.5,8.0,8.630114,3d6.(3G).4d,2F,3.5,8.0,13.708972,5.078857,244.1183,144000000.0,0.12865,1.0292,0.0034145
3d6.(3G).4p,y 2F*,2.5,6.0,8.635559,3d6.(3F2).5s,e 2F,2.5,6.0,12.491386,3.855827,321.55019,13000000.0,0.020151,0.12091,0.00053481
3d6.(3G).4p,y 2F*,2.5,6.0,8.635559,3d6.(3G).5s,e 2G,3.5,8.0,12.89231,4.256751,291.26484,61000000.0,0.10344,0.62066,0.0027454
3d6.(3G).4p,y 2F*,2.5,6.0,8.635559,3d6.(3H).4d,4H,3.5,8.0,12.892663,4.257104,291.24073,2000000.0,0.003391,0.020346,8.9998e-05
3d6.(3G).4p,y 2F*,2.5,6.0,8.635559,3d6.(5D).5d,4F,2.5,6.0,12.897322,4.261763,290.92229,4100000.0,0.0052023,0.031214,0.00013807
3d6.(3G).4p,y 2F*,2.5,6.0,8.635559,3d6.(3H).4d,4F,2.5,6.0,12.957224,4.321665,286.88991,2800000.0,0.003455,0.02073,9.1696e-05
3d6.(3G).4p,y 2F*,2.5,6.0,8.635559,3d6.(3P2).4d,4F,2.5,6.0,12.964932,4.329373,286.37914,2900000.0,0.0035657,0.021394,9.4633e-05
3d6.(3G).4p,y 2F*,2.5,6.0,8.635559,3d6.(3H).4d,2G,3.5,8.0,13.033591,4.398032,281.90833,3700000.0,0.0058778,0.035267,0.000156
3d6.(3G).4p,y 2F*,2.5,6.0,8.635559,3d6.(3P2).4d,4P,2.5,6.0,13.047384,4.411824,281.02704,6700000.0,0.0079329,0.047597,0.00021054
3d6.(3G).4p,y 2F*,2.5,6.0,8.635559,3d6.(3F2).4d,4F,3.5,8.0,13.237449,4.60189,269.42018,5800000.0,0.0084156,0.050494,0.00022335
3d6.(3G).4p,y 2F*,2.5,6.0,8.635559,3d6.(5D).5d,4F,1.5,4.0,13.247296,4.611737,268.8449,5800000.0,0.0041899,0.025139,0.0001112
3d6.(3G).4p,y 2F*,2.5,6.0,8.635559,3d6.(3F2).4d,2G,3.5,8.0,13.253957,4.618398,268.45715,3200000.0,0.00461,0.02766,0.00012235
3d6.(3G).4p,y 2F*,2.5,6.0,8.635559,3d6.(3F2).4d,2D,2.5,6.0,13.316872,4.681313,264.84919,3700000.0,0.003891,0.023346,0.00010327
3d6.(3G).4p,y 2F*,2.5,6.0,8.635559,3d6.(3F2).4d,2D,1.5,4.0,13.319714,4.684155,264.68849,41000000.0,0.028709,0.17226,0.00076194
3d6.(3G).4p,y 2F*,2.5,6.0,8.635559,3d6.(3G).4d,4G,2.5,6.0,13.466417,4.830858,256.65048,800000.0,0.00079001,0.0047401,2.0967e-05
3d6.(3G).4p,y 2F*,2.5,6.0,8.635559,3d6.(3D).5s,2D,1.5,4.0,13.588863,4.953304,250.30606,25000000.0,0.015655,0.09393,0.00041548
3d6.(3G).4p,y 2F*,2.5,6.0,8.635559,3d6.(3G).4d,2G,3.5,8.0,13.626052,4.990493,248.44078,84000000.0,0.10364,0.62183,0.0027506
3d6.(3G).4p,y 2F*,2.5,6.0,8.635559,3d6.(3G).4d,2F,3.5,8.0,13.708972,5.073412,244.38029,51000000.0,0.060884,0.3653,0.0016159
3d6.(3G).4p,y 2F*,2.5,6.0,8.635559,3d6.(3G).4d,2F,2.5,6.0,13.714119,5.07856,244.13259,265000000.0,0.23679,1.4207,0.0062843
3d6.(3G).4p,x 2G*,4.5,10.0,8.717902,3d5.4s2,2G2,4.5,10.0,9.742339,1.024437,1210.26705,22000.0,0.00048311,0.0048311,1.2822e-05
3d6.(3G).4p,x 2G*,4.5,10.0,8.717902,3d6.(3G).5s,f 4G,4.5,10.0,12.748674,4.030772,307.59416,3200000.0,0.0045391,0.045391,0.00012047
3d6.(3G).4p,x 2G*,4.5,10.0,8.717902,3d6.(3P2).4d,2F,3.5,8.0,12.794173,4.076271,304.16083,3100000.0,0.0034397,0.034397,9.1289e-05
3d6.(3G).4p,x 2G*,4.5,10.0,8.717902,3d6.(3G).5s,e 2G,4.5,10.0,12.845869,4.127967,300.35174,92000000.0,0.12443,1.2443,0.0033022
3d6.(3G).4p,x 2G*,4.5,10.0,8.717902,3d6.(5D).5d,4F,4.5,10.0,12.855063,4.137161,299.68425,1000000.0,0.0013464,0.013464,3.5735e-05
3d6.(3G).4p,x 2G*,4.5,10.0,8.717902,3d6.(5D).5d,4F,3.5,8.0,12.871364,4.153462,298.50811,1900000.0,0.0020306,0.020306,5.3891e-05
3d6.(3G).4p,x 2G*,4.5,10.0,8.717902,3d6.(3P2).4d,4F,3.5,8.0,12.907739,4.189837,295.91651,4800000.0,0.0050411,0.050411,0.00013379
3d6.(3G).4p,x 2G*,4.5,10.0,8.717902,3d6.(5D).5d,6F,3.5,8.0,12.941587,4.223685,293.54509,800000.0,0.00082678,0.0082678,2.1943e-05
3d6.(3G).4p,x 2G*,4.5,10.0,8.717902,3d6.(3H).4d,2G,4.5,10.0,12.994438,4.276536,289.91734,35000000.0,0.044104,0.44104,0.0011705
3d6.(3G).4p,x 2G*,4.5,10.0,8.717902,3d6.(5D).5d,6G,4.5,10.0,13.00204,4.284137,289.40295,3100000.0,0.0038925,0.038925,0.00010331
3d6.(3G).4p,x 2G*,4.5,10.0,8.717902,3d6.(3F2).4d,4F,4.5,10.0,13.007995,4.290092,289.00124,3200000.0,0.0040069,0.040069,0.00010634
3d6.(3G).4p,x 2G*,4.5,10.0,8.717902,3d6.(3F2).4d,2F,3.5,8.0,13.114493,4.39659,282.00079,10000000.0,0.0095378,0.095378,0.00025313
3d6.(3G).4p,x 2G*,4.5,10.0,8.717902,3d6.(3H).4d,2H,4.5,10.0,13.144641,4.426739,280.08021,3800000.0,0.004469,0.04469,0.00011861
3d6.(3G).4p,x 2G*,4.5,10.0,8.717902,3d6.(3H).4d,4F,4.5,10.0,13.231865,4.513962,274.66821,10000000.0,0.01131,0.1131,0.00030018
3d6.(3G).4p,x 2G*,4.5,10.0,8.717902,3d6.(3F2).4d,4F,3.5,8.0,13.237449,4.519547,274.32884,500000.0,0.0004513,0.004513,1.1977e-05
3d6.(3G).4p,x 2G*,4.5,10.0,8.717902,3d6.(3F2).4d,2G,4.5,10.0,13.256941,4.539039,273.15078,36000000.0,0.040269,0.40269,0.0010687
3d6.(3G).4p,x 2G*,4.5,10.0,8.717902,3d6.(3G).4d,4G,5.5,12.0,13.412805,4.694902,264.0826,900000.0,0.0011292,0.011292,2.9968e-05
3d6.(3G).4p,x 2G*,4.5,10.0,8.717902,3d6.(3G).4d,4H,4.5,10.0,13.461906,4.744004,261.34927,2700000.0,0.0027648,0.027648,7.3378e-05
3d6.(3G).4p,x 2G*,4.5,10.0,8.717902,3d6.(3G).4d,2G,4.5,10.0,13.591795,4.873892,254.38437,158000000.0,0.15328,1.5328,0.0040682
3d6.(3G).4p,x 2G*,4.5,10.0,8.717902,3d6.(3G).4d,2H,5.5,12.0,13.598996,4.881094,254.00903,259000000.0,0.30063,3.0063,0.0079788
3d6.(3G).4p,x 2G*,4.5,10.0,8.717902,3d6.(3G).4d,2G,3.5,8.0,13.626052,4.90815,252.60883,53000000.0,0.040562,0.40562,0.0010765
3d6.(3G).4p,x 2G*,4.5,10.0,8.717902,3d6.(3G).4d,2H,4.5,10.0,13.639292,4.92139,251.92924,54000000.0,0.051382,0.51382,0.0013637
3d6.(3G).4p,x 2G*,4.5,10.0,8.717902,3d6.(3G).4d,2F,3.5,8.0,13.708972,4.991069,248.4121,151000000.0,0.11176,1.1176,0.002966
3d6.(3G).4p,x 2G*,3.5,8.0,8.743824,3d5.4s2,2G2,3.5,8.0,9.693705,0.949881,1305.25978,24000.0,0.00061301,0.004904,1.6269e-05
3d6.(3G).4p,x 2G*,3.5,8.0,8.743824,3d6.(3P2).4d,2F,2.5,6.0,12.844442,4.100618,302.35491,1400000.0,0.0014391,0.011513,3.8193e-05
3d6.(3G).4p,x 2G*,3.5,8.0,8.743824,3d6.(3G).5s,e 2G,4.5,10.0,12.845869,4.102045,302.24971,900000.0,0.0015408,0.012326,4.0893e-05
3d6.(3G).4p,x 2G*,3.5,8.0,8.743824,3d6.(3G).5s,e 2G,3.5,8.0,12.89231,4.148487,298.86609,88000000.0,0.11784,0.94273,0.0031275
3d6.(3G).4p,x 2G*,3.5,8.0,8.743824,3d6.(3H).4d,4H,3.5,8.0,12.892663,4.148839,298.8407,5500000.0,0.0073638,0.05891,0.00019544
3d6.(3G).4p,x 2G*,3.5,8.0,8.743824,3d6.(5D).5d,4F,2.5,6.0,12.897322,4.153499,298.50544,5300000.0,0.0053101,0.042481,0.00014093
3d6.(3G).4p,x 2G*,3.5,8.0,8.743824,3d6.(3H).4d,2F,2.5,6.0,12.920346,4.176522,296.8599,2600000.0,0.0025763,0.02061,6.8375e-05
3d6.(3G).4p,x 2G*,3.5,8.0,8.743824,3d6.(3F2).4d,4D,3.5,8.0,13.017582,4.273758,290.10579,12000000.0,0.015141,0.12113,0.00040184
3d6.(3G).4p,x 2G*,3.5,8.0,8.743824,3d6.(3H).4d,2G,3.5,8.0,13.033591,4.289768,289.0231,21000000.0,0.026299,0.21039,0.00069798
3d6.(3G).4p,x 2G*,3.5,8.0,8.743824,3d6.(3P2).4d,4P,2.5,6.0,13.047384,4.30356,288.09683,3500000.0,0.0032664,0.026131,8.669e-05
3d6.(3G).4p,x 2G*,3.5,8.0,8.743824,3d6.(3P2).4d,2D,2.5,6.0,13.04795,4.304126,288.05892,900000.0,0.0008397,0.0067176,2.2286e-05
3d6.(3G).4p,x 2G*,3.5,8.0,8.743824,3d6.(3F2).4d,2F,3.5,8.0,13.114493,4.370669,283.67327,1800000.0,0.0021715,0.017372,5.7633e-05
3d6.(3G).4p,x 2G*,3.5,8.0,8.743824,3d6.(3H).4d,2H,4.5,10.0,13.144641,4.400818,281.72992,2500000.0,0.0037186,0.029749,9.8691e-05
3d6.(3G).4p,x 2G*,3.5,8.0,8.743824,3d6.(3F2).4d,2F,2.5,6.0,13.168185,4.424361,280.23073,5600000.0,0.0049447,0.039558,0.00013123
3d6.(3G).4p,x 2G*,3.5,8.0,8.743824,3d6.(3F2).4d,4F,3.5,8.0,13.237449,4.493625,275.9113,13000000.0,0.014837,0.11869,0.00039377
3d6.(3G).4p,x 2G*,3.5,8.0,8.743824,3d6.(3F2).4d,2G,3.5,8.0,13.253957,4.510133,274.9014,18000000.0,0.020393,0.16315,0.00054124
3d6.(3G).4p,x 2G*,3.5,8.0,8.743824,3d6.(3G).4d,4G,2.5,6.0,13.466417,4.722593,262.53415,1400000.0,0.001085,0.0086798,2.8795e-05
3d6.(3G).4p,x 2G*,3.5,8.0,8.743824,3d6.(3G).4d,2G,4.5,10.0,13.591795,4.847971,255.74452,32000000.0,0.039222,0.31378,0.001041
3d6.(3G).4p,x 2G*,3.5,8.0,8.743824,3d6.(3G).4d,2G,3.5,8.0,13.626052,4.882229,253.95001,108000000.0,0.10442,0.83535,0.0027713
3d6.(3G).4p,x 2G*,3.5,8.0,8.743824,3d6.(3G).4d,2H,4.5,10.0,13.639292,4.895468,253.2632,230000000.0,0.27647,2.2117,0.0073374
3d6.(3G).4p,x 2G*,3.5,8.0,8.743824,3d6.(3G).4d,2F,3.5,8.0,13.708972,4.965148,249.70898,114000000.0,0.10657,0.85256,0.0028284
3d6.(3G).4p,x 2G*,3.5,8.0,8.743824,3d6.(3G).4d,2F,2.5,6.0,13.714119,4.970295,249.45036,185000000.0,0.12944,1.0355,0.0034353
3d6.(1I).4p,z 2K*,6.5,14.0,8.801225,3d6.(1I).5s,2I,5.5,12.0,13.468456,4.667231,265.64828,145000000.0,0.13149,1.8409,0.0034898
3d6.(1I).4p,z 2K*,6.5,14.0,8.801225,3d6.(1I).5s,2I,6.5,14.0,13.470724,4.669498,265.5193,4600000.0,0.0048619,0.068067,0.00012904
3d6.(1I).4p,z 2K*,6.5,14.0,8.801225,3d6.(3G).4d,4I,5.5,12.0,13.486395,4.68517,264.63117,3700000.0,0.0033296,0.046615,8.8368e-05
3d6.(1I).4p,z 2K*,6.5,14.0,8.801225,3d6.(3G).4d,2I,5.5,12.0,13.562617,4.761392,260.39488,2400000.0,0.0020912,0.029276,5.55e-05
3d6.(1I).4p,z 2K*,7.5,16.0,8.856525,3d6.(3G).4d,4I,6.5,14.0,13.447812,4.591287,270.04236,8000000.0,0.0076528,0.12245,0.00020311
3d6.(1I).4p,z 2K*,7.5,16.0,8.856525,3d6.(1I).5s,2I,6.5,14.0,13.470724,4.614199,268.70147,133000000.0,0.12597,2.0155,0.0033432
3d6.(1I).4p,z 2K*,7.5,16.0,8.856525,3d6.(3G).4d,2I,6.5,14.0,13.520429,4.663904,265.83781,7000000.0,0.0064893,0.10383,0.00017223
3d6.(3D).4p,w 4P*,2.5,6.0,8.922492,3d6.(5D).5s,e 4D,3.5,8.0,9.849242,0.92675,1337.83809,80000.0,0.0028622,0.017173,7.5962e-05
3d6.(3D).4p,w 4P*,2.5,6.0,8.922492,3d6.(5D).4d,f 4D,3.5,8.0,10.499632,1.57714,786.13292,290000.0,0.0035825,0.021495,9.508e-05
3d6.(3D).4p,w 4P*,2.5,6.0,8.922492,3d6.(3F2).4d,4P,1.5,4.0,12.998502,4.07601,304.18029,3500000.0,0.0032367,0.01942,8.5901e-05
3d6.(3D).4p,w 4P*,2.5,6.0,8.922492,3d6.(3F2).4d,4D,3.5,8.0,13.017582,4.09509,302.76305,340000.0,0.00062299,0.003738,1.6534e-05
3d6.(3D).4p,w 4P*,2.5,6.0,8.922492,3d6.(5D).5d,4P,2.5,6.0,13.241101,4.318609,287.09291,13000000.0,0.016064,0.096383,0.00042633
3d6.(3D).4p,w 4P*,2.5,6.0,8.922492,3d6.(3F2).4d,4F,2.5,6.0,13.249791,4.327299,286.51637,4500000.0,0.0055382,0.033229,0.00014698
3d6.(3D).4p,w 4P*,2.5,6.0,8.922492,3d6.(3F2).4d,2G,3.5,8.0,13.253957,4.331465,286.24077,500000.0,0.0008189,0.0049134,2.1734e-05
3d6.(3D).4p,w 4P*,2.5,6.0,8.922492,3d6.(5D).5d,4P,1.5,4.0,13.274486,4.351994,284.89053,6900000.0,0.0055972,0.033583,0.00014855
3d6.(3D).4p,w 4P*,2.5,6.0,8.922492,3d6.(3G).4d,4D,2.5,6.0,13.469947,4.547455,272.64523,5100000.0,0.0056836,0.034102,0.00015084
3d6.(3D).4p,w 4P*,2.5,6.0,8.922492,3d6.(3D).5s,4D,2.5,6.0,13.478622,4.55613,272.12613,4400000.0,0.0048849,0.029309,0.00012964
3d6.(3D).4p,w 4P*,2.5,6.0,8.922492,3d6.(3D).5s,4D,3.5,8.0,13.490065,4.567573,271.44437,93000000.0,0.13698,0.82185,0.0036353
3d6.(3D).4p,w 4P*,1.5,4.0,8.932201,3d6.(5D).4d,4S,1.5,4.0,10.629022,1.696821,730.68507,300000.0,0.0024013,0.0096051,6.373e-05
3d6.(3D).4p,w 4P*,1.5,4.0,8.932201,3d6.(5D).4d,4P,2.5,6.0,10.908832,1.976631,627.24997,140000.0,0.0012387,0.0049547,3.2875e-05
3d6.(3D).4p,w 4P*,1.5,4.0,8.932201,3d6.(3F2).4d,4P,0.5,2.0,13.029036,4.096835,302.63408,3500000.0,0.0024029,0.0096115,6.3773e-05
3d6.(3D).4p,w 4P*,1.5,4.0,8.932201,3d6.(3F2).4d,4D,2.5,6.0,13.065383,4.133183,299.97272,900000.0,0.0018212,0.0072848,4.8335e-05
3d6.(3D).4p,w 4P*,1.5,4.0,8.932201,3d6.(5D).5d,4P,2.5,6.0,13.241101,4.3089,287.73982,9000000.0,0.016757,0.067028,0.00044473
3d6.(3D).4p,w 4P*,1.5,4.0,8.932201,3d6.(5D).5d,4P,1.5,4.0,13.274486,4.342285,285.52754,3800000.0,0.0046445,0.018578,0.00012327
3d6.(3D).4p,w 4P*,1.5,4.0,8.932201,3d6.(5D).5d,4P,0.5,2.0,13.288142,4.355941,284.63241,14000000.0,0.0085021,0.034008,0.00022565
3d6.(3D).4p,w 4P*,1.5,4.0,8.932201,3d6.(3F2).4d,2P,1.5,4.0,13.403428,4.471227,277.29345,1700000.0,0.0019597,0.0078388,5.201e-05
3d6.(3D).4p,w 4P*,1.5,4.0,8.932201,3d6.(3G).4d,4D,2.5,6.0,13.469947,4.537746,273.22859,2000000.0,0.0033576,0.013431,8.9112e-05
3d6.(3D).4p,w 4P*,1.5,4.0,8.932201,3d6.(3D).5s,4D,2.5,6.0,13.478622,4.546421,272.70728,77000000.0,0.12878,0.5151,0.0034177
3d6.(1G2).4p,x 2H*,4.5,10.0,8.943027,3d6.(3P2).4d,4F,3.5,8.0,12.907739,3.964713,312.71925,500000.0,0.00058645,0.0058645,1.5564e-05
3d6.(1G2).4p,x 2H*,4.5,10.0,8.943027,3d6.(3F2).4d,2H,5.5,12.0,13.112976,4.169949,297.32782,400000.0,0.00063617,0.0063617,1.6884e-05
3d6.(1G2).4p,x 2H*,4.5,10.0,8.943027,3d6.(3H).4d,2H,5.5,12.0,13.147993,4.204966,294.85185,900000.0,0.0014076,0.014076,3.7359e-05
3d6.(1G2).4p,x 2H*,4.5,10.0,8.943027,3d6.(3F2).4d,2H,4.5,10.0,13.154417,4.21139,294.40205,450000.0,0.00058473,0.0058473,1.5519e-05
3d6.(1G2).4p,x 2H*,4.5,10.0,8.943027,3d6.(3F2).4d,2G,3.5,8.0,13.253957,4.31093,287.60427,3800000.0,0.0037698,0.037698,0.00010005
3d6.(1G2).4p,x 2H*,4.5,10.0,8.943027,3d6.(1I).5s,2I,5.5,12.0,13.468456,4.52543,273.97221,28000000.0,0.03781,0.3781,0.0010035
3d6.(1G2).4p,x 2H*,4.5,10.0,8.943027,3d6.(3G).4d,2I,5.5,12.0,13.562617,4.61959,268.3879,9000000.0,0.011663,0.11663,0.00030954
3d6.(3D).4p,w 4F*,1.5,4.0,8.947816,3d6.(3G).5s,f 4G,2.5,6.0,12.791719,3.843903,322.54767,7300000.0,0.017079,0.068316,0.00045328
3d6.(3D).4p,w 4F*,1.5,4.0,8.947816,3d6.(3F2).4d,4F,1.5,4.0,13.082582,4.134766,299.85782,3000000.0,0.004044,0.016176,0.00010733
3d6.(3D).4p,w 4F*,1.5,4.0,8.947816,3d6.(5D).5d,4F,1.5,4.0,13.247296,4.29948,288.37022,6400000.0,0.0079789,0.031915,0.00021176
3d6.(3D).4p,w 4F*,1.5,4.0,8.947816,3d6.(3F2).4d,4F,2.5,6.0,13.249791,4.301975,288.20299,1900000.0,0.003549,0.014196,9.4189e-05
3d6.(3D).4p,w 4F*,1.5,4.0,8.947816,3d6.(5D).5d,4P,1.5,4.0,13.274486,4.32667,286.55802,1700000.0,0.0020928,0.0083713,5.5544e-05
3d6.(3D).4p,w 4F*,1.5,4.0,8.947816,3d6.(3F2).4d,2D,1.5,4.0,13.319714,4.371898,283.59351,1200000.0,0.0014469,0.0057875,3.84e-05
3d6.(3D).4p,w 4F*,1.5,4.0,8.947816,3d6.(3D).5s,4D,1.5,4.0,13.472408,4.524592,274.02293,52000000.0,0.058538,0.23415,0.0015536
3d6.(3D).4p,w 4F*,1.5,4.0,8.947816,3d6.(3D).5s,4D,0.5,2.0,13.473026,4.52521,273.98553,100000000.0,0.056271,0.22508,0.0014934
3d6.(3D).4p,w 4F*,1.5,4.0,8.947816,3d6.(3G).4d,4D,1.5,4.0,13.496856,4.54904,272.55024,12000000.0,0.013364,0.053456,0.00035468
3d6.(3D).4p,w 4P*,0.5,2.0,8.95327,3d6.(5D).5d,4P,1.5,4.0,13.274486,4.321217,286.91966,9000000.0,0.022215,0.044431,0.00058959
3d6.(3D).4p,w 4P*,0.5,2.0,8.95327,3d6.(3D).5s,4D,1.5,4.0,13.472408,4.519139,274.35361,58000000.0,0.1309,0.2618,0.0034741
3d6.(3D).4p,w 4F*,2.5,6.0,8.95644,3d6.(3G).5s,f 4G,3.5,8.0,12.775235,3.818795,324.6684,7300000.0,0.015382,0.09229,0.00040823
3d6.(3D).4p,w 4F*,2.5,6.0,8.95644,3d6.(3G).5s,e 2G,3.5,8.0,12.89231,3.93587,315.01092,360000.0,0.00071409,0.0042845,1.8952e-05
3d6.(3D).4p,w 4F*,2.5,6.0,8.95644,3d6.(3H).4d,4F,3.5,8.0,13.045693,4.089253,303.19526,1100000.0,0.0020213,0.012128,5.3646e-05
3d6.(3D).4p,w 4F*,2.5,6.0,8.95644,3d6.(3F2).4d,4F,3.5,8.0,13.237449,4.281008,289.61447,600000.0,0.001006,0.0060359,2.6699e-05
3d6.(3D).4p,w 4F*,2.5,6.0,8.95644,3d6.(5D).5d,4F,1.5,4.0,13.247296,4.290856,288.94983,3100000.0,0.0025869,0.015521,6.8656e-05
3d6.(3D).4p,w 4F*,2.5,6.0,8.95644,3d6.(3F2).4d,4F,2.5,6.0,13.249791,4.29335,288.78193,5500000.0,0.0068764,0.041259,0.0001825
3d6.(3D).4p,w 4F*,2.5,6.0,8.95644,3d6.(3F2).4d,2G,3.5,8.0,13.253957,4.297517,288.50197,1800000.0,0.0029948,0.017969,7.9482e-05
3d6.(3D).4p,w 4F*,2.5,6.0,8.95644,3d6.(3F2).4d,2P,1.5,4.0,13.403428,4.446988,278.80491,4000000.0,0.0031076,0.018646,8.2476e-05
3d6.(3D).4p,w 4F*,2.5,6.0,8.95644,3d6.(3D).5s,4D,1.5,4.0,13.472408,4.515968,274.54625,72000000.0,0.054242,0.32545,0.0014396
3d6.(3D).4p,w 4F*,2.5,6.0,8.95644,3d6.(3D).5s,4D,2.5,6.0,13.478622,4.522181,274.16903,62000000.0,0.06987,0.41922,0.0018543
3d6.(3D).4p,w 4F*,2.5,6.0,8.95644,3d6.(3G).4d,4D,1.5,4.0,13.496856,4.540416,273.06794,37000000.0,0.027575,0.16545,0.00073183
3d6.(3D).4p,w 4F*,2.5,6.0,8.95644,3d6.(3G).4d,2G,3.5,8.0,13.626052,4.669612,265.51287,600000.0,0.00084551,0.0050731,2.244e-05
3d6.(3D).4p,w 4F*,2.5,6.0,8.95644,3d6.(3G).4d,2D,1.5,4.0,13.695452,4.739012,261.62458,6200000.0,0.0042415,0.025449,0.00011257
3d6.(1G2).4p,x 2H*,5.5,12.0,8.959314,3d6.(3G).5s,e 2G,4.5,10.0,12.845869,3.886555,319.00798,6200000.0,0.0078827,0.094592,0.00020921
3d6.(1G2).4p,x 2H*,5.5,12.0,8.959314,3d6.(3H).4d,2K,6.5,14.0,12.933458,3.974144,311.97714,1300000.0,0.0022131,0.026557,5.8735e-05
3d6.(1G2).4p,x 2H*,5.5,12.0,8.959314,3d6.(3H).4d,2I,6.5,14.0,12.971513,4.012199,309.01808,3000000.0,0.0050107,0.060128,0.00013298
3d6.(1G2).4p,x 2H*,5.5,12.0,8.959314,3d6.(3H).4d,2I,5.5,12.0,12.989261,4.029947,307.65712,270000.0,0.00038314,0.0045977,1.0169e-05
3d6.(1G2).4p,x 2H*,5.5,12.0,8.959314,3d6.(3H).4d,2G,4.5,10.0,12.994438,4.035124,307.2624,3200000.0,0.0037744,0.045293,0.00010017
3d6.(1G2).4p,x 2H*,5.5,12.0,8.959314,3d6.(5D).5d,6G,4.5,10.0,13.00204,4.042725,306.68469,270000.0,0.00031727,0.0038072,8.4203e-06
3d6.(1G2).4p,x 2H*,5.5,12.0,8.959314,3d6.(3H).4d,2H,5.5,12.0,13.147993,4.188678,295.99837,2700000.0,0.0035465,0.042558,9.4125e-05
3d6.(1G2).4p,x 2H*,5.5,12.0,8.959314,3d6.(3H).4d,4F,4.5,10.0,13.231865,4.272551,290.18778,3200000.0,0.0033666,0.040399,8.9349e-05
3d6.(1G2).4p,x 2H*,5.5,12.0,8.959314,3d6.(3F2).4d,2G,4.5,10.0,13.256941,4.297627,288.49456,10000000.0,0.010398,0.12478,0.00027597
3d6.(1G2).4p,x 2H*,5.5,12.0,8.959314,3d6.(3G).4d,4I,6.5,14.0,13.447812,4.488498,276.22649,14000000.0,0.018684,0.22421,0.00049587
3d6.(1G2).4p,x 2H*,5.5,12.0,8.959314,3d6.(1I).5s,2I,6.5,14.0,13.470724,4.511409,274.82365,53000000.0,0.070015,0.84018,0.0018582
3d6.(3D).4p,w 4F*,3.5,8.0,8.97051,3d6.(3F2).4d,4F,4.5,10.0,13.007995,4.037484,307.08281,1500000.0,0.0026508,0.021206,7.0351e-05
3d6.(3D).4p,w 4F*,3.5,8.0,8.97051,3d6.(3H).4d,4F,3.5,8.0,13.045693,4.075183,304.24207,4200000.0,0.0058284,0.046627,0.00015469
3d6.(3D).4p,w 4F*,3.5,8.0,8.97051,3d6.(3H).4d,4F,4.5,10.0,13.231865,4.261354,290.95022,700000.0,0.0011105,0.0088837,2.9472e-05
3d6.(3D).4p,w 4F*,3.5,8.0,8.97051,3d6.(3F2).4d,4F,3.5,8.0,13.237449,4.266939,290.56945,3200000.0,0.0040505,0.032404,0.0001075
3d6.(3D).4p,w 4F*,3.5,8.0,8.97051,3d6.(5D).5d,4P,2.5,6.0,13.241101,4.27059,290.32099,600000.0,0.00056863,0.004549,1.5091e-05
3d6.(3D).4p,w 4F*,3.5,8.0,8.97051,3d6.(3F2).4d,4F,2.5,6.0,13.249791,4.27928,289.73142,2200000.0,0.0020765,0.016612,5.5111e-05
3d6.(3D).4p,w 4F*,3.5,8.0,8.97051,3d6.(3G).4d,4D,3.5,8.0,13.43559,4.46508,277.67521,6600000.0,0.0076292,0.061033,0.00020248
3d6.(3D).4p,w 4F*,3.5,8.0,8.97051,3d6.(3D).5s,4D,2.5,6.0,13.478622,4.508111,275.02471,83000000.0,0.07059,0.56472,0.0018735
3d6.(3D).4p,w 4F*,3.5,8.0,8.97051,3d6.(3D).5s,4D,3.5,8.0,13.490065,4.519554,274.32836,50000000.0,0.056412,0.4513,0.0014972
3d6.(3D).4p,w 4F*,3.5,8.0,8.97051,3d6.(3G).4d,2H,4.5,10.0,13.639292,4.668782,265.56007,1600000.0,0.0021145,0.016916,5.612e-05
3d6.(3D).4p,w 4F*,3.5,8.0,8.97051,3d6.(3G).4d,2D,2.5,6.0,13.646416,4.675905,265.15549,9000000.0,0.0071148,0.056919,0.00018883
3d6.(3D).4p,w 4D*,0.5,2.0,8.980135,3d6.(3F2).4d,4P,0.5,2.0,13.029036,4.048901,306.21691,1800000.0,0.0025304,0.0050608,6.7157e-05
3d6.(3D).4p,w 4D*,0.5,2.0,8.980135,3d6.(3F2).4d,4D,0.5,2.0,13.077596,4.097461,302.58789,6200000.0,0.0085105,0.017021,0.00022587
3d6.(3D).4p,w 4D*,0.5,2.0,8.980135,3d6.(3F2).4d,4F,1.5,4.0,13.082582,4.102447,302.2201,3300000.0,0.0090375,0.018075,0.00023986
3d6.(3D).4p,w 4D*,0.5,2.0,8.980135,3d6.(5D).5d,4P,0.5,2.0,13.288142,4.308007,287.79945,6200000.0,0.0076989,0.015398,0.00020433
3d6.(3D).4p,w 4D*,0.5,2.0,8.980135,3d6.(3D).5s,4D,0.5,2.0,13.473026,4.492891,275.95641,120000000.0,0.137,0.274,0.003636
3d6.(3D).4p,w 4D*,0.5,2.0,8.980135,3d6.(3G).4d,4D,1.5,4.0,13.496856,4.516721,274.50046,1300000.0,0.0029371,0.0058742,7.7951e-05
3d6.(3D).4p,w 4D*,0.5,2.0,8.980135,3d6.(3G).4d,4D,0.5,2.0,13.505242,4.525107,273.99174,2100000.0,0.0023635,0.004727,6.2727e-05
3d6.(3D).4p,w 4D*,1.5,4.0,8.9919,3d6.(5D).4d,4P,0.5,2.0,10.934051,1.942151,638.38595,310000.0,0.00094702,0.0037881,2.5134e-05
3d6.(3D).4p,w 4D*,1.5,4.0,8.9919,3d6.(3F2).4d,4G,2.5,6.0,13.069693,4.077794,304.04725,1700000.0,0.0035341,0.014137,9.3796e-05
3d6.(3D).4p,w 4D*,1.5,4.0,8.9919,3d6.(3F2).4d,4D,1.5,4.0,13.075402,4.083503,303.62216,6500000.0,0.0089834,0.035934,0.00023842
3d6.(3D).4p,w 4D*,1.5,4.0,8.9919,3d6.(3F2).4d,4F,2.5,6.0,13.249791,4.257891,291.18686,2900000.0,0.0055296,0.022118,0.00014676
3d6.(3D).4p,w 4D*,1.5,4.0,8.9919,3d6.(5D).5d,4P,0.5,2.0,13.288142,4.296242,288.58753,12000000.0,0.0074915,0.029966,0.00019882
3d6.(3D).4p,w 4D*,1.5,4.0,8.9919,3d6.(3D).5s,4D,1.5,4.0,13.472408,4.480509,276.71903,60000000.0,0.068879,0.27552,0.0018281
3d6.(3D).4p,w 4D*,1.5,4.0,8.9919,3d6.(3D).5s,4D,0.5,2.0,13.473026,4.481126,276.68088,100000000.0,0.057384,0.22953,0.001523
3d6.(3D).4p,w 4D*,1.5,4.0,8.9919,3d6.(3D).5s,4D,2.5,6.0,13.478622,4.486722,276.33582,2800000.0,0.0048082,0.019233,0.00012761
3d6.(3D).4p,w 4D*,1.5,4.0,8.9919,3d6.(3G).4d,4D,0.5,2.0,13.505242,4.513343,274.70592,5000000.0,0.0028284,0.011313,7.5065e-05
3d6.(3D).4p,w 4D*,2.5,6.0,9.00367,3d6.(3F2).4d,4P,1.5,4.0,12.998502,3.994832,310.36151,2200000.0,0.002118,0.012708,5.6212e-05
3d6.(3D).4p,w 4D*,2.5,6.0,9.00367,3d6.(3P2).4d,4P,2.5,6.0,13.047384,4.043713,306.60977,1200000.0,0.0016913,0.010148,4.4886e-05
3d6.(3D).4p,w 4D*,2.5,6.0,9.00367,3d6.(3F2).4d,4D,1.5,4.0,13.075402,4.071732,304.49989,4500000.0,0.0041702,0.025021,0.00011068
3d6.(3D).4p,w 4D*,2.5,6.0,9.00367,3d6.(3F2).4d,4F,3.5,8.0,13.237449,4.233778,292.84526,800000.0,0.0013714,0.0082284,3.6397e-05
3d6.(3D).4p,w 4D*,2.5,6.0,9.00367,3d6.(3F2).4d,4F,2.5,6.0,13.249791,4.24612,291.99407,500000.0,0.00063911,0.0038347,1.6962e-05
3d6.(3D).4p,w 4D*,2.5,6.0,9.00367,3d6.(3F2).4d,2G,3.5,8.0,13.253957,4.250287,291.70785,1600000.0,0.0027215,0.016329,7.223e-05
3d6.(3D).4p,w 4D*,2.5,6.0,9.00367,3d6.(5D).5d,4P,1.5,4.0,13.274486,4.270816,290.30566,5000000.0,0.0042116,0.02527,0.00011178
3d6.(3D).4p,w 4D*,2.5,6.0,9.00367,3d6.(3G).4d,4D,2.5,6.0,13.469947,4.466277,277.6008,2300000.0,0.0026572,0.015943,7.0523e-05
3d6.(3D).4p,w 4D*,2.5,6.0,9.00367,3d6.(3D).5s,4D,1.5,4.0,13.472408,4.468738,277.44791,86000000.0,0.066165,0.39699,0.001756
3d6.(3D).4p,w 4D*,2.5,6.0,9.00367,3d6.(3D).5s,4D,2.5,6.0,13.478622,4.474951,277.06268,53000000.0,0.060995,0.36597,0.0016188
3d6.(3D).4p,w 4D*,2.5,6.0,9.00367,3d6.(3G).4d,4D,1.5,4.0,13.496856,4.493186,275.93829,6300000.0,0.0047944,0.028766,0.00012724
3d6.(3D).4p,w 4F*,4.5,10.0,9.007539,3d6.(3G).5s,f 4G,5.5,12.0,12.718917,3.711378,334.0651,6400000.0,0.012849,0.12849,0.00034102
3d6.(3D).4p,w 4F*,4.5,10.0,9.007539,3d6.(3F2).4d,4F,4.5,10.0,13.007995,4.000456,309.92516,3100000.0,0.0044641,0.044641,0.00011848
3d6.(3D).4p,w 4F*,4.5,10.0,9.007539,3d6.(3H).4d,4F,4.5,10.0,13.231865,4.224326,293.50053,6500000.0,0.0083944,0.083944,0.00022279
3d6.(3D).4p,w 4F*,4.5,10.0,9.007539,3d6.(3F2).4d,4F,3.5,8.0,13.237449,4.22991,293.11307,1100000.0,0.0011335,0.011335,3.0082e-05
3d6.(3D).4p,w 4F*,4.5,10.0,9.007539,3d6.(3G).4d,4D,3.5,8.0,13.43559,4.428052,279.99718,24000000.0,0.022567,0.22567,0.00059892
3d6.(3D).4p,w 4F*,4.5,10.0,9.007539,3d6.(3D).5s,4D,3.5,8.0,13.490065,4.482526,276.59447,147000000.0,0.13488,1.3488,0.0035798
3d6.(3D).4p,w 4D*,3.5,8.0,9.007689,3d6.(5D).4d,4P,2.5,6.0,10.908832,1.901143,652.15605,100000.0,0.00047822,0.0038257,1.2692e-05
3d6.(3D).4p,w 4D*,3.5,8.0,9.007689,3d6.(3F2).4d,4P,2.5,6.0,12.985988,3.978299,311.65131,2200000.0,0.0024026,0.019221,6.3765e-05
3d6.(3D).4p,w 4D*,3.5,8.0,9.007689,3d6.(5D).5d,6D,2.5,6.0,12.997036,3.989347,310.78824,600000.0,0.00065163,0.005213,1.7294e-05
3d6.(3D).4p,w 4D*,3.5,8.0,9.007689,3d6.(3F2).4d,4F,4.5,10.0,13.007995,4.000305,309.93684,1700000.0,0.0030603,0.024482,8.1221e-05
3d6.(3D).4p,w 4D*,3.5,8.0,9.007689,3d6.(5D).5d,4D,2.5,6.0,13.034183,4.026493,307.92103,3100000.0,0.0033049,0.026439,8.7713e-05
3d6.(3D).4p,w 4D*,3.5,8.0,9.007689,3d6.(3P2).4d,2D,2.5,6.0,13.04795,4.040261,306.87177,800000.0,0.00084708,0.0067766,2.2482e-05
3d6.(3D).4p,w 4D*,3.5,8.0,9.007689,3d6.(3H).4d,4F,4.5,10.0,13.231865,4.224176,293.511,460000.0,0.00074264,0.0059411,1.971e-05
3d6.(3D).4p,w 4D*,3.5,8.0,9.007689,3d6.(5D).5d,4P,2.5,6.0,13.241101,4.233411,292.87067,2900000.0,0.0027969,0.022375,7.4229e-05
3d6.(3D).4p,w 4D*,3.5,8.0,9.007689,3d6.(3D).5s,4D,2.5,6.0,13.478622,4.470932,277.31173,90000000.0,0.077822,0.62257,0.0020654
3d6.(3D).4p,w 4D*,3.5,8.0,9.007689,3d6.(3D).5s,4D,3.5,8.0,13.490065,4.482376,276.60377,37000000.0,0.04244,0.33952,0.0011264
3d6.(3D).4p,w 4D*,3.5,8.0,9.007689,3d6.(3G).4d,2D,2.5,6.0,13.646416,4.638727,267.28068,5100000.0,0.0040966,0.032773,0.00010872
3d6.(1G2).4p,x 2F*,3.5,8.0,9.052853,3d6.(3F2).4d,4D,3.5,8.0,13.017582,3.964729,312.71797,1700000.0,0.0024924,0.019939,6.6148e-05
3d6.(1G2).4p,x 2F*,3.5,8.0,9.052853,3d6.(5D).5d,4D,2.5,6.0,13.034183,3.98133,311.41404,700000.0,0.0007633,0.0061064,2.0258e-05
3d6.(1G2).4p,x 2F*,3.5,8.0,9.052853,3d6.(3F2).4d,2F,3.5,8.0,13.114493,4.06164,305.25652,6100000.0,0.0085216,0.068173,0.00022616
3d6.(1G2).4p,x 2F*,3.5,8.0,9.052853,3d6.(3H).4d,4F,4.5,10.0,13.231865,4.179012,296.68305,4000000.0,0.006598,0.052784,0.00017511
3d6.(1G2).4p,x 2F*,3.5,8.0,9.052853,3d6.(3F2).4d,2G,4.5,10.0,13.256941,4.204088,294.91342,270000.0,0.00044007,0.0035206,1.1679e-05
3d6.(1G2).4p,x 2F*,3.5,8.0,9.052853,3d6.(3D).5s,4D,3.5,8.0,13.490065,4.437212,279.41915,33000000.0,0.038627,0.30901,0.0010251
3d6.(1G2).4p,x 2F*,3.5,8.0,9.052853,3d6.(3D).5s,2D,2.5,6.0,13.595145,4.542292,272.95514,24000000.0,0.020105,0.16084,0.0005336
3d6.(1G2).4p,x 2F*,3.5,8.0,9.052853,3d6.(3G).4d,2D,2.5,6.0,13.646416,4.593563,269.90857,34000000.0,0.027851,0.2228,0.00073915
3d6.(1G2).4p,x 2F*,3.5,8.0,9.052853,3d6.(3G).4d,2F,3.5,8.0,13.708972,4.656118,266.28231,12000000.0,0.012756,0.10205,0.00033855
3d6.(1G2).4p,x 2F*,3.5,8.0,9.052853,3d6.(3G).4d,2F,2.5,6.0,13.714119,4.661266,265.98824,5600000.0,0.0044549,0.035639,0.00011823
3d6.(1G2).4p,x 2F*,2.5,6.0,9.057655,3d6.(3G).5s,e 2G,3.5,8.0,12.89231,3.834656,323.32551,4500000.0,0.0094035,0.056421,0.00024957
3d6.(1G2).4p,x 2F*,2.5,6.0,9.057655,3d6.(3F2).4d,2F,2.5,6.0,13.168185,4.11053,301.62581,7200000.0,0.0098204,0.058922,0.00026063
3d6.(1G2).4p,x 2F*,2.5,6.0,9.057655,3d6.(3D).5s,2D,1.5,4.0,13.588863,4.531208,273.62282,62000000.0,0.046394,0.27837,0.0012313
3d6.(1G2).4p,x 2F*,2.5,6.0,9.057655,3d6.(3G).4d,2G,3.5,8.0,13.626052,4.568397,271.39539,1200000.0,0.0017668,0.010601,4.6891e-05
3d6.(1G2).4p,x 2F*,2.5,6.0,9.057655,3d6.(3G).4d,2D,1.5,4.0,13.695452,4.637797,267.33422,67000000.0,0.047858,0.28715,0.0012701
3d6.(1G2).4p,x 2F*,2.5,6.0,9.057655,3d6.(3G).4d,2F,2.5,6.0,13.714119,4.656464,266.26253,19000000.0,0.020195,0.12117,0.00053596
3d6.(1G2).4p,w 2G*,4.5,10.0,9.062207,3d6.(3P2).4d,4F,3.5,8.0,12.907739,3.845532,322.41103,4000000.0,0.0049869,0.049869,0.00013235
3d6.(1G2).4p,w 2G*,4.5,10.0,9.062207,3d6.(3H).4d,2G,4.5,10.0,12.994438,3.932231,315.3024,1900000.0,0.0028318,0.028318,7.5157e-05
3d6.(1G2).4p,w 2G*,4.5,10.0,9.062207,3d6.(3F2).4d,2H,5.5,12.0,13.112976,4.050769,306.07571,1000000.0,0.0016854,0.016854,4.473e-05
3d6.(1G2).4p,w 2G*,4.5,10.0,9.062207,3d6.(3F2).4d,2F,3.5,8.0,13.114493,4.052285,305.96116,1500000.0,0.0016841,0.016841,4.4697e-05
3d6.(1G2).4p,w 2G*,4.5,10.0,9.062207,3d6.(3H).4d,2H,5.5,12.0,13.147993,4.085785,303.45255,9000000.0,0.01491,0.1491,0.0003957
3d6.(1G2).4p,w 2G*,4.5,10.0,9.062207,3d6.(3G).4d,2G,4.5,10.0,13.591795,4.529587,273.72074,8000000.0,0.008986,0.08986,0.00023849
3d6.(1G2).4p,w 2G*,4.5,10.0,9.062207,3d6.(3G).4d,2H,4.5,10.0,13.639292,4.577085,270.88027,4700000.0,0.0051703,0.051703,0.00013722
3d6.(1G2).4p,w 2G*,4.5,10.0,9.062207,3d6.(3G).4d,2F,3.5,8.0,13.708972,4.646764,266.81835,3000000.0,0.0025615,0.025615,6.7983e-05
3d6.(1G2).4p,w 2G*,3.5,8.0,9.068619,3d6.(3H).4d,2F,2.5,6.0,12.920346,3.851727,321.8925,2400000.0,0.0027961,0.022369,7.4209e-05
3d6.(1G2).4p,w 2G*,3.5,8.0,9.068619,3d6.(3H).4d,4F,2.5,6.0,12.957224,3.888605,318.83981,2100000.0,0.0024004,0.019203,6.3707e-05
3d6.(1G2).4p,w 2G*,3.5,8.0,9.068619,3d6.(3P2).4d,4F,2.5,6.0,12.964932,3.896313,318.20906,1900000.0,0.0021632,0.017306,5.7412e-05
3d6.(1G2).4p,w 2G*,3.5,8.0,9.068619,3d6.(3H).4d,2H,4.5,10.0,13.144641,4.076022,304.1794,9000000.0,0.015605,0.12484,0.00041416
3d6.(1G2).4p,w 2G*,3.5,8.0,9.068619,3d6.(3F2).4d,2H,4.5,10.0,13.154417,4.085798,303.4516,1500000.0,0.0025884,0.020708,6.8697e-05
3d6.(1G2).4p,w 2G*,3.5,8.0,9.068619,3d6.(3D).5s,4D,2.5,6.0,13.478622,4.410003,281.14315,700000.0,0.00062212,0.004977,1.6511e-05
3d6.(1G2).4p,w 2G*,3.5,8.0,9.068619,3d6.(3G).4d,2G,4.5,10.0,13.591795,4.523175,274.10876,1400000.0,0.0019713,0.01577,5.2317e-05
3d6.(1G2).4p,w 2G*,3.5,8.0,9.068619,3d6.(3G).4d,2D,2.5,6.0,13.646416,4.577797,270.83815,7200000.0,0.0059384,0.047508,0.00015761
3d6.(1G2).4p,w 2G*,3.5,8.0,9.068619,3d6.(3G).4d,2F,3.5,8.0,13.708972,4.640352,267.18703,4400000.0,0.0047092,0.037673,0.00012498
3d6.(3D).4p,y 2P*,0.5,2.0,9.074071,3d6.(3D).5s,2D,1.5,4.0,13.588863,4.514792,274.61774,45000000.0,0.10176,0.20351,0.0027006
3d6.(3D).4p,y 2P*,0.5,2.0,9.074071,3d6.(3G).4d,2D,1.5,4.0,13.695452,4.621381,268.28385,2400000.0,0.0051795,0.010359,0.00013746
3d6.(3D).4p,y 2P*,1.5,4.0,9.074294,3d6.(3F2).4d,2P,1.5,4.0,13.403428,4.329134,286.39489,1700000.0,0.0020904,0.0083618,5.548e-05
3d6.(3D).4p,y 2P*,1.5,4.0,9.074294,3d6.(3D).5s,4D,2.5,6.0,13.478622,4.404328,281.50537,2200000.0,0.0039205,0.015682,0.00010405
3d6.(3D).4p,y 2P*,1.5,4.0,9.074294,3d6.(3D).5s,2D,1.5,4.0,13.588863,4.514569,274.63128,14000000.0,0.01583,0.063321,0.00042013
3d6.(3D).4p,y 2P*,1.5,4.0,9.074294,3d6.(3D).5s,2D,2.5,6.0,13.595145,4.520852,274.24965,52000000.0,0.087952,0.35181,0.0023342
3d6.(3D).4p,y 2P*,1.5,4.0,9.074294,3d6.(3G).4d,2D,2.5,6.0,13.646416,4.572122,271.17429,8000000.0,0.013229,0.052917,0.00035111
3d5.4s2,4F,4.5,10.0,9.099668,3d5.(2F1).4s.4p.(3P*),4G*,5.5,12.0,13.355687,4.256019,291.31496,500000.0,0.00076337,0.0076337,2.026e-05
3d5.4s2,4F,4.5,10.0,9.099668,3d5.(2F1).4s.4p.(3P*),4F*,4.5,10.0,13.417272,4.317604,287.15973,1000000.0,0.0012363,0.012363,3.281e-05
3d5.4s2,4F,4.5,10.0,9.099668,3d6.(3H).5p,4G*,5.5,12.0,13.450287,4.350619,284.98062,420000.0,0.00061365,0.0061365,1.6286e-05
3d5.4s2,4F,2.5,6.0,9.099923,3d6.(3F2).5p,4F*,3.5,8.0,13.65622,4.556297,272.11618,700000.0,0.0010361,0.0062166,2.7498e-05
3d5.4s2,4F,3.5,8.0,9.111878,3d6.(3P1).4p,u 2D*,2.5,6.0,11.492765,2.380887,520.74791,210000.0,0.00064032,0.0051225,1.6994e-05
3d5.4s2,4F,3.5,8.0,9.111878,3d5.(4D).4s.4p.(3P*),4D*,2.5,6.0,12.213066,3.101189,399.79572,210000.0,0.00037741,0.0030193,1.0017e-05
3d5.4s2,4F,3.5,8.0,9.111878,3d5.(2F1).4s.4p.(3P*),4D*,3.5,8.0,13.419972,4.308095,287.79358,450000.0,0.00055877,0.0044702,1.483e-05
3d5.4s2,4F,3.5,8.0,9.111878,3d6.(3H).5p,4G*,4.5,10.0,13.461096,4.349218,285.07237,360000.0,0.00054825,0.004386,1.4551e-05
3d6.(1I).4p,w 2H*,5.5,12.0,9.125675,3d6.(3H).4d,2I,6.5,14.0,12.971513,3.845838,322.38543,5500000.0,0.0099982,0.11998,0.00026535
3d6.(1I).4p,w 2H*,5.5,12.0,9.125675,3d6.(3H).4d,2G,4.5,10.0,12.994438,3.868763,320.47504,3600000.0,0.0046192,0.055431,0.00012259
3d6.(1I).4p,w 2H*,5.5,12.0,9.125675,3d6.(3F2).4d,2G,4.5,10.0,13.256941,4.131266,300.1119,4900000.0,0.0055137,0.066164,0.00014633
3d6.(1I).4p,w 2H*,5.5,12.0,9.125675,3d6.(3G).4d,4I,6.5,14.0,13.447812,4.322136,286.8586,8000000.0,0.011514,0.13817,0.00030559
3d6.(1I).4p,w 2H*,5.5,12.0,9.125675,3d6.(1I).5s,2I,5.5,12.0,13.468456,4.342781,285.49494,6500000.0,0.0079427,0.095313,0.0002108
3d6.(1I).4p,w 2H*,5.5,12.0,9.125675,3d6.(1I).5s,2I,6.5,14.0,13.470724,4.345048,285.34598,44000000.0,0.062662,0.75194,0.001663
3d6.(1I).4p,w 2H*,5.5,12.0,9.125675,3d6.(3G).4d,2G,4.5,10.0,13.591795,4.466119,277.6106,4800000.0,0.0046216,0.055459,0.00012266
3d5.4s2,4F,1.5,4.0,9.12986,3d6.(3F2).5p,4F*,1.5,4.0,13.688708,4.558849,271.96384,1500000.0,0.0016633,0.0066532,4.4144e-05
3d6.(1I).4p,w 2H*,4.5,10.0,9.143993,3d6.(3H).4d,2I,5.5,12.0,12.989261,3.845269,322.43312,10000000.0,0.018703,0.18703,0.00049639
3d6.(1I).4p,w 2H*,4.5,10.0,9.143993,3d6.(3F2).4d,4D,3.5,8.0,13.017582,3.873589,320.07576,3200000.0,0.0039319,0.039319,0.00010435
3d6.(1I).4p,w 2H*,4.5,10.0,9.143993,3d6.(3H).4d,2G,3.5,8.0,13.033591,3.889599,318.75833,4200000.0,0.0051183,0.051183,0.00013584
3d6.(1I).4p,w 2H*,4.5,10.0,9.143993,3d6.(3F2).4d,2G,3.5,8.0,13.253957,4.109964,301.66734,5700000.0,0.0062213,0.062213,0.00016511
3d6.(1I).4p,w 2H*,4.5,10.0,9.143993,3d6.(1I).5s,2I,5.5,12.0,13.468456,4.324464,286.70422,78000000.0,0.11535,1.1535,0.0030613
3d6.(1I).4p,w 2H*,4.5,10.0,9.143993,3d6.(3G).4d,2I,5.5,12.0,13.562617,4.418624,280.59461,9000000.0,0.012748,0.12748,0.00033833
3d6.(1I).4p,w 2H*,4.5,10.0,9.143993,3d6.(3G).4d,2G,3.5,8.0,13.626052,4.482059,276.62328,4200000.0,0.0038546,0.038546,0.0001023
3d6.(1I).4p,y 2I*,6.5,14.0,9.17072,3d6.(3G).4d,4I,6.5,14.0,13.447812,4.277092,289.87965,8000000.0,0.010078,0.1411,0.00026748
3d6.(1I).4p,y 2I*,6.5,14.0,9.17072,3d6.(1I).5s,2I,5.5,12.0,13.468456,4.297737,288.48719,4500000.0,0.0048126,0.067376,0.00012773
3d6.(1I).4p,y 2I*,6.5,14.0,9.17072,3d6.(1I).5s,2I,6.5,14.0,13.470724,4.300004,288.33509,108000000.0,0.13461,1.8845,0.0035726
3d6.(1I).4p,y 2I*,6.5,14.0,9.17072,3d6.(3G).4d,2I,6.5,14.0,13.520429,4.349709,285.04022,3700000.0,0.0045069,0.063096,0.00011961
3d6.(1I).4p,y 2I*,6.5,14.0,9.17072,3d6.(3G).4d,2H,5.5,12.0,13.598996,4.428277,279.98295,21000000.0,0.021154,0.29616,0.00056143
3d6.(1I).4p,y 2I*,5.5,12.0,9.171081,3d6.(1I).5s,2I,5.5,12.0,13.468456,4.297375,288.51148,114000000.0,0.14226,1.7072,0.0037756
3d6.(1I).4p,y 2I*,5.5,12.0,9.171081,3d6.(1I).5s,2I,6.5,14.0,13.470724,4.299642,288.35935,2800000.0,0.0040722,0.048867,0.00010808
3d6.(1I).4p,y 2I*,5.5,12.0,9.171081,3d6.(3G).4d,2I,5.5,12.0,13.562617,4.391535,282.32542,430000.0,0.00051384,0.0061661,1.3637e-05
3d6.(1I).4p,y 2I*,5.5,12.0,9.171081,3d6.(3G).4d,2G,4.5,10.0,13.591795,4.420713,280.46199,3400000.0,0.0033412,0.040095,8.8676e-05
3d6.(3D).4p,x 2D*,1.5,4.0,9.236586,3d5.4s2,2F2,2.5,6.0,10.121977,0.885391,1400.33272,16000.0,0.00070556,0.0028222,1.8726e-05
3d6.(3D).4p,x 2D*,1.5,4.0,9.236586,3d6.(3P2).5s,2P,0.5,2.0,12.388708,3.152122,393.33567,1400000.0,0.0016236,0.0064945,4.3091e-05
3d6.(3D).4p,x 2D*,1.5,4.0,9.236586,3d6.(3F2).4d,2F,2.5,6.0,13.168185,3.931599,315.35315,1700000.0,0.0038018,0.015207,0.0001009
3d6.(3D).4p,x 2D*,1.5,4.0,9.236586,3d6.(3F2).4d,2D,1.5,4.0,13.319714,4.083128,303.65003,3400000.0,0.0046999,0.018799,0.00012473
3d6.(3D).4p,x 2D*,1.5,4.0,9.236586,3d6.(3D).5s,2D,1.5,4.0,13.588863,4.352277,284.87204,96000000.0,0.1168,0.46719,0.0030998
3d6.(3D).4p,x 2D*,1.5,4.0,9.236586,3d6.(3D).5s,2D,2.5,6.0,13.595145,4.358559,284.46145,12000000.0,0.021836,0.087345,0.00057954
3d6.(3D).4p,x 2D*,1.5,4.0,9.236586,3d6.(3G).4d,2F,2.5,6.0,13.714119,4.477533,276.90294,17000000.0,0.029313,0.11725,0.00077796
3d6.(3D).4p,x 2D*,2.5,6.0,9.250072,3d5.4s2,2F2,3.5,8.0,10.133815,0.883743,1402.94373,17000.0,0.00066885,0.0040131,1.7751e-05
3d6.(3D).4p,x 2D*,2.5,6.0,9.250072,3d6.(3F2).4d,4F,2.5,6.0,13.249791,3.999719,309.9823,410000.0,0.00059063,0.0035438,1.5675e-05
3d6.(3D).4p,x 2D*,2.5,6.0,9.250072,3d6.(3F2).4d,2D,2.5,6.0,13.316872,4.0668,304.86918,1600000.0,0.0022295,0.013377,5.9171e-05
3d6.(3D).4p,x 2D*,2.5,6.0,9.250072,3d6.(3F2).4d,2P,1.5,4.0,13.403428,4.153356,298.51571,700000.0,0.00062345,0.0037407,1.6546e-05
3d6.(3D).4p,x 2D*,2.5,6.0,9.250072,3d6.(3D).5s,2D,1.5,4.0,13.588863,4.338791,285.75749,5200000.0,0.0042439,0.025464,0.00011263
3d6.(3D).4p,x 2D*,2.5,6.0,9.250072,3d6.(3G).4d,2F,3.5,8.0,13.708972,4.458899,278.0601,15000000.0,0.023183,0.1391,0.00061527
3d6.(3D).4p,w 2F*,3.5,8.0,9.373317,3d5.4s2,2F2,3.5,8.0,10.133815,0.760498,1630.3019,11000.0,0.00043832,0.0035065,1.1633e-05
3d6.(3D).4p,w 2F*,3.5,8.0,9.373317,3d6.(3F2).4d,2F,3.5,8.0,13.114493,3.741176,331.40437,5100000.0,0.0083974,0.067179,0.00022287
3d6.(3D).4p,w 2F*,3.5,8.0,9.373317,3d6.(3D).5s,2D,2.5,6.0,13.595145,4.221828,293.67419,84000000.0,0.081458,0.65166,0.0021619
3d6.(3D).4p,w 2F*,3.5,8.0,9.373317,3d6.(3G).4d,2H,4.5,10.0,13.639292,4.265975,290.63507,1600000.0,0.0025327,0.020262,6.7218e-05
3d6.(3D).4p,w 2F*,3.5,8.0,9.373317,3d6.(3G).4d,2D,2.5,6.0,13.646416,4.273099,290.15055,16000000.0,0.015146,0.12117,0.00040197
3d6.(3D).4p,w 2F*,3.5,8.0,9.373317,3d6.(3G).4d,2F,3.5,8.0,13.708972,4.335655,285.9642,4300000.0,0.0052717,0.042174,0.00013991
3d6.(3D).4p,w 2F*,3.5,8.0,9.373317,3d6.(3G).4d,2F,2.5,6.0,13.714119,4.340802,285.62509,2400000.0,0.0022015,0.017612,5.8429e-05
3d6.(3D).4p,w 2F*,2.5,6.0,9.41227,3d6.(3F2).4d,4D,3.5,8.0,13.017582,3.605312,343.89316,700000.0,0.0016548,0.0099288,4.3918e-05
3d6.(3D).4p,w 2F*,2.5,6.0,9.41227,3d6.(3F2).4d,2F,2.5,6.0,13.168185,3.755915,330.10388,5800000.0,0.0094752,0.056851,0.00025147
3d6.(3D).4p,w 2F*,2.5,6.0,9.41227,3d6.(3D).5s,2D,1.5,4.0,13.588863,4.176593,296.85489,83000000.0,0.073103,0.43862,0.0019402
3d6.(3D).4p,w 2F*,2.5,6.0,9.41227,3d6.(3G).4d,2G,3.5,8.0,13.626052,4.213782,294.23497,6800000.0,0.011768,0.070607,0.00031232
3d6.(1S2).4p,x 2P*,1.5,4.0,9.438851,3d6.(3P2).5s,2P,1.5,4.0,12.282924,2.844074,435.9388,2500000.0,0.0071228,0.028491,0.00018904
3d6.(1S2).4p,x 2P*,0.5,2.0,9.494392,3d6.(3D).5s,2D,1.5,4.0,13.588863,4.094471,302.80883,2700000.0,0.0074232,0.014846,0.00019701
3d6.(1D2).4p,v 2F*,2.5,6.0,9.638871,3d6.(3F2).4d,2D,1.5,4.0,13.319714,3.680844,336.83637,6600000.0,0.0074843,0.044906,0.00019863
3d6.(1D2).4p,v 2F*,2.5,6.0,9.638871,3d6.(3G).4d,2D,1.5,4.0,13.695452,4.056582,305.63714,10000000.0,0.0093364,0.056019,0.00024779
3d6.(1D2).4p,v 2F*,2.5,6.0,9.638871,3d6.(3G).4d,2F,2.5,6.0,13.714119,4.075248,304.23716,4200000.0,0.0058282,0.034969,0.00015468
3d6.(5D).5s,e 6D,4.5,10.0,9.653614,3d5.(4G).4s.4p.(3P*),y 6F*,5.5,12.0,10.828889,1.175275,1054.93786,1320000.0,0.026428,0.26428,0.00070141
3d6.(5D).5s,e 6D,4.5,10.0,9.653614,3d5.(4G).4s.4p.(3P*),y 6F*,4.5,10.0,10.84512,1.191505,1040.56775,490000.0,0.0079542,0.079542,0.0002111
3d6.(5D).5s,e 6D,4.5,10.0,9.653614,3d5.(4P).4s.4p.(3P*),6D*,3.5,8.0,10.936579,1.282965,966.388,360000.0,0.0040323,0.040323,0.00010702
3d6.(5D).5s,e 6D,4.5,10.0,9.653614,3d5.(4P).4s.4p.(3P*),6D*,4.5,10.0,10.986801,1.333186,929.98404,30000.0,0.00038898,0.0038898,1.0324e-05
3d6.(5D).5s,e 6D,4.5,10.0,9.653614,3d6.(5D).5p,6D*,4.5,10.0,11.000299,1.346685,920.66214,31900000.0,0.40537,4.0537,0.010759
3d6.(5D).5s,e 6D,4.5,10.0,9.653614,3d6.(5D).5p,6D*,3.5,8.0,11.016434,1.36282,909.7621,18200000.0,0.18067,1.8067,0.0047949
3d6.(5D).5s,e 6D,4.5,10.0,9.653614,3d6.(5D).5p,6F*,5.5,12.0,11.149174,1.495559,829.01554,45000000.0,0.55639,5.5639,0.014767
3d6.(5D).5s,e 6D,4.5,10.0,9.653614,3d6.(5D).5p,4F*,4.5,10.0,11.163885,1.510271,820.94029,1330000.0,0.013438,0.13438,0.00035664
3d6.(5D).5s,e 6D,4.5,10.0,9.653614,3d6.(3F1).4p,4G*,4.5,10.0,11.166929,1.513315,819.28888,360000.0,0.0036227,0.036227,9.6147e-05
3d6.(5D).5s,e 6D,4.5,10.0,9.653614,3d6.(5D).5p,6F*,4.5,10.0,11.206502,1.552888,798.41069,2900000.0,0.027715,0.27715,0.00073555
3d6.(5D).5s,e 6D,4.5,10.0,9.653614,3d6.(5D).5p,4D*,3.5,8.0,11.207908,1.554293,797.68846,190000.0,0.00145,0.0145,3.8483e-05
3d6.(5D).5s,e 6D,4.5,10.0,9.653614,3d6.(5D).5p,w 6P*,3.5,8.0,11.303384,1.649769,751.52451,29100000.0,0.19712,1.9712,0.0052315
3d6.(5D).5s,e 6D,4.5,10.0,9.653614,3d5.(4D).4s.4p.(3P*),6D*,4.5,10.0,11.661672,2.008058,617.43348,330000.0,0.0018861,0.018861,5.0056e-05
3d6.(5D).5s,e 6D,4.5,10.0,9.653614,3d5.(4D).4s.4p.(3P*),6P*,3.5,8.0,11.749142,2.095527,591.6611,130000.0,0.00054581,0.0054581,1.4486e-05
3d6.(1D2).4p,v 2F*,3.5,8.0,9.687803,3d6.(3G).4d,2H,4.5,10.0,13.639292,3.951489,313.76579,1600000.0,0.0029519,0.023615,7.8343e-05
3d6.(1D2).4p,v 2F*,3.5,8.0,9.687803,3d6.(3G).4d,2D,2.5,6.0,13.646416,3.958612,313.20116,10000000.0,0.01103,0.088238,0.00029273
3d6.(5D).5s,e 6D,3.5,8.0,9.70024,3d5.(4G).4s.4p.(3P*),y 6F*,4.5,10.0,10.84512,1.14488,1082.94492,720000.0,0.015824,0.12659,0.00041997
3d6.(5D).5s,e 6D,3.5,8.0,9.70024,3d5.(4G).4s.4p.(3P*),y 6F*,3.5,8.0,10.853285,1.153045,1075.27604,410000.0,0.007107,0.056856,0.00018862
3d6.(5D).5s,e 6D,3.5,8.0,9.70024,3d5.(4P).4s.4p.(3P*),6D*,3.5,8.0,10.936579,1.23634,1002.83278,240000.0,0.0036185,0.028948,9.6035e-05
3d6.(5D).5s,e 6D,3.5,8.0,9.70024,3d5.(4P).4s.4p.(3P*),6D*,4.5,10.0,10.986801,1.286561,963.6869,310000.0,0.0053951,0.043161,0.00014319
3d6.(5D).5s,e 6D,3.5,8.0,9.70024,3d6.(5D).5p,6D*,4.5,10.0,11.000299,1.30006,953.68073,3120000.0,0.053178,0.42542,0.0014113
3d6.(5D).5s,e 6D,3.5,8.0,9.70024,3d6.(5D).5p,6D*,3.5,8.0,11.016434,1.316195,941.9898,6000000.0,0.079818,0.63855,0.0021184
3d6.(5D).5s,e 6D,3.5,8.0,9.70024,3d6.(5D).5p,6D*,2.5,6.0,11.049404,1.349164,918.97041,23000000.0,0.2184,1.7472,0.0057963
3d6.(5D).5s,e 6D,3.5,8.0,9.70024,3d5.(4P).4s.4p.(3P*),6P*,3.5,8.0,11.050534,1.350295,918.2011,13300000.0,0.16811,1.3449,0.0044616
3d6.(5D).5s,e 6D,3.5,8.0,9.70024,3d6.(5D).5p,4F*,4.5,10.0,11.163885,1.463645,847.09184,19200000.0,0.25819,2.0655,0.0068522
3d6.(5D).5s,e 6D,3.5,8.0,9.70024,3d6.(3F1).4p,4G*,4.5,10.0,11.166929,1.46669,845.33365,4800000.0,0.064279,0.51423,0.001706
3d6.(5D).5s,e 6D,3.5,8.0,9.70024,3d6.(5D).5p,6F*,3.5,8.0,11.195851,1.495611,828.98672,5500000.0,0.056665,0.45332,0.0015039
3d6.(5D).5s,e 6D,3.5,8.0,9.70024,3d6.(5D).5p,6F*,4.5,10.0,11.206502,1.506262,823.12494,16100000.0,0.20442,1.6354,0.0054254
3d6.(5D).5s,e 6D,3.5,8.0,9.70024,3d6.(5D).5p,4D*,3.5,8.0,11.207908,1.507668,822.35732,3400000.0,0.034471,0.27577,0.00091487
3d6.(5D).5s,e 6D,3.5,8.0,9.70024,3d6.(5D).5p,6F*,2.5,6.0,11.219061,1.518821,816.31865,800000.0,0.0059942,0.047953,0.00015909
3d6.(5D).5s,e 6D,3.5,8.0,9.70024,3d6.(5D).5p,4F*,3.5,8.0,11.255363,1.555123,797.26287,2500000.0,0.023823,0.19059,0.00063227
3d6.(5D).5s,e 6D,3.5,8.0,9.70024,3d6.(5D).5p,4P*,2.5,6.0,11.270304,1.570064,789.67603,630000.0,0.0044173,0.035339,0.00011724
3d6.(5D).5s,e 6D,3.5,8.0,9.70024,3d6.(5D).5p,w 6P*,3.5,8.0,11.303384,1.603144,773.38159,10900000.0,0.09774,0.78192,0.002594
3d6.(5D).5s,e 6D,3.5,8.0,9.70024,3d6.(5D).5p,w 6P*,2.5,6.0,11.353871,1.653632,749.76907,19600000.0,0.12389,0.99111,0.003288
3d6.(5D).5s,e 6D,3.5,8.0,9.70024,3d5.(4D).4s.4p.(3P*),6D*,3.5,8.0,11.652959,1.95272,634.93092,290000.0,0.0017527,0.014022,4.6517e-05
3d6.(5D).5s,e 6D,3.5,8.0,9.70024,3d5.(4D).4s.4p.(3P*),6D*,4.5,10.0,11.661672,1.961432,632.11052,110000.0,0.00082366,0.0065893,2.186e-05
3d6.(5D).5s,e 6D,3.5,8.0,9.70024,3d5.(4D).4s.4p.(3P*),6P*,2.5,6.0,11.739454,2.039214,607.99979,230000.0,0.00095599,0.007648,2.5372e-05
3d6.(5D).5s,e 6D,2.5,6.0,9.735914,3d5.(4G).4s.4p.(3P*),y 6F*,2.5,6.0,10.857663,1.121749,1105.27567,240000.0,0.0043955,0.026373,0.00011666
3d6.(5D).5s,e 6D,2.5,6.0,9.735914,3d5.(4P).4s.4p.(3P*),6D*,2.5,6.0,10.917962,1.182048,1048.89292,340000.0,0.0056079,0.033647,0.00014883
3d6.(5D).5s,e 6D,2.5,6.0,9.735914,3d5.(4P).4s.4p.(3P*),6D*,3.5,8.0,10.936579,1.200665,1032.62915,210000.0,0.0044762,0.026857,0.0001188
3d6.(5D).5s,e 6D,2.5,6.0,9.735914,3d6.(5D).5p,6D*,3.5,8.0,11.016434,1.28052,968.23298,2500000.0,0.046849,0.28109,0.0012434
3d6.(5D).5s,e 6D,2.5,6.0,9.735914,3d6.(5D).5p,6D*,2.5,6.0,11.049404,1.31349,943.92966,2600000.0,0.034731,0.20838,0.00092175
3d6.(5D).5s,e 6D,2.5,6.0,9.735914,3d5.(4P).4s.4p.(3P*),6P*,3.5,8.0,11.050534,1.31462,943.11801,4000000.0,0.07112,0.42672,0.0018875
3d6.(5D).5s,e 6D,2.5,6.0,9.735914,3d6.(5D).5p,6D*,1.5,4.0,11.075657,1.339743,925.43263,26000000.0,0.22255,1.3353,0.0059065
3d6.(5D).5s,e 6D,2.5,6.0,9.735914,3d5.(4P).4s.4p.(3P*),6P*,2.5,6.0,11.089699,1.353785,915.83368,7700000.0,0.096824,0.58094,0.0025697
3d6.(5D).5s,e 6D,2.5,6.0,9.735914,3d6.(5D).5p,6F*,3.5,8.0,11.195851,1.459937,849.24348,17500000.0,0.25229,1.5137,0.0066958
3d6.(5D).5s,e 6D,2.5,6.0,9.735914,3d6.(5D).5p,4D*,3.5,8.0,11.207908,1.471994,842.2875,10300000.0,0.14607,0.87641,0.0038767
3d6.(5D).5s,e 6D,2.5,6.0,9.735914,3d6.(5D).5p,6F*,2.5,6.0,11.219061,1.483147,835.95371,16000000.0,0.16763,1.0058,0.0044488
3d6.(5D).5s,e 6D,2.5,6.0,9.735914,3d6.(5D).5p,6F*,1.5,4.0,11.232164,1.49625,828.63302,2900000.0,0.019902,0.11941,0.00052819
3d6.(5D).5s,e 6D,2.5,6.0,9.735914,3d6.(5D).5p,4F*,3.5,8.0,11.255363,1.519449,815.98142,4900000.0,0.065216,0.3913,0.0017308
3d6.(5D).5s,e 6D,2.5,6.0,9.735914,3d6.(5D).5p,4F*,2.5,6.0,11.291311,1.555397,797.12247,1600000.0,0.015242,0.091449,0.00040451
3d6.(5D).5s,e 6D,2.5,6.0,9.735914,3d6.(5D).5p,w 6P*,3.5,8.0,11.303384,1.56747,790.98316,3000000.0,0.037519,0.22512,0.00099576
3d6.(5D).5s,e 6D,2.5,6.0,9.735914,3d6.(5D).5p,w 6P*,2.5,6.0,11.353871,1.617957,766.30076,16800000.0,0.1479,0.8874,0.0039253
3d6.(5D).5s,e 6D,2.5,6.0,9.735914,3d6.(5D).5p,w 6P*,1.5,4.0,11.387141,1.651227,750.86106,11100000.0,0.062548,0.37529,0.00166
3d6.(5D).5s,e 6D,2.5,6.0,9.735914,3d5.(4D).4s.4p.(3P*),6D*,2.5,6.0,11.633556,1.897642,653.35909,250000.0,0.0015999,0.0095996,4.2462e-05
3d6.(5D).5s,e 6D,2.5,6.0,9.735914,3d5.(4D).4s.4p.(3P*),6D*,3.5,8.0,11.652959,1.917045,646.74638,210000.0,0.0017558,0.010535,4.66e-05
3d6.(5D).5s,e 6D,1.5,4.0,9.760758,3d6.(5D).5p,6D*,2.5,6.0,11.049404,1.288646,962.12775,4900000.0,0.102,0.40801,0.0027072
3d6.(5D).5s,e 6D,1.5,4.0,9.760758,3d5.(4P).4s.4p.(3P*),6P*,2.5,6.0,11.089699,1.328941,932.95473,4900000.0,0.095911,0.38364,0.0025455
3d6.(5D).5s,e 6D,1.5,4.0,9.760758,3d6.(5D).5p,6D*,0.5,2.0,11.093036,1.332278,930.61779,28200000.0,0.18307,0.73229,0.0048587
3d6.(5D).5s,e 6D,1.5,4.0,9.760758,3d5.(4P).4s.4p.(3P*),6P*,1.5,4.0,11.112202,1.351444,917.42031,4000000.0,0.050473,0.20189,0.0013395
3d6.(5D).5s,e 6D,1.5,4.0,9.760758,3d6.(5D).5p,6F*,2.5,6.0,11.219061,1.458303,850.19516,22700000.0,0.36899,1.476,0.009793
3d6.(5D).5s,e 6D,1.5,4.0,9.760758,3d6.(5D).5p,6F*,1.5,4.0,11.232164,1.471406,842.62404,22800000.0,0.2427,0.97078,0.0064411
3d6.(5D).5s,e 6D,1.5,4.0,9.760758,3d6.(5D).5p,6F*,0.5,2.0,11.238948,1.47819,838.75673,7500000.0,0.039551,0.15821,0.0010497
3d6.(5D).5s,e 6D,1.5,4.0,9.760758,3d6.(5D).5p,4P*,2.5,6.0,11.270304,1.509546,821.33446,500000.0,0.0075851,0.03034,0.00020131
3d6.(5D).5s,e 6D,1.5,4.0,9.760758,3d6.(5D).5p,4F*,2.5,6.0,11.291311,1.530553,810.06135,1300000.0,0.019184,0.076734,0.00050913
3d6.(5D).5s,e 6D,1.5,4.0,9.760758,3d6.(5D).5p,4F*,1.5,4.0,11.308461,1.547704,801.08495,1000000.0,0.0096209,0.038484,0.00025534
3d6.(5D).5s,e 6D,1.5,4.0,9.760758,3d6.(5D).5p,w 6P*,2.5,6.0,11.353871,1.593113,778.25088,7300000.0,0.099429,0.39772,0.0026388
3d6.(5D).5s,e 6D,1.5,4.0,9.760758,3d6.(5D).5p,w 6P*,1.5,4.0,11.387141,1.626383,762.33088,17400000.0,0.1516,0.6064,0.0040234
3d6.(5D).5s,e 6D,1.5,4.0,9.760758,3d5.(4D).4s.4p.(3P*),6F*,2.5,6.0,11.408868,1.64811,752.281,580000.0,0.0073814,0.029526,0.0001959
3d6.(5D).5s,e 6D,1.5,4.0,9.760758,3d5.(4D).4s.4p.(3P*),6D*,2.5,6.0,11.633556,1.872799,662.02633,280000.0,0.0027597,0.011039,7.3242e-05
3d6.(5D).5s,e 6D,1.5,4.0,9.760758,3d5.(4D).4s.4p.(3P*),6D*,0.5,2.0,11.658404,1.897646,653.35785,250000.0,0.00079997,0.0031999,2.1231e-05
3d6.(5D).5s,e 6D,1.5,4.0,9.760758,3d5.(4P).4s.4p.(3P*),4P*,2.5,6.0,11.680723,1.919965,645.76284,60000.0,0.00056266,0.0022507,1.4933e-05
3d6.(1D2).4p,w 2P*,0.5,2.0,9.775146,3d6.(3G).4d,2D,1.5,4.0,13.695452,3.920306,316.26153,2100000.0,0.006298,0.012596,0.00016715
3d6.(5D).5s,e 6D,0.5,2.0,9.775414,3d5.(4P).4s.4p.(3P*),6D*,1.5,4.0,10.861305,1.085891,1141.77357,66000.0,0.0025798,0.0051597,6.8469e-05
3d6.(5D).5s,e 6D,0.5,2.0,9.775414,3d6.(5D).5p,6D*,1.5,4.0,11.075657,1.300243,953.54629,6500000.0,0.17721,0.35442,0.0047031
3d6.(5D).5s,e 6D,0.5,2.0,9.775414,3d6.(5D).5p,6D*,0.5,2.0,11.093036,1.317622,940.96919,6200000.0,0.0823,0.1646,0.0021843
3d6.(5D).5s,e 6D,0.5,2.0,9.775414,3d5.(4P).4s.4p.(3P*),6P*,1.5,4.0,11.112202,1.336788,927.4786,5700000.0,0.14702,0.29404,0.0039019
3d6.(5D).5s,e 6D,0.5,2.0,9.775414,3d6.(5D).5p,6F*,1.5,4.0,11.232164,1.45675,851.10153,14400000.0,0.31276,0.62553,0.0083007
3d6.(5D).5s,e 6D,0.5,2.0,9.775414,3d6.(5D).5p,6F*,0.5,2.0,11.238948,1.463534,847.1562,33200000.0,0.35721,0.71442,0.0094804
3d6.(5D).5s,e 6D,0.5,2.0,9.775414,3d6.(5D).5p,4D*,0.5,2.0,11.307331,1.531917,809.34013,900000.0,0.0088382,0.017676,0.00023457
3d6.(5D).5s,e 6D,0.5,2.0,9.775414,3d6.(5D).5p,w 6P*,1.5,4.0,11.387141,1.611727,769.26307,15500000.0,0.27502,0.55005,0.0072991
3d6.(5D).5s,e 6D,0.5,2.0,9.775414,3d5.(4D).4s.4p.(3P*),6F*,0.5,2.0,11.388021,1.612607,768.84324,2000000.0,0.017724,0.035448,0.0004704
3d6.(1D2).4p,w 2P*,1.5,4.0,9.824937,3d5.4s.(7S).5s,6S,2.5,6.0,13.215929,3.390992,365.62811,6000000.0,0.018038,0.072151,0.00047872
3d5.(6S).4s.4p.(1P*),x 6P*,1.5,4.0,9.825243,3d6.(5D).4d,6P,1.5,4.0,10.467294,0.642052,1931.06254,65000.0,0.0036338,0.014535,9.6442e-05
3d5.(6S).4s.4p.(1P*),x 6P*,1.5,4.0,9.825243,3d6.(5D).4d,6S,2.5,6.0,10.600074,0.774832,1600.14339,68000.0,0.0039154,0.015662,0.00010392
3d5.(6S).4s.4p.(1P*),x 6P*,1.5,4.0,9.825243,3d5.4s.(7S).5s,6S,2.5,6.0,13.215929,3.390687,365.66105,10000000.0,0.030068,0.12027,0.00079801
3d5.(6S).4s.4p.(1P*),x 6P*,2.5,6.0,9.830077,3d6.(5D).4d,6P,3.5,8.0,10.447726,0.617649,2007.3569,59000.0,0.0047523,0.028514,0.00012612
3d5.(6S).4s.4p.(1P*),x 6P*,2.5,6.0,9.830077,3d6.(5D).4d,6P,1.5,4.0,10.467294,0.637217,1945.7133,36000.0,0.0013622,0.008173,3.6152e-05
3d5.(6S).4s.4p.(1P*),x 6P*,2.5,6.0,9.830077,3d6.(5D).6s,6D,3.5,8.0,12.650227,2.82015,439.63685,1000000.0,0.0038635,0.023181,0.00010254
3d5.(6S).4s.4p.(1P*),x 6P*,2.5,6.0,9.830077,3d5.4s.(7S).5s,6S,2.5,6.0,13.215929,3.385852,366.18316,23000000.0,0.046236,0.27742,0.0012271
3d5.(6S).4s.4p.(1P*),x 6P*,3.5,8.0,9.835835,3d6.(5D).4d,6D,3.5,8.0,10.379162,0.543326,2281.9473,44000.0,0.003435,0.02748,9.1164e-05
3d5.(6S).4s.4p.(1P*),x 6P*,3.5,8.0,9.835835,3d6.(5D).4d,6P,3.5,8.0,10.447726,0.611891,2026.24681,19000.0,0.0011695,0.0093559,3.1038e-05
3d5.(6S).4s.4p.(1P*),x 6P*,3.5,8.0,9.835835,3d6.(5D).6s,6D,4.5,10.0,12.609009,2.773174,447.08406,1900000.0,0.0071171,0.056937,0.00018889
3d5.(6S).4s.4p.(1P*),x 6P*,3.5,8.0,9.835835,3d6.(5D).5d,6F,4.5,10.0,12.888232,3.052397,406.18636,1600000.0,0.004947,0.039576,0.00013129
3d5.(6S).4s.4p.(1P*),x 6P*,3.5,8.0,9.835835,3d6.(5D).5d,6D,4.5,10.0,12.945397,3.109562,398.71916,2000000.0,0.0059585,0.047668,0.00015814
3d5.(6S).4s.4p.(1P*),x 6P*,3.5,8.0,9.835835,3d5.4s.(7S).5s,6S,2.5,6.0,13.215929,3.380094,366.80696,29000000.0,0.043873,0.35098,0.0011644
3d6.(5D).5s,e 4D,3.5,8.0,9.849242,3d6.(5D).5p,4F*,4.5,10.0,11.163885,1.314643,943.10187,11300000.0,0.18835,1.5068,0.0049988
3d6.(5D).5s,e 4D,3.5,8.0,9.849242,3d6.(3F1).4p,4G*,4.5,10.0,11.166929,1.317687,940.92306,2060000.0,0.034178,0.27342,0.00090708
3d6.(5D).5s,e 4D,3.5,8.0,9.849242,3d6.(5D).5p,6F*,3.5,8.0,11.195851,1.346609,920.7143,13900000.0,0.17665,1.4132,0.0046884
3d6.(5D).5s,e 4D,3.5,8.0,9.849242,3d6.(5D).5p,6F*,4.5,10.0,11.206502,1.35726,913.4892,21300000.0,0.33309,2.6647,0.0088401
3d6.(5D).5s,e 4D,3.5,8.0,9.849242,3d6.(5D).5p,4D*,3.5,8.0,11.207908,1.358666,912.54388,22800000.0,0.28464,2.2772,0.0075545
3d6.(5D).5s,e 4D,3.5,8.0,9.849242,3d6.(5D).5p,4D*,2.5,6.0,11.237782,1.38854,892.91078,22500000.0,0.20171,1.6137,0.0053533
3d6.(5D).5s,e 4D,3.5,8.0,9.849242,3d6.(5D).5p,4P*,2.5,6.0,11.270304,1.421061,872.47595,8900000.0,0.076176,0.60941,0.0020217
3d6.(5D).5s,e 4D,3.5,8.0,9.849242,3d6.(5D).5p,w 6P*,2.5,6.0,11.353871,1.504629,824.01829,280000.0,0.0021377,0.017102,5.6735e-05
3d6.(5D).5s,e 4D,3.5,8.0,9.849242,3d6.(3P1).4p,4P*,2.5,6.0,11.440533,1.591291,779.14221,4200000.0,0.028668,0.22935,0.00076086
3d6.(5D).5s,e 4D,3.5,8.0,9.849242,3d5.(4G).4s.4p.(3P*),v 4F*,2.5,6.0,11.447449,1.598207,775.77054,4800000.0,0.032481,0.25985,0.00086204
3d6.(5D).5s,e 4D,2.5,6.0,9.904542,3d6.(5D).5p,6F*,3.5,8.0,11.195851,1.291308,960.1439,2400000.0,0.044226,0.26536,0.0011738
3d6.(5D).5s,e 4D,2.5,6.0,9.904542,3d6.(5D).5p,4D*,3.5,8.0,11.207908,1.303365,951.26208,2400000.0,0.043412,0.26047,0.0011522
3d6.(5D).5s,e 4D,2.5,6.0,9.904542,3d6.(3P1).4p,4S*,1.5,4.0,11.236664,1.332122,930.72705,1900000.0,0.01645,0.0987,0.00043658
3d6.(5D).5s,e 4D,2.5,6.0,9.904542,3d6.(5D).5p,4D*,2.5,6.0,11.237782,1.333239,929.94707,13400000.0,0.17373,1.0424,0.0046109
3d6.(5D).5s,e 4D,2.5,6.0,9.904542,3d6.(5D).5p,4F*,3.5,8.0,11.255363,1.35082,917.84376,29800000.0,0.50182,3.0109,0.013318
3d6.(5D).5s,e 4D,2.5,6.0,9.904542,3d6.(5D).5p,4D*,1.5,4.0,11.270024,1.365482,907.98852,23700000.0,0.19529,1.1717,0.005183
3d6.(5D).5s,e 4D,2.5,6.0,9.904542,3d6.(5D).5p,4P*,2.5,6.0,11.270304,1.365761,907.8029,19100000.0,0.23598,1.4159,0.0062629
3d6.(5D).5s,e 4D,2.5,6.0,9.904542,3d6.(3P1).5p,4P*,1.5,4.0,11.288541,1.383999,895.84043,120000.0,0.00096252,0.0057751,2.5545e-05
3d6.(5D).5s,e 4D,2.5,6.0,9.904542,3d6.(5D).5p,4F*,2.5,6.0,11.291311,1.386769,894.05109,430000.0,0.0051529,0.030917,0.00013676
3d6.(5D).5s,e 4D,2.5,6.0,9.904542,3d6.(5D).5p,4F*,1.5,4.0,11.308461,1.403919,883.12935,260000.0,0.0020267,0.01216,5.3789e-05
3d6.(5D).5s,e 4D,2.5,6.0,9.904542,3d6.(5D).5p,4P*,1.5,4.0,11.434511,1.529968,810.37103,11500000.0,0.07548,0.45288,0.0020032
3d6.(5D).5s,e 4D,2.5,6.0,9.904542,3d6.(3P1).4p,4P*,2.5,6.0,11.440533,1.535991,807.19368,4100000.0,0.04005,0.2403,0.0010629
3d6.(5D).5s,e 4D,2.5,6.0,9.904542,3d5.(4G).4s.4p.(3P*),v 4F*,3.5,8.0,11.441568,1.537026,806.65018,1400000.0,0.018209,0.10926,0.00048328
3d6.(5D).5s,e 4D,1.5,4.0,9.940806,3d6.(5D).5p,6F*,2.5,6.0,11.219061,1.278255,969.94886,2040000.0,0.04316,0.17264,0.0011455
3d6.(5D).5s,e 4D,1.5,4.0,9.940806,3d6.(5D).5p,4D*,2.5,6.0,11.237782,1.296976,955.94821,300000.0,0.0061651,0.02466,0.00016362
3d6.(5D).5s,e 4D,1.5,4.0,9.940806,3d6.(5D).5p,6F*,0.5,2.0,11.238948,1.298142,955.08935,390000.0,0.0026667,0.010667,7.0776e-05
3d6.(5D).5s,e 4D,1.5,4.0,9.940806,3d6.(3P1).4p,4P*,0.5,2.0,11.262661,1.321855,937.95583,7100000.0,0.046822,0.18729,0.0012427
3d6.(5D).5s,e 4D,1.5,4.0,9.940806,3d6.(5D).5p,4D*,1.5,4.0,11.270024,1.329219,932.75989,6000000.0,0.078262,0.31305,0.0020771
3d6.(5D).5s,e 4D,1.5,4.0,9.940806,3d6.(5D).5p,4P*,2.5,6.0,11.270304,1.329498,932.56401,1370000.0,0.026793,0.10717,0.0007111
3d6.(5D).5s,e 4D,1.5,4.0,9.940806,3d6.(3P1).5p,4P*,1.5,4.0,11.288541,1.347735,919.94459,19600000.0,0.24868,0.99472,0.0065999
3d6.(5D).5s,e 4D,1.5,4.0,9.940806,3d6.(5D).5p,4F*,2.5,6.0,11.291311,1.350505,918.05778,30400000.0,0.57619,2.3048,0.015292
3d6.(5D).5s,e 4D,1.5,4.0,9.940806,3d6.(5D).5p,4D*,0.5,2.0,11.307331,1.366525,907.29524,17000000.0,0.1049,0.4196,0.002784
3d6.(5D).5s,e 4D,1.5,4.0,9.940806,3d6.(5D).5p,4P*,1.5,4.0,11.434511,1.493705,830.04469,12400000.0,0.12808,0.51232,0.0033993
3d6.(5D).5s,e 4D,1.5,4.0,9.940806,3d6.(5D).5p,4P*,0.5,2.0,11.445572,1.504766,823.94322,13300000.0,0.067682,0.27073,0.0017963
3d6.(5D).5s,e 4D,1.5,4.0,9.940806,3d5.(4G).4s.4p.(3P*),v 4F*,2.5,6.0,11.447449,1.506644,822.91657,2300000.0,0.035026,0.1401,0.00092959
3d6.(5D).5s,e 4D,1.5,4.0,9.940806,3d6.(3F2).5p,4F*,1.5,4.0,13.688708,3.747903,330.80954,500000.0,0.00082032,0.0032813,2.1771e-05
3d6.(5D).5s,e 4D,0.5,2.0,9.961642,3d6.(5D).5p,6F*,1.5,4.0,11.232164,1.270522,975.85243,1000000.0,0.028553,0.057107,0.00075781
3d6.(5D).5s,e 4D,0.5,2.0,9.961642,3d6.(3P1).4p,4P*,0.5,2.0,11.262661,1.301019,952.9774,2500000.0,0.034038,0.068076,0.00090337
3d6.(5D).5s,e 4D,0.5,2.0,9.961642,3d6.(5D).5p,4D*,0.5,2.0,11.307331,1.345689,921.34342,17600000.0,0.22398,0.44797,0.0059445
3d6.(5D).5s,e 4D,0.5,2.0,9.961642,3d6.(5D).5p,4F*,1.5,4.0,11.308461,1.34682,920.5702,31100000.0,0.79025,1.5805,0.020973
3d6.(5D).5s,e 4D,0.5,2.0,9.961642,3d6.(5D).5p,4P*,1.5,4.0,11.434511,1.472869,841.787,1200000.0,0.025496,0.050992,0.00067667
3d6.(5D).5s,e 4D,0.5,2.0,9.961642,3d6.(5D).5p,4P*,0.5,2.0,11.445572,1.48393,835.51233,19500000.0,0.20408,0.40816,0.0054163
3d6.(5D).4d,e 6F,5.5,12.0,10.27255,3d5.(4G).4s.4p.(3P*),y 6F*,5.5,12.0,10.828889,0.556339,2228.57244,36000.0,0.0026805,0.032166,7.114e-05
3d6.(5D).4d,e 6F,5.5,12.0,10.27255,3d5.(4P).4s.4p.(3P*),6D*,4.5,10.0,10.986801,0.714251,1735.86436,14000.0,0.00052703,0.0063244,1.3987e-05
3d6.(5D).4d,e 6F,5.5,12.0,10.27255,3d6.(5D).5p,6D*,4.5,10.0,11.000299,0.727749,1703.66634,2850000.0,0.10335,1.2401,0.0027428
3d6.(5D).4d,e 6F,5.5,12.0,10.27255,3d6.(5D).5p,6F*,5.5,12.0,11.149174,0.876624,1414.3379,2030000.0,0.060878,0.73054,0.0016157
3d6.(5D).4d,e 6F,5.5,12.0,10.27255,3d6.(5D).5p,4F*,4.5,10.0,11.163885,0.891335,1390.9947,160000.0,0.0038677,0.046412,0.00010265
3d6.(5D).4d,e 6F,5.5,12.0,10.27255,3d6.(3F1).4p,4G*,4.5,10.0,11.166929,0.894379,1386.26017,38000.0,0.00091233,0.010948,2.4213e-05
3d6.(5D).4d,e 6F,5.5,12.0,10.27255,3d6.(5D).5p,6F*,4.5,10.0,11.206502,0.933952,1327.52259,80000.0,0.0017614,0.021137,4.6747e-05
3d6.(5D).4d,e 6F,5.5,12.0,10.27255,3d6.(5D<4>).4f,2[5]*,5.5,12.0,12.749468,2.476918,500.55841,71000000.0,0.2667,3.2004,0.0070783
3d6.(5D).4d,e 6F,5.5,12.0,10.27255,3d6.(5D<4>).4f,2[6]*,6.5,14.0,12.750575,2.478025,500.33484,157000000.0,0.68743,8.2491,0.018244
3d6.(5D).4d,e 6F,5.5,12.0,10.27255,3d6.(5D<4>).4f,2[5]*,4.5,10.0,12.751948,2.479397,500.05777,9800000.0,0.030616,0.36739,0.00081254
3d6.(5D).4d,e 6F,5.5,12.0,10.27255,3d6.(5D<4>).4f,2[4]*,4.5,10.0,12.755795,2.483245,499.28303,6900000.0,0.021489,0.25787,0.00057032
3d6.(5D).4d,e 6F,5.5,12.0,10.27255,3d6.(5D<3>).4f,2[5]*,5.5,12.0,12.810788,2.538238,488.46561,5800000.0,0.020747,0.24896,0.00055063
3d6.(5D).4d,e 6F,5.5,12.0,10.27255,3d6.(5D<3>).4f,2[4]*,4.5,10.0,12.810847,2.538296,488.45438,1700000.0,0.0050673,0.060807,0.00013449
3d6.(5D).4d,e 6F,5.5,12.0,10.27255,3d6.(5D<3>).4f,2[6]*,6.5,14.0,12.822596,2.550046,486.20375,8500000.0,0.035145,0.42174,0.00093274
3d6.(5D).4d,e 6F,4.5,10.0,10.28805,3d6.(5D).5p,6D*,4.5,10.0,11.000299,0.71225,1740.74062,1340000.0,0.060874,0.60874,0.0016156
3d6.(5D).4d,e 6F,4.5,10.0,10.28805,3d6.(5D).5p,6D*,3.5,8.0,11.016434,0.728385,1702.18039,1220000.0,0.042396,0.42396,0.0011252
3d6.(5D).4d,e 6F,4.5,10.0,10.28805,3d5.(4P).4s.4p.(3P*),6P*,3.5,8.0,11.050534,0.762484,1626.05533,370000.0,0.011733,0.11733,0.0003114
3d6.(5D).4d,e 6F,4.5,10.0,10.28805,3d6.(5D).5p,6F*,5.5,12.0,11.149174,0.861124,1439.79495,400000.0,0.014918,0.14918,0.00039592
3d6.(5D).4d,e 6F,4.5,10.0,10.28805,3d6.(5D).5p,4F*,4.5,10.0,11.163885,0.875835,1415.61105,340000.0,0.010215,0.10215,0.0002711
3d6.(5D).4d,e 6F,4.5,10.0,10.28805,3d6.(3F1).4p,4G*,4.5,10.0,11.166929,0.878879,1410.70775,90000.0,0.0026852,0.026852,7.1265e-05
3d6.(5D).4d,e 6F,4.5,10.0,10.28805,3d6.(5D).5p,6F*,3.5,8.0,11.195851,0.907801,1365.76361,240000.0,0.0053692,0.053692,0.0001425
3d6.(5D).4d,e 6F,4.5,10.0,10.28805,3d6.(5D).5p,6F*,4.5,10.0,11.206502,0.918452,1349.92558,490000.0,0.013387,0.13387,0.00035528
3d6.(5D).4d,e 6F,4.5,10.0,10.28805,3d6.(5D<4>).4f,2[5]*,5.5,12.0,12.749468,2.461418,503.71044,94000000.0,0.42907,4.2907,0.011388
3d6.(5D).4d,e 6F,4.5,10.0,10.28805,3d6.(5D<4>).4f,2[5]*,4.5,10.0,12.751948,2.463898,503.20347,71000000.0,0.26953,2.6953,0.0071533
3d6.(5D).4d,e 6F,4.5,10.0,10.28805,3d6.(5D<4>).4f,2[4]*,4.5,10.0,12.755795,2.467745,502.41896,21400000.0,0.080985,0.80985,0.0021493
3d6.(5D).4d,e 6F,4.5,10.0,10.28805,3d6.(5D<4>).4f,2[4]*,3.5,8.0,12.756384,2.468334,502.29916,21300000.0,0.064455,0.64455,0.0017106
3d6.(5D).4d,e 6F,4.5,10.0,10.28805,3d6.(5D<4>).4f,2[6]*,5.5,12.0,12.757159,2.469109,502.14141,3100000.0,0.014062,0.14062,0.00037321
3d6.(5D).4d,e 6F,4.5,10.0,10.28805,3d6.(5D<4>).4f,2[3]*,3.5,8.0,12.763213,2.475163,500.91319,17400000.0,0.052363,0.52363,0.0013897
3d6.(5D).4d,e 6F,4.5,10.0,10.28805,3d6.(5D<3>).4f,2[5]*,5.5,12.0,12.810788,2.522738,491.46673,25800000.0,0.11211,1.1211,0.0029754
3d6.(5D).4d,e 6F,4.5,10.0,10.28805,3d6.(5D<3>).4f,2[4]*,4.5,10.0,12.810847,2.522797,491.45535,1900000.0,0.0068799,0.068799,0.00018259
3d6.(5D).4d,e 6F,4.5,10.0,10.28805,3d6.(5D<3>).4f,2[5]*,4.5,10.0,12.814104,2.526055,490.82149,670000.0,0.0024198,0.024198,6.4222e-05
3d6.(5D).4d,e 6F,4.5,10.0,10.28805,3d6.(5D<2>).4f,2[5]*,4.5,10.0,12.854767,2.566717,483.04577,1800000.0,0.0062966,0.062966,0.00016711
3d6.(5D).4d,e 6F,4.5,10.0,10.28805,3d6.(5D<2>).4f,2[5]*,5.5,12.0,12.856057,2.568008,482.8031,7500000.0,0.031452,0.31452,0.00083472
3d6.(5D).4d,e 6F,3.5,8.0,10.307613,3d6.(5D).5p,6D*,4.5,10.0,11.000299,0.692686,1789.90452,330000.0,0.019813,0.1585,0.00052583
3d6.(5D).4d,e 6F,3.5,8.0,10.307613,3d6.(5D).5p,6D*,3.5,8.0,11.016434,0.708821,1749.16091,1240000.0,0.056878,0.45502,0.0015095
3d6.(5D).4d,e 6F,3.5,8.0,10.307613,3d6.(5D).5p,6D*,2.5,6.0,11.049404,0.741791,1671.41799,820000.0,0.025758,0.20606,0.00068361
3d6.(5D).4d,e 6F,3.5,8.0,10.307613,3d5.(4P).4s.4p.(3P*),6P*,3.5,8.0,11.050534,0.742921,1668.87482,370000.0,0.015449,0.12359,0.00041002
3d6.(5D).4d,e 6F,3.5,8.0,10.307613,3d5.(4P).4s.4p.(3P*),6P*,2.5,6.0,11.089699,0.782086,1585.30175,100000.0,0.0028258,0.022607,7.4997e-05
3d6.(5D).4d,e 6F,3.5,8.0,10.307613,3d6.(5D).5p,4F*,4.5,10.0,11.163885,0.856272,1447.95411,190000.0,0.0074651,0.05972,0.00019812
3d6.(5D).4d,e 6F,3.5,8.0,10.307613,3d6.(3F1).4p,4G*,4.5,10.0,11.166929,0.859316,1442.82461,49000.0,0.0019116,0.015293,5.0733e-05
3d6.(5D).4d,e 6F,3.5,8.0,10.307613,3d6.(5D).5p,6F*,3.5,8.0,11.195851,0.888238,1395.84481,160000.0,0.0046736,0.037389,0.00012404
3d6.(5D).4d,e 6F,3.5,8.0,10.307613,3d6.(5D).5p,6F*,4.5,10.0,11.206502,0.898888,1379.30565,250000.0,0.0089131,0.071305,0.00023655
3d6.(5D).4d,e 6F,3.5,8.0,10.307613,3d6.(5D).5p,4D*,3.5,8.0,11.207908,0.900294,1377.15157,190000.0,0.0054023,0.043218,0.00014338
3d6.(5D).4d,e 6F,3.5,8.0,10.307613,3d6.(5D).5p,6F*,2.5,6.0,11.219061,0.911447,1360.30009,380000.0,0.0079063,0.06325,0.00020983
3d6.(5D).4d,e 6F,3.5,8.0,10.307613,3d6.(5D).5p,4F*,3.5,8.0,11.255363,0.94775,1308.19587,100000.0,0.0025657,0.020526,6.8094e-05
3d6.(5D).4d,e 6F,3.5,8.0,10.307613,3d6.(5D).5p,w 6P*,3.5,8.0,11.303384,0.99577,1245.10854,210000.0,0.0048808,0.039047,0.00012954
3d6.(5D).4d,e 6F,3.5,8.0,10.307613,3d6.(5D<4>).4f,2[5]*,4.5,10.0,12.751948,2.444334,507.23094,48000000.0,0.23143,1.8515,0.0061422
3d6.(5D).4d,e 6F,3.5,8.0,10.307613,3d6.(5D<4>).4f,2[4]*,4.5,10.0,12.755795,2.448182,506.43383,2000000.0,0.0096127,0.076902,0.00025512
3d6.(5D).4d,e 6F,3.5,8.0,10.307613,3d6.(5D<4>).4f,2[4]*,3.5,8.0,12.756384,2.44877,506.3121,63000000.0,0.24212,1.937,0.006426
3d6.(5D).4d,e 6F,3.5,8.0,10.307613,3d6.(5D<4>).4f,2[3]*,3.5,8.0,12.763213,2.4556,504.90393,19000000.0,0.072616,0.58093,0.0019272
3d6.(5D).4d,e 6F,3.5,8.0,10.307613,3d6.(5D<4>).4f,2[3]*,2.5,6.0,12.764442,2.456829,504.65131,43000000.0,0.12313,0.98506,0.0032679
3d6.(5D).4d,e 6F,3.5,8.0,10.307613,3d6.(5D<4>).4f,2[2]*,2.5,6.0,12.77339,2.465777,502.82,15800000.0,0.044916,0.35933,0.0011921
3d6.(5D).4d,e 6F,3.5,8.0,10.307613,3d6.(5D<3>).4f,2[4]*,4.5,10.0,12.810847,2.503233,495.29624,44000000.0,0.20228,1.6182,0.0053685
3d6.(5D).4d,e 6F,3.5,8.0,10.307613,3d6.(5D<3>).4f,2[4]*,3.5,8.0,12.812614,2.505,494.94682,20600000.0,0.075656,0.60525,0.0020079
3d6.(5D).4d,e 6F,3.5,8.0,10.307613,3d6.(5D<3>).4f,2[3]*,2.5,6.0,12.815614,2.508001,494.35474,2700000.0,0.0074193,0.059354,0.00019691
3d6.(5D).4d,e 6F,3.5,8.0,10.307613,3d6.(5D<3>).4f,2[3]*,3.5,8.0,12.818204,2.51059,493.84479,1400000.0,0.0051188,0.04095,0.00013585
3d6.(5D).4d,e 6F,3.5,8.0,10.307613,3d6.(5D<2>).4f,2[5]*,4.5,10.0,12.854767,2.547154,486.75584,6000000.0,0.026641,0.21312,0.00070704
3d6.(5D).4d,e 6F,3.5,8.0,10.307613,3d6.(5D<1>).4f,2[4]*,4.5,10.0,12.87874,2.571126,482.21746,5400000.0,0.023531,0.18825,0.00062453
3d6.(5D).4d,e 6F,2.5,6.0,10.328905,3d6.(5D).5p,6D*,3.5,8.0,11.016434,0.687529,1803.33098,450000.0,0.029252,0.17551,0.00077636
3d6.(5D).4d,e 6F,2.5,6.0,10.328905,3d6.(5D).5p,6D*,2.5,6.0,11.049404,0.720498,1720.81181,1320000.0,0.0586,0.3516,0.0015553
3d6.(5D).4d,e 6F,2.5,6.0,10.328905,3d5.(4P).4s.4p.(3P*),6P*,3.5,8.0,11.050534,0.721629,1718.11623,140000.0,0.008261,0.049566,0.00021925
3d6.(5D).4d,e 6F,2.5,6.0,10.328905,3d6.(5D).5p,6D*,1.5,4.0,11.075657,0.746752,1660.3138,670000.0,0.01846,0.11076,0.00048992
3d6.(5D).4d,e 6F,2.5,6.0,10.328905,3d5.(4P).4s.4p.(3P*),6P*,2.5,6.0,11.089699,0.760794,1629.66931,150000.0,0.0059724,0.035834,0.00015851
3d6.(5D).4d,e 6F,2.5,6.0,10.328905,3d6.(5D).5p,6F*,3.5,8.0,11.195851,0.866945,1430.12679,200000.0,0.0081767,0.04906,0.00021701
3d6.(5D).4d,e 6F,2.5,6.0,10.328905,3d6.(5D).5p,4D*,3.5,8.0,11.207908,0.879002,1410.51051,210000.0,0.0083516,0.05011,0.00022165
3d6.(5D).4d,e 6F,2.5,6.0,10.328905,3d6.(5D).5p,6F*,2.5,6.0,11.219061,0.890155,1392.83799,260000.0,0.007562,0.045372,0.00020069
3d6.(5D).4d,e 6F,2.5,6.0,10.328905,3d6.(5D).5p,6F*,1.5,4.0,11.232164,0.903258,1372.63282,470000.0,0.0088506,0.053104,0.0002349
3d6.(5D).4d,e 6F,2.5,6.0,10.328905,3d6.(5D).5p,4F*,3.5,8.0,11.255363,0.926457,1338.26134,100000.0,0.00358,0.02148,9.5013e-05
3d6.(5D).4d,e 6F,2.5,6.0,10.328905,3d6.(5D).5p,w 6P*,2.5,6.0,11.353871,1.024966,1209.64218,140000.0,0.0030712,0.018427,8.1508e-05
3d6.(5D).4d,e 6F,2.5,6.0,10.328905,3d6.(5D<4>).4f,2[4]*,3.5,8.0,12.756384,2.427478,510.75313,18100000.0,0.094384,0.5663,0.002505
3d6.(5D).4d,e 6F,2.5,6.0,10.328905,3d6.(5D<4>).4f,2[3]*,2.5,6.0,12.764442,2.435537,509.06313,44000000.0,0.17094,1.0257,0.0045369
3d6.(5D).4d,e 6F,2.5,6.0,10.328905,3d6.(5D<4>).4f,2[2]*,2.5,6.0,12.77339,2.444485,507.19971,900000.0,0.003471,0.020826,9.2121e-05
3d6.(5D).4d,e 6F,2.5,6.0,10.328905,3d6.(5D<4>).4f,2[2]*,1.5,4.0,12.774689,2.445784,506.93031,54000000.0,0.13869,0.83217,0.0036809
3d6.(5D).4d,e 6F,2.5,6.0,10.328905,3d6.(5D<4>).4f,2[1]*,1.5,4.0,12.784114,2.455209,504.98436,3900000.0,0.0099401,0.05964,0.00026381
3d6.(5D).4d,e 6F,2.5,6.0,10.328905,3d6.(5D<3>).4f,2[4]*,3.5,8.0,12.812614,2.483708,499.18987,52000000.0,0.25902,1.5541,0.0068744
3d6.(5D).4d,e 6F,2.5,6.0,10.328905,3d6.(5D<3>).4f,2[3]*,2.5,6.0,12.815614,2.486708,498.5876,54000000.0,0.20125,1.2075,0.0053412
3d6.(5D).4d,e 6F,2.5,6.0,10.328905,3d6.(5D<3>).4f,2[3]*,3.5,8.0,12.818204,2.489298,498.06889,900000.0,0.0044629,0.026778,0.00011845
3d6.(5D).4d,e 6F,2.5,6.0,10.328905,3d6.(5D<3>).4f,2[2]*,1.5,4.0,12.818894,2.489988,497.93083,16900000.0,0.041879,0.25127,0.0011115
3d6.(5D).4d,e 6F,2.5,6.0,10.328905,3d6.(5D<3>).4f,2[2]*,2.5,6.0,12.820751,2.491845,497.55981,1500000.0,0.0055673,0.033404,0.00014776
3d6.(5D).4d,e 6F,2.5,6.0,10.328905,3d6.(5D<3>).4f,2[1]*,1.5,4.0,12.82219,2.493284,497.27261,5100000.0,0.012605,0.075627,0.00033452
3d6.(5D).4d,e 6F,2.5,6.0,10.328905,3d6.(5D<2>).4f,2[2]*,2.5,6.0,12.852331,2.523425,491.33296,1100000.0,0.0039811,0.023887,0.00010566
3d6.(5D).4d,e 6F,2.5,6.0,10.328905,3d6.(5D<2>).4f,2[3]*,3.5,8.0,12.854291,2.525385,490.95159,18500000.0,0.089135,0.53481,0.0023656
3d6.(5D).4d,e 6F,2.5,6.0,10.328905,3d6.(5D<1>).4f,2[4]*,3.5,8.0,12.879818,2.550913,486.03858,1900000.0,0.0089721,0.053833,0.00023812
3d6.(5D).4d,e 6F,2.5,6.0,10.328905,3d6.(5D<1>).4f,2[3]*,3.5,8.0,12.890614,2.561709,483.99025,700000.0,0.0032777,0.019666,8.699e-05
3d6.(5D).4d,e 6F,2.5,6.0,10.328905,3d6.(5D<0>).4f,2[3]*,3.5,8.0,12.897203,2.568298,482.74851,2600000.0,0.012112,0.072672,0.00032145
3d6.(5D).4d,e 6F,1.5,4.0,10.347687,3d6.(5D).5p,6D*,2.5,6.0,11.049404,0.701717,1766.86845,550000.0,0.038612,0.15445,0.0010248
3d6.(5D).4d,e 6F,1.5,4.0,10.347687,3d6.(5D).5p,6D*,1.5,4.0,11.075657,0.727971,1703.14866,1360000.0,0.059143,0.23657,0.0015697
3d6.(5D).4d,e 6F,1.5,4.0,10.347687,3d5.(4P).4s.4p.(3P*),6P*,2.5,6.0,11.089699,0.742013,1670.91792,68000.0,0.0042694,0.017078,0.00011331
3d6.(5D).4d,e 6F,1.5,4.0,10.347687,3d6.(5D).5p,6D*,0.5,2.0,11.093036,0.74535,1663.43662,780000.0,0.016178,0.064714,0.00042938
3d6.(5D).4d,e 6F,1.5,4.0,10.347687,3d5.(4P).4s.4p.(3P*),6P*,1.5,4.0,11.112202,0.764515,1621.73642,80000.0,0.0031544,0.012617,8.3716e-05
3d6.(5D).4d,e 6F,1.5,4.0,10.347687,3d6.(5D).5p,6F*,2.5,6.0,11.219061,0.871374,1422.85843,470000.0,0.021398,0.085592,0.0005679
3d6.(5D).4d,e 6F,1.5,4.0,10.347687,3d6.(5D).5p,6F*,1.5,4.0,11.232164,0.884477,1401.77947,260000.0,0.0076594,0.030637,0.00020328
3d6.(5D).4d,e 6F,1.5,4.0,10.347687,3d6.(5D).5p,6F*,0.5,2.0,11.238948,0.891262,1391.1091,660000.0,0.0095741,0.038296,0.0002541
3d6.(5D).4d,e 6F,1.5,4.0,10.347687,3d6.(5D).5p,4D*,0.5,2.0,11.307331,0.959645,1291.9805,20000.0,0.00025025,0.001001,6.6416e-06
3d6.(5D).4d,e 6F,1.5,4.0,10.347687,3d6.(5D<4>).4f,2[3]*,2.5,6.0,12.764442,2.416756,513.01916,3200000.0,0.018939,0.075758,0.00050265
3d6.(5D).4d,e 6F,1.5,4.0,10.347687,3d6.(5D<4>).4f,2[2]*,1.5,4.0,12.774689,2.427003,510.85313,10000000.0,0.039125,0.1565,0.0010384
3d6.(5D).4d,e 6F,1.5,4.0,10.347687,3d6.(5D<4>).4f,2[1]*,0.5,2.0,12.785959,2.438273,508.49191,23000000.0,0.044579,0.17831,0.0011831
3d6.(5D).4d,e 6F,1.5,4.0,10.347687,3d6.(5D<3>).4f,2[3]*,2.5,6.0,12.815614,2.467927,502.38189,37300000.0,0.2117,0.84681,0.0056186
3d6.(5D).4d,e 6F,1.5,4.0,10.347687,3d6.(5D<3>).4f,2[2]*,1.5,4.0,12.818894,2.471207,501.71509,62000000.0,0.23397,0.93589,0.0062096
3d6.(5D).4d,e 6F,1.5,4.0,10.347687,3d6.(5D<3>).4f,2[2]*,2.5,6.0,12.820751,2.473064,501.33841,5800000.0,0.032782,0.13113,0.00087004
3d6.(5D).4d,e 6F,1.5,4.0,10.347687,3d6.(5D<3>).4f,2[1]*,1.5,4.0,12.82219,2.474503,501.04683,140000.0,0.00052692,0.0021077,1.3984e-05
3d6.(5D).4d,e 6F,1.5,4.0,10.347687,3d6.(5D<3>).4f,2[0]*,0.5,2.0,12.822233,2.474546,501.03818,39000000.0,0.07339,0.29356,0.0019478
3d6.(5D).4d,e 6F,1.5,4.0,10.347687,3d6.(5D<2>).4f,2[2]*,1.5,4.0,12.850374,2.502687,495.40425,16300000.0,0.059975,0.2399,0.0015917
3d6.(5D).4d,e 6F,1.5,4.0,10.347687,3d6.(5D<2>).4f,2[2]*,2.5,6.0,12.852331,2.504644,495.01723,42000000.0,0.23144,0.92576,0.0061425
3d6.(5D).4d,e 6F,1.5,4.0,10.347687,3d6.(5D<2>).4f,2[1]*,1.5,4.0,12.853288,2.505602,494.82802,2200000.0,0.0080759,0.032304,0.00021433
3d6.(5D).4d,e 6F,1.5,4.0,10.347687,3d6.(5D<2>).4f,2[1]*,0.5,2.0,12.854221,2.506535,494.64387,4800000.0,0.0088035,0.035214,0.00023365
3d6.(5D).4d,e 6F,1.5,4.0,10.347687,3d6.(5D<1>).4f,2[2]*,2.5,6.0,12.876727,2.52904,490.24214,5600000.0,0.030266,0.12107,0.00080327
3d6.(5D).4d,e 6F,1.5,4.0,10.347687,3d6.(5D<1>).4f,2[3]*,2.5,6.0,12.892869,2.545182,487.13286,1400000.0,0.0074709,0.029884,0.00019828
3d6.(5D).4d,e 6F,1.5,4.0,10.347687,3d6.(5D<0>).4f,2[3]*,2.5,6.0,12.900112,2.552425,485.75055,900000.0,0.0047755,0.019102,0.00012674
3d6.(5D).4d,e 6F,0.5,2.0,10.359942,3d6.(5D).5p,6D*,1.5,4.0,11.075657,0.715715,1732.31266,470000.0,0.04229,0.08458,0.0011224
3d6.(5D).4d,e 6F,0.5,2.0,10.359942,3d6.(5D).5p,6D*,0.5,2.0,11.093036,0.733094,1691.24534,1760000.0,0.075472,0.15094,0.002003
3d6.(5D).4d,e 6F,0.5,2.0,10.359942,3d6.(5D).5p,6F*,1.5,4.0,11.232164,0.872222,1421.4759,440000.0,0.026658,0.053315,0.00070749
3d6.(5D).4d,e 6F,0.5,2.0,10.359942,3d6.(5D).5p,6F*,0.5,2.0,11.238948,0.879006,1410.50473,570000.0,0.017001,0.034003,0.00045122
3d6.(5D).4d,e 6F,0.5,2.0,10.359942,3d6.(5D<3>).4f,2[2]*,1.5,4.0,12.818894,2.458952,504.21567,15100000.0,0.11511,0.23021,0.0030549
3d6.(5D).4d,e 6F,0.5,2.0,10.359942,3d6.(5D<3>).4f,2[1]*,1.5,4.0,12.82219,2.462248,503.54074,10000000.0,0.076025,0.15205,0.0020177
3d6.(5D).4d,e 6F,0.5,2.0,10.359942,3d6.(5D<3>).4f,2[0]*,0.5,2.0,12.822233,2.46229,503.53201,800000.0,0.0030409,0.0060818,8.0706e-05
3d6.(5D).4d,e 6F,0.5,2.0,10.359942,3d6.(5D<3>).4f,2[1]*,0.5,2.0,12.824594,2.464652,503.04953,31000000.0,0.11761,0.23522,0.0031214
3d6.(5D).4d,e 6F,0.5,2.0,10.359942,3d6.(5D<2>).4f,2[2]*,1.5,4.0,12.850374,2.490432,497.84217,61000000.0,0.45332,0.90664,0.012031
3d6.(5D).4d,e 6F,0.5,2.0,10.359942,3d6.(5D<2>).4f,2[1]*,1.5,4.0,12.853288,2.493346,497.26026,21100000.0,0.15644,0.31287,0.0041518
3d6.(5D).4d,e 6F,0.5,2.0,10.359942,3d6.(5D<2>).4f,2[1]*,0.5,2.0,12.854221,2.494279,497.0743,20000000.0,0.074085,0.14817,0.0019662
3d6.(5D).4d,e 6F,0.5,2.0,10.359942,3d6.(5D<1>).4f,2[2]*,1.5,4.0,12.87812,2.518178,492.35673,8000000.0,0.058149,0.1163,0.0015433
3d6.(5D).4d,6D,3.5,8.0,10.379162,3d5.(4P).4s.4p.(3P*),6D*,4.5,10.0,10.986801,0.607639,2040.42496,800.0,6.2417e-05,0.00049933,1.6565e-06
3d6.(5D).4d,6D,3.5,8.0,10.379162,3d6.(5D).5p,6D*,4.5,10.0,11.000299,0.621138,1996.08168,430000.0,0.032107,0.25685,0.00085211
3d6.(5D).4d,6D,3.5,8.0,10.379162,3d6.(5D).5p,6D*,3.5,8.0,11.016434,0.637273,1945.54355,118000.0,0.0066961,0.053569,0.00017772
3d6.(5D).4d,6D,3.5,8.0,10.379162,3d6.(5D).5p,6D*,2.5,6.0,11.049404,0.670242,1849.84144,720000.0,0.027703,0.22162,0.00073523
3d6.(5D).4d,6D,3.5,8.0,10.379162,3d5.(4P).4s.4p.(3P*),6P*,3.5,8.0,11.050534,0.671373,1846.72684,197000.0,0.010072,0.080579,0.00026732
3d6.(5D).4d,6D,3.5,8.0,10.379162,3d5.(4P).4s.4p.(3P*),6P*,2.5,6.0,11.089699,0.710538,1744.93508,170000.0,0.0058201,0.046561,0.00015446
3d6.(5D).4d,6D,3.5,8.0,10.379162,3d6.(5D).5p,6F*,3.5,8.0,11.195851,0.816689,1518.13141,230000.0,0.0079471,0.063576,0.00021091
3d6.(5D).4d,6D,3.5,8.0,10.379162,3d6.(5D).5p,4D*,3.5,8.0,11.207908,0.828746,1496.04527,120000.0,0.0040265,0.032212,0.00010686
3d6.(5D).4d,6D,3.5,8.0,10.379162,3d6.(5D).5p,6F*,2.5,6.0,11.219061,0.839899,1476.1795,140000.0,0.0034303,0.027442,9.1039e-05
3d6.(5D).4d,6D,3.5,8.0,10.379162,3d6.(5D).5p,4F*,3.5,8.0,11.255363,0.876201,1415.01957,100000.0,0.0030018,0.024015,7.9668e-05
3d6.(5D).4d,6D,3.5,8.0,10.379162,3d6.(5D).5p,4F*,2.5,6.0,11.291311,0.91215,1359.25289,21000.0,0.00043626,0.00349,1.1578e-05
3d6.(5D).4d,6D,3.5,8.0,10.379162,3d6.(5D).5p,w 6P*,3.5,8.0,11.303384,0.924222,1341.49802,2220000.0,0.059895,0.47916,0.0015896
3d6.(5D).4d,6D,3.5,8.0,10.379162,3d5.(4D).4s.4p.(3P*),6P*,2.5,6.0,11.739454,1.360293,911.45242,16000.0,0.00014945,0.0011956,3.9665e-06
3d6.(5D).4d,6D,3.5,8.0,10.379162,3d6.(5D<4>).4f,2[5]*,4.5,10.0,12.751948,2.372786,522.52581,7700000.0,0.039398,0.31519,0.0010456
3d6.(5D).4d,6D,3.5,8.0,10.379162,3d6.(5D<4>).4f,2[4]*,4.5,10.0,12.755795,2.376633,521.67995,24500000.0,0.12495,0.99962,0.0033162
3d6.(5D).4d,6D,3.5,8.0,10.379162,3d6.(5D<4>).4f,2[4]*,3.5,8.0,12.756384,2.377222,521.55078,7700000.0,0.031401,0.25121,0.00083338
3d6.(5D).4d,6D,3.5,8.0,10.379162,3d6.(5D<4>).4f,2[3]*,3.5,8.0,12.763213,2.384052,520.05669,41000000.0,0.16624,1.3299,0.0044121
3d6.(5D).4d,6D,3.5,8.0,10.379162,3d6.(5D<4>).4f,2[3]*,2.5,6.0,12.764442,2.385281,519.78869,9600000.0,0.029164,0.23331,0.00077401
3d6.(5D).4d,6D,3.5,8.0,10.379162,3d6.(5D<4>).4f,2[2]*,2.5,6.0,12.77339,2.394229,517.84607,26300000.0,0.079301,0.63441,0.0021046
3d6.(5D).4d,6D,3.5,8.0,10.379162,3d6.(5D<3>).4f,2[4]*,4.5,10.0,12.810847,2.431685,509.86949,53000000.0,0.2582,2.0656,0.0068527
3d6.(5D).4d,6D,3.5,8.0,10.379162,3d6.(5D<3>).4f,2[4]*,3.5,8.0,12.812614,2.433452,509.49921,47000000.0,0.18291,1.4633,0.0048545
3d6.(5D).4d,6D,3.5,8.0,10.379162,3d6.(5D<3>).4f,2[3]*,2.5,6.0,12.815614,2.436452,508.87183,16300000.0,0.04746,0.37968,0.0012596
3d6.(5D).4d,6D,3.5,8.0,10.379162,3d6.(5D<3>).4f,2[3]*,3.5,8.0,12.818204,2.439042,508.3315,2800000.0,0.010847,0.086776,0.00028788
3d6.(5D).4d,6D,3.5,8.0,10.379162,3d6.(5D<3>).4f,2[2]*,2.5,6.0,12.820751,2.441589,507.80124,5100000.0,0.014787,0.1183,0.00039245
3d6.(5D).4d,6D,3.5,8.0,10.379162,3d6.(5D<2>).4f,2[2]*,2.5,6.0,12.852331,2.473169,501.31709,1500000.0,0.0042387,0.03391,0.0001125
3d6.(5D).4d,6D,3.5,8.0,10.379162,3d6.(5D<2>).4f,2[3]*,3.5,8.0,12.854291,2.475129,500.92007,250000.0,0.00094045,0.0075236,2.496e-05
3d6.(5D).4d,6D,3.5,8.0,10.379162,3d6.(5D<2>).4f,2[5]*,4.5,10.0,12.854767,2.475606,500.82371,11500000.0,0.054055,0.43244,0.0014346
3d6.(5D).4d,6D,3.5,8.0,10.379162,3d6.(5D<2>).4f,2[4]*,4.5,10.0,12.857382,2.47822,500.29531,800000.0,0.0037524,0.030019,9.9589e-05
3d6.(5D).4d,6D,3.5,8.0,10.379162,3d6.(5D<1>).4f,2[4]*,4.5,10.0,12.87874,2.499578,496.0205,4700000.0,0.02167,0.17336,0.00057513
3d6.(5D).4d,6D,3.5,8.0,10.379162,3d6.(5D<1>).4f,2[3]*,3.5,8.0,12.890614,2.511453,493.67525,360000.0,0.0013154,0.010523,3.491e-05
3d6.(5D).4d,6D,4.5,10.0,10.380753,3d5.(4P).4s.4p.(3P*),6D*,4.5,10.0,10.986801,0.606048,2045.78183,14000.0,0.00087843,0.0087843,2.3313e-05
3d6.(5D).4d,6D,4.5,10.0,10.380753,3d6.(5D).5p,6D*,4.5,10.0,11.000299,0.619547,2001.20795,580000.0,0.034823,0.34823,0.00092421
3d6.(5D).4d,6D,4.5,10.0,10.380753,3d6.(5D).5p,6D*,3.5,8.0,11.016434,0.635682,1950.41321,169000.0,0.0077106,0.077106,0.00020464
3d6.(5D).4d,6D,4.5,10.0,10.380753,3d5.(4P).4s.4p.(3P*),6P*,3.5,8.0,11.050534,0.669782,1851.11383,1040000.0,0.042741,0.42741,0.0011344
3d6.(5D).4d,6D,4.5,10.0,10.380753,3d6.(5D).5p,6F*,5.5,12.0,11.149174,0.768421,1613.49289,75000.0,0.0035127,0.035127,9.3226e-05
3d6.(5D).4d,6D,4.5,10.0,10.380753,3d6.(5D).5p,4F*,4.5,10.0,11.163885,0.783132,1583.18331,270000.0,0.010146,0.10146,0.00026927
3d6.(5D).4d,6D,4.5,10.0,10.380753,3d6.(3F1).4p,4G*,4.5,10.0,11.166929,0.786177,1577.05297,67000.0,0.0024982,0.024982,6.6302e-05
3d6.(5D).4d,6D,4.5,10.0,10.380753,3d6.(5D).5p,6F*,3.5,8.0,11.195851,0.815098,1521.09486,49000.0,0.0013597,0.013597,3.6088e-05
3d6.(5D).4d,6D,4.5,10.0,10.380753,3d6.(5D).5p,6F*,4.5,10.0,11.206502,0.825749,1501.47525,250000.0,0.0084496,0.084496,0.00022425
3d6.(5D).4d,6D,4.5,10.0,10.380753,3d6.(5D).5p,w 6P*,3.5,8.0,11.303384,0.922631,1343.81147,2480000.0,0.053713,0.53713,0.0014255
3d6.(5D).4d,6D,4.5,10.0,10.380753,3d6.(5D<4>).4f,2[5]*,5.5,12.0,12.749468,2.368715,523.42383,16800000.0,0.082805,0.82805,0.0021976
3d6.(5D).4d,6D,4.5,10.0,10.380753,3d6.(5D<4>).4f,2[4]*,4.5,10.0,12.755795,2.375042,522.02943,16700000.0,0.068229,0.68229,0.0018108
3d6.(5D).4d,6D,4.5,10.0,10.380753,3d6.(5D<4>).4f,2[6]*,5.5,12.0,12.757159,2.376406,521.7298,14200000.0,0.069538,0.69538,0.0018455
3d6.(5D).4d,6D,4.5,10.0,10.380753,3d6.(5D<4>).4f,2[3]*,3.5,8.0,12.763213,2.382461,520.404,5900000.0,0.019164,0.19164,0.00050861
3d6.(5D).4d,6D,4.5,10.0,10.380753,3d6.(5D<3>).4f,2[5]*,5.5,12.0,12.810788,2.430036,510.21558,111000000.0,0.51984,5.1984,0.013797
3d6.(5D).4d,6D,4.5,10.0,10.380753,3d6.(5D<3>).4f,2[4]*,4.5,10.0,12.810847,2.430094,510.20332,44000000.0,0.17171,1.7171,0.0045572
3d6.(5D).4d,6D,4.5,10.0,10.380753,3d6.(5D<3>).4f,2[4]*,3.5,8.0,12.812614,2.431861,509.83257,8100000.0,0.025252,0.25252,0.00067018
3d6.(5D).4d,6D,4.5,10.0,10.380753,3d6.(5D<3>).4f,2[5]*,4.5,10.0,12.814104,2.433352,509.52022,2800000.0,0.010898,0.10898,0.00028923
3d6.(5D).4d,6D,4.5,10.0,10.380753,3d6.(5D<3>).4f,2[3]*,3.5,8.0,12.818204,2.437451,508.66333,1800000.0,0.0055858,0.055858,0.00014825
3d6.(5D).4d,6D,4.5,10.0,10.380753,3d6.(5D<3>).4f,2[6]*,5.5,12.0,12.822472,2.441719,507.77425,2500000.0,0.011596,0.11596,0.00030777
3d6.(5D).4d,6D,4.5,10.0,10.380753,3d6.(5D<2>).4f,2[3]*,3.5,8.0,12.854291,2.473538,501.24228,2200000.0,0.0066293,0.066293,0.00017594
3d6.(5D).4d,6D,4.5,10.0,10.380753,3d6.(5D<2>).4f,2[5]*,4.5,10.0,12.854767,2.474015,501.1458,5400000.0,0.020332,0.20332,0.00053961
3d6.(5D).4d,6D,4.5,10.0,10.380753,3d6.(5D<2>).4f,2[5]*,5.5,12.0,12.856057,2.475305,500.88461,7700000.0,0.034754,0.34754,0.00092238
3d6.(5D).4d,6D,4.5,10.0,10.380753,3d6.(5D<2>).4f,2[4]*,4.5,10.0,12.857382,2.476629,500.61672,2000000.0,0.0075145,0.075145,0.00019943
3d6.(5D).4d,6D,2.5,6.0,10.391407,3d6.(5D).5p,6D*,3.5,8.0,11.016434,0.625027,1983.66148,650000.0,0.051127,0.30676,0.0013569
3d6.(5D).4d,6D,2.5,6.0,10.391407,3d6.(5D).5p,6D*,1.5,4.0,11.075657,0.68425,1811.97274,710000.0,0.023299,0.13979,0.00061835
3d6.(5D).4d,6D,2.5,6.0,10.391407,3d5.(4P).4s.4p.(3P*),6P*,2.5,6.0,11.089699,0.698292,1775.53565,193000.0,0.0091217,0.05473,0.00024209
3d6.(5D).4d,6D,2.5,6.0,10.391407,3d6.(5D).5p,6F*,2.5,6.0,11.219061,0.827653,1498.02077,220000.0,0.0074015,0.044409,0.00019643
3d6.(5D).4d,6D,2.5,6.0,10.391407,3d6.(5D).5p,6F*,1.5,4.0,11.232164,0.840757,1474.67428,170000.0,0.003695,0.02217,9.8064e-05
3d6.(5D).4d,6D,2.5,6.0,10.391407,3d6.(5D).5p,w 6P*,3.5,8.0,11.303384,0.911976,1359.51134,1110000.0,0.04101,0.24606,0.0010884
3d6.(5D).4d,6D,2.5,6.0,10.391407,3d6.(5D).5p,w 6P*,2.5,6.0,11.353871,0.962464,1288.19556,720000.0,0.017912,0.10747,0.0004754
3d6.(5D).4d,6D,2.5,6.0,10.391407,3d6.(5D<4>).4f,2[4]*,3.5,8.0,12.756384,2.364976,524.25136,7900000.0,0.043401,0.26041,0.0011519
3d6.(5D).4d,6D,2.5,6.0,10.391407,3d6.(5D<4>).4f,2[3]*,3.5,8.0,12.763213,2.371806,522.74178,11000000.0,0.060085,0.36051,0.0015947
3d6.(5D).4d,6D,2.5,6.0,10.391407,3d6.(5D<4>).4f,2[3]*,2.5,6.0,12.764442,2.373035,522.47101,27600000.0,0.11295,0.67771,0.0029977
3d6.(5D).4d,6D,2.5,6.0,10.391407,3d6.(5D<4>).4f,2[2]*,2.5,6.0,12.77339,2.381983,520.50833,31500000.0,0.12795,0.76767,0.0033957
3d6.(5D).4d,6D,2.5,6.0,10.391407,3d6.(5D<4>).4f,2[2]*,1.5,4.0,12.774689,2.383282,520.2246,57000000.0,0.15418,0.92507,0.0040919
3d6.(5D).4d,6D,2.5,6.0,10.391407,3d6.(5D<4>).4f,2[1]*,1.5,4.0,12.784114,2.392707,518.17545,51000000.0,0.13686,0.82119,0.0036324
3d6.(5D).4d,6D,2.5,6.0,10.391407,3d6.(5D<3>).4f,2[4]*,3.5,8.0,12.812614,2.421206,512.07612,6800000.0,0.035643,0.21386,0.00094597
3d6.(5D).4d,6D,2.5,6.0,10.391407,3d6.(5D<3>).4f,2[3]*,2.5,6.0,12.815614,2.424207,511.44238,12600000.0,0.049411,0.29647,0.0013114
3d6.(5D).4d,6D,2.5,6.0,10.391407,3d6.(5D<3>).4f,2[3]*,3.5,8.0,12.818204,2.426796,510.89658,7300000.0,0.038088,0.22853,0.0010109
3d6.(5D).4d,6D,2.5,6.0,10.391407,3d6.(5D<2>).4f,2[2]*,2.5,6.0,12.852331,2.460923,503.81169,11900000.0,0.045284,0.2717,0.0012018
3d6.(5D).4d,6D,2.5,6.0,10.391407,3d6.(5D<2>).4f,2[1]*,1.5,4.0,12.853288,2.461881,503.6157,1300000.0,0.0032954,0.019772,8.746e-05
3d6.(5D).4d,6D,2.5,6.0,10.391407,3d6.(5D<2>).4f,2[3]*,3.5,8.0,12.854291,2.462884,503.41071,39300000.0,0.19908,1.1945,0.0052837
3d6.(5D).4d,6D,2.5,6.0,10.391407,3d6.(5D<2>).4f,2[3]*,2.5,6.0,12.856977,2.46557,502.86221,460000.0,0.0017439,0.010463,4.6282e-05
3d6.(5D).4d,6D,2.5,6.0,10.391407,3d6.(5D<2>).4f,2[4]*,3.5,8.0,12.858601,2.467194,502.53131,1600000.0,0.0080769,0.048461,0.00021436
3d6.(5D).4d,6D,2.5,6.0,10.391407,3d6.(5D<1>).4f,2[2]*,2.5,6.0,12.876727,2.485319,498.86628,4300000.0,0.016043,0.09626,0.00042579
3d6.(5D).4d,6D,2.5,6.0,10.391407,3d6.(5D<1>).4f,2[4]*,3.5,8.0,12.879818,2.488411,498.24648,610000.0,0.003027,0.018162,8.0337e-05
3d6.(5D).4d,6D,2.5,6.0,10.391407,3d6.(5D<1>).4f,2[3]*,3.5,8.0,12.890614,2.499207,496.09419,2100000.0,0.010331,0.061987,0.00027419
3d6.(5D).4d,6D,2.5,6.0,10.391407,3d6.(5D<1>).4f,2[3]*,2.5,6.0,12.892869,2.501462,495.647,320000.0,0.0011786,0.0070714,3.1279e-05
3d6.(1F).4p,v 2G*,4.5,10.0,10.398704,3d6.(3F2).4d,4D,3.5,8.0,13.017582,2.618877,473.42498,90000.0,0.00024193,0.0024193,6.4209e-06
3d6.(5D).4d,6D,1.5,4.0,10.413446,3d6.(5D).5p,6D*,2.5,6.0,11.049404,0.635958,1949.56644,750000.0,0.064104,0.25642,0.0017013
3d6.(5D).4d,6D,1.5,4.0,10.413446,3d6.(5D).5p,6D*,1.5,4.0,11.075657,0.662211,1872.27605,220000.0,0.011562,0.046247,0.00030685
3d6.(5D).4d,6D,1.5,4.0,10.413446,3d6.(5D).5p,6D*,0.5,2.0,11.093036,0.67959,1824.39623,670000.0,0.016716,0.066866,0.00044365
3d6.(5D).4d,6D,1.5,4.0,10.413446,3d6.(5D).5p,6F*,1.5,4.0,11.232164,0.818718,1514.37038,180000.0,0.0061887,0.024755,0.00016425
3d6.(5D).4d,6D,1.5,4.0,10.413446,3d6.(5D).5p,6F*,0.5,2.0,11.238948,0.825502,1501.92469,180000.0,0.0030437,0.012175,8.0779e-05
3d6.(5D).4d,6D,1.5,4.0,10.413446,3d6.(5D).5p,w 6P*,2.5,6.0,11.353871,0.940425,1318.3842,1370000.0,0.053549,0.2142,0.0014212
3d6.(5D).4d,6D,1.5,4.0,10.413446,3d5.(4D).4s.4p.(3P*),6F*,1.5,4.0,11.396078,0.982632,1261.75578,14000.0,0.00033415,0.0013366,8.8683e-06
3d6.(5D).4d,6D,1.5,4.0,10.413446,3d6.(5D<4>).4f,2[3]*,2.5,6.0,12.764442,2.350996,527.36875,4200000.0,0.026268,0.10507,0.00069716
3d6.(5D).4d,6D,1.5,4.0,10.413446,3d6.(5D<4>).4f,2[2]*,1.5,4.0,12.774689,2.361243,525.08013,15500000.0,0.064068,0.25627,0.0017004
3d6.(5D).4d,6D,1.5,4.0,10.413446,3d6.(5D<4>).4f,2[1]*,0.5,2.0,12.785959,2.372513,522.58587,46000000.0,0.094168,0.37667,0.0024992
3d6.(5D).4d,6D,1.5,4.0,10.413446,3d6.(5D<3>).4f,2[3]*,2.5,6.0,12.815614,2.402168,516.13461,5000000.0,0.029953,0.11981,0.00079496
3d6.(5D).4d,6D,1.5,4.0,10.413446,3d6.(5D<3>).4f,2[2]*,1.5,4.0,12.818894,2.405448,515.43082,9000000.0,0.035846,0.14338,0.00095136
3d6.(5D).4d,6D,1.5,4.0,10.413446,3d6.(5D<3>).4f,2[2]*,2.5,6.0,12.820751,2.407305,515.03328,16100000.0,0.096039,0.38416,0.0025489
3d6.(5D).4d,6D,1.5,4.0,10.413446,3d6.(5D<3>).4f,2[1]*,1.5,4.0,12.82219,2.408744,514.72555,45000000.0,0.17874,0.71496,0.0047438
3d6.(5D).4d,6D,1.5,4.0,10.413446,3d6.(5D<3>).4f,2[0]*,0.5,2.0,12.822233,2.408786,514.71643,77000000.0,0.15292,0.61167,0.0040584
3d6.(5D).4d,6D,1.5,4.0,10.413446,3d6.(5D<3>).4f,2[1]*,0.5,2.0,12.824594,2.411148,514.21229,8000000.0,0.015856,0.063426,0.00042083
3d6.(5D).4d,6D,1.5,4.0,10.413446,3d6.(5D<2>).4f,2[2]*,1.5,4.0,12.850374,2.436928,508.77251,25000000.0,0.097017,0.38807,0.0025748
3d6.(5D).4d,6D,1.5,4.0,10.413446,3d6.(5D<2>).4f,2[2]*,2.5,6.0,12.852331,2.438885,508.36433,32000000.0,0.18597,0.74389,0.0049357
3d6.(5D).4d,6D,1.5,4.0,10.413446,3d6.(5D<2>).4f,2[1]*,1.5,4.0,12.853288,2.439842,508.16478,1600000.0,0.0061942,0.024777,0.0001644
3d6.(5D).4d,6D,1.5,4.0,10.413446,3d6.(5D<2>).4f,2[1]*,0.5,2.0,12.854221,2.440775,507.97058,6200000.0,0.011992,0.047969,0.00031827
3d6.(5D).4d,6D,1.5,4.0,10.413446,3d6.(5D<2>).4f,2[3]*,2.5,6.0,12.856977,2.443531,507.39763,4000000.0,0.023158,0.092633,0.00061462
3d6.(5D).4d,6D,1.5,4.0,10.413446,3d6.(5D<1>).4f,2[2]*,2.5,6.0,12.876727,2.463281,503.32958,6500000.0,0.037031,0.14813,0.00098281
3d6.(5D).4d,6D,1.5,4.0,10.413446,3d6.(5D<0>).4f,2[3]*,2.5,6.0,12.900112,2.486666,498.59613,1700000.0,0.0095038,0.038015,0.00025223
3d6.(5D).4d,e 6G,6.5,14.0,10.419033,3d6.(5D).5p,6F*,5.5,12.0,11.149174,0.73014,1698.08732,4200000.0,0.15563,2.1788,0.0041303
3d6.(5D).4d,e 6G,6.5,14.0,10.419033,3d6.(5D<4>).4f,2[5]*,5.5,12.0,12.749468,2.330434,532.02183,5600000.0,0.020369,0.28516,0.00054058
3d6.(5D).4d,e 6G,6.5,14.0,10.419033,3d6.(5D<4>).4f,2[6]*,6.5,14.0,12.750575,2.331541,531.76928,36900000.0,0.15643,2.1901,0.0041518
3d6.(5D).4d,e 6G,6.5,14.0,10.419033,3d6.(5D<4>).4f,2[7]*,6.5,14.0,12.772813,2.35378,526.74506,2300000.0,0.0095673,0.13394,0.00025392
3d6.(5D).4d,e 6G,6.5,14.0,10.419033,3d6.(5D<4>).4f,2[7]*,7.5,16.0,12.775378,2.356344,526.17183,185000000.0,0.87756,12.286,0.023291
3d6.(5D).4d,e 6G,6.5,14.0,10.419033,3d6.(5D<3>).4f,2[6]*,6.5,14.0,12.822596,2.403563,515.83507,2300000.0,0.0091751,0.12845,0.00024351
3d6.(5D).4d,6D,0.5,2.0,10.430992,3d6.(5D).5p,6D*,1.5,4.0,11.075657,0.644665,1923.23423,650000.0,0.072089,0.14418,0.0019132
3d6.(5D).4d,6D,0.5,2.0,10.430992,3d6.(5D).5p,6D*,0.5,2.0,11.093036,0.662044,1872.74777,650000.0,0.034177,0.068354,0.00090705
3d6.(5D).4d,6D,0.5,2.0,10.430992,3d6.(5D).5p,6F*,0.5,2.0,11.238948,0.807956,1534.54128,240000.0,0.0084728,0.016946,0.00022487
3d6.(5D).4d,6D,0.5,2.0,10.430992,3d6.(5D).5p,w 6P*,1.5,4.0,11.387141,0.956149,1296.70388,890000.0,0.044871,0.089741,0.0011909
3d6.(5D).4d,6D,0.5,2.0,10.430992,3d6.(5D<3>).4f,2[2]*,1.5,4.0,12.818894,2.387902,519.21814,7600000.0,0.061433,0.12287,0.0016304
3d6.(5D).4d,6D,0.5,2.0,10.430992,3d6.(5D<3>).4f,2[0]*,0.5,2.0,12.822233,2.391241,518.49322,1800000.0,0.0072547,0.014509,0.00019254
3d6.(5D).4d,6D,0.5,2.0,10.430992,3d6.(5D<3>).4f,2[1]*,0.5,2.0,12.824594,2.393602,517.98166,58000000.0,0.2333,0.4666,0.0061918
3d6.(5D).4d,6D,0.5,2.0,10.430992,3d6.(5D<2>).4f,2[2]*,1.5,4.0,12.850374,2.419382,512.46227,250000.0,0.0019686,0.0039372,5.2246e-05
3d6.(5D).4d,6D,0.5,2.0,10.430992,3d6.(5D<2>).4f,2[1]*,1.5,4.0,12.853288,2.422296,511.84569,58000000.0,0.45561,0.91123,0.012092
3d6.(5D).4d,6D,0.5,2.0,10.430992,3d6.(5D<2>).4f,2[1]*,0.5,2.0,12.854221,2.423229,511.64866,40000000.0,0.15699,0.31397,0.0041664
3d6.(5D).4d,6D,0.5,2.0,10.430992,3d6.(5D<1>).4f,2[2]*,1.5,4.0,12.87812,2.447128,506.65179,18300000.0,0.14085,0.2817,0.0037382
3d6.(5D).4d,6P,3.5,8.0,10.447726,3d6.(5D).5p,6D*,4.5,10.0,11.000299,0.552573,2243.76021,13000.0,0.0012265,0.009812,3.2551e-05
3d6.(5D).4d,6P,3.5,8.0,10.447726,3d6.(5D).5p,6D*,3.5,8.0,11.016434,0.568708,2180.10218,76000.0,0.0054154,0.043323,0.00014372
3d6.(5D).4d,6P,3.5,8.0,10.447726,3d6.(5D).5p,6D*,2.5,6.0,11.049404,0.601678,2060.64141,132000.0,0.0063023,0.050418,0.00016726
3d6.(5D).4d,6P,3.5,8.0,10.447726,3d5.(4P).4s.4p.(3P*),6P*,3.5,8.0,11.050534,0.602808,2056.77725,270000.0,0.017124,0.13699,0.00045446
3d6.(5D).4d,6P,3.5,8.0,10.447726,3d5.(4P).4s.4p.(3P*),6P*,2.5,6.0,11.089699,0.641973,1931.29927,780000.0,0.032713,0.2617,0.00086819
3d6.(5D).4d,6P,3.5,8.0,10.447726,3d6.(5D).5p,4F*,4.5,10.0,11.163885,0.716159,1731.23892,30000.0,0.001685,0.01348,4.472e-05
3d6.(5D).4d,6P,3.5,8.0,10.447726,3d6.(3F1).4p,4G*,4.5,10.0,11.166929,0.719203,1723.91103,6600.0,0.00036757,0.0029406,9.7554e-06
3d6.(5D).4d,6P,3.5,8.0,10.447726,3d6.(5D).5p,6F*,3.5,8.0,11.195851,0.748125,1657.26603,43000.0,0.0017706,0.014165,4.6991e-05
3d6.(5D).4d,6P,3.5,8.0,10.447726,3d6.(5D).5p,4D*,3.5,8.0,11.207908,0.760182,1630.9811,216000.0,0.0086141,0.068913,0.00022862
3d6.(5D).4d,6P,3.5,8.0,10.447726,3d6.(5D).5p,6F*,2.5,6.0,11.219061,0.771335,1607.39838,26000.0,0.00075534,0.0060427,2.0047e-05
3d6.(5D).4d,6P,3.5,8.0,10.447726,3d6.(5D).5p,4D*,2.5,6.0,11.237782,0.790056,1569.30959,15000.0,0.00041536,0.0033229,1.1024e-05
3d6.(5D).4d,6P,3.5,8.0,10.447726,3d6.(5D).5p,4P*,2.5,6.0,11.270304,0.822578,1507.26446,100000.0,0.0025545,0.020436,6.7795e-05
3d6.(5D).4d,6P,3.5,8.0,10.447726,3d6.(5D).5p,w 6P*,3.5,8.0,11.303384,0.855657,1448.99347,470000.0,0.014794,0.11835,0.00039264
3d6.(5D).4d,6P,3.5,8.0,10.447726,3d6.(5D).5p,w 6P*,2.5,6.0,11.353871,0.906145,1368.25958,3330000.0,0.070097,0.56078,0.0018604
3d6.(5D).4d,6P,3.5,8.0,10.447726,3d6.(5D<4>).4f,2[5]*,4.5,10.0,12.751948,2.304221,538.07413,2400000.0,0.013022,0.10417,0.00034559
3d6.(5D).4d,6P,3.5,8.0,10.447726,3d6.(5D<4>).4f,2[4]*,4.5,10.0,12.755795,2.308069,537.17722,6300000.0,0.034068,0.27254,0.00090416
3d6.(5D).4d,6P,3.5,8.0,10.447726,3d6.(5D<4>).4f,2[4]*,3.5,8.0,12.756384,2.308657,537.04027,2200000.0,0.0095125,0.0761,0.00025246
3d6.(5D).4d,6P,3.5,8.0,10.447726,3d6.(5D<4>).4f,2[3]*,3.5,8.0,12.763213,2.315487,535.45625,3400000.0,0.014615,0.11692,0.00038787
3d6.(5D).4d,6P,3.5,8.0,10.447726,3d6.(5D<4>).4f,2[2]*,2.5,6.0,12.77339,2.325664,533.11307,1800000.0,0.0057522,0.046017,0.00015266
3d6.(5D).4d,6P,3.5,8.0,10.447726,3d6.(5D<3>).4f,2[4]*,4.5,10.0,12.810847,2.36312,524.66306,2800000.0,0.014444,0.11555,0.00038334
3d6.(5D).4d,6P,3.5,8.0,10.447726,3d6.(5D<3>).4f,2[5]*,4.5,10.0,12.814104,2.366378,523.94071,30900000.0,0.15896,1.2717,0.0042188
3d6.(5D).4d,6P,3.5,8.0,10.447726,3d6.(5D<3>).4f,2[3]*,3.5,8.0,12.818204,2.370478,523.03468,15300000.0,0.06275,0.502,0.0016654
3d6.(5D).4d,6P,3.5,8.0,10.447726,3d6.(5D<2>).4f,2[2]*,2.5,6.0,12.852331,2.404605,515.61158,3300000.0,0.0098646,0.078917,0.00026181
3d6.(5D).4d,6P,3.5,8.0,10.447726,3d6.(5D<2>).4f,2[3]*,3.5,8.0,12.854291,2.406565,515.19161,26300000.0,0.10465,0.83723,0.0027775
3d6.(5D).4d,6P,3.5,8.0,10.447726,3d6.(5D<2>).4f,2[5]*,4.5,10.0,12.854767,2.407041,515.08968,90000000.0,0.44748,3.5799,0.011876
3d6.(5D).4d,6P,3.5,8.0,10.447726,3d6.(5D<2>).4f,2[3]*,2.5,6.0,12.856977,2.409251,514.61715,800000.0,0.0023822,0.019058,6.3224e-05
3d6.(5D).4d,6P,3.5,8.0,10.447726,3d6.(5D<2>).4f,2[4]*,4.5,10.0,12.857382,2.409656,514.53076,15700000.0,0.077892,0.62313,0.0020672
3d6.(5D).4d,6P,3.5,8.0,10.447726,3d6.(5D<1>).4f,2[2]*,2.5,6.0,12.876727,2.429,510.43299,2600000.0,0.0076168,0.060934,0.00020215
3d6.(5D).4d,6P,3.5,8.0,10.447726,3d6.(5D<1>).4f,2[3]*,3.5,8.0,12.890614,2.442888,507.53124,6200000.0,0.023943,0.19154,0.00063544
3d6.(5D).4d,6P,3.5,8.0,10.447726,3d6.(5D<0>).4f,2[3]*,3.5,8.0,12.897203,2.449477,506.16594,7300000.0,0.028039,0.22431,0.00074416
3d6.(5D).4d,6P,3.5,8.0,10.447726,3d5.(4F).4s.4p.(3P*),6D*,4.5,10.0,13.386158,2.938432,421.94007,150000.0,0.00050045,0.0040036,1.3282e-05
3d6.(5D).4d,e 6G,5.5,12.0,10.451481,3d6.(5D).5p,6F*,5.5,12.0,11.149174,0.697693,1777.06079,217000.0,0.010274,0.12328,0.00027266
3d6.(5D).4d,e 6G,5.5,12.0,10.451481,3d6.(5D).5p,4F*,4.5,10.0,11.163885,0.712404,1740.36432,2290000.0,0.086655,1.0399,0.0022998
3d6.(5D).4d,e 6G,5.5,12.0,10.451481,3d6.(3F1).4p,4G*,4.5,10.0,11.166929,0.715448,1732.95915,560000.0,0.021011,0.25213,0.00055763
3d6.(5D).4d,e 6G,5.5,12.0,10.451481,3d6.(5D).5p,6F*,4.5,10.0,11.206502,0.755021,1642.13001,1110000.0,0.037395,0.44874,0.00099247
3d6.(5D).4d,e 6G,5.5,12.0,10.451481,3d6.(5D<4>).4f,2[5]*,5.5,12.0,12.749468,2.297987,539.53404,10800000.0,0.047133,0.56559,0.0012509
3d6.(5D).4d,e 6G,5.5,12.0,10.451481,3d6.(5D<4>).4f,2[6]*,6.5,14.0,12.750575,2.299093,539.2743,440000.0,0.0022381,0.026857,5.9399e-05
3d6.(5D).4d,e 6G,5.5,12.0,10.451481,3d6.(5D<4>).4f,2[5]*,4.5,10.0,12.751948,2.300466,538.95244,4600000.0,0.016693,0.20032,0.00044303
3d6.(5D).4d,e 6G,5.5,12.0,10.451481,3d6.(5D<4>).4f,2[6]*,5.5,12.0,12.757159,2.305678,537.7343,9100000.0,0.039449,0.47339,0.001047
3d6.(5D).4d,e 6G,5.5,12.0,10.451481,3d6.(5D<4>).4f,2[7]*,6.5,14.0,12.772813,2.321332,534.10795,55000000.0,0.27443,3.2931,0.0072833
3d6.(5D).4d,e 6G,5.5,12.0,10.451481,3d6.(5D<3>).4f,2[5]*,5.5,12.0,12.810788,2.359307,525.51111,14800000.0,0.061275,0.7353,0.0016262
3d6.(5D).4d,e 6G,5.5,12.0,10.451481,3d6.(5D<3>).4f,2[4]*,4.5,10.0,12.810847,2.359365,525.4981,2000000.0,0.0069,0.0828,0.00018313
3d6.(5D).4d,e 6G,5.5,12.0,10.451481,3d6.(5D<3>).4f,2[6]*,5.5,12.0,12.822472,2.37099,522.92158,6400000.0,0.026237,0.31484,0.00069633
3d6.(5D).4d,e 6G,5.5,12.0,10.451481,3d6.(5D<3>).4f,2[6]*,6.5,14.0,12.822596,2.371115,522.89407,122000000.0,0.58344,7.0012,0.015484
3d6.(5D).4d,e 6G,5.5,12.0,10.451481,3d6.(5D<2>).4f,2[5]*,4.5,10.0,12.854767,2.403286,515.8945,50000.0,0.00016625,0.001995,4.4124e-06
3d6.(5D).4d,e 6G,5.5,12.0,10.451481,3d6.(5D<2>).4f,2[5]*,5.5,12.0,12.856057,2.404576,515.61772,3400000.0,0.013552,0.16262,0.00035966
3d6.(5D).4d,e 6G,5.5,12.0,10.451481,3d6.(5D<2>).4f,2[4]*,4.5,10.0,12.857382,2.405901,515.33384,70000.0,0.00023225,0.002787,6.1639e-06
3d6.(5D).4d,6P,2.5,6.0,10.455211,3d6.(5D).5p,6D*,3.5,8.0,11.016434,0.561223,2209.17925,13000.0,0.0012682,0.0076095,3.3659e-05
3d6.(5D).4d,6P,2.5,6.0,10.455211,3d6.(5D).5p,6D*,2.5,6.0,11.049404,0.594192,2086.60021,260000.0,0.016971,0.10183,0.00045041
3d6.(5D).4d,6P,2.5,6.0,10.455211,3d5.(4P).4s.4p.(3P*),6P*,3.5,8.0,11.050534,0.595323,2082.63817,69000.0,0.0059824,0.035894,0.00015877
3d6.(5D).4d,6P,2.5,6.0,10.455211,3d6.(5D).5p,6D*,1.5,4.0,11.075657,0.620446,1998.30861,620000.0,0.024745,0.14847,0.00065673
3d6.(5D).4d,6P,2.5,6.0,10.455211,3d5.(4P).4s.4p.(3P*),6P*,1.5,4.0,11.112202,0.65699,1887.15417,630000.0,0.022425,0.13455,0.00059515
3d6.(5D).4d,6P,2.5,6.0,10.455211,3d6.(5D).5p,6F*,3.5,8.0,11.195851,0.74064,1674.01525,20000.0,0.0011203,0.006722,2.9734e-05
3d6.(5D).4d,6P,2.5,6.0,10.455211,3d6.(5D).5p,6F*,2.5,6.0,11.219061,0.763849,1623.14999,210000.0,0.0082946,0.049768,0.00022014
3d6.(5D).4d,6P,2.5,6.0,10.455211,3d6.(5D).5p,6F*,1.5,4.0,11.232164,0.776952,1595.77599,65000.0,0.0016543,0.0099261,4.3906e-05
3d6.(5D).4d,6P,2.5,6.0,10.455211,3d6.(5D).5p,4F*,2.5,6.0,11.291311,0.8361,1482.88773,10000.0,0.00032967,0.001978,8.7494e-06
3d6.(5D).4d,6P,2.5,6.0,10.455211,3d6.(5D).5p,w 6P*,3.5,8.0,11.303384,0.848172,1461.78115,570000.0,0.024347,0.14608,0.00064616
3d6.(5D).4d,6P,2.5,6.0,10.455211,3d6.(5D).5p,w 6P*,2.5,6.0,11.353871,0.89866,1379.65636,360000.0,0.010273,0.061639,0.00027265
3d6.(5D).4d,6P,2.5,6.0,10.455211,3d6.(5D).5p,w 6P*,1.5,4.0,11.387141,0.93193,1330.40319,2420000.0,0.04281,0.25686,0.0011362
3d6.(5D).4d,6P,2.5,6.0,10.455211,3d6.(5D<4>).4f,2[3]*,3.5,8.0,12.763213,2.308002,537.19284,4900000.0,0.028265,0.16959,0.00075016
3d6.(5D).4d,6P,2.5,6.0,10.455211,3d6.(5D<4>).4f,2[2]*,2.5,6.0,12.77339,2.318179,534.83447,10300000.0,0.044171,0.26502,0.0011723
3d6.(5D).4d,6P,2.5,6.0,10.455211,3d6.(5D<4>).4f,2[1]*,1.5,4.0,12.784114,2.328903,532.37172,16700000.0,0.047306,0.28384,0.0012555
3d6.(5D).4d,6P,2.5,6.0,10.455211,3d6.(5D<3>).4f,2[4]*,3.5,8.0,12.812614,2.357402,525.93568,9000000.0,0.049763,0.29858,0.0013207
3d6.(5D).4d,6P,2.5,6.0,10.455211,3d6.(5D<3>).4f,2[3]*,3.5,8.0,12.818204,2.362992,524.6915,8700000.0,0.047877,0.28726,0.0012707
3d6.(5D).4d,6P,2.5,6.0,10.455211,3d6.(5D<3>).4f,2[2]*,1.5,4.0,12.818894,2.363683,524.53829,3900000.0,0.010725,0.064349,0.00028463
3d6.(5D).4d,6P,2.5,6.0,10.455211,3d6.(5D<3>).4f,2[2]*,2.5,6.0,12.820751,2.365539,524.12659,13300000.0,0.054775,0.32865,0.0014537
3d6.(5D).4d,6P,2.5,6.0,10.455211,3d6.(5D<3>).4f,2[1]*,1.5,4.0,12.82219,2.366978,523.8079,12800000.0,0.035101,0.21061,0.00093159
3d6.(5D).4d,6P,2.5,6.0,10.455211,3d6.(5D<2>).4f,2[2]*,1.5,4.0,12.850374,2.395163,517.64418,4100000.0,0.01098,0.065882,0.00029142
3d6.(5D).4d,6P,2.5,6.0,10.455211,3d6.(5D<2>).4f,2[2]*,2.5,6.0,12.852331,2.397119,517.22164,19400000.0,0.077806,0.46684,0.002065
3d6.(5D).4d,6P,2.5,6.0,10.455211,3d6.(5D<2>).4f,2[1]*,1.5,4.0,12.853288,2.398077,517.01509,680000.0,0.0018167,0.0109,4.8215e-05
3d6.(5D).4d,6P,2.5,6.0,10.455211,3d6.(5D<2>).4f,2[3]*,3.5,8.0,12.854291,2.39908,516.79904,28200000.0,0.15055,0.90332,0.0039957
3d6.(5D).4d,6P,2.5,6.0,10.455211,3d6.(5D<2>).4f,2[3]*,2.5,6.0,12.856977,2.401766,516.221,1800000.0,0.0071912,0.043147,0.00019086
3d6.(5D).4d,6P,2.5,6.0,10.455211,3d6.(5D<2>).4f,2[4]*,3.5,8.0,12.858601,2.403389,515.87229,21100000.0,0.11224,0.67347,0.002979
3d6.(5D).4d,6P,2.5,6.0,10.455211,3d6.(5D<1>).4f,2[2]*,2.5,6.0,12.876727,2.421515,512.01082,1200000.0,0.0047163,0.028298,0.00012517
3d6.(5D).4d,6P,2.5,6.0,10.455211,3d6.(5D<1>).4f,2[4]*,3.5,8.0,12.879818,2.424607,511.35796,5100000.0,0.026657,0.15994,0.00070749
3d6.(5D).4d,6P,2.5,6.0,10.455211,3d6.(5D<1>).4f,2[3]*,3.5,8.0,12.890614,2.435403,509.09116,12600000.0,0.065277,0.39166,0.0017325
3d6.(5D).4d,6P,2.5,6.0,10.455211,3d6.(5D<0>).4f,2[3]*,3.5,8.0,12.897203,2.441992,507.71746,49000000.0,0.25249,1.5149,0.006701
3d6.(1F).4p,v 2D*,1.5,4.0,10.45928,3d6.(3P2).5s,2P,0.5,2.0,12.388708,1.929429,642.59542,300000.0,0.00092859,0.0037144,2.4645e-05
3d6.(5D).4d,6P,1.5,4.0,10.467294,3d6.(5D).5p,6D*,1.5,4.0,11.075657,0.608363,2037.99769,260000.0,0.01619,0.064759,0.00042968
3d6.(5D).4d,6P,1.5,4.0,10.467294,3d5.(4P).4s.4p.(3P*),6P*,2.5,6.0,11.089699,0.622405,1992.01867,80000.0,0.0071388,0.028555,0.00018946
3d6.(5D).4d,6P,1.5,4.0,10.467294,3d6.(5D).5p,6D*,0.5,2.0,11.093036,0.625742,1981.39486,1430000.0,0.042083,0.16833,0.0011169
3d6.(5D).4d,6P,1.5,4.0,10.467294,3d6.(5D).5p,6F*,1.5,4.0,11.232164,0.764869,1620.985,120000.0,0.0047271,0.018909,0.00012546
3d6.(5D).4d,6P,1.5,4.0,10.467294,3d6.(5D).5p,6F*,0.5,2.0,11.238948,0.771654,1606.73347,65000.0,0.0012579,0.0050314,3.3383e-05
3d6.(5D).4d,6P,1.5,4.0,10.467294,3d6.(5D).5p,4D*,1.5,4.0,11.270024,0.80273,1544.53138,9000.0,0.00032188,0.0012875,8.5427e-06
3d6.(5D).4d,6P,1.5,4.0,10.467294,3d6.(5D).5p,w 6P*,2.5,6.0,11.353871,0.886577,1398.45929,500000.0,0.02199,0.087959,0.00058361
3d6.(5D).4d,6P,1.5,4.0,10.467294,3d6.(5D).5p,w 6P*,1.5,4.0,11.387141,0.919847,1347.87907,2180000.0,0.059377,0.23751,0.0015759
3d6.(5D).4d,6P,1.5,4.0,10.467294,3d6.(5D<4>).4f,2[1]*,0.5,2.0,12.785959,2.318665,534.72232,2100000.0,0.004501,0.018004,0.00011946
3d6.(5D).4d,6P,1.5,4.0,10.467294,3d6.(5D<3>).4f,2[3]*,2.5,6.0,12.815614,2.34832,527.96987,2300000.0,0.014418,0.057671,0.00038265
3d6.(5D).4d,6P,1.5,4.0,10.467294,3d6.(5D<3>).4f,2[1]*,1.5,4.0,12.82219,2.354895,526.49554,6700000.0,0.027843,0.11137,0.00073897
3d6.(5D).4d,6P,1.5,4.0,10.467294,3d6.(5D<3>).4f,2[1]*,0.5,2.0,12.824594,2.3573,525.95855,12000000.0,0.024884,0.099535,0.00066041
3d6.(5D).4d,6P,1.5,4.0,10.467294,3d6.(5D<2>).4f,2[2]*,2.5,6.0,12.852331,2.385036,519.84195,340000.0,0.0020662,0.0082648,5.4837e-05
3d6.(5D).4d,6P,1.5,4.0,10.467294,3d6.(5D<2>).4f,2[1]*,1.5,4.0,12.853288,2.385994,519.6333,48000000.0,0.19431,0.77724,0.005157
3d6.(5D).4d,6P,1.5,4.0,10.467294,3d6.(5D<2>).4f,2[1]*,0.5,2.0,12.854221,2.386927,519.43023,6100000.0,0.012337,0.049348,0.00032743
3d6.(5D).4d,6P,1.5,4.0,10.467294,3d6.(5D<2>).4f,2[3]*,2.5,6.0,12.856977,2.389683,518.83115,26400000.0,0.15981,0.63924,0.0042414
3d6.(5D).4d,6P,1.5,4.0,10.467294,3d6.(5D<1>).4f,2[2]*,2.5,6.0,12.876727,2.409432,514.57847,85000000.0,0.50614,2.0246,0.013433
3d6.(5D).4d,6P,1.5,4.0,10.467294,3d6.(5D<1>).4f,2[2]*,1.5,4.0,12.87812,2.410826,514.28097,11000000.0,0.043617,0.17447,0.0011576
3d6.(5D).4d,6P,1.5,4.0,10.467294,3d6.(5D<0>).4f,2[3]*,2.5,6.0,12.900112,2.432818,509.63212,8200000.0,0.047894,0.19157,0.0012711
3d6.(5D).4d,e 6G,4.5,10.0,10.480112,3d6.(5D).5p,6F*,5.5,12.0,11.149174,0.669061,1853.10643,8000.0,0.00049423,0.0049423,1.3117e-05
3d6.(5D).4d,e 6G,4.5,10.0,10.480112,3d6.(5D).5p,4F*,4.5,10.0,11.163885,0.683773,1813.2373,240000.0,0.01183,0.1183,0.00031396
3d6.(5D).4d,e 6G,4.5,10.0,10.480112,3d6.(3F1).4p,4G*,4.5,10.0,11.166929,0.686817,1805.20043,59000.0,0.0028825,0.028825,7.65e-05
3d6.(5D).4d,e 6G,4.5,10.0,10.480112,3d6.(5D).5p,6F*,3.5,8.0,11.195851,0.715739,1732.25506,2270000.0,0.081696,0.81696,0.0021682
3d6.(5D).4d,e 6G,4.5,10.0,10.480112,3d6.(5D).5p,6F*,4.5,10.0,11.206502,0.726389,1706.8556,159000.0,0.0069446,0.069446,0.00018431
3d6.(5D).4d,e 6G,4.5,10.0,10.480112,3d6.(5D).5p,4D*,3.5,8.0,11.207908,0.727795,1703.55819,1160000.0,0.040376,0.40376,0.0010716
3d6.(5D).4d,e 6G,4.5,10.0,10.480112,3d6.(5D).5p,4F*,3.5,8.0,11.255363,0.775251,1599.27918,330000.0,0.010123,0.10123,0.00026867
3d6.(5D).4d,e 6G,4.5,10.0,10.480112,3d6.(5D<4>).4f,2[5]*,4.5,10.0,12.751948,2.271835,545.74466,6900000.0,0.03081,0.3081,0.00081769
3d6.(5D).4d,e 6G,4.5,10.0,10.480112,3d6.(5D<4>).4f,2[4]*,3.5,8.0,12.756384,2.276271,544.68114,3300000.0,0.011742,0.11742,0.00031164
3d6.(5D).4d,e 6G,4.5,10.0,10.480112,3d6.(5D<4>).4f,2[6]*,5.5,12.0,12.757159,2.277047,544.49566,4800000.0,0.025602,0.25602,0.00067947
3d6.(5D).4d,e 6G,4.5,10.0,10.480112,3d6.(5D<3>).4f,2[4]*,4.5,10.0,12.810847,2.330734,531.9534,14000000.0,0.059393,0.59393,0.0015763
3d6.(5D).4d,e 6G,4.5,10.0,10.480112,3d6.(5D<3>).4f,2[4]*,3.5,8.0,12.812614,2.332501,531.55037,3800000.0,0.012877,0.12877,0.00034176
3d6.(5D).4d,e 6G,4.5,10.0,10.480112,3d6.(5D<3>).4f,2[5]*,4.5,10.0,12.814104,2.333992,531.21085,5800000.0,0.024537,0.24537,0.00065121
3d6.(5D).4d,e 6G,4.5,10.0,10.480112,3d6.(5D<3>).4f,2[6]*,5.5,12.0,12.822472,2.342359,529.31335,69000000.0,0.34779,3.4779,0.0092303
3d6.(5D).4d,e 6G,4.5,10.0,10.480112,3d6.(5D<2>).4f,2[5]*,4.5,10.0,12.854767,2.374655,522.11462,2200000.0,0.0089911,0.089911,0.00023862
3d6.(5D).4d,e 6G,4.5,10.0,10.480112,3d6.(5D<2>).4f,2[5]*,5.5,12.0,12.856057,2.375945,521.83112,96000000.0,0.4703,4.703,0.012482
3d6.(5D).4d,e 6G,4.5,10.0,10.480112,3d6.(5D<2>).4f,2[4]*,4.5,10.0,12.857382,2.37727,521.54036,13600000.0,0.055459,0.55459,0.0014719
3d6.(5D).4d,f 4D,3.5,8.0,10.499632,3d6.(3F1).4p,4G*,4.5,10.0,11.166929,0.667297,1858.00651,13000.0,0.00084102,0.0067282,2.2321e-05
3d6.(5D).4d,f 4D,3.5,8.0,10.499632,3d6.(5D).5p,6F*,3.5,8.0,11.195851,0.696219,1780.82233,710000.0,0.033757,0.27005,0.0008959
3d6.(5D).4d,f 4D,3.5,8.0,10.499632,3d6.(5D).5p,6F*,4.5,10.0,11.206502,0.70687,1753.98968,110000.0,0.0063419,0.050735,0.00016831
3d6.(5D).4d,f 4D,3.5,8.0,10.499632,3d6.(5D).5p,4D*,3.5,8.0,11.207908,0.708276,1750.50783,730000.0,0.033536,0.26829,0.00089004
3d6.(5D).4d,f 4D,3.5,8.0,10.499632,3d6.(5D).5p,6F*,2.5,6.0,11.219061,0.719428,1723.37068,360000.0,0.012022,0.096177,0.00031907
3d6.(5D).4d,f 4D,3.5,8.0,10.499632,3d6.(5D).5p,4D*,2.5,6.0,11.237782,0.73815,1679.6622,57000.0,0.0018082,0.014465,4.7989e-05
3d6.(5D).4d,f 4D,3.5,8.0,10.499632,3d6.(5D).5p,4F*,3.5,8.0,11.255363,0.755731,1640.58725,300000.0,0.012105,0.096843,0.00032128
3d6.(5D).4d,f 4D,3.5,8.0,10.499632,3d6.(5D).5p,4P*,2.5,6.0,11.270304,0.770671,1608.78141,1090000.0,0.031721,0.25376,0.00084186
3d6.(5D).4d,f 4D,3.5,8.0,10.499632,3d6.(5D).5p,4F*,2.5,6.0,11.291311,0.791679,1566.09199,260000.0,0.0071702,0.057361,0.0001903
3d6.(5D).4d,f 4D,3.5,8.0,10.499632,3d6.(5D).5p,w 6P*,2.5,6.0,11.353871,0.854239,1451.39907,130000.0,0.0030792,0.024634,8.1722e-05
3d6.(5D).4d,f 4D,3.5,8.0,10.499632,3d6.(3P1).4p,4P*,2.5,6.0,11.440533,0.940901,1317.71779,430000.0,0.0083953,0.067162,0.00022281
3d6.(5D).4d,f 4D,3.5,8.0,10.499632,3d5.(4G).4s.4p.(3P*),v 4F*,2.5,6.0,11.447449,0.947817,1308.10257,420000.0,0.0080808,0.064646,0.00021446
3d6.(5D).4d,f 4D,3.5,8.0,10.499632,3d6.(5D<4>).4f,2[5]*,4.5,10.0,12.751948,2.252315,550.47441,16700000.0,0.094833,0.75867,0.0025169
3d6.(5D).4d,f 4D,3.5,8.0,10.499632,3d6.(5D<4>).4f,2[4]*,4.5,10.0,12.755795,2.256163,549.53572,40000000.0,0.22637,1.811,0.0060079
3d6.(5D).4d,f 4D,3.5,8.0,10.499632,3d6.(5D<4>).4f,2[4]*,3.5,8.0,12.756384,2.256751,549.39239,22100000.0,0.1,0.80003,0.0026541
3d6.(5D).4d,f 4D,3.5,8.0,10.499632,3d6.(5D<4>).4f,2[3]*,3.5,8.0,12.763213,2.263581,547.73478,23100000.0,0.1039,0.83119,0.0027575
3d6.(5D).4d,f 4D,3.5,8.0,10.499632,3d6.(5D<4>).4f,2[3]*,2.5,6.0,12.764442,2.26481,547.4375,7100000.0,0.023925,0.1914,0.00063496
3d6.(5D).4d,f 4D,3.5,8.0,10.499632,3d6.(5D<4>).4f,2[2]*,2.5,6.0,12.77339,2.273758,545.28315,8400000.0,0.028083,0.22466,0.00074532
3d6.(5D).4d,f 4D,3.5,8.0,10.499632,3d6.(5D<3>).4f,2[4]*,4.5,10.0,12.810847,2.311214,536.44614,14400000.0,0.077658,0.62126,0.002061
3d6.(5D).4d,f 4D,3.5,8.0,10.499632,3d6.(5D<3>).4f,2[4]*,3.5,8.0,12.812614,2.312981,536.03627,7100000.0,0.030585,0.24468,0.00081172
3d6.(5D).4d,f 4D,3.5,8.0,10.499632,3d6.(5D<3>).4f,2[5]*,4.5,10.0,12.814104,2.314472,535.691,7400000.0,0.039795,0.31836,0.0010562
3d6.(5D).4d,f 4D,3.5,8.0,10.499632,3d6.(5D<3>).4f,2[3]*,2.5,6.0,12.815614,2.315982,535.34187,3000000.0,0.0096673,0.077338,0.00025657
3d6.(5D).4d,f 4D,3.5,8.0,10.499632,3d6.(5D<3>).4f,2[3]*,3.5,8.0,12.818204,2.318571,534.74391,2700000.0,0.011575,0.092599,0.0003072
3d6.(5D).4d,f 4D,3.5,8.0,10.499632,3d6.(5D<2>).4f,2[2]*,2.5,6.0,12.852331,2.352698,526.9872,4400000.0,0.01374,0.10992,0.00036465
3d6.(5D).4d,f 4D,3.5,8.0,10.499632,3d6.(5D<2>).4f,2[3]*,3.5,8.0,12.854291,2.354659,526.54849,11000000.0,0.045722,0.36578,0.0012135
3d6.(5D).4d,f 4D,3.5,8.0,10.499632,3d6.(5D<2>).4f,2[5]*,4.5,10.0,12.854767,2.355135,526.44202,3200000.0,0.01662,0.13296,0.00044108
3d6.(5D).4d,f 4D,3.5,8.0,10.499632,3d6.(5D<2>).4f,2[3]*,2.5,6.0,12.856977,2.357345,525.94844,660000.0,0.0020528,0.016423,5.4482e-05
3d6.(5D).4d,f 4D,3.5,8.0,10.499632,3d6.(5D<2>).4f,2[4]*,4.5,10.0,12.857382,2.35775,525.85821,34500000.0,0.17878,1.4303,0.0047449
3d6.(5D).4d,f 4D,3.5,8.0,10.499632,3d6.(5D<2>).4f,2[4]*,3.5,8.0,12.858601,2.358969,525.58647,10400000.0,0.043071,0.34457,0.0011431
3d6.(5D).4d,f 4D,3.5,8.0,10.499632,3d6.(5D<1>).4f,2[2]*,2.5,6.0,12.876727,2.377094,521.57877,800000.0,0.0024471,0.019577,6.4946e-05
3d6.(5D).4d,f 4D,3.5,8.0,10.499632,3d6.(5D<0>).4f,2[3]*,3.5,8.0,12.897203,2.397571,517.12416,2000000.0,0.0080182,0.064146,0.0002128
3d6.(5D).4d,e 6G,3.5,8.0,10.502794,3d6.(5D).5p,6F*,3.5,8.0,11.195851,0.693057,1788.9474,130000.0,0.0062373,0.049899,0.00016554
3d6.(5D).4d,e 6G,3.5,8.0,10.502794,3d6.(5D).5p,6F*,4.5,10.0,11.206502,0.703708,1761.87121,49000.0,0.0028505,0.022804,7.5651e-05
3d6.(5D).4d,e 6G,3.5,8.0,10.502794,3d6.(5D).5p,4D*,3.5,8.0,11.207908,0.705113,1758.35803,640000.0,0.029666,0.23733,0.00078733
3d6.(5D).4d,e 6G,3.5,8.0,10.502794,3d6.(5D).5p,6F*,2.5,6.0,11.219061,0.716266,1730.97884,3030000.0,0.10208,0.81665,0.0027092
3d6.(5D).4d,e 6G,3.5,8.0,10.502794,3d6.(5D).5p,4F*,3.5,8.0,11.255363,0.752569,1647.48057,21000.0,0.00085451,0.0068361,2.2679e-05
3d6.(5D).4d,e 6G,3.5,8.0,10.502794,3d6.(5D).5p,4F*,2.5,6.0,11.291311,0.788517,1572.37231,280000.0,0.0077838,0.06227,0.00020658
3d6.(5D).4d,e 6G,3.5,8.0,10.502794,3d5.(4D).4s.4p.(3P*),6F*,2.5,6.0,11.408868,0.906074,1368.36755,130000.0,0.002737,0.021896,7.2639e-05
3d6.(5D).4d,e 6G,3.5,8.0,10.502794,3d6.(5D<3>).4f,2[4]*,4.5,10.0,12.810847,2.308052,537.18108,3900000.0,0.02109,0.16872,0.00055973
3d6.(5D).4d,e 6G,3.5,8.0,10.502794,3d6.(5D<3>).4f,2[4]*,3.5,8.0,12.812614,2.309819,536.7701,18400000.0,0.079479,0.63583,0.0021094
3d6.(5D).4d,e 6G,3.5,8.0,10.502794,3d6.(5D<3>).4f,2[5]*,4.5,10.0,12.814104,2.31131,536.42388,15000000.0,0.080887,0.64709,0.0021467
3d6.(5D).4d,e 6G,3.5,8.0,10.502794,3d6.(5D<3>).4f,2[3]*,2.5,6.0,12.815614,2.31282,536.0738,8200000.0,0.026496,0.21197,0.00070321
3d6.(5D).4d,e 6G,3.5,8.0,10.502794,3d6.(5D<3>).4f,2[3]*,3.5,8.0,12.818204,2.315409,535.47419,7600000.0,0.03267,0.26136,0.00086706
3d6.(5D).4d,e 6G,3.5,8.0,10.502794,3d6.(5D<2>).4f,2[3]*,3.5,8.0,12.854291,2.351497,527.25655,2100000.0,0.0087523,0.070019,0.00023229
3d6.(5D).4d,e 6G,3.5,8.0,10.502794,3d6.(5D<2>).4f,2[5]*,4.5,10.0,12.854767,2.351973,527.1498,15200000.0,0.079156,0.63324,0.0021008
3d6.(5D).4d,e 6G,3.5,8.0,10.502794,3d6.(5D<2>).4f,2[4]*,4.5,10.0,12.857382,2.354588,526.56441,48000000.0,0.24941,1.9953,0.0066193
3d6.(5D).4d,e 6G,3.5,8.0,10.502794,3d6.(5D<2>).4f,2[4]*,3.5,8.0,12.858601,2.355806,526.29194,3500000.0,0.014534,0.11627,0.00038573
3d6.(5D).4d,e 6G,3.5,8.0,10.502794,3d6.(5D<1>).4f,2[4]*,4.5,10.0,12.87874,2.375945,521.83103,74000000.0,0.37763,3.021,0.010022
3d6.(5D).4d,e 6G,3.5,8.0,10.502794,3d6.(5D<1>).4f,2[4]*,3.5,8.0,12.879818,2.377024,521.59424,7800000.0,0.031814,0.25451,0.00084435
3d6.(5D).4d,e 6G,3.5,8.0,10.502794,3d6.(5D<1>).4f,2[3]*,3.5,8.0,12.890614,2.38782,519.23599,10300000.0,0.041632,0.33306,0.0011049
3d6.(5D).4d,e 6G,2.5,6.0,10.519423,3d6.(5D).5p,6F*,3.5,8.0,11.195851,0.676428,1832.92447,29000.0,0.0019475,0.011685,5.1688e-05
3d6.(5D).4d,e 6G,2.5,6.0,10.519423,3d6.(5D).5p,6F*,2.5,6.0,11.219061,0.699638,1772.11927,830000.0,0.039077,0.23446,0.0010371
3d6.(5D).4d,e 6G,2.5,6.0,10.519423,3d6.(5D).5p,6F*,1.5,4.0,11.232164,0.712741,1739.54046,3380000.0,0.10222,0.61335,0.002713
3d6.(5D).4d,e 6G,2.5,6.0,10.519423,3d6.(5D).5p,4F*,3.5,8.0,11.255363,0.73594,1684.70502,8000.0,0.00045387,0.0027232,1.2046e-05
3d6.(5D).4d,e 6G,2.5,6.0,10.519423,3d6.(5D).5p,4F*,2.5,6.0,11.291311,0.771888,1606.24513,66000.0,0.0025529,0.015317,6.7753e-05
3d6.(5D).4d,e 6G,2.5,6.0,10.519423,3d6.(5D<4>).4f,2[4]*,3.5,8.0,12.756384,2.236961,554.25289,50000.0,0.00030703,0.0018422,8.1486e-06
3d6.(5D).4d,e 6G,2.5,6.0,10.519423,3d6.(5D<3>).4f,2[3]*,2.5,6.0,12.815614,2.296191,539.9559,5300000.0,0.023166,0.139,0.00061483
3d6.(5D).4d,e 6G,2.5,6.0,10.519423,3d6.(5D<3>).4f,2[3]*,3.5,8.0,12.818204,2.298781,539.34759,2500000.0,0.014537,0.087222,0.00038581
3d6.(5D).4d,e 6G,2.5,6.0,10.519423,3d6.(5D<3>).4f,2[2]*,1.5,4.0,12.818894,2.299471,539.1857,3200000.0,0.0092981,0.055789,0.00024677
3d6.(5D).4d,e 6G,2.5,6.0,10.519423,3d6.(5D<2>).4f,2[2]*,1.5,4.0,12.850374,2.330951,531.90386,2400000.0,0.0067865,0.040719,0.00018011
3d6.(5D).4d,e 6G,2.5,6.0,10.519423,3d6.(5D<2>).4f,2[2]*,2.5,6.0,12.852331,2.332908,531.45773,7500000.0,0.031758,0.19055,0.00084287
3d6.(5D).4d,e 6G,2.5,6.0,10.519423,3d6.(5D<2>).4f,2[3]*,2.5,6.0,12.856977,2.337555,530.40129,5000000.0,0.021088,0.12653,0.00055968
3d6.(5D).4d,e 6G,2.5,6.0,10.519423,3d6.(5D<2>).4f,2[4]*,3.5,8.0,12.858601,2.339178,530.03317,11700000.0,0.065704,0.39422,0.0017438
3d6.(5D).4d,e 6G,2.5,6.0,10.519423,3d6.(5D<1>).4f,2[2]*,2.5,6.0,12.876727,2.357304,525.95763,740000.0,0.003069,0.018414,8.145e-05
3d6.(5D).4d,e 6G,2.5,6.0,10.519423,3d6.(5D<1>).4f,2[4]*,3.5,8.0,12.879818,2.360396,525.26875,80000000.0,0.44122,2.6473,0.01171
3d6.(5D).4d,e 6G,2.5,6.0,10.519423,3d6.(5D<1>).4f,2[3]*,3.5,8.0,12.890614,2.371191,522.87723,47000000.0,0.25686,1.5412,0.0068171
3d6.(5D).4d,e 6G,2.5,6.0,10.519423,3d6.(5D<1>).4f,2[3]*,2.5,6.0,12.892869,2.373446,522.38047,21300000.0,0.087139,0.52283,0.0023127
3d6.(5D).4d,e 6G,2.5,6.0,10.519423,3d6.(5D<0>).4f,2[3]*,3.5,8.0,12.897203,2.377781,521.42823,15400000.0,0.083697,0.50218,0.0022213
3d6.(5D).4d,e 4G,5.5,12.0,10.521718,3d6.(5D).5p,4F*,4.5,10.0,11.163885,0.642167,1930.71732,740000.0,0.034463,0.41355,0.00091464
3d6.(5D).4d,e 4G,5.5,12.0,10.521718,3d6.(3F1).4p,4G*,4.5,10.0,11.166929,0.645211,1921.60791,127000.0,0.0058588,0.070306,0.00015549
3d6.(5D).4d,e 4G,5.5,12.0,10.521718,3d6.(5D).5p,6F*,4.5,10.0,11.206502,0.684783,1810.56081,2780000.0,0.11385,1.3663,0.0030217
3d6.(5D).4d,e 4G,5.5,12.0,10.521718,3d6.(5D<4>).4f,2[6]*,6.5,14.0,12.750575,2.228856,556.26827,4000000.0,0.021649,0.25979,0.00057456
3d6.(5D).4d,e 4G,5.5,12.0,10.521718,3d6.(5D<4>).4f,2[4]*,4.5,10.0,12.755795,2.234077,554.96846,3000000.0,0.011543,0.13852,0.00030636
3d6.(5D).4d,e 4G,5.5,12.0,10.521718,3d6.(5D<4>).4f,2[6]*,5.5,12.0,12.757159,2.235441,554.62983,24900000.0,0.11483,1.378,0.0030477
3d6.(5D).4d,e 4G,5.5,12.0,10.521718,3d6.(5D<4>).4f,2[7]*,6.5,14.0,12.772813,2.251095,550.77284,114000000.0,0.60486,7.2583,0.016053
3d6.(5D).4d,e 4G,5.5,12.0,10.521718,3d6.(5D<3>).4f,2[5]*,5.5,12.0,12.810788,2.28907,541.63575,9000000.0,0.039584,0.475,0.0010506
3d6.(5D).4d,e 4G,5.5,12.0,10.521718,3d6.(5D<3>).4f,2[6]*,6.5,14.0,12.822596,2.300878,538.85608,52000000.0,0.26409,3.1691,0.007009
3d6.(5D).4d,f 4D,2.5,6.0,10.522652,3d6.(5D).5p,6F*,3.5,8.0,11.195851,0.673199,1841.71664,226000.0,0.015323,0.09194,0.00040668
3d6.(5D).4d,f 4D,2.5,6.0,10.522652,3d6.(5D).5p,4D*,3.5,8.0,11.207908,0.685256,1809.31238,250000.0,0.016359,0.098156,0.00043418
3d6.(5D).4d,f 4D,2.5,6.0,10.522652,3d6.(3P1).4p,4S*,1.5,4.0,11.236664,0.714013,1736.44272,46000.0,0.0013863,0.0083176,3.6792e-05
3d6.(5D).4d,f 4D,2.5,6.0,10.522652,3d6.(5D).5p,4D*,2.5,6.0,11.237782,0.71513,1733.72975,1510000.0,0.068045,0.40827,0.0018059
3d6.(5D).4d,f 4D,2.5,6.0,10.522652,3d6.(5D).5p,4F*,3.5,8.0,11.255363,0.732711,1692.12985,48000.0,0.0027473,0.016484,7.2913e-05
3d6.(5D).4d,f 4D,2.5,6.0,10.522652,3d6.(5D).5p,4P*,2.5,6.0,11.270304,0.747652,1658.31472,90000.0,0.0037105,0.022263,9.8477e-05
3d6.(5D).4d,f 4D,2.5,6.0,10.522652,3d6.(3P1).5p,4P*,1.5,4.0,11.288541,0.765889,1618.82662,630000.0,0.016501,0.099006,0.00043794
3d6.(5D).4d,f 4D,2.5,6.0,10.522652,3d6.(5D).5p,4F*,2.5,6.0,11.291311,0.768659,1612.9931,160000.0,0.0062409,0.037445,0.00016563
3d6.(5D).4d,f 4D,2.5,6.0,10.522652,3d6.(5D).5p,4F*,1.5,4.0,11.308461,0.78581,1577.78951,170000.0,0.0042298,0.025379,0.00011226
3d6.(5D).4d,f 4D,2.5,6.0,10.522652,3d6.(5D).5p,4P*,1.5,4.0,11.434511,0.911859,1359.68622,1270000.0,0.023467,0.1408,0.0006228
3d6.(5D).4d,f 4D,2.5,6.0,10.522652,3d6.(3P1).4p,4P*,2.5,6.0,11.440533,0.917881,1350.76505,69000.0,0.0018874,0.011325,5.0092e-05
3d6.(5D).4d,f 4D,2.5,6.0,10.522652,3d5.(4G).4s.4p.(3P*),v 4F*,1.5,4.0,11.45101,0.928358,1335.52112,100000.0,0.0017827,0.010696,4.7312e-05
3d6.(5D).4d,f 4D,2.5,6.0,10.522652,3d6.(5D<4>).4f,2[4]*,3.5,8.0,12.756384,2.233732,555.05415,17700000.0,0.109,0.65402,0.002893
3d6.(5D).4d,f 4D,2.5,6.0,10.522652,3d6.(5D<4>).4f,2[3]*,3.5,8.0,12.763213,2.240561,553.36225,21700000.0,0.13282,0.79694,0.0035252
3d6.(5D).4d,f 4D,2.5,6.0,10.522652,3d6.(5D<4>).4f,2[3]*,2.5,6.0,12.764442,2.24179,553.05883,20100000.0,0.092172,0.55303,0.0024462
3d6.(5D).4d,f 4D,2.5,6.0,10.522652,3d6.(5D<4>).4f,2[2]*,2.5,6.0,12.77339,2.250738,550.8601,32200000.0,0.14649,0.87892,0.0038878
3d6.(5D).4d,f 4D,2.5,6.0,10.522652,3d6.(5D<4>).4f,2[2]*,1.5,4.0,12.774689,2.252038,550.54234,10400000.0,0.031505,0.18903,0.00083615
3d6.(5D).4d,f 4D,2.5,6.0,10.522652,3d6.(5D<4>).4f,2[1]*,1.5,4.0,12.784114,2.261462,548.24791,18100000.0,0.054375,0.32625,0.0014431
3d6.(5D).4d,f 4D,2.5,6.0,10.522652,3d6.(5D<3>).4f,2[4]*,3.5,8.0,12.812614,2.289962,541.42475,7200000.0,0.04219,0.25314,0.0011197
3d6.(5D).4d,f 4D,2.5,6.0,10.522652,3d6.(5D<3>).4f,2[3]*,2.5,6.0,12.815614,2.292962,540.71632,13800000.0,0.060489,0.36294,0.0016054
3d6.(5D).4d,f 4D,2.5,6.0,10.522652,3d6.(5D<3>).4f,2[3]*,3.5,8.0,12.818204,2.295552,540.1063,5100000.0,0.029739,0.17843,0.00078927
3d6.(5D).4d,f 4D,2.5,6.0,10.522652,3d6.(5D<3>).4f,2[2]*,1.5,4.0,12.818894,2.296242,539.94395,10500000.0,0.030595,0.18357,0.000812
3d6.(5D).4d,f 4D,2.5,6.0,10.522652,3d6.(5D<3>).4f,2[2]*,2.5,6.0,12.820751,2.298099,539.50772,2500000.0,0.010909,0.065456,0.00028953
3d6.(5D).4d,f 4D,2.5,6.0,10.522652,3d6.(5D<3>).4f,2[1]*,1.5,4.0,12.82219,2.299538,539.17006,3100000.0,0.009007,0.054042,0.00023905
3d6.(5D).4d,f 4D,2.5,6.0,10.522652,3d6.(5D<2>).4f,2[3]*,3.5,8.0,12.854291,2.331639,531.74697,2200000.0,0.012435,0.074607,0.00033001
3d6.(5D).4d,f 4D,2.5,6.0,10.522652,3d6.(5D<2>).4f,2[3]*,2.5,6.0,12.856977,2.334325,531.13503,4400000.0,0.018609,0.11165,0.00049388
3d6.(5D).4d,f 4D,2.5,6.0,10.522652,3d6.(5D<2>).4f,2[4]*,3.5,8.0,12.858601,2.335949,530.76588,32800000.0,0.1847,1.1082,0.0049021
3d6.(5D).4d,f 4D,2.5,6.0,10.522652,3d6.(5D<1>).4f,2[4]*,3.5,8.0,12.879818,2.357166,525.98834,3200000.0,0.017697,0.10618,0.00046968
3d6.(5D).4d,f 4D,2.5,6.0,10.522652,3d6.(5D<0>).4f,2[3]*,3.5,8.0,12.897203,2.374552,522.13733,8600000.0,0.046867,0.2812,0.0012438
3d6.(5D).4d,f 4D,2.5,6.0,10.522652,3d6.(5D<0>).4f,2[3]*,2.5,6.0,12.900112,2.37746,521.49857,7100000.0,0.028948,0.17369,0.00076829
3d6.(5D).4d,e 6G,1.5,4.0,10.531003,3d6.(5D).5p,6F*,2.5,6.0,11.219061,0.688058,1801.944,49000.0,0.0035779,0.014312,9.4958e-05
3d6.(5D).4d,e 6G,1.5,4.0,10.531003,3d6.(5D).5p,6F*,1.5,4.0,11.232164,0.701161,1768.26978,890000.0,0.04172,0.16688,0.0011073
3d6.(5D).4d,e 6G,1.5,4.0,10.531003,3d6.(5D).5p,6F*,0.5,2.0,11.238948,0.707945,1751.3243,4300000.0,0.098862,0.39545,0.0026238
3d6.(5D).4d,e 6G,1.5,4.0,10.531003,3d6.(5D).5p,4F*,1.5,4.0,11.308461,0.777459,1594.73678,46000.0,0.0017539,0.0070154,4.6547e-05
3d6.(5D).4d,e 6G,1.5,4.0,10.531003,3d5.(4D).4s.4p.(3P*),6F*,0.5,2.0,11.388021,0.857018,1446.69254,340000.0,0.0053341,0.021336,0.00014157
3d6.(5D).4d,e 6G,1.5,4.0,10.531003,3d6.(5D<3>).4f,2[2]*,1.5,4.0,12.818894,2.287891,541.91475,3000000.0,0.013208,0.052833,0.00035054
3d6.(5D).4d,e 6G,1.5,4.0,10.531003,3d6.(5D<2>).4f,2[2]*,1.5,4.0,12.850374,2.319371,534.55951,10000000.0,0.04284,0.17136,0.001137
3d6.(5D).4d,e 6G,1.5,4.0,10.531003,3d6.(5D<2>).4f,2[3]*,2.5,6.0,12.856977,2.325975,533.04193,4500000.0,0.028753,0.11501,0.00076311
3d6.(5D).4d,e 6G,1.5,4.0,10.531003,3d6.(5D<1>).4f,2[2]*,2.5,6.0,12.876727,2.345724,528.5541,1700000.0,0.01068,0.042721,0.00028345
3d6.(5D).4d,e 6G,1.5,4.0,10.531003,3d6.(5D<1>).4f,2[2]*,1.5,4.0,12.87812,2.347118,528.24023,1300000.0,0.0054383,0.021753,0.00014433
3d6.(5D).4d,e 6G,1.5,4.0,10.531003,3d6.(5D<1>).4f,2[3]*,2.5,6.0,12.892869,2.361866,524.94165,143000000.0,0.88615,3.5446,0.023519
3d6.(5D).4d,e 6G,1.5,4.0,10.531003,3d6.(5D<0>).4f,2[3]*,2.5,6.0,12.900112,2.369109,523.33678,9100000.0,0.056047,0.22419,0.0014875
3d6.(5D).4d,f 4D,1.5,4.0,10.544689,3d6.(5D).5p,6F*,2.5,6.0,11.219061,0.674371,1838.51507,6000.0,0.00045608,0.0018243,1.2104e-05
3d6.(5D).4d,f 4D,1.5,4.0,10.544689,3d6.(5D).5p,4D*,2.5,6.0,11.237782,0.693093,1788.855,750000.0,0.053971,0.21588,0.0014324
3d6.(5D).4d,f 4D,1.5,4.0,10.544689,3d6.(3P1).4p,4P*,0.5,2.0,11.262661,0.717972,1726.86724,170000.0,0.0038001,0.0152,0.00010085
3d6.(5D).4d,f 4D,1.5,4.0,10.544689,3d6.(5D).5p,4D*,1.5,4.0,11.270024,0.725335,1709.33657,990000.0,0.043366,0.17346,0.0011509
3d6.(5D).4d,f 4D,1.5,4.0,10.544689,3d6.(5D).5p,4P*,2.5,6.0,11.270304,0.725614,1708.67886,20000.0,0.0013131,0.0052524,3.485e-05
3d6.(5D).4d,f 4D,1.5,4.0,10.544689,3d6.(5D).5p,4F*,2.5,6.0,11.291311,0.746622,1660.60244,6000.0,0.00037208,0.0014883,9.8749e-06
3d6.(5D).4d,f 4D,1.5,4.0,10.544689,3d6.(5D).5p,4D*,0.5,2.0,11.307331,0.762642,1625.71994,700000.0,0.013868,0.055473,0.00036806
3d6.(5D).4d,f 4D,1.5,4.0,10.544689,3d6.(5D).5p,4F*,1.5,4.0,11.308461,0.763772,1623.31405,240000.0,0.0094815,0.037926,0.00025164
3d6.(5D).4d,f 4D,1.5,4.0,10.544689,3d6.(5D).5p,4P*,1.5,4.0,11.434511,0.889822,1393.36034,420000.0,0.012225,0.048899,0.00032444
3d6.(5D).4d,f 4D,1.5,4.0,10.544689,3d6.(5D).5p,4P*,0.5,2.0,11.445572,0.900883,1376.25241,1410000.0,0.020019,0.080076,0.00053131
3d6.(5D).4d,f 4D,1.5,4.0,10.544689,3d6.(5D<4>).4f,2[3]*,2.5,6.0,12.764442,2.219753,558.54953,5300000.0,0.037183,0.14873,0.00098685
3d6.(5D).4d,f 4D,1.5,4.0,10.544689,3d6.(5D<4>).4f,2[2]*,2.5,6.0,12.77339,2.228701,556.30701,9900000.0,0.068899,0.2756,0.0018286
3d6.(5D).4d,f 4D,1.5,4.0,10.544689,3d6.(5D<4>).4f,2[2]*,1.5,4.0,12.774689,2.23,555.98293,8900000.0,0.041245,0.16498,0.0010946
3d6.(5D).4d,f 4D,1.5,4.0,10.544689,3d6.(5D<4>).4f,2[1]*,1.5,4.0,12.784114,2.239425,553.64303,19700000.0,0.090529,0.36211,0.0024026
3d6.(5D).4d,f 4D,1.5,4.0,10.544689,3d6.(5D<4>).4f,2[1]*,0.5,2.0,12.785959,2.24127,553.18722,24000000.0,0.055054,0.22021,0.0014611
3d6.(5D).4d,f 4D,1.5,4.0,10.544689,3d6.(5D<3>).4f,2[2]*,2.5,6.0,12.820751,2.276061,544.73137,29100000.0,0.19418,0.77673,0.0051536
3d6.(5D).4d,f 4D,1.5,4.0,10.544689,3d6.(5D<3>).4f,2[1]*,1.5,4.0,12.82219,2.277501,544.38714,27000000.0,0.11996,0.47984,0.0031838
3d6.(5D).4d,f 4D,1.5,4.0,10.544689,3d6.(5D<3>).4f,2[0]*,0.5,2.0,12.822233,2.277543,544.37693,17000000.0,0.037764,0.15106,0.0010023
3d6.(5D).4d,f 4D,1.5,4.0,10.544689,3d6.(5D<2>).4f,2[2]*,1.5,4.0,12.850374,2.305685,537.73267,11500000.0,0.049853,0.19941,0.0013231
3d6.(5D).4d,f 4D,1.5,4.0,10.544689,3d6.(5D<2>).4f,2[2]*,2.5,6.0,12.852331,2.307641,537.27671,7800000.0,0.050634,0.20254,0.0013438
3d6.(5D).4d,f 4D,1.5,4.0,10.544689,3d6.(5D<2>).4f,2[1]*,0.5,2.0,12.854221,2.309532,536.83692,8000000.0,0.017282,0.06913,0.00045868
3d6.(5D).4d,f 4D,1.5,4.0,10.544689,3d6.(5D<2>).4f,2[3]*,2.5,6.0,12.856977,2.312288,536.19704,10100000.0,0.065301,0.2612,0.0017331
3d6.(5D).4d,f 4D,1.5,4.0,10.544689,3d6.(5D<1>).4f,2[2]*,2.5,6.0,12.876727,2.332037,531.65615,15000000.0,0.095346,0.38139,0.0025305
3d6.(5D).4d,f 4D,1.5,4.0,10.544689,3d6.(5D<1>).4f,2[2]*,1.5,4.0,12.87812,2.333431,531.33859,5600000.0,0.023702,0.094809,0.00062906
3d6.(5D).4d,f 4D,1.5,4.0,10.544689,3d6.(5D<0>).4f,2[3]*,2.5,6.0,12.900112,2.355423,526.37772,17200000.0,0.10717,0.42868,0.0028443
3d6.(5D).4d,f 4D,0.5,2.0,10.560085,3d6.(3P1).4p,4P*,0.5,2.0,11.262661,0.702577,1764.70745,420000.0,0.019609,0.039218,0.00052042
3d6.(5D).4d,f 4D,0.5,2.0,10.560085,3d6.(5D).5p,4D*,1.5,4.0,11.270024,0.70994,1746.40414,640000.0,0.058527,0.11705,0.0015533
3d6.(5D).4d,f 4D,0.5,2.0,10.560085,3d6.(3P1).5p,4P*,1.5,4.0,11.288541,0.728457,1702.01215,80000.0,0.0069487,0.013897,0.00018442
3d6.(5D).4d,f 4D,0.5,2.0,10.560085,3d6.(5D).5p,4D*,0.5,2.0,11.307331,0.747247,1659.21417,930000.0,0.038384,0.076768,0.0010187
3d6.(5D).4d,f 4D,0.5,2.0,10.560085,3d6.(5D).5p,4P*,1.5,4.0,11.434511,0.874426,1417.89208,44000.0,0.0026523,0.0053047,7.0393e-05
3d6.(5D).4d,f 4D,0.5,2.0,10.560085,3d6.(5D).5p,4P*,0.5,2.0,11.445572,0.885487,1400.18027,1000000.0,0.029392,0.058784,0.00078006
3d6.(5D).4d,f 4D,0.5,2.0,10.560085,3d6.(5D<3>).4f,2[2]*,1.5,4.0,12.818894,2.258809,548.89184,4400000.0,0.039748,0.079496,0.0010549
3d6.(5D).4d,f 4D,0.5,2.0,10.560085,3d6.(5D<3>).4f,2[1]*,1.5,4.0,12.82219,2.262105,548.0921,25000000.0,0.22518,0.45037,0.0059764
3d6.(5D).4d,f 4D,0.5,2.0,10.560085,3d6.(5D<3>).4f,2[1]*,0.5,2.0,12.824594,2.26451,547.51017,16000000.0,0.071906,0.14381,0.0019084
3d6.(5D).4d,f 4D,0.5,2.0,10.560085,3d6.(5D<2>).4f,2[2]*,1.5,4.0,12.850374,2.290289,541.3473,15400000.0,0.13532,0.27064,0.0035914
3d6.(5D).4d,f 4D,0.5,2.0,10.560085,3d6.(5D<2>).4f,2[1]*,1.5,4.0,12.853288,2.293204,540.65931,21000000.0,0.18406,0.36812,0.0048849
3d6.(5D).4d,f 4D,0.5,2.0,10.560085,3d6.(5D<2>).4f,2[1]*,0.5,2.0,12.854221,2.294137,540.43948,29000000.0,0.12698,0.25397,0.0033702
3d6.(5D).4d,f 4D,0.5,2.0,10.560085,3d6.(5D<1>).4f,2[2]*,1.5,4.0,12.87812,2.318036,534.86749,31000000.0,0.26592,0.53183,0.0070574
3d6.(5D).4d,e 4G,4.5,10.0,10.561566,3d6.(5D).5p,4F*,4.5,10.0,11.163885,0.602319,2058.44707,92000.0,0.0058442,0.058442,0.00015511
3d6.(5D).4d,e 4G,4.5,10.0,10.561566,3d6.(3F1).4p,4G*,4.5,10.0,11.166929,0.605363,2048.09572,16000.0,0.0010062,0.010062,2.6704e-05
3d6.(5D).4d,e 4G,4.5,10.0,10.561566,3d6.(5D).5p,6F*,3.5,8.0,11.195851,0.634285,1954.70742,650000.0,0.029787,0.29787,0.00079055
3d6.(5D).4d,e 4G,4.5,10.0,10.561566,3d6.(5D).5p,6F*,4.5,10.0,11.206502,0.644936,1922.42639,312000.0,0.017287,0.17287,0.00045879
3d6.(5D).4d,e 4G,4.5,10.0,10.561566,3d6.(5D).5p,4D*,3.5,8.0,11.207908,0.646342,1918.2445,212000.0,0.0093561,0.093561,0.00024831
3d6.(5D).4d,e 4G,4.5,10.0,10.561566,3d6.(5D).5p,4F*,3.5,8.0,11.255363,0.693797,1787.03855,2340000.0,0.089626,0.89626,0.0023787
3d6.(5D).4d,e 4G,4.5,10.0,10.561566,3d6.(5D<4>).4f,2[4]*,4.5,10.0,12.755795,2.194229,565.04673,14300000.0,0.068449,0.68449,0.0018166
3d6.(5D).4d,e 4G,4.5,10.0,10.561566,3d6.(5D<4>).4f,2[6]*,5.5,12.0,12.757159,2.195593,564.6957,27200000.0,0.15604,1.5604,0.0041413
3d6.(5D).4d,e 4G,4.5,10.0,10.561566,3d6.(5D<4>).4f,2[3]*,3.5,8.0,12.763213,2.201647,563.14287,3400000.0,0.012932,0.12932,0.00034322
3d6.(5D).4d,e 4G,4.5,10.0,10.561566,3d6.(5D<3>).4f,2[5]*,5.5,12.0,12.810788,2.249222,551.23141,22800000.0,0.12464,1.2464,0.0033078
3d6.(5D).4d,e 4G,4.5,10.0,10.561566,3d6.(5D<3>).4f,2[4]*,4.5,10.0,12.810847,2.249281,551.2171,4600000.0,0.020954,0.20954,0.00055611
3d6.(5D).4d,e 4G,4.5,10.0,10.561566,3d6.(5D<3>).4f,2[5]*,4.5,10.0,12.814104,2.252539,550.41984,14100000.0,0.064042,0.64042,0.0016997
3d6.(5D).4d,e 4G,4.5,10.0,10.561566,3d6.(5D<3>).4f,2[3]*,3.5,8.0,12.818204,2.256638,549.42,1100000.0,0.0039825,0.039825,0.00010569
3d6.(5D).4d,e 4G,4.5,10.0,10.561566,3d6.(5D<3>).4f,2[6]*,5.5,12.0,12.822472,2.260906,548.38288,48000000.0,0.25969,2.5969,0.0068921
3d6.(5D).4d,e 4G,4.5,10.0,10.561566,3d6.(5D<2>).4f,2[5]*,4.5,10.0,12.854767,2.293201,540.6599,3600000.0,0.015776,0.15776,0.00041871
3d6.(5D).4d,e 4G,4.5,10.0,10.561566,3d6.(5D<2>).4f,2[5]*,5.5,12.0,12.856057,2.294491,540.35591,56000000.0,0.29416,2.9416,0.0078071
3d6.(5D).4d,e 4G,4.5,10.0,10.561566,3d6.(5D<2>).4f,2[4]*,4.5,10.0,12.857382,2.295816,540.04414,1800000.0,0.0078703,0.078703,0.00020888
3d6.(5D).4d,e 4G,3.5,8.0,10.59605,3d6.(5D).5p,6F*,3.5,8.0,11.195851,0.599801,2067.08889,97000.0,0.0062137,0.04971,0.00016491
3d6.(5D).4d,e 4G,3.5,8.0,10.59605,3d6.(5D).5p,4D*,3.5,8.0,11.207908,0.611858,2026.35642,6700.0,0.00041245,0.0032996,1.0946e-05
3d6.(5D).4d,e 4G,3.5,8.0,10.59605,3d6.(5D).5p,6F*,2.5,6.0,11.219061,0.623011,1990.08136,80000.0,0.0035625,0.0285,9.4548e-05
3d6.(5D).4d,e 4G,3.5,8.0,10.59605,3d6.(5D).5p,4D*,2.5,6.0,11.237782,0.641732,1932.02516,530000.0,0.022244,0.17796,0.00059037
3d6.(5D).4d,e 4G,3.5,8.0,10.59605,3d6.(5D).5p,4P*,2.5,6.0,11.270304,0.674254,1838.83601,1010000.0,0.0384,0.3072,0.0010191
3d6.(5D).4d,e 4G,3.5,8.0,10.59605,3d6.(5D).5p,4F*,2.5,6.0,11.291311,0.695261,1783.27535,1500000.0,0.053635,0.42908,0.0014235
3d6.(5D).4d,e 4G,3.5,8.0,10.59605,3d6.(5D<4>).4f,2[4]*,3.5,8.0,12.756384,2.160334,573.91231,1800000.0,0.0088884,0.071107,0.0002359
3d6.(5D).4d,e 4G,3.5,8.0,10.59605,3d6.(5D<4>).4f,2[3]*,3.5,8.0,12.763213,2.167163,572.10368,3000000.0,0.014721,0.11777,0.00039069
3d6.(5D).4d,e 4G,3.5,8.0,10.59605,3d6.(5D<3>).4f,2[5]*,4.5,10.0,12.814104,2.218054,558.97724,31100000.0,0.1821,1.4568,0.004833
3d6.(5D).4d,e 4G,3.5,8.0,10.59605,3d6.(5D<3>).4f,2[3]*,3.5,8.0,12.818204,2.222154,557.9461,21000000.0,0.098008,0.78407,0.0026011
3d6.(5D).4d,e 4G,3.5,8.0,10.59605,3d6.(5D<3>).4f,2[2]*,2.5,6.0,12.820751,2.224701,557.30734,3100000.0,0.010826,0.086609,0.00028732
3d6.(5D).4d,e 4G,3.5,8.0,10.59605,3d6.(5D<2>).4f,2[3]*,3.5,8.0,12.854291,2.258241,549.02999,11100000.0,0.050162,0.4013,0.0013313
3d6.(5D).4d,e 4G,3.5,8.0,10.59605,3d6.(5D<2>).4f,2[5]*,4.5,10.0,12.854767,2.258717,548.91424,43000000.0,0.2428,1.9424,0.0064439
3d6.(5D).4d,e 4G,3.5,8.0,10.59605,3d6.(5D<2>).4f,2[4]*,4.5,10.0,12.857382,2.261332,548.27955,11700000.0,0.065911,0.52729,0.0017493
3d6.(5D).4d,e 4G,3.5,8.0,10.59605,3d6.(5D<2>).4f,2[4]*,3.5,8.0,12.858601,2.262551,547.98415,1400000.0,0.0063027,0.050421,0.00016727
3d6.(5D).4d,e 4G,3.5,8.0,10.59605,3d6.(5D<1>).4f,2[4]*,4.5,10.0,12.87874,2.28269,543.14962,60000000.0,0.33171,2.6537,0.0088036
3d6.(5D).4d,e 4G,3.5,8.0,10.59605,3d6.(5D<1>).4f,2[3]*,3.5,8.0,12.890614,2.294564,540.33879,3900000.0,0.017071,0.13657,0.00045306
3d6.(5D).4d,6S,2.5,6.0,10.600074,3d5.(4P).4s.4p.(3P*),6D*,2.5,6.0,10.917962,0.317888,3900.25029,310.0,7.0698e-05,0.00042419,1.8763e-06
3d6.(5D).4d,6S,2.5,6.0,10.600074,3d5.(4P).4s.4p.(3P*),6P*,3.5,8.0,11.050534,0.45046,2752.39208,32000.0,0.0048458,0.029075,0.00012861
3d6.(5D).4d,6S,2.5,6.0,10.600074,3d5.(4P).4s.4p.(3P*),6P*,2.5,6.0,11.089699,0.489625,2532.22924,92000.0,0.0088441,0.053065,0.00023472
3d6.(5D).4d,6S,2.5,6.0,10.600074,3d6.(5D).5p,w 6P*,3.5,8.0,11.303384,0.703309,1762.86925,510000.0,0.031682,0.19009,0.00084083
3d6.(5D).4d,6S,2.5,6.0,10.600074,3d6.(5D).5p,w 6P*,2.5,6.0,11.353871,0.753797,1644.79559,1160000.0,0.047048,0.28229,0.0012487
3d6.(5D).4d,6S,2.5,6.0,10.600074,3d6.(5D).5p,w 6P*,1.5,4.0,11.387141,0.787066,1575.26967,2130000.0,0.052827,0.31696,0.001402
3d6.(5D).4d,6S,2.5,6.0,10.600074,3d6.(5D<4>).4f,2[3]*,3.5,8.0,12.763213,2.163139,573.16805,1800000.0,0.01182,0.070923,0.00031372
3d6.(5D).4d,6S,2.5,6.0,10.600074,3d6.(5D<4>).4f,2[2]*,2.5,6.0,12.77339,2.173316,570.48402,6200000.0,0.030251,0.18151,0.00080286
3d6.(5D).4d,6S,2.5,6.0,10.600074,3d6.(5D<4>).4f,2[1]*,1.5,4.0,12.784114,2.18404,567.68287,13700000.0,0.044127,0.26476,0.0011711
3d6.(5D).4d,6S,2.5,6.0,10.600074,3d6.(5D<3>).4f,2[3]*,2.5,6.0,12.815614,2.21554,559.61177,4000000.0,0.01878,0.11268,0.00049842
3d6.(5D).4d,6S,2.5,6.0,10.600074,3d6.(5D<3>).4f,2[3]*,3.5,8.0,12.818204,2.218129,558.95839,4900000.0,0.030602,0.18361,0.00081218
3d6.(5D).4d,6S,2.5,6.0,10.600074,3d6.(5D<3>).4f,2[2]*,2.5,6.0,12.820751,2.220676,558.31732,10700000.0,0.050004,0.30002,0.0013271
3d6.(5D).4d,6S,2.5,6.0,10.600074,3d6.(5D<3>).4f,2[1]*,1.5,4.0,12.82219,2.222115,557.95571,12700000.0,0.039516,0.2371,0.0010488
3d6.(5D).4d,6S,2.5,6.0,10.600074,3d6.(5D<2>).4f,2[2]*,2.5,6.0,12.852331,2.252256,550.48885,11300000.0,0.051338,0.30803,0.0013625
3d6.(5D).4d,6S,2.5,6.0,10.600074,3d6.(5D<2>).4f,2[1]*,1.5,4.0,12.853288,2.253214,550.25487,7000000.0,0.021183,0.1271,0.00056221
3d6.(5D).4d,6S,2.5,6.0,10.600074,3d6.(5D<2>).4f,2[3]*,3.5,8.0,12.854291,2.254217,550.01016,12700000.0,0.076797,0.46078,0.0020382
3d6.(5D).4d,6S,2.5,6.0,10.600074,3d6.(5D<2>).4f,2[4]*,3.5,8.0,12.858601,2.258526,548.96059,3100000.0,0.018674,0.11205,0.00049561
3d6.(5D).4d,6S,2.5,6.0,10.600074,3d6.(5D<1>).4f,2[2]*,2.5,6.0,12.876727,2.276652,544.58998,25300000.0,0.11249,0.67495,0.0029855
3d6.(5D).4d,6S,2.5,6.0,10.600074,3d6.(5D<1>).4f,2[2]*,1.5,4.0,12.87812,2.278046,544.25678,1400000.0,0.0041448,0.024869,0.00011
3d6.(5D).4d,6S,2.5,6.0,10.600074,3d6.(5D<1>).4f,2[3]*,3.5,8.0,12.890614,2.29054,541.28814,25500000.0,0.14935,0.89608,0.0039637
3d6.(5D).4d,6S,2.5,6.0,10.600074,3d6.(5D<0>).4f,2[3]*,3.5,8.0,12.897203,2.297129,539.73546,55000000.0,0.32027,1.9216,0.0085001
3d6.(5D).4d,6S,2.5,6.0,10.600074,3d6.(5D<0>).4f,2[3]*,2.5,6.0,12.900112,2.300038,539.05294,1900000.0,0.0082771,0.049662,0.00021967
3d6.(5D).4d,e 4G,2.5,6.0,10.622936,3d6.(5D).5p,4D*,2.5,6.0,11.237782,0.614846,2016.50784,57000.0,0.0034748,0.020849,9.2222e-05
3d6.(5D).4d,e 4G,2.5,6.0,10.622936,3d6.(5D).5p,4F*,3.5,8.0,11.255363,0.632427,1960.45044,14000.0,0.0010756,0.0064534,2.8546e-05
3d6.(5D).4d,e 4G,2.5,6.0,10.622936,3d6.(5D).5p,4D*,1.5,4.0,11.270024,0.647089,1916.03067,450000.0,0.016511,0.099069,0.00043821
3d6.(5D).4d,e 4G,2.5,6.0,10.622936,3d6.(5D).5p,4P*,2.5,6.0,11.270304,0.647368,1915.20431,157000.0,0.0086336,0.051801,0.00022913
3d6.(5D).4d,e 4G,2.5,6.0,10.622936,3d6.(3P1).5p,4P*,1.5,4.0,11.288541,0.665605,1862.72797,670000.0,0.023235,0.13941,0.00061666
3d6.(5D).4d,e 4G,2.5,6.0,10.622936,3d6.(5D).5p,4F*,2.5,6.0,11.291311,0.668375,1855.0084,310000.0,0.015992,0.095954,0.00042444
3d6.(5D).4d,e 4G,2.5,6.0,10.622936,3d6.(5D).5p,4F*,1.5,4.0,11.308461,0.685526,1808.6003,2360000.0,0.077155,0.46293,0.0020477
3d6.(5D).4d,e 4G,2.5,6.0,10.622936,3d6.(5D).5p,4P*,1.5,4.0,11.434511,0.811575,1527.6984,62000.0,0.0014462,0.0086773,3.8383e-05
3d6.(5D).4d,e 4G,2.5,6.0,10.622936,3d6.(5D<4>).4f,2[2]*,2.5,6.0,12.77339,2.150455,576.54878,510000.0,0.0025416,0.015249,6.7453e-05
3d6.(5D).4d,e 4G,2.5,6.0,10.622936,3d6.(5D<3>).4f,2[3]*,3.5,8.0,12.818204,2.195268,564.77933,6800000.0,0.043358,0.26015,0.0011507
3d6.(5D).4d,e 4G,2.5,6.0,10.622936,3d6.(5D<3>).4f,2[2]*,2.5,6.0,12.820751,2.197815,564.12484,7800000.0,0.037214,0.22328,0.00098766
3d6.(5D).4d,e 4G,2.5,6.0,10.622936,3d6.(5D<2>).4f,2[2]*,2.5,6.0,12.852331,2.229395,556.13383,6400000.0,0.029676,0.17805,0.00078759
3d6.(5D).4d,e 4G,2.5,6.0,10.622936,3d6.(5D<2>).4f,2[3]*,2.5,6.0,12.856977,2.234042,554.97712,10500000.0,0.048484,0.2909,0.0012868
3d6.(5D).4d,e 4G,2.5,6.0,10.622936,3d6.(5D<2>).4f,2[4]*,3.5,8.0,12.858601,2.235665,554.57411,15900000.0,0.09775,0.5865,0.0025943
3d6.(5D).4d,e 4G,2.5,6.0,10.622936,3d6.(5D<1>).4f,2[2]*,2.5,6.0,12.876727,2.253791,550.11403,2900000.0,0.013157,0.078943,0.00034919
3d6.(5D).4d,e 4G,2.5,6.0,10.622936,3d6.(5D<1>).4f,2[4]*,3.5,8.0,12.879818,2.256883,549.36045,34100000.0,0.20572,1.2343,0.0054597
3d6.(5D).4d,e 4G,2.5,6.0,10.622936,3d6.(5D<1>).4f,2[3]*,3.5,8.0,12.890614,2.267678,546.74507,62000000.0,0.37048,2.2229,0.0098324
3d6.(5D).4d,e 4G,2.5,6.0,10.622936,3d6.(5D<1>).4f,2[3]*,2.5,6.0,12.892869,2.269933,546.20195,1900000.0,0.0084981,0.050988,0.00022554
3d6.(5D).4d,e 4G,2.5,6.0,10.622936,3d6.(5D<0>).4f,2[3]*,3.5,8.0,12.897203,2.274268,545.16097,22600000.0,0.13426,0.80558,0.0035633
3d6.(5D).4d,4S,1.5,4.0,10.629022,3d6.(5D).5p,4D*,2.5,6.0,11.237782,0.608759,2036.66963,173000.0,0.016138,0.06455,0.00042829
3d6.(5D).4d,4S,1.5,4.0,10.629022,3d6.(5D).5p,4D*,1.5,4.0,11.270024,0.641002,1934.22423,200000.0,0.011218,0.044871,0.00029772
3d6.(5D).4d,4S,1.5,4.0,10.629022,3d6.(5D).5p,4P*,2.5,6.0,11.270304,0.641281,1933.38211,530000.0,0.044551,0.17821,0.0011824
3d6.(5D).4d,4S,1.5,4.0,10.629022,3d6.(3P1).5p,4P*,1.5,4.0,11.288541,0.659519,1879.91881,150000.0,0.0079475,0.03179,0.00021093
3d6.(5D).4d,4S,1.5,4.0,10.629022,3d6.(5D).5p,4F*,2.5,6.0,11.291311,0.662289,1872.0564,74000.0,0.005832,0.023328,0.00015478
3d6.(5D).4d,4S,1.5,4.0,10.629022,3d6.(5D).5p,4P*,1.5,4.0,11.434511,0.805488,1539.24232,680000.0,0.024154,0.096615,0.00064104
3d6.(5D).4d,4S,1.5,4.0,10.629022,3d6.(3P1).4p,4P*,2.5,6.0,11.440533,0.811511,1527.81926,250000.0,0.013123,0.052492,0.00034829
3d6.(5D).4d,4S,1.5,4.0,10.629022,3d6.(5D).5p,4P*,0.5,2.0,11.445572,0.81655,1518.39133,550000.0,0.0095052,0.038021,0.00025227
3d6.(5D).4d,4S,1.5,4.0,10.629022,3d5.(4G).4s.4p.(3P*),v 4F*,2.5,6.0,11.447449,0.818427,1514.90846,210000.0,0.010838,0.043351,0.00028764
3d6.(5D).4d,4S,1.5,4.0,10.629022,3d6.(5D<4>).4f,2[2]*,1.5,4.0,12.774689,2.145667,577.8352,7100000.0,0.035541,0.14216,0.00094325
3d6.(5D).4d,4S,1.5,4.0,10.629022,3d6.(5D<4>).4f,2[1]*,1.5,4.0,12.784114,2.155092,575.30817,12300000.0,0.061033,0.24413,0.0016198
3d6.(5D).4d,4S,1.5,4.0,10.629022,3d6.(5D<4>).4f,2[1]*,0.5,2.0,12.785959,2.156937,574.81601,40000000.0,0.099071,0.39628,0.0026293
3d6.(5D).4d,4S,1.5,4.0,10.629022,3d6.(5D<3>).4f,2[3]*,2.5,6.0,12.815614,2.186592,567.02037,4300000.0,0.03109,0.12436,0.00082512
3d6.(5D).4d,4S,1.5,4.0,10.629022,3d6.(5D<3>).4f,2[2]*,1.5,4.0,12.818894,2.189872,566.17109,19800000.0,0.095152,0.38061,0.0025253
3d6.(5D).4d,4S,1.5,4.0,10.629022,3d6.(5D<3>).4f,2[2]*,2.5,6.0,12.820751,2.191728,565.69146,9800000.0,0.070524,0.2821,0.0018717
3d6.(5D).4d,4S,1.5,4.0,10.629022,3d6.(5D<3>).4f,2[1]*,1.5,4.0,12.82219,2.193167,565.32024,5100000.0,0.024435,0.097741,0.00064851
3d6.(5D).4d,4S,1.5,4.0,10.629022,3d6.(5D<3>).4f,2[0]*,0.5,2.0,12.822233,2.19321,565.30924,25000000.0,0.059888,0.23955,0.0015894
3d6.(5D).4d,4S,1.5,4.0,10.629022,3d6.(5D<2>).4f,2[2]*,1.5,4.0,12.850374,2.221352,558.14754,16800000.0,0.078463,0.31385,0.0020824
3d6.(5D).4d,4S,1.5,4.0,10.629022,3d6.(5D<2>).4f,2[2]*,2.5,6.0,12.852331,2.223308,557.65632,5200000.0,0.036365,0.14546,0.00096514
3d6.(5D).4d,4S,1.5,4.0,10.629022,3d6.(5D<2>).4f,2[1]*,0.5,2.0,12.854221,2.225199,557.18254,16000000.0,0.037234,0.14894,0.0009882
3d6.(5D).4d,4S,1.5,4.0,10.629022,3d6.(5D<2>).4f,2[3]*,2.5,6.0,12.856977,2.227955,556.49328,10100000.0,0.070338,0.28135,0.0018668
3d6.(5D).4d,4S,1.5,4.0,10.629022,3d6.(5D<1>).4f,2[2]*,1.5,4.0,12.87812,2.249098,551.26185,23000000.0,0.10479,0.41914,0.002781
3d6.(5D).4d,4S,1.5,4.0,10.629022,3d6.(5D<1>).4f,2[3]*,2.5,6.0,12.892869,2.263847,547.67047,3000000.0,0.020235,0.080941,0.00053705
3d6.(5D).4d,4S,1.5,4.0,10.629022,3d6.(5D<0>).4f,2[3]*,2.5,6.0,12.900112,2.27109,545.92385,27100000.0,0.18163,0.72651,0.0048204
3d6.(5D).4d,e 4F,4.5,10.0,10.678058,3d6.(5D).5p,4F*,4.5,10.0,11.163885,0.485827,2552.02573,121000.0,0.011814,0.11814,0.00031356
3d6.(5D).4d,e 4F,4.5,10.0,10.678058,3d6.(3F1).4p,4G*,4.5,10.0,11.166929,0.488871,2536.13426,23000.0,0.0022178,0.022178,5.8862e-05
3d6.(5D).4d,e 4F,4.5,10.0,10.678058,3d6.(5D).5p,6F*,3.5,8.0,11.195851,0.517793,2394.4756,84000.0,0.0057763,0.057763,0.0001533
3d6.(5D).4d,e 4F,4.5,10.0,10.678058,3d6.(5D).5p,6F*,4.5,10.0,11.206502,0.528443,2346.21484,205000.0,0.016918,0.16918,0.000449
3d6.(5D).4d,e 4F,4.5,10.0,10.678058,3d6.(5D).5p,4D*,3.5,8.0,11.207908,0.529849,2339.98897,830000.0,0.054507,0.54507,0.0014466
3d6.(5D).4d,e 4F,4.5,10.0,10.678058,3d6.(5D).5p,4F*,3.5,8.0,11.255363,0.577305,2147.63956,850000.0,0.047021,0.47021,0.0012479
3d6.(5D).4d,e 4F,4.5,10.0,10.678058,3d6.(5D<4>).4f,2[5]*,4.5,10.0,12.751948,2.073889,597.83422,8600000.0,0.046081,0.46081,0.001223
3d6.(5D).4d,e 4F,4.5,10.0,10.678058,3d6.(5D<4>).4f,2[4]*,4.5,10.0,12.755795,2.077737,596.72722,21900000.0,0.11691,1.1691,0.0031028
3d6.(5D).4d,e 4F,4.5,10.0,10.678058,3d6.(5D<4>).4f,2[4]*,3.5,8.0,12.756384,2.078325,596.55822,2400000.0,0.010244,0.10244,0.00027187
3d6.(5D).4d,e 4F,4.5,10.0,10.678058,3d6.(5D<4>).4f,2[6]*,5.5,12.0,12.757159,2.079101,596.33573,74000000.0,0.47343,4.7343,0.012565
3d6.(5D).4d,e 4F,4.5,10.0,10.678058,3d6.(5D<4>).4f,2[3]*,3.5,8.0,12.763213,2.085155,594.60429,3200000.0,0.013569,0.13569,0.00036013
3d6.(5D).4d,e 4F,4.5,10.0,10.678058,3d6.(5D<3>).4f,2[5]*,5.5,12.0,12.810788,2.13273,581.34039,2000000.0,0.01216,0.1216,0.00032273
3d6.(5D).4d,e 4F,4.5,10.0,10.678058,3d6.(5D<3>).4f,2[4]*,4.5,10.0,12.810847,2.132788,581.32448,4800000.0,0.024319,0.24319,0.00064541
3d6.(5D).4d,e 4F,4.5,10.0,10.678058,3d6.(5D<3>).4f,2[5]*,4.5,10.0,12.814104,2.136046,580.43781,7000000.0,0.035356,0.35356,0.00093836
3d6.(5D).4d,e 4F,4.5,10.0,10.678058,3d6.(5D<3>).4f,2[6]*,5.5,12.0,12.822472,2.144413,578.17308,44000000.0,0.26461,2.6461,0.0070228
3d6.(5D).4d,e 4F,4.5,10.0,10.678058,3d6.(5D<2>).4f,2[5]*,5.5,12.0,12.856057,2.177999,569.2574,11500000.0,0.067043,0.67043,0.0017793
3d6.(5D).4d,e 4F,4.5,10.0,10.678058,3d6.(3H).5p,4G*,5.5,12.0,13.450287,2.772228,447.23663,380000.0,0.0013674,0.013674,3.6291e-05
3d6.(5D).4d,e 4F,3.5,8.0,10.714264,3d6.(5D).5p,6F*,3.5,8.0,11.195851,0.481587,2574.49436,139000.0,0.013812,0.1105,0.00036657
3d6.(5D).4d,e 4F,3.5,8.0,10.714264,3d6.(5D).5p,4D*,3.5,8.0,11.207908,0.493643,2511.61463,40000.0,0.0037829,0.030263,0.0001004
3d6.(5D).4d,e 4F,3.5,8.0,10.714264,3d6.(5D).5p,4D*,2.5,6.0,11.237782,0.523517,2368.29184,530000.0,0.033425,0.2674,0.00088709
3d6.(5D).4d,e 4F,3.5,8.0,10.714264,3d6.(5D).5p,4F*,3.5,8.0,11.255363,0.541098,2291.34291,155000.0,0.0122,0.097603,0.0003238
3d6.(5D).4d,e 4F,3.5,8.0,10.714264,3d6.(5D).5p,4F*,2.5,6.0,11.291311,0.577047,2148.59904,1300000.0,0.06748,0.53984,0.0017909
3d6.(5D).4d,e 4F,3.5,8.0,10.714264,3d6.(3P1).4p,4P*,2.5,6.0,11.440533,0.726269,1707.13926,4100.0,0.00013435,0.0010748,3.5657e-06
3d6.(5D).4d,e 4F,3.5,8.0,10.714264,3d6.(5D<4>).4f,2[5]*,4.5,10.0,12.751948,2.037683,608.45669,3800000.0,0.026364,0.21091,0.0006997
3d6.(5D).4d,e 4F,3.5,8.0,10.714264,3d6.(5D<4>).4f,2[4]*,4.5,10.0,12.755795,2.041531,607.31005,10200000.0,0.0705,0.564,0.0018711
3d6.(5D).4d,e 4F,3.5,8.0,10.714264,3d6.(5D<4>).4f,2[4]*,3.5,8.0,12.756384,2.042119,607.135,7100000.0,0.039236,0.31389,0.0010413
3d6.(5D).4d,e 4F,3.5,8.0,10.714264,3d6.(5D<4>).4f,2[3]*,3.5,8.0,12.763213,2.048949,605.11129,9600000.0,0.052699,0.42159,0.0013986
3d6.(5D).4d,e 4F,3.5,8.0,10.714264,3d6.(5D<3>).4f,2[5]*,4.5,10.0,12.814104,2.09984,590.4459,50000000.0,0.32666,2.6133,0.0086696
3d6.(5D).4d,e 4F,3.5,8.0,10.714264,3d6.(5D<2>).4f,2[5]*,4.5,10.0,12.854767,2.140503,579.22935,1700000.0,0.010689,0.085509,0.00028367
3d6.(5D).4d,e 4F,3.5,8.0,10.714264,3d6.(5D<2>).4f,2[4]*,4.5,10.0,12.857382,2.143117,578.52266,46000000.0,0.28851,2.3081,0.0076572
3d6.(5D).4d,e 4F,3.5,8.0,10.714264,3d6.(5D<2>).4f,2[4]*,3.5,8.0,12.858601,2.144336,578.19379,11800000.0,0.059141,0.47313,0.0015696
3d6.(5D).4d,e 4F,3.5,8.0,10.714264,3d6.(5D<1>).4f,2[4]*,4.5,10.0,12.87874,2.164475,572.81413,18700000.0,0.11498,0.91987,0.0030517
3d6.(5D).4d,e 4F,2.5,6.0,10.737006,3d6.(5D).5p,6F*,2.5,6.0,11.219061,0.482055,2571.99279,19000.0,0.0018843,0.011306,5.001e-05
3d6.(5D).4d,e 4F,2.5,6.0,10.737006,3d6.(5D).5p,4D*,2.5,6.0,11.237782,0.500776,2475.84097,203000.0,0.018655,0.11193,0.00049511
3d6.(5D).4d,e 4F,2.5,6.0,10.737006,3d6.(5D).5p,4F*,3.5,8.0,11.255363,0.518357,2391.86843,30000.0,0.0034308,0.020585,9.1053e-05
3d6.(5D).4d,e 4F,2.5,6.0,10.737006,3d6.(5D).5p,4D*,1.5,4.0,11.270024,0.533019,2326.07552,490000.0,0.026498,0.15899,0.00070326
3d6.(5D).4d,e 4F,2.5,6.0,10.737006,3d6.(5D).5p,4P*,2.5,6.0,11.270304,0.533298,2324.85774,183000.0,0.014829,0.088972,0.00039355
3d6.(5D).4d,e 4F,2.5,6.0,10.737006,3d6.(5D).5p,4F*,2.5,6.0,11.291311,0.554305,2236.74888,43000.0,0.0032252,0.019351,8.5598e-05
3d6.(5D).4d,e 4F,2.5,6.0,10.737006,3d6.(5D).5p,4F*,1.5,4.0,11.308461,0.571456,2169.62047,1150000.0,0.054105,0.32463,0.0014359
3d6.(5D).4d,e 4F,2.5,6.0,10.737006,3d6.(5D).5p,4P*,1.5,4.0,11.434511,0.697505,1777.53823,56000.0,0.0017685,0.010611,4.6935e-05
3d6.(5D).4d,e 4F,2.5,6.0,10.737006,3d6.(5D<4>).4f,2[2]*,1.5,4.0,12.774689,2.037684,608.45655,800000.0,0.0029602,0.017761,7.8563e-05
3d6.(5D).4d,e 4F,2.5,6.0,10.737006,3d6.(5D<3>).4f,2[3]*,3.5,8.0,12.818204,2.081198,595.73476,42000000.0,0.29796,1.7877,0.0079078
3d6.(5D).4d,e 4F,2.5,6.0,10.737006,3d6.(5D<3>).4f,2[2]*,2.5,6.0,12.820751,2.083745,595.00661,19700000.0,0.10456,0.62737,0.002775
3d6.(5D).4d,e 4F,2.5,6.0,10.737006,3d6.(5D<2>).4f,2[3]*,3.5,8.0,12.854291,2.117285,585.581,18800000.0,0.12886,0.77318,0.00342
3d6.(5D).4d,e 4F,2.5,6.0,10.737006,3d6.(5D<2>).4f,2[4]*,3.5,8.0,12.858601,2.121595,584.39143,11500000.0,0.078506,0.47104,0.0020836
3d6.(5D).4d,e 4F,2.5,6.0,10.737006,3d6.(5D<1>).4f,2[4]*,3.5,8.0,12.879818,2.142813,578.60498,34800000.0,0.23289,1.3973,0.0061808
3d6.(5D).4d,e 4F,2.5,6.0,10.737006,3d6.(5D<1>).4f,2[3]*,3.5,8.0,12.890614,2.153608,575.70447,2500000.0,0.016563,0.099378,0.00043958
3d6.(5D).4d,e 4F,2.5,6.0,10.737006,3d6.(5D<0>).4f,2[3]*,3.5,8.0,12.897203,2.160198,573.94839,12400000.0,0.081652,0.48991,0.002167
3d6.(5D).4d,e 4F,2.5,6.0,10.737006,3d6.(5D<0>).4f,2[3]*,2.5,6.0,12.900112,2.163106,573.17666,3300000.0,0.016254,0.097522,0.00043137
3d6.(5D).4d,e 4F,1.5,4.0,10.750783,3d6.(5D).5p,4D*,1.5,4.0,11.270024,0.519242,2387.79355,290000.0,0.024789,0.099154,0.00065789
3d6.(5D).4d,e 4F,1.5,4.0,10.750783,3d6.(3P1).5p,4P*,1.5,4.0,11.288541,0.537758,2305.57437,260000.0,0.02072,0.08288,0.00054991
3d6.(5D).4d,e 4F,1.5,4.0,10.750783,3d6.(5D).5p,4D*,0.5,2.0,11.307331,0.556548,2227.73474,1830000.0,0.068078,0.27231,0.0018068
3d6.(5D).4d,e 4F,1.5,4.0,10.750783,3d6.(5D).5p,4F*,1.5,4.0,11.308461,0.557679,2223.21958,141000.0,0.010448,0.041793,0.0002773
3d6.(5D).4d,e 4F,1.5,4.0,10.750783,3d6.(3P1).4p,4P*,2.5,6.0,11.440533,0.68975,1797.52267,6000.0,0.00043596,0.0017439,1.157e-05
3d6.(5D).4d,e 4F,1.5,4.0,10.750783,3d6.(5D<4>).4f,2[3]*,2.5,6.0,12.764442,2.01366,615.71581,70000.0,0.00059677,0.0023871,1.5838e-05
3d6.(5D).4d,e 4F,1.5,4.0,10.750783,3d6.(5D<3>).4f,2[2]*,1.5,4.0,12.818894,2.068111,599.50454,1300000.0,0.0070047,0.028019,0.0001859
3d6.(5D).4d,e 4F,1.5,4.0,10.750783,3d6.(5D<3>).4f,2[2]*,2.5,6.0,12.820751,2.069968,598.9668,12200000.0,0.098427,0.39371,0.0026123
3d6.(5D).4d,e 4F,1.5,4.0,10.750783,3d6.(5D<3>).4f,2[1]*,1.5,4.0,12.82219,2.071407,598.55064,9500000.0,0.051025,0.2041,0.0013542
3d6.(5D).4d,e 4F,1.5,4.0,10.750783,3d6.(5D<2>).4f,2[2]*,1.5,4.0,12.850374,2.099591,590.5159,5300000.0,0.027708,0.11083,0.00073536
3d6.(5D).4d,e 4F,1.5,4.0,10.750783,3d6.(5D<2>).4f,2[2]*,2.5,6.0,12.852331,2.101548,589.96608,11800000.0,0.092361,0.36944,0.0024513
3d6.(5D).4d,e 4F,1.5,4.0,10.750783,3d6.(5D<2>).4f,2[1]*,1.5,4.0,12.853288,2.102506,589.69735,6100000.0,0.031802,0.12721,0.00084401
3d6.(5D).4d,e 4F,1.5,4.0,10.750783,3d6.(5D<2>).4f,2[3]*,2.5,6.0,12.856977,2.106195,588.66452,64000000.0,0.49873,1.9949,0.013236
3d6.(5D).4d,e 4F,1.5,4.0,10.750783,3d6.(5D<1>).4f,2[2]*,2.5,6.0,12.876727,2.125944,583.19603,20700000.0,0.15833,0.6333,0.004202
3d6.(5D).4d,e 4F,1.5,4.0,10.750783,3d6.(5D<1>).4f,2[2]*,1.5,4.0,12.87812,2.127338,582.81393,8200000.0,0.041757,0.16703,0.0011082
3d6.(5D).4d,e 4F,1.5,4.0,10.750783,3d6.(5D<1>).4f,2[3]*,2.5,6.0,12.892869,2.142086,578.80116,2900000.0,0.021848,0.087391,0.00057984
3d6.(5D).4d,e 4F,1.5,4.0,10.750783,3d6.(5D<0>).4f,2[3]*,2.5,6.0,12.900112,2.149329,576.85069,4700000.0,0.03517,0.14068,0.00093342
3d6.(3P1).4p,v 4D*,2.5,6.0,10.757813,3d6.(3D).5s,4D,3.5,8.0,13.490065,2.732252,453.78028,160000.0,0.00065858,0.0039515,1.7479e-05
3d6.(3P1).4p,v 4D*,3.5,8.0,10.777905,3d6.(5D).6s,4D,3.5,8.0,12.695333,1.917428,646.61723,45000.0,0.00028208,0.0022566,7.4863e-06
3d5.(4G).4s.4p.(3P*),y 6F*,5.5,12.0,10.828889,3d6.(5D).5d,6F,4.5,10.0,12.888232,2.059343,602.05709,680000.0,0.0030794,0.036953,8.1727e-05
3d5.(4G).4s.4p.(3P*),y 6F*,5.5,12.0,10.828889,3d6.(5D).5d,6G,6.5,14.0,12.939834,2.110945,587.33976,7300000.0,0.044046,0.52855,0.001169
3d5.(4G).4s.4p.(3P*),y 6F*,4.5,10.0,10.84512,3d6.(5D).5d,6D,4.5,10.0,12.945397,2.100278,590.32288,900000.0,0.004702,0.04702,0.00012479
3d5.(4G).4s.4p.(3P*),y 6F*,4.5,10.0,10.84512,3d6.(5D).5d,6G,5.5,12.0,12.967916,2.122796,584.06085,4100000.0,0.025162,0.25162,0.00066779
3d5.(4G).4s.4p.(3P*),y 6F*,3.5,8.0,10.853285,3d6.(5D).5d,6F,3.5,8.0,12.941587,2.088302,593.70807,640000.0,0.0033821,0.027057,8.9761e-05
3d5.(4G).4s.4p.(3P*),y 6F*,3.5,8.0,10.853285,3d6.(5D).5d,6G,4.5,10.0,13.00204,2.148755,577.0049,3100000.0,0.019342,0.15473,0.00051332
3d5.(4G).4s.4p.(3P*),y 6F*,2.5,6.0,10.857663,3d6.(5D).5d,6G,3.5,8.0,13.026478,2.168814,571.66809,2400000.0,0.015678,0.094069,0.0004161
3d5.(4G).4s.4p.(3P*),y 6F*,0.5,2.0,10.897985,3d6.(5D).5d,6G,1.5,4.0,13.054118,2.156133,575.03052,3100000.0,0.030735,0.06147,0.00081571
3d5.(4G).4s.4p.(3P*),y 6F*,1.5,4.0,10.906287,3d6.(5D).5d,6G,2.5,6.0,13.043858,2.137571,580.02382,3000000.0,0.022697,0.090787,0.00060237
3d6.(5D).4d,4P,2.5,6.0,10.908832,3d6.(5D).5p,4D*,3.5,8.0,11.207908,0.299075,4145.5833,29000.0,0.0099625,0.059775,0.0002644
3d6.(5D).4d,4P,2.5,6.0,10.908832,3d6.(5D).5p,4P*,2.5,6.0,11.270304,0.361471,3429.98734,166000.0,0.029279,0.17567,0.00077706
3d6.(5D).4d,4P,2.5,6.0,10.908832,3d6.(5D).5p,4F*,2.5,6.0,11.291311,0.382479,3241.59746,76000.0,0.011973,0.071836,0.00031775
3d6.(5D).4d,4P,2.5,6.0,10.908832,3d6.(5D).5p,4P*,1.5,4.0,11.434511,0.525678,2358.55608,380000.0,0.021127,0.12676,0.00056072
3d6.(5D).4d,4P,2.5,6.0,10.908832,3d6.(5D<4>).4f,2[4]*,3.5,8.0,12.756384,1.847551,671.07318,4100000.0,0.036908,0.22145,0.00097954
3d6.(5D).4d,4P,2.5,6.0,10.908832,3d6.(5D<4>).4f,2[3]*,2.5,6.0,12.764442,1.85561,668.15875,5300000.0,0.035473,0.21284,0.00094145
3d6.(5D).4d,4P,2.5,6.0,10.908832,3d6.(5D<4>).4f,2[2]*,2.5,6.0,12.77339,1.864558,664.95226,7900000.0,0.052368,0.31421,0.0013899
3d6.(5D).4d,4P,2.5,6.0,10.908832,3d6.(5D<4>).4f,2[2]*,1.5,4.0,12.774689,1.865857,664.48929,3400000.0,0.015005,0.090027,0.00039822
3d6.(5D).4d,4P,2.5,6.0,10.908832,3d6.(5D<4>).4f,2[1]*,1.5,4.0,12.784114,1.875282,661.14969,6600000.0,0.028834,0.17301,0.00076527
3d6.(5D).4d,4P,2.5,6.0,10.908832,3d6.(5D<3>).4f,2[4]*,3.5,8.0,12.812614,1.903781,651.25232,3700000.0,0.031369,0.18821,0.00083253
3d6.(5D).4d,4P,2.5,6.0,10.908832,3d6.(5D<3>).4f,2[3]*,2.5,6.0,12.815614,1.906782,650.22761,7200000.0,0.045638,0.27383,0.0012112
3d6.(5D).4d,4P,2.5,6.0,10.908832,3d6.(5D<3>).4f,2[3]*,3.5,8.0,12.818204,1.909371,649.34567,17800000.0,0.15003,0.90016,0.0039817
3d6.(5D).4d,4P,2.5,6.0,10.908832,3d6.(5D<3>).4f,2[2]*,1.5,4.0,12.818894,1.910062,649.11103,6800000.0,0.028636,0.17182,0.00076
3d6.(5D).4d,4P,2.5,6.0,10.908832,3d6.(5D<2>).4f,2[2]*,2.5,6.0,12.852331,1.943498,637.94344,5800000.0,0.035388,0.21233,0.00093919
3d6.(5D).4d,4P,2.5,6.0,10.908832,3d6.(5D<2>).4f,2[3]*,2.5,6.0,12.856977,1.948145,636.42185,8800000.0,0.053436,0.32061,0.0014182
3d6.(5D).4d,4P,2.5,6.0,10.908832,3d6.(5D<2>).4f,2[4]*,3.5,8.0,12.858601,1.949768,635.89193,35500000.0,0.28694,1.7216,0.0076154
3d5.(4P).4s.4p.(3P*),6D*,2.5,6.0,10.917962,3d6.(5D).5d,6D,3.5,8.0,12.981817,2.063854,600.74104,60000.0,0.00043284,0.002597,1.1487e-05
3d5.(4P).4s.4p.(3P*),6D*,2.5,6.0,10.917962,3d6.(5D).5d,6G,3.5,8.0,13.026478,2.108515,588.01659,1600000.0,0.011059,0.066351,0.00029349
3d6.(5D).4d,4P,1.5,4.0,10.930097,3d6.(5D).5p,4D*,2.5,6.0,11.237782,0.307685,4029.58215,57000.0,0.020814,0.083254,0.00055239
3d6.(5D).4d,4P,1.5,4.0,10.930097,3d6.(3P1).5p,4P*,1.5,4.0,11.288541,0.358444,3458.95203,50000.0,0.0089685,0.035874,0.00023802
3d6.(5D).4d,4P,1.5,4.0,10.930097,3d6.(5D).5p,4P*,0.5,2.0,11.445572,0.515475,2405.2408,970000.0,0.042065,0.16826,0.0011164
3d6.(5D).4d,4P,1.5,4.0,10.930097,3d6.(5D<4>).4f,2[3]*,2.5,6.0,12.764442,1.834346,675.90429,2500000.0,0.025684,0.10274,0.00068165
3d6.(5D).4d,4P,1.5,4.0,10.930097,3d6.(5D<4>).4f,2[2]*,2.5,6.0,12.77339,1.843294,672.62321,3800000.0,0.038661,0.15465,0.0010261
3d6.(5D).4d,4P,1.5,4.0,10.930097,3d6.(5D<4>).4f,2[2]*,1.5,4.0,12.774689,1.844593,672.14949,6000000.0,0.040639,0.16256,0.0010786
3d6.(5D).4d,4P,1.5,4.0,10.930097,3d6.(5D<4>).4f,2[1]*,1.5,4.0,12.784114,1.854017,668.73266,11100000.0,0.07442,0.29768,0.0019751
3d6.(5D).4d,4P,1.5,4.0,10.930097,3d6.(5D<4>).4f,2[1]*,0.5,2.0,12.785959,1.855863,668.06777,24000000.0,0.080294,0.32118,0.002131
3d6.(5D).4d,4P,1.5,4.0,10.930097,3d6.(5D<3>).4f,2[0]*,0.5,2.0,12.822233,1.892136,655.26061,13300000.0,0.042806,0.17123,0.0011361
3d6.(5D).4d,4P,1.5,4.0,10.930097,3d6.(5D<2>).4f,2[3]*,2.5,6.0,12.856977,1.926881,643.44519,1600000.0,0.014897,0.059587,0.00039536
3d6.(5D).4d,4P,1.5,4.0,10.930097,3d6.(5D<1>).4f,2[2]*,2.5,6.0,12.876727,1.94663,636.91719,3900000.0,0.035578,0.14231,0.00094424
3d6.(5D).4d,4P,1.5,4.0,10.930097,3d6.(5D<0>).4f,2[3]*,2.5,6.0,12.900112,1.970015,629.35659,63000000.0,0.56116,2.2446,0.014893
3d6.(5D).4d,4P,0.5,2.0,10.934051,3d6.(5D).5p,4P*,1.5,4.0,11.434511,0.50046,2477.40426,207000.0,0.038094,0.076187,0.001011
3d6.(5D).4d,4P,0.5,2.0,10.934051,3d6.(5D).5p,4P*,0.5,2.0,11.445572,0.511521,2423.83256,130000.0,0.01145,0.0229,0.00030388
3d6.(5D).4d,4P,0.5,2.0,10.934051,3d6.(5D<4>).4f,2[1]*,0.5,2.0,12.785959,1.851909,669.49412,1000000.0,0.0067197,0.013439,0.00017834
3d6.(5D).4d,4P,0.5,2.0,10.934051,3d6.(5D<3>).4f,2[2]*,1.5,4.0,12.818894,1.884843,657.79582,410000.0,0.0053193,0.010639,0.00014117
3d6.(5D).4d,4P,0.5,2.0,10.934051,3d6.(5D<3>).4f,2[1]*,0.5,2.0,12.824594,1.890543,655.81249,25000000.0,0.1612,0.3224,0.0042782
3d6.(5D).4d,4P,0.5,2.0,10.934051,3d6.(5D<2>).4f,2[1]*,0.5,2.0,12.854221,1.92017,645.69369,36000000.0,0.22502,0.45003,0.0059719
3d6.(5D).4d,4P,0.5,2.0,10.934051,3d6.(5D<1>).4f,2[2]*,1.5,4.0,12.87812,1.94407,637.75593,40000000.0,0.48782,0.97564,0.012947
3d5.(4P).4s.4p.(3P*),6D*,3.5,8.0,10.936579,3d6.(5D).6s,6D,4.5,10.0,12.609009,1.67243,741.34159,330000.0,0.0033988,0.02719,9.0203e-05
3d5.(4P).4s.4p.(3P*),6D*,3.5,8.0,10.936579,3d6.(5D).5d,6P,3.5,8.0,12.894457,1.957878,633.2581,470000.0,0.0028257,0.022605,7.4993e-05
3d5.(4P).4s.4p.(3P*),6D*,3.5,8.0,10.936579,3d6.(5D).5d,6G,4.5,10.0,13.00204,2.06546,600.27394,1100000.0,0.0074278,0.059423,0.00019713
3d5.(4P).4s.4p.(3P*),6D*,4.5,10.0,10.986801,3d6.(5D).6s,6D,4.5,10.0,12.609009,1.622209,764.29248,27000.0,0.00023645,0.0023645,6.2754e-06
3d5.(4P).4s.4p.(3P*),6D*,4.5,10.0,10.986801,3d6.(5D).6s,6D,3.5,8.0,12.650227,1.663427,745.3541,390000.0,0.0025986,0.025986,6.8967e-05
3d5.(4P).4s.4p.(3P*),6D*,4.5,10.0,10.986801,3d6.(5D).5d,6F,5.5,12.0,12.886496,1.899696,652.65294,270000.0,0.002069,0.02069,5.4912e-05
3d5.(4P).4s.4p.(3P*),6D*,4.5,10.0,10.986801,3d6.(5D).5d,6F,4.5,10.0,12.888232,1.901431,652.05714,80000.0,0.00050994,0.0050994,1.3534e-05
3d5.(4P).4s.4p.(3P*),6D*,4.5,10.0,10.986801,3d6.(5D).5d,6D,4.5,10.0,12.945397,1.958597,633.02567,490000.0,0.0029437,0.029437,7.8127e-05
3d6.(5D).5p,6D*,4.5,10.0,11.000299,3d6.(5D).6s,6D,4.5,10.0,12.609009,1.60871,770.70571,30200000.0,0.26893,2.6893,0.0071375
3d6.(5D).5p,6D*,4.5,10.0,11.000299,3d6.(5D).6s,6D,3.5,8.0,12.650227,1.649928,751.45217,3500000.0,0.023704,0.23704,0.0006291
3d6.(5D).5p,6D*,4.5,10.0,11.000299,3d6.(5D).5d,6F,5.5,12.0,12.886496,1.886197,657.32373,69000000.0,0.53635,5.3635,0.014235
3d6.(5D).5p,6D*,4.5,10.0,11.000299,3d6.(5D).5d,6F,4.5,10.0,12.888232,1.887933,656.71938,61000000.0,0.39441,3.9441,0.010468
3d6.(5D).5p,6D*,4.5,10.0,11.000299,3d6.(5D).5d,6P,3.5,8.0,12.894457,1.894158,654.56112,27000000.0,0.13874,1.3874,0.0036823
3d6.(5D).5p,6D*,4.5,10.0,11.000299,3d5.4s.(7S).4d,6D,4.5,10.0,13.204445,2.204145,562.50465,220000.0,0.0010436,0.010436,2.7697e-05
3d6.(5D).5p,6D*,3.5,8.0,11.016434,3d6.(5D).6s,6D,4.5,10.0,12.609009,1.592575,778.51398,12800000.0,0.14538,1.1631,0.0038585
3d6.(5D).5p,6D*,3.5,8.0,11.016434,3d6.(5D).6s,6D,3.5,8.0,12.650227,1.633793,758.87331,6200000.0,0.053529,0.42823,0.0014207
3d6.(5D).5p,6D*,3.5,8.0,11.016434,3d6.(5D).6s,6D,2.5,6.0,12.687816,1.671382,741.80647,3800000.0,0.023512,0.18809,0.000624
3d6.(5D).5p,6D*,3.5,8.0,11.016434,3d6.(3H).4d,4G,4.5,10.0,12.866007,1.849572,670.3398,110000.0,0.0009263,0.0074104,2.4584e-05
3d6.(5D).5p,6D*,3.5,8.0,11.016434,3d6.(5D).5d,6F,4.5,10.0,12.888232,1.871798,662.3803,17200000.0,0.14142,1.1314,0.0037533
3d6.(5D).5p,6D*,3.5,8.0,11.016434,3d6.(5D).5d,6P,3.5,8.0,12.894457,1.878023,660.18473,37800000.0,0.24699,1.9759,0.0065552
3d6.(5D).5p,6D*,3.5,8.0,11.016434,3d6.(5D).5d,6P,2.5,6.0,12.909265,1.892831,655.02001,45000000.0,0.21709,1.7367,0.0057616
3d6.(5D).5p,6D*,3.5,8.0,11.016434,3d6.(5D).5d,6F,3.5,8.0,12.941587,1.925153,644.02257,3100000.0,0.019276,0.15421,0.00051159
3d6.(5D).5p,6D*,3.5,8.0,11.016434,3d6.(5D).5d,6D,4.5,10.0,12.945397,1.928963,642.75053,15900000.0,0.1231,0.98479,0.003267
3d6.(5D).5p,6D*,3.5,8.0,11.016434,3d6.(5D).5d,6F,2.5,6.0,12.947231,1.930797,642.14013,3000000.0,0.013909,0.11127,0.00036915
3d6.(5D).5p,6D*,2.5,6.0,11.049404,3d6.(5D).6s,6D,3.5,8.0,12.650227,1.600824,774.50256,14200000.0,0.17027,1.0216,0.0045189
3d6.(5D).5p,6D*,2.5,6.0,11.049404,3d6.(5D).6s,6D,2.5,6.0,12.687816,1.638412,756.73372,2900000.0,0.024897,0.14938,0.00066076
3d6.(5D).5p,6D*,2.5,6.0,11.049404,3d6.(5D).6s,4D,3.5,8.0,12.695333,1.645929,753.27797,1890000.0,0.021437,0.12862,0.00056895
3d6.(5D).5p,6D*,2.5,6.0,11.049404,3d6.(5D).6s,6D,1.5,4.0,12.713797,1.664393,744.92128,8500000.0,0.047142,0.28285,0.0012511
3d6.(5D).5p,6D*,2.5,6.0,11.049404,3d6.(5D).5d,6P,2.5,6.0,12.909265,1.859861,666.63146,9000000.0,0.059962,0.35977,0.0015914
3d6.(5D).5p,6D*,2.5,6.0,11.049404,3d6.(5D).5d,6F,3.5,8.0,12.941587,1.892183,655.24405,19600000.0,0.16821,1.0093,0.0044644
3d6.(5D).5p,6D*,2.5,6.0,11.049404,3d6.(5D).5d,6F,2.5,6.0,12.947231,1.897827,653.29554,6800000.0,0.04351,0.26106,0.0011548
3d6.(5D).5p,6D*,2.5,6.0,11.049404,3d6.(3H).4d,4F,2.5,6.0,12.957224,1.90782,649.87367,23900000.0,0.15133,0.90796,0.0040162
3d6.(5D).5p,6D*,2.5,6.0,11.049404,3d6.(5D).5d,6D,3.5,8.0,12.981817,1.932413,641.6031,12500000.0,0.10286,0.61715,0.0027299
3d6.(5D).5p,6D*,2.5,6.0,11.049404,3d5.4s.(7S).4d,6D,1.5,4.0,13.220743,2.17134,571.00326,290000.0,0.00094503,0.0056702,2.5081e-05
3d5.(4P).4s.4p.(3P*),6P*,3.5,8.0,11.050534,3d6.(5D).6s,6D,3.5,8.0,12.650227,1.599693,775.04986,11200000.0,0.10086,0.80691,0.0026769
3d5.(4P).4s.4p.(3P*),6P*,3.5,8.0,11.050534,3d6.(5D).6s,6D,2.5,6.0,12.687816,1.637282,757.25618,5300000.0,0.034173,0.27338,0.00090695
3d5.(4P).4s.4p.(3P*),6P*,3.5,8.0,11.050534,3d6.(5D).5d,6F,3.5,8.0,12.941587,1.891053,655.63573,18700000.0,0.12051,0.96409,0.0031984
3d5.(4P).4s.4p.(3P*),6P*,3.5,8.0,11.050534,3d6.(5D).5d,6D,4.5,10.0,12.945397,1.894863,654.31745,34800000.0,0.27921,2.2337,0.0074101
3d5.(4P).4s.4p.(3P*),6P*,3.5,8.0,11.050534,3d6.(5D).5d,6F,2.5,6.0,12.947231,1.896697,653.6849,530000.0,0.0025464,0.020372,6.7583e-05
3d5.(4P).4s.4p.(3P*),6P*,3.5,8.0,11.050534,3d5.4s.(7S).4d,6D,4.5,10.0,13.204445,2.153911,575.62372,160000.0,0.0009935,0.007948,2.6367e-05
3d6.(5D).5p,6D*,1.5,4.0,11.075657,3d6.(5D).6s,6D,2.5,6.0,12.687816,1.612159,769.05679,15900000.0,0.21148,0.84591,0.0056126
3d6.(5D).5p,6D*,1.5,4.0,11.075657,3d6.(5D).6s,6D,0.5,2.0,12.729054,1.653396,749.87578,14600000.0,0.061541,0.24616,0.0016333
3d6.(5D).5p,6D*,1.5,4.0,11.075657,3d6.(5D).6s,4D,2.5,6.0,12.745867,1.67021,742.32691,900000.0,0.011153,0.044611,0.000296
3d6.(5D).5p,6D*,1.5,4.0,11.075657,3d6.(5D).5d,6D,1.5,4.0,12.96735,1.891693,655.41409,7300000.0,0.047013,0.18805,0.0012477
3d6.(5D).5p,6D*,1.5,4.0,11.075657,3d6.(5D).5d,6F,1.5,4.0,12.97252,1.896863,653.62766,46000000.0,0.29463,1.1785,0.0078195
3d6.(5D).5p,6D*,1.5,4.0,11.075657,3d6.(3F2).4d,4P,2.5,6.0,12.985988,1.910331,649.01949,8100000.0,0.076728,0.30691,0.0020363
3d6.(5D).5p,6D*,1.5,4.0,11.075657,3d5.4s.(7S).4d,6D,0.5,2.0,13.221296,2.145639,577.84285,400000.0,0.0010012,0.0040047,2.6571e-05
3d5.(4P).4s.4p.(3P*),6P*,2.5,6.0,11.089699,3d6.(5D).6s,6D,2.5,6.0,12.687816,1.598117,775.81418,6700000.0,0.060457,0.36274,0.0016045
3d5.(4P).4s.4p.(3P*),6P*,2.5,6.0,11.089699,3d6.(5D).6s,6D,1.5,4.0,12.713797,1.624098,763.40343,7100000.0,0.041356,0.24813,0.0010976
3d5.(4P).4s.4p.(3P*),6P*,2.5,6.0,11.089699,3d6.(5D).5d,6D,3.5,8.0,12.981817,1.892117,655.26694,14700000.0,0.12617,0.75701,0.0033485
3d6.(5D).5p,6D*,0.5,2.0,11.093036,3d6.(5D).6s,6D,1.5,4.0,12.713797,1.620761,764.9753,13800000.0,0.24214,0.48428,0.0064264
3d6.(5D).5p,6D*,0.5,2.0,11.093036,3d6.(5D).6s,6D,0.5,2.0,12.729054,1.636017,757.84161,6400000.0,0.055106,0.11021,0.0014625
3d6.(5D).5p,6D*,0.5,2.0,11.093036,3d6.(3H).4d,4F,1.5,4.0,12.917837,1.824801,679.43967,190000.0,0.0026299,0.0052599,6.9798e-05
3d6.(5D).5p,6D*,0.5,2.0,11.093036,3d6.(5D).5d,6D,0.5,2.0,12.98823,1.895194,654.20317,45000000.0,0.28873,0.57747,0.007663
3d6.(5D).5p,6D*,0.5,2.0,11.093036,3d6.(5D).5d,6P,1.5,4.0,13.001365,1.908329,649.70047,47000000.0,0.59486,1.1897,0.015788
3d6.(5D).5p,6D*,0.5,2.0,11.093036,3d5.4s.(7S).4d,6D,1.5,4.0,13.220743,2.127707,582.71272,160000.0,0.001629,0.003258,4.3233e-05
3d5.(4P).4s.4p.(3P*),6P*,1.5,4.0,11.112202,3d6.(5D).6s,6D,1.5,4.0,12.713797,1.601595,774.12934,3500000.0,0.031445,0.12578,0.00083456
3d5.(4P).4s.4p.(3P*),6P*,1.5,4.0,11.112202,3d6.(5D).6s,6D,0.5,2.0,12.729054,1.616852,766.82471,10700000.0,0.047163,0.18865,0.0012517
3d5.(4P).4s.4p.(3P*),6P*,1.5,4.0,11.112202,3d6.(5D).5d,6P,1.5,4.0,13.001365,1.889163,656.29162,7600000.0,0.049076,0.1963,0.0013025
3d6.(5D).5p,6F*,5.5,12.0,11.149174,3d6.(5D).6s,6D,4.5,10.0,12.609009,1.459836,849.30241,29500000.0,0.26584,3.1901,0.0070555
3d6.(5D).5p,6F*,5.5,12.0,11.149174,3d6.(5D).5d,6F,5.5,12.0,12.886496,1.737323,713.65098,30400000.0,0.23212,2.7854,0.0061604
3d6.(5D).5p,6F*,5.5,12.0,11.149174,3d6.(5D).5d,6F,4.5,10.0,12.888232,1.739058,712.93867,8900000.0,0.056516,0.67819,0.0014999
3d6.(5D).5p,6F*,5.5,12.0,11.149174,3d6.(5D).5d,6G,6.5,14.0,12.939834,1.790661,692.39363,89000000.0,0.74628,8.9554,0.019806
3d6.(5D).5p,6F*,5.5,12.0,11.149174,3d6.(5D).5d,6G,5.5,12.0,12.967916,1.818742,681.70313,2900000.0,0.020205,0.24245,0.00053623
3d6.(5D).5p,4F*,4.5,10.0,11.163885,3d6.(5D).6s,6D,4.5,10.0,12.609009,1.445125,857.94821,700000.0,0.0077247,0.077247,0.00020501
3d6.(5D).5p,4F*,4.5,10.0,11.163885,3d6.(5D).6s,6D,3.5,8.0,12.650227,1.486343,834.15632,20600000.0,0.17191,1.7191,0.0045626
3d6.(5D).5p,4F*,4.5,10.0,11.163885,3d6.(5D).6s,4D,3.5,8.0,12.695333,1.531448,809.58815,4400000.0,0.034588,0.34588,0.00091798
3d6.(5D).5p,4F*,4.5,10.0,11.163885,3d6.(5D).5d,6G,5.5,12.0,12.967916,1.804031,687.26217,70000000.0,0.59482,5.9482,0.015786
3d6.(3F1).4p,4G*,4.5,10.0,11.166929,3d6.(5D).6s,6D,4.5,10.0,12.609009,1.44208,859.75932,190000.0,0.0021056,0.021056,5.5881e-05
3d6.(3F1).4p,4G*,4.5,10.0,11.166929,3d6.(5D).6s,6D,3.5,8.0,12.650227,1.483298,835.86827,4800000.0,0.040222,0.40222,0.0010675
3d6.(3F1).4p,4G*,4.5,10.0,11.166929,3d6.(5D).6s,4D,3.5,8.0,12.695333,1.528404,811.20064,660000.0,0.0052089,0.052089,0.00013825
3d6.(3F1).4p,4G*,4.5,10.0,11.166929,3d6.(5D).5d,6G,5.5,12.0,12.967916,1.800986,688.42385,15600000.0,0.13301,1.3301,0.00353
3d6.(3F1).4p,4G*,4.5,10.0,11.166929,3d6.(5D).5d,6G,4.5,10.0,13.00204,1.83511,675.62252,1400000.0,0.0095807,0.095807,0.00025427
3d6.(3F1).4p,4G*,4.5,10.0,11.166929,3d6.(3F2).4d,4F,3.5,8.0,13.237449,2.07052,598.80711,100000.0,0.00043005,0.0043005,1.1414e-05
3d6.(3F1).4p,4G*,5.5,12.0,11.184814,3d6.(3F2).4d,4H,6.5,14.0,13.054157,1.869342,663.25045,26000.0,0.00020005,0.0024006,5.3093e-06
3d6.(3F1).4p,4G*,5.5,12.0,11.184814,3d6.(3G).4d,4G,5.5,12.0,13.412805,2.22799,556.48454,570000.0,0.0026463,0.031756,7.0233e-05
3d6.(5D).5p,6F*,3.5,8.0,11.195851,3d6.(5D).6s,6D,3.5,8.0,12.650227,1.454376,852.49044,6200000.0,0.067551,0.54041,0.0017928
3d6.(5D).5p,6F*,3.5,8.0,11.195851,3d6.(5D).6s,6D,2.5,6.0,12.687816,1.491965,831.01261,16000000.0,0.12424,0.99391,0.0032973
3d6.(5D).5p,6F*,3.5,8.0,11.195851,3d6.(5D).6s,4D,3.5,8.0,12.695333,1.499482,826.84703,6300000.0,0.064573,0.51658,0.0017138
3d6.(5D).5p,6F*,3.5,8.0,11.195851,3d6.(5D).6s,4D,2.5,6.0,12.745867,1.550016,799.88964,900000.0,0.0064748,0.051798,0.00017184
3d6.(5D).5p,6F*,3.5,8.0,11.195851,3d6.(5D).5d,4F,4.5,10.0,12.855063,1.659212,747.24734,5200000.0,0.054413,0.4353,0.0014441
3d6.(5D).5p,6F*,3.5,8.0,11.195851,3d6.(5D).5d,4F,3.5,8.0,12.871364,1.675513,739.97754,7500000.0,0.061568,0.49255,0.001634
3d6.(5D).5p,6F*,3.5,8.0,11.195851,3d6.(5D).5d,6G,4.5,10.0,13.00204,1.806189,686.44104,53000000.0,0.46801,3.7441,0.012421
3d6.(5D).5p,6F*,3.5,8.0,11.195851,3d6.(5D).5d,4D,3.5,8.0,13.002624,1.806773,686.21916,8400000.0,0.059301,0.47441,0.0015739
3d6.(5D).5p,6F*,3.5,8.0,11.195851,3d6.(5D).5d,6G,3.5,8.0,13.026478,1.830627,677.27742,8000000.0,0.055015,0.44012,0.0014601
3d6.(5D).5p,6F*,3.5,8.0,11.195851,3d6.(3G).4d,4G,3.5,8.0,13.45695,2.261099,548.33595,80000.0,0.00036061,0.0028849,9.5707e-06
3d6.(5D).5p,6F*,4.5,10.0,11.206502,3d6.(5D).6s,6D,4.5,10.0,12.609009,1.402508,884.01801,1260000.0,0.014762,0.14762,0.00039179
3d6.(5D).5p,6F*,4.5,10.0,11.206502,3d6.(5D).6s,6D,3.5,8.0,12.650227,1.443726,858.77952,3800000.0,0.033612,0.33612,0.00089207
3d6.(5D).5p,6F*,4.5,10.0,11.206502,3d6.(5D).6s,4D,3.5,8.0,12.695333,1.488831,832.76212,25400000.0,0.21126,2.1126,0.0056069
3d6.(5D).5p,6F*,4.5,10.0,11.206502,3d6.(3P2).4d,4F,4.5,10.0,12.790869,1.584368,782.54687,60000.0,0.00055085,0.0055085,1.4619e-05
3d6.(5D).5p,6F*,4.5,10.0,11.206502,3d6.(5D).5d,4F,4.5,10.0,12.855063,1.648561,752.07506,5100000.0,0.043247,0.43247,0.0011478
3d6.(5D).5p,6F*,4.5,10.0,11.206502,3d6.(5D).5d,6D,4.5,10.0,12.945397,1.738895,713.00546,11500000.0,0.087648,0.87648,0.0023262
3d6.(5D).5p,6F*,4.5,10.0,11.206502,3d6.(5D).5d,4G,5.5,12.0,13.001409,1.794907,690.75563,85000000.0,0.72964,7.2964,0.019365
3d6.(5D).5p,4D*,3.5,8.0,11.207908,3d6.(5D).6s,6D,2.5,6.0,12.687816,1.479909,837.78287,9300000.0,0.073395,0.58716,0.0019479
3d6.(5D).5p,4D*,3.5,8.0,11.207908,3d6.(5D).6s,4D,3.5,8.0,12.695333,1.487425,833.5493,17600000.0,0.18333,1.4666,0.0048656
3d6.(5D).5p,4D*,3.5,8.0,11.207908,3d6.(3P2).4d,4D,3.5,8.0,12.783124,1.575216,787.09317,60000.0,0.00055727,0.0044581,1.479e-05
3d6.(5D).5p,4D*,3.5,8.0,11.207908,3d6.(5D).5d,4F,4.5,10.0,12.855063,1.647156,752.71702,17800000.0,0.189,1.512,0.005016
3d6.(5D).5p,4D*,3.5,8.0,11.207908,3d6.(3H).4d,4G,4.5,10.0,12.866007,1.658099,747.74911,1000000.0,0.010478,0.083825,0.00027809
3d6.(5D).5p,4D*,3.5,8.0,11.207908,3d6.(5D).5d,4F,3.5,8.0,12.871364,1.663456,745.34093,2600000.0,0.021654,0.17323,0.0005747
3d6.(5D).5p,4D*,3.5,8.0,11.207908,3d6.(5D).5d,6D,3.5,8.0,12.981817,1.773909,698.93224,26900000.0,0.19701,1.5761,0.0052286
3d6.(5D).5p,4D*,3.5,8.0,11.207908,3d6.(5D).5d,6G,4.5,10.0,13.00204,1.794132,691.05402,17100000.0,0.15303,1.2243,0.0040615
3d6.(5D).5p,4D*,3.5,8.0,11.207908,3d6.(5D).5d,4D,3.5,8.0,13.002624,1.794716,690.82915,3900000.0,0.027904,0.22323,0.00074057
3d6.(5D).5p,4D*,3.5,8.0,11.207908,3d6.(5D).5d,4G,4.5,10.0,13.044511,1.836604,675.0733,1300000.0,0.011102,0.088819,0.00029466
3d6.(5D).5p,6F*,2.5,6.0,11.219061,3d6.(5D).6s,6D,2.5,6.0,12.687816,1.468756,844.14452,9300000.0,0.099352,0.59611,0.0026368
3d6.(5D).5p,6F*,2.5,6.0,11.219061,3d6.(5D).6s,4D,3.5,8.0,12.695333,1.476272,839.84658,27000.0,0.00038068,0.0022841,1.0103e-05
3d6.(5D).5p,6F*,2.5,6.0,11.219061,3d6.(5D).6s,6D,1.5,4.0,12.713797,1.494736,829.472,22400000.0,0.15404,0.92421,0.0040881
3d6.(5D).5p,6F*,2.5,6.0,11.219061,3d6.(5D).6s,4D,1.5,4.0,12.785055,1.565994,791.72839,1400000.0,0.008771,0.052626,0.00023278
3d6.(5D).5p,6F*,2.5,6.0,11.219061,3d6.(5D).5d,6G,3.5,8.0,13.026478,1.807417,685.97458,73000000.0,0.68665,4.1199,0.018224
3d6.(5D).5p,6F*,2.5,6.0,11.219061,3d6.(5D).5d,6G,2.5,6.0,13.043858,1.824797,679.44101,18600000.0,0.12873,0.77237,0.0034165
3d6.(5D).5p,6F*,1.5,4.0,11.232164,3d6.(5D).6s,6D,2.5,6.0,12.687816,1.455652,851.74311,1000000.0,0.016314,0.065257,0.00043298
3d6.(5D).5p,6F*,1.5,4.0,11.232164,3d6.(5D).6s,6D,1.5,4.0,12.713797,1.481633,836.80759,13400000.0,0.14067,0.5627,0.0037335
3d6.(5D).5p,6F*,1.5,4.0,11.232164,3d6.(5D).6s,6D,0.5,2.0,12.729054,1.49689,828.27873,18500000.0,0.095138,0.38055,0.002525
3d6.(5D).5p,6F*,1.5,4.0,11.232164,3d6.(5D).6s,4D,2.5,6.0,12.745867,1.513704,819.07849,120000.0,0.0018104,0.0072417,4.8049e-05
3d6.(5D).5p,6F*,1.5,4.0,11.232164,3d6.(5D).6s,4D,1.5,4.0,12.785055,1.552891,798.40889,240000.0,0.0022936,0.0091745,6.0873e-05
3d6.(5D).5p,6F*,1.5,4.0,11.232164,3d6.(5D).6s,4D,0.5,2.0,12.80332,1.571156,789.12723,1300000.0,0.0060683,0.024273,0.00016105
3d6.(5D).5p,6F*,1.5,4.0,11.232164,3d6.(5D).5d,6G,2.5,6.0,13.043858,1.811694,684.35508,65000000.0,0.68458,2.7383,0.018169
3d6.(5D).5p,6F*,1.5,4.0,11.232164,3d6.(3P2).4d,4P,2.5,6.0,13.047384,1.81522,683.02582,310000.0,0.0032523,0.013009,8.6315e-05
3d6.(5D).5p,6F*,1.5,4.0,11.232164,3d6.(5D).5d,6G,1.5,4.0,13.054118,1.821954,680.50133,18900000.0,0.13121,0.52485,0.0034824
3d6.(3P1).4p,4S*,1.5,4.0,11.236664,3d6.(5D).6s,4D,2.5,6.0,12.745867,1.509203,821.52113,900000.0,0.013659,0.054637,0.00036252
3d6.(3P1).4p,4S*,1.5,4.0,11.236664,3d6.(3P2).4d,4D,2.5,6.0,12.770702,1.534038,808.22133,150000.0,0.0022034,0.0088138,5.8479e-05
3d6.(3P1).4p,4S*,1.5,4.0,11.236664,3d6.(5D).6s,4D,1.5,4.0,12.785055,1.54839,800.72962,160000.0,0.001538,0.0061519,4.0818e-05
3d6.(3P1).4p,4S*,1.5,4.0,11.236664,3d6.(5D).5d,6G,1.5,4.0,13.054118,1.817453,682.18651,480000.0,0.0033489,0.013396,8.8881e-05
3d6.(5D).5p,4D*,2.5,6.0,11.237782,3d6.(5D).6s,6D,3.5,8.0,12.650227,1.412446,877.79804,900000.0,0.013862,0.083173,0.0003679
3d6.(5D).5p,4D*,2.5,6.0,11.237782,3d6.(5D).6s,4D,3.5,8.0,12.695333,1.457551,850.63375,9300000.0,0.13451,0.80708,0.00357
3d6.(5D).5p,4D*,2.5,6.0,11.237782,3d6.(5D).6s,4D,2.5,6.0,12.745867,1.508085,822.12977,9500000.0,0.096264,0.57758,0.0025548
3d6.(5D).5p,4D*,2.5,6.0,11.237782,3d6.(3P2).4d,4D,2.5,6.0,12.770702,1.53292,808.81041,580000.0,0.0056883,0.03413,0.00015097
3d6.(5D).5p,4D*,2.5,6.0,11.237782,3d6.(5D).6s,4D,1.5,4.0,12.785055,1.547273,801.30784,420000.0,0.0026954,0.016172,7.1535e-05
3d6.(5D).5p,4D*,2.5,6.0,11.237782,3d6.(5D).5d,4F,3.5,8.0,12.871364,1.633582,758.97129,7200000.0,0.082905,0.49743,0.0022003
3d6.(5D).5p,4D*,2.5,6.0,11.237782,3d6.(3H).4d,4G,3.5,8.0,12.884641,1.646859,752.8525,740000.0,0.008384,0.050304,0.00022251
3d6.(5D).5p,4D*,2.5,6.0,11.237782,3d6.(5D).5d,4F,2.5,6.0,12.897322,1.659541,747.09947,5600000.0,0.04686,0.28116,0.0012437
3d6.(5D).5p,4D*,2.5,6.0,11.237782,3d6.(3P2).4d,4F,3.5,8.0,12.907739,1.669958,742.4392,5800000.0,0.063907,0.38344,0.0016961
3d6.(5D).5p,4D*,2.5,6.0,11.237782,3d6.(3F2).4d,4P,1.5,4.0,12.998502,1.76072,704.16748,32400000.0,0.16057,0.96342,0.0042615
3d6.(5D).5p,4D*,2.5,6.0,11.237782,3d6.(5D).5d,4G,3.5,8.0,13.074079,1.836297,675.18598,4200000.0,0.038273,0.22964,0.0010158
3d6.(5D).5p,6F*,0.5,2.0,11.238948,3d6.(5D).6s,6D,1.5,4.0,12.713797,1.474849,840.6569,2000000.0,0.04238,0.084759,0.0011248
3d6.(5D).5p,6F*,0.5,2.0,11.238948,3d6.(5D).6s,6D,0.5,2.0,12.729054,1.490106,832.0498,20100000.0,0.20862,0.41724,0.0055368
3d6.(5D).5p,6F*,0.5,2.0,11.238948,3d6.(5D).6s,4D,1.5,4.0,12.785055,1.546107,801.9123,330000.0,0.0063629,0.012726,0.00016887
3d6.(5D).5p,6F*,0.5,2.0,11.238948,3d6.(5D).6s,4D,0.5,2.0,12.80332,1.564372,792.54948,610000.0,0.0057444,0.011489,0.00015246
3d6.(5D).5p,6F*,0.5,2.0,11.238948,3d6.(3P2).4d,2P,1.5,4.0,13.057693,1.818745,681.70182,14100000.0,0.19647,0.39294,0.0052143
3d6.(5D).5p,4F*,3.5,8.0,11.255363,3d6.(5D).6s,6D,3.5,8.0,12.650227,1.394865,888.86189,900000.0,0.01066,0.085283,0.00028293
3d6.(5D).5p,4F*,3.5,8.0,11.255363,3d6.(5D).6s,4D,2.5,6.0,12.745867,1.490505,831.82707,29200000.0,0.22718,1.8174,0.0060294
3d6.(5D).5p,4F*,3.5,8.0,11.255363,3d6.(3P2).4d,4D,2.5,6.0,12.770702,1.515339,818.19425,1000000.0,0.0075272,0.060218,0.00019977
3d6.(5D).5p,4F*,3.5,8.0,11.255363,3d6.(5D).5d,4F,4.5,10.0,12.855063,1.5997,775.04632,4000000.0,0.045028,0.36023,0.001195
3d6.(5D).5p,4F*,3.5,8.0,11.255363,3d6.(5D).5d,4F,3.5,8.0,12.871364,1.616001,767.22838,800000.0,0.0070599,0.056479,0.00018737
3d6.(5D).5p,4F*,3.5,8.0,11.255363,3d6.(5D).5d,6P,2.5,6.0,12.909265,1.653902,749.64649,1000000.0,0.0063188,0.05055,0.0001677
3d6.(5D).5p,4F*,3.5,8.0,11.255363,3d6.(5D).5d,4D,3.5,8.0,13.002624,1.747261,709.59183,8200000.0,0.0619,0.4952,0.0016428
3d6.(5D).5p,4F*,3.5,8.0,11.255363,3d6.(5D).5d,4G,4.5,10.0,13.044511,1.789148,692.9788,66000000.0,0.59395,4.7516,0.015764
3d6.(5D).5p,4F*,3.5,8.0,11.255363,3d6.(5D).5d,4G,3.5,8.0,13.074079,1.818716,681.7128,7700000.0,0.053648,0.42918,0.0014238
3d6.(5D).5p,4F*,3.5,8.0,11.255363,3d6.(5D).5d,4G,2.5,6.0,13.096546,1.841183,673.39429,280000.0,0.0014276,0.011421,3.7889e-05
3d6.(3P1).4p,4P*,0.5,2.0,11.262661,3d6.(5D).6s,4D,1.5,4.0,12.785055,1.522394,814.40299,2700000.0,0.053695,0.10739,0.0014251
3d6.(3P1).4p,4P*,0.5,2.0,11.262661,3d6.(5D).6s,4D,0.5,2.0,12.80332,1.540659,804.74798,2000000.0,0.019418,0.038836,0.00051536
3d6.(5D).5p,4D*,1.5,4.0,11.270024,3d6.(5D).6s,6D,2.5,6.0,12.687816,1.417792,874.48805,520000.0,0.0089426,0.03577,0.00023734
3d6.(5D).5p,4D*,1.5,4.0,11.270024,3d6.(5D).6s,4D,2.5,6.0,12.745867,1.475843,840.09082,9600000.0,0.15236,0.60945,0.0040437
3d6.(5D).5p,4D*,1.5,4.0,11.270024,3d6.(3P2).4d,4D,2.5,6.0,12.770702,1.500678,826.18805,250000.0,0.0038375,0.01535,0.00010185
3d6.(5D).5p,4D*,1.5,4.0,11.270024,3d6.(5D).6s,4D,1.5,4.0,12.785055,1.51503,818.36118,4500000.0,0.045182,0.18073,0.0011991
3d6.(5D).5p,4D*,1.5,4.0,11.270024,3d6.(5D).6s,4D,0.5,2.0,12.80332,1.533295,808.61266,250000.0,0.0012253,0.0049013,3.252e-05
3d6.(5D).5p,4D*,1.5,4.0,11.270024,3d6.(5D).5d,4F,2.5,6.0,12.897322,1.627298,761.90224,2900000.0,0.037857,0.15143,0.0010047
3d6.(5D).5p,4D*,1.5,4.0,11.270024,3d6.(3H).4d,4F,1.5,4.0,12.917837,1.647813,752.41691,7600000.0,0.064505,0.25802,0.001712
3d6.(5D).5p,4D*,1.5,4.0,11.270024,3d6.(3H).4d,2F,2.5,6.0,12.920346,1.650322,751.273,2000000.0,0.025385,0.10154,0.00067372
3d6.(5D).5p,4D*,1.5,4.0,11.270024,3d6.(5D).5d,4D,1.5,4.0,13.046893,1.776869,697.76788,19200000.0,0.14015,0.56059,0.0037195
3d6.(5D).5p,4P*,2.5,6.0,11.270304,3d6.(5D).6s,6D,3.5,8.0,12.650227,1.379924,898.4859,800000.0,0.01291,0.077457,0.00034262
3d6.(5D).5p,4P*,2.5,6.0,11.270304,3d6.(5D).6s,4D,3.5,8.0,12.695333,1.425029,870.04684,2800000.0,0.042368,0.25421,0.0011245
3d6.(5D).5p,4P*,2.5,6.0,11.270304,3d6.(5D).6s,4D,2.5,6.0,12.745867,1.475564,840.24978,11800000.0,0.1249,0.74939,0.0033148
3d6.(5D).5p,4P*,2.5,6.0,11.270304,3d6.(3P2).4d,4D,2.5,6.0,12.770702,1.500399,826.34179,670000.0,0.0068589,0.041153,0.00018203
3d6.(5D).5p,4P*,2.5,6.0,11.270304,3d6.(5D).6s,4D,1.5,4.0,12.785055,1.514751,818.51202,1700000.0,0.011383,0.0683,0.00030211
3d6.(5D).5p,4P*,2.5,6.0,11.270304,3d6.(3P2).4d,2F,2.5,6.0,12.844442,1.574138,787.63233,29000.0,0.00026971,0.0016183,7.1582e-06
3d6.(5D).5p,4P*,2.5,6.0,11.270304,3d6.(5D).5d,4F,2.5,6.0,12.897322,1.627019,762.03298,580000.0,0.0050493,0.030296,0.00013401
3d6.(5D).5p,4P*,2.5,6.0,11.270304,3d6.(3H).4d,2F,2.5,6.0,12.920346,1.650042,751.40012,290000.0,0.0024547,0.014728,6.5148e-05
3d6.(5D).5p,4P*,2.5,6.0,11.270304,3d6.(5D).5d,4G,3.5,8.0,13.074079,1.803775,687.35952,16300000.0,0.15394,0.92364,0.0040856
3d6.(5D).5p,4P*,2.5,6.0,11.270304,3d6.(5D).5d,4G,2.5,6.0,13.096546,1.826242,678.90348,2300000.0,0.015893,0.095357,0.0004218
3d6.(3P1).5p,4P*,1.5,4.0,11.288541,3d6.(5D).6s,4D,2.5,6.0,12.745867,1.457326,850.76496,26000.0,0.0004232,0.0016928,1.1232e-05
3d6.(3P1).5p,4P*,1.5,4.0,11.288541,3d6.(5D).6s,4D,1.5,4.0,12.785055,1.496514,828.48695,13400000.0,0.13789,0.55156,0.0036596
3d6.(3P1).5p,4P*,1.5,4.0,11.288541,3d6.(5D).5d,4F,2.5,6.0,12.897322,1.608781,770.67155,380000.0,0.0050754,0.020302,0.0001347
3d6.(3P1).5p,4P*,1.5,4.0,11.288541,3d6.(5D).5d,6P,2.5,6.0,12.909265,1.620724,764.99277,190000.0,0.0025005,0.010002,6.6362e-05
3d6.(3P1).5p,4P*,1.5,4.0,11.288541,3d6.(3H).4d,4F,1.5,4.0,12.917837,1.629296,760.96801,3000000.0,0.026044,0.10418,0.00069122
3d6.(3P1).5p,4P*,1.5,4.0,11.288541,3d6.(3H).4d,2F,2.5,6.0,12.920346,1.631805,759.79798,290000.0,0.0037648,0.015059,9.9919e-05
3d6.(3P1).5p,4P*,1.5,4.0,11.288541,3d6.(5D).5d,4G,2.5,6.0,13.096546,1.808004,685.75164,8700000.0,0.092003,0.36801,0.0024418
3d6.(5D).5p,4F*,2.5,6.0,11.291311,3d6.(5D).6s,6D,2.5,6.0,12.687816,1.396505,887.81766,800000.0,0.0094536,0.056722,0.0002509
3d6.(5D).5p,4F*,2.5,6.0,11.291311,3d6.(5D).6s,4D,2.5,6.0,12.745867,1.454556,852.38507,130000.0,0.001416,0.0084962,3.7582e-05
3d6.(5D).5p,4F*,2.5,6.0,11.291311,3d6.(5D).6s,4D,1.5,4.0,12.785055,1.493744,830.02324,32400000.0,0.2231,1.3386,0.005921
3d6.(5D).5p,4F*,2.5,6.0,11.291311,3d6.(5D).5d,4F,3.5,8.0,12.871364,1.580053,784.68384,2600000.0,0.032001,0.192,0.0008493
3d6.(5D).5p,4F*,2.5,6.0,11.291311,3d6.(3P2).4d,4F,3.5,8.0,12.907739,1.616428,767.02566,1300000.0,0.015288,0.09173,0.00040575
3d6.(5D).5p,4F*,2.5,6.0,11.291311,3d6.(5D).5d,6F,3.5,8.0,12.941587,1.650276,751.29362,1200000.0,0.013539,0.081236,0.00035934
3d6.(5D).5p,4F*,2.5,6.0,11.291311,3d6.(5D).5d,4G,3.5,8.0,13.074079,1.782768,695.45908,52000000.0,0.50274,3.0164,0.013343
3d6.(5D).5p,4F*,2.5,6.0,11.291311,3d6.(5D).5d,4G,2.5,6.0,13.096546,1.805235,686.80384,6800000.0,0.048088,0.28853,0.0012762
3d6.(5D).5p,4F*,2.5,6.0,11.291311,3d6.(3F2).4d,4F,3.5,8.0,13.237449,1.946138,637.07821,2700000.0,0.021905,0.13143,0.00058136
3d6.(5D).5p,w 6P*,3.5,8.0,11.303384,3d6.(5D).6s,6D,4.5,10.0,12.609009,1.305626,949.61503,7300000.0,0.12336,0.98691,0.0032741
3d6.(5D).5p,w 6P*,3.5,8.0,11.303384,3d6.(5D).6s,6D,3.5,8.0,12.650227,1.346844,920.55359,3510000.0,0.044593,0.35674,0.0011835
3d6.(5D).5p,w 6P*,3.5,8.0,11.303384,3d6.(5D).6s,6D,2.5,6.0,12.687816,1.384433,895.55953,1610000.0,0.014519,0.11615,0.00038533
3d6.(5D).5p,w 6P*,3.5,8.0,11.303384,3d6.(5D).6s,4D,3.5,8.0,12.695333,1.391949,890.72359,530000.0,0.0063041,0.050433,0.00016731
3d6.(5D).5p,w 6P*,3.5,8.0,11.303384,3d6.(5D).6s,4D,2.5,6.0,12.745867,1.442484,859.51883,100000.0,0.00083068,0.0066454,2.2046e-05
3d6.(5D).5p,w 6P*,3.5,8.0,11.303384,3d6.(5D).5d,4F,4.5,10.0,12.855063,1.55168,799.03211,210000.0,0.0025126,0.020101,6.6683e-05
3d6.(5D).5p,w 6P*,3.5,8.0,11.303384,3d6.(5D).5d,6F,4.5,10.0,12.888232,1.584849,782.30942,5400000.0,0.061933,0.49546,0.0016437
3d6.(5D).5p,w 6P*,3.5,8.0,11.303384,3d6.(5D).5d,6P,3.5,8.0,12.894457,1.591074,779.24867,9100000.0,0.082842,0.66274,0.0021986
3d6.(5D).5p,w 6P*,3.5,8.0,11.303384,3d6.(3P2).4d,4F,3.5,8.0,12.907739,1.604356,772.79735,3700000.0,0.033128,0.26502,0.00087921
3d6.(5D).5p,w 6P*,3.5,8.0,11.303384,3d6.(5D).5d,6P,2.5,6.0,12.909265,1.605881,772.06318,9200000.0,0.061662,0.49329,0.0016365
3d6.(5D).5p,w 6P*,3.5,8.0,11.303384,3d6.(5D).5d,6F,3.5,8.0,12.941587,1.638204,756.83012,12600000.0,0.1082,0.8656,0.0028716
3d6.(5D).5p,w 6P*,3.5,8.0,11.303384,3d6.(5D).5d,6D,4.5,10.0,12.945397,1.642014,755.07403,14400000.0,0.15385,1.2308,0.0040833
3d6.(5D).5p,w 6P*,3.5,8.0,11.303384,3d6.(5D).5d,6F,2.5,6.0,12.947231,1.643847,754.2318,4500000.0,0.028783,0.23027,0.00076391
3d6.(5D).5p,w 6P*,3.5,8.0,11.303384,3d6.(3H).4d,2F,3.5,8.0,12.954068,1.650685,751.1077,1840000.0,0.015563,0.1245,0.00041303
3d6.(5D).5p,w 6P*,3.5,8.0,11.303384,3d6.(3H).4d,4F,2.5,6.0,12.957224,1.65384,749.67455,6200000.0,0.039179,0.31344,0.0010398
3d6.(5D).5p,4D*,0.5,2.0,11.307331,3d6.(5D).6s,4D,1.5,4.0,12.785055,1.477724,839.02152,5400000.0,0.11398,0.22796,0.003025
3d6.(5D).5p,4D*,0.5,2.0,11.307331,3d6.(5D).6s,4D,0.5,2.0,12.80332,1.495989,828.77764,12300000.0,0.12666,0.25332,0.0033616
3d6.(5D).5p,4D*,0.5,2.0,11.307331,3d6.(3H).4d,4F,1.5,4.0,12.917837,1.610506,769.84628,7800000.0,0.13861,0.27722,0.0036787
3d6.(5D).5p,4D*,0.5,2.0,11.307331,3d6.(3P2).4d,4F,1.5,4.0,12.96539,1.658059,747.76706,4900000.0,0.082152,0.1643,0.0021803
3d6.(5D).5p,4D*,0.5,2.0,11.307331,3d6.(5D).5d,6D,1.5,4.0,12.96735,1.660019,746.88439,90000.0,0.0015054,0.0030107,3.9952e-05
3d6.(5D).5p,4D*,0.5,2.0,11.307331,3d6.(5D).5d,6F,1.5,4.0,12.97252,1.665189,744.56541,1600000.0,0.026596,0.053192,0.00070586
3d6.(5D).5p,4D*,0.5,2.0,11.307331,3d6.(5D).5d,4F,1.5,4.0,13.247296,1.939965,639.10534,8000000.0,0.097977,0.19595,0.0026003
3d6.(5D).5p,4F*,1.5,4.0,11.308461,3d6.(5D).6s,6D,1.5,4.0,12.713797,1.405336,882.23902,350000.0,0.0040841,0.016337,0.00010839
3d6.(5D).5p,4F*,1.5,4.0,11.308461,3d6.(5D).6s,4D,0.5,2.0,12.80332,1.494858,829.4043,44000000.0,0.22689,0.90756,0.0060217
3d6.(5D).5p,4F*,1.5,4.0,11.308461,3d6.(5D).5d,4F,2.5,6.0,12.897322,1.588861,780.33378,1400000.0,0.019171,0.076683,0.00050879
3d6.(5D).5p,4F*,1.5,4.0,11.308461,3d6.(3H).4d,4G,2.5,6.0,12.89965,1.591188,779.19245,1400000.0,0.019115,0.076459,0.00050731
3d6.(5D).5p,4F*,1.5,4.0,11.308461,3d6.(3P2).4d,4F,1.5,4.0,12.96539,1.656929,748.27716,450000.0,0.0037774,0.01511,0.00010025
3d6.(5D).5p,4F*,1.5,4.0,11.308461,3d6.(5D).5d,4G,2.5,6.0,13.096546,1.788084,693.39128,59000000.0,0.63791,2.5516,0.01693
3d6.(5D).5p,w 6P*,2.5,6.0,11.353871,3d6.(5D).6s,6D,3.5,8.0,12.650227,1.296356,956.40548,3810000.0,0.069664,0.41798,0.0018489
3d6.(5D).5p,w 6P*,2.5,6.0,11.353871,3d6.(5D).6s,6D,2.5,6.0,12.687816,1.333945,929.45517,5500000.0,0.071233,0.4274,0.0018905
3d6.(5D).5p,w 6P*,2.5,6.0,11.353871,3d6.(5D).6s,4D,3.5,8.0,12.695333,1.341461,924.2473,800000.0,0.01366,0.081963,0.00036255
3d6.(5D).5p,w 6P*,2.5,6.0,11.353871,3d6.(5D).6s,6D,1.5,4.0,12.713797,1.359926,911.69833,4100000.0,0.034061,0.20436,0.00090397
3d6.(5D).5p,w 6P*,2.5,6.0,11.353871,3d6.(5D).5d,6P,3.5,8.0,12.894457,1.540586,804.78612,350000.0,0.0045313,0.027188,0.00012026
3d6.(5D).5p,w 6P*,2.5,6.0,11.353871,3d6.(5D).5d,6P,2.5,6.0,12.909265,1.555394,797.12427,4000000.0,0.038104,0.22862,0.0010113
3d6.(5D).5p,w 6P*,2.5,6.0,11.353871,3d6.(5D).5d,6F,3.5,8.0,12.941587,1.587716,780.89662,2000000.0,0.024379,0.14627,0.00064702
3d6.(5D).5p,w 6P*,2.5,6.0,11.353871,3d6.(5D).5d,6F,2.5,6.0,12.947231,1.59336,778.13073,150000.0,0.0013616,0.0081697,3.6137e-05
3d6.(5D).5p,w 6P*,2.5,6.0,11.353871,3d6.(3H).4d,2F,3.5,8.0,12.954068,1.600197,774.80594,440000.0,0.00528,0.03168,0.00014013
3d6.(5D).5p,w 6P*,2.5,6.0,11.353871,3d6.(3H).4d,4F,2.5,6.0,12.957224,1.603352,773.28102,90000.0,0.00080682,0.0048409,2.1413e-05
3d6.(5D).5p,w 6P*,2.5,6.0,11.353871,3d6.(3P2).4d,4F,1.5,4.0,12.96539,1.611519,769.36241,3300000.0,0.019523,0.11714,0.00051814
3d6.(5D).5p,w 6P*,2.5,6.0,11.353871,3d6.(5D).5d,6F,1.5,4.0,12.97252,1.618649,765.97358,8400000.0,0.049258,0.29555,0.0013073
3d6.(5D).5p,w 6P*,2.5,6.0,11.353871,3d6.(5D).5d,6D,3.5,8.0,12.981817,1.627945,761.59938,9000000.0,0.10435,0.6261,0.0027695
3d6.(5D).5p,w 6P*,2.5,6.0,11.353871,3d6.(3F2).4d,4P,2.5,6.0,12.985988,1.632117,759.65282,800000.0,0.0069212,0.041527,0.00018369
3d6.(5D).5p,w 6P*,2.5,6.0,11.353871,3d6.(5D).5d,6D,2.5,6.0,12.997036,1.643164,754.54531,5700000.0,0.048652,0.29191,0.0012912
3d6.(5D).5p,w 6P*,2.5,6.0,11.353871,3d6.(3F2).4d,4P,1.5,4.0,12.998502,1.644631,753.87258,2700000.0,0.015337,0.092019,0.00040703
3d6.(5D).5p,w 6P*,2.5,6.0,11.353871,3d6.(5D).5d,6P,1.5,4.0,13.001365,1.647494,752.5626,2300000.0,0.013019,0.078115,0.00034553
3d6.(5D).5p,w 6P*,2.5,6.0,11.353871,3d6.(5D).5d,4D,3.5,8.0,13.002624,1.648752,751.98807,15900000.0,0.17973,1.0784,0.00477
3d6.(5D).5p,w 6P*,1.5,4.0,11.387141,3d6.(5D).6s,6D,2.5,6.0,12.687816,1.300675,953.22936,2180000.0,0.044545,0.17818,0.0011822
3d6.(5D).5p,w 6P*,1.5,4.0,11.387141,3d6.(5D).6s,6D,1.5,4.0,12.713797,1.326656,934.56163,5800000.0,0.075946,0.30378,0.0020156
3d6.(5D).5p,w 6P*,1.5,4.0,11.387141,3d6.(5D).6s,6D,0.5,2.0,12.729054,1.341913,923.9364,11000000.0,0.070389,0.28156,0.0018681
3d6.(5D).5p,w 6P*,1.5,4.0,11.387141,3d6.(5D).6s,4D,2.5,6.0,12.745867,1.358726,912.50305,140000.0,0.0026215,0.010486,6.9574e-05
3d6.(5D).5p,w 6P*,1.5,4.0,11.387141,3d6.(5D).5d,6F,2.5,6.0,12.947231,1.56009,794.72465,610000.0,0.0086639,0.034656,0.00022994
3d6.(5D).5p,w 6P*,1.5,4.0,11.387141,3d6.(3H).4d,4F,2.5,6.0,12.957224,1.570083,789.66657,1700000.0,0.023839,0.095356,0.00063269
3d6.(5D).5p,w 6P*,1.5,4.0,11.387141,3d6.(5D).5d,6D,1.5,4.0,12.96735,1.580209,784.60643,800000.0,0.0073833,0.029533,0.00019595
3d6.(5D).5p,w 6P*,1.5,4.0,11.387141,3d6.(5D).5d,6F,1.5,4.0,12.97252,1.585379,782.04769,1300000.0,0.01192,0.047679,0.00031635
3d6.(5D).5p,w 6P*,1.5,4.0,11.387141,3d6.(3F2).4d,4P,2.5,6.0,12.985988,1.598847,775.46001,900000.0,0.012171,0.048682,0.00032301
3d6.(5D).5p,w 6P*,1.5,4.0,11.387141,3d6.(5D).5d,6D,0.5,2.0,12.98823,1.60109,774.37394,7200000.0,0.032364,0.12946,0.00085894
3d6.(5D).5p,w 6P*,1.5,4.0,11.387141,3d6.(5D).5d,6D,2.5,6.0,12.997036,1.609895,770.13846,9600000.0,0.12804,0.51218,0.0033983
3d6.(5D).5p,w 6P*,1.5,4.0,11.387141,3d6.(3F2).4d,4P,1.5,4.0,12.998502,1.611361,769.43766,440000.0,0.0039053,0.015621,0.00010365
3d6.(5D).5p,w 6P*,1.5,4.0,11.387141,3d6.(5D).5d,6P,1.5,4.0,13.001365,1.614224,768.07307,19600000.0,0.17335,0.6934,0.0046007
3d6.(5D).5p,w 6P*,1.5,4.0,11.387141,3d6.(3P2).4d,2D,2.5,6.0,13.04795,1.660809,746.52885,38000.0,0.00047624,0.001905,1.2639e-05
3d6.(5D).5p,w 6P*,1.5,4.0,11.387141,3d6.(5D).5d,6G,1.5,4.0,13.054118,1.666977,743.76683,130000.0,0.0010781,0.0043126,2.8614e-05
3d5.(4D).4s.4p.(3P*),6F*,0.5,2.0,11.388021,3d6.(5D).6s,6D,1.5,4.0,12.713797,1.325776,935.18203,90000.0,0.0023601,0.0047201,6.2636e-05
3d5.(4D).4s.4p.(3P*),6F*,0.5,2.0,11.388021,3d6.(5D).6s,6D,0.5,2.0,12.729054,1.341033,924.54276,700000.0,0.0089704,0.017941,0.00023807
3d5.(4D).4s.4p.(3P*),6F*,0.5,2.0,11.388021,3d6.(5D).5d,6F,1.5,4.0,12.97252,1.584499,782.48207,110000.0,0.0020194,0.0040389,5.3596e-05
3d5.(4D).4s.4p.(3P*),6F*,0.5,2.0,11.388021,3d6.(5D).5d,6D,0.5,2.0,12.98823,1.600209,774.79984,240000.0,0.00216,0.00432,5.7326e-05
3d5.(4D).4s.4p.(3P*),6F*,0.5,2.0,11.388021,3d6.(5D).5d,6G,1.5,4.0,13.054118,1.666097,744.15972,1800000.0,0.029888,0.059776,0.00079322
3d5.(4D).4s.4p.(3P*),6F*,1.5,4.0,11.396078,3d6.(5D).5d,6D,0.5,2.0,12.98823,1.592152,778.72082,400000.0,0.0018182,0.007273,4.8256e-05
3d5.(4D).4s.4p.(3P*),6F*,1.5,4.0,11.396078,3d6.(5D).5d,6D,2.5,6.0,12.997036,1.600958,774.43779,70000.0,0.00094411,0.0037764,2.5057e-05
3d5.(4D).4s.4p.(3P*),6F*,1.5,4.0,11.396078,3d6.(5D).5d,6P,1.5,4.0,13.001365,1.605287,772.3493,720000.0,0.006439,0.025756,0.00017089
3d5.(4D).4s.4p.(3P*),6F*,2.5,6.0,11.408868,3d6.(5D).6s,6D,2.5,6.0,12.687816,1.278948,969.42314,240000.0,0.0033814,0.020288,8.9743e-05
3d5.(4D).4s.4p.(3P*),6F*,2.5,6.0,11.408868,3d6.(5D).6s,6D,1.5,4.0,12.713797,1.304929,950.12218,260000.0,0.0023459,0.014075,6.2259e-05
3d5.(4D).4s.4p.(3P*),6F*,2.5,6.0,11.408868,3d6.(3H).4d,4F,2.5,6.0,12.957224,1.548356,800.74752,130000.0,0.0012497,0.007498,3.3166e-05
3d5.(4D).4s.4p.(3P*),6F*,2.5,6.0,11.408868,3d6.(5D).5d,6F,1.5,4.0,12.97252,1.563652,792.91437,230000.0,0.0014453,0.0086716,3.8357e-05
3d5.(4D).4s.4p.(3P*),6F*,2.5,6.0,11.408868,3d6.(3F2).4d,4P,2.5,6.0,12.985988,1.57712,786.14314,60000.0,0.00055592,0.0033355,1.4754e-05
3d5.(4D).4s.4p.(3P*),6F*,2.5,6.0,11.408868,3d6.(5D).5d,6D,2.5,6.0,12.997036,1.588168,780.67447,140000.0,0.0012792,0.007675,3.3949e-05
3d5.(4D).4s.4p.(3P*),6F*,2.5,6.0,11.408868,3d6.(5D).5d,6G,3.5,8.0,13.026478,1.617609,766.46562,1000000.0,0.011743,0.070459,0.00031166
3d5.(4D).4s.4p.(3P*),6F*,2.5,6.0,11.408868,3d6.(5D).5d,6G,2.5,6.0,13.043858,1.63499,758.31792,310000.0,0.0026725,0.016035,7.0929e-05
3d5.(4G).4s.4p.(3P*),x 4H*,3.5,8.0,11.417586,3d6.(3H).4d,4I,4.5,10.0,12.918222,1.500636,826.21101,60000.0,0.00076754,0.0061403,2.0371e-05
3d5.(4G).4s.4p.(3P*),x 4H*,4.5,10.0,11.420994,3d6.(5D).5d,4G,5.5,12.0,13.001409,1.580415,784.50426,110000.0,0.0012179,0.012179,3.2324e-05
3d5.(4D).4s.4p.(3P*),6F*,3.5,8.0,11.425659,3d6.(5D).6s,6D,3.5,8.0,12.650227,1.224569,1012.47254,73000.0,0.0011219,0.0089751,2.9775e-05
3d5.(4D).4s.4p.(3P*),6F*,3.5,8.0,11.425659,3d6.(5D).6s,6D,2.5,6.0,12.687816,1.262157,982.31963,200000.0,0.00217,0.01736,5.7591e-05
3d5.(4D).4s.4p.(3P*),6F*,3.5,8.0,11.425659,3d6.(5D).5d,6F,3.5,8.0,12.941587,1.515928,817.87635,140000.0,0.001404,0.011232,3.7262e-05
3d5.(4D).4s.4p.(3P*),6F*,3.5,8.0,11.425659,3d6.(5D).5d,6G,4.5,10.0,13.00204,1.576381,786.51178,540000.0,0.00626,0.05008,0.00016614
3d5.(4D).4s.4p.(3P*),6F*,3.5,8.0,11.425659,3d6.(5D).5d,6G,3.5,8.0,13.026478,1.600819,774.50498,110000.0,0.00098924,0.0079139,2.6254e-05
3d5.(4D).4s.4p.(3P*),6F*,3.5,8.0,11.425659,3d6.(5D).5d,4G,4.5,10.0,13.044511,1.618852,765.8771,90000.0,0.00098931,0.0079144,2.6256e-05
3d5.(4G).4s.4p.(3P*),x 4H*,5.5,12.0,11.427179,3d6.(3H).4d,4I,6.5,14.0,12.902374,1.475195,840.4599,42000.0,0.00051891,0.0062269,1.3772e-05
3d6.(3F1).4p,u 2G*,4.5,10.0,11.427833,3d6.(5D).6s,4D,3.5,8.0,12.695333,1.2675,978.17939,190000.0,0.0021804,0.021804,5.7868e-05
3d6.(3F1).4p,u 2G*,4.5,10.0,11.427833,3d6.(5D).5d,6G,5.5,12.0,12.967916,1.540082,805.04912,250000.0,0.0029149,0.029149,7.7362e-05
3d6.(3F1).4p,u 2G*,4.5,10.0,11.427833,3d6.(5D).5d,4G,5.5,12.0,13.001409,1.573575,787.91388,430000.0,0.0048025,0.048025,0.00012746
3d6.(3P1).4p,u 2D*,1.5,4.0,11.433375,3d6.(5D).6s,4D,0.5,2.0,12.80332,1.369945,905.03081,560000.0,0.0034383,0.013753,9.1253e-05
3d6.(3P1).4p,u 2D*,1.5,4.0,11.433375,3d6.(5D).5d,4G,2.5,6.0,13.096546,1.66317,745.46905,700000.0,0.008748,0.034992,0.00023217
3d6.(5D).5p,4P*,1.5,4.0,11.434511,3d6.(5D).6s,4D,2.5,6.0,12.745867,1.311357,945.46524,2400000.0,0.048245,0.19298,0.0012804
3d6.(5D).5p,4P*,1.5,4.0,11.434511,3d6.(3P2).4d,4D,2.5,6.0,12.770702,1.336191,927.8925,110000.0,0.0021298,0.0085192,5.6525e-05
3d6.(5D).5p,4P*,1.5,4.0,11.434511,3d6.(5D).6s,4D,1.5,4.0,12.785055,1.350544,918.03154,4800000.0,0.060648,0.24259,0.0016096
3d6.(5D).5p,4P*,1.5,4.0,11.434511,3d6.(5D).6s,4D,0.5,2.0,12.80332,1.368809,905.78158,1000000.0,0.00615,0.0246,0.00016322
3d6.(5D).5p,4P*,1.5,4.0,11.434511,3d6.(3H).4d,4F,2.5,6.0,12.957224,1.522713,814.23222,190000.0,0.0028327,0.011331,7.518e-05
3d6.(5D).5p,4P*,1.5,4.0,11.434511,3d6.(3F2).4d,4P,1.5,4.0,12.998502,1.563991,792.74225,2000000.0,0.018843,0.075373,0.0005001
3d6.(5D).5p,4P*,1.5,4.0,11.434511,3d6.(3F2).4d,4P,0.5,2.0,13.029036,1.594525,777.56172,9700000.0,0.043961,0.17585,0.0011667
3d6.(5D).5p,4P*,1.5,4.0,11.434511,3d6.(5D).5d,4D,2.5,6.0,13.034183,1.599672,775.06018,11100000.0,0.14995,0.5998,0.0039797
3d6.(5D).5p,4P*,1.5,4.0,11.434511,3d6.(5D).5d,6G,2.5,6.0,13.043858,1.609347,770.40066,50000.0,0.00066735,0.0026694,1.7711e-05
3d6.(5D).5p,4P*,1.5,4.0,11.434511,3d6.(5D).5d,4D,1.5,4.0,13.046893,1.612383,768.95029,3400000.0,0.030139,0.12056,0.0007999
3d6.(5D).5p,4P*,1.5,4.0,11.434511,3d6.(3P2).4d,2D,2.5,6.0,13.04795,1.613439,768.44662,460000.0,0.0061085,0.024434,0.00016212
3d6.(5D).5p,4P*,1.5,4.0,11.434511,3d6.(5D).5d,6G,1.5,4.0,13.054118,1.619607,765.52036,90000.0,0.00079071,0.0031628,2.0985e-05
3d6.(5D).5p,4P*,1.5,4.0,11.434511,3d6.(3P2).4d,2P,1.5,4.0,13.057693,1.623183,763.83395,1100000.0,0.0096217,0.038487,0.00025536
3d6.(5D).5p,4P*,1.5,4.0,11.434511,3d6.(3F2).4d,4D,2.5,6.0,13.065383,1.630873,760.23223,1100000.0,0.014297,0.057187,0.00037943
3d6.(5D).5p,4P*,1.5,4.0,11.434511,3d6.(3F2).4d,4G,2.5,6.0,13.069693,1.635183,758.22846,680000.0,0.0087914,0.035166,0.00023332
3d6.(5D).5p,4P*,1.5,4.0,11.434511,3d6.(3F2).4d,4F,1.5,4.0,13.082582,1.648072,752.29866,310000.0,0.0026303,0.010521,6.9808e-05
3d6.(5D).5p,4P*,1.5,4.0,11.434511,3d6.(5D).5d,4P,2.5,6.0,13.241101,1.80659,686.2886,4600000.0,0.048722,0.19489,0.0012931
3d6.(5D).5p,4P*,1.5,4.0,11.434511,3d6.(5D).5d,4P,0.5,2.0,13.288142,1.853631,668.87199,6600000.0,0.022134,0.088536,0.00058744
3d6.(3P1).4p,4P*,2.5,6.0,11.440533,3d6.(5D).6s,6D,3.5,8.0,12.650227,1.209694,1024.92182,90000.0,0.0018898,0.011339,5.0156e-05
3d6.(3P1).4p,4P*,2.5,6.0,11.440533,3d6.(5D).6s,4D,3.5,8.0,12.695333,1.254799,988.07976,800000.0,0.015612,0.093675,0.00041436
3d6.(3P1).4p,4P*,2.5,6.0,11.440533,3d6.(5D).6s,4D,2.5,6.0,12.745867,1.305334,949.82732,1330000.0,0.017989,0.10793,0.00047742
3d6.(3P1).4p,4P*,2.5,6.0,11.440533,3d6.(5D).5d,6F,1.5,4.0,12.97252,1.531987,809.30336,80000.0,0.0005237,0.0031422,1.3899e-05
3d6.(3P1).4p,4P*,2.5,6.0,11.440533,3d6.(3F2).4d,4P,2.5,6.0,12.985988,1.545455,802.25056,2300000.0,0.022193,0.13316,0.00058899
3d6.(3P1).4p,4P*,2.5,6.0,11.440533,3d6.(5D).5d,6D,2.5,6.0,12.997036,1.556503,796.55632,650000.0,0.0061831,0.037099,0.0001641
3d6.(3P1).4p,4P*,2.5,6.0,11.440533,3d6.(3F2).4d,4P,1.5,4.0,12.998502,1.557969,795.80663,2000000.0,0.012659,0.075956,0.00033598
3d6.(3P1).4p,4P*,2.5,6.0,11.440533,3d6.(5D).5d,6P,1.5,4.0,13.001365,1.560832,794.347,160000.0,0.001009,0.0060542,2.678e-05
3d6.(3P1).4p,4P*,2.5,6.0,11.440533,3d6.(5D).5d,4D,3.5,8.0,13.002624,1.56209,793.70694,1530000.0,0.019267,0.1156,0.00051134
3d6.(3P1).4p,4P*,2.5,6.0,11.440533,3d6.(5D).5d,6G,3.5,8.0,13.026478,1.585944,781.76893,70000.0,0.00085517,0.005131,2.2696e-05
3d6.(3P1).4p,4P*,2.5,6.0,11.440533,3d6.(5D).5d,4D,1.5,4.0,13.046893,1.60636,771.83315,1000000.0,0.0059541,0.035725,0.00015802
3d6.(3P1).4p,4P*,2.5,6.0,11.440533,3d6.(3P2).4d,2P,1.5,4.0,13.057693,1.61716,766.67852,190000.0,0.0011162,0.0066973,2.9624e-05
3d5.(4G).4s.4p.(3P*),v 4F*,3.5,8.0,11.441568,3d6.(3F2).4d,4G,4.5,10.0,13.03757,1.596002,776.84247,300000.0,0.0033928,0.027142,9.0045e-05
3d5.(4G).4s.4p.(3P*),v 4F*,3.5,8.0,11.441568,3d6.(5D).5d,4G,4.5,10.0,13.044511,1.602943,773.47843,1420000.0,0.01592,0.12736,0.00042253
3d5.(4G).4s.4p.(3P*),v 4F*,3.5,8.0,11.441568,3d6.(5D).5d,4G,3.5,8.0,13.074079,1.632511,759.46944,190000.0,0.001643,0.013144,4.3605e-05
3d5.(4D).4s.4p.(3P*),6F*,4.5,10.0,11.443775,3d6.(5D).6s,6D,3.5,8.0,12.650227,1.206453,1027.67576,110000.0,0.0013933,0.013933,3.6979e-05
3d5.(4D).4s.4p.(3P*),6F*,4.5,10.0,11.443775,3d6.(5D).5d,6D,4.5,10.0,12.945397,1.501622,825.66828,110000.0,0.0011243,0.011243,2.9838e-05
3d5.(4D).4s.4p.(3P*),6F*,4.5,10.0,11.443775,3d6.(5D).5d,6G,5.5,12.0,12.967916,1.524141,813.46956,230000.0,0.0027381,0.027381,7.267e-05
3d5.(4D).4s.4p.(3P*),6F*,4.5,10.0,11.443775,3d6.(5D).5d,4G,5.5,12.0,13.001409,1.557634,795.97789,260000.0,0.0029636,0.029636,7.8653e-05
3d5.(4D).4s.4p.(3P*),6F*,4.5,10.0,11.443775,3d6.(5D).5d,6G,4.5,10.0,13.00204,1.558265,795.65557,22000.0,0.0002088,0.002088,5.5416e-06
3d5.(4D).4s.4p.(3P*),6F*,4.5,10.0,11.443775,3d5.4s.(7S).4d,6D,3.5,8.0,13.206873,1.763098,703.21793,33000.0,0.00019572,0.0019572,5.1945e-06
3d6.(5D).5p,4P*,0.5,2.0,11.445572,3d6.(5D).6s,6D,1.5,4.0,12.713797,1.268225,977.61981,70000.0,0.002006,0.004012,5.3239e-05
3d6.(5D).5p,4P*,0.5,2.0,11.445572,3d6.(5D).6s,4D,1.5,4.0,12.785055,1.339483,925.61247,2500000.0,0.064223,0.12845,0.0017045
3d6.(5D).5p,4P*,0.5,2.0,11.445572,3d6.(5D).6s,4D,0.5,2.0,12.80332,1.357748,913.16074,8000000.0,0.10001,0.20002,0.0026543
3d6.(5D).5p,4P*,0.5,2.0,11.445572,3d6.(5D).5d,4D,1.5,4.0,13.046893,1.601321,774.26184,6900000.0,0.12403,0.24805,0.0032917
3d6.(5D).5p,4P*,0.5,2.0,11.445572,3d6.(3F2).4d,4D,1.5,4.0,13.075402,1.62983,760.71836,130000.0,0.0022557,0.0045114,5.9866e-05
3d6.(5D).5p,4P*,0.5,2.0,11.445572,3d6.(5D).5d,4P,1.5,4.0,13.274486,1.828914,677.91155,9400000.0,0.12953,0.25906,0.0034377
3d5.(4G).4s.4p.(3P*),v 4F*,2.5,6.0,11.447449,3d6.(3P2).5s,4P,2.5,6.0,12.089379,0.641929,1931.43074,2100.0,0.00011745,0.00070467,3.117e-06
3d5.(4G).4s.4p.(3P*),v 4F*,2.5,6.0,11.447449,3d6.(5D).6s,6D,3.5,8.0,12.650227,1.202778,1030.81523,90000.0,0.0019116,0.01147,5.0735e-05
3d5.(4G).4s.4p.(3P*),v 4F*,2.5,6.0,11.447449,3d6.(5D).6s,4D,3.5,8.0,12.695333,1.247883,993.55596,860000.0,0.01697,0.10182,0.00045038
3d5.(4G).4s.4p.(3P*),v 4F*,2.5,6.0,11.447449,3d6.(5D).6s,4D,2.5,6.0,12.745867,1.298418,954.88663,210000.0,0.0028707,0.017224,7.6187e-05
3d5.(4G).4s.4p.(3P*),v 4F*,2.5,6.0,11.447449,3d6.(5D).6s,4D,1.5,4.0,12.785055,1.337605,926.91155,1200000.0,0.010304,0.061827,0.00027348
3d5.(4G).4s.4p.(3P*),v 4F*,2.5,6.0,11.447449,3d6.(3H).4d,4F,2.5,6.0,12.957224,1.509774,821.21004,150000.0,0.0015166,0.0090994,4.0249e-05
3d5.(4G).4s.4p.(3P*),v 4F*,2.5,6.0,11.447449,3d6.(5D).5d,6D,3.5,8.0,12.981817,1.534367,808.04776,1300000.0,0.016967,0.1018,0.00045032
3d5.(4G).4s.4p.(3P*),v 4F*,2.5,6.0,11.447449,3d6.(3F2).4d,4P,2.5,6.0,12.985988,1.538539,805.85687,1200000.0,0.011683,0.070098,0.00031007
3d5.(4G).4s.4p.(3P*),v 4F*,2.5,6.0,11.447449,3d6.(3F2).4d,4P,1.5,4.0,12.998502,1.551053,799.35511,2000000.0,0.012773,0.076635,0.00033898
3d5.(4G).4s.4p.(3P*),v 4F*,2.5,6.0,11.447449,3d6.(5D).5d,6P,1.5,4.0,13.001365,1.553916,797.88245,110000.0,0.0006999,0.0041994,1.8575e-05
3d5.(4G).4s.4p.(3P*),v 4F*,2.5,6.0,11.447449,3d6.(5D).5d,4D,3.5,8.0,13.002624,1.555174,797.23667,1300000.0,0.016516,0.099099,0.00043835
3d5.(4G).4s.4p.(3P*),v 4F*,2.5,6.0,11.447449,3d6.(5D).5d,6G,3.5,8.0,13.026478,1.579028,785.19306,35000.0,0.00043134,0.002588,1.1448e-05
3d5.(4G).4s.4p.(3P*),v 4F*,2.5,6.0,11.447449,3d6.(3P2).4d,2P,1.5,4.0,13.057693,1.610244,769.97145,200000.0,0.0011851,0.0071105,3.1452e-05
3d5.(4G).4s.4p.(3P*),v 4F*,2.5,6.0,11.447449,3d6.(5D).5d,4G,3.5,8.0,13.074079,1.626629,762.21536,1700000.0,0.019743,0.11846,0.00052397
3d5.(4G).4s.4p.(3P*),v 4F*,1.5,4.0,11.45101,3d6.(5D).6s,4D,2.5,6.0,12.745867,1.294857,957.51252,380000.0,0.0078347,0.031339,0.00020793
3d5.(4G).4s.4p.(3P*),v 4F*,1.5,4.0,11.45101,3d6.(5D).6s,4D,0.5,2.0,12.80332,1.35231,916.83287,2200000.0,0.013862,0.055449,0.0003679
3d5.(4G).4s.4p.(3P*),v 4F*,1.5,4.0,11.45101,3d6.(3F2).4d,4P,0.5,2.0,13.029036,1.578026,785.69163,1600000.0,0.0074038,0.029615,0.0001965
3d5.(4G).4s.4p.(3P*),v 4F*,1.5,4.0,11.45101,3d6.(5D).5d,4D,2.5,6.0,13.034183,1.583173,783.1376,750000.0,0.010344,0.041376,0.00027453
3d5.(4G).4s.4p.(3P*),v 4F*,1.5,4.0,11.45101,3d6.(5D).5d,6G,2.5,6.0,13.043858,1.592848,778.38075,70000.0,0.00095375,0.003815,2.5312e-05
3d5.(4G).4s.4p.(3P*),v 4F*,1.5,4.0,11.45101,3d6.(5D).5d,4D,1.5,4.0,13.046893,1.595883,776.9002,230000.0,0.0020812,0.0083249,5.5236e-05
3d5.(4G).4s.4p.(3P*),v 4F*,1.5,4.0,11.45101,3d6.(5D).5d,4G,2.5,6.0,13.096546,1.645536,753.45806,3200000.0,0.040853,0.16341,0.0010842
3d5.(4G).4s.4p.(3P*),v 4F*,4.5,10.0,11.459483,3d6.(3F2).5s,f 4F,4.5,10.0,12.345509,0.886025,1399.33007,3200.0,9.394e-05,0.0009394,2.4932e-06
3d5.(4G).4s.4p.(3P*),v 4F*,4.5,10.0,11.459483,3d6.(5D).5d,6G,5.5,12.0,12.967916,1.508432,821.94086,130000.0,0.00158,0.0158,4.1934e-05
3d5.(4G).4s.4p.(3P*),v 4F*,4.5,10.0,11.459483,3d6.(5D).5d,4G,5.5,12.0,13.001409,1.541925,804.08698,300000.0,0.0034895,0.034895,9.2612e-05
3d5.(4D).4s.4p.(3P*),6F*,5.5,12.0,11.46012,3d6.(5D).6s,6D,4.5,10.0,12.609009,1.14889,1079.16528,90000.0,0.0013095,0.015714,3.4753e-05
3d5.(4D).4s.4p.(3P*),6F*,5.5,12.0,11.46012,3d6.(5D).5d,6F,5.5,12.0,12.886496,1.426377,869.22479,170000.0,0.0019256,0.023108,5.1106e-05
3d5.(4D).4s.4p.(3P*),6F*,5.5,12.0,11.46012,3d6.(5D).5d,6G,6.5,14.0,12.939834,1.479715,837.89259,290000.0,0.0035611,0.042733,9.4511e-05
3d6.(3F1).4p,4D*,0.5,2.0,11.462756,3d6.(5D).6s,4D,1.5,4.0,12.785055,1.322298,937.6416,410000.0,0.010808,0.021616,0.00028685
3d6.(3F1).4p,4D*,1.5,4.0,11.486837,3d6.(5D).6s,6D,2.5,6.0,12.687816,1.200979,1032.35942,12000.0,0.0002876,0.0011504,7.633e-06
3d6.(3F1).4p,4D*,1.5,4.0,11.486837,3d6.(5D).5d,4D,1.5,4.0,13.046893,1.560056,794.74197,690000.0,0.0065337,0.026135,0.00017341
3d6.(3P1).4p,u 2D*,2.5,6.0,11.492765,3d6.(3F2).4d,4P,2.5,6.0,12.985988,1.493223,830.31245,23000.0,0.00023772,0.0014263,6.3092e-06
3d6.(3F1).4p,4D*,2.5,6.0,11.518046,3d6.(3H).4d,2F,2.5,6.0,12.920346,1.4023,884.14889,19000.0,0.00022267,0.001336,5.9097e-06
3d5.(4D).4s.4p.(3P*),6D*,2.5,6.0,11.633556,3d6.(5D).6s,6D,2.5,6.0,12.687816,1.05426,1176.03079,32000.0,0.00066351,0.0039811,1.761e-05
3d5.(4D).4s.4p.(3P*),6D*,2.5,6.0,11.633556,3d6.(5D).6s,6D,1.5,4.0,12.713797,1.080241,1147.74614,64000.0,0.00084264,0.0050558,2.2364e-05
3d5.(4D).4s.4p.(3P*),6D*,2.5,6.0,11.633556,3d6.(5D).5d,6D,3.5,8.0,12.981817,1.34826,919.58671,90000.0,0.0015213,0.009128,4.0376e-05
3d5.(4D).4s.4p.(3P*),6D*,2.5,6.0,11.633556,3d6.(5D).5d,4D,3.5,8.0,13.002624,1.369067,905.61082,120000.0,0.0019673,0.011804,5.2211e-05
3d5.(4D).4s.4p.(3P*),6D*,3.5,8.0,11.652959,3d6.(5D).6s,6D,3.5,8.0,12.650227,0.997268,1243.23814,29000.0,0.000672,0.005376,1.7835e-05
3d5.(4D).4s.4p.(3P*),6D*,3.5,8.0,11.652959,3d6.(5D).6s,6D,2.5,6.0,12.687816,1.034857,1198.08026,36000.0,0.00058103,0.0046482,1.542e-05
3d5.(4D).4s.4p.(3P*),6D*,3.5,8.0,11.652959,3d6.(5D).5d,6F,3.5,8.0,12.941587,1.288628,962.14097,80000.0,0.0011103,0.0088821,2.9466e-05
3d5.(4D).4s.4p.(3P*),6D*,3.5,8.0,11.652959,3d6.(5D).5d,6D,4.5,10.0,12.945397,1.292438,959.30466,150000.0,0.0025869,0.020695,6.8655e-05
3d5.(4D).4s.4p.(3P*),6D*,0.5,2.0,11.658404,3d6.(5D).6s,6D,1.5,4.0,12.713797,1.055393,1174.76795,20000.0,0.00082761,0.0016552,2.1965e-05
3d5.(4D).4s.4p.(3P*),6D*,0.5,2.0,11.658404,3d6.(5D).5d,6D,0.5,2.0,12.98823,1.329826,932.33371,50000.0,0.00065159,0.0013032,1.7293e-05
3d5.(4D).4s.4p.(3P*),6D*,0.5,2.0,11.658404,3d6.(5D).5d,6P,1.5,4.0,13.001365,1.342961,923.21525,80000.0,0.0020445,0.004089,5.4261e-05
3d5.(4D).4s.4p.(3P*),6D*,4.5,10.0,11.661672,3d6.(5D).6s,6D,4.5,10.0,12.609009,0.947337,1308.76481,37000.0,0.00095013,0.0095013,2.5217e-05
3d5.(4D).4s.4p.(3P*),6D*,4.5,10.0,11.661672,3d6.(5D).6s,6D,3.5,8.0,12.650227,0.988556,1254.19563,14000.0,0.00026412,0.0026412,7.0099e-06
3d5.(4D).4s.4p.(3P*),6D*,4.5,10.0,11.661672,3d6.(5D).5d,6F,5.5,12.0,12.886496,1.224824,1012.26101,120000.0,0.0022121,0.022121,5.8709e-05
3d5.(4D).4s.4p.(3P*),6D*,4.5,10.0,11.661672,3d6.(5D).5d,6F,4.5,10.0,12.888232,1.22656,1010.82848,74000.0,0.0011336,0.011336,3.0085e-05
3d5.(4D).4s.4p.(3P*),6D*,4.5,10.0,11.661672,3d6.(5D).5d,6P,3.5,8.0,12.894457,1.232785,1005.72426,37000.0,0.00044886,0.0044886,1.1913e-05
3d5.(4D).4s.4p.(3P*),6D*,4.5,10.0,11.661672,3d5.4s.(7S).4d,6D,4.5,10.0,13.204445,1.542773,803.64522,16000.0,0.00015492,0.0015492,4.1116e-06
3d5.(4D).4s.4p.(3P*),6P*,2.5,6.0,11.739454,3d6.(5D).6s,6D,3.5,8.0,12.650227,0.910773,1361.30691,12000.0,0.00044452,0.0026671,1.1798e-05
3d5.(4D).4s.4p.(3P*),6P*,2.5,6.0,11.739454,3d6.(5D).6s,6D,1.5,4.0,12.713797,0.974343,1272.49027,9000.0,0.00014565,0.00087392,3.8656e-06
3d5.(4D).4s.4p.(3P*),6P*,2.5,6.0,11.739454,3d6.(5D).5d,6F,3.5,8.0,12.941587,1.202133,1031.36822,30000.0,0.00063789,0.0038274,1.693e-05
3d6.(3F1).4p,2D*,2.5,6.0,11.741355,3d6.(3F2).5s,e 2F,3.5,8.0,12.459423,0.718068,1726.63541,3900.0,0.00023242,0.0013945,6.1683e-06
3d5.(4P).4s.4p.(3P*),4P*,1.5,4.0,11.746156,3d6.(5D).6s,6D,2.5,6.0,12.687816,0.94166,1316.65498,9000.0,0.00035086,0.0014035,9.3119e-06
3d5.(4D).4s.4p.(3P*),6P*,3.5,8.0,11.749142,3d6.(5D).6s,6D,4.5,10.0,12.609009,0.859868,1441.89838,6000.0,0.00023377,0.0018702,6.2043e-06
3d5.(4D).4s.4p.(3P*),6P*,3.5,8.0,11.749142,3d6.(5D).5d,6D,4.5,10.0,12.945397,1.196256,1036.43559,9000.0,0.00018117,0.0014494,4.8084e-06
3d6.(3F1).4p,2F*,2.5,6.0,11.784224,3d6.(3G).4d,2D,1.5,4.0,13.695452,1.911228,648.71478,420000.0,0.0017665,0.010599,4.6884e-05
3d5.(4G).4s.4p.(3P*),2H*,5.5,12.0,11.910177,3d6.(3H).4d,2I,6.5,14.0,12.971513,1.061336,1168.19,23000.0,0.00054899,0.0065878,1.457e-05
3d5.(4G).4s.4p.(3P*),2H*,4.5,10.0,11.932167,3d6.(3H).4d,2I,5.5,12.0,12.989261,1.057095,1172.87704,26000.0,0.00064346,0.0064346,1.7077e-05
3d6.(3P2).5s,4P,2.5,6.0,12.089379,3d5.(2D3).4s.4p.(3P*),4P*,2.5,6.0,13.21576,1.126382,1100.73007,700000.0,0.012715,0.076291,0.00033746
3d6.(3P2).5s,4P,2.5,6.0,12.089379,3d5.(2D3).4s.4p.(3P*),4D*,2.5,6.0,13.268532,1.179154,1051.46748,130000.0,0.0021547,0.012928,5.7187e-05
3d6.(3P2).5s,4P,2.5,6.0,12.089379,3d6.(5D).6p,6F*,3.5,8.0,13.332002,1.242624,997.76158,120000.0,0.002388,0.014328,6.3377e-05
3d6.(3P2).5s,4P,2.5,6.0,12.089379,3d5.(4F).4s.4p.(3P*),6D*,3.5,8.0,13.376267,1.286888,963.4418,1400000.0,0.025976,0.15586,0.00068941
3d6.(3P2).5s,4P,2.5,6.0,12.089379,3d5.(4F).4s.4p.(3P*),6D*,2.5,6.0,13.406479,1.3171,941.34233,800000.0,0.010628,0.063767,0.00028206
3d6.(3P2).5s,4P,2.5,6.0,12.089379,3d5.(2F1).4s.4p.(3P*),4D*,3.5,8.0,13.419972,1.330594,931.79621,500000.0,0.0086778,0.052067,0.00023031
3d6.(3P2).5s,4P,2.5,6.0,12.089379,3d6.(3P2).5p,4S*,1.5,4.0,13.436445,1.347067,920.4014,27000000.0,0.22861,1.3716,0.0060672
3d6.(3P2).5s,4P,2.5,6.0,12.089379,3d5.(2F1).4s.4p.(3P*),4F*,3.5,8.0,13.454597,1.365218,908.16384,2800000.0,0.046162,0.27697,0.0012251
3d6.(3P2).5s,4P,2.5,6.0,12.089379,3d5.(2F1).4s.4p.(3P*),4F*,2.5,6.0,13.45718,1.367801,906.4491,250000.0,0.0030795,0.018477,8.1731e-05
3d6.(3P2).5s,4P,2.5,6.0,12.089379,3d5.(4G).4s.4p.(1P*),4G*,2.5,6.0,13.468301,1.378923,899.1382,42000.0,0.00050905,0.0030543,1.351e-05
3d6.(3P2).5s,4P,2.5,6.0,12.089379,3d6.(3P2).5p,4P*,2.5,6.0,13.490414,1.401035,884.94694,33000000.0,0.38744,2.3247,0.010283
3d6.(3P2).5s,4P,2.5,6.0,12.089379,3d6.(3P2).5p,2D*,2.5,6.0,13.505923,1.416545,875.25806,500000.0,0.0057425,0.034455,0.00015241
3d6.(3P2).5s,4P,2.5,6.0,12.089379,3d6.(3P2).5p,4P*,1.5,4.0,13.570862,1.481483,836.89242,600000.0,0.0042001,0.025201,0.00011147
3d6.(3P2).5s,4P,2.5,6.0,12.089379,3d5.(2G2).4s.4p.(3P*),4H*,3.5,8.0,13.585152,1.495773,828.89704,110000.0,0.0015107,0.0090645,4.0095e-05
3d6.(3P2).5s,4P,2.5,6.0,12.089379,3d6.(3F1).5p,4D*,2.5,6.0,13.674309,1.58493,782.26909,35000.0,0.0003211,0.0019266,8.522e-06
3d6.(3P2).5s,4P,2.5,6.0,12.089379,3d6.(3P2).5p,4D*,2.5,6.0,13.701069,1.611691,769.2803,2400000.0,0.021293,0.12776,0.00056512
3d6.(3P2).5s,4P,2.5,6.0,12.089379,3d6.(3F2).5p,4F*,2.5,6.0,13.708754,1.619375,765.62975,90000.0,0.00079093,0.0047456,2.0991e-05
3d6.(3P2).5s,4P,1.5,4.0,12.164657,3d5.(2D3).4s.4p.(3P*),4D*,0.5,2.0,13.322667,1.158009,1070.66669,44000.0,0.00037809,0.0015123,1.0034e-05
3d6.(3P2).5s,4P,1.5,4.0,12.164657,3d5.(4F).4s.4p.(3P*),6D*,2.5,6.0,13.406479,1.241821,998.40604,370000.0,0.0082941,0.033176,0.00022012
3d6.(3P2).5s,4P,1.5,4.0,12.164657,3d5.(4F).4s.4p.(3P*),6D*,1.5,4.0,13.414085,1.249428,992.3276,240000.0,0.0035431,0.014172,9.4033e-05
3d6.(3P2).5s,4P,1.5,4.0,12.164657,3d6.(3P2).5p,4S*,1.5,4.0,13.436445,1.271788,974.88102,800000.0,0.011399,0.045595,0.00030252
3d6.(3P2).5s,4P,1.5,4.0,12.164657,3d5.(2F1).4s.4p.(3P*),4F*,2.5,6.0,13.45718,1.292522,959.24216,1000000.0,0.020692,0.082769,0.00054917
3d6.(3P2).5s,4P,1.5,4.0,12.164657,3d5.(4G).4s.4p.(1P*),4G*,2.5,6.0,13.468301,1.303644,951.05871,26000.0,0.00052886,0.0021154,1.4036e-05
3d6.(3P2).5s,4P,1.5,4.0,12.164657,3d5.(2F1).4s.4p.(3P*),4F*,1.5,4.0,13.486863,1.322206,937.70698,220000.0,0.0029001,0.0116,7.6969e-05
3d6.(3P2).5s,4P,1.5,4.0,12.164657,3d6.(3P2).5p,4P*,2.5,6.0,13.490414,1.325757,935.19564,2100000.0,0.041302,0.16521,0.0010962
3d6.(3P2).5s,4P,1.5,4.0,12.164657,3d6.(3P2).5p,2D*,2.5,6.0,13.505923,1.341266,924.38195,20000000.0,0.38431,1.5372,0.0102
3d6.(3P2).5s,4P,1.5,4.0,12.164657,3d5.(2F1).4s.4p.(3P*),4D*,1.5,4.0,13.514727,1.350069,918.35426,2000000.0,0.025288,0.10115,0.00067114
3d6.(3P2).5s,4P,1.5,4.0,12.164657,3d6.(3P2).5p,4P*,1.5,4.0,13.570862,1.406204,881.69394,30000000.0,0.34964,1.3985,0.0092793
3d6.(3P2).5s,4P,1.5,4.0,12.164657,3d6.(3P2).5p,4P*,0.5,2.0,13.579869,1.415211,876.08247,31000000.0,0.17835,0.71341,0.0047335
3d6.(3P2).5s,4P,1.5,4.0,12.164657,3d6.(3F1).5p,4D*,2.5,6.0,13.674309,1.509652,821.27684,44000.0,0.00066739,0.0026696,1.7713e-05
3d6.(3P2).5s,4P,1.5,4.0,12.164657,3d6.(3P2).5p,4D*,2.5,6.0,13.701069,1.536412,806.97223,7500000.0,0.10983,0.43933,0.0029149
3d6.(3P2).5s,4P,1.5,4.0,12.164657,3d6.(3F2).5p,4F*,2.5,6.0,13.708754,1.544097,802.95613,150000.0,0.0021748,0.0086993,5.772e-05
3d6.(3H).5s,e 4H,6.5,14.0,12.166586,3d5.(2I).4s.4p.(3P*),4H*,6.5,14.0,12.97608,0.809494,1531.62591,72000.0,0.0025322,0.035451,6.7205e-05
3d6.(3H).5s,e 4H,6.5,14.0,12.166586,3d5.(2F1).4s.4p.(3P*),4G*,5.5,12.0,13.355687,1.189101,1042.67216,1800000.0,0.025147,0.35205,0.00066739
3d6.(3H).5s,e 4H,6.5,14.0,12.166586,3d6.(3H).5p,4G*,5.5,12.0,13.450287,1.2837,965.83453,13000000.0,0.15583,2.1817,0.0041358
3d6.(3H).5s,e 4H,6.5,14.0,12.166586,3d6.(3H).5p,4H*,6.5,14.0,13.480698,1.314112,943.48295,20000000.0,0.26691,3.7367,0.0070837
3d6.(3H).5s,e 4H,6.5,14.0,12.166586,3d5.(4G).4s.(5G).4p,4H*,5.5,12.0,13.490697,1.324111,936.35818,430000.0,0.0048447,0.067826,0.00012858
3d6.(3H).5s,e 4H,6.5,14.0,12.166586,3d6.(3H).5p,4I*,7.5,16.0,13.587632,1.421046,872.48565,42000000.0,0.54779,7.6691,0.014538
3d6.(3H).5s,e 4H,6.5,14.0,12.166586,3d6.(3H).5p,4I*,6.5,14.0,13.591111,1.424525,870.35479,900000.0,0.010221,0.14309,0.00027127
3d6.(3H).5s,e 4H,6.5,14.0,12.166586,3d6.(3H).5p,4I*,5.5,12.0,13.608783,1.442197,859.68981,24000.0,0.00022793,0.0031911,6.0493e-06
3d6.(3H).5s,e 4H,6.5,14.0,12.166586,3d6.(3H).5p,2I*,5.5,12.0,13.668887,1.5023,825.29565,100000.0,0.00087525,0.012253,2.3229e-05
3d6.(3H).5s,e 4H,6.5,14.0,12.166586,3d5.(2G2).4s.4p.(3P*),4H*,6.5,14.0,13.681458,1.514872,818.44686,7000000.0,0.070297,0.98416,0.0018657
3d6.(3H).5s,e 4H,6.5,14.0,12.166586,3d6.(3H).5p,2H*,5.5,12.0,13.721198,1.554612,797.52503,190000.0,0.0015529,0.021741,4.1215e-05
3d6.(1G1).4p,2H*,5.5,12.0,12.185025,3d6.(3G).5s,e 2G,4.5,10.0,12.845869,0.660844,1876.14841,3300.0,0.00014512,0.0017414,3.8515e-06
3d6.(3H).5s,e 4H,5.5,12.0,12.187015,3d5.(2I).4s.4p.(3P*),4I*,6.5,14.0,12.785375,0.59836,2072.06869,9000.0,0.00067586,0.0081103,1.7937e-05
3d6.(3H).5s,e 4H,5.5,12.0,12.187015,3d5.(2F1).4s.4p.(3P*),4G*,4.5,10.0,13.349892,1.162876,1066.18552,870000.0,0.012356,0.14827,0.00032792
3d6.(3H).5s,e 4H,5.5,12.0,12.187015,3d5.(2F1).4s.4p.(3P*),4F*,4.5,10.0,13.417272,1.230256,1007.79153,500000.0,0.0063444,0.076133,0.00016838
3d6.(3H).5s,e 4H,5.5,12.0,12.187015,3d6.(3H).5p,4G*,4.5,10.0,13.461096,1.27408,973.12703,11000000.0,0.13014,1.5617,0.0034539
3d6.(3H).5s,e 4H,5.5,12.0,12.187015,3d5.(4G).4s.(5G).4p,4H*,5.5,12.0,13.490697,1.303682,951.03128,17000000.0,0.23051,2.7662,0.0061179
3d6.(3H).5s,e 4H,5.5,12.0,12.187015,3d6.(3H).5p,4H*,4.5,10.0,13.49803,1.311015,945.71173,600000.0,0.0067042,0.08045,0.00017793
3d6.(3H).5s,e 4H,5.5,12.0,12.187015,3d6.(3H).5p,4I*,6.5,14.0,13.591111,1.404096,883.01821,24000000.0,0.32731,3.9277,0.0086868
3d6.(3H).5s,e 4H,5.5,12.0,12.187015,3d6.(3H).5p,4I*,5.5,12.0,13.608783,1.421768,872.04259,2200000.0,0.025082,0.30098,0.00066567
3d6.(3H).5s,e 4H,5.5,12.0,12.187015,3d5.(2H).4s.4p.(3P*),4G*,4.5,10.0,13.619663,1.432647,865.42037,350000.0,0.0032749,0.039299,8.6916e-05
3d6.(3H).5s,e 4H,5.5,12.0,12.187015,3d6.(3H).5p,2I*,6.5,14.0,13.628793,1.441778,859.93971,16000000.0,0.20695,2.4834,0.0054924
3d6.(3H).5s,e 4H,5.5,12.0,12.187015,3d5.(2H).4s.4p.(3P*),4H*,5.5,12.0,13.635861,1.448845,855.74485,3700000.0,0.040621,0.48745,0.0010781
3d6.(3H).5s,e 4H,5.5,12.0,12.187015,3d6.(3F2).5p,4F*,4.5,10.0,13.658909,1.471894,842.34467,18000.0,0.00015956,0.0019147,4.2348e-06
3d6.(3H).5s,e 4H,5.5,12.0,12.187015,3d6.(3H).5p,2H*,5.5,12.0,13.721198,1.534183,808.14489,1800000.0,0.017624,0.21149,0.00046775
3d6.(3H).5s,e 4H,4.5,10.0,12.205675,3d6.(5D).6p,6F*,3.5,8.0,13.332002,1.126327,1100.78343,370000.0,0.0053772,0.053772,0.00014271
3d6.(3H).5s,e 4H,4.5,10.0,12.205675,3d5.(4F).4s.4p.(3P*),6D*,3.5,8.0,13.376267,1.170592,1059.15836,90000.0,0.0012109,0.012109,3.2138e-05
3d6.(3H).5s,e 4H,4.5,10.0,12.205675,3d5.(2F1).4s.4p.(3P*),4D*,3.5,8.0,13.419972,1.214297,1021.03693,310000.0,0.0038761,0.038761,0.00010287
3d6.(3H).5s,e 4H,4.5,10.0,12.205675,3d5.(2F1).4s.4p.(3P*),4F*,3.5,8.0,13.454597,1.248922,992.72988,1300000.0,0.015366,0.15366,0.00040781
3d6.(3H).5s,e 4H,4.5,10.0,12.205675,3d6.(3H).5p,4G*,4.5,10.0,13.461096,1.255421,987.59092,130000.0,0.0019009,0.019009,5.045e-05
3d6.(3H).5s,e 4H,4.5,10.0,12.205675,3d5.(4G).4s.4p.(1P*),4G*,3.5,8.0,13.468534,1.262859,981.77412,8000000.0,0.092483,0.92483,0.0024545
3d6.(3H).5s,e 4H,4.5,10.0,12.205675,3d5.(4G).4s.(5G).4p,4H*,5.5,12.0,13.490697,1.285022,964.84113,140000.0,0.0023447,0.023447,6.2227e-05
3d6.(3H).5s,e 4H,4.5,10.0,12.205675,3d6.(3H).5p,4H*,4.5,10.0,13.49803,1.292355,959.36642,15000000.0,0.20698,2.0698,0.0054931
3d6.(3H).5s,e 4H,4.5,10.0,12.205675,3d6.(3H).5p,4I*,5.5,12.0,13.608783,1.403108,883.63974,31000000.0,0.43546,4.3546,0.011557
3d6.(3H).5s,e 4H,4.5,10.0,12.205675,3d5.(2G2).4s.4p.(3P*),4H*,5.5,12.0,13.612771,1.407096,881.13519,90000.0,0.0012571,0.012571,3.3363e-05
3d6.(3H).5s,e 4H,4.5,10.0,12.205675,3d5.(2H).4s.4p.(3P*),4G*,4.5,10.0,13.619663,1.413987,876.8409,1900000.0,0.021901,0.21901,0.00058124
3d6.(3H).5s,e 4H,4.5,10.0,12.205675,3d6.(3H).5p,4G*,3.5,8.0,13.635254,1.429579,867.27794,12000000.0,0.10825,1.0825,0.0028731
3d6.(3H).5s,e 4H,4.5,10.0,12.205675,3d5.(2H).4s.4p.(3P*),4H*,5.5,12.0,13.635861,1.430186,866.90979,3400000.0,0.045969,0.45969,0.00122
3d6.(3H).5s,e 4H,4.5,10.0,12.205675,3d6.(3H).5p,2I*,5.5,12.0,13.668887,1.463211,847.34297,3500000.0,0.045209,0.45209,0.0011999
3d6.(3H).5s,e 4H,3.5,8.0,12.220987,3d5.(2F1).4s.4p.(3P*),4F*,2.5,6.0,13.45718,1.236193,1002.95203,370000.0,0.0041849,0.033479,0.00011107
3d6.(3H).5s,e 4H,3.5,8.0,12.220987,3d5.(4G).4s.4p.(1P*),4G*,2.5,6.0,13.468301,1.247314,994.00928,9000000.0,0.099987,0.7999,0.0026537
3d6.(3H).5s,e 4H,3.5,8.0,12.220987,3d5.(4G).4s.4p.(1P*),4G*,3.5,8.0,13.468534,1.247547,993.82387,140000.0,0.002073,0.016584,5.5018e-05
3d6.(3H).5s,e 4H,3.5,8.0,12.220987,3d6.(3H).5p,4H*,4.5,10.0,13.49803,1.277043,970.86918,200000.0,0.0035328,0.028263,9.3761e-05
3d6.(3H).5s,e 4H,3.5,8.0,12.220987,3d5.(4G).4s.4p.(1P*),4H*,3.5,8.0,13.502701,1.281714,967.33093,14000000.0,0.1964,1.5712,0.0052124
3d6.(3H).5s,e 4H,3.5,8.0,12.220987,3d5.(2G2).4s.4p.(3P*),4H*,3.5,8.0,13.585152,1.364165,908.86518,3200000.0,0.039629,0.31703,0.0010517
3d6.(3H).5s,e 4H,3.5,8.0,12.220987,3d5.(2H).4s.4p.(3P*),4G*,4.5,10.0,13.619663,1.398676,886.43993,11000000.0,0.16198,1.2958,0.0042989
3d6.(3H).5s,e 4H,3.5,8.0,12.220987,3d6.(3H).5p,4I*,4.5,10.0,13.627375,1.406388,881.57915,26000000.0,0.37867,3.0294,0.01005
3d6.(3H).5s,e 4H,3.5,8.0,12.220987,3d6.(3H).5p,4G*,3.5,8.0,13.635254,1.414267,876.66761,1500000.0,0.017283,0.13826,0.00045869
3d6.(3H).5s,e 4H,3.5,8.0,12.220987,3d6.(3H).5p,4G*,2.5,6.0,13.640359,1.419372,873.51441,15000000.0,0.12869,1.0295,0.0034155
3d6.(3P2).5s,4P,0.5,2.0,12.281514,3d5.(4F).4s.4p.(3P*),6D*,1.5,4.0,13.414085,1.132571,1094.71409,60000.0,0.002156,0.0043119,5.7219e-05
3d6.(3P2).5s,4P,0.5,2.0,12.281514,3d5.(2F1).4s.4p.(3P*),4F*,1.5,4.0,13.486863,1.20535,1028.61608,320000.0,0.010152,0.020304,0.00026943
3d6.(3P2).5s,4P,0.5,2.0,12.281514,3d5.(2F1).4s.4p.(3P*),4D*,0.5,2.0,13.488626,1.207113,1027.11378,1300000.0,0.020561,0.041122,0.00054568
3d6.(3P2).5s,4P,0.5,2.0,12.281514,3d5.(2F1).4s.4p.(3P*),4D*,1.5,4.0,13.514727,1.233213,1005.37554,500000.0,0.015154,0.030307,0.00040218
3d6.(3P2).5s,4P,0.5,2.0,12.281514,3d6.(3P2).5p,4P*,1.5,4.0,13.570862,1.289348,961.60391,2400000.0,0.066542,0.13308,0.001766
3d6.(3P2).5s,4P,0.5,2.0,12.281514,3d6.(3P2).5p,4P*,0.5,2.0,13.579869,1.298355,954.93303,900000.0,0.012304,0.024608,0.00032655
3d6.(3P2).5s,2P,1.5,4.0,12.282924,3d6.(3P2).5p,4S*,1.5,4.0,13.436445,1.153521,1074.83261,370000.0,0.0064083,0.025633,0.00017008
3d6.(3P2).5s,2P,1.5,4.0,12.282924,3d6.(3P2).5p,4P*,2.5,6.0,13.490414,1.20749,1026.79293,240000.0,0.0056902,0.022761,0.00015102
3d6.(3P2).5s,2P,1.5,4.0,12.282924,3d6.(3P2).5p,2D*,2.5,6.0,13.505923,1.222999,1013.77195,1600000.0,0.036979,0.14791,0.00098141
3d6.(3P2).5s,2P,1.5,4.0,12.282924,3d6.(3P2).5p,4P*,0.5,2.0,13.579869,1.296945,955.9715,3300000.0,0.022607,0.090426,0.00059998
3d6.(3P2).5s,2P,1.5,4.0,12.282924,3d6.(3P2).5p,4D*,2.5,6.0,13.701069,1.418145,874.27013,28000000.0,0.48128,1.9251,0.012773
3d6.(3F2).5s,f 4F,4.5,10.0,12.345509,3d5.(4F).4s.4p.(3P*),6F*,3.5,8.0,13.201598,0.856089,1448.26295,6000.0,0.00015094,0.0015094,4.0059e-06
3d6.(3F2).5s,f 4F,4.5,10.0,12.345509,3d5.(2I).4s.4p.(3P*),2H*,4.5,10.0,13.267138,0.921629,1345.27218,3900.0,0.00010581,0.0010581,2.8083e-06
3d6.(3F2).5s,f 4F,4.5,10.0,12.345509,3d5.(2F1).4s.4p.(3P*),4G*,5.5,12.0,13.355687,1.010178,1227.35002,11000.0,0.00029811,0.0029811,7.9117e-06
3d6.(3F2).5s,f 4F,4.5,10.0,12.345509,3d5.(2F1).4s.4p.(3P*),4F*,4.5,10.0,13.417272,1.071763,1156.82466,60000.0,0.0012038,0.012038,3.1948e-05
3d6.(3F2).5s,f 4F,4.5,10.0,12.345509,3d5.(2I).4s.4p.(3P*),2I*,5.5,12.0,13.547993,1.202484,1031.06726,380000.0,0.0072677,0.072677,0.00019289
3d6.(3F2).5s,f 4F,4.5,10.0,12.345509,3d5.(2G2).4s.4p.(3P*),4H*,3.5,8.0,13.585152,1.239643,1000.16052,90000.0,0.0010798,0.010798,2.8657e-05
3d6.(3F2).5s,f 4F,4.5,10.0,12.345509,3d6.(3H).5p,4I*,5.5,12.0,13.608783,1.263274,981.45105,370000.0,0.0064118,0.064118,0.00017017
3d6.(3F2).5s,f 4F,4.5,10.0,12.345509,3d5.(2H).4s.4p.(3P*),4G*,4.5,10.0,13.619663,1.274154,973.0709,270000.0,0.0038328,0.038328,0.00010172
3d6.(3F2).5s,f 4F,4.5,10.0,12.345509,3d6.(3H).5p,4I*,4.5,10.0,13.627375,1.281866,967.21676,36000.0,0.00050491,0.0050491,1.34e-05
3d6.(3F2).5s,f 4F,4.5,10.0,12.345509,3d5.(2H).4s.4p.(3P*),4H*,5.5,12.0,13.635861,1.290352,960.85556,900000.0,0.014949,0.14949,0.00039673
3d6.(3F2).5s,f 4F,4.5,10.0,12.345509,3d6.(3F2).5p,4F*,3.5,8.0,13.65622,1.310711,945.93086,1600000.0,0.017171,0.17171,0.00045571
3d6.(3F2).5s,f 4F,4.5,10.0,12.345509,3d6.(3F2).5p,4F*,4.5,10.0,13.658909,1.313401,943.99377,11000000.0,0.14696,1.4696,0.0039002
3d6.(3F2).5s,f 4F,4.5,10.0,12.345509,3d6.(3H).5p,2I*,5.5,12.0,13.668887,1.323378,936.87675,3900000.0,0.061584,0.61584,0.0016344
3d6.(3F2).5s,f 4F,4.5,10.0,12.345509,3d6.(3H).5p,2G*,3.5,8.0,13.689575,1.344066,922.4559,17000000.0,0.1735,1.735,0.0046046
3d6.(3F2).5s,f 4F,4.5,10.0,12.345509,3d6.(3F2).5p,4D*,3.5,8.0,13.696423,1.350914,917.78003,7000000.0,0.070717,0.70717,0.0018768
3d6.(3F2).5s,f 4F,4.5,10.0,12.345509,3d6.(3H).5p,2H*,5.5,12.0,13.721198,1.37569,901.25132,16000.0,0.0002338,0.002338,6.2052e-06
3d6.(3F2).5s,f 4F,3.5,8.0,12.359781,3d5.(2F1).4s.4p.(3P*),4G*,4.5,10.0,13.349892,0.990111,1252.22511,10000.0,0.00029386,0.0023508,7.7989e-06
3d6.(3F2).5s,f 4F,3.5,8.0,12.359781,3d5.(2F1).4s.4p.(3P*),4D*,3.5,8.0,13.419972,1.060191,1169.4512,36000.0,0.00073812,0.005905,1.959e-05
3d6.(3F2).5s,f 4F,3.5,8.0,12.359781,3d5.(2F1).4s.4p.(3P*),4F*,3.5,8.0,13.454597,1.094816,1132.46587,90000.0,0.0017304,0.013843,4.5925e-05
3d6.(3F2).5s,f 4F,3.5,8.0,12.359781,3d5.(2H).4s.4p.(3P*),4G*,4.5,10.0,13.619663,1.259882,984.09389,140000.0,0.0025408,0.020326,6.7433e-05
3d6.(3F2).5s,f 4F,3.5,8.0,12.359781,3d6.(3H).5p,4I*,4.5,10.0,13.627375,1.267594,978.10677,380000.0,0.0068128,0.054502,0.00018081
3d6.(3F2).5s,f 4F,3.5,8.0,12.359781,3d6.(3H).5p,4G*,3.5,8.0,13.635254,1.275473,972.06447,900000.0,0.012749,0.102,0.00033837
3d6.(3F2).5s,f 4F,3.5,8.0,12.359781,3d6.(3F2).5p,4F*,3.5,8.0,13.65622,1.296439,956.34425,1700000.0,0.02331,0.18648,0.00061864
3d6.(3F2).5s,f 4F,3.5,8.0,12.359781,3d6.(3F2).5p,4F*,4.5,10.0,13.658909,1.299129,954.36432,800000.0,0.013655,0.10924,0.0003624
3d6.(3F2).5s,f 4F,3.5,8.0,12.359781,3d6.(3F1).5p,4D*,2.5,6.0,13.674309,1.314528,943.18409,16000000.0,0.16004,1.2803,0.0042475
3d6.(3F2).5s,f 4F,3.5,8.0,12.359781,3d6.(3H).5p,2G*,3.5,8.0,13.689575,1.329794,932.35615,3000000.0,0.039097,0.31278,0.0010376
3d6.(3F2).5s,f 4F,3.5,8.0,12.359781,3d6.(3F2).5p,4D*,3.5,8.0,13.696423,1.336642,927.57963,11000000.0,0.14189,1.1351,0.0037658
3d6.(3F2).5s,f 4F,3.5,8.0,12.359781,3d6.(3P2).5p,4D*,2.5,6.0,13.701069,1.341289,924.3663,800000.0,0.007686,0.061488,0.00020399
3d6.(3F2).5s,f 4F,3.5,8.0,12.359781,3d6.(3F2).5p,4F*,2.5,6.0,13.708754,1.348973,919.10053,7000000.0,0.066488,0.53191,0.0017646
3d6.(3F2).5s,f 4F,2.5,6.0,12.376605,3d5.(2F1).4s.4p.(3P*),4F*,2.5,6.0,13.45718,1.080575,1147.39128,50000.0,0.00098685,0.0059211,2.6191e-05
3d6.(3F2).5s,f 4F,2.5,6.0,12.376605,3d5.(4G).4s.4p.(1P*),4G*,3.5,8.0,13.468534,1.091929,1135.46026,330000.0,0.0085046,0.051028,0.00022571
3d6.(3F2).5s,f 4F,2.5,6.0,12.376605,3d6.(3P2).5p,2D*,2.5,6.0,13.505923,1.129318,1097.86771,16000.0,0.00028912,0.0017347,7.6733e-06
3d6.(3F2).5s,f 4F,2.5,6.0,12.376605,3d6.(3H).5p,4G*,3.5,8.0,13.635254,1.258649,985.05785,3000000.0,0.058189,0.34914,0.0015443
3d6.(3F2).5s,f 4F,2.5,6.0,12.376605,3d6.(3H).5p,4G*,2.5,6.0,13.640359,1.263754,981.07851,900000.0,0.012987,0.077922,0.00034468
3d6.(3F2).5s,f 4F,2.5,6.0,12.376605,3d6.(3F2).5p,4F*,3.5,8.0,13.65622,1.279615,968.91806,340000.0,0.0063805,0.038283,0.00016934
3d6.(3F2).5s,f 4F,2.5,6.0,12.376605,3d6.(3F1).5p,4D*,2.5,6.0,13.674309,1.297704,955.41201,4100000.0,0.056108,0.33665,0.0014891
3d6.(3F2).5s,f 4F,2.5,6.0,12.376605,3d6.(3F2).5p,4F*,1.5,4.0,13.688708,1.312103,944.92697,12000000.0,0.10709,0.64254,0.0028421
3d6.(3F2).5s,f 4F,2.5,6.0,12.376605,3d6.(3H).5p,2G*,3.5,8.0,13.689575,1.31297,944.30315,340000.0,0.0060604,0.036362,0.00016084
3d6.(3F2).5s,f 4F,2.5,6.0,12.376605,3d6.(3F2).5p,4D*,3.5,8.0,13.696423,1.319818,939.40375,360000.0,0.0063505,0.038103,0.00016854
3d6.(3F2).5s,f 4F,2.5,6.0,12.376605,3d6.(3P2).5p,4D*,2.5,6.0,13.701069,1.324464,936.10813,200000.0,0.0026275,0.015765,6.9734e-05
3d6.(3F2).5s,f 4F,2.5,6.0,12.376605,3d6.(3F2).5p,4F*,2.5,6.0,13.708754,1.332149,930.70812,10000000.0,0.12986,0.77918,0.0034466
3d6.(3F2).5s,f 4F,1.5,4.0,12.388323,3d6.(3H).5p,4G*,2.5,6.0,13.640359,1.252036,990.26057,4000000.0,0.088208,0.35283,0.0023411
3d6.(3F2).5s,f 4F,1.5,4.0,12.388323,3d6.(3F2).5p,4F*,1.5,4.0,13.688708,1.300385,953.44187,7000000.0,0.095399,0.3816,0.0025319
3d6.(3P2).5s,2P,0.5,2.0,12.388708,3d6.(3P2).5p,4P*,1.5,4.0,13.570862,1.182154,1048.79949,1100000.0,0.03628,0.07256,0.00096287
3d6.(3P2).5s,2P,0.5,2.0,12.388708,3d6.(3F2).5p,4D*,1.5,4.0,13.718331,1.329623,932.4762,330000.0,0.0086036,0.017207,0.00022834
3d6.(3F2).5s,e 2F,3.5,8.0,12.459423,3d6.(3H).5p,2G*,3.5,8.0,13.689575,1.230152,1007.87706,290000.0,0.0044164,0.035332,0.00011721
3d6.(3F2).5s,e 2F,3.5,8.0,12.459423,3d6.(3P2).5p,4D*,2.5,6.0,13.701069,1.241646,998.54692,600000.0,0.0067268,0.053814,0.00017853
3d6.(3F2).5s,e 2F,3.5,8.0,12.459423,3d5.(2F1).4s.4p.(3P*),2G*,4.5,10.0,13.720177,1.260754,983.41332,8000.0,0.00014499,0.0011599,3.848e-06
3d6.(3F2).5s,e 2F,2.5,6.0,12.491386,3d5.(2F1).4s.4p.(3P*),4D*,1.5,4.0,13.514727,1.02334,1211.56372,25000.0,0.00036678,0.0022007,9.7342e-06
3d6.(5D).6s,4D,3.5,8.0,12.695333,3d5.(2F1).4s.4p.(3P*),4F*,4.5,10.0,13.417272,0.721939,1717.37729,1600.0,8.8434e-05,0.00070747,2.347e-06
3d6.(5D).6s,4D,3.5,8.0,12.695333,3d6.(3P2).5p,4P*,2.5,6.0,13.490414,0.795081,1559.3902,20000.0,0.00054684,0.0043747,1.4513e-05
3d6.(5D).6s,4D,3.5,8.0,12.695333,3d6.(3F2).5p,4F*,4.5,10.0,13.658909,0.963577,1286.70814,31000.0,0.00096181,0.0076945,2.5527e-05
3d6.(3G).5s,f 4G,5.5,12.0,12.718917,3d6.(3H).5p,4H*,6.5,14.0,13.480698,0.761781,1627.55698,90000.0,0.0041699,0.050038,0.00011067
3d6.(3G).5s,f 4G,5.5,12.0,12.718917,3d5.(2G2).4s.4p.(3P*),4H*,5.5,12.0,13.612771,0.893854,1387.07376,25000.0,0.00072111,0.0086533,1.9138e-05
3d6.(3G).5s,f 4G,5.5,12.0,12.718917,3d5.(2H).4s.4p.(3P*),4G*,4.5,10.0,13.619663,0.900746,1376.46188,3600.0,8.5214e-05,0.0010226,2.2616e-06
3d6.(3G).5s,f 4G,5.5,12.0,12.718917,3d6.(3F2).5p,4F*,4.5,10.0,13.658909,0.939992,1318.9915,290000.0,0.0063032,0.075638,0.00016729
3d6.(5D).6s,4D,2.5,6.0,12.745867,3d5.(4F).4s.4p.(3P*),6D*,1.5,4.0,13.414085,0.668218,1855.44535,6000.0,0.00020645,0.0012387,5.4792e-06
3d6.(5D).6s,4D,2.5,6.0,12.745867,3d6.(3P2).5p,4S*,1.5,4.0,13.436445,0.690578,1795.36875,60000.0,0.001933,0.011598,5.1301e-05
3d6.(5D).6s,4D,2.5,6.0,12.745867,3d5.(2F1).4s.4p.(3P*),4F*,3.5,8.0,13.454597,0.70873,1749.38624,1800.0,0.00011011,0.00066068,2.9224e-06
3d6.(5D).6s,4D,2.5,6.0,12.745867,3d6.(3P2).5p,4P*,2.5,6.0,13.490414,0.744547,1665.23065,80000.0,0.0033258,0.019955,8.8267e-05
3d6.(5D).6s,4D,2.5,6.0,12.745867,3d6.(3P2).5p,4D*,3.5,8.0,13.582479,0.836612,1481.98021,4400.0,0.00019317,0.001159,5.1267e-06
3d6.(5D).6s,4D,2.5,6.0,12.745867,3d6.(3F2).5p,4F*,3.5,8.0,13.65622,0.910353,1361.93616,12000.0,0.00044493,0.0026696,1.1808e-05
3d6.(5D).6s,4D,2.5,6.0,12.745867,3d6.(3F1).5p,4D*,2.5,6.0,13.674309,0.928442,1335.40115,11000.0,0.00029409,0.0017645,7.8051e-06
3d6.(3G).5s,f 4G,4.5,10.0,12.748674,3d5.(4G).4s.(5G).4p,4H*,5.5,12.0,13.490697,0.742023,1670.89518,70000.0,0.0035159,0.035159,9.3312e-05
3d6.(3G).5s,f 4G,4.5,10.0,12.748674,3d5.(2G2).4s.4p.(3P*),4H*,5.5,12.0,13.612771,0.864097,1434.84137,12000.0,0.00044446,0.0044446,1.1796e-05
3d6.(3G).5s,f 4G,4.5,10.0,12.748674,3d5.(2H).4s.4p.(3P*),4G*,4.5,10.0,13.619663,0.870988,1423.48901,13000.0,0.00039492,0.0039492,1.0481e-05
3d6.(3G).5s,f 4G,4.5,10.0,12.748674,3d6.(3H).5p,4I*,4.5,10.0,13.627375,0.8787,1410.99577,7000.0,0.00020893,0.0020893,5.5451e-06
3d6.(5D<4>).4f,2[5]*,5.5,12.0,12.749468,3d5.4s.(7S).4d,6D,4.5,10.0,13.204445,0.454977,2725.06579,1800.0,0.000167,0.0020039,4.4321e-06
3d6.(5D<4>).4f,2[5]*,4.5,10.0,12.751948,3d5.4s.(7S).4d,6D,3.5,8.0,13.206873,0.454925,2725.37608,1000.0,8.9085e-05,0.00089085,2.3643e-06
3d6.(5D<4>).4f,2[4]*,4.5,10.0,12.755795,3d6.(5D).5d,6G,3.5,8.0,13.026478,0.270683,4580.42735,800.0,0.0002013,0.002013,5.3426e-06
3d6.(5D<4>).4f,2[4]*,4.5,10.0,12.755795,3d6.(3H).4d,4F,4.5,10.0,13.231865,0.47607,2604.32761,24000.0,0.0024404,0.024404,6.4768e-05
3d6.(5D<4>).4f,2[4]*,4.5,10.0,12.755795,3d6.(3F2).4d,4F,3.5,8.0,13.237449,0.481654,2574.1341,14000.0,0.0011126,0.011126,2.9528e-05
3d6.(5D<4>).4f,2[4]*,3.5,8.0,12.756384,3d6.(5D).5d,4P,2.5,6.0,13.241101,0.484717,2557.86723,32000.0,0.0023541,0.018833,6.2478e-05
3d6.(5D<4>).4f,2[6]*,5.5,12.0,12.757159,3d6.(3H).4d,4F,4.5,10.0,13.231865,0.474706,2611.81077,94000.0,0.0080111,0.096133,0.00021261
3d6.(5D<4>).4f,2[3]*,3.5,8.0,12.763213,3d6.(3F2).4d,4F,3.5,8.0,13.237449,0.474236,2614.39981,10000.0,0.0010247,0.0081977,2.7196e-05
3d6.(5D<4>).4f,2[3]*,2.5,6.0,12.764442,3d6.(5D).5d,4D,1.5,4.0,13.046893,0.282451,4389.58256,2100.0,0.00040442,0.0024265,1.0733e-05
3d6.(5D<4>).4f,2[3]*,2.5,6.0,12.764442,3d6.(5D).5d,4P,2.5,6.0,13.241101,0.476658,2601.11276,32000.0,0.0032458,0.019475,8.6145e-05
3d6.(3P2).4d,4D,2.5,6.0,12.770702,3d5.(2D3).4s.4p.(3P*),4P*,2.5,6.0,13.21576,0.445058,2785.79929,18000.0,0.0020943,0.012566,5.5582e-05
3d6.(3P2).4d,4D,2.5,6.0,12.770702,3d5.(2D3).4s.4p.(3P*),4D*,2.5,6.0,13.268532,0.49783,2490.49121,2900.0,0.00026967,0.001618,7.157e-06
3d6.(3P2).4d,4D,2.5,6.0,12.770702,3d5.(2D3).4s.4p.(3P*),4D*,3.5,8.0,13.271067,0.500365,2477.87561,1400.0,0.00017182,0.0010309,4.5602e-06
3d6.(3P2).4d,4D,2.5,6.0,12.770702,3d5.(4F).4s.4p.(3P*),6D*,2.5,6.0,13.406479,0.635776,1950.12269,30000.0,0.0017104,0.010263,4.5395e-05
3d6.(3P2).4d,4D,2.5,6.0,12.770702,3d5.(4F).4s.4p.(3P*),6D*,1.5,4.0,13.414085,0.643383,1927.06645,120000.0,0.0044539,0.026724,0.00011821
3d6.(3P2).4d,4D,2.5,6.0,12.770702,3d6.(3P2).5p,4S*,1.5,4.0,13.436445,0.665743,1862.34325,1070000.0,0.037091,0.22255,0.0009844
3d6.(3P2).4d,4D,2.5,6.0,12.770702,3d5.(2F1).4s.4p.(3P*),4F*,3.5,8.0,13.454597,0.683895,1812.91331,19000.0,0.0012483,0.0074896,3.3129e-05
3d6.(3P2).4d,4D,2.5,6.0,12.770702,3d5.(2F1).4s.4p.(3P*),4F*,2.5,6.0,13.45718,0.686477,1806.09294,9000.0,0.00044013,0.0026408,1.1681e-05
3d6.(3P2).4d,4D,2.5,6.0,12.770702,3d6.(3P2).5p,4P*,2.5,6.0,13.490414,0.719712,1722.69231,1800000.0,0.080084,0.48051,0.0021254
3d6.(3P2).4d,4D,2.5,6.0,12.770702,3d6.(3P2).5p,4D*,3.5,8.0,13.582479,0.811777,1527.31882,250000.0,0.011657,0.069944,0.00030938
3d6.(5D<4>).4f,2[2]*,2.5,6.0,12.77339,3d6.(5D).5d,4P,2.5,6.0,13.241101,0.46771,2650.87595,46000.0,0.0048461,0.029077,0.00012862
3d6.(5D<4>).4f,2[2]*,1.5,4.0,12.774689,3d6.(5D).5d,4P,1.5,4.0,13.274486,0.499797,2480.69262,29000.0,0.0026755,0.010702,7.1008e-05
3d6.(3G).5s,f 4G,3.5,8.0,12.775235,3d6.(3P2).5p,4P*,2.5,6.0,13.490414,0.715179,1733.61145,6000.0,0.00020276,0.0016221,5.3812e-06
3d6.(3G).5s,f 4G,3.5,8.0,12.775235,3d5.(2F1).4s.4p.(3P*),2G*,4.5,10.0,13.720177,0.944942,1312.08318,20000.0,0.00064524,0.0051619,1.7125e-05
3d6.(3P2).4d,4D,3.5,8.0,12.783124,3d5.(2D3).4s.4p.(3P*),4D*,3.5,8.0,13.271067,0.487943,2540.9566,5000.0,0.00048398,0.0038718,1.2845e-05
3d6.(3P2).4d,4D,3.5,8.0,12.783124,3d5.(4F).4s.4p.(3P*),6D*,3.5,8.0,13.376267,0.593143,2090.29256,29000.0,0.0018996,0.015197,5.0416e-05
3d6.(3P2).4d,4D,3.5,8.0,12.783124,3d5.(4F).4s.4p.(3P*),6D*,2.5,6.0,13.406479,0.623354,1988.98377,70000.0,0.0031137,0.02491,8.2638e-05
3d6.(3P2).4d,4D,3.5,8.0,12.783124,3d5.(2F1).4s.4p.(3P*),4F*,4.5,10.0,13.417272,0.634148,1955.13094,1700.0,0.00012178,0.00097423,3.232e-06
3d6.(3P2).4d,4D,3.5,8.0,12.783124,3d5.(2F1).4s.4p.(3P*),4D*,3.5,8.0,13.419972,0.636848,1946.84129,14000.0,0.00079552,0.0063641,2.1113e-05
3d6.(3P2).4d,4D,3.5,8.0,12.783124,3d6.(3P2).5p,4P*,2.5,6.0,13.490414,0.70729,1752.94739,1500000.0,0.051826,0.41461,0.0013755
3d6.(3P2).4d,4D,3.5,8.0,12.783124,3d6.(3P2).5p,2D*,2.5,6.0,13.505923,0.722799,1715.33439,700000.0,0.023159,0.18527,0.00061464
3d6.(3P2).4d,4D,3.5,8.0,12.783124,3d6.(3P2).5p,4D*,3.5,8.0,13.582479,0.799355,1551.05321,1100000.0,0.039674,0.31739,0.0010529
3d6.(3P2).4d,4D,3.5,8.0,12.783124,3d5.(2H).4s.4p.(3P*),4G*,4.5,10.0,13.619663,0.836538,1482.10989,110000.0,0.0045282,0.036225,0.00012018
3d6.(3P2).4d,4D,3.5,8.0,12.783124,3d6.(3H).5p,4I*,4.5,10.0,13.627375,0.84425,1468.57139,60000.0,0.002425,0.0194,6.4359e-05
3d6.(3P2).4d,4D,3.5,8.0,12.783124,3d6.(3P2).5p,4D*,2.5,6.0,13.701069,0.917945,1350.67088,110000.0,0.0022564,0.018051,5.9884e-05
3d6.(5D).6s,4D,1.5,4.0,12.785055,3d6.(3P2).5p,4S*,1.5,4.0,13.436445,0.65139,1903.37773,9000.0,0.00048882,0.0019553,1.2973e-05
3d6.(5D).6s,4D,1.5,4.0,12.785055,3d6.(3P2).5p,4P*,0.5,2.0,13.579869,0.794814,1559.91482,19000.0,0.00034657,0.0013863,9.1978e-06
3d6.(5D).6s,4D,1.5,4.0,12.785055,3d6.(3F1).5p,4D*,2.5,6.0,13.674309,0.889254,1394.24939,15000.0,0.00065573,0.0026229,1.7403e-05
3d6.(5D).6s,4D,1.5,4.0,12.785055,3d6.(3F2).5p,4F*,1.5,4.0,13.688708,0.903654,1372.03236,8000.0,0.00022578,0.00090311,5.9921e-06
3d6.(5D).6s,4D,1.5,4.0,12.785055,3d6.(3F2).5p,4F*,2.5,6.0,13.708754,0.923699,1342.25729,7000.0,0.00028361,0.0011344,7.527e-06
3d6.(5D<4>).4f,2[1]*,0.5,2.0,12.785959,3d6.(5D).5d,4F,1.5,4.0,13.247296,0.461337,2687.49914,2400.0,0.00051975,0.0010395,1.3794e-05
3d6.(5D<4>).4f,2[1]*,0.5,2.0,12.785959,3d6.(5D).5d,4P,1.5,4.0,13.274486,0.488527,2537.92062,56000.0,0.010815,0.02163,0.00028703
3d6.(3P2).4d,4F,4.5,10.0,12.790869,3d5.(4F).4s.4p.(3P*),6D*,3.5,8.0,13.376267,0.585397,2117.94925,90000.0,0.004842,0.04842,0.00012851
3d6.(3P2).4d,4F,4.5,10.0,12.790869,3d5.(2F1).4s.4p.(3P*),4F*,4.5,10.0,13.417272,0.626402,1979.30593,1100.0,6.4607e-05,0.00064607,1.7147e-06
3d6.(3P2).4d,4F,4.5,10.0,12.790869,3d5.(2F1).4s.4p.(3P*),4D*,3.5,8.0,13.419972,0.629103,1970.81046,33000.0,0.0015373,0.015373,4.0799e-05
3d6.(3P2).4d,4F,4.5,10.0,12.790869,3d6.(3H).5p,4G*,5.5,12.0,13.450287,0.659417,1880.20931,190000.0,0.012084,0.12084,0.00032071
3d6.(3P2).4d,4F,4.5,10.0,12.790869,3d5.(2F1).4s.4p.(3P*),4F*,3.5,8.0,13.454597,0.663728,1867.99851,230000.0,0.0096257,0.096257,0.00025546
3d6.(3P2).4d,4F,4.5,10.0,12.790869,3d5.(2I).4s.4p.(3P*),2I*,5.5,12.0,13.547993,0.757123,1637.56923,11000.0,0.00053068,0.0053068,1.4084e-05
3d6.(3P2).4d,4F,4.5,10.0,12.790869,3d6.(3P2).5p,4D*,3.5,8.0,13.582479,0.791609,1566.22929,3900000.0,0.11474,1.1474,0.0030453
3d6.(3P2).4d,4F,4.5,10.0,12.790869,3d5.(2G2).4s.4p.(3P*),4H*,3.5,8.0,13.585152,0.794282,1560.95885,9000.0,0.00026301,0.0026301,6.9803e-06
3d6.(3P2).4d,4F,4.5,10.0,12.790869,3d5.(2H).4s.4p.(3P*),4H*,5.5,12.0,13.635861,0.844991,1467.28355,2600.0,0.0001007,0.001007,2.6727e-06
3d6.(3P2).4d,2F,3.5,8.0,12.794173,3d5.(4F).4s.4p.(3P*),6D*,3.5,8.0,13.376267,0.582093,2129.9705,6000.0,0.00040809,0.0032647,1.0831e-05
3d6.(3P2).4d,2F,3.5,8.0,12.794173,3d5.(4F).4s.4p.(3P*),6D*,2.5,6.0,13.406479,0.612305,2024.8758,1700.0,7.8373e-05,0.00062698,2.08e-06
3d6.(3P2).4d,2F,3.5,8.0,12.794173,3d5.(2F1).4s.4p.(3P*),4D*,3.5,8.0,13.419972,0.625799,1981.21534,2700.0,0.00015889,0.0012711,4.2168e-06
3d6.(3P2).4d,2F,3.5,8.0,12.794173,3d5.(2F1).4s.4p.(3P*),4F*,2.5,6.0,13.45718,0.663006,1870.03075,41000.0,0.0016121,0.012897,4.2786e-05
3d6.(3P2).4d,2F,3.5,8.0,12.794173,3d6.(3P2).5p,4P*,2.5,6.0,13.490414,0.696241,1780.76657,1000000.0,0.035656,0.28525,0.00094632
3d6.(3P2).4d,2F,3.5,8.0,12.794173,3d6.(3P2).5p,2D*,2.5,6.0,13.505923,0.71175,1741.96348,1600000.0,0.054591,0.43673,0.0014488
3d6.(5D).6s,4D,0.5,2.0,12.80332,3d6.(3F2).5p,4F*,1.5,4.0,13.688708,0.885389,1400.33651,19000.0,0.0011171,0.0022343,2.9649e-05
3d6.(5D<3>).4f,2[5]*,5.5,12.0,12.810788,3d5.4s.(7S).4d,6D,4.5,10.0,13.204445,0.393657,3149.55213,2000.0,0.00024786,0.0029743,6.5782e-06
3d6.(5D<3>).4f,2[4]*,3.5,8.0,12.812614,3d6.(3F2).4d,4F,2.5,6.0,13.249791,0.437177,2836.01768,5700.0,0.00051548,0.0041239,1.3681e-05
3d6.(5D<3>).4f,2[5]*,4.5,10.0,12.814104,3d6.(3F2).4d,4F,3.5,8.0,13.237449,0.423344,2928.68403,40000.0,0.0041149,0.041149,0.00010921
3d6.(5D<3>).4f,2[3]*,2.5,6.0,12.815614,3d5.4s.(7S).4d,6D,1.5,4.0,13.220743,0.405129,3060.35967,900.0,8.4247e-05,0.00050548,2.2359e-06
3d6.(5D<3>).4f,2[3]*,3.5,8.0,12.818204,3d6.(3F2).4d,4F,2.5,6.0,13.249791,0.431587,2872.75033,154000.0,0.01429,0.11432,0.00037926
3d6.(5D<3>).4f,2[3]*,3.5,8.0,12.818204,3d6.(3F2).4d,2G,3.5,8.0,13.253957,0.435753,2845.28356,6000.0,0.00072822,0.0058258,1.9327e-05
3d6.(5D<3>).4f,2[2]*,2.5,6.0,12.820751,3d6.(3F2).4d,4F,2.5,6.0,13.249791,0.42904,2889.80376,61000.0,0.0076371,0.045822,0.00020269
3d6.(5D<3>).4f,2[6]*,5.5,12.0,12.822472,3d6.(3H).4d,4F,4.5,10.0,13.231865,0.409393,3028.48626,26000.0,0.0029792,0.035751,7.9069e-05
3d6.(5D<3>).4f,2[1]*,0.5,2.0,12.824594,3d6.(5D).5d,4P,0.5,2.0,13.288142,0.463548,2674.67932,120000.0,0.01287,0.02574,0.00034157
3d6.(3P2).4d,2F,2.5,6.0,12.844442,3d5.(4F).4s.4p.(3P*),6D*,2.5,6.0,13.406479,0.562037,2205.97969,11000.0,0.00080252,0.0048151,2.1299e-05
3d6.(3P2).4d,2F,2.5,6.0,12.844442,3d5.(4F).4s.4p.(3P*),6D*,1.5,4.0,13.414085,0.569644,2176.52227,25000.0,0.0011837,0.0071021,3.1415e-05
3d6.(3P2).4d,2F,2.5,6.0,12.844442,3d6.(3P2).5p,4S*,1.5,4.0,13.436445,0.592003,2094.31529,13000.0,0.0005699,0.0034194,1.5125e-05
3d6.(3P2).4d,2F,2.5,6.0,12.844442,3d5.(2F1).4s.4p.(3P*),4F*,2.5,6.0,13.45718,0.612738,2023.44589,27000.0,0.0016573,0.0099439,4.3985e-05
3d6.(3P2).4d,2F,2.5,6.0,12.844442,3d5.(4G).4s.4p.(1P*),4G*,3.5,8.0,13.468534,0.624092,1986.63272,40000.0,0.0031557,0.018934,8.3752e-05
3d6.(3P2).4d,2F,2.5,6.0,12.844442,3d5.(2F1).4s.4p.(3P*),4F*,1.5,4.0,13.486863,0.642422,1929.95035,18000.0,0.00067009,0.0040205,1.7784e-05
3d6.(3P2).4d,2F,2.5,6.0,12.844442,3d6.(3P2).5p,4P*,2.5,6.0,13.490414,0.645972,1919.34234,3600.0,0.00019882,0.0011929,5.2768e-06
3d6.(3P2).4d,2F,2.5,6.0,12.844442,3d6.(3P2).5p,2D*,2.5,6.0,13.505923,0.661481,1874.34142,420000.0,0.022121,0.13273,0.00058709
3d6.(3P2).4d,2F,2.5,6.0,12.844442,3d5.(2F1).4s.4p.(3P*),4D*,1.5,4.0,13.514727,0.670285,1849.72388,150000.0,0.0051295,0.030777,0.00013614
3d6.(3P2).4d,2F,2.5,6.0,12.844442,3d6.(3P2).5p,4P*,1.5,4.0,13.570862,0.72642,1706.78393,2600000.0,0.075701,0.4542,0.0020091
3d6.(3P2).4d,2F,2.5,6.0,12.844442,3d6.(3H).5p,4G*,3.5,8.0,13.635254,0.790812,1567.80857,90000.0,0.0044221,0.026532,0.00011736
3d6.(3P2).4d,2F,2.5,6.0,12.844442,3d6.(3F2).5p,4F*,3.5,8.0,13.65622,0.811778,1527.31637,90000.0,0.0041966,0.02518,0.00011138
3d6.(3P2).4d,2F,2.5,6.0,12.844442,3d6.(3H).5p,2G*,3.5,8.0,13.689575,0.845133,1467.03685,110000.0,0.0047323,0.028394,0.0001256
3d6.(3P2).4d,2F,2.5,6.0,12.844442,3d6.(3P2).5p,4D*,2.5,6.0,13.701069,0.856628,1447.3522,230000.0,0.0072233,0.04334,0.00019171
3d6.(3H).4d,4G,5.5,12.0,12.844816,3d5.(2F1).4s.4p.(3P*),4G*,5.5,12.0,13.355687,0.510871,2426.91887,40000.0,0.0035321,0.042385,9.3741e-05
3d6.(3H).4d,4G,5.5,12.0,12.844816,3d5.(2F1).4s.4p.(3P*),4F*,4.5,10.0,13.417272,0.572456,2165.82969,1600.0,9.3766e-05,0.0011252,2.4886e-06
3d6.(3H).4d,4G,5.5,12.0,12.844816,3d6.(3H).5p,4G*,5.5,12.0,13.450287,0.605471,2047.7331,410000.0,0.025774,0.30929,0.00068406
3d6.(3H).4d,4G,5.5,12.0,12.844816,3d6.(3H).5p,4H*,6.5,14.0,13.480698,0.635882,1949.79884,500000.0,0.033247,0.39897,0.00088238
3d6.(3H).4d,4G,5.5,12.0,12.844816,3d6.(3H).5p,2I*,6.5,14.0,13.628793,0.783977,1581.47689,18000.0,0.00078742,0.009449,2.0898e-05
3d6.(3H).4d,4G,5.5,12.0,12.844816,3d5.(2H).4s.4p.(3P*),4H*,5.5,12.0,13.635861,0.791045,1567.34717,30000.0,0.0011049,0.013258,2.9323e-05
3d6.(3H).4d,4G,5.5,12.0,12.844816,3d6.(3F2).5p,4F*,4.5,10.0,13.658909,0.814093,1522.97265,190000.0,0.0055057,0.066069,0.00014612
3d6.(3H).4d,4G,5.5,12.0,12.844816,3d5.(2G2).4s.4p.(3P*),4H*,6.5,14.0,13.681458,0.836642,1481.92654,200000.0,0.0076823,0.092187,0.00020389
3d6.(3H).4d,4H,6.5,14.0,12.846942,3d6.(3H).5p,4G*,5.5,12.0,13.450287,0.603344,2054.94936,220000.0,0.011938,0.16713,0.00031684
3d6.(3H).4d,4H,6.5,14.0,12.846942,3d6.(3H).5p,4H*,6.5,14.0,13.480698,0.633756,1956.34026,1100000.0,0.063116,0.88363,0.0016751
3d6.(3H).4d,4H,6.5,14.0,12.846942,3d5.(2I).4s.4p.(3P*),2I*,5.5,12.0,13.547993,0.701051,1768.54824,11000.0,0.00044212,0.0061897,1.1734e-05
3d6.(3H).4d,4H,6.5,14.0,12.846942,3d6.(3H).5p,4I*,7.5,16.0,13.587632,0.74069,1673.90179,400000.0,0.019203,0.26884,0.00050965
3d6.(3H).4d,4H,6.5,14.0,12.846942,3d6.(3H).5p,4I*,6.5,14.0,13.591111,0.744169,1666.07605,18000.0,0.00074907,0.010487,1.988e-05
3d6.(3H).4d,4H,6.5,14.0,12.846942,3d6.(3H).5p,4I*,5.5,12.0,13.608783,0.761841,1627.4288,7000.0,0.00023824,0.0033354,6.3229e-06
3d6.(3H).4d,4H,6.5,14.0,12.846942,3d6.(3H).5p,2I*,6.5,14.0,13.628793,0.781851,1585.77763,3400.0,0.00012818,0.0017945,3.4019e-06
3d6.(3H).4d,4H,6.5,14.0,12.846942,3d5.(2H).4s.4p.(3P*),4H*,5.5,12.0,13.635861,0.788919,1571.5713,11000.0,0.00034912,0.0048877,9.2656e-06
3d6.(3H).4d,4H,6.5,14.0,12.846942,3d5.(2G2).4s.4p.(3P*),4H*,6.5,14.0,13.681458,0.834516,1485.70223,500000.0,0.016546,0.23164,0.00043913
3d6.(3H).4d,4H,6.5,14.0,12.846942,3d6.(3H).5p,2H*,5.5,12.0,13.721198,0.874256,1418.16795,23000.0,0.00059442,0.0083219,1.5776e-05
3d6.(3H).4d,4K,8.5,18.0,12.850313,3d6.(3H).5p,4I*,7.5,16.0,13.587632,0.737319,1681.55482,4500000.0,0.16957,3.0522,0.0045003
3d6.(5D<2>).4f,2[1]*,0.5,2.0,12.854221,3d6.(5D).5d,4P,0.5,2.0,13.288142,0.433921,2857.30019,149000.0,0.018237,0.036474,0.00048401
3d6.(5D<2>).4f,2[3]*,3.5,8.0,12.854291,3d6.(3F2).4d,4F,2.5,6.0,13.249791,0.3955,3134.87307,33000.0,0.0036465,0.029172,9.6778e-05
3d6.(5D<2>).4f,2[5]*,4.5,10.0,12.854767,3d5.4s.(7S).4d,6D,3.5,8.0,13.206873,0.352106,3521.222,1400.0,0.00020819,0.0020819,5.5254e-06
3d6.(5D).5d,4F,4.5,10.0,12.855063,3d5.(2D3).4s.4p.(3P*),4D*,3.5,8.0,13.271067,0.416004,2980.36216,1000.0,0.00010653,0.0010653,2.8274e-06
3d6.(5D).5d,4F,4.5,10.0,12.855063,3d5.(2F1).4s.4p.(3P*),4G*,5.5,12.0,13.355687,0.500624,2476.59565,37000.0,0.0040827,0.040827,0.00010836
3d6.(5D).5d,4F,4.5,10.0,12.855063,3d5.(4F).4s.4p.(3P*),6D*,3.5,8.0,13.376267,0.521204,2378.80549,3900.0,0.00026469,0.0026469,7.0248e-06
3d6.(5D).5d,4F,4.5,10.0,12.855063,3d5.(2F1).4s.4p.(3P*),4F*,4.5,10.0,13.417272,0.562209,2205.30597,800.0,5.8329e-05,0.00058329,1.5481e-06
3d6.(5D).5d,4F,4.5,10.0,12.855063,3d6.(3H).5p,4G*,5.5,12.0,13.450287,0.595223,2082.98666,260000.0,0.020295,0.20295,0.00053863
3d6.(5D).5d,4F,4.5,10.0,12.855063,3d6.(3P2).5p,4D*,3.5,8.0,13.582479,0.727416,1704.44765,310000.0,0.010801,0.10801,0.00028667
3d6.(5D).5d,4F,4.5,10.0,12.855063,3d6.(3F2).5p,4F*,4.5,10.0,13.658909,0.803846,1542.38726,7000.0,0.00024966,0.0024966,6.6259e-06
3d6.(5D<2>).4f,2[4]*,4.5,10.0,12.857382,3d6.(3F2).4d,4F,3.5,8.0,13.237449,0.380067,3262.16603,24000.0,0.0030632,0.030632,8.1297e-05
3d6.(3H).4d,4K,7.5,16.0,12.857971,3d6.(3H).5p,4H*,6.5,14.0,13.480698,0.622727,1990.9864,330000.0,0.01716,0.27456,0.00045543
3d6.(3H).4d,4K,7.5,16.0,12.857971,3d5.(2I).4s.4p.(3P*),2I*,6.5,14.0,13.532827,0.674856,1837.19351,33000.0,0.0014611,0.023378,3.8779e-05
3d6.(3H).4d,4K,7.5,16.0,12.857971,3d6.(3H).5p,4I*,7.5,16.0,13.587632,0.729661,1699.20159,640000.0,0.027703,0.44325,0.00073524
3d6.(3H).4d,4K,7.5,16.0,12.857971,3d6.(3H).5p,4I*,6.5,14.0,13.591111,0.733141,1691.13808,2400000.0,0.09004,1.4406,0.0023897
3d6.(3H).4d,4K,7.5,16.0,12.857971,3d6.(3H).5p,2I*,6.5,14.0,13.628793,0.770823,1608.46563,700000.0,0.023757,0.38011,0.00063051
3d6.(5D<2>).4f,2[4]*,3.5,8.0,12.858601,3d6.(5D).5d,4P,2.5,6.0,13.241101,0.3825,3241.41865,177000.0,0.02091,0.16728,0.00055496
3d6.(3H).4d,4H,5.5,12.0,12.863568,3d6.(3H).5p,4G*,4.5,10.0,13.461096,0.597528,2074.95246,180000.0,0.009682,0.11618,0.00025696
3d6.(3H).4d,4H,5.5,12.0,12.863568,3d5.(4G).4s.(5G).4p,4H*,5.5,12.0,13.490697,0.627129,1977.01205,900000.0,0.052738,0.63285,0.0013997
3d6.(3H).4d,4H,5.5,12.0,12.863568,3d6.(3H).5p,4I*,6.5,14.0,13.591111,0.727543,1704.14896,210000.0,0.010667,0.128,0.0002831
3d6.(3H).4d,4H,5.5,12.0,12.863568,3d5.(2G2).4s.4p.(3P*),4H*,5.5,12.0,13.612771,0.749204,1654.88013,4300.0,0.00017655,0.0021186,4.6856e-06
3d6.(3H).4d,4H,5.5,12.0,12.863568,3d6.(3H).5p,4I*,4.5,10.0,13.627375,0.763807,1623.24073,18000.0,0.00059254,0.0071105,1.5726e-05
3d6.(3H).4d,4H,5.5,12.0,12.863568,3d6.(3H).5p,2I*,6.5,14.0,13.628793,0.765225,1620.23109,170000.0,0.0078057,0.093668,0.00020716
3d6.(3H).4d,4H,5.5,12.0,12.863568,3d5.(2H).4s.4p.(3P*),4H*,5.5,12.0,13.635861,0.772293,1605.40363,290000.0,0.011205,0.13446,0.00029739
3d6.(3H).4d,4H,5.5,12.0,12.863568,3d6.(3H).5p,2I*,5.5,12.0,13.668887,0.805319,1539.56667,42000.0,0.0014925,0.01791,3.961e-05
3d6.(3H).4d,4G,4.5,10.0,12.866007,3d5.(2F1).4s.4p.(3P*),4D*,3.5,8.0,13.419972,0.553965,2238.1217,1200.0,7.2094e-05,0.00072094,1.9134e-06
3d6.(3H).4d,4G,4.5,10.0,12.866007,3d5.(2F1).4s.4p.(3P*),4F*,3.5,8.0,13.454597,0.58859,2106.4601,15000.0,0.00079827,0.0079827,2.1186e-05
3d6.(3H).4d,4G,4.5,10.0,12.866007,3d6.(3H).5p,4G*,4.5,10.0,13.461096,0.595089,2083.45605,240000.0,0.015619,0.15619,0.00041452
3d6.(3H).4d,4G,4.5,10.0,12.866007,3d5.(4G).4s.(5G).4p,4H*,5.5,12.0,13.490697,0.62469,1984.73033,310000.0,0.021969,0.21969,0.00058305
3d6.(3H).4d,4G,4.5,10.0,12.866007,3d6.(3H).5p,4H*,4.5,10.0,13.49803,0.632024,1961.70235,90000.0,0.0051924,0.051924,0.00013781
3d6.(3H).4d,4G,4.5,10.0,12.866007,3d6.(3P2).5p,4D*,3.5,8.0,13.582479,0.716472,1730.48139,13000.0,0.0004669,0.004669,1.2392e-05
3d6.(3P2).4d,4D,0.5,2.0,12.870071,3d5.(2F1).4s.4p.(3P*),4D*,1.5,4.0,13.514727,0.644655,1923.26316,12000.0,0.0013309,0.0026618,3.5322e-05
3d6.(3P2).4d,4D,0.5,2.0,12.870071,3d6.(3P2).5p,4P*,1.5,4.0,13.570862,0.700791,1769.2049,190000.0,0.017832,0.035664,0.00047326
3d6.(3P2).4d,4D,0.5,2.0,12.870071,3d6.(3P2).5p,4P*,0.5,2.0,13.579869,0.709798,1746.75451,2500000.0,0.11436,0.22871,0.003035
3d6.(5D).5d,4F,3.5,8.0,12.871364,3d5.(2F1).4s.4p.(3P*),4F*,4.5,10.0,13.417272,0.545908,2271.15597,10000.0,0.00096664,0.0077331,2.5655e-05
3d6.(5D).5d,4F,3.5,8.0,12.871364,3d5.(2F1).4s.4p.(3P*),4F*,2.5,6.0,13.45718,0.585816,2116.4373,3600.0,0.00018132,0.0014505,4.8121e-06
3d6.(5D).5d,4F,3.5,8.0,12.871364,3d6.(3H).5p,4G*,4.5,10.0,13.461096,0.589732,2102.38278,290000.0,0.024021,0.19217,0.00063752
3d6.(5D).5d,4F,3.5,8.0,12.871364,3d5.(4G).4s.4p.(1P*),4G*,3.5,8.0,13.468534,0.59717,2076.19638,8000.0,0.000517,0.004136,1.3721e-05
3d6.(5D).5d,4F,3.5,8.0,12.871364,3d6.(3P2).5p,4P*,2.5,6.0,13.490414,0.61905,2002.81396,90000.0,0.0040592,0.032474,0.00010773
3d6.(5D).5d,4F,3.5,8.0,12.871364,3d5.(2H).4s.4p.(3P*),4G*,4.5,10.0,13.619663,0.748299,1656.88134,130000.0,0.006688,0.053504,0.0001775
3d6.(5D).5d,4F,3.5,8.0,12.871364,3d6.(3H).5p,4I*,4.5,10.0,13.627375,0.756011,1639.97985,50000.0,0.0025201,0.020161,6.6883e-05
3d6.(5D).5d,4F,3.5,8.0,12.871364,3d6.(3F2).5p,4F*,3.5,8.0,13.65622,0.784856,1579.70672,2800.0,0.00010475,0.00083803,2.7802e-06
3d6.(5D).5d,4F,3.5,8.0,12.871364,3d6.(3H).5p,2G*,3.5,8.0,13.689575,0.818211,1515.30801,26000.0,0.00089502,0.0071602,2.3754e-05
3d6.(5D).5d,4F,3.5,8.0,12.871364,3d6.(3P2).5p,4D*,2.5,6.0,13.701069,0.829705,1494.31592,360000.0,0.0090387,0.07231,0.00023989
3d6.(3H).4d,4K,6.5,14.0,12.873534,3d5.(4G).4s.(5G).4p,4H*,5.5,12.0,13.490697,0.617163,2008.93862,380000.0,0.019707,0.2759,0.00052303
3d6.(3H).4d,4K,6.5,14.0,12.873534,3d6.(3H).5p,4I*,6.5,14.0,13.591111,0.717577,1727.81806,550000.0,0.024616,0.34462,0.00065331
3d6.(3H).4d,4K,6.5,14.0,12.873534,3d6.(3H).5p,4I*,5.5,12.0,13.608783,0.735249,1686.28903,2600000.0,0.095006,1.3301,0.0025215
3d6.(3H).4d,4K,6.5,14.0,12.873534,3d5.(2G2).4s.4p.(3P*),4H*,5.5,12.0,13.612771,0.739237,1677.19146,35000.0,0.0012652,0.017712,3.3577e-05
3d6.(3H).4d,4K,6.5,14.0,12.873534,3d6.(3H).5p,2I*,6.5,14.0,13.628793,0.755259,1641.61188,310000.0,0.012525,0.17534,0.0003324
3d6.(3H).4d,4K,6.5,14.0,12.873534,3d6.(3H).5p,2I*,5.5,12.0,13.668887,0.795352,1558.85887,180000.0,0.0056208,0.078691,0.00014918
3d6.(3H).4d,4K,6.5,14.0,12.873534,3d6.(3H).5p,2H*,5.5,12.0,13.721198,0.847664,1462.65753,110000.0,0.0030241,0.042337,8.0259e-05
3d6.(5D<1>).4f,2[2]*,2.5,6.0,12.876727,3d5.4s.(7S).4d,6D,1.5,4.0,13.220743,0.344017,3604.0158,1300.0,0.00016877,0.0010126,4.4791e-06
3d6.(5D<1>).4f,2[2]*,2.5,6.0,12.876727,3d6.(5D).5d,4F,1.5,4.0,13.247296,0.37057,3345.7745,35000.0,0.0039159,0.023495,0.00010393
3d6.(5D<1>).4f,2[2]*,1.5,4.0,12.87812,3d6.(5D).5d,4P,0.5,2.0,13.288142,0.410022,3023.84553,290000.0,0.019877,0.079507,0.00052753
3d6.(3H).4d,4H,4.5,10.0,12.878767,3d5.(2F1).4s.4p.(3P*),4F*,3.5,8.0,13.454597,0.57583,2153.13892,22000.0,0.0012233,0.012233,3.2465e-05
3d6.(3H).4d,4H,4.5,10.0,12.878767,3d6.(3H).5p,4G*,4.5,10.0,13.461096,0.582329,2129.10985,70000.0,0.0047572,0.047572,0.00012626
3d6.(3H).4d,4H,4.5,10.0,12.878767,3d5.(4G).4s.4p.(1P*),4G*,3.5,8.0,13.468534,0.589767,2102.25766,120000.0,0.0063607,0.063607,0.00016881
3d6.(3H).4d,4H,4.5,10.0,12.878767,3d5.(4G).4s.(5G).4p,4H*,5.5,12.0,13.490697,0.61193,2026.11701,110000.0,0.0081239,0.081239,0.00021561
3d6.(3H).4d,4H,4.5,10.0,12.878767,3d6.(3H).5p,4H*,4.5,10.0,13.49803,0.619263,2002.12443,700000.0,0.042067,0.42067,0.0011165
3d6.(3H).4d,4H,4.5,10.0,12.878767,3d6.(3H).5p,4I*,5.5,12.0,13.608783,0.730016,1698.37599,300000.0,0.015568,0.15568,0.00041317
3d6.(3H).4d,4H,4.5,10.0,12.878767,3d6.(3H).5p,4G*,3.5,8.0,13.635254,0.756487,1638.94728,430000.0,0.013853,0.13853,0.00036766
3d6.(3H).4d,4H,4.5,10.0,12.878767,3d6.(3H).5p,2I*,5.5,12.0,13.668887,0.79012,1569.18247,70000.0,0.0031009,0.031009,8.2298e-05
3d6.(3H).4d,4I,7.5,16.0,12.879276,3d6.(3H).5p,4H*,6.5,14.0,13.480698,0.601422,2061.51888,500000.0,0.027875,0.446,0.0007398
3d6.(3H).4d,4I,7.5,16.0,12.879276,3d5.(2I).4s.4p.(3P*),2I*,6.5,14.0,13.532827,0.653551,1897.08644,150000.0,0.0070816,0.11331,0.00018795
3d6.(3H).4d,4I,7.5,16.0,12.879276,3d6.(3H).5p,4I*,7.5,16.0,13.587632,0.708356,1750.31013,860000.0,0.039499,0.63199,0.0010483
3d6.(3H).4d,4I,7.5,16.0,12.879276,3d6.(3H).5p,4I*,6.5,14.0,13.591111,0.711835,1741.75547,1200000.0,0.047755,0.76409,0.0012674
3d6.(3H).4d,4I,7.5,16.0,12.879276,3d6.(3H).5p,2I*,6.5,14.0,13.628793,0.749517,1654.18816,10000.0,0.00035895,0.0057432,9.5266e-06
3d6.(3H).4d,4I,7.5,16.0,12.879276,3d5.(2G2).4s.4p.(3P*),4H*,6.5,14.0,13.681458,0.802182,1545.58766,600000.0,0.018802,0.30083,0.00049901
3d6.(5D<1>).4f,2[4]*,3.5,8.0,12.879818,3d6.(5D).5d,4P,2.5,6.0,13.241101,0.361282,3431.78075,34000.0,0.0045023,0.036019,0.00011949
3d6.(3H).4d,4G,3.5,8.0,12.884641,3d5.(2F1).4s.4p.(3P*),4D*,3.5,8.0,13.419972,0.535331,2316.02788,3400.0,0.00027342,0.0021873,7.2565e-06
3d6.(3H).4d,4G,3.5,8.0,12.884641,3d5.(2F1).4s.4p.(3P*),4F*,3.5,8.0,13.454597,0.569956,2175.32891,15000.0,0.0010641,0.0085132,2.8242e-05
3d6.(3H).4d,4G,3.5,8.0,12.884641,3d5.(4G).4s.4p.(1P*),4G*,3.5,8.0,13.468534,0.583893,2123.40614,120000.0,0.0081116,0.064893,0.00021528
3d6.(3H).4d,4G,3.5,8.0,12.884641,3d6.(3H).5p,4H*,4.5,10.0,13.49803,0.613389,2021.29705,170000.0,0.013016,0.10413,0.00034545
3d6.(3H).4d,4G,3.5,8.0,12.884641,3d5.(4G).4s.4p.(1P*),4H*,3.5,8.0,13.502701,0.61806,2006.02074,200000.0,0.012066,0.096527,0.00032023
3d6.(3H).4d,4G,3.5,8.0,12.884641,3d6.(3P2).5p,2D*,2.5,6.0,13.505923,0.621282,1995.61807,50000.0,0.002239,0.017912,5.9422e-05
3d6.(3H).4d,4G,3.5,8.0,12.884641,3d5.(2G2).4s.4p.(3P*),4H*,3.5,8.0,13.585152,0.700511,1769.91105,7000.0,0.00032875,0.00263,8.7249e-06
3d6.(3H).4d,4G,3.5,8.0,12.884641,3d6.(3H).5p,4G*,3.5,8.0,13.635254,0.750613,1651.77282,600000.0,0.024542,0.19634,0.00065135
3d6.(3H).4d,4G,3.5,8.0,12.884641,3d6.(3H).5p,4G*,2.5,6.0,13.640359,0.755718,1640.61438,290000.0,0.0087767,0.070214,0.00023293
3d6.(3H).4d,4G,3.5,8.0,12.884641,3d6.(3F2).5p,4D*,3.5,8.0,13.696423,0.811782,1527.30904,80000.0,0.0027977,0.022382,7.4251e-05
3d6.(5D).5d,6F,5.5,12.0,12.886496,3d5.(4F).4s.4p.(3P*),6F*,5.5,12.0,13.222847,0.33635,3686.16067,220.0,4.4816e-05,0.00053779,1.1894e-06
3d6.(5D).5d,6F,5.5,12.0,12.886496,3d5.(4F).4s.4p.(3P*),6D*,4.5,10.0,13.386158,0.499661,2481.36484,600.0,4.6154e-05,0.00055385,1.2249e-06
3d6.(5D).5d,6F,4.5,10.0,12.888232,3d5.(4F).4s.4p.(3P*),6F*,4.5,10.0,13.219769,0.331537,3739.6757,240.0,5.032e-05,0.0005032,1.3355e-06
3d6.(3H).4d,4K,5.5,12.0,12.891106,3d6.(3H).5p,4H*,4.5,10.0,13.49803,0.606924,2042.82839,310000.0,0.016162,0.19395,0.00042895
3d6.(3H).4d,4K,5.5,12.0,12.891106,3d6.(3H).5p,4I*,5.5,12.0,13.608783,0.717677,1727.57611,700000.0,0.031321,0.37585,0.00083125
3d6.(3H).4d,4K,5.5,12.0,12.891106,3d5.(2G2).4s.4p.(3P*),4H*,5.5,12.0,13.612771,0.721665,1718.02886,3000.0,0.00013275,0.001593,3.5232e-06
3d6.(3H).4d,4K,5.5,12.0,12.891106,3d5.(2H).4s.4p.(3P*),4G*,4.5,10.0,13.619663,0.728557,1701.77854,1100000.0,0.039799,0.47759,0.0010563
3d6.(3H).4d,4K,5.5,12.0,12.891106,3d6.(3H).5p,4I*,4.5,10.0,13.627375,0.736268,1683.95359,1700000.0,0.060226,0.72272,0.0015984
3d6.(3H).4d,4K,5.5,12.0,12.891106,3d6.(3H).5p,2I*,5.5,12.0,13.668887,0.777781,1594.07656,80000.0,0.0030477,0.036572,8.0885e-05
3d6.(3G).5s,e 2G,3.5,8.0,12.89231,3d5.(4G).4s.4p.(1P*),4H*,3.5,8.0,13.502701,0.610391,2031.22619,8000.0,0.00049484,0.0039587,1.3133e-05
3d6.(3G).5s,e 2G,3.5,8.0,12.89231,3d5.(2G2).4s.4p.(3P*),4H*,3.5,8.0,13.585152,0.692841,1789.50332,3400.0,0.00016323,0.0013059,4.3322e-06
3d6.(3G).5s,e 2G,3.5,8.0,12.89231,3d5.(2H).4s.4p.(3P*),4G*,4.5,10.0,13.619663,0.727352,1704.59646,14000.0,0.00076233,0.0060986,2.0232e-05
3d6.(3G).5s,e 2G,3.5,8.0,12.89231,3d6.(3H).5p,4I*,4.5,10.0,13.627375,0.735064,1686.71274,2100.0,0.00011196,0.0008957,2.9715e-06
3d6.(3G).5s,e 2G,3.5,8.0,12.89231,3d6.(3H).5p,4G*,2.5,6.0,13.640359,0.748049,1657.43507,5000.0,0.00015444,0.0012355,4.0989e-06
3d6.(3H).4d,4H,3.5,8.0,12.892663,3d5.(2F1).4s.4p.(3P*),4F*,3.5,8.0,13.454597,0.561934,2206.38285,13000.0,0.00094878,0.0075902,2.5181e-05
3d6.(3H).4d,4H,3.5,8.0,12.892663,3d6.(3H).5p,4H*,4.5,10.0,13.49803,0.605367,2048.08185,140000.0,0.011005,0.08804,0.00029207
3d6.(3H).4d,4H,3.5,8.0,12.892663,3d5.(4G).4s.4p.(1P*),4H*,3.5,8.0,13.502701,0.610038,2032.39957,500000.0,0.030963,0.24771,0.00082177
3d6.(3H).4d,4H,3.5,8.0,12.892663,3d5.(2G2).4s.4p.(3P*),4H*,3.5,8.0,13.585152,0.692489,1790.41398,300000.0,0.014417,0.11534,0.00038264
3d6.(3H).4d,4H,3.5,8.0,12.892663,3d5.(2H).4s.4p.(3P*),4G*,4.5,10.0,13.619663,0.727,1705.42273,60000.0,0.0032703,0.026162,8.6793e-05
3d6.(3H).4d,4H,3.5,8.0,12.892663,3d6.(3H).5p,4I*,4.5,10.0,13.627375,0.734712,1687.52176,220000.0,0.011741,0.093925,0.0003116
3d6.(3H).4d,4H,3.5,8.0,12.892663,3d6.(3H).5p,4G*,3.5,8.0,13.635254,0.742591,1669.61623,110000.0,0.0045971,0.036777,0.00012201
3d6.(3H).4d,4H,3.5,8.0,12.892663,3d6.(3H).5p,4G*,2.5,6.0,13.640359,0.747696,1658.21624,390000.0,0.012058,0.096462,0.00032001
3d6.(3H).4d,4H,3.5,8.0,12.892663,3d6.(3H).5p,2G*,3.5,8.0,13.689575,0.796912,1555.80712,5000.0,0.00018144,0.0014515,4.8155e-06
3d6.(5D<1>).4f,2[3]*,2.5,6.0,12.892869,3d6.(5D).5d,4P,1.5,4.0,13.274486,0.381617,3248.91621,25000.0,0.0026375,0.015825,6.9998e-05
3d6.(5D).5d,6P,3.5,8.0,12.894457,3d6.(3P2).5p,4D*,2.5,6.0,13.701069,0.806612,1537.09779,200000.0,0.0053132,0.042505,0.00014101
3d6.(5D<0>).4f,2[3]*,3.5,8.0,12.897203,3d6.(5D).5d,4P,2.5,6.0,13.241101,0.343897,3605.2692,28000.0,0.0040922,0.032737,0.00010861
3d6.(5D).5d,4F,2.5,6.0,12.897322,3d6.(5D).6p,6F*,3.5,8.0,13.332002,0.43468,2852.31233,3000.0,0.00048788,0.0029273,1.2948e-05
3d6.(5D).5d,4F,2.5,6.0,12.897322,3d5.(2F1).4s.4p.(3P*),4D*,3.5,8.0,13.419972,0.52265,2372.22411,1900.0,0.00021373,0.0012824,5.6724e-06
3d6.(5D).5d,4F,2.5,6.0,12.897322,3d5.(2F1).4s.4p.(3P*),4F*,3.5,8.0,13.454597,0.557275,2224.83172,11000.0,0.0010884,0.0065304,2.8886e-05
3d6.(5D).5d,4F,2.5,6.0,12.897322,3d5.(4G).4s.4p.(1P*),4G*,3.5,8.0,13.468534,0.571211,2170.54839,80000.0,0.007534,0.045204,0.00019995
3d6.(5D).5d,4F,2.5,6.0,12.897322,3d6.(3H).5p,4G*,3.5,8.0,13.635254,0.737931,1680.15909,260000.0,0.014671,0.088029,0.00038938
3d6.(5D).5d,4F,2.5,6.0,12.897322,3d6.(3H).5p,4G*,2.5,6.0,13.640359,0.743037,1668.61518,190000.0,0.007931,0.047586,0.00021049
3d6.(5D).5d,4F,2.5,6.0,12.897322,3d6.(3F2).5p,4F*,3.5,8.0,13.65622,0.758897,1633.74146,360000.0,0.019207,0.11524,0.00050976
3d6.(5D).5d,4F,2.5,6.0,12.897322,3d6.(3H).5p,2G*,3.5,8.0,13.689575,0.792253,1564.95773,500000.0,0.024478,0.14687,0.00064964
3d6.(5D).5d,4F,2.5,6.0,12.897322,3d6.(3F2).5p,4D*,3.5,8.0,13.696423,0.7991,1551.54719,31000.0,0.0014917,0.0089504,3.959e-05
3d6.(5D).5d,4F,2.5,6.0,12.897322,3d6.(3P2).5p,4D*,2.5,6.0,13.701069,0.803747,1542.57762,90000.0,0.0032107,0.019264,8.5211e-05
3d6.(3H).4d,4G,2.5,6.0,12.89965,3d5.(2F1).4s.4p.(3P*),4F*,3.5,8.0,13.454597,0.554947,2234.16207,19000.0,0.0018958,0.011375,5.0313e-05
3d6.(3H).4d,4G,2.5,6.0,12.89965,3d5.(2F1).4s.4p.(3P*),4F*,2.5,6.0,13.45718,0.55753,2223.81294,6000.0,0.00044484,0.0026691,1.1806e-05
3d6.(3H).4d,4G,2.5,6.0,12.89965,3d5.(4G).4s.4p.(1P*),4G*,2.5,6.0,13.468301,0.568651,2180.31994,90000.0,0.0064142,0.038485,0.00017023
3d6.(3H).4d,4G,2.5,6.0,12.89965,3d5.(4G).4s.4p.(1P*),4G*,3.5,8.0,13.468534,0.568884,2179.42808,130000.0,0.012343,0.074059,0.00032759
3d6.(3H).4d,4G,2.5,6.0,12.89965,3d5.(4G).4s.4p.(1P*),4H*,3.5,8.0,13.502701,0.603051,2055.9471,160000.0,0.013519,0.081114,0.00035879
3d6.(3H).4d,4G,2.5,6.0,12.89965,3d6.(3H).5p,4G*,3.5,8.0,13.635254,0.735604,1685.47477,220000.0,0.012493,0.074958,0.00033156
3d6.(3H).4d,4G,2.5,6.0,12.89965,3d6.(3H).5p,4G*,2.5,6.0,13.640359,0.740709,1673.85795,450000.0,0.018902,0.11341,0.00050166
3d6.(3H).4d,4G,2.5,6.0,12.89965,3d6.(3F1).5p,4D*,2.5,6.0,13.674309,0.774659,1600.50012,70000.0,0.0026882,0.016129,7.1346e-05
3d6.(3H).4d,4G,2.5,6.0,12.89965,3d6.(3F2).5p,4F*,1.5,4.0,13.688708,0.789059,1571.29266,240000.0,0.0059223,0.035534,0.00015718
3d6.(3H).4d,4G,2.5,6.0,12.89965,3d6.(3H).5p,2G*,3.5,8.0,13.689575,0.789925,1569.56845,41000.0,0.002019,0.012114,5.3585e-05
3d6.(5D<0>).4f,2[3]*,2.5,6.0,12.900112,3d6.(5D).5d,4P,1.5,4.0,13.274486,0.374374,3311.77198,292000.0,0.032009,0.19205,0.00084952
3d6.(5D<0>).4f,2[3]*,2.5,6.0,12.900112,3d6.(3G).4d,4D,1.5,4.0,13.496856,0.596744,2077.67713,7000.0,0.00030201,0.0018121,8.0154e-06
3d6.(3H).4d,4I,6.5,14.0,12.902374,3d5.(4G).4s.(5G).4p,4H*,5.5,12.0,13.490697,0.588323,2107.4168,430000.0,0.02454,0.34357,0.0006513
3d6.(3H).4d,4I,6.5,14.0,12.902374,3d5.(2I).4s.4p.(3P*),2I*,6.5,14.0,13.532827,0.630453,1966.58908,5000.0,0.00028991,0.0040587,7.6941e-06
3d6.(3H).4d,4I,6.5,14.0,12.902374,3d5.(2I).4s.4p.(3P*),2I*,5.5,12.0,13.547993,0.645619,1920.39295,44000.0,0.0020852,0.029193,5.5341e-05
3d6.(3H).4d,4I,6.5,14.0,12.902374,3d6.(3H).5p,4I*,7.5,16.0,13.587632,0.685258,1809.30684,3900.0,0.00021875,0.0030624,5.8055e-06
3d6.(3H).4d,4I,6.5,14.0,12.902374,3d6.(3H).5p,4I*,6.5,14.0,13.591111,0.688737,1800.16727,360000.0,0.01749,0.24486,0.00046418
3d6.(3H).4d,4I,6.5,14.0,12.902374,3d6.(3H).5p,4I*,5.5,12.0,13.608783,0.706409,1755.13284,1400000.0,0.055419,0.77587,0.0014708
3d6.(3H).4d,4I,6.5,14.0,12.902374,3d5.(2G2).4s.4p.(3P*),4H*,5.5,12.0,13.612771,0.710397,1745.27945,13000.0,0.00050885,0.0071238,1.3505e-05
3d6.(3H).4d,4I,6.5,14.0,12.902374,3d6.(3H).5p,2I*,6.5,14.0,13.628793,0.726419,1706.78558,270000.0,0.011792,0.16509,0.00031296
3d6.(3H).4d,4I,6.5,14.0,12.902374,3d5.(2H).4s.4p.(3P*),4H*,5.5,12.0,13.635861,0.733487,1690.33964,500000.0,0.018358,0.25702,0.00048723
3d6.(3P2).4d,4F,3.5,8.0,12.907739,3d5.(2D3).4s.4p.(3P*),4D*,2.5,6.0,13.268532,0.360793,3436.43485,800.0,0.00010623,0.0008498,2.8192e-06
3d6.(3P2).4d,4F,3.5,8.0,12.907739,3d6.(3P2).5p,4P*,2.5,6.0,13.490414,0.582675,2127.84629,35000.0,0.0017818,0.014255,4.729e-05
3d6.(3P2).4d,4F,3.5,8.0,12.907739,3d6.(3P2).5p,2D*,2.5,6.0,13.505923,0.598184,2072.67765,190000.0,0.0091778,0.073422,0.00024358
3d6.(3P2).4d,4F,3.5,8.0,12.907739,3d6.(3F2).5p,4F*,3.5,8.0,13.65622,0.74848,1656.47889,14000.0,0.00057592,0.0046073,1.5285e-05
3d6.(3P2).4d,4F,3.5,8.0,12.907739,3d6.(3H).5p,2G*,3.5,8.0,13.689575,0.781836,1585.80866,90000.0,0.0033932,0.027145,9.0054e-05
3d6.(3P2).4d,4F,3.5,8.0,12.907739,3d6.(3F2).5p,4D*,3.5,8.0,13.696423,0.788683,1572.03997,22000.0,0.0008151,0.0065208,2.1633e-05
3d6.(3P2).4d,4F,3.5,8.0,12.907739,3d6.(3P2).5p,4D*,2.5,6.0,13.701069,0.79333,1562.8326,1000000.0,0.027463,0.2197,0.00072886
3d6.(3H).4d,2K,7.5,16.0,12.909202,3d6.(3H).5p,4H*,6.5,14.0,13.480698,0.571496,2169.46937,60000.0,0.0037045,0.059271,9.8317e-05
3d6.(3H).4d,2K,7.5,16.0,12.909202,3d5.(2I).4s.4p.(3P*),2I*,6.5,14.0,13.532827,0.623625,1988.12263,110000.0,0.0057036,0.091257,0.00015137
3d6.(3H).4d,2K,7.5,16.0,12.909202,3d6.(3H).5p,4I*,7.5,16.0,13.587632,0.67843,1827.5178,50000.0,0.0025035,0.040056,6.6444e-05
3d6.(3H).4d,2K,7.5,16.0,12.909202,3d6.(3H).5p,4I*,6.5,14.0,13.591111,0.681909,1818.19379,290000.0,0.012576,0.20122,0.00033377
3d6.(3H).4d,2K,7.5,16.0,12.909202,3d6.(3H).5p,2I*,6.5,14.0,13.628793,0.719591,1722.98198,3400000.0,0.13241,2.1185,0.0035141
3d6.(3H).4d,2K,7.5,16.0,12.909202,3d5.(2G2).4s.4p.(3P*),4H*,6.5,14.0,13.681458,0.772255,1605.48158,110000.0,0.0037194,0.05951,9.8712e-05
3d6.(5D).5d,6P,2.5,6.0,12.909265,3d5.(2F1).4s.4p.(3P*),4D*,3.5,8.0,13.419972,0.510707,2427.69678,700.0,8.2468e-05,0.00049481,2.1887e-06
3d6.(5D).5d,6P,2.5,6.0,12.909265,3d6.(3H).5p,4G*,2.5,6.0,13.640359,0.731094,1695.87219,60000.0,0.002587,0.015522,6.8659e-05
3d6.(3H).4d,4I,5.5,12.0,12.915965,3d6.(3H).5p,4H*,4.5,10.0,13.49803,0.582065,2130.07479,440000.0,0.024941,0.2993,0.00066194
3d6.(3H).4d,4I,5.5,12.0,12.915965,3d5.(2I).4s.4p.(3P*),2I*,5.5,12.0,13.547993,0.632028,1961.68931,3200.0,0.00018462,0.0022154,4.8997e-06
3d6.(3H).4d,4I,5.5,12.0,12.915965,3d6.(3H).5p,4I*,6.5,14.0,13.591111,0.675146,1836.406,2800.0,0.00016516,0.0019819,4.3833e-06
3d6.(3H).4d,4I,5.5,12.0,12.915965,3d6.(3H).5p,4I*,5.5,12.0,13.608783,0.692818,1789.56376,500000.0,0.024006,0.28807,0.00063713
3d6.(3H).4d,4I,5.5,12.0,12.915965,3d5.(2G2).4s.4p.(3P*),4H*,5.5,12.0,13.612771,0.696806,1779.32111,3300.0,0.00015663,0.0018796,4.157e-06
3d6.(3H).4d,4I,5.5,12.0,12.915965,3d5.(2H).4s.4p.(3P*),4G*,4.5,10.0,13.619663,0.703697,1761.8965,320000.0,0.01241,0.14893,0.00032937
3d6.(3H).4d,4I,5.5,12.0,12.915965,3d6.(3H).5p,4I*,4.5,10.0,13.627375,0.711409,1742.79699,1200000.0,0.045536,0.54643,0.0012085
3d6.(3H).4d,4I,5.5,12.0,12.915965,3d6.(3H).5p,2I*,5.5,12.0,13.668887,0.752921,1646.70817,70000.0,0.0028457,0.034149,7.5525e-05
3d6.(3H).4d,4F,1.5,4.0,12.917837,3d5.(2F1).4s.4p.(3P*),4F*,2.5,6.0,13.45718,0.539343,2298.80225,8000.0,0.0009507,0.0038028,2.5232e-05
3d6.(3H).4d,4F,1.5,4.0,12.917837,3d5.(4G).4s.4p.(1P*),4G*,2.5,6.0,13.468301,0.550464,2252.35716,210000.0,0.023958,0.095831,0.00063584
3d6.(3H).4d,4F,1.5,4.0,12.917837,3d6.(3P2).5p,4P*,0.5,2.0,13.579869,0.662032,1872.78341,180000.0,0.0047324,0.018929,0.0001256
3d6.(3H).4d,4F,1.5,4.0,12.917837,3d6.(3H).5p,4G*,2.5,6.0,13.640359,0.722522,1715.99202,500000.0,0.033109,0.13244,0.00087872
3d6.(3H).4d,4I,4.5,10.0,12.918222,3d5.(4G).4s.4p.(1P*),4H*,3.5,8.0,13.502701,0.584479,2121.27612,700000.0,0.037778,0.37778,0.0010026
3d6.(3H).4d,4I,4.5,10.0,12.918222,3d5.(2G2).4s.4p.(3P*),4H*,3.5,8.0,13.585152,0.66693,1859.02922,230000.0,0.0095334,0.095334,0.00025302
3d6.(3H).4d,4I,4.5,10.0,12.918222,3d5.(2H).4s.4p.(3P*),4G*,4.5,10.0,13.619663,0.701441,1767.56519,500000.0,0.02342,0.2342,0.00062156
3d6.(3H).4d,4I,4.5,10.0,12.918222,3d6.(3H).5p,4I*,4.5,10.0,13.627375,0.709153,1748.34325,800000.0,0.036661,0.36661,0.00097298
3d6.(3H).4d,4I,4.5,10.0,12.918222,3d6.(3H).5p,4G*,3.5,8.0,13.635254,0.717032,1729.1311,70000.0,0.0025102,0.025102,6.662e-05
3d6.(3H).4d,2F,2.5,6.0,12.920346,3d6.(3P2).5p,4P*,1.5,4.0,13.570862,0.650516,1905.93707,170000.0,0.0061721,0.037033,0.00016381
3d6.(3H).4d,2F,2.5,6.0,12.920346,3d6.(3H).5p,4G*,2.5,6.0,13.640359,0.720013,1721.97166,210000.0,0.0093354,0.056012,0.00024776
3d6.(3H).4d,2F,2.5,6.0,12.920346,3d6.(3H).5p,2G*,3.5,8.0,13.689575,0.769229,1611.79787,240000.0,0.012463,0.074779,0.00033077
3d6.(3H).4d,2F,2.5,6.0,12.920346,3d6.(3F2).5p,4D*,3.5,8.0,13.696423,0.776077,1597.5762,7000.0,0.00035712,0.0021427,9.4781e-06
3d6.(3H).4d,2F,2.5,6.0,12.920346,3d6.(3P2).5p,4D*,2.5,6.0,13.701069,0.780723,1588.06817,170000.0,0.0064276,0.038565,0.00017059
3d6.(3H).4d,2F,2.5,6.0,12.920346,3d6.(3F2).5p,4F*,2.5,6.0,13.708754,0.788408,1572.5893,50000.0,0.0018538,0.011123,4.92e-05
3d6.(3H).4d,2K,6.5,14.0,12.933458,3d5.(2I).4s.4p.(3P*),2I*,5.5,12.0,13.547993,0.614535,2017.52867,60000.0,0.0031384,0.043937,8.3292e-05
3d6.(3H).4d,2K,6.5,14.0,12.933458,3d6.(3H).5p,4I*,6.5,14.0,13.591111,0.657653,1885.25196,140000.0,0.0074598,0.10444,0.00019798
3d6.(3H).4d,2K,6.5,14.0,12.933458,3d6.(3H).5p,4I*,5.5,12.0,13.608783,0.675325,1835.91816,60000.0,0.0025988,0.036383,6.8972e-05
3d6.(3H).4d,2K,6.5,14.0,12.933458,3d6.(3H).5p,2I*,6.5,14.0,13.628793,0.695335,1783.0848,230000.0,0.010963,0.15348,0.00029096
3d6.(3H).4d,2K,6.5,14.0,12.933458,3d5.(2H).4s.4p.(3P*),4H*,5.5,12.0,13.635861,0.702403,1765.14335,160000.0,0.0064061,0.089685,0.00017002
3d6.(3H).4d,2K,6.5,14.0,12.933458,3d6.(3H).5p,2I*,5.5,12.0,13.668887,0.735429,1685.8763,3300000.0,0.12053,1.6874,0.0031987
3d6.(3H).4d,2K,6.5,14.0,12.933458,3d5.(2G2).4s.4p.(3P*),4H*,6.5,14.0,13.681458,0.748,1657.54254,31000.0,0.0012769,0.017876,3.3888e-05
3d6.(3H).4d,2K,6.5,14.0,12.933458,3d6.(3H).5p,2H*,5.5,12.0,13.721198,0.78774,1573.92205,290000.0,0.0092316,0.12924,0.00024501
3d6.(5D).5d,6F,3.5,8.0,12.941587,3d5.(4F).4s.4p.(3P*),6D*,3.5,8.0,13.376267,0.43468,2852.31233,500.0,6.0985e-05,0.00048788,1.6185e-06
3d6.(5D).5d,6F,3.5,8.0,12.941587,3d6.(3H).5p,4I*,4.5,10.0,13.627375,0.685787,1807.91065,42000.0,0.0025726,0.020581,6.8277e-05
3d6.(5D).5d,6F,3.5,8.0,12.941587,3d6.(3F2).5p,4D*,3.5,8.0,13.696423,0.754836,1642.53247,10000.0,0.00040447,0.0032358,1.0735e-05
3d6.(5D).5d,6D,4.5,10.0,12.945397,3d5.(2G2).4s.4p.(3P*),4H*,5.5,12.0,13.612771,0.667374,1857.79158,11000.0,0.00068301,0.0068301,1.8127e-05
3d6.(5D).5d,6D,4.5,10.0,12.945397,3d6.(3F2).5p,4D*,3.5,8.0,13.696423,0.751026,1650.86514,5000.0,0.00016343,0.0016343,4.3375e-06
3d6.(5D).5d,6F,2.5,6.0,12.947231,3d6.(3P2).5p,4P*,2.5,6.0,13.490414,0.543183,2282.54889,5000.0,0.00039054,0.0023433,1.0365e-05
3d6.(5D).5d,6F,2.5,6.0,12.947231,3d6.(3P2).5p,4P*,1.5,4.0,13.570862,0.623631,1988.10255,110000.0,0.0043455,0.026073,0.00011533
3d6.(5D).5d,6F,2.5,6.0,12.947231,3d6.(3F2).5p,4F*,3.5,8.0,13.65622,0.708989,1748.74668,270000.0,0.016505,0.09903,0.00043804
3d6.(3H).4d,2F,3.5,8.0,12.954068,3d6.(3P2).5p,4P*,2.5,6.0,13.490414,0.536346,2311.64667,17000.0,0.0010214,0.0081715,2.7109e-05
3d6.(3H).4d,2F,3.5,8.0,12.954068,3d6.(3F2).5p,4F*,3.5,8.0,13.65622,0.702152,1765.77535,150000.0,0.0070117,0.056093,0.00018609
3d6.(3H).4d,2F,3.5,8.0,12.954068,3d6.(3F1).5p,4D*,2.5,6.0,13.674309,0.720241,1721.42727,14000.0,0.00046647,0.0037318,1.238e-05
3d6.(3H).4d,2F,3.5,8.0,12.954068,3d6.(3P2).5p,4D*,2.5,6.0,13.701069,0.747001,1659.75903,1900000.0,0.058852,0.47082,0.0015619
3d6.(3H).4d,4F,2.5,6.0,12.957224,3d5.(4F).4s.4p.(3P*),6D*,2.5,6.0,13.406479,0.449255,2759.7746,600.0,6.8511e-05,0.00041106,1.8183e-06
3d6.(3H).4d,4F,2.5,6.0,12.957224,3d6.(3P2).5p,4P*,2.5,6.0,13.490414,0.53319,2325.32778,1000.0,8.1064e-05,0.00048638,2.1514e-06
3d6.(3H).4d,4F,2.5,6.0,12.957224,3d5.(2G2).4s.4p.(3P*),4H*,3.5,8.0,13.585152,0.627928,1974.49705,8000.0,0.00062345,0.0037407,1.6546e-05
3d6.(3H).4d,4F,2.5,6.0,12.957224,3d6.(3F2).5p,4F*,3.5,8.0,13.65622,0.698996,1773.74689,220000.0,0.013836,0.083015,0.0003672
3d6.(3H).4d,4F,2.5,6.0,12.957224,3d6.(3H).5p,2G*,3.5,8.0,13.689575,0.732351,1692.96049,60000.0,0.0034375,0.020625,9.1231e-05
3d6.(3P2).4d,4F,2.5,6.0,12.964932,3d6.(3P2).5p,4P*,1.5,4.0,13.570862,0.60593,2046.18023,41000.0,0.0017157,0.010294,4.5535e-05
3d6.(3P2).4d,4F,2.5,6.0,12.964932,3d6.(3H).5p,4G*,2.5,6.0,13.640359,0.675427,1835.64091,33000.0,0.0016671,0.010002,4.4244e-05
3d6.(3P2).4d,4F,2.5,6.0,12.964932,3d6.(3F1).5p,4D*,2.5,6.0,13.674309,0.709377,1747.78945,20000.0,0.00091594,0.0054956,2.4309e-05
3d6.(3P2).4d,4F,2.5,6.0,12.964932,3d6.(3P2).5p,4D*,2.5,6.0,13.701069,0.736138,1684.2528,420000.0,0.017862,0.10717,0.00047405
3d6.(3P2).4d,4F,1.5,4.0,12.96539,3d5.(2D3).4s.4p.(3P*),4D*,0.5,2.0,13.322667,0.357276,3470.26093,2400.0,0.00021665,0.00086661,5.75e-06
3d6.(3P2).4d,4F,1.5,4.0,12.96539,3d6.(3P2).5p,4P*,1.5,4.0,13.570862,0.605472,2047.72972,14000.0,0.0008801,0.0035204,2.3358e-05
3d6.(3P2).4d,4F,1.5,4.0,12.96539,3d6.(3P2).5p,4P*,0.5,2.0,13.579869,0.614479,2017.71418,50000.0,0.0015259,0.0061035,4.0497e-05
3d6.(3P2).4d,4F,1.5,4.0,12.96539,3d6.(3F2).5p,4D*,1.5,4.0,13.718331,0.752941,1646.66508,60000.0,0.0024391,0.0097562,6.4732e-05
3d6.(5D).5d,6D,1.5,4.0,12.96735,3d6.(3H).5p,4G*,2.5,6.0,13.640359,0.673009,1842.23603,10000.0,0.00076321,0.0030528,2.0255e-05
3d6.(5D).5d,6G,5.5,12.0,12.967916,3d5.(2F1).4s.4p.(3P*),4F*,4.5,10.0,13.417272,0.449356,2759.15061,440.0,4.1849e-05,0.00050218,1.1107e-06
3d6.(5D).5d,6G,5.5,12.0,12.967916,3d5.(2G2).4s.4p.(3P*),4H*,5.5,12.0,13.612771,0.644856,1922.66518,2400.0,0.00013301,0.0015961,3.53e-06
3d6.(5D).5d,6G,5.5,12.0,12.967916,3d5.(2G2).4s.4p.(3P*),4H*,6.5,14.0,13.681458,0.713542,1737.58674,3600.0,0.00019011,0.0022813,5.0455e-06
3d6.(3H).4d,2I,6.5,14.0,12.971513,3d5.(2I).4s.4p.(3P*),2I*,6.5,14.0,13.532827,0.561314,2208.8207,41000.0,0.0029989,0.041985,7.9591e-05
3d6.(3H).4d,2I,6.5,14.0,12.971513,3d5.(2I).4s.4p.(3P*),2I*,5.5,12.0,13.547993,0.57648,2150.71156,27000.0,0.0016049,0.022468,4.2593e-05
3d6.(3H).4d,2I,6.5,14.0,12.971513,3d6.(3H).5p,4I*,6.5,14.0,13.591111,0.619598,2001.04226,180000.0,0.010805,0.15128,0.00028678
3d6.(3H).4d,2I,6.5,14.0,12.971513,3d6.(3H).5p,2I*,6.5,14.0,13.628793,0.65728,1886.32153,500000.0,0.026672,0.37341,0.00070788
3d6.(3H).4d,2I,6.5,14.0,12.971513,3d5.(2H).4s.4p.(3P*),4H*,5.5,12.0,13.635861,0.664348,1866.25409,60000.0,0.0026854,0.037595,7.127e-05
3d6.(3H).4d,2I,6.5,14.0,12.971513,3d6.(3H).5p,2I*,5.5,12.0,13.668887,0.697374,1777.87316,500000.0,0.020309,0.28432,0.000539
3d6.(3H).4d,2I,6.5,14.0,12.971513,3d6.(3H).5p,2H*,5.5,12.0,13.721198,0.749685,1653.81659,2000000.0,0.070294,0.98411,0.0018656
3d6.(3P2).4d,2P,0.5,2.0,12.985666,3d6.(3F2).5p,4D*,1.5,4.0,13.718331,0.732665,1692.23563,70000.0,0.0060105,0.012021,0.00015952
3d6.(3F2).4d,4P,2.5,6.0,12.985988,3d6.(3F2).5p,4D*,3.5,8.0,13.696423,0.710435,1745.18733,100000.0,0.0060881,0.036529,0.00016158
3d6.(3H).4d,2I,5.5,12.0,12.989261,3d5.(2I).4s.4p.(3P*),2I*,5.5,12.0,13.547993,0.558731,2219.03044,28000.0,0.002067,0.024804,5.4859e-05
3d6.(3H).4d,2I,5.5,12.0,12.989261,3d6.(3H).5p,4I*,6.5,14.0,13.591111,0.60185,2060.05285,800.0,5.9382e-05,0.00071258,1.576e-06
3d6.(3H).4d,2I,5.5,12.0,12.989261,3d5.(2G2).4s.4p.(3P*),4H*,5.5,12.0,13.612771,0.62351,1988.48805,36000.0,0.0021341,0.025609,5.6638e-05
3d6.(3H).4d,2I,5.5,12.0,12.989261,3d5.(2H).4s.4p.(3P*),4H*,5.5,12.0,13.635861,0.646599,1917.48088,28000.0,0.0015434,0.018521,4.0962e-05
3d6.(3H).4d,2I,5.5,12.0,12.989261,3d6.(3H).5p,2I*,5.5,12.0,13.668887,0.679625,1824.30255,900000.0,0.044905,0.53886,0.0011918
3d6.(3H).4d,2G,4.5,10.0,12.994438,3d6.(3F2).5p,4F*,4.5,10.0,13.658909,0.664471,1865.90863,160000.0,0.0083514,0.083514,0.00022165
3d6.(3H).4d,2G,4.5,10.0,12.994438,3d6.(3H).5p,2H*,5.5,12.0,13.721198,0.72676,1705.98592,800000.0,0.041887,0.41887,0.0011117
3d6.(5D).5d,6D,2.5,6.0,12.997036,3d5.(2F1).4s.4p.(3P*),4D*,3.5,8.0,13.419972,0.422936,2931.50998,600.0,0.00010307,0.00061842,2.7355e-06
3d6.(5D).5d,6D,2.5,6.0,12.997036,3d6.(3H).5p,2G*,3.5,8.0,13.689575,0.692539,1790.28368,34000.0,0.0021783,0.01307,5.7813e-05
3d6.(5D).5d,6D,2.5,6.0,12.997036,3d6.(3F2).5p,4D*,3.5,8.0,13.696423,0.699387,1772.75501,30000.0,0.0018846,0.011308,5.0017e-05
3d6.(3F2).4d,4P,1.5,4.0,12.998502,3d6.(3F2).5p,4F*,2.5,6.0,13.708754,0.710252,1745.63698,110000.0,0.0075379,0.030152,0.00020006
3d6.(5D).5d,4G,5.5,12.0,13.001409,3d5.(2F1).4s.4p.(3P*),4F*,4.5,10.0,13.417272,0.415863,2981.36908,500.0,5.5524e-05,0.00066629,1.4736e-06
3d6.(5D).5d,4G,5.5,12.0,13.001409,3d6.(3F2).5p,4F*,4.5,10.0,13.658909,0.657501,1885.68894,9000.0,0.00039982,0.0047978,1.0611e-05
3d6.(5D).5d,6G,4.5,10.0,13.00204,3d6.(3F2).5p,4D*,3.5,8.0,13.696423,0.694383,1785.52967,28000.0,0.0010706,0.010706,2.8415e-05
3d6.(5D).5d,6G,4.5,10.0,13.00204,3d6.(3H).5p,2H*,5.5,12.0,13.721198,0.719159,1724.01722,50000.0,0.0026736,0.026736,7.0957e-05
3d6.(5D).5d,4D,3.5,8.0,13.002624,3d6.(3F2).5p,4F*,2.5,6.0,13.708754,0.70613,1755.82581,22000.0,0.00076262,0.0061009,2.024e-05
3d6.(3F2).4d,4F,4.5,10.0,13.007995,3d5.(2D3).4s.4p.(3P*),4D*,3.5,8.0,13.271067,0.263072,4712.92888,500.0,0.0001332,0.001332,3.5351e-06
3d6.(3F2).4d,4F,4.5,10.0,13.007995,3d5.(4F).4s.4p.(3P*),6D*,3.5,8.0,13.376267,0.368272,3366.64469,1700.0,0.0002311,0.002311,6.1333e-06
3d6.(3F2).4d,4F,4.5,10.0,13.007995,3d5.(2F1).4s.4p.(3P*),4F*,4.5,10.0,13.417272,0.409277,3029.34461,1600.0,0.00022013,0.0022013,5.8422e-06
3d6.(3F2).4d,4F,4.5,10.0,13.007995,3d5.(2F1).4s.4p.(3P*),4D*,3.5,8.0,13.419972,0.411978,3009.48956,1400.0,0.00015208,0.0015208,4.0361e-06
3d6.(3F2).4d,4F,4.5,10.0,13.007995,3d6.(3H).5p,4G*,5.5,12.0,13.450287,0.442292,2803.22109,13000.0,0.0018378,0.018378,4.8775e-05
3d6.(3F2).4d,4F,4.5,10.0,13.007995,3d6.(3P2).5p,4D*,3.5,8.0,13.582479,0.574484,2158.18216,100000.0,0.0055863,0.055863,0.00014826
3d6.(3F2).4d,4F,4.5,10.0,13.007995,3d5.(2H).4s.4p.(3P*),4H*,5.5,12.0,13.635861,0.627866,1974.69108,10000.0,0.00070152,0.0070152,1.8618e-05
3d6.(3F2).4d,4F,4.5,10.0,13.007995,3d6.(3F2).5p,4F*,3.5,8.0,13.65622,0.648225,1912.67168,60000.0,0.0026326,0.026326,6.9869e-05
3d6.(3F2).4d,4F,4.5,10.0,13.007995,3d6.(3F2).5p,4F*,4.5,10.0,13.658909,0.650915,1904.76846,380000.0,0.020669,0.20669,0.00054857
3d6.(3F2).4d,4F,4.5,10.0,13.007995,3d6.(3F2).5p,4D*,3.5,8.0,13.696423,0.688428,1800.97475,410000.0,0.01595,0.1595,0.0004233
3d6.(3F2).4d,4D,3.5,8.0,13.017582,3d5.(2H).4s.4p.(3P*),4G*,4.5,10.0,13.619663,0.602081,2059.26213,60000.0,0.0047681,0.038145,0.00012655
3d6.(3F2).4d,4D,3.5,8.0,13.017582,3d6.(3H).5p,4I*,4.5,10.0,13.627375,0.609793,2033.21914,45000.0,0.0034862,0.027889,9.2523e-05
3d6.(3F2).4d,4D,3.5,8.0,13.017582,3d6.(3F2).5p,4F*,3.5,8.0,13.65622,0.638638,1941.38491,800000.0,0.045204,0.36163,0.0011997
3d6.(3F2).4d,4D,3.5,8.0,13.017582,3d6.(3F2).5p,4F*,4.5,10.0,13.658909,0.641328,1933.24313,190000.0,0.013307,0.10646,0.00035318
3d6.(3F2).4d,4D,3.5,8.0,13.017582,3d6.(3H).5p,2G*,3.5,8.0,13.689575,0.671993,1845.02135,2600.0,0.00013269,0.0010615,3.5216e-06
3d6.(3F2).4d,4D,3.5,8.0,13.017582,3d6.(3F2).5p,4D*,3.5,8.0,13.696423,0.678841,1826.40999,270000.0,0.013503,0.10802,0.00035836
3d6.(3F2).4d,4D,3.5,8.0,13.017582,3d6.(3P2).5p,4D*,2.5,6.0,13.701069,0.683488,1813.99365,220000.0,0.0081398,0.065119,0.00021603
3d6.(3F2).4d,4G,5.5,12.0,13.026221,3d5.(2G2).4s.4p.(3P*),4H*,5.5,12.0,13.612771,0.58655,2113.78737,23000.0,0.0015407,0.018488,4.0889e-05
3d6.(3F2).4d,4G,5.5,12.0,13.026221,3d5.(2H).4s.4p.(3P*),4H*,5.5,12.0,13.635861,0.60964,2033.72974,12000.0,0.00074409,0.0089291,1.9748e-05
3d6.(3F2).4d,4G,5.5,12.0,13.026221,3d6.(3F2).5p,4F*,4.5,10.0,13.658909,0.632688,1959.64201,700000.0,0.033584,0.40301,0.00089131
3d6.(3F2).4d,4G,5.5,12.0,13.026221,3d6.(3H).5p,2I*,5.5,12.0,13.668887,0.642665,1929.21881,130000.0,0.0072538,0.087046,0.00019252
3d6.(3H).4d,2G,3.5,8.0,13.033591,3d6.(3F2).5p,4F*,3.5,8.0,13.65622,0.622628,1991.30361,18000.0,0.0010701,0.0085605,2.8399e-05
3d6.(3H).4d,2G,3.5,8.0,13.033591,3d6.(3H).5p,2G*,3.5,8.0,13.689575,0.655984,1890.04999,1000000.0,0.053556,0.42845,0.0014214
3d6.(3H).4d,2G,3.5,8.0,13.033591,3d6.(3P2).5p,4D*,2.5,6.0,13.701069,0.667478,1857.50267,100000.0,0.0038795,0.031036,0.00010296
3d6.(5D).5d,4D,2.5,6.0,13.034183,3d6.(3F2).5p,4F*,3.5,8.0,13.65622,0.622037,1993.1962,60000.0,0.0047649,0.028589,0.00012646
3d6.(5D).5d,4D,2.5,6.0,13.034183,3d6.(3F2).5p,4D*,3.5,8.0,13.696423,0.66224,1872.19378,150000.0,0.01051,0.063058,0.00027893
3d6.(5D).5d,4D,2.5,6.0,13.034183,3d6.(3P2).5p,4D*,2.5,6.0,13.701069,0.666887,1859.14936,25000.0,0.0012955,0.0077728,3.4382e-05
3d6.(3F2).4d,4G,4.5,10.0,13.03757,3d5.(2H).4s.4p.(3P*),4G*,4.5,10.0,13.619663,0.582093,2129.97343,9000.0,0.00061214,0.0061214,1.6246e-05
3d6.(3F2).4d,4G,4.5,10.0,13.03757,3d6.(3H).5p,4G*,3.5,8.0,13.635254,0.597684,2074.41088,21000.0,0.0010838,0.010838,2.8765e-05
3d6.(3F2).4d,4G,4.5,10.0,13.03757,3d6.(3F2).5p,4F*,3.5,8.0,13.65622,0.61865,2004.10924,190000.0,0.0091526,0.091526,0.00024291
3d6.(3F2).4d,4G,4.5,10.0,13.03757,3d6.(3F2).5p,4F*,4.5,10.0,13.658909,0.62134,1995.43403,40000.0,0.0023878,0.023878,6.3372e-05
3d6.(3F2).4d,4G,4.5,10.0,13.03757,3d6.(3H).5p,2G*,3.5,8.0,13.689575,0.652005,1901.58268,240000.0,0.010409,0.10409,0.00027624
3d6.(3F2).4d,4G,4.5,10.0,13.03757,3d6.(3F2).5p,4D*,3.5,8.0,13.696423,0.658853,1881.81883,220000.0,0.0093439,0.093439,0.00024799
3d6.(5D).5d,4G,4.5,10.0,13.044511,3d6.(3F2).5p,4F*,4.5,10.0,13.658909,0.614398,2017.97822,1600.0,9.7682e-05,0.00097682,2.5925e-06
3d6.(3H).4d,4F,3.5,8.0,13.045693,3d5.(2H).4s.4p.(3P*),4G*,4.5,10.0,13.619663,0.57397,2160.11786,1600.0,0.00013991,0.0011193,3.7132e-06
3d6.(3H).4d,4F,3.5,8.0,13.045693,3d6.(3F2).5p,4F*,4.5,10.0,13.658909,0.613216,2021.86697,35000.0,0.0026813,0.02145,7.1161e-05
3d6.(3H).4d,4F,3.5,8.0,13.045693,3d6.(3F2).5p,4D*,3.5,8.0,13.696423,0.65073,1905.30969,500000.0,0.027212,0.2177,0.00072221
3d6.(3H).4d,4F,3.5,8.0,13.045693,3d6.(3P2).5p,4D*,2.5,6.0,13.701069,0.655376,1891.80139,90000.0,0.0036217,0.028974,9.612e-05
3d6.(3H).4d,4F,3.5,8.0,13.045693,3d6.(3F2).5p,4F*,2.5,6.0,13.708754,0.663061,1869.8762,500000.0,0.019657,0.15726,0.0005217
3d6.(3P2).4d,2D,2.5,6.0,13.04795,3d5.(4F).4s.4p.(3P*),6D*,1.5,4.0,13.414085,0.366135,3386.29551,700.0,8.0226e-05,0.00048136,2.1292e-06
3d6.(3P2).4d,2D,2.5,6.0,13.04795,3d6.(3F2).5p,4F*,3.5,8.0,13.65622,0.60827,2038.30962,34000.0,0.0028237,0.016942,7.4941e-05
3d6.(3P2).4d,2D,2.5,6.0,13.04795,3d6.(3H).5p,2G*,3.5,8.0,13.689575,0.641625,1932.34645,300000.0,0.022392,0.13435,0.00059428
3d6.(3P2).4d,2D,2.5,6.0,13.04795,3d6.(3P2).5p,4D*,2.5,6.0,13.701069,0.653119,1898.33922,5000.0,0.00027013,0.0016208,7.1693e-06
3d6.(3P2).4d,2D,2.5,6.0,13.04795,3d6.(3F2).5p,4F*,2.5,6.0,13.708754,0.660804,1876.26312,300000.0,0.015833,0.094999,0.00042021
3d6.(3F2).4d,4H,6.5,14.0,13.054157,3d5.(2H).4s.4p.(3P*),4H*,5.5,12.0,13.635861,0.581704,2131.3956,12000.0,0.00070052,0.0098073,1.8592e-05
3d6.(3F2).4d,4H,6.5,14.0,13.054157,3d6.(3H).5p,2I*,5.5,12.0,13.668887,0.61473,2016.88836,3300.0,0.0001725,0.002415,4.5782e-06
3d6.(3F2).4d,4G,3.5,8.0,13.054422,3d6.(3H).5p,4G*,3.5,8.0,13.635254,0.580832,2134.59729,42000.0,0.0028691,0.022953,7.6145e-05
3d6.(3F2).4d,4G,3.5,8.0,13.054422,3d6.(3F1).5p,4D*,2.5,6.0,13.674309,0.619887,2000.10999,450000.0,0.020241,0.16193,0.00053721
3d6.(3F2).4d,4G,3.5,8.0,13.054422,3d6.(3F2).5p,4D*,3.5,8.0,13.696423,0.642001,1931.21534,70000.0,0.003914,0.031312,0.00010388
3d6.(3F2).4d,4G,3.5,8.0,13.054422,3d6.(3P2).5p,4D*,2.5,6.0,13.701069,0.646647,1917.33854,40000.0,0.0016534,0.013227,4.3881e-05
3d6.(3F2).4d,4G,3.5,8.0,13.054422,3d6.(3F2).5p,4F*,2.5,6.0,13.708754,0.654332,1894.82095,250000.0,0.010092,0.08074,0.00026785
3d6.(3F2).4d,4D,2.5,6.0,13.065383,3d6.(3F2).5p,4F*,1.5,4.0,13.688708,0.623325,1989.07822,320000.0,0.012654,0.075923,0.00033583
3d6.(3F2).4d,4D,2.5,6.0,13.065383,3d6.(3F2).5p,4F*,2.5,6.0,13.708754,0.643371,1927.10419,310000.0,0.01726,0.10356,0.00045807
3d6.(3F2).4d,4D,2.5,6.0,13.065383,3d6.(3F2).5p,4D*,1.5,4.0,13.718331,0.652948,1898.83754,9000.0,0.00032433,0.001946,8.6077e-06
3d6.(3F2).4d,4H,5.5,12.0,13.067795,3d5.(2H).4s.4p.(3P*),4G*,4.5,10.0,13.619663,0.551867,2246.63023,25000.0,0.0015765,0.018917,4.1839e-05
3d6.(3F2).4d,4H,5.5,12.0,13.067795,3d6.(3H).5p,4I*,4.5,10.0,13.627375,0.559579,2215.66806,23000.0,0.0014106,0.016928,3.7438e-05
3d6.(3F2).4d,4H,5.5,12.0,13.067795,3d6.(3F2).5p,4F*,4.5,10.0,13.658909,0.591114,2097.46608,11000.0,0.00060459,0.0072551,1.6046e-05
3d6.(3F2).4d,4G,2.5,6.0,13.069693,3d5.(4G).4s.4p.(1P*),4H*,3.5,8.0,13.502701,0.433008,2863.32417,3100.0,0.00050804,0.0030483,1.3483e-05
3d6.(3F2).4d,4G,2.5,6.0,13.069693,3d6.(3H).5p,4G*,3.5,8.0,13.635254,0.56556,2192.2362,15000.0,0.001441,0.008646,3.8244e-05
3d6.(3F2).4d,4G,2.5,6.0,13.069693,3d6.(3F2).5p,4F*,1.5,4.0,13.688708,0.619015,2002.92721,380000.0,0.015236,0.091418,0.00040437
3d6.(3F2).4d,4G,2.5,6.0,13.069693,3d6.(3P2).5p,4D*,2.5,6.0,13.701069,0.631376,1963.71415,22000.0,0.0012719,0.0076312,3.3755e-05
3d6.(3F2).4d,4G,2.5,6.0,13.069693,3d6.(3F2).5p,4D*,1.5,4.0,13.718331,0.648638,1911.45444,90000.0,0.0032865,0.019719,8.7225e-05
3d6.(5D).5d,4G,3.5,8.0,13.074079,3d6.(3F1).5p,4D*,2.5,6.0,13.674309,0.60023,2065.61114,26000.0,0.0012474,0.0099789,3.3105e-05
3d6.(5D).5d,4G,3.5,8.0,13.074079,3d6.(3H).5p,2G*,3.5,8.0,13.689575,0.615496,2014.37731,6000.0,0.000365,0.00292,9.6871e-06
3d6.(3F2).4d,4D,1.5,4.0,13.075402,3d6.(3F2).5p,4F*,1.5,4.0,13.688708,0.613306,2021.57192,220000.0,0.013479,0.053916,0.00035774
3d6.(3F2).4d,4D,0.5,2.0,13.077596,3d6.(3F2).5p,4F*,1.5,4.0,13.688708,0.611112,2028.82773,360000.0,0.044431,0.088861,0.0011792
3d6.(3F2).4d,4H,4.5,10.0,13.083368,3d6.(3H).5p,4G*,3.5,8.0,13.635254,0.551885,2246.55655,180000.0,0.010896,0.10896,0.00028917
3d6.(3F2).4d,4H,4.5,10.0,13.083368,3d5.(2F1).4s.4p.(3P*),2G*,4.5,10.0,13.720177,0.636809,1946.96175,3400.0,0.00019322,0.0019322,5.1281e-06
3d6.(3F2).4d,4H,3.5,8.0,13.091451,3d6.(3H).5p,4G*,2.5,6.0,13.640359,0.548908,2258.7432,260000.0,0.014915,0.11932,0.00039585
3d6.(3F2).4d,4H,3.5,8.0,13.091451,3d6.(3H).5p,2G*,3.5,8.0,13.689575,0.598124,2072.88418,8000.0,0.00051535,0.0041228,1.3677e-05
3d6.(3F2).4d,2H,5.5,12.0,13.112976,3d6.(3H).5p,2I*,6.5,14.0,13.628793,0.515817,2403.64653,27000.0,0.0027284,0.032741,7.2412e-05
3d6.(3F2).4d,2H,5.5,12.0,13.112976,3d6.(3H).5p,2H*,5.5,12.0,13.721198,0.608222,2038.46914,350000.0,0.021804,0.26165,0.00057868
3d6.(3H).4d,2H,4.5,10.0,13.144641,3d6.(3H).5p,2H*,5.5,12.0,13.721198,0.576557,2150.42395,20000.0,0.0016639,0.016639,4.4159e-05
3d6.(3H).4d,2H,5.5,12.0,13.147993,3d6.(3H).5p,2I*,6.5,14.0,13.628793,0.480801,2578.70254,32000.0,0.0037218,0.044662,9.8778e-05
3d6.(3H).4d,2H,5.5,12.0,13.147993,3d6.(3H).5p,2H*,5.5,12.0,13.721198,0.573206,2162.99661,600000.0,0.042085,0.50501,0.0011169
3d6.(3F2).4d,2H,4.5,10.0,13.154417,3d6.(3H).5p,2I*,5.5,12.0,13.668887,0.51447,2409.94264,44000.0,0.0045973,0.045973,0.00012201
3d6.(3F2).4d,2H,4.5,10.0,13.154417,3d6.(3H).5p,2G*,3.5,8.0,13.689575,0.535158,2316.77745,190000.0,0.012231,0.12231,0.00032462
3d6.(3H).4d,4F,4.5,10.0,13.231865,3d6.(3P2).5p,4D*,3.5,8.0,13.582479,0.350614,3536.20014,11000.0,0.0016497,0.016497,4.3784e-05
3d6.(3H).4d,4F,4.5,10.0,13.231865,3d6.(3F2).5p,4F*,4.5,10.0,13.658909,0.427045,2903.30795,50000.0,0.0063185,0.063185,0.00016769
3d6.(3H).4d,4F,4.5,10.0,13.231865,3d6.(3F2).5p,4D*,3.5,8.0,13.696423,0.464558,2668.86313,43000.0,0.0036734,0.036734,9.7493e-05
3d6.(3F2).4d,4F,3.5,8.0,13.237449,3d6.(3P2).5p,4D*,2.5,6.0,13.701069,0.46362,2674.26049,36000.0,0.0028949,0.023159,7.683e-05
3d6.(5D).5d,4F,1.5,4.0,13.247296,3d6.(3F2).5p,4F*,1.5,4.0,13.688708,0.441412,2808.80706,60000.0,0.0070967,0.028387,0.00018835
3d6.(3F2).4d,2G,3.5,8.0,13.253957,3d6.(3P2).5p,4D*,3.5,8.0,13.582479,0.328522,3774.00101,600.0,0.00012812,0.001025,3.4003e-06
3d6.(3F2).4d,2G,3.5,8.0,13.253957,3d6.(3H).5p,2G*,3.5,8.0,13.689575,0.435618,2846.16728,50000.0,0.0060723,0.048578,0.00016116
3d6.(3F2).4d,2G,3.5,8.0,13.253957,3d6.(3P2).5p,4D*,2.5,6.0,13.701069,0.447112,2772.99905,33000.0,0.0028532,0.022826,7.5724e-05
3d6.(3F2).4d,2G,4.5,10.0,13.256941,3d6.(3P2).5p,4D*,3.5,8.0,13.582479,0.325538,3808.59489,5000.0,0.00086986,0.0086986,2.3086e-05
