obs_wl_vac(nm),ritz_wl_vac(nm),intens,Aki(s^-1),Acc,Ei(eV),Ek(eV),conf_i,term_i,J_i,conf_k,term_k,J_k,g_i,g_k,Type,tp_ref,line_ref,
"=""68.5544""","=""""","=""70""","=""""",,"=""""","=""""","=""""","=""""","=""""","=""""","=""""","=""""",1,1,,"=""""","=""L3760""",
"=""""","=""69.7528""","=""""","=""2.05e+07""",C,"=""0.0000000""","=""17.77480""","=""2s2.2p4""","=""3P""","=""2""","=""2s2.2p3.(2P*).4d""","=""3D*""","=""3""",5,7,,"=""T5803""","=""""",
"=""""","=""69.7528""","=""""","=""5.30e+06""",D,"=""0.0000000""","=""17.77480""","=""2s2.2p4""","=""3P""","=""2""","=""2s2.2p3.(2P*).4d""","=""3D*""","=""2""",5,5,,"=""T5803""","=""""",
"=""""","=""69.7528""","=""""","=""6.02e+05""",D,"=""0.0000000""","=""17.77480""","=""2s2.2p4""","=""3P""","=""2""","=""2s2.2p3.(2P*).4d""","=""3D*""","=""1""",5,3,,"=""T5803""","=""""",
"=""""","=""69.8299""","=""""","=""1.58e+07""",C,"=""0.0196224""","=""17.77480""","=""2s2.2p4""","=""3P""","=""1""","=""2s2.2p3.(2P*).4d""","=""3D*""","=""2""",3,5,,"=""T5803""","=""""",
"=""""","=""69.8299""","=""""","=""8.97e+06""",C,"=""0.0196224""","=""17.77480""","=""2s2.2p4""","=""3P""","=""1""","=""2s2.2p3.(2P*).4d""","=""3D*""","=""1""",3,3,,"=""T5803""","=""""",
"=""""","=""69.8634""","=""""","=""1.19e+07""",C,"=""0.0281416""","=""17.77480""","=""2s2.2p4""","=""3P""","=""0""","=""2s2.2p3.(2P*).4d""","=""3D*""","=""1""",1,3,,"=""T5803""","=""""",
"=""""","=""72.4835""","=""""","=""4.60e+07""",C+,"=""0.0000000""","=""17.10517""","=""2s2.2p4""","=""3P""","=""2""","=""2s2.2p3.(2P*).3d""","=""3D*""","=""3""",5,7,,"=""T5803""","=""""",
"=""""","=""72.4835""","=""""","=""1.19e+07""",C,"=""0.0000000""","=""17.10517""","=""2s2.2p4""","=""3P""","=""2""","=""2s2.2p3.(2P*).3d""","=""3D*""","=""2""",5,5,,"=""T5803""","=""""",
"=""""","=""72.4835""","=""""","=""1.35e+06""",D,"=""0.0000000""","=""17.10517""","=""2s2.2p4""","=""3P""","=""2""","=""2s2.2p3.(2P*).3d""","=""3D*""","=""1""",5,3,,"=""T5803""","=""""",
"=""""","=""72.5667""","=""""","=""3.53e+07""",C+,"=""0.0196224""","=""17.10517""","=""2s2.2p4""","=""3P""","=""1""","=""2s2.2p3.(2P*).3d""","=""3D*""","=""2""",3,5,,"=""T5803""","=""""",
"=""""","=""72.5667""","=""""","=""2.01e+07""",C,"=""0.0196224""","=""17.10517""","=""2s2.2p4""","=""3P""","=""1""","=""2s2.2p3.(2P*).3d""","=""3D*""","=""1""",3,3,,"=""T5803""","=""""",
"=""""","=""72.6029""","=""""","=""2.66e+07""",C,"=""0.0281416""","=""17.10517""","=""2s2.2p4""","=""3P""","=""0""","=""2s2.2p3.(2P*).3d""","=""3D*""","=""1""",1,3,,"=""T5803""","=""""",
"=""74.4794""","=""74.4794+""","=""70""","=""""",,"=""0.0000000""","=""16.64678""","=""2s2.2p4""","=""3P""","=""2""","=""2s2.2p3.(2D*).8s""","=""3D*""","=""3""",5,7,,"=""""","=""L3760""",
"=""""","=""76.935278""","=""""","=""8.84e+07""",C+,"=""0.0000000""","=""16.1153897""","=""2s2.2p4""","=""3P""","=""2""","=""2s2.2p3.(2D*<3/2>).4d""","=""3P*""","=""1""",5,3,,"=""T5713LS""","=""""",
"=""""","=""76.940832""","=""""","=""1.59e+08""",C+,"=""0.0000000""","=""16.1142263""","=""2s2.2p4""","=""3P""","=""2""","=""2s2.2p3.(2D*<3/2>).4d""","=""3P*""","=""2""",5,5,,"=""T5713LS""","=""""",
"=""""","=""77.026003""","=""""","=""2.11e+08""",C+,"=""0.0196224""","=""16.1160306""","=""2s2.2p4""","=""3P""","=""1""","=""2s2.2p3.(2D*<3/2>).4d""","=""3P*""","=""0""",3,1,,"=""T5713LS""","=""""",
"=""""","=""77.029070""","=""""","=""5.29e+07""",C+,"=""0.0196224""","=""16.1153897""","=""2s2.2p4""","=""3P""","=""1""","=""2s2.2p3.(2D*<3/2>).4d""","=""3P*""","=""1""",3,3,,"=""T5713LS""","=""""",
"=""""","=""77.034638""","=""""","=""5.29e+07""",C+,"=""0.0196224""","=""16.1142263""","=""2s2.2p4""","=""3P""","=""1""","=""2s2.2p3.(2D*<3/2>).4d""","=""3P*""","=""2""",3,5,,"=""T5713LS""","=""""",
"=""""","=""77.069861""","=""""","=""7.04e+07""",C+,"=""0.0281416""","=""16.1153897""","=""2s2.2p4""","=""3P""","=""0""","=""2s2.2p3.(2D*<3/2>).4d""","=""3P*""","=""1""",1,3,,"=""T5713LS""","=""""",
"=""77.0793""","=""77.0793""","=""70""","=""2.58e+07""",C,"=""0.0000000""","=""16.08529""","=""2s2.2p4""","=""3P""","=""2""","=""2s2.2p3.(2D*<3/2>).4d""","=""3S*""","=""1""",5,3,,"=""T5803""","=""L3760""",
"=""""","=""77.0992""","=""""","=""4.83e+05""",C,"=""0.0000000""","=""16.08112""","=""2s2.2p4""","=""3P""","=""2""","=""2s2.2p3.(2D*<5/2>).4d""","=""3D*""","=""1""",5,3,,"=""T5803""","=""""",
"=""""","=""77.1025""","=""""","=""4.40e+06""",C,"=""0.0000000""","=""16.08044""","=""2s2.2p4""","=""3P""","=""2""","=""2s2.2p3.(2D*<5/2>).4d""","=""3D*""","=""2""",5,5,,"=""T5803""","=""""",
"=""77.1056""","=""77.1056""","=""90""","=""1.79e+07""",C+,"=""0.0000000""","=""16.07980""","=""2s2.2p4""","=""3P""","=""2""","=""2s2.2p3.(2D*<5/2>).4d""","=""3D*""","=""3""",5,7,,"=""T5803""","=""L3760""",
"=""""","=""77.1734""","=""""","=""1.54e+07""",C,"=""0.0196224""","=""16.08529""","=""2s2.2p4""","=""3P""","=""1""","=""2s2.2p3.(2D*<3/2>).4d""","=""3S*""","=""1""",3,3,,"=""T5803""","=""""",
"=""""","=""77.1934""","=""""","=""7.20e+06""",C,"=""0.0196224""","=""16.08112""","=""2s2.2p4""","=""3P""","=""1""","=""2s2.2p3.(2D*<5/2>).4d""","=""3D*""","=""1""",3,3,,"=""T5803""","=""""",
"=""""","=""77.1967""","=""""","=""1.31e+07""",C+,"=""0.0196224""","=""16.08044""","=""2s2.2p4""","=""3P""","=""1""","=""2s2.2p3.(2D*<5/2>).4d""","=""3D*""","=""2""",3,5,,"=""T5803""","=""""",
"=""""","=""77.2143""","=""""","=""5.12e+06""",C,"=""0.0281416""","=""16.08529""","=""2s2.2p4""","=""3P""","=""0""","=""2s2.2p3.(2D*<3/2>).4d""","=""3S*""","=""1""",1,3,,"=""T5803""","=""""",
"=""""","=""77.2344""","=""""","=""9.58e+06""",C,"=""0.0281416""","=""16.08112""","=""2s2.2p4""","=""3P""","=""0""","=""2s2.2p3.(2D*<5/2>).4d""","=""3D*""","=""1""",1,3,,"=""T5803""","=""""",
"=""77.5321""","=""77.5321+""","=""70""","=""""",,"=""0.0000000""","=""15.99133""","=""2s2.2p4""","=""3P""","=""2""","=""2s2.2p3.(2D*).5s""","=""3D*""","=""3""",5,7,,"=""""","=""L3760""",
"=""""","=""79.151355""","=""""","=""2.75e+08""",B,"=""0.0000000""","=""15.6641915""","=""2s2.2p4""","=""3P""","=""2""","=""2s.2p5""","=""3P*""","=""1""",5,3,,"=""T5713LS""","=""""",
"=""79.1973""","=""79.197322""","=""70""","=""4.94e+08""",B,"=""0.0000000""","=""15.6550999""","=""2s2.2p4""","=""3P""","=""2""","=""2s.2p5""","=""3P*""","=""2""",5,5,,"=""T5713LS""","=""L3760""",
"=""""","=""79.223304""","=""""","=""6.59e+08""",B,"=""0.0196224""","=""15.6695881""","=""2s2.2p4""","=""3P""","=""1""","=""2s.2p5""","=""3P*""","=""0""",3,1,,"=""T5713LS""","=""""",
"=""""","=""79.250631""","=""""","=""1.64e+08""",B,"=""0.0196224""","=""15.6641915""","=""2s2.2p4""","=""3P""","=""1""","=""2s.2p5""","=""3P*""","=""1""",3,3,,"=""T5713LS""","=""""",
"=""""","=""79.293811""","=""""","=""2.19e+08""",B,"=""0.0281416""","=""15.6641915""","=""2s2.2p4""","=""3P""","=""0""","=""2s.2p5""","=""3P*""","=""1""",1,3,,"=""T5713LS""","=""""",
"=""""","=""79.296714""","=""""","=""1.64e+08""",B,"=""0.0196224""","=""15.6550999""","=""2s2.2p4""","=""3P""","=""1""","=""2s.2p5""","=""3P*""","=""2""",3,5,,"=""T5713LS""","=""""",
"=""80.4267""","=""80.4270""","=""90""","=""7.02e+07""",C,"=""0.0000000""","=""15.41574""","=""2s2.2p4""","=""3P""","=""2""","=""2s2.2p3.(2D*<3/2>).3d""","=""3S*""","=""1""",5,3,,"=""T5803""","=""L3760""",
"=""""","=""80.4738""","=""""","=""1.21e+06""",D,"=""0.0000000""","=""15.40677""","=""2s2.2p4""","=""3P""","=""2""","=""2s2.2p3.(2D*<5/2>).3d""","=""3D*""","=""1""",5,3,,"=""T5803""","=""""",
"=""""","=""80.4779""","=""""","=""1.10e+07""",C+,"=""0.0000000""","=""15.40599""","=""2s2.2p4""","=""3P""","=""2""","=""2s2.2p3.(2D*<5/2>).3d""","=""3D*""","=""2""",5,5,,"=""T5803""","=""""",
"=""80.4848""","=""80.4848""","=""70""","=""4.47e+07""",B,"=""0.0000000""","=""15.40468""","=""2s2.2p4""","=""3P""","=""2""","=""2s2.2p3.(2D*<5/2>).3d""","=""3D*""","=""3""",5,7,,"=""T5803""","=""L3760""",
"=""80.5295""","=""80.5295""","=""70""","=""4.21e+07""",C,"=""0.0196224""","=""15.41574""","=""2s2.2p4""","=""3P""","=""1""","=""2s2.2p3.(2D*<3/2>).3d""","=""3S*""","=""1""",3,3,,"=""T5803""","=""L3760""",
"=""""","=""80.5741""","=""""","=""1.40e+07""",C,"=""0.0281416""","=""15.41574""","=""2s2.2p4""","=""3P""","=""0""","=""2s2.2p3.(2D*<3/2>).3d""","=""3S*""","=""1""",1,3,,"=""T5803""","=""""",
"=""""","=""80.5765""","=""""","=""1.80e+07""",C+,"=""0.0196224""","=""15.40677""","=""2s2.2p4""","=""3P""","=""1""","=""2s2.2p3.(2D*<5/2>).3d""","=""3D*""","=""1""",3,3,,"=""T5803""","=""""",
"=""80.5810""","=""80.5805""","=""80""","=""3.29e+07""",B,"=""0.0196224""","=""15.40599""","=""2s2.2p4""","=""3P""","=""1""","=""2s2.2p3.(2D*<5/2>).3d""","=""3D*""","=""2""",3,5,,"=""T5803""","=""L3760""",
"=""""","=""80.6211""","=""""","=""2.40e+07""",C+,"=""0.0281416""","=""15.40677""","=""2s2.2p4""","=""3P""","=""0""","=""2s2.2p3.(2D*<5/2>).3d""","=""3D*""","=""1""",1,3,,"=""T5803""","=""""",
"=""""","=""81.066503""","=""""","=""1.37e+07""",D,"=""0.0000000""","=""15.2941343""","=""2s2.2p4""","=""3P""","=""2""","=""2s2.2p3.(2D*<3/2>).3d""","=""3P*""","=""1""",5,3,,"=""T5713LS""","=""""",
"=""""","=""81.105121""","=""""","=""2.46e+07""",C,"=""0.0000000""","=""15.2868521""","=""2s2.2p4""","=""3P""","=""2""","=""2s2.2p3.(2D*<3/2>).3d""","=""3P*""","=""2""",5,5,,"=""T5713LS""","=""""",
"=""""","=""81.149681""","=""""","=""3.27e+07""",D,"=""0.0196224""","=""15.2980803""","=""2s2.2p4""","=""3P""","=""1""","=""2s2.2p3.(2D*<3/2>).3d""","=""3P*""","=""0""",3,1,,"=""T5713LS""","=""""",
"=""""","=""81.170645""","=""""","=""8.17e+06""",D,"=""0.0196224""","=""15.2941343""","=""2s2.2p4""","=""3P""","=""1""","=""2s2.2p3.(2D*<3/2>).3d""","=""3P*""","=""1""",3,3,,"=""T5713LS""","=""""",
"=""""","=""81.209362""","=""""","=""8.15e+06""",D,"=""0.0196224""","=""15.2868521""","=""2s2.2p4""","=""3P""","=""1""","=""2s2.2p3.(2D*<3/2>).3d""","=""3P*""","=""2""",3,5,,"=""T5713LS""","=""""",
"=""""","=""81.215942""","=""""","=""1.09e+07""",D,"=""0.0281416""","=""15.2941343""","=""2s2.2p4""","=""3P""","=""0""","=""2s2.2p3.(2D*<3/2>).3d""","=""3P*""","=""1""",1,3,,"=""T5713LS""","=""""",
"=""""","=""81.6720""","=""""","=""1.63e+06""",C,"=""0.0000000""","=""15.18075""","=""2s2.2p4""","=""3P""","=""2""","=""2s2.2p3.(2D*).4s""","=""3D*""","=""1""",5,3,,"=""T5803""","=""""",
"=""""","=""81.6772""","=""""","=""1.47e+07""",C+,"=""0.0000000""","=""15.17978""","=""2s2.2p4""","=""3P""","=""2""","=""2s2.2p3.(2D*).4s""","=""3D*""","=""2""",5,5,,"=""T5803""","=""""",
"=""""","=""81.6862""","=""""","=""5.89e+07""",B,"=""0.0000000""","=""15.17811""","=""2s2.2p4""","=""3P""","=""2""","=""2s2.2p3.(2D*).4s""","=""3D*""","=""3""",5,7,,"=""T5803""","=""""",
"=""""","=""81.7777""","=""""","=""2.44e+07""",C+,"=""0.0196224""","=""15.18075""","=""2s2.2p4""","=""3P""","=""1""","=""2s2.2p3.(2D*).4s""","=""3D*""","=""1""",3,3,,"=""T5803""","=""""",
"=""""","=""81.7829""","=""""","=""4.40e+07""",B,"=""0.0196224""","=""15.17978""","=""2s2.2p4""","=""3P""","=""1""","=""2s2.2p3.(2D*).4s""","=""3D*""","=""2""",3,5,,"=""T5803""","=""""",
"=""""","=""81.8237""","=""""","=""3.25e+07""",C+,"=""0.0281416""","=""15.18075""","=""2s2.2p4""","=""3P""","=""0""","=""2s2.2p3.(2D*).4s""","=""3D*""","=""1""",1,3,,"=""T5803""","=""""",
"=""""","=""83.9827""","=""""","=""1.03e+07""",B,"=""1.9673642""","=""16.730""","=""2s2.2p4""","=""1D""","=""2""","=""2s2.2p3.(2D*<3/2>).8d""","=""1D*""","=""2""",5,5,,"=""T5713""","=""""",
"=""""","=""83.9827""","=""""","=""1.12e+07""",B,"=""1.9673642""","=""16.730""","=""2s2.2p4""","=""1D""","=""2""","=""2s2.2p3.(2D*<3/2>).8d""","=""1F*""","=""3""",5,7,,"=""T5713""","=""""",
"=""""","=""84.3589""","=""""","=""1.51e+07""",B,"=""1.9673642""","=""16.6646""","=""2s2.2p4""","=""1D""","=""2""","=""2s2.2p3.(2D*<3/2>).7d""","=""1D*""","=""2""",5,5,,"=""T5713""","=""""",
"=""""","=""84.3589""","=""""","=""1.63e+07""",B,"=""1.9673642""","=""16.6646""","=""2s2.2p4""","=""1D""","=""2""","=""2s2.2p3.(2D*<3/2>).7d""","=""1F*""","=""3""",5,7,,"=""T5713""","=""""",
"=""""","=""84.4330""","=""""","=""9.09e+06""",B,"=""1.9673642""","=""16.6517""","=""2s2.2p4""","=""1D""","=""2""","=""2s2.2p3.(2D*<3/2>).8s""","=""1D*""","=""2""",5,5,,"=""T5713""","=""""",
"=""""","=""84.9451""","=""""","=""2.49e+07""",B,"=""1.9673642""","=""16.5632""","=""2s2.2p4""","=""1D""","=""2""","=""2s2.2p3.(2D*<3/2>).6d""","=""1F*""","=""3""",5,7,,"=""T5713""","=""""",
"=""""","=""84.9480""","=""""","=""2.33e+07""",B,"=""1.9673642""","=""16.5627""","=""2s2.2p4""","=""1D""","=""2""","=""2s2.2p3.(2D*<3/2>).6d""","=""1D*""","=""2""",5,5,,"=""T5713""","=""""",
"=""""","=""85.0679""","=""""","=""1.46e+07""",B,"=""1.9673642""","=""16.5421""","=""2s2.2p4""","=""1D""","=""2""","=""2s2.2p3.(2D*<3/2>).7s""","=""1D*""","=""2""",5,5,,"=""T5713""","=""""",
"=""""","=""85.9312""","=""""","=""4.06e+07""",B,"=""1.9673642""","=""16.396""","=""2s2.2p4""","=""1D""","=""2""","=""2s2.2p3.(2D*<3/2>).5d""","=""1F*""","=""3""",5,7,,"=""T5713""","=""""",
"=""""","=""85.9349""","=""""","=""3.82e+07""",B,"=""1.9673642""","=""16.3951""","=""2s2.2p4""","=""1D""","=""2""","=""2s2.2p3.(2D*<3/2>).5d""","=""1D*""","=""2""",5,5,,"=""T5713""","=""""",
"=""""","=""85.9586""","=""""","=""1.10e+07""",B,"=""1.9673642""","=""16.3911""","=""2s2.2p4""","=""1D""","=""2""","=""2s2.2p3.(2D*<5/2>).5d""","=""1P*""","=""1""",5,3,,"=""T5713""","=""""",
"=""""","=""86.1563""","=""""","=""2.58e+07""",B,"=""1.9673642""","=""16.3580""","=""2s2.2p4""","=""1D""","=""2""","=""2s2.2p3.(2D*<3/2>).6s""","=""1D*""","=""2""",5,5,,"=""T5713""","=""""",
"=""""","=""87.779827""","=""""","=""2.85e+08""",C+,"=""0.0000000""","=""14.1244523""","=""2s2.2p4""","=""3P""","=""2""","=""2s2.2p3.(2P*).3s""","=""3P*""","=""1""",5,3,,"=""T5713LS""","=""""",
"=""87.7879""","=""87.787868""","=""40""","=""5.12e+08""",C+,"=""0.0000000""","=""14.1231587""","=""2s2.2p4""","=""3P""","=""2""","=""2s2.2p3.(2P*).3s""","=""3P*""","=""2""",5,5,,"=""T5713LS""","=""L3760""",
"=""""","=""87.820068""","=""""","=""7.05e+07""",B,"=""1.9673642""","=""16.0853444""","=""2s2.2p4""","=""1D""","=""2""","=""2s2.2p3.(2D*<3/2>).4d""","=""1F*""","=""3""",5,7,,"=""T5713""","=""""",
"=""""","=""87.8247""","=""""","=""6.68e+07""",B,"=""1.9673642""","=""16.0846""","=""2s2.2p4""","=""1D""","=""2""","=""2s2.2p3.(2D*<3/2>).4d""","=""1D*""","=""2""",5,5,,"=""T5713""","=""""",
"=""""","=""87.8618""","=""""","=""1.70e+07""",B,"=""1.9673642""","=""16.0786""","=""2s2.2p4""","=""1D""","=""2""","=""2s2.2p3.(2D*<5/2>).4d""","=""1P*""","=""1""",5,3,,"=""T5713""","=""""",
"=""""","=""87.897198""","=""""","=""6.81e+08""",C+,"=""0.0196224""","=""14.1252140""","=""2s2.2p4""","=""3P""","=""1""","=""2s2.2p3.(2P*).3s""","=""3P*""","=""0""",3,1,,"=""T5713LS""","=""""",
"=""""","=""87.901945""","=""""","=""1.70e+08""",C+,"=""0.0196224""","=""14.1244523""","=""2s2.2p4""","=""3P""","=""1""","=""2s2.2p3.(2P*).3s""","=""3P*""","=""1""",3,3,,"=""T5713LS""","=""""",
"=""""","=""87.910007""","=""""","=""1.70e+08""",C+,"=""0.0196224""","=""14.1231587""","=""2s2.2p4""","=""3P""","=""1""","=""2s2.2p3.(2P*).3s""","=""3P*""","=""2""",3,5,,"=""T5713LS""","=""""",
"=""""","=""87.955069""","=""""","=""2.26e+08""",C+,"=""0.0281416""","=""14.1244523""","=""2s2.2p4""","=""3P""","=""0""","=""2s2.2p3.(2P*).3s""","=""3P*""","=""1""",1,3,,"=""T5713LS""","=""""",
"=""""","=""88.288947""","=""""","=""5.22e+07""",B,"=""1.9673642""","=""16.0103676""","=""2s2.2p4""","=""1D""","=""2""","=""2s2.2p3.(2D*<3/2>).5s""","=""1D*""","=""2""",5,5,,"=""T5713""","=""""",
"=""92.2008""","=""92.200810""","=""80""","=""1.23e+08""",B,"=""1.9673642""","=""15.4145560""","=""2s2.2p4""","=""1D""","=""2""","=""2s2.2p3.(2D*<3/2>).3d""","=""1F*""","=""3""",5,7,,"=""T5713""","=""L3760""",
"=""""","=""92.207275""","=""""","=""1.17e+08""",B,"=""1.9673642""","=""15.4136133""","=""2s2.2p4""","=""1D""","=""2""","=""2s2.2p3.(2D*<3/2>).3d""","=""1D*""","=""2""",5,5,,"=""T5713""","=""""",
"=""""","=""92.2457""","=""""","=""2.04e+07""",B,"=""1.9673642""","=""15.4080""","=""2s2.2p4""","=""1D""","=""2""","=""2s2.2p3.(2D*<5/2>).3d""","=""1P*""","=""1""",5,3,,"=""T5713""","=""""",
"=""""","=""92.4950""","=""""","=""7.22e+06""",C,"=""0.0000000""","=""13.40443""","=""2s2.2p4""","=""3P""","=""2""","=""2s2.2p3.(4S*).8d""","=""3D*""","=""3""",5,7,,"=""T5713LS""","=""""",
"=""""","=""92.4950""","=""""","=""1.81e+06""",C,"=""0.0000000""","=""13.40443""","=""2s2.2p4""","=""3P""","=""2""","=""2s2.2p3.(4S*).8d""","=""3D*""","=""2""",5,5,,"=""T5713LS""","=""""",
"=""""","=""92.4950""","=""""","=""2.01e+05""",D,"=""0.0000000""","=""13.40443""","=""2s2.2p4""","=""3P""","=""2""","=""2s2.2p3.(4S*).8d""","=""3D*""","=""1""",5,3,,"=""T5713LS""","=""""",
"=""""","=""92.6306""","=""""","=""5.39e+06""",C,"=""0.0196224""","=""13.40443""","=""2s2.2p4""","=""3P""","=""1""","=""2s2.2p3.(4S*).8d""","=""3D*""","=""2""",3,5,,"=""T5713LS""","=""""",
"=""""","=""92.6306""","=""""","=""3.00e+06""",C,"=""0.0196224""","=""13.40443""","=""2s2.2p4""","=""3P""","=""1""","=""2s2.2p3.(4S*).8d""","=""3D*""","=""1""",3,3,,"=""T5713LS""","=""""",
"=""""","=""92.6896""","=""""","=""3.99e+06""",C,"=""0.0281416""","=""13.40443""","=""2s2.2p4""","=""3P""","=""0""","=""2s2.2p3.(4S*).8d""","=""3D*""","=""1""",1,3,,"=""T5713LS""","=""""",
"=""""","=""92.951681""","=""""","=""1.06e+07""",C,"=""0.0000000""","=""13.3385644""","=""2s2.2p4""","=""3P""","=""2""","=""2s2.2p3.(4S*).7d""","=""3D*""","=""3""",5,7,,"=""T5713LS""","=""""",
"=""""","=""92.951681""","=""""","=""2.66e+06""",C,"=""0.0000000""","=""13.3385644""","=""2s2.2p4""","=""3P""","=""2""","=""2s2.2p3.(4S*).7d""","=""3D*""","=""2""",5,5,,"=""T5713LS""","=""""",
"=""""","=""92.951681""","=""""","=""2.96e+05""",D,"=""0.0000000""","=""13.3385644""","=""2s2.2p4""","=""3P""","=""2""","=""2s2.2p3.(4S*).7d""","=""3D*""","=""1""",5,3,,"=""T5713LS""","=""""",
"=""""","=""93.025658""","=""""","=""6.90e+06""",C,"=""0.0000000""","=""13.3279572""","=""2s2.2p4""","=""3P""","=""2""","=""2s2.2p3.(4S*).8s""","=""3S*""","=""1""",5,3,,"=""T5713LS""","=""""",
"=""""","=""93.088624""","=""""","=""7.95e+06""",C,"=""0.0196224""","=""13.3385644""","=""2s2.2p4""","=""3P""","=""1""","=""2s2.2p3.(4S*).7d""","=""3D*""","=""2""",3,5,,"=""T5713LS""","=""""",
"=""""","=""93.088624""","=""""","=""4.42e+06""",C,"=""0.0196224""","=""13.3385644""","=""2s2.2p4""","=""3P""","=""1""","=""2s2.2p3.(4S*).7d""","=""3D*""","=""1""",3,3,,"=""T5713LS""","=""""",
"=""""","=""93.148204""","=""""","=""5.88e+06""",C,"=""0.0281416""","=""13.3385644""","=""2s2.2p4""","=""3P""","=""0""","=""2s2.2p3.(4S*).7d""","=""3D*""","=""1""",1,3,,"=""T5713LS""","=""""",
"=""""","=""93.162819""","=""""","=""4.12e+06""",C,"=""0.0196224""","=""13.3279572""","=""2s2.2p4""","=""3P""","=""1""","=""2s2.2p3.(4S*).8s""","=""3S*""","=""1""",3,3,,"=""T5713LS""","=""""",
"=""""","=""93.222494""","=""""","=""1.37e+06""",D,"=""0.0281416""","=""13.3279572""","=""2s2.2p4""","=""3P""","=""0""","=""2s2.2p3.(4S*).8s""","=""3S*""","=""1""",1,3,,"=""T5713LS""","=""""",
"=""93.5193""","=""93.519300""","=""90""","=""1.33e+08""",B,"=""1.9673642""","=""15.2249696""","=""2s2.2p4""","=""1D""","=""2""","=""2s2.2p3.(2D*<3/2>).4s""","=""1D*""","=""2""",5,5,,"=""T5713""","=""L3760""",
"=""""","=""93.662949""","=""""","=""1.66e+07""",C+,"=""0.0000000""","=""13.2372725""","=""2s2.2p4""","=""3P""","=""2""","=""2s2.2p3.(4S*).6d""","=""3D*""","=""3""",5,7,,"=""T5713LS""","=""""",
"=""""","=""93.662949""","=""""","=""4.15e+06""",C,"=""0.0000000""","=""13.2372725""","=""2s2.2p4""","=""3P""","=""2""","=""2s2.2p3.(4S*).6d""","=""3D*""","=""2""",5,5,,"=""T5713LS""","=""""",
"=""""","=""93.662949""","=""""","=""4.61e+05""",D,"=""0.0000000""","=""13.2372725""","=""2s2.2p4""","=""3P""","=""2""","=""2s2.2p3.(4S*).6d""","=""3D*""","=""1""",5,3,,"=""T5713LS""","=""""",
"=""""","=""93.784055""","=""""","=""1.11e+07""",C,"=""0.0000000""","=""13.2201789""","=""2s2.2p4""","=""3P""","=""2""","=""2s2.2p3.(4S*).7s""","=""3S*""","=""1""",5,3,,"=""T5713LS""","=""""",
"=""""","=""93.801997""","=""""","=""1.24e+07""",C,"=""0.0196224""","=""13.2372725""","=""2s2.2p4""","=""3P""","=""1""","=""2s2.2p3.(4S*).6d""","=""3D*""","=""2""",3,5,,"=""T5713LS""","=""""",
"=""""","=""93.801997""","=""""","=""6.88e+06""",C,"=""0.0196224""","=""13.2372725""","=""2s2.2p4""","=""3P""","=""1""","=""2s2.2p3.(4S*).6d""","=""3D*""","=""1""",3,3,,"=""T5713LS""","=""""",
"=""""","=""93.862495""","=""""","=""9.16e+06""",C,"=""0.0281416""","=""13.2372725""","=""2s2.2p4""","=""3P""","=""0""","=""2s2.2p3.(4S*).6d""","=""3D*""","=""1""",1,3,,"=""T5713LS""","=""""",
"=""""","=""93.923463""","=""""","=""6.63e+06""",C,"=""0.0196224""","=""13.2201789""","=""2s2.2p4""","=""3P""","=""1""","=""2s2.2p3.(4S*).7s""","=""3S*""","=""1""",3,3,,"=""T5713LS""","=""""",
"=""""","=""93.984117""","=""""","=""2.21e+06""",D,"=""0.0281416""","=""13.2201789""","=""2s2.2p4""","=""3P""","=""0""","=""2s2.2p3.(4S*).7s""","=""3S*""","=""1""",1,3,,"=""T5713LS""","=""""",
"=""94.8686""","=""94.868552""","=""40*""","=""7.02e+06""",C,"=""0.0000000""","=""13.0690514""","=""2s2.2p4""","=""3P""","=""2""","=""2s2.2p3.(4S*).5d""","=""3D*""","=""2""",5,5,,"=""T5713LS""","=""L3760""",
"=""94.8686""","=""94.868552""","=""40*""","=""7.80e+05""",D,"=""0.0000000""","=""13.0690514""","=""2s2.2p4""","=""3P""","=""2""","=""2s2.2p3.(4S*).5d""","=""3D*""","=""1""",5,3,,"=""T5713LS""","=""L3760""",
"=""94.8686""","=""94.868552""","=""40*""","=""2.81e+07""",C+,"=""0.0000000""","=""13.0690514""","=""2s2.2p4""","=""3P""","=""2""","=""2s2.2p3.(4S*).5d""","=""3D*""","=""3""",5,7,,"=""T5713LS""","=""L3760""",
"=""""","=""95.011206""","=""""","=""2.10e+07""",C+,"=""0.0196224""","=""13.0690514""","=""2s2.2p4""","=""3P""","=""1""","=""2s2.2p3.(4S*).5d""","=""3D*""","=""2""",3,5,,"=""T5713LS""","=""""",
"=""""","=""95.011206""","=""""","=""1.16e+07""",C,"=""0.0196224""","=""13.0690514""","=""2s2.2p4""","=""3P""","=""1""","=""2s2.2p3.(4S*).5d""","=""3D*""","=""1""",3,3,,"=""T5713LS""","=""""",
"=""""","=""95.073273""","=""""","=""1.55e+07""",C,"=""0.0281416""","=""13.0690514""","=""2s2.2p4""","=""3P""","=""0""","=""2s2.2p3.(4S*).5d""","=""3D*""","=""1""",1,3,,"=""T5713LS""","=""""",
"=""""","=""95.088460""","=""""","=""1.94e+07""",C,"=""0.0000000""","=""13.0388270""","=""2s2.2p4""","=""3P""","=""2""","=""2s2.2p3.(4S*).6s""","=""3S*""","=""1""",5,3,,"=""T5713LS""","=""""",
"=""""","=""95.231776""","=""""","=""1.16e+07""",C,"=""0.0196224""","=""13.0388270""","=""2s2.2p4""","=""3P""","=""1""","=""2s2.2p3.(4S*).6s""","=""3S*""","=""1""",3,3,,"=""T5713LS""","=""""",
"=""""","=""95.294133""","=""""","=""3.85e+06""",C,"=""0.0281416""","=""13.0388270""","=""2s2.2p4""","=""3P""","=""0""","=""2s2.2p3.(4S*).6s""","=""3S*""","=""1""",1,3,,"=""T5713LS""","=""""",
"=""97.1738""","=""97.173713""","=""90*""","=""1.62e+06""",C+,"=""0.0000000""","=""12.7590265""","=""2s2.2p4""","=""3P""","=""2""","=""2s2.2p3.(4S*).4d""","=""3D*""","=""1""",5,3,,"=""T5803,LS""","=""L3760""",
"=""97.1738""","=""97.173757""","=""90*""","=""1.46e+07""",C+,"=""0.0000000""","=""12.7590208""","=""2s2.2p4""","=""3P""","=""2""","=""2s2.2p3.(4S*).4d""","=""3D*""","=""2""",5,5,,"=""T5803,LS""","=""L3760""",
"=""97.1738""","=""97.173822""","=""90*""","=""5.85e+07""",C+,"=""0.0000000""","=""12.7590123""","=""2s2.2p4""","=""3P""","=""2""","=""2s2.2p3.(4S*).4d""","=""3D*""","=""3""",5,7,,"=""T5803,LS""","=""L3760""",
"=""""","=""97.323432""","=""""","=""4.37e+07""",C+,"=""0.0196224""","=""12.7590208""","=""2s2.2p4""","=""3P""","=""1""","=""2s2.2p3.(4S*).4d""","=""3D*""","=""2""",3,5,,"=""T5803,LS""","=""""",
"=""""","=""97.323389""","=""""","=""2.42e+07""",C+,"=""0.0196224""","=""12.7590265""","=""2s2.2p4""","=""3P""","=""1""","=""2s2.2p3.(4S*).4d""","=""3D*""","=""1""",3,3,,"=""T5803,LS""","=""""",
"=""""","=""97.388515""","=""""","=""3.23e+07""",C+,"=""0.0281416""","=""12.7590265""","=""2s2.2p4""","=""3P""","=""0""","=""2s2.2p3.(4S*).4d""","=""3D*""","=""1""",1,3,,"=""T5803,LS""","=""""",
"=""""","=""97.407000""","=""""","=""1.10e+05""",C,"=""0.0000000""","=""12.7284690""","=""2s2.2p4""","=""3P""","=""2""","=""2s2.2p3.(2D*).3s""","=""1D*""","=""2""",5,5,,"=""T5986""","=""""",
"=""""","=""97.557396""","=""""","=""2.22e+04""",C,"=""0.0196224""","=""12.7284690""","=""2s2.2p4""","=""3P""","=""1""","=""2s2.2p3.(2D*).3s""","=""1D*""","=""2""",3,5,,"=""T5986""","=""""",
"=""97.6448""","=""97.644812""","=""40""","=""3.86e+07""",C+,"=""0.0000000""","=""12.6974691""","=""2s2.2p4""","=""3P""","=""2""","=""2s2.2p3.(4S*).5s""","=""3S*""","=""1""",5,3,,"=""T5713LS""","=""L3760""",
"=""""","=""97.795943""","=""""","=""2.30e+07""",C+,"=""0.0196224""","=""12.6974691""","=""2s2.2p4""","=""3P""","=""1""","=""2s2.2p3.(4S*).5s""","=""3S*""","=""1""",3,3,,"=""T5713LS""","=""""",
"=""""","=""97.861704""","=""""","=""7.66e+06""",C,"=""0.0281416""","=""12.6974691""","=""2s2.2p4""","=""3P""","=""0""","=""2s2.2p3.(4S*).5s""","=""3S*""","=""1""",1,3,,"=""T5713LS""","=""""",
"=""""","=""98.857776""","=""""","=""6.47e+06""",B,"=""0.0000000""","=""12.5416739""","=""2s2.2p4""","=""3P""","=""2""","=""2s2.2p3.(2D*).3s""","=""3D*""","=""1""",5,3,,"=""T5803,LS""","=""""",
"=""""","=""98.865493""","=""""","=""5.77e+07""",B,"=""0.0000000""","=""12.5406949""","=""2s2.2p4""","=""3P""","=""2""","=""2s2.2p3.(2D*).3s""","=""3D*""","=""2""",5,5,,"=""T5803,LS""","=""""",
"=""98.8773""","=""98.877340""","=""160""","=""2.26e+08""",B,"=""0.0000000""","=""12.5391924""","=""2s2.2p4""","=""3P""","=""2""","=""2s2.2p3.(2D*).3s""","=""3D*""","=""3""",5,7,,"=""T5803,LS""","=""L3760""",
"=""""","=""99.012688""","=""""","=""9.47e+07""",B,"=""0.0196224""","=""12.5416739""","=""2s2.2p4""","=""3P""","=""1""","=""2s2.2p3.(2D*).3s""","=""3D*""","=""1""",3,3,,"=""T5803,LS""","=""""",
"=""99.0204""","=""99.020430""","=""40""","=""1.68e+08""",B,"=""0.0196224""","=""12.5406949""","=""2s2.2p4""","=""3P""","=""1""","=""2s2.2p3.(2D*).3s""","=""3D*""","=""2""",3,5,,"=""T5803,LS""","=""L3760""",
"=""""","=""99.080096""","=""""","=""1.25e+08""",B,"=""0.0281416""","=""12.5416739""","=""2s2.2p4""","=""3P""","=""0""","=""2s2.2p3.(2D*).3s""","=""3D*""","=""1""",1,3,,"=""T5803,LS""","=""""",
"=""""","=""99.949744""","=""""","=""5.06e+08""",B,"=""1.9673642""","=""14.3720180""","=""2s2.2p4""","=""1D""","=""2""","=""2s2.2p3.(2P*).3s""","=""1P*""","=""1""",5,3,,"=""T5713""","=""""",
"=""102.5762""","=""102.576161""","=""250*""","=""7.66e+07""",B,"=""0.0000000""","=""12.0870382""","=""2s2.2p4""","=""3P""","=""2""","=""2s2.2p3.(4S*).3d""","=""3D*""","=""3""",5,7,,"=""T5803,LS""","=""L3760""",
"=""102.5762""","=""102.576256""","=""250*""","=""1.91e+07""",B,"=""0.0000000""","=""12.0870271""","=""2s2.2p4""","=""3P""","=""2""","=""2s2.2p3.(4S*).3d""","=""3D*""","=""2""",5,5,,"=""T5803,LS""","=""L3760""",
"=""102.5762""","=""102.576330""","=""250*""","=""2.11e+06""",B,"=""0.0000000""","=""12.0870184""","=""2s2.2p4""","=""3P""","=""2""","=""2s2.2p3.(4S*).3d""","=""3D*""","=""1""",5,3,,"=""T5803,LS""","=""L3760""",
"=""102.7431""","=""102.743125""","=""90*""","=""3.17e+07""",B,"=""0.0196224""","=""12.0870184""","=""2s2.2p4""","=""3P""","=""1""","=""2s2.2p3.(4S*).3d""","=""3D*""","=""1""",3,3,,"=""T5803,LS""","=""L3760""",
"=""102.7431""","=""102.743051""","=""90*""","=""5.71e+07""",B,"=""0.0196224""","=""12.0870271""","=""2s2.2p4""","=""3P""","=""1""","=""2s2.2p3.(4S*).3d""","=""3D*""","=""2""",3,5,,"=""T5803,LS""","=""L3760""",
"=""""","=""102.815710""","=""""","=""4.22e+07""",B,"=""0.0281416""","=""12.0870184""","=""2s2.2p4""","=""3P""","=""0""","=""2s2.2p3.(4S*).3d""","=""3D*""","=""1""",1,3,,"=""T5803,LS""","=""""",
"=""103.9230""","=""103.923044""","=""160""","=""9.43e+07""",A,"=""0.0000000""","=""11.9303856""","=""2s2.2p4""","=""3P""","=""2""","=""2s2.2p3.(4S*).4s""","=""3S*""","=""1""",5,3,,"=""T5803,LS""","=""L3760""",
"=""104.0942""","=""104.094252""","=""60""","=""5.64e+07""",A,"=""0.0196224""","=""11.9303856""","=""2s2.2p4""","=""3P""","=""1""","=""2s2.2p3.(4S*).4s""","=""3S*""","=""1""",3,3,,"=""T5803,LS""","=""L3760""",
"=""""","=""104.168759""","=""""","=""1.88e+07""",A,"=""0.0281416""","=""11.9303856""","=""2s2.2p4""","=""3P""","=""0""","=""2s2.2p3.(4S*).4s""","=""3S*""","=""1""",1,3,,"=""T5803,LS""","=""""",
"=""115.21512""","=""115.215120""","=""40""","=""5.28e+08""",B,"=""1.9673642""","=""12.7284690""","=""2s2.2p4""","=""1D""","=""2""","=""2s2.2p3.(2D*).3s""","=""1D*""","=""2""",5,5,,"=""T5713""","=""L3460""",
"=""""","=""117.250394""","=""""","=""4.98e+04""",C,"=""1.9673642""","=""12.5416739""","=""2s2.2p4""","=""1D""","=""2""","=""2s2.2p3.(2D*).3s""","=""3D*""","=""1""",5,3,,"=""T5986""","=""""",
"=""""","=""117.261250""","=""""","=""3.66e+02""",C,"=""1.9673642""","=""12.5406949""","=""2s2.2p4""","=""1D""","=""2""","=""2s2.2p3.(2D*).3s""","=""3D*""","=""2""",5,5,,"=""T5986""","=""""",
"=""""","=""117.277916""","=""""","=""7.97e+03""",C,"=""1.9673642""","=""12.5391924""","=""2s2.2p4""","=""1D""","=""2""","=""2s2.2p3.(2D*).3s""","=""3D*""","=""3""",5,7,,"=""T5986""","=""""",
"=""""","=""121.764771""","=""""","=""2.06e+08""",B,"=""4.1897463""","=""14.3720180""","=""2s2.2p4""","=""1S""","=""0""","=""2s2.2p3.(2P*).3s""","=""1P*""","=""1""",1,3,,"=""T5713""","=""""",
"=""130.2168""","=""130.216848""","=""900""","=""3.41e+08""",A,"=""0.0000000""","=""9.5213638""","=""2s2.2p4""","=""3P""","=""2""","=""2s2.2p3.(4S*).3s""","=""3S*""","=""1""",5,3,,"=""T5803,LS""","=""L3760""",
"=""130.4858""","=""130.485763""","=""600""","=""2.03e+08""",A,"=""0.0196224""","=""9.5213638""","=""2s2.2p4""","=""3P""","=""1""","=""2s2.2p3.(4S*).3s""","=""3S*""","=""1""",3,3,,"=""T5803,LS""","=""L3760""",
"=""130.6029""","=""130.602861""","=""300""","=""6.76e+07""",A,"=""0.0281416""","=""9.5213638""","=""2s2.2p4""","=""3P""","=""0""","=""2s2.2p3.(4S*).3s""","=""3S*""","=""1""",1,3,,"=""T5803,LS""","=""L3760""",
"=""""","=""135.559767""","=""""","=""4.20e+03""",B,"=""0.0000000""","=""9.1460911""","=""2s2.2p4""","=""3P""","=""2""","=""2s2.2p3.(4S*).3s""","=""5S*""","=""2""",5,5,,"=""T5986,T2118,T2613,T3473,T5663""","=""""",
"=""""","=""135.85123""","=""""","=""1.36e+03""",B,"=""0.0196224""","=""9.1460911""","=""2s2.2p4""","=""3P""","=""1""","=""2s2.2p3.(4S*).3s""","=""5S*""","=""2""",3,5,,"=""T5986,T2118,T2613,T3473,T5663""","=""""",
"=""""","=""148.44980""","=""""","=""9.05e+03""",C,"=""4.1897463""","=""12.5416739""","=""2s2.2p4""","=""1S""","=""0""","=""2s2.2p3.(2D*).3s""","=""3D*""","=""1""",1,3,,"=""T5986""","=""""",
"=""""","=""164.13053""","=""""","=""1.83e+03""",C,"=""1.9673642""","=""9.5213638""","=""2s2.2p4""","=""1D""","=""2""","=""2s2.2p3.(4S*).3s""","=""3S*""","=""1""",5,3,,"=""T5986""","=""""",
"=""""","=""172.71056""","=""""","=""5.32e-03""",D,"=""1.9673642""","=""9.1460911""","=""2s2.2p4""","=""1D""","=""2""","=""2s2.2p3.(4S*).3s""","=""5S*""","=""2""",5,5,,"=""T5986""","=""""",
"=""""","=""182.706""","=""""","=""1.52e+05""",D,"=""10.9887923""","=""17.77480""","=""2s2.2p3.(4S*).3p""","=""3P""","=""1""","=""2s2.2p3.(2P*).4d""","=""3D*""","=""2""",3,5,,"=""T5803""","=""""",
"=""""","=""182.706""","=""""","=""7.79e+04""",D,"=""10.9887923""","=""17.77480""","=""2s2.2p3.(4S*).3p""","=""3P""","=""1""","=""2s2.2p3.(2P*).4d""","=""3D*""","=""1""",3,3,,"=""T5803""","=""""",
"=""""","=""182.708""","=""""","=""1.96e+05""",D,"=""10.9888616""","=""17.77480""","=""2s2.2p3.(4S*).3p""","=""3P""","=""2""","=""2s2.2p3.(2P*).4d""","=""3D*""","=""3""",5,7,,"=""T5803""","=""""",
"=""""","=""182.708""","=""""","=""1.12e+05""",D,"=""10.9888811""","=""17.77480""","=""2s2.2p3.(4S*).3p""","=""3P""","=""0""","=""2s2.2p3.(2P*).4d""","=""3D*""","=""1""",1,3,,"=""T5803""","=""""",
"=""""","=""182.708""","=""""","=""4.32e+04""",D,"=""10.9888616""","=""17.77480""","=""2s2.2p3.(4S*).3p""","=""3P""","=""2""","=""2s2.2p3.(2P*).4d""","=""3D*""","=""2""",5,5,,"=""T5803""","=""""",
"=""""","=""202.709""","=""""","=""2.82e+05""",C,"=""10.9887923""","=""17.10517""","=""2s2.2p3.(4S*).3p""","=""3P""","=""1""","=""2s2.2p3.(2P*).3d""","=""3D*""","=""2""",3,5,,"=""T5803""","=""""",
"=""""","=""202.709""","=""""","=""1.05e+05""",D,"=""10.9887923""","=""17.10517""","=""2s2.2p3.(4S*).3p""","=""3P""","=""1""","=""2s2.2p3.(2P*).3d""","=""3D*""","=""1""",3,3,,"=""T5803""","=""""",
"=""""","=""202.711""","=""""","=""3.70e+05""",C,"=""10.9888616""","=""17.10517""","=""2s2.2p3.(4S*).3p""","=""3P""","=""2""","=""2s2.2p3.(2P*).3d""","=""3D*""","=""3""",5,7,,"=""T5803""","=""""",
"=""""","=""202.711""","=""""","=""1.92e+05""",D,"=""10.9888811""","=""17.10517""","=""2s2.2p3.(4S*).3p""","=""3P""","=""0""","=""2s2.2p3.(2P*).3d""","=""3D*""","=""1""",1,3,,"=""T5803""","=""""",
"=""""","=""202.711""","=""""","=""4.85e+04""",D,"=""10.9888616""","=""17.10517""","=""2s2.2p3.(4S*).3p""","=""3P""","=""2""","=""2s2.2p3.(2P*).3d""","=""3D*""","=""2""",5,5,,"=""T5803""","=""""",
"=""""","=""228.925""","=""""","=""1.35e+05""",D,"=""12.3588649""","=""17.77480""","=""2s2.2p3.(4S*).4p""","=""3P""","=""1""","=""2s2.2p3.(2P*).4d""","=""3D*""","=""2""",3,5,,"=""T5803""","=""""",
"=""""","=""228.925""","=""""","=""2.48e+04""",D,"=""12.3588649""","=""17.77480""","=""2s2.2p3.(4S*).4p""","=""3P""","=""1""","=""2s2.2p3.(2P*).4d""","=""3D*""","=""1""",3,3,,"=""T5803""","=""""",
"=""""","=""228.925""","=""""","=""1.67e+05""",D,"=""12.3588750""","=""17.77480""","=""2s2.2p3.(4S*).4p""","=""3P""","=""2""","=""2s2.2p3.(2P*).4d""","=""3D*""","=""3""",5,7,,"=""T5803""","=""""",
"=""""","=""228.927""","=""""","=""8.29e+04""",D,"=""12.3589072""","=""17.77480""","=""2s2.2p3.(4S*).4p""","=""3P""","=""0""","=""2s2.2p3.(2P*).4d""","=""3D*""","=""1""",1,3,,"=""T5803""","=""""",
"=""""","=""232.54519""","=""""","=""4.61e+00""",C,"=""4.1897463""","=""9.5213638""","=""2s2.2p4""","=""1S""","=""0""","=""2s2.2p3.(4S*).3s""","=""3S*""","=""1""",1,3,,"=""T5986""","=""""",
"=""""","=""241.81478""","=""""","=""2.98e+05""",D,"=""10.9887923""","=""16.1160306""","=""2s2.2p3.(4S*).3p""","=""3P""","=""1""","=""2s2.2p3.(2D*<3/2>).4d""","=""3P*""","=""0""",3,1,,"=""T5713LS""","=""""",
"=""""","=""241.84500""","=""""","=""7.45e+04""",D,"=""10.9887923""","=""16.1153897""","=""2s2.2p3.(4S*).3p""","=""3P""","=""1""","=""2s2.2p3.(2D*<3/2>).4d""","=""3P*""","=""1""",3,3,,"=""T5713LS""","=""""",
"=""""","=""241.84827""","=""""","=""1.24e+05""",D,"=""10.9888616""","=""16.1153897""","=""2s2.2p3.(4S*).3p""","=""3P""","=""2""","=""2s2.2p3.(2D*<3/2>).4d""","=""3P*""","=""1""",5,3,,"=""T5713LS""","=""""",
"=""""","=""241.84919""","=""""","=""9.93e+04""",D,"=""10.9888811""","=""16.1153897""","=""2s2.2p3.(4S*).3p""","=""3P""","=""0""","=""2s2.2p3.(2D*<3/2>).4d""","=""3P*""","=""1""",1,3,,"=""T5713LS""","=""""",
"=""""","=""241.89990""","=""""","=""7.44e+04""",D,"=""10.9887923""","=""16.1142263""","=""2s2.2p3.(4S*).3p""","=""3P""","=""1""","=""2s2.2p3.(2D*<3/2>).4d""","=""3P*""","=""2""",3,5,,"=""T5713LS""","=""""",
"=""""","=""241.90317""","=""""","=""2.23e+05""",C,"=""10.9888616""","=""16.1142263""","=""2s2.2p3.(4S*).3p""","=""3P""","=""2""","=""2s2.2p3.(2D*<3/2>).4d""","=""3P*""","=""2""",5,5,,"=""T5713LS""","=""""",
"=""""","=""243.273""","=""""","=""3.71e+05""",C,"=""10.9887923""","=""16.08529""","=""2s2.2p3.(4S*).3p""","=""3P""","=""1""","=""2s2.2p3.(2D*<3/2>).4d""","=""3S*""","=""1""",3,3,,"=""T5803""","=""""",
"=""""","=""243.277""","=""""","=""6.19e+05""",C,"=""10.9888616""","=""16.08529""","=""2s2.2p3.(4S*).3p""","=""3P""","=""2""","=""2s2.2p3.(2D*<3/2>).4d""","=""3S*""","=""1""",5,3,,"=""T5803""","=""""",
"=""""","=""243.278""","=""""","=""1.23e+05""",D,"=""10.9888811""","=""16.08529""","=""2s2.2p3.(4S*).3p""","=""3P""","=""0""","=""2s2.2p3.(2D*<3/2>).4d""","=""3S*""","=""1""",1,3,,"=""T5803""","=""""",
"=""""","=""243.472""","=""""","=""1.28e+05""",D,"=""10.9887923""","=""16.08112""","=""2s2.2p3.(4S*).3p""","=""3P""","=""1""","=""2s2.2p3.(2D*<5/2>).4d""","=""3D*""","=""1""",3,3,,"=""T5803""","=""""",
"=""""","=""243.477""","=""""","=""1.70e+05""",C,"=""10.9888811""","=""16.08112""","=""2s2.2p3.(4S*).3p""","=""3P""","=""0""","=""2s2.2p3.(2D*<5/2>).4d""","=""3D*""","=""1""",1,3,,"=""T5803""","=""""",
"=""""","=""243.505""","=""""","=""2.32e+05""",C,"=""10.9887923""","=""16.08044""","=""2s2.2p3.(4S*).3p""","=""3P""","=""1""","=""2s2.2p3.(2D*<5/2>).4d""","=""3D*""","=""2""",3,5,,"=""T5803""","=""""",
"=""""","=""243.508""","=""""","=""7.70e+04""",D,"=""10.9888616""","=""16.08044""","=""2s2.2p3.(4S*).3p""","=""3P""","=""2""","=""2s2.2p3.(2D*<5/2>).4d""","=""3D*""","=""2""",5,5,,"=""T5803""","=""""",
"=""""","=""243.539""","=""""","=""3.13e+05""",C,"=""10.9888616""","=""16.07980""","=""2s2.2p3.(4S*).3p""","=""3P""","=""2""","=""2s2.2p3.(2D*<5/2>).4d""","=""3D*""","=""3""",5,7,,"=""T5803""","=""""",
"=""""","=""261.223""","=""""","=""1.48e+05""",C,"=""12.3588750""","=""17.10517""","=""2s2.2p3.(4S*).4p""","=""3P""","=""2""","=""2s2.2p3.(2P*).3d""","=""3D*""","=""3""",5,7,,"=""T5803""","=""""",
"=""""","=""261.223""","=""""","=""1.08e+05""",D,"=""12.3588649""","=""17.10517""","=""2s2.2p3.(4S*).4p""","=""3P""","=""1""","=""2s2.2p3.(2P*).3d""","=""3D*""","=""2""",3,5,,"=""T5803""","=""""",
"=""""","=""261.223""","=""""","=""7.10e+04""",D,"=""12.3588750""","=""17.10517""","=""2s2.2p3.(4S*).4p""","=""3P""","=""2""","=""2s2.2p3.(2P*).3d""","=""3D*""","=""2""",5,5,,"=""T5803""","=""""",
"=""""","=""261.223""","=""""","=""9.57e+04""",D,"=""12.3588649""","=""17.10517""","=""2s2.2p3.(4S*).4p""","=""3P""","=""1""","=""2s2.2p3.(2P*).3d""","=""3D*""","=""1""",3,3,,"=""T5803""","=""""",
"=""""","=""261.225""","=""""","=""9.00e+04""",D,"=""12.3589072""","=""17.10517""","=""2s2.2p3.(4S*).4p""","=""3P""","=""0""","=""2s2.2p3.(2P*).3d""","=""3D*""","=""1""",1,3,,"=""T5803""","=""""",
"=""""","=""280.067""","=""""","=""4.85e+05""",C+,"=""10.9887923""","=""15.41574""","=""2s2.2p3.(4S*).3p""","=""3P""","=""1""","=""2s2.2p3.(2D*<3/2>).3d""","=""3S*""","=""1""",3,3,,"=""T5803""","=""""",
"=""""","=""280.072""","=""""","=""8.08e+05""",C+,"=""10.9888616""","=""15.41574""","=""2s2.2p3.(4S*).3p""","=""3P""","=""2""","=""2s2.2p3.(2D*<3/2>).3d""","=""3S*""","=""1""",5,3,,"=""T5803""","=""""",
"=""""","=""280.073""","=""""","=""1.61e+05""",C,"=""10.9888811""","=""15.41574""","=""2s2.2p3.(4S*).3p""","=""3P""","=""0""","=""2s2.2p3.(2D*<3/2>).3d""","=""3S*""","=""1""",1,3,,"=""T5803""","=""""",
"=""""","=""280.635""","=""""","=""1.77e+05""",C,"=""10.9887923""","=""15.40677""","=""2s2.2p3.(4S*).3p""","=""3P""","=""1""","=""2s2.2p3.(2D*<5/2>).3d""","=""3D*""","=""1""",3,3,,"=""T5803""","=""""",
"=""""","=""280.640""","=""""","=""1.18e+04""",D,"=""10.9888616""","=""15.40677""","=""2s2.2p3.(4S*).3p""","=""3P""","=""2""","=""2s2.2p3.(2D*<5/2>).3d""","=""3D*""","=""1""",5,3,,"=""T5803""","=""""",
"=""""","=""280.641""","=""""","=""2.36e+05""",C,"=""10.9888811""","=""15.40677""","=""2s2.2p3.(4S*).3p""","=""3P""","=""0""","=""2s2.2p3.(2D*<5/2>).3d""","=""3D*""","=""1""",1,3,,"=""T5803""","=""""",
"=""""","=""280.685""","=""""","=""3.22e+05""",C,"=""10.9887923""","=""15.40599""","=""2s2.2p3.(4S*).3p""","=""3P""","=""1""","=""2s2.2p3.(2D*<5/2>).3d""","=""3D*""","=""2""",3,5,,"=""T5803""","=""""",
"=""""","=""280.690""","=""""","=""1.07e+05""",C,"=""10.9888616""","=""15.40599""","=""2s2.2p3.(4S*).3p""","=""3P""","=""2""","=""2s2.2p3.(2D*<5/2>).3d""","=""3D*""","=""2""",5,5,,"=""T5803""","=""""",
"=""""","=""280.773""","=""""","=""4.35e+05""",C,"=""10.9888616""","=""15.40468""","=""2s2.2p3.(4S*).3p""","=""3P""","=""2""","=""2s2.2p3.(2D*<5/2>).3d""","=""3D*""","=""3""",5,7,,"=""T5803""","=""""",
"=""""","=""287.71388""","=""""","=""1.47e+06""",C,"=""10.9887923""","=""15.2980803""","=""2s2.2p3.(4S*).3p""","=""3P""","=""1""","=""2s2.2p3.(2D*<3/2>).3d""","=""3P*""","=""0""",3,1,,"=""T5713LS""","=""""",
"=""""","=""287.97758""","=""""","=""3.68e+05""",C,"=""10.9887923""","=""15.2941343""","=""2s2.2p3.(4S*).3p""","=""3P""","=""1""","=""2s2.2p3.(2D*<3/2>).3d""","=""3P*""","=""1""",3,3,,"=""T5713LS""","=""""",
"=""""","=""287.98222""","=""""","=""6.13e+05""",C,"=""10.9888616""","=""15.2941343""","=""2s2.2p3.(4S*).3p""","=""3P""","=""2""","=""2s2.2p3.(2D*<3/2>).3d""","=""3P*""","=""1""",5,3,,"=""T5713LS""","=""""",
"=""""","=""287.98352""","=""""","=""4.90e+05""",C,"=""10.9888811""","=""15.2941343""","=""2s2.2p3.(4S*).3p""","=""3P""","=""0""","=""2s2.2p3.(2D*<3/2>).3d""","=""3P*""","=""1""",1,3,,"=""T5713LS""","=""""",
"=""""","=""288.46550""","=""""","=""3.66e+05""",C,"=""10.9887923""","=""15.2868521""","=""2s2.2p3.(4S*).3p""","=""3P""","=""1""","=""2s2.2p3.(2D*<3/2>).3d""","=""3P*""","=""2""",3,5,,"=""T5713LS""","=""""",
"=""""","=""288.47016""","=""""","=""1.10e+06""",C+,"=""10.9888616""","=""15.2868521""","=""2s2.2p3.(4S*).3p""","=""3P""","=""2""","=""2s2.2p3.(2D*<3/2>).3d""","=""3P*""","=""2""",5,5,,"=""T5713LS""","=""""",
"=""""","=""295.92292""","=""""","=""2.42e-04""",C+,"=""0.0000000""","=""4.1897463""","=""2s2.2p4""","=""3P""","=""2""","=""2s2.2p4""","=""1S""","=""0""",5,1,E2,"=""T4539,T5081""","=""""",
"=""297.316""","=""297.31538""","=""265""","=""7.54e-02""",B+,"=""0.0196224""","=""4.1897463""","=""2s2.2p4""","=""3P""","=""1""","=""2s2.2p4""","=""1S""","=""0""",3,1,M1,"=""T4539,T5081""","=""L3760""",
"=""""","=""329.99396""","=""""","=""1.43e+05""",D,"=""12.3588649""","=""16.1160306""","=""2s2.2p3.(4S*).4p""","=""3P""","=""1""","=""2s2.2p3.(2D*<3/2>).4d""","=""3P*""","=""0""",3,1,,"=""T5713LS""","=""""",
"=""""","=""330.05026""","=""""","=""3.57e+04""",D,"=""12.3588649""","=""16.1153897""","=""2s2.2p3.(4S*).4p""","=""3P""","=""1""","=""2s2.2p3.(2D*<3/2>).4d""","=""3P*""","=""1""",3,3,,"=""T5713LS""","=""""",
"=""""","=""330.05114""","=""""","=""5.95e+04""",C,"=""12.3588750""","=""16.1153897""","=""2s2.2p3.(4S*).4p""","=""3P""","=""2""","=""2s2.2p3.(2D*<3/2>).4d""","=""3P*""","=""1""",5,3,,"=""T5713LS""","=""""",
"=""""","=""330.05397""","=""""","=""4.76e+04""",D,"=""12.3589072""","=""16.1153897""","=""2s2.2p3.(4S*).4p""","=""3P""","=""0""","=""2s2.2p3.(2D*<3/2>).4d""","=""3P*""","=""1""",1,3,,"=""T5713LS""","=""""",
"=""""","=""330.15251""","=""""","=""3.57e+04""",C,"=""12.3588649""","=""16.1142263""","=""2s2.2p3.(4S*).4p""","=""3P""","=""1""","=""2s2.2p3.(2D*<3/2>).4d""","=""3P*""","=""2""",3,5,,"=""T5713LS""","=""""",
"=""""","=""330.15339""","=""""","=""1.07e+05""",C,"=""12.3588750""","=""16.1142263""","=""2s2.2p3.(4S*).4p""","=""3P""","=""2""","=""2s2.2p3.(2D*<3/2>).4d""","=""3P*""","=""2""",5,5,,"=""T5713LS""","=""""",
"=""""","=""332.716""","=""""","=""2.17e+05""",C,"=""12.3588649""","=""16.08529""","=""2s2.2p3.(4S*).4p""","=""3P""","=""1""","=""2s2.2p3.(2D*<3/2>).4d""","=""3S*""","=""1""",3,3,,"=""T5803""","=""""",
"=""""","=""332.717""","=""""","=""3.64e+05""",C+,"=""12.3588750""","=""16.08529""","=""2s2.2p3.(4S*).4p""","=""3P""","=""2""","=""2s2.2p3.(2D*<3/2>).4d""","=""3S*""","=""1""",5,3,,"=""T5803""","=""""",
"=""""","=""332.720""","=""""","=""7.22e+04""",C,"=""12.3589072""","=""16.08529""","=""2s2.2p3.(4S*).4p""","=""3P""","=""0""","=""2s2.2p3.(2D*<3/2>).4d""","=""3S*""","=""1""",1,3,,"=""T5803""","=""""",
"=""""","=""333.089""","=""""","=""1.10e+04""",D,"=""12.3588649""","=""16.08112""","=""2s2.2p3.(4S*).4p""","=""3P""","=""1""","=""2s2.2p3.(2D*<5/2>).4d""","=""3D*""","=""1""",3,3,,"=""T5803""","=""""",
"=""""","=""333.092""","=""""","=""1.45e+04""",D,"=""12.3589072""","=""16.08112""","=""2s2.2p3.(4S*).4p""","=""3P""","=""0""","=""2s2.2p3.(2D*<5/2>).4d""","=""3D*""","=""1""",1,3,,"=""T5803""","=""""",
"=""""","=""333.150""","=""""","=""2.01e+04""",D,"=""12.3588649""","=""16.08044""","=""2s2.2p3.(4S*).4p""","=""3P""","=""1""","=""2s2.2p3.(2D*<5/2>).4d""","=""3D*""","=""2""",3,5,,"=""T5803""","=""""",
"=""""","=""333.151""","=""""","=""6.72e+03""",D,"=""12.3588750""","=""16.08044""","=""2s2.2p3.(4S*).4p""","=""3P""","=""2""","=""2s2.2p3.(2D*<5/2>).4d""","=""3D*""","=""2""",5,5,,"=""T5803""","=""""",
"=""""","=""333.208""","=""""","=""2.81e+04""",D,"=""12.3588750""","=""16.07980""","=""2s2.2p3.(4S*).4p""","=""3P""","=""2""","=""2s2.2p3.(2D*<5/2>).4d""","=""3D*""","=""3""",5,7,,"=""T5803""","=""""",
"=""""","=""369.34068""","=""""","=""9.30e+04""",D,"=""9.5213638""","=""12.8782699""","=""2s2.2p3.(4S*).3s""","=""3S*""","=""1""","=""2s2.2p3.(4S*).5p""","=""3P""","=""0""",3,1,,"=""T5713LS""","=""""",
"=""""","=""369.34373""","=""""","=""9.30e+04""",C,"=""9.5213638""","=""12.8782422""","=""2s2.2p3.(4S*).3s""","=""3S*""","=""1""","=""2s2.2p3.(4S*).5p""","=""3P""","=""1""",3,3,,"=""T5713LS""","=""""",
"=""""","=""369.34455""","=""""","=""9.30e+04""",C,"=""9.5213638""","=""12.8782347""","=""2s2.2p3.(4S*).3s""","=""3S*""","=""1""","=""2s2.2p3.(4S*).5p""","=""3P""","=""2""",3,5,,"=""T5713LS""","=""""",
"=""""","=""382.36616""","=""""","=""1.17e+05""",C,"=""12.5391924""","=""15.7817439""","=""2s2.2p3.(2D*).3s""","=""3D*""","=""3""","=""2s2.2p3.(2P*).3p""","=""3D""","=""2""",7,5,,"=""T5713LS""","=""""",
"=""382.449""","=""382.44985""","=""120""","=""6.63e+05""",C+,"=""12.5391924""","=""15.7810344""","=""2s2.2p3.(2D*).3s""","=""3D*""","=""3""","=""2s2.2p3.(2P*).3p""","=""3D""","=""3""",7,7,,"=""T5713LS""","=""L3760""",
"=""""","=""382.49530""","=""""","=""1.87e+05""",C,"=""12.5406949""","=""15.7821517""","=""2s2.2p3.(2D*).3s""","=""3D*""","=""2""","=""2s2.2p3.(2P*).3p""","=""3D""","=""1""",5,3,,"=""T5713LS""","=""""",
"=""""","=""382.54343""","=""""","=""5.19e+05""",C+,"=""12.5406949""","=""15.7817439""","=""2s2.2p3.(2D*).3s""","=""3D*""","=""2""","=""2s2.2p3.(2P*).3p""","=""3D""","=""2""",5,5,,"=""T5713LS""","=""""",
"=""""","=""382.61086""","=""""","=""5.59e+05""",C+,"=""12.5416739""","=""15.7821517""","=""2s2.2p3.(2D*).3s""","=""3D*""","=""1""","=""2s2.2p3.(2P*).3p""","=""3D""","=""1""",3,3,,"=""T5713LS""","=""""",
"=""""","=""382.62719""","=""""","=""8.31e+04""",C,"=""12.5406949""","=""15.7810344""","=""2s2.2p3.(2D*).3s""","=""3D*""","=""2""","=""2s2.2p3.(2P*).3p""","=""3D""","=""3""",5,7,,"=""T5713LS""","=""""",
"=""""","=""382.65901""","=""""","=""1.12e+05""",C,"=""12.5416739""","=""15.7817439""","=""2s2.2p3.(2D*).3s""","=""3D*""","=""1""","=""2s2.2p3.(2P*).3p""","=""3D""","=""2""",3,5,,"=""T5713LS""","=""""",
"=""""","=""385.61071""","=""""","=""1.63e+06""",B,"=""12.7284690""","=""15.9437376""","=""2s2.2p3.(2D*).3s""","=""1D*""","=""2""","=""2s2.2p3.(2P*).3p""","=""1D""","=""2""",5,5,,"=""T5713""","=""""",
"=""394.841""","=""394.84121""","=""185""","=""4.91e+05""",B,"=""9.1460911""","=""12.2861939""","=""2s2.2p3.(4S*).3s""","=""5S*""","=""2""","=""2s2.2p3.(4S*).4p""","=""5P""","=""3""",5,7,,"=""T5803,LS""","=""L3760""",
"=""394.860""","=""394.85986""","=""160""","=""4.88e+05""",B,"=""9.1460911""","=""12.2860456""","=""2s2.2p3.(4S*).3s""","=""5S*""","=""2""","=""2s2.2p3.(4S*).4p""","=""5P""","=""2""",5,5,,"=""T5803,LS""","=""L3760""",
"=""394.871""","=""394.87035""","=""140""","=""4.87e+05""",B,"=""9.1460911""","=""12.2859622""","=""2s2.2p3.(4S*).3s""","=""5S*""","=""2""","=""2s2.2p3.(4S*).4p""","=""5P""","=""1""",5,3,,"=""T5803,LS""","=""L3760""",
"=""""","=""395.30462""","=""""","=""3.10e+05""",C,"=""10.9887923""","=""14.1252140""","=""2s2.2p3.(4S*).3p""","=""3P""","=""1""","=""2s2.2p3.(2P*).3s""","=""3P*""","=""0""",3,1,,"=""T5713LS""","=""""",
"=""""","=""395.40064""","=""""","=""7.74e+04""",C,"=""10.9887923""","=""14.1244523""","=""2s2.2p3.(4S*).3p""","=""3P""","=""1""","=""2s2.2p3.(2P*).3s""","=""3P*""","=""1""",3,3,,"=""T5713LS""","=""""",
"=""""","=""395.40938""","=""""","=""1.29e+05""",C,"=""10.9888616""","=""14.1244523""","=""2s2.2p3.(4S*).3p""","=""3P""","=""2""","=""2s2.2p3.(2P*).3s""","=""3P*""","=""1""",5,3,,"=""T5713LS""","=""""",
"=""""","=""395.41183""","=""""","=""1.03e+05""",C,"=""10.9888811""","=""14.1244523""","=""2s2.2p3.(4S*).3p""","=""3P""","=""0""","=""2s2.2p3.(2P*).3s""","=""3P*""","=""1""",1,3,,"=""T5713LS""","=""""",
"=""""","=""395.56383""","=""""","=""7.73e+04""",C,"=""10.9887923""","=""14.1231587""","=""2s2.2p3.(4S*).3p""","=""3P""","=""1""","=""2s2.2p3.(2P*).3s""","=""3P*""","=""2""",3,5,,"=""T5713LS""","=""""",
"=""395.573""","=""395.57258""","=""100""","=""2.32e+05""",C+,"=""10.9888616""","=""14.1231587""","=""2s2.2p3.(4S*).3p""","=""3P""","=""2""","=""2s2.2p3.(2P*).3s""","=""3P*""","=""2""",5,5,,"=""T5713LS""","=""L3760""",
"=""""","=""399.90837""","=""""","=""2.41e+06""",B,"=""12.7284690""","=""15.8287841""","=""2s2.2p3.(2D*).3s""","=""1D*""","=""2""","=""2s2.2p3.(2P*).3p""","=""1P""","=""1""",5,3,,"=""T5713""","=""""",
"=""""","=""405.592""","=""""","=""2.72e+05""",C+,"=""12.3588649""","=""15.41574""","=""2s2.2p3.(4S*).4p""","=""3P""","=""1""","=""2s2.2p3.(2D*<3/2>).3d""","=""3S*""","=""1""",3,3,,"=""T5803""","=""""",
"=""""","=""405.593""","=""""","=""4.56e+05""",B,"=""12.3588750""","=""15.41574""","=""2s2.2p3.(4S*).4p""","=""3P""","=""2""","=""2s2.2p3.(2D*<3/2>).3d""","=""3S*""","=""1""",5,3,,"=""T5803""","=""""",
"=""""","=""405.597""","=""""","=""9.05e+04""",C,"=""12.3589072""","=""15.41574""","=""2s2.2p3.(4S*).4p""","=""3P""","=""0""","=""2s2.2p3.(2D*<3/2>).3d""","=""3S*""","=""1""",1,3,,"=""T5803""","=""""",
"=""""","=""406.785""","=""""","=""9.60e+04""",C,"=""12.3588649""","=""15.40677""","=""2s2.2p3.(4S*).4p""","=""3P""","=""1""","=""2s2.2p3.(2D*<5/2>).3d""","=""3D*""","=""1""",3,3,,"=""T5803""","=""""",
"=""""","=""406.786""","=""""","=""6.43e+03""",D,"=""12.3588750""","=""15.40677""","=""2s2.2p3.(4S*).4p""","=""3P""","=""2""","=""2s2.2p3.(2D*<5/2>).3d""","=""3D*""","=""1""",5,3,,"=""T5803""","=""""",
"=""""","=""406.790""","=""""","=""1.28e+05""",C,"=""12.3589072""","=""15.40677""","=""2s2.2p3.(4S*).4p""","=""3P""","=""0""","=""2s2.2p3.(2D*<5/2>).3d""","=""3D*""","=""1""",1,3,,"=""T5803""","=""""",
"=""""","=""406.889""","=""""","=""1.74e+05""",C+,"=""12.3588649""","=""15.40599""","=""2s2.2p3.(4S*).4p""","=""3P""","=""1""","=""2s2.2p3.(2D*<5/2>).3d""","=""3D*""","=""2""",3,5,,"=""T5803""","=""""",
"=""""","=""406.890""","=""""","=""5.84e+04""",C,"=""12.3588750""","=""15.40599""","=""2s2.2p3.(4S*).4p""","=""3P""","=""2""","=""2s2.2p3.(2D*<5/2>).3d""","=""3D*""","=""2""",5,5,,"=""T5803""","=""""",
"=""""","=""407.066""","=""""","=""2.35e+05""",C+,"=""12.3588750""","=""15.40468""","=""2s2.2p3.(4S*).4p""","=""3P""","=""2""","=""2s2.2p3.(2D*<5/2>).3d""","=""3D*""","=""3""",5,7,,"=""T5803""","=""""",
"=""""","=""421.8275""","=""""","=""5.44e+05""",C,"=""12.3588649""","=""15.2980803""","=""2s2.2p3.(4S*).4p""","=""3P""","=""1""","=""2s2.2p3.(2D*<3/2>).3d""","=""3P*""","=""0""",3,1,,"=""T5713LS""","=""""",
"=""""","=""422.3946""","=""""","=""1.36e+05""",C,"=""12.3588649""","=""15.2941343""","=""2s2.2p3.(4S*).4p""","=""3P""","=""1""","=""2s2.2p3.(2D*<3/2>).3d""","=""3P*""","=""1""",3,3,,"=""T5713LS""","=""""",
"=""""","=""422.3961""","=""""","=""2.26e+05""",C,"=""12.3588750""","=""15.2941343""","=""2s2.2p3.(4S*).4p""","=""3P""","=""2""","=""2s2.2p3.(2D*<3/2>).3d""","=""3P*""","=""1""",5,3,,"=""T5713LS""","=""""",
"=""""","=""422.4007""","=""""","=""1.81e+05""",C,"=""12.3589072""","=""15.2941343""","=""2s2.2p3.(4S*).4p""","=""3P""","=""0""","=""2s2.2p3.(2D*<3/2>).3d""","=""3P*""","=""1""",1,3,,"=""T5713LS""","=""""",
"=""""","=""423.4452""","=""""","=""1.35e+05""",C,"=""12.3588649""","=""15.2868521""","=""2s2.2p3.(4S*).4p""","=""3P""","=""1""","=""2s2.2p3.(2D*<3/2>).3d""","=""3P*""","=""2""",3,5,,"=""T5713LS""","=""""",
"=""423.446""","=""423.4466""","=""80""","=""4.04e+05""",C+,"=""12.3588750""","=""15.2868521""","=""2s2.2p3.(4S*).4p""","=""3P""","=""2""","=""2s2.2p3.(2D*<3/2>).3d""","=""3P*""","=""2""",5,5,,"=""T5713LS""","=""L3760""",
"=""""","=""436.9420""","=""""","=""7.56e+05""",B,"=""9.5213638""","=""12.3589072""","=""2s2.2p3.(4S*).3s""","=""3S*""","=""1""","=""2s2.2p3.(4S*).4p""","=""3P""","=""0""",3,1,,"=""T5803n,LS""","=""""",
"=""""","=""436.9470""","=""""","=""7.59e+05""",B,"=""9.5213638""","=""12.3588750""","=""2s2.2p3.(4S*).3s""","=""3S*""","=""1""","=""2s2.2p3.(4S*).4p""","=""3P""","=""2""",3,5,,"=""T5803n,LS""","=""""",
"=""436.948""","=""436.9485""","=""100""","=""7.58e+05""",B,"=""9.5213638""","=""12.3588649""","=""2s2.2p3.(4S*).3s""","=""3S*""","=""1""","=""2s2.2p3.(4S*).4p""","=""3P""","=""1""",3,3,,"=""T5803n,LS""","=""L3760""",
"=""""","=""465.5420""","=""""","=""4.30e+05""",C,"=""10.7402250""","=""13.4034474""","=""2s2.2p3.(4S*).3p""","=""5P""","=""1""","=""2s2.2p3.(4S*).8d""","=""5D*""","=""0""",3,1,,"=""T5713LS""","=""""",
"=""""","=""465.5421""","=""""","=""3.23e+05""",C+,"=""10.7402250""","=""13.4034470""","=""2s2.2p3.(4S*).3p""","=""5P""","=""1""","=""2s2.2p3.(4S*).8d""","=""5D*""","=""1""",3,3,,"=""T5713LS""","=""""",
"=""""","=""465.5422""","=""""","=""1.51e+05""",C+,"=""10.7402250""","=""13.4034463""","=""2s2.2p3.(4S*).3p""","=""5P""","=""1""","=""2s2.2p3.(4S*).8d""","=""5D*""","=""2""",3,5,,"=""T5713LS""","=""""",
"=""""","=""465.5859""","=""""","=""1.08e+05""",C,"=""10.7404756""","=""13.4034470""","=""2s2.2p3.(4S*).3p""","=""5P""","=""2""","=""2s2.2p3.(4S*).8d""","=""5D*""","=""1""",5,3,,"=""T5713LS""","=""""",
"=""""","=""465.5860""","=""""","=""2.51e+05""",C+,"=""10.7404756""","=""13.4034463""","=""2s2.2p3.(4S*).3p""","=""5P""","=""2""","=""2s2.2p3.(4S*).8d""","=""5D*""","=""2""",5,5,,"=""T5713LS""","=""""",
"=""""","=""465.5862""","=""""","=""2.87e+05""",C+,"=""10.7404756""","=""13.4034453""","=""2s2.2p3.(4S*).3p""","=""5P""","=""2""","=""2s2.2p3.(4S*).8d""","=""5D*""","=""3""",5,7,,"=""T5713LS""","=""""",
"=""""","=""465.6657""","=""""","=""2.87e+04""",C,"=""10.7409314""","=""13.4034463""","=""2s2.2p3.(4S*).3p""","=""5P""","=""3""","=""2s2.2p3.(4S*).8d""","=""5D*""","=""2""",7,5,,"=""T5713LS""","=""""",
"=""""","=""465.6659""","=""""","=""1.43e+05""",C+,"=""10.7409314""","=""13.4034453""","=""2s2.2p3.(4S*).3p""","=""5P""","=""3""","=""2s2.2p3.(4S*).8d""","=""5D*""","=""3""",7,7,,"=""T5713LS""","=""""",
"=""""","=""465.6660""","=""""","=""4.30e+05""",C+,"=""10.7409314""","=""13.4034447""","=""2s2.2p3.(4S*).3p""","=""5P""","=""3""","=""2s2.2p3.(4S*).8d""","=""5D*""","=""4""",7,9,,"=""T5713LS""","=""""",
"=""""","=""477.3782""","=""""","=""7.00e+05""",C+,"=""10.7402250""","=""13.3374152""","=""2s2.2p3.(4S*).3p""","=""5P""","=""1""","=""2s2.2p3.(4S*).7d""","=""5D*""","=""0""",3,1,,"=""T5713LS""","=""""",
"=""""","=""477.3783""","=""""","=""5.25e+05""",C+,"=""10.7402250""","=""13.3374147""","=""2s2.2p3.(4S*).3p""","=""5P""","=""1""","=""2s2.2p3.(4S*).7d""","=""5D*""","=""1""",3,3,,"=""T5713LS""","=""""",
"=""""","=""477.3785""","=""""","=""2.45e+05""",C+,"=""10.7402250""","=""13.3374136""","=""2s2.2p3.(4S*).3p""","=""5P""","=""1""","=""2s2.2p3.(4S*).7d""","=""5D*""","=""2""",3,5,,"=""T5713LS""","=""""",
"=""""","=""477.4244""","=""""","=""1.75e+05""",C+,"=""10.7404756""","=""13.3374147""","=""2s2.2p3.(4S*).3p""","=""5P""","=""2""","=""2s2.2p3.(4S*).7d""","=""5D*""","=""1""",5,3,,"=""T5713LS""","=""""",
"=""""","=""477.4246""","=""""","=""4.08e+05""",C+,"=""10.7404756""","=""13.3374136""","=""2s2.2p3.(4S*).3p""","=""5P""","=""2""","=""2s2.2p3.(4S*).7d""","=""5D*""","=""2""",5,5,,"=""T5713LS""","=""""",
"=""""","=""477.4248""","=""""","=""4.67e+05""",C+,"=""10.7404756""","=""13.3374122""","=""2s2.2p3.(4S*).3p""","=""5P""","=""2""","=""2s2.2p3.(4S*).7d""","=""5D*""","=""3""",5,7,,"=""T5713LS""","=""""",
"=""""","=""477.5084""","=""""","=""4.66e+04""",C,"=""10.7409314""","=""13.3374136""","=""2s2.2p3.(4S*).3p""","=""5P""","=""3""","=""2s2.2p3.(4S*).7d""","=""5D*""","=""2""",7,5,,"=""T5713LS""","=""""",
"=""""","=""477.5086""","=""""","=""2.33e+05""",C+,"=""10.7409314""","=""13.3374122""","=""2s2.2p3.(4S*).3p""","=""5P""","=""3""","=""2s2.2p3.(4S*).7d""","=""5D*""","=""3""",7,7,,"=""T5713LS""","=""""",
"=""""","=""477.5088""","=""""","=""7.00e+05""",C+,"=""10.7409314""","=""13.3374112""","=""2s2.2p3.(4S*).3p""","=""5P""","=""3""","=""2s2.2p3.(4S*).7d""","=""5D*""","=""4""",7,9,,"=""T5713LS""","=""""",
"=""""","=""480.3010""","=""""","=""2.62e+05""",C+,"=""10.7402250""","=""13.3216106""","=""2s2.2p3.(4S*).3p""","=""5P""","=""1""","=""2s2.2p3.(4S*).8s""","=""5S*""","=""2""",3,5,,"=""T5713LS""","=""""",
"=""""","=""480.3476""","=""""","=""4.37e+05""",C+,"=""10.7404756""","=""13.3216106""","=""2s2.2p3.(4S*).3p""","=""5P""","=""2""","=""2s2.2p3.(4S*).8s""","=""5S*""","=""2""",5,5,,"=""T5713LS""","=""""",
"=""""","=""480.4324""","=""""","=""6.11e+05""",C+,"=""10.7409314""","=""13.3216106""","=""2s2.2p3.(4S*).3p""","=""5P""","=""3""","=""2s2.2p3.(4S*).8s""","=""5S*""","=""2""",7,5,,"=""T5713LS""","=""""",
"=""""","=""496.8762""","=""""","=""1.27e+06""",C+,"=""10.7402250""","=""13.2354984""","=""2s2.2p3.(4S*).3p""","=""5P""","=""1""","=""2s2.2p3.(4S*).6d""","=""5D*""","=""0""",3,1,,"=""T5713LS""","=""""",
"=""""","=""496.8764""","=""""","=""9.50e+05""",C+,"=""10.7402250""","=""13.2354975""","=""2s2.2p3.(4S*).3p""","=""5P""","=""1""","=""2s2.2p3.(4S*).6d""","=""5D*""","=""1""",3,3,,"=""T5713LS""","=""""",
"=""""","=""496.8767""","=""""","=""4.43e+05""",C+,"=""10.7402250""","=""13.2354959""","=""2s2.2p3.(4S*).3p""","=""5P""","=""1""","=""2s2.2p3.(4S*).6d""","=""5D*""","=""2""",3,5,,"=""T5713LS""","=""""",
"=""""","=""496.9263""","=""""","=""3.16e+05""",C+,"=""10.7404756""","=""13.2354975""","=""2s2.2p3.(4S*).3p""","=""5P""","=""2""","=""2s2.2p3.(4S*).6d""","=""5D*""","=""1""",5,3,,"=""T5713LS""","=""""",
"=""""","=""496.9266""","=""""","=""7.38e+05""",C+,"=""10.7404756""","=""13.2354959""","=""2s2.2p3.(4S*).3p""","=""5P""","=""2""","=""2s2.2p3.(4S*).6d""","=""5D*""","=""2""",5,5,,"=""T5713LS""","=""""",
"=""""","=""496.9270""","=""""","=""8.44e+05""",C+,"=""10.7404756""","=""13.2354940""","=""2s2.2p3.(4S*).3p""","=""5P""","=""2""","=""2s2.2p3.(4S*).6d""","=""5D*""","=""3""",5,7,,"=""T5713LS""","=""""",
"=""""","=""497.0174""","=""""","=""8.43e+04""",C,"=""10.7409314""","=""13.2354959""","=""2s2.2p3.(4S*).3p""","=""5P""","=""3""","=""2s2.2p3.(4S*).6d""","=""5D*""","=""2""",7,5,,"=""T5713LS""","=""""",
"=""""","=""497.0178""","=""""","=""4.22e+05""",C+,"=""10.7409314""","=""13.2354940""","=""2s2.2p3.(4S*).3p""","=""5P""","=""3""","=""2s2.2p3.(4S*).6d""","=""5D*""","=""3""",7,7,,"=""T5713LS""","=""""",
"=""""","=""497.0181""","=""""","=""1.27e+06""",C+,"=""10.7409314""","=""13.2354926""","=""2s2.2p3.(4S*).3p""","=""5P""","=""3""","=""2s2.2p3.(4S*).6d""","=""5D*""","=""4""",7,9,,"=""T5713LS""","=""""",
"=""""","=""502.0182""","=""""","=""4.28e+05""",C+,"=""10.7402250""","=""13.2099403""","=""2s2.2p3.(4S*).3p""","=""5P""","=""1""","=""2s2.2p3.(4S*).7s""","=""5S*""","=""2""",3,5,,"=""T5713LS""","=""""",
"=""""","=""502.0691""","=""""","=""7.13e+05""",C+,"=""10.7404756""","=""13.2099403""","=""2s2.2p3.(4S*).3p""","=""5P""","=""2""","=""2s2.2p3.(4S*).7s""","=""5S*""","=""2""",5,5,,"=""T5713LS""","=""""",
"=""""","=""502.1618""","=""""","=""9.98e+05""",C+,"=""10.7409314""","=""13.2099403""","=""2s2.2p3.(4S*).3p""","=""5P""","=""3""","=""2s2.2p3.(4S*).7s""","=""5S*""","=""2""",7,5,,"=""T5713LS""","=""""",
"=""""","=""513.257""","=""""","=""7.48e+04""",C,"=""10.9887923""","=""13.40443""","=""2s2.2p3.(4S*).3p""","=""3P""","=""1""","=""2s2.2p3.(4S*).8d""","=""3D*""","=""2""",3,5,,"=""T5713LS""","=""""",
"=""""","=""513.257""","=""""","=""4.16e+04""",C,"=""10.9887923""","=""13.40443""","=""2s2.2p3.(4S*).3p""","=""3P""","=""1""","=""2s2.2p3.(4S*).8d""","=""3D*""","=""1""",3,3,,"=""T5713LS""","=""""",
"=""""","=""513.272""","=""""","=""9.98e+04""",C+,"=""10.9888616""","=""13.40443""","=""2s2.2p3.(4S*).3p""","=""3P""","=""2""","=""2s2.2p3.(4S*).8d""","=""3D*""","=""3""",5,7,,"=""T5713LS""","=""""",
"=""""","=""513.272""","=""""","=""2.49e+04""",C,"=""10.9888616""","=""13.40443""","=""2s2.2p3.(4S*).3p""","=""3P""","=""2""","=""2s2.2p3.(4S*).8d""","=""3D*""","=""2""",5,5,,"=""T5713LS""","=""""",
"=""""","=""513.272""","=""""","=""2.77e+03""",D,"=""10.9888616""","=""13.40443""","=""2s2.2p3.(4S*).3p""","=""3P""","=""2""","=""2s2.2p3.(4S*).8d""","=""3D*""","=""1""",5,3,,"=""T5713LS""","=""""",
"=""""","=""513.276""","=""""","=""5.54e+04""",C,"=""10.9888811""","=""13.40443""","=""2s2.2p3.(4S*).3p""","=""3P""","=""0""","=""2s2.2p3.(4S*).8d""","=""3D*""","=""1""",1,3,,"=""T5713LS""","=""""",
"=""""","=""527.6435""","=""""","=""1.32e+05""",C+,"=""10.9887923""","=""13.3385644""","=""2s2.2p3.(4S*).3p""","=""3P""","=""1""","=""2s2.2p3.(4S*).7d""","=""3D*""","=""2""",3,5,,"=""T5713LS""","=""""",
"=""""","=""527.6435""","=""""","=""7.34e+04""",C,"=""10.9887923""","=""13.3385644""","=""2s2.2p3.(4S*).3p""","=""3P""","=""1""","=""2s2.2p3.(4S*).7d""","=""3D*""","=""1""",3,3,,"=""T5713LS""","=""""",
"=""""","=""527.6591""","=""""","=""1.76e+05""",C+,"=""10.9888616""","=""13.3385644""","=""2s2.2p3.(4S*).3p""","=""3P""","=""2""","=""2s2.2p3.(4S*).7d""","=""3D*""","=""3""",5,7,,"=""T5713LS""","=""""",
"=""""","=""527.6591""","=""""","=""4.40e+04""",C,"=""10.9888616""","=""13.3385644""","=""2s2.2p3.(4S*).3p""","=""3P""","=""2""","=""2s2.2p3.(4S*).7d""","=""3D*""","=""2""",5,5,,"=""T5713LS""","=""""",
"=""""","=""527.6591""","=""""","=""4.89e+03""",D,"=""10.9888616""","=""13.3385644""","=""2s2.2p3.(4S*).3p""","=""3P""","=""2""","=""2s2.2p3.(4S*).7d""","=""3D*""","=""1""",5,3,,"=""T5713LS""","=""""",
"=""""","=""527.6634""","=""""","=""9.78e+04""",C,"=""10.9888811""","=""13.3385644""","=""2s2.2p3.(4S*).3p""","=""3P""","=""0""","=""2s2.2p3.(4S*).7d""","=""3D*""","=""1""",1,3,,"=""T5713LS""","=""""",
"=""""","=""530.0362""","=""""","=""3.58e+05""",C+,"=""10.9887923""","=""13.3279572""","=""2s2.2p3.(4S*).3p""","=""3P""","=""1""","=""2s2.2p3.(4S*).8s""","=""3S*""","=""1""",3,3,,"=""T5713LS""","=""""",
"=""""","=""530.0519""","=""""","=""5.96e+05""",C+,"=""10.9888616""","=""13.3279572""","=""2s2.2p3.(4S*).3p""","=""3P""","=""2""","=""2s2.2p3.(4S*).8s""","=""3S*""","=""1""",5,3,,"=""T5713LS""","=""""",
"=""""","=""530.0563""","=""""","=""1.19e+05""",C,"=""10.9888811""","=""13.3279572""","=""2s2.2p3.(4S*).3p""","=""3P""","=""0""","=""2s2.2p3.(4S*).8s""","=""3S*""","=""1""",1,3,,"=""T5713LS""","=""""",
"=""533.058""","=""533.0578""","=""135*""","=""2.71e+06""",C+,"=""10.7402250""","=""13.0661304""","=""2s2.2p3.(4S*).3p""","=""5P""","=""1""","=""2s2.2p3.(4S*).5d""","=""5D*""","=""0""",3,1,,"=""T5713LS""","=""L3760""",
"=""533.058""","=""533.0582""","=""135*""","=""2.03e+06""",C+,"=""10.7402250""","=""13.0661288""","=""2s2.2p3.(4S*).3p""","=""5P""","=""1""","=""2s2.2p3.(4S*).5d""","=""5D*""","=""1""",3,3,,"=""T5713LS""","=""L3760""",
"=""""","=""533.0589""","=""""","=""9.48e+05""",C+,"=""10.7402250""","=""13.0661255""","=""2s2.2p3.(4S*).3p""","=""5P""","=""1""","=""2s2.2p3.(4S*).5d""","=""5D*""","=""2""",3,5,,"=""T5713LS""","=""""",
"=""""","=""533.1156""","=""""","=""6.77e+05""",C+,"=""10.7404756""","=""13.0661288""","=""2s2.2p3.(4S*).3p""","=""5P""","=""2""","=""2s2.2p3.(4S*).5d""","=""5D*""","=""1""",5,3,,"=""T5713LS""","=""""",
"=""533.116""","=""533.1164""","=""160""","=""1.58e+06""",C+,"=""10.7404756""","=""13.0661255""","=""2s2.2p3.(4S*).3p""","=""5P""","=""2""","=""2s2.2p3.(4S*).5d""","=""5D*""","=""2""",5,5,,"=""T5713LS""","=""L3760""",
"=""""","=""533.1173""","=""""","=""1.81e+06""",C+,"=""10.7404756""","=""13.0661215""","=""2s2.2p3.(4S*).3p""","=""5P""","=""2""","=""2s2.2p3.(4S*).5d""","=""5D*""","=""3""",5,7,,"=""T5713LS""","=""""",
"=""""","=""533.2209""","=""""","=""1.80e+05""",C+,"=""10.7409314""","=""13.0661255""","=""2s2.2p3.(4S*).3p""","=""5P""","=""3""","=""2s2.2p3.(4S*).5d""","=""5D*""","=""2""",7,5,,"=""T5713LS""","=""""",
"=""""","=""533.2218""","=""""","=""9.02e+05""",C+,"=""10.7409314""","=""13.0661215""","=""2s2.2p3.(4S*).3p""","=""5P""","=""3""","=""2s2.2p3.(4S*).5d""","=""5D*""","=""3""",7,7,,"=""T5713LS""","=""""",
"=""533.222""","=""533.2224""","=""190""","=""2.71e+06""",C+,"=""10.7409314""","=""13.0661186""","=""2s2.2p3.(4S*).3p""","=""5P""","=""3""","=""2s2.2p3.(4S*).5d""","=""5D*""","=""4""",7,9,,"=""T5713LS""","=""L3760""",
"=""543.669""","=""543.6688""","=""90""","=""7.74e+05""",C+,"=""10.7402250""","=""13.0207346""","=""2s2.2p3.(4S*).3p""","=""5P""","=""1""","=""2s2.2p3.(4S*).6s""","=""5S*""","=""2""",3,5,,"=""T5713LS""","=""L3760""",
"=""543.729""","=""543.7286""","=""110""","=""1.29e+06""",C+,"=""10.7404756""","=""13.0207346""","=""2s2.2p3.(4S*).3p""","=""5P""","=""2""","=""2s2.2p3.(4S*).6s""","=""5S*""","=""2""",5,5,,"=""T5713LS""","=""L3760""",
"=""543.837""","=""543.8373""","=""135""","=""1.80e+06""",C+,"=""10.7409314""","=""13.0207346""","=""2s2.2p3.(4S*).3p""","=""5P""","=""3""","=""2s2.2p3.(4S*).6s""","=""5S*""","=""2""",7,5,,"=""T5713LS""","=""L3760""",
"=""""","=""551.4133""","=""""","=""2.69e+05""",C+,"=""10.9887923""","=""13.2372725""","=""2s2.2p3.(4S*).3p""","=""3P""","=""1""","=""2s2.2p3.(4S*).6d""","=""3D*""","=""2""",3,5,,"=""T5713LS""","=""""",
"=""""","=""551.4133""","=""""","=""1.49e+05""",C+,"=""10.9887923""","=""13.2372725""","=""2s2.2p3.(4S*).3p""","=""3P""","=""1""","=""2s2.2p3.(4S*).6d""","=""3D*""","=""1""",3,3,,"=""T5713LS""","=""""",
"=""""","=""551.4303""","=""""","=""3.58e+05""",C+,"=""10.9888616""","=""13.2372725""","=""2s2.2p3.(4S*).3p""","=""3P""","=""2""","=""2s2.2p3.(4S*).6d""","=""3D*""","=""3""",5,7,,"=""T5713LS""","=""""",
"=""""","=""551.4303""","=""""","=""8.95e+04""",C+,"=""10.9888616""","=""13.2372725""","=""2s2.2p3.(4S*).3p""","=""3P""","=""2""","=""2s2.2p3.(4S*).6d""","=""3D*""","=""2""",5,5,,"=""T5713LS""","=""""",
"=""""","=""551.4303""","=""""","=""9.95e+03""",D,"=""10.9888616""","=""13.2372725""","=""2s2.2p3.(4S*).3p""","=""3P""","=""2""","=""2s2.2p3.(4S*).6d""","=""3D*""","=""1""",5,3,,"=""T5713LS""","=""""",
"=""""","=""551.4351""","=""""","=""1.99e+05""",C+,"=""10.9888811""","=""13.2372725""","=""2s2.2p3.(4S*).3p""","=""3P""","=""0""","=""2s2.2p3.(4S*).6d""","=""3D*""","=""1""",1,3,,"=""T5713LS""","=""""",
"=""""","=""555.6375""","=""""","=""5.83e+05""",C+,"=""10.9887923""","=""13.2201789""","=""2s2.2p3.(4S*).3p""","=""3P""","=""1""","=""2s2.2p3.(4S*).7s""","=""3S*""","=""1""",3,3,,"=""T5713LS""","=""""",
"=""""","=""555.6547""","=""""","=""9.71e+05""",C+,"=""10.9888616""","=""13.2201789""","=""2s2.2p3.(4S*).3p""","=""3P""","=""2""","=""2s2.2p3.(4S*).7s""","=""3S*""","=""1""",5,3,,"=""T5713LS""","=""""",
"=""""","=""555.6596""","=""""","=""1.94e+05""",C+,"=""10.9888811""","=""13.2201789""","=""2s2.2p3.(4S*).3p""","=""3P""","=""0""","=""2s2.2p3.(4S*).7s""","=""3S*""","=""1""",1,3,,"=""T5713LS""","=""""",
"=""557.889""","=""557.8887""","=""120""","=""1.26e+00""",B+,"=""1.9673642""","=""4.1897463""","=""2s2.2p4""","=""1D""","=""2""","=""2s2.2p4""","=""1S""","=""0""",5,1,E2,"=""T4539,T5081""","=""L3760""",
"=""596.004""","=""596.0036""","=""160*""","=""3.78e+05""",C+,"=""10.9887923""","=""13.0690514""","=""2s2.2p3.(4S*).3p""","=""3P""","=""1""","=""2s2.2p3.(4S*).5d""","=""3D*""","=""1""",3,3,,"=""T5713LS""","=""L3760""",
"=""596.004""","=""596.0036""","=""160*""","=""6.80e+05""",C+,"=""10.9887923""","=""13.0690514""","=""2s2.2p3.(4S*).3p""","=""3P""","=""1""","=""2s2.2p3.(4S*).5d""","=""3D*""","=""2""",3,5,,"=""T5713LS""","=""L3760""",
"=""596.023""","=""596.0235""","=""190*""","=""2.27e+05""",C+,"=""10.9888616""","=""13.0690514""","=""2s2.2p3.(4S*).3p""","=""3P""","=""2""","=""2s2.2p3.(4S*).5d""","=""3D*""","=""2""",5,5,,"=""T5713LS""","=""L3760""",
"=""596.023""","=""596.0235""","=""190*""","=""2.52e+04""",C,"=""10.9888616""","=""13.0690514""","=""2s2.2p3.(4S*).3p""","=""3P""","=""2""","=""2s2.2p3.(4S*).5d""","=""3D*""","=""1""",5,3,,"=""T5713LS""","=""L3760""",
"=""596.023""","=""596.0235""","=""190*""","=""9.06e+05""",C+,"=""10.9888616""","=""13.0690514""","=""2s2.2p3.(4S*).3p""","=""3P""","=""2""","=""2s2.2p3.(4S*).5d""","=""3D*""","=""3""",5,7,,"=""T5713LS""","=""L3760""",
"=""""","=""596.0291""","=""""","=""5.04e+05""",C+,"=""10.9888811""","=""13.0690514""","=""2s2.2p3.(4S*).3p""","=""3P""","=""0""","=""2s2.2p3.(4S*).5d""","=""3D*""","=""1""",1,3,,"=""T5713LS""","=""""",
"=""599.694""","=""""","=""80""","=""""",,"=""""","=""""","=""""","=""""","=""""","=""""","=""""","=""""",1,1,,"=""""","=""L3760""",
"=""604.790""","=""604.7907""","=""160""","=""1.05e+06""",C+,"=""10.9887923""","=""13.0388270""","=""2s2.2p3.(4S*).3p""","=""3P""","=""1""","=""2s2.2p3.(4S*).6s""","=""3S*""","=""1""",3,3,,"=""T5713LS""","=""L3760""",
"=""604.811""","=""604.8112""","=""190""","=""1.75e+06""",C+,"=""10.9888616""","=""13.0388270""","=""2s2.2p3.(4S*).3p""","=""3P""","=""2""","=""2s2.2p3.(4S*).6s""","=""3S*""","=""1""",5,3,,"=""T5713LS""","=""L3760""",
"=""604.816""","=""604.8169""","=""110""","=""3.50e+05""",C+,"=""10.9888811""","=""13.0388270""","=""2s2.2p3.(4S*).3p""","=""3P""","=""0""","=""2s2.2p3.(4S*).6s""","=""3S*""","=""1""",1,3,,"=""T5713LS""","=""L3760""",
"=""610.796""","=""610.7955+""","=""100""","=""""",,"=""14.0467669""","=""16.0766475""","=""2s2.2p3.(2D*).3p""","=""3D""","=""3""","=""2s2.2p3.(2D*<5/2>).4d""","=""3F*""","=""4""",7,9,,"=""""","=""L3760""",
"=""""","=""614.2281""","=""""","=""9.62e+02""",C,"=""10.7404756""","=""12.7590123""","=""2s2.2p3.(4S*).3p""","=""5P""","=""2""","=""2s2.2p3.(4S*).4d""","=""3D*""","=""3""",5,7,,"=""T5803""","=""""",
"=""""","=""615.7665""","=""""","=""7.62e+06""",B+,"=""10.7402250""","=""12.7537188""","=""2s2.2p3.(4S*).3p""","=""5P""","=""1""","=""2s2.2p3.(4S*).4d""","=""5D*""","=""0""",3,1,,"=""T5803,LS""","=""""",
"=""615.768""","=""615.7674""","=""400""","=""5.72e+06""",B+,"=""10.7402250""","=""12.7537158""","=""2s2.2p3.(4S*).3p""","=""5P""","=""1""","=""2s2.2p3.(4S*).4d""","=""5D*""","=""1""",3,3,,"=""T5803,LS""","=""L3760""",
"=""""","=""615.7693""","=""""","=""2.67e+06""",B+,"=""10.7402250""","=""12.7537097""","=""2s2.2p3.(4S*).3p""","=""5P""","=""1""","=""2s2.2p3.(4S*).4d""","=""5D*""","=""2""",3,5,,"=""T5803,LS""","=""""",
"=""""","=""615.8441""","=""""","=""1.91e+06""",B+,"=""10.7404756""","=""12.7537158""","=""2s2.2p3.(4S*).3p""","=""5P""","=""2""","=""2s2.2p3.(4S*).4d""","=""5D*""","=""1""",5,3,,"=""T5803,LS""","=""""",
"=""""","=""615.8459""","=""""","=""4.45e+06""",B+,"=""10.7404756""","=""12.7537097""","=""2s2.2p3.(4S*).3p""","=""5P""","=""2""","=""2s2.2p3.(4S*).4d""","=""5D*""","=""2""",5,5,,"=""T5803,LS""","=""""",
"=""615.847""","=""615.8482""","=""450""","=""5.08e+06""",B+,"=""10.7404756""","=""12.7537024""","=""2s2.2p3.(4S*).3p""","=""5P""","=""2""","=""2s2.2p3.(4S*).4d""","=""5D*""","=""3""",5,7,,"=""T5803,LS""","=""L3760""",
"=""""","=""615.9854""","=""""","=""5.07e+05""",B+,"=""10.7409314""","=""12.7537097""","=""2s2.2p3.(4S*).3p""","=""5P""","=""3""","=""2s2.2p3.(4S*).4d""","=""5D*""","=""2""",7,5,,"=""T5803,LS""","=""""",
"=""""","=""615.9876""","=""""","=""2.54e+06""",B+,"=""10.7409314""","=""12.7537024""","=""2s2.2p3.(4S*).3p""","=""5P""","=""3""","=""2s2.2p3.(4S*).4d""","=""5D*""","=""3""",7,7,,"=""T5803,LS""","=""""",
"=""615.988""","=""615.9892""","=""490""","=""7.62e+06""",B+,"=""10.7409314""","=""12.7536973""","=""2s2.2p3.(4S*).3p""","=""5P""","=""3""","=""2s2.2p3.(4S*).4d""","=""5D*""","=""4""",7,9,,"=""T5803,LS""","=""L3760""",
"=""625.856""","=""625.8563+""","=""80""","=""""",,"=""14.0996582""","=""16.0806911""","=""2s2.2p3.(2D*).3p""","=""3F""","=""3""","=""2s2.2p3.(2D*<3/2>).4d""","=""1G*""","=""4""",7,9,,"=""""","=""L3760""",
"=""626.328""","=""626.3279+""","=""100""","=""""",,"=""14.0987942""","=""16.0783356""","=""2s2.2p3.(2D*).3p""","=""3F""","=""4""","=""2s2.2p3.(2D*).4d""","=""3G*""","=""5""",9,11,,"=""""","=""L3760""",
"=""""","=""630.2046""","=""""","=""5.63e-03""",B+,"=""0.0000000""","=""1.9673642""","=""2s2.2p4""","=""3P""","=""2""","=""2s2.2p4""","=""1D""","=""2""",5,5,M1,"=""T4539,T5081""","=""""",
"=""""","=""630.2046""","=""""","=""2.11e-05""",C+,"=""0.0000000""","=""1.9673642""","=""2s2.2p4""","=""3P""","=""2""","=""2s2.2p4""","=""1D""","=""2""",5,5,E2,"=""T4539,T5081""","=""""",
"=""""","=""632.5134""","=""""","=""1.81e+04""",C,"=""12.0870184""","=""14.0472014""","=""2s2.2p3.(4S*).3d""","=""3D*""","=""1""","=""2s2.2p3.(2D*).3p""","=""3D""","=""1""",3,3,,"=""T5713LS""","=""""",
"=""""","=""632.5162""","=""""","=""6.02e+03""",D,"=""12.0870271""","=""14.0472014""","=""2s2.2p3.(4S*).3d""","=""3D*""","=""2""","=""2s2.2p3.(2D*).3p""","=""3D""","=""1""",5,3,,"=""T5713LS""","=""""",
"=""""","=""632.6521""","=""""","=""3.61e+03""",D,"=""12.0870184""","=""14.0467717""","=""2s2.2p3.(4S*).3d""","=""3D*""","=""1""","=""2s2.2p3.(2D*).3p""","=""3D""","=""2""",3,5,,"=""T5713LS""","=""""",
"=""""","=""632.6549""","=""""","=""1.68e+04""",C,"=""12.0870271""","=""14.0467717""","=""2s2.2p3.(4S*).3d""","=""3D*""","=""2""","=""2s2.2p3.(2D*).3p""","=""3D""","=""2""",5,5,,"=""T5713LS""","=""""",
"=""""","=""632.6564""","=""""","=""2.68e+03""",D,"=""12.0870271""","=""14.0467669""","=""2s2.2p3.(4S*).3d""","=""3D*""","=""2""","=""2s2.2p3.(2D*).3p""","=""3D""","=""3""",5,7,,"=""T5713LS""","=""""",
"=""""","=""632.6585""","=""""","=""3.76e+03""",D,"=""12.0870382""","=""14.0467717""","=""2s2.2p3.(4S*).3d""","=""3D*""","=""3""","=""2s2.2p3.(2D*).3p""","=""3D""","=""2""",7,5,,"=""T5713LS""","=""""",
"=""""","=""632.6600""","=""""","=""2.14e+04""",C,"=""12.0870382""","=""14.0467669""","=""2s2.2p3.(4S*).3d""","=""3D*""","=""3""","=""2s2.2p3.(2D*).3p""","=""3D""","=""3""",7,7,,"=""T5713LS""","=""""",
"=""""","=""636.5536""","=""""","=""1.82e-03""",B+,"=""0.0196224""","=""1.9673642""","=""2s2.2p4""","=""3P""","=""1""","=""2s2.2p4""","=""1D""","=""2""",3,5,M1,"=""T4539,T5081""","=""""",
"=""""","=""636.5536""","=""""","=""3.39e-06""",C+,"=""0.0196224""","=""1.9673642""","=""2s2.2p4""","=""3P""","=""1""","=""2s2.2p4""","=""1D""","=""2""",3,5,E2,"=""T4539,T5081""","=""""",
"=""636.810""","=""636.8096+""","=""100""","=""""",,"=""14.1337323""","=""16.0806911""","=""2s2.2p3.(2D*).3p""","=""1F""","=""3""","=""2s2.2p3.(2D*<3/2>).4d""","=""1G*""","=""4""",7,9,,"=""""","=""L3760""",
"=""637.608""","=""637.6086+""","=""100""","=""""",,"=""14.1337323""","=""16.0782511""","=""2s2.2p3.(2D*).3p""","=""1F""","=""3""","=""2s2.2p3.(2D*).4d""","=""3G*""","=""4""",7,9,,"=""""","=""L3760""",
"=""""","=""639.3500""","=""""","=""8.60e-07""",B+,"=""0.0281416""","=""1.9673642""","=""2s2.2p4""","=""3P""","=""0""","=""2s2.2p4""","=""1D""","=""2""",1,5,E2,"=""T4539,T5081""","=""""",
"=""645.538""","=""645.5386""","=""320""","=""1.65e+06""",C+,"=""10.7402250""","=""12.6608569""","=""2s2.2p3.(4S*).3p""","=""5P""","=""1""","=""2s2.2p3.(4S*).5s""","=""5S*""","=""2""",3,5,,"=""T5713LS""","=""L3760""",
"=""645.622""","=""645.6228""","=""360""","=""2.75e+06""",C+,"=""10.7404756""","=""12.6608569""","=""2s2.2p3.(4S*).3p""","=""5P""","=""2""","=""2s2.2p3.(4S*).5s""","=""5S*""","=""2""",5,5,,"=""T5713LS""","=""L3760""",
"=""645.776""","=""645.7761""","=""400""","=""3.85e+06""",C+,"=""10.7409314""","=""12.6608569""","=""2s2.2p3.(4S*).3p""","=""5P""","=""3""","=""2s2.2p3.(4S*).5s""","=""5S*""","=""2""",7,5,,"=""T5713LS""","=""L3760""",
"=""660.673""","=""660.6729+""","=""80""","=""""",,"=""14.1337323""","=""16.0103676""","=""2s2.2p3.(2D*).3p""","=""1F""","=""3""","=""2s2.2p3.(2D*<3/2>).5s""","=""1D*""","=""2""",7,5,,"=""""","=""L3760""",
"=""665.567""","=""665.5671+""","=""100""","=""""",,"=""14.3720180""","=""16.2348533""","=""2s2.2p3.(2P*).3s""","=""1P*""","=""1""","=""2s2.2p3.(2P*).3p""","=""1S""","=""0""",3,1,,"=""""","=""L3760""",
"=""""","=""672.8141""","=""""","=""1.18e+03""",C,"=""9.1460911""","=""10.9888616""","=""2s2.2p3.(4S*).3s""","=""5S*""","=""2""","=""2s2.2p3.(4S*).3p""","=""3P""","=""2""",5,5,,"=""T5986""","=""""",
"=""""","=""672.8394""","=""""","=""6.44e+02""",C,"=""9.1460911""","=""10.9887923""","=""2s2.2p3.(4S*).3s""","=""5S*""","=""2""","=""2s2.2p3.(4S*).3p""","=""3P""","=""1""",5,3,,"=""T5986""","=""""",
"=""""","=""700.3830""","=""""","=""1.47e+06""",B,"=""10.9887923""","=""12.7590265""","=""2s2.2p3.(4S*).3p""","=""3P""","=""1""","=""2s2.2p3.(4S*).4d""","=""3D*""","=""1""",3,3,,"=""T5803,LS""","=""""",
"=""700.385""","=""700.3853""","=""360""","=""2.65e+06""",B,"=""10.9887923""","=""12.7590208""","=""2s2.2p3.(4S*).3p""","=""3P""","=""1""","=""2s2.2p3.(4S*).4d""","=""3D*""","=""2""",3,5,,"=""T5803,LS""","=""L3760""",
"=""""","=""700.4104""","=""""","=""9.83e+04""",B,"=""10.9888616""","=""12.7590265""","=""2s2.2p3.(4S*).3p""","=""3P""","=""2""","=""2s2.2p3.(4S*).4d""","=""3D*""","=""1""",5,3,,"=""T5803,LS""","=""""",
"=""""","=""700.4127""","=""""","=""8.83e+05""",B,"=""10.9888616""","=""12.7590208""","=""2s2.2p3.(4S*).3p""","=""3P""","=""2""","=""2s2.2p3.(4S*).4d""","=""3D*""","=""2""",5,5,,"=""T5803,LS""","=""""",
"=""700.416""","=""700.4161""","=""450""","=""3.53e+06""",B,"=""10.9888616""","=""12.7590123""","=""2s2.2p3.(4S*).3p""","=""3P""","=""2""","=""2s2.2p3.(4S*).4d""","=""3D*""","=""3""",5,7,,"=""T5803,LS""","=""L3760""",
"=""""","=""700.4181""","=""""","=""1.96e+06""",B,"=""10.9888811""","=""12.7590265""","=""2s2.2p3.(4S*).3p""","=""3P""","=""0""","=""2s2.2p3.(4S*).4d""","=""3D*""","=""1""",1,3,,"=""T5803,LS""","=""""",
"=""""","=""701.9235""","=""""","=""3.22e+04""",C,"=""12.3588649""","=""14.1252140""","=""2s2.2p3.(4S*).4p""","=""3P""","=""1""","=""2s2.2p3.(2P*).3s""","=""3P*""","=""0""",3,1,,"=""T5713LS""","=""""",
"=""""","=""702.2263""","=""""","=""8.05e+03""",C,"=""12.3588649""","=""14.1244523""","=""2s2.2p3.(4S*).4p""","=""3P""","=""1""","=""2s2.2p3.(2P*).3s""","=""3P*""","=""1""",3,3,,"=""T5713LS""","=""""",
"=""""","=""702.2303""","=""""","=""1.34e+04""",C,"=""12.3588750""","=""14.1244523""","=""2s2.2p3.(4S*).4p""","=""3P""","=""2""","=""2s2.2p3.(2P*).3s""","=""3P*""","=""1""",5,3,,"=""T5713LS""","=""""",
"=""""","=""702.2431""","=""""","=""1.07e+04""",C,"=""12.3589072""","=""14.1244523""","=""2s2.2p3.(4S*).4p""","=""3P""","=""0""","=""2s2.2p3.(2P*).3s""","=""3P*""","=""1""",1,3,,"=""T5713LS""","=""""",
"=""""","=""702.7412""","=""""","=""8.03e+03""",C,"=""12.3588649""","=""14.1231587""","=""2s2.2p3.(4S*).4p""","=""3P""","=""1""","=""2s2.2p3.(2P*).3s""","=""3P*""","=""2""",3,5,,"=""T5713LS""","=""""",
"=""""","=""702.7452""","=""""","=""2.41e+04""",C,"=""12.3588750""","=""14.1231587""","=""2s2.2p3.(4S*).4p""","=""3P""","=""2""","=""2s2.2p3.(2P*).3s""","=""3P*""","=""2""",5,5,,"=""T5713LS""","=""""",
"=""715.867""","=""715.8674""","=""210""","=""5.05e+07""",B,"=""12.7284690""","=""14.4604127""","=""2s2.2p3.(2D*).3s""","=""1D*""","=""2""","=""2s2.2p3.(2D*).3p""","=""1D""","=""2""",5,5,,"=""T5713""","=""L3760""",
"=""725.615""","=""725.6153""","=""400""","=""2.24e+06""",C+,"=""10.9887923""","=""12.6974691""","=""2s2.2p3.(4S*).3p""","=""3P""","=""1""","=""2s2.2p3.(4S*).5s""","=""3S*""","=""1""",3,3,,"=""T5713LS""","=""L3760""",
"=""725.645""","=""725.6447""","=""450""","=""3.73e+06""",C+,"=""10.9888616""","=""12.6974691""","=""2s2.2p3.(4S*).3p""","=""3P""","=""2""","=""2s2.2p3.(4S*).5s""","=""3S*""","=""1""",5,3,,"=""T5713LS""","=""L3760""",
"=""725.653""","=""725.6530""","=""320""","=""7.45e+05""",C+,"=""10.9888811""","=""12.6974691""","=""2s2.2p3.(4S*).3p""","=""3P""","=""0""","=""2s2.2p3.(4S*).5s""","=""3S*""","=""1""",1,3,,"=""T5713LS""","=""L3760""",
"=""747.850""","=""747.8498+""","=""210""","=""""",,"=""14.1231587""","=""15.7810344""","=""2s2.2p3.(2P*).3s""","=""3P*""","=""2""","=""2s2.2p3.(2P*).3p""","=""3D""","=""3""",5,7,,"=""""","=""L3760""",
"=""747.930""","=""747.9293+""","=""100""","=""""",,"=""14.1244523""","=""15.7821517""","=""2s2.2p3.(2P*).3s""","=""3P*""","=""1""","=""2s2.2p3.(2P*).3p""","=""3D""","=""1""",3,3,,"=""""","=""L3760""",
"=""748.114""","=""748.1134+""","=""120""","=""""",,"=""14.1244523""","=""15.7817439""","=""2s2.2p3.(2P*).3s""","=""3P*""","=""1""","=""2s2.2p3.(2P*).3p""","=""3D""","=""2""",3,5,,"=""""","=""L3760""",
"=""748.273""","=""748.2731+""","=""120""","=""""",,"=""14.1252140""","=""15.7821517""","=""2s2.2p3.(2P*).3s""","=""3P*""","=""0""","=""2s2.2p3.(2P*).3p""","=""3D""","=""1""",1,3,,"=""""","=""L3760""",
"=""770.887""","=""770.8864+""","=""100""","=""""",,"=""14.0467669""","=""15.6550999""","=""2s2.2p3.(2D*).3p""","=""3D""","=""3""","=""2s.2p5""","=""3P*""","=""2""",7,5,,"=""""","=""L3760""",
"=""777.408""","=""777.4083""","=""870""","=""3.69e+07""",A,"=""9.1460911""","=""10.7409314""","=""2s2.2p3.(4S*).3s""","=""5S*""","=""2""","=""2s2.2p3.(4S*).3p""","=""5P""","=""3""",5,7,,"=""T5803,LS""","=""L3760""",
"=""777.631""","=""777.6305""","=""810""","=""3.69e+07""",A,"=""9.1460911""","=""10.7404756""","=""2s2.2p3.(4S*).3s""","=""5S*""","=""2""","=""2s2.2p3.(4S*).3p""","=""5P""","=""2""",5,5,,"=""T5803,LS""","=""L3760""",
"=""777.753""","=""777.7527""","=""750""","=""3.69e+07""",A,"=""9.1460911""","=""10.7402250""","=""2s2.2p3.(4S*).3s""","=""5S*""","=""2""","=""2s2.2p3.(4S*).3p""","=""5P""","=""1""",5,3,,"=""T5803,LS""","=""L3760""",
"=""788.844""","=""788.8443+""","=""80""","=""""",,"=""14.3720180""","=""15.9437376""","=""2s2.2p3.(2P*).3s""","=""1P*""","=""1""","=""2s2.2p3.(2P*).3p""","=""1D""","=""2""",3,5,,"=""""","=""L3760""",
"=""794.533""","=""794.5332+""","=""100""","=""""",,"=""12.5391924""","=""14.0996582""","=""2s2.2p3.(2D*).3s""","=""3D*""","=""3""","=""2s2.2p3.(2D*).3p""","=""3F""","=""3""",7,7,,"=""""","=""L3760""",
"=""794.936""","=""794.9354+""","=""100""","=""""",,"=""12.5406949""","=""14.1003714""","=""2s2.2p3.(2D*).3s""","=""3D*""","=""2""","=""2s2.2p3.(2D*).3p""","=""3F""","=""2""",5,5,,"=""""","=""L3760""",
"=""794.974""","=""794.9734+""","=""235""","=""""",,"=""12.5391924""","=""14.0987942""","=""2s2.2p3.(2D*).3s""","=""3D*""","=""3""","=""2s2.2p3.(2D*).3p""","=""3F""","=""4""",7,9,,"=""""","=""L3760""",
"=""795.299""","=""795.2990+""","=""210""","=""""",,"=""12.5406949""","=""14.0996582""","=""2s2.2p3.(2D*).3s""","=""3D*""","=""2""","=""2s2.2p3.(2D*).3p""","=""3F""","=""3""",5,7,,"=""""","=""L3760""",
"=""795.435""","=""795.4347+""","=""185""","=""""",,"=""12.5416739""","=""14.1003714""","=""2s2.2p3.(2D*).3s""","=""3D*""","=""1""","=""2s2.2p3.(2D*).3p""","=""3F""","=""2""",3,5,,"=""""","=""L3760""",
"=""798.414""","=""798.4137""","=""110""","=""2.33e+04""",C,"=""10.9887923""","=""12.5416739""","=""2s2.2p3.(4S*).3p""","=""3P""","=""1""","=""2s2.2p3.(2D*).3s""","=""3D*""","=""1""",3,3,,"=""T5803,LS""","=""L3760""",
"=""""","=""798.4493""","=""""","=""1.80e+03""",C,"=""10.9888616""","=""12.5416739""","=""2s2.2p3.(4S*).3p""","=""3P""","=""2""","=""2s2.2p3.(2D*).3s""","=""3D*""","=""1""",5,3,,"=""T5803,LS""","=""""",
"=""798.460""","=""798.4594""","=""135""","=""3.09e+04""",C,"=""10.9888811""","=""12.5416739""","=""2s2.2p3.(4S*).3p""","=""3P""","=""0""","=""2s2.2p3.(2D*).3s""","=""3D*""","=""1""",1,3,,"=""T5803,LS""","=""L3760""",
"=""798.918""","=""798.9174""","=""190""","=""4.19e+04""",C,"=""10.9887923""","=""12.5406949""","=""2s2.2p3.(4S*).3p""","=""3P""","=""1""","=""2s2.2p3.(2D*).3s""","=""3D*""","=""2""",3,5,,"=""T5803,LS""","=""L3760""",
"=""798.953""","=""798.9531""","=""135""","=""1.41e+04""",C,"=""10.9888616""","=""12.5406949""","=""2s2.2p3.(4S*).3p""","=""3P""","=""2""","=""2s2.2p3.(2D*).3s""","=""3D*""","=""2""",5,5,,"=""T5803,LS""","=""L3760""",
"=""799.727""","=""799.7274""","=""250""","=""5.63e+04""",C,"=""10.9888616""","=""12.5391924""","=""2s2.2p3.(4S*).3p""","=""3P""","=""2""","=""2s2.2p3.(2D*).3s""","=""3D*""","=""3""",5,7,,"=""T5803,LS""","=""L3760""",
"=""""","=""822.4058""","=""""","=""5.08e+06""",C+,"=""12.5391924""","=""14.0467717""","=""2s2.2p3.(2D*).3s""","=""3D*""","=""3""","=""2s2.2p3.(2D*).3p""","=""3D""","=""2""",7,5,,"=""T5713LS""","=""""",
"=""822.408""","=""822.4084""","=""400""","=""2.89e+07""",C+,"=""12.5391924""","=""14.0467669""","=""2s2.2p3.(2D*).3s""","=""3D*""","=""3""","=""2s2.2p3.(2D*).3p""","=""3D""","=""3""",7,7,,"=""T5713LS""","=""L3760""",
"=""822.991""","=""822.9915""","=""265""","=""8.13e+06""",C+,"=""12.5406949""","=""14.0472014""","=""2s2.2p3.(2D*).3s""","=""3D*""","=""2""","=""2s2.2p3.(2D*).3p""","=""3D""","=""1""",5,3,,"=""T5713LS""","=""L3760""",
"=""""","=""823.2263""","=""""","=""2.26e+07""",C+,"=""12.5406949""","=""14.0467717""","=""2s2.2p3.(2D*).3s""","=""3D*""","=""2""","=""2s2.2p3.(2D*).3p""","=""3D""","=""2""",5,5,,"=""T5713LS""","=""""",
"=""823.228""","=""823.2289""","=""265""","=""3.62e+06""",C+,"=""12.5406949""","=""14.0467669""","=""2s2.2p3.(2D*).3s""","=""3D*""","=""2""","=""2s2.2p3.(2D*).3p""","=""3D""","=""3""",5,7,,"=""T5713LS""","=""L3760""",
"=""823.526""","=""823.5266""","=""325""","=""2.43e+07""",C+,"=""12.5416739""","=""14.0472014""","=""2s2.2p3.(2D*).3s""","=""3D*""","=""1""","=""2s2.2p3.(2D*).3p""","=""3D""","=""1""",3,3,,"=""T5713LS""","=""L3760""",
"=""823.761""","=""823.7618""","=""120""","=""4.86e+06""",C+,"=""12.5416739""","=""14.0467717""","=""2s2.2p3.(2D*).3s""","=""3D*""","=""1""","=""2s2.2p3.(2D*).3p""","=""3D""","=""2""",3,5,,"=""T5713LS""","=""L3760""",
"=""842.848""","=""842.8480+""","=""120""","=""""",,"=""14.1231587""","=""15.5941737""","=""2s2.2p3.(2P*).3s""","=""3P*""","=""2""","=""2s2.2p3.(2D*).4p""","=""3D""","=""3""",5,7,,"=""""","=""L3760""",
"=""844.857""","=""844.8568""","=""810""","=""3.22e+07""",B,"=""9.5213638""","=""10.9888811""","=""2s2.2p3.(4S*).3s""","=""3S*""","=""1""","=""2s2.2p3.(4S*).3p""","=""3P""","=""0""",3,1,,"=""T5803,LS""","=""L3760""",
"=""844.868""","=""844.8680""","=""1000""","=""3.22e+07""",B,"=""9.5213638""","=""10.9888616""","=""2s2.2p3.(4S*).3s""","=""3S*""","=""1""","=""2s2.2p3.(4S*).3p""","=""3P""","=""2""",3,5,,"=""T5803,LS""","=""L3760""",
"=""844.908""","=""844.9079""","=""935""","=""3.22e+07""",B,"=""9.5213638""","=""10.9887923""","=""2s2.2p3.(4S*).3s""","=""3S*""","=""1""","=""2s2.2p3.(4S*).3p""","=""3P""","=""1""",3,3,,"=""T5803,LS""","=""L3760""",
"=""882.285""","=""882.2845""","=""325""","=""2.93e+07""",B,"=""12.7284690""","=""14.1337323""","=""2s2.2p3.(2D*).3s""","=""1D*""","=""2""","=""2s2.2p3.(2D*).3p""","=""1F""","=""3""",5,7,,"=""T5713""","=""L3760""",
"=""905.950""","=""905.9505+""","=""160bl""","=""""",,"=""14.0355624""","=""15.4041162""","=""2s2.2p3.(2D*).3p""","=""1P""","=""1""","=""2s2.2p3.(2D*<5/2>).3d""","=""1S*""","=""0""",3,1,,"=""""","=""L3760""",
"=""912.079""","=""912.0789+""","=""120""","=""""",,"=""14.0467669""","=""15.4061252""","=""2s2.2p3.(2D*).3p""","=""3D""","=""3""","=""2s2.2p3.(2D*<3/2>).3d""","=""1G*""","=""4""",7,9,,"=""""","=""L3760""",
"=""913.722""","=""913.7213+""","=""80""","=""""",,"=""14.0472014""","=""15.4041162""","=""2s2.2p3.(2D*).3p""","=""3D""","=""1""","=""2s2.2p3.(2D*<5/2>).3d""","=""1S*""","=""0""",3,1,,"=""""","=""L3760""",
"=""915.265""","=""915.2650+""","=""80""","=""""",,"=""14.0472014""","=""15.4018277""","=""2s2.2p3.(2D*).3p""","=""3D""","=""1""","=""2s2.2p3.(2D*<5/2>).3d""","=""3F*""","=""2""",3,5,,"=""""","=""L3760""",
"=""915.399""","=""915.3981+""","=""80""","=""""",,"=""14.0467669""","=""15.4011962""","=""2s2.2p3.(2D*).3p""","=""3D""","=""3""","=""2s2.2p3.(2D*<5/2>).3d""","=""3F*""","=""3""",7,7,,"=""""","=""L3760""",
"=""915.852""","=""915.8523+""","=""235""","=""""",,"=""14.0467669""","=""15.4005245""","=""2s2.2p3.(2D*).3p""","=""3D""","=""3""","=""2s2.2p3.(2D*<5/2>).3d""","=""3F*""","=""4""",7,9,,"=""""","=""L3760""",
"=""""","=""920.7459""","=""""","=""1.66e+03""",C,"=""10.7404756""","=""12.0870382""","=""2s2.2p3.(4S*).3p""","=""5P""","=""2""","=""2s2.2p3.(4S*).3d""","=""3D*""","=""3""",5,7,,"=""T5803""","=""""",
"=""926.335""","=""926.3347""","=""450""","=""4.46e+07""",A,"=""10.7402250""","=""12.0786635""","=""2s2.2p3.(4S*).3p""","=""5P""","=""1""","=""2s2.2p3.(4S*).3d""","=""5D*""","=""0""",3,1,,"=""T5803,LS""","=""L3760""",
"=""926.338""","=""926.3389""","=""490""","=""3.34e+07""",A,"=""10.7402250""","=""12.0786574""","=""2s2.2p3.(4S*).3p""","=""5P""","=""1""","=""2s2.2p3.(4S*).3d""","=""5D*""","=""1""",3,3,,"=""T5803,LS""","=""L3760""",
"=""926.348""","=""926.3478""","=""450""","=""1.56e+07""",A,"=""10.7402250""","=""12.0786446""","=""2s2.2p3.(4S*).3p""","=""5P""","=""1""","=""2s2.2p3.(4S*).3d""","=""5D*""","=""2""",3,5,,"=""T5803,LS""","=""L3760""",
"=""926.512""","=""926.5124""","=""400""","=""1.11e+07""",A,"=""10.7404756""","=""12.0786574""","=""2s2.2p3.(4S*).3p""","=""5P""","=""2""","=""2s2.2p3.(4S*).3d""","=""5D*""","=""1""",5,3,,"=""T5803,LS""","=""L3760""",
"=""926.521""","=""926.5212""","=""540""","=""2.60e+07""",A,"=""10.7404756""","=""12.0786446""","=""2s2.2p3.(4S*).3p""","=""5P""","=""2""","=""2s2.2p3.(4S*).3d""","=""5D*""","=""2""",5,5,,"=""T5803,LS""","=""L3760""",
"=""926.531""","=""926.5318""","=""590""","=""2.97e+07""",A,"=""10.7404756""","=""12.0786294""","=""2s2.2p3.(4S*).3p""","=""5P""","=""2""","=""2s2.2p3.(4S*).3d""","=""5D*""","=""3""",5,7,,"=""T5803,LS""","=""L3760""",
"=""""","=""926.8369""","=""""","=""2.97e+06""",A,"=""10.7409314""","=""12.0786446""","=""2s2.2p3.(4S*).3p""","=""5P""","=""3""","=""2s2.2p3.(4S*).3d""","=""5D*""","=""2""",7,5,,"=""T5803,LS""","=""""",
"=""926.848""","=""926.8475""","=""490""","=""1.48e+07""",A,"=""10.7409314""","=""12.0786294""","=""2s2.2p3.(4S*).3p""","=""5P""","=""3""","=""2s2.2p3.(4S*).3d""","=""5D*""","=""3""",7,7,,"=""T5803,LS""","=""L3760""",
"=""926.855""","=""926.8548""","=""640""","=""4.45e+07""",A,"=""10.7409314""","=""12.0786187""","=""2s2.2p3.(4S*).3p""","=""5P""","=""3""","=""2s2.2p3.(4S*).3d""","=""5D*""","=""4""",7,9,,"=""T5803,LS""","=""L3760""",
"=""940.177""","=""940.1771+""","=""185""","=""""",,"=""12.7284690""","=""14.0472014""","=""2s2.2p3.(2D*).3s""","=""1D*""","=""2""","=""2s2.2p3.(2D*).3p""","=""3D""","=""1""",5,3,,"=""""","=""L3760""",
"=""948.376""","=""948.3765+""","=""120""","=""""",,"=""14.0987942""","=""15.4061252""","=""2s2.2p3.(2D*).3p""","=""3F""","=""4""","=""2s2.2p3.(2D*<3/2>).3d""","=""1G*""","=""4""",9,9,,"=""""","=""L3760""",
"=""948.548""","=""948.5489""","=""120bl""","=""2.34e+07""",B,"=""12.7284690""","=""14.0355624""","=""2s2.2p3.(2D*).3s""","=""1D*""","=""2""","=""2s2.2p3.(2D*).3p""","=""1P""","=""1""",5,3,,"=""T5713""","=""L3760""",
"=""949.003""","=""949.0037+""","=""235""","=""""",,"=""14.0996582""","=""15.4061252""","=""2s2.2p3.(2D*).3p""","=""3F""","=""3""","=""2s2.2p3.(2D*<3/2>).3d""","=""1G*""","=""4""",7,9,,"=""""","=""L3760""",
"=""949.531""","=""949.5312+""","=""140""","=""""",,"=""14.0996582""","=""15.4053994""","=""2s2.2p3.(2D*).3p""","=""3F""","=""3""","=""2s2.2p3.(2D*).3d""","=""3G*""","=""3""",7,7,,"=""""","=""L3760""",
"=""950.058""","=""950.0579+""","=""265""","=""""",,"=""14.0987942""","=""15.4038114""","=""2s2.2p3.(2D*).3p""","=""3F""","=""4""","=""2s2.2p3.(2D*).3d""","=""3G*""","=""5""",9,11,,"=""""","=""L3760""",
"=""950.191""","=""950.1904+""","=""160""","=""""",,"=""14.0987942""","=""15.4036294""","=""2s2.2p3.(2D*).3p""","=""3F""","=""4""","=""2s2.2p3.(2D*).3d""","=""3G*""","=""4""",9,9,,"=""""","=""L3760""",
"=""950.820""","=""950.8201+""","=""235""","=""""",,"=""14.0996582""","=""15.4036294""","=""2s2.2p3.(2D*).3p""","=""3F""","=""3""","=""2s2.2p3.(2D*).3d""","=""3G*""","=""4""",7,9,,"=""""","=""L3760""",
"=""952.457""","=""952.4569+""","=""210""","=""""",,"=""14.0987942""","=""15.4005245""","=""2s2.2p3.(2D*).3p""","=""3F""","=""4""","=""2s2.2p3.(2D*<5/2>).3d""","=""3F*""","=""4""",9,9,,"=""""","=""L3760""",
"=""952.597""","=""952.5976+""","=""120""","=""""",,"=""14.0996582""","=""15.4011962""","=""2s2.2p3.(2D*).3p""","=""3F""","=""3""","=""2s2.2p3.(2D*<5/2>).3d""","=""3F*""","=""3""",7,7,,"=""""","=""L3760""",
"=""952.657""","=""952.6574+""","=""120""","=""""",,"=""14.1003714""","=""15.4018277""","=""2s2.2p3.(2D*).3p""","=""3F""","=""2""","=""2s2.2p3.(2D*<5/2>).3d""","=""3F*""","=""2""",5,5,,"=""""","=""L3760""",
"=""953.089""","=""953.0895+""","=""100""","=""""",,"=""14.0996582""","=""15.4005245""","=""2s2.2p3.(2D*).3p""","=""3F""","=""3""","=""2s2.2p3.(2D*<5/2>).3d""","=""3F*""","=""4""",7,9,,"=""""","=""L3760""",
"=""962.477""","=""962.4753""","=""100""","=""5.22e+04""",C+,"=""12.7590208""","=""14.0472014""","=""2s2.2p3.(4S*).4d""","=""3D*""","=""2""","=""2s2.2p3.(2D*).3p""","=""3D""","=""1""",5,3,,"=""T5713LS""","=""L3760""",
"=""""","=""962.4796""","=""""","=""1.57e+05""",C+,"=""12.7590265""","=""14.0472014""","=""2s2.2p3.(4S*).4d""","=""3D*""","=""1""","=""2s2.2p3.(2D*).3p""","=""3D""","=""1""",3,3,,"=""T5713LS""","=""""",
"=""""","=""962.7901""","=""""","=""3.25e+04""",C+,"=""12.7590123""","=""14.0467717""","=""2s2.2p3.(4S*).4d""","=""3D*""","=""3""","=""2s2.2p3.(2D*).3p""","=""3D""","=""2""",7,5,,"=""T5713LS""","=""""",
"=""962.793""","=""962.7936""","=""120""","=""1.85e+05""",C+,"=""12.7590123""","=""14.0467669""","=""2s2.2p3.(4S*).4d""","=""3D*""","=""3""","=""2s2.2p3.(2D*).3p""","=""3D""","=""3""",7,7,,"=""T5713LS""","=""L3760""",
"=""""","=""962.7965""","=""""","=""1.45e+05""",C+,"=""12.7590208""","=""14.0467717""","=""2s2.2p3.(4S*).4d""","=""3D*""","=""2""","=""2s2.2p3.(2D*).3p""","=""3D""","=""2""",5,5,,"=""T5713LS""","=""""",
"=""""","=""962.8000""","=""""","=""2.32e+04""",C+,"=""12.7590208""","=""14.0467669""","=""2s2.2p3.(4S*).4d""","=""3D*""","=""2""","=""2s2.2p3.(2D*).3p""","=""3D""","=""3""",5,7,,"=""T5713LS""","=""""",
"=""""","=""962.8007""","=""""","=""3.13e+04""",C+,"=""12.7590265""","=""14.0467717""","=""2s2.2p3.(4S*).4d""","=""3D*""","=""1""","=""2s2.2p3.(2D*).3p""","=""3D""","=""2""",3,5,,"=""T5713LS""","=""""",
"=""968.003""","=""968.0036+""","=""160""","=""""",,"=""14.1337323""","=""15.4145560""","=""2s2.2p3.(2D*).3p""","=""1F""","=""3""","=""2s2.2p3.(2D*<3/2>).3d""","=""1F*""","=""3""",7,7,,"=""""","=""L3760""",
"=""969.732""","=""969.7320""","=""80""","=""4.54e+04""",C+,"=""11.8376056""","=""13.1161465""","=""2s2.2p3.(4S*).4s""","=""5S*""","=""2""","=""2s2.2p3.(4S*).6p""","=""5P""","=""3""",5,7,,"=""T5713LS""","=""L3760""",
"=""969.757""","=""969.7565""","=""65""","=""4.54e+04""",C+,"=""11.8376056""","=""13.1161142""","=""2s2.2p3.(4S*).4s""","=""5S*""","=""2""","=""2s2.2p3.(4S*).6p""","=""5P""","=""2""",5,5,,"=""T5713LS""","=""L3760""",
"=""""","=""969.7719""","=""""","=""4.54e+04""",C+,"=""11.8376056""","=""13.1160938""","=""2s2.2p3.(4S*).4s""","=""5S*""","=""2""","=""2s2.2p3.(4S*).6p""","=""5P""","=""1""",5,3,,"=""T5713LS""","=""""",
"=""974.417""","=""974.4175+""","=""235""","=""""",,"=""14.1337323""","=""15.4061252""","=""2s2.2p3.(2D*).3p""","=""1F""","=""3""","=""2s2.2p3.(2D*<3/2>).3d""","=""1G*""","=""4""",7,9,,"=""""","=""L3760""",
"=""976.333""","=""976.3326+""","=""235""","=""""",,"=""14.1337323""","=""15.4036294""","=""2s2.2p3.(2D*).3p""","=""1F""","=""3""","=""2s2.2p3.(2D*).3d""","=""3G*""","=""4""",7,9,,"=""""","=""L3760""",
"=""""","=""982.8483""","=""""","=""1.34e+06""",C+,"=""12.0786187""","=""13.3400972""","=""2s2.2p3.(4S*).3d""","=""5D*""","=""4""","=""2s2.2p3.(4S*).7f""","=""5F""","=""5""",9,11,,"=""T5713LS""","=""""",
"=""""","=""982.8483""","=""""","=""2.24e+05""",C+,"=""12.0786187""","=""13.3400972""","=""2s2.2p3.(4S*).3d""","=""5D*""","=""4""","=""2s2.2p3.(4S*).7f""","=""5F""","=""4""",9,9,,"=""T5713LS""","=""""",
"=""""","=""982.8483""","=""""","=""1.92e+04""",C+,"=""12.0786187""","=""13.3400972""","=""2s2.2p3.(4S*).3d""","=""5D*""","=""4""","=""2s2.2p3.(4S*).7f""","=""5F""","=""3""",9,7,,"=""T5713LS""","=""""",
"=""""","=""982.8566""","=""""","=""1.12e+06""",C+,"=""12.0786294""","=""13.3400972""","=""2s2.2p3.(4S*).3d""","=""5D*""","=""3""","=""2s2.2p3.(4S*).7f""","=""5F""","=""4""",7,9,,"=""T5713LS""","=""""",
"=""""","=""982.8566""","=""""","=""4.03e+05""",C+,"=""12.0786294""","=""13.3400972""","=""2s2.2p3.(4S*).3d""","=""5D*""","=""3""","=""2s2.2p3.(4S*).7f""","=""5F""","=""3""",7,7,,"=""T5713LS""","=""""",
"=""""","=""982.8566""","=""""","=""5.37e+04""",C+,"=""12.0786294""","=""13.3400972""","=""2s2.2p3.(4S*).3d""","=""5D*""","=""3""","=""2s2.2p3.(4S*).7f""","=""5F""","=""2""",7,5,,"=""T5713LS""","=""""",
"=""""","=""982.8685""","=""""","=""9.21e+05""",C+,"=""12.0786446""","=""13.3400972""","=""2s2.2p3.(4S*).3d""","=""5D*""","=""2""","=""2s2.2p3.(4S*).7f""","=""5F""","=""3""",5,7,,"=""T5713LS""","=""""",
"=""""","=""982.8685""","=""""","=""5.37e+05""",C+,"=""12.0786446""","=""13.3400972""","=""2s2.2p3.(4S*).3d""","=""5D*""","=""2""","=""2s2.2p3.(4S*).7f""","=""5F""","=""2""",5,5,,"=""T5713LS""","=""""",
"=""""","=""982.8685""","=""""","=""8.95e+04""",C+,"=""12.0786446""","=""13.3400972""","=""2s2.2p3.(4S*).3d""","=""5D*""","=""2""","=""2s2.2p3.(4S*).7f""","=""5F""","=""1""",5,3,,"=""T5713LS""","=""""",
"=""""","=""982.8785""","=""""","=""7.52e+05""",C+,"=""12.0786574""","=""13.3400972""","=""2s2.2p3.(4S*).3d""","=""5D*""","=""1""","=""2s2.2p3.(4S*).7f""","=""5F""","=""2""",3,5,,"=""T5713LS""","=""""",
"=""""","=""982.8785""","=""""","=""6.27e+05""",C+,"=""12.0786574""","=""13.3400972""","=""2s2.2p3.(4S*).3d""","=""5D*""","=""1""","=""2s2.2p3.(4S*).7f""","=""5F""","=""1""",3,3,,"=""T5713LS""","=""""",
"=""""","=""982.8832""","=""""","=""6.27e+05""",C+,"=""12.0786635""","=""13.3400972""","=""2s2.2p3.(4S*).3d""","=""5D*""","=""0""","=""2s2.2p3.(4S*).7f""","=""5F""","=""1""",1,3,,"=""T5713LS""","=""""",
"=""""","=""989.4359""","=""""","=""1.08e+06""",C+,"=""12.0870184""","=""13.3400981""","=""2s2.2p3.(4S*).3d""","=""3D*""","=""1""","=""2s2.2p3.(4S*).7f""","=""3F""","=""2""",3,5,,"=""T5713LS""","=""""",
"=""""","=""989.4427""","=""""","=""1.14e+06""",C+,"=""12.0870271""","=""13.3400981""","=""2s2.2p3.(4S*).3d""","=""3D*""","=""2""","=""2s2.2p3.(4S*).7f""","=""3F""","=""3""",5,7,,"=""T5713LS""","=""""",
"=""""","=""989.4427""","=""""","=""2.00e+05""",C+,"=""12.0870271""","=""13.3400981""","=""2s2.2p3.(4S*).3d""","=""3D*""","=""2""","=""2s2.2p3.(4S*).7f""","=""3F""","=""2""",5,5,,"=""T5713LS""","=""""",
"=""""","=""989.4516""","=""""","=""1.28e+06""",C+,"=""12.0870382""","=""13.3400981""","=""2s2.2p3.(4S*).3d""","=""3D*""","=""3""","=""2s2.2p3.(4S*).7f""","=""3F""","=""4""",7,9,,"=""T5713LS""","=""""",
"=""""","=""989.4516""","=""""","=""1.43e+05""",C+,"=""12.0870382""","=""13.3400981""","=""2s2.2p3.(4S*).3d""","=""3D*""","=""3""","=""2s2.2p3.(4S*).7f""","=""3F""","=""3""",7,7,,"=""T5713LS""","=""""",
"=""""","=""989.4516""","=""""","=""5.63e+03""",C,"=""12.0870382""","=""13.3400981""","=""2s2.2p3.(4S*).3d""","=""3D*""","=""3""","=""2s2.2p3.(4S*).7f""","=""3F""","=""2""",7,5,,"=""T5713LS""","=""""",
"=""991.177""","=""991.1766+""","=""120""","=""""",,"=""14.0472014""","=""15.2980803""","=""2s2.2p3.(2D*).3p""","=""3D""","=""1""","=""2s2.2p3.(2D*<3/2>).3d""","=""3P*""","=""0""",3,1,,"=""""","=""L3760""",
"=""993.970""","=""993.9708+""","=""140""","=""""",,"=""14.0467717""","=""15.2941343""","=""2s2.2p3.(2D*).3p""","=""3D""","=""2""","=""2s2.2p3.(2D*<3/2>).3d""","=""3P*""","=""1""",5,3,,"=""""","=""L3760""",
"=""994.314""","=""994.3133+""","=""120""","=""""",,"=""14.0472014""","=""15.2941343""","=""2s2.2p3.(2D*).3p""","=""3D""","=""1""","=""2s2.2p3.(2D*<3/2>).3d""","=""3P*""","=""1""",3,3,,"=""""","=""L3760""",
"=""999.805""","=""999.8039+""","=""160""","=""""",,"=""14.0467669""","=""15.2868521""","=""2s2.2p3.(2D*).3p""","=""3D""","=""3""","=""2s2.2p3.(2D*<3/2>).3d""","=""3P*""","=""2""",7,5,,"=""""","=""L3760""",
"=""""","=""1017.0043""","=""""","=""3.61e+02""",C,"=""9.5213638""","=""10.7404756""","=""2s2.2p3.(4S*).3s""","=""3S*""","=""1""","=""2s2.2p3.(4S*).3p""","=""5P""","=""2""",3,5,,"=""T5986""","=""""",
"=""""","=""1017.2134""","=""""","=""1.97e+02""",C,"=""9.5213638""","=""10.7402250""","=""2s2.2p3.(4S*).3s""","=""3S*""","=""1""","=""2s2.2p3.(4S*).3p""","=""5P""","=""1""",3,3,,"=""T5986""","=""""",
"=""1042.404""","=""1042.4033+""","=""120bl""","=""""",,"=""14.0355624""","=""15.2249696""","=""2s2.2p3.(2D*).3p""","=""1P""","=""1""","=""2s2.2p3.(2D*<3/2>).4s""","=""1D*""","=""2""",3,5,,"=""""","=""L3760""",
"=""""","=""1067.8593""","=""""","=""2.37e+06""",C+,"=""12.0786187""","=""13.2396725""","=""2s2.2p3.(4S*).3d""","=""5D*""","=""4""","=""2s2.2p3.(4S*).6f""","=""5F""","=""5""",9,11,,"=""T5713LS""","=""""",
"=""""","=""1067.8593""","=""""","=""3.95e+05""",C+,"=""12.0786187""","=""13.2396725""","=""2s2.2p3.(4S*).3d""","=""5D*""","=""4""","=""2s2.2p3.(4S*).6f""","=""5F""","=""4""",9,9,,"=""T5713LS""","=""""",
"=""""","=""1067.8593""","=""""","=""3.39e+04""",C+,"=""12.0786187""","=""13.2396725""","=""2s2.2p3.(4S*).3d""","=""5D*""","=""4""","=""2s2.2p3.(4S*).6f""","=""5F""","=""3""",9,7,,"=""T5713LS""","=""""",
"=""""","=""1067.8691""","=""""","=""1.98e+06""",C+,"=""12.0786294""","=""13.2396725""","=""2s2.2p3.(4S*).3d""","=""5D*""","=""3""","=""2s2.2p3.(4S*).6f""","=""5F""","=""4""",7,9,,"=""T5713LS""","=""""",
"=""""","=""1067.8691""","=""""","=""7.12e+05""",C+,"=""12.0786294""","=""13.2396725""","=""2s2.2p3.(4S*).3d""","=""5D*""","=""3""","=""2s2.2p3.(4S*).6f""","=""5F""","=""3""",7,7,,"=""T5713LS""","=""""",
"=""""","=""1067.8691""","=""""","=""9.49e+04""",C+,"=""12.0786294""","=""13.2396725""","=""2s2.2p3.(4S*).3d""","=""5D*""","=""3""","=""2s2.2p3.(4S*).6f""","=""5F""","=""2""",7,5,,"=""T5713LS""","=""""",
"=""""","=""1067.8831""","=""""","=""1.63e+06""",C+,"=""12.0786446""","=""13.2396725""","=""2s2.2p3.(4S*).3d""","=""5D*""","=""2""","=""2s2.2p3.(4S*).6f""","=""5F""","=""3""",5,7,,"=""T5713LS""","=""""",
"=""""","=""1067.8831""","=""""","=""9.49e+05""",C+,"=""12.0786446""","=""13.2396725""","=""2s2.2p3.(4S*).3d""","=""5D*""","=""2""","=""2s2.2p3.(4S*).6f""","=""5F""","=""2""",5,5,,"=""T5713LS""","=""""",
"=""""","=""1067.8831""","=""""","=""1.58e+05""",C+,"=""12.0786446""","=""13.2396725""","=""2s2.2p3.(4S*).3d""","=""5D*""","=""2""","=""2s2.2p3.(4S*).6f""","=""5F""","=""1""",5,3,,"=""T5713LS""","=""""",
"=""""","=""1067.8948""","=""""","=""1.33e+06""",C+,"=""12.0786574""","=""13.2396725""","=""2s2.2p3.(4S*).3d""","=""5D*""","=""1""","=""2s2.2p3.(4S*).6f""","=""5F""","=""2""",3,5,,"=""T5713LS""","=""""",
"=""""","=""1067.8948""","=""""","=""1.11e+06""",C+,"=""12.0786574""","=""13.2396725""","=""2s2.2p3.(4S*).3d""","=""5D*""","=""1""","=""2s2.2p3.(4S*).6f""","=""5F""","=""1""",3,3,,"=""T5713LS""","=""""",
"=""""","=""1067.9004""","=""""","=""1.11e+06""",C+,"=""12.0786635""","=""13.2396725""","=""2s2.2p3.(4S*).3d""","=""5D*""","=""0""","=""2s2.2p3.(4S*).6f""","=""5F""","=""1""",1,3,,"=""T5713LS""","=""""",
"=""""","=""1075.6363""","=""""","=""1.91e+06""",C+,"=""12.0870184""","=""13.2396776""","=""2s2.2p3.(4S*).3d""","=""3D*""","=""1""","=""2s2.2p3.(4S*).6f""","=""3F""","=""2""",3,5,,"=""T5713LS""","=""""",
"=""""","=""1075.6444""","=""""","=""2.02e+06""",C+,"=""12.0870271""","=""13.2396776""","=""2s2.2p3.(4S*).3d""","=""3D*""","=""2""","=""2s2.2p3.(4S*).6f""","=""3F""","=""3""",5,7,,"=""T5713LS""","=""""",
"=""""","=""1075.6444""","=""""","=""3.55e+05""",C+,"=""12.0870271""","=""13.2396776""","=""2s2.2p3.(4S*).3d""","=""3D*""","=""2""","=""2s2.2p3.(4S*).6f""","=""3F""","=""2""",5,5,,"=""T5713LS""","=""""",
"=""""","=""1075.6548""","=""""","=""2.28e+06""",C+,"=""12.0870382""","=""13.2396776""","=""2s2.2p3.(4S*).3d""","=""3D*""","=""3""","=""2s2.2p3.(4S*).6f""","=""3F""","=""4""",7,9,,"=""T5713LS""","=""""",
"=""""","=""1075.6548""","=""""","=""2.54e+05""",C+,"=""12.0870382""","=""13.2396776""","=""2s2.2p3.(4S*).3d""","=""3D*""","=""3""","=""2s2.2p3.(4S*).6f""","=""3F""","=""3""",7,7,,"=""T5713LS""","=""""",
"=""""","=""1075.6548""","=""""","=""1.00e+04""",C+,"=""12.0870382""","=""13.2396776""","=""2s2.2p3.(4S*).3d""","=""3D*""","=""3""","=""2s2.2p3.(4S*).6f""","=""3F""","=""2""",7,5,,"=""T5713LS""","=""""",
"=""""","=""1109.4930""","=""""","=""2.87e+05""",C+,"=""12.2859622""","=""13.4034474""","=""2s2.2p3.(4S*).4p""","=""5P""","=""1""","=""2s2.2p3.(4S*).8d""","=""5D*""","=""0""",3,1,,"=""T5713LS""","=""""",
"=""""","=""1109.4933""","=""""","=""2.15e+05""",C+,"=""12.2859622""","=""13.4034470""","=""2s2.2p3.(4S*).4p""","=""5P""","=""1""","=""2s2.2p3.(4S*).8d""","=""5D*""","=""1""",3,3,,"=""T5713LS""","=""""",
"=""""","=""1109.4941""","=""""","=""1.00e+05""",C+,"=""12.2859622""","=""13.4034463""","=""2s2.2p3.(4S*).4p""","=""5P""","=""1""","=""2s2.2p3.(4S*).8d""","=""5D*""","=""2""",3,5,,"=""T5713LS""","=""""",
"=""""","=""1109.5762""","=""""","=""7.17e+04""",C+,"=""12.2860456""","=""13.4034470""","=""2s2.2p3.(4S*).4p""","=""5P""","=""2""","=""2s2.2p3.(4S*).8d""","=""5D*""","=""1""",5,3,,"=""T5713LS""","=""""",
"=""""","=""1109.5769""","=""""","=""1.67e+05""",C+,"=""12.2860456""","=""13.4034463""","=""2s2.2p3.(4S*).4p""","=""5P""","=""2""","=""2s2.2p3.(4S*).8d""","=""5D*""","=""2""",5,5,,"=""T5713LS""","=""""",
"=""""","=""1109.5779""","=""""","=""1.91e+05""",C+,"=""12.2860456""","=""13.4034453""","=""2s2.2p3.(4S*).4p""","=""5P""","=""2""","=""2s2.2p3.(4S*).8d""","=""5D*""","=""3""",5,7,,"=""T5713LS""","=""""",
"=""""","=""1109.7242""","=""""","=""1.91e+04""",C+,"=""12.2861939""","=""13.4034463""","=""2s2.2p3.(4S*).4p""","=""5P""","=""3""","=""2s2.2p3.(4S*).8d""","=""5D*""","=""2""",7,5,,"=""T5713LS""","=""""",
"=""""","=""1109.7252""","=""""","=""9.55e+04""",C+,"=""12.2861939""","=""13.4034453""","=""2s2.2p3.(4S*).4p""","=""5P""","=""3""","=""2s2.2p3.(4S*).8d""","=""5D*""","=""3""",7,7,,"=""T5713LS""","=""""",
"=""""","=""1109.7258""","=""""","=""2.87e+05""",C+,"=""12.2861939""","=""13.4034447""","=""2s2.2p3.(4S*).4p""","=""5P""","=""3""","=""2s2.2p3.(4S*).8d""","=""5D*""","=""4""",7,9,,"=""T5713LS""","=""""",
"=""1128.943""","=""1128.9407""","=""590""","=""2.32e+07""",A,"=""10.9887923""","=""12.0870271""","=""2s2.2p3.(4S*).3p""","=""3P""","=""1""","=""2s2.2p3.(4S*).3d""","=""3D*""","=""2""",3,5,,"=""T5803,LS""","=""L3760""",
"=""""","=""1128.9496""","=""""","=""1.29e+07""",A,"=""10.9887923""","=""12.0870184""","=""2s2.2p3.(4S*).3p""","=""3P""","=""1""","=""2s2.2p3.(4S*).3d""","=""3D*""","=""1""",3,3,,"=""T5803,LS""","=""""",
"=""1129.000""","=""1129.0005""","=""640""","=""3.09e+07""",A,"=""10.9888616""","=""12.0870382""","=""2s2.2p3.(4S*).3p""","=""3P""","=""2""","=""2s2.2p3.(4S*).3d""","=""3D*""","=""3""",5,7,,"=""T5803,LS""","=""L3760""",
"=""1129.011""","=""1129.0120""","=""490""","=""7.74e+06""",A,"=""10.9888616""","=""12.0870271""","=""2s2.2p3.(4S*).3p""","=""3P""","=""2""","=""2s2.2p3.(4S*).3d""","=""3D*""","=""2""",5,5,,"=""T5803,LS""","=""L3760""",
"=""""","=""1129.0209""","=""""","=""8.60e+05""",A,"=""10.9888616""","=""12.0870184""","=""2s2.2p3.(4S*).3p""","=""3P""","=""2""","=""2s2.2p3.(4S*).3d""","=""3D*""","=""1""",5,3,,"=""T5803,LS""","=""""",
"=""1129.041""","=""1129.0409""","=""490""","=""1.72e+07""",A,"=""10.9888811""","=""12.0870184""","=""2s2.2p3.(4S*).3p""","=""3P""","=""0""","=""2s2.2p3.(4S*).3d""","=""3D*""","=""1""",1,3,,"=""T5803,LS""","=""L3760""",
"=""1129.819""","=""1129.8195""","=""490""","=""5.34e+06""",A,"=""10.7402250""","=""11.8376056""","=""2s2.2p3.(4S*).3p""","=""5P""","=""1""","=""2s2.2p3.(4S*).4s""","=""5S*""","=""2""",3,5,,"=""T5803,LS""","=""L3760""",
"=""1130.077""","=""1130.0776""","=""540""","=""8.90e+06""",A,"=""10.7404756""","=""11.8376056""","=""2s2.2p3.(4S*).3p""","=""5P""","=""2""","=""2s2.2p3.(4S*).4s""","=""5S*""","=""2""",5,5,,"=""T5803,LS""","=""L3760""",
"=""1130.547""","=""1130.5472""","=""590""","=""1.25e+07""",A,"=""10.7409314""","=""11.8376056""","=""2s2.2p3.(4S*).3p""","=""5P""","=""3""","=""2s2.2p3.(4S*).4s""","=""5S*""","=""2""",7,5,,"=""T5803,LS""","=""L3760""",
"=""1136.180""","=""1136.1800+""","=""265""","=""""",,"=""14.1337323""","=""15.2249696""","=""2s2.2p3.(2D*).3p""","=""1F""","=""3""","=""2s2.2p3.(2D*<3/2>).4s""","=""1D*""","=""2""",7,5,,"=""""","=""L3760""",
"=""""","=""1137.7032""","=""""","=""3.98e+02""",C,"=""10.9888811""","=""12.0786574""","=""2s2.2p3.(4S*).3p""","=""3P""","=""0""","=""2s2.2p3.(4S*).3d""","=""5D*""","=""1""",1,3,,"=""T5803""","=""""",
"=""""","=""1137.7121""","=""""","=""1.01e+03""",C,"=""10.9888616""","=""12.0786294""","=""2s2.2p3.(4S*).3p""","=""3P""","=""2""","=""2s2.2p3.(4S*).3d""","=""5D*""","=""3""",5,7,,"=""T5803""","=""""",
"=""""","=""1179.1702""","=""""","=""4.70e+05""",C+,"=""12.2859622""","=""13.3374152""","=""2s2.2p3.(4S*).4p""","=""5P""","=""1""","=""2s2.2p3.(4S*).7d""","=""5D*""","=""0""",3,1,,"=""T5713LS""","=""""",
"=""""","=""1179.1708""","=""""","=""3.53e+05""",C+,"=""12.2859622""","=""13.3374147""","=""2s2.2p3.(4S*).4p""","=""5P""","=""1""","=""2s2.2p3.(4S*).7d""","=""5D*""","=""1""",3,3,,"=""T5713LS""","=""""",
"=""""","=""1179.1720""","=""""","=""1.65e+05""",C+,"=""12.2859622""","=""13.3374136""","=""2s2.2p3.(4S*).4p""","=""5P""","=""1""","=""2s2.2p3.(4S*).7d""","=""5D*""","=""2""",3,5,,"=""T5713LS""","=""""",
"=""""","=""1179.2643""","=""""","=""1.18e+05""",C+,"=""12.2860456""","=""13.3374147""","=""2s2.2p3.(4S*).4p""","=""5P""","=""2""","=""2s2.2p3.(4S*).7d""","=""5D*""","=""1""",5,3,,"=""T5713LS""","=""""",
"=""""","=""1179.2656""","=""""","=""2.74e+05""",C+,"=""12.2860456""","=""13.3374136""","=""2s2.2p3.(4S*).4p""","=""5P""","=""2""","=""2s2.2p3.(4S*).7d""","=""5D*""","=""2""",5,5,,"=""T5713LS""","=""""",
"=""""","=""1179.2671""","=""""","=""3.13e+05""",C+,"=""12.2860456""","=""13.3374122""","=""2s2.2p3.(4S*).4p""","=""5P""","=""2""","=""2s2.2p3.(4S*).7d""","=""5D*""","=""3""",5,7,,"=""T5713LS""","=""""",
"=""""","=""1179.4319""","=""""","=""3.13e+04""",C+,"=""12.2861939""","=""13.3374136""","=""2s2.2p3.(4S*).4p""","=""5P""","=""3""","=""2s2.2p3.(4S*).7d""","=""5D*""","=""2""",7,5,,"=""T5713LS""","=""""",
"=""""","=""1179.4335""","=""""","=""1.57e+05""",C+,"=""12.2861939""","=""13.3374122""","=""2s2.2p3.(4S*).4p""","=""5P""","=""3""","=""2s2.2p3.(4S*).7d""","=""5D*""","=""3""",7,7,,"=""T5713LS""","=""""",
"=""""","=""1179.4346""","=""""","=""4.70e+05""",C+,"=""12.2861939""","=""13.3374112""","=""2s2.2p3.(4S*).4p""","=""5P""","=""3""","=""2s2.2p3.(4S*).7d""","=""5D*""","=""4""",7,9,,"=""T5713LS""","=""""",
"=""""","=""1185.81""","=""""","=""1.02e+05""",C+,"=""12.3588649""","=""13.40443""","=""2s2.2p3.(4S*).4p""","=""3P""","=""1""","=""2s2.2p3.(4S*).8d""","=""3D*""","=""2""",3,5,,"=""T5713LS""","=""""",
"=""""","=""1185.81""","=""""","=""5.65e+04""",C+,"=""12.3588649""","=""13.40443""","=""2s2.2p3.(4S*).4p""","=""3P""","=""1""","=""2s2.2p3.(4S*).8d""","=""3D*""","=""1""",3,3,,"=""T5713LS""","=""""",
"=""""","=""1185.82""","=""""","=""1.36e+05""",C+,"=""12.3588750""","=""13.40443""","=""2s2.2p3.(4S*).4p""","=""3P""","=""2""","=""2s2.2p3.(4S*).8d""","=""3D*""","=""3""",5,7,,"=""T5713LS""","=""""",
"=""""","=""1185.82""","=""""","=""3.39e+04""",C+,"=""12.3588750""","=""13.40443""","=""2s2.2p3.(4S*).4p""","=""3P""","=""2""","=""2s2.2p3.(4S*).8d""","=""3D*""","=""2""",5,5,,"=""T5713LS""","=""""",
"=""""","=""1185.82""","=""""","=""3.77e+03""",C,"=""12.3588750""","=""13.40443""","=""2s2.2p3.(4S*).4p""","=""3P""","=""2""","=""2s2.2p3.(4S*).8d""","=""3D*""","=""1""",5,3,,"=""T5713LS""","=""""",
"=""""","=""1185.86""","=""""","=""7.54e+04""",C+,"=""12.3589072""","=""13.40443""","=""2s2.2p3.(4S*).4p""","=""3P""","=""0""","=""2s2.2p3.(4S*).8d""","=""3D*""","=""1""",1,3,,"=""T5713LS""","=""""",
"=""""","=""1187.1334""","=""""","=""8.52e+04""",C+,"=""12.0870184""","=""13.1314183""","=""2s2.2p3.(4S*).3d""","=""3D*""","=""1""","=""2s2.2p3.(4S*).6p""","=""3P""","=""0""",3,1,,"=""T5713LS""","=""""",
"=""""","=""1187.1334""","=""""","=""2.13e+04""",C+,"=""12.0870184""","=""13.1314183""","=""2s2.2p3.(4S*).3d""","=""3D*""","=""1""","=""2s2.2p3.(4S*).6p""","=""3P""","=""1""",3,3,,"=""T5713LS""","=""""",
"=""""","=""1187.1334""","=""""","=""8.52e+02""",C,"=""12.0870184""","=""13.1314183""","=""2s2.2p3.(4S*).3d""","=""3D*""","=""1""","=""2s2.2p3.(4S*).6p""","=""3P""","=""2""",3,5,,"=""T5713LS""","=""""",
"=""""","=""1187.1433""","=""""","=""6.39e+04""",C+,"=""12.0870271""","=""13.1314183""","=""2s2.2p3.(4S*).3d""","=""3D*""","=""2""","=""2s2.2p3.(4S*).6p""","=""3P""","=""1""",5,3,,"=""T5713LS""","=""""",
"=""""","=""1187.1433""","=""""","=""1.28e+04""",C+,"=""12.0870271""","=""13.1314183""","=""2s2.2p3.(4S*).3d""","=""3D*""","=""2""","=""2s2.2p3.(4S*).6p""","=""3P""","=""2""",5,5,,"=""T5713LS""","=""""",
"=""""","=""1187.1560""","=""""","=""7.15e+04""",C+,"=""12.0870382""","=""13.1314183""","=""2s2.2p3.(4S*).3d""","=""3D*""","=""3""","=""2s2.2p3.(4S*).6p""","=""3P""","=""2""",7,5,,"=""T5713LS""","=""""",
"=""""","=""1194.9964""","=""""","=""1.61e+04""",C+,"=""12.0786187""","=""13.1161465""","=""2s2.2p3.(4S*).3d""","=""5D*""","=""4""","=""2s2.2p3.(4S*).6p""","=""5P""","=""3""",9,7,,"=""T5713LS""","=""""",
"=""""","=""1195.0087""","=""""","=""4.17e+03""",C,"=""12.0786294""","=""13.1161465""","=""2s2.2p3.(4S*).3d""","=""5D*""","=""3""","=""2s2.2p3.(4S*).6p""","=""5P""","=""3""",7,7,,"=""T5713LS""","=""""",
"=""""","=""1195.0263""","=""""","=""5.95e+02""",C,"=""12.0786446""","=""13.1161465""","=""2s2.2p3.(4S*).3d""","=""5D*""","=""2""","=""2s2.2p3.(4S*).6p""","=""5P""","=""3""",5,7,,"=""T5713LS""","=""""",
"=""""","=""1195.0460""","=""""","=""1.17e+04""",C+,"=""12.0786294""","=""13.1161142""","=""2s2.2p3.(4S*).3d""","=""5D*""","=""3""","=""2s2.2p3.(4S*).6p""","=""5P""","=""2""",7,5,,"=""T5713LS""","=""""",
"=""""","=""1195.0635""","=""""","=""7.29e+03""",C+,"=""12.0786446""","=""13.1161142""","=""2s2.2p3.(4S*).3d""","=""5D*""","=""2""","=""2s2.2p3.(4S*).6p""","=""5P""","=""2""",5,5,,"=""T5713LS""","=""""",
"=""""","=""1195.0782""","=""""","=""1.88e+03""",C,"=""12.0786574""","=""13.1161142""","=""2s2.2p3.(4S*).3d""","=""5D*""","=""1""","=""2s2.2p3.(4S*).6p""","=""5P""","=""2""",3,5,,"=""T5713LS""","=""""",
"=""""","=""1195.0869""","=""""","=""7.29e+03""",C,"=""12.0786446""","=""13.1160938""","=""2s2.2p3.(4S*).3d""","=""5D*""","=""2""","=""2s2.2p3.(4S*).6p""","=""5P""","=""1""",5,3,,"=""T5713LS""","=""""",
"=""""","=""1195.1017""","=""""","=""9.38e+03""",C,"=""12.0786574""","=""13.1160938""","=""2s2.2p3.(4S*).3d""","=""5D*""","=""1""","=""2s2.2p3.(4S*).6p""","=""5P""","=""1""",3,3,,"=""T5713LS""","=""""",
"=""""","=""1195.1087""","=""""","=""4.17e+03""",C,"=""12.0786635""","=""13.1160938""","=""2s2.2p3.(4S*).3d""","=""5D*""","=""0""","=""2s2.2p3.(4S*).6p""","=""5P""","=""1""",1,3,,"=""T5713LS""","=""""",
"=""""","=""1197.1649""","=""""","=""1.24e+05""",C+,"=""12.2859622""","=""13.3216106""","=""2s2.2p3.(4S*).4p""","=""5P""","=""1""","=""2s2.2p3.(4S*).8s""","=""5S*""","=""2""",3,5,,"=""T5713LS""","=""""",
"=""""","=""1197.2614""","=""""","=""2.06e+05""",C+,"=""12.2860456""","=""13.3216106""","=""2s2.2p3.(4S*).4p""","=""5P""","=""2""","=""2s2.2p3.(4S*).8s""","=""5S*""","=""2""",5,5,,"=""T5713LS""","=""""",
"=""""","=""1197.4328""","=""""","=""2.89e+05""",C+,"=""12.2861939""","=""13.3216106""","=""2s2.2p3.(4S*).4p""","=""5P""","=""3""","=""2s2.2p3.(4S*).8s""","=""5S*""","=""2""",7,5,,"=""T5713LS""","=""""",
"=""""","=""1227.0115""","=""""","=""2.35e+05""",C+,"=""11.8376056""","=""12.8480623""","=""2s2.2p3.(4S*).4s""","=""5S*""","=""2""","=""2s2.2p3.(4S*).5p""","=""5P""","=""3""",5,7,,"=""T5713LS""","=""""",
"=""""","=""1227.0868""","=""""","=""2.35e+05""",C+,"=""11.8376056""","=""12.8480003""","=""2s2.2p3.(4S*).4s""","=""5S*""","=""2""","=""2s2.2p3.(4S*).5p""","=""5P""","=""2""",5,5,,"=""T5713LS""","=""""",
"=""""","=""1227.1405""","=""""","=""2.35e+05""",C+,"=""11.8376056""","=""12.8479560""","=""2s2.2p3.(4S*).4s""","=""5S*""","=""2""","=""2s2.2p3.(4S*).5p""","=""5P""","=""1""",5,3,,"=""T5713LS""","=""""",
"=""""","=""1246.7250""","=""""","=""4.96e+06""",C+,"=""12.0786187""","=""13.0730978""","=""2s2.2p3.(4S*).3d""","=""5D*""","=""4""","=""2s2.2p3.(4S*).5f""","=""5F""","=""5""",9,11,,"=""T5713LS""","=""""",
"=""""","=""1246.7250""","=""""","=""8.27e+05""",C+,"=""12.0786187""","=""13.0730978""","=""2s2.2p3.(4S*).3d""","=""5D*""","=""4""","=""2s2.2p3.(4S*).5f""","=""5F""","=""4""",9,9,,"=""T5713LS""","=""""",
"=""""","=""1246.7250""","=""""","=""7.09e+04""",C+,"=""12.0786187""","=""13.0730978""","=""2s2.2p3.(4S*).3d""","=""5D*""","=""4""","=""2s2.2p3.(4S*).5f""","=""5F""","=""3""",9,7,,"=""T5713LS""","=""""",
"=""1246.743""","=""1246.7384""","=""490*""","=""1.49e+06""",C+,"=""12.0786294""","=""13.0730978""","=""2s2.2p3.(4S*).3d""","=""5D*""","=""3""","=""2s2.2p3.(4S*).5f""","=""5F""","=""3""",7,7,,"=""T5713LS""","=""L3760""",
"=""1246.743""","=""1246.7384""","=""490*""","=""1.98e+05""",C+,"=""12.0786294""","=""13.0730978""","=""2s2.2p3.(4S*).3d""","=""5D*""","=""3""","=""2s2.2p3.(4S*).5f""","=""5F""","=""2""",7,5,,"=""T5713LS""","=""L3760""",
"=""1246.743""","=""1246.7384""","=""490*""","=""4.14e+06""",C+,"=""12.0786294""","=""13.0730978""","=""2s2.2p3.(4S*).3d""","=""5D*""","=""3""","=""2s2.2p3.(4S*).5f""","=""5F""","=""4""",7,9,,"=""T5713LS""","=""L3760""",
"=""""","=""1246.7575""","=""""","=""3.41e+06""",C+,"=""12.0786446""","=""13.0730978""","=""2s2.2p3.(4S*).3d""","=""5D*""","=""2""","=""2s2.2p3.(4S*).5f""","=""5F""","=""3""",5,7,,"=""T5713LS""","=""""",
"=""""","=""1246.7575""","=""""","=""1.98e+06""",C+,"=""12.0786446""","=""13.0730978""","=""2s2.2p3.(4S*).3d""","=""5D*""","=""2""","=""2s2.2p3.(4S*).5f""","=""5F""","=""2""",5,5,,"=""T5713LS""","=""""",
"=""""","=""1246.7575""","=""""","=""3.31e+05""",C+,"=""12.0786446""","=""13.0730978""","=""2s2.2p3.(4S*).3d""","=""5D*""","=""2""","=""2s2.2p3.(4S*).5f""","=""5F""","=""1""",5,3,,"=""T5713LS""","=""""",
"=""""","=""1246.7735""","=""""","=""2.78e+06""",C+,"=""12.0786574""","=""13.0730978""","=""2s2.2p3.(4S*).3d""","=""5D*""","=""1""","=""2s2.2p3.(4S*).5f""","=""5F""","=""2""",3,5,,"=""T5713LS""","=""""",
"=""""","=""1246.7735""","=""""","=""2.32e+06""",C+,"=""12.0786574""","=""13.0730978""","=""2s2.2p3.(4S*).3d""","=""5D*""","=""1""","=""2s2.2p3.(4S*).5f""","=""5F""","=""1""",3,3,,"=""T5713LS""","=""""",
"=""""","=""1246.7811""","=""""","=""2.32e+06""",C+,"=""12.0786635""","=""13.0730978""","=""2s2.2p3.(4S*).3d""","=""5D*""","=""0""","=""2s2.2p3.(4S*).5f""","=""5F""","=""1""",1,3,,"=""T5713LS""","=""""",
"=""""","=""1257.3324""","=""""","=""4.05e+06""",C+,"=""12.0870184""","=""13.0731076""","=""2s2.2p3.(4S*).3d""","=""3D*""","=""1""","=""2s2.2p3.(4S*).5f""","=""3F""","=""2""",3,5,,"=""T5713LS""","=""""",
"=""1257.348""","=""1257.3435""","=""450*""","=""7.52e+05""",C+,"=""12.0870271""","=""13.0731076""","=""2s2.2p3.(4S*).3d""","=""3D*""","=""2""","=""2s2.2p3.(4S*).5f""","=""3F""","=""2""",5,5,,"=""T5713LS""","=""L3760""",
"=""1257.348""","=""1257.3435""","=""450*""","=""4.28e+06""",C+,"=""12.0870271""","=""13.0731076""","=""2s2.2p3.(4S*).3d""","=""3D*""","=""2""","=""2s2.2p3.(4S*).5f""","=""3F""","=""3""",5,7,,"=""T5713LS""","=""L3760""",
"=""""","=""1257.3577""","=""""","=""4.82e+06""",C+,"=""12.0870382""","=""13.0731076""","=""2s2.2p3.(4S*).3d""","=""3D*""","=""3""","=""2s2.2p3.(4S*).5f""","=""3F""","=""4""",7,9,,"=""T5713LS""","=""""",
"=""""","=""1257.3577""","=""""","=""5.37e+05""",C+,"=""12.0870382""","=""13.0731076""","=""2s2.2p3.(4S*).3d""","=""3D*""","=""3""","=""2s2.2p3.(4S*).5f""","=""3F""","=""3""",7,7,,"=""T5713LS""","=""""",
"=""""","=""1257.3577""","=""""","=""2.12e+04""",C+,"=""12.0870382""","=""13.0731076""","=""2s2.2p3.(4S*).3d""","=""3D*""","=""3""","=""2s2.2p3.(4S*).5f""","=""3F""","=""2""",7,5,,"=""T5713LS""","=""""",
"=""""","=""1265.5330""","=""""","=""1.76e+05""",C+,"=""12.3588649""","=""13.3385644""","=""2s2.2p3.(4S*).4p""","=""3P""","=""1""","=""2s2.2p3.(4S*).7d""","=""3D*""","=""2""",3,5,,"=""T5713LS""","=""""",
"=""""","=""1265.5330""","=""""","=""9.75e+04""",C+,"=""12.3588649""","=""13.3385644""","=""2s2.2p3.(4S*).4p""","=""3P""","=""1""","=""2s2.2p3.(4S*).7d""","=""3D*""","=""1""",3,3,,"=""T5713LS""","=""""",
"=""""","=""1265.5460""","=""""","=""2.34e+05""",C+,"=""12.3588750""","=""13.3385644""","=""2s2.2p3.(4S*).4p""","=""3P""","=""2""","=""2s2.2p3.(4S*).7d""","=""3D*""","=""3""",5,7,,"=""T5713LS""","=""""",
"=""""","=""1265.5460""","=""""","=""5.85e+04""",C+,"=""12.3588750""","=""13.3385644""","=""2s2.2p3.(4S*).4p""","=""3P""","=""2""","=""2s2.2p3.(4S*).7d""","=""3D*""","=""2""",5,5,,"=""T5713LS""","=""""",
"=""""","=""1265.5460""","=""""","=""6.50e+03""",C,"=""12.3588750""","=""13.3385644""","=""2s2.2p3.(4S*).4p""","=""3P""","=""2""","=""2s2.2p3.(4S*).7d""","=""3D*""","=""1""",5,3,,"=""T5713LS""","=""""",
"=""""","=""1265.5876""","=""""","=""1.30e+05""",C+,"=""12.3589072""","=""13.3385644""","=""2s2.2p3.(4S*).4p""","=""3P""","=""0""","=""2s2.2p3.(4S*).7d""","=""3D*""","=""1""",1,3,,"=""T5713LS""","=""""",
"=""""","=""1279.3849""","=""""","=""1.77e+05""",C+,"=""12.3588649""","=""13.3279572""","=""2s2.2p3.(4S*).4p""","=""3P""","=""1""","=""2s2.2p3.(4S*).8s""","=""3S*""","=""1""",3,3,,"=""T5713LS""","=""""",
"=""""","=""1279.3982""","=""""","=""2.95e+05""",C+,"=""12.3588750""","=""13.3279572""","=""2s2.2p3.(4S*).4p""","=""3P""","=""2""","=""2s2.2p3.(4S*).8s""","=""3S*""","=""1""",5,3,,"=""T5713LS""","=""""",
"=""""","=""1279.4407""","=""""","=""5.89e+04""",C+,"=""12.3589072""","=""13.3279572""","=""2s2.2p3.(4S*).4p""","=""3P""","=""0""","=""2s2.2p3.(4S*).8s""","=""3S*""","=""1""",1,3,,"=""T5713LS""","=""""",
"=""1299.432""","=""1299.4295+""","=""120""","=""""",,"=""14.4604127""","=""15.4145560""","=""2s2.2p3.(2D*).3p""","=""1D""","=""2""","=""2s2.2p3.(2D*<3/2>).3d""","=""1F*""","=""3""",5,7,,"=""""","=""L3760""",
"=""""","=""1305.7343""","=""""","=""8.65e+05""",C+,"=""12.2859622""","=""13.2354984""","=""2s2.2p3.(4S*).4p""","=""5P""","=""1""","=""2s2.2p3.(4S*).6d""","=""5D*""","=""0""",3,1,,"=""T5713LS""","=""""",
"=""""","=""1305.7355""","=""""","=""6.49e+05""",C+,"=""12.2859622""","=""13.2354975""","=""2s2.2p3.(4S*).4p""","=""5P""","=""1""","=""2s2.2p3.(4S*).6d""","=""5D*""","=""1""",3,3,,"=""T5713LS""","=""""",
"=""""","=""1305.7377""","=""""","=""3.03e+05""",C+,"=""12.2859622""","=""13.2354959""","=""2s2.2p3.(4S*).4p""","=""5P""","=""1""","=""2s2.2p3.(4S*).6d""","=""5D*""","=""2""",3,5,,"=""T5713LS""","=""""",
"=""""","=""1305.8502""","=""""","=""2.16e+05""",C+,"=""12.2860456""","=""13.2354975""","=""2s2.2p3.(4S*).4p""","=""5P""","=""2""","=""2s2.2p3.(4S*).6d""","=""5D*""","=""1""",5,3,,"=""T5713LS""","=""""",
"=""""","=""1305.8525""","=""""","=""5.05e+05""",C+,"=""12.2860456""","=""13.2354959""","=""2s2.2p3.(4S*).4p""","=""5P""","=""2""","=""2s2.2p3.(4S*).6d""","=""5D*""","=""2""",5,5,,"=""T5713LS""","=""""",
"=""""","=""1305.8552""","=""""","=""5.77e+05""",C+,"=""12.2860456""","=""13.2354940""","=""2s2.2p3.(4S*).4p""","=""5P""","=""2""","=""2s2.2p3.(4S*).6d""","=""5D*""","=""3""",5,7,,"=""T5713LS""","=""""",
"=""""","=""1306.0564""","=""""","=""5.77e+04""",C+,"=""12.2861939""","=""13.2354959""","=""2s2.2p3.(4S*).4p""","=""5P""","=""3""","=""2s2.2p3.(4S*).6d""","=""5D*""","=""2""",7,5,,"=""T5713LS""","=""""",
"=""""","=""1306.0592""","=""""","=""2.88e+05""",C+,"=""12.2861939""","=""13.2354940""","=""2s2.2p3.(4S*).4p""","=""5P""","=""3""","=""2s2.2p3.(4S*).6d""","=""5D*""","=""3""",7,7,,"=""T5713LS""","=""""",
"=""""","=""1306.0610""","=""""","=""8.65e+05""",C+,"=""12.2861939""","=""13.2354926""","=""2s2.2p3.(4S*).4p""","=""5P""","=""3""","=""2s2.2p3.(4S*).6d""","=""5D*""","=""4""",7,9,,"=""T5713LS""","=""""",
"=""""","=""1308.0097""","=""""","=""2.86e+05""",C+,"=""11.9303856""","=""12.8782699""","=""2s2.2p3.(4S*).4s""","=""3S*""","=""1""","=""2s2.2p3.(4S*).5p""","=""3P""","=""0""",3,1,,"=""T5713LS""","=""""",
"=""1308.049""","=""1308.0481""","=""160""","=""2.86e+05""",C+,"=""11.9303856""","=""12.8782422""","=""2s2.2p3.(4S*).4s""","=""3S*""","=""1""","=""2s2.2p3.(4S*).5p""","=""3P""","=""1""",3,3,,"=""T5713LS""","=""L3760""",
"=""""","=""1308.0583""","=""""","=""2.86e+05""",C+,"=""11.9303856""","=""12.8782347""","=""2s2.2p3.(4S*).4s""","=""3S*""","=""1""","=""2s2.2p3.(4S*).5p""","=""3P""","=""2""",3,5,,"=""T5713LS""","=""""",
"=""1316.749""","=""1316.7490""","=""700""","=""7.14e+06""",B+,"=""10.9887923""","=""11.9303856""","=""2s2.2p3.(4S*).3p""","=""3P""","=""1""","=""2s2.2p3.(4S*).4s""","=""3S*""","=""1""",3,3,,"=""T5803,LS""","=""L3760""",
"=""1316.845""","=""1316.8459""","=""750""","=""1.19e+07""",B+,"=""10.9888616""","=""11.9303856""","=""2s2.2p3.(4S*).3p""","=""3P""","=""2""","=""2s2.2p3.(4S*).4s""","=""3S*""","=""1""",5,3,,"=""T5803,LS""","=""L3760""",
"=""1316.871""","=""1316.8731""","=""640""","=""2.38e+06""",B+,"=""10.9888811""","=""11.9303856""","=""2s2.2p3.(4S*).3p""","=""3P""","=""0""","=""2s2.2p3.(4S*).4s""","=""3S*""","=""1""",1,3,,"=""T5803,LS""","=""L3760""",
"=""""","=""1341.8521""","=""""","=""2.08e+05""",C+,"=""12.2859622""","=""13.2099403""","=""2s2.2p3.(4S*).4p""","=""5P""","=""1""","=""2s2.2p3.(4S*).7s""","=""5S*""","=""2""",3,5,,"=""T5713LS""","=""""",
"=""""","=""1341.9733""","=""""","=""3.46e+05""",C+,"=""12.2860456""","=""13.2099403""","=""2s2.2p3.(4S*).4p""","=""5P""","=""2""","=""2s2.2p3.(4S*).7s""","=""5S*""","=""2""",5,5,,"=""T5713LS""","=""""",
"=""""","=""1342.1887""","=""""","=""4.84e+05""",C+,"=""12.2861939""","=""13.2099403""","=""2s2.2p3.(4S*).4p""","=""5P""","=""3""","=""2s2.2p3.(4S*).7s""","=""5S*""","=""2""",7,5,,"=""T5713LS""","=""""",
"=""""","=""1411.4655""","=""""","=""3.49e+05""",C+,"=""12.3588649""","=""13.2372725""","=""2s2.2p3.(4S*).4p""","=""3P""","=""1""","=""2s2.2p3.(4S*).6d""","=""3D*""","=""2""",3,5,,"=""T5713LS""","=""""",
"=""""","=""1411.4655""","=""""","=""1.94e+05""",C+,"=""12.3588649""","=""13.2372725""","=""2s2.2p3.(4S*).4p""","=""3P""","=""1""","=""2s2.2p3.(4S*).6d""","=""3D*""","=""1""",3,3,,"=""T5713LS""","=""""",
"=""""","=""1411.4816""","=""""","=""4.65e+05""",C+,"=""12.3588750""","=""13.2372725""","=""2s2.2p3.(4S*).4p""","=""3P""","=""2""","=""2s2.2p3.(4S*).6d""","=""3D*""","=""3""",5,7,,"=""T5713LS""","=""""",
"=""""","=""1411.4816""","=""""","=""1.16e+05""",C+,"=""12.3588750""","=""13.2372725""","=""2s2.2p3.(4S*).4p""","=""3P""","=""2""","=""2s2.2p3.(4S*).6d""","=""3D*""","=""2""",5,5,,"=""T5713LS""","=""""",
"=""""","=""1411.4816""","=""""","=""1.29e+04""",C+,"=""12.3588750""","=""13.2372725""","=""2s2.2p3.(4S*).4p""","=""3P""","=""2""","=""2s2.2p3.(4S*).6d""","=""3D*""","=""1""",5,3,,"=""T5713LS""","=""""",
"=""""","=""1411.5334""","=""""","=""2.58e+05""",C+,"=""12.3589072""","=""13.2372725""","=""2s2.2p3.(4S*).4p""","=""3P""","=""0""","=""2s2.2p3.(4S*).6d""","=""3D*""","=""1""",1,3,,"=""T5713LS""","=""""",
"=""""","=""1439.4773""","=""""","=""2.96e+05""",C+,"=""12.3588649""","=""13.2201789""","=""2s2.2p3.(4S*).4p""","=""3P""","=""1""","=""2s2.2p3.(4S*).7s""","=""3S*""","=""1""",3,3,,"=""T5713LS""","=""""",
"=""""","=""1439.4941""","=""""","=""4.93e+05""",C+,"=""12.3588750""","=""13.2201789""","=""2s2.2p3.(4S*).4p""","=""3P""","=""2""","=""2s2.2p3.(4S*).7s""","=""3S*""","=""1""",5,3,,"=""T5713LS""","=""""",
"=""""","=""1439.5480""","=""""","=""9.86e+04""",C+,"=""12.3589072""","=""13.2201789""","=""2s2.2p3.(4S*).4p""","=""3P""","=""0""","=""2s2.2p3.(4S*).7s""","=""3S*""","=""1""",1,3,,"=""T5713LS""","=""""",
"=""""","=""1548.0499""","=""""","=""1.55e+04""",C+,"=""12.5391924""","=""13.3400981""","=""2s2.2p3.(2D*).3s""","=""3D*""","=""3""","=""2s2.2p3.(4S*).7f""","=""3F""","=""4""",7,9,,"=""T5713LS""","=""""",
"=""""","=""1548.0499""","=""""","=""1.73e+03""",C,"=""12.5391924""","=""13.3400981""","=""2s2.2p3.(2D*).3s""","=""3D*""","=""3""","=""2s2.2p3.(4S*).7f""","=""3F""","=""3""",7,7,,"=""T5713LS""","=""""",
"=""""","=""1548.0499""","=""""","=""6.82e+01""",D,"=""12.5391924""","=""13.3400981""","=""2s2.2p3.(2D*).3s""","=""3D*""","=""3""","=""2s2.2p3.(4S*).7f""","=""3F""","=""2""",7,5,,"=""T5713LS""","=""""",
"=""""","=""1550.9596""","=""""","=""1.37e+04""",C+,"=""12.5406949""","=""13.3400981""","=""2s2.2p3.(2D*).3s""","=""3D*""","=""2""","=""2s2.2p3.(4S*).7f""","=""3F""","=""3""",5,7,,"=""T5713LS""","=""""",
"=""""","=""1550.9596""","=""""","=""2.40e+03""",C,"=""12.5406949""","=""13.3400981""","=""2s2.2p3.(2D*).3s""","=""3D*""","=""2""","=""2s2.2p3.(4S*).7f""","=""3F""","=""2""",5,5,,"=""T5713LS""","=""""",
"=""""","=""1552.8613""","=""""","=""1.29e+04""",C+,"=""12.5416739""","=""13.3400981""","=""2s2.2p3.(2D*).3s""","=""3D*""","=""1""","=""2s2.2p3.(4S*).7f""","=""3F""","=""2""",3,5,,"=""T5713LS""","=""""",
"=""""","=""1566.9379""","=""""","=""1.83e+05""",C+,"=""12.0870184""","=""12.8782699""","=""2s2.2p3.(4S*).3d""","=""3D*""","=""1""","=""2s2.2p3.(4S*).5p""","=""3P""","=""0""",3,1,,"=""T5713LS""","=""""",
"=""""","=""1566.9929""","=""""","=""4.57e+04""",C+,"=""12.0870184""","=""12.8782422""","=""2s2.2p3.(4S*).3d""","=""3D*""","=""1""","=""2s2.2p3.(4S*).5p""","=""3P""","=""1""",3,3,,"=""T5713LS""","=""""",
"=""""","=""1567.0076""","=""""","=""1.83e+03""",C,"=""12.0870184""","=""12.8782347""","=""2s2.2p3.(4S*).3d""","=""3D*""","=""1""","=""2s2.2p3.(4S*).5p""","=""3P""","=""2""",3,5,,"=""T5713LS""","=""""",
"=""""","=""1567.0101""","=""""","=""1.37e+05""",C+,"=""12.0870271""","=""12.8782422""","=""2s2.2p3.(4S*).3d""","=""3D*""","=""2""","=""2s2.2p3.(4S*).5p""","=""3P""","=""1""",5,3,,"=""T5713LS""","=""""",
"=""""","=""1567.0248""","=""""","=""2.74e+04""",C+,"=""12.0870271""","=""12.8782347""","=""2s2.2p3.(4S*).3d""","=""3D*""","=""2""","=""2s2.2p3.(4S*).5p""","=""3P""","=""2""",5,5,,"=""T5713LS""","=""""",
"=""""","=""1567.0469""","=""""","=""1.54e+05""",C+,"=""12.0870382""","=""12.8782347""","=""2s2.2p3.(4S*).3d""","=""3D*""","=""3""","=""2s2.2p3.(4S*).5p""","=""3P""","=""2""",7,5,,"=""T5713LS""","=""""",
"=""""","=""1589.1983""","=""""","=""1.93e+06""",C+,"=""12.2859622""","=""13.0661304""","=""2s2.2p3.(4S*).4p""","=""5P""","=""1""","=""2s2.2p3.(4S*).5d""","=""5D*""","=""0""",3,1,,"=""T5713LS""","=""""",
"=""""","=""1589.2016""","=""""","=""1.45e+06""",C+,"=""12.2859622""","=""13.0661288""","=""2s2.2p3.(4S*).4p""","=""5P""","=""1""","=""2s2.2p3.(4S*).5d""","=""5D*""","=""1""",3,3,,"=""T5713LS""","=""""",
"=""""","=""1589.2084""","=""""","=""6.75e+05""",C+,"=""12.2859622""","=""13.0661255""","=""2s2.2p3.(4S*).4p""","=""5P""","=""1""","=""2s2.2p3.(4S*).5d""","=""5D*""","=""2""",3,5,,"=""T5713LS""","=""""",
"=""""","=""1589.3716""","=""""","=""4.82e+05""",C+,"=""12.2860456""","=""13.0661288""","=""2s2.2p3.(4S*).4p""","=""5P""","=""2""","=""2s2.2p3.(4S*).5d""","=""5D*""","=""1""",5,3,,"=""T5713LS""","=""""",
"=""""","=""1589.3784""","=""""","=""1.13e+06""",C+,"=""12.2860456""","=""13.0661255""","=""2s2.2p3.(4S*).4p""","=""5P""","=""2""","=""2s2.2p3.(4S*).5d""","=""5D*""","=""2""",5,5,,"=""T5713LS""","=""""",
"=""""","=""1589.3865""","=""""","=""1.29e+06""",C+,"=""12.2860456""","=""13.0661215""","=""2s2.2p3.(4S*).4p""","=""5P""","=""2""","=""2s2.2p3.(4S*).5d""","=""5D*""","=""3""",5,7,,"=""T5713LS""","=""""",
"=""""","=""1589.6806""","=""""","=""1.29e+05""",C+,"=""12.2861939""","=""13.0661255""","=""2s2.2p3.(4S*).4p""","=""5P""","=""3""","=""2s2.2p3.(4S*).5d""","=""5D*""","=""2""",7,5,,"=""T5713LS""","=""""",
"=""""","=""1589.6886""","=""""","=""6.43e+05""",C+,"=""12.2861939""","=""13.0661215""","=""2s2.2p3.(4S*).4p""","=""5P""","=""3""","=""2s2.2p3.(4S*).5d""","=""5D*""","=""3""",7,7,,"=""T5713LS""","=""""",
"=""""","=""1589.6945""","=""""","=""1.93e+06""",C+,"=""12.2861939""","=""13.0661186""","=""2s2.2p3.(4S*).4p""","=""5P""","=""3""","=""2s2.2p3.(4S*).5d""","=""5D*""","=""4""",7,9,,"=""T5713LS""","=""""",
"=""""","=""1611.3488""","=""""","=""3.12e+04""",C+,"=""12.0786187""","=""12.8480623""","=""2s2.2p3.(4S*).3d""","=""5D*""","=""4""","=""2s2.2p3.(4S*).5p""","=""5P""","=""3""",9,7,,"=""T5713LS""","=""""",
"=""""","=""1611.3711""","=""""","=""8.08e+03""",C+,"=""12.0786294""","=""12.8480623""","=""2s2.2p3.(4S*).3d""","=""5D*""","=""3""","=""2s2.2p3.(4S*).5p""","=""5P""","=""3""",7,7,,"=""T5713LS""","=""""",
"=""""","=""1611.4031""","=""""","=""1.15e+03""",C,"=""12.0786446""","=""12.8480623""","=""2s2.2p3.(4S*).3d""","=""5D*""","=""2""","=""2s2.2p3.(4S*).5p""","=""5P""","=""3""",5,7,,"=""T5713LS""","=""""",
"=""""","=""1611.5010""","=""""","=""2.26e+04""",C+,"=""12.0786294""","=""12.8480003""","=""2s2.2p3.(4S*).3d""","=""5D*""","=""3""","=""2s2.2p3.(4S*).5p""","=""5P""","=""2""",7,5,,"=""T5713LS""","=""""",
"=""""","=""1611.5329""","=""""","=""1.41e+04""",C+,"=""12.0786446""","=""12.8480003""","=""2s2.2p3.(4S*).3d""","=""5D*""","=""2""","=""2s2.2p3.(4S*).5p""","=""5P""","=""2""",5,5,,"=""T5713LS""","=""""",
"=""""","=""1611.5597""","=""""","=""3.63e+03""",C+,"=""12.0786574""","=""12.8480003""","=""2s2.2p3.(4S*).3d""","=""5D*""","=""1""","=""2s2.2p3.(4S*).5p""","=""5P""","=""2""",3,5,,"=""T5713LS""","=""""",
"=""""","=""1611.6256""","=""""","=""1.41e+04""",C+,"=""12.0786446""","=""12.8479560""","=""2s2.2p3.(4S*).3d""","=""5D*""","=""2""","=""2s2.2p3.(4S*).5p""","=""5P""","=""1""",5,3,,"=""T5713LS""","=""""",
"=""""","=""1611.6524""","=""""","=""1.82e+04""",C+,"=""12.0786574""","=""12.8479560""","=""2s2.2p3.(4S*).3d""","=""5D*""","=""1""","=""2s2.2p3.(4S*).5p""","=""5P""","=""1""",3,3,,"=""T5713LS""","=""""",
"=""""","=""1611.6651""","=""""","=""8.07e+03""",C+,"=""12.0786635""","=""12.8479560""","=""2s2.2p3.(4S*).3d""","=""5D*""","=""0""","=""2s2.2p3.(4S*).5p""","=""5P""","=""1""",1,3,,"=""T5713LS""","=""""",
"=""1621.649""","=""1621.648+""","=""160""","=""""",,"=""14.4604127""","=""15.2249696""","=""2s2.2p3.(2D*).3p""","=""1D""","=""2""","=""2s2.2p3.(2D*<3/2>).4s""","=""1D*""","=""2""",5,5,,"=""""","=""L3760""",
"=""""","=""1687.3824""","=""""","=""3.99e+05""",C+,"=""12.2859622""","=""13.0207346""","=""2s2.2p3.(4S*).4p""","=""5P""","=""1""","=""2s2.2p3.(4S*).6s""","=""5S*""","=""2""",3,5,,"=""T5713LS""","=""""",
"=""""","=""1687.5740""","=""""","=""6.64e+05""",C+,"=""12.2860456""","=""13.0207346""","=""2s2.2p3.(4S*).4p""","=""5P""","=""2""","=""2s2.2p3.(4S*).6s""","=""5S*""","=""2""",5,5,,"=""T5713LS""","=""""",
"=""""","=""1687.9147""","=""""","=""9.30e+05""",C+,"=""12.2861939""","=""13.0207346""","=""2s2.2p3.(4S*).4p""","=""5P""","=""3""","=""2s2.2p3.(4S*).6s""","=""5S*""","=""2""",7,5,,"=""T5713LS""","=""""",
"=""""","=""1745.7979""","=""""","=""8.85e+05""",C+,"=""12.3588649""","=""13.0690514""","=""2s2.2p3.(4S*).4p""","=""3P""","=""1""","=""2s2.2p3.(4S*).5d""","=""3D*""","=""2""",3,5,,"=""T5713LS""","=""""",
"=""""","=""1745.7979""","=""""","=""4.92e+05""",C+,"=""12.3588649""","=""13.0690514""","=""2s2.2p3.(4S*).4p""","=""3P""","=""1""","=""2s2.2p3.(4S*).5d""","=""3D*""","=""1""",3,3,,"=""T5713LS""","=""""",
"=""""","=""1745.8226""","=""""","=""1.18e+06""",C+,"=""12.3588750""","=""13.0690514""","=""2s2.2p3.(4S*).4p""","=""3P""","=""2""","=""2s2.2p3.(4S*).5d""","=""3D*""","=""3""",5,7,,"=""T5713LS""","=""""",
"=""""","=""1745.8226""","=""""","=""2.95e+05""",C+,"=""12.3588750""","=""13.0690514""","=""2s2.2p3.(4S*).4p""","=""3P""","=""2""","=""2s2.2p3.(4S*).5d""","=""3D*""","=""2""",5,5,,"=""T5713LS""","=""""",
"=""""","=""1745.8226""","=""""","=""3.28e+04""",C+,"=""12.3588750""","=""13.0690514""","=""2s2.2p3.(4S*).4p""","=""3P""","=""2""","=""2s2.2p3.(4S*).5d""","=""3D*""","=""1""",5,3,,"=""T5713LS""","=""""",
"=""""","=""1745.9018""","=""""","=""6.56e+05""",C+,"=""12.3589072""","=""13.0690514""","=""2s2.2p3.(4S*).4p""","=""3P""","=""0""","=""2s2.2p3.(4S*).5d""","=""3D*""","=""1""",1,3,,"=""T5713LS""","=""""",
"=""""","=""1769.9760""","=""""","=""2.52e+04""",C+,"=""12.5391924""","=""13.2396776""","=""2s2.2p3.(2D*).3s""","=""3D*""","=""3""","=""2s2.2p3.(4S*).6f""","=""3F""","=""4""",7,9,,"=""T5713LS""","=""""",
"=""""","=""1769.9760""","=""""","=""2.81e+03""",C+,"=""12.5391924""","=""13.2396776""","=""2s2.2p3.(2D*).3s""","=""3D*""","=""3""","=""2s2.2p3.(4S*).6f""","=""3F""","=""3""",7,7,,"=""T5713LS""","=""""",
"=""""","=""1769.9760""","=""""","=""1.11e+02""",D,"=""12.5391924""","=""13.2396776""","=""2s2.2p3.(2D*).3s""","=""3D*""","=""3""","=""2s2.2p3.(4S*).6f""","=""3F""","=""2""",7,5,,"=""T5713LS""","=""""",
"=""""","=""1773.7809""","=""""","=""2.22e+04""",C+,"=""12.5406949""","=""13.2396776""","=""2s2.2p3.(2D*).3s""","=""3D*""","=""2""","=""2s2.2p3.(4S*).6f""","=""3F""","=""3""",5,7,,"=""T5713LS""","=""""",
"=""""","=""1773.7809""","=""""","=""3.90e+03""",C+,"=""12.5406949""","=""13.2396776""","=""2s2.2p3.(2D*).3s""","=""3D*""","=""2""","=""2s2.2p3.(4S*).6f""","=""3F""","=""2""",5,5,,"=""T5713LS""","=""""",
"=""""","=""1776.2687""","=""""","=""2.09e+04""",C+,"=""12.5416739""","=""13.2396776""","=""2s2.2p3.(2D*).3s""","=""3D*""","=""1""","=""2s2.2p3.(4S*).6f""","=""3F""","=""2""",3,5,,"=""T5713LS""","=""""",
"=""1797.161""","=""1797.161+""","=""120""","=""""",,"=""15.4005245""","=""16.0904139""","=""2s2.2p3.(2D*<5/2>).3d""","=""3F*""","=""4""","=""2s2.2p3.(2D*).4f""","=""3G""","=""5""",9,11,,"=""""","=""L3760""",
"=""""","=""1802.575""","=""""","=""1.48e+07""",C+,"=""12.0786187""","=""12.7664358""","=""2s2.2p3.(4S*).3d""","=""5D*""","=""4""","=""2s2.2p3.(4S*).4f""","=""5F""","=""5""",9,11,,"=""T5713LS""","=""""",
"=""""","=""1802.575""","=""""","=""2.46e+06""",C+,"=""12.0786187""","=""12.7664358""","=""2s2.2p3.(4S*).3d""","=""5D*""","=""4""","=""2s2.2p3.(4S*).4f""","=""5F""","=""4""",9,9,,"=""T5713LS""","=""""",
"=""""","=""1802.575""","=""""","=""2.11e+05""",C+,"=""12.0786187""","=""12.7664358""","=""2s2.2p3.(4S*).3d""","=""5D*""","=""4""","=""2s2.2p3.(4S*).4f""","=""5F""","=""3""",9,7,,"=""T5713LS""","=""""",
"=""1802.613""","=""1802.603""","=""590*""","=""4.43e+06""",C+,"=""12.0786294""","=""12.7664358""","=""2s2.2p3.(4S*).3d""","=""5D*""","=""3""","=""2s2.2p3.(4S*).4f""","=""5F""","=""3""",7,7,,"=""T5713LS""","=""L3760""",
"=""1802.613""","=""1802.603""","=""590*""","=""5.91e+05""",C+,"=""12.0786294""","=""12.7664358""","=""2s2.2p3.(4S*).3d""","=""5D*""","=""3""","=""2s2.2p3.(4S*).4f""","=""5F""","=""2""",7,5,,"=""T5713LS""","=""L3760""",
"=""1802.613""","=""1802.603""","=""590*""","=""1.23e+07""",C+,"=""12.0786294""","=""12.7664358""","=""2s2.2p3.(4S*).3d""","=""5D*""","=""3""","=""2s2.2p3.(4S*).4f""","=""5F""","=""4""",7,9,,"=""T5713LS""","=""L3760""",
"=""""","=""1802.643""","=""""","=""1.01e+07""",C+,"=""12.0786446""","=""12.7664358""","=""2s2.2p3.(4S*).3d""","=""5D*""","=""2""","=""2s2.2p3.(4S*).4f""","=""5F""","=""3""",5,7,,"=""T5713LS""","=""""",
"=""""","=""1802.643""","=""""","=""5.91e+06""",C+,"=""12.0786446""","=""12.7664358""","=""2s2.2p3.(4S*).3d""","=""5D*""","=""2""","=""2s2.2p3.(4S*).4f""","=""5F""","=""2""",5,5,,"=""T5713LS""","=""""",
"=""""","=""1802.643""","=""""","=""9.85e+05""",C+,"=""12.0786446""","=""12.7664358""","=""2s2.2p3.(4S*).3d""","=""5D*""","=""2""","=""2s2.2p3.(4S*).4f""","=""5F""","=""1""",5,3,,"=""T5713LS""","=""""",
"=""""","=""1802.677""","=""""","=""8.27e+06""",C+,"=""12.0786574""","=""12.7664358""","=""2s2.2p3.(4S*).3d""","=""5D*""","=""1""","=""2s2.2p3.(4S*).4f""","=""5F""","=""2""",3,5,,"=""T5713LS""","=""""",
"=""""","=""1802.677""","=""""","=""6.90e+06""",C+,"=""12.0786574""","=""12.7664358""","=""2s2.2p3.(4S*).3d""","=""5D*""","=""1""","=""2s2.2p3.(4S*).4f""","=""5F""","=""1""",3,3,,"=""T5713LS""","=""""",
"=""""","=""1802.692""","=""""","=""6.90e+06""",C+,"=""12.0786635""","=""12.7664358""","=""2s2.2p3.(4S*).3d""","=""5D*""","=""0""","=""2s2.2p3.(4S*).4f""","=""5F""","=""1""",1,3,,"=""T5713LS""","=""""",
"=""1804.641""","=""1804.641+""","=""120""","=""""",,"=""15.4036294""","=""16.0906592""","=""2s2.2p3.(2D*).3d""","=""3G*""","=""4""","=""2s2.2p3.(2D*).4f""","=""3H""","=""5""",9,11,,"=""""","=""L3760""",
"=""1804.712""","=""1804.712+""","=""120""","=""""",,"=""15.4061252""","=""16.0931280""","=""2s2.2p3.(2D*<3/2>).3d""","=""1G*""","=""4""","=""2s2.2p3.(2D*).4f""","=""1H""","=""5""",9,11,,"=""""","=""L3760""",
"=""1805.116""","=""1805.116+""","=""120""","=""""",,"=""15.4038114""","=""16.0906605""","=""2s2.2p3.(2D*).3d""","=""3G*""","=""5""","=""2s2.2p3.(2D*).4f""","=""3H""","=""6""",11,13,,"=""""","=""L3760""",
"=""""","=""1823.399""","=""""","=""5.68e+05""",C+,"=""12.3588649""","=""13.0388270""","=""2s2.2p3.(4S*).4p""","=""3P""","=""1""","=""2s2.2p3.(4S*).6s""","=""3S*""","=""1""",3,3,,"=""T5713LS""","=""""",
"=""1823.421""","=""1823.426""","=""140""","=""9.47e+05""",C+,"=""12.3588750""","=""13.0388270""","=""2s2.2p3.(4S*).4p""","=""3P""","=""2""","=""2s2.2p3.(4S*).6s""","=""3S*""","=""1""",5,3,,"=""T5713LS""","=""L3760""",
"=""""","=""1823.512""","=""""","=""1.89e+05""",C+,"=""12.3589072""","=""13.0388270""","=""2s2.2p3.(4S*).4p""","=""3P""","=""0""","=""2s2.2p3.(4S*).6s""","=""3S*""","=""1""",1,3,,"=""T5713LS""","=""""",
"=""""","=""1824.829""","=""""","=""1.24e+07""",C+,"=""12.0870184""","=""12.7664475""","=""2s2.2p3.(4S*).3d""","=""3D*""","=""1""","=""2s2.2p3.(4S*).4f""","=""3F""","=""2""",3,5,,"=""T5713LS""","=""""",
"=""1824.861""","=""1824.852""","=""540*""","=""2.30e+06""",C+,"=""12.0870271""","=""12.7664475""","=""2s2.2p3.(4S*).3d""","=""3D*""","=""2""","=""2s2.2p3.(4S*).4f""","=""3F""","=""2""",5,5,,"=""T5713LS""","=""L3760""",
"=""1824.861""","=""1824.852""","=""540*""","=""1.31e+07""",C+,"=""12.0870271""","=""12.7664475""","=""2s2.2p3.(4S*).3d""","=""3D*""","=""2""","=""2s2.2p3.(4S*).4f""","=""3F""","=""3""",5,7,,"=""T5713LS""","=""L3760""",
"=""""","=""1824.882""","=""""","=""1.47e+07""",C+,"=""12.0870382""","=""12.7664475""","=""2s2.2p3.(4S*).3d""","=""3D*""","=""3""","=""2s2.2p3.(4S*).4f""","=""3F""","=""4""",7,9,,"=""T5713LS""","=""""",
"=""""","=""1824.882""","=""""","=""1.64e+06""",C+,"=""12.0870382""","=""12.7664475""","=""2s2.2p3.(4S*).3d""","=""3D*""","=""3""","=""2s2.2p3.(4S*).4f""","=""3F""","=""3""",7,7,,"=""T5713LS""","=""""",
"=""""","=""1824.882""","=""""","=""6.48e+04""",C+,"=""12.0870382""","=""12.7664475""","=""2s2.2p3.(4S*).3d""","=""3D*""","=""3""","=""2s2.2p3.(4S*).4f""","=""3F""","=""2""",7,5,,"=""T5713LS""","=""""",
"=""""","=""1946.341""","=""""","=""9.02e+03""",C+,"=""12.7664358""","=""13.4034474""","=""2s2.2p3.(4S*).4f""","=""5F""","=""1""","=""2s2.2p3.(4S*).8d""","=""5D*""","=""0""",3,1,,"=""T5713LS""","=""""",
"=""""","=""1946.342""","=""""","=""6.02e+03""",C+,"=""12.7664358""","=""13.4034470""","=""2s2.2p3.(4S*).4f""","=""5F""","=""2""","=""2s2.2p3.(4S*).8d""","=""5D*""","=""1""",5,3,,"=""T5713LS""","=""""",
"=""""","=""1946.342""","=""""","=""3.01e+03""",C+,"=""12.7664358""","=""13.4034470""","=""2s2.2p3.(4S*).4f""","=""5F""","=""1""","=""2s2.2p3.(4S*).8d""","=""5D*""","=""1""",3,3,,"=""T5713LS""","=""""",
"=""""","=""1946.345""","=""""","=""6.19e+03""",C+,"=""12.7664358""","=""13.4034463""","=""2s2.2p3.(4S*).4f""","=""5F""","=""3""","=""2s2.2p3.(4S*).8d""","=""5D*""","=""2""",7,5,,"=""T5713LS""","=""""",
"=""""","=""1946.345""","=""""","=""2.58e+03""",C+,"=""12.7664358""","=""13.4034463""","=""2s2.2p3.(4S*).4f""","=""5F""","=""2""","=""2s2.2p3.(4S*).8d""","=""5D*""","=""2""",5,5,,"=""T5713LS""","=""""",
"=""""","=""1946.345""","=""""","=""2.58e+02""",C,"=""12.7664358""","=""13.4034463""","=""2s2.2p3.(4S*).4f""","=""5F""","=""1""","=""2s2.2p3.(4S*).8d""","=""5D*""","=""2""",3,5,,"=""T5713LS""","=""""",
"=""""","=""1946.348""","=""""","=""6.91e+03""",C+,"=""12.7664358""","=""13.4034453""","=""2s2.2p3.(4S*).4f""","=""5F""","=""4""","=""2s2.2p3.(4S*).8d""","=""5D*""","=""3""",9,7,,"=""T5713LS""","=""""",
"=""""","=""1946.348""","=""""","=""1.93e+03""",C+,"=""12.7664358""","=""13.4034453""","=""2s2.2p3.(4S*).4f""","=""5F""","=""3""","=""2s2.2p3.(4S*).8d""","=""5D*""","=""3""",7,7,,"=""T5713LS""","=""""",
"=""""","=""1946.348""","=""""","=""1.84e+02""",C,"=""12.7664358""","=""13.4034453""","=""2s2.2p3.(4S*).4f""","=""5F""","=""2""","=""2s2.2p3.(4S*).8d""","=""5D*""","=""3""",5,7,,"=""T5713LS""","=""""",
"=""""","=""1946.350""","=""""","=""7.88e+03""",C+,"=""12.7664358""","=""13.4034447""","=""2s2.2p3.(4S*).4f""","=""5F""","=""5""","=""2s2.2p3.(4S*).8d""","=""5D*""","=""4""",11,9,,"=""T5713LS""","=""""",
"=""""","=""1946.350""","=""""","=""1.07e+03""",C+,"=""12.7664358""","=""13.4034447""","=""2s2.2p3.(4S*).4f""","=""5F""","=""4""","=""2s2.2p3.(4S*).8d""","=""5D*""","=""4""",9,9,,"=""T5713LS""","=""""",
"=""""","=""1946.350""","=""""","=""7.16e+01""",D,"=""12.7664358""","=""13.4034447""","=""2s2.2p3.(4S*).4f""","=""5F""","=""3""","=""2s2.2p3.(4S*).8d""","=""5D*""","=""4""",7,9,,"=""T5713LS""","=""""",
"=""""","=""2114.329""","=""""","=""7.88e+05""",C+,"=""12.7536973""","=""13.3400972""","=""2s2.2p3.(4S*).4d""","=""5D*""","=""4""","=""2s2.2p3.(4S*).7f""","=""5F""","=""5""",9,11,,"=""T5713LS""","=""""",
"=""""","=""2114.329""","=""""","=""1.31e+05""",C+,"=""12.7536973""","=""13.3400972""","=""2s2.2p3.(4S*).4d""","=""5D*""","=""4""","=""2s2.2p3.(4S*).7f""","=""5F""","=""4""",9,9,,"=""T5713LS""","=""""",
"=""""","=""2114.329""","=""""","=""1.13e+04""",C+,"=""12.7536973""","=""13.3400972""","=""2s2.2p3.(4S*).4d""","=""5D*""","=""4""","=""2s2.2p3.(4S*).7f""","=""5F""","=""3""",9,7,,"=""T5713LS""","=""""",
"=""""","=""2114.347""","=""""","=""6.57e+05""",C+,"=""12.7537024""","=""13.3400972""","=""2s2.2p3.(4S*).4d""","=""5D*""","=""3""","=""2s2.2p3.(4S*).7f""","=""5F""","=""4""",7,9,,"=""T5713LS""","=""""",
"=""""","=""2114.347""","=""""","=""2.36e+05""",C+,"=""12.7537024""","=""13.3400972""","=""2s2.2p3.(4S*).4d""","=""5D*""","=""3""","=""2s2.2p3.(4S*).7f""","=""5F""","=""3""",7,7,,"=""T5713LS""","=""""",
"=""""","=""2114.347""","=""""","=""3.15e+04""",C+,"=""12.7537024""","=""13.3400972""","=""2s2.2p3.(4S*).4d""","=""5D*""","=""3""","=""2s2.2p3.(4S*).7f""","=""5F""","=""2""",7,5,,"=""T5713LS""","=""""",
"=""""","=""2114.373""","=""""","=""5.40e+05""",C+,"=""12.7537097""","=""13.3400972""","=""2s2.2p3.(4S*).4d""","=""5D*""","=""2""","=""2s2.2p3.(4S*).7f""","=""5F""","=""3""",5,7,,"=""T5713LS""","=""""",
"=""""","=""2114.373""","=""""","=""3.15e+05""",C+,"=""12.7537097""","=""13.3400972""","=""2s2.2p3.(4S*).4d""","=""5D*""","=""2""","=""2s2.2p3.(4S*).7f""","=""5F""","=""2""",5,5,,"=""T5713LS""","=""""",
"=""""","=""2114.373""","=""""","=""5.25e+04""",C+,"=""12.7537097""","=""13.3400972""","=""2s2.2p3.(4S*).4d""","=""5D*""","=""2""","=""2s2.2p3.(4S*).7f""","=""5F""","=""1""",5,3,,"=""T5713LS""","=""""",
"=""""","=""2114.395""","=""""","=""4.41e+05""",C+,"=""12.7537158""","=""13.3400972""","=""2s2.2p3.(4S*).4d""","=""5D*""","=""1""","=""2s2.2p3.(4S*).7f""","=""5F""","=""2""",3,5,,"=""T5713LS""","=""""",
"=""""","=""2114.395""","=""""","=""3.68e+05""",C+,"=""12.7537158""","=""13.3400972""","=""2s2.2p3.(4S*).4d""","=""5D*""","=""1""","=""2s2.2p3.(4S*).7f""","=""5F""","=""1""",3,3,,"=""T5713LS""","=""""",
"=""""","=""2114.406""","=""""","=""3.68e+05""",C+,"=""12.7537188""","=""13.3400972""","=""2s2.2p3.(4S*).4d""","=""5D*""","=""0""","=""2s2.2p3.(4S*).7f""","=""5F""","=""1""",1,3,,"=""T5713LS""","=""""",
"=""""","=""2133.664""","=""""","=""7.60e+05""",C+,"=""12.7590123""","=""13.3400981""","=""2s2.2p3.(4S*).4d""","=""3D*""","=""3""","=""2s2.2p3.(4S*).7f""","=""3F""","=""4""",7,9,,"=""T5713LS""","=""""",
"=""""","=""2133.664""","=""""","=""8.47e+04""",C+,"=""12.7590123""","=""13.3400981""","=""2s2.2p3.(4S*).4d""","=""3D*""","=""3""","=""2s2.2p3.(4S*).7f""","=""3F""","=""3""",7,7,,"=""T5713LS""","=""""",
"=""""","=""2133.664""","=""""","=""3.34e+03""",C+,"=""12.7590123""","=""13.3400981""","=""2s2.2p3.(4S*).4d""","=""3D*""","=""3""","=""2s2.2p3.(4S*).7f""","=""3F""","=""2""",7,5,,"=""T5713LS""","=""""",
"=""""","=""2133.696""","=""""","=""6.75e+05""",C+,"=""12.7590208""","=""13.3400981""","=""2s2.2p3.(4S*).4d""","=""3D*""","=""2""","=""2s2.2p3.(4S*).7f""","=""3F""","=""3""",5,7,,"=""T5713LS""","=""""",
"=""""","=""2133.696""","=""""","=""1.19e+05""",C+,"=""12.7590208""","=""13.3400981""","=""2s2.2p3.(4S*).4d""","=""3D*""","=""2""","=""2s2.2p3.(4S*).7f""","=""3F""","=""2""",5,5,,"=""T5713LS""","=""""",
"=""""","=""2133.717""","=""""","=""6.38e+05""",C+,"=""12.7590265""","=""13.3400981""","=""2s2.2p3.(4S*).4d""","=""3D*""","=""1""","=""2s2.2p3.(4S*).7f""","=""3F""","=""2""",3,5,,"=""T5713LS""","=""""",
"=""""","=""2171.431""","=""""","=""1.50e+04""",C+,"=""12.7664358""","=""13.3374152""","=""2s2.2p3.(4S*).4f""","=""5F""","=""1""","=""2s2.2p3.(4S*).7d""","=""5D*""","=""0""",3,1,,"=""T5713LS""","=""""",
"=""""","=""2171.432""","=""""","=""9.98e+03""",C+,"=""12.7664358""","=""13.3374147""","=""2s2.2p3.(4S*).4f""","=""5F""","=""2""","=""2s2.2p3.(4S*).7d""","=""5D*""","=""1""",5,3,,"=""T5713LS""","=""""",
"=""""","=""2171.432""","=""""","=""4.99e+03""",C+,"=""12.7664358""","=""13.3374147""","=""2s2.2p3.(4S*).4f""","=""5F""","=""1""","=""2s2.2p3.(4S*).7d""","=""5D*""","=""1""",3,3,,"=""T5713LS""","=""""",
"=""""","=""2171.437""","=""""","=""1.03e+04""",C+,"=""12.7664358""","=""13.3374136""","=""2s2.2p3.(4S*).4f""","=""5F""","=""3""","=""2s2.2p3.(4S*).7d""","=""5D*""","=""2""",7,5,,"=""T5713LS""","=""""",
"=""""","=""2171.437""","=""""","=""4.28e+03""",C+,"=""12.7664358""","=""13.3374136""","=""2s2.2p3.(4S*).4f""","=""5F""","=""2""","=""2s2.2p3.(4S*).7d""","=""5D*""","=""2""",5,5,,"=""T5713LS""","=""""",
"=""""","=""2171.437""","=""""","=""4.28e+02""",C,"=""12.7664358""","=""13.3374136""","=""2s2.2p3.(4S*).4f""","=""5F""","=""1""","=""2s2.2p3.(4S*).7d""","=""5D*""","=""2""",3,5,,"=""T5713LS""","=""""",
"=""""","=""2171.442""","=""""","=""1.15e+04""",C+,"=""12.7664358""","=""13.3374122""","=""2s2.2p3.(4S*).4f""","=""5F""","=""4""","=""2s2.2p3.(4S*).7d""","=""5D*""","=""3""",9,7,,"=""T5713LS""","=""""",
"=""""","=""2171.442""","=""""","=""3.21e+03""",C+,"=""12.7664358""","=""13.3374122""","=""2s2.2p3.(4S*).4f""","=""5F""","=""3""","=""2s2.2p3.(4S*).7d""","=""5D*""","=""3""",7,7,,"=""T5713LS""","=""""",
"=""""","=""2171.442""","=""""","=""3.05e+02""",C,"=""12.7664358""","=""13.3374122""","=""2s2.2p3.(4S*).4f""","=""5F""","=""2""","=""2s2.2p3.(4S*).7d""","=""5D*""","=""3""",5,7,,"=""T5713LS""","=""""",
"=""""","=""2171.446""","=""""","=""1.31e+04""",C+,"=""12.7664358""","=""13.3374112""","=""2s2.2p3.(4S*).4f""","=""5F""","=""5""","=""2s2.2p3.(4S*).7d""","=""5D*""","=""4""",11,9,,"=""T5713LS""","=""""",
"=""""","=""2171.446""","=""""","=""1.78e+03""",C+,"=""12.7664358""","=""13.3374112""","=""2s2.2p3.(4S*).4f""","=""5F""","=""4""","=""2s2.2p3.(4S*).7d""","=""5D*""","=""4""",9,9,,"=""T5713LS""","=""""",
"=""""","=""2171.446""","=""""","=""1.19e+02""",C,"=""12.7664358""","=""13.3374112""","=""2s2.2p3.(4S*).4f""","=""5F""","=""3""","=""2s2.2p3.(4S*).7d""","=""5D*""","=""4""",7,9,,"=""T5713LS""","=""""",
"=""""","=""2322.170""","=""""","=""4.37e+04""",C+,"=""12.5391924""","=""13.0731076""","=""2s2.2p3.(2D*).3s""","=""3D*""","=""3""","=""2s2.2p3.(4S*).5f""","=""3F""","=""4""",7,9,,"=""T5713LS""","=""""",
"=""""","=""2322.170""","=""""","=""4.87e+03""",C+,"=""12.5391924""","=""13.0731076""","=""2s2.2p3.(2D*).3s""","=""3D*""","=""3""","=""2s2.2p3.(4S*).5f""","=""3F""","=""3""",7,7,,"=""T5713LS""","=""""",
"=""""","=""2322.170""","=""""","=""1.92e+02""",C,"=""12.5391924""","=""13.0731076""","=""2s2.2p3.(2D*).3s""","=""3D*""","=""3""","=""2s2.2p3.(4S*).5f""","=""3F""","=""2""",7,5,,"=""T5713LS""","=""""",
"=""""","=""2328.724""","=""""","=""3.85e+04""",C+,"=""12.5406949""","=""13.0731076""","=""2s2.2p3.(2D*).3s""","=""3D*""","=""2""","=""2s2.2p3.(4S*).5f""","=""3F""","=""3""",5,7,,"=""T5713LS""","=""""",
"=""""","=""2328.724""","=""""","=""6.76e+03""",C+,"=""12.5406949""","=""13.0731076""","=""2s2.2p3.(2D*).3s""","=""3D*""","=""2""","=""2s2.2p3.(4S*).5f""","=""3F""","=""2""",5,5,,"=""T5713LS""","=""""",
"=""""","=""2333.013""","=""""","=""3.62e+04""",C+,"=""12.5416739""","=""13.0731076""","=""2s2.2p3.(2D*).3s""","=""3D*""","=""1""","=""2s2.2p3.(4S*).5f""","=""3F""","=""2""",3,5,,"=""T5713LS""","=""""",
"=""""","=""2551.246""","=""""","=""1.37e+06""",C+,"=""12.7536973""","=""13.2396725""","=""2s2.2p3.(4S*).4d""","=""5D*""","=""4""","=""2s2.2p3.(4S*).6f""","=""5F""","=""5""",9,11,,"=""T5713LS""","=""""",
"=""""","=""2551.246""","=""""","=""2.28e+05""",C+,"=""12.7536973""","=""13.2396725""","=""2s2.2p3.(4S*).4d""","=""5D*""","=""4""","=""2s2.2p3.(4S*).6f""","=""5F""","=""4""",9,9,,"=""T5713LS""","=""""",
"=""""","=""2551.246""","=""""","=""1.95e+04""",C+,"=""12.7536973""","=""13.2396725""","=""2s2.2p3.(4S*).4d""","=""5D*""","=""4""","=""2s2.2p3.(4S*).6f""","=""5F""","=""3""",9,7,,"=""T5713LS""","=""""",
"=""""","=""2551.272""","=""""","=""1.14e+06""",C+,"=""12.7537024""","=""13.2396725""","=""2s2.2p3.(4S*).4d""","=""5D*""","=""3""","=""2s2.2p3.(4S*).6f""","=""5F""","=""4""",7,9,,"=""T5713LS""","=""""",
"=""""","=""2551.272""","=""""","=""4.10e+05""",C+,"=""12.7537024""","=""13.2396725""","=""2s2.2p3.(4S*).4d""","=""5D*""","=""3""","=""2s2.2p3.(4S*).6f""","=""5F""","=""3""",7,7,,"=""T5713LS""","=""""",
"=""""","=""2551.272""","=""""","=""5.46e+04""",C+,"=""12.7537024""","=""13.2396725""","=""2s2.2p3.(4S*).4d""","=""5D*""","=""3""","=""2s2.2p3.(4S*).6f""","=""5F""","=""2""",7,5,,"=""T5713LS""","=""""",
"=""""","=""2551.311""","=""""","=""9.37e+05""",C+,"=""12.7537097""","=""13.2396725""","=""2s2.2p3.(4S*).4d""","=""5D*""","=""2""","=""2s2.2p3.(4S*).6f""","=""5F""","=""3""",5,7,,"=""T5713LS""","=""""",
"=""""","=""2551.311""","=""""","=""5.46e+05""",C+,"=""12.7537097""","=""13.2396725""","=""2s2.2p3.(4S*).4d""","=""5D*""","=""2""","=""2s2.2p3.(4S*).6f""","=""5F""","=""2""",5,5,,"=""T5713LS""","=""""",
"=""""","=""2551.311""","=""""","=""9.11e+04""",C+,"=""12.7537097""","=""13.2396725""","=""2s2.2p3.(4S*).4d""","=""5D*""","=""2""","=""2s2.2p3.(4S*).6f""","=""5F""","=""1""",5,3,,"=""T5713LS""","=""""",
"=""""","=""2551.343""","=""""","=""7.65e+05""",C+,"=""12.7537158""","=""13.2396725""","=""2s2.2p3.(4S*).4d""","=""5D*""","=""1""","=""2s2.2p3.(4S*).6f""","=""5F""","=""2""",3,5,,"=""T5713LS""","=""""",
"=""""","=""2551.343""","=""""","=""6.37e+05""",C+,"=""12.7537158""","=""13.2396725""","=""2s2.2p3.(4S*).4d""","=""5D*""","=""1""","=""2s2.2p3.(4S*).6f""","=""5F""","=""1""",3,3,,"=""T5713LS""","=""""",
"=""""","=""2551.358""","=""""","=""6.37e+05""",C+,"=""12.7537188""","=""13.2396725""","=""2s2.2p3.(4S*).4d""","=""5D*""","=""0""","=""2s2.2p3.(4S*).6f""","=""5F""","=""1""",1,3,,"=""T5713LS""","=""""",
"=""""","=""2579.429""","=""""","=""1.34e+06""",C+,"=""12.7590123""","=""13.2396776""","=""2s2.2p3.(4S*).4d""","=""3D*""","=""3""","=""2s2.2p3.(4S*).6f""","=""3F""","=""4""",7,9,,"=""T5713LS""","=""""",
"=""""","=""2579.429""","=""""","=""1.49e+05""",C+,"=""12.7590123""","=""13.2396776""","=""2s2.2p3.(4S*).4d""","=""3D*""","=""3""","=""2s2.2p3.(4S*).6f""","=""3F""","=""3""",7,7,,"=""T5713LS""","=""""",
"=""""","=""2579.429""","=""""","=""5.89e+03""",C+,"=""12.7590123""","=""13.2396776""","=""2s2.2p3.(4S*).4d""","=""3D*""","=""3""","=""2s2.2p3.(4S*).6f""","=""3F""","=""2""",7,5,,"=""T5713LS""","=""""",
"=""""","=""2579.475""","=""""","=""1.19e+06""",C+,"=""12.7590208""","=""13.2396776""","=""2s2.2p3.(4S*).4d""","=""3D*""","=""2""","=""2s2.2p3.(4S*).6f""","=""3F""","=""3""",5,7,,"=""T5713LS""","=""""",
"=""""","=""2579.475""","=""""","=""2.09e+05""",C+,"=""12.7590208""","=""13.2396776""","=""2s2.2p3.(4S*).4d""","=""3D*""","=""2""","=""2s2.2p3.(4S*).6f""","=""3F""","=""2""",5,5,,"=""T5713LS""","=""""",
"=""""","=""2579.506""","=""""","=""1.12e+06""",C+,"=""12.7590265""","=""13.2396776""","=""2s2.2p3.(4S*).4d""","=""3D*""","=""1""","=""2s2.2p3.(4S*).6f""","=""3F""","=""2""",3,5,,"=""T5713LS""","=""""",
"=""2618.070""","=""""","=""140""","=""""",,"=""""","=""""","=""""","=""""","=""""","=""""","=""""","=""""",1,1,,"=""""","=""L3760""",
"=""""","=""2620.906""","=""""","=""9.23e+01""",C,"=""12.2859622""","=""12.7590208""","=""2s2.2p3.(4S*).4p""","=""5P""","=""1""","=""2s2.2p3.(4S*).4d""","=""3D*""","=""2""",3,5,,"=""T5803""","=""""",
"=""""","=""2621.415""","=""""","=""8.47e+02""",C,"=""12.2860456""","=""12.7590123""","=""2s2.2p3.(4S*).4p""","=""5P""","=""2""","=""2s2.2p3.(4S*).4d""","=""3D*""","=""3""",5,7,,"=""T5803""","=""""",
"=""""","=""2643.234""","=""""","=""2.81e+04""",C+,"=""12.7664358""","=""13.2354984""","=""2s2.2p3.(4S*).4f""","=""5F""","=""1""","=""2s2.2p3.(4S*).6d""","=""5D*""","=""0""",3,1,,"=""T5713LS""","=""""",
"=""""","=""2643.238""","=""""","=""1.87e+04""",C+,"=""12.7664358""","=""13.2354975""","=""2s2.2p3.(4S*).4f""","=""5F""","=""2""","=""2s2.2p3.(4S*).6d""","=""5D*""","=""1""",5,3,,"=""T5713LS""","=""""",
"=""""","=""2643.238""","=""""","=""9.37e+03""",C+,"=""12.7664358""","=""13.2354975""","=""2s2.2p3.(4S*).4f""","=""5F""","=""1""","=""2s2.2p3.(4S*).6d""","=""5D*""","=""1""",3,3,,"=""T5713LS""","=""""",
"=""""","=""2643.247""","=""""","=""1.93e+04""",C+,"=""12.7664358""","=""13.2354959""","=""2s2.2p3.(4S*).4f""","=""5F""","=""3""","=""2s2.2p3.(4S*).6d""","=""5D*""","=""2""",7,5,,"=""T5713LS""","=""""",
"=""""","=""2643.247""","=""""","=""8.03e+03""",C+,"=""12.7664358""","=""13.2354959""","=""2s2.2p3.(4S*).4f""","=""5F""","=""2""","=""2s2.2p3.(4S*).6d""","=""5D*""","=""2""",5,5,,"=""T5713LS""","=""""",
"=""""","=""2643.247""","=""""","=""8.03e+02""",C+,"=""12.7664358""","=""13.2354959""","=""2s2.2p3.(4S*).4f""","=""5F""","=""1""","=""2s2.2p3.(4S*).6d""","=""5D*""","=""2""",3,5,,"=""T5713LS""","=""""",
"=""""","=""2643.259""","=""""","=""2.15e+04""",C+,"=""12.7664358""","=""13.2354940""","=""2s2.2p3.(4S*).4f""","=""5F""","=""4""","=""2s2.2p3.(4S*).6d""","=""5D*""","=""3""",9,7,,"=""T5713LS""","=""""",
"=""""","=""2643.259""","=""""","=""6.03e+03""",C+,"=""12.7664358""","=""13.2354940""","=""2s2.2p3.(4S*).4f""","=""5F""","=""3""","=""2s2.2p3.(4S*).6d""","=""5D*""","=""3""",7,7,,"=""T5713LS""","=""""",
"=""""","=""2643.259""","=""""","=""5.74e+02""",C+,"=""12.7664358""","=""13.2354940""","=""2s2.2p3.(4S*).4f""","=""5F""","=""2""","=""2s2.2p3.(4S*).6d""","=""5D*""","=""3""",5,7,,"=""T5713LS""","=""""",
"=""""","=""2643.266""","=""""","=""2.45e+04""",C+,"=""12.7664358""","=""13.2354926""","=""2s2.2p3.(4S*).4f""","=""5F""","=""5""","=""2s2.2p3.(4S*).6d""","=""5D*""","=""4""",11,9,,"=""T5713LS""","=""""",
"=""""","=""2643.266""","=""""","=""3.35e+03""",C+,"=""12.7664358""","=""13.2354926""","=""2s2.2p3.(4S*).4f""","=""5F""","=""4""","=""2s2.2p3.(4S*).6d""","=""5D*""","=""4""",9,9,,"=""T5713LS""","=""""",
"=""""","=""2643.266""","=""""","=""2.23e+02""",C,"=""12.7664358""","=""13.2354926""","=""2s2.2p3.(4S*).4f""","=""5F""","=""3""","=""2s2.2p3.(4S*).6d""","=""5D*""","=""4""",7,9,,"=""T5713LS""","=""""",
"=""""","=""2650.614""","=""""","=""6.45e+06""",A,"=""12.2859622""","=""12.7537188""","=""2s2.2p3.(4S*).4p""","=""5P""","=""1""","=""2s2.2p3.(4S*).4d""","=""5D*""","=""0""",3,1,,"=""T5803,LS""","=""""",
"=""""","=""2650.631""","=""""","=""4.84e+06""",A,"=""12.2859622""","=""12.7537158""","=""2s2.2p3.(4S*).4p""","=""5P""","=""1""","=""2s2.2p3.(4S*).4d""","=""5D*""","=""1""",3,3,,"=""T5803,LS""","=""""",
"=""""","=""2650.665""","=""""","=""2.26e+06""",A,"=""12.2859622""","=""12.7537097""","=""2s2.2p3.(4S*).4p""","=""5P""","=""1""","=""2s2.2p3.(4S*).4d""","=""5D*""","=""2""",3,5,,"=""T5803,LS""","=""""",
"=""""","=""2651.104""","=""""","=""1.61e+06""",A,"=""12.2860456""","=""12.7537158""","=""2s2.2p3.(4S*).4p""","=""5P""","=""2""","=""2s2.2p3.(4S*).4d""","=""5D*""","=""1""",5,3,,"=""T5803,LS""","=""""",
"=""""","=""2651.138""","=""""","=""3.76e+06""",A,"=""12.2860456""","=""12.7537097""","=""2s2.2p3.(4S*).4p""","=""5P""","=""2""","=""2s2.2p3.(4S*).4d""","=""5D*""","=""2""",5,5,,"=""T5803,LS""","=""""",
"=""""","=""2651.180""","=""""","=""4.30e+06""",A,"=""12.2860456""","=""12.7537024""","=""2s2.2p3.(4S*).4p""","=""5P""","=""2""","=""2s2.2p3.(4S*).4d""","=""5D*""","=""3""",5,7,,"=""T5803,LS""","=""""",
"=""""","=""2651.979""","=""""","=""4.29e+05""",A,"=""12.2861939""","=""12.7537097""","=""2s2.2p3.(4S*).4p""","=""5P""","=""3""","=""2s2.2p3.(4S*).4d""","=""5D*""","=""2""",7,5,,"=""T5803,LS""","=""""",
"=""""","=""2652.020""","=""""","=""2.15e+06""",A,"=""12.2861939""","=""12.7537024""","=""2s2.2p3.(4S*).4p""","=""5P""","=""3""","=""2s2.2p3.(4S*).4d""","=""5D*""","=""3""",7,7,,"=""T5803,LS""","=""""",
"=""""","=""2652.049""","=""""","=""6.44e+06""",A,"=""12.2861939""","=""12.7536973""","=""2s2.2p3.(4S*).4p""","=""5P""","=""3""","=""2s2.2p3.(4S*).4d""","=""5D*""","=""4""",7,9,,"=""T5803,LS""","=""""",
"=""""","=""2763.875""","=""""","=""4.30e+06""",A,"=""11.8376056""","=""12.2861939""","=""2s2.2p3.(4S*).4s""","=""5S*""","=""2""","=""2s2.2p3.(4S*).4p""","=""5P""","=""3""",5,7,,"=""T5803,LS""","=""""",
"=""""","=""2764.789""","=""""","=""4.29e+06""",A,"=""11.8376056""","=""12.2860456""","=""2s2.2p3.(4S*).4s""","=""5S*""","=""2""","=""2s2.2p3.(4S*).4p""","=""5P""","=""2""",5,5,,"=""T5803,LS""","=""""",
"=""""","=""2765.303""","=""""","=""4.29e+06""",A,"=""11.8376056""","=""12.2859622""","=""2s2.2p3.(4S*).4s""","=""5S*""","=""2""","=""2s2.2p3.(4S*).4p""","=""5P""","=""1""",5,3,,"=""T5803,LS""","=""""",
"=""""","=""2893.301""","=""""","=""4.10e+06""",A,"=""11.9303856""","=""12.3589072""","=""2s2.2p3.(4S*).4s""","=""3S*""","=""1""","=""2s2.2p3.(4S*).4p""","=""3P""","=""0""",3,1,,"=""T5803,LS""","=""""",
"=""""","=""2893.519""","=""""","=""4.10e+06""",A,"=""11.9303856""","=""12.3588750""","=""2s2.2p3.(4S*).4s""","=""3S*""","=""1""","=""2s2.2p3.(4S*).4p""","=""3P""","=""2""",3,5,,"=""T5803,LS""","=""""",
"=""""","=""2893.586""","=""""","=""4.10e+06""",A,"=""11.9303856""","=""12.3588649""","=""2s2.2p3.(4S*).4s""","=""3S*""","=""1""","=""2s2.2p3.(4S*).4p""","=""3P""","=""1""",3,3,,"=""T5803,LS""","=""""",
"=""""","=""3098.353""","=""""","=""2.10e+06""",B+,"=""12.3588649""","=""12.7590265""","=""2s2.2p3.(4S*).4p""","=""3P""","=""1""","=""2s2.2p3.(4S*).4d""","=""3D*""","=""1""",3,3,,"=""T5803,LS""","=""""",
"=""""","=""3098.397""","=""""","=""3.78e+06""",B+,"=""12.3588649""","=""12.7590208""","=""2s2.2p3.(4S*).4p""","=""3P""","=""1""","=""2s2.2p3.(4S*).4d""","=""3D*""","=""2""",3,5,,"=""T5803,LS""","=""""",
"=""""","=""3098.431""","=""""","=""1.40e+05""",B+,"=""12.3588750""","=""12.7590265""","=""2s2.2p3.(4S*).4p""","=""3P""","=""2""","=""2s2.2p3.(4S*).4d""","=""3D*""","=""1""",5,3,,"=""T5803,LS""","=""""",
"=""""","=""3098.475""","=""""","=""1.26e+06""",B+,"=""12.3588750""","=""12.7590208""","=""2s2.2p3.(4S*).4p""","=""3P""","=""2""","=""2s2.2p3.(4S*).4d""","=""3D*""","=""2""",5,5,,"=""T5803,LS""","=""""",
"=""""","=""3098.541""","=""""","=""5.04e+06""",B+,"=""12.3588750""","=""12.7590123""","=""2s2.2p3.(4S*).4p""","=""3P""","=""2""","=""2s2.2p3.(4S*).4d""","=""3D*""","=""3""",5,7,,"=""T5803,LS""","=""""",
"=""""","=""3098.681""","=""""","=""2.80e+06""",B+,"=""12.3589072""","=""12.7590265""","=""2s2.2p3.(4S*).4p""","=""3P""","=""0""","=""2s2.2p3.(4S*).4d""","=""3D*""","=""1""",1,3,,"=""T5803,LS""","=""""",
"=""""","=""3140.074""","=""""","=""3.25e+01""",C,"=""12.3588649""","=""12.7537097""","=""2s2.2p3.(4S*).4p""","=""3P""","=""1""","=""2s2.2p3.(4S*).4d""","=""5D*""","=""2""",3,5,,"=""T5803""","=""""",
"=""""","=""3140.154""","=""""","=""7.24e+01""",C,"=""12.3588750""","=""12.7537097""","=""2s2.2p3.(4S*).4p""","=""3P""","=""2""","=""2s2.2p3.(4S*).4d""","=""5D*""","=""2""",5,5,,"=""T5803""","=""""",
"=""""","=""3140.212""","=""""","=""6.97e+02""",C,"=""12.3588750""","=""12.7537024""","=""2s2.2p3.(4S*).4p""","=""3P""","=""2""","=""2s2.2p3.(4S*).4d""","=""5D*""","=""3""",5,7,,"=""T5803""","=""""",
"=""""","=""3140.362""","=""""","=""6.27e+01""",C,"=""12.3589072""","=""12.7537158""","=""2s2.2p3.(4S*).4p""","=""3P""","=""0""","=""2s2.2p3.(4S*).4d""","=""5D*""","=""1""",1,3,,"=""T5803""","=""""",
"=""""","=""3307.174""","=""""","=""1.10e+06""",C+,"=""12.2859622""","=""12.6608569""","=""2s2.2p3.(4S*).4p""","=""5P""","=""1""","=""2s2.2p3.(4S*).5s""","=""5S*""","=""2""",3,5,,"=""T5713LS""","=""""",
"=""""","=""3307.910""","=""""","=""1.84e+06""",C+,"=""12.2860456""","=""12.6608569""","=""2s2.2p3.(4S*).4p""","=""5P""","=""2""","=""2s2.2p3.(4S*).5s""","=""5S*""","=""2""",5,5,,"=""T5713LS""","=""""",
"=""""","=""3309.219""","=""""","=""2.57e+06""",C+,"=""12.2861939""","=""12.6608569""","=""2s2.2p3.(4S*).4p""","=""5P""","=""3""","=""2s2.2p3.(4S*).5s""","=""5S*""","=""2""",7,5,,"=""T5713LS""","=""""",
"=""""","=""3329.275""","=""""","=""5.70e+04""",C+,"=""12.7590123""","=""13.1314183""","=""2s2.2p3.(4S*).4d""","=""3D*""","=""3""","=""2s2.2p3.(4S*).6p""","=""3P""","=""2""",7,5,,"=""T5713LS""","=""""",
"=""""","=""3329.351""","=""""","=""5.09e+04""",C+,"=""12.7590208""","=""13.1314183""","=""2s2.2p3.(4S*).4d""","=""3D*""","=""2""","=""2s2.2p3.(4S*).6p""","=""3P""","=""1""",5,3,,"=""T5713LS""","=""""",
"=""""","=""3329.351""","=""""","=""1.02e+04""",C+,"=""12.7590208""","=""13.1314183""","=""2s2.2p3.(4S*).4d""","=""3D*""","=""2""","=""2s2.2p3.(4S*).6p""","=""3P""","=""2""",5,5,,"=""T5713LS""","=""""",
"=""""","=""3329.402""","=""""","=""6.78e+04""",C+,"=""12.7590265""","=""13.1314183""","=""2s2.2p3.(4S*).4d""","=""3D*""","=""1""","=""2s2.2p3.(4S*).6p""","=""3P""","=""0""",3,1,,"=""T5713LS""","=""""",
"=""""","=""3329.402""","=""""","=""1.70e+04""",C+,"=""12.7590265""","=""13.1314183""","=""2s2.2p3.(4S*).4d""","=""3D*""","=""1""","=""2s2.2p3.(4S*).6p""","=""3P""","=""1""",3,3,,"=""T5713LS""","=""""",
"=""""","=""3420.733""","=""""","=""1.04e+04""",C+,"=""12.7536973""","=""13.1161465""","=""2s2.2p3.(4S*).4d""","=""5D*""","=""4""","=""2s2.2p3.(4S*).6p""","=""5P""","=""3""",9,7,,"=""T5713LS""","=""""",
"=""""","=""3420.781""","=""""","=""2.71e+03""",C+,"=""12.7537024""","=""13.1161465""","=""2s2.2p3.(4S*).4d""","=""5D*""","=""3""","=""2s2.2p3.(4S*).6p""","=""5P""","=""3""",7,7,,"=""T5713LS""","=""""",
"=""""","=""3420.850""","=""""","=""3.86e+02""",C+,"=""12.7537097""","=""13.1161465""","=""2s2.2p3.(4S*).4d""","=""5D*""","=""2""","=""2s2.2p3.(4S*).6p""","=""5P""","=""3""",5,7,,"=""T5713LS""","=""""",
"=""""","=""3421.086""","=""""","=""7.57e+03""",C+,"=""12.7537024""","=""13.1161142""","=""2s2.2p3.(4S*).4d""","=""5D*""","=""3""","=""2s2.2p3.(4S*).6p""","=""5P""","=""2""",7,5,,"=""T5713LS""","=""""",
"=""""","=""3421.156""","=""""","=""4.73e+03""",C+,"=""12.7537097""","=""13.1161142""","=""2s2.2p3.(4S*).4d""","=""5D*""","=""2""","=""2s2.2p3.(4S*).6p""","=""5P""","=""2""",5,5,,"=""T5713LS""","=""""",
"=""""","=""3421.213""","=""""","=""1.22e+03""",C+,"=""12.7537158""","=""13.1161142""","=""2s2.2p3.(4S*).4d""","=""5D*""","=""1""","=""2s2.2p3.(4S*).6p""","=""5P""","=""2""",3,5,,"=""T5713LS""","=""""",
"=""""","=""3421.347""","=""""","=""4.73e+03""",C+,"=""12.7537097""","=""13.1160938""","=""2s2.2p3.(4S*).4d""","=""5D*""","=""2""","=""2s2.2p3.(4S*).6p""","=""5P""","=""1""",5,3,,"=""T5713LS""","=""""",
"=""""","=""3421.405""","=""""","=""6.08e+03""",C+,"=""12.7537158""","=""13.1160938""","=""2s2.2p3.(4S*).4d""","=""5D*""","=""1""","=""2s2.2p3.(4S*).6p""","=""5P""","=""1""",3,3,,"=""T5713LS""","=""""",
"=""""","=""3421.433""","=""""","=""2.70e+03""",C+,"=""12.7537188""","=""13.1160938""","=""2s2.2p3.(4S*).4d""","=""5D*""","=""0""","=""2s2.2p3.(4S*).6p""","=""5P""","=""1""",1,3,,"=""T5713LS""","=""""",
"=""""","=""3486.031""","=""""","=""6.20e+01""",D,"=""11.9303856""","=""12.2860456""","=""2s2.2p3.(4S*).4s""","=""3S*""","=""1""","=""2s2.2p3.(4S*).4p""","=""5P""","=""2""",3,5,,"=""T5803""","=""""",
"=""""","=""3486.849""","=""""","=""4.72e+01""",D,"=""11.9303856""","=""12.2859622""","=""2s2.2p3.(4S*).4s""","=""3S*""","=""1""","=""2s2.2p3.(4S*).4p""","=""5P""","=""1""",3,3,,"=""T5803""","=""""",
"=""""","=""3656.894""","=""""","=""2.20e+04""",C+,"=""12.5391924""","=""12.8782347""","=""2s2.2p3.(2D*).3s""","=""3D*""","=""3""","=""2s2.2p3.(4S*).5p""","=""3P""","=""2""",7,5,,"=""T5713LS""","=""""",
"=""""","=""3661.626""","=""""","=""1.61e+06""",C+,"=""12.3588649""","=""12.6974691""","=""2s2.2p3.(4S*).4p""","=""3P""","=""1""","=""2s2.2p3.(4S*).5s""","=""3S*""","=""1""",3,3,,"=""T5713LS""","=""""",
"=""""","=""3661.735""","=""""","=""2.68e+06""",C+,"=""12.3588750""","=""12.6974691""","=""2s2.2p3.(4S*).4p""","=""3P""","=""2""","=""2s2.2p3.(4S*).5s""","=""3S*""","=""1""",5,3,,"=""T5713LS""","=""""",
"=""""","=""3662.083""","=""""","=""5.35e+05""",C+,"=""12.3589072""","=""12.6974691""","=""2s2.2p3.(4S*).4p""","=""3P""","=""0""","=""2s2.2p3.(4S*).5s""","=""3S*""","=""1""",1,3,,"=""T5713LS""","=""""",
"=""""","=""3673.092""","=""""","=""1.93e+04""",C+,"=""12.5406949""","=""12.8782422""","=""2s2.2p3.(2D*).3s""","=""3D*""","=""2""","=""2s2.2p3.(4S*).5p""","=""3P""","=""1""",5,3,,"=""T5713LS""","=""""",
"=""""","=""3673.173""","=""""","=""3.87e+03""",C+,"=""12.5406949""","=""12.8782347""","=""2s2.2p3.(2D*).3s""","=""3D*""","=""2""","=""2s2.2p3.(4S*).5p""","=""3P""","=""2""",5,5,,"=""T5713LS""","=""""",
"=""""","=""3683.472""","=""""","=""2.56e+04""",C+,"=""12.5416739""","=""12.8782699""","=""2s2.2p3.(2D*).3s""","=""3D*""","=""1""","=""2s2.2p3.(4S*).5p""","=""3P""","=""0""",3,1,,"=""T5713LS""","=""""",
"=""""","=""3683.776""","=""""","=""6.39e+03""",C+,"=""12.5416739""","=""12.8782422""","=""2s2.2p3.(2D*).3s""","=""3D*""","=""1""","=""2s2.2p3.(4S*).5p""","=""3P""","=""1""",3,3,,"=""T5713LS""","=""""",
"=""""","=""3881.778""","=""""","=""2.68e+06""",C+,"=""12.7536973""","=""13.0730978""","=""2s2.2p3.(4S*).4d""","=""5D*""","=""4""","=""2s2.2p3.(4S*).5f""","=""5F""","=""5""",9,11,,"=""T5713LS""","=""""",
"=""""","=""3881.778""","=""""","=""4.47e+05""",C+,"=""12.7536973""","=""13.0730978""","=""2s2.2p3.(4S*).4d""","=""5D*""","=""4""","=""2s2.2p3.(4S*).5f""","=""5F""","=""4""",9,9,,"=""T5713LS""","=""""",
"=""""","=""3881.778""","=""""","=""3.83e+04""",C+,"=""12.7536973""","=""13.0730978""","=""2s2.2p3.(4S*).4d""","=""5D*""","=""4""","=""2s2.2p3.(4S*).5f""","=""5F""","=""3""",9,7,,"=""T5713LS""","=""""",
"=""""","=""3881.840""","=""""","=""2.24e+06""",C+,"=""12.7537024""","=""13.0730978""","=""2s2.2p3.(4S*).4d""","=""5D*""","=""3""","=""2s2.2p3.(4S*).5f""","=""5F""","=""4""",7,9,,"=""T5713LS""","=""""",
"=""""","=""3881.840""","=""""","=""8.05e+05""",C+,"=""12.7537024""","=""13.0730978""","=""2s2.2p3.(4S*).4d""","=""5D*""","=""3""","=""2s2.2p3.(4S*).5f""","=""5F""","=""3""",7,7,,"=""T5713LS""","=""""",
"=""""","=""3881.840""","=""""","=""1.07e+05""",C+,"=""12.7537024""","=""13.0730978""","=""2s2.2p3.(4S*).4d""","=""5D*""","=""3""","=""2s2.2p3.(4S*).5f""","=""5F""","=""2""",7,5,,"=""T5713LS""","=""""",
"=""""","=""3881.929""","=""""","=""1.84e+06""",C+,"=""12.7537097""","=""13.0730978""","=""2s2.2p3.(4S*).4d""","=""5D*""","=""2""","=""2s2.2p3.(4S*).5f""","=""5F""","=""3""",5,7,,"=""T5713LS""","=""""",
"=""""","=""3881.929""","=""""","=""1.07e+06""",C+,"=""12.7537097""","=""13.0730978""","=""2s2.2p3.(4S*).4d""","=""5D*""","=""2""","=""2s2.2p3.(4S*).5f""","=""5F""","=""2""",5,5,,"=""T5713LS""","=""""",
"=""""","=""3881.929""","=""""","=""1.79e+05""",C+,"=""12.7537097""","=""13.0730978""","=""2s2.2p3.(4S*).4d""","=""5D*""","=""2""","=""2s2.2p3.(4S*).5f""","=""5F""","=""1""",5,3,,"=""T5713LS""","=""""",
"=""""","=""3882.003""","=""""","=""1.50e+06""",C+,"=""12.7537158""","=""13.0730978""","=""2s2.2p3.(4S*).4d""","=""5D*""","=""1""","=""2s2.2p3.(4S*).5f""","=""5F""","=""2""",3,5,,"=""T5713LS""","=""""",
"=""""","=""3882.003""","=""""","=""1.25e+06""",C+,"=""12.7537158""","=""13.0730978""","=""2s2.2p3.(4S*).4d""","=""5D*""","=""1""","=""2s2.2p3.(4S*).5f""","=""5F""","=""1""",3,3,,"=""T5713LS""","=""""",
"=""""","=""3882.039""","=""""","=""1.25e+06""",C+,"=""12.7537188""","=""13.0730978""","=""2s2.2p3.(4S*).4d""","=""5D*""","=""0""","=""2s2.2p3.(4S*).5f""","=""5F""","=""1""",1,3,,"=""T5713LS""","=""""",
"=""""","=""3947.342""","=""""","=""2.72e+06""",C+,"=""12.7590123""","=""13.0731076""","=""2s2.2p3.(4S*).4d""","=""3D*""","=""3""","=""2s2.2p3.(4S*).5f""","=""3F""","=""4""",7,9,,"=""T5713LS""","=""""",
"=""""","=""3947.342""","=""""","=""3.03e+05""",C+,"=""12.7590123""","=""13.0731076""","=""2s2.2p3.(4S*).4d""","=""3D*""","=""3""","=""2s2.2p3.(4S*).5f""","=""3F""","=""3""",7,7,,"=""T5713LS""","=""""",
"=""""","=""3947.342""","=""""","=""1.20e+04""",C+,"=""12.7590123""","=""13.0731076""","=""2s2.2p3.(4S*).4d""","=""3D*""","=""3""","=""2s2.2p3.(4S*).5f""","=""3F""","=""2""",7,5,,"=""T5713LS""","=""""",
"=""""","=""3947.450""","=""""","=""2.42e+06""",C+,"=""12.7590208""","=""13.0731076""","=""2s2.2p3.(4S*).4d""","=""3D*""","=""2""","=""2s2.2p3.(4S*).5f""","=""3F""","=""3""",5,7,,"=""T5713LS""","=""""",
"=""""","=""3947.450""","=""""","=""4.25e+05""",C+,"=""12.7590208""","=""13.0731076""","=""2s2.2p3.(4S*).4d""","=""3D*""","=""2""","=""2s2.2p3.(4S*).5f""","=""3F""","=""2""",5,5,,"=""T5713LS""","=""""",
"=""""","=""3947.522""","=""""","=""2.29e+06""",C+,"=""12.7590265""","=""13.0731076""","=""2s2.2p3.(4S*).4d""","=""3D*""","=""1""","=""2s2.2p3.(4S*).5f""","=""3F""","=""2""",3,5,,"=""T5713LS""","=""""",
"=""""","=""4137.018""","=""""","=""6.44e+04""",C+,"=""12.7664358""","=""13.0661304""","=""2s2.2p3.(4S*).4f""","=""5F""","=""1""","=""2s2.2p3.(4S*).5d""","=""5D*""","=""0""",3,1,,"=""T5713LS""","=""""",
"=""""","=""4137.040""","=""""","=""4.30e+04""",C+,"=""12.7664358""","=""13.0661288""","=""2s2.2p3.(4S*).4f""","=""5F""","=""2""","=""2s2.2p3.(4S*).5d""","=""5D*""","=""1""",5,3,,"=""T5713LS""","=""""",
"=""""","=""4137.040""","=""""","=""2.15e+04""",C+,"=""12.7664358""","=""13.0661288""","=""2s2.2p3.(4S*).4f""","=""5F""","=""1""","=""2s2.2p3.(4S*).5d""","=""5D*""","=""1""",3,3,,"=""T5713LS""","=""""",
"=""""","=""4137.086""","=""""","=""4.41e+04""",C+,"=""12.7664358""","=""13.0661255""","=""2s2.2p3.(4S*).4f""","=""5F""","=""3""","=""2s2.2p3.(4S*).5d""","=""5D*""","=""2""",7,5,,"=""T5713LS""","=""""",
"=""""","=""4137.086""","=""""","=""1.84e+04""",C+,"=""12.7664358""","=""13.0661255""","=""2s2.2p3.(4S*).4f""","=""5F""","=""2""","=""2s2.2p3.(4S*).5d""","=""5D*""","=""2""",5,5,,"=""T5713LS""","=""""",
"=""""","=""4137.086""","=""""","=""1.84e+03""",C+,"=""12.7664358""","=""13.0661255""","=""2s2.2p3.(4S*).4f""","=""5F""","=""1""","=""2s2.2p3.(4S*).5d""","=""5D*""","=""2""",3,5,,"=""T5713LS""","=""""",
"=""""","=""4137.141""","=""""","=""4.93e+04""",C+,"=""12.7664358""","=""13.0661215""","=""2s2.2p3.(4S*).4f""","=""5F""","=""4""","=""2s2.2p3.(4S*).5d""","=""5D*""","=""3""",9,7,,"=""T5713LS""","=""""",
"=""""","=""4137.141""","=""""","=""1.38e+04""",C+,"=""12.7664358""","=""13.0661215""","=""2s2.2p3.(4S*).4f""","=""5F""","=""3""","=""2s2.2p3.(4S*).5d""","=""5D*""","=""3""",7,7,,"=""T5713LS""","=""""",
"=""""","=""4137.141""","=""""","=""1.31e+03""",C+,"=""12.7664358""","=""13.0661215""","=""2s2.2p3.(4S*).4f""","=""5F""","=""2""","=""2s2.2p3.(4S*).5d""","=""5D*""","=""3""",5,7,,"=""T5713LS""","=""""",
"=""""","=""4137.181""","=""""","=""5.62e+04""",C+,"=""12.7664358""","=""13.0661186""","=""2s2.2p3.(4S*).4f""","=""5F""","=""5""","=""2s2.2p3.(4S*).5d""","=""5D*""","=""4""",11,9,,"=""T5713LS""","=""""",
"=""""","=""4137.181""","=""""","=""7.67e+03""",C+,"=""12.7664358""","=""13.0661186""","=""2s2.2p3.(4S*).4f""","=""5F""","=""4""","=""2s2.2p3.(4S*).5d""","=""5D*""","=""4""",9,9,,"=""T5713LS""","=""""",
"=""""","=""4137.181""","=""""","=""5.11e+02""",C+,"=""12.7664358""","=""13.0661186""","=""2s2.2p3.(4S*).4f""","=""5F""","=""3""","=""2s2.2p3.(4S*).5d""","=""5D*""","=""4""",7,9,,"=""T5713LS""","=""""",
"=""""","=""4560.107""","=""""","=""9.86e+05""",A,"=""12.0870184""","=""12.3589072""","=""2s2.2p3.(4S*).3d""","=""3D*""","=""1""","=""2s2.2p3.(4S*).4p""","=""3P""","=""0""",3,1,,"=""T5803,LS""","=""""",
"=""""","=""4560.648""","=""""","=""9.86e+03""",A,"=""12.0870184""","=""12.3588750""","=""2s2.2p3.(4S*).3d""","=""3D*""","=""1""","=""2s2.2p3.(4S*).4p""","=""3P""","=""2""",3,5,,"=""T5803,LS""","=""""",
"=""""","=""4560.793""","=""""","=""1.48e+05""",A,"=""12.0870271""","=""12.3588750""","=""2s2.2p3.(4S*).3d""","=""3D*""","=""2""","=""2s2.2p3.(4S*).4p""","=""3P""","=""2""",5,5,,"=""T5803,LS""","=""""",
"=""""","=""4560.816""","=""""","=""2.46e+05""",A,"=""12.0870184""","=""12.3588649""","=""2s2.2p3.(4S*).3d""","=""3D*""","=""1""","=""2s2.2p3.(4S*).4p""","=""3P""","=""1""",3,3,,"=""T5803,LS""","=""""",
"=""""","=""4560.962""","=""""","=""7.39e+05""",A,"=""12.0870271""","=""12.3588649""","=""2s2.2p3.(4S*).3d""","=""3D*""","=""2""","=""2s2.2p3.(4S*).4p""","=""3P""","=""1""",5,3,,"=""T5803,LS""","=""""",
"=""""","=""4560.981""","=""""","=""8.28e+05""",A,"=""12.0870382""","=""12.3588750""","=""2s2.2p3.(4S*).3d""","=""3D*""","=""3""","=""2s2.2p3.(4S*).4p""","=""3P""","=""2""",7,5,,"=""T5803,LS""","=""""",
"=""""","=""5455.728""","=""""","=""1.58e+04""",C+,"=""12.5391924""","=""12.7664475""","=""2s2.2p3.(2D*).3s""","=""3D*""","=""3""","=""2s2.2p3.(4S*).4f""","=""3F""","=""4""",7,9,,"=""T5713LS""","=""""",
"=""""","=""5455.728""","=""""","=""1.76e+03""",C+,"=""12.5391924""","=""12.7664475""","=""2s2.2p3.(2D*).3s""","=""3D*""","=""3""","=""2s2.2p3.(4S*).4f""","=""3F""","=""3""",7,7,,"=""T5713LS""","=""""",
"=""""","=""5455.728""","=""""","=""6.97e+01""",C,"=""12.5391924""","=""12.7664475""","=""2s2.2p3.(2D*).3s""","=""3D*""","=""3""","=""2s2.2p3.(4S*).4f""","=""3F""","=""2""",7,5,,"=""T5713LS""","=""""",
"=""""","=""5492.040""","=""""","=""1.38e+04""",C+,"=""12.5406949""","=""12.7664475""","=""2s2.2p3.(2D*).3s""","=""3D*""","=""2""","=""2s2.2p3.(4S*).4f""","=""3F""","=""3""",5,7,,"=""T5713LS""","=""""",
"=""""","=""5492.040""","=""""","=""2.42e+03""",C+,"=""12.5406949""","=""12.7664475""","=""2s2.2p3.(2D*).3s""","=""3D*""","=""2""","=""2s2.2p3.(4S*).4f""","=""3F""","=""2""",5,5,,"=""T5713LS""","=""""",
"=""""","=""5515.960""","=""""","=""1.29e+04""",C+,"=""12.5416739""","=""12.7664475""","=""2s2.2p3.(2D*).3s""","=""3D*""","=""1""","=""2s2.2p3.(4S*).4f""","=""3F""","=""2""",3,5,,"=""T5713LS""","=""""",
"=""""","=""5972.98""","=""""","=""3.84e+05""",A,"=""12.0786187""","=""12.2861939""","=""2s2.2p3.(4S*).3d""","=""5D*""","=""4""","=""2s2.2p3.(4S*).4p""","=""5P""","=""3""",9,7,,"=""T5803,LS""","=""""",
"=""""","=""5973.28""","=""""","=""9.95e+04""",A,"=""12.0786294""","=""12.2861939""","=""2s2.2p3.(4S*).3d""","=""5D*""","=""3""","=""2s2.2p3.(4S*).4p""","=""5P""","=""3""",7,7,,"=""T5803,LS""","=""""",
"=""""","=""5973.72""","=""""","=""1.42e+04""",A,"=""12.0786446""","=""12.2861939""","=""2s2.2p3.(4S*).3d""","=""5D*""","=""2""","=""2s2.2p3.(4S*).4p""","=""5P""","=""3""",5,7,,"=""T5803,LS""","=""""",
"=""""","=""5977.55""","=""""","=""2.78e+05""",A,"=""12.0786294""","=""12.2860456""","=""2s2.2p3.(4S*).3d""","=""5D*""","=""3""","=""2s2.2p3.(4S*).4p""","=""5P""","=""2""",7,5,,"=""T5803,LS""","=""""",
"=""""","=""5977.99""","=""""","=""1.74e+05""",A,"=""12.0786446""","=""12.2860456""","=""2s2.2p3.(4S*).3d""","=""5D*""","=""2""","=""2s2.2p3.(4S*).4p""","=""5P""","=""2""",5,5,,"=""T5803,LS""","=""""",
"=""""","=""5978.36""","=""""","=""4.47e+04""",A,"=""12.0786574""","=""12.2860456""","=""2s2.2p3.(4S*).3d""","=""5D*""","=""1""","=""2s2.2p3.(4S*).4p""","=""5P""","=""2""",3,5,,"=""T5803,LS""","=""""",
"=""""","=""5980.40""","=""""","=""1.74e+05""",A,"=""12.0786446""","=""12.2859622""","=""2s2.2p3.(4S*).3d""","=""5D*""","=""2""","=""2s2.2p3.(4S*).4p""","=""5P""","=""1""",5,3,,"=""T5803,LS""","=""""",
"=""""","=""5980.77""","=""""","=""2.23e+05""",A,"=""12.0786574""","=""12.2859622""","=""2s2.2p3.(4S*).3d""","=""5D*""","=""1""","=""2s2.2p3.(4S*).4p""","=""5P""","=""1""",3,3,,"=""T5803,LS""","=""""",
"=""""","=""5980.94""","=""""","=""9.92e+04""",A,"=""12.0786635""","=""12.2859622""","=""2s2.2p3.(4S*).3d""","=""5D*""","=""0""","=""2s2.2p3.(4S*).4p""","=""5P""","=""1""",1,3,,"=""T5803,LS""","=""""",
"=""""","=""6230.13""","=""""","=""1.71e+01""",C,"=""12.0870382""","=""12.2860456""","=""2s2.2p3.(4S*).3d""","=""3D*""","=""3""","=""2s2.2p3.(4S*).4p""","=""5P""","=""2""",7,5,,"=""T5803""","=""""",
"=""""","=""10397.57""","=""""","=""3.64e+05""",C+,"=""12.7590265""","=""12.8782699""","=""2s2.2p3.(4S*).4d""","=""3D*""","=""1""","=""2s2.2p3.(4S*).5p""","=""3P""","=""0""",3,1,,"=""T5713LS""","=""""",
"=""""","=""10399.40""","=""""","=""3.06e+05""",C+,"=""12.7590123""","=""12.8782347""","=""2s2.2p3.(4S*).4d""","=""3D*""","=""3""","=""2s2.2p3.(4S*).5p""","=""3P""","=""2""",7,5,,"=""T5713LS""","=""""",
"=""""","=""10399.50""","=""""","=""2.73e+05""",C+,"=""12.7590208""","=""12.8782422""","=""2s2.2p3.(4S*).4d""","=""3D*""","=""2""","=""2s2.2p3.(4S*).5p""","=""3P""","=""1""",5,3,,"=""T5713LS""","=""""",
"=""""","=""10399.99""","=""""","=""9.09e+04""",C+,"=""12.7590265""","=""12.8782422""","=""2s2.2p3.(4S*).4d""","=""3D*""","=""1""","=""2s2.2p3.(4S*).5p""","=""3P""","=""1""",3,3,,"=""T5713LS""","=""""",
"=""""","=""10400.15""","=""""","=""5.46e+04""",C+,"=""12.7590208""","=""12.8782347""","=""2s2.2p3.(4S*).4d""","=""3D*""","=""2""","=""2s2.2p3.(4S*).5p""","=""3P""","=""2""",5,5,,"=""T5713LS""","=""""",
"=""""","=""13138.79""","=""""","=""1.56e+05""",C+,"=""12.7536973""","=""12.8480623""","=""2s2.2p3.(4S*).4d""","=""5D*""","=""4""","=""2s2.2p3.(4S*).5p""","=""5P""","=""3""",9,7,,"=""T5713LS""","=""""",
"=""""","=""13139.50""","=""""","=""4.04e+04""",C+,"=""12.7537024""","=""12.8480623""","=""2s2.2p3.(4S*).4d""","=""5D*""","=""3""","=""2s2.2p3.(4S*).5p""","=""5P""","=""3""",7,7,,"=""T5713LS""","=""""",
"=""""","=""13140.52""","=""""","=""5.77e+03""",C+,"=""12.7537097""","=""12.8480623""","=""2s2.2p3.(4S*).4d""","=""5D*""","=""2""","=""2s2.2p3.(4S*).5p""","=""5P""","=""3""",5,7,,"=""T5713LS""","=""""",
"=""""","=""13148.14""","=""""","=""1.13e+05""",C+,"=""12.7537024""","=""12.8480003""","=""2s2.2p3.(4S*).4d""","=""5D*""","=""3""","=""2s2.2p3.(4S*).5p""","=""5P""","=""2""",7,5,,"=""T5713LS""","=""""",
"=""""","=""13149.16""","=""""","=""7.05e+04""",C+,"=""12.7537097""","=""12.8480003""","=""2s2.2p3.(4S*).4d""","=""5D*""","=""2""","=""2s2.2p3.(4S*).5p""","=""5P""","=""2""",5,5,,"=""T5713LS""","=""""",
"=""""","=""13150.00""","=""""","=""1.81e+04""",C+,"=""12.7537158""","=""12.8480003""","=""2s2.2p3.(4S*).4d""","=""5D*""","=""1""","=""2s2.2p3.(4S*).5p""","=""5P""","=""2""",3,5,,"=""T5713LS""","=""""",
"=""""","=""13155.33""","=""""","=""7.04e+04""",C+,"=""12.7537097""","=""12.8479560""","=""2s2.2p3.(4S*).4d""","=""5D*""","=""2""","=""2s2.2p3.(4S*).5p""","=""5P""","=""1""",5,3,,"=""T5713LS""","=""""",
"=""""","=""13156.18""","=""""","=""9.06e+04""",C+,"=""12.7537158""","=""12.8479560""","=""2s2.2p3.(4S*).4d""","=""5D*""","=""1""","=""2s2.2p3.(4S*).5p""","=""5P""","=""1""",3,3,,"=""T5713LS""","=""""",
"=""""","=""13156.60""","=""""","=""4.02e+04""",C+,"=""12.7537188""","=""12.8479560""","=""2s2.2p3.(4S*).4d""","=""5D*""","=""0""","=""2s2.2p3.(4S*).5p""","=""5P""","=""1""",1,3,,"=""T5713LS""","=""""",
"=""""","=""44057.3""","=""""","=""1.34e-10""",C+,"=""0.0000000""","=""0.0281416""","=""2s2.2p4""","=""3P""","=""2""","=""2s2.2p4""","=""3P""","=""0""",5,1,E2,"=""T4539,T5081""","=""""",
"=""""","=""63185.2""","=""""","=""8.91e-05""",A,"=""0.0000000""","=""0.0196224""","=""2s2.2p4""","=""3P""","=""2""","=""2s2.2p4""","=""3P""","=""1""",5,3,M1,"=""T4539""","=""""",
"=""""","=""63185.2""","=""""","=""1.66e-11""",C+,"=""0.0000000""","=""0.0196224""","=""2s2.2p4""","=""3P""","=""2""","=""2s2.2p4""","=""3P""","=""1""",5,3,E2,"=""T4539,T5081""","=""""",
"=""""","=""97330.2""","=""""","=""2.40e+02""",C+,"=""12.7536973""","=""12.7664358""","=""2s2.2p3.(4S*).4d""","=""5D*""","=""4""","=""2s2.2p3.(4S*).4f""","=""5F""","=""5""",9,11,,"=""T5713LS""","=""""",
"=""""","=""97330.2""","=""""","=""4.00e+01""",C+,"=""12.7536973""","=""12.7664358""","=""2s2.2p3.(4S*).4d""","=""5D*""","=""4""","=""2s2.2p3.(4S*).4f""","=""5F""","=""4""",9,9,,"=""T5713LS""","=""""",
"=""""","=""97330.2""","=""""","=""3.43e+00""",C+,"=""12.7536973""","=""12.7664358""","=""2s2.2p3.(4S*).4d""","=""5D*""","=""4""","=""2s2.2p3.(4S*).4f""","=""5F""","=""3""",9,7,,"=""T5713LS""","=""""",
"=""""","=""97369.1""","=""""","=""2.00e+02""",C+,"=""12.7537024""","=""12.7664358""","=""2s2.2p3.(4S*).4d""","=""5D*""","=""3""","=""2s2.2p3.(4S*).4f""","=""5F""","=""4""",7,9,,"=""T5713LS""","=""""",
"=""""","=""97369.1""","=""""","=""7.20e+01""",C+,"=""12.7537024""","=""12.7664358""","=""2s2.2p3.(4S*).4d""","=""5D*""","=""3""","=""2s2.2p3.(4S*).4f""","=""5F""","=""3""",7,7,,"=""T5713LS""","=""""",
"=""""","=""97369.1""","=""""","=""9.60e+00""",C+,"=""12.7537024""","=""12.7664358""","=""2s2.2p3.(4S*).4d""","=""5D*""","=""3""","=""2s2.2p3.(4S*).4f""","=""5F""","=""2""",7,5,,"=""T5713LS""","=""""",
"=""""","=""97425.1""","=""""","=""1.64e+02""",C+,"=""12.7537097""","=""12.7664358""","=""2s2.2p3.(4S*).4d""","=""5D*""","=""2""","=""2s2.2p3.(4S*).4f""","=""5F""","=""3""",5,7,,"=""T5713LS""","=""""",
"=""""","=""97425.1""","=""""","=""9.58e+01""",C+,"=""12.7537097""","=""12.7664358""","=""2s2.2p3.(4S*).4d""","=""5D*""","=""2""","=""2s2.2p3.(4S*).4f""","=""5F""","=""2""",5,5,,"=""T5713LS""","=""""",
"=""""","=""97425.1""","=""""","=""1.60e+01""",C+,"=""12.7537097""","=""12.7664358""","=""2s2.2p3.(4S*).4d""","=""5D*""","=""2""","=""2s2.2p3.(4S*).4f""","=""5F""","=""1""",5,3,,"=""T5713LS""","=""""",
"=""""","=""97471.6""","=""""","=""1.34e+02""",C+,"=""12.7537158""","=""12.7664358""","=""2s2.2p3.(4S*).4d""","=""5D*""","=""1""","=""2s2.2p3.(4S*).4f""","=""5F""","=""2""",3,5,,"=""T5713LS""","=""""",
"=""""","=""97471.6""","=""""","=""1.12e+02""",C+,"=""12.7537158""","=""12.7664358""","=""2s2.2p3.(4S*).4d""","=""5D*""","=""1""","=""2s2.2p3.(4S*).4f""","=""5F""","=""1""",3,3,,"=""T5713LS""","=""""",
"=""""","=""97494.4""","=""""","=""1.12e+02""",C+,"=""12.7537188""","=""12.7664358""","=""2s2.2p3.(4S*).4d""","=""5D*""","=""0""","=""2s2.2p3.(4S*).4f""","=""5F""","=""1""",1,3,,"=""T5713LS""","=""""",
"=""""","=""145535""","=""""","=""1.75e-05""",A,"=""0.0196224""","=""0.0281416""","=""2s2.2p4""","=""3P""","=""1""","=""2s2.2p4""","=""3P""","=""0""",3,1,M1,"=""T4539""","=""""",
"=""""","=""166752.8""","=""""","=""4.69e+01""",C+,"=""12.7590123""","=""12.7664475""","=""2s2.2p3.(4S*).4d""","=""3D*""","=""3""","=""2s2.2p3.(4S*).4f""","=""3F""","=""4""",7,9,,"=""T5713LS""","=""""",
"=""""","=""166752.8""","=""""","=""5.23e+00""",C+,"=""12.7590123""","=""12.7664475""","=""2s2.2p3.(4S*).4d""","=""3D*""","=""3""","=""2s2.2p3.(4S*).4f""","=""3F""","=""3""",7,7,,"=""T5713LS""","=""""",
"=""""","=""166752.8""","=""""","=""2.06e-01""",C+,"=""12.7590123""","=""12.7664475""","=""2s2.2p3.(4S*).4d""","=""3D*""","=""3""","=""2s2.2p3.(4S*).4f""","=""3F""","=""2""",7,5,,"=""T5713LS""","=""""",
"=""""","=""166944.9""","=""""","=""4.15e+01""",C+,"=""12.7590208""","=""12.7664475""","=""2s2.2p3.(4S*).4d""","=""3D*""","=""2""","=""2s2.2p3.(4S*).4f""","=""3F""","=""3""",5,7,,"=""T5713LS""","=""""",
"=""""","=""166944.9""","=""""","=""7.29e+00""",C+,"=""12.7590208""","=""12.7664475""","=""2s2.2p3.(4S*).4d""","=""3D*""","=""2""","=""2s2.2p3.(4S*).4f""","=""3F""","=""2""",5,5,,"=""T5713LS""","=""""",
"=""""","=""167073.2""","=""""","=""3.92e+01""",C+,"=""12.7590265""","=""12.7664475""","=""2s2.2p3.(4S*).4d""","=""3D*""","=""1""","=""2s2.2p3.(4S*).4f""","=""3F""","=""2""",3,5,,"=""T5713LS""","=""""",
