obs_wl_vac(nm),ritz_wl_vac(nm),intens,Aki(s^-1),Acc,Ei(eV),Ek(eV),conf_i,term_i,J_i,conf_k,term_k,J_k,g_i,g_k,Type,tp_ref,line_ref,
"=""""","=""27.10726""","=""1g""","=""""",,"=""0.000000""","=""45.73837""","=""3s2.3p""","=""2P*""","=""1/2""","=""3s.3p.(3P*).5p""","=""2D""","=""3/2""",2,4,,"=""""","=""u24""",
"=""27.1335""","=""27.13325""","=""3g""","=""""",,"=""0.117962""","=""45.81252""","=""3s2.3p""","=""2P*""","=""3/2""","=""3s.3p.(3P*).5p""","=""2D""","=""5/2""",4,6,,"=""""","=""u24""",
"=""27.3532""","=""27.35339""","=""1g""","=""""",,"=""0.000000""","=""45.32681""","=""3s2.3p""","=""2P*""","=""1/2""","=""3s.3p.(3P*).5p""","=""2P""","=""3/2""",2,4,,"=""""","=""u24""",
"=""27.3804""","=""27.37903""","=""1g""","=""""",,"=""0.000000""","=""45.28437""","=""3s2.3p""","=""2P*""","=""1/2""","=""3s.3p.(3P*).5p""","=""2P""","=""1/2""",2,2,,"=""""","=""u24""",
"=""27.4249""","=""27.42476""","=""2g""","=""""",,"=""0.117962""","=""45.32681""","=""3s2.3p""","=""2P*""","=""3/2""","=""3s.3p.(3P*).5p""","=""2P""","=""3/2""",4,4,,"=""""","=""u24""",
"=""27.4522""","=""27.45053""","=""1g""","=""""",,"=""0.117962""","=""45.28437""","=""3s2.3p""","=""2P*""","=""3/2""","=""3s.3p.(3P*).5p""","=""2P""","=""1/2""",4,2,,"=""""","=""u24""",
"=""29.0845""","=""29.08446""","=""1g""","=""""",,"=""0.000000""","=""42.62902""","=""3s2.3p""","=""2P*""","=""1/2""","=""3s.3p.(1P*).4p""","=""2S""","=""1/2""",2,2,,"=""""","=""u24""",
"=""29.1656""","=""29.16517""","=""1g""","=""""",,"=""0.117962""","=""42.62902""","=""3s2.3p""","=""2P*""","=""3/2""","=""3s.3p.(1P*).4p""","=""2S""","=""1/2""",4,2,,"=""""","=""u24""",
"=""29.4125""","=""29.41172""","=""1g""","=""""",,"=""0.000000""","=""42.15469""","=""3s2.3p""","=""2P*""","=""1/2""","=""3s.3p.(1P*).4p""","=""2P""","=""3/2""",2,4,,"=""""","=""u24""",
"=""29.4286""","=""29.42789""","=""1g""","=""""",,"=""0.000000""","=""42.13153""","=""3s2.3p""","=""2P*""","=""1/2""","=""3s.3p.(1P*).4p""","=""2P""","=""1/2""",2,2,,"=""""","=""u24""",
"=""29.5921""","=""29.59178""","=""1g""","=""""",,"=""0.117962""","=""42.01615""","=""3s2.3p""","=""2P*""","=""3/2""","=""3s.3p.(1P*).4p""","=""2D""","=""3/2""",4,4,,"=""""","=""u24""",
"=""30.0327""","=""30.03313""","=""2g""","=""""",,"=""0.000000""","=""41.28247""","=""3s2.3p""","=""2P*""","=""1/2""","=""3s2.7s""","=""2S""","=""1/2""",2,2,,"=""""","=""u24""",
"=""30.1187""","=""30.11920""","=""3g""","=""""",,"=""0.117962""","=""41.28247""","=""3s2.3p""","=""2P*""","=""3/2""","=""3s2.7s""","=""2S""","=""1/2""",4,2,,"=""""","=""u24""",
"=""32.1021""","=""32.10267""","=""6g""","=""""",,"=""0.000000""","=""38.62115""","=""3s2.3p""","=""2P*""","=""1/2""","=""3s2.6s""","=""2S""","=""1/2""",2,2,,"=""""","=""u24""",
"=""32.1993""","=""32.20102""","=""5g""","=""""",,"=""0.117962""","=""38.62115""","=""3s2.3p""","=""2P*""","=""3/2""","=""3s2.6s""","=""2S""","=""1/2""",4,2,,"=""""","=""u24""",
"=""32.3874""","=""32.38751""","=""2g""","=""""",,"=""0.000000""","=""38.28149""","=""3s2.3p""","=""2P*""","=""1/2""","=""3s.3p.(3P*).4p""","=""2S""","=""1/2""",2,2,,"=""""","=""u24""",
"=""32.4868""","=""32.48762""","=""3g""","=""""",,"=""0.117962""","=""38.28149""","=""3s2.3p""","=""2P*""","=""3/2""","=""3s.3p.(3P*).4p""","=""2S""","=""1/2""",4,2,,"=""""","=""u24""",
"=""32.9653""","=""32.96655""","=""7g""","=""""",,"=""0.000000""","=""37.60909""","=""3s2.3p""","=""2P*""","=""1/2""","=""3s2.5d""","=""2D""","=""3/2""",2,4,,"=""""","=""u24""",
"=""33.0532""","=""33.05472""","=""8g""","=""""",,"=""0.117962""","=""37.62674""","=""3s2.3p""","=""2P*""","=""3/2""","=""3s2.5d""","=""2D""","=""5/2""",4,6,,"=""""","=""u24""",
"=""33.0691""","=""33.07027""","=""4g""","=""""",,"=""0.117962""","=""37.60909""","=""3s2.3p""","=""2P*""","=""3/2""","=""3s2.5d""","=""2D""","=""3/2""",4,4,,"=""""","=""u24""",
"=""33.2088""","=""33.21048""","=""5g""","=""""",,"=""0.000000""","=""37.33286""","=""3s2.3p""","=""2P*""","=""1/2""","=""3s.3p.(3P*).4p""","=""2D""","=""3/2""",2,4,,"=""""","=""u24""",
"=""33.2629""","=""33.26404""","=""7g""","=""""",,"=""0.117962""","=""37.39071""","=""3s2.3p""","=""2P*""","=""3/2""","=""3s.3p.(3P*).4p""","=""2D""","=""5/2""",4,6,,"=""""","=""u24""",
"=""33.3141""","=""33.31575""","=""4g""","=""""",,"=""0.117962""","=""37.33286""","=""3s2.3p""","=""2P*""","=""3/2""","=""3s.3p.(3P*).4p""","=""2D""","=""3/2""",4,4,,"=""""","=""u24""",
"=""33.4031""","=""33.40356""","=""1g""","=""""",,"=""0.000000""","=""37.11706""","=""3s2.3p""","=""2P*""","=""1/2""","=""3s.3p.(3P*).4p""","=""4S""","=""3/2""",2,4,,"=""""","=""u24""",
"=""33.6630""","=""33.66336""","=""1g""","=""""",,"=""0.117962""","=""36.94857""","=""3s2.3p""","=""2P*""","=""3/2""","=""3s.3p.(3P*).4p""","=""4P""","=""5/2""",4,6,,"=""""","=""u24""",
"=""33.7115""","=""33.71075""","=""1g""","=""""",,"=""0.117962""","=""36.89679""","=""3s2.3p""","=""2P*""","=""3/2""","=""3s.3p.(3P*).4p""","=""4P""","=""3/2""",4,4,,"=""""","=""u24""",
"=""34.0749""","=""34.07583""","=""5g""","=""""",,"=""0.000000""","=""36.38479""","=""3s2.3p""","=""2P*""","=""1/2""","=""3s.3p.(3P*).4p""","=""4D""","=""3/2""",2,4,,"=""""","=""u24""",
"=""34.0930""","=""34.09353""","=""5g""","=""""",,"=""0.000000""","=""36.36590""","=""3s2.3p""","=""2P*""","=""1/2""","=""3s.3p.(3P*).4p""","=""4D""","=""1/2""",2,2,,"=""""","=""u24""",
"=""34.1413""","=""34.14206""","=""5g""","=""""",,"=""0.000000""","=""36.31422""","=""3s2.3p""","=""2P*""","=""1/2""","=""3s.3p.(3P*).4p""","=""2P""","=""3/2""",2,4,,"=""""","=""u24""",
"=""34.1787""","=""34.17995""","=""5g""","=""""",,"=""0.000000""","=""36.27396""","=""3s2.3p""","=""2P*""","=""1/2""","=""3s.3p.(3P*).4p""","=""2P""","=""1/2""",2,2,,"=""""","=""u24""",
"=""34.1854""","=""34.18667""","=""4g""","=""""",,"=""0.117962""","=""36.38479""","=""3s2.3p""","=""2P*""","=""3/2""","=""3s.3p.(3P*).4p""","=""4D""","=""3/2""",4,4,,"=""""","=""u24""",
"=""34.2043""","=""34.20448""","=""3g""","=""""",,"=""0.117962""","=""36.36590""","=""3s2.3p""","=""2P*""","=""3/2""","=""3s.3p.(3P*).4p""","=""4D""","=""1/2""",4,2,,"=""""","=""u24""",
"=""34.2521""","=""34.25332""","=""8g""","=""""",,"=""0.117962""","=""36.31422""","=""3s2.3p""","=""2P*""","=""3/2""","=""3s.3p.(3P*).4p""","=""2P""","=""3/2""",4,4,,"=""""","=""u24""",
"=""34.2908""","=""34.29146""","=""4g""","=""""",,"=""0.117962""","=""36.27396""","=""3s2.3p""","=""2P*""","=""3/2""","=""3s.3p.(3P*).4p""","=""2P""","=""1/2""",4,2,,"=""""","=""u24""",
"=""34.9105""","=""34.91025""","=""1""","=""""",,"=""11.67315""","=""47.18827""","=""3s.3p2""","=""2D""","=""5/2""","=""3s.3p.(1P*).4d""","=""2D*""","=""5/2""",6,6,,"=""""","=""u24""",
"=""35.3051""","=""35.30526""","=""5""","=""""",,"=""8.86843""","=""43.98620""","=""3s.3p2""","=""4P""","=""3/2""","=""3s.3p.(3P*).5s""","=""4P*""","=""5/2""",4,6,,"=""""","=""u24""",
"=""35.3426""","=""35.34378""","=""4""","=""""",,"=""8.82570""","=""43.90520""","=""3s.3p2""","=""4P""","=""1/2""","=""3s.3p.(3P*).5s""","=""4P*""","=""3/2""",2,4,,"=""""","=""u24""",
"=""35.3728""","=""35.37341""","=""6""","=""""",,"=""8.93609""","=""43.98620""","=""3s.3p2""","=""4P""","=""5/2""","=""3s.3p.(3P*).5s""","=""4P*""","=""5/2""",6,6,,"=""""","=""u24""",
"=""35.3865""","=""35.38668""","=""3*""","=""""",,"=""8.82570""","=""43.86267""","=""3s.3p2""","=""4P""","=""1/2""","=""3s.3p.(3P*).5s""","=""4P*""","=""1/2""",2,2,,"=""""","=""u24""",
"=""35.3865""","=""35.38688""","=""3*""","=""""",,"=""8.86843""","=""43.90520""","=""3s.3p2""","=""4P""","=""3/2""","=""3s.3p.(3P*).5s""","=""4P*""","=""3/2""",4,4,,"=""""","=""u24""",
"=""35.4299""","=""35.42988""","=""3""","=""""",,"=""8.86843""","=""43.86267""","=""3s.3p2""","=""4P""","=""3/2""","=""3s.3p.(3P*).5s""","=""4P*""","=""1/2""",4,2,,"=""""","=""u24""",
"=""35.4532""","=""35.45535""","=""6bl""","=""""",,"=""8.93609""","=""43.90520""","=""3s.3p2""","=""4P""","=""5/2""","=""3s.3p.(3P*).5s""","=""4P*""","=""3/2""",6,4,,"=""""","=""u24""",
"=""36.8971""","=""36.89752""","=""8g""","=""""",,"=""0.000000""","=""33.60231""","=""3s2.3p""","=""2P*""","=""1/2""","=""3s2.5s""","=""2S""","=""1/2""",2,2,,"=""""","=""u24""",
"=""37.0260""","=""37.02751""","=""9g""","=""""",,"=""0.117962""","=""33.60231""","=""3s2.3p""","=""2P*""","=""3/2""","=""3s2.5s""","=""2S""","=""1/2""",4,2,,"=""""","=""u24""",
"=""37.1323""","=""37.13021""","=""1""","=""""",,"=""8.86843""","=""42.26016""","=""3s.3p2""","=""4P""","=""3/2""","=""3s.3p.(3P*).4d""","=""4P*""","=""1/2""",4,2,,"=""""","=""u24""",
"=""37.1923""","=""37.19153""","=""1""","=""""",,"=""8.86843""","=""42.20510""","=""3s.3p2""","=""4P""","=""3/2""","=""3s.3p.(3P*).4d""","=""4P*""","=""5/2""",4,6,,"=""""","=""u24""",
"=""37.2271""","=""37.22870""","=""1w""","=""""",,"=""8.93609""","=""42.23948""","=""3s.3p2""","=""4P""","=""5/2""","=""3s.3p.(3P*).4d""","=""4P*""","=""3/2""",6,4,,"=""""","=""u24""",
"=""37.2651""","=""37.26717""","=""2w""","=""""",,"=""8.93609""","=""42.20510""","=""3s.3p2""","=""4P""","=""5/2""","=""3s.3p.(3P*).4d""","=""4P*""","=""5/2""",6,6,,"=""""","=""u24""",
"=""37.6396""","=""37.63979""","=""1""","=""""",,"=""8.93609""","=""41.87575""","=""3s.3p2""","=""4P""","=""5/2""","=""3s.3p.(3P*).4d""","=""4F*""","=""7/2""",6,8,,"=""""","=""u24""",
"=""37.7202""","=""37.71978""","=""4""","=""""",,"=""8.82570""","=""41.69551""","=""3s.3p2""","=""4P""","=""1/2""","=""3s.3p.(3P*).4d""","=""4D*""","=""3/2""",2,4,,"=""""","=""u24""",
"=""37.7603""","=""37.76043""","=""3""","=""""",,"=""8.86843""","=""41.70285""","=""3s.3p2""","=""4P""","=""3/2""","=""3s.3p.(3P*).4d""","=""4D*""","=""5/2""",4,6,,"=""""","=""u24""",
"=""37.7689""","=""37.76887""","=""5""","=""""",,"=""8.86843""","=""41.69551""","=""3s.3p2""","=""4P""","=""3/2""","=""3s.3p.(3P*).4d""","=""4D*""","=""3/2""",4,4,,"=""""","=""u24""",
"=""37.7877""","=""37.78780""","=""1""","=""""",,"=""11.67315""","=""44.48379""","=""3s.3p2""","=""2D""","=""5/2""","=""3s.3p.(3P*).5s""","=""2P*""","=""3/2""",6,4,,"=""""","=""u24""",
"=""37.8126""","=""37.81256""","=""1""","=""""",,"=""8.93609""","=""41.72525""","=""3s.3p2""","=""4P""","=""5/2""","=""3s.3p.(3P*).4d""","=""4D*""","=""7/2""",6,8,,"=""""","=""u24""",
"=""37.8392""","=""37.83840""","=""2""","=""""",,"=""8.93609""","=""41.70285""","=""3s.3p2""","=""4P""","=""5/2""","=""3s.3p.(3P*).4d""","=""4D*""","=""5/2""",6,6,,"=""""","=""u24""",
"=""39.1555""","=""39.15491""","=""2g""","=""""",,"=""0.000000""","=""31.66504""","=""3s2.3p""","=""2P*""","=""1/2""","=""3s2.4d""","=""2D""","=""3/2""",2,4,,"=""""","=""u24""",
"=""39.3005""","=""39.30063""","=""5g*""","=""""",,"=""0.117962""","=""31.66560""","=""3s2.3p""","=""2P*""","=""3/2""","=""3s2.4d""","=""2D""","=""5/2""",4,6,,"=""""","=""u24""",
"=""39.3005""","=""39.30132""","=""5g*""","=""""",,"=""0.117962""","=""31.66504""","=""3s2.3p""","=""2P*""","=""3/2""","=""3s2.4d""","=""2D""","=""3/2""",4,4,,"=""""","=""u24""",
"=""39.7569""","=""39.75802""","=""1""","=""""",,"=""11.66730""","=""42.85200""","=""3s.3p2""","=""2D""","=""3/2""","=""3s.3p.(3P*).4d""","=""2P*""","=""1/2""",4,2,,"=""""","=""u24""",
"=""40.2360""","=""40.23512""","=""2""","=""""",,"=""11.67315""","=""42.48807""","=""3s.3p2""","=""2D""","=""5/2""","=""3s.3p.(3P*).4d""","=""2F*""","=""7/2""",6,8,,"=""""","=""u24""",
"=""40.3117""","=""40.31151""","=""2""","=""""",,"=""11.66730""","=""42.42382""","=""3s.3p2""","=""2D""","=""3/2""","=""3s.3p.(3P*).4d""","=""2F*""","=""5/2""",4,6,,"=""""","=""u24""",
"=""40.6085""","=""40.60802""","=""3""","=""""",,"=""11.67315""","=""42.20510""","=""3s.3p2""","=""2D""","=""5/2""","=""3s.3p.(3P*).4d""","=""4P*""","=""5/2""",6,6,,"=""""","=""u24""",
"=""41.0866""","=""41.08499""","=""1""","=""""",,"=""11.66730""","=""41.84479""","=""3s.3p2""","=""2D""","=""3/2""","=""3s.3p.(3P*).4d""","=""4F*""","=""3/2""",4,4,,"=""""","=""u24""",
"=""41.2883""","=""41.28719""","=""1*""","=""""",,"=""11.67315""","=""41.70285""","=""3s.3p2""","=""2D""","=""5/2""","=""3s.3p.(3P*).4d""","=""4D*""","=""5/2""",6,6,,"=""""","=""u24""",
"=""41.2883""","=""41.28923""","=""1*""","=""""",,"=""11.66730""","=""41.69551""","=""3s.3p2""","=""2D""","=""3/2""","=""3s.3p.(3P*).4d""","=""4D*""","=""3/2""",4,4,,"=""""","=""u24""",
"=""41.9227""","=""41.92248""","=""4""","=""""",,"=""11.66730""","=""41.24193""","=""3s.3p2""","=""2D""","=""3/2""","=""3s2.6f""","=""2F*""","=""5/2""",4,6,,"=""""","=""u24""",
"=""41.9299""","=""41.92972""","=""7""","=""""",,"=""11.67315""","=""41.24267""","=""3s.3p2""","=""2D""","=""5/2""","=""3s2.6f""","=""2F*""","=""7/2""",6,8,,"=""""","=""u24""",
"=""42.5033""","=""42.5031""","=""3""","=""""",,"=""15.31320""","=""44.48379""","=""3s.3p2""","=""2S""","=""1/2""","=""3s.3p.(3P*).5s""","=""2P*""","=""3/2""",2,4,,"=""""","=""u24""",
"=""42.6163""","=""42.6164""","=""4""","=""""",,"=""15.31320""","=""44.4063""","=""3s.3p2""","=""2S""","=""1/2""","=""3s.3p.(3P*).5s""","=""2P*""","=""1/2""",2,2,,"=""""","=""u24""",
"=""44.5339""","=""44.5352""","=""1*""","=""""",,"=""16.56672""","=""44.4063""","=""3s.3p2""","=""2P""","=""1/2""","=""3s.3p.(3P*).5s""","=""2P*""","=""1/2""",2,2,,"=""""","=""u24""",
"=""44.5339""","=""44.5354""","=""1*""","=""""",,"=""16.64431""","=""44.48379""","=""3s.3p2""","=""2P""","=""3/2""","=""3s.3p.(3P*).5s""","=""2P*""","=""3/2""",4,4,,"=""""","=""u24""",
"=""44.5339""","=""44.5363""","=""1*""","=""""",,"=""11.66730""","=""39.50623""","=""3s.3p2""","=""2D""","=""3/2""","=""3s2.6p""","=""2P*""","=""3/2""",4,4,,"=""""","=""u24""",
"=""45.0935""","=""45.0918""","=""1""","=""""",,"=""15.31320""","=""42.80913""","=""3s.3p2""","=""2S""","=""1/2""","=""3s.3p.(3P*).4d""","=""2P*""","=""3/2""",2,4,,"=""""","=""u24""",
"=""46.0288""","=""46.0293""","=""4""","=""""",,"=""11.66730""","=""38.60324""","=""3s.3p2""","=""2D""","=""3/2""","=""3s2.5f""","=""2F*""","=""5/2""",4,6,,"=""""","=""u24""",
"=""46.0391""","=""46.0396""","=""8w""","=""""",,"=""11.67315""","=""38.60304""","=""3s.3p2""","=""2D""","=""5/2""","=""3s2.5f""","=""2F*""","=""7/2""",6,8,,"=""""","=""u24""",
"=""46.5346""","=""46.5348""","=""2""","=""1.76e+08""",D,"=""11.66730""","=""38.31065""","=""3s.3p2""","=""2D""","=""3/2""","=""3s.3p.(1P*).4s""","=""2P*""","=""3/2""",4,4,,"=""T7262""","=""u24""",
"=""46.5460""","=""46.5450""","=""9w*""","=""1.51e+09""",D+,"=""11.67315""","=""38.31065""","=""3s.3p2""","=""2D""","=""5/2""","=""3s.3p.(1P*).4s""","=""2P*""","=""3/2""",6,4,,"=""T7262""","=""u24""",
"=""46.5460""","=""46.5471""","=""9w*""","=""1.72e+09""",D+,"=""11.66730""","=""38.30359""","=""3s.3p2""","=""2D""","=""3/2""","=""3s.3p.(1P*).4s""","=""2P*""","=""1/2""",4,2,,"=""T7262""","=""u24""",
"=""47.3866""","=""47.3858""","=""3""","=""""",,"=""16.64431""","=""42.80913""","=""3s.3p2""","=""2P""","=""3/2""","=""3s.3p.(3P*).4d""","=""2P*""","=""3/2""",4,4,,"=""""","=""u24""",
"=""""","=""47.52290+""","=""""","=""1.43e+05""",B+,"=""0.117962""","=""26.20732""","=""3s2.3p""","=""2P*""","=""3/2""","=""3p3""","=""2P*""","=""1/2""",4,2,E2,"=""u29""","=""""",
"=""""","=""49.15387+""","=""""","=""6.32e-01""",D+,"=""0.000000""","=""25.22369""","=""3s2.3p""","=""2P*""","=""1/2""","=""3s.3p.(3P*).3d""","=""4F*""","=""3/2""",2,4,E2,"=""u29""","=""""",
"=""""","=""49.1615+""","=""""","=""3.39e+08""",E,"=""16.56672""","=""41.78649""","=""3s.3p2""","=""2P""","=""1/2""","=""3s.3p.(3P*).4d""","=""2D*""","=""3/2""",2,4,,"=""T6527c4,LS""","=""""",
"=""49.1649""","=""49.1651""","=""8w""","=""""",,"=""16.64431""","=""41.86222""","=""3s.3p2""","=""2P""","=""3/2""","=""3s.3p.(3P*).4d""","=""4F*""","=""5/2""",4,6,,"=""""","=""u24""",
"=""49.2460""","=""49.2459""","=""4""","=""4.05e+08""",D,"=""16.64431""","=""41.82087""","=""3s.3p2""","=""2P""","=""3/2""","=""3s.3p.(3P*).4d""","=""2D*""","=""5/2""",4,6,,"=""T6527c4,LS""","=""u24""",
"=""""","=""49.3132+""","=""""","=""6.72e+07""",E,"=""16.64431""","=""41.78649""","=""3s.3p2""","=""2P""","=""3/2""","=""3s.3p.(3P*).4d""","=""2D*""","=""3/2""",4,4,,"=""T6527c4,LS""","=""""",
"=""""","=""49.38482+""","=""""","=""4.56e-01""",D+,"=""0.117962""","=""25.22369""","=""3s2.3p""","=""2P*""","=""3/2""","=""3s.3p.(3P*).3d""","=""4F*""","=""3/2""",4,4,E2,"=""u29""","=""""",
"=""""","=""49.9369+""","=""""","=""6.13e+05""",D+,"=""8.82570""","=""33.65389""","=""3s.3p2""","=""4P""","=""1/2""","=""3s.3p.(3P*).4s""","=""2P*""","=""3/2""",2,4,,"=""T7942c84""","=""""",
"=""""","=""50.0230+""","=""""","=""4.77e+05""",D+,"=""8.86843""","=""33.65389""","=""3s.3p2""","=""4P""","=""3/2""","=""3s.3p.(3P*).4s""","=""2P*""","=""3/2""",4,4,,"=""T7942c84""","=""""",
"=""50.1607""","=""50.1599""","=""1""","=""2.67e+05""",D,"=""8.93609""","=""33.65389""","=""3s.3p2""","=""4P""","=""5/2""","=""3s.3p.(3P*).4s""","=""2P*""","=""3/2""",6,4,,"=""T7942c84""","=""u24""",
"=""""","=""50.1761+""","=""""","=""5.06e+05""",D,"=""8.86843""","=""33.57823""","=""3s.3p2""","=""4P""","=""3/2""","=""3s.3p.(3P*).4s""","=""2P*""","=""1/2""",4,2,,"=""T7942c84""","=""""",
"=""""","=""50.9021+""","=""""","=""9.50e+02""",B,"=""0.000000""","=""24.35737""","=""3s2.3p""","=""2P*""","=""1/2""","=""3p3""","=""4S*""","=""3/2""",2,4,E2,"=""u29""","=""""",
"=""""","=""51.1499+""","=""""","=""2.47e+01""",C+,"=""0.117962""","=""24.35737""","=""3s2.3p""","=""2P*""","=""3/2""","=""3p3""","=""4S*""","=""3/2""",4,4,E2,"=""u29""","=""""",
"=""""","=""51.5807+""","=""""","=""7.71e+05""",D+,"=""8.82570""","=""32.86264""","=""3s.3p2""","=""4P""","=""1/2""","=""3s.3p.(3P*).3d""","=""2P*""","=""1/2""",2,2,,"=""u29""","=""""",
"=""""","=""51.6266+""","=""""","=""1.69e+06""",D+,"=""8.82570""","=""32.84128""","=""3s.3p2""","=""4P""","=""1/2""","=""3s.3p.(3P*).3d""","=""2P*""","=""3/2""",2,4,,"=""u29""","=""""",
"=""""","=""51.6725+""","=""""","=""2.20e+05""",D,"=""8.86843""","=""32.86264""","=""3s.3p2""","=""4P""","=""3/2""","=""3s.3p.(3P*).3d""","=""2P*""","=""1/2""",4,2,,"=""u29""","=""""",
"=""""","=""51.7186+""","=""""","=""1.87e+05""",D,"=""8.86843""","=""32.84128""","=""3s.3p2""","=""4P""","=""3/2""","=""3s.3p.(3P*).3d""","=""2P*""","=""3/2""",4,4,,"=""u29""","=""""",
"=""""","=""51.8650+""","=""""","=""8.68e+04""",D,"=""8.93609""","=""32.84128""","=""3s.3p2""","=""4P""","=""5/2""","=""3s.3p.(3P*).3d""","=""2P*""","=""3/2""",6,4,,"=""u29""","=""""",
"=""51.9379""","=""51.9375""","=""10""","=""1.34e+09""",B,"=""8.86843""","=""32.74022""","=""3s.3p2""","=""4P""","=""3/2""","=""3s.3p.(3P*).4s""","=""4P*""","=""5/2""",4,6,,"=""u29""","=""u24""",
"=""52.0128""","=""52.0118""","=""10""","=""1.85e+09""",B,"=""8.82570""","=""32.66340""","=""3s.3p2""","=""4P""","=""1/2""","=""3s.3p.(3P*).4s""","=""4P*""","=""3/2""",2,4,,"=""u29""","=""u24""",
"=""52.0852""","=""52.0852""","=""12""","=""3.13e+09""",B+,"=""8.93609""","=""32.74022""","=""3s.3p2""","=""4P""","=""5/2""","=""3s.3p.(3P*).4s""","=""4P*""","=""5/2""",6,6,,"=""u29""","=""u24""",
"=""52.1061""","=""52.1052""","=""10*""","=""5.92e+08""",B,"=""8.86843""","=""32.66340""","=""3s.3p2""","=""4P""","=""3/2""","=""3s.3p.(3P*).4s""","=""4P*""","=""3/2""",4,4,,"=""u29""","=""u24""",
"=""52.1061""","=""52.1069""","=""10*""","=""7.42e+08""",B,"=""8.82570""","=""32.61988""","=""3s.3p2""","=""4P""","=""1/2""","=""3s.3p.(3P*).4s""","=""4P*""","=""1/2""",2,2,,"=""u29""","=""u24""",
"=""52.2009""","=""52.2007""","=""11""","=""3.72e+09""",B,"=""8.86843""","=""32.61988""","=""3s.3p2""","=""4P""","=""3/2""","=""3s.3p.(3P*).4s""","=""4P*""","=""1/2""",4,2,,"=""u29""","=""u24""",
"=""52.2541""","=""52.2538""","=""11""","=""2.02e+09""",B,"=""8.93609""","=""32.66340""","=""3s.3p2""","=""4P""","=""5/2""","=""3s.3p.(3P*).4s""","=""4P*""","=""3/2""",6,4,,"=""u29""","=""u24""",
"=""52.3135""","=""52.3161""","=""1""","=""""",,"=""11.67315""","=""35.37220""","=""3s.3p2""","=""2D""","=""5/2""","=""3s2.5p""","=""2P*""","=""3/2""",6,4,,"=""""","=""u24""",
"=""52.3513""","=""52.3508""","=""1""","=""""",,"=""11.66730""","=""35.35065""","=""3s.3p2""","=""2D""","=""3/2""","=""3s2.5p""","=""2P*""","=""1/2""",4,2,,"=""""","=""u24""",
"=""53.0359""","=""53.0360""","=""1""","=""""",,"=""18.86211""","=""42.23948""","=""3s2.3d""","=""2D""","=""3/2""","=""3s.3p.(3P*).4d""","=""4P*""","=""3/2""",4,4,,"=""""","=""u24""",
"=""53.4379""","=""53.4392""","=""1""","=""""",,"=""11.66730""","=""34.86827""","=""3s.3p2""","=""2D""","=""3/2""","=""3s.3p.(1P*).3d""","=""2D*""","=""5/2""",4,6,,"=""""","=""u24""",
"=""53.4540""","=""53.4527""","=""3w""","=""""",,"=""11.67315""","=""34.86827""","=""3s.3p2""","=""2D""","=""5/2""","=""3s.3p.(1P*).3d""","=""2D*""","=""5/2""",6,6,,"=""""","=""u24""",
"=""53.4765""","=""53.4787""","=""7""","=""""",,"=""11.66730""","=""34.85116""","=""3s.3p2""","=""2D""","=""3/2""","=""3s.3p.(1P*).3d""","=""2D*""","=""3/2""",4,4,,"=""""","=""u24""",
"=""""","=""53.7017+""","=""""","=""1.51e+05""",D,"=""8.86843""","=""31.95601""","=""3s.3p2""","=""4P""","=""3/2""","=""""","=""b 2F*""","=""5/2""",4,6,,"=""u29""","=""""",
"=""""","=""53.8595+""","=""""","=""7.11e+04""",D,"=""8.93609""","=""31.95601""","=""3s.3p2""","=""4P""","=""5/2""","=""""","=""b 2F*""","=""5/2""",6,6,,"=""u29""","=""""",
"=""""","=""53.8977+""","=""""","=""1.10e+06""",D+,"=""8.93609""","=""31.93969""","=""3s.3p2""","=""4P""","=""5/2""","=""""","=""b 2F*""","=""7/2""",6,8,,"=""u29""","=""""",
"=""53.9107""","=""53.9099""","=""4""","=""""",,"=""18.86380""","=""41.86222""","=""3s2.3d""","=""2D""","=""5/2""","=""3s.3p.(3P*).4d""","=""4F*""","=""5/2""",6,6,,"=""""","=""u24""",
"=""53.9107""","=""53.9122""","=""4""","=""4.52e+08""",D+,"=""15.31320""","=""38.31065""","=""3s.3p2""","=""2S""","=""1/2""","=""3s.3p.(1P*).4s""","=""2P*""","=""3/2""",2,4,,"=""T7262""","=""u24""",
"=""53.9291""","=""53.9287""","=""3""","=""3.63e+08""",D,"=""15.31320""","=""38.30359""","=""3s.3p2""","=""2S""","=""1/2""","=""3s.3p.(1P*).4s""","=""2P*""","=""1/2""",2,2,,"=""T7262""","=""u24""",
"=""""","=""54.0108+""","=""""","=""7.35e+03""",B+,"=""0.000000""","=""22.95543""","=""3s2.3p""","=""2P*""","=""1/2""","=""3p3""","=""2D*""","=""5/2""",2,6,E2,"=""u29""","=""""",
"=""""","=""54.0379+""","=""""","=""2.23e+04""",B+,"=""0.000000""","=""22.94392""","=""3s2.3p""","=""2P*""","=""1/2""","=""3p3""","=""2D*""","=""3/2""",2,4,E2,"=""u29""","=""""",
"=""54.0878""","=""54.0880""","=""1w""","=""""",,"=""18.86380""","=""41.78649""","=""3s2.3d""","=""2D""","=""5/2""","=""3s.3p.(3P*).4d""","=""2D*""","=""3/2""",6,4,,"=""""","=""u24""",
"=""54.1788""","=""54.1789""","=""5""","=""3.64e+08""",D,"=""11.66730""","=""34.55153""","=""3s.3p2""","=""2D""","=""3/2""","=""3s.3p.(1P*).3d""","=""2P*""","=""1/2""",4,2,,"=""T7262""","=""u24""",
"=""54.1894""","=""54.1890""","=""1""","=""4.12e+07""",D,"=""11.66730""","=""34.54725""","=""3s.3p2""","=""2D""","=""3/2""","=""3s.3p.(1P*).3d""","=""2P*""","=""3/2""",4,4,,"=""T7262""","=""u24""",
"=""54.2023""","=""54.2029""","=""7""","=""3.64e+08""",D+,"=""11.67315""","=""34.54725""","=""3s.3p2""","=""2D""","=""5/2""","=""3s.3p.(1P*).3d""","=""2P*""","=""3/2""",6,4,,"=""T7262""","=""u24""",
"=""54.2317""","=""54.2318""","=""1""","=""""",,"=""16.64431""","=""39.50623""","=""3s.3p2""","=""2P""","=""3/2""","=""3s2.6p""","=""2P*""","=""3/2""",4,4,,"=""""","=""u24""",
"=""54.2412""","=""54.2406""","=""1*""","=""""",,"=""16.64431""","=""39.50252""","=""3s.3p2""","=""2P""","=""3/2""","=""3s2.6p""","=""2P*""","=""1/2""",4,2,,"=""""","=""u24""",
"=""54.2412""","=""54.2432""","=""1*""","=""""",,"=""22.95543""","=""45.81252""","=""3p3""","=""2D*""","=""5/2""","=""3s.3p.(3P*).5p""","=""2D""","=""5/2""",6,6,,"=""""","=""u24""",
"=""""","=""54.2898+""","=""""","=""3.94e+04""",B+,"=""0.117962""","=""22.95543""","=""3s2.3p""","=""2P*""","=""3/2""","=""3p3""","=""2D*""","=""5/2""",4,6,E2,"=""u29""","=""""",
"=""""","=""54.3172+""","=""""","=""2.45e+04""",B+,"=""0.117962""","=""22.94392""","=""3s2.3p""","=""2P*""","=""3/2""","=""3p3""","=""2D*""","=""3/2""",4,4,E2,"=""u29""","=""""",
"=""54.3921""","=""54.3923""","=""1""","=""""",,"=""22.94392""","=""45.73837""","=""3p3""","=""2D*""","=""3/2""","=""3s.3p.(3P*).5p""","=""2D""","=""3/2""",4,4,,"=""""","=""u24""",
"=""55.1129""","=""55.1121""","=""18g""","=""2.02e+09""",A,"=""0.000000""","=""22.49671""","=""3s2.3p""","=""2P*""","=""1/2""","=""3s2.4s""","=""2S""","=""1/2""",2,2,,"=""T7477""","=""u24""",
"=""""","=""55.4000+""","=""""","=""1.72e+09""",D,"=""18.86211""","=""41.24193""","=""3s2.3d""","=""2D""","=""3/2""","=""3s2.6f""","=""2F*""","=""5/2""",4,6,,"=""T6527c4,LS""","=""""",
"=""55.4033""","=""55.4023""","=""18g*""","=""1.86e+09""",D+,"=""18.86380""","=""41.24267""","=""3s2.3d""","=""2D""","=""5/2""","=""3s2.6f""","=""2F*""","=""7/2""",6,8,,"=""T6527c4,LS""","=""u24""",
"=""55.4033""","=""55.4027""","=""18g*""","=""4.09e+09""",A,"=""0.117962""","=""22.49671""","=""3s2.3p""","=""2P*""","=""3/2""","=""3s2.4s""","=""2S""","=""1/2""",4,2,,"=""T7477""","=""u24""",
"=""""","=""55.4042+""","=""""","=""1.23e+08""",E,"=""18.86380""","=""41.24193""","=""3s2.3d""","=""2D""","=""5/2""","=""3s2.6f""","=""2F*""","=""5/2""",6,6,,"=""T6527c4,LS""","=""""",
"=""55.4209""","=""55.4209""","=""5""","=""""",,"=""22.95543""","=""45.32681""","=""3p3""","=""2D*""","=""5/2""","=""3s.3p.(3P*).5p""","=""2P""","=""3/2""",6,4,,"=""""","=""u24""",
"=""55.4972""","=""55.4976""","=""4w""","=""""",,"=""22.94392""","=""45.28437""","=""3p3""","=""2D*""","=""3/2""","=""3s.3p.(3P*).5p""","=""2P""","=""1/2""",4,2,,"=""""","=""u24""",
"=""56.3911""","=""56.3908""","=""4bl""","=""3.04e+08""",B,"=""11.66730""","=""33.65389""","=""3s.3p2""","=""2D""","=""3/2""","=""3s.3p.(3P*).4s""","=""2P*""","=""3/2""",4,4,,"=""T7942c84""","=""u24""",
"=""56.4068""","=""56.4058""","=""12""","=""2.79e+09""",B,"=""11.67315""","=""33.65389""","=""3s.3p2""","=""2D""","=""5/2""","=""3s.3p.(3P*).4s""","=""2P*""","=""3/2""",6,4,,"=""T7942c84""","=""u24""",
"=""56.5844""","=""56.5855""","=""5w""","=""2.95e+09""",B,"=""11.66730""","=""33.57823""","=""3s.3p2""","=""2D""","=""3/2""","=""3s.3p.(3P*).4s""","=""2P*""","=""1/2""",4,2,,"=""T7942c84""","=""u24""",
"=""57.0212""","=""57.0201""","=""5""","=""4.01e+08""",D+,"=""16.56672""","=""38.31065""","=""3s.3p2""","=""2P""","=""1/2""","=""3s.3p.(1P*).4s""","=""2P*""","=""3/2""",2,4,,"=""T7262""","=""u24""",
"=""57.0397""","=""57.0387""","=""7""","=""1.82e+09""",D+,"=""16.56672""","=""38.30359""","=""3s.3p2""","=""2P""","=""1/2""","=""3s.3p.(1P*).4s""","=""2P*""","=""1/2""",2,2,,"=""T7262""","=""u24""",
"=""57.2244""","=""57.2243""","=""6""","=""2.20e+09""",D+,"=""16.64431""","=""38.31065""","=""3s.3p2""","=""2P""","=""3/2""","=""3s.3p.(1P*).4s""","=""2P*""","=""3/2""",4,4,,"=""T7262""","=""u24""",
"=""57.2435""","=""57.2430""","=""4""","=""8.90e+08""",D+,"=""16.64431""","=""38.30359""","=""3s.3p2""","=""2P""","=""3/2""","=""3s.3p.(1P*).4s""","=""2P*""","=""1/2""",4,2,,"=""T7262""","=""u24""",
"=""58.4963""","=""58.4960""","=""6""","=""7.62e+08""",B,"=""11.66730""","=""32.86264""","=""3s.3p2""","=""2D""","=""3/2""","=""3s.3p.(3P*).3d""","=""2P*""","=""1/2""",4,2,,"=""u29""","=""u24""",
"=""58.5558""","=""58.5550""","=""3""","=""6.54e+07""",C+,"=""11.66730""","=""32.84128""","=""3s.3p2""","=""2D""","=""3/2""","=""3s.3p.(3P*).3d""","=""2P*""","=""3/2""",4,4,,"=""u29""","=""u24""",
"=""58.5721""","=""58.5712""","=""7""","=""5.55e+08""",B,"=""11.67315""","=""32.84128""","=""3s.3p2""","=""2D""","=""5/2""","=""3s.3p.(3P*).3d""","=""2P*""","=""3/2""",6,4,,"=""u29""","=""u24""",
"=""58.7040""","=""58.7037""","=""2""","=""2.12e+06""",D,"=""8.93609""","=""30.05642""","=""3s.3p2""","=""4P""","=""5/2""","=""3s.3p.(3P*).3d""","=""2F*""","=""7/2""",6,8,,"=""u29""","=""u24""",
"=""""","=""58.7829+""","=""""","=""3.44e+05""",D+,"=""8.86843""","=""29.96032""","=""3s.3p2""","=""4P""","=""3/2""","=""3s.3p.(3P*).3d""","=""2F*""","=""5/2""",4,6,,"=""u29""","=""""",
"=""""","=""58.8358+""","=""""","=""8.17e+04""",D,"=""11.66730""","=""32.74022""","=""3s.3p2""","=""2D""","=""3/2""","=""3s.3p.(3P*).4s""","=""4P*""","=""5/2""",4,6,,"=""u29""","=""""",
"=""""","=""58.8521+""","=""""","=""1.28e+06""",D+,"=""11.67315""","=""32.74022""","=""3s.3p2""","=""2D""","=""5/2""","=""3s.3p.(3P*).4s""","=""4P*""","=""5/2""",6,6,,"=""u29""","=""""",
"=""""","=""58.9720+""","=""""","=""1.55e+05""",D,"=""8.93609""","=""29.96032""","=""3s.3p2""","=""4P""","=""5/2""","=""3s.3p.(3P*).3d""","=""2F*""","=""5/2""",6,6,,"=""u29""","=""""",
"=""""","=""59.0510+""","=""""","=""9.28e+05""",D+,"=""11.66730""","=""32.66340""","=""3s.3p2""","=""2D""","=""3/2""","=""3s.3p.(3P*).4s""","=""4P*""","=""3/2""",4,4,,"=""u29""","=""""",
"=""""","=""59.0675+""","=""""","=""1.99e+06""",D+,"=""11.67315""","=""32.66340""","=""3s.3p2""","=""2D""","=""5/2""","=""3s.3p.(3P*).4s""","=""4P*""","=""3/2""",6,4,,"=""u29""","=""""",
"=""""","=""59.1737+""","=""""","=""1.13e+06""",D+,"=""11.66730""","=""32.61988""","=""3s.3p2""","=""2D""","=""3/2""","=""3s.3p.(3P*).4s""","=""4P*""","=""1/2""",4,2,,"=""u29""","=""""",
"=""""","=""61.1099+""","=""""","=""7.14e+09""",B+,"=""11.66730""","=""31.95601""","=""3s.3p2""","=""2D""","=""3/2""","=""""","=""b 2F*""","=""5/2""",4,6,,"=""u29""","=""""",
"=""""","=""61.1276+""","=""""","=""4.97e+08""",B,"=""11.67315""","=""31.95601""","=""3s.3p2""","=""2D""","=""5/2""","=""""","=""b 2F*""","=""5/2""",6,6,,"=""u29""","=""""",
"=""""","=""61.1768+""","=""""","=""7.71e+09""",B+,"=""11.67315""","=""31.93969""","=""3s.3p2""","=""2D""","=""5/2""","=""""","=""b 2F*""","=""7/2""",6,8,,"=""u29""","=""""",
"=""""","=""61.5545+""","=""""","=""1.59e+06""",D+,"=""8.82570""","=""28.96788""","=""3s.3p2""","=""4P""","=""1/2""","=""3s.3p.(3P*).3d""","=""2D*""","=""3/2""",2,4,,"=""u29""","=""""",
"=""""","=""61.6854+""","=""""","=""1.56e+06""",D+,"=""8.86843""","=""28.96788""","=""3s.3p2""","=""4P""","=""3/2""","=""3s.3p.(3P*).3d""","=""2D*""","=""3/2""",4,4,,"=""u29""","=""""",
"=""""","=""61.6973+""","=""""","=""3.93e+06""",C,"=""8.86843""","=""28.96400""","=""3s.3p2""","=""4P""","=""3/2""","=""3s.3p.(3P*).3d""","=""2D*""","=""5/2""",4,6,,"=""u29""","=""""",
"=""61.8109""","=""61.8098""","=""1w""","=""""",,"=""15.31320""","=""35.37220""","=""3s.3p2""","=""2S""","=""1/2""","=""3s2.5p""","=""2P*""","=""3/2""",2,4,,"=""""","=""u24""",
"=""""","=""61.8937+""","=""""","=""1.01e+05""",D,"=""8.93609""","=""28.96788""","=""3s.3p2""","=""4P""","=""5/2""","=""3s.3p.(3P*).3d""","=""2D*""","=""3/2""",6,4,,"=""u29""","=""""",
"=""""","=""61.9057+""","=""""","=""9.30e+05""",D+,"=""8.93609""","=""28.96400""","=""3s.3p2""","=""4P""","=""5/2""","=""3s.3p.(3P*).3d""","=""2D*""","=""5/2""",6,6,,"=""u29""","=""""",
"=""62.4138""","=""62.4141""","=""2""","=""2.44e+09""",D+,"=""22.95543""","=""42.82019""","=""3p3""","=""2D*""","=""5/2""","=""3s.3p.(3P*).4f""","=""2F""","=""7/2""",6,8,,"=""T6527c4,LS""","=""u24""",
"=""62.4277""","=""62.4281""","=""1""","=""2.28e+09""",D+,"=""22.94392""","=""42.80424""","=""3p3""","=""2D*""","=""3/2""","=""3s.3p.(3P*).4f""","=""2F""","=""5/2""",4,6,,"=""T6527c4,LS""","=""u24""",
"=""""","=""62.4643+""","=""""","=""1.62e+08""",D,"=""22.95543""","=""42.80424""","=""3p3""","=""2D*""","=""5/2""","=""3s.3p.(3P*).4f""","=""2F""","=""5/2""",6,6,,"=""T6527c4,LS""","=""""",
"=""62.8053""","=""62.8050""","=""12""","=""3.73e+09""",D+,"=""18.86211""","=""38.60324""","=""3s2.3d""","=""2D""","=""3/2""","=""3s2.5f""","=""2F*""","=""5/2""",4,6,,"=""T6527c4,LS""","=""u24""",
"=""62.8107""","=""62.8104""","=""12*""","=""2.67e+08""",D,"=""18.86380""","=""38.60324""","=""3s2.3d""","=""2D""","=""5/2""","=""3s2.5f""","=""2F*""","=""5/2""",6,6,,"=""T6527c4,LS""","=""u24""",
"=""62.8107""","=""62.8110""","=""12*""","=""3.99e+09""",D+,"=""18.86380""","=""38.60304""","=""3s2.3d""","=""2D""","=""5/2""","=""3s2.5f""","=""2F*""","=""7/2""",6,8,,"=""T6527c4,LS""","=""u24""",
"=""63.3581""","=""63.3584""","=""2""","=""""",,"=""28.96400""","=""48.53271""","=""3s.3p.(3P*).3d""","=""2D*""","=""5/2""","=""3s.3p.(1P*).4f""","=""2F""","=""7/2""",6,8,,"=""""","=""u24""",
"=""63.3775""","=""63.3773""","=""1""","=""""",,"=""28.96788""","=""48.53075""","=""3s.3p.(3P*).3d""","=""2D*""","=""3/2""","=""3s.3p.(1P*).4f""","=""2F""","=""5/2""",4,6,,"=""""","=""u24""",
"=""63.4586""","=""63.4581""","=""2""","=""""",,"=""15.31320""","=""34.85116""","=""3s.3p2""","=""2S""","=""1/2""","=""3s.3p.(1P*).3d""","=""2D*""","=""3/2""",2,4,,"=""""","=""u24""",
"=""""","=""63.7499+""","=""""","=""2.54e+07""",D,"=""18.86211""","=""38.31065""","=""3s2.3d""","=""2D""","=""3/2""","=""3s.3p.(1P*).4s""","=""2P*""","=""3/2""",4,4,,"=""T7262""","=""""",
"=""63.7553""","=""63.7554""","=""4""","=""2.71e+08""",D+,"=""18.86380""","=""38.31065""","=""3s2.3d""","=""2D""","=""5/2""","=""3s.3p.(1P*).4s""","=""2P*""","=""3/2""",6,4,,"=""T7262""","=""u24""",
"=""63.7728""","=""63.7730""","=""3""","=""3.18e+08""",D,"=""18.86211""","=""38.30359""","=""3s2.3d""","=""2D""","=""3/2""","=""3s.3p.(1P*).4s""","=""2P*""","=""1/2""",4,2,,"=""T7262""","=""u24""",
"=""64.3863""","=""64.3864""","=""2w""","=""""",,"=""22.49671""","=""41.75297""","=""3s2.4s""","=""2S""","=""1/2""","=""3s2.7p""","=""2P*""","=""3/2""",2,4,,"=""""","=""u24""",
"=""64.3950""","=""64.3967""","=""2""","=""""",,"=""22.49671""","=""41.74991""","=""3s2.4s""","=""2S""","=""1/2""","=""3s2.7p""","=""2P*""","=""1/2""",2,2,,"=""""","=""u24""",
"=""64.4459""","=""64.4464""","=""4bl""","=""6.76e+08""",D+,"=""15.31320""","=""34.55153""","=""3s.3p2""","=""2S""","=""1/2""","=""3s.3p.(1P*).3d""","=""2P*""","=""1/2""",2,2,,"=""T7262""","=""u24""",
"=""64.4619""","=""64.4608""","=""4bl""","=""4.98e+08""",D+,"=""15.31320""","=""34.54725""","=""3s.3p2""","=""2S""","=""1/2""","=""3s.3p.(1P*).3d""","=""2P*""","=""3/2""",2,4,,"=""T7262""","=""u24""",
"=""64.9706""","=""64.9700""","=""1""","=""9.96e+06""",E',"=""22.94392""","=""42.02723""","=""3p3""","=""2D*""","=""3/2""","=""3s.3p.(1P*).4p""","=""2D""","=""5/2""",4,6,,"=""T6527c4,LS""","=""u24""",
"=""64.9891""","=""64.9872""","=""1*""","=""""",,"=""26.20612""","=""45.28437""","=""3p3""","=""2P*""","=""3/2""","=""3s.3p.(3P*).5p""","=""2P""","=""1/2""",4,2,,"=""""","=""u24""",
"=""64.9891""","=""64.9913""","=""1*""","=""""",,"=""26.20732""","=""45.28437""","=""3p3""","=""2P*""","=""1/2""","=""3s.3p.(3P*).5p""","=""2P""","=""1/2""",2,2,,"=""""","=""u24""",
"=""65.0085""","=""65.0077""","=""4bl*""","=""1.34e+08""",E,"=""22.94392""","=""42.01615""","=""3p3""","=""2D*""","=""3/2""","=""3s.3p.(1P*).4p""","=""2D""","=""3/2""",4,4,,"=""T6527c4,LS""","=""u24""",
"=""65.0085""","=""65.0092""","=""4bl*""","=""1.39e+08""",D,"=""22.95543""","=""42.02723""","=""3p3""","=""2D*""","=""5/2""","=""3s.3p.(1P*).4p""","=""2D""","=""5/2""",6,6,,"=""T6527c4,LS""","=""u24""",
"=""""","=""65.0470+""","=""""","=""1.49e+07""",E',"=""22.95543""","=""42.01615""","=""3p3""","=""2D*""","=""5/2""","=""3s.3p.(1P*).4p""","=""2D""","=""3/2""",6,4,,"=""T6527c4,LS""","=""""",
"=""65.2525""","=""65.2522""","=""11""","=""3.64e+09""",B+,"=""8.82570""","=""27.82647""","=""3s.3p2""","=""4P""","=""1/2""","=""3s.3p.(3P*).3d""","=""4D*""","=""3/2""",2,4,,"=""u29""","=""u24""",
"=""65.2923""","=""65.2918""","=""11""","=""8.66e+09""",B+,"=""8.82570""","=""27.81495""","=""3s.3p2""","=""4P""","=""1/2""","=""3s.3p.(3P*).3d""","=""4D*""","=""1/2""",2,2,,"=""u29""","=""u24""",
"=""65.3550""","=""65.3549""","=""11""","=""6.63e+09""",B+,"=""8.86843""","=""27.83933""","=""3s.3p2""","=""4P""","=""3/2""","=""3s.3p.(3P*).3d""","=""4D*""","=""5/2""",4,6,,"=""u29""","=""u24""",
"=""65.3993""","=""65.3993""","=""11""","=""6.44e+09""",B+,"=""8.86843""","=""27.82647""","=""3s.3p2""","=""4P""","=""3/2""","=""3s.3p.(3P*).3d""","=""4D*""","=""3/2""",4,4,,"=""u29""","=""u24""",
"=""65.4388""","=""65.4390""","=""10""","=""2.43e+09""",B,"=""8.86843""","=""27.81495""","=""3s.3p2""","=""4P""","=""3/2""","=""3s.3p.(3P*).3d""","=""4D*""","=""1/2""",4,2,,"=""u29""","=""u24""",
"=""65.5549""","=""65.5553""","=""12""","=""1.10e+10""",A,"=""8.93609""","=""27.84900""","=""3s.3p2""","=""4P""","=""5/2""","=""3s.3p.(3P*).3d""","=""4D*""","=""7/2""",6,8,,"=""u29""","=""u24""",
"=""65.5886""","=""65.5889""","=""11""","=""4.35e+09""",B+,"=""8.93609""","=""27.83933""","=""3s.3p2""","=""4P""","=""5/2""","=""3s.3p.(3P*).3d""","=""4D*""","=""5/2""",6,6,,"=""u29""","=""u24""",
"=""65.6335""","=""65.6335""","=""10""","=""9.40e+08""",B,"=""8.93609""","=""27.82647""","=""3s.3p2""","=""4P""","=""5/2""","=""3s.3p.(3P*).3d""","=""4D*""","=""3/2""",6,4,,"=""u29""","=""u24""",
"=""65.7328""","=""65.7319""","=""15g""","=""8.69e+09""",A,"=""0.000000""","=""18.86211""","=""3s2.3p""","=""2P*""","=""1/2""","=""3s2.3d""","=""2D""","=""3/2""",2,4,,"=""T7477""","=""u24""",
"=""65.9285""","=""65.9298""","=""4""","=""""",,"=""16.56672""","=""35.37220""","=""3s.3p2""","=""2P""","=""1/2""","=""3s2.5p""","=""2P*""","=""3/2""",2,4,,"=""""","=""u24""",
"=""66.0035""","=""66.0030""","=""9w*""","=""1.70e+09""",B,"=""8.82570""","=""27.61034""","=""3s.3p2""","=""4P""","=""1/2""","=""3s.3p.(3P*).3d""","=""4P*""","=""1/2""",2,2,,"=""u29""","=""u24""",
"=""66.0035""","=""66.0055""","=""9w*""","=""""",,"=""16.56672""","=""35.35065""","=""3s.3p2""","=""2P""","=""1/2""","=""3s2.5p""","=""2P*""","=""1/2""",2,2,,"=""""","=""u24""",
"=""66.0913""","=""66.0919""","=""10bl""","=""3.71e+09""",B+,"=""8.82570""","=""27.58507""","=""3s.3p2""","=""4P""","=""1/2""","=""3s.3p.(3P*).3d""","=""4P*""","=""3/2""",2,4,,"=""u29""","=""u24""",
"=""66.1443""","=""66.1396""","=""17g*""","=""1.03e+10""",A,"=""0.117962""","=""18.86380""","=""3s2.3p""","=""2P*""","=""3/2""","=""3s2.3d""","=""2D""","=""5/2""",4,6,,"=""T7477""","=""u24""",
"=""66.1443""","=""66.1455""","=""17g*""","=""1.80e+09""",A,"=""0.117962""","=""18.86211""","=""3s2.3p""","=""2P*""","=""3/2""","=""3s2.3d""","=""2D""","=""3/2""",4,4,,"=""T7477""","=""u24""",
"=""66.1527""","=""66.1534""","=""11""","=""4.89e+09""",B+,"=""8.86843""","=""27.61034""","=""3s.3p2""","=""4P""","=""3/2""","=""3s.3p.(3P*).3d""","=""4P*""","=""1/2""",4,2,,"=""u29""","=""u24""",
"=""66.2024""","=""66.2030""","=""1""","=""""",,"=""16.64431""","=""35.37220""","=""3s.3p2""","=""2P""","=""3/2""","=""3s2.5p""","=""2P*""","=""3/2""",4,4,,"=""""","=""u24""",
"=""66.2430""","=""66.2428""","=""3""","=""3.58e+08""",B,"=""8.86843""","=""27.58507""","=""3s.3p2""","=""4P""","=""3/2""","=""3s.3p.(3P*).3d""","=""4P*""","=""3/2""",4,4,,"=""u29""","=""u24""",
"=""66.3696""","=""66.3704""","=""11""","=""3.04e+09""",B+,"=""8.86843""","=""27.54908""","=""3s.3p2""","=""4P""","=""3/2""","=""3s.3p.(3P*).3d""","=""4P*""","=""5/2""",4,6,,"=""u29""","=""u24""",
"=""66.4826""","=""66.4831""","=""10""","=""2.53e+09""",B+,"=""8.93609""","=""27.58507""","=""3s.3p2""","=""4P""","=""5/2""","=""3s.3p.(3P*).3d""","=""4P*""","=""3/2""",6,4,,"=""u29""","=""u24""",
"=""66.6113""","=""66.6116""","=""11""","=""3.49e+09""",B+,"=""8.93609""","=""27.54908""","=""3s.3p2""","=""4P""","=""5/2""","=""3s.3p.(3P*).3d""","=""4P*""","=""5/2""",6,6,,"=""u29""","=""u24""",
"=""66.7661""","=""66.7643""","=""5""","=""""",,"=""29.96032""","=""48.53075""","=""3s.3p.(3P*).3d""","=""2F*""","=""5/2""","=""3s.3p.(1P*).4f""","=""2F""","=""5/2""",6,6,,"=""""","=""u24""",
"=""67.1031""","=""67.1045""","=""3""","=""""",,"=""30.05642""","=""48.53271""","=""3s.3p.(3P*).3d""","=""2F*""","=""7/2""","=""3s.3p.(1P*).4f""","=""2F""","=""7/2""",8,8,,"=""""","=""u24""",
"=""67.2749""","=""67.2747""","=""4""","=""5.86e+09""",D+,"=""25.22369""","=""43.65325""","=""3s.3p.(3P*).3d""","=""4F*""","=""3/2""","=""3s.3p.(3P*).4f""","=""4G""","=""5/2""",4,6,,"=""T6527c4,LS""","=""u24""",
"=""67.2958""","=""67.2959""","=""6""","=""5.88e+09""",D+,"=""25.24725""","=""43.67099""","=""3s.3p.(3P*).3d""","=""4F*""","=""5/2""","=""3s.3p.(3P*).4f""","=""4G""","=""7/2""",6,8,,"=""T6527c4,LS""","=""u24""",
"=""67.3272""","=""67.3271""","=""2""","=""6.24e+09""",D+,"=""25.28116""","=""43.69636""","=""3s.3p.(3P*).3d""","=""4F*""","=""7/2""","=""3s.3p.(3P*).4f""","=""4G""","=""9/2""",8,10,,"=""T6527c4,LS""","=""u24""",
"=""67.3496""","=""67.3484""","=""2""","=""6.82e+09""",C,"=""25.32562""","=""43.73499""","=""3s.3p.(3P*).3d""","=""4F*""","=""9/2""","=""3s.3p.(3P*).4f""","=""4G""","=""11/2""",10,12,,"=""T6527c4,LS""","=""u24""",
"=""67.3605""","=""67.3608""","=""3""","=""9.41e+08""",D,"=""25.24725""","=""43.65325""","=""3s.3p.(3P*).3d""","=""4F*""","=""5/2""","=""3s.3p.(3P*).4f""","=""4G""","=""5/2""",6,6,,"=""T6527c4,LS""","=""u24""",
"=""67.4197""","=""67.4200""","=""3""","=""9.21e+08""",D+,"=""25.28116""","=""43.67099""","=""3s.3p.(3P*).3d""","=""4F*""","=""7/2""","=""3s.3p.(3P*).4f""","=""4G""","=""7/2""",8,8,,"=""T6527c4,LS""","=""u24""",
"=""67.4468""","=""67.4440""","=""6""","=""4.18e+09""",B+,"=""11.67315""","=""30.05642""","=""3s.3p2""","=""2D""","=""5/2""","=""3s.3p.(3P*).3d""","=""2F*""","=""7/2""",6,8,,"=""u29""","=""u24""",
"=""""","=""67.4851+""","=""""","=""3.38e+07""",E,"=""25.28116""","=""43.65325""","=""3s.3p.(3P*).3d""","=""4F*""","=""7/2""","=""3s.3p.(3P*).4f""","=""4G""","=""5/2""",8,6,,"=""T6527c4,LS""","=""""",
"=""67.4902""","=""67.4900""","=""10bl""","=""5.61e+08""",D,"=""25.32562""","=""43.69636""","=""3s.3p.(3P*).3d""","=""4F*""","=""9/2""","=""3s.3p.(3P*).4f""","=""4G""","=""9/2""",10,10,,"=""T6527c4,LS""","=""u24""",
"=""""","=""67.5834+""","=""""","=""2.04e+07""",E,"=""25.32562""","=""43.67099""","=""3s.3p.(3P*).3d""","=""4F*""","=""9/2""","=""3s.3p.(3P*).4f""","=""4G""","=""7/2""",10,8,,"=""T6527c4,LS""","=""""",
"=""67.6008""","=""67.6006""","=""8""","=""2.85e+09""",B+,"=""15.31320""","=""33.65389""","=""3s.3p2""","=""2S""","=""1/2""","=""3s.3p.(3P*).4s""","=""2P*""","=""3/2""",2,4,,"=""T7942c84""","=""u24""",
"=""67.7746""","=""67.7768""","=""12bl""","=""3.84e+09""",B+,"=""11.66730""","=""29.96032""","=""3s.3p2""","=""2D""","=""3/2""","=""3s.3p.(3P*).3d""","=""2F*""","=""5/2""",4,6,,"=""u29""","=""u24""",
"=""67.7987""","=""67.7984""","=""2""","=""3.38e+08""",B,"=""11.67315""","=""29.96032""","=""3s.3p2""","=""2D""","=""5/2""","=""3s.3p.(3P*).3d""","=""2F*""","=""5/2""",6,6,,"=""u29""","=""u24""",
"=""67.8082""","=""67.8086""","=""11bl""","=""1.22e+10""",C,"=""16.56672""","=""34.85116""","=""3s.3p2""","=""2P""","=""1/2""","=""3s.3p.(1P*).3d""","=""2D*""","=""3/2""",2,4,,"=""T7262""","=""u24""",
"=""67.8811""","=""67.8806""","=""4""","=""3.18e+09""",B,"=""15.31320""","=""33.57823""","=""3s.3p2""","=""2S""","=""1/2""","=""3s.3p.(3P*).4s""","=""2P*""","=""1/2""",2,2,,"=""T7942c84""","=""u24""",
"=""68.0339""","=""68.0336""","=""10bl""","=""1.52e+10""",D+,"=""16.64431""","=""34.86827""","=""3s.3p2""","=""2P""","=""3/2""","=""3s.3p.(1P*).3d""","=""2D*""","=""5/2""",4,6,,"=""T7262""","=""u24""",
"=""68.0961""","=""68.0975""","=""12bl""","=""2.95e+09""",C,"=""16.64431""","=""34.85116""","=""3s.3p2""","=""2P""","=""3/2""","=""3s.3p.(1P*).3d""","=""2D*""","=""3/2""",4,4,,"=""T7262""","=""u24""",
"=""68.7097""","=""68.7113""","=""2""","=""7.59e+08""",D,"=""25.22369""","=""43.26792""","=""3s.3p.(3P*).3d""","=""4F*""","=""3/2""","=""3s.3p.(3P*).4f""","=""4F""","=""5/2""",4,6,,"=""T6527c4,LS""","=""u24""",
"=""68.7266""","=""68.7261""","=""7bl""","=""3.40e+09""",D+,"=""25.22369""","=""43.26403""","=""3s.3p.(3P*).3d""","=""4F*""","=""3/2""","=""3s.3p.(3P*).4f""","=""4F""","=""3/2""",4,4,,"=""T6527c4,LS""","=""u24""",
"=""68.7742""","=""68.7721""","=""3bl""","=""4.39e+08""",D,"=""25.24725""","=""43.27551""","=""3s.3p.(3P*).3d""","=""4F*""","=""5/2""","=""3s.3p.(3P*).4f""","=""4F""","=""7/2""",6,8,,"=""T6527c4,LS""","=""u24""",
"=""68.8023""","=""68.8011""","=""7bl""","=""2.92e+09""",D+,"=""25.24725""","=""43.26792""","=""3s.3p.(3P*).3d""","=""4F*""","=""5/2""","=""3s.3p.(3P*).4f""","=""4F""","=""5/2""",6,6,,"=""T6527c4,LS""","=""u24""",
"=""""","=""68.8160+""","=""""","=""1.13e+09""",D,"=""25.24725""","=""43.26403""","=""3s.3p.(3P*).3d""","=""4F*""","=""5/2""","=""3s.3p.(3P*).4f""","=""4F""","=""3/2""",6,4,,"=""T6527c4,LS""","=""""",
"=""68.8549""","=""68.8551""","=""4""","=""""",,"=""25.28116""","=""43.28771""","=""3s.3p.(3P*).3d""","=""4F*""","=""7/2""","=""3s.3p.(3P*).4f""","=""4F""","=""9/2""",8,10,,"=""""","=""u24""",
"=""68.9024""","=""68.9017""","=""5w""","=""3.22e+09""",D+,"=""25.28116""","=""43.27551""","=""3s.3p.(3P*).3d""","=""4F*""","=""7/2""","=""3s.3p.(3P*).4f""","=""4F""","=""7/2""",8,8,,"=""T6527c4,LS""","=""u24""",
"=""""","=""68.9308+""","=""""","=""5.82e+08""",D,"=""25.28116""","=""43.26792""","=""3s.3p.(3P*).3d""","=""4F*""","=""7/2""","=""3s.3p.(3P*).4f""","=""4F""","=""5/2""",8,6,,"=""T6527c4,LS""","=""""",
"=""68.9374""","=""68.9383""","=""7w""","=""4.78e+09""",C,"=""16.56672""","=""34.55153""","=""3s.3p2""","=""2P""","=""1/2""","=""3s.3p.(1P*).3d""","=""2P*""","=""1/2""",2,2,,"=""T7262""","=""u24""",
"=""68.9545""","=""68.9547""","=""8w""","=""1.65e+09""",C,"=""16.56672""","=""34.54725""","=""3s.3p2""","=""2P""","=""1/2""","=""3s.3p.(1P*).3d""","=""2P*""","=""3/2""",2,4,,"=""T7262""","=""u24""",
"=""69.0250""","=""69.0249""","=""7bl*""","=""""",,"=""26.20612""","=""44.16835""","=""3p3""","=""2P*""","=""3/2""","=""3s.3p.(3P*).4f""","=""4D""","=""1/2""",4,2,,"=""""","=""u24""",
"=""69.0250""","=""69.0255""","=""7bl*""","=""3.84e+09""",D+,"=""25.32562""","=""43.28771""","=""3s.3p.(3P*).3d""","=""4F*""","=""9/2""","=""3s.3p.(3P*).4f""","=""4F""","=""9/2""",10,10,,"=""T6527c4,LS""","=""u24""",
"=""69.0250""","=""69.0295""","=""7bl*""","=""""",,"=""26.20732""","=""44.16835""","=""3p3""","=""2P*""","=""1/2""","=""3s.3p.(3P*).4f""","=""4D""","=""1/2""",2,2,,"=""""","=""u24""",
"=""""","=""69.2370+""","=""""","=""2.52e+09""",D+,"=""16.64431""","=""34.55153""","=""3s.3p2""","=""2P""","=""3/2""","=""3s.3p.(1P*).3d""","=""2P*""","=""1/2""",4,2,,"=""T7262""","=""""",
"=""""","=""69.2535+""","=""""","=""5.55e+09""",C,"=""16.64431""","=""34.54725""","=""3s.3p2""","=""2P""","=""3/2""","=""3s.3p.(1P*).3d""","=""2P*""","=""3/2""",4,4,,"=""T7262""","=""""",
"=""""","=""70.1552+""","=""""","=""1.13e+05""",D,"=""8.82570""","=""26.49856""","=""3s.3p2""","=""4P""","=""1/2""","=""3s2.4p""","=""2P*""","=""3/2""",2,4,,"=""u29""","=""""",
"=""""","=""70.2590+""","=""""","=""1.24e+05""",D,"=""8.82570""","=""26.47245""","=""3s.3p2""","=""4P""","=""1/2""","=""3s2.4p""","=""2P*""","=""1/2""",2,2,,"=""u29""","=""""",
"=""""","=""70.3252+""","=""""","=""7.40e+05""",D+,"=""8.86843""","=""26.49856""","=""3s.3p2""","=""4P""","=""3/2""","=""3s2.4p""","=""2P*""","=""3/2""",4,4,,"=""u29""","=""""",
"=""""","=""70.4295+""","=""""","=""1.52e+05""",D,"=""8.86843""","=""26.47245""","=""3s.3p2""","=""4P""","=""3/2""","=""3s2.4p""","=""2P*""","=""1/2""",4,2,,"=""u29""","=""""",
"=""""","=""70.5961+""","=""""","=""6.67e+04""",D,"=""8.93609""","=""26.49856""","=""3s.3p2""","=""4P""","=""5/2""","=""3s2.4p""","=""2P*""","=""3/2""",6,4,,"=""u29""","=""""",
"=""70.6474""","=""70.6485""","=""13bl""","=""6.28e+09""",B+,"=""15.31320""","=""32.86264""","=""3s.3p2""","=""2S""","=""1/2""","=""3s.3p.(3P*).3d""","=""2P*""","=""1/2""",2,2,,"=""u29""","=""u24""",
"=""70.7346""","=""70.7346""","=""10""","=""7.13e+09""",B+,"=""15.31320""","=""32.84128""","=""3s.3p2""","=""2S""","=""1/2""","=""3s.3p.(3P*).3d""","=""2P*""","=""3/2""",2,4,,"=""u29""","=""u24""",
"=""""","=""71.3306+""","=""""","=""1.43e+04""",E',"=""8.82570""","=""26.20732""","=""3s.3p2""","=""4P""","=""1/2""","=""3p3""","=""2P*""","=""1/2""",2,2,,"=""u29""","=""""",
"=""71.3365""","=""71.3356""","=""2w""","=""1.73e+06""",C,"=""8.82570""","=""26.20612""","=""3s.3p2""","=""4P""","=""1/2""","=""3p3""","=""2P*""","=""3/2""",2,4,,"=""u29""","=""u24""",
"=""""","=""71.4598+""","=""""","=""3.31e+05""",D+,"=""15.31320""","=""32.66340""","=""3s.3p2""","=""2S""","=""1/2""","=""3s.3p.(3P*).4s""","=""4P*""","=""3/2""",2,4,,"=""u29""","=""""",
"=""""","=""71.5064+""","=""""","=""5.71e+04""",D,"=""8.86843""","=""26.20732""","=""3s.3p2""","=""4P""","=""3/2""","=""3p3""","=""2P*""","=""1/2""",4,2,,"=""u29""","=""""",
"=""71.5129""","=""71.5114""","=""3""","=""3.00e+06""",C,"=""8.86843""","=""26.20612""","=""3s.3p2""","=""4P""","=""3/2""","=""3p3""","=""2P*""","=""3/2""",4,4,,"=""u29""","=""u24""",
"=""""","=""71.6395+""","=""""","=""1.44e+05""",D,"=""15.31320""","=""32.61988""","=""3s.3p2""","=""2S""","=""1/2""","=""3s.3p.(3P*).4s""","=""4P*""","=""1/2""",2,2,,"=""u29""","=""""",
"=""71.6647""","=""71.6648""","=""12""","=""7.94e+09""",B+,"=""11.66730""","=""28.96788""","=""3s.3p2""","=""2D""","=""3/2""","=""3s.3p.(3P*).3d""","=""2D*""","=""3/2""",4,4,,"=""u29""","=""u24""",
"=""71.6814""","=""71.6808""","=""4""","=""6.40e+08""",B,"=""11.66730""","=""28.96400""","=""3s.3p2""","=""2D""","=""3/2""","=""3s.3p.(3P*).3d""","=""2D*""","=""5/2""",4,6,,"=""u29""","=""u24""",
"=""71.6877""","=""71.6890""","=""4""","=""8.46e+08""",B,"=""11.67315""","=""28.96788""","=""3s.3p2""","=""2D""","=""5/2""","=""3s.3p.(3P*).3d""","=""2D*""","=""3/2""",6,4,,"=""u29""","=""u24""",
"=""71.7055""","=""71.7051""","=""13""","=""8.16e+09""",B+,"=""11.67315""","=""28.96400""","=""3s.3p2""","=""2D""","=""5/2""","=""3s.3p.(3P*).3d""","=""2D*""","=""5/2""",6,6,,"=""u29""","=""u24""",
"=""71.7910""","=""71.7915""","=""1w""","=""2.66e+06""",C,"=""8.93609""","=""26.20612""","=""3s.3p2""","=""4P""","=""5/2""","=""3p3""","=""2P*""","=""3/2""",6,4,,"=""u29""","=""u24""",
"=""72.5592""","=""72.5598""","=""2""","=""6.14e+07""",C+,"=""16.56672""","=""33.65389""","=""3s.3p2""","=""2P""","=""1/2""","=""3s.3p.(3P*).4s""","=""2P*""","=""3/2""",2,4,,"=""T7942c84""","=""u24""",
"=""72.6897""","=""72.6894""","=""2w""","=""""",,"=""26.20732""","=""43.26403""","=""3p3""","=""2P*""","=""1/2""","=""3s.3p.(3P*).4f""","=""4F""","=""3/2""",2,4,,"=""""","=""u24""",
"=""""","=""72.8825+""","=""""","=""1.00e+08""",C+,"=""16.56672""","=""33.57823""","=""3s.3p2""","=""2P""","=""1/2""","=""3s.3p.(3P*).4s""","=""2P*""","=""1/2""",2,2,,"=""T7942c84""","=""""",
"=""72.8899""","=""72.8908""","=""3*""","=""2.18e+08""",B,"=""16.64431""","=""33.65389""","=""3s.3p2""","=""2P""","=""3/2""","=""3s.3p.(3P*).4s""","=""2P*""","=""3/2""",4,4,,"=""T7942c84""","=""u24""",
"=""72.8899""","=""72.8911""","=""3*""","=""2.03e+08""",D,"=""22.49671""","=""39.50623""","=""3s2.4s""","=""2S""","=""1/2""","=""3s2.6p""","=""2P*""","=""3/2""",2,4,,"=""T6527c4,LS""","=""u24""",
"=""72.9069""","=""72.9070""","=""2bl""","=""2.03e+08""",E,"=""22.49671""","=""39.50252""","=""3s2.4s""","=""2S""","=""1/2""","=""3s2.6p""","=""2P*""","=""1/2""",2,2,,"=""T6527c4,LS""","=""u24""",
"=""73.2131""","=""73.2165""","=""5w""","=""7.10e+07""",C+,"=""16.64431""","=""33.57823""","=""3s.3p2""","=""2P""","=""3/2""","=""3s.3p.(3P*).4s""","=""2P*""","=""1/2""",4,2,,"=""T7942c84""","=""u24""",
"=""74.4904""","=""74.4904""","=""16g""","=""1.50e+09""",A,"=""0.000000""","=""16.64431""","=""3s2.3p""","=""2P*""","=""1/2""","=""3s.3p2""","=""2P""","=""3/2""",2,4,,"=""T7477""","=""u24""",
"=""""","=""74.6412+""","=""""","=""2.80e+08""",D,"=""27.54908""","=""44.15977""","=""3s.3p.(3P*).3d""","=""4P*""","=""5/2""","=""3s.3p.(3P*).4f""","=""4D""","=""3/2""",6,4,,"=""T6527c4,LS""","=""""",
"=""""","=""74.7646+""","=""""","=""9.31e+08""",D,"=""27.58507""","=""44.16835""","=""3s.3p.(3P*).3d""","=""4P*""","=""3/2""","=""3s.3p.(3P*).4f""","=""4D""","=""1/2""",4,2,,"=""T6527c4,LS""","=""""",
"=""74.7707""","=""74.7697""","=""3""","=""1.67e+09""",D+,"=""27.54908""","=""44.13123""","=""3s.3p.(3P*).3d""","=""4P*""","=""5/2""","=""3s.3p.(3P*).4f""","=""4D""","=""5/2""",6,6,,"=""T6527c4,LS""","=""u24""",
"=""74.8030""","=""74.8033""","=""3*""","=""2.97e+09""",D+,"=""27.58507""","=""44.15977""","=""3s.3p.(3P*).3d""","=""4P*""","=""3/2""","=""3s.3p.(3P*).4f""","=""4D""","=""3/2""",4,4,,"=""T6527c4,LS""","=""u24""",
"=""74.8397""","=""74.8393""","=""15g""","=""5.47e+09""",A,"=""0.000000""","=""16.56672""","=""3s2.3p""","=""2P*""","=""1/2""","=""3s.3p2""","=""2P""","=""1/2""",2,2,,"=""T7477""","=""u24""",
"=""74.8787""","=""74.8787""","=""3""","=""4.63e+09""",D+,"=""27.61034""","=""44.16835""","=""3s.3p.(3P*).3d""","=""4P*""","=""1/2""","=""3s.3p.(3P*).4f""","=""4D""","=""1/2""",2,2,,"=""T6527c4,LS""","=""u24""",
"=""""","=""74.9175+""","=""""","=""2.31e+09""",D+,"=""27.61034""","=""44.15977""","=""3s.3p.(3P*).3d""","=""4P*""","=""1/2""","=""3s.3p.(3P*).4f""","=""4D""","=""3/2""",2,4,,"=""T6527c4,LS""","=""""",
"=""74.9252""","=""74.9248""","=""5w""","=""5.55e+09""",D+,"=""27.54908""","=""44.09690""","=""3s.3p.(3P*).3d""","=""4P*""","=""5/2""","=""3s.3p.(3P*).4f""","=""4D""","=""7/2""",6,8,,"=""T6527c4,LS""","=""u24""",
"=""74.9323""","=""74.9323""","=""3w""","=""3.88e+09""",D+,"=""27.58507""","=""44.13123""","=""3s.3p.(3P*).3d""","=""4P*""","=""3/2""","=""3s.3p.(3P*).4f""","=""4D""","=""5/2""",4,6,,"=""T6527c4,LS""","=""u24""",
"=""75.0225""","=""75.0221""","=""16g""","=""7.08e+09""",A,"=""0.117962""","=""16.64431""","=""3s2.3p""","=""2P*""","=""3/2""","=""3s.3p2""","=""2P""","=""3/2""",4,4,,"=""T7477""","=""u24""",
"=""75.1030""","=""75.1037""","=""2w""","=""""",,"=""18.86380""","=""35.37220""","=""3s2.3d""","=""2D""","=""5/2""","=""3s2.5p""","=""2P*""","=""3/2""",6,4,,"=""""","=""u24""",
"=""75.1936""","=""75.1942""","=""2""","=""""",,"=""18.86211""","=""35.35065""","=""3s2.3d""","=""2D""","=""3/2""","=""3s2.5p""","=""2P*""","=""1/2""",4,2,,"=""""","=""u24""",
"=""75.3762""","=""75.3760""","=""18g""","=""3.08e+09""",A,"=""0.117962""","=""16.56672""","=""3s2.3p""","=""2P*""","=""3/2""","=""3s.3p2""","=""2P""","=""1/2""",4,2,,"=""T7477""","=""u24""",
"=""75.4966""","=""75.4947""","=""1""","=""""",,"=""26.20612""","=""42.62902""","=""3p3""","=""2P*""","=""3/2""","=""3s.3p.(1P*).4p""","=""2S""","=""1/2""",4,2,,"=""""","=""u24""",
"=""""","=""75.8155+""","=""""","=""5.04e+08""",D,"=""27.81495""","=""44.16835""","=""3s.3p.(3P*).3d""","=""4D*""","=""1/2""","=""3s.3p.(3P*).4f""","=""4D""","=""1/2""",2,2,,"=""T6527c4,LS""","=""""",
"=""""","=""75.8553+""","=""""","=""2.51e+08""",D,"=""27.81495""","=""44.15977""","=""3s.3p.(3P*).3d""","=""4D*""","=""1/2""","=""3s.3p.(3P*).4f""","=""4D""","=""3/2""",2,4,,"=""T6527c4,LS""","=""""",
"=""""","=""75.8690+""","=""""","=""5.03e+08""",D,"=""27.82647""","=""44.16835""","=""3s.3p.(3P*).3d""","=""4D*""","=""3/2""","=""3s.3p.(3P*).4f""","=""4D""","=""1/2""",4,2,,"=""T6527c4,LS""","=""""",
"=""75.9091""","=""75.9088""","=""1""","=""4.02e+08""",D,"=""27.82647""","=""44.15977""","=""3s.3p.(3P*).3d""","=""4D*""","=""3/2""","=""3s.3p.(3P*).4f""","=""4D""","=""3/2""",4,4,,"=""T6527c4,LS""","=""u24""",
"=""""","=""75.9686+""","=""""","=""3.50e+08""",D,"=""27.83933""","=""44.15977""","=""3s.3p.(3P*).3d""","=""4D*""","=""5/2""","=""3s.3p.(3P*).4f""","=""4D""","=""3/2""",6,4,,"=""T6527c4,LS""","=""""",
"=""""","=""76.0417+""","=""""","=""2.33e+08""",D,"=""27.82647""","=""44.13123""","=""3s.3p.(3P*).3d""","=""4D*""","=""3/2""","=""3s.3p.(3P*).4f""","=""4D""","=""5/2""",4,6,,"=""T6527c4,LS""","=""""",
"=""76.0836""","=""76.0829""","=""6""","=""2.39e+09""",B+,"=""16.56672""","=""32.86264""","=""3s.3p2""","=""2P""","=""1/2""","=""3s.3p.(3P*).3d""","=""2P*""","=""1/2""",2,2,,"=""u29""","=""u24""",
"=""""","=""76.1017+""","=""""","=""5.70e+08""",D,"=""27.83933""","=""44.13123""","=""3s.3p.(3P*).3d""","=""4D*""","=""5/2""","=""3s.3p.(3P*).4f""","=""4D""","=""5/2""",6,6,,"=""T6527c4,LS""","=""""",
"=""""","=""76.1469+""","=""""","=""1.89e+08""",D,"=""27.84900""","=""44.13123""","=""3s.3p.(3P*).3d""","=""4D*""","=""7/2""","=""3s.3p.(3P*).4f""","=""4D""","=""5/2""",8,6,,"=""T6527c4,LS""","=""""",
"=""76.1835""","=""76.1828""","=""6""","=""4.79e+08""",B,"=""16.56672""","=""32.84128""","=""3s.3p2""","=""2P""","=""1/2""","=""3s.3p.(3P*).3d""","=""2P*""","=""3/2""",2,4,,"=""u29""","=""u24""",
"=""""","=""76.2624+""","=""""","=""1.41e+08""",D,"=""27.83933""","=""44.09690""","=""3s.3p.(3P*).3d""","=""4D*""","=""5/2""","=""3s.3p.(3P*).4f""","=""4D""","=""7/2""",6,8,,"=""T6527c4,LS""","=""""",
"=""""","=""76.3078+""","=""""","=""8.46e+08""",D+,"=""27.84900""","=""44.09690""","=""3s.3p.(3P*).3d""","=""4D*""","=""7/2""","=""3s.3p.(3P*).4f""","=""4D""","=""7/2""",8,8,,"=""T6527c4,LS""","=""""",
"=""76.4427""","=""76.4469""","=""10bl""","=""1.02e+09""",B,"=""16.64431""","=""32.86264""","=""3s.3p2""","=""2P""","=""3/2""","=""3s.3p.(3P*).3d""","=""2P*""","=""1/2""",4,2,,"=""u29""","=""u24""",
"=""76.5480""","=""76.5478""","=""6""","=""2.54e+09""",B+,"=""16.64431""","=""32.84128""","=""3s.3p2""","=""2P""","=""3/2""","=""3s.3p.(3P*).3d""","=""2P*""","=""3/2""",4,4,,"=""u29""","=""u24""",
"=""76.6489""","=""76.6477""","=""3""","=""1.22e+06""",C,"=""11.67315""","=""27.84900""","=""3s.3p2""","=""2D""","=""5/2""","=""3s.3p.(3P*).3d""","=""4D*""","=""7/2""",6,8,,"=""u29""","=""u24""",
"=""""","=""76.6658+""","=""""","=""1.08e+04""",D,"=""11.66730""","=""27.83933""","=""3s.3p2""","=""2D""","=""3/2""","=""3s.3p.(3P*).3d""","=""4D*""","=""5/2""",4,6,,"=""u29""","=""""",
"=""76.6941""","=""76.6936""","=""2""","=""2.41e+06""",C,"=""11.67315""","=""27.83933""","=""3s.3p2""","=""2D""","=""5/2""","=""3s.3p.(3P*).3d""","=""4D*""","=""5/2""",6,6,,"=""u29""","=""u24""",
"=""76.7261""","=""76.7268""","=""1""","=""1.19e+06""",C,"=""11.66730""","=""27.82647""","=""3s.3p2""","=""2D""","=""3/2""","=""3s.3p.(3P*).3d""","=""4D*""","=""3/2""",4,4,,"=""u29""","=""u24""",
"=""76.7387""","=""76.7392""","=""2""","=""1.08e+09""",D,"=""26.47245""","=""42.62902""","=""3s2.4p""","=""2P*""","=""1/2""","=""3s.3p.(1P*).4p""","=""2S""","=""1/2""",2,2,,"=""T6527c4,LS""","=""u24""",
"=""76.7541""","=""76.7546""","=""3""","=""4.56e+05""",D+,"=""11.67315""","=""27.82647""","=""3s.3p2""","=""2D""","=""5/2""","=""3s.3p.(3P*).3d""","=""4D*""","=""3/2""",6,4,,"=""u29""","=""u24""",
"=""""","=""76.7816+""","=""""","=""9.31e+04""",D,"=""11.66730""","=""27.81495""","=""3s.3p2""","=""2D""","=""3/2""","=""3s.3p.(3P*).3d""","=""4D*""","=""1/2""",4,2,,"=""u29""","=""""",
"=""""","=""76.8634+""","=""""","=""2.15e+09""",D,"=""26.49856""","=""42.62902""","=""3s2.4p""","=""2P*""","=""3/2""","=""3s.3p.(1P*).4p""","=""2S""","=""1/2""",4,2,,"=""T6527c4,LS""","=""""",
"=""77.0240""","=""77.0247""","=""1""","=""7.37e+04""",D,"=""16.56672""","=""32.66340""","=""3s.3p2""","=""2P""","=""1/2""","=""3s.3p.(3P*).4s""","=""4P*""","=""3/2""",2,4,,"=""u29""","=""u24""",
"=""""","=""77.0284+""","=""""","=""2.07e+04""",D,"=""16.64431""","=""32.74022""","=""3s.3p2""","=""2P""","=""3/2""","=""3s.3p.(3P*).4s""","=""4P*""","=""5/2""",4,6,,"=""u29""","=""""",
"=""""","=""77.2335+""","=""""","=""1.25e+04""",E',"=""16.56672""","=""32.61988""","=""3s.3p2""","=""2P""","=""1/2""","=""3s.3p.(3P*).4s""","=""4P*""","=""1/2""",2,2,,"=""u29""","=""""",
"=""""","=""77.3978+""","=""""","=""1.62e+05""",D+,"=""16.64431""","=""32.66340""","=""3s.3p2""","=""2P""","=""3/2""","=""3s.3p.(3P*).4s""","=""4P*""","=""3/2""",4,4,,"=""u29""","=""""",
"=""""","=""77.4603+""","=""""","=""2.25e+08""",D+,"=""18.86211""","=""34.86827""","=""3s2.3d""","=""2D""","=""3/2""","=""3s.3p.(1P*).3d""","=""2D*""","=""5/2""",4,6,,"=""T7262""","=""""",
"=""77.4679""","=""77.4685""","=""9""","=""4.01e+09""",C,"=""18.86380""","=""34.86827""","=""3s2.3d""","=""2D""","=""5/2""","=""3s.3p.(1P*).3d""","=""2D*""","=""5/2""",6,6,,"=""T7262""","=""u24""",
"=""""","=""77.5432+""","=""""","=""4.00e+09""",C,"=""18.86211""","=""34.85116""","=""3s2.3d""","=""2D""","=""3/2""","=""3s.3p.(1P*).3d""","=""2D*""","=""3/2""",4,4,,"=""T7262""","=""""",
"=""""","=""77.5514+""","=""""","=""3.05e+08""",D+,"=""18.86380""","=""34.85116""","=""3s2.3d""","=""2D""","=""5/2""","=""3s.3p.(1P*).3d""","=""2D*""","=""3/2""",6,4,,"=""T7262""","=""""",
"=""""","=""77.6086+""","=""""","=""1.20e+05""",D,"=""16.64431""","=""32.61988""","=""3s.3p2""","=""2P""","=""3/2""","=""3s.3p.(3P*).4s""","=""4P*""","=""1/2""",4,2,,"=""u29""","=""""",
"=""77.7399""","=""77.7400""","=""4w""","=""4.32e+08""",D,"=""26.20612""","=""42.15469""","=""3p3""","=""2P*""","=""3/2""","=""3s.3p.(1P*).4p""","=""2P""","=""3/2""",4,4,,"=""T6527c4,LS""","=""u24""",
"=""""","=""77.7459+""","=""""","=""8.61e+07""",E,"=""26.20732""","=""42.15469""","=""3p3""","=""2P*""","=""1/2""","=""3s.3p.(1P*).4p""","=""2P""","=""3/2""",2,4,,"=""T6527c4,LS""","=""""",
"=""""","=""77.7670+""","=""""","=""1.51e+05""",D,"=""11.66730""","=""27.61034""","=""3s.3p2""","=""2D""","=""3/2""","=""3s.3p.(3P*).3d""","=""4P*""","=""1/2""",4,2,,"=""u29""","=""""",
"=""77.8530""","=""77.8531""","=""1""","=""1.72e+08""",E,"=""26.20612""","=""42.13153""","=""3p3""","=""2P*""","=""3/2""","=""3s.3p.(1P*).4p""","=""2P""","=""1/2""",4,2,,"=""T6527c4,LS""","=""u24""",
"=""77.8584""","=""77.8589""","=""3w""","=""3.43e+08""",D,"=""26.20732""","=""42.13153""","=""3p3""","=""2P*""","=""1/2""","=""3s.3p.(1P*).4p""","=""2P""","=""1/2""",2,2,,"=""T6527c4,LS""","=""u24""",
"=""""","=""77.8904+""","=""""","=""6.09e+05""",D+,"=""11.66730""","=""27.58507""","=""3s.3p2""","=""2D""","=""3/2""","=""3s.3p.(3P*).3d""","=""4P*""","=""3/2""",4,4,,"=""u29""","=""""",
"=""""","=""77.9191+""","=""""","=""2.10e+05""",D+,"=""11.67315""","=""27.58507""","=""3s.3p2""","=""2D""","=""5/2""","=""3s.3p.(3P*).3d""","=""4P*""","=""3/2""",6,4,,"=""u29""","=""""",
"=""78.0679""","=""78.0669""","=""4""","=""6.61e+04""",D,"=""11.66730""","=""27.54908""","=""3s.3p2""","=""2D""","=""3/2""","=""3s.3p.(3P*).3d""","=""4P*""","=""5/2""",4,6,,"=""u29""","=""u24""",
"=""78.0961""","=""78.0957""","=""1""","=""1.38e+06""",C,"=""11.67315""","=""27.54908""","=""3s.3p2""","=""2D""","=""5/2""","=""3s.3p.(3P*).3d""","=""4P*""","=""5/2""",6,6,,"=""u29""","=""u24""",
"=""78.2125""","=""78.2126""","=""3""","=""""",,"=""29.96032""","=""45.81252""","=""3s.3p.(3P*).3d""","=""2F*""","=""5/2""","=""3s.3p.(3P*).5p""","=""2D""","=""5/2""",6,6,,"=""""","=""u24""",
"=""""","=""78.3663+""","=""""","=""3.11e+08""",D,"=""26.20612""","=""42.02723""","=""3p3""","=""2P*""","=""3/2""","=""3s.3p.(1P*).4p""","=""2D""","=""5/2""",4,6,,"=""T6527c4,LS""","=""""",
"=""78.4025""","=""78.4019""","=""6""","=""6.01e+09""",C,"=""22.49671""","=""38.31065""","=""3s2.4s""","=""2S""","=""1/2""","=""3s.3p.(1P*).4s""","=""2P*""","=""3/2""",2,4,,"=""T7262""","=""u24""",
"=""""","=""78.4212+""","=""""","=""5.18e+07""",E,"=""26.20612""","=""42.01615""","=""3p3""","=""2P*""","=""3/2""","=""3s.3p.(1P*).4p""","=""2D""","=""3/2""",4,4,,"=""T6527c4,LS""","=""""",
"=""""","=""78.4272+""","=""""","=""2.59e+08""",D,"=""26.20732""","=""42.01615""","=""3p3""","=""2P*""","=""1/2""","=""3s.3p.(1P*).4p""","=""2D""","=""3/2""",2,4,,"=""T6527c4,LS""","=""""",
"=""78.4370""","=""78.4368""","=""5""","=""6.03e+09""",C,"=""22.49671""","=""38.30359""","=""3s2.4s""","=""2S""","=""1/2""","=""3s.3p.(1P*).4s""","=""2P*""","=""1/2""",2,2,,"=""T7262""","=""u24""",
"=""78.6911""","=""78.6897""","=""6bl""","=""""",,"=""30.05642""","=""45.81252""","=""3s.3p.(3P*).3d""","=""2F*""","=""7/2""","=""3s.3p.(3P*).5p""","=""2D""","=""5/2""",8,6,,"=""""","=""u24""",
"=""79.0231""","=""79.0241""","=""10""","=""5.49e+09""",C,"=""18.86211""","=""34.55153""","=""3s2.3d""","=""2D""","=""3/2""","=""3s.3p.(1P*).3d""","=""2P*""","=""1/2""",4,2,,"=""T7262""","=""u24""",
"=""""","=""79.0456+""","=""""","=""4.47e+08""",D+,"=""18.86211""","=""34.54725""","=""3s2.3d""","=""2D""","=""3/2""","=""3s.3p.(1P*).3d""","=""2P*""","=""3/2""",4,4,,"=""T7262""","=""""",
"=""79.0534""","=""79.0541""","=""9""","=""5.11e+09""",C,"=""18.86380""","=""34.54725""","=""3s2.3d""","=""2D""","=""5/2""","=""3s.3p.(1P*).3d""","=""2P*""","=""3/2""",6,4,,"=""T7262""","=""u24""",
"=""""","=""79.0603+""","=""""","=""8.43e+08""",D,"=""26.47245""","=""42.15469""","=""3s2.4p""","=""2P*""","=""1/2""","=""3s.3p.(1P*).4p""","=""2P""","=""3/2""",2,4,,"=""T6527c4,LS""","=""""",
"=""""","=""79.1772+""","=""""","=""3.36e+09""",D+,"=""26.47245""","=""42.13153""","=""3s2.4p""","=""2P*""","=""1/2""","=""3s.3p.(1P*).4p""","=""2P""","=""1/2""",2,2,,"=""T6527c4,LS""","=""""",
"=""""","=""79.1921+""","=""""","=""4.20e+09""",D+,"=""26.49856""","=""42.15469""","=""3s2.4p""","=""2P*""","=""3/2""","=""3s.3p.(1P*).4p""","=""2P""","=""3/2""",4,4,,"=""T6527c4,LS""","=""""",
"=""""","=""79.3094+""","=""""","=""1.67e+09""",D,"=""26.49856""","=""42.13153""","=""3s2.4p""","=""2P*""","=""3/2""","=""3s.3p.(1P*).4p""","=""2P""","=""1/2""",4,2,,"=""T6527c4,LS""","=""""",
"=""79.7646""","=""79.7649""","=""8w""","=""2.52e+09""",D+,"=""26.47245""","=""42.01615""","=""3s2.4p""","=""2P*""","=""1/2""","=""3s.3p.(1P*).4p""","=""2D""","=""3/2""",2,4,,"=""T6527c4,LS""","=""u24""",
"=""79.8270""","=""79.8267""","=""11""","=""1.32e+09""",B+,"=""8.82570""","=""24.35737""","=""3s.3p2""","=""4P""","=""1/2""","=""3p3""","=""4S*""","=""3/2""",2,4,,"=""u29""","=""u24""",
"=""""","=""79.8421+""","=""""","=""3.01e+09""",D+,"=""26.49856""","=""42.02723""","=""3s2.4p""","=""2P*""","=""3/2""","=""3s.3p.(1P*).4p""","=""2D""","=""5/2""",4,6,,"=""T6527c4,LS""","=""""",
"=""""","=""79.8701+""","=""""","=""3.49e+08""",D,"=""31.66504""","=""47.18827""","=""3s2.4d""","=""2D""","=""3/2""","=""3s.3p.(1P*).4d""","=""2D*""","=""5/2""",4,6,,"=""T6527c4,LS""","=""""",
"=""79.8723""","=""79.8730""","=""3""","=""4.88e+09""",D+,"=""31.66560""","=""47.18827""","=""3s2.4d""","=""2D""","=""5/2""","=""3s.3p.(1P*).4d""","=""2D*""","=""5/2""",6,6,,"=""T6527c4,LS""","=""u24""",
"=""79.8846""","=""79.8846""","=""3""","=""4.70e+09""",D+,"=""31.66504""","=""47.18546""","=""3s2.4d""","=""2D""","=""3/2""","=""3s.3p.(1P*).4d""","=""2D*""","=""3/2""",4,4,,"=""T6527c4,LS""","=""u24""",
"=""""","=""79.8875+""","=""""","=""5.22e+08""",D,"=""31.66560""","=""47.18546""","=""3s2.4d""","=""2D""","=""5/2""","=""3s.3p.(1P*).4d""","=""2D*""","=""3/2""",6,4,,"=""T6527c4,LS""","=""""",
"=""79.8965""","=""79.8991""","=""4bl""","=""5.01e+08""",D,"=""26.49856""","=""42.01615""","=""3s2.4p""","=""2P*""","=""3/2""","=""3s.3p.(1P*).4p""","=""2D""","=""3/2""",4,4,,"=""T6527c4,LS""","=""u24""",
"=""80.0466""","=""80.0469""","=""13""","=""2.62e+09""",B+,"=""8.86843""","=""24.35737""","=""3s.3p2""","=""4P""","=""3/2""","=""3p3""","=""4S*""","=""3/2""",4,4,,"=""u29""","=""u24""",
"=""80.2530""","=""80.2535""","=""3""","=""1.19e+09""",D+,"=""27.81495""","=""43.26403""","=""3s.3p.(3P*).3d""","=""4D*""","=""1/2""","=""3s.3p.(3P*).4f""","=""4F""","=""3/2""",2,4,,"=""T6527c4,LS""","=""u24""",
"=""80.2916""","=""80.2931""","=""2bl""","=""1.27e+09""",D+,"=""27.82647""","=""43.26792""","=""3s.3p.(3P*).3d""","=""4D*""","=""3/2""","=""3s.3p.(3P*).4f""","=""4F""","=""5/2""",4,6,,"=""T6527c4,LS""","=""u24""",
"=""80.3078""","=""80.3074""","=""3bl""","=""1.70e+09""",D+,"=""27.84900""","=""43.28771""","=""3s.3p.(3P*).3d""","=""4D*""","=""7/2""","=""3s.3p.(3P*).4f""","=""4F""","=""9/2""",8,10,,"=""T6527c4,LS""","=""u24""",
"=""""","=""80.3134+""","=""""","=""4.75e+08""",D,"=""27.82647""","=""43.26403""","=""3s.3p.(3P*).3d""","=""4D*""","=""3/2""","=""3s.3p.(3P*).4f""","=""4F""","=""3/2""",4,4,,"=""T6527c4,LS""","=""""",
"=""""","=""80.3205+""","=""""","=""1.45e+09""",D+,"=""27.83933""","=""43.27551""","=""3s.3p.(3P*).3d""","=""4D*""","=""5/2""","=""3s.3p.(3P*).4f""","=""4F""","=""7/2""",6,8,,"=""T6527c4,LS""","=""""",
"=""80.3609""","=""80.3600""","=""1w""","=""4.12e+08""",D,"=""27.83933""","=""43.26792""","=""3s.3p.(3P*).3d""","=""4D*""","=""5/2""","=""3s.3p.(3P*).4f""","=""4F""","=""5/2""",6,6,,"=""T6527c4,LS""","=""u24""",
"=""80.3697""","=""80.3709""","=""1""","=""2.41e+08""",D,"=""27.84900""","=""43.27551""","=""3s.3p.(3P*).3d""","=""4D*""","=""7/2""","=""3s.3p.(3P*).4f""","=""4F""","=""7/2""",8,8,,"=""T6527c4,LS""","=""u24""",
"=""""","=""80.3803+""","=""""","=""3.38e+07""",E,"=""27.83933""","=""43.26403""","=""3s.3p.(3P*).3d""","=""4D*""","=""5/2""","=""3s.3p.(3P*).4f""","=""4F""","=""3/2""",6,4,,"=""T6527c4,LS""","=""""",
"=""80.3980""","=""80.3981""","=""12""","=""3.87e+09""",B+,"=""8.93609""","=""24.35737""","=""3s.3p2""","=""4P""","=""5/2""","=""3p3""","=""4S*""","=""3/2""",6,4,,"=""u29""","=""u24""",
"=""""","=""80.4104+""","=""""","=""1.64e+07""",E,"=""27.84900""","=""43.26792""","=""3s.3p.(3P*).3d""","=""4D*""","=""7/2""","=""3s.3p.(3P*).4f""","=""4F""","=""5/2""",8,6,,"=""T6527c4,LS""","=""""",
"=""80.9659""","=""80.9656""","=""16g""","=""1.20e+09""",A,"=""0.000000""","=""15.31320""","=""3s2.3p""","=""2P*""","=""1/2""","=""3s.3p2""","=""2S""","=""1/2""",2,2,,"=""T7477""","=""u24""",
"=""81.5945""","=""81.5941""","=""15g""","=""1.70e+09""",A,"=""0.117962""","=""15.31320""","=""3s2.3p""","=""2P*""","=""3/2""","=""3s.3p2""","=""2S""","=""1/2""",4,2,,"=""T7477""","=""u24""",
"=""83.5970""","=""83.5965""","=""6bl""","=""1.89e+08""",B,"=""11.66730""","=""26.49856""","=""3s.3p2""","=""2D""","=""3/2""","=""3s2.4p""","=""2P*""","=""3/2""",4,4,,"=""u29""","=""u24""",
"=""83.6293""","=""83.6295""","=""9bl""","=""1.76e+09""",B+,"=""11.67315""","=""26.49856""","=""3s.3p2""","=""2D""","=""5/2""","=""3s2.4p""","=""2P*""","=""3/2""",6,4,,"=""u29""","=""u24""",
"=""""","=""83.7164+""","=""""","=""1.73e+08""",D,"=""26.47245""","=""41.28247""","=""3s2.4p""","=""2P*""","=""1/2""","=""3s2.7s""","=""2S""","=""1/2""",2,2,,"=""T6527c4,LS""","=""""",
"=""83.7440""","=""83.7440""","=""10""","=""2.13e+09""",B+,"=""11.66730""","=""26.47245""","=""3s.3p2""","=""2D""","=""3/2""","=""3s2.4p""","=""2P*""","=""1/2""",4,2,,"=""u29""","=""u24""",
"=""83.8189""","=""83.8197""","=""2""","=""1.12e+08""",B,"=""18.86211""","=""33.65389""","=""3s2.3d""","=""2D""","=""3/2""","=""3s.3p.(3P*).4s""","=""2P*""","=""3/2""",4,4,,"=""T7942c84""","=""u24""",
"=""83.8291""","=""83.8293""","=""6""","=""9.11e+08""",B+,"=""18.86380""","=""33.65389""","=""3s2.3d""","=""2D""","=""5/2""","=""3s.3p.(3P*).4s""","=""2P*""","=""3/2""",6,4,,"=""T7942c84""","=""u24""",
"=""83.8644""","=""83.8643""","=""1""","=""3.45e+08""",D,"=""26.49856""","=""41.28247""","=""3s2.4p""","=""2P*""","=""3/2""","=""3s2.7s""","=""2S""","=""1/2""",4,2,,"=""T6527c4,LS""","=""u24""",
"=""84.2513""","=""84.2506""","=""4""","=""1.01e+09""",B,"=""18.86211""","=""33.57823""","=""3s2.3d""","=""2D""","=""3/2""","=""3s.3p.(3P*).4s""","=""2P*""","=""1/2""",4,2,,"=""T7942c84""","=""u24""",
"=""""","=""84.4417+""","=""""","=""6.98e+06""",E,"=""22.94392""","=""37.62674""","=""3p3""","=""2D*""","=""3/2""","=""3s2.5d""","=""2D""","=""5/2""",4,6,,"=""T6527c4,LS""","=""""",
"=""84.5083""","=""84.5079""","=""2""","=""9.71e+07""",D,"=""22.95543""","=""37.62674""","=""3p3""","=""2D*""","=""5/2""","=""3s2.5d""","=""2D""","=""5/2""",6,6,,"=""T6527c4,LS""","=""u24""",
"=""84.5409""","=""84.5433""","=""3w""","=""9.33e+07""",D,"=""22.94392""","=""37.60909""","=""3p3""","=""2D*""","=""3/2""","=""3s2.5d""","=""2D""","=""3/2""",4,4,,"=""T6527c4,LS""","=""u24""",
"=""""","=""84.6097+""","=""""","=""1.04e+07""",E,"=""22.95543""","=""37.60909""","=""3p3""","=""2D*""","=""5/2""","=""3s2.5d""","=""2D""","=""3/2""",6,4,,"=""T6527c4,LS""","=""""",
"=""85.2719""","=""85.2710""","=""10""","=""1.15e+09""",B,"=""11.66730""","=""26.20732""","=""3s.3p2""","=""2D""","=""3/2""","=""3p3""","=""2P*""","=""1/2""",4,2,,"=""T7942c84""","=""u24""",
"=""""","=""85.2780+""","=""""","=""1.09e+08""",B,"=""11.66730""","=""26.20612""","=""3s.3p2""","=""2D""","=""3/2""","=""3p3""","=""2P*""","=""3/2""",4,4,,"=""T7942c84""","=""""",
"=""85.3124""","=""85.3124""","=""10""","=""1.04e+09""",B+,"=""11.67315""","=""26.20612""","=""3s.3p2""","=""2D""","=""5/2""","=""3p3""","=""2P*""","=""3/2""",6,4,,"=""T7942c84""","=""u24""",
"=""""","=""85.8213+""","=""""","=""1.41e+07""",E,"=""22.94392""","=""37.39071""","=""3p3""","=""2D*""","=""3/2""","=""3s.3p.(3P*).4p""","=""2D""","=""5/2""",4,6,,"=""T6527c4,LS""","=""""",
"=""85.8898""","=""85.8897""","=""4""","=""1.97e+08""",D,"=""22.95543""","=""37.39071""","=""3p3""","=""2D*""","=""5/2""","=""3s.3p.(3P*).4p""","=""2D""","=""5/2""",6,6,,"=""T6527c4,LS""","=""u24""",
"=""""","=""86.1663+""","=""""","=""1.88e+08""",D,"=""22.94392""","=""37.33286""","=""3p3""","=""2D*""","=""3/2""","=""3s.3p.(3P*).4p""","=""2D""","=""3/2""",4,4,,"=""T6527c4,LS""","=""""",
"=""86.2364""","=""86.2353""","=""1""","=""2.09e+07""",E,"=""22.95543""","=""37.33286""","=""3p3""","=""2D*""","=""5/2""","=""3s.3p.(3P*).4p""","=""2D""","=""3/2""",6,4,,"=""T6527c4,LS""","=""u24""",
"=""86.4623""","=""86.4620""","=""1""","=""""",,"=""27.81495""","=""42.15469""","=""3s.3p.(3P*).3d""","=""4D*""","=""1/2""","=""3s.3p.(1P*).4p""","=""2P""","=""3/2""",2,4,,"=""""","=""u24""",
"=""""","=""87.8186+""","=""""","=""2.33e+04""",D,"=""8.82570""","=""22.94392""","=""3s.3p2""","=""4P""","=""1/2""","=""3p3""","=""2D*""","=""3/2""",2,4,,"=""u29""","=""""",
"=""""","=""88.0132+""","=""""","=""2.75e+04""",D,"=""8.86843""","=""22.95543""","=""3s.3p2""","=""4P""","=""3/2""","=""3p3""","=""2D*""","=""5/2""",4,6,,"=""u29""","=""""",
"=""""","=""88.0852+""","=""""","=""2.65e+04""",D,"=""8.86843""","=""22.94392""","=""3s.3p2""","=""4P""","=""3/2""","=""3p3""","=""2D*""","=""3/2""",4,4,,"=""u29""","=""""",
"=""88.3042""","=""88.3048""","=""1w""","=""""",,"=""30.05642""","=""44.09690""","=""3s.3p.(3P*).3d""","=""2F*""","=""7/2""","=""3s.3p.(3P*).4f""","=""4D""","=""7/2""",8,8,,"=""""","=""u24""",
"=""""","=""88.4380+""","=""""","=""1.14e+05""",D+,"=""8.93609""","=""22.95543""","=""3s.3p2""","=""4P""","=""5/2""","=""3p3""","=""2D*""","=""5/2""",6,6,,"=""u29""","=""""",
"=""""","=""88.5106+""","=""""","=""3.17e+04""",D,"=""8.93609""","=""22.94392""","=""3s.3p2""","=""4P""","=""5/2""","=""3p3""","=""2D*""","=""3/2""",6,4,,"=""u29""","=""""",
"=""""","=""88.5568+""","=""""","=""1.00e+04""",E',"=""18.86211""","=""32.86264""","=""3s2.3d""","=""2D""","=""3/2""","=""3s.3p.(3P*).3d""","=""2P*""","=""1/2""",4,2,,"=""u29""","=""""",
"=""""","=""88.6921+""","=""""","=""7.58e+05""",C,"=""18.86211""","=""32.84128""","=""3s2.3d""","=""2D""","=""3/2""","=""3s.3p.(3P*).3d""","=""2P*""","=""3/2""",4,4,,"=""u29""","=""""",
"=""""","=""88.7028+""","=""""","=""1.21e+05""",D+,"=""18.86380""","=""32.84128""","=""3s2.3d""","=""2D""","=""5/2""","=""3s.3p.(3P*).3d""","=""2P*""","=""3/2""",6,4,,"=""u29""","=""""",
"=""88.8068""","=""88.8063""","=""3""","=""""",,"=""25.28116""","=""39.24235""","=""3s.3p.(3P*).3d""","=""4F*""","=""7/2""","=""3p2.(3P).3d""","=""4F""","=""9/2""",8,10,,"=""""","=""u24""",
"=""""","=""88.8493+""","=""""","=""1.74e+08""",D,"=""25.24725""","=""39.20168""","=""3s.3p.(3P*).3d""","=""4F*""","=""5/2""","=""3p2.(3P).3d""","=""4F""","=""7/2""",6,8,,"=""T6527c4,LS""","=""""",
"=""88.9045""","=""88.9049""","=""5""","=""2.99e+08""",D,"=""25.22369""","=""39.16940""","=""3s.3p.(3P*).3d""","=""4F*""","=""3/2""","=""3p2.(3P).3d""","=""4F""","=""5/2""",4,6,,"=""T6527c4,LS""","=""u24""",
"=""89.0540""","=""89.0544""","=""5*""","=""1.34e+09""",D+,"=""25.22369""","=""39.14599""","=""3s.3p.(3P*).3d""","=""4F*""","=""3/2""","=""3p2.(3P).3d""","=""4F""","=""3/2""",4,4,,"=""T6527c4,LS""","=""u24""",
"=""89.0540""","=""89.0554""","=""5*""","=""1.14e+09""",D+,"=""25.24725""","=""39.16940""","=""3s.3p.(3P*).3d""","=""4F*""","=""5/2""","=""3p2.(3P).3d""","=""4F""","=""5/2""",6,6,,"=""T6527c4,LS""","=""u24""",
"=""89.0657""","=""89.0658""","=""5""","=""1.27e+09""",D+,"=""25.28116""","=""39.20168""","=""3s.3p.(3P*).3d""","=""4F*""","=""7/2""","=""3p2.(3P).3d""","=""4F""","=""7/2""",8,8,,"=""T6527c4,LS""","=""u24""",
"=""89.0904""","=""89.0900""","=""8""","=""1.53e+09""",D+,"=""25.32562""","=""39.24235""","=""3s.3p.(3P*).3d""","=""4F*""","=""9/2""","=""3p2.(3P).3d""","=""4F""","=""9/2""",10,10,,"=""T6527c4,LS""","=""u24""",
"=""89.2050""","=""89.2053""","=""4""","=""4.45e+08""",D,"=""25.24725""","=""39.14599""","=""3s.3p.(3P*).3d""","=""4F*""","=""5/2""","=""3p2.(3P).3d""","=""4F""","=""3/2""",6,4,,"=""T6527c4,LS""","=""u24""",
"=""89.2729""","=""89.2728""","=""4""","=""2.29e+08""",D,"=""25.28116""","=""39.16940""","=""3s.3p.(3P*).3d""","=""4F*""","=""7/2""","=""3p2.(3P).3d""","=""4F""","=""5/2""",8,6,,"=""T6527c4,LS""","=""u24""",
"=""""","=""89.3380+""","=""""","=""7.36e+02""",E',"=""18.86211""","=""32.74022""","=""3s2.3d""","=""2D""","=""3/2""","=""3s.3p.(3P*).4s""","=""4P*""","=""5/2""",4,6,,"=""u29""","=""""",
"=""""","=""89.3488+""","=""""","=""1.03e+04""",D,"=""18.86380""","=""32.74022""","=""3s2.3d""","=""2D""","=""5/2""","=""3s.3p.(3P*).4s""","=""4P*""","=""5/2""",6,6,,"=""u29""","=""""",
"=""89.3524""","=""89.3511""","=""4""","=""""",,"=""25.32562""","=""39.20168""","=""3s.3p.(3P*).3d""","=""4F*""","=""9/2""","=""3p2.(3P).3d""","=""4F""","=""7/2""",10,8,,"=""""","=""u24""",
"=""89.4804""","=""89.4793""","=""6bl""","=""3.44e+09""",D+,"=""28.96400""","=""42.82019""","=""3s.3p.(3P*).3d""","=""2D*""","=""5/2""","=""3s.3p.(3P*).4f""","=""2F""","=""7/2""",6,8,,"=""T6527c4,LS""","=""u24""",
"=""""","=""89.5824+""","=""""","=""2.29e+08""",D,"=""28.96400""","=""42.80424""","=""3s.3p.(3P*).3d""","=""2D*""","=""5/2""","=""3s.3p.(3P*).4f""","=""2F""","=""5/2""",6,6,,"=""T6527c4,LS""","=""""",
"=""89.6077""","=""89.6075""","=""2""","=""3.20e+09""",D+,"=""28.96788""","=""42.80424""","=""3s.3p.(3P*).3d""","=""2D*""","=""3/2""","=""3s.3p.(3P*).4f""","=""2F""","=""5/2""",4,6,,"=""T6527c4,LS""","=""u24""",
"=""""","=""89.8352+""","=""""","=""1.30e+05""",D+,"=""18.86211""","=""32.66340""","=""3s2.3d""","=""2D""","=""3/2""","=""3s.3p.(3P*).4s""","=""4P*""","=""3/2""",4,4,,"=""u29""","=""""",
"=""""","=""89.8462+""","=""""","=""8.78e+05""",C,"=""18.86380""","=""32.66340""","=""3s2.3d""","=""2D""","=""5/2""","=""3s.3p.(3P*).4s""","=""4P*""","=""3/2""",6,4,,"=""u29""","=""""",
"=""""","=""90.1194+""","=""""","=""3.98e+05""",D+,"=""18.86211""","=""32.61988""","=""3s2.3d""","=""2D""","=""3/2""","=""3s.3p.(3P*).4s""","=""4P*""","=""1/2""",4,2,,"=""u29""","=""""",
"=""""","=""90.9757+""","=""""","=""1.74e+00""",C+,"=""8.86843""","=""22.49671""","=""3s.3p2""","=""4P""","=""3/2""","=""3s2.4s""","=""2S""","=""1/2""",4,2,E2,"=""u29""","=""""",
"=""""","=""91.1112+""","=""""","=""8.84e+04""",D+,"=""11.67315""","=""25.28116""","=""3s.3p2""","=""2D""","=""5/2""","=""3s.3p.(3P*).3d""","=""4F*""","=""7/2""",6,8,,"=""u29""","=""""",
"=""""","=""91.2994+""","=""""","=""1.46e+04""",D,"=""11.66730""","=""25.24725""","=""3s.3p2""","=""2D""","=""3/2""","=""3s.3p.(3P*).3d""","=""4F*""","=""5/2""",4,6,,"=""u29""","=""""",
"=""""","=""91.3388+""","=""""","=""3.05e+05""",D+,"=""11.67315""","=""25.24725""","=""3s.3p2""","=""2D""","=""5/2""","=""3s.3p.(3P*).3d""","=""4F*""","=""5/2""",6,6,,"=""u29""","=""""",
"=""""","=""91.4296+""","=""""","=""1.58e+01""",B,"=""8.93609""","=""22.49671""","=""3s.3p2""","=""4P""","=""5/2""","=""3s2.4s""","=""2S""","=""1/2""",6,2,E2,"=""u29""","=""""",
"=""""","=""91.4581+""","=""""","=""5.31e+05""",D+,"=""11.66730""","=""25.22369""","=""3s.3p2""","=""2D""","=""3/2""","=""3s.3p.(3P*).3d""","=""4F*""","=""3/2""",4,4,,"=""u29""","=""""",
"=""""","=""91.4976+""","=""""","=""7.41e+04""",D+,"=""11.67315""","=""25.22369""","=""3s.3p2""","=""2D""","=""5/2""","=""3s.3p.(3P*).3d""","=""4F*""","=""3/2""",6,4,,"=""u29""","=""""",
"=""92.3750""","=""92.3740""","=""1""","=""""",,"=""22.94392""","=""36.36590""","=""3p3""","=""2D*""","=""3/2""","=""3s.3p.(3P*).4p""","=""4D""","=""1/2""",4,2,,"=""""","=""u24""",
"=""92.7312""","=""92.7311""","=""1""","=""8.30e+07""",D,"=""22.94392""","=""36.31422""","=""3p3""","=""2D*""","=""3/2""","=""3s.3p.(3P*).4p""","=""2P""","=""3/2""",4,4,,"=""T6527c4,LS""","=""u24""",
"=""92.8110""","=""92.8110""","=""4""","=""7.47e+08""",D+,"=""22.95543""","=""36.31422""","=""3p3""","=""2D*""","=""5/2""","=""3s.3p.(3P*).4p""","=""2P""","=""3/2""",6,4,,"=""T6527c4,LS""","=""u24""",
"=""93.0114""","=""93.0111""","=""3""","=""8.25e+08""",D,"=""22.94392""","=""36.27396""","=""3p3""","=""2D*""","=""3/2""","=""3s.3p.(3P*).4p""","=""2P""","=""1/2""",4,2,,"=""T6527c4,LS""","=""u24""",
"=""93.9951""","=""93.9937""","=""1""","=""3.13e+08""",D,"=""28.96400""","=""42.15469""","=""3s.3p.(3P*).3d""","=""2D*""","=""5/2""","=""3s.3p.(1P*).4p""","=""2P""","=""3/2""",6,4,,"=""T6527c4,LS""","=""u24""",
"=""""","=""94.0214+""","=""""","=""3.47e+07""",E,"=""28.96788""","=""42.15469""","=""3s.3p.(3P*).3d""","=""2D*""","=""3/2""","=""3s.3p.(1P*).4p""","=""2P""","=""3/2""",4,4,,"=""T6527c4,LS""","=""""",
"=""""","=""94.1868+""","=""""","=""3.46e+08""",D,"=""28.96788""","=""42.13153""","=""3s.3p.(3P*).3d""","=""2D*""","=""3/2""","=""3s.3p.(1P*).4p""","=""2P""","=""1/2""",4,2,,"=""T6527c4,LS""","=""""",
"=""""","=""94.6885+""","=""""","=""9.67e+07""",B,"=""18.86211""","=""31.95601""","=""3s2.3d""","=""2D""","=""3/2""","=""""","=""b 2F*""","=""5/2""",4,6,,"=""u29""","=""""",
"=""""","=""94.7007+""","=""""","=""6.35e+06""",C+,"=""18.86380""","=""31.95601""","=""3s2.3d""","=""2D""","=""5/2""","=""""","=""b 2F*""","=""5/2""",6,6,,"=""u29""","=""""",
"=""""","=""94.8189+""","=""""","=""1.12e+08""",B,"=""18.86380""","=""31.93969""","=""3s2.3d""","=""2D""","=""5/2""","=""""","=""b 2F*""","=""7/2""",6,8,,"=""u29""","=""""",
"=""94.9104""","=""94.9108""","=""1""","=""1.07e+08""",D,"=""28.96400""","=""42.02723""","=""3s.3p.(3P*).3d""","=""2D*""","=""5/2""","=""3s.3p.(1P*).4p""","=""2D""","=""5/2""",6,6,,"=""T6527c4,LS""","=""u24""",
"=""""","=""94.9390+""","=""""","=""7.60e+06""",E,"=""28.96788""","=""42.02723""","=""3s.3p.(3P*).3d""","=""2D*""","=""3/2""","=""3s.3p.(1P*).4p""","=""2D""","=""5/2""",4,6,,"=""T6527c4,LS""","=""""",
"=""""","=""94.9914+""","=""""","=""1.14e+07""",E,"=""28.96400""","=""42.01615""","=""3s.3p.(3P*).3d""","=""2D*""","=""5/2""","=""3s.3p.(1P*).4p""","=""2D""","=""3/2""",6,4,,"=""T6527c4,LS""","=""""",
"=""95.0191""","=""95.0196""","=""1""","=""1.03e+08""",D,"=""28.96788""","=""42.01615""","=""3s.3p.(3P*).3d""","=""2D*""","=""3/2""","=""3s.3p.(1P*).4p""","=""2D""","=""3/2""",4,4,,"=""T6527c4,LS""","=""u24""",
"=""96.2955""","=""96.2948""","=""1""","=""1.11e+08""",D,"=""22.49671""","=""35.37220""","=""3s2.4s""","=""2S""","=""1/2""","=""3s2.5p""","=""2P*""","=""3/2""",2,4,,"=""T6527c4,LS""","=""u24""",
"=""""","=""96.4117+""","=""""","=""7.00e+07""",D,"=""29.96032""","=""42.82019""","=""3s.3p.(3P*).3d""","=""2F*""","=""5/2""","=""3s.3p.(3P*).4f""","=""2F""","=""7/2""",6,8,,"=""T6527c4,LS""","=""""",
"=""96.4581""","=""96.4562""","=""1""","=""1.10e+08""",E,"=""22.49671""","=""35.35065""","=""3s2.4s""","=""2S""","=""1/2""","=""3s2.5p""","=""2P*""","=""1/2""",2,2,,"=""T6527c4,LS""","=""u24""",
"=""""","=""96.5314+""","=""""","=""2.28e+09""",D+,"=""29.96032""","=""42.80424""","=""3s.3p.(3P*).3d""","=""2F*""","=""5/2""","=""3s.3p.(3P*).4f""","=""2F""","=""5/2""",6,6,,"=""T6527c4,LS""","=""""",
"=""""","=""97.1376+""","=""""","=""1.85e+09""",D+,"=""30.05642""","=""42.82019""","=""3s.3p.(3P*).3d""","=""2F*""","=""7/2""","=""3s.3p.(3P*).4f""","=""2F""","=""7/2""",8,8,,"=""T6527c4,LS""","=""""",
"=""""","=""97.2591+""","=""""","=""9.10e+07""",D,"=""30.05642""","=""42.80424""","=""3s.3p.(3P*).3d""","=""2F*""","=""7/2""","=""3s.3p.(3P*).4f""","=""2F""","=""5/2""",8,6,,"=""T6527c4,LS""","=""""",
"=""""","=""97.7018+""","=""""","=""3.98e+04""",D,"=""11.66730""","=""24.35737""","=""3s.3p2""","=""2D""","=""3/2""","=""3p3""","=""4S*""","=""3/2""",4,4,,"=""u29""","=""""",
"=""""","=""97.7468+""","=""""","=""2.86e+05""",D+,"=""11.67315""","=""24.35737""","=""3s.3p2""","=""2D""","=""5/2""","=""3p3""","=""4S*""","=""3/2""",6,4,,"=""u29""","=""""",
"=""""","=""99.0822+""","=""""","=""2.83e+04""",D,"=""15.31320""","=""27.82647""","=""3s.3p2""","=""2S""","=""1/2""","=""3s.3p.(3P*).3d""","=""4D*""","=""3/2""",2,4,,"=""u29""","=""""",
"=""""","=""99.1735+""","=""""","=""6.21e+04""",D,"=""15.31320""","=""27.81495""","=""3s.3p2""","=""2S""","=""1/2""","=""3s.3p.(3P*).3d""","=""4D*""","=""1/2""",2,2,,"=""u29""","=""""",
"=""99.9787""","=""99.9779""","=""5""","=""1.55e+08""",B,"=""16.56672""","=""28.96788""","=""3s.3p2""","=""2P""","=""1/2""","=""3s.3p.(3P*).3d""","=""2D*""","=""3/2""",2,4,,"=""u29""","=""u24""",
"=""100.6097""","=""100.6074""","=""3bl""","=""3.29e+07""",C+,"=""16.64431""","=""28.96788""","=""3s.3p2""","=""2P""","=""3/2""","=""3s.3p.(3P*).3d""","=""2D*""","=""3/2""",4,4,,"=""u29""","=""u24""",
"=""100.6403""","=""100.6391""","=""5""","=""1.70e+08""",B,"=""16.64431""","=""28.96400""","=""3s.3p2""","=""2P""","=""3/2""","=""3s.3p.(3P*).3d""","=""2D*""","=""5/2""",4,6,,"=""u29""","=""u24""",
"=""""","=""100.8236+""","=""""","=""1.45e+04""",D,"=""15.31320""","=""27.61034""","=""3s.3p2""","=""2S""","=""1/2""","=""3s.3p.(3P*).3d""","=""4P*""","=""1/2""",2,2,,"=""u29""","=""""",
"=""""","=""101.0312+""","=""""","=""3.34e+04""",D,"=""15.31320""","=""27.58507""","=""3s.3p2""","=""2S""","=""1/2""","=""3s.3p.(3P*).3d""","=""4P*""","=""3/2""",2,4,,"=""u29""","=""""",
"=""102.0551""","=""102.0555""","=""1""","=""3.22e+08""",D,"=""26.47245""","=""38.62115""","=""3s2.4p""","=""2P*""","=""1/2""","=""3s2.6s""","=""2S""","=""1/2""",2,2,,"=""T6527c4,LS""","=""u24""",
"=""102.2761""","=""102.2753""","=""1""","=""6.40e+08""",D,"=""26.49856""","=""38.62115""","=""3s2.4p""","=""2P*""","=""3/2""","=""3s2.6s""","=""2S""","=""1/2""",4,2,,"=""T6527c4,LS""","=""u24""",
"=""102.6757""","=""102.6753""","=""1""","=""4.23e+08""",D,"=""26.20612""","=""38.28149""","=""3p3""","=""2P*""","=""3/2""","=""3s.3p.(3P*).4p""","=""2S""","=""1/2""",4,2,,"=""T6527c4,LS""","=""u24""",
"=""102.6849""","=""102.6855""","=""1""","=""2.11e+08""",D,"=""26.20732""","=""38.28149""","=""3p3""","=""2P*""","=""1/2""","=""3s.3p.(3P*).4p""","=""2S""","=""1/2""",2,2,,"=""T6527c4,LS""","=""u24""",
"=""""","=""102.7473+""","=""""","=""9.29e+06""",E,"=""29.96032""","=""42.02723""","=""3s.3p.(3P*).3d""","=""2F*""","=""5/2""","=""3s.3p.(1P*).4p""","=""2D""","=""5/2""",6,6,,"=""T6527c4,LS""","=""""",
"=""""","=""102.8417+""","=""""","=""1.94e+08""",D,"=""29.96032""","=""42.01615""","=""3s.3p.(3P*).3d""","=""2F*""","=""5/2""","=""3s.3p.(1P*).4p""","=""2D""","=""3/2""",6,4,,"=""T6527c4,LS""","=""""",
"=""""","=""102.8503+""","=""""","=""1.75e+07""",D,"=""22.49671""","=""34.55153""","=""3s2.4s""","=""2S""","=""1/2""","=""3s.3p.(1P*).3d""","=""2P*""","=""1/2""",2,2,,"=""T7262""","=""""",
"=""""","=""102.8868+""","=""""","=""1.95e+07""",D,"=""22.49671""","=""34.54725""","=""3s2.4s""","=""2S""","=""1/2""","=""3s.3p.(1P*).3d""","=""2P*""","=""3/2""",2,4,,"=""T7262""","=""""",
"=""""","=""103.5721+""","=""""","=""1.81e+08""",D,"=""30.05642""","=""42.02723""","=""3s.3p.(3P*).3d""","=""2F*""","=""7/2""","=""3s.3p.(1P*).4p""","=""2D""","=""5/2""",8,6,,"=""T6527c4,LS""","=""""",
"=""106.2656""","=""106.2654""","=""15g*""","=""""",,"=""25.28116""","=""36.94857""","=""3s.3p.(3P*).3d""","=""4F*""","=""7/2""","=""3s.3p.(3P*).4p""","=""4P""","=""5/2""",8,6,,"=""""","=""u24""",
"=""106.2656""","=""106.2664""","=""15g*""","=""1.48e+08""",A,"=""0.000000""","=""11.66730""","=""3s2.3p""","=""2P*""","=""1/2""","=""3s.3p2""","=""2D""","=""3/2""",2,4,,"=""T7477""","=""u24""",
"=""107.2962""","=""107.2974""","=""16g""","=""1.62e+08""",A,"=""0.117962""","=""11.67315""","=""3s2.3p""","=""2P*""","=""3/2""","=""3s.3p2""","=""2D""","=""5/2""",4,6,,"=""T7477""","=""u24""",
"=""107.3508""","=""107.3518""","=""12g""","=""2.26e+07""",B+,"=""0.117962""","=""11.66730""","=""3s2.3p""","=""2P*""","=""3/2""","=""3s.3p2""","=""2D""","=""3/2""",4,4,,"=""T7477""","=""u24""",
"=""108.8212""","=""108.8215""","=""4""","=""2.55e+08""",D+,"=""27.84900""","=""39.24235""","=""3s.3p.(3P*).3d""","=""4D*""","=""7/2""","=""3p2.(3P).3d""","=""4F""","=""9/2""",8,10,,"=""T6527c4,LS""","=""u24""",
"=""109.1180""","=""109.1184""","=""4""","=""2.17e+08""",D+,"=""27.83933""","=""39.20168""","=""3s.3p.(3P*).3d""","=""4D*""","=""5/2""","=""3p2.(3P).3d""","=""4F""","=""7/2""",6,8,,"=""T6527c4,LS""","=""u24""",
"=""""","=""109.2113+""","=""""","=""3.60e+07""",D,"=""27.84900""","=""39.20168""","=""3s.3p.(3P*).3d""","=""4D*""","=""7/2""","=""3p2.(3P).3d""","=""4F""","=""7/2""",8,8,,"=""T6527c4,LS""","=""""",
"=""109.3041""","=""109.3053""","=""3w""","=""1.89e+08""",D,"=""27.82647""","=""39.16940""","=""3s.3p.(3P*).3d""","=""4D*""","=""3/2""","=""3p2.(3P).3d""","=""4F""","=""5/2""",4,6,,"=""T6527c4,LS""","=""u24""",
"=""109.4191""","=""109.4200""","=""3w""","=""1.76e+08""",D,"=""27.81495""","=""39.14599""","=""3s.3p.(3P*).3d""","=""4D*""","=""1/2""","=""3p2.(3P).3d""","=""4F""","=""3/2""",2,4,,"=""T6527c4,LS""","=""u24""",
"=""""","=""109.4293+""","=""""","=""6.13e+07""",D,"=""27.83933""","=""39.16940""","=""3s.3p.(3P*).3d""","=""4D*""","=""5/2""","=""3p2.(3P).3d""","=""4F""","=""5/2""",6,6,,"=""T6527c4,LS""","=""""",
"=""""","=""109.5228+""","=""""","=""2.42e+06""",E',"=""27.84900""","=""39.16940""","=""3s.3p.(3P*).3d""","=""4D*""","=""7/2""","=""3p2.(3P).3d""","=""4F""","=""5/2""",8,6,,"=""T6527c4,LS""","=""""",
"=""109.5310""","=""109.5313""","=""1w*""","=""7.00e+07""",D,"=""27.82647""","=""39.14599""","=""3s.3p.(3P*).3d""","=""4D*""","=""3/2""","=""3p2.(3P).3d""","=""4F""","=""3/2""",4,4,,"=""T6527c4,LS""","=""u24""",
"=""""","=""109.6559+""","=""""","=""4.99e+06""",E,"=""27.83933""","=""39.14599""","=""3s.3p.(3P*).3d""","=""4D*""","=""5/2""","=""3p2.(3P).3d""","=""4F""","=""3/2""",6,4,,"=""T6527c4,LS""","=""""",
"=""109.8357""","=""109.8359""","=""6""","=""1.66e+07""",C+,"=""11.66730""","=""22.95543""","=""3s.3p2""","=""2D""","=""3/2""","=""3p3""","=""2D*""","=""5/2""",4,6,,"=""u29""","=""u24""",
"=""109.8917""","=""109.8929""","=""11""","=""2.30e+08""",B,"=""11.67315""","=""22.95543""","=""3s.3p2""","=""2D""","=""5/2""","=""3p3""","=""2D*""","=""5/2""",6,6,,"=""u29""","=""u24""",
"=""109.9472""","=""109.9480""","=""10""","=""2.11e+08""",B,"=""11.66730""","=""22.94392""","=""3s.3p2""","=""2D""","=""3/2""","=""3p3""","=""2D*""","=""3/2""",4,4,,"=""u29""","=""u24""",
"=""110.0040""","=""110.0051""","=""7""","=""3.14e+07""",C+,"=""11.67315""","=""22.94392""","=""3s.3p2""","=""2D""","=""5/2""","=""3p3""","=""2D*""","=""3/2""",6,4,,"=""u29""","=""u24""",
"=""""","=""110.1128+""","=""""","=""1.85e+04""",D,"=""16.56672""","=""27.82647""","=""3s.3p2""","=""2P""","=""1/2""","=""3s.3p.(3P*).3d""","=""4D*""","=""3/2""",2,4,,"=""u29""","=""""",
"=""""","=""110.3151+""","=""""","=""5.30e+06""",E,"=""25.24725""","=""36.48634""","=""3s.3p.(3P*).3d""","=""4F*""","=""5/2""","=""3s.3p.(3P*).4p""","=""4D""","=""7/2""",6,8,,"=""T6527c4,LS""","=""""",
"=""""","=""110.6490+""","=""""","=""1.03e+08""",D,"=""25.28116""","=""36.48634""","=""3s.3p.(3P*).3d""","=""4F*""","=""7/2""","=""3s.3p.(3P*).4p""","=""4D""","=""7/2""",8,8,,"=""T6527c4,LS""","=""""",
"=""""","=""110.7495+""","=""""","=""3.70e+04""",D+,"=""16.64431""","=""27.83933""","=""3s.3p2""","=""2P""","=""3/2""","=""3s.3p.(3P*).3d""","=""4D*""","=""5/2""",4,6,,"=""u29""","=""""",
"=""""","=""110.7496+""","=""""","=""9.61e+06""",E,"=""25.22369""","=""36.41870""","=""3s.3p.(3P*).3d""","=""4F*""","=""3/2""","=""3s.3p.(3P*).4p""","=""4D""","=""5/2""",4,6,,"=""T6527c4,LS""","=""""",
"=""110.7733""","=""110.7731""","=""4""","=""4.80e+07""",B,"=""18.86380""","=""30.05642""","=""3s2.3d""","=""2D""","=""5/2""","=""3s.3p.(3P*).3d""","=""2F*""","=""7/2""",6,8,,"=""u29""","=""u24""",
"=""110.8449""","=""110.8451""","=""5""","=""6.37e+07""",B,"=""15.31320""","=""26.49856""","=""3s.3p2""","=""2S""","=""1/2""","=""3s2.4p""","=""2P*""","=""3/2""",2,4,,"=""u29""","=""u24""",
"=""""","=""110.8768+""","=""""","=""1.24e+04""",D,"=""16.64431""","=""27.82647""","=""3s.3p2""","=""2P""","=""3/2""","=""3s.3p.(3P*).3d""","=""4D*""","=""3/2""",4,4,,"=""u29""","=""""",
"=""110.9832""","=""110.9831""","=""4""","=""1.74e+08""",D,"=""25.24725""","=""36.41870""","=""3s.3p.(3P*).3d""","=""4F*""","=""5/2""","=""3s.3p.(3P*).4p""","=""4D""","=""5/2""",6,6,,"=""T6527c4,LS""","=""u24""",
"=""""","=""110.9911+""","=""""","=""9.88e+02""",E',"=""16.64431""","=""27.81495""","=""3s.3p2""","=""2P""","=""3/2""","=""3s.3p.(3P*).3d""","=""4D*""","=""1/2""",4,2,,"=""u29""","=""""",
"=""111.0885""","=""111.0861""","=""5*""","=""2.00e+08""",D,"=""25.22369""","=""36.38479""","=""3s.3p.(3P*).3d""","=""4F*""","=""3/2""","=""3s.3p.(3P*).4p""","=""4D""","=""3/2""",4,4,,"=""T6527c4,LS""","=""u24""",
"=""111.0885""","=""111.0898""","=""5*""","=""8.92e+08""",D+,"=""25.32562""","=""36.48634""","=""3s.3p.(3P*).3d""","=""4F*""","=""9/2""","=""3s.3p.(3P*).4p""","=""4D""","=""7/2""",10,8,,"=""T6527c4,LS""","=""u24""",
"=""111.1044""","=""111.1044""","=""3""","=""6.00e+07""",C+,"=""15.31320""","=""26.47245""","=""3s.3p2""","=""2S""","=""1/2""","=""3s2.4p""","=""2P*""","=""1/2""",2,2,,"=""u29""","=""u24""",
"=""111.1246""","=""111.1251""","=""2""","=""2.98e+07""",C+,"=""22.49671""","=""33.65389""","=""3s2.4s""","=""2S""","=""1/2""","=""3s.3p.(3P*).4s""","=""2P*""","=""3/2""",2,4,,"=""T7942c84""","=""u24""",
"=""111.2724""","=""111.2743""","=""3""","=""9.96e+08""",D+,"=""25.22369""","=""36.36590""","=""3s.3p.(3P*).3d""","=""4F*""","=""3/2""","=""3s.3p.(3P*).4p""","=""4D""","=""1/2""",4,2,,"=""T6527c4,LS""","=""u24""",
"=""111.3204""","=""111.3210""","=""7*""","=""8.11e+08""",D+,"=""25.28116""","=""36.41870""","=""3s.3p.(3P*).3d""","=""4F*""","=""7/2""","=""3s.3p.(3P*).4p""","=""4D""","=""5/2""",8,6,,"=""T6527c4,LS""","=""u24""",
"=""111.3204""","=""111.3210""","=""7*""","=""7.99e+08""",D+,"=""25.24725""","=""36.38479""","=""3s.3p.(3P*).3d""","=""4F*""","=""5/2""","=""3s.3p.(3P*).4p""","=""4D""","=""3/2""",6,4,,"=""T6527c4,LS""","=""u24""",
"=""111.4149""","=""111.4147""","=""1w""","=""""",,"=""26.49856""","=""37.62674""","=""3s2.4p""","=""2P*""","=""3/2""","=""3s2.5d""","=""2D""","=""5/2""",4,6,,"=""""","=""u24""",
"=""111.7161""","=""111.7155""","=""4w""","=""4.11e+07""",B,"=""18.86211""","=""29.96032""","=""3s2.3d""","=""2D""","=""3/2""","=""3s.3p.(3P*).3d""","=""2F*""","=""5/2""",4,6,,"=""u29""","=""u24""",
"=""""","=""111.7325+""","=""""","=""4.53e+06""",C+,"=""18.86380""","=""29.96032""","=""3s2.3d""","=""2D""","=""5/2""","=""3s.3p.(3P*).3d""","=""2F*""","=""5/2""",6,6,,"=""u29""","=""""",
"=""111.7934""","=""111.7929""","=""2w""","=""""",,"=""25.22369""","=""36.31422""","=""3s.3p.(3P*).3d""","=""4F*""","=""3/2""","=""3s.3p.(3P*).4p""","=""2P""","=""3/2""",4,4,,"=""""","=""u24""",
"=""111.8823""","=""111.8837""","=""1w""","=""2.14e+07""",C+,"=""22.49671""","=""33.57823""","=""3s2.4s""","=""2S""","=""1/2""","=""3s.3p.(3P*).4s""","=""2P*""","=""1/2""",2,2,,"=""T7942c84""","=""u24""",
"=""""","=""112.5252+""","=""""","=""1.90e+04""",D,"=""16.56672""","=""27.58507""","=""3s.3p2""","=""2P""","=""1/2""","=""3s.3p.(3P*).3d""","=""4P*""","=""3/2""",2,4,,"=""u29""","=""""",
"=""""","=""113.0621+""","=""""","=""2.11e+04""",D,"=""16.64431""","=""27.61034""","=""3s.3p2""","=""2P""","=""3/2""","=""3s.3p.(3P*).3d""","=""4P*""","=""1/2""",4,2,,"=""u29""","=""""",
"=""""","=""113.3232+""","=""""","=""2.77e+03""",E',"=""16.64431""","=""27.58507""","=""3s.3p2""","=""2P""","=""3/2""","=""3s.3p.(3P*).3d""","=""4P*""","=""3/2""",4,4,,"=""u29""","=""""",
"=""""","=""113.6972+""","=""""","=""4.68e+04""",D+,"=""16.64431""","=""27.54908""","=""3s.3p2""","=""2P""","=""3/2""","=""3s.3p.(3P*).3d""","=""4P*""","=""5/2""",4,6,,"=""u29""","=""""",
"=""113.8076""","=""113.8084""","=""2""","=""2.52e+07""",C+,"=""15.31320""","=""26.20732""","=""3s.3p2""","=""2S""","=""1/2""","=""3p3""","=""2P*""","=""1/2""",2,2,,"=""T7942c84""","=""u24""",
"=""113.8210""","=""113.8209""","=""8""","=""3.42e+07""",C+,"=""15.31320""","=""26.20612""","=""3s.3p2""","=""2S""","=""1/2""","=""3p3""","=""2P*""","=""3/2""",2,4,,"=""T7942c84""","=""u24""",
"=""""","=""113.8290+""","=""""","=""5.77e+07""",D,"=""26.49856""","=""37.39071""","=""3s2.4p""","=""2P*""","=""3/2""","=""3s.3p.(3P*).4p""","=""2D""","=""5/2""",4,6,,"=""T6527c4,LS""","=""""",
"=""""","=""113.9509+""","=""""","=""4.26e+08""",D+,"=""31.93969""","=""42.82019""","=""""","=""b 2F*""","=""7/2""","=""3s.3p.(3P*).4f""","=""2F""","=""7/2""",8,8,,"=""T6527c4,LS""","=""""",
"=""""","=""114.1181+""","=""""","=""2.09e+07""",E,"=""31.93969""","=""42.80424""","=""""","=""b 2F*""","=""7/2""","=""3s.3p.(3P*).4f""","=""2F""","=""5/2""",8,6,,"=""T6527c4,LS""","=""""",
"=""""","=""114.1220+""","=""""","=""1.57e+07""",E,"=""31.95601""","=""42.82019""","=""""","=""b 2F*""","=""5/2""","=""3s.3p.(3P*).4f""","=""2F""","=""7/2""",6,8,,"=""T6527c4,LS""","=""""",
"=""114.1619""","=""114.1616""","=""1w""","=""4.76e+07""",D,"=""26.47245""","=""37.33286""","=""3s2.4p""","=""2P*""","=""1/2""","=""3s.3p.(3P*).4p""","=""2D""","=""3/2""",2,4,,"=""T6527c4,LS""","=""u24""",
"=""""","=""114.2898+""","=""""","=""5.11e+08""",D+,"=""31.95601""","=""42.80424""","=""""","=""b 2F*""","=""5/2""","=""3s.3p.(3P*).4f""","=""2F""","=""5/2""",6,6,,"=""T6527c4,LS""","=""""",
"=""""","=""114.4368+""","=""""","=""9.47e+06""",E,"=""26.49856""","=""37.33286""","=""3s2.4p""","=""2P*""","=""3/2""","=""3s.3p.(3P*).4p""","=""2D""","=""3/2""",4,4,,"=""T6527c4,LS""","=""""",
"=""""","=""114.4884+""","=""""","=""9.02e+02""",B+,"=""11.66730""","=""22.49671""","=""3s.3p2""","=""2D""","=""3/2""","=""3s2.4s""","=""2S""","=""1/2""",4,2,E2,"=""u29""","=""""",
"=""""","=""114.5503+""","=""""","=""1.35e+03""",B+,"=""11.67315""","=""22.49671""","=""3s.3p2""","=""2D""","=""5/2""","=""3s2.4s""","=""2S""","=""1/2""",6,2,E2,"=""u29""","=""""",
"=""119.3566""","=""119.3565""","=""1""","=""""",,"=""35.35065""","=""45.73837""","=""3s2.5p""","=""2P*""","=""1/2""","=""3s.3p.(3P*).5p""","=""2D""","=""3/2""",2,4,,"=""""","=""u24""",
"=""""","=""119.6074+""","=""""","=""4.17e+07""",C+,"=""22.49671""","=""32.86264""","=""3s2.4s""","=""2S""","=""1/2""","=""3s.3p.(3P*).3d""","=""2P*""","=""1/2""",2,2,,"=""u29""","=""""",
"=""""","=""119.8544+""","=""""","=""4.11e+07""",B,"=""22.49671""","=""32.84128""","=""3s2.4s""","=""2S""","=""1/2""","=""3s.3p.(3P*).3d""","=""2P*""","=""3/2""",2,4,,"=""u29""","=""""",
"=""121.8085""","=""121.8079""","=""1w""","=""""",,"=""26.20612""","=""36.38479""","=""3p3""","=""2P*""","=""3/2""","=""3s.3p.(3P*).4p""","=""4D""","=""3/2""",4,4,,"=""""","=""u24""",
"=""""","=""121.9514+""","=""""","=""3.49e+05""",C,"=""22.49671""","=""32.66340""","=""3s2.4s""","=""2S""","=""1/2""","=""3s.3p.(3P*).4s""","=""4P*""","=""3/2""",2,4,,"=""u29""","=""""",
"=""122.0471""","=""122.0487""","=""2w""","=""""",,"=""26.20732""","=""36.36590""","=""3p3""","=""2P*""","=""1/2""","=""3s.3p.(3P*).4p""","=""4D""","=""1/2""",2,2,,"=""""","=""u24""",
"=""122.0899""","=""122.0885""","=""1""","=""""",,"=""31.66560""","=""41.82087""","=""3s2.4d""","=""2D""","=""5/2""","=""3s.3p.(3P*).4d""","=""2D*""","=""5/2""",6,6,,"=""""","=""u24""",
"=""""","=""122.4756+""","=""""","=""1.30e+05""",D+,"=""22.49671""","=""32.61988""","=""3s2.4s""","=""2S""","=""1/2""","=""3s.3p.(3P*).4s""","=""4P*""","=""1/2""",2,2,,"=""u29""","=""""",
"=""""","=""122.6583+""","=""""","=""3.73e+07""",D,"=""26.20612""","=""36.31422""","=""3p3""","=""2P*""","=""3/2""","=""3s.3p.(3P*).4p""","=""2P""","=""3/2""",4,4,,"=""T6527c4,LS""","=""""",
"=""122.6703""","=""122.6729""","=""2bl""","=""7.45e+06""",E,"=""26.20732""","=""36.31422""","=""3p3""","=""2P*""","=""1/2""","=""3s.3p.(3P*).4p""","=""2P""","=""3/2""",2,4,,"=""T6527c4,LS""","=""u24""",
"=""122.6868""","=""122.6866""","=""3""","=""2.17e+07""",C+,"=""18.86211""","=""28.96788""","=""3s2.3d""","=""2D""","=""3/2""","=""3s.3p.(3P*).3d""","=""2D*""","=""3/2""",4,4,,"=""u29""","=""u24""",
"=""""","=""122.7071+""","=""""","=""1.84e+06""",C,"=""18.86380""","=""28.96788""","=""3s2.3d""","=""2D""","=""5/2""","=""3s.3p.(3P*).3d""","=""2D*""","=""3/2""",6,4,,"=""u29""","=""""",
"=""""","=""122.7337+""","=""""","=""2.42e+06""",C+,"=""18.86211""","=""28.96400""","=""3s2.3d""","=""2D""","=""3/2""","=""3s.3p.(3P*).3d""","=""2D*""","=""5/2""",4,6,,"=""u29""","=""""",
"=""122.7529""","=""122.7542""","=""7w""","=""2.21e+07""",B,"=""18.86380""","=""28.96400""","=""3s2.3d""","=""2D""","=""5/2""","=""3s.3p.(3P*).3d""","=""2D*""","=""5/2""",6,6,,"=""u29""","=""u24""",
"=""""","=""122.9036+""","=""""","=""7.24e+06""",E,"=""31.66504""","=""41.75297""","=""3s2.4d""","=""2D""","=""3/2""","=""3s2.7p""","=""2P*""","=""3/2""",4,4,,"=""T6527c4,LS""","=""""",
"=""""","=""122.9083+""","=""""","=""1.36e+08""",D,"=""31.93969""","=""42.02723""","=""""","=""b 2F*""","=""7/2""","=""3s.3p.(1P*).4p""","=""2D""","=""5/2""",8,6,,"=""T6527c4,LS""","=""""",
"=""122.9110""","=""122.9104""","=""3w*""","=""6.52e+07""",D,"=""31.66560""","=""41.75297""","=""3s2.4d""","=""2D""","=""5/2""","=""3s2.7p""","=""2P*""","=""3/2""",6,4,,"=""T6527c4,LS""","=""u24""",
"=""122.9414""","=""122.9409""","=""1w""","=""7.24e+07""",D,"=""31.66504""","=""41.74991""","=""3s2.4d""","=""2D""","=""3/2""","=""3s2.7p""","=""2P*""","=""1/2""",4,2,,"=""T6527c4,LS""","=""u24""",
"=""""","=""123.1074+""","=""""","=""6.78e+06""",E,"=""31.95601""","=""42.02723""","=""""","=""b 2F*""","=""5/2""","=""3s.3p.(1P*).4p""","=""2D""","=""5/2""",6,6,,"=""T6527c4,LS""","=""""",
"=""123.1486""","=""123.1488""","=""1""","=""1.48e+07""",E,"=""26.20612""","=""36.27396""","=""3p3""","=""2P*""","=""3/2""","=""3s.3p.(3P*).4p""","=""2P""","=""1/2""",4,2,,"=""T6527c4,LS""","=""u24""",
"=""123.1658""","=""123.1635""","=""1w""","=""2.95e+07""",E,"=""26.20732""","=""36.27396""","=""3p3""","=""2P*""","=""1/2""","=""3s.3p.(3P*).4p""","=""2P""","=""1/2""",2,2,,"=""T6527c4,LS""","=""u24""",
"=""""","=""123.2430+""","=""""","=""1.42e+08""",D,"=""31.95601""","=""42.01615""","=""""","=""b 2F*""","=""5/2""","=""3s.3p.(1P*).4p""","=""2D""","=""3/2""",6,4,,"=""T6527c4,LS""","=""""",
"=""""","=""123.5137+""","=""""","=""8.64e+00""",B,"=""8.82570""","=""18.86380""","=""3s.3p2""","=""4P""","=""1/2""","=""3s2.3d""","=""2D""","=""5/2""",2,6,E2,"=""u29""","=""""",
"=""""","=""123.5344+""","=""""","=""9.70e+00""",B,"=""8.82570""","=""18.86211""","=""3s.3p2""","=""4P""","=""1/2""","=""3s2.3d""","=""2D""","=""3/2""",2,4,E2,"=""u29""","=""""",
"=""""","=""124.0416+""","=""""","=""1.70e-02""",C,"=""8.86843""","=""18.86380""","=""3s.3p2""","=""4P""","=""3/2""","=""3s2.3d""","=""2D""","=""5/2""",4,6,E2,"=""u29""","=""""",
"=""""","=""124.0416+""","=""""","=""1.75e-02""",D,"=""8.86843""","=""18.86380""","=""3s.3p2""","=""4P""","=""3/2""","=""3s2.3d""","=""2D""","=""5/2""",4,6,M1,"=""u29""","=""""",
"=""""","=""124.0626+""","=""""","=""9.02e-03""",D+,"=""8.86843""","=""18.86211""","=""3s.3p2""","=""4P""","=""3/2""","=""3s2.3d""","=""2D""","=""3/2""",4,4,E2,"=""u29""","=""""",
"=""""","=""124.0626+""","=""""","=""3.70e-02""",D+,"=""8.86843""","=""18.86211""","=""3s.3p2""","=""4P""","=""3/2""","=""3s2.3d""","=""2D""","=""3/2""",4,4,M1,"=""u29""","=""""",
"=""124.8345""","=""124.8351""","=""6""","=""7.92e+06""",C+,"=""16.56672""","=""26.49856""","=""3s.3p2""","=""2P""","=""1/2""","=""3s2.4p""","=""2P*""","=""3/2""",2,4,,"=""u29""","=""u24""",
"=""""","=""124.8870+""","=""""","=""1.36e-03""",D+,"=""8.93609""","=""18.86380""","=""3s.3p2""","=""4P""","=""5/2""","=""3s2.3d""","=""2D""","=""5/2""",6,6,E2,"=""u29""","=""""",
"=""""","=""124.8870+""","=""""","=""9.32e-02""",D+,"=""8.93609""","=""18.86380""","=""3s.3p2""","=""4P""","=""5/2""","=""3s2.3d""","=""2D""","=""5/2""",6,6,M1,"=""u29""","=""""",
"=""""","=""124.9082+""","=""""","=""9.44e-03""",D,"=""8.93609""","=""18.86211""","=""3s.3p2""","=""4P""","=""5/2""","=""3s2.3d""","=""2D""","=""3/2""",6,4,M1,"=""u29""","=""""",
"=""125.1653""","=""125.1641""","=""8""","=""5.12e+07""",C+,"=""16.56672""","=""26.47245""","=""3s.3p2""","=""2P""","=""1/2""","=""3s2.4p""","=""2P*""","=""1/2""",2,2,,"=""u29""","=""u24""",
"=""""","=""125.8031+""","=""""","=""3.15e+06""",E,"=""37.33286""","=""47.18827""","=""3s.3p.(3P*).4p""","=""2D""","=""3/2""","=""3s.3p.(1P*).4d""","=""2D*""","=""5/2""",4,6,,"=""T6527c4,LS""","=""""",
"=""125.8173""","=""125.8180""","=""8""","=""4.85e+07""",B,"=""16.64431""","=""26.49856""","=""3s.3p2""","=""2P""","=""3/2""","=""3s2.4p""","=""2P*""","=""3/2""",4,4,,"=""u29""","=""u24""",
"=""""","=""125.8390+""","=""""","=""4.26e+07""",D,"=""37.33286""","=""47.18546""","=""3s.3p.(3P*).4p""","=""2D""","=""3/2""","=""3s.3p.(1P*).4d""","=""2D*""","=""3/2""",4,4,,"=""T6527c4,LS""","=""""",
"=""""","=""125.9776+""","=""""","=""6.09e+06""",E,"=""26.47245""","=""36.31422""","=""3s2.4p""","=""2P*""","=""1/2""","=""3s.3p.(3P*).4p""","=""2P""","=""3/2""",2,4,,"=""T6527c4,LS""","=""""",
"=""126.1523""","=""126.1522""","=""3""","=""1.90e+07""",C+,"=""16.64431""","=""26.47245""","=""3s.3p2""","=""2P""","=""3/2""","=""3s2.4p""","=""2P*""","=""1/2""",4,2,,"=""u29""","=""u24""",
"=""126.3114""","=""126.3127""","=""1""","=""3.03e+07""",D,"=""26.49856""","=""36.31422""","=""3s2.4p""","=""2P*""","=""3/2""","=""3s.3p.(3P*).4p""","=""2P""","=""3/2""",4,4,,"=""T6527c4,LS""","=""u24""",
"=""""","=""126.4950+""","=""""","=""2.41e+07""",E,"=""26.47245""","=""36.27396""","=""3s2.4p""","=""2P*""","=""1/2""","=""3s.3p.(3P*).4p""","=""2P""","=""1/2""",2,2,,"=""T6527c4,LS""","=""""",
"=""""","=""126.5459+""","=""""","=""4.33e+07""",D,"=""37.39071""","=""47.18827""","=""3s.3p.(3P*).4p""","=""2D""","=""5/2""","=""3s.3p.(1P*).4d""","=""2D*""","=""5/2""",6,6,,"=""T6527c4,LS""","=""""",
"=""""","=""126.5823+""","=""""","=""4.64e+06""",E,"=""37.39071""","=""47.18546""","=""3s.3p.(3P*).4p""","=""2D""","=""5/2""","=""3s.3p.(1P*).4d""","=""2D*""","=""3/2""",6,4,,"=""T6527c4,LS""","=""""",
"=""126.7388""","=""126.7392""","=""4""","=""""",,"=""27.82647""","=""37.60909""","=""3s.3p.(3P*).3d""","=""4D*""","=""3/2""","=""3s2.5d""","=""2D""","=""3/2""",4,4,,"=""""","=""u24""",
"=""""","=""126.8329+""","=""""","=""1.19e+07""",E,"=""26.49856""","=""36.27396""","=""3s2.4p""","=""2P*""","=""3/2""","=""3s.3p.(3P*).4p""","=""2P""","=""1/2""",4,2,,"=""T6527c4,LS""","=""""",
"=""128.6050""","=""128.6063""","=""7""","=""1.40e+08""",B,"=""16.56672""","=""26.20732""","=""3s.3p2""","=""2P""","=""1/2""","=""3p3""","=""2P*""","=""1/2""",2,2,,"=""T7942c84""","=""u24""",
"=""128.6221""","=""128.6223""","=""3""","=""2.93e+07""",B,"=""16.56672""","=""26.20612""","=""3s.3p2""","=""2P""","=""1/2""","=""3p3""","=""2P*""","=""3/2""",2,4,,"=""T7942c84""","=""u24""",
"=""129.4592""","=""129.4594""","=""7*""","=""3.58e+08""",D+,"=""31.66560""","=""41.24267""","=""3s2.4d""","=""2D""","=""5/2""","=""3s2.6f""","=""2F*""","=""7/2""",6,8,,"=""T6527c4,LS""","=""u24""",
"=""129.4592""","=""129.4619""","=""7*""","=""3.34e+08""",D+,"=""31.66504""","=""41.24193""","=""3s2.4d""","=""2D""","=""3/2""","=""3s2.6f""","=""2F*""","=""5/2""",4,6,,"=""T6527c4,LS""","=""u24""",
"=""""","=""129.4694+""","=""""","=""2.39e+07""",D,"=""31.66560""","=""41.24193""","=""3s2.4d""","=""2D""","=""5/2""","=""3s2.6f""","=""2F*""","=""5/2""",6,6,,"=""T6527c4,LS""","=""""",
"=""129.5837""","=""129.5824""","=""4""","=""3.66e+08""",D+,"=""27.54908""","=""37.11706""","=""3s.3p.(3P*).3d""","=""4P*""","=""5/2""","=""3s.3p.(3P*).4p""","=""4S""","=""3/2""",6,4,,"=""T6527c4,LS""","=""u24""",
"=""129.6491""","=""129.6497""","=""5""","=""6.58e+07""",B,"=""16.64431""","=""26.20732""","=""3s.3p2""","=""2P""","=""3/2""","=""3p3""","=""2P*""","=""1/2""",4,2,,"=""T7942c84""","=""u24""",
"=""129.6659""","=""129.6660""","=""8""","=""1.61e+08""",B,"=""16.64431""","=""26.20612""","=""3s.3p2""","=""2P""","=""3/2""","=""3p3""","=""2P*""","=""3/2""",4,4,,"=""T7942c84""","=""u24""",
"=""130.0718""","=""130.0717""","=""7""","=""2.41e+08""",D+,"=""27.58507""","=""37.11706""","=""3s.3p.(3P*).3d""","=""4P*""","=""3/2""","=""3s.3p.(3P*).4p""","=""4S""","=""3/2""",4,4,,"=""T6527c4,LS""","=""u24""",
"=""130.4177""","=""130.4174""","=""4""","=""1.20e+08""",D,"=""27.61034""","=""37.11706""","=""3s.3p.(3P*).3d""","=""4P*""","=""1/2""","=""3s.3p.(3P*).4p""","=""4S""","=""3/2""",2,4,,"=""T6527c4,LS""","=""u24""",
"=""131.9036""","=""131.9052""","=""6""","=""1.96e+08""",D+,"=""27.54908""","=""36.94857""","=""3s.3p.(3P*).3d""","=""4P*""","=""5/2""","=""3s.3p.(3P*).4p""","=""4P""","=""5/2""",6,6,,"=""T6527c4,LS""","=""u24""",
"=""132.4117""","=""132.4123""","=""3""","=""8.29e+07""",D,"=""27.58507""","=""36.94857""","=""3s.3p.(3P*).3d""","=""4P*""","=""3/2""","=""3s.3p.(3P*).4p""","=""4P""","=""5/2""",4,6,,"=""T6527c4,LS""","=""u24""",
"=""""","=""132.6358+""","=""""","=""1.24e+08""",D,"=""27.54908""","=""36.89679""","=""3s.3p.(3P*).3d""","=""4P*""","=""5/2""","=""3s.3p.(3P*).4p""","=""4P""","=""3/2""",6,4,,"=""T6527c4,LS""","=""""",
"=""""","=""133.149+""","=""""","=""3.62e+07""",D,"=""27.58507""","=""36.89679""","=""3s.3p.(3P*).3d""","=""4P*""","=""3/2""","=""3s.3p.(3P*).4p""","=""4P""","=""3/2""",4,4,,"=""T6527c4,LS""","=""""",
"=""133.4961""","=""133.4962""","=""4""","=""2.25e+08""",D,"=""27.58507""","=""36.87254""","=""3s.3p.(3P*).3d""","=""4P*""","=""3/2""","=""3s.3p.(3P*).4p""","=""4P""","=""1/2""",4,2,,"=""T6527c4,LS""","=""u24""",
"=""133.5109""","=""133.5108""","=""3""","=""1.12e+08""",D,"=""27.61034""","=""36.89679""","=""3s.3p.(3P*).3d""","=""4P*""","=""1/2""","=""3s.3p.(3P*).4p""","=""4P""","=""3/2""",2,4,,"=""T6527c4,LS""","=""u24""",
"=""133.8621""","=""133.8604""","=""3""","=""4.47e+07""",D,"=""27.61034""","=""36.87254""","=""3s.3p.(3P*).3d""","=""4P*""","=""1/2""","=""3s.3p.(3P*).4p""","=""4P""","=""1/2""",2,2,,"=""T6527c4,LS""","=""u24""",
"=""135.9162""","=""135.9163""","=""1""","=""1.16e+07""",E,"=""27.82647""","=""36.94857""","=""3s.3p.(3P*).3d""","=""4D*""","=""3/2""","=""3s.3p.(3P*).4p""","=""4P""","=""5/2""",4,6,,"=""T6527c4,LS""","=""u24""",
"=""136.1081""","=""136.1081""","=""3""","=""1.04e+08""",D,"=""27.83933""","=""36.94857""","=""3s.3p.(3P*).3d""","=""4D*""","=""5/2""","=""3s.3p.(3P*).4p""","=""4P""","=""5/2""",6,6,,"=""T6527c4,LS""","=""u24""",
"=""136.2531""","=""136.2528""","=""8""","=""4.59e+08""",D+,"=""27.84900""","=""36.94857""","=""3s.3p.(3P*).3d""","=""4D*""","=""7/2""","=""3s.3p.(3P*).4p""","=""4P""","=""5/2""",8,6,,"=""T6527c4,LS""","=""u24""",
"=""136.5192""","=""136.5188""","=""4""","=""2.86e+07""",D,"=""27.81495""","=""36.89679""","=""3s.3p.(3P*).3d""","=""4D*""","=""1/2""","=""3s.3p.(3P*).4p""","=""4P""","=""3/2""",2,4,,"=""T6527c4,LS""","=""u24""",
"=""136.6921""","=""136.6921""","=""7""","=""1.82e+08""",D,"=""27.82647""","=""36.89679""","=""3s.3p.(3P*).3d""","=""4D*""","=""3/2""","=""3s.3p.(3P*).4p""","=""4P""","=""3/2""",4,4,,"=""T6527c4,LS""","=""u24""",
"=""136.8843""","=""136.8843""","=""8*""","=""2.83e+08""",D,"=""27.81495""","=""36.87254""","=""3s.3p.(3P*).3d""","=""4D*""","=""1/2""","=""3s.3p.(3P*).4p""","=""4P""","=""1/2""",2,2,,"=""T6527c4,LS""","=""u24""",
"=""136.8843""","=""136.8862""","=""8*""","=""3.57e+08""",D+,"=""27.83933""","=""36.89679""","=""3s.3p.(3P*).3d""","=""4D*""","=""5/2""","=""3s.3p.(3P*).4p""","=""4P""","=""3/2""",6,4,,"=""T6527c4,LS""","=""u24""",
"=""""","=""136.987+""","=""""","=""3.39e+07""",E,"=""33.57823""","=""42.62902""","=""3s.3p.(3P*).4s""","=""2P*""","=""1/2""","=""3s.3p.(1P*).4p""","=""2S""","=""1/2""",2,2,,"=""T6527c4,LS""","=""""",
"=""137.0585""","=""137.0586""","=""6""","=""2.82e+08""",D,"=""27.82647""","=""36.87254""","=""3s.3p.(3P*).3d""","=""4D*""","=""3/2""","=""3s.3p.(3P*).4p""","=""4P""","=""1/2""",4,2,,"=""T6527c4,LS""","=""u24""",
"=""""","=""137.088+""","=""""","=""1.65e+04""",D,"=""15.31320""","=""24.35737""","=""3s.3p2""","=""2S""","=""1/2""","=""3p3""","=""4S*""","=""3/2""",2,4,,"=""u29""","=""""",
"=""""","=""137.987+""","=""""","=""1.52e+04""",D+,"=""18.86380""","=""27.84900""","=""3s2.3d""","=""2D""","=""5/2""","=""3s.3p.(3P*).3d""","=""4D*""","=""7/2""",6,8,,"=""u29""","=""""",
"=""""","=""138.110+""","=""""","=""2.82e+03""",D,"=""18.86211""","=""27.83933""","=""3s2.3d""","=""2D""","=""3/2""","=""3s.3p.(3P*).3d""","=""4D*""","=""5/2""",4,6,,"=""u29""","=""""",
"=""""","=""138.142+""","=""""","=""6.62e+07""",D,"=""33.65389""","=""42.62902""","=""3s.3p.(3P*).4s""","=""2P*""","=""3/2""","=""3s.3p.(1P*).4p""","=""2S""","=""1/2""",4,2,,"=""T6527c4,LS""","=""""",
"=""""","=""138.308+""","=""""","=""1.94e+03""",D,"=""18.86211""","=""27.82647""","=""3s2.3d""","=""2D""","=""3/2""","=""3s.3p.(3P*).3d""","=""4D*""","=""3/2""",4,4,,"=""u29""","=""""",
"=""""","=""138.334+""","=""""","=""1.08e+04""",D,"=""18.86380""","=""27.82647""","=""3s2.3d""","=""2D""","=""5/2""","=""3s.3p.(3P*).3d""","=""4D*""","=""3/2""",6,4,,"=""u29""","=""""",
"=""""","=""138.486+""","=""""","=""2.87e+04""",D,"=""18.86211""","=""27.81495""","=""3s2.3d""","=""2D""","=""3/2""","=""3s.3p.(3P*).3d""","=""4D*""","=""1/2""",4,2,,"=""u29""","=""""",
"=""139.8045""","=""139.8040""","=""1g""","=""1.22e+03""",D+,"=""0.000000""","=""8.86843""","=""3s2.3p""","=""2P*""","=""1/2""","=""3s.3p2""","=""4P""","=""3/2""",2,4,,"=""u29""","=""u24""",
"=""140.3553""","=""140.3548""","=""1""","=""""",,"=""27.58507""","=""36.41870""","=""3s.3p.(3P*).3d""","=""4P*""","=""3/2""","=""3s.3p.(3P*).4p""","=""4D""","=""5/2""",4,6,,"=""""","=""u24""",
"=""140.4808""","=""140.4808""","=""3g""","=""5.73e+04""",C+,"=""0.000000""","=""8.82570""","=""3s2.3p""","=""2P*""","=""1/2""","=""3s.3p2""","=""4P""","=""1/2""",2,2,,"=""u29""","=""u24""",
"=""140.6009""","=""140.6016""","=""6g""","=""4.54e+04""",C+,"=""0.117962""","=""8.93609""","=""3s2.3p""","=""2P*""","=""3/2""","=""3s.3p2""","=""4P""","=""5/2""",4,6,,"=""u29""","=""u24""",
"=""141.3023""","=""141.3014""","=""1""","=""""",,"=""27.61034""","=""36.38479""","=""3s.3p.(3P*).3d""","=""4P*""","=""1/2""","=""3s.3p.(3P*).4p""","=""4D""","=""3/2""",2,4,,"=""""","=""u24""",
"=""141.6063""","=""141.6062""","=""5""","=""""",,"=""27.61034""","=""36.36590""","=""3s.3p.(3P*).3d""","=""4P*""","=""1/2""","=""3s.3p.(3P*).4p""","=""4D""","=""1/2""",2,2,,"=""""","=""u24""",
"=""""","=""141.6887+""","=""""","=""1.64e+04""",C,"=""0.117962""","=""8.86843""","=""3s2.3p""","=""2P*""","=""3/2""","=""3s.3p2""","=""4P""","=""3/2""",4,4,,"=""u29""","=""""",
"=""""","=""141.725+""","=""""","=""1.63e+03""",E',"=""18.86211""","=""27.61034""","=""3s2.3d""","=""2D""","=""3/2""","=""3s.3p.(3P*).3d""","=""4P*""","=""1/2""",4,2,,"=""u29""","=""""",
"=""""","=""142.136+""","=""""","=""8.68e+03""",D,"=""18.86211""","=""27.58507""","=""3s2.3d""","=""2D""","=""3/2""","=""3s.3p.(3P*).3d""","=""4P*""","=""3/2""",4,4,,"=""u29""","=""""",
"=""""","=""142.163+""","=""""","=""7.92e+02""",E',"=""18.86380""","=""27.58507""","=""3s2.3d""","=""2D""","=""5/2""","=""3s.3p.(3P*).3d""","=""4P*""","=""3/2""",6,4,,"=""u29""","=""""",
"=""142.1654""","=""142.1654""","=""1""","=""""",,"=""22.94392""","=""31.66504""","=""3p3""","=""2D*""","=""3/2""","=""3s2.4d""","=""2D""","=""3/2""",4,4,,"=""""","=""u24""",
"=""142.3845""","=""142.3839""","=""6gl""","=""4.45e+04""",C+,"=""0.117962""","=""8.82570""","=""3s2.3p""","=""2P*""","=""3/2""","=""3s.3p2""","=""4P""","=""1/2""",4,2,,"=""u29""","=""u24""",
"=""142.4467""","=""142.4471""","=""2w""","=""""",,"=""27.61034""","=""36.31422""","=""3s.3p.(3P*).3d""","=""4P*""","=""1/2""","=""3s.3p.(3P*).4p""","=""2P""","=""3/2""",2,4,,"=""""","=""u24""",
"=""""","=""142.724+""","=""""","=""2.06e+03""",D,"=""18.86211""","=""27.54908""","=""3s2.3d""","=""2D""","=""3/2""","=""3s.3p.(3P*).3d""","=""4P*""","=""5/2""",4,6,,"=""u29""","=""""",
"=""""","=""142.752+""","=""""","=""3.35e+04""",D+,"=""18.86380""","=""27.54908""","=""3s2.3d""","=""2D""","=""5/2""","=""3s.3p.(3P*).3d""","=""4P*""","=""5/2""",6,6,,"=""u29""","=""""",
"=""143.1070""","=""143.1090""","=""1""","=""""",,"=""27.61034""","=""36.27396""","=""3s.3p.(3P*).3d""","=""4P*""","=""1/2""","=""3s.3p.(3P*).4p""","=""2P""","=""1/2""",2,2,,"=""""","=""u24""",
"=""""","=""143.124+""","=""""","=""2.32e+07""",D,"=""28.96400""","=""37.62674""","=""3s.3p.(3P*).3d""","=""2D*""","=""5/2""","=""3s2.5d""","=""2D""","=""5/2""",6,6,,"=""T6527c4,LS""","=""""",
"=""""","=""143.188+""","=""""","=""1.65e+06""",E,"=""28.96788""","=""37.62674""","=""3s.3p.(3P*).3d""","=""2D*""","=""3/2""","=""3s2.5d""","=""2D""","=""5/2""",4,6,,"=""T6527c4,LS""","=""""",
"=""""","=""143.384+""","=""""","=""1.41e+07""",D,"=""27.83933""","=""36.48634""","=""3s.3p.(3P*).3d""","=""4D*""","=""5/2""","=""3s.3p.(3P*).4p""","=""4D""","=""7/2""",6,8,,"=""T6527c4,LS""","=""""",
"=""""","=""143.416+""","=""""","=""2.47e+06""",E,"=""28.96400""","=""37.60909""","=""3s.3p.(3P*).3d""","=""2D*""","=""5/2""","=""3s2.5d""","=""2D""","=""3/2""",6,4,,"=""T6527c4,LS""","=""""",
"=""""","=""143.480+""","=""""","=""2.22e+07""",D,"=""28.96788""","=""37.60909""","=""3s.3p.(3P*).3d""","=""2D*""","=""3/2""","=""3s2.5d""","=""2D""","=""3/2""",4,4,,"=""T6527c4,LS""","=""""",
"=""143.5445""","=""143.5443""","=""7""","=""8.45e+07""",D,"=""27.84900""","=""36.48634""","=""3s.3p.(3P*).3d""","=""4D*""","=""7/2""","=""3s.3p.(3P*).4p""","=""4D""","=""7/2""",8,8,,"=""T6527c4,LS""","=""u24""",
"=""144.2977""","=""144.2981""","=""4""","=""2.26e+07""",D,"=""27.82647""","=""36.41870""","=""3s.3p.(3P*).3d""","=""4D*""","=""3/2""","=""3s.3p.(3P*).4p""","=""4D""","=""5/2""",4,6,,"=""T6527c4,LS""","=""u24""",
"=""144.5141""","=""144.5143""","=""6w""","=""5.53e+07""",D,"=""27.83933""","=""36.41870""","=""3s.3p.(3P*).3d""","=""4D*""","=""5/2""","=""3s.3p.(3P*).4p""","=""4D""","=""5/2""",6,6,,"=""T6527c4,LS""","=""u24""",
"=""144.6767""","=""144.6751""","=""5*""","=""2.41e+07""",D,"=""27.81495""","=""36.38479""","=""3s.3p.(3P*).3d""","=""4D*""","=""1/2""","=""3s.3p.(3P*).4p""","=""4D""","=""3/2""",2,4,,"=""T6527c4,LS""","=""u24""",
"=""144.6767""","=""144.6774""","=""5*""","=""1.83e+07""",D,"=""27.84900""","=""36.41870""","=""3s.3p.(3P*).3d""","=""4D*""","=""7/2""","=""3s.3p.(3P*).4p""","=""4D""","=""5/2""",8,6,,"=""T6527c4,LS""","=""u24""",
"=""144.8710""","=""144.8698""","=""4""","=""3.81e+07""",D,"=""27.82647""","=""36.38479""","=""3s.3p.(3P*).3d""","=""4D*""","=""3/2""","=""3s.3p.(3P*).4p""","=""4D""","=""3/2""",4,4,,"=""T6527c4,LS""","=""u24""",
"=""""","=""144.995+""","=""""","=""4.76e+07""",D,"=""27.81495""","=""36.36590""","=""3s.3p.(3P*).3d""","=""4D*""","=""1/2""","=""3s.3p.(3P*).4p""","=""4D""","=""1/2""",2,2,,"=""T6527c4,LS""","=""""",
"=""145.0886""","=""145.0878""","=""3""","=""3.34e+07""",D,"=""27.83933""","=""36.38479""","=""3s.3p.(3P*).3d""","=""4D*""","=""5/2""","=""3s.3p.(3P*).4p""","=""4D""","=""3/2""",6,4,,"=""T6527c4,LS""","=""u24""",
"=""""","=""145.190+""","=""""","=""4.75e+07""",D,"=""27.82647""","=""36.36590""","=""3s.3p.(3P*).3d""","=""4D*""","=""3/2""","=""3s.3p.(3P*).4p""","=""4D""","=""1/2""",4,2,,"=""T6527c4,LS""","=""""",
"=""145.8764""","=""145.8764""","=""1""","=""""",,"=""27.81495""","=""36.31422""","=""3s.3p.(3P*).3d""","=""4D*""","=""1/2""","=""3s.3p.(3P*).4p""","=""2P""","=""3/2""",2,4,,"=""""","=""u24""",
"=""""","=""146.467+""","=""""","=""9.07e+06""",D,"=""29.96032""","=""38.42533""","=""3s.3p.(3P*).3d""","=""2F*""","=""5/2""","=""3s2.5g""","=""2G""","=""7/2""",6,8,,"=""T6527c4,LS""","=""""",
"=""""","=""146.937+""","=""""","=""3.58e+07""",D,"=""33.57823""","=""42.01615""","=""3s.3p.(3P*).4s""","=""2P*""","=""1/2""","=""3s.3p.(1P*).4p""","=""2D""","=""3/2""",2,4,,"=""T6527c4,LS""","=""""",
"=""147.1304""","=""147.1324""","=""3w""","=""2.59e+07""",D,"=""28.96400""","=""37.39071""","=""3s.3p.(3P*).3d""","=""2D*""","=""5/2""","=""3s.3p.(3P*).4p""","=""2D""","=""5/2""",6,6,,"=""T6527c4,LS""","=""u24""",
"=""""","=""147.200+""","=""""","=""1.85e+06""",E,"=""28.96788""","=""37.39071""","=""3s.3p.(3P*).3d""","=""2D*""","=""3/2""","=""3s.3p.(3P*).4p""","=""2D""","=""5/2""",4,6,,"=""T6527c4,LS""","=""""",
"=""148.0690""","=""148.0701""","=""2""","=""4.20e+07""",D,"=""33.65389""","=""42.02723""","=""3s.3p.(3P*).4s""","=""2P*""","=""3/2""","=""3s.3p.(1P*).4p""","=""2D""","=""5/2""",4,6,,"=""T6527c4,LS""","=""u24""",
"=""""","=""148.149+""","=""""","=""6.26e+05""",E',"=""30.05642""","=""38.42533""","=""3s.3p.(3P*).3d""","=""2F*""","=""7/2""","=""3s2.5g""","=""2G""","=""7/2""",8,8,,"=""T6527c4,LS""","=""""",
"=""""","=""148.149+""","=""""","=""1.00e+07""",D,"=""30.05642""","=""38.42531""","=""3s.3p.(3P*).3d""","=""2F*""","=""7/2""","=""3s2.5g""","=""2G""","=""9/2""",8,10,,"=""T6527c4,LS""","=""""",
"=""""","=""148.149+""","=""""","=""2.72e+06""",E,"=""28.96400""","=""37.33286""","=""3s.3p.(3P*).3d""","=""2D*""","=""5/2""","=""3s.3p.(3P*).4p""","=""2D""","=""3/2""",6,4,,"=""T6527c4,LS""","=""""",
"=""148.2189""","=""148.2182""","=""1""","=""2.45e+07""",D,"=""28.96788""","=""37.33286""","=""3s.3p.(3P*).3d""","=""2D*""","=""3/2""","=""3s.3p.(3P*).4p""","=""2D""","=""3/2""",4,4,,"=""T6527c4,LS""","=""u24""",
"=""""","=""148.266+""","=""""","=""6.98e+06""",E,"=""33.65389""","=""42.01615""","=""3s.3p.(3P*).4s""","=""2P*""","=""3/2""","=""3s.3p.(1P*).4p""","=""2D""","=""3/2""",4,4,,"=""T6527c4,LS""","=""""",
"=""152.1150""","=""152.1155""","=""1""","=""""",,"=""33.60231""","=""41.75297""","=""3s2.5s""","=""2S""","=""1/2""","=""3s2.7p""","=""2P*""","=""3/2""",2,4,,"=""""","=""u24""",
"=""153.4089""","=""153.4124""","=""2w""","=""1.87e+08""",D,"=""34.54725""","=""42.62902""","=""3s.3p.(1P*).3d""","=""2P*""","=""3/2""","=""3s.3p.(1P*).4p""","=""2S""","=""1/2""",4,2,,"=""T6527c4,LS""","=""u24""",
"=""153.4935""","=""153.4936""","=""1""","=""9.34e+07""",D,"=""34.55153""","=""42.62902""","=""3s.3p.(1P*).3d""","=""2P*""","=""1/2""","=""3s.3p.(1P*).4p""","=""2S""","=""1/2""",2,2,,"=""T6527c4,LS""","=""u24""",
"=""154.6695""","=""154.6697""","=""1""","=""""",,"=""39.16940""","=""47.18546""","=""3p2.(3P).3d""","=""4F""","=""5/2""","=""3s.3p.(1P*).4d""","=""2D*""","=""3/2""",6,4,,"=""""","=""u24""",
"=""""","=""155.895+""","=""""","=""2.42e+08""",D+,"=""34.85116""","=""42.80424""","=""3s.3p.(1P*).3d""","=""2D*""","=""3/2""","=""3s.3p.(3P*).4f""","=""2F""","=""5/2""",4,6,,"=""T6527c4,LS""","=""""",
"=""""","=""155.917+""","=""""","=""2.59e+08""",D+,"=""34.86827""","=""42.82019""","=""3s.3p.(1P*).3d""","=""2D*""","=""5/2""","=""3s.3p.(3P*).4f""","=""2F""","=""7/2""",6,8,,"=""T6527c4,LS""","=""""",
"=""""","=""156.231+""","=""""","=""1.72e+07""",D,"=""34.86827""","=""42.80424""","=""3s.3p.(1P*).3d""","=""2D*""","=""5/2""","=""3s.3p.(3P*).4f""","=""2F""","=""5/2""",6,6,,"=""T6527c4,LS""","=""""",
"=""""","=""158.119+""","=""""","=""1.41e+07""",D,"=""31.66504""","=""39.50623""","=""3s2.4d""","=""2D""","=""3/2""","=""3s2.6p""","=""2P*""","=""3/2""",4,4,,"=""T6527c4,LS""","=""""",
"=""""","=""158.131+""","=""""","=""1.27e+08""",D,"=""31.66560""","=""39.50623""","=""3s2.4d""","=""2D""","=""5/2""","=""3s2.6p""","=""2P*""","=""3/2""",6,4,,"=""T6527c4,LS""","=""""",
"=""""","=""158.194+""","=""""","=""1.41e+08""",D,"=""31.66504""","=""39.50252""","=""3s2.4d""","=""2D""","=""3/2""","=""3s2.6p""","=""2P*""","=""1/2""",4,2,,"=""T6527c4,LS""","=""""",
"=""""","=""158.576+""","=""""","=""2.00e+01""",B,"=""8.82570""","=""16.64431""","=""3s.3p2""","=""4P""","=""1/2""","=""3s.3p2""","=""2P""","=""3/2""",2,4,E2,"=""u29""","=""""",
"=""""","=""159.145+""","=""""","=""2.97e+04""",D+,"=""16.56672""","=""24.35737""","=""3s.3p2""","=""2P""","=""1/2""","=""3p3""","=""4S*""","=""3/2""",2,4,,"=""u29""","=""""",
"=""""","=""159.447+""","=""""","=""5.14e-02""",D+,"=""8.86843""","=""16.64431""","=""3s.3p2""","=""4P""","=""3/2""","=""3s.3p2""","=""2P""","=""3/2""",4,4,M1,"=""u29""","=""""",
"=""""","=""159.447+""","=""""","=""4.56e-03""",C,"=""8.86843""","=""16.64431""","=""3s.3p2""","=""4P""","=""3/2""","=""3s.3p2""","=""2P""","=""3/2""",4,4,E2,"=""u29""","=""""",
"=""""","=""160.165+""","=""""","=""9.05e-02""",D+,"=""8.82570""","=""16.56672""","=""3s.3p2""","=""4P""","=""1/2""","=""3s.3p2""","=""2P""","=""1/2""",2,2,M1,"=""u29""","=""""",
"=""""","=""160.746+""","=""""","=""1.75e+05""",C,"=""16.64431""","=""24.35737""","=""3s.3p2""","=""2P""","=""3/2""","=""3p3""","=""4S*""","=""3/2""",4,4,,"=""u29""","=""""",
"=""""","=""160.847+""","=""""","=""3.90e-03""",C,"=""8.93609""","=""16.64431""","=""3s.3p2""","=""4P""","=""5/2""","=""3s.3p2""","=""2P""","=""3/2""",6,4,E2,"=""u29""","=""""",
"=""""","=""160.847+""","=""""","=""6.57e-02""",D+,"=""8.93609""","=""16.64431""","=""3s.3p2""","=""4P""","=""5/2""","=""3s.3p2""","=""2P""","=""3/2""",6,4,M1,"=""u29""","=""""",
"=""""","=""161.054+""","=""""","=""5.08e+00""",B,"=""8.86843""","=""16.56672""","=""3s.3p2""","=""4P""","=""3/2""","=""3s.3p2""","=""2P""","=""1/2""",4,2,E2,"=""u29""","=""""",
"=""""","=""161.724+""","=""""","=""7.45e+06""",E,"=""29.96032""","=""37.62674""","=""3s.3p.(3P*).3d""","=""2F*""","=""5/2""","=""3s2.5d""","=""2D""","=""5/2""",6,6,,"=""T6527c4,LS""","=""""",
"=""162.0966""","=""162.0969""","=""4w""","=""1.55e+08""",D+,"=""29.96032""","=""37.60909""","=""3s.3p.(3P*).3d""","=""2F*""","=""5/2""","=""3s2.5d""","=""2D""","=""3/2""",6,4,,"=""T6527c4,LS""","=""u24""",
"=""162.3588""","=""162.3585""","=""2""","=""3.11e+07""",B,"=""18.86211""","=""26.49856""","=""3s2.3d""","=""2D""","=""3/2""","=""3s2.4p""","=""2P*""","=""3/2""",4,4,,"=""u29""","=""u24""",
"=""162.3946""","=""162.3943""","=""10""","=""2.85e+08""",B+,"=""18.86380""","=""26.49856""","=""3s2.3d""","=""2D""","=""5/2""","=""3s2.4p""","=""2P*""","=""3/2""",6,4,,"=""u29""","=""u24""",
"=""162.4814""","=""162.4804""","=""1w""","=""""",,"=""15.31320""","=""22.94392""","=""3s.3p2""","=""2S""","=""1/2""","=""3p3""","=""2D*""","=""3/2""",2,4,,"=""""","=""u24""",
"=""""","=""162.482+""","=""""","=""4.08e+01""",B,"=""8.93609""","=""16.56672""","=""3s.3p2""","=""4P""","=""5/2""","=""3s.3p2""","=""2P""","=""1/2""",6,2,E2,"=""u29""","=""""",
"=""162.9143""","=""162.9155""","=""9""","=""2.95e+08""",B+,"=""18.86211""","=""26.47245""","=""3s2.3d""","=""2D""","=""3/2""","=""3s2.4p""","=""2P*""","=""1/2""",4,2,,"=""u29""","=""u24""",
"=""162.9780""","=""162.9777""","=""2""","=""1.27e+08""",D+,"=""34.54725""","=""42.15469""","=""3s.3p.(1P*).3d""","=""2P*""","=""3/2""","=""3s.3p.(1P*).4p""","=""2P""","=""3/2""",4,4,,"=""T6527c4,LS""","=""u24""",
"=""163.0692""","=""163.0694""","=""1""","=""2.53e+07""",D,"=""34.55153""","=""42.15469""","=""3s.3p.(1P*).3d""","=""2P*""","=""1/2""","=""3s.3p.(1P*).4p""","=""2P""","=""3/2""",2,4,,"=""T6527c4,LS""","=""u24""",
"=""163.1073""","=""163.1069""","=""1w""","=""""",,"=""36.38479""","=""43.98620""","=""3s.3p.(3P*).4p""","=""4D""","=""3/2""","=""3s.3p.(3P*).5s""","=""4P*""","=""5/2""",4,6,,"=""""","=""u24""",
"=""163.4761""","=""163.4754""","=""1""","=""5.04e+07""",D,"=""34.54725""","=""42.13153""","=""3s.3p.(1P*).3d""","=""2P*""","=""3/2""","=""3s.3p.(1P*).4p""","=""2P""","=""1/2""",4,2,,"=""T6527c4,LS""","=""u24""",
"=""163.5667""","=""163.5676""","=""1w""","=""1.00e+08""",D,"=""34.55153""","=""42.13153""","=""3s.3p.(1P*).3d""","=""2P*""","=""1/2""","=""3s.3p.(1P*).4p""","=""2P""","=""1/2""",2,2,,"=""T6527c4,LS""","=""u24""",
"=""163.7769""","=""163.7768""","=""5""","=""1.44e+08""",D+,"=""30.05642""","=""37.62674""","=""3s.3p.(3P*).3d""","=""2F*""","=""7/2""","=""3s2.5d""","=""2D""","=""5/2""",8,6,,"=""T6527c4,LS""","=""u24""",
"=""163.8408""","=""163.8377""","=""1""","=""""",,"=""36.41870""","=""43.98620""","=""3s.3p.(3P*).4p""","=""4D""","=""5/2""","=""3s.3p.(3P*).5s""","=""4P*""","=""5/2""",6,6,,"=""""","=""u24""",
"=""165.3168""","=""165.3155""","=""4""","=""""",,"=""36.48634""","=""43.98620""","=""3s.3p.(3P*).4p""","=""4D""","=""7/2""","=""3s.3p.(3P*).5s""","=""4P*""","=""5/2""",8,6,,"=""""","=""u24""",
"=""165.6093""","=""165.6103""","=""3""","=""""",,"=""36.41870""","=""43.90520""","=""3s.3p.(3P*).4p""","=""4D""","=""5/2""","=""3s.3p.(3P*).5s""","=""4P*""","=""3/2""",6,4,,"=""""","=""u24""",
"=""166.8617""","=""166.8611""","=""1""","=""1.25e+07""",D,"=""29.96032""","=""37.39071""","=""3s.3p.(3P*).3d""","=""2F*""","=""5/2""","=""3s.3p.(3P*).4p""","=""2D""","=""5/2""",6,6,,"=""T6527c4,LS""","=""u24""",
"=""167.5919""","=""167.5909""","=""1w""","=""""",,"=""28.96788""","=""36.36590""","=""3s.3p.(3P*).3d""","=""2D*""","=""3/2""","=""3s.3p.(3P*).4p""","=""4D""","=""1/2""",4,2,,"=""""","=""u24""",
"=""167.6332""","=""167.6325""","=""3w""","=""1.02e+08""",D,"=""26.20612""","=""33.60231""","=""3p3""","=""2P*""","=""3/2""","=""3s2.5s""","=""2S""","=""1/2""",4,2,,"=""T6527c4,LS""","=""u24""",
"=""167.6617""","=""167.6598""","=""2""","=""5.10e+07""",D,"=""26.20732""","=""33.60231""","=""3p3""","=""2P*""","=""1/2""","=""3s2.5s""","=""2S""","=""1/2""",2,2,,"=""T6527c4,LS""","=""u24""",
"=""""","=""168.170+""","=""""","=""2.57e+08""",D+,"=""29.96032""","=""37.33286""","=""3s.3p.(3P*).3d""","=""2F*""","=""5/2""","=""3s.3p.(3P*).4p""","=""2D""","=""3/2""",6,4,,"=""T6527c4,LS""","=""""",
"=""168.6821""","=""168.6810""","=""4""","=""1.43e+08""",D+,"=""28.96400""","=""36.31422""","=""3s.3p.(3P*).3d""","=""2D*""","=""5/2""","=""3s.3p.(3P*).4p""","=""2P""","=""3/2""",6,4,,"=""T6527c4,LS""","=""u24""",
"=""""","=""168.770+""","=""""","=""1.59e+07""",D,"=""28.96788""","=""36.31422""","=""3s.3p.(3P*).3d""","=""2D*""","=""3/2""","=""3s.3p.(3P*).4p""","=""2P""","=""3/2""",4,4,,"=""T6527c4,LS""","=""""",
"=""168.7945""","=""168.7960""","=""7""","=""8.77e+07""",B,"=""18.86211""","=""26.20732""","=""3s2.3d""","=""2D""","=""3/2""","=""3p3""","=""2P*""","=""1/2""",4,2,,"=""T7942c84""","=""u24""",
"=""168.8245""","=""168.8237""","=""3""","=""9.21e+06""",C+,"=""18.86211""","=""26.20612""","=""3s2.3d""","=""2D""","=""3/2""","=""3p3""","=""2P*""","=""3/2""",4,4,,"=""T7942c84""","=""u24""",
"=""168.8629""","=""168.8624""","=""8""","=""7.59e+07""",B,"=""18.86380""","=""26.20612""","=""3s2.3d""","=""2D""","=""5/2""","=""3p3""","=""2P*""","=""3/2""",6,4,,"=""T7942c84""","=""u24""",
"=""169.0479""","=""169.0474""","=""8""","=""2.41e+08""",D+,"=""30.05642""","=""37.39071""","=""3s.3p.(3P*).3d""","=""2F*""","=""7/2""","=""3s.3p.(3P*).4p""","=""2D""","=""5/2""",8,6,,"=""T6527c4,LS""","=""u24""",
"=""""","=""169.663+""","=""""","=""4.08e+05""",C,"=""24.35737""","=""31.66504""","=""3p3""","=""4S*""","=""3/2""","=""3s2.4d""","=""2D""","=""3/2""",4,4,,"=""u29""","=""""",
"=""169.7007""","=""169.7001""","=""5w""","=""1.56e+08""",D,"=""28.96788""","=""36.27396""","=""3s.3p.(3P*).3d""","=""2D*""","=""3/2""","=""3s.3p.(3P*).4p""","=""2P""","=""1/2""",4,2,,"=""T6527c4,LS""","=""u24""",
"=""169.7584""","=""169.7594""","=""2""","=""2.73e+07""",D,"=""34.85116""","=""42.15469""","=""3s.3p.(1P*).3d""","=""2D*""","=""3/2""","=""3s.3p.(1P*).4p""","=""2P""","=""3/2""",4,4,,"=""T6527c4,LS""","=""u24""",
"=""170.1576""","=""170.1580""","=""2""","=""2.44e+08""",D+,"=""34.86827""","=""42.15469""","=""3s.3p.(1P*).3d""","=""2D*""","=""5/2""","=""3s.3p.(1P*).4p""","=""2P""","=""3/2""",6,4,,"=""T6527c4,LS""","=""u24""",
"=""""","=""170.299+""","=""""","=""2.70e+08""",D+,"=""34.85116""","=""42.13153""","=""3s.3p.(1P*).3d""","=""2D*""","=""3/2""","=""3s.3p.(1P*).4p""","=""2P""","=""1/2""",4,2,,"=""T6527c4,LS""","=""""",
"=""170.8525""","=""170.8520""","=""1""","=""""",,"=""35.37220""","=""42.62902""","=""3s2.5p""","=""2P*""","=""3/2""","=""3s.3p.(1P*).4p""","=""2S""","=""1/2""",4,2,,"=""""","=""u24""",
"=""""","=""172.284+""","=""""","=""3.59e-02""",C+,"=""11.66730""","=""18.86380""","=""3s.3p2""","=""2D""","=""3/2""","=""3s2.3d""","=""2D""","=""5/2""",4,6,E2,"=""u29""","=""""",
"=""""","=""172.324+""","=""""","=""9.12e-02""",C+,"=""11.66730""","=""18.86211""","=""3s.3p2""","=""2D""","=""3/2""","=""3s2.3d""","=""2D""","=""3/2""",4,4,E2,"=""u29""","=""""",
"=""""","=""172.424+""","=""""","=""4.14e-02""",C+,"=""11.67315""","=""18.86380""","=""3s.3p2""","=""2D""","=""5/2""","=""3s2.3d""","=""2D""","=""5/2""",6,6,E2,"=""u29""","=""""",
"=""""","=""172.465+""","=""""","=""7.08e-02""",C+,"=""11.67315""","=""18.86211""","=""3s.3p2""","=""2D""","=""5/2""","=""3s2.3d""","=""2D""","=""3/2""",6,4,E2,"=""u29""","=""""",
"=""""","=""172.775+""","=""""","=""1.70e+06""",E,"=""34.85116""","=""42.02723""","=""3s.3p.(1P*).3d""","=""2D*""","=""3/2""","=""3s.3p.(1P*).4p""","=""2D""","=""5/2""",4,6,,"=""T6527c4,LS""","=""""",
"=""""","=""173.042+""","=""""","=""2.29e+07""",D,"=""34.85116""","=""42.01615""","=""3s.3p.(1P*).3d""","=""2D*""","=""3/2""","=""3s.3p.(1P*).4p""","=""2D""","=""3/2""",4,4,,"=""T6527c4,LS""","=""""",
"=""""","=""173.187+""","=""""","=""2.36e+07""",D,"=""34.86827""","=""42.02723""","=""3s.3p.(1P*).3d""","=""2D*""","=""5/2""","=""3s.3p.(1P*).4p""","=""2D""","=""5/2""",6,6,,"=""T6527c4,LS""","=""""",
"=""""","=""173.456+""","=""""","=""2.52e+06""",E,"=""34.86827""","=""42.01615""","=""3s.3p.(1P*).3d""","=""2D*""","=""5/2""","=""3s.3p.(1P*).4p""","=""2D""","=""3/2""",6,4,,"=""T6527c4,LS""","=""""",
"=""173.8955""","=""173.8943""","=""5""","=""4.06e+08""",D+,"=""26.47245""","=""33.60231""","=""3s2.4p""","=""2P*""","=""1/2""","=""3s2.5s""","=""2S""","=""1/2""",2,2,,"=""T6527c4,LS""","=""u24""",
"=""174.5340""","=""174.5335""","=""7""","=""8.06e+08""",D+,"=""26.49856""","=""33.60231""","=""3s2.4p""","=""2P*""","=""3/2""","=""3s2.5s""","=""2S""","=""1/2""",4,2,,"=""T6527c4,LS""","=""u24""",
"=""174.8847""","=""174.8866""","=""3""","=""""",,"=""36.89679""","=""43.98620""","=""3s.3p.(3P*).4p""","=""4P""","=""3/2""","=""3s.3p.(3P*).5s""","=""4P*""","=""5/2""",4,6,,"=""""","=""u24""",
"=""176.1715""","=""176.1733""","=""6""","=""""",,"=""36.94857""","=""43.98620""","=""3s.3p.(3P*).4p""","=""4P""","=""5/2""","=""3s.3p.(3P*).5s""","=""4P*""","=""5/2""",6,6,,"=""""","=""u24""",
"=""176.2966""","=""176.2978""","=""2""","=""""",,"=""36.87254""","=""43.90520""","=""3s.3p.(3P*).4p""","=""4P""","=""1/2""","=""3s.3p.(3P*).5s""","=""4P*""","=""3/2""",2,4,,"=""""","=""u24""",
"=""177.3706""","=""177.3704""","=""1""","=""""",,"=""36.87254""","=""43.86267""","=""3s.3p.(3P*).4p""","=""4P""","=""1/2""","=""3s.3p.(3P*).5s""","=""4P*""","=""1/2""",2,2,,"=""""","=""u24""",
"=""177.4169""","=""177.4182""","=""1""","=""""",,"=""29.96032""","=""36.94857""","=""3s.3p.(3P*).3d""","=""2F*""","=""5/2""","=""3s.3p.(3P*).4p""","=""4P""","=""5/2""",6,6,,"=""""","=""u24""",
"=""177.9871""","=""177.9879""","=""1""","=""""",,"=""36.89679""","=""43.86267""","=""3s.3p.(3P*).4p""","=""4P""","=""3/2""","=""3s.3p.(3P*).5s""","=""4P*""","=""1/2""",4,2,,"=""""","=""u24""",
"=""178.2267""","=""178.2245""","=""6bl""","=""""",,"=""36.94857""","=""43.90520""","=""3s.3p.(3P*).4p""","=""4P""","=""5/2""","=""3s.3p.(3P*).5s""","=""4P*""","=""3/2""",6,4,,"=""""","=""u24""",
"=""178.6983""","=""178.6981""","=""7""","=""4.27e+08""",D+,"=""31.66504""","=""38.60324""","=""3s2.4d""","=""2D""","=""3/2""","=""3s2.5f""","=""2F*""","=""5/2""",4,6,,"=""T6527c4,LS""","=""u24""",
"=""""","=""178.712+""","=""""","=""3.05e+07""",D,"=""31.66560""","=""38.60324""","=""3s2.4d""","=""2D""","=""5/2""","=""3s2.5f""","=""2F*""","=""5/2""",6,6,,"=""T6527c4,LS""","=""""",
"=""178.7179""","=""178.7176""","=""7""","=""4.57e+08""",C,"=""31.66560""","=""38.60304""","=""3s2.4d""","=""2D""","=""5/2""","=""3s2.5f""","=""2F*""","=""7/2""",6,8,,"=""T6527c4,LS""","=""u24""",
"=""180.4937""","=""180.4947""","=""2w""","=""""",,"=""37.11706""","=""43.98620""","=""3s.3p.(3P*).4p""","=""4S""","=""3/2""","=""3s.3p.(3P*).5s""","=""4P*""","=""5/2""",4,6,,"=""""","=""u24""",
"=""180.8127""","=""180.8125""","=""1""","=""""",,"=""37.62674""","=""44.48379""","=""3s2.5d""","=""2D""","=""5/2""","=""3s.3p.(3P*).5s""","=""2P*""","=""3/2""",6,4,,"=""""","=""u24""",
"=""""","=""184.083+""","=""""","=""1.69e+07""",D,"=""34.54725""","=""41.28247""","=""3s.3p.(1P*).3d""","=""2P*""","=""3/2""","=""3s2.7s""","=""2S""","=""1/2""",4,2,,"=""T6527c4,LS""","=""""",
"=""""","=""184.200+""","=""""","=""8.41e+06""",E,"=""34.55153""","=""41.28247""","=""3s.3p.(1P*).3d""","=""2P*""","=""1/2""","=""3s2.7s""","=""2S""","=""1/2""",2,2,,"=""T6527c4,LS""","=""""",
"=""184.7258""","=""184.7247""","=""1w""","=""""",,"=""41.82087""","=""48.53271""","=""3s.3p.(3P*).4d""","=""2D*""","=""5/2""","=""3s.3p.(1P*).4f""","=""2F""","=""7/2""",6,8,,"=""""","=""u24""",
"=""""","=""186.009+""","=""""","=""1.43e+07""",D,"=""35.35065""","=""42.01615""","=""3s2.5p""","=""2P*""","=""1/2""","=""3s.3p.(1P*).4p""","=""2D""","=""3/2""",2,4,,"=""T6527c4,LS""","=""""",
"=""186.3016""","=""186.3013""","=""1*""","=""1.70e+07""",D,"=""35.37220""","=""42.02723""","=""3s2.5p""","=""2P*""","=""3/2""","=""3s.3p.(1P*).4p""","=""2D""","=""5/2""",4,6,,"=""T6527c4,LS""","=""u24""",
"=""186.3016""","=""186.3023""","=""1*""","=""""",,"=""41.87575""","=""48.53075""","=""3s.3p.(3P*).4d""","=""4F*""","=""7/2""","=""3s.3p.(1P*).4f""","=""2F""","=""5/2""",8,6,,"=""""","=""u24""",
"=""""","=""186.566+""","=""""","=""4.57e+06""",D,"=""31.66504""","=""38.31065""","=""3s2.4d""","=""2D""","=""3/2""","=""3s.3p.(1P*).4s""","=""2P*""","=""3/2""",4,4,,"=""T7262""","=""""",
"=""""","=""186.581+""","=""""","=""4.13e+07""",D+,"=""31.66560""","=""38.31065""","=""3s2.4d""","=""2D""","=""5/2""","=""3s.3p.(1P*).4s""","=""2P*""","=""3/2""",6,4,,"=""T7262""","=""""",
"=""""","=""186.612+""","=""""","=""2.82e+06""",E,"=""35.37220""","=""42.01615""","=""3s2.5p""","=""2P*""","=""3/2""","=""3s.3p.(1P*).4p""","=""2D""","=""3/2""",4,4,,"=""T6527c4,LS""","=""""",
"=""""","=""186.764+""","=""""","=""4.70e+07""",D+,"=""31.66504""","=""38.30359""","=""3s2.4d""","=""2D""","=""3/2""","=""3s.3p.(1P*).4s""","=""2P*""","=""1/2""",4,2,,"=""T7262""","=""""",
"=""188.4833""","=""188.4819""","=""1""","=""2.72e+08""",D+,"=""36.27396""","=""42.85200""","=""3s.3p.(3P*).4p""","=""2P""","=""1/2""","=""3s.3p.(3P*).4d""","=""2P*""","=""1/2""",2,2,,"=""T6527c4,LS""","=""u24""",
"=""""","=""189.642+""","=""""","=""1.34e+08""",D,"=""36.31422""","=""42.85200""","=""3s.3p.(3P*).4p""","=""2P""","=""3/2""","=""3s.3p.(3P*).4d""","=""2P*""","=""1/2""",4,2,,"=""T6527c4,LS""","=""""",
"=""189.7182""","=""189.7184""","=""1""","=""6.68e+07""",D,"=""36.27396""","=""42.80913""","=""3s.3p.(3P*).4p""","=""2P""","=""1/2""","=""3s.3p.(3P*).4d""","=""2P*""","=""3/2""",2,4,,"=""T6527c4,LS""","=""u24""",
"=""190.8942""","=""190.8943""","=""2""","=""3.28e+08""",D+,"=""36.31422""","=""42.80913""","=""3s.3p.(3P*).4p""","=""2P""","=""3/2""","=""3s.3p.(3P*).4d""","=""2P*""","=""3/2""",4,4,,"=""T6527c4,LS""","=""u24""",
"=""""","=""191.113+""","=""""","=""2.46e-01""",C,"=""8.82570""","=""15.31320""","=""3s.3p2""","=""4P""","=""1/2""","=""3s.3p2""","=""2S""","=""1/2""",2,2,M1,"=""u29""","=""""",
"=""""","=""191.167+""","=""""","=""4.34e+07""",D+,"=""31.93969""","=""38.42533""","=""""","=""b 2F*""","=""7/2""","=""3s2.5g""","=""2G""","=""7/2""",8,8,,"=""T6527c4,LS""","=""""",
"=""""","=""191.168+""","=""""","=""6.94e+08""",C,"=""31.93969""","=""38.42531""","=""""","=""b 2F*""","=""7/2""","=""3s2.5g""","=""2G""","=""9/2""",8,10,,"=""T6527c4,LS""","=""""",
"=""""","=""191.649+""","=""""","=""6.03e+08""",C,"=""31.95601""","=""38.42533""","=""""","=""b 2F*""","=""5/2""","=""3s2.5g""","=""2G""","=""7/2""",6,8,,"=""T6527c4,LS""","=""""",
"=""""","=""192.379+""","=""""","=""1.15e+00""",C,"=""8.86843""","=""15.31320""","=""3s.3p2""","=""4P""","=""3/2""","=""3s.3p2""","=""2S""","=""1/2""",4,2,M1,"=""u29""","=""""",
"=""""","=""192.379+""","=""""","=""9.69e+00""",B,"=""8.86843""","=""15.31320""","=""3s.3p2""","=""4P""","=""3/2""","=""3s.3p2""","=""2S""","=""1/2""",4,2,E2,"=""u29""","=""""",
"=""""","=""192.482+""","=""""","=""1.99e+04""",D+,"=""25.22369""","=""31.66504""","=""3s.3p.(3P*).3d""","=""4F*""","=""3/2""","=""3s2.4d""","=""2D""","=""3/2""",4,4,,"=""u29""","=""""",
"=""""","=""193.171+""","=""""","=""3.56e+02""",E',"=""25.24725""","=""31.66560""","=""3s.3p.(3P*).3d""","=""4F*""","=""5/2""","=""3s2.4d""","=""2D""","=""5/2""",6,6,,"=""u29""","=""""",
"=""""","=""193.188+""","=""""","=""2.63e+03""",D,"=""25.24725""","=""31.66504""","=""3s.3p.(3P*).3d""","=""4F*""","=""5/2""","=""3s2.4d""","=""2D""","=""3/2""",6,4,,"=""u29""","=""""",
"=""""","=""193.201+""","=""""","=""1.25e+04""",D+,"=""18.86380""","=""25.28116""","=""3s2.3d""","=""2D""","=""5/2""","=""3s.3p.(3P*).3d""","=""4F*""","=""7/2""",6,8,,"=""u29""","=""""",
"=""""","=""194.176+""","=""""","=""9.44e+03""",D+,"=""18.86211""","=""25.24725""","=""3s2.3d""","=""2D""","=""3/2""","=""3s.3p.(3P*).3d""","=""4F*""","=""5/2""",4,6,,"=""u29""","=""""",
"=""""","=""194.197+""","=""""","=""3.72e+03""",D,"=""25.28116""","=""31.66560""","=""3s.3p.(3P*).3d""","=""4F*""","=""7/2""","=""3s2.4d""","=""2D""","=""5/2""",8,6,,"=""u29""","=""""",
"=""194.4180""","=""194.4179""","=""10""","=""2.66e+07""",B,"=""16.56672""","=""22.94392""","=""3s.3p2""","=""2P""","=""1/2""","=""3p3""","=""2D*""","=""3/2""",2,4,,"=""u29""","=""u24""",
"=""""","=""194.421+""","=""""","=""8.43e+01""",B+,"=""8.93609""","=""15.31320""","=""3s.3p2""","=""4P""","=""5/2""","=""3s.3p2""","=""2S""","=""1/2""",6,2,E2,"=""u29""","=""""",
"=""""","=""194.895+""","=""""","=""7.49e+02""",D,"=""18.86211""","=""25.22369""","=""3s2.3d""","=""2D""","=""3/2""","=""3s.3p.(3P*).3d""","=""4F*""","=""3/2""",4,4,,"=""u29""","=""""",
"=""196.4542""","=""196.4536""","=""10""","=""3.03e+07""",B,"=""16.64431""","=""22.95543""","=""3s.3p2""","=""2P""","=""3/2""","=""3p3""","=""2D*""","=""5/2""",4,6,,"=""u29""","=""u24""",
"=""196.8140""","=""196.8124""","=""5""","=""4.39e+06""",C+,"=""16.64431""","=""22.94392""","=""3s.3p2""","=""2P""","=""3/2""","=""3p3""","=""2D*""","=""3/2""",4,4,,"=""u29""","=""u24""",
"=""""","=""209.015+""","=""""","=""5.68e+07""",D,"=""35.35065""","=""41.28247""","=""3s2.5p""","=""2P*""","=""1/2""","=""3s2.7s""","=""2S""","=""1/2""",2,2,,"=""T6527c4,LS""","=""""",
"=""""","=""209.080+""","=""""","=""3.38e-03""",D,"=""16.56672""","=""22.49671""","=""3s.3p2""","=""2P""","=""1/2""","=""3s2.4s""","=""2S""","=""1/2""",2,2,M1,"=""u29""","=""""",
"=""""","=""209.777+""","=""""","=""1.12e+08""",D+,"=""35.37220""","=""41.28247""","=""3s2.5p""","=""2P*""","=""3/2""","=""3s2.7s""","=""2S""","=""1/2""",4,2,,"=""T6527c4,LS""","=""""",
"=""210.0029""","=""210.0033""","=""1""","=""""",,"=""33.60231""","=""39.50623""","=""3s2.5s""","=""2S""","=""1/2""","=""3s2.6p""","=""2P*""","=""3/2""",2,4,,"=""""","=""u24""",
"=""210.1349""","=""210.1352""","=""1""","=""""",,"=""33.60231""","=""39.50252""","=""3s2.5s""","=""2S""","=""1/2""","=""3s2.6p""","=""2P*""","=""1/2""",2,2,,"=""""","=""u24""",
"=""""","=""210.347+""","=""""","=""1.82e+07""",D,"=""36.36590""","=""42.26016""","=""3s.3p.(3P*).4p""","=""4D""","=""1/2""","=""3s.3p.(3P*).4d""","=""4P*""","=""1/2""",2,2,,"=""T6527c4,LS""","=""""",
"=""""","=""211.023+""","=""""","=""1.80e+07""",D,"=""36.38479""","=""42.26016""","=""3s.3p.(3P*).4p""","=""4D""","=""3/2""","=""3s.3p.(3P*).4d""","=""4P*""","=""1/2""",4,2,,"=""T6527c4,LS""","=""""",
"=""""","=""211.088+""","=""""","=""1.80e+06""",E,"=""36.36590""","=""42.23948""","=""3s.3p.(3P*).4p""","=""4D""","=""1/2""","=""3s.3p.(3P*).4d""","=""4P*""","=""3/2""",2,4,,"=""T6527c4,LS""","=""""",
"=""211.5570""","=""211.5569""","=""1""","=""""",,"=""36.94857""","=""42.80913""","=""3s.3p.(3P*).4p""","=""4P""","=""5/2""","=""3s.3p.(3P*).4d""","=""2P*""","=""3/2""",6,4,,"=""""","=""u24""",
"=""""","=""211.769+""","=""""","=""1.14e+07""",D,"=""36.38479""","=""42.23948""","=""3s.3p.(3P*).4p""","=""4D""","=""3/2""","=""3s.3p.(3P*).4d""","=""4P*""","=""3/2""",4,4,,"=""T6527c4,LS""","=""""",
"=""""","=""211.852+""","=""""","=""3.76e-03""",C,"=""16.64431""","=""22.49671""","=""3s.3p2""","=""2P""","=""3/2""","=""3s2.4s""","=""2S""","=""1/2""",4,2,E2,"=""u29""","=""""",
"=""213.0031""","=""213.0025""","=""2""","=""2.21e+07""",D,"=""36.41870""","=""42.23948""","=""3s.3p.(3P*).4p""","=""4D""","=""5/2""","=""3s.3p.(3P*).4d""","=""4P*""","=""3/2""",6,4,,"=""T6527c4,LS""","=""u24""",
"=""213.0180""","=""213.0198""","=""1bl""","=""7.01e+05""",E,"=""36.38479""","=""42.20510""","=""3s.3p.(3P*).4p""","=""4D""","=""3/2""","=""3s.3p.(3P*).4d""","=""4P*""","=""5/2""",4,6,,"=""T6527c4,LS""","=""u24""",
"=""214.2689""","=""214.2681""","=""1""","=""6.20e+06""",D,"=""36.41870""","=""42.20510""","=""3s.3p.(3P*).4p""","=""4D""","=""5/2""","=""3s.3p.(3P*).4d""","=""4P*""","=""5/2""",6,6,,"=""T6527c4,LS""","=""u24""",
"=""""","=""216.803+""","=""""","=""2.67e+07""",D,"=""36.48634""","=""42.20510""","=""3s.3p.(3P*).4p""","=""4D""","=""7/2""","=""3s.3p.(3P*).4d""","=""4P*""","=""5/2""",8,6,,"=""T6527c4,LS""","=""""",
"=""222.5602""","=""222.5595""","=""5""","=""""",,"=""36.27396""","=""41.84479""","=""3s.3p.(3P*).4p""","=""2P""","=""1/2""","=""3s.3p.(3P*).4d""","=""4F*""","=""3/2""",2,4,,"=""""","=""u24""",
"=""223.4755""","=""223.4752""","=""7w""","=""""",,"=""36.31422""","=""41.86222""","=""3s.3p.(3P*).4p""","=""2P""","=""3/2""","=""3s.3p.(3P*).4d""","=""4F*""","=""5/2""",4,6,,"=""""","=""u24""",
"=""224.6426""","=""224.6439""","=""1""","=""4.36e+07""",D,"=""37.33286""","=""42.85200""","=""3s.3p.(3P*).4p""","=""2D""","=""3/2""","=""3s.3p.(3P*).4d""","=""2P*""","=""1/2""",4,2,,"=""T6527c4,LS""","=""u24""",
"=""224.9134""","=""224.9132""","=""9""","=""5.07e+08""",C,"=""36.27396""","=""41.78649""","=""3s.3p.(3P*).4p""","=""2P""","=""1/2""","=""3s.3p.(3P*).4d""","=""2D*""","=""3/2""",2,4,,"=""T6527c4,LS""","=""u24""",
"=""225.1534""","=""225.1532""","=""8w""","=""6.07e+08""",C,"=""36.31422""","=""41.82087""","=""3s.3p.(3P*).4p""","=""2P""","=""3/2""","=""3s.3p.(3P*).4d""","=""2D*""","=""5/2""",4,6,,"=""T6527c4,LS""","=""u24""",
"=""""","=""225.621+""","=""""","=""2.29e+02""",E',"=""18.86211""","=""24.35737""","=""3s2.3d""","=""2D""","=""3/2""","=""3p3""","=""4S*""","=""3/2""",4,4,,"=""u29""","=""""",
"=""""","=""225.690+""","=""""","=""9.07e+02""",D,"=""18.86380""","=""24.35737""","=""3s2.3d""","=""2D""","=""5/2""","=""3p3""","=""4S*""","=""3/2""",6,4,,"=""u29""","=""""",
"=""226.2923""","=""226.2945""","=""8""","=""6.41e+08""",C,"=""36.36590""","=""41.84479""","=""3s.3p.(3P*).4p""","=""4D""","=""1/2""","=""3s.3p.(3P*).4d""","=""4F*""","=""3/2""",2,4,,"=""T6527c4,LS""","=""u24""",
"=""""","=""226.354+""","=""""","=""6.87e+08""",C,"=""36.38479""","=""41.86222""","=""3s.3p.(3P*).4p""","=""4D""","=""3/2""","=""3s.3p.(3P*).4d""","=""4F*""","=""5/2""",4,6,,"=""T6527c4,LS""","=""""",
"=""""","=""226.403+""","=""""","=""4.26e+06""",E,"=""37.33286""","=""42.80913""","=""3s.3p.(3P*).4p""","=""2D""","=""3/2""","=""3s.3p.(3P*).4d""","=""2P*""","=""3/2""",4,4,,"=""T6527c4,LS""","=""""",
"=""226.5672""","=""226.5678""","=""5""","=""9.93e+07""",D+,"=""36.31422""","=""41.78649""","=""3s.3p.(3P*).4p""","=""2P""","=""3/2""","=""3s.3p.(3P*).4d""","=""2D*""","=""3/2""",4,4,,"=""T6527c4,LS""","=""u24""",
"=""227.0765""","=""227.0771""","=""1""","=""2.54e+08""",D+,"=""36.38479""","=""41.84479""","=""3s.3p.(3P*).4p""","=""4D""","=""3/2""","=""3s.3p.(3P*).4d""","=""4F*""","=""3/2""",4,4,,"=""T6527c4,LS""","=""u24""",
"=""227.0988""","=""227.0988""","=""12""","=""3.26e+07""",C,"=""26.20612""","=""31.66560""","=""3p3""","=""2P*""","=""3/2""","=""3s2.4d""","=""2D""","=""5/2""",4,6,,"=""T7262""","=""u24""",
"=""227.1226""","=""227.1220""","=""1""","=""5.43e+06""",D+,"=""26.20612""","=""31.66504""","=""3p3""","=""2P*""","=""3/2""","=""3s2.4d""","=""2D""","=""3/2""",4,4,,"=""T7262""","=""u24""",
"=""227.1704""","=""227.1720""","=""9""","=""3.27e+07""",D+,"=""26.20732""","=""31.66504""","=""3p3""","=""2P*""","=""1/2""","=""3s2.4d""","=""2D""","=""3/2""",2,4,,"=""T7262""","=""u24""",
"=""227.2000""","=""227.1999""","=""8""","=""7.76e+08""",C,"=""36.41870""","=""41.87575""","=""3s.3p.(3P*).4p""","=""4D""","=""5/2""","=""3s.3p.(3P*).4d""","=""4F*""","=""7/2""",6,8,,"=""T6527c4,LS""","=""u24""",
"=""""","=""227.452+""","=""""","=""2.05e+07""",D,"=""31.93969""","=""37.39071""","=""""","=""b 2F*""","=""7/2""","=""3s.3p.(3P*).4p""","=""2D""","=""5/2""",8,6,,"=""T6527c4,LS""","=""""",
"=""227.7647""","=""227.7645""","=""5""","=""2.19e+08""",D+,"=""36.41870""","=""41.86222""","=""3s.3p.(3P*).4p""","=""4D""","=""5/2""","=""3s.3p.(3P*).4d""","=""4F*""","=""5/2""",6,6,,"=""T6527c4,LS""","=""u24""",
"=""""","=""227.904+""","=""""","=""4.32e+07""",D,"=""32.84128""","=""38.28149""","=""3s.3p.(3P*).3d""","=""2P*""","=""3/2""","=""3s.3p.(3P*).4p""","=""2S""","=""1/2""",4,2,,"=""T6527c4,LS""","=""""",
"=""228.0778""","=""228.0762""","=""4""","=""""",,"=""36.38479""","=""41.82087""","=""3s.3p.(3P*).4p""","=""4D""","=""3/2""","=""3s.3p.(3P*).4d""","=""2D*""","=""5/2""",4,6,,"=""""","=""u24""",
"=""""","=""228.134+""","=""""","=""1.01e+06""",E,"=""31.95601""","=""37.39071""","=""""","=""b 2F*""","=""5/2""","=""3s.3p.(3P*).4p""","=""2D""","=""5/2""",6,6,,"=""T6527c4,LS""","=""""",
"=""228.4629""","=""228.4623""","=""10""","=""8.91e+08""",C,"=""36.48634""","=""41.91324""","=""3s.3p.(3P*).4p""","=""4D""","=""7/2""","=""3s.3p.(3P*).4d""","=""4F*""","=""9/2""",8,10,,"=""T6527c4,LS""","=""u24""",
"=""""","=""228.496+""","=""""","=""1.78e+07""",D,"=""36.41870""","=""41.84479""","=""3s.3p.(3P*).4p""","=""4D""","=""5/2""","=""3s.3p.(3P*).4d""","=""4F*""","=""3/2""",6,4,,"=""T6527c4,LS""","=""""",
"=""228.6866""","=""228.6875""","=""2""","=""""",,"=""36.27396""","=""41.69551""","=""3s.3p.(3P*).4p""","=""2P""","=""1/2""","=""3s.3p.(3P*).4d""","=""4D*""","=""3/2""",2,4,,"=""""","=""u24""",
"=""228.7278""","=""228.7283""","=""4""","=""""",,"=""36.36590""","=""41.78649""","=""3s.3p.(3P*).4p""","=""4D""","=""1/2""","=""3s.3p.(3P*).4d""","=""2D*""","=""3/2""",2,4,,"=""""","=""u24""",
"=""""","=""228.802+""","=""""","=""2.13e+07""",D,"=""32.86264""","=""38.28149""","=""3s.3p.(3P*).3d""","=""2P*""","=""1/2""","=""3s.3p.(3P*).4p""","=""2S""","=""1/2""",2,2,,"=""T6527c4,LS""","=""""",
"=""228.8214""","=""228.8199""","=""2""","=""3.71e+07""",D,"=""37.39071""","=""42.80913""","=""3s.3p.(3P*).4p""","=""2D""","=""5/2""","=""3s.3p.(3P*).4d""","=""2P*""","=""3/2""",6,4,,"=""T6527c4,LS""","=""u24""",
"=""229.5088""","=""229.5078""","=""5""","=""""",,"=""36.41870""","=""41.82087""","=""3s.3p.(3P*).4p""","=""4D""","=""5/2""","=""3s.3p.(3P*).4d""","=""2D*""","=""5/2""",6,6,,"=""""","=""u24""",
"=""""","=""230.052+""","=""""","=""1.24e+08""",D+,"=""36.48634""","=""41.87575""","=""3s.3p.(3P*).4p""","=""4D""","=""7/2""","=""3s.3p.(3P*).4d""","=""4F*""","=""7/2""",8,8,,"=""T6527c4,LS""","=""""",
"=""230.0825""","=""230.0845""","=""2w""","=""""",,"=""36.31422""","=""41.70285""","=""3s.3p.(3P*).4p""","=""2P""","=""3/2""","=""3s.3p.(3P*).4d""","=""4D*""","=""5/2""",4,6,,"=""""","=""u24""",
"=""""","=""230.128+""","=""""","=""5.86e+07""",D,"=""36.87254""","=""42.26016""","=""3s.3p.(3P*).4p""","=""4P""","=""1/2""","=""3s.3p.(3P*).4d""","=""4P*""","=""1/2""",2,2,,"=""T6527c4,LS""","=""""",
"=""""","=""230.589+""","=""""","=""2.05e+07""",D,"=""31.95601""","=""37.33286""","=""""","=""b 2F*""","=""5/2""","=""3s.3p.(3P*).4p""","=""2D""","=""3/2""",6,4,,"=""T6527c4,LS""","=""""",
"=""230.6325""","=""230.6305""","=""1""","=""8.36e+06""",D,"=""36.48634""","=""41.86222""","=""3s.3p.(3P*).4p""","=""4D""","=""7/2""","=""3s.3p.(3P*).4d""","=""4F*""","=""5/2""",8,6,,"=""T6527c4,LS""","=""u24""",
"=""231.0148""","=""231.0146""","=""4""","=""1.45e+08""",D+,"=""36.87254""","=""42.23948""","=""3s.3p.(3P*).4p""","=""4P""","=""1/2""","=""3s.3p.(3P*).4d""","=""4P*""","=""3/2""",2,4,,"=""T6527c4,LS""","=""u24""",
"=""231.1666""","=""231.1684""","=""4""","=""2.90e+08""",D+,"=""36.89679""","=""42.26016""","=""3s.3p.(3P*).4p""","=""4P""","=""3/2""","=""3s.3p.(3P*).4d""","=""4P*""","=""1/2""",4,2,,"=""T6527c4,LS""","=""u24""",
"=""232.0615""","=""232.0633""","=""1""","=""4.57e+07""",D+,"=""36.89679""","=""42.23948""","=""3s.3p.(3P*).4p""","=""4P""","=""3/2""","=""3s.3p.(3P*).4d""","=""4P*""","=""3/2""",4,4,,"=""T6527c4,LS""","=""u24""",
"=""232.4182""","=""232.4181""","=""1""","=""""",,"=""36.48634""","=""41.82087""","=""3s.3p.(3P*).4p""","=""4D""","=""7/2""","=""3s.3p.(3P*).4d""","=""2D*""","=""5/2""",8,6,,"=""""","=""u24""",
"=""""","=""232.626+""","=""""","=""2.00e+03""",D,"=""22.49671""","=""27.82647""","=""3s2.4s""","=""2S""","=""1/2""","=""3s.3p.(3P*).3d""","=""4D*""","=""3/2""",2,4,,"=""u29""","=""""",
"=""232.6344""","=""232.6328""","=""5""","=""5.00e+07""",D+,"=""36.36590""","=""41.69551""","=""3s.3p.(3P*).4p""","=""4D""","=""1/2""","=""3s.3p.(3P*).4d""","=""4D*""","=""3/2""",2,4,,"=""T6527c4,LS""","=""u24""",
"=""232.8588""","=""232.8587""","=""1w""","=""9.97e+07""",D+,"=""36.36590""","=""41.69034""","=""3s.3p.(3P*).4p""","=""4D""","=""1/2""","=""3s.3p.(3P*).4d""","=""4D*""","=""1/2""",2,2,,"=""T6527c4,LS""","=""u24""",
"=""""","=""233.130+""","=""""","=""4.14e+03""",D,"=""22.49671""","=""27.81495""","=""3s2.4s""","=""2S""","=""1/2""","=""3s.3p.(3P*).3d""","=""4D*""","=""1/2""",2,2,,"=""u29""","=""""",
"=""233.1381""","=""233.1377""","=""6w""","=""4.63e+07""",D+,"=""36.38479""","=""41.70285""","=""3s.3p.(3P*).4p""","=""4D""","=""3/2""","=""3s.3p.(3P*).4d""","=""4D*""","=""5/2""",4,6,,"=""T6527c4,LS""","=""u24""",
"=""""","=""233.460+""","=""""","=""7.91e+07""",D+,"=""36.38479""","=""41.69551""","=""3s.3p.(3P*).4p""","=""4D""","=""3/2""","=""3s.3p.(3P*).4d""","=""4D*""","=""3/2""",4,4,,"=""T6527c4,LS""","=""""",
"=""233.5681""","=""233.5663""","=""6""","=""1.01e+08""",D+,"=""36.89679""","=""42.20510""","=""3s.3p.(3P*).4p""","=""4P""","=""3/2""","=""3s.3p.(3P*).4d""","=""4P*""","=""5/2""",4,6,,"=""T6527c4,LS""","=""u24""",
"=""233.6437""","=""233.6438""","=""4w""","=""2.81e+07""",D+,"=""36.41870""","=""41.72525""","=""3s.3p.(3P*).4p""","=""4D""","=""5/2""","=""3s.3p.(3P*).4d""","=""4D*""","=""7/2""",6,8,,"=""T6527c4,LS""","=""u24""",
"=""""","=""233.687+""","=""""","=""9.84e+07""",D+,"=""36.38479""","=""41.69034""","=""3s.3p.(3P*).4p""","=""4D""","=""3/2""","=""3s.3p.(3P*).4d""","=""4D*""","=""1/2""",4,2,,"=""T6527c4,LS""","=""""",
"=""234.3342""","=""234.3342""","=""4""","=""1.50e+08""",D+,"=""36.94857""","=""42.23948""","=""3s.3p.(3P*).4p""","=""4P""","=""5/2""","=""3s.3p.(3P*).4d""","=""4P*""","=""3/2""",6,4,,"=""T6527c4,LS""","=""u24""",
"=""234.6301""","=""234.6338""","=""4""","=""1.12e+08""",D+,"=""36.41870""","=""41.70285""","=""3s.3p.(3P*).4p""","=""4D""","=""5/2""","=""3s.3p.(3P*).4d""","=""4D*""","=""5/2""",6,6,,"=""T6527c4,LS""","=""u24""",
"=""""","=""234.960+""","=""""","=""6.79e+07""",D+,"=""36.41870""","=""41.69551""","=""3s.3p.(3P*).4p""","=""4D""","=""5/2""","=""3s.3p.(3P*).4d""","=""4D*""","=""3/2""",6,4,,"=""T6527c4,LS""","=""""",
"=""235.8687""","=""235.8669""","=""4""","=""2.29e+08""",D+,"=""36.94857""","=""42.20510""","=""3s.3p.(3P*).4p""","=""4P""","=""5/2""","=""3s.3p.(3P*).4d""","=""4P*""","=""5/2""",6,6,,"=""T6527c4,LS""","=""u24""",
"=""""","=""236.480+""","=""""","=""2.18e+07""",D,"=""37.60909""","=""42.85200""","=""3s2.5d""","=""2D""","=""3/2""","=""3s.3p.(3P*).4d""","=""2P*""","=""1/2""",4,2,,"=""T6527c4,LS""","=""""",
"=""236.6613""","=""236.6606""","=""8""","=""1.63e+08""",D+,"=""36.48634""","=""41.72525""","=""3s.3p.(3P*).4p""","=""4D""","=""7/2""","=""3s.3p.(3P*).4d""","=""4D*""","=""7/2""",8,8,,"=""T6527c4,LS""","=""u24""",
"=""237.6773""","=""237.6765""","=""2""","=""3.56e+07""",D+,"=""36.48634""","=""41.70285""","=""3s.3p.(3P*).4p""","=""4D""","=""7/2""","=""3s.3p.(3P*).4d""","=""4D*""","=""5/2""",8,6,,"=""T6527c4,LS""","=""u24""",
"=""""","=""238.430+""","=""""","=""2.12e+06""",E,"=""37.60909""","=""42.80913""","=""3s2.5d""","=""2D""","=""3/2""","=""3s.3p.(3P*).4d""","=""2P*""","=""3/2""",4,4,,"=""T6527c4,LS""","=""""",
"=""238.7680""","=""238.7712""","=""17""","=""4.32e+08""",A,"=""26.47245""","=""31.66504""","=""3s2.4p""","=""2P*""","=""1/2""","=""3s2.4d""","=""2D""","=""3/2""",2,4,,"=""u29""","=""u24""",
"=""""","=""239.241+""","=""""","=""1.89e+07""",D,"=""37.62674""","=""42.80913""","=""3s2.5d""","=""2D""","=""5/2""","=""3s.3p.(3P*).4d""","=""2P*""","=""3/2""",6,4,,"=""T6527c4,LS""","=""""",
"=""239.7146""","=""239.7162""","=""2""","=""6.45e+06""",D,"=""42.01615""","=""47.18827""","=""3s.3p.(1P*).4p""","=""2D""","=""3/2""","=""3s.3p.(1P*).4d""","=""2D*""","=""5/2""",4,6,,"=""T6527c4,LS""","=""u24""",
"=""239.8456""","=""239.8467""","=""1""","=""8.71e+07""",D+,"=""42.01615""","=""47.18546""","=""3s.3p.(1P*).4p""","=""2D""","=""3/2""","=""3s.3p.(1P*).4d""","=""2D*""","=""3/2""",4,4,,"=""T6527c4,LS""","=""u24""",
"=""239.9532""","=""239.9520""","=""19""","=""5.42e+08""",A,"=""26.49856""","=""31.66560""","=""3s2.4p""","=""2P*""","=""3/2""","=""3s2.4d""","=""2D""","=""5/2""",4,6,,"=""u29""","=""u24""",
"=""239.9748""","=""239.9779""","=""6""","=""9.03e+07""",B+,"=""26.49856""","=""31.66504""","=""3s2.4p""","=""2P*""","=""3/2""","=""3s2.4d""","=""2D""","=""3/2""",4,4,,"=""u29""","=""u24""",
"=""240.2313""","=""240.2310""","=""2""","=""8.98e+07""",D+,"=""42.02723""","=""47.18827""","=""3s.3p.(1P*).4p""","=""2D""","=""5/2""","=""3s.3p.(1P*).4d""","=""2D*""","=""5/2""",6,6,,"=""T6527c4,LS""","=""u24""",
"=""""","=""240.362+""","=""""","=""9.61e+06""",D,"=""42.02723""","=""47.18546""","=""3s.3p.(1P*).4p""","=""2D""","=""5/2""","=""3s.3p.(1P*).4d""","=""2D*""","=""3/2""",6,4,,"=""T6527c4,LS""","=""""",
"=""241.0705""","=""241.0690""","=""6w""","=""4.55e+08""",D+,"=""37.11706""","=""42.26016""","=""3s.3p.(3P*).4p""","=""4S""","=""3/2""","=""3s.3p.(3P*).4d""","=""4P*""","=""1/2""",4,2,,"=""T6527c4,LS""","=""u24""",
"=""242.0409""","=""242.0423""","=""11""","=""4.49e+08""",C,"=""37.11706""","=""42.23948""","=""3s.3p.(3P*).4p""","=""4S""","=""3/2""","=""3s.3p.(3P*).4d""","=""4P*""","=""3/2""",4,4,,"=""T6527c4,LS""","=""u24""",
"=""""","=""242.458+""","=""""","=""5.56e+02""",E',"=""22.49671""","=""27.61034""","=""3s2.4s""","=""2S""","=""1/2""","=""3s.3p.(3P*).3d""","=""4P*""","=""1/2""",2,2,,"=""u29""","=""""",
"=""243.2332""","=""243.2321""","=""13""","=""""",,"=""37.39071""","=""42.48807""","=""3s.3p.(3P*).4p""","=""2D""","=""5/2""","=""3s.3p.(3P*).4d""","=""2F*""","=""7/2""",6,8,,"=""""","=""u24""",
"=""243.4251""","=""243.4251""","=""1""","=""""",,"=""38.60304""","=""43.69636""","=""3s2.5f""","=""2F*""","=""7/2""","=""3s.3p.(3P*).4f""","=""4G""","=""9/2""",8,10,,"=""""","=""u24""",
"=""243.5349""","=""243.5377""","=""12bl""","=""""",,"=""37.33286""","=""42.42382""","=""3s.3p.(3P*).4p""","=""2D""","=""3/2""","=""3s.3p.(3P*).4d""","=""2F*""","=""5/2""",4,6,,"=""""","=""u24""",
"=""""","=""243.662+""","=""""","=""1.23e+03""",D,"=""22.49671""","=""27.58507""","=""3s2.4s""","=""2S""","=""1/2""","=""3s.3p.(3P*).3d""","=""4P*""","=""3/2""",2,4,,"=""u29""","=""""",
"=""243.6774""","=""243.6778""","=""10""","=""4.40e+08""",C,"=""37.11706""","=""42.20510""","=""3s.3p.(3P*).4p""","=""4S""","=""3/2""","=""3s.3p.(3P*).4d""","=""4P*""","=""5/2""",4,6,,"=""T6527c4,LS""","=""u24""",
"=""244.6529""","=""244.6531""","=""1""","=""""",,"=""38.60324""","=""43.67099""","=""3s2.5f""","=""2F*""","=""5/2""","=""3s.3p.(3P*).4f""","=""4G""","=""7/2""",6,8,,"=""""","=""u24""",
"=""""","=""245.322+""","=""""","=""4.13e+08""",C,"=""42.13153""","=""47.18546""","=""3s.3p.(1P*).4p""","=""2P""","=""1/2""","=""3s.3p.(1P*).4d""","=""2D*""","=""3/2""",2,4,,"=""T6527c4,LS""","=""""",
"=""245.8579""","=""245.8579""","=""1w""","=""9.13e+07""",D+,"=""33.57823""","=""38.62115""","=""3s.3p.(3P*).4s""","=""2P*""","=""1/2""","=""3s2.6s""","=""2S""","=""1/2""",2,2,,"=""T6527c4,LS""","=""u24""",
"=""""","=""246.314+""","=""""","=""4.90e+08""",C,"=""42.15469""","=""47.18827""","=""3s.3p.(1P*).4p""","=""2P""","=""3/2""","=""3s.3p.(1P*).4d""","=""2D*""","=""5/2""",4,6,,"=""T6527c4,LS""","=""""",
"=""246.3396""","=""246.3370""","=""16""","=""""",,"=""37.39071""","=""42.42382""","=""3s.3p.(3P*).4p""","=""2D""","=""5/2""","=""3s.3p.(3P*).4d""","=""2F*""","=""5/2""",6,6,,"=""""","=""u24""",
"=""246.4515""","=""246.4517""","=""2w""","=""8.15e+07""",D+,"=""42.15469""","=""47.18546""","=""3s.3p.(1P*).4p""","=""2P""","=""3/2""","=""3s.3p.(1P*).4d""","=""2D*""","=""3/2""",4,4,,"=""T6527c4,LS""","=""u24""",
"=""""","=""249.114+""","=""""","=""2.00e-01""",B,"=""11.66730""","=""16.64431""","=""3s.3p2""","=""2D""","=""3/2""","=""3s.3p2""","=""2P""","=""3/2""",4,4,E2,"=""u29""","=""""",
"=""""","=""249.114+""","=""""","=""1.54e-01""",C,"=""11.66730""","=""16.64431""","=""3s.3p2""","=""2D""","=""3/2""","=""3s.3p2""","=""2P""","=""3/2""",4,4,M1,"=""u29""","=""""",
"=""""","=""249.407+""","=""""","=""8.88e-02""",C,"=""11.67315""","=""16.64431""","=""3s.3p2""","=""2D""","=""5/2""","=""3s.3p2""","=""2P""","=""3/2""",6,4,M1,"=""u29""","=""""",
"=""""","=""249.407+""","=""""","=""1.87e-01""",B,"=""11.67315""","=""16.64431""","=""3s.3p2""","=""2D""","=""5/2""","=""3s.3p2""","=""2P""","=""3/2""",6,4,E2,"=""u29""","=""""",
"=""249.5985""","=""249.6025""","=""3w""","=""1.75e+08""",D+,"=""33.65389""","=""38.62115""","=""3s.3p.(3P*).4s""","=""2P*""","=""3/2""","=""3s2.6s""","=""2S""","=""1/2""",4,2,,"=""T6527c4,LS""","=""u24""",
"=""251.6069""","=""251.6059""","=""4""","=""""",,"=""36.31422""","=""41.24193""","=""3s.3p.(3P*).4p""","=""2P""","=""3/2""","=""3s2.6f""","=""2F*""","=""5/2""",4,6,,"=""""","=""u24""",
"=""251.6336""","=""251.6331""","=""5""","=""""",,"=""36.94857""","=""41.87575""","=""3s.3p.(3P*).4p""","=""4P""","=""5/2""","=""3s.3p.(3P*).4d""","=""4F*""","=""7/2""",6,8,,"=""""","=""u24""",
"=""252.3240""","=""252.3258""","=""4""","=""""",,"=""36.94857""","=""41.86222""","=""3s.3p.(3P*).4p""","=""4P""","=""5/2""","=""3s.3p.(3P*).4d""","=""4F*""","=""5/2""",6,6,,"=""""","=""u24""",
"=""""","=""253.059+""","=""""","=""1.32e-01""",B,"=""11.66730""","=""16.56672""","=""3s.3p2""","=""2D""","=""3/2""","=""3s.3p2""","=""2P""","=""1/2""",4,2,E2,"=""u29""","=""""",
"=""""","=""253.059+""","=""""","=""9.38e-02""",C,"=""11.66730""","=""16.56672""","=""3s.3p2""","=""2D""","=""3/2""","=""3s.3p2""","=""2P""","=""1/2""",4,2,M1,"=""u29""","=""""",
"=""""","=""253.361+""","=""""","=""1.90e+00""",B,"=""11.67315""","=""16.56672""","=""3s.3p2""","=""2D""","=""5/2""","=""3s.3p2""","=""2P""","=""1/2""",6,2,E2,"=""u29""","=""""",
"=""253.5593""","=""253.5619""","=""1bl""","=""""",,"=""36.89679""","=""41.78649""","=""3s.3p.(3P*).4p""","=""4P""","=""3/2""","=""3s.3p.(3P*).4d""","=""2D*""","=""3/2""",4,4,,"=""""","=""u24""",
"=""254.4672""","=""254.4672""","=""1""","=""""",,"=""36.94857""","=""41.82087""","=""3s.3p.(3P*).4p""","=""4P""","=""5/2""","=""3s.3p.(3P*).4d""","=""2D*""","=""5/2""",6,6,,"=""""","=""u24""",
"=""255.0399""","=""255.0415""","=""10""","=""""",,"=""37.62674""","=""42.48807""","=""3s2.5d""","=""2D""","=""5/2""","=""3s.3p.(3P*).4d""","=""2F*""","=""7/2""",6,8,,"=""""","=""u24""",
"=""255.2630""","=""255.2616""","=""1""","=""""",,"=""36.38479""","=""41.24193""","=""3s.3p.(3P*).4p""","=""4D""","=""3/2""","=""3s2.6f""","=""2F*""","=""5/2""",4,6,,"=""""","=""u24""",
"=""257.0698""","=""257.0701""","=""6""","=""1.87e+08""",D+,"=""36.87254""","=""41.69551""","=""3s.3p.(3P*).4p""","=""4P""","=""1/2""","=""3s.3p.(3P*).4d""","=""4D*""","=""3/2""",2,4,,"=""T6527c4,LS""","=""u24""",
"=""257.3464""","=""257.3459""","=""1""","=""3.73e+08""",D+,"=""36.87254""","=""41.69034""","=""3s.3p.(3P*).4p""","=""4P""","=""1/2""","=""3s.3p.(3P*).4d""","=""4D*""","=""1/2""",2,2,,"=""T6527c4,LS""","=""u24""",
"=""257.5103""","=""257.5103""","=""5w""","=""""",,"=""37.60909""","=""42.42382""","=""3s2.5d""","=""2D""","=""3/2""","=""3s.3p.(3P*).4d""","=""2F*""","=""5/2""",4,6,,"=""""","=""u24""",
"=""257.9766""","=""257.9746""","=""10""","=""3.11e+08""",C,"=""36.89679""","=""41.70285""","=""3s.3p.(3P*).4p""","=""4P""","=""3/2""","=""3s.3p.(3P*).4d""","=""4D*""","=""5/2""",4,6,,"=""T6527c4,LS""","=""u24""",
"=""258.3695""","=""258.3692""","=""6""","=""2.36e+08""",D+,"=""36.89679""","=""41.69551""","=""3s.3p.(3P*).4p""","=""4P""","=""3/2""","=""3s.3p.(3P*).4d""","=""4D*""","=""3/2""",4,4,,"=""T6527c4,LS""","=""u24""",
"=""""","=""258.648+""","=""""","=""7.36e+07""",D+,"=""36.89679""","=""41.69034""","=""3s.3p.(3P*).4p""","=""4P""","=""3/2""","=""3s.3p.(3P*).4d""","=""4D*""","=""1/2""",4,2,,"=""T6527c4,LS""","=""""",
"=""259.0854""","=""259.0855""","=""1w""","=""4.82e+07""",D+,"=""32.84128""","=""37.62674""","=""3s.3p.(3P*).3d""","=""2P*""","=""3/2""","=""3s2.5d""","=""2D""","=""5/2""",4,6,,"=""T6527c4,LS""","=""u24""",
"=""259.5628""","=""259.5616""","=""10""","=""4.37e+08""",C,"=""36.94857""","=""41.72525""","=""3s.3p.(3P*).4p""","=""4P""","=""5/2""","=""3s.3p.(3P*).4d""","=""4D*""","=""7/2""",6,8,,"=""T6527c4,LS""","=""u24""",
"=""""","=""260.044+""","=""""","=""7.94e+06""",D,"=""32.84128""","=""37.60909""","=""3s.3p.(3P*).3d""","=""2P*""","=""3/2""","=""3s2.5d""","=""2D""","=""3/2""",4,4,,"=""T6527c4,LS""","=""""",
"=""260.7847""","=""260.7841""","=""9""","=""1.29e+08""",D+,"=""36.94857""","=""41.70285""","=""3s.3p.(3P*).4p""","=""4P""","=""5/2""","=""3s.3p.(3P*).4d""","=""4D*""","=""5/2""",6,6,,"=""T6527c4,LS""","=""u24""",
"=""261.1866""","=""261.1873""","=""2""","=""2.14e+07""",D,"=""36.94857""","=""41.69551""","=""3s.3p.(3P*).4p""","=""4P""","=""5/2""","=""3s.3p.(3P*).4d""","=""4D*""","=""3/2""",6,4,,"=""T6527c4,LS""","=""u24""",
"=""""","=""261.215+""","=""""","=""3.92e+07""",D+,"=""32.86264""","=""37.60909""","=""3s.3p.(3P*).3d""","=""2P*""","=""1/2""","=""3s2.5d""","=""2D""","=""3/2""",2,4,,"=""T6527c4,LS""","=""""",
"=""""","=""263.329+""","=""""","=""1.36e+07""",D,"=""33.60231""","=""38.31065""","=""3s2.5s""","=""2S""","=""1/2""","=""3s.3p.(1P*).4s""","=""2P*""","=""3/2""",2,4,,"=""T6527c4,LS""","=""""",
"=""263.6139""","=""263.6137""","=""5""","=""7.36e+07""",D+,"=""33.57823""","=""38.28149""","=""3s.3p.(3P*).4s""","=""2P*""","=""1/2""","=""3s.3p.(3P*).4p""","=""2S""","=""1/2""",2,2,,"=""T6527c4,LS""","=""u24""",
"=""""","=""263.724+""","=""""","=""1.36e+07""",D,"=""33.60231""","=""38.30359""","=""3s2.5s""","=""2S""","=""1/2""","=""3s.3p.(1P*).4s""","=""2P*""","=""1/2""",2,2,,"=""T6527c4,LS""","=""""",
"=""267.9234""","=""267.9234""","=""9""","=""1.40e+08""",D+,"=""33.65389""","=""38.28149""","=""3s.3p.(3P*).4s""","=""2P*""","=""3/2""","=""3s.3p.(3P*).4p""","=""2S""","=""1/2""",4,2,,"=""T6527c4,LS""","=""u24""",
"=""271.2685""","=""271.2696""","=""4""","=""1.89e+08""",D+,"=""38.28149""","=""42.85200""","=""3s.3p.(3P*).4p""","=""2S""","=""1/2""","=""3s.3p.(3P*).4d""","=""2P*""","=""1/2""",2,2,,"=""T6527c4,LS""","=""u24""",
"=""272.5274""","=""272.5271""","=""3w""","=""""",,"=""32.84128""","=""37.39071""","=""3s.3p.(3P*).3d""","=""2P*""","=""3/2""","=""3s.3p.(3P*).4p""","=""2D""","=""5/2""",4,6,,"=""""","=""u24""",
"=""273.7313""","=""273.7341""","=""2""","=""""",,"=""37.33286""","=""41.86222""","=""3s.3p.(3P*).4p""","=""2D""","=""3/2""","=""3s.3p.(3P*).4d""","=""4F*""","=""5/2""",4,6,,"=""""","=""u24""",
"=""273.8353""","=""273.8383""","=""7w""","=""1.84e+08""",D+,"=""38.28149""","=""42.80913""","=""3s.3p.(3P*).4p""","=""2S""","=""1/2""","=""3s.3p.(3P*).4d""","=""2P*""","=""3/2""",2,4,,"=""T6527c4,LS""","=""u24""",
"=""275.6932""","=""275.6932""","=""5""","=""6.19e+07""",D+,"=""32.61988""","=""37.11706""","=""3s.3p.(3P*).4s""","=""4P*""","=""1/2""","=""3s.3p.(3P*).4p""","=""4S""","=""3/2""",2,4,,"=""T6527c4,LS""","=""u24""",
"=""276.0346""","=""276.0372""","=""1""","=""""",,"=""32.84128""","=""37.33286""","=""3s.3p.(3P*).3d""","=""2P*""","=""3/2""","=""3s.3p.(3P*).4p""","=""2D""","=""3/2""",4,4,,"=""""","=""u24""",
"=""276.2567""","=""276.2561""","=""1""","=""3.92e+06""",D,"=""37.33286""","=""41.82087""","=""3s.3p.(3P*).4p""","=""2D""","=""3/2""","=""3s.3p.(3P*).4d""","=""2D*""","=""5/2""",4,6,,"=""T6527c4,LS""","=""u24""",
"=""277.2769""","=""277.2756""","=""5w""","=""""",,"=""37.39071""","=""41.86222""","=""3s.3p.(3P*).4p""","=""2D""","=""5/2""","=""3s.3p.(3P*).4d""","=""4F*""","=""5/2""",6,6,,"=""""","=""u24""",
"=""277.3549""","=""277.3564""","=""3w""","=""""",,"=""32.86264""","=""37.33286""","=""3s.3p.(3P*).3d""","=""2P*""","=""1/2""","=""3s.3p.(3P*).4p""","=""2D""","=""3/2""",2,4,,"=""""","=""u24""",
"=""278.3611""","=""278.3608""","=""1""","=""""",,"=""37.39071""","=""41.84479""","=""3s.3p.(3P*).4p""","=""2D""","=""5/2""","=""3s.3p.(3P*).4d""","=""4F*""","=""3/2""",6,4,,"=""""","=""u24""",
"=""""","=""278.387+""","=""""","=""1.20e+08""",D+,"=""32.66340""","=""37.11706""","=""3s.3p.(3P*).4s""","=""4P*""","=""3/2""","=""3s.3p.(3P*).4p""","=""4S""","=""3/2""",4,4,,"=""T6527c4,LS""","=""""",
"=""""","=""278.389+""","=""""","=""5.17e+07""",D+,"=""37.33286""","=""41.78649""","=""3s.3p.(3P*).4p""","=""2D""","=""3/2""","=""3s.3p.(3P*).4d""","=""2D*""","=""3/2""",4,4,,"=""T6527c4,LS""","=""""",
"=""279.8631""","=""279.8635""","=""3""","=""5.27e+07""",D+,"=""37.39071""","=""41.82087""","=""3s.3p.(3P*).4p""","=""2D""","=""5/2""","=""3s.3p.(3P*).4d""","=""2D*""","=""5/2""",6,6,,"=""T6527c4,LS""","=""u24""",
"=""""","=""280.500+""","=""""","=""1.92e+06""",E,"=""37.33286""","=""41.75297""","=""3s.3p.(3P*).4p""","=""2D""","=""3/2""","=""3s2.7p""","=""2P*""","=""3/2""",4,4,,"=""T6527c4,LS""","=""""",
"=""""","=""280.695+""","=""""","=""1.91e+07""",D,"=""37.33286""","=""41.74991""","=""3s.3p.(3P*).4p""","=""2D""","=""3/2""","=""3s2.7p""","=""2P*""","=""1/2""",4,2,,"=""T6527c4,LS""","=""""",
"=""""","=""282.052+""","=""""","=""5.52e+06""",D,"=""37.39071""","=""41.78649""","=""3s.3p.(3P*).4p""","=""2D""","=""5/2""","=""3s.3p.(3P*).4d""","=""2D*""","=""3/2""",6,4,,"=""T6527c4,LS""","=""""",
"=""""","=""282.809+""","=""""","=""7.80e+04""",E',"=""42.80424""","=""47.18827""","=""3s.3p.(3P*).4f""","=""2F""","=""5/2""","=""3s.3p.(1P*).4d""","=""2D*""","=""5/2""",6,6,,"=""T6527c4,LS""","=""""",
"=""""","=""282.990+""","=""""","=""1.64e+06""",E,"=""42.80424""","=""47.18546""","=""3s.3p.(3P*).4f""","=""2F""","=""5/2""","=""3s.3p.(1P*).4d""","=""2D*""","=""3/2""",6,4,,"=""T6527c4,LS""","=""""",
"=""283.2725""","=""283.2733""","=""10""","=""1.71e+08""",D+,"=""32.74022""","=""37.11706""","=""3s.3p.(3P*).4s""","=""4P*""","=""5/2""","=""3s.3p.(3P*).4p""","=""4S""","=""3/2""",6,4,,"=""T6527c4,LS""","=""u24""",
"=""283.8409""","=""283.8409""","=""1""","=""1.55e+06""",D,"=""42.82019""","=""47.18827""","=""3s.3p.(3P*).4f""","=""2F""","=""7/2""","=""3s.3p.(1P*).4d""","=""2D*""","=""5/2""",8,6,,"=""T6527c4,LS""","=""u24""",
"=""""","=""284.220+""","=""""","=""1.66e+07""",D,"=""37.39071""","=""41.75297""","=""3s.3p.(3P*).4p""","=""2D""","=""5/2""","=""3s2.7p""","=""2P*""","=""3/2""",6,4,,"=""T6527c4,LS""","=""""",
"=""""","=""286.641+""","=""""","=""3.20e+07""",D,"=""38.30359""","=""42.62902""","=""3s.3p.(1P*).4s""","=""2P*""","=""1/2""","=""3s.3p.(1P*).4p""","=""2S""","=""1/2""",2,2,,"=""T6527c4,LS""","=""""",
"=""287.1103""","=""287.1088""","=""2""","=""6.38e+07""",D+,"=""38.31065""","=""42.62902""","=""3s.3p.(1P*).4s""","=""2P*""","=""3/2""","=""3s.3p.(1P*).4p""","=""2S""","=""1/2""",4,2,,"=""T6527c4,LS""","=""u24""",
"=""289.3331""","=""289.3334""","=""10""","=""8.55e+07""",D+,"=""32.66340""","=""36.94857""","=""3s.3p.(3P*).4s""","=""4P*""","=""3/2""","=""3s.3p.(3P*).4p""","=""4P""","=""5/2""",4,6,,"=""T6527c4,LS""","=""u24""",
"=""289.8941""","=""289.8920""","=""10""","=""1.18e+08""",D+,"=""32.61988""","=""36.89679""","=""3s.3p.(3P*).4s""","=""4P*""","=""1/2""","=""3s.3p.(3P*).4p""","=""4P""","=""3/2""",2,4,,"=""T6527c4,LS""","=""u24""",
"=""291.5460""","=""291.5452""","=""5""","=""4.64e+07""",D+,"=""32.61988""","=""36.87254""","=""3s.3p.(3P*).4s""","=""4P*""","=""1/2""","=""3s.3p.(3P*).4p""","=""4P""","=""1/2""",2,2,,"=""T6527c4,LS""","=""u24""",
"=""292.8719""","=""292.8721""","=""10""","=""3.66e+07""",D+,"=""32.66340""","=""36.89679""","=""3s.3p.(3P*).4s""","=""4P*""","=""3/2""","=""3s.3p.(3P*).4p""","=""4P""","=""3/2""",4,4,,"=""T6527c4,LS""","=""u24""",
"=""""","=""293.048+""","=""""","=""1.07e+08""",D+,"=""38.62115""","=""42.85200""","=""3s2.6s""","=""2S""","=""1/2""","=""3s.3p.(3P*).4d""","=""2P*""","=""1/2""",2,2,,"=""T6527c4,LS""","=""""",
"=""""","=""294.375+""","=""""","=""2.62e+06""",D,"=""37.60909""","=""41.82087""","=""3s2.5d""","=""2D""","=""3/2""","=""3s.3p.(3P*).4d""","=""2D*""","=""5/2""",4,6,,"=""T6527c4,LS""","=""""",
"=""294.5590""","=""294.5595""","=""10""","=""2.24e+08""",D+,"=""32.66340""","=""36.87254""","=""3s.3p.(3P*).4s""","=""4P*""","=""3/2""","=""3s.3p.(3P*).4p""","=""4P""","=""1/2""",4,2,,"=""T6527c4,LS""","=""u24""",
"=""294.6164""","=""294.6150""","=""13""","=""1.89e+08""",C,"=""32.74022""","=""36.94857""","=""3s.3p.(3P*).4s""","=""4P*""","=""5/2""","=""3s.3p.(3P*).4p""","=""4P""","=""5/2""",6,6,,"=""T6527c4,LS""","=""u24""",
"=""295.6130""","=""295.6131""","=""1""","=""3.62e+07""",D+,"=""37.62674""","=""41.82087""","=""3s2.5d""","=""2D""","=""5/2""","=""3s.3p.(3P*).4d""","=""2D*""","=""5/2""",6,6,,"=""T6527c4,LS""","=""u24""",
"=""296.0496""","=""296.0481""","=""1w""","=""1.04e+08""",D+,"=""38.62115""","=""42.80913""","=""3s2.6s""","=""2S""","=""1/2""","=""3s.3p.(3P*).4d""","=""2P*""","=""3/2""",2,4,,"=""T6527c4,LS""","=""u24""",
"=""296.7993""","=""296.7976""","=""1""","=""3.44e+07""",D+,"=""37.60909""","=""41.78649""","=""3s2.5d""","=""2D""","=""3/2""","=""3s.3p.(3P*).4d""","=""2D*""","=""3/2""",4,4,,"=""T6527c4,LS""","=""u24""",
"=""""","=""298.056+""","=""""","=""3.78e+06""",D,"=""37.62674""","=""41.78649""","=""3s2.5d""","=""2D""","=""5/2""","=""3s.3p.(3P*).4d""","=""2D*""","=""3/2""",6,4,,"=""T6527c4,LS""","=""""",
"=""298.2854""","=""298.2849""","=""17""","=""1.17e+08""",D+,"=""32.74022""","=""36.89679""","=""3s.3p.(3P*).4s""","=""4P*""","=""5/2""","=""3s.3p.(3P*).4p""","=""4P""","=""3/2""",6,4,,"=""T6527c4,LS""","=""u24""",
"=""""","=""299.199+""","=""""","=""3.32e+06""",D,"=""37.60909""","=""41.75297""","=""3s2.5d""","=""2D""","=""3/2""","=""3s2.7p""","=""2P*""","=""3/2""",4,4,,"=""T6527c4,LS""","=""""",
"=""""","=""299.420+""","=""""","=""3.30e+07""",D,"=""37.60909""","=""41.74991""","=""3s2.5d""","=""2D""","=""3/2""","=""3s2.7p""","=""2P*""","=""1/2""",4,2,,"=""T6527c4,LS""","=""""",
"=""""","=""300.478+""","=""""","=""2.95e+07""",D+,"=""37.62674""","=""41.75297""","=""3s2.5d""","=""2D""","=""5/2""","=""3s2.7p""","=""2P*""","=""3/2""",6,4,,"=""T6527c4,LS""","=""""",
"=""""","=""301.187+""","=""""","=""1.95e+01""",E',"=""27.54908""","=""31.66560""","=""3s.3p.(3P*).3d""","=""4P*""","=""5/2""","=""3s2.4d""","=""2D""","=""5/2""",6,6,,"=""u29""","=""""",
"=""302.8948""","=""302.8945""","=""3""","=""5.63e+04""",C,"=""18.86211""","=""22.95543""","=""3s2.3d""","=""2D""","=""3/2""","=""3p3""","=""2D*""","=""5/2""",4,6,,"=""u29""","=""u24""",
"=""303.0202""","=""303.0193""","=""12""","=""9.00e+05""",C+,"=""18.86380""","=""22.95543""","=""3s2.3d""","=""2D""","=""5/2""","=""3p3""","=""2D*""","=""5/2""",6,6,,"=""u29""","=""u24""",
"=""303.7491""","=""303.7483""","=""11""","=""8.56e+05""",C+,"=""18.86211""","=""22.94392""","=""3s2.3d""","=""2D""","=""3/2""","=""3p3""","=""2D*""","=""3/2""",4,4,,"=""u29""","=""u24""",
"=""""","=""303.843+""","=""""","=""1.17e+03""",D,"=""27.58507""","=""31.66560""","=""3s.3p.(3P*).3d""","=""4P*""","=""3/2""","=""3s2.4d""","=""2D""","=""5/2""",4,6,,"=""u29""","=""""",
"=""303.8743""","=""303.8738""","=""3""","=""1.04e+05""",C,"=""18.86380""","=""22.94392""","=""3s2.3d""","=""2D""","=""5/2""","=""3p3""","=""2D*""","=""3/2""",6,4,,"=""u29""","=""u24""",
"=""""","=""303.885+""","=""""","=""1.35e+02""",E',"=""27.58507""","=""31.66504""","=""3s.3p.(3P*).3d""","=""4P*""","=""3/2""","=""3s2.4d""","=""2D""","=""3/2""",4,4,,"=""u29""","=""""",
"=""""","=""304.338+""","=""""","=""2.09e+07""",D,"=""34.54725""","=""38.62115""","=""3s.3p.(1P*).3d""","=""2P*""","=""3/2""","=""3s2.6s""","=""2S""","=""1/2""",4,2,,"=""T6527c4,LS""","=""""",
"=""""","=""304.658+""","=""""","=""1.04e+07""",D,"=""34.55153""","=""38.62115""","=""3s.3p.(1P*).3d""","=""2P*""","=""1/2""","=""3s2.6s""","=""2S""","=""1/2""",2,2,,"=""T6527c4,LS""","=""""",
"=""305.1719""","=""305.1721""","=""1""","=""""",,"=""38.42531""","=""42.48807""","=""3s2.5g""","=""2G""","=""9/2""","=""3s.3p.(3P*).4d""","=""2F*""","=""7/2""",10,8,,"=""""","=""u24""",
"=""""","=""305.779+""","=""""","=""4.07e+02""",D,"=""27.61034""","=""31.66504""","=""3s.3p.(3P*).3d""","=""4P*""","=""1/2""","=""3s2.4d""","=""2D""","=""3/2""",2,4,,"=""u29""","=""""",
"=""307.2332""","=""307.2329""","=""5""","=""""",,"=""41.70285""","=""45.73837""","=""3s.3p.(3P*).4d""","=""4D*""","=""5/2""","=""3s.3p.(3P*).5p""","=""2D""","=""3/2""",6,4,,"=""""","=""u24""",
"=""""","=""307.587+""","=""""","=""1.64e+08""",D+,"=""33.57823""","=""37.60909""","=""3s.3p.(3P*).4s""","=""2P*""","=""1/2""","=""3s2.5d""","=""2D""","=""3/2""",2,4,,"=""T6527c4,LS""","=""""",
"=""309.8170""","=""309.8172""","=""19""","=""1.76e+08""",A,"=""22.49671""","=""26.49856""","=""3s2.4s""","=""2S""","=""1/2""","=""3s2.4p""","=""2P*""","=""3/2""",2,4,,"=""u29""","=""u24""",
"=""311.8509""","=""311.8519""","=""18""","=""1.62e+08""",B+,"=""22.49671""","=""26.47245""","=""3s2.4s""","=""2S""","=""1/2""","=""3s2.4p""","=""2P*""","=""1/2""",2,2,,"=""u29""","=""u24""",
"=""""","=""312.079+""","=""""","=""1.89e+08""",C,"=""33.65389""","=""37.62674""","=""3s.3p.(3P*).4s""","=""2P*""","=""3/2""","=""3s2.5d""","=""2D""","=""5/2""",4,6,,"=""T6527c4,LS""","=""""",
"=""312.4814""","=""312.4814""","=""1""","=""""",,"=""41.84479""","=""45.81252""","=""3s.3p.(3P*).4d""","=""4F*""","=""3/2""","=""3s.3p.(3P*).5p""","=""2D""","=""5/2""",4,6,,"=""""","=""u24""",
"=""""","=""313.471+""","=""""","=""3.10e+07""",D+,"=""33.65389""","=""37.60909""","=""3s.3p.(3P*).4s""","=""2P*""","=""3/2""","=""3s2.5d""","=""2D""","=""3/2""",4,4,,"=""T6527c4,LS""","=""""",
"=""""","=""317.170+""","=""""","=""3.61e+07""",D+,"=""37.33286""","=""41.24193""","=""3s.3p.(3P*).4p""","=""2D""","=""3/2""","=""3s2.6f""","=""2F*""","=""5/2""",4,6,,"=""T6527c4,LS""","=""""",
"=""321.8722""","=""321.8725""","=""1""","=""3.70e+07""",D+,"=""37.39071""","=""41.24267""","=""3s.3p.(3P*).4p""","=""2D""","=""5/2""","=""3s2.6f""","=""2F*""","=""7/2""",6,8,,"=""T6527c4,LS""","=""u24""",
"=""""","=""321.935+""","=""""","=""2.47e+06""",D,"=""37.39071""","=""41.24193""","=""3s.3p.(3P*).4p""","=""2D""","=""5/2""","=""3s2.6f""","=""2F*""","=""5/2""",6,6,,"=""T6527c4,LS""","=""""",
"=""321.9451""","=""321.9451""","=""3""","=""3.06e+07""",D+,"=""38.30359""","=""42.15469""","=""3s.3p.(1P*).4s""","=""2P*""","=""1/2""","=""3s.3p.(1P*).4p""","=""2P""","=""3/2""",2,4,,"=""T6527c4,LS""","=""u24""",
"=""""","=""322.029+""","=""""","=""1.84e+03""",D+,"=""27.81495""","=""31.66504""","=""3s.3p.(3P*).3d""","=""4D*""","=""1/2""","=""3s2.4d""","=""2D""","=""3/2""",2,4,,"=""u29""","=""""",
"=""322.5358""","=""322.5359""","=""7""","=""1.52e+08""",C,"=""38.31065""","=""42.15469""","=""3s.3p.(1P*).4s""","=""2P*""","=""3/2""","=""3s.3p.(1P*).4p""","=""2P""","=""3/2""",4,4,,"=""T6527c4,LS""","=""u24""",
"=""""","=""322.948+""","=""""","=""1.07e+03""",D+,"=""27.82647""","=""31.66560""","=""3s.3p.(3P*).3d""","=""4D*""","=""3/2""","=""3s2.4d""","=""2D""","=""5/2""",4,6,,"=""u29""","=""""",
"=""""","=""322.995+""","=""""","=""1.21e+02""",E',"=""27.82647""","=""31.66504""","=""3s.3p.(3P*).3d""","=""4D*""","=""3/2""","=""3s2.4d""","=""2D""","=""3/2""",4,4,,"=""u29""","=""""",
"=""""","=""323.893+""","=""""","=""1.20e+08""",D+,"=""38.30359""","=""42.13153""","=""3s.3p.(1P*).4s""","=""2P*""","=""1/2""","=""3s.3p.(1P*).4p""","=""2P""","=""1/2""",2,2,,"=""T6527c4,LS""","=""""",
"=""""","=""324.081+""","=""""","=""3.79e+02""",D,"=""27.83933""","=""31.66504""","=""3s.3p.(3P*).3d""","=""4D*""","=""5/2""","=""3s2.4d""","=""2D""","=""3/2""",6,4,,"=""u29""","=""""",
"=""324.4919""","=""324.4910""","=""2w""","=""5.97e+07""",D+,"=""38.31065""","=""42.13153""","=""3s.3p.(1P*).4s""","=""2P*""","=""3/2""","=""3s.3p.(1P*).4p""","=""2P""","=""1/2""",4,2,,"=""T6527c4,LS""","=""u24""",
"=""""","=""324.855+""","=""""","=""1.65e+03""",D+,"=""27.84900""","=""31.66560""","=""3s.3p.(3P*).3d""","=""4D*""","=""7/2""","=""3s2.4d""","=""2D""","=""5/2""",8,6,,"=""u29""","=""""",
"=""329.3184""","=""329.3157""","=""9""","=""8.30e+07""",D+,"=""32.61988""","=""36.38479""","=""3s.3p.(3P*).4s""","=""4P*""","=""1/2""","=""3s.3p.(3P*).4p""","=""4D""","=""3/2""",2,4,,"=""T6527c4,LS""","=""u24""",
"=""330.1588""","=""330.1583""","=""9""","=""1.39e+08""",C,"=""32.66340""","=""36.41870""","=""3s.3p.(3P*).4s""","=""4P*""","=""3/2""","=""3s.3p.(3P*).4p""","=""4D""","=""5/2""",4,6,,"=""T6527c4,LS""","=""u24""",
"=""330.2196""","=""330.2172""","=""8""","=""3.39e+07""",D+,"=""33.57823""","=""37.33286""","=""3s.3p.(3P*).4s""","=""2P*""","=""1/2""","=""3s.3p.(3P*).4p""","=""2D""","=""3/2""",2,4,,"=""T6527c4,LS""","=""u24""",
"=""330.9699""","=""330.9669""","=""11*""","=""1.96e+08""",C,"=""32.74022""","=""36.48634""","=""3s.3p.(3P*).4s""","=""4P*""","=""5/2""","=""3s.3p.(3P*).4p""","=""4D""","=""7/2""",6,8,,"=""T6527c4,LS""","=""u24""",
"=""330.9699""","=""330.9757""","=""11*""","=""1.64e+08""",D+,"=""32.61988""","=""36.36590""","=""3s.3p.(3P*).4s""","=""4P*""","=""1/2""","=""3s.3p.(3P*).4p""","=""4D""","=""1/2""",2,2,,"=""T6527c4,LS""","=""u24""",
"=""331.7903""","=""331.7905""","=""11""","=""4.01e+07""",D+,"=""33.65389""","=""37.39071""","=""3s.3p.(3P*).4s""","=""2P*""","=""3/2""","=""3s.3p.(3P*).4p""","=""2D""","=""5/2""",4,6,,"=""T6527c4,LS""","=""u24""",
"=""333.1689""","=""333.1667""","=""9""","=""1.03e+08""",D+,"=""32.66340""","=""36.38479""","=""3s.3p.(3P*).4s""","=""4P*""","=""3/2""","=""3s.3p.(3P*).4p""","=""4D""","=""3/2""",4,4,,"=""T6527c4,LS""","=""u24""",
"=""""","=""333.597+""","=""""","=""1.06e+08""",C,"=""38.31065""","=""42.02723""","=""3s.3p.(1P*).4s""","=""2P*""","=""3/2""","=""3s.3p.(1P*).4p""","=""2D""","=""5/2""",4,6,,"=""T6527c4,LS""","=""""",
"=""""","=""333.959+""","=""""","=""8.79e+07""",D+,"=""38.30359""","=""42.01615""","=""3s.3p.(1P*).4s""","=""2P*""","=""1/2""","=""3s.3p.(1P*).4p""","=""2D""","=""3/2""",2,4,,"=""T6527c4,LS""","=""""",
"=""334.1320""","=""334.1341""","=""10""","=""2.95e+07""",B+,"=""22.49671""","=""26.20732""","=""3s2.4s""","=""2S""","=""1/2""","=""3p3""","=""2P*""","=""1/2""",2,2,,"=""T7942c84""","=""u24""",
"=""334.2417""","=""334.2425""","=""11""","=""2.96e+07""",B+,"=""22.49671""","=""26.20612""","=""3s2.4s""","=""2S""","=""1/2""","=""3p3""","=""2P*""","=""3/2""",2,4,,"=""T7942c84""","=""u24""",
"=""334.4456""","=""334.4459""","=""2""","=""2.56e+07""",D+,"=""31.66504""","=""35.37220""","=""3s2.4d""","=""2D""","=""3/2""","=""3s2.5p""","=""2P*""","=""3/2""",4,4,,"=""T6527c4,LS""","=""u24""",
"=""334.4918""","=""334.4963""","=""10""","=""2.30e+08""",C,"=""31.66560""","=""35.37220""","=""3s2.4d""","=""2D""","=""5/2""","=""3s2.5p""","=""2P*""","=""3/2""",6,4,,"=""T6527c4,LS""","=""u24""",
"=""""","=""334.595+""","=""""","=""1.75e+07""",D+,"=""38.31065""","=""42.01615""","=""3s.3p.(1P*).4s""","=""2P*""","=""3/2""","=""3s.3p.(1P*).4p""","=""2D""","=""3/2""",4,4,,"=""T6527c4,LS""","=""""",
"=""""","=""334.866+""","=""""","=""3.16e+07""",D+,"=""32.66340""","=""36.36590""","=""3s.3p.(3P*).4s""","=""4P*""","=""3/2""","=""3s.3p.(3P*).4p""","=""4D""","=""1/2""",4,2,,"=""T6527c4,LS""","=""""",
"=""335.6098""","=""335.6065""","=""3""","=""""",,"=""32.61988""","=""36.31422""","=""3s.3p.(3P*).4s""","=""4P*""","=""1/2""","=""3s.3p.(3P*).4p""","=""2P""","=""3/2""",2,4,,"=""""","=""u24""",
"=""336.4079""","=""336.4013""","=""12""","=""2.51e+08""",D+,"=""31.66504""","=""35.35065""","=""3s2.4d""","=""2D""","=""3/2""","=""3s2.5p""","=""2P*""","=""1/2""",4,2,,"=""T6527c4,LS""","=""u24""",
"=""337.0042""","=""337.0078""","=""1""","=""6.40e+06""",D,"=""33.65389""","=""37.33286""","=""3s.3p.(3P*).4s""","=""2P*""","=""3/2""","=""3s.3p.(3P*).4p""","=""2D""","=""3/2""",4,4,,"=""T6527c4,LS""","=""u24""",
"=""337.0457""","=""337.0533""","=""10bl""","=""5.58e+07""",D+,"=""32.74022""","=""36.41870""","=""3s.3p.(3P*).4s""","=""4P*""","=""5/2""","=""3s.3p.(3P*).4p""","=""4D""","=""5/2""",6,6,,"=""T6527c4,LS""","=""u24""",
"=""339.3050""","=""339.3040""","=""7w""","=""""",,"=""32.61988""","=""36.27396""","=""3s.3p.(3P*).4s""","=""4P*""","=""1/2""","=""3s.3p.(3P*).4p""","=""2P""","=""1/2""",2,2,,"=""""","=""u24""",
"=""339.6066""","=""339.6070""","=""8w""","=""""",,"=""32.66340""","=""36.31422""","=""3s.3p.(3P*).4s""","=""4P*""","=""3/2""","=""3s.3p.(3P*).4p""","=""2P""","=""3/2""",4,4,,"=""""","=""u24""",
"=""""","=""340.064+""","=""""","=""4.82e+00""",B+,"=""11.66730""","=""15.31320""","=""3s.3p2""","=""2D""","=""3/2""","=""3s.3p2""","=""2S""","=""1/2""",4,2,E2,"=""u29""","=""""",
"=""""","=""340.189+""","=""""","=""9.08e+06""",D,"=""32.74022""","=""36.38479""","=""3s.3p.(3P*).4s""","=""4P*""","=""5/2""","=""3s.3p.(3P*).4p""","=""4D""","=""3/2""",6,4,,"=""T6527c4,LS""","=""""",
"=""""","=""340.611+""","=""""","=""6.99e+00""",B+,"=""11.67315""","=""15.31320""","=""3s.3p2""","=""2D""","=""5/2""","=""3s.3p2""","=""2S""","=""1/2""",6,2,E2,"=""u29""","=""""",
"=""""","=""341.122+""","=""""","=""2.55e+01""",B+,"=""18.86211""","=""22.49671""","=""3s2.3d""","=""2D""","=""3/2""","=""3s2.4s""","=""2S""","=""1/2""",4,2,E2,"=""u29""","=""""",
"=""""","=""341.281+""","=""""","=""3.80e+01""",B+,"=""18.86380""","=""22.49671""","=""3s2.3d""","=""2D""","=""5/2""","=""3s2.4s""","=""2S""","=""1/2""",6,2,E2,"=""u29""","=""""",
"=""341.2879""","=""341.2876""","=""5w""","=""5.57e+07""",D+,"=""37.60909""","=""41.24193""","=""3s2.5d""","=""2D""","=""3/2""","=""3s2.6f""","=""2F*""","=""5/2""",4,6,,"=""T6527c4,LS""","=""u24""",
"=""342.8827""","=""342.8826""","=""5w""","=""5.87e+07""",D+,"=""37.62674""","=""41.24267""","=""3s2.5d""","=""2D""","=""5/2""","=""3s2.6f""","=""2F*""","=""7/2""",6,8,,"=""T6527c4,LS""","=""u24""",
"=""342.9527""","=""342.9532""","=""1w""","=""3.91e+06""",D,"=""37.62674""","=""41.24193""","=""3s2.5d""","=""2D""","=""5/2""","=""3s2.6f""","=""2F*""","=""5/2""",6,6,,"=""T6527c4,LS""","=""u24""",
"=""346.9064""","=""346.9066""","=""1""","=""""",,"=""32.74022""","=""36.31422""","=""3s.3p.(3P*).4s""","=""4P*""","=""5/2""","=""3s.3p.(3P*).4p""","=""2P""","=""3/2""",6,4,,"=""""","=""u24""",
"=""""","=""349.192+""","=""""","=""9.22e-01""",B+,"=""15.31320""","=""18.86380""","=""3s.3p2""","=""2S""","=""1/2""","=""3s2.3d""","=""2D""","=""5/2""",2,6,E2,"=""u29""","=""""",
"=""""","=""349.358+""","=""""","=""8.75e-01""",B+,"=""15.31320""","=""18.86211""","=""3s.3p2""","=""2S""","=""1/2""","=""3s2.3d""","=""2D""","=""3/2""",2,4,E2,"=""u29""","=""""",
"=""349.8910""","=""349.8914""","=""4w""","=""""",,"=""32.84128""","=""36.38479""","=""3s.3p.(3P*).3d""","=""2P*""","=""3/2""","=""3s.3p.(3P*).4p""","=""4D""","=""3/2""",4,4,,"=""""","=""u24""",
"=""351.7677""","=""351.7659""","=""2w""","=""""",,"=""32.84128""","=""36.36590""","=""3s.3p.(3P*).3d""","=""2P*""","=""3/2""","=""3s.3p.(3P*).4p""","=""4D""","=""1/2""",4,2,,"=""""","=""u24""",
"=""352.0113""","=""352.0135""","=""1w""","=""""",,"=""32.86264""","=""36.38479""","=""3s.3p.(3P*).3d""","=""2P*""","=""1/2""","=""3s.3p.(3P*).4p""","=""4D""","=""3/2""",2,4,,"=""""","=""u24""",
"=""353.9110""","=""353.9109""","=""2w""","=""""",,"=""32.86264""","=""36.36590""","=""3s.3p.(3P*).3d""","=""2P*""","=""1/2""","=""3s.3p.(3P*).4p""","=""4D""","=""1/2""",2,2,,"=""""","=""u24""",
"=""""","=""357.001+""","=""""","=""4.13e+07""",D+,"=""32.84128""","=""36.31422""","=""3s.3p.(3P*).3d""","=""2P*""","=""3/2""","=""3s.3p.(3P*).4p""","=""2P""","=""3/2""",4,4,,"=""T6527c4,LS""","=""""",
"=""359.2117""","=""359.2109""","=""5w""","=""8.12e+06""",D,"=""32.86264""","=""36.31422""","=""3s.3p.(3P*).3d""","=""2P*""","=""1/2""","=""3s.3p.(3P*).4p""","=""2P""","=""3/2""",2,4,,"=""T6527c4,LS""","=""u24""",
"=""361.1893""","=""361.1882""","=""5w""","=""1.60e+07""",D,"=""32.84128""","=""36.27396""","=""3s.3p.(3P*).3d""","=""2P*""","=""3/2""","=""3s.3p.(3P*).4p""","=""2P""","=""1/2""",4,2,,"=""T6527c4,LS""","=""u24""",
"=""""","=""362.083+""","=""""","=""1.23e+07""",D+,"=""38.60304""","=""42.02723""","=""3s2.5f""","=""2F*""","=""7/2""","=""3s.3p.(1P*).4p""","=""2D""","=""5/2""",8,6,,"=""T6527c4,LS""","=""""",
"=""""","=""362.104+""","=""""","=""6.16e+05""",E,"=""38.60324""","=""42.02723""","=""3s2.5f""","=""2F*""","=""5/2""","=""3s.3p.(1P*).4p""","=""2D""","=""5/2""",6,6,,"=""T6527c4,LS""","=""""",
"=""""","=""363.280+""","=""""","=""1.28e+07""",D+,"=""38.60324""","=""42.01615""","=""3s2.5f""","=""2F*""","=""5/2""","=""3s.3p.(1P*).4p""","=""2D""","=""3/2""",6,4,,"=""T6527c4,LS""","=""""",
"=""363.4520""","=""363.4500""","=""6w""","=""3.13e+07""",D+,"=""32.86264""","=""36.27396""","=""3s.3p.(3P*).3d""","=""2P*""","=""1/2""","=""3s.3p.(3P*).4p""","=""2P""","=""1/2""",2,2,,"=""T6527c4,LS""","=""u24""",
"=""379.1013""","=""379.0980""","=""11""","=""6.36e+07""",D+,"=""35.35065""","=""38.62115""","=""3s2.5p""","=""2P*""","=""1/2""","=""3s2.6s""","=""2S""","=""1/2""",2,2,,"=""T6527c4,LS""","=""u24""",
"=""""","=""379.923+""","=""""","=""1.29e-01""",C,"=""22.94392""","=""26.20732""","=""3p3""","=""2D*""","=""3/2""","=""3p3""","=""2P*""","=""1/2""",4,2,M1,"=""u29""","=""""",
"=""""","=""379.923+""","=""""","=""2.51e+00""",B+,"=""22.94392""","=""26.20732""","=""3p3""","=""2D*""","=""3/2""","=""3p3""","=""2P*""","=""1/2""",4,2,E2,"=""u29""","=""""",
"=""""","=""381.268+""","=""""","=""2.41e-01""",B,"=""22.95543""","=""26.20732""","=""3p3""","=""2D*""","=""5/2""","=""3p3""","=""2P*""","=""1/2""",6,2,E2,"=""u29""","=""""",
"=""381.6120""","=""381.6124""","=""9w""","=""1.26e+08""",D+,"=""35.37220""","=""38.62115""","=""3s2.5p""","=""2P*""","=""3/2""","=""3s2.6s""","=""2S""","=""1/2""",4,2,,"=""T6527c4,LS""","=""u24""",
"=""""","=""383.583+""","=""""","=""2.05e+05""",E,"=""36.27396""","=""39.50623""","=""3s.3p.(3P*).4p""","=""2P""","=""1/2""","=""3s2.6p""","=""2P*""","=""3/2""",2,4,,"=""T6527c4,LS""","=""""",
"=""""","=""384.023+""","=""""","=""8.19e+05""",E,"=""36.27396""","=""39.50252""","=""3s.3p.(3P*).4p""","=""2P""","=""1/2""","=""3s2.6p""","=""2P*""","=""1/2""",2,2,,"=""T6527c4,LS""","=""""",
"=""384.7881""","=""384.7885""","=""1""","=""""",,"=""39.20168""","=""42.42382""","=""3p2.(3P).3d""","=""4F""","=""7/2""","=""3s.3p.(3P*).4d""","=""2F*""","=""5/2""",8,6,,"=""""","=""u24""",
"=""""","=""388.420+""","=""""","=""9.86e+05""",D,"=""36.31422""","=""39.50623""","=""3s.3p.(3P*).4p""","=""2P""","=""3/2""","=""3s2.6p""","=""2P*""","=""3/2""",4,4,,"=""T6527c4,LS""","=""""",
"=""""","=""388.872+""","=""""","=""3.93e+05""",E,"=""36.31422""","=""39.50252""","=""3s.3p.(3P*).4p""","=""2P""","=""3/2""","=""3s2.6p""","=""2P*""","=""1/2""",4,2,,"=""T6527c4,LS""","=""""",
"=""""","=""395.886+""","=""""","=""2.30e+06""",D,"=""38.62115""","=""41.75297""","=""3s2.6s""","=""2S""","=""1/2""","=""3s2.7p""","=""2P*""","=""3/2""",2,4,,"=""T6527c4,LS""","=""""",
"=""""","=""396.273+""","=""""","=""2.29e+06""",D,"=""38.62115""","=""41.74991""","=""3s2.6s""","=""2S""","=""1/2""","=""3s2.7p""","=""2P*""","=""1/2""",2,2,,"=""T6527c4,LS""","=""""",
"=""""","=""396.559+""","=""""","=""1.76e+07""",D+,"=""39.50252""","=""42.62902""","=""3s2.6p""","=""2P*""","=""1/2""","=""3s.3p.(1P*).4p""","=""2S""","=""1/2""",2,2,,"=""T6527c4,LS""","=""""",
"=""397.0324""","=""397.0302""","=""1""","=""3.51e+07""",D+,"=""39.50623""","=""42.62902""","=""3s2.6p""","=""2P*""","=""3/2""","=""3s.3p.(1P*).4p""","=""2S""","=""1/2""",4,2,,"=""T6527c4,LS""","=""u24""",
"=""""","=""402.614+""","=""""","=""1.31e+07""",D+,"=""34.54725""","=""37.62674""","=""3s.3p.(1P*).3d""","=""2P*""","=""3/2""","=""3s2.5d""","=""2D""","=""5/2""",4,6,,"=""T6527c4,LS""","=""""",
"=""""","=""404.934+""","=""""","=""2.14e+06""",D,"=""34.54725""","=""37.60909""","=""3s.3p.(1P*).3d""","=""2P*""","=""3/2""","=""3s2.5d""","=""2D""","=""3/2""",4,4,,"=""T6527c4,LS""","=""""",
"=""""","=""405.500+""","=""""","=""1.07e+07""",D+,"=""34.55153""","=""37.60909""","=""3s.3p.(1P*).3d""","=""2P*""","=""1/2""","=""3s2.5d""","=""2D""","=""3/2""",2,4,,"=""T6527c4,LS""","=""""",
"=""""","=""416.211+""","=""""","=""1.26e+06""",E,"=""38.30359""","=""41.28247""","=""3s.3p.(1P*).4s""","=""2P*""","=""1/2""","=""3s2.7s""","=""2S""","=""1/2""",2,2,,"=""T6527c4,LS""","=""""",
"=""""","=""417.199+""","=""""","=""2.50e+06""",D,"=""38.31065""","=""41.28247""","=""3s.3p.(1P*).4s""","=""2P*""","=""3/2""","=""3s2.7s""","=""2S""","=""1/2""",4,2,,"=""T6527c4,LS""","=""""",
"=""""","=""423.03+""","=""""","=""5.29e+07""",D+,"=""35.35065""","=""38.28149""","=""3s2.5p""","=""2P*""","=""1/2""","=""3s.3p.(3P*).4p""","=""2S""","=""1/2""",2,2,,"=""T6527c4,LS""","=""""",
"=""426.1657""","=""426.1666""","=""7""","=""1.04e+08""",D+,"=""35.37220""","=""38.28149""","=""3s2.5p""","=""2P*""","=""3/2""","=""3s.3p.(3P*).4p""","=""2S""","=""1/2""",4,2,,"=""T6527c4,LS""","=""u24""",
"=""""","=""429.53+""","=""""","=""2.95e+05""",D,"=""31.66504""","=""34.55153""","=""3s2.4d""","=""2D""","=""3/2""","=""3s.3p.(1P*).3d""","=""2P*""","=""1/2""",4,2,,"=""T7262""","=""""",
"=""""","=""430.17+""","=""""","=""3.31e+04""",E,"=""31.66504""","=""34.54725""","=""3s2.4d""","=""2D""","=""3/2""","=""3s.3p.(1P*).3d""","=""2P*""","=""3/2""",4,4,,"=""T7262""","=""""",
"=""""","=""430.25+""","=""""","=""3.01e+05""",D,"=""31.66560""","=""34.54725""","=""3s2.4d""","=""2D""","=""5/2""","=""3s.3p.(1P*).3d""","=""2P*""","=""3/2""",6,4,,"=""T7262""","=""""",
"=""""","=""435.42+""","=""""","=""6.94e-02""",B,"=""8.82570""","=""11.67315""","=""3s.3p2""","=""4P""","=""1/2""","=""3s.3p2""","=""2D""","=""5/2""",2,6,E2,"=""u29""","=""""",
"=""""","=""436.03+""","=""""","=""3.11e+06""",D,"=""34.54725""","=""37.39071""","=""3s.3p.(1P*).3d""","=""2P*""","=""3/2""","=""3s.3p.(3P*).4p""","=""2D""","=""5/2""",4,6,,"=""T6527c4,LS""","=""""",
"=""""","=""436.32+""","=""""","=""1.39e-02""",C,"=""8.82570""","=""11.66730""","=""3s.3p2""","=""4P""","=""1/2""","=""3s.3p2""","=""2D""","=""3/2""",2,4,M1,"=""u29""","=""""",
"=""""","=""436.32+""","=""""","=""7.10e-02""",B,"=""8.82570""","=""11.66730""","=""3s.3p2""","=""4P""","=""1/2""","=""3s.3p2""","=""2D""","=""3/2""",2,4,E2,"=""u29""","=""""",
"=""""","=""440.07+""","=""""","=""3.60e+06""",D+,"=""38.42531""","=""41.24267""","=""3s2.5g""","=""2G""","=""9/2""","=""3s2.6f""","=""2F*""","=""7/2""",10,8,,"=""T6527c4,LS""","=""""",
"=""""","=""440.07+""","=""""","=""1.80e+05""",E,"=""38.42533""","=""41.24267""","=""3s2.5g""","=""2G""","=""7/2""","=""3s2.6f""","=""2F*""","=""7/2""",8,8,,"=""T6527c4,LS""","=""""",
"=""""","=""440.19+""","=""""","=""3.36e+06""",D,"=""38.42533""","=""41.24193""","=""3s2.5g""","=""2G""","=""7/2""","=""3s2.6f""","=""2F*""","=""5/2""",8,6,,"=""T6527c4,LS""","=""""",
"=""441.7649""","=""441.7664""","=""3""","=""""",,"=""33.57823""","=""36.38479""","=""3s.3p.(3P*).4s""","=""2P*""","=""1/2""","=""3s.3p.(3P*).4p""","=""4D""","=""3/2""",2,4,,"=""""","=""u24""",
"=""""","=""442.06+""","=""""","=""2.91e-02""",C,"=""8.86843""","=""11.67315""","=""3s.3p2""","=""4P""","=""3/2""","=""3s.3p2""","=""2D""","=""5/2""",4,6,M1,"=""u29""","=""""",
"=""""","=""442.98+""","=""""","=""5.25e-02""",C,"=""8.86843""","=""11.66730""","=""3s.3p2""","=""4P""","=""3/2""","=""3s.3p2""","=""2D""","=""3/2""",4,4,M1,"=""u29""","=""""",
"=""444.7577""","=""444.7587""","=""8""","=""""",,"=""33.57823""","=""36.36590""","=""3s.3p.(3P*).4s""","=""2P*""","=""1/2""","=""3s.3p.(3P*).4p""","=""4D""","=""1/2""",2,2,,"=""""","=""u24""",
"=""445.0893""","=""445.0893""","=""1""","=""4.85e+05""",E,"=""34.54725""","=""37.33286""","=""3s.3p.(1P*).3d""","=""2P*""","=""3/2""","=""3s.3p.(3P*).4p""","=""2D""","=""3/2""",4,4,,"=""T6527c4,LS""","=""u24""",
"=""""","=""445.77+""","=""""","=""2.42e+06""",D,"=""34.55153""","=""37.33286""","=""3s.3p.(1P*).3d""","=""2P*""","=""1/2""","=""3s.3p.(3P*).4p""","=""2D""","=""3/2""",2,4,,"=""T6527c4,LS""","=""""",
"=""""","=""446.70+""","=""""","=""5.59e+04""",E,"=""34.85116""","=""37.62674""","=""3s.3p.(1P*).3d""","=""2D*""","=""3/2""","=""3s2.5d""","=""2D""","=""5/2""",4,6,,"=""T6527c4,LS""","=""""",
"=""""","=""449.47+""","=""""","=""7.66e+05""",D,"=""34.86827""","=""37.62674""","=""3s.3p.(1P*).3d""","=""2D*""","=""5/2""","=""3s2.5d""","=""2D""","=""5/2""",6,6,,"=""T6527c4,LS""","=""""",
"=""""","=""449.56+""","=""""","=""7.39e+05""",D,"=""34.85116""","=""37.60909""","=""3s.3p.(1P*).3d""","=""2D*""","=""3/2""","=""3s2.5d""","=""2D""","=""3/2""",4,4,,"=""T6527c4,LS""","=""""",
"=""""","=""452.36+""","=""""","=""8.07e+04""",E,"=""34.86827""","=""37.60909""","=""3s.3p.(1P*).3d""","=""2D*""","=""5/2""","=""3s2.5d""","=""2D""","=""3/2""",6,4,,"=""T6527c4,LS""","=""""",
"=""""","=""452.98+""","=""""","=""1.38e-01""",C+,"=""8.93609""","=""11.67315""","=""3s.3p2""","=""4P""","=""5/2""","=""3s.3p2""","=""2D""","=""5/2""",6,6,M1,"=""u29""","=""""",
"=""""","=""452.98+""","=""""","=""2.28e-03""",B,"=""8.93609""","=""11.67315""","=""3s.3p2""","=""4P""","=""5/2""","=""3s.3p2""","=""2D""","=""5/2""",6,6,E2,"=""u29""","=""""",
"=""453.1600""","=""453.1613""","=""5""","=""8.40e+06""",D+,"=""33.57823""","=""36.31422""","=""3s.3p.(3P*).4s""","=""2P*""","=""1/2""","=""3s.3p.(3P*).4p""","=""2P""","=""3/2""",2,4,,"=""T6527c4,LS""","=""u24""",
"=""""","=""453.95+""","=""""","=""1.60e-02""",C,"=""8.93609""","=""11.66730""","=""3s.3p2""","=""4P""","=""5/2""","=""3s.3p2""","=""2D""","=""3/2""",6,4,M1,"=""u29""","=""""",
"=""""","=""456.46+""","=""""","=""7.24e+04""",E,"=""39.14599""","=""41.86222""","=""3p2.(3P).3d""","=""4F""","=""3/2""","=""3s.3p.(3P*).4d""","=""4F*""","=""5/2""",4,6,,"=""T6527c4,LS""","=""""",
"=""457.1629""","=""457.1658""","=""4""","=""""",,"=""33.65389""","=""36.36590""","=""3s.3p.(3P*).4s""","=""2P*""","=""3/2""","=""3s.3p.(3P*).4p""","=""4D""","=""1/2""",4,2,,"=""""","=""u24""",
"=""""","=""458.12+""","=""""","=""4.15e+04""",E,"=""39.16940""","=""41.87575""","=""3p2.(3P).3d""","=""4F""","=""5/2""","=""3s.3p.(3P*).4d""","=""4F*""","=""7/2""",6,8,,"=""T6527c4,LS""","=""""",
"=""""","=""458.93+""","=""""","=""1.73e+02""",D,"=""28.96400""","=""31.66560""","=""3s.3p.(3P*).3d""","=""2D*""","=""5/2""","=""3s2.4d""","=""2D""","=""5/2""",6,6,,"=""u29""","=""""",
"=""""","=""459.02+""","=""""","=""5.80e+02""",D+,"=""28.96400""","=""31.66504""","=""3s.3p.(3P*).3d""","=""2D*""","=""5/2""","=""3s2.4d""","=""2D""","=""3/2""",6,4,,"=""u29""","=""""",
"=""""","=""459.40+""","=""""","=""3.19e+05""",E,"=""39.14599""","=""41.84479""","=""3p2.(3P).3d""","=""4F""","=""3/2""","=""3s.3p.(3P*).4d""","=""4F*""","=""3/2""",4,4,,"=""T6527c4,LS""","=""""",
"=""""","=""459.59+""","=""""","=""5.29e+01""",D,"=""28.96788""","=""31.66560""","=""3s.3p.(3P*).3d""","=""2D*""","=""3/2""","=""3s2.4d""","=""2D""","=""5/2""",4,6,,"=""u29""","=""""",
"=""""","=""459.68+""","=""""","=""1.07e+02""",D,"=""28.96788""","=""31.66504""","=""3s.3p.(3P*).3d""","=""2D*""","=""3/2""","=""3s2.4d""","=""2D""","=""3/2""",4,4,,"=""u29""","=""""",
"=""459.9299""","=""459.9287""","=""10""","=""3.22e+07""",D+,"=""33.57823""","=""36.27396""","=""3s.3p.(3P*).4s""","=""2P*""","=""1/2""","=""3s.3p.(3P*).4p""","=""2P""","=""1/2""",2,2,,"=""T6527c4,LS""","=""u24""",
"=""460.4220""","=""460.4242""","=""1""","=""2.72e+05""",E,"=""39.16940""","=""41.86222""","=""3p2.(3P).3d""","=""4F""","=""5/2""","=""3s.3p.(3P*).4d""","=""4F*""","=""5/2""",6,6,,"=""T6527c4,LS""","=""u24""",
"=""""","=""463.42+""","=""""","=""1.04e+05""",E,"=""39.16940""","=""41.84479""","=""3p2.(3P).3d""","=""4F""","=""5/2""","=""3s.3p.(3P*).4d""","=""4F*""","=""3/2""",6,4,,"=""T6527c4,LS""","=""""",
"=""""","=""463.65+""","=""""","=""2.95e+05""",D,"=""39.20168""","=""41.87575""","=""3p2.(3P).3d""","=""4F""","=""7/2""","=""3s.3p.(3P*).4d""","=""4F*""","=""7/2""",8,8,,"=""T6527c4,LS""","=""""",
"=""""","=""464.21+""","=""""","=""3.53e+05""",D,"=""39.24235""","=""41.91324""","=""3p2.(3P).3d""","=""4F""","=""9/2""","=""3s.3p.(3P*).4d""","=""4F*""","=""9/2""",10,10,,"=""T6527c4,LS""","=""""",
"=""""","=""466.01+""","=""""","=""5.28e+04""",E,"=""39.20168""","=""41.86222""","=""3p2.(3P).3d""","=""4F""","=""7/2""","=""3s.3p.(3P*).4d""","=""4F*""","=""5/2""",8,6,,"=""T6527c4,LS""","=""""",
"=""466.0472""","=""466.0484""","=""10""","=""3.87e+07""",D+,"=""33.65389""","=""36.31422""","=""3s.3p.(3P*).4s""","=""2P*""","=""3/2""","=""3s.3p.(3P*).4p""","=""2P""","=""3/2""",4,4,,"=""T6527c4,LS""","=""u24""",
"=""""","=""467.48+""","=""""","=""8.50e+05""",D,"=""39.50252""","=""42.15469""","=""3s2.6p""","=""2P*""","=""1/2""","=""3s.3p.(1P*).4p""","=""2P""","=""3/2""",2,4,,"=""T6527c4,LS""","=""""",
"=""468.1358""","=""468.1363""","=""1w""","=""4.23e+06""",D,"=""39.50623""","=""42.15469""","=""3s2.6p""","=""2P*""","=""3/2""","=""3s.3p.(1P*).4p""","=""2P""","=""3/2""",4,4,,"=""T6527c4,LS""","=""u24""",
"=""469.5470""","=""469.5475""","=""2""","=""""",,"=""39.14599""","=""41.78649""","=""3p2.(3P).3d""","=""4F""","=""3/2""","=""3s.3p.(3P*).4d""","=""2D*""","=""3/2""",4,4,,"=""""","=""u24""",
"=""""","=""471.60+""","=""""","=""3.30e+06""",D,"=""39.50252""","=""42.13153""","=""3s2.6p""","=""2P*""","=""1/2""","=""3s.3p.(1P*).4p""","=""2P""","=""1/2""",2,2,,"=""T6527c4,LS""","=""""",
"=""""","=""472.27+""","=""""","=""1.65e+06""",D,"=""39.50623""","=""42.13153""","=""3s2.6p""","=""2P*""","=""3/2""","=""3s.3p.(1P*).4p""","=""2P""","=""1/2""",4,2,,"=""T6527c4,LS""","=""""",
"=""473.2027""","=""473.2093""","=""7""","=""1.48e+07""",D+,"=""33.65389""","=""36.27396""","=""3s.3p.(3P*).4s""","=""2P*""","=""3/2""","=""3s.3p.(3P*).4p""","=""2P""","=""1/2""",4,2,,"=""T6527c4,LS""","=""u24""",
"=""""","=""484.91+""","=""""","=""5.03e+04""",E,"=""39.14599""","=""41.70285""","=""3p2.(3P).3d""","=""4F""","=""3/2""","=""3s.3p.(3P*).4d""","=""4D*""","=""5/2""",4,6,,"=""T6527c4,LS""","=""""",
"=""""","=""485.10+""","=""""","=""2.74e+04""",E,"=""39.16940""","=""41.72525""","=""3p2.(3P).3d""","=""4F""","=""5/2""","=""3s.3p.(3P*).4d""","=""4D*""","=""7/2""",6,8,,"=""T6527c4,LS""","=""""",
"=""""","=""486.30+""","=""""","=""1.05e+06""",D,"=""39.14599""","=""41.69551""","=""3p2.(3P).3d""","=""4F""","=""3/2""","=""3s.3p.(3P*).4d""","=""4D*""","=""3/2""",4,4,,"=""T6527c4,LS""","=""""",
"=""""","=""487.29+""","=""""","=""5.21e+06""",D,"=""39.14599""","=""41.69034""","=""3p2.(3P).3d""","=""4F""","=""3/2""","=""3s.3p.(3P*).4d""","=""4D*""","=""1/2""",4,2,,"=""T6527c4,LS""","=""""",
"=""""","=""488.21+""","=""""","=""8.36e+04""",E,"=""34.85116""","=""37.39071""","=""3s.3p.(1P*).3d""","=""2D*""","=""3/2""","=""3s.3p.(3P*).4p""","=""2D""","=""5/2""",4,6,,"=""T6527c4,LS""","=""""",
"=""""","=""489.39+""","=""""","=""8.94e+05""",D,"=""39.16940""","=""41.70285""","=""3p2.(3P).3d""","=""4F""","=""5/2""","=""3s.3p.(3P*).4d""","=""4D*""","=""5/2""",6,6,,"=""T6527c4,LS""","=""""",
"=""""","=""490.81+""","=""""","=""4.10e+06""",D,"=""39.16940""","=""41.69551""","=""3p2.(3P).3d""","=""4F""","=""5/2""","=""3s.3p.(3P*).4d""","=""4D*""","=""3/2""",6,4,,"=""T6527c4,LS""","=""""",
"=""""","=""491.31+""","=""""","=""5.17e+05""",D,"=""39.20168""","=""41.72525""","=""3p2.(3P).3d""","=""4F""","=""7/2""","=""3s.3p.(3P*).4d""","=""4D*""","=""7/2""",8,8,,"=""T6527c4,LS""","=""""",
"=""""","=""491.53+""","=""""","=""1.15e+06""",D,"=""34.86827""","=""37.39071""","=""3s.3p.(1P*).3d""","=""2D*""","=""5/2""","=""3s.3p.(3P*).4p""","=""2D""","=""5/2""",6,6,,"=""T6527c4,LS""","=""""",
"=""""","=""491.80+""","=""""","=""2.22e+07""",D+,"=""39.50623""","=""42.02723""","=""3s2.6p""","=""2P*""","=""3/2""","=""3s.3p.(1P*).4p""","=""2D""","=""5/2""",4,6,,"=""T6527c4,LS""","=""""",
"=""""","=""493.25+""","=""""","=""1.84e+07""",D+,"=""39.50252""","=""42.01615""","=""3s2.6p""","=""2P*""","=""1/2""","=""3s.3p.(1P*).4p""","=""2D""","=""3/2""",2,4,,"=""T6527c4,LS""","=""""",
"=""""","=""493.98+""","=""""","=""3.66e+06""",D,"=""39.50623""","=""42.01615""","=""3s2.6p""","=""2P*""","=""3/2""","=""3s.3p.(1P*).4p""","=""2D""","=""3/2""",4,4,,"=""T6527c4,LS""","=""""",
"=""""","=""495.70+""","=""""","=""4.05e+06""",D+,"=""39.20168""","=""41.70285""","=""3p2.(3P).3d""","=""4F""","=""7/2""","=""3s.3p.(3P*).4d""","=""4D*""","=""5/2""",8,6,,"=""T6527c4,LS""","=""""",
"=""""","=""499.35+""","=""""","=""4.31e+06""",D+,"=""39.24235""","=""41.72525""","=""3p2.(3P).3d""","=""4F""","=""9/2""","=""3s.3p.(3P*).4d""","=""4D*""","=""7/2""",10,8,,"=""T6527c4,LS""","=""""",
"=""""","=""499.60+""","=""""","=""1.05e+06""",D,"=""34.85116""","=""37.33286""","=""3s.3p.(1P*).3d""","=""2D*""","=""3/2""","=""3s.3p.(3P*).4p""","=""2D""","=""3/2""",4,4,,"=""T6527c4,LS""","=""""",
"=""""","=""500.34+""","=""""","=""6.63e+06""",D,"=""41.69034""","=""44.16835""","=""3s.3p.(3P*).4d""","=""4D*""","=""1/2""","=""3s.3p.(3P*).4f""","=""4D""","=""1/2""",2,2,,"=""T6527c4,LS""","=""""",
"=""""","=""501.38+""","=""""","=""6.58e+06""",D,"=""41.69551""","=""44.16835""","=""3s.3p.(3P*).4d""","=""4D*""","=""3/2""","=""3s.3p.(3P*).4f""","=""4D""","=""1/2""",4,2,,"=""T6527c4,LS""","=""""",
"=""""","=""502.08+""","=""""","=""3.29e+06""",D,"=""41.69034""","=""44.15977""","=""3s.3p.(3P*).4d""","=""4D*""","=""1/2""","=""3s.3p.(3P*).4f""","=""4D""","=""3/2""",2,4,,"=""T6527c4,LS""","=""""",
"=""""","=""503.06+""","=""""","=""1.15e+05""",E,"=""34.86827""","=""37.33286""","=""3s.3p.(1P*).3d""","=""2D*""","=""5/2""","=""3s.3p.(3P*).4p""","=""2D""","=""3/2""",6,4,,"=""T6527c4,LS""","=""""",
"=""""","=""503.13+""","=""""","=""5.22e+06""",D+,"=""41.69551""","=""44.15977""","=""3s.3p.(3P*).4d""","=""4D*""","=""3/2""","=""3s.3p.(3P*).4f""","=""4D""","=""3/2""",4,4,,"=""T6527c4,LS""","=""""",
"=""""","=""504.63+""","=""""","=""4.52e+06""",D+,"=""41.70285""","=""44.15977""","=""3s.3p.(3P*).4d""","=""4D*""","=""5/2""","=""3s.3p.(3P*).4f""","=""4D""","=""3/2""",6,4,,"=""T6527c4,LS""","=""""",
"=""""","=""509.03+""","=""""","=""2.95e+06""",D+,"=""41.69551""","=""44.13123""","=""3s.3p.(3P*).4d""","=""4D*""","=""3/2""","=""3s.3p.(3P*).4f""","=""4D""","=""5/2""",4,6,,"=""T6527c4,LS""","=""""",
"=""""","=""510.56+""","=""""","=""7.17e+06""",D+,"=""41.70285""","=""44.13123""","=""3s.3p.(3P*).4d""","=""4D*""","=""5/2""","=""3s.3p.(3P*).4f""","=""4D""","=""5/2""",6,6,,"=""T6527c4,LS""","=""""",
"=""""","=""515.32+""","=""""","=""2.31e+06""",D,"=""41.72525""","=""44.13123""","=""3s.3p.(3P*).4d""","=""4D*""","=""7/2""","=""3s.3p.(3P*).4f""","=""4D""","=""5/2""",8,6,,"=""T6527c4,LS""","=""""",
"=""""","=""517.89+""","=""""","=""1.71e+06""",D,"=""41.70285""","=""44.09690""","=""3s.3p.(3P*).4d""","=""4D*""","=""5/2""","=""3s.3p.(3P*).4f""","=""4D""","=""7/2""",6,8,,"=""T6527c4,LS""","=""""",
"=""""","=""522.77+""","=""""","=""9.98e+06""",D+,"=""41.72525""","=""44.09690""","=""3s.3p.(3P*).4d""","=""4D*""","=""7/2""","=""3s.3p.(3P*).4f""","=""4D""","=""7/2""",8,8,,"=""T6527c4,LS""","=""""",
"=""""","=""533.60+""","=""""","=""2.56e+06""",D,"=""41.84479""","=""44.16835""","=""3s.3p.(3P*).4d""","=""4F*""","=""3/2""","=""3s.3p.(3P*).4f""","=""4D""","=""1/2""",4,2,,"=""T6527c4,LS""","=""""",
"=""""","=""535.57+""","=""""","=""5.04e+05""",D,"=""41.84479""","=""44.15977""","=""3s.3p.(3P*).4d""","=""4F*""","=""3/2""","=""3s.3p.(3P*).4f""","=""4D""","=""3/2""",4,4,,"=""T6527c4,LS""","=""""",
"=""""","=""539.64+""","=""""","=""1.99e+06""",D,"=""41.86222""","=""44.15977""","=""3s.3p.(3P*).4d""","=""4F*""","=""5/2""","=""3s.3p.(3P*).4f""","=""4D""","=""3/2""",6,4,,"=""T6527c4,LS""","=""""",
"=""""","=""539.75+""","=""""","=""6.08e-03""",B,"=""16.56672""","=""18.86380""","=""3s.3p2""","=""2P""","=""1/2""","=""3s2.3d""","=""2D""","=""5/2""",2,6,E2,"=""u29""","=""""",
"=""""","=""540.14+""","=""""","=""4.54e-03""",C,"=""16.56672""","=""18.86211""","=""3s.3p2""","=""2P""","=""1/2""","=""3s2.3d""","=""2D""","=""3/2""",2,4,M1,"=""u29""","=""""",
"=""""","=""542.26+""","=""""","=""2.31e+04""",E,"=""41.84479""","=""44.13123""","=""3s.3p.(3P*).4d""","=""4F*""","=""3/2""","=""3s.3p.(3P*).4f""","=""4D""","=""5/2""",4,6,,"=""T6527c4,LS""","=""""",
"=""""","=""546.42+""","=""""","=""4.13e+05""",D,"=""41.86222""","=""44.13123""","=""3s.3p.(3P*).4d""","=""4F*""","=""5/2""","=""3s.3p.(3P*).4f""","=""4D""","=""5/2""",6,6,,"=""T6527c4,LS""","=""""",
"=""548.9776""","=""548.9800""","=""9""","=""7.11e+07""",C,"=""35.35065""","=""37.60909""","=""3s2.5p""","=""2P*""","=""1/2""","=""3s2.5d""","=""2D""","=""3/2""",2,4,,"=""T6527c4,LS""","=""u24""",
"=""""","=""549.70+""","=""""","=""1.91e+06""",D,"=""41.87575""","=""44.13123""","=""3s.3p.(3P*).4d""","=""4F*""","=""7/2""","=""3s.3p.(3P*).4f""","=""4D""","=""5/2""",8,6,,"=""T6527c4,LS""","=""""",
"=""549.9277""","=""549.9310""","=""11""","=""8.48e+07""",C,"=""35.37220""","=""37.62674""","=""3s2.5p""","=""2P*""","=""3/2""","=""3s2.5d""","=""2D""","=""5/2""",4,6,,"=""T6527c4,LS""","=""u24""",
"=""554.2696""","=""554.2684""","=""3""","=""1.38e+07""",D+,"=""35.37220""","=""37.60909""","=""3s2.5p""","=""2P*""","=""3/2""","=""3s2.5d""","=""2D""","=""3/2""",4,4,,"=""T6527c4,LS""","=""u24""",
"=""""","=""554.82+""","=""""","=""1.18e+04""",E',"=""41.86222""","=""44.09690""","=""3s.3p.(3P*).4d""","=""4F*""","=""5/2""","=""3s.3p.(3P*).4f""","=""4D""","=""7/2""",6,8,,"=""T6527c4,LS""","=""""",
"=""""","=""558.20+""","=""""","=""2.27e+05""",D,"=""41.87575""","=""44.09690""","=""3s.3p.(3P*).4d""","=""4F*""","=""7/2""","=""3s.3p.(3P*).4f""","=""4D""","=""7/2""",8,8,,"=""T6527c4,LS""","=""""",
"=""""","=""558.62+""","=""""","=""8.45e-03""",B,"=""16.64431""","=""18.86380""","=""3s.3p2""","=""2P""","=""3/2""","=""3s2.3d""","=""2D""","=""5/2""",4,6,E2,"=""u29""","=""""",
"=""""","=""558.62+""","=""""","=""4.96e-03""",C,"=""16.64431""","=""18.86380""","=""3s.3p2""","=""2P""","=""3/2""","=""3s2.3d""","=""2D""","=""5/2""",4,6,M1,"=""u29""","=""""",
"=""""","=""559.04+""","=""""","=""2.69e-03""",B,"=""16.64431""","=""18.86211""","=""3s.3p2""","=""2P""","=""3/2""","=""3s2.3d""","=""2D""","=""3/2""",4,4,E2,"=""u29""","=""""",
"=""""","=""559.04+""","=""""","=""1.33e-02""",C,"=""16.64431""","=""18.86211""","=""3s.3p2""","=""2P""","=""3/2""","=""3s2.3d""","=""2D""","=""3/2""",4,4,M1,"=""u29""","=""""",
"=""567.7823""","=""567.7818""","=""1""","=""1.89e+06""",D+,"=""41.91324""","=""44.09690""","=""3s.3p.(3P*).4d""","=""4F*""","=""9/2""","=""3s.3p.(3P*).4f""","=""4D""","=""7/2""",10,8,,"=""T6527c4,LS""","=""u24""",
"=""""","=""570.47+""","=""""","=""6.99e+06""",D+,"=""37.33286""","=""39.50623""","=""3s.3p.(3P*).4p""","=""2D""","=""3/2""","=""3s2.6p""","=""2P*""","=""3/2""",4,4,,"=""T6527c4,LS""","=""""",
"=""""","=""571.44+""","=""""","=""6.94e+07""",C,"=""37.33286""","=""39.50252""","=""3s.3p.(3P*).4p""","=""2D""","=""3/2""","=""3s2.6p""","=""2P*""","=""1/2""",4,2,,"=""T6527c4,LS""","=""""",
"=""""","=""586.07+""","=""""","=""5.80e+07""",C,"=""37.39071""","=""39.50623""","=""3s.3p.(3P*).4p""","=""2D""","=""5/2""","=""3s2.6p""","=""2P*""","=""3/2""",6,4,,"=""T6527c4,LS""","=""""",
"=""611.9681""","=""611.9689""","=""1""","=""""",,"=""41.24193""","=""43.26792""","=""3s2.6f""","=""2F*""","=""5/2""","=""3s.3p.(3P*).4f""","=""4F""","=""5/2""",6,6,,"=""""","=""u24""",
"=""614.2346""","=""614.2355""","=""4""","=""6.75e+07""",C,"=""35.37220""","=""37.39071""","=""3s2.5p""","=""2P*""","=""3/2""","=""3s.3p.(3P*).4p""","=""2D""","=""5/2""",4,6,,"=""T6527c4,LS""","=""u24""",
"=""""","=""623.40+""","=""""","=""1.82e+04""",E,"=""31.66504""","=""33.65389""","=""3s2.4d""","=""2D""","=""3/2""","=""3s.3p.(3P*).4s""","=""2P*""","=""3/2""",4,4,,"=""T7262""","=""""",
"=""""","=""623.57+""","=""""","=""1.65e+05""",D,"=""31.66560""","=""33.65389""","=""3s2.4d""","=""2D""","=""5/2""","=""3s.3p.(3P*).4s""","=""2P*""","=""3/2""",6,4,,"=""T7262""","=""""",
"=""625.4849""","=""625.4848""","=""2""","=""5.33e+07""",C,"=""35.35065""","=""37.33286""","=""3s2.5p""","=""2P*""","=""1/2""","=""3s.3p.(3P*).4p""","=""2D""","=""3/2""",2,4,,"=""T6527c4,LS""","=""u24""",
"=""""","=""632.36+""","=""""","=""1.03e+07""",D+,"=""35.37220""","=""37.33286""","=""3s2.5p""","=""2P*""","=""3/2""","=""3s.3p.(3P*).4p""","=""2D""","=""3/2""",4,4,,"=""T6527c4,LS""","=""""",
"=""""","=""634.30+""","=""""","=""2.34e+06""",D+,"=""42.20510""","=""44.15977""","=""3s.3p.(3P*).4d""","=""4P*""","=""5/2""","=""3s.3p.(3P*).4f""","=""4D""","=""3/2""",6,4,,"=""T6527c4,LS""","=""""",
"=""""","=""642.78+""","=""""","=""7.49e+06""",D+,"=""42.23948""","=""44.16835""","=""3s.3p.(3P*).4d""","=""4P*""","=""3/2""","=""3s.3p.(3P*).4f""","=""4D""","=""1/2""",4,2,,"=""T6527c4,LS""","=""""",
"=""643.6928""","=""643.6953""","=""1""","=""1.35e+07""",C,"=""42.20510""","=""44.13123""","=""3s.3p.(3P*).4d""","=""4P*""","=""5/2""","=""3s.3p.(3P*).4f""","=""4D""","=""5/2""",6,6,,"=""T6527c4,LS""","=""u24""",
"=""""","=""645.65+""","=""""","=""2.37e+07""",C,"=""42.23948""","=""44.15977""","=""3s.3p.(3P*).4d""","=""4P*""","=""3/2""","=""3s.3p.(3P*).4f""","=""4D""","=""3/2""",4,4,,"=""T6527c4,LS""","=""""",
"=""""","=""648.05+""","=""""","=""1.08e+05""",D,"=""31.66504""","=""33.57823""","=""3s2.4d""","=""2D""","=""3/2""","=""3s.3p.(3P*).4s""","=""2P*""","=""1/2""",4,2,,"=""T7262""","=""""",
"=""""","=""649.75+""","=""""","=""3.63e+07""",D+,"=""42.26016""","=""44.16835""","=""3s.3p.(3P*).4d""","=""4P*""","=""1/2""","=""3s.3p.(3P*).4f""","=""4D""","=""1/2""",2,2,,"=""T6527c4,LS""","=""""",
"=""""","=""652.68+""","=""""","=""1.79e+07""",D+,"=""42.26016""","=""44.15977""","=""3s.3p.(3P*).4d""","=""4P*""","=""1/2""","=""3s.3p.(3P*).4f""","=""4D""","=""3/2""",2,4,,"=""T6527c4,LS""","=""""",
"=""""","=""653.53+""","=""""","=""5.45e+06""",D+,"=""37.60909""","=""39.50623""","=""3s2.5d""","=""2D""","=""3/2""","=""3s2.6p""","=""2P*""","=""3/2""",4,4,,"=""T6527c4,LS""","=""""",
"=""""","=""654.81+""","=""""","=""5.41e+07""",C,"=""37.60909""","=""39.50252""","=""3s2.5d""","=""2D""","=""3/2""","=""3s2.6p""","=""2P*""","=""1/2""",4,2,,"=""T6527c4,LS""","=""""",
"=""655.3763""","=""655.3767""","=""1""","=""4.25e+07""",C,"=""42.20510""","=""44.09690""","=""3s.3p.(3P*).4d""","=""4P*""","=""5/2""","=""3s.3p.(3P*).4f""","=""4D""","=""7/2""",6,8,,"=""T6527c4,LS""","=""u24""",
"=""655.3935""","=""655.3939""","=""1w""","=""2.97e+07""",C,"=""42.23948""","=""44.13123""","=""3s.3p.(3P*).4d""","=""4P*""","=""3/2""","=""3s.3p.(3P*).4f""","=""4D""","=""5/2""",4,6,,"=""T6527c4,LS""","=""u24""",
"=""""","=""659.67+""","=""""","=""4.78e+07""",C,"=""37.62674""","=""39.50623""","=""3s2.5d""","=""2D""","=""5/2""","=""3s2.6p""","=""2P*""","=""3/2""",6,4,,"=""T6527c4,LS""","=""""",
"=""""","=""670.20+""","=""""","=""7.51e-02""",B+,"=""24.35737""","=""26.20732""","=""3p3""","=""4S*""","=""3/2""","=""3p3""","=""2P*""","=""1/2""",4,2,E2,"=""u29""","=""""",
"=""""","=""670.20+""","=""""","=""6.25e-02""",C+,"=""24.35737""","=""26.20732""","=""3p3""","=""4S*""","=""3/2""","=""3p3""","=""2P*""","=""1/2""",4,2,M1,"=""u29""","=""""",
"=""680.5768""","=""680.5777""","=""3""","=""4.22e+07""",C,"=""41.91324""","=""43.73499""","=""3s.3p.(3P*).4d""","=""4F*""","=""9/2""","=""3s.3p.(3P*).4f""","=""4G""","=""11/2""",10,12,,"=""T6527c4,LS""","=""u24""",
"=""""","=""681.00+""","=""""","=""3.87e+07""",C,"=""41.87575""","=""43.69636""","=""3s.3p.(3P*).4d""","=""4F*""","=""7/2""","=""3s.3p.(3P*).4f""","=""4G""","=""9/2""",8,10,,"=""T6527c4,LS""","=""""",
"=""""","=""685.46+""","=""""","=""3.57e+07""",C,"=""41.86222""","=""43.67099""","=""3s.3p.(3P*).4d""","=""4F*""","=""5/2""","=""3s.3p.(3P*).4f""","=""4G""","=""7/2""",6,8,,"=""T6527c4,LS""","=""""",
"=""""","=""685.58+""","=""""","=""3.55e+07""",C,"=""41.84479""","=""43.65325""","=""3s.3p.(3P*).4d""","=""4F*""","=""3/2""","=""3s.3p.(3P*).4f""","=""4G""","=""5/2""",4,6,,"=""T6527c4,LS""","=""""",
"=""""","=""690.63+""","=""""","=""5.50e+06""",D+,"=""41.87575""","=""43.67099""","=""3s.3p.(3P*).4d""","=""4F*""","=""7/2""","=""3s.3p.(3P*).4f""","=""4G""","=""7/2""",8,8,,"=""T6527c4,LS""","=""""",
"=""""","=""692.25+""","=""""","=""5.55e+06""",D+,"=""41.86222""","=""43.65325""","=""3s.3p.(3P*).4d""","=""4F*""","=""5/2""","=""3s.3p.(3P*).4f""","=""4G""","=""5/2""",6,6,,"=""T6527c4,LS""","=""""",
"=""""","=""695.32+""","=""""","=""3.28e+06""",D+,"=""41.91324""","=""43.69636""","=""3s.3p.(3P*).4d""","=""4F*""","=""9/2""","=""3s.3p.(3P*).4f""","=""4G""","=""9/2""",10,10,,"=""T6527c4,LS""","=""""",
"=""""","=""696.56+""","=""""","=""5.73e+07""",C,"=""39.50252""","=""41.28247""","=""3s2.6p""","=""2P*""","=""1/2""","=""3s2.7s""","=""2S""","=""1/2""",2,2,,"=""T6527c4,LS""","=""""",
"=""""","=""697.52+""","=""""","=""1.96e+05""",D,"=""41.87575""","=""43.65325""","=""3s.3p.(3P*).4d""","=""4F*""","=""7/2""","=""3s.3p.(3P*).4f""","=""4G""","=""5/2""",8,6,,"=""T6527c4,LS""","=""""",
"=""""","=""698.01+""","=""""","=""1.14e+08""",C,"=""39.50623""","=""41.28247""","=""3s2.6p""","=""2P*""","=""3/2""","=""3s2.7s""","=""2S""","=""1/2""",4,2,,"=""T6527c4,LS""","=""""",
"=""700.5205""","=""700.5205""","=""4w""","=""6.12e+07""",C,"=""33.60231""","=""35.37220""","=""3s2.5s""","=""2S""","=""1/2""","=""3s2.5p""","=""2P*""","=""3/2""",2,4,,"=""T6527c4,LS""","=""u24""",
"=""""","=""705.36+""","=""""","=""1.15e+05""",D,"=""41.91324""","=""43.67099""","=""3s.3p.(3P*).4d""","=""4F*""","=""9/2""","=""3s.3p.(3P*).4f""","=""4G""","=""7/2""",10,8,,"=""T6527c4,LS""","=""""",
"=""709.1522""","=""709.1545""","=""1""","=""5.90e+07""",C,"=""33.60231""","=""35.35065""","=""3s2.5s""","=""2S""","=""1/2""","=""3s2.5p""","=""2P*""","=""1/2""",2,2,,"=""T6527c4,LS""","=""u24""",
"=""""","=""727.06+""","=""""","=""1.19e+04""",C+,"=""29.96032""","=""31.66560""","=""3s.3p.(3P*).3d""","=""2F*""","=""5/2""","=""3s2.4d""","=""2D""","=""5/2""",6,6,,"=""u29""","=""""",
"=""""","=""727.30+""","=""""","=""2.52e+05""",B,"=""29.96032""","=""31.66504""","=""3s.3p.(3P*).3d""","=""2F*""","=""5/2""","=""3s2.4d""","=""2D""","=""3/2""",6,4,,"=""u29""","=""""",
"=""""","=""770.48+""","=""""","=""2.22e+05""",B,"=""30.05642""","=""31.66560""","=""3s.3p.(3P*).3d""","=""2F*""","=""7/2""","=""3s2.4d""","=""2D""","=""5/2""",8,6,,"=""u29""","=""""",
"=""""","=""787.86+""","=""""","=""1.26e+07""",C,"=""41.69034""","=""43.26403""","=""3s.3p.(3P*).4d""","=""4D*""","=""1/2""","=""3s.3p.(3P*).4f""","=""4F""","=""3/2""",2,4,,"=""T6527c4,LS""","=""""",
"=""""","=""788.38+""","=""""","=""1.54e+07""",C,"=""41.70285""","=""43.27551""","=""3s.3p.(3P*).4d""","=""4D*""","=""5/2""","=""3s.3p.(3P*).4f""","=""4F""","=""7/2""",6,8,,"=""T6527c4,LS""","=""""",
"=""""","=""788.50+""","=""""","=""1.34e+07""",C,"=""41.69551""","=""43.26792""","=""3s.3p.(3P*).4d""","=""4D*""","=""3/2""","=""3s.3p.(3P*).4f""","=""4F""","=""5/2""",4,6,,"=""T6527c4,LS""","=""""",
"=""""","=""789.95+""","=""""","=""4.99e+05""",D,"=""41.28247""","=""42.85200""","=""3s2.7s""","=""2S""","=""1/2""","=""3s.3p.(3P*).4d""","=""2P*""","=""1/2""",2,2,,"=""T6527c4,LS""","=""""",
"=""""","=""790.46+""","=""""","=""5.00e+06""",D+,"=""41.69551""","=""43.26403""","=""3s.3p.(3P*).4d""","=""4D*""","=""3/2""","=""3s.3p.(3P*).4f""","=""4F""","=""3/2""",4,4,,"=""T6527c4,LS""","=""""",
"=""""","=""792.20+""","=""""","=""4.30e+06""",D+,"=""41.70285""","=""43.26792""","=""3s.3p.(3P*).4d""","=""4D*""","=""5/2""","=""3s.3p.(3P*).4f""","=""4F""","=""5/2""",6,6,,"=""T6527c4,LS""","=""""",
"=""""","=""793.52+""","=""""","=""1.76e+07""",C,"=""41.72525""","=""43.28771""","=""3s.3p.(3P*).4d""","=""4D*""","=""7/2""","=""3s.3p.(3P*).4f""","=""4F""","=""9/2""",8,10,,"=""T6527c4,LS""","=""""",
"=""""","=""794.17+""","=""""","=""3.52e+05""",D,"=""41.70285""","=""43.26403""","=""3s.3p.(3P*).4d""","=""4D*""","=""5/2""","=""3s.3p.(3P*).4f""","=""4F""","=""3/2""",6,4,,"=""T6527c4,LS""","=""""",
"=""""","=""799.76+""","=""""","=""2.45e+06""",D+,"=""41.72525""","=""43.27551""","=""3s.3p.(3P*).4d""","=""4D*""","=""7/2""","=""3s.3p.(3P*).4f""","=""4F""","=""7/2""",8,8,,"=""T6527c4,LS""","=""""",
"=""""","=""803.70+""","=""""","=""1.64e+05""",D,"=""41.72525""","=""43.26792""","=""3s.3p.(3P*).4d""","=""4D*""","=""7/2""","=""3s.3p.(3P*).4f""","=""4F""","=""5/2""",8,6,,"=""T6527c4,LS""","=""""",
"=""""","=""812.13+""","=""""","=""4.60e+05""",D,"=""41.28247""","=""42.80913""","=""3s2.7s""","=""2S""","=""1/2""","=""3s.3p.(3P*).4d""","=""2P*""","=""3/2""",2,4,,"=""T6527c4,LS""","=""""",
"=""""","=""847.44+""","=""""","=""1.16e+05""",D,"=""34.85116""","=""36.31422""","=""3s.3p.(1P*).3d""","=""2D*""","=""3/2""","=""3s.3p.(3P*).4p""","=""2P""","=""3/2""",4,4,,"=""T6527c4,LS""","=""""",
"=""""","=""857.46+""","=""""","=""1.01e+06""",D+,"=""34.86827""","=""36.31422""","=""3s.3p.(1P*).3d""","=""2D*""","=""5/2""","=""3s.3p.(3P*).4p""","=""2P""","=""3/2""",6,4,,"=""T6527c4,LS""","=""""",
"=""""","=""871.21+""","=""""","=""3.02e+05""",D,"=""41.84479""","=""43.26792""","=""3s.3p.(3P*).4d""","=""4F*""","=""3/2""","=""3s.3p.(3P*).4f""","=""4F""","=""5/2""",4,6,,"=""T6527c4,LS""","=""""",
"=""""","=""871.41+""","=""""","=""1.07e+06""",D,"=""34.85116""","=""36.27396""","=""3s.3p.(1P*).3d""","=""2D*""","=""3/2""","=""3s.3p.(3P*).4p""","=""2P""","=""1/2""",4,2,,"=""T6527c4,LS""","=""""",
"=""""","=""873.60+""","=""""","=""1.35e+06""",D+,"=""41.84479""","=""43.26403""","=""3s.3p.(3P*).4d""","=""4F*""","=""3/2""","=""3s.3p.(3P*).4f""","=""4F""","=""3/2""",4,4,,"=""T6527c4,LS""","=""""",
"=""""","=""877.28+""","=""""","=""1.72e+05""",D,"=""41.86222""","=""43.27551""","=""3s.3p.(3P*).4d""","=""4F*""","=""5/2""","=""3s.3p.(3P*).4f""","=""4F""","=""7/2""",6,8,,"=""T6527c4,LS""","=""""",
"=""""","=""882.01+""","=""""","=""1.12e+06""",D+,"=""41.86222""","=""43.26792""","=""3s.3p.(3P*).4d""","=""4F*""","=""5/2""","=""3s.3p.(3P*).4f""","=""4F""","=""5/2""",6,6,,"=""T6527c4,LS""","=""""",
"=""""","=""884.46+""","=""""","=""4.34e+05""",D,"=""41.86222""","=""43.26403""","=""3s.3p.(3P*).4d""","=""4F*""","=""5/2""","=""3s.3p.(3P*).4f""","=""4F""","=""3/2""",6,4,,"=""T6527c4,LS""","=""""",
"=""""","=""885.76+""","=""""","=""1.22e+06""",D+,"=""41.87575""","=""43.27551""","=""3s.3p.(3P*).4d""","=""4F*""","=""7/2""","=""3s.3p.(3P*).4f""","=""4F""","=""7/2""",8,8,,"=""T6527c4,LS""","=""""",
"=""""","=""890.58+""","=""""","=""2.19e+05""",D,"=""41.87575""","=""43.26792""","=""3s.3p.(3P*).4d""","=""4F*""","=""7/2""","=""3s.3p.(3P*).4f""","=""4F""","=""5/2""",8,6,,"=""T6527c4,LS""","=""""",
"=""""","=""902.05+""","=""""","=""1.39e+06""",D+,"=""41.91324""","=""43.28771""","=""3s.3p.(3P*).4d""","=""4F*""","=""9/2""","=""3s.3p.(3P*).4f""","=""4F""","=""9/2""",10,10,,"=""T6527c4,LS""","=""""",
"=""""","=""931.44+""","=""""","=""2.23e-02""",C+,"=""15.31320""","=""16.64431""","=""3s.3p2""","=""2S""","=""1/2""","=""3s.3p2""","=""2P""","=""3/2""",2,4,M1,"=""u29""","=""""",
"=""""","=""931.44+""","=""""","=""9.94e-03""",B+,"=""15.31320""","=""16.64431""","=""3s.3p2""","=""2S""","=""1/2""","=""3s.3p2""","=""2P""","=""3/2""",2,4,E2,"=""u29""","=""""",
"=""""","=""975.96+""","=""""","=""2.11e+07""",C,"=""37.33286""","=""38.60324""","=""3s.3p.(3P*).4p""","=""2D""","=""3/2""","=""3s2.5f""","=""2F*""","=""5/2""",4,6,,"=""T6527c4,LS""","=""""",
"=""""","=""989.09+""","=""""","=""7.40e-02""",C+,"=""15.31320""","=""16.56672""","=""3s.3p2""","=""2S""","=""1/2""","=""3s.3p2""","=""2P""","=""1/2""",2,2,M1,"=""u29""","=""""",
"=""""","=""1012.33+""","=""""","=""1.82e+07""",C,"=""38.28149""","=""39.50623""","=""3s.3p.(3P*).4p""","=""2S""","=""1/2""","=""3s2.6p""","=""2P*""","=""3/2""",2,4,,"=""T6527c4,LS""","=""""",
"=""""","=""1015.40+""","=""""","=""1.80e+07""",C,"=""38.28149""","=""39.50252""","=""3s.3p.(3P*).4p""","=""2S""","=""1/2""","=""3s2.6p""","=""2P*""","=""1/2""",2,2,,"=""T6527c4,LS""","=""""",
"=""""","=""1022.53+""","=""""","=""1.31e+06""",D+,"=""37.39071""","=""38.60324""","=""3s.3p.(3P*).4p""","=""2D""","=""5/2""","=""3s2.5f""","=""2F*""","=""5/2""",6,6,,"=""T6527c4,LS""","=""""",
"=""""","=""1022.69+""","=""""","=""1.97e+07""",C,"=""37.39071""","=""38.60304""","=""3s.3p.(3P*).4p""","=""2D""","=""5/2""","=""3s2.5f""","=""2F*""","=""7/2""",6,8,,"=""T6527c4,LS""","=""""",
"=""""","=""1035.27+""","=""""","=""9.96e+04""",B,"=""31.66504""","=""32.86264""","=""3s2.4d""","=""2D""","=""3/2""","=""3s.3p.(3P*).3d""","=""2P*""","=""1/2""",4,2,,"=""u29""","=""""",
"=""""","=""1054.07+""","=""""","=""9.35e+03""",C+,"=""31.66504""","=""32.84128""","=""3s2.4d""","=""2D""","=""3/2""","=""3s.3p.(3P*).3d""","=""2P*""","=""3/2""",4,4,,"=""u29""","=""""",
"=""""","=""1054.57+""","=""""","=""8.51e+04""",B,"=""31.66560""","=""32.84128""","=""3s2.4d""","=""2D""","=""5/2""","=""3s.3p.(3P*).3d""","=""2P*""","=""3/2""",6,4,,"=""u29""","=""""",
"=""""","=""1218.22+""","=""""","=""2.31e+06""",C,"=""41.78649""","=""42.80424""","=""3s.3p.(3P*).4d""","=""2D*""","=""3/2""","=""3s.3p.(3P*).4f""","=""2F""","=""5/2""",4,6,,"=""T6527c4,LS""","=""""",
"=""""","=""1240.69+""","=""""","=""2.34e+06""",C,"=""41.82087""","=""42.82019""","=""3s.3p.(3P*).4d""","=""2D*""","=""5/2""","=""3s.3p.(3P*).4f""","=""2F""","=""7/2""",6,8,,"=""T6527c4,LS""","=""""",
"=""""","=""1241.88+""","=""""","=""4.64e+00""",D,"=""31.66504""","=""32.66340""","=""3s2.4d""","=""2D""","=""3/2""","=""3s.3p.(3P*).4s""","=""4P*""","=""3/2""",4,4,,"=""u29""","=""""",
"=""""","=""1242.58+""","=""""","=""4.62e+01""",D+,"=""31.66560""","=""32.66340""","=""3s2.4d""","=""2D""","=""5/2""","=""3s.3p.(3P*).4s""","=""4P*""","=""3/2""",6,4,,"=""u29""","=""""",
"=""""","=""1247.15+""","=""""","=""1.22e+07""",C,"=""37.60909""","=""38.60324""","=""3s2.5d""","=""2D""","=""3/2""","=""3s2.5f""","=""2F*""","=""5/2""",4,6,,"=""T6527c4,LS""","=""""",
"=""""","=""1260.81+""","=""""","=""1.49e+05""",D,"=""41.82087""","=""42.80424""","=""3s.3p.(3P*).4d""","=""2D*""","=""5/2""","=""3s.3p.(3P*).4f""","=""2F""","=""5/2""",6,6,,"=""T6527c4,LS""","=""""",
"=""""","=""1268.01+""","=""""","=""4.48e+04""",D,"=""37.33286""","=""38.31065""","=""3s.3p.(3P*).4p""","=""2D""","=""3/2""","=""3s.3p.(1P*).4s""","=""2P*""","=""3/2""",4,4,,"=""T6527c4,LS""","=""""",
"=""""","=""1269.68+""","=""""","=""8.28e+05""",D+,"=""37.62674""","=""38.60324""","=""3s2.5d""","=""2D""","=""5/2""","=""3s2.5f""","=""2F*""","=""5/2""",6,6,,"=""T6527c4,LS""","=""""",
"=""""","=""1269.94+""","=""""","=""1.24e+07""",C+,"=""37.62674""","=""38.60304""","=""3s2.5d""","=""2D""","=""5/2""","=""3s2.5f""","=""2F*""","=""7/2""",6,8,,"=""T6527c4,LS""","=""""",
"=""""","=""1277.22+""","=""""","=""4.37e+05""",D,"=""37.33286""","=""38.30359""","=""3s.3p.(3P*).4p""","=""2D""","=""3/2""","=""3s.3p.(1P*).4s""","=""2P*""","=""1/2""",4,2,,"=""T6527c4,LS""","=""""",
"=""""","=""1286.72+""","=""""","=""3.97e+04""",D,"=""35.35065""","=""36.31422""","=""3s2.5p""","=""2P*""","=""1/2""","=""3s.3p.(3P*).4p""","=""2P""","=""3/2""",2,4,,"=""T6527c4,LS""","=""""",
"=""""","=""1298.48+""","=""""","=""1.70e+01""",D,"=""31.66504""","=""32.61988""","=""3s2.4d""","=""2D""","=""3/2""","=""3s.3p.(3P*).4s""","=""4P*""","=""1/2""",4,2,,"=""u29""","=""""",
"=""""","=""1306.17+""","=""""","=""4.11e+05""",D,"=""33.60231""","=""34.55153""","=""3s2.5s""","=""2S""","=""1/2""","=""3s.3p.(1P*).3d""","=""2P*""","=""1/2""",2,2,,"=""T6527c4,LS""","=""""",
"=""""","=""1312.08+""","=""""","=""4.05e+05""",D+,"=""33.60231""","=""34.54725""","=""3s2.5s""","=""2S""","=""1/2""","=""3s.3p.(1P*).3d""","=""2P*""","=""3/2""",2,4,,"=""T6527c4,LS""","=""""",
"=""""","=""1316.15+""","=""""","=""1.85e+05""",D,"=""35.37220""","=""36.31422""","=""3s2.5p""","=""2P*""","=""3/2""","=""3s.3p.(3P*).4p""","=""2P""","=""3/2""",4,4,,"=""T6527c4,LS""","=""""",
"=""""","=""1342.8+""","=""""","=""1.39e+05""",D,"=""35.35065""","=""36.27396""","=""3s2.5p""","=""2P*""","=""1/2""","=""3s.3p.(3P*).4p""","=""2P""","=""1/2""",2,2,,"=""T6527c4,LS""","=""""",
"=""""","=""1347.7+""","=""""","=""3.35e+05""",D+,"=""37.39071""","=""38.31065""","=""3s.3p.(3P*).4p""","=""2D""","=""5/2""","=""3s.3p.(1P*).4s""","=""2P*""","=""3/2""",6,4,,"=""T6527c4,LS""","=""""",
"=""""","=""1374.9+""","=""""","=""6.51e+04""",D,"=""35.37220""","=""36.27396""","=""3s2.5p""","=""2P*""","=""3/2""","=""3s.3p.(3P*).4p""","=""2P""","=""1/2""",4,2,,"=""T6527c4,LS""","=""""",
"=""""","=""1400.8+""","=""""","=""1.24e+07""",C,"=""38.62115""","=""39.50623""","=""3s2.6s""","=""2S""","=""1/2""","=""3s2.6p""","=""2P*""","=""3/2""",2,4,,"=""T6527c4,LS""","=""""",
"=""""","=""1406.7+""","=""""","=""1.22e+07""",C,"=""38.62115""","=""39.50252""","=""3s2.6s""","=""2S""","=""1/2""","=""3s2.6p""","=""2P*""","=""1/2""",2,2,,"=""T6527c4,LS""","=""""",
"=""""","=""1410.3+""","=""""","=""9.19e+06""",C,"=""41.74991""","=""42.62902""","=""3s2.7p""","=""2P*""","=""1/2""","=""3s.3p.(1P*).4p""","=""2S""","=""1/2""",2,2,,"=""T6527c4,LS""","=""""",
"=""""","=""1415.3+""","=""""","=""1.82e+07""",C,"=""41.75297""","=""42.62902""","=""3s2.7p""","=""2P*""","=""3/2""","=""3s.3p.(1P*).4p""","=""2S""","=""1/2""",4,2,,"=""T6527c4,LS""","=""""",
"=""""","=""1483.3+""","=""""","=""2.92e+05""",D,"=""42.01615""","=""42.85200""","=""3s.3p.(1P*).4p""","=""2D""","=""3/2""","=""3s.3p.(3P*).4d""","=""2P*""","=""1/2""",4,2,,"=""T6527c4,LS""","=""""",
"=""""","=""1563.5+""","=""""","=""2.49e+04""",D,"=""42.01615""","=""42.80913""","=""3s.3p.(1P*).4p""","=""2D""","=""3/2""","=""3s.3p.(3P*).4d""","=""2P*""","=""3/2""",4,4,,"=""T6527c4,LS""","=""""",
"=""""","=""1578.8+""","=""""","=""3.34e+05""",D+,"=""41.24193""","=""42.02723""","=""3s2.6f""","=""2F*""","=""5/2""","=""3s.3p.(1P*).4p""","=""2D""","=""5/2""",6,6,,"=""T6527c4,LS""","=""""",
"=""""","=""1580.3+""","=""""","=""6.66e+06""",C,"=""41.24267""","=""42.02723""","=""3s2.6f""","=""2F*""","=""7/2""","=""3s.3p.(1P*).4p""","=""2D""","=""5/2""",8,6,,"=""T6527c4,LS""","=""""",
"=""""","=""1585.7+""","=""""","=""2.15e+05""",D+,"=""42.02723""","=""42.80913""","=""3s.3p.(1P*).4p""","=""2D""","=""5/2""","=""3s.3p.(3P*).4d""","=""2P*""","=""3/2""",6,4,,"=""T6527c4,LS""","=""""",
"=""""","=""1601.4+""","=""""","=""6.71e+06""",C,"=""41.24193""","=""42.01615""","=""3s2.6f""","=""2F*""","=""5/2""","=""3s.3p.(1P*).4p""","=""2D""","=""3/2""",6,4,,"=""T6527c4,LS""","=""""",
"=""""","=""1629.2+""","=""""","=""2.23e+05""",D,"=""32.84128""","=""33.60231""","=""3s.3p.(3P*).3d""","=""2P*""","=""3/2""","=""3s2.5s""","=""2S""","=""1/2""",4,2,,"=""T6527c4,LS""","=""""",
"=""""","=""1676.2+""","=""""","=""1.03e+05""",D,"=""32.86264""","=""33.60231""","=""3s.3p.(3P*).3d""","=""2P*""","=""1/2""","=""3s2.5s""","=""2S""","=""1/2""",2,2,,"=""T6527c4,LS""","=""""",
"=""""","=""1720.9+""","=""""","=""1.91e+04""",E,"=""42.13153""","=""42.85200""","=""3s.3p.(1P*).4p""","=""2P""","=""1/2""","=""3s.3p.(3P*).4d""","=""2P*""","=""1/2""",2,2,,"=""T6527c4,LS""","=""""",
"=""""","=""1767.3+""","=""""","=""5.72e+04""",D,"=""37.60909""","=""38.31065""","=""3s2.5d""","=""2D""","=""3/2""","=""3s.3p.(1P*).4s""","=""2P*""","=""3/2""",4,4,,"=""T6527c4,LS""","=""""",
"=""""","=""1778.0+""","=""""","=""8.65e+03""",E,"=""42.15469""","=""42.85200""","=""3s.3p.(1P*).4p""","=""2P""","=""3/2""","=""3s.3p.(3P*).4d""","=""2P*""","=""1/2""",4,2,,"=""T6527c4,LS""","=""""",
"=""""","=""1785.2+""","=""""","=""5.57e+05""",D+,"=""37.60909""","=""38.30359""","=""3s2.5d""","=""2D""","=""3/2""","=""3s.3p.(1P*).4s""","=""2P*""","=""1/2""",4,2,,"=""T6527c4,LS""","=""""",
"=""""","=""1812.9+""","=""""","=""4.78e+05""",D+,"=""37.62674""","=""38.31065""","=""3s2.5d""","=""2D""","=""5/2""","=""3s.3p.(1P*).4s""","=""2P*""","=""3/2""",6,4,,"=""T6527c4,LS""","=""""",
"=""""","=""1829.8+""","=""""","=""3.96e+03""",E,"=""42.13153""","=""42.80913""","=""3s.3p.(1P*).4p""","=""2P""","=""1/2""","=""3s.3p.(3P*).4d""","=""2P*""","=""3/2""",2,4,,"=""T6527c4,LS""","=""""",
"=""""","=""1894.5+""","=""""","=""1.79e+04""",D,"=""42.15469""","=""42.80913""","=""3s.3p.(1P*).4p""","=""2P""","=""3/2""","=""3s.3p.(3P*).4d""","=""2P*""","=""3/2""",4,4,,"=""T6527c4,LS""","=""""",
"=""""","=""2635.2+""","=""""","=""6.34e+06""",C+,"=""41.28247""","=""41.75297""","=""3s2.7s""","=""2S""","=""1/2""","=""3s2.7p""","=""2P*""","=""3/2""",2,4,,"=""T6527c4,LS""","=""""",
"=""""","=""2652.4+""","=""""","=""6.20e+06""",C+,"=""41.28247""","=""41.74991""","=""3s2.7s""","=""2S""","=""1/2""","=""3s2.7p""","=""2P*""","=""1/2""",2,2,,"=""T6527c4,LS""","=""""",
"=""""","=""3904.3+""","=""""","=""7.44e+04""",D+,"=""38.30359""","=""38.62115""","=""3s.3p.(1P*).4s""","=""2P*""","=""1/2""","=""3s2.6s""","=""2S""","=""1/2""",2,2,,"=""T6527c4,LS""","=""""",
"=""""","=""3993.0+""","=""""","=""1.40e+05""",D+,"=""38.31065""","=""38.62115""","=""3s.3p.(1P*).4s""","=""2P*""","=""3/2""","=""3s2.6s""","=""2S""","=""1/2""",4,2,,"=""T6527c4,LS""","=""""",
"=""""","=""4261+""","=""""","=""5.84e+04""",A,"=""31.66504""","=""31.95601""","=""3s2.4d""","=""2D""","=""3/2""","=""""","=""b 2F*""","=""5/2""",4,6,,"=""u29""","=""""",
"=""""","=""4269+""","=""""","=""4.15e+03""",B,"=""31.66560""","=""31.95601""","=""3s2.4d""","=""2D""","=""5/2""","=""""","=""b 2F*""","=""5/2""",6,6,,"=""u29""","=""""",
"=""""","=""4521+""","=""""","=""7.55e+05""",C+,"=""41.75297""","=""42.02723""","=""3s2.7p""","=""2P*""","=""3/2""","=""3s.3p.(1P*).4p""","=""2D""","=""5/2""",4,6,,"=""T6527c4,LS""","=""""",
"=""""","=""4523+""","=""""","=""5.16e+04""",A,"=""31.66560""","=""31.93969""","=""3s2.4d""","=""2D""","=""5/2""","=""""","=""b 2F*""","=""7/2""",6,8,,"=""u29""","=""""",
"=""""","=""4657+""","=""""","=""5.75e+05""",C+,"=""41.74991""","=""42.01615""","=""3s2.7p""","=""2P*""","=""1/2""","=""3s.3p.(1P*).4p""","=""2D""","=""3/2""",2,4,,"=""T6527c4,LS""","=""""",
"=""""","=""4711+""","=""""","=""1.11e+05""",C,"=""41.75297""","=""42.01615""","=""3s2.7p""","=""2P*""","=""3/2""","=""3s.3p.(1P*).4p""","=""2D""","=""3/2""",4,4,,"=""T6527c4,LS""","=""""",
"=""""","=""5150+""","=""""","=""2.38e+01""",E',"=""41.78649""","=""42.02723""","=""3s.3p.(3P*).4d""","=""2D*""","=""3/2""","=""3s.3p.(1P*).4p""","=""2D""","=""5/2""",4,6,,"=""T6527c4,LS""","=""""",
"=""""","=""5399+""","=""""","=""2.79e+02""",E,"=""41.78649""","=""42.01615""","=""3s.3p.(3P*).4d""","=""2D*""","=""3/2""","=""3s.3p.(1P*).4p""","=""2D""","=""3/2""",4,4,,"=""T6527c4,LS""","=""""",
"=""""","=""5560+""","=""""","=""3.26e+04""",D+,"=""42.62902""","=""42.85200""","=""3s.3p.(1P*).4p""","=""2S""","=""1/2""","=""3s.3p.(3P*).4d""","=""2P*""","=""1/2""",2,2,,"=""T6527c4,LS""","=""""",
"=""""","=""6008+""","=""""","=""2.09e+02""",D,"=""41.82087""","=""42.02723""","=""3s.3p.(3P*).4d""","=""2D*""","=""5/2""","=""3s.3p.(1P*).4p""","=""2D""","=""5/2""",6,6,,"=""T6527c4,LS""","=""""",
"=""""","=""6349+""","=""""","=""1.90e+01""",E',"=""41.82087""","=""42.01615""","=""3s.3p.(3P*).4d""","=""2D*""","=""5/2""","=""3s.3p.(1P*).4p""","=""2D""","=""3/2""",6,4,,"=""T6527c4,LS""","=""""",
"=""""","=""6884+""","=""""","=""1.72e+04""",C,"=""42.62902""","=""42.80913""","=""3s.3p.(1P*).4p""","=""2S""","=""1/2""","=""3s.3p.(3P*).4d""","=""2P*""","=""3/2""",2,4,,"=""T6527c4,LS""","=""""",
"=""""","=""6969+""","=""""","=""9.12e+04""",C,"=""38.42533""","=""38.60324""","=""3s2.5g""","=""2G""","=""7/2""","=""3s2.5f""","=""2F*""","=""5/2""",8,6,,"=""T6527c4,LS""","=""""",
"=""""","=""6976+""","=""""","=""9.75e+04""",C+,"=""38.42531""","=""38.60304""","=""3s2.5g""","=""2G""","=""9/2""","=""3s2.5f""","=""2F*""","=""7/2""",10,8,,"=""T6527c4,LS""","=""""",
"=""""","=""6977+""","=""""","=""4.86e+03""",D+,"=""38.42533""","=""38.60304""","=""3s2.5g""","=""2G""","=""7/2""","=""3s2.5f""","=""2F*""","=""7/2""",8,8,,"=""T6527c4,LS""","=""""",
"=""10510.5""","=""10510.5""","=""""","=""7.74e-03""",A,"=""0.000000""","=""0.117962""","=""3s2.3p""","=""2P*""","=""1/2""","=""3s2.3p""","=""2P*""","=""3/2""",2,4,M1,"=""u29""","=""L6001c11""",
"=""""","=""15980+""","=""""","=""2.20e-03""",A,"=""16.56672""","=""16.64431""","=""3s.3p2""","=""2P""","=""1/2""","=""3s.3p2""","=""2P""","=""3/2""",2,4,M1,"=""u29""","=""""",
"=""""","=""42500+""","=""""","=""1.51e+01""",D+,"=""38.28149""","=""38.31065""","=""3s.3p.(3P*).4p""","=""2S""","=""1/2""","=""3s.3p.(1P*).4s""","=""2P*""","=""3/2""",2,4,,"=""T6527c4,LS""","=""""",
"=""""","=""56100+""","=""""","=""6.55e+00""",D+,"=""38.28149""","=""38.30359""","=""3s.3p.(3P*).4p""","=""2S""","=""1/2""","=""3s.3p.(1P*).4s""","=""2P*""","=""1/2""",2,2,,"=""T6527c4,LS""","=""""",
