conf_i,term_i,J_i,g_i,E_i_eV,conf_k,term_k,J_k,g_k,E_k_eV,dE_eV,lambda_vac_nm,Aki_s-1,f_ik,gf,sigma_int_cm2Hz
2s2.2p,2P*,0.5,2.0,0.0,2s2.2p,2P*,1.5,4.0,0.4094,0.4094,3028.4367,8.64e-07,2.376e-13,4.7519e-13,6.3058e-15
2s2.2p,2P*,0.5,2.0,0.0,2s2.2p,2P*,1.5,4.0,0.4094,0.4094,3028.4367,0.323,8.8824e-08,1.7765e-07,2.3574e-09
2s2.2p,2P*,0.5,2.0,0.0,2s.2p2,4P,0.5,2.0,16.104,16.104,76.98969,81000.0,7.198e-06,1.4396e-05,1.9103e-07
2s2.2p,2P*,0.5,2.0,0.0,2s.2p2,4P,1.5,4.0,16.246,16.246,76.31675,1890.0,3.3006e-07,6.6012e-07,8.7598e-09
2s2.2p,2P*,0.5,2.0,0.0,2s.2p2,4P,2.5,6.0,16.454,16.454,75.35201,0.0346,8.8358e-12,1.7672e-11,2.345e-13
2s2.2p,2P*,0.5,2.0,0.0,2s.2p2,2D,1.5,4.0,28.8024,28.8024,43.04648,1410000000.0,0.07834,0.15668,0.0020791
2s2.2p,2P*,0.5,2.0,0.0,2s.2p2,2S,0.5,2.0,36.9823,36.9823,33.52528,3240000000.0,0.054595,0.10919,0.0014489
2s2.2p,2P*,0.5,2.0,0.0,2s.2p2,2P,0.5,2.0,39.5164,39.5164,31.37538,8320000000.0,0.12279,0.24558,0.0032588
2s2.2p,2P*,0.5,2.0,0.0,2s.2p2,2P,1.5,4.0,39.7646,39.7646,31.17954,2270000000.0,0.066169,0.13234,0.0017561
2s2.2p,2P*,0.5,2.0,0.0,2p3,2D*,2.5,6.0,57.745,57.745,21.47098,3020.0,6.2617e-08,1.2523e-07,1.6619e-09
2s2.2p,2P*,0.5,2.0,0.0,2s2.3s,2S,0.5,2.0,150.106,150.106,8.25978,25500000000.0,0.026082,0.052163,0.00069221
2s2.2p,2P*,0.5,2.0,0.0,2s2.3d,2D,1.5,4.0,165.626,165.626,7.48579,359000000000.0,0.6032,1.2064,0.016009
2s2.2p,2P*,0.5,2.0,0.0,2s.2p.(3P*).3p,2P,0.5,2.0,174.616,174.616,7.10039,107000000000.0,0.080874,0.16175,0.0021464
2s2.2p,2P*,0.5,2.0,0.0,2s.2p.(3P*).3p,2P,1.5,4.0,174.743,174.743,7.09523,26700000000.0,0.040303,0.080605,0.0010696
2s2.2p,2P*,0.5,2.0,0.0,2s.2p.(3P*).3p,2D,1.5,4.0,178.613,178.613,6.9415,143000000000.0,0.2066,0.4132,0.0054832
2s2.2p,2P*,0.5,2.0,0.0,2s.2p.(3P*).3p,2S,0.5,2.0,181.13,181.13,6.84504,56900000000.0,0.039969,0.079938,0.0010608
2s2.2p,2P*,0.5,2.0,0.0,2s.2p.(1P*).3p,2P,0.5,2.0,192.174,192.174,6.45166,37700000000.0,0.023526,0.047052,0.00062437
2s2.2p,2P*,0.5,2.0,0.0,2s.2p.(1P*).3p,2P,1.5,4.0,192.245,192.245,6.44928,9460000000.0,0.011798,0.023596,0.00031312
2s2.2p,2P*,0.5,2.0,0.0,2s.2p.(1P*).3p,2S,0.5,2.0,192.993,192.993,6.42428,16000000000.0,0.0098999,0.0198,0.00026274
2s2.2p,2P*,0.5,2.0,0.0,2p2.(1D).3s,2D,1.5,4.0,203.184,203.184,6.10207,699000000.0,0.00078041,0.0015608,2.0712e-05
2s2.2p,2P*,0.5,2.0,0.0,2s2.4s,2S,0.5,2.0,204.311,204.311,6.06841,5470000000.0,0.0030199,0.0060398,8.0149e-05
2s2.2p,2P*,0.5,2.0,0.0,2s2.4d,2D,1.5,4.0,210.008,210.008,5.90378,120000000000.0,0.12541,0.25082,0.0033284
2s2.2p,2P*,0.5,2.0,0.0,2p2.(1D).3d,2P,0.5,2.0,217.424,217.424,5.70242,6670000000.0,0.0032516,0.0065033,8.6299e-05
2s2.2p,2P*,0.5,2.0,0.0,2p2.(1D).3d,2P,1.5,4.0,217.566,217.566,5.69869,1670000000.0,0.0016261,0.0032523,4.3158e-05
2s2.2p,2P*,0.5,2.0,0.0,2s.2p.(3P*).4p,2P,1.5,4.0,224.928,224.928,5.51217,12000000000.0,0.010932,0.021865,0.00029015
2s2.2p,2P*,0.5,2.0,0.0,2s.2p.(3P*).4p,2D,1.5,4.0,226.029,226.029,5.48532,57300000000.0,0.051695,0.10339,0.001372
2s2.2p,2P*,0.5,2.0,0.0,2s2.5d,2D,1.5,4.0,230.402,230.402,5.38121,53900000000.0,0.046799,0.093598,0.0012421
2s2.2p,2P*,0.5,2.0,0.0,2s2.6d,2D,1.5,4.0,241.281,241.281,5.13858,20300000000.0,0.016072,0.032144,0.00042655
2s2.2p,2P*,1.5,4.0,0.4094,2s.2p2,4P,0.5,2.0,16.104,15.6946,78.998,67400.0,3.153e-06,1.2612e-05,8.368e-08
2s2.2p,2P*,1.5,4.0,0.4094,2s.2p2,4P,0.5,2.0,16.104,15.6946,78.998,0.0212,9.9174e-13,3.967e-12,2.6321e-14
2s2.2p,2P*,1.5,4.0,0.4094,2s.2p2,4P,1.5,4.0,16.246,15.8366,78.28966,17400.0,1.5989e-06,6.3955e-06,4.2434e-08
2s2.2p,2P*,1.5,4.0,0.4094,2s.2p2,4P,1.5,4.0,16.246,15.8366,78.28966,0.0044,4.0432e-13,1.6173e-12,1.0731e-14
2s2.2p,2P*,1.5,4.0,0.4094,2s.2p2,4P,2.5,6.0,16.454,16.0446,77.27472,62600.0,8.4062e-06,3.3625e-05,2.231e-07
2s2.2p,2P*,1.5,4.0,0.4094,2s.2p2,4P,2.5,6.0,16.454,16.0446,77.27472,0.0997,1.3388e-11,5.3553e-11,3.5532e-13
2s2.2p,2P*,1.5,4.0,0.4094,2s.2p2,2D,2.5,6.0,28.7983,28.3889,43.67348,1570000000.0,0.067342,0.26937,0.0017873
2s2.2p,2P*,1.5,4.0,0.4094,2s.2p2,2D,1.5,4.0,28.8024,28.393,43.66717,230000000.0,0.006575,0.0263,0.0001745
2s2.2p,2P*,1.5,4.0,0.4094,2s.2p2,2S,0.5,2.0,36.9823,36.5729,33.90057,4010000000.0,0.034545,0.13818,0.00091683
2s2.2p,2P*,1.5,4.0,0.4094,2s.2p2,2P,0.5,2.0,39.5164,39.107,31.70384,5380000000.0,0.040535,0.16214,0.0010758
2s2.2p,2P*,1.5,4.0,0.4094,2s.2p2,2P,1.5,4.0,39.7646,39.3552,31.50389,11500000000.0,0.17111,0.68446,0.0045414
2s2.2p,2P*,1.5,4.0,0.4094,2s2.3s,2S,0.5,2.0,150.106,149.6966,8.28237,51300000000.0,0.026379,0.10552,0.00070009
2s2.2p,2P*,1.5,4.0,0.4094,2s2.3d,2D,1.5,4.0,165.626,165.2166,7.50434,71400000000.0,0.060281,0.24113,0.0015999
2s2.2p,2P*,1.5,4.0,0.4094,2s2.3d,2D,2.5,6.0,165.647,165.2376,7.50339,428000000000.0,0.54189,2.1676,0.014382
2s2.2p,2P*,1.5,4.0,0.4094,2s.2p.(3P*).3p,2P,0.5,2.0,174.616,174.2066,7.11708,52900000000.0,0.020086,0.080343,0.00053308
2s2.2p,2P*,1.5,4.0,0.4094,2s.2p.(3P*).3p,2P,1.5,4.0,174.743,174.3336,7.11189,132000000000.0,0.10009,0.40037,0.0026565
2s2.2p,2P*,1.5,4.0,0.4094,2s.2p.(3P*).3p,2D,1.5,4.0,178.613,178.2036,6.95745,28200000000.0,0.020465,0.081859,0.00054314
2s2.2p,2P*,1.5,4.0,0.4094,2s.2p.(3P*).3p,2D,2.5,6.0,178.888,178.4786,6.94673,170000000000.0,0.18448,0.73794,0.0048962
2s2.2p,2P*,1.5,4.0,0.4094,2s.2p.(3P*).3p,2S,0.5,2.0,181.13,180.7206,6.86055,113000000000.0,0.039868,0.15947,0.0010581
2s2.2p,2P*,1.5,4.0,0.4094,2s.2p.(1P*).3p,2D,2.5,6.0,192.033,191.6236,6.47019,17800000000.0,0.016757,0.067029,0.00044474
2s2.2p,2P*,1.5,4.0,0.4094,2s.2p.(1P*).3p,2P,0.5,2.0,192.174,191.7646,6.46544,18700000000.0,0.0058596,0.023438,0.00015551
2s2.2p,2P*,1.5,4.0,0.4094,2s.2p.(1P*).3p,2P,1.5,4.0,192.245,191.8356,6.46304,46800000000.0,0.029308,0.11723,0.00077782
2s2.2p,2P*,1.5,4.0,0.4094,2s.2p.(1P*).3p,2S,0.5,2.0,192.993,192.5836,6.43794,31800000000.0,0.0098799,0.039519,0.00026221
2s2.2p,2P*,1.5,4.0,0.4094,2p2.(1D).3s,2D,1.5,4.0,203.184,202.7746,6.11439,139000000.0,7.7908e-05,0.00031163,2.0677e-06
2s2.2p,2P*,1.5,4.0,0.4094,2p2.(1D).3s,2D,2.5,6.0,203.184,202.7746,6.11439,833000000.0,0.00070033,0.0028013,1.8587e-05
2s2.2p,2P*,1.5,4.0,0.4094,2s2.4s,2S,0.5,2.0,204.311,203.9016,6.08059,10900000000.0,0.003021,0.012084,8.0177e-05
2s2.2p,2P*,1.5,4.0,0.4094,2s2.4d,2D,1.5,4.0,210.008,209.5986,5.91532,23600000000.0,0.01238,0.049521,0.00032857
2s2.2p,2P*,1.5,4.0,0.4094,2s2.4d,2D,2.5,6.0,210.008,209.5986,5.91532,142000000000.0,0.11174,0.44695,0.0029655
2s2.2p,2P*,1.5,4.0,0.4094,2p2.(3P).3d,2D,2.5,6.0,211.18,210.7706,5.88242,14100000000.0,0.010972,0.043888,0.00029119
2s2.2p,2P*,1.5,4.0,0.4094,2p2.(1D).3d,2D,2.5,6.0,214.976,214.5666,5.77835,6700000000.0,0.0050308,0.020123,0.00013352
2s2.2p,2P*,1.5,4.0,0.4094,2p2.(1D).3d,2P,0.5,2.0,217.424,217.0146,5.71317,3320000000.0,0.00081231,0.0032492,2.1559e-05
2s2.2p,2P*,1.5,4.0,0.4094,2p2.(1D).3d,2P,1.5,4.0,217.566,217.1566,5.70944,8310000000.0,0.0040611,0.016245,0.00010778
2s2.2p,2P*,1.5,4.0,0.4094,2s.2p.(3P*).4p,2P,1.5,4.0,224.928,224.5186,5.52222,59300000000.0,0.027111,0.10844,0.00071952
2s2.2p,2P*,1.5,4.0,0.4094,2s.2p.(3P*).4p,2D,1.5,4.0,226.029,225.6196,5.49528,11400000000.0,0.0051611,0.020644,0.00013698
2s2.2p,2P*,1.5,4.0,0.4094,2s.2p.(3P*).4p,2D,2.5,6.0,226.303,225.8936,5.48861,68600000000.0,0.046473,0.18589,0.0012334
2s2.2p,2P*,1.5,4.0,0.4094,2s2.5d,2D,1.5,4.0,230.402,229.9926,5.39079,10700000000.0,0.0046617,0.018647,0.00012372
2s2.2p,2P*,1.5,4.0,0.4094,2s2.5d,2D,2.5,6.0,230.415,230.0056,5.39049,64400000000.0,0.042082,0.16833,0.0011168
2s2.2p,2P*,1.5,4.0,0.4094,2s2.6d,2D,2.5,6.0,241.281,240.8716,5.14731,24300000000.0,0.014478,0.057913,0.00038425
2s2.2p,2P*,1.5,4.0,0.4094,2s2.6d,2D,1.5,4.0,241.281,240.8716,5.14731,4050000000.0,0.0016087,0.0064348,4.2695e-05
2s.2p2,4P,0.5,2.0,16.104,2s.2p2,4P,1.5,4.0,16.246,0.142,8731.28158,0.0333,7.6118e-08,1.5224e-07,2.0202e-09
2s.2p2,4P,0.5,2.0,16.104,2s.2p2,4P,1.5,4.0,16.246,0.142,8731.28158,5.16e-10,1.1795e-15,2.359e-15,3.1304e-17
2s.2p2,4P,0.5,2.0,16.104,2s.2p2,4P,2.5,6.0,16.454,0.35,3542.40567,2.86e-07,1.6141e-13,3.2283e-13,4.2839e-15
2s.2p2,4P,0.5,2.0,16.104,2s.2p2,2D,2.5,6.0,28.7983,12.6943,97.66919,0.00131,5.6204e-13,1.1241e-12,1.4917e-14
2s.2p2,4P,0.5,2.0,16.104,2s.2p2,2S,0.5,2.0,36.9823,20.8783,59.38424,11.2,5.9213e-10,1.1843e-09,1.5715e-11
2s.2p2,4P,0.5,2.0,16.104,2s.2p2,2P,0.5,2.0,39.5164,23.4124,52.95664,3.32,1.3958e-10,2.7917e-10,3.7046e-12
2s.2p2,4P,0.5,2.0,16.104,2p3,4S*,1.5,4.0,51.281,35.177,35.24581,2140000000.0,0.079711,0.15942,0.0021155
2s.2p2,4P,0.5,2.0,16.104,2p3,2D*,1.5,4.0,57.7541,41.6501,29.76804,26700.0,7.0942e-07,1.4188e-06,1.8828e-08
2s.2p2,4P,0.5,2.0,16.104,2p3,2P*,0.5,2.0,65.0486,48.9446,25.33154,632000.0,6.0799e-06,1.216e-05,1.6136e-07
2s.2p2,4P,0.5,2.0,16.104,2p3,2P*,1.5,4.0,65.072,48.968,25.31943,30800.0,5.9204e-07,1.1841e-06,1.5713e-08
2s.2p2,4P,0.5,2.0,16.104,2s.2p.(3P*).3s,4P*,0.5,2.0,167.551,151.447,8.18664,15300000000.0,0.015373,0.030746,0.000408
2s.2p2,4P,0.5,2.0,16.104,2s.2p.(3P*).3s,4P*,1.5,4.0,167.692,151.588,8.17902,38400000000.0,0.077024,0.15405,0.0020442
2s.2p2,4P,0.5,2.0,16.104,2s.2p.(3P*).3d,4D*?,1.5,4.0,183.033,166.929,7.42736,275000000000.0,0.45487,0.90975,0.012072
2s.2p2,4P,0.5,2.0,16.104,2s.2p.(3P*).3d,4P*,1.5,4.0,184.045,167.941,7.3826,148000000000.0,0.24186,0.48373,0.0064191
2s.2p2,4P,0.5,2.0,16.104,2s.2p.(3P*).3d,4P*,0.5,2.0,184.105,168.001,7.37997,59200000000.0,0.048338,0.096676,0.0012829
2s.2p2,4P,0.5,2.0,16.104,2p2.(3P).3p,4S*?,1.5,4.0,207.552,191.448,6.47613,16100000000.0,0.020246,0.040493,0.00053734
2s.2p2,4P,0.5,2.0,16.104,2s.2p.(3P*).4d,4P*,1.5,4.0,228.05,211.946,5.8498,51100000000.0,0.052432,0.10486,0.0013915
2s.2p2,4P,1.5,4.0,16.246,2s.2p2,4P,2.5,6.0,16.454,0.208,5960.77877,0.0762,6.0885e-08,2.4354e-07,1.6159e-09
2s.2p2,4P,1.5,4.0,16.246,2s.2p2,4P,2.5,6.0,16.454,0.208,5960.77877,3.01e-08,2.405e-14,9.6202e-14,6.383e-16
2s.2p2,4P,1.5,4.0,16.246,2p3,4S*,1.5,4.0,51.281,35.035,35.38867,4230000000.0,0.07942,0.31768,0.0021078
2s.2p2,4P,1.5,4.0,16.246,2p3,2D*,2.5,6.0,57.745,41.499,29.87643,59300.0,1.1903e-06,4.7613e-06,3.1591e-08
2s.2p2,4P,1.5,4.0,16.246,2p3,2D*,1.5,4.0,57.7541,41.5081,29.86988,841000.0,1.1249e-05,4.4997e-05,2.9855e-07
2s.2p2,4P,1.5,4.0,16.246,2p3,2P*,0.5,2.0,65.0486,48.8026,25.40524,135000.0,6.5315e-07,2.6126e-06,1.7334e-08
2s.2p2,4P,1.5,4.0,16.246,2p3,2P*,1.5,4.0,65.072,48.826,25.39307,1600000.0,1.5467e-05,6.1869e-05,4.105e-07
2s.2p2,4P,1.5,4.0,16.246,2s.2p.(3P*).3s,4P*,0.5,2.0,167.551,151.305,8.19432,76200000000.0,0.038354,0.15342,0.0010179
2s.2p2,4P,1.5,4.0,16.246,2s.2p.(3P*).3s,4P*,1.5,4.0,167.692,151.446,8.18669,12300000000.0,0.012359,0.049436,0.00032801
2s.2p2,4P,1.5,4.0,16.246,2s.2p.(3P*).3s,4P*,2.5,6.0,167.943,151.697,8.17315,27900000000.0,0.041912,0.16765,0.0011123
2s.2p2,4P,1.5,4.0,16.246,2s.2p.(3P*).3d,4D*?,1.5,4.0,183.033,166.787,7.43368,351000000000.0,0.29079,1.1631,0.0077175
2s.2p2,4P,1.5,4.0,16.246,2s.2p.(3P*).3d,4D*?,2.5,6.0,183.074,166.828,7.43186,461000000000.0,0.57259,2.2904,0.015197
2s.2p2,4P,1.5,4.0,16.246,2s.2p.(3P*).3d,4P*,2.5,6.0,183.954,167.708,7.39286,106000000000.0,0.13028,0.52112,0.0034577
2s.2p2,4P,1.5,4.0,16.246,2s.2p.(3P*).3d,4P*,1.5,4.0,184.045,167.799,7.38885,47200000000.0,0.038633,0.15453,0.0010253
2s.2p2,4P,1.5,4.0,16.246,2s.2p.(3P*).3d,4P*,0.5,2.0,184.105,167.859,7.38621,296000000000.0,0.12105,0.4842,0.0032127
2s.2p2,4P,1.5,4.0,16.246,2p2.(3P).3p,4P*?,2.5,6.0,204.86,188.614,6.57344,23200000000.0,0.022544,0.090174,0.00059831
2s.2p2,4P,1.5,4.0,16.246,2p2.(3P).3p,4S*?,1.5,4.0,207.552,191.306,6.48094,32200000000.0,0.020276,0.081106,0.00053814
2s.2p2,4P,1.5,4.0,16.246,2s.2p.(3P*).4s,4P*?,2.5,6.0,221.787,205.541,6.03209,6650000000.0,0.0054414,0.021765,0.00014441
2s.2p2,4P,1.5,4.0,16.246,2s.2p.(3P*).4d,4D*,2.5,6.0,227.773,211.527,5.86139,158000000000.0,0.12207,0.48828,0.0032397
2s.2p2,4P,1.5,4.0,16.246,2s.2p.(3P*).4d,4P*,2.5,6.0,227.981,211.735,5.85563,36700000000.0,0.028299,0.11319,0.00075104
2s.2p2,4P,1.5,4.0,16.246,2s.2p.(3P*).4d,4P*,1.5,4.0,228.05,211.804,5.85372,16300000000.0,0.0083736,0.033494,0.00022224
2s.2p2,4P,1.5,4.0,16.246,2s.2p.(3P*).5d,4D*,2.5,6.0,248.061,231.815,5.34841,79300000000.0,0.051012,0.20405,0.0013539
2s.2p2,4P,1.5,4.0,16.246,2s.2p.(3P*).5d,4P*,2.5,6.0,248.263,232.017,5.34375,18100000000.0,0.011623,0.046492,0.00030848
2s.2p2,4P,2.5,6.0,16.454,2s.2p2,2S,0.5,2.0,36.9823,20.5283,60.39672,0.0554,1.0099e-12,6.0594e-12,2.6803e-14
2s.2p2,4P,2.5,6.0,16.454,2s.2p2,2P,0.5,2.0,39.5164,23.0624,53.76032,0.00736,1.063e-13,6.3781e-13,2.8212e-15
2s.2p2,4P,2.5,6.0,16.454,2p3,4S*,1.5,4.0,51.281,34.827,35.60002,6230000000.0,0.078915,0.47349,0.0020944
2s.2p2,4P,2.5,6.0,16.454,2p3,2D*,2.5,6.0,57.745,41.291,30.02693,2440000.0,3.2982e-05,0.00019789,8.7533e-07
2s.2p2,4P,2.5,6.0,16.454,2p3,2D*,1.5,4.0,57.7541,41.3001,30.02031,108000.0,9.728e-07,5.8368e-06,2.5818e-08
2s.2p2,4P,2.5,6.0,16.454,2p3,2P*,1.5,4.0,65.072,48.618,25.50171,591000.0,3.8414e-06,2.3049e-05,1.0195e-07
2s.2p2,4P,2.5,6.0,16.454,2s.2p.(3P*).3s,4P*,1.5,4.0,167.692,151.238,8.19795,41400000000.0,0.027809,0.16685,0.00073804
2s.2p2,4P,2.5,6.0,16.454,2s.2p.(3P*).3s,4P*,2.5,6.0,167.943,151.489,8.18437,65000000000.0,0.065274,0.39165,0.0017324
2s.2p2,4P,2.5,6.0,16.454,2s.2p.(3P*).3d,4D*?,1.5,4.0,183.033,166.579,7.44297,32900000000.0,0.018216,0.1093,0.00048346
2s.2p2,4P,2.5,6.0,16.454,2s.2p.(3P*).3d,4D*?,2.5,6.0,183.074,166.62,7.44114,198000000000.0,0.16436,0.98618,0.0043622
2s.2p2,4P,2.5,6.0,16.454,2s.2p.(3P*).3d,4D*?,3.5,8.0,183.175,166.721,7.43663,658000000000.0,0.7274,4.3644,0.019305
2s.2p2,4P,2.5,6.0,16.454,2s.2p.(3P*).3d,4P*,2.5,6.0,183.954,167.5,7.40204,246000000000.0,0.20207,1.2124,0.0053629
2s.2p2,4P,2.5,6.0,16.454,2s.2p.(3P*).3d,4P*,1.5,4.0,184.045,167.591,7.39802,159000000000.0,0.086975,0.52185,0.0023083
2s.2p2,4P,2.5,6.0,16.454,2p2.(3P).3p,4D*,3.5,8.0,204.113,187.659,6.60689,54100000000.0,0.047205,0.28323,0.0012528
2s.2p2,4P,2.5,6.0,16.454,2p2.(3P).3p,4P*?,2.5,6.0,204.86,188.406,6.58069,53800000000.0,0.034929,0.20957,0.00092701
2s.2p2,4P,2.5,6.0,16.454,2p2.(3P).3p,4S*?,1.5,4.0,207.552,191.098,6.48799,48300000000.0,0.020321,0.12192,0.00053931
2s.2p2,4P,2.5,6.0,16.454,2s.2p.(3P*).4s,4P*?,2.5,6.0,221.787,205.333,6.0382,15500000000.0,0.0084724,0.050834,0.00022486
2s.2p2,4P,2.5,6.0,16.454,2s.2p.(3P*).4d,4D*,2.5,6.0,227.773,211.319,5.86716,67400000000.0,0.034784,0.2087,0.00092316
2s.2p2,4P,2.5,6.0,16.454,2s.2p.(3P*).4d,4D*,3.5,8.0,227.79,211.336,5.86669,225000000000.0,0.1548,0.92879,0.0041084
2s.2p2,4P,2.5,6.0,16.454,2s.2p.(3P*).4d,4P*,2.5,6.0,227.981,211.527,5.86139,85400000000.0,0.043986,0.26392,0.0011674
2s.2p2,4P,2.5,6.0,16.454,2s.2p.(3P*).4d,4P*,1.5,4.0,228.05,211.596,5.85948,54800000000.0,0.018805,0.11283,0.00049908
2s.2p2,4P,2.5,6.0,16.454,2s.2p.(3P*).5d,4D*,2.5,6.0,248.061,231.607,5.35321,33800000000.0,0.014521,0.087128,0.0003854
2s.2p2,4P,2.5,6.0,16.454,2s.2p.(3P*).5d,4D*,3.5,8.0,248.148,231.694,5.3512,113000000000.0,0.064681,0.38809,0.0017166
2s.2p2,4P,2.5,6.0,16.454,2s.2p.(3P*).5d,4P*,2.5,6.0,248.263,231.809,5.34855,42000000000.0,0.018013,0.10808,0.00047806
2s.2p2,4P,2.5,6.0,16.454,2p2.(3P).4p,4D*,3.5,8.0,253.088,236.634,5.23949,31300000000.0,0.017176,0.10306,0.00045585
2s.2p2,2D,2.5,6.0,28.7983,2s.2p2,2S,0.5,2.0,36.9823,8.184,151.49584,15.6,1.7892e-09,1.0735e-08,4.7486e-11
2s.2p2,2D,2.5,6.0,28.7983,2s.2p2,2P,0.5,2.0,39.5164,10.7181,115.6774,0.161,1.0766e-11,6.4597e-11,2.8573e-13
2s.2p2,2D,2.5,6.0,28.7983,2p3,4S*,1.5,4.0,51.281,22.4827,55.14649,6420.0,1.9514e-07,1.1708e-06,5.1789e-09
2s.2p2,2D,2.5,6.0,28.7983,2p3,2D*,2.5,6.0,57.745,28.9467,42.83189,3180000000.0,0.087462,0.52477,0.0023213
2s.2p2,2D,2.5,6.0,28.7983,2p3,2D*,1.5,4.0,57.7541,28.9558,42.81843,424000000.0,0.0077695,0.046617,0.0002062
2s.2p2,2D,2.5,6.0,28.7983,2p3,2P*,1.5,4.0,65.072,36.2737,34.18019,5060000000.0,0.059084,0.3545,0.0015681
2s.2p2,2D,2.5,6.0,28.7983,2s.2p.(3P*).3s,4P*,1.5,4.0,167.692,138.8937,8.92655,24500000.0,1.9512e-05,0.00011707,5.1785e-07
2s.2p2,2D,2.5,6.0,28.7983,2s.2p.(3P*).3s,4P*,2.5,6.0,167.943,139.1447,8.91045,18400000.0,2.1902e-05,0.00013141,5.8127e-07
2s.2p2,2D,2.5,6.0,28.7983,2s.2p.(3P*).3s,2P*,1.5,4.0,171.564,142.7657,8.68445,45000000000.0,0.033921,0.20352,0.00090026
2s.2p2,2D,2.5,6.0,28.7983,2s.2p.(3P*).3d,2D*,1.5,4.0,183.291,154.4927,8.02525,17700000000.0,0.011394,0.068361,0.00030238
2s.2p2,2D,2.5,6.0,28.7983,2s.2p.(3P*).3d,2D*,2.5,6.0,183.334,154.5357,8.02301,166000000000.0,0.16019,0.96116,0.0042515
2s.2p2,2D,2.5,6.0,28.7983,2s.2p.(1P*).3s,2P*,1.5,4.0,184.361,155.5627,7.97005,39100000000.0,0.024824,0.14894,0.00065882
2s.2p2,2D,2.5,6.0,28.7983,2s.2p.(3P*).3d,2F*,2.5,6.0,186.595,157.7967,7.85721,28300000000.0,0.026193,0.15716,0.00069516
2s.2p2,2D,2.5,6.0,28.7983,2s.2p.(3P*).3d,2F*,3.5,8.0,186.849,158.0507,7.84458,426000000000.0,0.52402,3.1441,0.013907
2s.2p2,2D,2.5,6.0,28.7983,2s.2p.(3P*).3d,2P*,1.5,4.0,187.6,158.8017,7.80749,5100000000.0,0.0031071,0.018643,8.2464e-05
2s.2p2,2D,2.5,6.0,28.7983,2s.2p.(1P*).3d,2F*,2.5,6.0,198.062,169.2637,7.32491,21100000000.0,0.016973,0.10184,0.00045045
2s.2p2,2D,2.5,6.0,28.7983,2s.2p.(1P*).3d,2F*,3.5,8.0,198.062,169.2637,7.32491,316000000000.0,0.33891,2.0335,0.0089948
2s.2p2,2D,2.5,6.0,28.7983,2s.2p.(1P*).3d,2D*,1.5,4.0,199.348,170.5497,7.26968,5450000000.0,0.0028787,0.017272,7.6401e-05
2s.2p2,2D,2.5,6.0,28.7983,2s.2p.(1P*).3d,2D*,2.5,6.0,199.393,170.5947,7.26776,51000000000.0,0.040386,0.24232,0.0010718
2s.2p2,2D,2.5,6.0,28.7983,2s.2p.(1P*).3d,2P*,1.5,4.0,199.698,170.8997,7.25479,7030000000.0,0.0036981,0.022188,9.8146e-05
2s.2p2,2D,2.5,6.0,28.7983,2p2.(1D).3p,2F*,2.5,6.0,209.59,180.7917,6.85785,3290000000.0,0.0023197,0.013918,6.1565e-05
2s.2p2,2D,2.5,6.0,28.7983,2p2.(1D).3p,2F*,3.5,8.0,209.665,180.8667,6.855,49300000000.0,0.046308,0.27785,0.001229
2s.2p2,2D,2.5,6.0,28.7983,2s.2p.(3P*).4d,2D*,1.5,4.0,227.838,199.0397,6.22912,5050000000.0,0.0019585,0.011751,5.1977e-05
2s.2p2,2D,2.5,6.0,28.7983,2s.2p.(3P*).4d,2D*,2.5,6.0,227.838,199.0397,6.22912,47100000000.0,0.027399,0.16439,0.00072717
2s.2p2,2D,2.5,6.0,28.7983,2s.2p.(3P*).4d,2F*,2.5,6.0,228.893,200.0947,6.19628,12500000000.0,0.007195,0.04317,0.00019096
2s.2p2,2D,2.5,6.0,28.7983,2s.2p.(3P*).4d,2F*,3.5,8.0,229.125,200.3267,6.1891,188000000000.0,0.14395,0.8637,0.0038204
2s.2p2,2D,2.5,6.0,28.7983,2s.2p.(1P*).4d,2F*,2.5,6.0,243.542,214.7437,5.77359,4840000000.0,0.0024188,0.014513,6.4194e-05
2s.2p2,2D,2.5,6.0,28.7983,2s.2p.(1P*).4d,2F*,3.5,8.0,243.542,214.7437,5.77359,72600000000.0,0.048376,0.29025,0.0012839
2s.2p2,2D,2.5,6.0,28.7983,2s.2p.(1P*).4d,2D*,1.5,4.0,244.086,215.2877,5.759,2520000000.0,0.00083534,0.005012,2.217e-05
2s.2p2,2D,2.5,6.0,28.7983,2s.2p.(1P*).4d,2D*,2.5,6.0,244.086,215.2877,5.759,23500000000.0,0.011685,0.070109,0.00031011
2s.2p2,2D,2.5,6.0,28.7983,2s.2p.(3P*).5d,2F*,2.5,6.0,248.621,219.8227,5.64019,6190000000.0,0.0029521,0.017713,7.835e-05
2s.2p2,2D,2.5,6.0,28.7983,2s.2p.(3P*).5d,2F*,3.5,8.0,248.793,219.9947,5.63578,93100000000.0,0.059109,0.35466,0.0015688
2s.2p2,2D,2.5,6.0,28.7983,2s.2p.(1P*).5d,2D*,1.5,4.0,264.386,235.5877,5.26276,1060000000.0,0.00029343,0.0017606,7.7876e-06
2s.2p2,2D,2.5,6.0,28.7983,2s.2p.(1P*).5d,2D*,2.5,6.0,264.386,235.5877,5.26276,9870000000.0,0.0040983,0.02459,0.00010877
2s.2p2,2D,1.5,4.0,28.8024,2p3,4S*,1.5,4.0,51.281,22.4786,55.15655,1210.0,5.5187e-08,2.2075e-07,1.4647e-09
2s.2p2,2D,1.5,4.0,28.8024,2p3,2D*,2.5,6.0,57.745,28.9426,42.83796,256000000.0,0.010564,0.042258,0.00028038
2s.2p2,2D,1.5,4.0,28.8024,2p3,2D*,1.5,4.0,57.7541,28.9517,42.8245,2950000000.0,0.081108,0.32443,0.0021526
2s.2p2,2D,1.5,4.0,28.8024,2p3,2P*,0.5,2.0,65.0486,36.2462,34.20612,5920000000.0,0.051923,0.20769,0.001378
2s.2p2,2D,1.5,4.0,28.8024,2p3,2P*,1.5,4.0,65.072,36.2696,34.18405,662000000.0,0.011598,0.04639,0.0003078
2s.2p2,2D,1.5,4.0,28.8024,2s.2p.(3P*).3s,4P*,0.5,2.0,167.551,138.7486,8.93589,13100000.0,7.8411e-06,3.1364e-05,2.081e-07
2s.2p2,2D,1.5,4.0,28.8024,2s.2p.(3P*).3s,4P*,1.5,4.0,167.692,138.8896,8.92682,12200000.0,1.4575e-05,5.8301e-05,3.8682e-07
2s.2p2,2D,1.5,4.0,28.8024,2s.2p.(3P*).3s,4P*,2.5,6.0,167.943,139.1406,8.91071,1130000.0,2.0177e-06,8.0708e-06,5.3549e-08
2s.2p2,2D,1.5,4.0,28.8024,2s.2p.(3P*).3s,2P*,0.5,2.0,171.278,142.4756,8.70214,49700000000.0,0.028212,0.11285,0.00074875
2s.2p2,2D,1.5,4.0,28.8024,2s.2p.(3P*).3s,2P*,1.5,4.0,171.564,142.7616,8.6847,4990000000.0,0.0056425,0.02257,0.00014975
2s.2p2,2D,1.5,4.0,28.8024,2s.2p.(3P*).3d,2D*,1.5,4.0,183.291,154.4886,8.02546,159000000000.0,0.15353,0.61412,0.0040747
2s.2p2,2D,1.5,4.0,28.8024,2s.2p.(3P*).3d,2D*,2.5,6.0,183.334,154.5316,8.02323,11800000000.0,0.017082,0.068327,0.00045335
2s.2p2,2D,1.5,4.0,28.8024,2s.2p.(1P*).3s,2P*,1.5,4.0,184.361,155.5586,7.97026,4340000000.0,0.0041333,0.016533,0.0001097
2s.2p2,2D,1.5,4.0,28.8024,2s.2p.(1P*).3s,2P*,0.5,2.0,184.361,155.5586,7.97026,43500000000.0,0.020714,0.082856,0.00054975
2s.2p2,2D,1.5,4.0,28.8024,2s.2p.(3P*).3d,2F*,2.5,6.0,186.595,157.7926,7.85742,396000000000.0,0.5498,2.1992,0.014592
2s.2p2,2D,1.5,4.0,28.8024,2s.2p.(3P*).3d,2P*,1.5,4.0,187.6,158.7976,7.80769,568000000.0,0.0005191,0.0020764,1.3777e-05
2s.2p2,2D,1.5,4.0,28.8024,2s.2p.(3P*).3d,2P*,0.5,2.0,187.744,158.9416,7.80061,5700000000.0,0.0025999,0.0104,6.9002e-05
2s.2p2,2D,1.5,4.0,28.8024,2s.2p.(1P*).3d,2F*,2.5,6.0,198.062,169.2596,7.32509,295000000000.0,0.35596,1.4238,0.0094471
2s.2p2,2D,1.5,4.0,28.8024,2s.2p.(1P*).3d,2D*,1.5,4.0,199.348,170.5456,7.26986,49100000000.0,0.038904,0.15562,0.0010325
2s.2p2,2D,1.5,4.0,28.8024,2s.2p.(1P*).3d,2D*,2.5,6.0,199.393,170.5906,7.26794,3640000000.0,0.0043239,0.017296,0.00011476
2s.2p2,2D,1.5,4.0,28.8024,2s.2p.(1P*).3d,2P*,1.5,4.0,199.698,170.8956,7.25497,781000000.0,0.00061628,0.0024651,1.6356e-05
2s.2p2,2D,1.5,4.0,28.8024,2s.2p.(1P*).3d,2P*,0.5,2.0,199.698,170.8956,7.25497,7810000000.0,0.0030814,0.012326,8.1781e-05
2s.2p2,2D,1.5,4.0,28.8024,2p2.(1D).3p,2F*,2.5,6.0,209.59,180.7876,6.858,46000000000.0,0.048652,0.19461,0.0012912
2s.2p2,2D,1.5,4.0,28.8024,2s.2p.(3P*).4d,2D*,1.5,4.0,227.838,199.0356,6.22925,45400000000.0,0.026411,0.10564,0.00070095
2s.2p2,2D,1.5,4.0,28.8024,2s.2p.(3P*).4d,2D*,2.5,6.0,227.838,199.0356,6.22925,3370000000.0,0.0029407,0.011763,7.8046e-05
2s.2p2,2D,1.5,4.0,28.8024,2s.2p.(3P*).4d,2F*,2.5,6.0,228.893,200.0906,6.1964,175000000000.0,0.1511,0.60441,0.0040102
2s.2p2,2D,1.5,4.0,28.8024,2s.2p.(1P*).4d,2F*,2.5,6.0,243.542,214.7396,5.7737,67900000000.0,0.050901,0.20361,0.0013509
2s.2p2,2D,1.5,4.0,28.8024,2s.2p.(1P*).4d,2D*,1.5,4.0,244.086,215.2836,5.75911,22700000000.0,0.011287,0.04515,0.00029957
2s.2p2,2D,1.5,4.0,28.8024,2s.2p.(1P*).4d,2D*,2.5,6.0,244.086,215.2836,5.75911,1680000000.0,0.0012531,0.0050122,3.3256e-05
2s.2p2,2D,1.5,4.0,28.8024,2s.2p.(3P*).5d,2F*,2.5,6.0,248.621,219.8186,5.6403,86700000000.0,0.062026,0.2481,0.0016462
2s.2p2,2D,1.5,4.0,28.8024,2s.2p.(1P*).5d,2D*,2.5,6.0,264.386,235.5836,5.26285,705000000.0,0.00043912,0.0017565,1.1654e-05
2s.2p2,2D,1.5,4.0,28.8024,2s.2p.(1P*).5d,2D*,1.5,4.0,264.386,235.5836,5.26285,9510000000.0,0.003949,0.015796,0.00010481
2s.2p2,2S,0.5,2.0,36.9823,2s.2p2,2P,0.5,2.0,39.5164,2.5341,489.26324,2.42,8.6848e-09,1.737e-08,2.3049e-10
2s.2p2,2S,0.5,2.0,36.9823,2p3,4S*,1.5,4.0,51.281,14.2987,86.71012,2520.0,5.6811e-07,1.1362e-06,1.5078e-08
2s.2p2,2S,0.5,2.0,36.9823,2p3,2P*,0.5,2.0,65.0486,28.0663,44.17547,722000000.0,0.021123,0.042246,0.00056061
2s.2p2,2S,0.5,2.0,36.9823,2p3,2P*,1.5,4.0,65.072,28.0897,44.13867,1150000000.0,0.067178,0.13436,0.0017829
2s.2p2,2S,0.5,2.0,36.9823,2s.2p.(3P*).3s,4P*,0.5,2.0,167.551,130.5687,9.49571,1440000.0,1.9466e-06,3.8932e-06,5.1663e-08
2s.2p2,2S,0.5,2.0,36.9823,2s.2p.(3P*).3s,4P*,1.5,4.0,167.692,130.7097,9.48546,4710000.0,1.2707e-05,2.5413e-05,3.3723e-07
2s.2p2,2S,0.5,2.0,36.9823,2s.2p.(3P*).3s,2P*,0.5,2.0,171.278,134.2957,9.23218,15600000000.0,0.019934,0.039868,0.00052905
2s.2p2,2S,0.5,2.0,36.9823,2s.2p.(3P*).3s,2P*,1.5,4.0,171.564,134.5817,9.21256,15600000000.0,0.039699,0.079397,0.0010536
2s.2p2,2S,0.5,2.0,36.9823,2s.2p.(1P*).3s,2P*,0.5,2.0,184.361,147.3787,8.41263,34100000000.0,0.036181,0.072361,0.00096024
2s.2p2,2S,0.5,2.0,36.9823,2s.2p.(1P*).3s,2P*,1.5,4.0,184.361,147.3787,8.41263,34100000000.0,0.072361,0.14472,0.0019205
2s.2p2,2S,0.5,2.0,36.9823,2s.2p.(3P*).3d,2P*,1.5,4.0,187.6,150.6177,8.23172,244000000000.0,0.49575,0.99149,0.013157
2s.2p2,2S,0.5,2.0,36.9823,2s.2p.(3P*).3d,2P*,0.5,2.0,187.744,150.7617,8.22385,245000000000.0,0.24841,0.49683,0.0065929
2s.2p2,2S,0.5,2.0,36.9823,2s.2p.(1P*).3d,2P*,0.5,2.0,199.698,162.7157,7.61968,129000000000.0,0.11229,0.22457,0.0029801
2s.2p2,2S,0.5,2.0,36.9823,2s.2p.(1P*).3d,2P*,1.5,4.0,199.698,162.7157,7.61968,128000000000.0,0.22283,0.44566,0.0059139
2s.2p2,2P,0.5,2.0,39.5164,2p3,4S*,1.5,4.0,51.281,11.7646,105.38752,20800.0,6.9268e-06,1.3854e-05,1.8384e-07
2s.2p2,2P,0.5,2.0,39.5164,2p3,2D*,1.5,4.0,57.7541,18.2377,67.98237,681000000.0,0.094369,0.18874,0.0025046
2s.2p2,2P,0.5,2.0,39.5164,2p3,2P*,0.5,2.0,65.0486,25.5322,48.55994,2490000000.0,0.088027,0.17605,0.0023362
2s.2p2,2P,0.5,2.0,39.5164,2p3,2P*,1.5,4.0,65.072,25.5556,48.51547,385000000.0,0.027171,0.054343,0.00072113
2s.2p2,2P,0.5,2.0,39.5164,2s.2p.(3P*).3s,4P*,0.5,2.0,167.551,128.0346,9.68365,274000.0,3.852e-07,7.704e-07,1.0223e-08
2s.2p2,2P,0.5,2.0,39.5164,2s.2p.(3P*).3s,4P*,1.5,4.0,167.692,128.1756,9.673,429000.0,1.2036e-06,2.4071e-06,3.1943e-08
2s.2p2,2P,0.5,2.0,39.5164,2s.2p.(3P*).3s,2P*,0.5,2.0,171.278,131.7616,9.40974,2880000000.0,0.003823,0.007646,0.00010146
2s.2p2,2P,0.5,2.0,39.5164,2s.2p.(3P*).3s,2P*,1.5,4.0,171.564,132.0476,9.38936,723000000.0,0.0019112,0.0038223,5.0722e-05
2s.2p2,2P,0.5,2.0,39.5164,2s.2p.(3P*).3d,2D*,1.5,4.0,183.291,143.7746,8.62351,44400000000.0,0.099001,0.198,0.0026275
2s.2p2,2P,0.5,2.0,39.5164,2s.2p.(1P*).3s,2P*,1.5,4.0,184.361,144.8446,8.55981,10200000000.0,0.022409,0.044818,0.00059473
2s.2p2,2P,0.5,2.0,39.5164,2s.2p.(1P*).3s,2P*,0.5,2.0,184.361,144.8446,8.55981,40900000000.0,0.044927,0.089855,0.0011924
2s.2p2,2P,0.5,2.0,39.5164,2s.2p.(3P*).3d,2P*,1.5,4.0,187.6,148.0836,8.37258,6420000000.0,0.013494,0.026988,0.00035813
2s.2p2,2P,0.5,2.0,39.5164,2s.2p.(3P*).3d,2P*,0.5,2.0,187.744,148.2276,8.36445,25800000000.0,0.027062,0.054123,0.00071822
2s.2p2,2P,0.5,2.0,39.5164,2s.2p.(1P*).3d,2D*,1.5,4.0,199.348,159.8316,7.75718,385000000000.0,0.69464,1.3893,0.018436
2s.2p2,2P,0.5,2.0,39.5164,2s.2p.(1P*).3d,2P*,1.5,4.0,199.698,160.1816,7.74023,38200000000.0,0.068622,0.13724,0.0018212
2s.2p2,2P,0.5,2.0,39.5164,2s.2p.(1P*).3d,2P*,0.5,2.0,199.698,160.1816,7.74023,153000000000.0,0.13742,0.27485,0.0036472
2s.2p2,2P,0.5,2.0,39.5164,2s.2p.(3P*).4d,2D*,1.5,4.0,227.838,188.3216,6.58364,32700000000.0,0.042498,0.084996,0.0011279
2s.2p2,2P,0.5,2.0,39.5164,2s.2p.(1P*).4d,2D*,1.5,4.0,244.086,204.5696,6.06073,121000000000.0,0.13327,0.26654,0.0035369
2s.2p2,2P,0.5,2.0,39.5164,2s.2p.(1P*).5d,2D*,1.5,4.0,264.386,224.8696,5.5136,56900000000.0,0.051865,0.10373,0.0013765
2s.2p2,2P,1.5,4.0,39.7646,2p3,4S*,1.5,4.0,51.281,11.5164,107.65882,72800.0,1.265e-05,5.06e-05,3.3573e-07
2s.2p2,2P,1.5,4.0,39.7646,2p3,2D*,2.5,6.0,57.745,17.9804,68.95519,751000000.0,0.080302,0.32121,0.0021312
2s.2p2,2P,1.5,4.0,39.7646,2p3,2D*,1.5,4.0,57.7541,17.9895,68.92031,107000000.0,0.0076197,0.030479,0.00020223
2s.2p2,2P,1.5,4.0,39.7646,2p3,2P*,0.5,2.0,65.0486,25.284,49.03662,1050000000.0,0.018926,0.075704,0.0005023
2s.2p2,2P,1.5,4.0,39.7646,2p3,2P*,1.5,4.0,65.072,25.3074,48.99128,2870000000.0,0.10327,0.41308,0.0027408
2s.2p2,2P,1.5,4.0,39.7646,2s.2p.(3P*).3s,4P*,0.5,2.0,167.551,127.7864,9.70246,892000.0,6.2945e-07,2.5178e-06,1.6705e-08
2s.2p2,2P,1.5,4.0,39.7646,2s.2p.(3P*).3s,4P*,1.5,4.0,167.692,127.9274,9.69176,86000.0,1.2111e-07,4.8442e-07,3.2141e-09
2s.2p2,2P,1.5,4.0,39.7646,2s.2p.(3P*).3s,4P*,2.5,6.0,167.943,128.1784,9.67278,425000.0,8.9422e-07,3.5769e-06,2.3733e-08
2s.2p2,2P,1.5,4.0,39.7646,2s.2p.(3P*).3s,2P*,0.5,2.0,171.278,131.5134,9.4275,1430000000.0,0.0009527,0.0038108,2.5285e-05
2s.2p2,2P,1.5,4.0,39.7646,2s.2p.(3P*).3s,2P*,1.5,4.0,171.564,131.7994,9.40704,3600000000.0,0.004776,0.019104,0.00012676
2s.2p2,2P,1.5,4.0,39.7646,2s.2p.(3P*).3d,2D*,1.5,4.0,183.291,143.5264,8.63842,8850000000.0,0.0099008,0.039603,0.00026277
2s.2p2,2P,1.5,4.0,39.7646,2s.2p.(3P*).3d,2D*,2.5,6.0,183.334,143.5694,8.63584,53100000000.0,0.089054,0.35622,0.0023635
2s.2p2,2P,1.5,4.0,39.7646,2s.2p.(1P*).3s,2P*,0.5,2.0,184.361,144.5964,8.5745,20300000000.0,0.011188,0.044751,0.00029692
2s.2p2,2P,1.5,4.0,39.7646,2s.2p.(1P*).3s,2P*,1.5,4.0,184.361,144.5964,8.5745,50800000000.0,0.055994,0.22398,0.0014861
2s.2p2,2P,1.5,4.0,39.7646,2s.2p.(3P*).3d,2P*,1.5,4.0,187.6,147.8354,8.38664,32100000000.0,0.033849,0.13539,0.00089834
2s.2p2,2P,1.5,4.0,39.7646,2s.2p.(3P*).3d,2P*,0.5,2.0,187.744,147.9794,8.37848,12900000000.0,0.0067881,0.027152,0.00018016
2s.2p2,2P,1.5,4.0,39.7646,2s.2p.(1P*).3d,2D*,1.5,4.0,199.348,159.5834,7.76924,76600000000.0,0.069318,0.27727,0.0018397
2s.2p2,2P,1.5,4.0,39.7646,2s.2p.(1P*).3d,2D*,2.5,6.0,199.393,159.6284,7.76705,459000000000.0,0.6227,2.4908,0.016526
2s.2p2,2P,1.5,4.0,39.7646,2s.2p.(1P*).3d,2P*,1.5,4.0,199.698,159.9334,7.75224,191000000000.0,0.17209,0.68835,0.0045672
2s.2p2,2P,1.5,4.0,39.7646,2s.2p.(1P*).3d,2P*,0.5,2.0,199.698,159.9334,7.75224,76100000000.0,0.034282,0.13713,0.00090985
2s.2p2,2P,1.5,4.0,39.7646,2s.2p.(3P*).4d,2D*,1.5,4.0,227.838,188.0734,6.59233,6520000000.0,0.004248,0.016992,0.00011274
2s.2p2,2P,1.5,4.0,39.7646,2s.2p.(3P*).4d,2D*,2.5,6.0,227.838,188.0734,6.59233,39100000000.0,0.038213,0.15285,0.0010142
2s.2p2,2P,1.5,4.0,39.7646,2s.2p.(1P*).4d,2D*,2.5,6.0,244.086,204.3214,6.0681,145000000000.0,0.12007,0.48027,0.0031866
2s.2p2,2P,1.5,4.0,39.7646,2s.2p.(1P*).4d,2D*,1.5,4.0,244.086,204.3214,6.0681,24100000000.0,0.013304,0.053216,0.00035309
2s.2p2,2P,1.5,4.0,39.7646,2s.2p.(1P*).5d,2D*,1.5,4.0,264.386,224.6214,5.5197,11300000000.0,0.0051614,0.020646,0.00013698
2s.2p2,2P,1.5,4.0,39.7646,2s.2p.(1P*).5d,2D*,2.5,6.0,264.386,224.6214,5.5197,68000000000.0,0.04659,0.18636,0.0012365
2p3,4S*,1.5,4.0,51.281,2s2.3s,2S,0.5,2.0,150.106,98.825,12.54583,10300.0,1.2153e-08,4.861e-08,3.2253e-10
2p3,4S*,1.5,4.0,51.281,2s2.3d,2D,1.5,4.0,165.626,114.345,10.84299,15200.0,2.6792e-08,1.0717e-07,7.1105e-10
2p3,4S*,1.5,4.0,51.281,2s2.3d,2D,2.5,6.0,165.647,114.366,10.841,100000.0,2.643e-07,1.0572e-06,7.0144e-09
2p3,4S*,1.5,4.0,51.281,2p2.(3P).3s,4P,0.5,2.0,196.883,145.602,8.51528,48600000000.0,0.026416,0.10566,0.00070108
2p3,4S*,1.5,4.0,51.281,2p2.(3P).3s,4P,1.5,4.0,197.036,145.755,8.50634,48800000000.0,0.052938,0.21175,0.001405
2p3,4S*,1.5,4.0,51.281,2p2.(3P).3s,4P,2.5,6.0,197.284,146.003,8.49189,49000000000.0,0.079461,0.31785,0.0021089
2p3,4S*,1.5,4.0,51.281,2p2.(3P).3d,4P,2.5,6.0,212.744,161.463,7.6788,600000000000.0,0.79559,3.1824,0.021115
2p3,4S*,1.5,4.0,51.281,2p2.(3P).3d,4P,1.5,4.0,212.845,161.564,7.674,601000000000.0,0.53061,2.1225,0.014082
2p3,4S*,1.5,4.0,51.281,2p2.(3P).3d,4P,0.5,2.0,212.899,161.618,7.67144,603000000000.0,0.26601,1.064,0.0070599
2p3,2D*,2.5,6.0,57.745,2p3,2P*,0.5,2.0,65.0486,7.3036,169.75765,4.26,6.1349e-10,3.6809e-09,1.6282e-11
2p3,2D*,2.5,6.0,57.745,2s2.3d,2D,1.5,4.0,165.626,107.881,11.49268,2090000.0,2.759e-06,1.6554e-05,7.3225e-08
2p3,2D*,2.5,6.0,57.745,2s2.3d,2D,2.5,6.0,165.647,107.902,11.49044,22500000.0,4.4536e-05,0.00026722,1.182e-06
2p3,2D*,2.5,6.0,57.745,2s.2p.(3P*).3p,2P,1.5,4.0,174.743,116.998,10.59712,3240000000.0,0.0036365,0.021819,9.6514e-05
2p3,2D*,2.5,6.0,57.745,2s.2p.(3P*).3p,2D,1.5,4.0,178.613,120.868,10.25782,197000000.0,0.00020718,0.0012431,5.4985e-06
2p3,2D*,2.5,6.0,57.745,2s.2p.(3P*).3p,2D,2.5,6.0,178.888,121.143,10.23453,1850000000.0,0.0029051,0.017431,7.7102e-05
2p3,2D*,2.5,6.0,57.745,2s.2p.(1P*).3p,2D,2.5,6.0,192.033,134.288,9.23271,233000000.0,0.00029777,0.0017866,7.9027e-06
2p3,2D*,2.5,6.0,57.745,2s.2p.(1P*).3p,2P,1.5,4.0,192.245,134.5,9.21816,14500000000.0,0.012315,0.073888,0.00032683
2p3,2D*,2.5,6.0,57.745,2p2.(1D).3s,2D,1.5,4.0,203.184,145.439,8.52482,6430000000.0,0.0046704,0.028022,0.00012395
2p3,2D*,2.5,6.0,57.745,2p2.(1D).3s,2D,2.5,6.0,203.184,145.439,8.52482,60000000000.0,0.06537,0.39222,0.0017349
2p3,2D*,2.5,6.0,57.745,2s2.4d,2D,1.5,4.0,210.008,152.263,8.14277,44400000.0,2.9424e-05,0.00017654,7.809e-07
2p3,2D*,2.5,6.0,57.745,2s2.4d,2D,2.5,6.0,210.008,152.263,8.14277,414000000.0,0.00041153,0.0024692,1.0922e-05
2p3,2D*,2.5,6.0,57.745,2p2.(3P).3d,2F,3.5,8.0,211.022,153.277,8.0889,63500000000.0,0.083052,0.49831,0.0022042
2p3,2D*,2.5,6.0,57.745,2p2.(3P).3d,2D,2.5,6.0,211.18,153.435,8.08057,202000000000.0,0.19774,1.1864,0.005248
2p3,2D*,2.5,6.0,57.745,2p2.(1D).3d,2D,2.5,6.0,214.976,157.231,7.88548,173000000000.0,0.16127,0.96764,0.0042802
2p3,2D*,2.5,6.0,57.745,2p2.(1D).3d,2F,3.5,8.0,217.236,159.491,7.77374,732000000000.0,0.88424,5.3054,0.023468
2p3,2D*,2.5,6.0,57.745,2p2.(1D).3d,2P,1.5,4.0,217.566,159.821,7.75769,93900000000.0,0.056481,0.33888,0.001499
2p3,2D*,2.5,6.0,57.745,2s.2p.(3P*).4p,2P,1.5,4.0,224.928,167.183,7.41608,27300000.0,1.5006e-05,9.0039e-05,3.9827e-07
2p3,2D*,2.5,6.0,57.745,2s.2p.(3P*).4p,2D,1.5,4.0,226.029,168.284,7.36756,33600000.0,1.8229e-05,0.00010937,4.8379e-07
2p3,2D*,2.5,6.0,57.745,2s.2p.(3P*).4p,2D,2.5,6.0,226.303,168.558,7.35558,314000000.0,0.0002547,0.0015282,6.7596e-06
2p3,2D*,2.5,6.0,57.745,2s2.5d,2D,1.5,4.0,230.402,172.657,7.18095,17100000.0,8.8131e-06,5.2879e-05,2.339e-07
2p3,2D*,2.5,6.0,57.745,2s2.5d,2D,2.5,6.0,230.415,172.67,7.18041,159000000.0,0.0001229,0.00073741,3.2618e-06
2p3,2D*,2.5,6.0,57.745,2s2.6d,2D,2.5,6.0,241.281,183.536,6.75531,21900000.0,1.4983e-05,8.9897e-05,3.9764e-07
2p3,2D*,2.5,6.0,57.745,2s2.6d,2D,1.5,4.0,241.281,183.536,6.75531,2350000.0,1.0718e-06,6.431e-06,2.8446e-08
2p3,2D*,1.5,4.0,57.7541,2s2.3s,2S,0.5,2.0,150.106,92.3519,13.42519,11200.0,1.5132e-08,6.0527e-08,4.016e-10
2p3,2D*,1.5,4.0,57.7541,2s2.3d,2D,1.5,4.0,165.626,107.8719,11.49365,22800000.0,4.5155e-05,0.00018062,1.1984e-06
2p3,2D*,1.5,4.0,57.7541,2s2.3d,2D,2.5,6.0,165.647,107.8929,11.49141,2270000.0,6.741e-06,2.6964e-05,1.7891e-07
2p3,2D*,1.5,4.0,57.7541,2s.2p.(3P*).3p,2P,0.5,2.0,174.616,116.8619,10.60946,3590000000.0,0.0030291,0.012116,8.0392e-05
2p3,2D*,1.5,4.0,57.7541,2s.2p.(3P*).3p,2P,1.5,4.0,174.743,116.9889,10.59795,360000000.0,0.00060619,0.0024247,1.6088e-05
2p3,2D*,1.5,4.0,57.7541,2s.2p.(3P*).3p,2D,1.5,4.0,178.613,120.8589,10.25859,1770000000.0,0.0027926,0.01117,7.4116e-05
2p3,2D*,1.5,4.0,57.7541,2s.2p.(3P*).3p,2D,2.5,6.0,178.888,121.1339,10.2353,132000000.0,0.00031098,0.0012439,8.2533e-06
2p3,2D*,1.5,4.0,57.7541,2s.2p.(1P*).3p,2D,2.5,6.0,192.033,134.2789,9.23333,16700000.0,3.2017e-05,0.00012807,8.4974e-07
2p3,2D*,1.5,4.0,57.7541,2s.2p.(1P*).3p,2P,0.5,2.0,192.174,134.4199,9.22365,16000000000.0,0.010204,0.040815,0.0002708
2p3,2D*,1.5,4.0,57.7541,2s.2p.(1P*).3p,2P,1.5,4.0,192.245,134.4909,9.21878,1610000000.0,0.0020513,0.0082053,5.4442e-05
2p3,2D*,1.5,4.0,57.7541,2p2.(1D).3s,2D,1.5,4.0,203.184,145.4299,8.52536,57900000000.0,0.06309,0.25236,0.0016744
2p3,2D*,1.5,4.0,57.7541,2p2.(1D).3s,2D,2.5,6.0,203.184,145.4299,8.52536,4290000000.0,0.0070119,0.028047,0.00018609
2p3,2D*,1.5,4.0,57.7541,2s2.4d,2D,2.5,6.0,210.008,152.2539,8.14325,29500000.0,4.3991e-05,0.00017597,1.1675e-06
2p3,2D*,1.5,4.0,57.7541,2s2.4d,2D,1.5,4.0,210.008,152.2539,8.14325,398000000.0,0.00039567,0.0015827,1.0501e-05
2p3,2D*,1.5,4.0,57.7541,2p2.(3P).3d,2D,2.5,6.0,211.18,153.4259,8.08105,14400000000.0,0.021147,0.084588,0.00056124
2p3,2D*,1.5,4.0,57.7541,2p2.(1D).3d,2D,2.5,6.0,214.976,157.2219,7.88594,12300000000.0,0.017201,0.068805,0.00045652
2p3,2D*,1.5,4.0,57.7541,2p2.(1D).3d,2P,0.5,2.0,217.424,159.6699,7.76503,104000000000.0,0.047006,0.18802,0.0012475
2p3,2D*,1.5,4.0,57.7541,2p2.(1D).3d,2P,1.5,4.0,217.566,159.8119,7.75813,10400000000.0,0.0093844,0.037538,0.00024906
2p3,2D*,1.5,4.0,57.7541,2s.2p.(3P*).4p,2P,1.5,4.0,224.928,167.1739,7.41648,3030000.0,2.4986e-06,9.9944e-06,6.6313e-08
2p3,2D*,1.5,4.0,57.7541,2s.2p.(3P*).4p,2D,1.5,4.0,226.029,168.2749,7.36796,302000000.0,0.00024579,0.00098315,6.5232e-06
2p3,2D*,1.5,4.0,57.7541,2s.2p.(3P*).4p,2D,2.5,6.0,226.303,168.5489,7.35598,22400000.0,2.7257e-05,0.00010903,7.234e-07
2p3,2D*,1.5,4.0,57.7541,2s2.5d,2D,1.5,4.0,230.402,172.6479,7.18133,154000000.0,0.00011907,0.00047627,3.16e-06
2p3,2D*,1.5,4.0,57.7541,2s2.5d,2D,2.5,6.0,230.415,172.6609,7.18079,11400000.0,1.3219e-05,5.2876e-05,3.5083e-07
2p3,2D*,1.5,4.0,57.7541,2s2.6d,2D,2.5,6.0,241.281,183.5269,6.75564,1570000.0,1.6113e-06,6.4453e-06,4.2765e-08
2p3,2D*,1.5,4.0,57.7541,2s2.6d,2D,1.5,4.0,241.281,183.5269,6.75564,21200000.0,1.4505e-05,5.8021e-05,3.8497e-07
2p3,2P*,0.5,2.0,65.0486,2s2.3s,2S,0.5,2.0,150.106,85.0574,14.57653,973000.0,3.0994e-06,6.1988e-06,8.2259e-08
2p3,2P*,0.5,2.0,65.0486,2s2.3d,2D,1.5,4.0,165.626,100.5774,12.32724,695000.0,3.1667e-06,6.3334e-06,8.4044e-08
2p3,2P*,0.5,2.0,65.0486,2s.2p.(3P*).3p,2P,0.5,2.0,174.616,109.5674,11.31579,12200000.0,2.342e-05,4.684e-05,6.2157e-07
2p3,2P*,0.5,2.0,65.0486,2s.2p.(3P*).3p,2P,1.5,4.0,174.743,109.6944,11.30269,3050000.0,1.1683e-05,2.3366e-05,3.1007e-07
2p3,2P*,0.5,2.0,65.0486,2s.2p.(3P*).3p,2D,1.5,4.0,178.613,113.5644,10.91752,1060000000.0,0.0037883,0.0075766,0.00010054
2p3,2P*,0.5,2.0,65.0486,2s.2p.(3P*).3p,2S,0.5,2.0,181.13,116.0814,10.6808,3260000000.0,0.0055755,0.011151,0.00014797
2p3,2P*,0.5,2.0,65.0486,2s.2p.(1P*).3p,2P,0.5,2.0,192.174,127.1254,9.75291,3250000000.0,0.0046346,0.0092692,0.000123
2p3,2P*,0.5,2.0,65.0486,2s.2p.(1P*).3p,2P,1.5,4.0,192.245,127.1964,9.74746,814000000.0,0.002319,0.004638,6.1546e-05
2p3,2P*,0.5,2.0,65.0486,2s.2p.(1P*).3p,2S,0.5,2.0,192.993,127.9444,9.69047,185000000.0,0.00026045,0.0005209,6.9123e-06
2p3,2P*,0.5,2.0,65.0486,2p2.(1D).3s,2D,1.5,4.0,203.184,138.1354,8.97556,16700000000.0,0.040339,0.080679,0.0010706
2p3,2P*,0.5,2.0,65.0486,2s2.4s,2S,0.5,2.0,204.311,139.2624,8.90292,11200000.0,1.3309e-05,2.6618e-05,3.5322e-07
2p3,2P*,0.5,2.0,65.0486,2s2.4d,2D,1.5,4.0,210.008,144.9594,8.55303,44700000.0,9.8048e-05,0.0001961,2.6022e-06
2p3,2P*,0.5,2.0,65.0486,2p2.(1D).3d,2P,0.5,2.0,217.424,152.3754,8.13676,183000000000.0,0.18164,0.36328,0.0048207
2p3,2P*,0.5,2.0,65.0486,2p2.(1D).3d,2P,1.5,4.0,217.566,152.5174,8.12918,45900000000.0,0.090949,0.1819,0.0024138
2p3,2P*,0.5,2.0,65.0486,2s.2p.(3P*).4p,2P,1.5,4.0,224.928,159.8794,7.75486,921000000.0,0.0016607,0.0033214,4.4076e-05
2p3,2P*,0.5,2.0,65.0486,2s.2p.(3P*).4p,2D,1.5,4.0,226.029,160.9804,7.70182,3110000000.0,0.0055314,0.011063,0.0001468
2p3,2P*,0.5,2.0,65.0486,2s2.5d,2D,1.5,4.0,230.402,165.3534,7.49813,2370000000.0,0.0039953,0.0079905,0.00010603
2p3,2P*,0.5,2.0,65.0486,2s2.6d,2D,1.5,4.0,241.281,176.2324,7.03527,27600000.0,4.096e-05,8.192e-05,1.0871e-06
2p3,2P*,1.5,4.0,65.072,2s2.3s,2S,0.5,2.0,150.106,85.034,14.58054,2160000.0,3.4422e-06,1.3769e-05,9.1355e-08
2p3,2P*,1.5,4.0,65.072,2s2.3d,2D,1.5,4.0,165.626,100.554,12.33011,94100.0,2.1448e-07,8.5791e-07,5.6923e-09
2p3,2P*,1.5,4.0,65.072,2s2.3d,2D,2.5,6.0,165.647,100.575,12.32754,1500000.0,5.1262e-06,2.0505e-05,1.3605e-07
2p3,2P*,1.5,4.0,65.072,2s.2p.(3P*).3p,2P,0.5,2.0,174.616,109.544,11.31821,6080000.0,5.8383e-06,2.3353e-05,1.5495e-07
2p3,2P*,1.5,4.0,65.072,2s.2p.(3P*).3p,2P,1.5,4.0,174.743,109.671,11.3051,15200000.0,2.9124e-05,0.0001165,7.7295e-07
2p3,2P*,1.5,4.0,65.072,2s.2p.(3P*).3p,2D,1.5,4.0,178.613,113.541,10.91977,211000000.0,0.0003772,0.0015088,1.0011e-05
2p3,2P*,1.5,4.0,65.072,2s.2p.(3P*).3p,2D,2.5,6.0,178.888,113.816,10.89339,1280000000.0,0.0034158,0.013663,9.0654e-05
2p3,2P*,1.5,4.0,65.072,2s.2p.(3P*).3p,2S,0.5,2.0,181.13,116.058,10.68295,6520000000.0,0.0055778,0.022311,0.00014803
2p3,2P*,1.5,4.0,65.072,2s.2p.(1P*).3p,2D,2.5,6.0,192.033,126.961,9.76553,30100000.0,6.4552e-05,0.00025821,1.7132e-06
2p3,2P*,1.5,4.0,65.072,2s.2p.(1P*).3p,2P,0.5,2.0,192.174,127.102,9.7547,1630000000.0,0.0011626,0.0046506,3.0856e-05
2p3,2P*,1.5,4.0,65.072,2s.2p.(1P*).3p,2P,1.5,4.0,192.245,127.173,9.74925,4060000000.0,0.0057853,0.023141,0.00015354
2p3,2P*,1.5,4.0,65.072,2s.2p.(1P*).3p,2S,0.5,2.0,192.993,127.921,9.69225,371000000.0,0.00026125,0.001045,6.9335e-06
2p3,2P*,1.5,4.0,65.072,2p2.(1D).3s,2D,2.5,6.0,203.184,138.112,8.97708,20100000000.0,0.036426,0.14571,0.00096676
2p3,2P*,1.5,4.0,65.072,2p2.(1D).3s,2D,1.5,4.0,203.184,138.112,8.97708,3340000000.0,0.0040353,0.016141,0.0001071
2p3,2P*,1.5,4.0,65.072,2s2.4s,2S,0.5,2.0,204.311,139.239,8.90442,22400000.0,1.3313e-05,5.3254e-05,3.5334e-07
2p3,2P*,1.5,4.0,65.072,2s2.4d,2D,1.5,4.0,210.008,144.936,8.55441,8930000.0,9.797e-06,3.9188e-05,2.6001e-07
2p3,2P*,1.5,4.0,65.072,2s2.4d,2D,2.5,6.0,210.008,144.936,8.55441,53600000.0,8.8206e-05,0.00035282,2.341e-06
2p3,2P*,1.5,4.0,65.072,2p2.(3P).3d,2D,2.5,6.0,211.18,146.108,8.48579,133000000000.0,0.21537,0.86148,0.0057159
2p3,2P*,1.5,4.0,65.072,2p2.(1D).3d,2D,2.5,6.0,214.976,149.904,8.27091,230000000000.0,0.35382,1.4153,0.0093904
2p3,2P*,1.5,4.0,65.072,2p2.(1D).3d,2P,0.5,2.0,217.424,152.352,8.13801,91500000000.0,0.045424,0.1817,0.0012056
2p3,2P*,1.5,4.0,65.072,2p2.(1D).3d,2P,1.5,4.0,217.566,152.494,8.13043,229000000000.0,0.22695,0.90778,0.0060231
2p3,2P*,1.5,4.0,65.072,2s.2p.(3P*).4p,2P,1.5,4.0,224.928,159.856,7.75599,4610000000.0,0.0041575,0.01663,0.00011034
2p3,2P*,1.5,4.0,65.072,2s.2p.(3P*).4p,2D,1.5,4.0,226.029,160.957,7.70294,623000000.0,0.00055419,0.0022168,1.4708e-05
2p3,2P*,1.5,4.0,65.072,2s.2p.(3P*).4p,2D,2.5,6.0,226.303,161.231,7.68985,3750000000.0,0.0049868,0.019947,0.00013235
2p3,2P*,1.5,4.0,65.072,2s2.5d,2D,1.5,4.0,230.402,165.33,7.4992,473000000.0,0.0003988,0.0015952,1.0584e-05
2p3,2P*,1.5,4.0,65.072,2s2.5d,2D,2.5,6.0,230.415,165.343,7.49861,2840000000.0,0.0035911,0.014364,9.5308e-05
2p3,2P*,1.5,4.0,65.072,2s2.6d,2D,2.5,6.0,241.281,176.209,7.0362,33100000.0,3.6852e-05,0.00014741,9.7804e-07
2p3,2P*,1.5,4.0,65.072,2s2.6d,2D,1.5,4.0,241.281,176.209,7.0362,5520000.0,4.0971e-06,1.6388e-05,1.0874e-07
2s2.3s,2S,0.5,2.0,150.106,2s.2p.(3P*).3s,2P*,0.5,2.0,171.278,21.172,58.56046,194000000.0,0.009974,0.019948,0.00026471
2s2.3s,2S,0.5,2.0,150.106,2s.2p.(3P*).3s,2P*,1.5,4.0,171.564,21.458,57.77994,203000000.0,0.020321,0.040642,0.00053931
2s2.3s,2S,0.5,2.0,150.106,2s.2p.(1P*).3s,2P*,0.5,2.0,184.361,34.255,36.19448,5550000000.0,0.109,0.21801,0.0028929
2s2.3s,2S,0.5,2.0,150.106,2s.2p.(1P*).3s,2P*,1.5,4.0,184.361,34.255,36.19448,5550000000.0,0.21801,0.43601,0.0057859
2s2.3s,2S,0.5,2.0,150.106,2s.2p.(3P*).3d,2P*,1.5,4.0,187.6,37.494,33.06774,531000000.0,0.01741,0.03482,0.00046206
2s2.3s,2S,0.5,2.0,150.106,2s.2p.(3P*).3d,2P*,0.5,2.0,187.744,37.638,32.94123,537000000.0,0.008736,0.017472,0.00023185
2s2.3s,2S,0.5,2.0,150.106,2s.2p.(1P*).3d,2P*,0.5,2.0,199.698,49.592,25.00085,250000000.0,0.0023427,0.0046853,6.2174e-05
2s2.3s,2S,0.5,2.0,150.106,2s.2p.(1P*).3d,2P*,1.5,4.0,199.698,49.592,25.00085,250000000.0,0.0046853,0.0093706,0.00012435
2s2.3d,2D,1.5,4.0,165.626,2s.2p.(3P*).3s,2P*,0.5,2.0,171.278,5.652,219.36341,7740000.0,0.0027919,0.011168,7.4097e-05
2s2.3d,2D,1.5,4.0,165.626,2s.2p.(3P*).3s,2P*,1.5,4.0,171.564,5.938,208.79791,897000.0,0.00058628,0.0023451,1.556e-05
2s2.3d,2D,1.5,4.0,165.626,2s.2p.(3P*).3d,2D*,1.5,4.0,183.291,17.665,70.18636,5120000.0,0.00037812,0.0015125,1.0035e-05
2s2.3d,2D,1.5,4.0,165.626,2s.2p.(3P*).3d,2D*,2.5,6.0,183.334,17.708,70.01592,382000.0,4.2112e-05,0.00016845,1.1177e-06
2s2.3d,2D,1.5,4.0,165.626,2s.2p.(1P*).3d,2F*,2.5,6.0,198.062,32.436,38.22426,685000000.0,0.022507,0.090028,0.00059734
2s2.3d,2D,1.5,4.0,165.626,2s.2p.(1P*).3d,2D*,1.5,4.0,199.348,33.722,36.76656,5030000000.0,0.10194,0.40775,0.0027054
2s2.3d,2D,1.5,4.0,165.626,2s.2p.(1P*).3d,2D*,2.5,6.0,199.393,33.767,36.71756,373000000.0,0.011309,0.045234,0.00030013
2s2.3d,2D,1.5,4.0,165.626,2s.2p.(1P*).3d,2P*,1.5,4.0,199.698,34.072,36.38888,740000000.0,0.01469,0.058761,0.00038988
2s2.3d,2D,1.5,4.0,165.626,2s.2p.(1P*).3d,2P*,0.5,2.0,199.698,34.072,36.38888,7430000000.0,0.073749,0.295,0.0019573
2s2.3d,2D,1.5,4.0,165.626,2p2.(1D).3p,2F*,2.5,6.0,209.59,43.964,28.2013,626000000.0,0.011196,0.044784,0.00029714
2s2.3d,2D,1.5,4.0,165.626,2s.2p.(3P*).4d,2F*,2.5,6.0,228.893,63.267,19.59698,61500000.0,0.00053113,0.0021245,1.4096e-05
2s2.3d,2D,1.5,4.0,165.626,2s.2p.(1P*).4d,2F*,2.5,6.0,243.542,77.916,15.91255,980000000.0,0.0055803,0.022321,0.0001481
2s2.3d,2D,1.5,4.0,165.626,2s.2p.(1P*).4d,2D*,1.5,4.0,244.086,78.46,15.80222,39300000.0,0.00014713,0.0005885,3.9047e-06
2s2.3d,2D,1.5,4.0,165.626,2s.2p.(1P*).4d,2D*,2.5,6.0,244.086,78.46,15.80222,2900000.0,1.6285e-05,6.514e-05,4.322e-07
2s2.3d,2D,1.5,4.0,165.626,2s.2p.(3P*).5d,2F*,2.5,6.0,248.621,82.995,14.93876,935000000.0,0.0046924,0.018769,0.00012454
2s2.3d,2D,1.5,4.0,165.626,2s.2p.(1P*).5d,2D*,1.5,4.0,264.386,98.76,12.55409,25300000.0,5.9779e-05,0.00023912,1.5865e-06
2s2.3d,2D,1.5,4.0,165.626,2s.2p.(1P*).5d,2D*,2.5,6.0,264.386,98.76,12.55409,1870000.0,6.6277e-06,2.6511e-05,1.759e-07
2s2.3d,2D,2.5,6.0,165.647,2s.2p.(3P*).3s,2P*,1.5,4.0,171.564,5.917,209.53895,7980000.0,0.0035019,0.021011,9.294e-05
2s2.3d,2D,2.5,6.0,165.647,2s.2p.(3P*).3d,2D*,1.5,4.0,183.291,17.644,70.26989,567000.0,2.7983e-05,0.0001679,7.4266e-07
2s2.3d,2D,2.5,6.0,165.647,2s.2p.(3P*).3d,2D*,2.5,6.0,183.334,17.687,70.09905,5320000.0,0.00039192,0.0023515,1.0402e-05
2s2.3d,2D,2.5,6.0,165.647,2s.2p.(1P*).3d,2F*,2.5,6.0,198.062,32.415,38.24902,48800000.0,0.0010703,0.006422,2.8407e-05
2s2.3d,2D,2.5,6.0,165.647,2s.2p.(1P*).3d,2F*,3.5,8.0,198.062,32.415,38.24902,732000000.0,0.021407,0.12844,0.00056813
2s2.3d,2D,2.5,6.0,165.647,2s.2p.(1P*).3d,2D*,1.5,4.0,199.348,33.701,36.78947,558000000.0,0.0075483,0.04529,0.00020033
2s2.3d,2D,2.5,6.0,165.647,2s.2p.(1P*).3d,2D*,2.5,6.0,199.393,33.746,36.74041,5240000000.0,0.10604,0.63625,0.0028144
2s2.3d,2D,2.5,6.0,165.647,2s.2p.(1P*).3d,2P*,1.5,4.0,199.698,34.051,36.41132,6660000000.0,0.08825,0.5295,0.0023422
2s2.3d,2D,2.5,6.0,165.647,2p2.(1D).3p,2F*,2.5,6.0,209.59,43.943,28.21478,44700000.0,0.00053348,0.0032009,1.4159e-05
2s2.3d,2D,2.5,6.0,165.647,2p2.(1D).3p,2F*,3.5,8.0,209.665,44.018,28.1667,675000000.0,0.010705,0.064228,0.0002841
2s2.3d,2D,2.5,6.0,165.647,2s.2p.(3P*).4d,2F*,2.5,6.0,228.893,63.246,19.60348,4390000.0,2.5292e-05,0.00015175,6.7126e-07
2s2.3d,2D,2.5,6.0,165.647,2s.2p.(3P*).4d,2F*,3.5,8.0,229.125,63.478,19.53184,66600000.0,0.00050788,0.0030473,1.3479e-05
2s2.3d,2D,2.5,6.0,165.647,2s.2p.(1P*).4d,2F*,3.5,8.0,243.542,77.895,15.91684,1050000000.0,0.0053174,0.031905,0.00014112
2s2.3d,2D,2.5,6.0,165.647,2s.2p.(1P*).4d,2F*,2.5,6.0,243.542,77.895,15.91684,70000000.0,0.00026587,0.0015952,7.0562e-06
2s2.3d,2D,2.5,6.0,165.647,2s.2p.(1P*).4d,2D*,1.5,4.0,244.086,78.439,15.80645,4370000.0,1.0912e-05,6.5474e-05,2.8961e-07
2s2.3d,2D,2.5,6.0,165.647,2s.2p.(1P*).4d,2D*,2.5,6.0,244.086,78.439,15.80645,40600000.0,0.00015207,0.00091244,4.036e-06
2s2.3d,2D,2.5,6.0,165.647,2s.2p.(3P*).5d,2F*,2.5,6.0,248.621,82.974,14.94254,66600000.0,0.00022294,0.0013376,5.9168e-06
2s2.3d,2D,2.5,6.0,165.647,2s.2p.(3P*).5d,2F*,3.5,8.0,248.793,83.146,14.91163,1010000000.0,0.0044892,0.026935,0.00011914
2s2.3d,2D,2.5,6.0,165.647,2s.2p.(1P*).5d,2D*,2.5,6.0,264.386,98.739,12.55676,26200000.0,6.1932e-05,0.00037159,1.6437e-06
2s2.3d,2D,2.5,6.0,165.647,2s.2p.(1P*).5d,2D*,1.5,4.0,264.386,98.739,12.55676,2810000.0,4.4282e-06,2.6569e-05,1.1753e-07
2s.2p.(3P*).3s,4P*,0.5,2.0,167.551,2p2.(3P).3s,4P,0.5,2.0,196.883,29.332,42.26926,739000000.0,0.019795,0.03959,0.00052536
2s.2p.(3P*).3s,4P*,0.5,2.0,167.551,2p2.(3P).3s,4P,1.5,4.0,197.036,29.485,42.04992,1870000000.0,0.099143,0.19829,0.0026313
2s.2p.(3P*).3s,4P*,0.5,2.0,167.551,2p2.(3P).3d,4P,1.5,4.0,212.845,45.294,27.37321,27700000.0,0.00062233,0.0012447,1.6517e-05
2s.2p.(3P*).3s,4P*,0.5,2.0,167.551,2p2.(3P).3d,4P,0.5,2.0,212.899,45.348,27.34061,11200000.0,0.00012551,0.00025103,3.3312e-06
2s.2p.(3P*).3s,4P*,1.5,4.0,167.692,2p2.(3P).3s,4P,0.5,2.0,196.883,29.191,42.47343,3640000000.0,0.049223,0.19689,0.0013064
2s.2p.(3P*).3s,4P*,1.5,4.0,167.692,2p2.(3P).3s,4P,1.5,4.0,197.036,29.344,42.25198,590000000.0,0.015791,0.063163,0.00041909
2s.2p.(3P*).3s,4P*,1.5,4.0,167.692,2p2.(3P).3s,4P,2.5,6.0,197.284,29.592,41.89788,1370000000.0,0.054082,0.21633,0.0014353
2s.2p.(3P*).3s,4P*,1.5,4.0,167.692,2p2.(3P).3d,4P,2.5,6.0,212.744,45.052,27.52024,19600000.0,0.00033382,0.0013353,8.8596e-06
2s.2p.(3P*).3s,4P*,1.5,4.0,167.692,2p2.(3P).3d,4P,1.5,4.0,212.845,45.153,27.45868,8780000.0,9.9246e-05,0.00039698,2.634e-06
2s.2p.(3P*).3s,4P*,1.5,4.0,167.692,2p2.(3P).3d,4P,0.5,2.0,212.899,45.207,27.42589,55200000.0,0.00031124,0.0012449,8.2602e-06
2s.2p.(3P*).3s,4P*,2.5,6.0,167.943,2p2.(3P).3s,4P,1.5,4.0,197.036,29.093,42.61651,1940000000.0,0.035215,0.21129,0.0009346
2s.2p.(3P*).3s,4P*,2.5,6.0,167.943,2p2.(3P).3s,4P,2.5,6.0,197.284,29.341,42.2563,3100000000.0,0.082986,0.49792,0.0022024
2s.2p.(3P*).3s,4P*,2.5,6.0,167.943,2p2.(3P).3d,4P,2.5,6.0,212.744,44.801,27.67443,45000000.0,0.00051669,0.0031001,1.3713e-05
2s.2p.(3P*).3s,4P*,2.5,6.0,167.943,2p2.(3P).3d,4P,1.5,4.0,212.845,44.902,27.61218,29100000.0,0.00022175,0.0013305,5.8852e-06
2s.2p.(3P*).3s,2P*,0.5,2.0,171.278,2s.2p.(3P*).3p,2P,0.5,2.0,174.616,3.338,371.43259,13100000.0,0.027095,0.05419,0.0007191
2s.2p.(3P*).3s,2P*,0.5,2.0,171.278,2s.2p.(3P*).3p,2P,1.5,4.0,174.743,3.465,357.81875,3650000.0,0.014012,0.028025,0.00037189
2s.2p.(3P*).3s,2P*,0.5,2.0,171.278,2s.2p.(3P*).3p,2D,1.5,4.0,178.613,7.335,169.03095,202000000.0,0.17305,0.3461,0.0045928
2s.2p.(3P*).3s,2P*,0.5,2.0,171.278,2s.2p.(3P*).3p,2S,0.5,2.0,181.13,9.852,125.84673,219000000.0,0.051998,0.104,0.00138
2s.2p.(3P*).3s,2P*,0.5,2.0,171.278,2s.2p.(1P*).3p,2P,0.5,2.0,192.174,20.896,59.33394,16600000.0,0.00087614,0.0017523,2.3253e-05
2s.2p.(3P*).3s,2P*,0.5,2.0,171.278,2s.2p.(1P*).3p,2P,1.5,4.0,192.245,20.967,59.13302,4200000.0,0.00044035,0.0008807,1.1687e-05
2s.2p.(3P*).3s,2P*,0.5,2.0,171.278,2s.2p.(1P*).3p,2S,0.5,2.0,192.993,21.715,57.09611,381000000.0,0.018621,0.037242,0.0004942
2s.2p.(3P*).3s,2P*,0.5,2.0,171.278,2p2.(1D).3s,2D,1.5,4.0,203.184,31.906,38.85921,42400000.0,0.0019197,0.0038395,5.095e-05
2s.2p.(3P*).3s,2P*,0.5,2.0,171.278,2s2.4s,2S,0.5,2.0,204.311,33.033,37.53344,58700000.0,0.0012398,0.0024795,3.2903e-05
2s.2p.(3P*).3s,2P*,0.5,2.0,171.278,2s2.4d,2D,1.5,4.0,210.008,38.73,32.01244,921000000.0,0.0283,0.0566,0.00075108
2s.2p.(3P*).3s,2P*,0.5,2.0,171.278,2p2.(1D).3d,2P,0.5,2.0,217.424,46.146,26.86781,27200000.0,0.00029437,0.00058874,7.8126e-06
2s.2p.(3P*).3s,2P*,0.5,2.0,171.278,2p2.(1D).3d,2P,1.5,4.0,217.566,46.288,26.78539,6880000.0,0.000148,0.00029601,3.928e-06
2s.2p.(3P*).3s,2P*,0.5,2.0,171.278,2s.2p.(3P*).4p,2P,1.5,4.0,224.928,53.65,23.10982,1780000000.0,0.028504,0.057008,0.00075649
2s.2p.(3P*).3s,2P*,0.5,2.0,171.278,2s.2p.(3P*).4p,2D,1.5,4.0,226.029,54.751,22.6451,8590000000.0,0.13208,0.26416,0.0035054
2s.2p.(3P*).3s,2P*,0.5,2.0,171.278,2s2.5d,2D,1.5,4.0,230.402,59.124,20.9702,345000000.0,0.004549,0.009098,0.00012073
2s.2p.(3P*).3s,2P*,0.5,2.0,171.278,2s2.6d,2D,1.5,4.0,241.281,70.003,17.71127,171000000.0,0.0016084,0.0032167,4.2686e-05
2s.2p.(3P*).3s,2P*,1.5,4.0,171.564,2s.2p.(3P*).3p,2P,0.5,2.0,174.616,3.052,406.23918,4990000.0,0.006173,0.024692,0.00016383
2s.2p.(3P*).3s,2P*,1.5,4.0,171.564,2s.2p.(3P*).3p,2P,1.5,4.0,174.743,3.179,390.01006,14100000.0,0.032154,0.12861,0.00085336
2s.2p.(3P*).3s,2P*,1.5,4.0,171.564,2s.2p.(3P*).3p,2D,1.5,4.0,178.613,7.049,175.88906,35800000.0,0.016604,0.066417,0.00044068
2s.2p.(3P*).3s,2P*,1.5,4.0,171.564,2s.2p.(3P*).3p,2D,2.5,6.0,178.888,7.324,169.28481,241000000.0,0.15531,0.62125,0.004122
2s.2p.(3P*).3s,2P*,1.5,4.0,171.564,2s.2p.(3P*).3p,2S,0.5,2.0,181.13,9.566,129.60924,401000000.0,0.050495,0.20198,0.0013401
2s.2p.(3P*).3s,2P*,1.5,4.0,171.564,2s.2p.(1P*).3p,2D,2.5,6.0,192.033,20.469,60.57169,398000000.0,0.032838,0.13135,0.00087151
2s.2p.(3P*).3s,2P*,1.5,4.0,171.564,2s.2p.(1P*).3p,2P,0.5,2.0,192.174,20.61,60.1573,7960000.0,0.00021593,0.00086373,5.7309e-06
2s.2p.(3P*).3s,2P*,1.5,4.0,171.564,2s.2p.(1P*).3p,2P,1.5,4.0,192.245,20.681,59.95078,20000000.0,0.0010777,0.0043106,2.8601e-05
2s.2p.(3P*).3s,2P*,1.5,4.0,171.564,2s.2p.(1P*).3p,2S,0.5,2.0,192.993,21.429,57.85814,729000000.0,0.018293,0.073172,0.0004855
2s.2p.(3P*).3s,2P*,1.5,4.0,171.564,2p2.(1D).3s,2D,1.5,4.0,203.184,31.62,39.21069,8290000.0,0.00019108,0.00076433,5.0714e-06
2s.2p.(3P*).3s,2P*,1.5,4.0,171.564,2p2.(1D).3s,2D,2.5,6.0,203.184,31.62,39.21069,49700000.0,0.0017184,0.0068735,4.5605e-05
2s.2p.(3P*).3s,2P*,1.5,4.0,171.564,2s2.4s,2S,0.5,2.0,204.311,32.747,37.86124,114000000.0,0.001225,0.0048999,3.2511e-05
2s.2p.(3P*).3s,2P*,1.5,4.0,171.564,2s2.4d,2D,1.5,4.0,210.008,38.444,32.2506,180000000.0,0.0028068,0.011227,7.4492e-05
2s.2p.(3P*).3s,2P*,1.5,4.0,171.564,2s2.4d,2D,2.5,6.0,210.008,38.444,32.2506,1080000000.0,0.025261,0.10104,0.00067043
2s.2p.(3P*).3s,2P*,1.5,4.0,171.564,2p2.(1D).3d,2D,2.5,6.0,214.976,43.412,28.55989,18500000.0,0.00033934,0.0013574,9.0061e-06
2s.2p.(3P*).3s,2P*,1.5,4.0,171.564,2p2.(1D).3d,2P,0.5,2.0,217.424,45.86,27.03537,13400000.0,7.3417e-05,0.00029367,1.9485e-06
2s.2p.(3P*).3s,2P*,1.5,4.0,171.564,2p2.(1D).3d,2P,1.5,4.0,217.566,46.002,26.95191,33700000.0,0.000367,0.001468,9.7402e-06
2s.2p.(3P*).3s,2P*,1.5,4.0,171.564,2s.2p.(3P*).4p,2P,1.5,4.0,224.928,53.364,23.23368,8750000000.0,0.070811,0.28325,0.0018793
2s.2p.(3P*).3s,2P*,1.5,4.0,171.564,2s.2p.(3P*).4p,2D,1.5,4.0,226.029,54.465,22.76401,1690000000.0,0.013129,0.052517,0.00034845
2s.2p.(3P*).3s,2P*,1.5,4.0,171.564,2s.2p.(3P*).4p,2D,2.5,6.0,226.303,54.739,22.65007,10200000000.0,0.11768,0.47071,0.0031231
2s.2p.(3P*).3s,2P*,1.5,4.0,171.564,2s2.5d,2D,1.5,4.0,230.402,58.838,21.07213,68000000.0,0.00045267,0.0018107,1.2014e-05
2s.2p.(3P*).3s,2P*,1.5,4.0,171.564,2s2.5d,2D,2.5,6.0,230.415,58.851,21.06748,409000000.0,0.0040822,0.016329,0.00010834
2s.2p.(3P*).3s,2P*,1.5,4.0,171.564,2s2.6d,2D,1.5,4.0,241.281,69.717,17.78393,34000000.0,0.00016121,0.00064484,4.2785e-06
2s.2p.(3P*).3s,2P*,1.5,4.0,171.564,2s2.6d,2D,2.5,6.0,241.281,69.717,17.78393,204000000.0,0.0014509,0.0058036,3.8507e-05
2s.2p.(3P*).3p,2P,0.5,2.0,174.616,2s.2p.(3P*).3d,2D*,1.5,4.0,183.291,8.675,142.92127,232000000.0,0.14209,0.28419,0.0037711
2s.2p.(3P*).3p,2P,0.5,2.0,174.616,2s.2p.(1P*).3s,2P*,1.5,4.0,184.361,9.745,127.22853,486000.0,0.00023588,0.00047176,6.2603e-06
2s.2p.(3P*).3p,2P,0.5,2.0,174.616,2s.2p.(1P*).3s,2P*,0.5,2.0,184.361,9.745,127.22853,1950000.0,0.00047322,0.00094644,1.2559e-05
2s.2p.(3P*).3p,2P,0.5,2.0,174.616,2s.2p.(3P*).3d,2P*,1.5,4.0,187.6,12.984,95.48999,90400000.0,0.024716,0.049431,0.00065596
2s.2p.(3P*).3p,2P,0.5,2.0,174.616,2s.2p.(3P*).3d,2P*,0.5,2.0,187.744,13.128,94.44256,373000000.0,0.049877,0.099755,0.0013237
2s.2p.(3P*).3p,2P,0.5,2.0,174.616,2s.2p.(1P*).3d,2D*,1.5,4.0,199.348,24.732,50.13108,35400000.0,0.0026675,0.005335,7.0796e-05
2s.2p.(3P*).3p,2P,0.5,2.0,174.616,2s.2p.(1P*).3d,2P*,1.5,4.0,199.698,25.082,49.43154,10200000.0,0.00074731,0.0014946,1.9833e-05
2s.2p.(3P*).3p,2P,0.5,2.0,174.616,2s.2p.(1P*).3d,2P*,0.5,2.0,199.698,25.082,49.43154,40900000.0,0.0014983,0.0029965,3.9764e-05
2s.2p.(3P*).3p,2P,0.5,2.0,174.616,2s.2p.(3P*).4d,2D*,1.5,4.0,227.838,53.222,23.29567,17200000000.0,0.27988,0.55976,0.007428
2s.2p.(3P*).3p,2P,0.5,2.0,174.616,2s.2p.(1P*).4d,2D*,1.5,4.0,244.086,69.47,17.84716,395000000.0,0.0037725,0.0075449,0.00010012
2s.2p.(3P*).3p,2P,0.5,2.0,174.616,2s.2p.(1P*).5d,2D*,1.5,4.0,264.386,89.77,13.81132,196000000.0,0.001121,0.0022421,2.9752e-05
2s.2p.(3P*).3p,2P,1.5,4.0,174.743,2s.2p.(3P*).3d,2D*,1.5,4.0,183.291,8.548,145.04469,44400000.0,0.014004,0.056015,0.00037166
2s.2p.(3P*).3p,2P,1.5,4.0,174.743,2s.2p.(3P*).3d,2D*,2.5,6.0,183.334,8.591,144.3187,271000000.0,0.12693,0.50772,0.0033687
2s.2p.(3P*).3p,2P,1.5,4.0,174.743,2s.2p.(1P*).3s,2P*,0.5,2.0,184.361,9.618,128.9085,939000.0,0.00011697,0.00046786,3.1043e-06
2s.2p.(3P*).3p,2P,1.5,4.0,174.743,2s.2p.(1P*).3s,2P*,1.5,4.0,184.361,9.618,128.9085,2340000.0,0.00058296,0.0023318,1.5472e-05
2s.2p.(3P*).3p,2P,1.5,4.0,174.743,2s.2p.(3P*).3d,2P*,1.5,4.0,187.6,12.857,96.43323,438000000.0,0.061064,0.24426,0.0016206
2s.2p.(3P*).3p,2P,1.5,4.0,174.743,2s.2p.(3P*).3d,2P*,0.5,2.0,187.744,13.001,95.36512,182000000.0,0.012407,0.04963,0.00032929
2s.2p.(3P*).3p,2P,1.5,4.0,174.743,2s.2p.(1P*).3d,2D*,1.5,4.0,199.348,24.605,50.38984,6990000.0,0.00026609,0.0010643,7.0619e-06
2s.2p.(3P*).3p,2P,1.5,4.0,174.743,2s.2p.(1P*).3d,2D*,2.5,6.0,199.393,24.65,50.29785,42200000.0,0.0024008,0.0096033,6.3718e-05
2s.2p.(3P*).3p,2P,1.5,4.0,174.743,2s.2p.(1P*).3d,2P*,0.5,2.0,199.698,24.955,49.68311,20200000.0,0.00037376,0.0014951,9.9197e-06
2s.2p.(3P*).3p,2P,1.5,4.0,174.743,2s.2p.(1P*).3d,2P*,1.5,4.0,199.698,24.955,49.68311,50500000.0,0.0018688,0.0074753,4.9599e-05
2s.2p.(3P*).3p,2P,1.5,4.0,174.743,2s.2p.(3P*).4d,2D*,1.5,4.0,227.838,53.095,23.35139,3410000000.0,0.027877,0.11151,0.00073984
2s.2p.(3P*).3p,2P,1.5,4.0,174.743,2s.2p.(3P*).4d,2D*,2.5,6.0,227.838,53.095,23.35139,20500000000.0,0.25138,1.0055,0.0066716
2s.2p.(3P*).3p,2P,1.5,4.0,174.743,2s.2p.(1P*).4d,2D*,1.5,4.0,244.086,69.343,17.87984,78500000.0,0.00037623,0.0015049,9.9852e-06
2s.2p.(3P*).3p,2P,1.5,4.0,174.743,2s.2p.(1P*).4d,2D*,2.5,6.0,244.086,69.343,17.87984,472000000.0,0.0033933,0.013573,9.0058e-05
2s.2p.(3P*).3p,2P,1.5,4.0,174.743,2s.2p.(1P*).5d,2D*,1.5,4.0,264.386,89.643,13.83088,39100000.0,0.00011213,0.00044853,2.976e-06
2s.2p.(3P*).3p,2P,1.5,4.0,174.743,2s.2p.(1P*).5d,2D*,2.5,6.0,264.386,89.643,13.83088,235000000.0,0.0010109,0.0040437,2.683e-05
2s.2p.(3P*).3p,2D,1.5,4.0,178.613,2s.2p.(3P*).3d,2D*,1.5,4.0,183.291,4.678,265.03676,11100000.0,0.011689,0.046758,0.00031024
2s.2p.(3P*).3p,2D,1.5,4.0,178.613,2s.2p.(3P*).3d,2D*,2.5,6.0,183.334,4.721,262.62275,845000.0,0.0013106,0.0052424,3.4783e-05
2s.2p.(3P*).3p,2D,1.5,4.0,178.613,2s.2p.(1P*).3s,2P*,0.5,2.0,184.361,5.748,215.69972,1160000.0,0.00040456,0.0016183,1.0737e-05
2s.2p.(3P*).3p,2D,1.5,4.0,178.613,2s.2p.(1P*).3s,2P*,1.5,4.0,184.361,5.748,215.69972,116000.0,8.0913e-05,0.00032365,2.1474e-06
2s.2p.(3P*).3p,2D,1.5,4.0,178.613,2s.2p.(3P*).3d,2F*,2.5,6.0,186.595,7.982,155.32974,310000000.0,0.1682,0.67279,0.004464
2s.2p.(3P*).3p,2D,1.5,4.0,178.613,2s.2p.(3P*).3d,2P*,1.5,4.0,187.6,8.987,137.9595,3750000.0,0.00107,0.0042801,2.8398e-05
2s.2p.(3P*).3p,2D,1.5,4.0,178.613,2s.2p.(3P*).3d,2P*,0.5,2.0,187.744,9.131,135.78381,39400000.0,0.0054453,0.021781,0.00014452
2s.2p.(3P*).3p,2D,1.5,4.0,178.613,2s.2p.(1P*).3d,2F*,2.5,6.0,198.062,19.449,63.74837,3670000.0,0.00033539,0.0013416,8.9014e-06
2s.2p.(3P*).3p,2D,1.5,4.0,178.613,2s.2p.(1P*).3d,2D*,1.5,4.0,199.348,20.735,59.79465,110000000.0,0.0058963,0.023585,0.00015649
2s.2p.(3P*).3p,2D,1.5,4.0,178.613,2s.2p.(1P*).3d,2D*,2.5,6.0,199.393,20.78,59.66516,8180000.0,0.00065486,0.0026194,1.738e-05
2s.2p.(3P*).3p,2D,1.5,4.0,178.613,2s.2p.(1P*).3d,2P*,1.5,4.0,199.698,21.085,58.80209,2310000.0,0.00011974,0.00047898,3.178e-06
2s.2p.(3P*).3p,2D,1.5,4.0,178.613,2s.2p.(1P*).3d,2P*,0.5,2.0,199.698,21.085,58.80209,23200000.0,0.00060132,0.0024053,1.5959e-05
2s.2p.(3P*).3p,2D,1.5,4.0,178.613,2p2.(1D).3p,2F*,2.5,6.0,209.59,30.977,40.0246,22800000.0,0.00082137,0.0032855,2.1799e-05
2s.2p.(3P*).3p,2D,1.5,4.0,178.613,2s.2p.(3P*).4d,2D*,2.5,6.0,227.838,49.225,25.18724,484000000.0,0.0069049,0.02762,0.00018326
2s.2p.(3P*).3p,2D,1.5,4.0,178.613,2s.2p.(3P*).4d,2D*,1.5,4.0,227.838,49.225,25.18724,6540000000.0,0.062201,0.2488,0.0016508
2s.2p.(3P*).3p,2D,1.5,4.0,178.613,2s.2p.(3P*).4d,2F*,2.5,6.0,228.893,50.28,24.65875,23000000000.0,0.3145,1.258,0.0083468
2s.2p.(3P*).3p,2D,1.5,4.0,178.613,2s.2p.(1P*).4d,2F*,2.5,6.0,243.542,64.929,19.09535,618000000.0,0.0050675,0.02027,0.00013449
2s.2p.(3P*).3p,2D,1.5,4.0,178.613,2s.2p.(3P*).5d,2F*,2.5,6.0,248.621,70.008,17.71,10700000000.0,0.07547,0.30188,0.002003
2s.2p.(3P*).3p,2D,1.5,4.0,178.613,2s.2p.(1P*).5d,2D*,1.5,4.0,264.386,85.773,14.45492,4730000.0,1.4817e-05,5.9267e-05,3.9324e-07
2s.2p.(3P*).3p,2D,1.5,4.0,178.613,2s.2p.(1P*).5d,2D*,2.5,6.0,264.386,85.773,14.45492,349000.0,1.6399e-06,6.5595e-06,4.3522e-08
2s.2p.(3P*).3p,2D,2.5,6.0,178.888,2s.2p.(3P*).3d,2D*,1.5,4.0,183.291,4.403,281.59028,1030000.0,0.00081628,0.0048977,2.1664e-05
2s.2p.(3P*).3p,2D,2.5,6.0,178.888,2s.2p.(3P*).3d,2D*,2.5,6.0,183.334,4.446,278.86684,9860000.0,0.011496,0.068973,0.00030509
2s.2p.(3P*).3p,2D,2.5,6.0,178.888,2s.2p.(1P*).3s,2P*,1.5,4.0,184.361,5.473,226.53791,901000.0,0.00046214,0.0027728,1.2265e-05
2s.2p.(3P*).3p,2D,2.5,6.0,178.888,2s.2p.(3P*).3d,2F*,2.5,6.0,186.595,7.707,160.87219,19900000.0,0.007721,0.046326,0.00020492
2s.2p.(3P*).3p,2D,2.5,6.0,178.888,2s.2p.(3P*).3d,2F*,3.5,8.0,186.849,7.961,155.73948,328000000.0,0.15903,0.95416,0.0042206
2s.2p.(3P*).3p,2D,2.5,6.0,178.888,2s.2p.(3P*).3d,2P*,1.5,4.0,187.6,8.712,142.31428,30800000.0,0.0062347,0.037408,0.00016547
2s.2p.(3P*).3p,2D,2.5,6.0,178.888,2s.2p.(1P*).3d,2F*,2.5,6.0,198.062,19.174,64.66267,250000.0,1.5671e-05,9.4028e-05,4.1592e-07
2s.2p.(3P*).3p,2D,2.5,6.0,178.888,2s.2p.(1P*).3d,2F*,3.5,8.0,198.062,19.174,64.66267,3760000.0,0.00031426,0.0018856,8.3405e-06
2s.2p.(3P*).3p,2D,2.5,6.0,178.888,2s.2p.(1P*).3d,2D*,1.5,4.0,199.348,20.46,60.59834,11700000.0,0.00042941,0.0025765,1.1397e-05
2s.2p.(3P*).3p,2D,2.5,6.0,178.888,2s.2p.(1P*).3d,2D*,2.5,6.0,199.393,20.505,60.46535,110000000.0,0.0060293,0.036176,0.00016002
2s.2p.(3P*).3p,2D,2.5,6.0,178.888,2s.2p.(1P*).3d,2P*,1.5,4.0,199.698,20.81,59.57914,20100000.0,0.0007131,0.0042786,1.8926e-05
2s.2p.(3P*).3p,2D,2.5,6.0,178.888,2p2.(1D).3p,2F*,2.5,6.0,209.59,30.702,40.3831,1590000.0,3.8874e-05,0.00023324,1.0317e-06
2s.2p.(3P*).3p,2D,2.5,6.0,178.888,2p2.(1D).3p,2F*,3.5,8.0,209.665,30.777,40.28469,24000000.0,0.00077856,0.0046713,2.0663e-05
2s.2p.(3P*).3p,2D,2.5,6.0,178.888,2s.2p.(3P*).4d,2D*,1.5,4.0,227.838,48.95,25.32874,714000000.0,0.0045782,0.027469,0.00012151
2s.2p.(3P*).3p,2D,2.5,6.0,178.888,2s.2p.(3P*).4d,2D*,2.5,6.0,227.838,48.95,25.32874,6660000000.0,0.064056,0.38434,0.0017001
2s.2p.(3P*).3p,2D,2.5,6.0,178.888,2s.2p.(3P*).4d,2F*,2.5,6.0,228.893,50.005,24.79436,1620000000.0,0.014931,0.089584,0.00039626
2s.2p.(3P*).3p,2D,2.5,6.0,178.888,2s.2p.(3P*).4d,2F*,3.5,8.0,229.125,50.237,24.67986,24600000000.0,0.29952,1.7971,0.0079491
2s.2p.(3P*).3p,2D,2.5,6.0,178.888,2s.2p.(1P*).4d,2F*,2.5,6.0,243.542,64.654,19.17657,43500000.0,0.00023982,0.0014389,6.3649e-06
2s.2p.(3P*).3p,2D,2.5,6.0,178.888,2s.2p.(1P*).4d,2F*,3.5,8.0,243.542,64.654,19.17657,653000000.0,0.0048001,0.028801,0.0001274
2s.2p.(3P*).3p,2D,2.5,6.0,178.888,2s.2p.(3P*).5d,2F*,2.5,6.0,248.621,69.733,17.77985,755000000.0,0.0035782,0.021469,9.4965e-05
2s.2p.(3P*).3p,2D,2.5,6.0,178.888,2s.2p.(3P*).5d,2F*,3.5,8.0,248.793,69.905,17.7361,11400000000.0,0.071684,0.4301,0.0019025
2s.2p.(3P*).3p,2D,2.5,6.0,178.888,2s.2p.(1P*).5d,2D*,2.5,6.0,264.386,85.498,14.50142,4850000.0,1.5291e-05,9.1743e-05,4.0581e-07
2s.2p.(3P*).3p,2D,2.5,6.0,178.888,2s.2p.(1P*).5d,2D*,1.5,4.0,264.386,85.498,14.50142,519000.0,1.0908e-06,6.545e-06,2.8951e-08
2s.2p.(3P*).3p,2S,0.5,2.0,181.13,2s.2p.(1P*).3s,2P*,0.5,2.0,184.361,3.231,383.7332,52500.0,0.0001159,0.0002318,3.0759e-06
2s.2p.(3P*).3p,2S,0.5,2.0,181.13,2s.2p.(1P*).3s,2P*,1.5,4.0,184.361,3.231,383.7332,52300.0,0.00023091,0.00046183,6.1285e-06
2s.2p.(3P*).3p,2S,0.5,2.0,181.13,2s.2p.(3P*).3d,2P*,1.5,4.0,187.6,6.47,191.62936,103000000.0,0.11341,0.22682,0.0030099
2s.2p.(3P*).3p,2S,0.5,2.0,181.13,2s.2p.(3P*).3d,2P*,0.5,2.0,187.744,6.614,187.45721,109000000.0,0.057424,0.11485,0.001524
2s.2p.(3P*).3p,2S,0.5,2.0,181.13,2s.2p.(1P*).3d,2P*,0.5,2.0,199.698,18.568,66.77305,104000000.0,0.0069518,0.013904,0.0001845
2s.2p.(3P*).3p,2S,0.5,2.0,181.13,2s.2p.(1P*).3d,2P*,1.5,4.0,199.698,18.568,66.77305,103000000.0,0.01377,0.02754,0.00036545
2s.2p.(3P*).3d,4D*?,1.5,4.0,183.033,2p2.(3P).3s,4P,0.5,2.0,196.883,13.85,89.51928,11000000.0,0.00066078,0.0026431,1.7537e-05
2s.2p.(3P*).3d,4D*?,1.5,4.0,183.033,2p2.(3P).3s,4P,1.5,4.0,197.036,14.003,88.54117,7280000.0,0.00085562,0.0034225,2.2708e-05
2s.2p.(3P*).3d,4D*?,1.5,4.0,183.033,2p2.(3P).3s,4P,2.5,6.0,197.284,14.251,87.00035,479000.0,8.1532e-05,0.00032613,2.1639e-06
2s.2p.(3P*).3d,4D*?,1.5,4.0,183.033,2p2.(3P).3d,4P,2.5,6.0,212.744,29.711,41.73007,87600000.0,0.0034305,0.013722,9.1045e-05
2s.2p.(3P*).3d,4D*?,1.5,4.0,183.033,2p2.(3P).3d,4P,1.5,4.0,212.845,29.812,41.58869,1420000000.0,0.036821,0.14728,0.00097724
2s.2p.(3P*).3d,4D*?,1.5,4.0,183.033,2p2.(3P).3d,4P,0.5,2.0,212.899,29.866,41.51349,2220000000.0,0.028679,0.11472,0.00076114
2s.2p.(3P*).3d,4D*?,2.5,6.0,183.074,2p2.(3P).3s,4P,1.5,4.0,197.036,13.962,88.80117,14200000.0,0.0011192,0.006715,2.9703e-05
2s.2p.(3P*).3d,4D*?,2.5,6.0,183.074,2p2.(3P).3s,4P,2.5,6.0,197.284,14.21,87.25137,4280000.0,0.00048848,0.0029309,1.2964e-05
2s.2p.(3P*).3d,4D*?,2.5,6.0,183.074,2p2.(3P).3d,4P,2.5,6.0,212.744,29.67,41.78773,787000000.0,0.020603,0.12362,0.00054681
2s.2p.(3P*).3d,4D*?,2.5,6.0,183.074,2p2.(3P).3d,4P,1.5,4.0,212.845,29.771,41.64596,2770000000.0,0.048017,0.2881,0.0012744
2s.2p.(3P*).3d,4D*?,3.5,8.0,183.175,2p2.(3P).3s,4P,2.5,6.0,197.284,14.109,87.87596,18700000.0,0.0016237,0.01299,4.3093e-05
2s.2p.(3P*).3d,4D*?,3.5,8.0,183.175,2p2.(3P).3d,4P,2.5,6.0,212.744,29.569,41.93047,3450000000.0,0.068202,0.54562,0.0018101
2s.2p.(3P*).3d,2D*,1.5,4.0,183.291,2s.2p.(1P*).3p,2D,2.5,6.0,192.033,8.742,141.8259,436000.0,0.00019722,0.00078888,5.2342e-06
2s.2p.(3P*).3d,2D*,1.5,4.0,183.291,2s.2p.(1P*).3p,2P,0.5,2.0,192.174,8.883,139.57469,733000.0,0.00010704,0.00042816,2.8408e-06
2s.2p.(3P*).3d,2D*,1.5,4.0,183.291,2s.2p.(1P*).3p,2P,1.5,4.0,192.245,8.954,138.46795,75100.0,2.1587e-05,8.6349e-05,5.7293e-07
2s.2p.(3P*).3d,2D*,1.5,4.0,183.291,2p2.(1D).3s,2D,2.5,6.0,203.184,19.893,62.32554,1340000.0,0.00011705,0.00046822,3.1066e-06
2s.2p.(3P*).3d,2D*,1.5,4.0,183.291,2p2.(1D).3s,2D,1.5,4.0,203.184,19.893,62.32554,18000000.0,0.0010482,0.004193,2.7821e-05
2s.2p.(3P*).3d,2D*,1.5,4.0,183.291,2p2.(3P).3d,2D,2.5,6.0,211.18,27.889,44.45631,8820000.0,0.000392,0.001568,1.0404e-05
2s.2p.(3P*).3d,2D*,1.5,4.0,183.291,2p2.(1D).3d,2D,2.5,6.0,214.976,31.685,39.13025,3890000.0,0.00013394,0.00053578,3.5549e-06
2s.2p.(3P*).3d,2D*,1.5,4.0,183.291,2p2.(1D).3d,2P,0.5,2.0,217.424,34.133,36.32385,260000000.0,0.0025715,0.010286,6.8248e-05
2s.2p.(3P*).3d,2D*,1.5,4.0,183.291,2p2.(1D).3d,2P,1.5,4.0,217.566,34.275,36.17336,26300000.0,0.00051593,0.0020637,1.3693e-05
2s.2p.(3P*).3d,2D*,1.5,4.0,183.291,2s.2p.(3P*).4p,2P,1.5,4.0,224.928,41.637,29.77741,229000000.0,0.0030442,0.012177,8.0792e-05
2s.2p.(3P*).3d,2D*,1.5,4.0,183.291,2s.2p.(3P*).4p,2D,1.5,4.0,226.029,42.738,29.01029,278000000.0,0.0035076,0.01403,9.3091e-05
2s.2p.(3P*).3d,2D*,1.5,4.0,183.291,2s.2p.(3P*).4p,2D,2.5,6.0,226.303,43.012,28.82549,21000000.0,0.0003924,0.0015696,1.0414e-05
2s.2p.(3P*).3d,2D*,1.5,4.0,183.291,2s2.5d,2D,1.5,4.0,230.402,47.111,26.31746,190000000.0,0.0019729,0.0078915,5.236e-05
2s.2p.(3P*).3d,2D*,1.5,4.0,183.291,2s2.5d,2D,2.5,6.0,230.415,47.124,26.3102,14100000.0,0.00021949,0.00087797,5.8253e-06
2s.2p.(3P*).3d,2D*,2.5,6.0,183.334,2s.2p.(1P*).3p,2D,2.5,6.0,192.033,8.699,142.52696,6010000.0,0.0018303,0.010982,4.8577e-05
2s.2p.(3P*).3d,2D*,2.5,6.0,183.334,2s.2p.(1P*).3p,2P,1.5,4.0,192.245,8.911,139.13612,667000.0,0.00012905,0.00077433,3.4251e-06
2s.2p.(3P*).3d,2D*,2.5,6.0,183.334,2p2.(1D).3s,2D,1.5,4.0,203.184,19.85,62.46055,1990000.0,7.7595e-05,0.00046557,2.0594e-06
2s.2p.(3P*).3d,2D*,2.5,6.0,183.334,2p2.(1D).3s,2D,2.5,6.0,203.184,19.85,62.46055,18600000.0,0.0010879,0.0065273,2.8873e-05
2s.2p.(3P*).3d,2D*,2.5,6.0,183.334,2p2.(3P).3d,2F,3.5,8.0,211.022,27.688,44.77904,88600000.0,0.0035513,0.021308,9.425e-05
2s.2p.(3P*).3d,2D*,2.5,6.0,183.334,2p2.(3P).3d,2D,2.5,6.0,211.18,27.846,44.52496,123000000.0,0.0036557,0.021934,9.7023e-05
2s.2p.(3P*).3d,2D*,2.5,6.0,183.334,2p2.(1D).3d,2D,2.5,6.0,214.976,31.642,39.18343,54300000.0,0.0012499,0.0074992,3.3172e-05
2s.2p.(3P*).3d,2D*,2.5,6.0,183.334,2p2.(1D).3d,2F,3.5,8.0,217.236,33.902,36.57135,15300000.0,0.00040905,0.0024543,1.0856e-05
2s.2p.(3P*).3d,2D*,2.5,6.0,183.334,2p2.(1D).3d,2P,1.5,4.0,217.566,34.232,36.2188,236000000.0,0.0030942,0.018565,8.212e-05
2s.2p.(3P*).3d,2D*,2.5,6.0,183.334,2s.2p.(3P*).4p,2P,1.5,4.0,224.928,41.594,29.80819,2050000000.0,0.018205,0.10923,0.00048316
2s.2p.(3P*).3d,2D*,2.5,6.0,183.334,2s.2p.(3P*).4p,2D,1.5,4.0,226.029,42.695,29.03951,30800000.0,0.0002596,0.0015576,6.8897e-06
2s.2p.(3P*).3d,2D*,2.5,6.0,183.334,2s.2p.(3P*).4p,2D,2.5,6.0,226.303,42.969,28.85434,293000000.0,0.0036572,0.021943,9.7062e-05
2s.2p.(3P*).3d,2D*,2.5,6.0,183.334,2s2.5d,2D,1.5,4.0,230.402,47.068,26.34151,21100000.0,0.00014633,0.00087798,3.8836e-06
2s.2p.(3P*).3d,2D*,2.5,6.0,183.334,2s2.5d,2D,2.5,6.0,230.415,47.081,26.33423,196000000.0,0.0020378,0.012227,5.4083e-05
2s.2p.(3P*).3d,4P*,2.5,6.0,183.954,2p2.(3P).3s,4P,1.5,4.0,197.036,13.082,94.77465,2290000.0,0.00020558,0.0012335,5.4562e-06
2s.2p.(3P*).3d,4P*,2.5,6.0,183.954,2p2.(3P).3s,4P,2.5,6.0,197.284,13.33,93.0114,3790000.0,0.00049155,0.0029493,1.3046e-05
2s.2p.(3P*).3d,4P*,2.5,6.0,183.954,2p2.(3P).3d,4P,2.5,6.0,212.744,28.79,43.06502,906000000.0,0.025191,0.15114,0.00066856
2s.2p.(3P*).3d,4P*,2.5,6.0,183.954,2p2.(3P).3d,4P,1.5,4.0,212.845,28.891,42.91447,587000000.0,0.010805,0.064828,0.00028676
2s.2p.(3P*).3d,4P*,1.5,4.0,184.045,2p2.(3P).3s,4P,0.5,2.0,196.883,12.838,96.57595,4020000.0,0.00028106,0.0011242,7.4592e-06
2s.2p.(3P*).3d,4P*,1.5,4.0,184.045,2p2.(3P).3s,4P,1.5,4.0,197.036,12.991,95.43853,667000.0,9.1082e-05,0.00036433,2.4173e-06
2s.2p.(3P*).3d,4P*,1.5,4.0,184.045,2p2.(3P).3s,4P,2.5,6.0,197.284,13.239,93.65073,1590000.0,0.0003136,0.0012544,8.3228e-06
2s.2p.(3P*).3d,4P*,1.5,4.0,184.045,2p2.(3P).3d,4P,2.5,6.0,212.744,28.699,43.20157,384000000.0,0.016117,0.064468,0.00042774
2s.2p.(3P*).3d,4P*,1.5,4.0,184.045,2p2.(3P).3d,4P,1.5,4.0,212.845,28.8,43.05007,173000000.0,0.0048068,0.019227,0.00012757
2s.2p.(3P*).3d,4P*,1.5,4.0,184.045,2p2.(3P).3d,4P,0.5,2.0,212.899,28.854,42.9695,1080000000.0,0.014948,0.059791,0.00039671
2s.2p.(3P*).3d,4P*,0.5,2.0,184.105,2p2.(3P).3s,4P,0.5,2.0,196.883,12.778,97.02942,793000.0,0.00011193,0.00022386,2.9706e-06
2s.2p.(3P*).3d,4P*,0.5,2.0,184.105,2p2.(3P).3s,4P,1.5,4.0,197.036,12.931,95.88137,2060000.0,0.00056784,0.0011357,1.507e-05
2s.2p.(3P*).3d,4P*,0.5,2.0,184.105,2p2.(3P).3d,4P,1.5,4.0,212.845,28.74,43.13994,536000000.0,0.02991,0.05982,0.00079381
2s.2p.(3P*).3d,4P*,0.5,2.0,184.105,2p2.(3P).3d,4P,0.5,2.0,212.899,28.794,43.05904,216000000.0,0.006004,0.012008,0.00015935
2s.2p.(1P*).3s,2P*,1.5,4.0,184.361,2s.2p.(1P*).3p,2D,2.5,6.0,192.033,7.672,161.6061,230000000.0,0.13508,0.54032,0.003585
2s.2p.(1P*).3s,2P*,1.5,4.0,184.361,2s.2p.(1P*).3p,2P,0.5,2.0,192.174,7.813,158.68962,89000000.0,0.0168,0.067201,0.00044588
2s.2p.(1P*).3s,2P*,0.5,2.0,184.361,2s.2p.(1P*).3p,2P,0.5,2.0,192.174,7.813,158.68962,179000000.0,0.067579,0.13516,0.0017935
2s.2p.(1P*).3s,2P*,0.5,2.0,184.361,2s.2p.(1P*).3p,2P,1.5,4.0,192.245,7.884,157.26053,45900000.0,0.034036,0.068072,0.00090332
2s.2p.(1P*).3s,2P*,1.5,4.0,184.361,2s.2p.(1P*).3p,2P,1.5,4.0,192.245,7.884,157.26053,229000000.0,0.084905,0.33962,0.0022534
2s.2p.(1P*).3s,2P*,0.5,2.0,184.361,2s.2p.(1P*).3p,2S,0.5,2.0,192.993,8.632,143.63322,113000000.0,0.03495,0.0699,0.00092757
2s.2p.(1P*).3s,2P*,1.5,4.0,184.361,2s.2p.(1P*).3p,2S,0.5,2.0,192.993,8.632,143.63322,227000000.0,0.035105,0.14042,0.00093168
2s.2p.(1P*).3s,2P*,1.5,4.0,184.361,2p2.(1D).3s,2D,1.5,4.0,203.184,18.823,65.86846,258000000.0,0.016782,0.067127,0.00044538
2s.2p.(1P*).3s,2P*,0.5,2.0,184.361,2p2.(1D).3s,2D,1.5,4.0,203.184,18.823,65.86846,1290000000.0,0.16782,0.33563,0.0044538
2s.2p.(1P*).3s,2P*,1.5,4.0,184.361,2p2.(1D).3s,2D,2.5,6.0,203.184,18.823,65.86846,1560000000.0,0.15221,0.60882,0.0040395
2s.2p.(1P*).3s,2P*,0.5,2.0,184.361,2s2.4s,2S,0.5,2.0,204.311,19.95,62.14747,15000000.0,0.00086856,0.0017371,2.3051e-05
2s.2p.(1P*).3s,2P*,1.5,4.0,184.361,2s2.4s,2S,0.5,2.0,204.311,19.95,62.14747,30100000.0,0.00087145,0.0034858,2.3128e-05
2s.2p.(1P*).3s,2P*,1.5,4.0,184.361,2s2.4d,2D,1.5,4.0,210.008,25.647,48.34257,8850000.0,0.00031007,0.0012403,8.2293e-06
2s.2p.(1P*).3s,2P*,0.5,2.0,184.361,2s2.4d,2D,1.5,4.0,210.008,25.647,48.34257,44200000.0,0.0030972,0.0061944,8.22e-05
2s.2p.(1P*).3s,2P*,1.5,4.0,184.361,2s2.4d,2D,2.5,6.0,210.008,25.647,48.34257,53100000.0,0.0027906,0.011163,7.4064e-05
2s.2p.(1P*).3s,2P*,1.5,4.0,184.361,2p2.(3P).3d,2D,2.5,6.0,211.18,26.819,46.22999,4950000.0,0.0002379,0.00095162,6.314e-06
2s.2p.(1P*).3s,2P*,1.5,4.0,184.361,2p2.(1D).3d,2D,2.5,6.0,214.976,30.615,40.49786,16700000.0,0.00061593,0.0024637,1.6347e-05
2s.2p.(1P*).3s,2P*,1.5,4.0,184.361,2s.2p.(3P*).4p,2D,1.5,4.0,226.029,41.668,29.75526,5110000.0,6.7828e-05,0.00027131,1.8002e-06
2s.2p.(1P*).3s,2P*,0.5,2.0,184.361,2s.2p.(3P*).4p,2D,1.5,4.0,226.029,41.668,29.75526,25500000.0,0.00067695,0.0013539,1.7966e-05
2s.2p.(1P*).3s,2P*,1.5,4.0,184.361,2s.2p.(3P*).4p,2D,2.5,6.0,226.303,41.942,29.56087,31200000.0,0.00061311,0.0024524,1.6272e-05
2s.2p.(1P*).3s,2P*,1.5,4.0,184.361,2s2.6d,2D,1.5,4.0,241.281,56.92,21.78219,137000000.0,0.0009745,0.003898,2.5863e-05
2s.2p.(1P*).3s,2P*,0.5,2.0,184.361,2s2.6d,2D,1.5,4.0,241.281,56.92,21.78219,687000000.0,0.0097735,0.019547,0.00025939
2s.2p.(1P*).3s,2P*,1.5,4.0,184.361,2s2.6d,2D,2.5,6.0,241.281,56.92,21.78219,826000000.0,0.0088132,0.035253,0.0002339
2s.2p.(3P*).3d,2F*,2.5,6.0,186.595,2s.2p.(1P*).3p,2D,2.5,6.0,192.033,5.438,227.99595,40200.0,3.1329e-05,0.00018797,8.3146e-07
2s.2p.(3P*).3d,2F*,2.5,6.0,186.595,2p2.(1D).3s,2D,1.5,4.0,203.184,16.589,74.7388,48000000.0,0.0026798,0.016079,7.1122e-05
2s.2p.(3P*).3d,2F*,2.5,6.0,186.595,2p2.(1D).3s,2D,2.5,6.0,203.184,16.589,74.7388,2280000.0,0.00019094,0.0011456,5.0674e-06
2s.2p.(3P*).3d,2F*,2.5,6.0,186.595,2p2.(3P).3d,2F,3.5,8.0,211.022,24.427,50.75703,47800000.0,0.0024616,0.01477,6.5331e-05
2s.2p.(3P*).3d,2F*,2.5,6.0,186.595,2p2.(3P).3d,2D,2.5,6.0,211.18,24.585,50.43083,79200000.0,0.0030198,0.018119,8.0145e-05
2s.2p.(3P*).3d,2F*,2.5,6.0,186.595,2p2.(1D).3d,2D,2.5,6.0,214.976,28.381,43.68563,14400000.0,0.000412,0.002472,1.0935e-05
2s.2p.(3P*).3d,2F*,2.5,6.0,186.595,2p2.(1D).3d,2F,3.5,8.0,217.236,30.641,40.4635,21600000.0,0.00070693,0.0042416,1.8762e-05
2s.2p.(3P*).3d,2F*,2.5,6.0,186.595,2s.2p.(3P*).4p,2D,1.5,4.0,226.029,39.434,31.44094,2270000000.0,0.022428,0.13457,0.00059523
2s.2p.(3P*).3d,2F*,2.5,6.0,186.595,2s.2p.(3P*).4p,2D,2.5,6.0,226.303,39.708,31.22398,110000000.0,0.0016078,0.0096467,4.2671e-05
2s.2p.(3P*).3d,2F*,3.5,8.0,186.849,2s.2p.(1P*).3p,2D,2.5,6.0,192.033,5.184,239.16705,695000.0,0.000447,0.003576,1.1863e-05
2s.2p.(3P*).3d,2F*,3.5,8.0,186.849,2p2.(1D).3s,2D,2.5,6.0,203.184,16.335,75.90095,43500000.0,0.0028178,0.022542,7.4783e-05
2s.2p.(3P*).3d,2F*,3.5,8.0,186.849,2p2.(3P).3d,2F,3.5,8.0,211.022,24.173,51.29036,1250000000.0,0.049299,0.39439,0.0013084
2s.2p.(3P*).3d,2F*,3.5,8.0,186.849,2p2.(3P).3d,2D,2.5,6.0,211.18,24.331,50.9573,1530000000.0,0.044671,0.35737,0.0011856
2s.2p.(3P*).3d,2F*,3.5,8.0,186.849,2p2.(1D).3d,2D,2.5,6.0,214.976,28.127,44.08014,280000000.0,0.0061174,0.048939,0.00016235
2s.2p.(3P*).3d,2F*,3.5,8.0,186.849,2p2.(1D).3d,2F,3.5,8.0,217.236,30.387,40.80172,569000000.0,0.014201,0.11361,0.0003769
2s.2p.(3P*).3d,2F*,3.5,8.0,186.849,2s.2p.(3P*).4p,2D,2.5,6.0,226.303,39.454,31.425,2160000000.0,0.023984,0.19187,0.00063654
2s.2p.(3P*).3d,2P*,1.5,4.0,187.6,2s.2p.(1P*).3p,2D,2.5,6.0,192.033,4.433,279.68463,1200000.0,0.0021109,0.0084436,5.6023e-05
2s.2p.(3P*).3d,2P*,1.5,4.0,187.6,2s.2p.(1P*).3p,2P,0.5,2.0,192.174,4.574,271.06296,356000.0,0.00019607,0.0007843,5.2038e-06
2s.2p.(3P*).3d,2P*,1.5,4.0,187.6,2s.2p.(1P*).3p,2P,1.5,4.0,192.245,4.645,266.9197,932000.0,0.00099549,0.003982,2.642e-05
2s.2p.(3P*).3d,2P*,1.5,4.0,187.6,2s.2p.(1P*).3p,2S,0.5,2.0,192.993,5.393,229.89838,790000.0,0.00031299,0.001252,8.3067e-06
2s.2p.(3P*).3d,2P*,1.5,4.0,187.6,2p2.(1D).3s,2D,1.5,4.0,203.184,15.584,79.55865,4280000.0,0.00040614,0.0016246,1.0779e-05
2s.2p.(3P*).3d,2P*,1.5,4.0,187.6,2p2.(1D).3s,2D,2.5,6.0,203.184,15.584,79.55865,25700000.0,0.0036581,0.014633,9.7087e-05
2s.2p.(3P*).3d,2P*,1.5,4.0,187.6,2s2.4s,2S,0.5,2.0,204.311,16.711,74.19317,8380000.0,0.00034578,0.0013831,9.177e-06
2s.2p.(3P*).3d,2P*,1.5,4.0,187.6,2p2.(3P).3d,2D,2.5,6.0,211.18,23.58,52.58024,112000000.0,0.0069633,0.027853,0.00018481
2s.2p.(3P*).3d,2P*,1.5,4.0,187.6,2p2.(1D).3d,2D,2.5,6.0,214.976,27.376,45.28938,28400000.0,0.00131,0.0052399,3.4767e-05
2s.2p.(3P*).3d,2P*,1.5,4.0,187.6,2p2.(1D).3d,2P,0.5,2.0,217.424,29.824,41.57195,5830000.0,7.5526e-05,0.00030211,2.0045e-06
2s.2p.(3P*).3d,2P*,1.5,4.0,187.6,2p2.(1D).3d,2P,1.5,4.0,217.566,29.966,41.37496,14800000.0,0.00037984,0.0015193,1.0081e-05
2s.2p.(3P*).3d,2P*,1.5,4.0,187.6,2s.2p.(3P*).4p,2P,1.5,4.0,224.928,37.328,33.2148,979000000.0,0.016192,0.064769,0.00042974
2s.2p.(3P*).3d,2P*,1.5,4.0,187.6,2s.2p.(3P*).4p,2D,1.5,4.0,226.029,38.429,32.26319,37600000.0,0.00058676,0.002347,1.5573e-05
2s.2p.(3P*).3d,2P*,1.5,4.0,187.6,2s.2p.(3P*).4p,2D,2.5,6.0,226.303,38.703,32.03478,231000000.0,0.005331,0.021324,0.00014148
2s.2p.(3P*).3d,2P*,1.5,4.0,187.6,2s2.5d,2D,1.5,4.0,230.402,42.802,28.96692,159000000.0,0.0020001,0.0080006,5.3084e-05
2s.2p.(3P*).3d,2P*,1.5,4.0,187.6,2s2.5d,2D,2.5,6.0,230.415,42.815,28.95812,954000000.0,0.01799,0.071961,0.00047746
2s.2p.(3P*).3d,2P*,1.5,4.0,187.6,2s2.6d,2D,1.5,4.0,241.281,53.681,23.09648,7390000.0,5.9101e-05,0.0002364,1.5685e-06
2s.2p.(3P*).3d,2P*,1.5,4.0,187.6,2s2.6d,2D,2.5,6.0,241.281,53.681,23.09648,44300000.0,0.00053143,0.0021257,1.4104e-05
2s.2p.(3P*).3d,2P*,0.5,2.0,187.744,2s.2p.(1P*).3p,2P,0.5,2.0,192.174,4.43,279.87404,647000.0,0.00075978,0.0015196,2.0165e-05
2s.2p.(3P*).3d,2P*,0.5,2.0,187.744,2s.2p.(1P*).3p,2P,1.5,4.0,192.245,4.501,275.45923,170000.0,0.00038677,0.00077354,1.0265e-05
2s.2p.(3P*).3d,2P*,0.5,2.0,187.744,2s.2p.(1P*).3p,2S,0.5,2.0,192.993,5.249,236.20537,365000.0,0.0003053,0.00061061,8.1028e-06
2s.2p.(3P*).3d,2P*,0.5,2.0,187.744,2p2.(1D).3s,2D,1.5,4.0,203.184,15.44,80.30065,20800000.0,0.0040215,0.0080431,0.00010673
2s.2p.(3P*).3d,2P*,0.5,2.0,187.744,2s2.4s,2S,0.5,2.0,204.311,16.567,74.83805,4080000.0,0.00034258,0.00068516,9.0921e-06
2s.2p.(3P*).3d,2P*,0.5,2.0,187.744,2p2.(1D).3d,2P,0.5,2.0,217.424,29.68,41.77365,11500000.0,0.00030086,0.00060172,7.9848e-06
2s.2p.(3P*).3d,2P*,0.5,2.0,187.744,2p2.(1D).3d,2P,1.5,4.0,217.566,29.822,41.57474,2910000.0,0.00015081,0.00030163,4.0026e-06
2s.2p.(3P*).3d,2P*,0.5,2.0,187.744,2s.2p.(3P*).4p,2P,1.5,4.0,224.928,37.184,33.34343,194000000.0,0.0064671,0.012934,0.00017164
2s.2p.(3P*).3d,2P*,0.5,2.0,187.744,2s.2p.(3P*).4p,2D,1.5,4.0,226.029,38.285,32.38454,186000000.0,0.0058489,0.011698,0.00015523
2s.2p.(3P*).3d,2P*,0.5,2.0,187.744,2s2.5d,2D,1.5,4.0,230.402,42.658,29.0647,790000000.0,0.02001,0.04002,0.00053107
2s.2p.(3P*).3d,2P*,0.5,2.0,187.744,2s2.6d,2D,1.5,4.0,241.281,53.537,23.1586,36700000.0,0.00059017,0.0011803,1.5663e-05
2s.2p.(1P*).3p,2D,2.5,6.0,192.033,2s.2p.(1P*).3d,2F*,2.5,6.0,198.062,6.029,205.64637,6810000.0,0.0043177,0.025906,0.00011459
2s.2p.(1P*).3p,2D,2.5,6.0,192.033,2s.2p.(1P*).3d,2F*,3.5,8.0,198.062,6.029,205.64637,102000000.0,0.086226,0.51736,0.0022885
2s.2p.(1P*).3p,2D,2.5,6.0,192.033,2s.2p.(1P*).3d,2D*,1.5,4.0,199.348,7.315,169.49309,5470000.0,0.0015706,0.0094235,4.1683e-05
2s.2p.(1P*).3p,2D,2.5,6.0,192.033,2s.2p.(1P*).3d,2D*,2.5,6.0,199.393,7.36,168.45679,51900000.0,0.02208,0.13248,0.00058601
2s.2p.(1P*).3p,2D,2.5,6.0,192.033,2s.2p.(1P*).3d,2P*,1.5,4.0,199.698,7.665,161.75368,5580000.0,0.0014592,0.0087551,3.8727e-05
2s.2p.(1P*).3p,2D,2.5,6.0,192.033,2p2.(1D).3p,2F*,2.5,6.0,209.59,17.557,70.6181,47800000.0,0.0035737,0.021442,9.4846e-05
2s.2p.(1P*).3p,2D,2.5,6.0,192.033,2p2.(1D).3p,2F*,3.5,8.0,209.665,17.632,70.31772,725000000.0,0.071658,0.42995,0.0019018
2s.2p.(1P*).3p,2D,2.5,6.0,192.033,2s.2p.(3P*).4d,2D*,2.5,6.0,227.838,35.805,34.62762,368000000.0,0.0066153,0.039692,0.00017557
2s.2p.(1P*).3p,2D,2.5,6.0,192.033,2s.2p.(3P*).4d,2D*,1.5,4.0,227.838,35.805,34.62762,39400000.0,0.00047218,0.0028331,1.2532e-05
2s.2p.(1P*).3p,2D,2.5,6.0,192.033,2s.2p.(3P*).4d,2F*,2.5,6.0,228.893,36.86,33.63652,21800000.0,0.00036978,0.0022187,9.8138e-06
2s.2p.(1P*).3p,2D,2.5,6.0,192.033,2s.2p.(3P*).4d,2F*,3.5,8.0,229.125,37.092,33.42613,332000000.0,0.007415,0.04449,0.00019679
2s.2p.(1P*).3p,2D,2.5,6.0,192.033,2s.2p.(1P*).4d,2F*,3.5,8.0,243.542,51.509,24.0704,25300000000.0,0.29301,1.7581,0.0077765
2s.2p.(1P*).3p,2D,2.5,6.0,192.033,2s.2p.(1P*).4d,2F*,2.5,6.0,243.542,51.509,24.0704,1690000000.0,0.01468,0.088077,0.0003896
2s.2p.(1P*).3p,2D,2.5,6.0,192.033,2s.2p.(1P*).4d,2D*,2.5,6.0,244.086,52.053,23.81884,6500000000.0,0.055286,0.33172,0.0014673
2s.2p.(1P*).3p,2D,2.5,6.0,192.033,2s.2p.(1P*).4d,2D*,1.5,4.0,244.086,52.053,23.81884,697000000.0,0.0039522,0.023713,0.00010489
2s.2p.(1P*).3p,2D,2.5,6.0,192.033,2s.2p.(3P*).5d,2F*,2.5,6.0,248.621,56.588,21.90998,31500000.0,0.0002267,0.0013602,6.0167e-06
2s.2p.(1P*).3p,2D,2.5,6.0,192.033,2s.2p.(3P*).5d,2F*,3.5,8.0,248.793,56.76,21.84359,478000000.0,0.004559,0.027354,0.000121
2s.2p.(1P*).3p,2D,2.5,6.0,192.033,2s.2p.(1P*).5d,2D*,2.5,6.0,264.386,72.353,17.13601,3430000000.0,0.0151,0.090599,0.00040075
2s.2p.(1P*).3p,2D,2.5,6.0,192.033,2s.2p.(1P*).5d,2D*,1.5,4.0,264.386,72.353,17.13601,368000000.0,0.00108,0.0064802,2.8664e-05
2s.2p.(1P*).3p,2P,0.5,2.0,192.174,2s.2p.(1P*).3d,2D*,1.5,4.0,199.348,7.174,172.82436,105000000.0,0.094035,0.18807,0.0024957
2s.2p.(1P*).3p,2P,0.5,2.0,192.174,2s.2p.(1P*).3d,2P*,1.5,4.0,199.698,7.524,164.78495,11600000.0,0.0094446,0.018889,0.00025066
2s.2p.(1P*).3p,2P,0.5,2.0,192.174,2s.2p.(1P*).3d,2P*,0.5,2.0,199.698,7.524,164.78495,46200000.0,0.018808,0.037615,0.00049916
2s.2p.(1P*).3p,2P,0.5,2.0,192.174,2s.2p.(3P*).4d,2D*,1.5,4.0,227.838,35.664,34.76452,27300000.0,0.00098929,0.0019786,2.6256e-05
2s.2p.(1P*).3p,2P,0.5,2.0,192.174,2s.2p.(1P*).4d,2D*,1.5,4.0,244.086,51.912,23.88353,16400000000.0,0.2805,0.561,0.0074444
2s.2p.(1P*).3p,2P,0.5,2.0,192.174,2s.2p.(1P*).5d,2D*,1.5,4.0,264.386,72.212,17.16947,8620000000.0,0.076192,0.15238,0.0020221
2s.2p.(1P*).3p,2P,1.5,4.0,192.245,2s.2p.(1P*).3d,2D*,1.5,4.0,199.348,7.103,174.55188,20400000.0,0.0093183,0.037273,0.00024731
2s.2p.(1P*).3p,2P,1.5,4.0,192.245,2s.2p.(1P*).3d,2D*,2.5,6.0,199.393,7.148,173.45299,125000000.0,0.084572,0.33829,0.0022445
2s.2p.(1P*).3p,2P,1.5,4.0,192.245,2s.2p.(1P*).3d,2P*,0.5,2.0,199.698,7.453,166.35475,22500000.0,0.0046675,0.01867,0.00012387
2s.2p.(1P*).3p,2P,1.5,4.0,192.245,2s.2p.(1P*).3d,2P*,1.5,4.0,199.698,7.453,166.35475,56200000.0,0.023317,0.093267,0.00061882
2s.2p.(1P*).3p,2P,1.5,4.0,192.245,2s.2p.(3P*).4d,2D*,1.5,4.0,227.838,35.593,34.83387,5420000.0,9.8597e-05,0.00039439,2.6168e-06
2s.2p.(1P*).3p,2P,1.5,4.0,192.245,2s.2p.(3P*).4d,2D*,2.5,6.0,227.838,35.593,34.83387,32500000.0,0.00088682,0.0035473,2.3536e-05
2s.2p.(1P*).3p,2P,1.5,4.0,192.245,2s.2p.(1P*).4d,2D*,2.5,6.0,244.086,51.841,23.91624,19500000000.0,0.25083,1.0033,0.0066569
2s.2p.(1P*).3p,2P,1.5,4.0,192.245,2s.2p.(1P*).4d,2D*,1.5,4.0,244.086,51.841,23.91624,3250000000.0,0.027869,0.11148,0.00073966
2s.2p.(1P*).3p,2P,1.5,4.0,192.245,2s.2p.(1P*).5d,2D*,1.5,4.0,264.386,72.141,17.18637,1720000000.0,0.0076165,0.030466,0.00020214
2s.2p.(1P*).3p,2P,1.5,4.0,192.245,2s.2p.(1P*).5d,2D*,2.5,6.0,264.386,72.141,17.18637,10300000000.0,0.068416,0.27366,0.0018158
2s.2p.(1P*).3p,2S,0.5,2.0,192.993,2s.2p.(1P*).3d,2P*,0.5,2.0,199.698,6.705,184.91305,102000000.0,0.052287,0.10457,0.0013877
2s.2p.(1P*).3p,2S,0.5,2.0,192.993,2s.2p.(1P*).3d,2P*,1.5,4.0,199.698,6.705,184.91305,102000000.0,0.10457,0.20915,0.0027754
2p2.(3P).3s,4P,0.5,2.0,196.883,2p2.(3P).3p,4S*?,1.5,4.0,207.552,10.669,116.20977,166000000.0,0.067218,0.13444,0.001784
2p2.(3P).3s,4P,1.5,4.0,197.036,2p2.(3P).3p,4P*?,2.5,6.0,204.86,7.824,158.46651,105000000.0,0.059295,0.23718,0.0015737
2p2.(3P).3s,4P,1.5,4.0,197.036,2p2.(3P).3p,4S*?,1.5,4.0,207.552,10.516,117.90053,318000000.0,0.06627,0.26508,0.0017588
2p2.(3P).3s,4P,1.5,4.0,197.036,2s.2p.(3P*).4s,4P*?,2.5,6.0,221.787,24.751,50.0926,6560000.0,0.00037017,0.0014807,9.8243e-06
2p2.(3P).3s,4P,1.5,4.0,197.036,2s.2p.(3P*).4d,4D*,2.5,6.0,227.773,30.737,40.33712,4290000.0,0.00015697,0.00062788,4.166e-06
2p2.(3P).3s,4P,2.5,6.0,197.284,2p2.(3P).3p,4D*,3.5,8.0,204.113,6.829,181.55542,234000000.0,0.15418,0.92509,0.004092
2p2.(3P).3s,4P,2.5,6.0,197.284,2p2.(3P).3p,4P*?,2.5,6.0,204.86,7.576,163.6539,222000000.0,0.089138,0.53483,0.0023657
2p2.(3P).3s,4P,2.5,6.0,197.284,2p2.(3P).3p,4S*?,1.5,4.0,207.552,10.268,120.74815,444000000.0,0.064701,0.38821,0.0017172
2p2.(3P).3s,4P,2.5,6.0,197.284,2s.2p.(3P*).4s,4P*?,2.5,6.0,221.787,24.503,50.5996,14800000.0,0.00056809,0.0034085,1.5077e-05
2p2.(3P).3s,4P,2.5,6.0,197.284,2s.2p.(3P*).4d,4D*,2.5,6.0,227.773,30.489,40.66522,1790000.0,4.4377e-05,0.00026626,1.1778e-06
2p2.(3P).3s,4P,2.5,6.0,197.284,2s.2p.(3P*).4d,4D*,3.5,8.0,227.79,30.506,40.64256,5970000.0,0.00019712,0.0011827,5.2316e-06
2p2.(3P).3s,4P,2.5,6.0,197.284,2p2.(3P).4p,4D*,3.5,8.0,253.088,55.804,22.2178,12500000000.0,0.12334,0.74005,0.0032735
2s.2p.(1P*).3d,2F*,3.5,8.0,198.062,2p2.(1D).3s,2D,2.5,6.0,203.184,5.122,242.06208,829000.0,0.00054617,0.0043694,1.4495e-05
2s.2p.(1P*).3d,2F*,2.5,6.0,198.062,2p2.(1D).3s,2D,1.5,4.0,203.184,5.122,242.06208,871000.0,0.00051008,0.0030605,1.3538e-05
2s.2p.(1P*).3d,2F*,2.5,6.0,198.062,2p2.(1D).3s,2D,2.5,6.0,203.184,5.122,242.06208,41400.0,3.6367e-05,0.0002182,9.6519e-07
2s.2p.(1P*).3d,2F*,3.5,8.0,198.062,2s2.4d,2D,2.5,6.0,210.008,11.946,103.78721,52700000.0,0.0063829,0.051063,0.0001694
2s.2p.(1P*).3d,2F*,2.5,6.0,198.062,2s2.4d,2D,1.5,4.0,210.008,11.946,103.78721,55300000.0,0.0059536,0.035722,0.00015801
2s.2p.(1P*).3d,2F*,2.5,6.0,198.062,2s2.4d,2D,2.5,6.0,210.008,11.946,103.78721,2630000.0,0.00042472,0.0025483,1.1272e-05
2s.2p.(1P*).3d,2F*,3.5,8.0,198.062,2p2.(3P).3d,2F,3.5,8.0,211.022,12.96,95.66682,77300000.0,0.010606,0.08485,0.00028149
2s.2p.(1P*).3d,2F*,2.5,6.0,198.062,2p2.(3P).3d,2F,3.5,8.0,211.022,12.96,95.66682,2870000.0,0.00052505,0.0031503,1.3935e-05
2s.2p.(1P*).3d,2F*,3.5,8.0,198.062,2p2.(1D).3d,2D,2.5,6.0,214.976,16.914,73.30271,17400000.0,0.0010513,0.0084101,2.79e-05
2s.2p.(1P*).3d,2F*,2.5,6.0,198.062,2p2.(1D).3d,2D,2.5,6.0,214.976,16.914,73.30271,871000.0,7.0165e-05,0.00042099,1.8622e-06
2s.2p.(1P*).3d,2F*,3.5,8.0,198.062,2p2.(1D).3d,2F,3.5,8.0,217.236,19.174,64.66267,884000000.0,0.055414,0.44331,0.0014707
2s.2p.(1P*).3d,2F*,2.5,6.0,198.062,2p2.(1D).3d,2F,3.5,8.0,217.236,19.174,64.66267,32800000.0,0.0027414,0.016449,7.2758e-05
2s.2p.(1P*).3d,2F*,2.5,6.0,198.062,2s.2p.(3P*).4p,2D,1.5,4.0,226.029,27.967,44.33232,34400000.0,0.00067572,0.0040543,1.7934e-05
2s.2p.(1P*).3d,2F*,3.5,8.0,198.062,2s.2p.(3P*).4p,2D,2.5,6.0,226.303,28.241,43.9022,33700000.0,0.00073034,0.0058427,1.9383e-05
2s.2p.(1P*).3d,2F*,2.5,6.0,198.062,2s.2p.(3P*).4p,2D,2.5,6.0,226.303,28.241,43.9022,1690000.0,4.8834e-05,0.000293,1.296e-06
2s.2p.(1P*).3d,2F*,3.5,8.0,198.062,2s2.6d,2D,2.5,6.0,241.281,43.219,28.68743,88000000.0,0.0008143,0.0065144,2.1612e-05
2s.2p.(1P*).3d,2F*,2.5,6.0,198.062,2s2.6d,2D,1.5,4.0,241.281,43.219,28.68743,92400000.0,0.00076002,0.0045601,2.0171e-05
2s.2p.(1P*).3d,2F*,2.5,6.0,198.062,2s2.6d,2D,2.5,6.0,241.281,43.219,28.68743,4400000.0,5.4287e-05,0.00032572,1.4408e-06
2s.2p.(1P*).3d,2D*,1.5,4.0,199.348,2p2.(1D).3s,2D,2.5,6.0,203.184,3.836,323.2122,1780.0,4.1816e-06,1.6727e-05,1.1098e-07
2s.2p.(1P*).3d,2D*,1.5,4.0,199.348,2p2.(1D).3s,2D,1.5,4.0,203.184,3.836,323.2122,24000.0,3.7588e-05,0.00015035,9.9758e-07
2s.2p.(1P*).3d,2D*,1.5,4.0,199.348,2p2.(3P).3d,2D,2.5,6.0,211.18,11.832,104.78719,1740000.0,0.00042965,0.0017186,1.1403e-05
2s.2p.(1P*).3d,2D*,1.5,4.0,199.348,2p2.(1D).3d,2D,2.5,6.0,214.976,15.628,79.33465,41300000.0,0.0058456,0.023382,0.00015514
2s.2p.(1P*).3d,2D*,1.5,4.0,199.348,2p2.(1D).3d,2P,0.5,2.0,217.424,18.076,68.59051,335000000.0,0.011814,0.047257,0.00031355
2s.2p.(1P*).3d,2D*,1.5,4.0,199.348,2p2.(1D).3d,2P,1.5,4.0,217.566,18.218,68.05588,34100000.0,0.0023678,0.0094712,6.2841e-05
2s.2p.(1P*).3d,2D*,1.5,4.0,199.348,2s.2p.(3P*).4p,2P,1.5,4.0,224.928,25.58,48.46919,2120000.0,7.4667e-05,0.00029867,1.9817e-06
2s.2p.(1P*).3d,2D*,1.5,4.0,199.348,2s.2p.(3P*).4p,2D,1.5,4.0,226.029,26.681,46.4691,54700000.0,0.0017708,0.0070833,4.6998e-05
2s.2p.(1P*).3d,2D*,1.5,4.0,199.348,2s.2p.(3P*).4p,2D,2.5,6.0,226.303,26.955,45.99673,4180000.0,0.00019888,0.0007955,5.2782e-06
2s.2p.(1P*).3d,2D*,1.5,4.0,199.348,2s2.5d,2D,1.5,4.0,230.402,31.054,39.92536,14800000.0,0.00035369,0.0014147,9.3868e-06
2s.2p.(1P*).3d,2D*,1.5,4.0,199.348,2s2.5d,2D,2.5,6.0,230.415,31.067,39.90865,1100000.0,3.9398e-05,0.00015759,1.0456e-06
2s.2p.(1P*).3d,2D*,1.5,4.0,199.348,2s2.6d,2D,1.5,4.0,241.281,41.933,29.56721,29100000.0,0.00038139,0.0015256,1.0122e-05
2s.2p.(1P*).3d,2D*,1.5,4.0,199.348,2s2.6d,2D,2.5,6.0,241.281,41.933,29.56721,2160000.0,4.2464e-05,0.00016986,1.127e-06
2s.2p.(1P*).3d,2D*,2.5,6.0,199.393,2p2.(1D).3s,2D,1.5,4.0,203.184,3.791,327.0488,2570.0,2.7474e-06,1.6485e-05,7.2917e-08
2s.2p.(1P*).3d,2D*,2.5,6.0,199.393,2p2.(1D).3s,2D,2.5,6.0,203.184,3.791,327.0488,24000.0,3.8485e-05,0.00023091,1.0214e-06
2s.2p.(1P*).3d,2D*,2.5,6.0,199.393,2p2.(3P).3d,2F,3.5,8.0,211.022,11.629,106.61639,18200000.0,0.0041354,0.024812,0.00010975
2s.2p.(1P*).3d,2D*,2.5,6.0,199.393,2p2.(3P).3d,2D,2.5,6.0,211.18,11.787,105.18724,24100000.0,0.0039976,0.023986,0.0001061
2s.2p.(1P*).3d,2D*,2.5,6.0,199.393,2p2.(1D).3d,2D,2.5,6.0,214.976,15.583,79.56375,574000000.0,0.054476,0.32685,0.0014458
2s.2p.(1P*).3d,2D*,2.5,6.0,199.393,2p2.(1D).3d,2F,3.5,8.0,217.236,17.843,69.48618,174000000.0,0.016794,0.10076,0.0004457
2s.2p.(1P*).3d,2D*,2.5,6.0,199.393,2p2.(1D).3d,2P,1.5,4.0,217.566,18.173,68.2244,305000000.0,0.014189,0.085133,0.00037657
2s.2p.(1P*).3d,2D*,2.5,6.0,199.393,2s.2p.(3P*).4p,2P,1.5,4.0,224.928,25.535,48.55461,19000000.0,0.0004477,0.0026862,1.1882e-05
2s.2p.(1P*).3d,2D*,2.5,6.0,199.393,2s.2p.(3P*).4p,2D,1.5,4.0,226.029,26.636,46.5476,6050000.0,0.00013101,0.00078609,3.4771e-06
2s.2p.(1P*).3d,2D*,2.5,6.0,199.393,2s.2p.(3P*).4p,2D,2.5,6.0,226.303,26.91,46.07365,58100000.0,0.001849,0.011094,4.9073e-05
2s.2p.(1P*).3d,2D*,2.5,6.0,199.393,2s2.5d,2D,1.5,4.0,230.402,31.009,39.98329,1640000.0,2.6204e-05,0.00015722,6.9546e-07
2s.2p.(1P*).3d,2D*,2.5,6.0,199.393,2s2.5d,2D,2.5,6.0,230.415,31.022,39.96654,15300000.0,0.00036639,0.0021983,9.724e-06
2s.2p.(1P*).3d,2D*,2.5,6.0,199.393,2s2.6d,2D,2.5,6.0,241.281,41.888,29.59898,30100000.0,0.00039535,0.0023721,1.0493e-05
2s.2p.(1P*).3d,2D*,2.5,6.0,199.393,2s2.6d,2D,1.5,4.0,241.281,41.888,29.59898,3220000.0,2.8195e-05,0.00016917,7.483e-07
2s.2p.(1P*).3d,2P*,0.5,2.0,199.698,2p2.(1D).3s,2D,1.5,4.0,203.184,3.486,355.66322,7460.0,2.8295e-05,5.659e-05,7.5094e-07
2s.2p.(1P*).3d,2P*,1.5,4.0,199.698,2p2.(1D).3s,2D,1.5,4.0,203.184,3.486,355.66322,1490.0,2.8257e-06,1.1303e-05,7.4994e-08
2s.2p.(1P*).3d,2P*,1.5,4.0,199.698,2p2.(1D).3s,2D,2.5,6.0,203.184,3.486,355.66322,8970.0,2.5517e-05,0.00010207,6.7721e-07
2s.2p.(1P*).3d,2P*,1.5,4.0,199.698,2s2.4s,2S,0.5,2.0,204.311,4.613,268.7713,4230000.0,0.0022905,0.0091621,6.0791e-05
2s.2p.(1P*).3d,2P*,0.5,2.0,199.698,2s2.4s,2S,0.5,2.0,204.311,4.613,268.7713,2110000.0,0.0022851,0.0045702,6.0647e-05
2s.2p.(1P*).3d,2P*,1.5,4.0,199.698,2s2.4d,2D,2.5,6.0,210.008,10.31,120.25625,94700000.0,0.030798,0.12319,0.00081737
2s.2p.(1P*).3d,2P*,0.5,2.0,199.698,2s2.4d,2D,1.5,4.0,210.008,10.31,120.25625,78900000.0,0.034212,0.068425,0.00090799
2s.2p.(1P*).3d,2P*,1.5,4.0,199.698,2s2.4d,2D,1.5,4.0,210.008,10.31,120.25625,15800000.0,0.0034256,0.013702,9.0914e-05
2s.2p.(1P*).3d,2P*,1.5,4.0,199.698,2p2.(3P).3d,2D,2.5,6.0,211.18,11.482,107.98136,6860000.0,0.0017988,0.007195,4.7739e-05
2s.2p.(1P*).3d,2P*,1.5,4.0,199.698,2p2.(1D).3d,2D,2.5,6.0,214.976,15.278,81.15211,124000000.0,0.018364,0.073457,0.00048739
2s.2p.(1P*).3d,2P*,0.5,2.0,199.698,2p2.(1D).3d,2P,0.5,2.0,217.424,17.726,69.94483,615000000.0,0.045107,0.090214,0.0011971
2s.2p.(1P*).3d,2P*,1.5,4.0,199.698,2p2.(1D).3d,2P,0.5,2.0,217.424,17.726,69.94483,308000000.0,0.011295,0.045181,0.00029977
2s.2p.(1P*).3d,2P*,1.5,4.0,199.698,2p2.(1D).3d,2P,1.5,4.0,217.566,17.868,69.38896,787000000.0,0.056809,0.22723,0.0015077
2s.2p.(1P*).3d,2P*,0.5,2.0,199.698,2p2.(1D).3d,2P,1.5,4.0,217.566,17.868,69.38896,157000000.0,0.022666,0.045331,0.00060155
2s.2p.(1P*).3d,2P*,1.5,4.0,199.698,2s.2p.(3P*).4p,2P,1.5,4.0,224.928,25.23,49.14158,61300000.0,0.0022193,0.0088772,5.8901e-05
2s.2p.(1P*).3d,2P*,0.5,2.0,199.698,2s.2p.(3P*).4p,2P,1.5,4.0,224.928,25.23,49.14158,12300000.0,0.00089062,0.0017812,2.3637e-05
2s.2p.(1P*).3d,2P*,0.5,2.0,199.698,2s.2p.(3P*).4p,2D,1.5,4.0,226.029,26.331,47.08678,11900000.0,0.00079111,0.0015822,2.0996e-05
2s.2p.(1P*).3d,2P*,1.5,4.0,199.698,2s.2p.(3P*).4p,2D,1.5,4.0,226.029,26.331,47.08678,2390000.0,7.9443e-05,0.00031777,2.1084e-06
2s.2p.(1P*).3d,2P*,1.5,4.0,199.698,2s.2p.(3P*).4p,2D,2.5,6.0,226.303,26.605,46.60184,14800000.0,0.0007228,0.0028912,1.9183e-05
2s.2p.(1P*).3d,2P*,0.5,2.0,199.698,2s2.5d,2D,1.5,4.0,230.402,30.704,40.38047,34800000.0,0.0017014,0.0034028,4.5156e-05
2s.2p.(1P*).3d,2P*,1.5,4.0,199.698,2s2.5d,2D,1.5,4.0,230.402,30.704,40.38047,6950000.0,0.0001699,0.00067959,4.5091e-06
2s.2p.(1P*).3d,2P*,1.5,4.0,199.698,2s2.5d,2D,2.5,6.0,230.415,30.717,40.36338,41800000.0,0.0015314,0.0061258,4.0645e-05
2p2.(1D).3s,2D,1.5,4.0,203.184,2p2.(1D).3p,2F*,2.5,6.0,209.59,6.406,193.54386,194000000.0,0.16342,0.65369,0.0043372
2p2.(1D).3s,2D,2.5,6.0,203.184,2p2.(1D).3p,2F*,2.5,6.0,209.59,6.406,193.54386,13800000.0,0.0077499,0.0465,0.00020568
2p2.(1D).3s,2D,2.5,6.0,203.184,2p2.(1D).3p,2F*,3.5,8.0,209.665,6.481,191.30412,215000000.0,0.15728,0.94371,0.0041743
2p2.(1D).3s,2D,2.5,6.0,203.184,2s.2p.(3P*).4d,2D*,2.5,6.0,227.838,24.654,50.28969,48800000.0,0.0018503,0.011102,4.9106e-05
2p2.(1D).3s,2D,1.5,4.0,203.184,2s.2p.(3P*).4d,2D*,1.5,4.0,227.838,24.654,50.28969,46900000.0,0.0017782,0.007113,4.7194e-05
2p2.(1D).3s,2D,2.5,6.0,203.184,2s.2p.(3P*).4d,2D*,1.5,4.0,227.838,24.654,50.28969,5220000.0,0.00013195,0.00079168,3.5019e-06
2p2.(1D).3s,2D,1.5,4.0,203.184,2s.2p.(3P*).4d,2D*,2.5,6.0,227.838,24.654,50.28969,3480000.0,0.00019792,0.00079168,5.2528e-06
2p2.(1D).3s,2D,1.5,4.0,203.184,2s.2p.(3P*).4d,2F*,2.5,6.0,228.893,25.709,48.22599,216000000.0,0.011297,0.045188,0.00029982
2p2.(1D).3s,2D,2.5,6.0,203.184,2s.2p.(3P*).4d,2F*,2.5,6.0,228.893,25.709,48.22599,15400000.0,0.00053696,0.0032218,1.4251e-05
2p2.(1D).3s,2D,2.5,6.0,203.184,2s.2p.(3P*).4d,2F*,3.5,8.0,229.125,25.941,47.79469,239000000.0,0.010913,0.06548,0.00028964
2p2.(1D).3s,2D,2.5,6.0,203.184,2s.2p.(1P*).4d,2F*,3.5,8.0,243.542,40.358,30.7211,588000000.0,0.011093,0.066558,0.00029441
2p2.(1D).3s,2D,1.5,4.0,203.184,2s.2p.(1P*).4d,2F*,2.5,6.0,243.542,40.358,30.7211,551000000.0,0.011694,0.046777,0.00031037
2p2.(1D).3s,2D,2.5,6.0,203.184,2s.2p.(1P*).4d,2F*,2.5,6.0,243.542,40.358,30.7211,39300000.0,0.00055606,0.0033364,1.4758e-05
2p2.(1D).3s,2D,2.5,6.0,203.184,2s.2p.(1P*).4d,2D*,2.5,6.0,244.086,40.902,30.3125,147000000.0,0.002025,0.01215,5.3743e-05
2p2.(1D).3s,2D,1.5,4.0,203.184,2s.2p.(1P*).4d,2D*,1.5,4.0,244.086,40.902,30.3125,142000000.0,0.0019561,0.0078244,5.1915e-05
2p2.(1D).3s,2D,2.5,6.0,203.184,2s.2p.(1P*).4d,2D*,1.5,4.0,244.086,40.902,30.3125,15700000.0,0.00014418,0.00086509,3.8266e-06
2p2.(1D).3s,2D,1.5,4.0,203.184,2s.2p.(1P*).4d,2D*,2.5,6.0,244.086,40.902,30.3125,10500000.0,0.00021696,0.00086785,5.7582e-06
2p2.(1D).3s,2D,1.5,4.0,203.184,2s.2p.(3P*).5d,2F*,2.5,6.0,248.621,45.437,27.28706,24100000.0,0.00040354,0.0016141,1.071e-05
2p2.(1D).3s,2D,2.5,6.0,203.184,2s.2p.(3P*).5d,2F*,2.5,6.0,248.621,45.437,27.28706,1730000.0,1.9312e-05,0.00011587,5.1253e-07
2p2.(1D).3s,2D,2.5,6.0,203.184,2s.2p.(3P*).5d,2F*,3.5,8.0,248.793,45.609,27.18415,26200000.0,0.00038702,0.0023221,1.0271e-05
2p2.(1D).3s,2D,2.5,6.0,203.184,2s.2p.(1P*).5d,2D*,2.5,6.0,264.386,61.202,20.25819,125000000.0,0.00076908,0.0046145,2.0411e-05
2p2.(1D).3s,2D,1.5,4.0,203.184,2s.2p.(1P*).5d,2D*,1.5,4.0,264.386,61.202,20.25819,120000000.0,0.00073832,0.0029533,1.9595e-05
2p2.(1D).3s,2D,2.5,6.0,203.184,2s.2p.(1P*).5d,2D*,1.5,4.0,264.386,61.202,20.25819,13300000.0,5.4553e-05,0.00032732,1.4478e-06
2p2.(1D).3s,2D,1.5,4.0,203.184,2s.2p.(1P*).5d,2D*,2.5,6.0,264.386,61.202,20.25819,8900000.0,8.2138e-05,0.00032855,2.1799e-06
2p2.(3P).3p,4P*?,2.5,6.0,204.86,2p2.(3P).3d,4P,2.5,6.0,212.744,7.884,157.26053,125000000.0,0.046346,0.27807,0.00123
2p2.(3P).3p,4P*?,2.5,6.0,204.86,2p2.(3P).3d,4P,1.5,4.0,212.845,7.985,155.27138,83000000.0,0.02,0.12,0.0005308
2p2.(3P).3p,4S*?,1.5,4.0,207.552,2p2.(3P).3d,4P,2.5,6.0,212.744,5.192,238.79853,45300000.0,0.058091,0.23237,0.0015417
2p2.(3P).3p,4S*?,1.5,4.0,207.552,2p2.(3P).3d,4P,1.5,4.0,212.845,5.293,234.24183,48000000.0,0.039485,0.15794,0.0010479
2p2.(3P).3p,4S*?,1.5,4.0,207.552,2p2.(3P).3d,4P,0.5,2.0,212.899,5.347,231.87619,49600000.0,0.01999,0.079962,0.00053055
2p2.(1D).3p,2F*,2.5,6.0,209.59,2s2.4d,2D,1.5,4.0,210.008,0.418,2966.12915,4470.0,0.00039306,0.0023583,1.0432e-05
2p2.(1D).3p,2F*,2.5,6.0,209.59,2s2.4d,2D,2.5,6.0,210.008,0.418,2966.12915,212.0,2.7962e-05,0.00016777,7.4212e-07
2p2.(1D).3p,2F*,2.5,6.0,209.59,2p2.(3P).3d,2F,3.5,8.0,211.022,1.432,865.81144,6600.0,9.8898e-05,0.00059339,2.6248e-06
2p2.(1D).3p,2F*,2.5,6.0,209.59,2p2.(3P).3d,2D,2.5,6.0,211.18,1.59,779.77483,3580.0,3.2635e-05,0.00019581,8.6613e-07
2p2.(1D).3p,2F*,2.5,6.0,209.59,2p2.(1D).3d,2D,2.5,6.0,214.976,5.386,230.19717,719000.0,0.0005712,0.0034272,1.516e-05
2p2.(1D).3p,2F*,2.5,6.0,209.59,2p2.(1D).3d,2F,3.5,8.0,217.236,7.646,162.15563,2550000.0,0.0013403,0.0080418,3.5572e-05
2p2.(1D).3p,2F*,2.5,6.0,209.59,2s.2p.(3P*).4p,2D,1.5,4.0,226.029,16.439,75.42077,19700000.0,0.00112,0.00672,2.9725e-05
2p2.(1D).3p,2F*,2.5,6.0,209.59,2s.2p.(3P*).4p,2D,2.5,6.0,226.303,16.713,74.18429,987000.0,8.1433e-05,0.0004886,2.1612e-06
2p2.(1D).3p,2F*,2.5,6.0,209.59,2s2.5d,2D,1.5,4.0,230.402,20.812,59.57342,11300000.0,0.00040082,0.0024049,1.0638e-05
2p2.(1D).3p,2F*,2.5,6.0,209.59,2s2.5d,2D,2.5,6.0,230.415,20.825,59.53623,540000.0,2.8696e-05,0.00017217,7.6158e-07
2p2.(1D).3p,2F*,3.5,8.0,209.665,2s2.4d,2D,2.5,6.0,210.008,0.343,3614.69966,2360.0,0.00034672,0.0027737,9.2019e-06
2p2.(1D).3p,2F*,3.5,8.0,209.665,2p2.(3P).3d,2F,3.5,8.0,211.022,1.357,913.66395,152000.0,0.0019023,0.015218,5.0487e-05
2p2.(1D).3p,2F*,3.5,8.0,209.665,2p2.(3P).3d,2D,2.5,6.0,211.18,1.515,818.37755,62200.0,0.0004684,0.0037472,1.2431e-05
2p2.(1D).3p,2F*,3.5,8.0,209.665,2p2.(1D).3d,2D,2.5,6.0,214.976,5.311,233.44794,13800000.0,0.0084563,0.06765,0.00022443
2p2.(1D).3p,2F*,3.5,8.0,209.665,2p2.(1D).3d,2F,3.5,8.0,217.236,7.571,163.76198,66700000.0,0.026817,0.21454,0.00071173
2p2.(1D).3p,2F*,3.5,8.0,209.665,2s.2p.(3P*).4p,2D,2.5,6.0,226.303,16.638,74.51869,19400000.0,0.0012113,0.0096904,3.2148e-05
2p2.(1D).3p,2F*,3.5,8.0,209.665,2s2.5d,2D,2.5,6.0,230.415,20.75,59.75142,10700000.0,0.00042954,0.0034363,1.14e-05
2s2.4d,2D,1.5,4.0,210.008,2s.2p.(3P*).4d,2F*,2.5,6.0,228.893,18.885,65.65221,97200000.0,0.0094214,0.037686,0.00025004
2s2.4d,2D,2.5,6.0,210.008,2s.2p.(3P*).4d,2F*,2.5,6.0,228.893,18.885,65.65221,6950000.0,0.0004491,0.0026946,1.1919e-05
2s2.4d,2D,2.5,6.0,210.008,2s.2p.(3P*).4d,2F*,3.5,8.0,229.125,19.117,64.85547,108000000.0,0.0090806,0.054484,0.000241
2s2.4d,2D,2.5,6.0,210.008,2s.2p.(1P*).4d,2F*,3.5,8.0,243.542,33.534,36.97268,6370000000.0,0.17406,1.0444,0.0046196
2s2.4d,2D,1.5,4.0,210.008,2s.2p.(1P*).4d,2F*,2.5,6.0,243.542,33.534,36.97268,5950000000.0,0.18291,0.73163,0.0048543
2s2.4d,2D,2.5,6.0,210.008,2s.2p.(1P*).4d,2F*,2.5,6.0,243.542,33.534,36.97268,424000000.0,0.0086894,0.052136,0.00023062
2s2.4d,2D,2.5,6.0,210.008,2s.2p.(1P*).4d,2D*,2.5,6.0,244.086,34.078,36.38248,5190000000.0,0.10299,0.61796,0.0027335
2s2.4d,2D,1.5,4.0,210.008,2s.2p.(1P*).4d,2D*,1.5,4.0,244.086,34.078,36.38248,5020000000.0,0.09962,0.39848,0.0026439
2s2.4d,2D,2.5,6.0,210.008,2s.2p.(1P*).4d,2D*,1.5,4.0,244.086,34.078,36.38248,558000000.0,0.0073822,0.044293,0.00019592
2s2.4d,2D,1.5,4.0,210.008,2s.2p.(1P*).4d,2D*,2.5,6.0,244.086,34.078,36.38248,373000000.0,0.011103,0.044412,0.00029468
2s2.4d,2D,1.5,4.0,210.008,2s.2p.(3P*).5d,2F*,2.5,6.0,248.621,38.613,32.10944,673000000.0,0.015604,0.062415,0.00041413
2s2.4d,2D,2.5,6.0,210.008,2s.2p.(3P*).5d,2F*,2.5,6.0,248.621,38.613,32.10944,48100000.0,0.00074348,0.0044609,1.9732e-05
2s2.4d,2D,2.5,6.0,210.008,2s.2p.(3P*).5d,2F*,3.5,8.0,248.793,38.785,31.96705,729000000.0,0.014891,0.089347,0.00039521
2p2.(3P).3d,2F,3.5,8.0,211.022,2s.2p.(3P*).4d,2D*,2.5,6.0,227.838,16.816,73.7299,39100000.0,0.0023899,0.019119,6.3429e-05
2p2.(3P).3d,2F,3.5,8.0,211.022,2s.2p.(3P*).4d,2F*,2.5,6.0,228.893,17.871,69.37731,401000.0,2.1702e-05,0.00017362,5.7597e-07
2p2.(3P).3d,2F,3.5,8.0,211.022,2s.2p.(3P*).4d,2F*,3.5,8.0,229.125,18.103,68.48821,8460000.0,0.00059492,0.0047594,1.5789e-05
2p2.(3P).3d,2F,3.5,8.0,211.022,2s.2p.(1P*).4d,2D*,2.5,6.0,244.086,33.064,37.49825,11800000.0,0.00018656,0.0014925,4.9514e-06
2p2.(3P).3d,2D,2.5,6.0,211.18,2s.2p.(3P*).4d,2D*,2.5,6.0,227.838,16.658,74.42922,6370000.0,0.00052904,0.0031742,1.4041e-05
2p2.(3P).3d,2D,2.5,6.0,211.18,2s.2p.(3P*).4d,2D*,1.5,4.0,227.838,16.658,74.42922,683000.0,3.7816e-05,0.0002269,1.0036e-06
2p2.(3P).3d,2D,2.5,6.0,211.18,2s.2p.(3P*).4d,2F*,2.5,6.0,228.893,17.713,69.99616,8390000.0,0.00061627,0.0036976,1.6356e-05
2p2.(3P).3d,2D,2.5,6.0,211.18,2s.2p.(3P*).4d,2F*,3.5,8.0,229.125,17.945,69.09122,131000000.0,0.0125,0.075001,0.00033175
2p2.(3P).3d,2D,2.5,6.0,211.18,2s.2p.(1P*).4d,2F*,3.5,8.0,243.542,32.362,38.31166,12500000.0,0.00036675,0.0022005,9.7335e-06
2p2.(3P).3d,2D,2.5,6.0,211.18,2s.2p.(1P*).4d,2F*,2.5,6.0,243.542,32.362,38.31166,832000.0,1.8308e-05,0.00010985,4.859e-07
2p2.(3P).3d,2D,2.5,6.0,211.18,2s.2p.(3P*).5d,2F*,2.5,6.0,248.621,37.441,33.11455,6330000.0,0.00010406,0.00062438,2.7619e-06
2p2.(3P).3d,2D,2.5,6.0,211.18,2s.2p.(3P*).5d,2F*,3.5,8.0,248.793,37.613,32.96312,95800000.0,0.0020808,0.012485,5.5223e-05
2p2.(3P).3d,4P,2.5,6.0,212.744,2s.2p.(3P*).4s,4P*?,2.5,6.0,221.787,9.043,137.10516,1280000.0,0.00036073,0.0021644,9.5737e-06
2p2.(3P).3d,4P,2.5,6.0,212.744,2s.2p.(3P*).4d,4D*,2.5,6.0,227.773,15.029,82.49664,8780000.0,0.00089583,0.005375,2.3775e-05
2p2.(3P).3d,4P,2.5,6.0,212.744,2s.2p.(3P*).4d,4D*,3.5,8.0,227.79,15.046,82.40343,29400000.0,0.0039906,0.023943,0.00010591
2p2.(3P).3d,4P,2.5,6.0,212.744,2s.2p.(3P*).4d,4P*,2.5,6.0,227.981,15.237,81.37048,7050000.0,0.00069981,0.0041989,1.8573e-05
2p2.(3P).3d,4P,2.5,6.0,212.744,2s.2p.(3P*).4d,4P*,1.5,4.0,228.05,15.306,81.00366,4590000.0,0.00030102,0.0018061,7.989e-06
2p2.(3P).3d,4P,2.5,6.0,212.744,2p2.(3P).4p,4D*,3.5,8.0,253.088,40.344,30.73176,111000000.0,0.0020955,0.012573,5.5616e-05
2p2.(3P).3d,4P,1.5,4.0,212.845,2s.2p.(3P*).4s,4P*?,2.5,6.0,221.787,8.942,138.65377,530000.0,0.00022913,0.00091654,6.0812e-06
2p2.(3P).3d,4P,1.5,4.0,212.845,2s.2p.(3P*).4d,4D*,2.5,6.0,227.773,14.928,83.0548,20000000.0,0.0031025,0.01241,8.234e-05
2p2.(3P).3d,4P,1.5,4.0,212.845,2s.2p.(3P*).4d,4P*,2.5,6.0,227.981,15.136,81.91345,2960000.0,0.00044664,0.0017865,1.1854e-05
2p2.(3P).3d,4P,1.5,4.0,212.845,2s.2p.(3P*).4d,4P*,1.5,4.0,228.05,15.205,81.54173,1330000.0,0.00013258,0.00053031,3.5186e-06
2p2.(3P).3d,4P,0.5,2.0,212.899,2s.2p.(3P*).4d,4P*,1.5,4.0,228.05,15.151,81.83235,4130000.0,0.00082926,0.0016585,2.2009e-05
2p2.(1D).3d,2D,2.5,6.0,214.976,2s.2p.(3P*).4d,2F*,2.5,6.0,228.893,13.917,89.08831,1220000.0,0.00014516,0.00087099,3.8527e-06
2p2.(1D).3d,2D,2.5,6.0,214.976,2s.2p.(3P*).4d,2F*,3.5,8.0,229.125,14.149,87.62753,19200000.0,0.002947,0.017682,7.8213e-05
2p2.(1D).3d,2D,2.5,6.0,214.976,2s.2p.(1P*).4d,2F*,3.5,8.0,243.542,28.566,43.40272,158000000.0,0.0059496,0.035698,0.0001579
2p2.(1D).3d,2D,2.5,6.0,214.976,2s.2p.(1P*).4d,2F*,2.5,6.0,243.542,28.566,43.40272,10500000.0,0.00029654,0.0017792,7.8702e-06
2p2.(1D).3d,2D,2.5,6.0,214.976,2s.2p.(1P*).4d,2D*,2.5,6.0,244.086,29.11,42.59162,58800000.0,0.0015991,0.0095948,4.2441e-05
2p2.(1D).3d,2D,2.5,6.0,214.976,2s.2p.(1P*).4d,2D*,1.5,4.0,244.086,29.11,42.59162,6290000.0,0.00011404,0.00068426,3.0267e-06
2p2.(1D).3d,2D,2.5,6.0,214.976,2s.2p.(1P*).5d,2D*,2.5,6.0,264.386,49.41,25.09294,87600000.0,0.00082693,0.0049616,2.1947e-05
2p2.(1D).3d,2D,2.5,6.0,214.976,2s.2p.(1P*).5d,2D*,1.5,4.0,264.386,49.41,25.09294,9390000.0,5.9093e-05,0.00035456,1.5683e-06
2p2.(1D).3d,2F,3.5,8.0,217.236,2s.2p.(3P*).4d,2D*,2.5,6.0,227.838,10.602,116.94416,14900000.0,0.0022912,0.01833,6.0809e-05
2p2.(1D).3d,2F,3.5,8.0,217.236,2s.2p.(3P*).4d,2F*,2.5,6.0,228.893,11.657,106.3603,97500.0,1.2402e-05,9.9214e-05,3.2914e-07
2p2.(1D).3d,2F,3.5,8.0,217.236,2s.2p.(3P*).4d,2F*,3.5,8.0,229.125,11.889,104.2848,2090000.0,0.00034076,0.0027261,9.0438e-06
2p2.(1D).3d,2F,3.5,8.0,217.236,2s.2p.(1P*).4d,2F*,3.5,8.0,243.542,26.306,47.13153,8080000.0,0.00026909,0.0021527,7.1416e-06
2p2.(1D).3d,2F,3.5,8.0,217.236,2s.2p.(1P*).4d,2F*,2.5,6.0,243.542,26.306,47.13153,399000.0,9.9659e-06,7.9727e-05,2.645e-07
2p2.(1D).3d,2F,3.5,8.0,217.236,2s.2p.(1P*).4d,2D*,2.5,6.0,244.086,26.85,46.17661,25800000.0,0.00061856,0.0049485,1.6417e-05
2p2.(1D).3d,2P,0.5,2.0,217.424,2s.2p.(3P*).4d,2D*,1.5,4.0,227.838,10.414,119.05531,2160000.0,0.000918,0.001836,2.4364e-05
2p2.(1D).3d,2P,0.5,2.0,217.424,2s.2p.(1P*).4d,2D*,1.5,4.0,244.086,26.662,46.50221,171000000.0,0.011087,0.022175,0.00029426
2p2.(1D).3d,2P,0.5,2.0,217.424,2s.2p.(1P*).5d,2D*,1.5,4.0,264.386,46.962,26.40096,144000000.0,0.0030095,0.006019,7.9872e-05
2p2.(1D).3d,2P,1.5,4.0,217.566,2s.2p.(3P*).4d,2D*,2.5,6.0,227.838,10.272,120.70113,2490000.0,0.00081578,0.0032631,2.1651e-05
2p2.(1D).3d,2P,1.5,4.0,217.566,2s.2p.(3P*).4d,2D*,1.5,4.0,227.838,10.272,120.70113,415000.0,9.0642e-05,0.00036257,2.4056e-06
2p2.(1D).3d,2P,1.5,4.0,217.566,2s.2p.(1P*).4d,2D*,2.5,6.0,244.086,26.52,46.75121,203000000.0,0.0099777,0.039911,0.00026481
2p2.(1D).3d,2P,1.5,4.0,217.566,2s.2p.(1P*).4d,2D*,1.5,4.0,244.086,26.52,46.75121,33900000.0,0.0011108,0.0044433,2.9481e-05
2p2.(1D).3d,2P,1.5,4.0,217.566,2s.2p.(1P*).5d,2D*,2.5,6.0,264.386,46.82,26.48103,171000000.0,0.0026966,0.010786,7.1568e-05
2p2.(1D).3d,2P,1.5,4.0,217.566,2s.2p.(1P*).5d,2D*,1.5,4.0,264.386,46.82,26.48103,28500000.0,0.00029962,0.0011985,7.952e-06
2s.2p.(3P*).4p,2P,1.5,4.0,224.928,2s.2p.(3P*).4d,2D*,2.5,6.0,227.838,2.91,426.06254,49000000.0,0.20003,0.80012,0.0053088
2s.2p.(3P*).4p,2P,1.5,4.0,224.928,2s.2p.(3P*).4d,2D*,1.5,4.0,227.838,2.91,426.06254,8160000.0,0.022207,0.088829,0.00058938
2s.2p.(3P*).4p,2P,1.5,4.0,224.928,2s.2p.(1P*).4d,2D*,2.5,6.0,244.086,19.158,64.71667,29900000.0,0.0028161,0.011265,7.474e-05
2s.2p.(3P*).4p,2P,1.5,4.0,224.928,2s.2p.(1P*).4d,2D*,1.5,4.0,244.086,19.158,64.71667,5000000.0,0.00031395,0.0012558,8.3323e-06
2s.2p.(3P*).4p,2P,1.5,4.0,224.928,2s.2p.(1P*).5d,2D*,2.5,6.0,264.386,39.458,31.42182,25600000.0,0.0005684,0.0022736,1.5085e-05
2s.2p.(3P*).4p,2P,1.5,4.0,224.928,2s.2p.(1P*).5d,2D*,1.5,4.0,264.386,39.458,31.42182,4260000.0,6.3057e-05,0.00025223,1.6735e-06
2s.2p.(3P*).4p,2D,1.5,4.0,226.029,2s.2p.(3P*).4d,2D*,1.5,4.0,227.838,1.809,685.37423,3460000.0,0.024366,0.097466,0.00064668
2s.2p.(3P*).4p,2D,1.5,4.0,226.029,2s.2p.(3P*).4d,2D*,2.5,6.0,227.838,1.809,685.37423,257000.0,0.0027148,0.010859,7.2051e-05
2s.2p.(3P*).4p,2D,1.5,4.0,226.029,2s.2p.(3P*).4d,2F*,2.5,6.0,228.893,2.864,432.90572,61200000.0,0.25792,1.0317,0.0068453
2s.2p.(3P*).4p,2D,1.5,4.0,226.029,2s.2p.(1P*).4d,2F*,2.5,6.0,243.542,17.513,70.79552,10500000.0,0.0011835,0.0047338,3.1409e-05
2s.2p.(3P*).4p,2D,1.5,4.0,226.029,2s.2p.(1P*).4d,2D*,1.5,4.0,244.086,18.057,68.66268,59600000.0,0.0042126,0.01685,0.0001118
2s.2p.(3P*).4p,2D,1.5,4.0,226.029,2s.2p.(1P*).4d,2D*,2.5,6.0,244.086,18.057,68.66268,4410000.0,0.00046755,0.0018702,1.2409e-05
2s.2p.(3P*).4p,2D,1.5,4.0,226.029,2s.2p.(3P*).5d,2F*,2.5,6.0,248.621,22.592,54.87969,3760000000.0,0.25466,1.0186,0.0067587
2s.2p.(3P*).4p,2D,1.5,4.0,226.029,2s.2p.(1P*).5d,2D*,1.5,4.0,264.386,38.357,32.32375,17500000.0,0.00027412,0.0010965,7.2752e-06
2s.2p.(3P*).4p,2D,1.5,4.0,226.029,2s.2p.(1P*).5d,2D*,2.5,6.0,264.386,38.357,32.32375,1300000.0,3.0545e-05,0.00012218,8.1066e-07
2s.2p.(3P*).4p,2D,2.5,6.0,226.303,2s.2p.(3P*).4d,2D*,2.5,6.0,227.838,1.535,807.71465,2200000.0,0.021518,0.12911,0.00057108
2s.2p.(3P*).4p,2D,2.5,6.0,226.303,2s.2p.(3P*).4d,2D*,1.5,4.0,227.838,1.535,807.71465,236000.0,0.0015388,0.0092331,4.0841e-05
2s.2p.(3P*).4p,2D,2.5,6.0,226.303,2s.2p.(3P*).4d,2F*,2.5,6.0,228.893,2.59,478.70347,3230000.0,0.011097,0.06658,0.00029451
2s.2p.(3P*).4p,2D,2.5,6.0,226.303,2s.2p.(3P*).4d,2F*,3.5,8.0,229.125,2.822,439.34868,62700000.0,0.24193,1.4516,0.0064207
2s.2p.(3P*).4p,2D,2.5,6.0,226.303,2s.2p.(1P*).4d,2F*,3.5,8.0,243.542,17.239,71.92076,10600000.0,0.001096,0.006576,2.9088e-05
2s.2p.(3P*).4p,2D,2.5,6.0,226.303,2s.2p.(1P*).4d,2F*,2.5,6.0,243.542,17.239,71.92076,712000.0,5.5214e-05,0.00033128,1.4654e-06
2s.2p.(3P*).4p,2D,2.5,6.0,226.303,2s.2p.(1P*).4d,2D*,2.5,6.0,244.086,17.783,69.72063,59000000.0,0.0042997,0.025798,0.00011411
2s.2p.(3P*).4p,2D,2.5,6.0,226.303,2s.2p.(1P*).4d,2D*,1.5,4.0,244.086,17.783,69.72063,6320000.0,0.00030705,0.0018423,8.1491e-06
2s.2p.(3P*).4p,2D,2.5,6.0,226.303,2s.2p.(3P*).5d,2F*,2.5,6.0,248.621,22.318,55.55345,259000000.0,0.011983,0.071901,0.00031804
2s.2p.(3P*).4p,2D,2.5,6.0,226.303,2s.2p.(3P*).5d,2F*,3.5,8.0,248.793,22.49,55.12859,3980000000.0,0.24179,1.4507,0.0064171
2s.2p.(3P*).4p,2D,2.5,6.0,226.303,2s.2p.(1P*).5d,2D*,2.5,6.0,264.386,38.083,32.55631,17800000.0,0.00028285,0.0016971,7.5067e-06
2s.2p.(3P*).4p,2D,2.5,6.0,226.303,2s.2p.(1P*).5d,2D*,1.5,4.0,264.386,38.083,32.55631,1910000.0,2.0234e-05,0.0001214,5.37e-07
2s.2p.(3P*).4d,2D*,1.5,4.0,227.838,2s2.5d,2D,1.5,4.0,230.402,2.564,483.55772,61900.0,0.00021699,0.00086797,5.759e-06
2s.2p.(3P*).4d,2D*,2.5,6.0,227.838,2s2.5d,2D,1.5,4.0,230.402,2.564,483.55772,6850.0,1.6009e-05,9.6052e-05,4.2487e-07
2s.2p.(3P*).4d,2D*,2.5,6.0,227.838,2s2.5d,2D,2.5,6.0,230.415,2.577,481.11835,65100.0,0.00022591,0.0013555,5.9958e-06
2s.2p.(3P*).4d,2D*,1.5,4.0,227.838,2s2.5d,2D,2.5,6.0,230.415,2.577,481.11835,4650.0,2.4205e-05,9.6821e-05,6.424e-07
2s.2p.(3P*).4d,2D*,2.5,6.0,227.838,2s2.6d,2D,2.5,6.0,241.281,13.443,92.22956,1200000.0,0.00015303,0.00091819,4.0615e-06
2s.2p.(3P*).4d,2D*,1.5,4.0,227.838,2s2.6d,2D,1.5,4.0,241.281,13.443,92.22956,1160000.0,0.00014793,0.00059172,3.9261e-06
2s.2p.(3P*).4d,2D*,2.5,6.0,227.838,2s2.6d,2D,1.5,4.0,241.281,13.443,92.22956,128000.0,1.0882e-05,6.5293e-05,2.8881e-07
2s.2p.(3P*).4d,2D*,1.5,4.0,227.838,2s2.6d,2D,2.5,6.0,241.281,13.443,92.22956,85700.0,1.6394e-05,6.5574e-05,4.3508e-07
2s.2p.(3P*).4d,2F*,2.5,6.0,228.893,2s2.5d,2D,1.5,4.0,230.402,1.509,821.63153,129000.0,0.00087039,0.0052223,2.31e-05
2s.2p.(3P*).4d,2F*,2.5,6.0,228.893,2s2.5d,2D,2.5,6.0,230.415,1.522,814.61366,6290.0,6.2577e-05,0.00037546,1.6608e-06
2s.2p.(3P*).4d,2F*,3.5,8.0,229.125,2s2.5d,2D,2.5,6.0,230.415,1.29,961.11782,76500.0,0.00079458,0.0063566,2.1088e-05
2s2.5d,2D,1.5,4.0,230.402,2s.2p.(1P*).4d,2F*,2.5,6.0,243.542,13.14,94.35632,38500000.0,0.0077082,0.030833,0.00020458
2s2.5d,2D,1.5,4.0,230.402,2s.2p.(3P*).5d,2F*,2.5,6.0,248.621,18.219,68.05214,118000000.0,0.012289,0.049156,0.00032615
2s2.5d,2D,1.5,4.0,230.402,2s.2p.(1P*).5d,2D*,1.5,4.0,264.386,33.984,36.48311,4520000000.0,0.090195,0.36078,0.0023938
2s2.5d,2D,1.5,4.0,230.402,2s.2p.(1P*).5d,2D*,2.5,6.0,264.386,33.984,36.48311,334000000.0,0.0099973,0.039989,0.00026533
2s2.5d,2D,2.5,6.0,230.415,2s.2p.(1P*).4d,2F*,3.5,8.0,243.542,13.127,94.44976,41200000.0,0.0073468,0.044081,0.00019498
2s2.5d,2D,2.5,6.0,230.415,2s.2p.(1P*).4d,2F*,2.5,6.0,243.542,13.127,94.44976,2740000.0,0.00036645,0.0021987,9.7255e-06
2s2.5d,2D,2.5,6.0,230.415,2s.2p.(3P*).5d,2F*,2.5,6.0,248.621,18.206,68.10074,8430000.0,0.00058613,0.0035168,1.5556e-05
2s2.5d,2D,2.5,6.0,230.415,2s.2p.(3P*).5d,2F*,3.5,8.0,248.793,18.378,67.46338,130000000.0,0.011827,0.070963,0.00031389
2s2.5d,2D,2.5,6.0,230.415,2s.2p.(1P*).5d,2D*,2.5,6.0,264.386,33.971,36.49707,4680000000.0,0.093459,0.56075,0.0024804
2s2.5d,2D,2.5,6.0,230.415,2s.2p.(1P*).5d,2D*,1.5,4.0,264.386,33.971,36.49707,501000000.0,0.0066699,0.04002,0.00017702
2s2.6d,2D,2.5,6.0,241.281,2s.2p.(1P*).4d,2F*,3.5,8.0,243.542,2.261,548.36001,5610000.0,0.03372,0.20232,0.00089494
2s2.6d,2D,1.5,4.0,241.281,2s.2p.(1P*).4d,2F*,2.5,6.0,243.542,2.261,548.36001,5240000.0,0.035433,0.14173,0.0009404
2s2.6d,2D,2.5,6.0,241.281,2s.2p.(1P*).4d,2F*,2.5,6.0,243.542,2.261,548.36001,375000.0,0.0016905,0.010143,4.4867e-05
2s2.6d,2D,2.5,6.0,241.281,2s.2p.(1P*).4d,2D*,2.5,6.0,244.086,2.805,442.0114,806000.0,0.0023608,0.014165,6.2656e-05
2s2.6d,2D,1.5,4.0,241.281,2s.2p.(1P*).4d,2D*,1.5,4.0,244.086,2.805,442.0114,779000.0,0.0022817,0.0091269,6.0557e-05
2s2.6d,2D,2.5,6.0,241.281,2s.2p.(1P*).4d,2D*,1.5,4.0,244.086,2.805,442.0114,86600.0,0.0001691,0.0010146,4.488e-06
2s2.6d,2D,1.5,4.0,241.281,2s.2p.(1P*).4d,2D*,2.5,6.0,244.086,2.805,442.0114,57600.0,0.00025307,0.0010123,6.7165e-06
2s2.6d,2D,1.5,4.0,241.281,2s.2p.(3P*).5d,2F*,2.5,6.0,248.621,7.34,168.9158,79600000.0,0.051075,0.2043,0.0013555
2s2.6d,2D,2.5,6.0,241.281,2s.2p.(3P*).5d,2F*,2.5,6.0,248.621,7.34,168.9158,5680000.0,0.0024297,0.014578,6.4484e-05
2s2.6d,2D,2.5,6.0,241.281,2s.2p.(3P*).5d,2F*,3.5,8.0,248.793,7.512,165.04819,91500000.0,0.049824,0.29895,0.0013223
2s2.6d,2D,2.5,6.0,241.281,2s.2p.(1P*).5d,2D*,2.5,6.0,264.386,23.105,53.6612,85300000.0,0.0036824,0.022094,9.7731e-05
2s2.6d,2D,1.5,4.0,241.281,2s.2p.(1P*).5d,2D*,1.5,4.0,264.386,23.105,53.6612,82200000.0,0.0035486,0.014194,9.4179e-05
2s2.6d,2D,2.5,6.0,241.281,2s.2p.(1P*).5d,2D*,1.5,4.0,264.386,23.105,53.6612,9140000.0,0.00026305,0.0015783,6.9813e-06
2s2.6d,2D,1.5,4.0,241.281,2s.2p.(1P*).5d,2D*,2.5,6.0,264.386,23.105,53.6612,6080000.0,0.00039371,0.0015748,1.0449e-05
