obs_wl_vac(nm),unc_obs_wl,ritz_wl_vac(nm),unc_ritz_wl,intens,Aki(s^-1),Acc,Ei(eV),Ek(eV),conf_i,term_i,J_i,conf_k,term_k,J_k,g_i,g_k,Type,tp_ref,line_ref,
"=""""","=""""","=""10.0880""","=""0.0007""","=""""","=""2.00e+09""",E,"=""5.9938""","=""128.896?""","=""2s2.2p3""","=""2D*""","=""5/2""","=""2s2.2p2.(1D).5d""","=""2D""","=""3/2""",6,4,,"=""u21,LS""","=""""",
"=""10.088""","=""0.0010""","=""10.0880""","=""0.0007""","=""10*""","=""1.86e+10""",D,"=""5.9938""","=""128.896?""","=""2s2.2p3""","=""2D*""","=""5/2""","=""2s2.2p2.(1D).5d""","=""2D""","=""5/2""",6,6,,"=""u21,LS""","=""L7482""",
"=""10.088""","=""0.0010""","=""10.0884""","=""0.0007""","=""10*""","=""1.80e+10""",D,"=""5.9982""","=""128.896?""","=""2s2.2p3""","=""2D*""","=""3/2""","=""2s2.2p2.(1D).5d""","=""2D""","=""3/2""",4,4,,"=""u21,LS""","=""L7482""",
"=""""","=""""","=""10.0884""","=""0.0007""","=""""","=""1.33e+09""",E,"=""5.9982""","=""128.896?""","=""2s2.2p3""","=""2D*""","=""3/2""","=""2s2.2p2.(1D).5d""","=""2D""","=""5/2""",4,6,,"=""u21,LS""","=""""",
"=""10.0945""","=""0.0010""","=""10.0945""","=""0.0010""","=""10*""","=""""",,"=""5.9938""","=""128.817?""","=""2s2.2p3""","=""2D*""","=""5/2""","=""2s2.2p2.(1D).5d""","=""2F""","=""7/2""",6,8,,"=""""","=""L7482""",
"=""10.0945""","=""0.0010""","=""10.0949""","=""0.0010""","=""10*""","=""""",,"=""5.9982""","=""128.817?""","=""2s2.2p3""","=""2D*""","=""3/2""","=""2s2.2p2.(1D).5d""","=""2F""","=""5/2""",4,6,,"=""""","=""L7482""",
"=""10.3482""","=""0.0010""","=""10.3478""","=""0.0007""","=""10*""","=""""",,"=""9.07970""","=""128.896?""","=""2s2.2p3""","=""2P*""","=""1/2""","=""2s2.2p2.(1D).5d""","=""2D""","=""3/2""",2,4,,"=""""","=""L7482""",
"=""10.3482""","=""0.0010""","=""10.3482""","=""0.0007""","=""10*""","=""""",,"=""9.08396""","=""128.896?""","=""2s2.2p3""","=""2P*""","=""3/2""","=""2s2.2p2.(1D).5d""","=""2D""","=""5/2""",4,6,,"=""""","=""L7482""",
"=""10.6278""","=""0.0010""","=""10.62778""","=""0.00023""","=""100""","=""6.44e+10""",D+,"=""0.0000""","=""116.6605""","=""2s2.2p3""","=""4S*""","=""3/2""","=""2s2.2p2.(3P).4d""","=""4P""","=""3/2""",4,4,,"=""u21,LS""","=""L7482""",
"=""10.6302""","=""0.0010""","=""10.6302""","=""0.0010""","=""100""","=""6.41e+10""",D+,"=""0.0000""","=""116.634""","=""2s2.2p3""","=""4S*""","=""3/2""","=""2s2.2p2.(3P).4d""","=""4P""","=""5/2""",4,6,,"=""u21,LS""","=""L7482""",
"=""10.6399""","=""0.0010""","=""10.6399""","=""0.0007""","=""100""","=""""",,"=""0.0000""","=""116.528""","=""2s2.2p3""","=""4S*""","=""3/2""","=""2s2.2p2.(3P).4d""","=""4D""","=""1/2""",4,2,,"=""""","=""L7482""",
"=""10.6490""","=""0.0010""","=""10.6489""","=""0.0010""","=""100""","=""""",,"=""0.0000""","=""116.429""","=""2s2.2p3""","=""4S*""","=""3/2""","=""2s2.2p2.(3P).4d""","=""4D""","=""5/2""",4,6,,"=""""","=""L7482""",
"=""10.7934""","=""0.0010""","=""10.7937""","=""0.0007""","=""200""","=""2.58e+10""",D,"=""5.9938""","=""120.861""","=""2s2.2p3""","=""2D*""","=""5/2""","=""2s2.2p2.(1D).4d?""","=""2D?""","=""5/2""",6,6,,"=""u21,LS""","=""L7482""",
"=""""","=""""","=""10.7937""","=""0.0007""","=""""","=""2.77e+09""",E,"=""5.9938""","=""120.861""","=""2s2.2p3""","=""2D*""","=""5/2""","=""2s2.2p2.(1D).4d?""","=""2D?""","=""3/2""",6,4,,"=""u21,LS""","=""""",
"=""""","=""""","=""10.7941""","=""0.0007""","=""""","=""1.84e+09""",E,"=""5.9982""","=""120.861""","=""2s2.2p3""","=""2D*""","=""3/2""","=""2s2.2p2.(1D).4d?""","=""2D?""","=""5/2""",4,6,,"=""u21,LS""","=""""",
"=""""","=""""","=""10.7941""","=""0.0007""","=""""","=""2.49e+10""",D,"=""5.9982""","=""120.861""","=""2s2.2p3""","=""2D*""","=""3/2""","=""2s2.2p2.(1D).4d?""","=""2D?""","=""3/2""",4,4,,"=""u21,LS""","=""""",
"=""""","=""""","=""10.8017""","=""0.0011""","=""""","=""2.57e+09""",E,"=""5.9938""","=""120.776?""","=""2s2.2p3""","=""2D*""","=""5/2""","=""2s2.2p2.(1D).4d""","=""2F""","=""5/2""",6,6,,"=""u21,LS""","=""""",
"=""10.8017""","=""0.0010""","=""10.8017""","=""0.0011""","=""200*""","=""3.85e+10""",D+,"=""5.9938""","=""120.776?""","=""2s2.2p3""","=""2D*""","=""5/2""","=""2s2.2p2.(1D).4d""","=""2F""","=""7/2""",6,8,,"=""u21,LS""","=""L7482""",
"=""10.8017""","=""0.0010""","=""10.8021""","=""0.0011""","=""200*""","=""3.59e+10""",D+,"=""5.9982""","=""120.776?""","=""2s2.2p3""","=""2D*""","=""3/2""","=""2s2.2p2.(1D).4d""","=""2F""","=""5/2""",4,6,,"=""u21,LS""","=""L7482""",
"=""""","=""""","=""11.0812""","=""0.0006""","=""""","=""4.97e+09""",E,"=""5.9938""","=""117.881?""","=""2s2.2p3""","=""2D*""","=""5/2""","=""2s.2p3.(3D*).3p""","=""2F""","=""5/2""",6,6,,"=""u21,LS""","=""""",
"=""11.0817""","=""0.0010""","=""11.0816""","=""0.0006""","=""200""","=""6.95e+10""",D+,"=""5.9982""","=""117.881?""","=""2s2.2p3""","=""2D*""","=""3/2""","=""2s.2p3.(3D*).3p""","=""2F""","=""5/2""",4,6,,"=""u21,LS""","=""L7482""",
"=""11.0878""","=""0.0010""","=""11.0878""","=""0.0004""","=""200""","=""7.45e+10""",C,"=""5.9938""","=""117.814""","=""2s2.2p3""","=""2D*""","=""5/2""","=""2s.2p3.(3D*).3p""","=""2F""","=""7/2""",6,8,,"=""u21,LS""","=""L7482""",
"=""""","=""""","=""11.0916""","=""0.0007""","=""""","=""1.58e+10""",D,"=""9.07970""","=""120.861""","=""2s2.2p3""","=""2P*""","=""1/2""","=""2s2.2p2.(1D).4d?""","=""2D?""","=""3/2""",2,4,,"=""u21,LS""","=""""",
"=""""","=""""","=""11.0921""","=""0.0007""","=""""","=""3.15e+09""",E,"=""9.08396""","=""120.861""","=""2s2.2p3""","=""2P*""","=""3/2""","=""2s2.2p2.(1D).4d?""","=""2D?""","=""3/2""",4,4,,"=""u21,LS""","=""""",
"=""11.0921""","=""0.0010""","=""11.0921""","=""0.0007""","=""10""","=""1.89e+10""",D,"=""9.08396""","=""120.861""","=""2s2.2p3""","=""2P*""","=""3/2""","=""2s2.2p2.(1D).4d?""","=""2D?""","=""5/2""",4,6,,"=""u21,LS""","=""L7482""",
"=""11.1512""","=""0.0010""","=""11.1511""","=""0.0012""","=""100""","=""1.74e+10""",D,"=""5.9938""","=""117.179""","=""2s2.2p3""","=""2D*""","=""5/2""","=""2s2.2p2.(3P).4d""","=""2D""","=""5/2""",6,6,,"=""u21,LS""","=""L7482""",
"=""""","=""""","=""11.1516""","=""0.0012""","=""""","=""1.24e+09""",E,"=""5.9982""","=""117.179""","=""2s2.2p3""","=""2D*""","=""3/2""","=""2s2.2p2.(3P).4d""","=""2D""","=""5/2""",4,6,,"=""u21,LS""","=""""",
"=""""","=""""","=""11.1550""","=""0.0012""","=""""","=""1.87e+09""",E,"=""5.9938""","=""117.141""","=""2s2.2p3""","=""2D*""","=""5/2""","=""2s2.2p2.(3P).4d""","=""2D""","=""3/2""",6,4,,"=""u21,LS""","=""""",
"=""11.1552""","=""0.0010""","=""11.1554""","=""0.0012""","=""10""","=""1.68e+10""",D,"=""5.9982""","=""117.141""","=""2s2.2p3""","=""2D*""","=""3/2""","=""2s2.2p2.(3P).4d""","=""2D""","=""3/2""",4,4,,"=""u21,LS""","=""L7482""",
"=""11.1879""","=""0.0010""","=""11.1879""","=""0.0013""","=""10*""","=""""",,"=""0.0000""","=""110.820""","=""2s2.2p3""","=""4S*""","=""3/2""","=""2s2.2p2.(3P).4s""","=""4P""","=""5/2""",4,6,,"=""""","=""L7482""",
"=""11.1879""","=""0.0010""","=""11.1880""","=""0.0010""","=""10*""","=""""",,"=""5.9938""","=""116.813?""","=""2s2.2p3""","=""2D*""","=""5/2""","=""2s2.2p2.(3P).4d""","=""2F""","=""7/2""",6,8,,"=""""","=""L7482""",
"=""11.2009""","=""0.0010""","=""""","=""""","=""300""","=""""",,"=""""","=""""","=""""","=""""","=""""","=""""","=""""","=""""",1,1,,"=""""","=""L7482""",
"=""11.2077""","=""0.0010""","=""11.2077""","=""0.0009""","=""10""","=""""",,"=""0.0000""","=""110.624""","=""2s2.2p3""","=""4S*""","=""3/2""","=""2s2.2p2.(3P).4s""","=""4P""","=""1/2""",4,2,,"=""""","=""L7482""",
"=""11.2186""","=""0.0010""","=""11.2173""","=""0.0008""","=""10""","=""""",,"=""5.9982""","=""116.528""","=""2s2.2p3""","=""2D*""","=""3/2""","=""2s2.2p2.(3P).4d""","=""4D""","=""1/2""",4,2,,"=""""","=""L7482""",
"=""11.2347""","=""0.0010""","=""11.2347""","=""0.0010""","=""10""","=""""",,"=""5.9938""","=""116.352?""","=""2s2.2p3""","=""2D*""","=""5/2""","=""2s2.2p2.(3P).4d""","=""2P""","=""3/2""",6,4,,"=""""","=""L7482""",
"=""11.3574""","=""0.0010""","=""11.3572""","=""0.0010""","=""10*""","=""""",,"=""5.9938""","=""115.161?""","=""2s2.2p3""","=""2D*""","=""5/2""","=""2s2.2p2.(1D).4s""","=""2D""","=""5/2""",6,6,,"=""""","=""L7482""",
"=""11.3574""","=""0.0010""","=""11.3577""","=""0.0010""","=""10*""","=""""",,"=""5.9982""","=""115.161?""","=""2s2.2p3""","=""2D*""","=""3/2""","=""2s2.2p2.(1D).4s""","=""2D""","=""3/2""",4,4,,"=""""","=""L7482""",
"=""11.3952""","=""0.0010""","=""11.3959""","=""0.0006""","=""10""","=""""",,"=""9.08396""","=""117.881?""","=""2s2.2p3""","=""2P*""","=""3/2""","=""2s.2p3.(3D*).3p""","=""2F""","=""5/2""",4,6,,"=""""","=""L7482""",
"=""11.4700""","=""0.0010""","=""11.4699""","=""0.0013""","=""100""","=""3.95e+10""",D+,"=""9.08396""","=""117.179""","=""2s2.2p3""","=""2P*""","=""3/2""","=""2s2.2p2.(3P).4d""","=""2D""","=""5/2""",4,6,,"=""u21,LS""","=""L7482""",
"=""11.4738""","=""0.0010""","=""11.4735""","=""0.0013""","=""100""","=""3.29e+10""",D,"=""9.07970""","=""117.141""","=""2s2.2p3""","=""2P*""","=""1/2""","=""2s2.2p2.(3P).4d""","=""2D""","=""3/2""",2,4,,"=""u21,LS""","=""L7482""",
"=""""","=""""","=""11.4740""","=""0.0013""","=""""","=""6.59e+09""",E,"=""9.08396""","=""117.141""","=""2s2.2p3""","=""2P*""","=""3/2""","=""2s2.2p2.(3P).4d""","=""2D""","=""3/2""",4,4,,"=""u21,LS""","=""""",
"=""""","=""""","=""11.5579""","=""0.0011""","=""""","=""2.65e+09""",E,"=""9.07970""","=""116.352?""","=""2s2.2p3""","=""2P*""","=""1/2""","=""2s2.2p2.(3P).4d""","=""2P""","=""3/2""",2,4,,"=""u21,LS""","=""""",
"=""""","=""""","=""11.5584""","=""0.0011""","=""""","=""1.32e+10""",D,"=""9.08396""","=""116.352?""","=""2s2.2p3""","=""2P*""","=""3/2""","=""2s2.2p2.(3P).4d""","=""2P""","=""3/2""",4,4,,"=""u21,LS""","=""""",
"=""11.7703""","=""0.0010""","=""11.7706""","=""0.0007""","=""10""","=""""",,"=""5.9938""","=""111.328?""","=""2s2.2p3""","=""2D*""","=""5/2""","=""2s2.2p2.(3P).4s""","=""2P""","=""3/2""",6,4,,"=""""","=""L7396""",
"=""11.7876""","=""0.0010""","=""11.7876""","=""0.0010""","=""10""","=""""",,"=""5.9982""","=""111.180?""","=""2s2.2p3""","=""2D*""","=""3/2""","=""2s2.2p2.(3P).4s""","=""2P""","=""1/2""",4,2,,"=""""","=""L7396""",
"=""""","=""""","=""11.7989""","=""0.0006""","=""""","=""2.24e+10""",D+,"=""0.0000""","=""105.082""","=""2s2.2p3""","=""4S*""","=""3/2""","=""2s.2p3.(5S*).3p""","=""4P""","=""1/2""",4,2,,"=""T7663c11""","=""""",
"=""""","=""""","=""11.7989""","=""0.0006""","=""""","=""2.26e+10""",C,"=""0.0000""","=""105.082""","=""2s2.2p3""","=""4S*""","=""3/2""","=""2s.2p3.(5S*).3p""","=""4P""","=""3/2""",4,4,,"=""T7663c11""","=""""",
"=""11.7990""","=""0.0010""","=""11.7989""","=""0.0006""","=""400""","=""2.28e+10""",C,"=""0.0000""","=""105.082""","=""2s2.2p3""","=""4S*""","=""3/2""","=""2s.2p3.(5S*).3p""","=""4P""","=""5/2""",4,6,,"=""T7663c11""","=""L7482""",
"=""12.0040""","=""0.0010""","=""12.0048""","=""0.0014""","=""100""","=""""",,"=""0.0000""","=""103.279""","=""2s2.2p3""","=""4S*""","=""3/2""","=""2s2.2p2.(1D).3d""","=""2D""","=""5/2""",4,6,,"=""""","=""L7482""",
"=""12.1263""","=""0.0010""","=""12.1263""","=""0.0007""","=""10""","=""""",,"=""9.08396""","=""111.328?""","=""2s2.2p3""","=""2P*""","=""3/2""","=""2s2.2p2.(3P).4s""","=""2P""","=""3/2""",4,4,,"=""""","=""L7482""",
"=""""","=""""","=""12.2071""","=""0.0015""","=""""","=""8.74e+07""",E,"=""5.9938""","=""107.561?""","=""2s2.2p3""","=""2D*""","=""5/2""","=""2s2.2p2.(1S).3d""","=""2D""","=""3/2""",6,4,,"=""T7663c11""","=""""",
"=""""","=""""","=""12.2071""","=""0.0015""","=""""","=""7.91e+08""",D,"=""5.9938""","=""107.561?""","=""2s2.2p3""","=""2D*""","=""5/2""","=""2s2.2p2.(1S).3d""","=""2D""","=""5/2""",6,6,,"=""T7663c11""","=""""",
"=""""","=""""","=""12.2076""","=""0.0015""","=""""","=""1.87e+08""",E,"=""5.9982""","=""107.561?""","=""2s2.2p3""","=""2D*""","=""3/2""","=""2s2.2p2.(1S).3d""","=""2D""","=""5/2""",4,6,,"=""T7663c11""","=""""",
"=""""","=""""","=""12.2076""","=""0.0015""","=""""","=""6.18e+08""",E,"=""5.9982""","=""107.561?""","=""2s2.2p3""","=""2D*""","=""3/2""","=""2s2.2p2.(1S).3d""","=""2D""","=""3/2""",4,4,,"=""T7663c11""","=""""",
"=""12.5178""","=""0.0010""","=""12.5178""","=""0.0016""","=""400""","=""1.60e+11""",C+,"=""0.0000""","=""99.046""","=""2s2.2p3""","=""4S*""","=""3/2""","=""2s2.2p2.(3P).3d""","=""4P""","=""1/2""",4,2,,"=""T7663c11""","=""L7482""",
"=""12.5216""","=""0.0010""","=""12.5216""","=""0.0016""","=""400""","=""1.58e+11""",B,"=""0.0000""","=""99.016""","=""2s2.2p3""","=""4S*""","=""3/2""","=""2s2.2p2.(3P).3d""","=""4P""","=""3/2""",4,4,,"=""T7663c11""","=""L7482""",
"=""12.5286""","=""0.0010""","=""12.5287""","=""0.0016""","=""500""","=""1.18e+11""",B,"=""0.0000""","=""98.960""","=""2s2.2p3""","=""4S*""","=""3/2""","=""2s2.2p2.(3P).3d""","=""4P""","=""5/2""",4,6,,"=""T7663c11""","=""L7482""",
"=""""","=""""","=""12.5302""","=""0.0016""","=""""","=""3.82e+10""",C,"=""0.0000""","=""98.948""","=""2s2.2p3""","=""4S*""","=""3/2""","=""2s2.2p2.(3P).3d""","=""2F""","=""5/2""",4,6,,"=""T7663c11""","=""""",
"=""12.5428""","=""0.0010""","=""12.5428""","=""0.0016""","=""300""","=""""",,"=""0.0000""","=""98.849""","=""2s2.2p3""","=""4S*""","=""3/2""","=""2s2.2p2.(3P).3d""","=""4D""","=""1/2""",4,2,,"=""""","=""L7482""",
"=""12.5461""","=""0.0010""","=""12.5461""","=""0.0016""","=""300""","=""""",,"=""0.0000""","=""98.823""","=""2s2.2p3""","=""4S*""","=""3/2""","=""2s2.2p2.(3P).3d""","=""4D""","=""5/2""",4,6,,"=""""","=""L7482""",
"=""""","=""""","=""12.5896""","=""0.0016""","=""""","=""4.87e+10""",C,"=""9.07970""","=""107.561?""","=""2s2.2p3""","=""2P*""","=""1/2""","=""2s2.2p2.(1S).3d""","=""2D""","=""3/2""",2,4,,"=""T7663c11""","=""""",
"=""12.5899""","=""0.0010""","=""12.5901""","=""0.0016""","=""200""","=""5.53e+10""",C+,"=""9.08396""","=""107.561?""","=""2s2.2p3""","=""2P*""","=""3/2""","=""2s2.2p2.(1S).3d""","=""2D""","=""5/2""",4,6,,"=""T7663c11""","=""L7482""",
"=""""","=""""","=""12.5901""","=""0.0016""","=""""","=""9.56e+09""",D+,"=""9.08396""","=""107.561?""","=""2s2.2p3""","=""2P*""","=""3/2""","=""2s2.2p2.(1S).3d""","=""2D""","=""3/2""",4,4,,"=""T7663c11""","=""""",
"=""12.6090""","=""0.0010""","=""12.6091""","=""0.0006""","=""10""","=""5.42e+10""",D+,"=""26.7632""","=""125.093""","=""2s.2p4""","=""4P""","=""5/2""","=""2s.2p3.(3D*).3d""","=""4S*""","=""3/2""",6,4,,"=""u21,LS""","=""L7482""",
"=""""","=""""","=""12.6207""","=""0.0006""","=""""","=""2.88e+09""",E,"=""26.7632""","=""125.002""","=""2s.2p4""","=""4P""","=""5/2""","=""2s.2p3.(3D*).3d""","=""4D*""","=""3/2""",6,4,,"=""u21,LS""","=""""",
"=""""","=""""","=""12.6207""","=""0.0006""","=""""","=""1.73e+10""",D,"=""26.7632""","=""125.002""","=""2s.2p4""","=""4P""","=""5/2""","=""2s.2p3.(3D*).3d""","=""4D*""","=""5/2""",6,6,,"=""u21,LS""","=""""",
"=""12.6210""","=""0.0010""","=""12.6207""","=""0.0006""","=""100""","=""5.75e+10""",C,"=""26.7632""","=""125.002""","=""2s.2p4""","=""4P""","=""5/2""","=""2s.2p3.(3D*).3d""","=""4D*""","=""7/2""",6,8,,"=""u21,LS""","=""L7482""",
"=""""","=""""","=""12.6256""","=""0.0006""","=""""","=""3.59e+10""",D+,"=""26.8917""","=""125.093""","=""2s.2p4""","=""4P""","=""3/2""","=""2s.2p3.(3D*).3d""","=""4S*""","=""3/2""",4,4,,"=""u21,LS""","=""""",
"=""""","=""""","=""12.6342""","=""0.0006""","=""""","=""1.79e+10""",D,"=""26.9591""","=""125.093""","=""2s.2p4""","=""4P""","=""1/2""","=""2s.2p3.(3D*).3d""","=""4S*""","=""3/2""",2,4,,"=""u21,LS""","=""""",
"=""12.6368""","=""0.0010""","=""12.6372""","=""0.0006""","=""10""","=""4.01e+10""",D+,"=""26.8917""","=""125.002""","=""2s.2p4""","=""4P""","=""3/2""","=""2s.2p3.(3D*).3d""","=""4D*""","=""5/2""",4,6,,"=""u21,LS""","=""L7482""",
"=""""","=""""","=""12.6372""","=""0.0006""","=""""","=""9.52e+09""",E,"=""26.8917""","=""125.002""","=""2s.2p4""","=""4P""","=""3/2""","=""2s.2p3.(3D*).3d""","=""4D*""","=""1/2""",4,2,,"=""u21,LS""","=""""",
"=""""","=""""","=""12.6372""","=""0.0006""","=""""","=""3.06e+10""",D+,"=""26.8917""","=""125.002""","=""2s.2p4""","=""4P""","=""3/2""","=""2s.2p3.(3D*).3d""","=""4D*""","=""3/2""",4,4,,"=""u21,LS""","=""""",
"=""12.6458""","=""0.0010""","=""12.6459""","=""0.0006""","=""10""","=""2.38e+10""",D,"=""26.9591""","=""125.002""","=""2s.2p4""","=""4P""","=""1/2""","=""2s.2p3.(3D*).3d""","=""4D*""","=""3/2""",2,4,,"=""u21,LS""","=""L7482""",
"=""""","=""""","=""12.6459""","=""0.0006""","=""""","=""4.75e+10""",D,"=""26.9591""","=""125.002""","=""2s.2p4""","=""4P""","=""1/2""","=""2s.2p3.(3D*).3d""","=""4D*""","=""1/2""",2,2,,"=""u21,LS""","=""""",
"=""12.6557""","=""0.0010""","=""12.6557""","=""0.0016""","=""200""","=""2.71e+10""",C,"=""5.9938""","=""103.961""","=""2s2.2p3""","=""2D*""","=""5/2""","=""2s2.2p2.(1D).3d""","=""2P""","=""3/2""",6,4,,"=""T7663c11""","=""L7482""",
"=""""","=""""","=""12.6563""","=""0.0016""","=""""","=""2.43e+09""",D,"=""5.9982""","=""103.961""","=""2s2.2p3""","=""2D*""","=""3/2""","=""2s2.2p2.(1D).3d""","=""2P""","=""3/2""",4,4,,"=""T7663c11""","=""""",
"=""12.6608""","=""0.0010""","=""12.6609""","=""0.0016""","=""100""","=""3.42e+10""",C,"=""5.9982""","=""103.925""","=""2s2.2p3""","=""2D*""","=""3/2""","=""2s2.2p2.(1D).3d""","=""2P""","=""1/2""",4,2,,"=""T7663c11""","=""L7482""",
"=""12.6779""","=""0.0010""","=""12.6781""","=""0.0006""","=""10""","=""5.69e+10""",D+,"=""26.7632""","=""124.557""","=""2s.2p4""","=""4P""","=""5/2""","=""2s.2p3.(3D*).3d""","=""4P*""","=""3/2""",6,4,,"=""u21,LS""","=""L7482""",
"=""12.6814""","=""0.0010""","=""12.6817""","=""0.0006""","=""100""","=""8.83e+10""",C,"=""26.7632""","=""124.530""","=""2s.2p4""","=""4P""","=""5/2""","=""2s.2p3.(3D*).3d""","=""4P*""","=""5/2""",6,6,,"=""u21,LS""","=""L7482""",
"=""12.6920""","=""0.0010""","=""12.6921""","=""0.0010""","=""10""","=""1.05e+11""",D+,"=""26.8917""","=""124.578""","=""2s.2p4""","=""4P""","=""3/2""","=""2s.2p3.(3D*).3d""","=""4P*""","=""1/2""",4,2,,"=""u21,LS""","=""L7482""",
"=""""","=""""","=""12.6948""","=""0.0006""","=""""","=""1.68e+10""",D,"=""26.8917""","=""124.557""","=""2s.2p4""","=""4P""","=""3/2""","=""2s.2p3.(3D*).3d""","=""4P*""","=""3/2""",4,4,,"=""u21,LS""","=""""",
"=""12.6985""","=""0.0010""","=""12.6983""","=""0.0007""","=""10""","=""3.78e+10""",D+,"=""26.8917""","=""124.530""","=""2s.2p4""","=""4P""","=""3/2""","=""2s.2p3.(3D*).3d""","=""4P*""","=""5/2""",4,6,,"=""u21,LS""","=""L7482""",
"=""""","=""""","=""12.7008""","=""0.0010""","=""""","=""2.10e+10""",D,"=""26.9591""","=""124.578""","=""2s.2p4""","=""4P""","=""1/2""","=""2s.2p3.(3D*).3d""","=""4P*""","=""1/2""",2,2,,"=""u21,LS""","=""""",
"=""12.7036""","=""0.0010""","=""12.7036""","=""0.0007""","=""10""","=""5.23e+10""",D+,"=""26.9591""","=""124.557""","=""2s.2p4""","=""4P""","=""1/2""","=""2s.2p3.(3D*).3d""","=""4P*""","=""3/2""",2,4,,"=""u21,LS""","=""L7482""",
"=""12.7444""","=""0.0010""","=""12.7444""","=""0.0016""","=""400""","=""7.02e+10""",C+,"=""5.9938""","=""103.279""","=""2s2.2p3""","=""2D*""","=""5/2""","=""2s2.2p2.(1D).3d""","=""2D""","=""5/2""",6,6,,"=""T7663c11""","=""L7482""",
"=""""","=""""","=""12.7450""","=""0.0016""","=""""","=""6.35e+09""",D+,"=""5.9982""","=""103.279""","=""2s2.2p3""","=""2D*""","=""3/2""","=""2s2.2p2.(1D).3d""","=""2D""","=""5/2""",4,6,,"=""T7663c11""","=""""",
"=""""","=""""","=""12.7467""","=""0.0016""","=""""","=""8.89e+09""",D+,"=""5.9938""","=""103.261""","=""2s2.2p3""","=""2D*""","=""5/2""","=""2s2.2p2.(1D).3d""","=""2D""","=""3/2""",6,4,,"=""T7663c11""","=""""",
"=""12.7473""","=""0.0010""","=""12.7473""","=""0.0016""","=""400""","=""7.53e+10""",C+,"=""5.9982""","=""103.261""","=""2s2.2p3""","=""2D*""","=""3/2""","=""2s2.2p2.(1D).3d""","=""2D""","=""3/2""",4,4,,"=""T7663c11""","=""L7482""",
"=""""","=""""","=""12.8019""","=""0.0016""","=""""","=""1.36e+10""",C,"=""5.9938""","=""102.842""","=""2s2.2p3""","=""2D*""","=""5/2""","=""2s2.2p2.(1D).3d""","=""2F""","=""5/2""",6,6,,"=""T7663c11""","=""""",
"=""12.8025""","=""0.0010""","=""12.8024""","=""0.0016""","=""400""","=""1.25e+11""",B,"=""5.9982""","=""102.842""","=""2s2.2p3""","=""2D*""","=""3/2""","=""2s2.2p2.(1D).3d""","=""2F""","=""5/2""",4,6,,"=""T7663c11""","=""L7482""",
"=""12.8051""","=""0.0010""","=""12.8051""","=""0.0016""","=""400""","=""9.67e+10""",B,"=""5.9938""","=""102.818""","=""2s2.2p3""","=""2D*""","=""5/2""","=""2s2.2p2.(1D).3d""","=""2F""","=""7/2""",6,8,,"=""T7663c11""","=""L7482""",
"=""""","=""""","=""12.9936""","=""0.0017""","=""""","=""2.37e+10""",C,"=""9.07970""","=""104.499""","=""2s2.2p3""","=""2P*""","=""1/2""","=""2s2.2p2.(1D).3d""","=""2S""","=""1/2""",2,2,,"=""T7663c11""","=""""",
"=""12.9942""","=""0.0010""","=""12.9942""","=""0.0017""","=""100""","=""5.14e+10""",C,"=""9.08396""","=""104.499""","=""2s2.2p3""","=""2P*""","=""3/2""","=""2s2.2p2.(1D).3d""","=""2S""","=""1/2""",4,2,,"=""T7663c11""","=""L7482""",
"=""""","=""""","=""13.0673""","=""0.0017""","=""""","=""1.04e+10""",C,"=""9.07970""","=""103.961""","=""2s2.2p3""","=""2P*""","=""1/2""","=""2s2.2p2.(1D).3d""","=""2P""","=""3/2""",2,4,,"=""T7663c11""","=""""",
"=""13.0680""","=""0.0010""","=""13.0679""","=""0.0017""","=""200""","=""5.49e+10""",C+,"=""9.08396""","=""103.961""","=""2s2.2p3""","=""2P*""","=""3/2""","=""2s2.2p2.(1D).3d""","=""2P""","=""3/2""",4,4,,"=""T7663c11""","=""L7482""",
"=""13.0723""","=""0.0010""","=""13.0723""","=""0.0017""","=""100""","=""4.19e+10""",C,"=""9.07970""","=""103.925""","=""2s2.2p3""","=""2P*""","=""1/2""","=""2s2.2p2.(1D).3d""","=""2P""","=""1/2""",2,2,,"=""T7663c11""","=""L7482""",
"=""""","=""""","=""13.0729""","=""0.0017""","=""""","=""1.74e+10""",D+,"=""9.08396""","=""103.925""","=""2s2.2p3""","=""2P*""","=""3/2""","=""2s2.2p2.(1D).3d""","=""2P""","=""1/2""",4,2,,"=""T7663c11""","=""""",
"=""13.1345""","=""0.0010""","=""13.1344""","=""0.0017""","=""300""","=""3.57e+10""",,"=""5.9938""","=""100.390""","=""2s2.2p3""","=""2D*""","=""5/2""","=""2s2.2p2.(3P).3d""","=""2D""","=""5/2""",6,6,,"=""T7663""","=""L7482""",
"=""13.1413""","=""0.0010""","=""13.1415""","=""0.0017""","=""200""","=""2.94e+10""",,"=""5.9982""","=""100.344""","=""2s2.2p3""","=""2D*""","=""3/2""","=""2s2.2p2.(3P).3d""","=""2D""","=""3/2""",4,4,,"=""T7663""","=""L7482""",
"=""13.1635""","=""0.0010""","=""13.1625""","=""0.0017""","=""300*""","=""4.93e+10""",C+,"=""9.08396""","=""103.279""","=""2s2.2p3""","=""2P*""","=""3/2""","=""2s2.2p2.(1D).3d""","=""2D""","=""5/2""",4,6,,"=""T7663c11""","=""L7482""",
"=""13.1635""","=""0.0010""","=""13.1644""","=""0.0017""","=""300*""","=""3.67e+10""",C,"=""9.07970""","=""103.261""","=""2s2.2p3""","=""2P*""","=""1/2""","=""2s2.2p2.(1D).3d""","=""2D""","=""3/2""",2,4,,"=""T7663c11""","=""L7482""",
"=""""","=""""","=""13.1649""","=""0.0017""","=""""","=""5.20e+09""",D+,"=""9.08396""","=""103.261""","=""2s2.2p3""","=""2P*""","=""3/2""","=""2s2.2p2.(1D).3d""","=""2D""","=""3/2""",4,4,,"=""T7663c11""","=""""",
"=""13.3162""","=""0.0010""","=""13.3162""","=""0.0018""","=""500""","=""5.21e+10""",C+,"=""5.9938""","=""99.102""","=""2s2.2p3""","=""2D*""","=""5/2""","=""2s2.2p2.(3P).3d""","=""2F""","=""7/2""",6,8,,"=""T7663c11""","=""L7482""",
"=""""","=""""","=""13.3248""","=""0.0018""","=""""","=""9.76e+06""",E,"=""5.9982""","=""99.046""","=""2s2.2p3""","=""2D*""","=""3/2""","=""2s2.2p2.(3P).3d""","=""4P""","=""1/2""",4,2,,"=""T7663c11""","=""""",
"=""""","=""""","=""13.3284""","=""0.0018""","=""""","=""2.91e+07""",E,"=""5.9938""","=""99.016""","=""2s2.2p3""","=""2D*""","=""5/2""","=""2s2.2p2.(3P).3d""","=""4P""","=""3/2""",6,4,,"=""T7663c11""","=""""",
"=""""","=""""","=""13.3291""","=""0.0018""","=""""","=""2.48e+06""",E,"=""5.9982""","=""99.016""","=""2s2.2p3""","=""2D*""","=""3/2""","=""2s2.2p2.(3P).3d""","=""4P""","=""3/2""",4,4,,"=""T7663c11""","=""""",
"=""""","=""""","=""13.3364""","=""0.0018""","=""""","=""8.59e+08""",E,"=""5.9938""","=""98.960""","=""2s2.2p3""","=""2D*""","=""5/2""","=""2s2.2p2.(3P).3d""","=""4P""","=""5/2""",6,6,,"=""T7663c11""","=""""",
"=""""","=""""","=""13.3370""","=""0.0018""","=""""","=""1.14e+10""",D+,"=""5.9982""","=""98.960""","=""2s2.2p3""","=""2D*""","=""3/2""","=""2s2.2p2.(3P).3d""","=""4P""","=""5/2""",4,6,,"=""T7663c11""","=""""",
"=""""","=""""","=""13.3382""","=""0.0018""","=""""","=""2.44e+09""",D+,"=""5.9938""","=""98.948""","=""2s2.2p3""","=""2D*""","=""5/2""","=""2s2.2p2.(3P).3d""","=""2F""","=""5/2""",6,6,,"=""T7663c11""","=""""",
"=""13.3388""","=""0.0010""","=""13.3388""","=""0.0018""","=""400""","=""3.64e+10""",C+,"=""5.9982""","=""98.948""","=""2s2.2p3""","=""2D*""","=""3/2""","=""2s2.2p2.(3P).3d""","=""2F""","=""5/2""",4,6,,"=""T7663c11""","=""L7482""",
"=""""","=""""","=""13.3531""","=""0.0018""","=""""","=""5.37e+09""",D,"=""5.9982""","=""98.849""","=""2s2.2p3""","=""2D*""","=""3/2""","=""2s2.2p2.(3P).3d""","=""4D""","=""1/2""",4,2,,"=""T7663c11""","=""""",
"=""""","=""""","=""13.3562""","=""0.0018""","=""""","=""1.05e+09""",E,"=""5.9938""","=""98.823""","=""2s2.2p3""","=""2D*""","=""5/2""","=""2s2.2p2.(3P).3d""","=""4D""","=""3/2""",6,4,,"=""T7663c11""","=""""",
"=""""","=""""","=""13.3562""","=""0.0018""","=""""","=""2.75e+06""",E,"=""5.9938""","=""98.823""","=""2s2.2p3""","=""2D*""","=""5/2""","=""2s2.2p2.(3P).3d""","=""4D""","=""5/2""",6,6,,"=""T7663c11""","=""""",
"=""""","=""""","=""13.3568""","=""0.0018""","=""""","=""1.50e+08""",E,"=""5.9982""","=""98.823""","=""2s2.2p3""","=""2D*""","=""3/2""","=""2s2.2p2.(3P).3d""","=""4D""","=""5/2""",4,6,,"=""T7663c11""","=""""",
"=""""","=""""","=""13.3568""","=""0.0018""","=""""","=""4.77e+08""",E,"=""5.9982""","=""98.823""","=""2s2.2p3""","=""2D*""","=""3/2""","=""2s2.2p2.(3P).3d""","=""4D""","=""3/2""",4,4,,"=""T7663c11""","=""""",
"=""13.4183""","=""0.0010""","=""13.4183""","=""0.0018""","=""10""","=""5.35e+09""",D+,"=""5.9982""","=""98.398""","=""2s2.2p3""","=""2D*""","=""3/2""","=""2s2.2p2.(3P).3d""","=""2P""","=""1/2""",4,2,,"=""T7663c11""","=""L7482""",
"=""13.4272""","=""0.0010""","=""13.4268""","=""0.0018""","=""200""","=""9.69e+09""",C,"=""5.9938""","=""98.334""","=""2s2.2p3""","=""2D*""","=""5/2""","=""2s2.2p2.(3P).3d""","=""2P""","=""3/2""",6,4,,"=""T7663c11""","=""L7482""",
"=""""","=""""","=""13.4275""","=""0.0018""","=""""","=""2.68e+09""",D+,"=""5.9982""","=""98.334""","=""2s2.2p3""","=""2D*""","=""3/2""","=""2s2.2p2.(3P).3d""","=""2P""","=""3/2""",4,4,,"=""T7663c11""","=""""",
"=""13.5791""","=""0.0010""","=""13.5790""","=""0.0018""","=""300""","=""5.92e+10""",,"=""9.08396""","=""100.390""","=""2s2.2p3""","=""2P*""","=""3/2""","=""2s2.2p2.(3P).3d""","=""2D""","=""5/2""",4,6,,"=""T7663""","=""L7482""",
"=""13.5854""","=""0.0010""","=""13.5852""","=""0.0018""","=""300""","=""5.06e+10""",,"=""9.07970""","=""100.344""","=""2s2.2p3""","=""2P*""","=""1/2""","=""2s2.2p2.(3P).3d""","=""2D""","=""3/2""",2,4,,"=""T7663""","=""L7482""",
"=""""","=""""","=""13.8114""","=""0.0019""","=""""","=""1.55e+10""",D,"=""9.07970""","=""98.849""","=""2s2.2p3""","=""2P*""","=""1/2""","=""2s2.2p2.(3P).3d""","=""4D""","=""1/2""",2,2,,"=""T7663c11""","=""""",
"=""""","=""""","=""13.8121""","=""0.0019""","=""""","=""8.02e+09""",D,"=""9.08396""","=""98.849""","=""2s2.2p3""","=""2P*""","=""3/2""","=""2s2.2p2.(3P).3d""","=""4D""","=""1/2""",4,2,,"=""T7663c11""","=""""",
"=""""","=""""","=""13.8155""","=""0.0019""","=""""","=""1.01e+09""",E,"=""9.07970""","=""98.823""","=""2s2.2p3""","=""2P*""","=""1/2""","=""2s2.2p2.(3P).3d""","=""4D""","=""3/2""",2,4,,"=""T7663c11""","=""""",
"=""""","=""""","=""13.8161""","=""0.0019""","=""""","=""4.01e+09""",D,"=""9.08396""","=""98.823""","=""2s2.2p3""","=""2P*""","=""3/2""","=""2s2.2p2.(3P).3d""","=""4D""","=""3/2""",4,4,,"=""T7663c11""","=""""",
"=""""","=""""","=""13.8161""","=""0.0019""","=""""","=""2.75e+06""",E,"=""9.08396""","=""98.823""","=""2s2.2p3""","=""2P*""","=""3/2""","=""2s2.2p2.(3P).3d""","=""4D""","=""5/2""",4,6,,"=""T7663c11""","=""""",
"=""13.8812""","=""0.0010""","=""13.8812""","=""0.0019""","=""200""","=""1.69e+10""",C,"=""9.07970""","=""98.398""","=""2s2.2p3""","=""2P*""","=""1/2""","=""2s2.2p2.(3P).3d""","=""2P""","=""1/2""",2,2,,"=""T7663c11""","=""L7482""",
"=""""","=""""","=""13.8819""","=""0.0019""","=""""","=""8.71e+09""",D+,"=""9.08396""","=""98.398""","=""2s2.2p3""","=""2P*""","=""3/2""","=""2s2.2p2.(3P).3d""","=""2P""","=""1/2""",4,2,,"=""T7663c11""","=""""",
"=""""","=""""","=""13.8911""","=""0.0019""","=""""","=""7.45e+09""",D+,"=""9.07970""","=""98.334""","=""2s2.2p3""","=""2P*""","=""1/2""","=""2s2.2p2.(3P).3d""","=""2P""","=""3/2""",2,4,,"=""T7663c11""","=""""",
"=""13.8917""","=""0.0010""","=""13.8917""","=""0.0019""","=""300""","=""3.21e+10""",C,"=""9.08396""","=""98.334""","=""2s2.2p3""","=""2P*""","=""3/2""","=""2s2.2p2.(3P).3d""","=""2P""","=""3/2""",4,4,,"=""T7663c11""","=""L7482""",
"=""""","=""""","=""14.0165""","=""0.0010""","=""""","=""5.13e+09""",D,"=""36.9340""","=""125.390""","=""2s.2p4""","=""2D""","=""5/2""","=""2s.2p3.(3D*).3d""","=""2F*""","=""5/2""",6,6,,"=""u21,LS""","=""""",
"=""14.0171""","=""0.0010""","=""14.0172""","=""0.0010""","=""10""","=""7.17e+10""",C,"=""36.9385""","=""125.390""","=""2s.2p4""","=""2D""","=""3/2""","=""2s.2p3.(3D*).3d""","=""2F*""","=""5/2""",4,6,,"=""u21,LS""","=""L7482""",
"=""14.0258""","=""0.0010""","=""14.0259""","=""0.0006""","=""10""","=""7.65e+10""",C,"=""36.9340""","=""125.331""","=""2s.2p4""","=""2D""","=""5/2""","=""2s.2p3.(3D*).3d""","=""2F*""","=""7/2""",6,8,,"=""u21,LS""","=""L7482""",
"=""""","=""""","=""14.2205""","=""0.0010""","=""""","=""5.49e+09""",D,"=""26.7632""","=""113.950""","=""2s.2p4""","=""4P""","=""5/2""","=""2s.2p3.(3P*).3s""","=""4P*""","=""3/2""",6,4,,"=""u21,LS""","=""""",
"=""""","=""""","=""14.2205""","=""0.0010""","=""""","=""8.58e+09""",D,"=""26.7632""","=""113.950""","=""2s.2p4""","=""4P""","=""5/2""","=""2s.2p3.(3P*).3s""","=""4P*""","=""5/2""",6,6,,"=""u21,LS""","=""""",
"=""14.2232""","=""0.0010""","=""""","=""""","=""200""","=""""",,"=""""","=""""","=""""","=""""","=""""","=""""","=""""","=""""",1,1,,"=""""","=""L7482""",
"=""""","=""""","=""14.2415""","=""0.0010""","=""""","=""3.66e+09""",D,"=""26.8917""","=""113.950""","=""2s.2p4""","=""4P""","=""3/2""","=""2s.2p3.(3P*).3s""","=""4P*""","=""5/2""",4,6,,"=""u21,LS""","=""""",
"=""""","=""""","=""14.2415""","=""0.0010""","=""""","=""1.62e+09""",E,"=""26.8917""","=""113.950""","=""2s.2p4""","=""4P""","=""3/2""","=""2s.2p3.(3P*).3s""","=""4P*""","=""3/2""",4,4,,"=""u21,LS""","=""""",
"=""14.2415""","=""0.0010""","=""14.2415""","=""0.0010""","=""10""","=""1.01e+10""",E,"=""26.8917""","=""113.950""","=""2s.2p4""","=""4P""","=""3/2""","=""2s.2p3.(3P*).3s""","=""4P*""","=""1/2""",4,2,,"=""u21,LS""","=""L7482""",
"=""""","=""""","=""14.2525""","=""0.0010""","=""""","=""5.07e+09""",E,"=""26.9591""","=""113.950""","=""2s.2p4""","=""4P""","=""1/2""","=""2s.2p3.(3P*).3s""","=""4P*""","=""3/2""",2,4,,"=""u21,LS""","=""""",
"=""""","=""""","=""14.2525""","=""0.0010""","=""""","=""2.03e+09""",E,"=""26.9591""","=""113.950""","=""2s.2p4""","=""4P""","=""1/2""","=""2s.2p3.(3P*).3s""","=""4P*""","=""1/2""",2,2,,"=""u21,LS""","=""""",
"=""14.4330""","=""0.0010""","=""14.4331""","=""0.0005""","=""200""","=""5.79e+10""",C,"=""26.7632""","=""112.666""","=""2s.2p4""","=""4P""","=""5/2""","=""2s.2p3.(5S*).3d""","=""4D*""","=""7/2""",6,8,,"=""u21,LS""","=""L7482""",
"=""""","=""""","=""14.4331""","=""0.0005""","=""""","=""2.90e+09""",E,"=""26.7632""","=""112.666""","=""2s.2p4""","=""4P""","=""5/2""","=""2s.2p3.(5S*).3d""","=""4D*""","=""3/2""",6,4,,"=""u21,LS""","=""""",
"=""""","=""""","=""14.4331""","=""0.0005""","=""""","=""1.74e+10""",D+,"=""26.7632""","=""112.666""","=""2s.2p4""","=""4P""","=""5/2""","=""2s.2p3.(5S*).3d""","=""4D*""","=""5/2""",6,6,,"=""u21,LS""","=""""",
"=""14.4546""","=""0.0010""","=""14.4548""","=""0.0005""","=""200""","=""4.04e+10""",C,"=""26.8917""","=""112.666""","=""2s.2p4""","=""4P""","=""3/2""","=""2s.2p3.(5S*).3d""","=""4D*""","=""5/2""",4,6,,"=""u21,LS""","=""L7482""",
"=""""","=""""","=""14.4548""","=""0.0005""","=""""","=""9.64e+09""",E,"=""26.8917""","=""112.666""","=""2s.2p4""","=""4P""","=""3/2""","=""2s.2p3.(5S*).3d""","=""4D*""","=""1/2""",4,2,,"=""u21,LS""","=""""",
"=""""","=""""","=""14.4548""","=""0.0005""","=""""","=""3.08e+10""",D+,"=""26.8917""","=""112.666""","=""2s.2p4""","=""4P""","=""3/2""","=""2s.2p3.(5S*).3d""","=""4D*""","=""3/2""",4,4,,"=""u21,LS""","=""""",
"=""""","=""""","=""14.4661""","=""0.0005""","=""""","=""4.81e+10""",D+,"=""26.9591""","=""112.666""","=""2s.2p4""","=""4P""","=""1/2""","=""2s.2p3.(5S*).3d""","=""4D*""","=""1/2""",2,2,,"=""u21,LS""","=""""",
"=""14.4661""","=""0.0010""","=""14.4661""","=""0.0005""","=""100""","=""2.41e+10""",D+,"=""26.9591""","=""112.666""","=""2s.2p4""","=""4P""","=""1/2""","=""2s.2p3.(5S*).3d""","=""4D*""","=""3/2""",2,4,,"=""u21,LS""","=""L7482""",
"=""""","=""""","=""14.7888""","=""0.0011""","=""""","=""7.83e+09""",B+,"=""9.07970""","=""92.916""","=""2s2.2p3""","=""2P*""","=""1/2""","=""2s2.2p2.(1S).3s""","=""2S""","=""1/2""",2,2,,"=""T7663c11""","=""""",
"=""14.7897""","=""0.0010""","=""14.7896""","=""0.0011""","=""200""","=""1.48e+10""",B+,"=""9.08396""","=""92.916""","=""2s2.2p3""","=""2P*""","=""3/2""","=""2s2.2p2.(1S).3s""","=""2S""","=""1/2""",4,2,,"=""T7663c11""","=""L7482""",
"=""14.8642""","=""0.0010""","=""14.8642""","=""0.0009""","=""400""","=""1.30e+10""",B+,"=""0.0000""","=""83.411""","=""2s2.2p3""","=""4S*""","=""3/2""","=""2s2.2p2.(3P).3s""","=""4P""","=""5/2""",4,6,,"=""T7663c11""","=""L7482""",
"=""14.8856""","=""0.0010""","=""14.8856""","=""0.0011""","=""300""","=""1.29e+10""",B+,"=""0.0000""","=""83.291""","=""2s2.2p3""","=""4S*""","=""3/2""","=""2s2.2p2.(3P).3s""","=""4P""","=""3/2""",4,4,,"=""T7663c11""","=""L7482""",
"=""14.9001""","=""0.0010""","=""14.9001""","=""0.0011""","=""200""","=""1.28e+10""",B+,"=""0.0000""","=""83.210""","=""2s2.2p3""","=""4S*""","=""3/2""","=""2s2.2p2.(3P).3s""","=""4P""","=""1/2""",4,2,,"=""T7663c11""","=""L7482""",
"=""""","=""""","=""15.0953""","=""0.0007""","=""""","=""8.34e+08""",E,"=""26.7632""","=""108.898""","=""2s.2p4""","=""4P""","=""5/2""","=""2s.2p3.(3D*).3s""","=""4D*""","=""3/2""",6,4,,"=""u21,LS""","=""""",
"=""""","=""""","=""15.0953""","=""0.0007""","=""""","=""5.01e+09""",D,"=""26.7632""","=""108.898""","=""2s.2p4""","=""4P""","=""5/2""","=""2s.2p3.(3D*).3s""","=""4D*""","=""5/2""",6,6,,"=""u21,LS""","=""""",
"=""15.0968""","=""0.0010""","=""15.0953""","=""0.0007""","=""200""","=""1.67e+10""",D+,"=""26.7632""","=""108.898""","=""2s.2p4""","=""4P""","=""5/2""","=""2s.2p3.(3D*).3s""","=""4D*""","=""7/2""",6,8,,"=""u21,LS""","=""L7482""",
"=""""","=""""","=""15.1124""","=""0.0009""","=""""","=""1.36e+09""",B,"=""5.9938""","=""88.035""","=""2s2.2p3""","=""2D*""","=""5/2""","=""2s2.2p2.(1D).3s""","=""2D""","=""3/2""",6,4,,"=""T7663c11""","=""""",
"=""15.1127""","=""0.0010""","=""15.1124""","=""0.0009""","=""400*""","=""1.62e+10""",B+,"=""5.9938""","=""88.035""","=""2s2.2p3""","=""2D*""","=""5/2""","=""2s2.2p2.(1D).3s""","=""2D""","=""5/2""",6,6,,"=""T7663c11""","=""L7482""",
"=""15.1127""","=""0.0010""","=""15.1133""","=""0.0009""","=""400*""","=""1.54e+10""",B+,"=""5.9982""","=""88.035""","=""2s2.2p3""","=""2D*""","=""3/2""","=""2s2.2p2.(1D).3s""","=""2D""","=""3/2""",4,4,,"=""T7663c11""","=""L7482""",
"=""""","=""""","=""15.1133""","=""0.0009""","=""""","=""1.43e+09""",B,"=""5.9982""","=""88.035""","=""2s2.2p3""","=""2D*""","=""3/2""","=""2s2.2p2.(1D).3s""","=""2D""","=""5/2""",4,6,,"=""T7663c11""","=""""",
"=""15.1188""","=""0.0010""","=""15.1189""","=""0.0007""","=""100""","=""1.16e+10""",D+,"=""26.8917""","=""108.898""","=""2s.2p4""","=""4P""","=""3/2""","=""2s.2p3.(3D*).3s""","=""4D*""","=""5/2""",4,6,,"=""u21,LS""","=""L7482""",
"=""""","=""""","=""15.1189""","=""0.0007""","=""""","=""2.77e+09""",E,"=""26.8917""","=""108.898""","=""2s.2p4""","=""4P""","=""3/2""","=""2s.2p3.(3D*).3s""","=""4D*""","=""1/2""",4,2,,"=""u21,LS""","=""""",
"=""""","=""""","=""15.1189""","=""0.0007""","=""""","=""8.84e+09""",D,"=""26.8917""","=""108.898""","=""2s.2p4""","=""4P""","=""3/2""","=""2s.2p3.(3D*).3s""","=""4D*""","=""3/2""",4,4,,"=""u21,LS""","=""""",
"=""15.1303""","=""0.0010""","=""15.1313""","=""0.0007""","=""100""","=""6.90e+09""",D,"=""26.9591""","=""108.898""","=""2s.2p4""","=""4P""","=""1/2""","=""2s.2p3.(3D*).3s""","=""4D*""","=""3/2""",2,4,,"=""u21,LS""","=""L7482""",
"=""""","=""""","=""15.1313""","=""0.0007""","=""""","=""1.38e+10""",D,"=""26.9591""","=""108.898""","=""2s.2p4""","=""4P""","=""1/2""","=""2s.2p3.(3D*).3s""","=""4D*""","=""1/2""",2,2,,"=""u21,LS""","=""""",
"=""15.7036""","=""0.0010""","=""15.7031""","=""0.0010""","=""200*""","=""4.82e+09""",B+,"=""9.07970""","=""88.035""","=""2s2.2p3""","=""2P*""","=""1/2""","=""2s2.2p2.(1D).3s""","=""2D""","=""3/2""",2,4,,"=""T7663c11""","=""L7482""",
"=""15.7036""","=""0.0010""","=""15.7039""","=""0.0010""","=""200*""","=""5.79e+09""",B+,"=""9.08396""","=""88.035""","=""2s2.2p3""","=""2P*""","=""3/2""","=""2s2.2p2.(1D).3s""","=""2D""","=""5/2""",4,6,,"=""T7663c11""","=""L7482""",
"=""""","=""""","=""15.7039""","=""0.0010""","=""""","=""1.76e+09""",B,"=""9.08396""","=""88.035""","=""2s2.2p3""","=""2P*""","=""3/2""","=""2s2.2p2.(1D).3s""","=""2D""","=""3/2""",4,4,,"=""T7663c11""","=""""",
"=""15.7209""","=""0.0010""","=""15.7206""","=""0.0010""","=""300""","=""1.90e+10""",B+,"=""5.9938""","=""84.861""","=""2s2.2p3""","=""2D*""","=""5/2""","=""2s2.2p2.(3P).3s""","=""2P""","=""3/2""",6,4,,"=""T7663c11""","=""L7482""",
"=""""","=""""","=""15.7215""","=""0.0010""","=""""","=""1.26e+09""",B,"=""5.9982""","=""84.861""","=""2s2.2p3""","=""2D*""","=""3/2""","=""2s2.2p2.(3P).3s""","=""2P""","=""3/2""",4,4,,"=""T7663c11""","=""""",
"=""15.7511""","=""0.0010""","=""15.7512""","=""0.0010""","=""200""","=""2.18e+10""",B+,"=""5.9982""","=""84.712""","=""2s2.2p3""","=""2D*""","=""3/2""","=""2s2.2p2.(3P).3s""","=""2P""","=""1/2""",4,2,,"=""T7663c11""","=""L7482""",
"=""""","=""""","=""16.3608""","=""0.0011""","=""""","=""2.95e+09""",B+,"=""9.07970""","=""84.861""","=""2s2.2p3""","=""2P*""","=""1/2""","=""2s2.2p2.(3P).3s""","=""2P""","=""3/2""",2,4,,"=""T7663c11""","=""""",
"=""16.3616""","=""0.0010""","=""16.3617""","=""0.0011""","=""300""","=""1.38e+10""",B+,"=""9.08396""","=""84.861""","=""2s2.2p3""","=""2P*""","=""3/2""","=""2s2.2p2.(3P).3s""","=""2P""","=""3/2""",4,4,,"=""T7663c11""","=""L7482""",
"=""16.3662""","=""0.0010""","=""16.3715""","=""0.0007""","=""5""","=""""",,"=""36.9340""","=""112.666""","=""2s.2p4""","=""2D""","=""5/2""","=""2s.2p3.(5S*).3d""","=""4D*""","=""7/2""",6,8,,"=""""","=""L2109""",
"=""16.3930""","=""0.0010""","=""16.3930""","=""0.0011""","=""200""","=""1.06e+10""",B+,"=""9.07970""","=""84.712""","=""2s2.2p3""","=""2P*""","=""1/2""","=""2s2.2p2.(3P).3s""","=""2P""","=""1/2""",2,2,,"=""T7663c11""","=""L7482""",
"=""""","=""""","=""16.3939""","=""0.0011""","=""""","=""4.60e+09""",B+,"=""9.08396""","=""84.712""","=""2s2.2p3""","=""2P*""","=""3/2""","=""2s2.2p2.(3P).3s""","=""2P""","=""1/2""",4,2,,"=""T7663c11""","=""""",
"=""16.7510""","=""0.0010""","=""16.7511""","=""0.0009""","=""100""","=""2.00e+10""",D+,"=""36.9340""","=""110.950""","=""2s.2p4""","=""2D""","=""5/2""","=""2s.2p3.(3D*).3s""","=""2D*""","=""5/2""",6,6,,"=""u21,LS""","=""L7482""",
"=""""","=""""","=""16.7511""","=""0.0009""","=""""","=""2.14e+09""",E,"=""36.9340""","=""110.950""","=""2s.2p4""","=""2D""","=""5/2""","=""2s.2p3.(3D*).3s""","=""2D*""","=""3/2""",6,4,,"=""u21,LS""","=""""",
"=""""","=""""","=""16.7521""","=""0.0009""","=""""","=""1.43e+09""",E,"=""36.9385""","=""110.950""","=""2s.2p4""","=""2D""","=""3/2""","=""2s.2p3.(3D*).3s""","=""2D*""","=""5/2""",4,6,,"=""u21,LS""","=""""",
"=""""","=""""","=""16.7521""","=""0.0009""","=""""","=""1.93e+10""",D+,"=""36.9385""","=""110.950""","=""2s.2p4""","=""2D""","=""3/2""","=""2s.2p3.(3D*).3s""","=""2D*""","=""3/2""",4,4,,"=""u21,LS""","=""""",
"=""17.0631""","=""0.0010""","=""17.0622""","=""0.0006""","=""100""","=""1.41e+10""",C,"=""26.7632""","=""99.4291""","=""2s.2p4""","=""4P""","=""5/2""","=""2s.2p3.(5S*).3s""","=""4S*""","=""3/2""",6,4,,"=""T7663c11""","=""L7482""",
"=""17.0923""","=""0.0010""","=""17.0924""","=""0.0006""","=""100""","=""9.28e+09""",C,"=""26.8917""","=""99.4291""","=""2s.2p4""","=""4P""","=""3/2""","=""2s.2p3.(5S*).3s""","=""4S*""","=""3/2""",4,4,,"=""T7663c11""","=""L7482""",
"=""17.1076""","=""0.0010""","=""17.1083""","=""0.0006""","=""100""","=""4.62e+09""",C,"=""26.9591""","=""99.4291""","=""2s.2p4""","=""4P""","=""1/2""","=""2s.2p3.(5S*).3s""","=""4S*""","=""3/2""",2,4,,"=""T7663c11""","=""L7482""",
"=""18.3806""","=""0.0010""","=""18.3786""","=""0.0011""","=""30""","=""""",,"=""43.4887""","=""110.950""","=""2s.2p4""","=""2S""","=""1/2""","=""2s.2p3.(3D*).3s""","=""2D*""","=""3/2""",2,4,,"=""""","=""L2109""",
"=""""","=""""","=""21.8868""","=""0.0019""","=""""","=""8.68e-01""",E,"=""26.7632""","=""83.411""","=""2s.2p4""","=""4P""","=""5/2""","=""2s2.2p2.(3P).3s""","=""4P""","=""5/2""",6,6,M1,"=""T7663c11""","=""""",
"=""""","=""""","=""21.8868""","=""0.0019""","=""""","=""2.65e+03""",E,"=""26.7632""","=""83.411""","=""2s.2p4""","=""4P""","=""5/2""","=""2s2.2p2.(3P).3s""","=""4P""","=""5/2""",6,6,E2,"=""T7663c11""","=""""",
"=""""","=""""","=""21.9332""","=""0.0024""","=""""","=""2.74e-02""",E,"=""26.7632""","=""83.291""","=""2s.2p4""","=""4P""","=""5/2""","=""2s2.2p2.(3P).3s""","=""4P""","=""3/2""",6,4,M1,"=""T7663c11""","=""""",
"=""""","=""""","=""21.9332""","=""0.0024""","=""""","=""5.90e+03""",D,"=""26.7632""","=""83.291""","=""2s.2p4""","=""4P""","=""5/2""","=""2s2.2p2.(3P).3s""","=""4P""","=""3/2""",6,4,E2,"=""T7663c11""","=""""",
"=""""","=""""","=""21.9365""","=""0.0019""","=""""","=""3.14e-02""",E,"=""26.8917""","=""83.411""","=""2s.2p4""","=""4P""","=""3/2""","=""2s2.2p2.(3P).3s""","=""4P""","=""5/2""",4,6,M1,"=""T7663c11""","=""""",
"=""""","=""""","=""21.9365""","=""0.0019""","=""""","=""3.93e+03""",D,"=""26.8917""","=""83.411""","=""2s.2p4""","=""4P""","=""3/2""","=""2s2.2p2.(3P).3s""","=""4P""","=""5/2""",4,6,E2,"=""T7663c11""","=""""",
"=""""","=""""","=""21.9627""","=""0.0019""","=""""","=""2.79e+03""",D,"=""26.9591""","=""83.411""","=""2s.2p4""","=""4P""","=""1/2""","=""2s2.2p2.(3P).3s""","=""4P""","=""5/2""",2,6,E2,"=""T7663c11""","=""""",
"=""""","=""""","=""21.9647""","=""0.0024""","=""""","=""8.37e+03""",D,"=""26.7632""","=""83.210""","=""2s.2p4""","=""4P""","=""5/2""","=""2s2.2p2.(3P).3s""","=""4P""","=""1/2""",6,2,E2,"=""T7663c11""","=""""",
"=""""","=""""","=""21.9831""","=""0.0024""","=""""","=""4.68e-01""",E,"=""26.8917""","=""83.291""","=""2s.2p4""","=""4P""","=""3/2""","=""2s2.2p2.(3P).3s""","=""4P""","=""3/2""",4,4,M1,"=""T7663c11""","=""""",
"=""""","=""""","=""21.9831""","=""0.0024""","=""""","=""2.96e+03""",E,"=""26.8917""","=""83.291""","=""2s.2p4""","=""4P""","=""3/2""","=""2s2.2p2.(3P).3s""","=""4P""","=""3/2""",4,4,E2,"=""T7663c11""","=""""",
"=""""","=""""","=""22.0095""","=""0.0024""","=""""","=""4.44e-02""",E,"=""26.9591""","=""83.291""","=""2s.2p4""","=""4P""","=""1/2""","=""2s2.2p2.(3P).3s""","=""4P""","=""3/2""",2,4,M1,"=""T7663c11""","=""""",
"=""""","=""""","=""22.0095""","=""0.0024""","=""""","=""4.61e+02""",E,"=""26.9591""","=""83.291""","=""2s.2p4""","=""4P""","=""1/2""","=""2s2.2p2.(3P).3s""","=""4P""","=""3/2""",2,4,E2,"=""T7663c11""","=""""",
"=""""","=""""","=""22.0148""","=""0.0024""","=""""","=""5.40e-02""",E,"=""26.8917""","=""83.210""","=""2s.2p4""","=""4P""","=""3/2""","=""2s2.2p2.(3P).3s""","=""4P""","=""1/2""",4,2,M1,"=""T7663c11""","=""""",
"=""""","=""""","=""22.0148""","=""0.0024""","=""""","=""9.21e+02""",E,"=""26.8917""","=""83.210""","=""2s.2p4""","=""4P""","=""3/2""","=""2s2.2p2.(3P).3s""","=""4P""","=""1/2""",4,2,E2,"=""T7663c11""","=""""",
"=""""","=""""","=""22.0412""","=""0.0024""","=""""","=""2.31e-01""",E,"=""26.9591""","=""83.210""","=""2s.2p4""","=""4P""","=""1/2""","=""2s2.2p2.(3P).3s""","=""4P""","=""1/2""",2,2,M1,"=""T7663c11""","=""""",
"=""""","=""""","=""22.147""","=""0.003""","=""""","=""7.85e+03""",D,"=""36.9340""","=""92.916""","=""2s.2p4""","=""2D""","=""5/2""","=""2s2.2p2.(1S).3s""","=""2S""","=""1/2""",6,2,E2,"=""T7663c11""","=""""",
"=""""","=""""","=""22.149""","=""0.003""","=""""","=""6.50e-06""",E,"=""36.9385""","=""92.916""","=""2s.2p4""","=""2D""","=""3/2""","=""2s2.2p2.(1S).3s""","=""2S""","=""1/2""",4,2,M1,"=""T7663c11""","=""""",
"=""""","=""""","=""22.149""","=""0.003""","=""""","=""5.20e+03""",E,"=""36.9385""","=""92.916""","=""2s.2p4""","=""2D""","=""3/2""","=""2s2.2p2.(1S).3s""","=""2S""","=""1/2""",4,2,E2,"=""T7663c11""","=""""",
"=""""","=""""","=""24.2626""","=""0.0024""","=""""","=""1.57e+00""",E,"=""36.9340""","=""88.035""","=""2s.2p4""","=""2D""","=""5/2""","=""2s2.2p2.(1D).3s""","=""2D""","=""5/2""",6,6,M1,"=""T7663c11""","=""""",
"=""""","=""""","=""24.2626""","=""0.0024""","=""""","=""6.29e+03""",D+,"=""36.9340""","=""88.035""","=""2s.2p4""","=""2D""","=""5/2""","=""2s2.2p2.(1D).3s""","=""2D""","=""5/2""",6,6,E2,"=""T7663c11""","=""""",
"=""""","=""""","=""24.2626""","=""0.0024""","=""""","=""6.98e-02""",E,"=""36.9340""","=""88.035""","=""2s.2p4""","=""2D""","=""5/2""","=""2s2.2p2.(1D).3s""","=""2D""","=""3/2""",6,4,M1,"=""T7663c11""","=""""",
"=""""","=""""","=""24.2626""","=""0.0024""","=""""","=""2.35e+03""",E,"=""36.9340""","=""88.035""","=""2s.2p4""","=""2D""","=""5/2""","=""2s2.2p2.(1D).3s""","=""2D""","=""3/2""",6,4,E2,"=""T7663c11""","=""""",
"=""""","=""""","=""24.2647""","=""0.0024""","=""""","=""5.52e+03""",D,"=""36.9385""","=""88.035""","=""2s.2p4""","=""2D""","=""3/2""","=""2s2.2p2.(1D).3s""","=""2D""","=""3/2""",4,4,E2,"=""T7663c11""","=""""",
"=""""","=""""","=""24.2647""","=""0.0024""","=""""","=""3.06e-01""",E,"=""36.9385""","=""88.035""","=""2s.2p4""","=""2D""","=""3/2""","=""2s2.2p2.(1D).3s""","=""2D""","=""3/2""",4,4,M1,"=""T7663c11""","=""""",
"=""""","=""""","=""24.2647""","=""0.0024""","=""""","=""1.56e+03""",E,"=""36.9385""","=""88.035""","=""2s.2p4""","=""2D""","=""3/2""","=""2s2.2p2.(1D).3s""","=""2D""","=""5/2""",4,6,E2,"=""T7663c11""","=""""",
"=""""","=""""","=""24.2647""","=""0.0024""","=""""","=""5.20e-02""",E,"=""36.9385""","=""88.035""","=""2s.2p4""","=""2D""","=""3/2""","=""2s2.2p2.(1D).3s""","=""2D""","=""5/2""",4,6,M1,"=""T7663c11""","=""""",
"=""""","=""""","=""26.7419""","=""0.0007""","=""""","=""5.46e+05""",C,"=""0.0000""","=""46.3633""","=""2s2.2p3""","=""4S*""","=""3/2""","=""2s.2p4""","=""2P""","=""1/2""",4,2,,"=""T6791""","=""""",
"=""""","=""""","=""26.8281""","=""0.0007""","=""""","=""1.80e+06""",C,"=""0.0000""","=""46.2144""","=""2s2.2p3""","=""4S*""","=""3/2""","=""2s.2p4""","=""2P""","=""3/2""",4,4,,"=""T6791""","=""""",
"=""""","=""""","=""28.3211""","=""0.0013""","=""""","=""8.90e+04""",E,"=""26.8917""","=""70.6698""","=""2s.2p4""","=""4P""","=""3/2""","=""2p5""","=""2P*""","=""1/2""",4,2,,"=""T6791""","=""""",
"=""""","=""""","=""28.3648""","=""0.0013""","=""""","=""3.83e+05""",D,"=""26.9591""","=""70.6698""","=""2s.2p4""","=""4P""","=""1/2""","=""2p5""","=""2P*""","=""1/2""",2,2,,"=""T6791""","=""""",
"=""""","=""""","=""28.3687""","=""0.0013""","=""""","=""1.45e+06""",D+,"=""26.7632""","=""70.4678""","=""2s.2p4""","=""4P""","=""5/2""","=""2p5""","=""2P*""","=""3/2""",6,4,,"=""T6791""","=""""",
"=""""","=""""","=""28.4523""","=""0.0013""","=""""","=""3.48e+05""",D,"=""26.8917""","=""70.4678""","=""2s.2p4""","=""4P""","=""3/2""","=""2p5""","=""2P*""","=""3/2""",4,4,,"=""T6791""","=""""",
"=""""","=""""","=""28.4964""","=""0.0013""","=""""","=""8.83e+04""",D,"=""26.9591""","=""70.4678""","=""2s.2p4""","=""4P""","=""1/2""","=""2p5""","=""2P*""","=""3/2""",2,4,,"=""T6791""","=""""",
"=""""","=""""","=""28.5095""","=""0.0008""","=""""","=""1.01e+06""",C,"=""0.0000""","=""43.4887""","=""2s2.2p3""","=""4S*""","=""3/2""","=""2s.2p4""","=""2S""","=""1/2""",4,2,,"=""T6791""","=""""",
"=""""","=""""","=""29.603""","=""0.006""","=""""","=""3.20e+08""",E,"=""83.210""","=""125.093""","=""2s2.2p2.(3P).3s""","=""4P""","=""1/2""","=""2s.2p3.(3D*).3d""","=""4S*""","=""3/2""",2,4,,"=""u21,LS""","=""""",
"=""""","=""""","=""29.660""","=""0.006""","=""""","=""6.37e+08""",D,"=""83.291""","=""125.093""","=""2s2.2p2.(3P).3s""","=""4P""","=""3/2""","=""2s.2p3.(3D*).3d""","=""4S*""","=""3/2""",4,4,,"=""u21,LS""","=""""",
"=""29.7482""","=""0.0010""","=""29.746""","=""0.005""","=""30""","=""9.48e+08""",D,"=""83.411""","=""125.093""","=""2s2.2p2.(3P).3s""","=""4P""","=""5/2""","=""2s.2p3.(3D*).3d""","=""4S*""","=""3/2""",6,4,,"=""u21,LS""","=""L2109""",
"=""30.7152""","=""0.0010""","=""30.7157""","=""0.0011""","=""800""","=""2.10e+10""",A,"=""5.9982""","=""46.3633""","=""2s2.2p3""","=""2D*""","=""3/2""","=""2s.2p4""","=""2P""","=""1/2""",4,2,,"=""T7663c11,T6791""","=""L7482""",
"=""30.8264""","=""0.0010""","=""30.8260""","=""0.0011""","=""1000""","=""1.96e+10""",A,"=""5.9938""","=""46.2144""","=""2s2.2p3""","=""2D*""","=""5/2""","=""2s.2p4""","=""2P""","=""3/2""",6,4,,"=""T7663c11,T6791""","=""L7482""",
"=""""","=""""","=""30.8295""","=""0.0011""","=""""","=""2.46e+09""",B+,"=""5.9982""","=""46.2144""","=""2s2.2p3""","=""2D*""","=""3/2""","=""2s.2p4""","=""2P""","=""3/2""",4,4,,"=""T7663c11,T6791""","=""""",
"=""""","=""""","=""32.082""","=""0.004""","=""""","=""3.87e+00""",E,"=""46.2144""","=""84.861""","=""2s.2p4""","=""2P""","=""3/2""","=""2s2.2p2.(3P).3s""","=""2P""","=""3/2""",4,4,M1,"=""T7663c11""","=""""",
"=""""","=""""","=""32.082""","=""0.004""","=""""","=""9.55e+02""",D,"=""46.2144""","=""84.861""","=""2s.2p4""","=""2P""","=""3/2""","=""2s2.2p2.(3P).3s""","=""2P""","=""3/2""",4,4,E2,"=""T7663c11""","=""""",
"=""""","=""""","=""32.205""","=""0.004""","=""""","=""5.17e-01""",E,"=""46.2144""","=""84.712""","=""2s.2p4""","=""2P""","=""3/2""","=""2s2.2p2.(3P).3s""","=""2P""","=""1/2""",4,2,M1,"=""T7663c11""","=""""",
"=""""","=""""","=""32.205""","=""0.004""","=""""","=""1.88e+03""",D,"=""46.2144""","=""84.712""","=""2s.2p4""","=""2P""","=""3/2""","=""2s2.2p2.(3P).3s""","=""2P""","=""1/2""",4,2,E2,"=""T7663c11""","=""""",
"=""""","=""""","=""32.206""","=""0.004""","=""""","=""1.44e-01""",E,"=""46.3633""","=""84.861""","=""2s.2p4""","=""2P""","=""1/2""","=""2s2.2p2.(3P).3s""","=""2P""","=""3/2""",2,4,M1,"=""T7663c11""","=""""",
"=""""","=""""","=""32.206""","=""0.004""","=""""","=""9.32e+02""",D,"=""46.3633""","=""84.861""","=""2s.2p4""","=""2P""","=""1/2""","=""2s2.2p2.(3P).3s""","=""2P""","=""3/2""",2,4,E2,"=""T7663c11""","=""""",
"=""""","=""""","=""32.331""","=""0.004""","=""""","=""1.96e-01""",E,"=""46.3633""","=""84.712""","=""2s.2p4""","=""2P""","=""1/2""","=""2s2.2p2.(3P).3s""","=""2P""","=""1/2""",2,2,M1,"=""T7663c11""","=""""",
"=""33.0718""","=""0.0010""","=""33.0709""","=""0.0012""","=""10""","=""""",,"=""5.9982""","=""43.4887""","=""2s2.2p3""","=""2D*""","=""3/2""","=""2s.2p4""","=""2S""","=""1/2""",4,2,,"=""""","=""L7482""",
"=""33.2550""","=""0.0010""","=""33.2544""","=""0.0011""","=""800""","=""3.60e+09""",B+,"=""9.07970""","=""46.3633""","=""2s2.2p3""","=""2P*""","=""1/2""","=""2s.2p4""","=""2P""","=""1/2""",2,2,,"=""T7663c11,T6791""","=""L7482""",
"=""""","=""""","=""33.2582""","=""0.0011""","=""""","=""2.99e+09""",B+,"=""9.08396""","=""46.3633""","=""2s2.2p3""","=""2P*""","=""3/2""","=""2s.2p4""","=""2P""","=""1/2""",4,2,,"=""T7663c11,T6791""","=""""",
"=""""","=""""","=""33.3877""","=""0.0011""","=""""","=""9.94e+08""",B+,"=""9.07970""","=""46.2144""","=""2s2.2p3""","=""2P*""","=""1/2""","=""2s.2p4""","=""2P""","=""3/2""",2,4,,"=""T7663c11,T6791""","=""""",
"=""33.3910""","=""0.0010""","=""33.3916""","=""0.0011""","=""900""","=""4.53e+09""",A,"=""9.08396""","=""46.2144""","=""2s2.2p3""","=""2P*""","=""3/2""","=""2s.2p4""","=""2P""","=""3/2""",4,4,,"=""T7663c11,T6791""","=""L7482""",
"=""36.0319""","=""0.0010""","=""36.0325""","=""0.0013""","=""800""","=""4.19e+09""",B+,"=""9.07970""","=""43.4887""","=""2s2.2p3""","=""2P*""","=""1/2""","=""2s.2p4""","=""2S""","=""1/2""",2,2,,"=""T7663c11,T6791""","=""L7482""",
"=""36.0367""","=""0.0010""","=""36.0370""","=""0.0013""","=""800""","=""7.54e+09""",A,"=""9.08396""","=""43.4887""","=""2s2.2p3""","=""2P*""","=""3/2""","=""2s.2p4""","=""2S""","=""1/2""",4,2,,"=""T7663c11,T6791""","=""L7482""",
"=""36.7557""","=""0.0010""","=""36.7565""","=""0.0024""","=""200""","=""8.82e+09""",A,"=""36.9385""","=""70.6698""","=""2s.2p4""","=""2D""","=""3/2""","=""2p5""","=""2P*""","=""1/2""",4,2,,"=""T7663c11,T6791""","=""L7482""",
"=""36.9743""","=""0.0010""","=""36.9730""","=""0.0025""","=""300""","=""7.91e+09""",A,"=""36.9340""","=""70.4678""","=""2s.2p4""","=""2D""","=""5/2""","=""2p5""","=""2P*""","=""3/2""",6,4,,"=""T7663c11,T6791""","=""L7482""",
"=""""","=""""","=""36.9779""","=""0.0025""","=""""","=""9.40e+08""",B+,"=""36.9385""","=""70.4678""","=""2s.2p4""","=""2D""","=""3/2""","=""2p5""","=""2P*""","=""3/2""",4,4,,"=""T7663c11,T6791""","=""""",
"=""""","=""""","=""40.0663""","=""0.0018""","=""""","=""4.84e+08""",B+,"=""5.9938""","=""36.9385""","=""2s2.2p3""","=""2D*""","=""5/2""","=""2s.2p4""","=""2D""","=""3/2""",6,4,,"=""T7663c11,T6791""","=""""",
"=""40.0722""","=""0.0010""","=""40.0721""","=""0.0018""","=""1000*""","=""4.82e+09""",A,"=""5.9982""","=""36.9385""","=""2s2.2p3""","=""2D*""","=""3/2""","=""2s.2p4""","=""2D""","=""3/2""",4,4,,"=""T7663c11,T6791""","=""L7482""",
"=""40.0722""","=""0.0010""","=""40.0721""","=""0.0018""","=""1000*""","=""4.87e+09""",A,"=""5.9938""","=""36.9340""","=""2s2.2p3""","=""2D*""","=""5/2""","=""2s.2p4""","=""2D""","=""5/2""",6,6,,"=""T7663c11,T6791""","=""L7482""",
"=""""","=""""","=""40.0779""","=""0.0018""","=""""","=""2.89e+08""",B+,"=""5.9982""","=""36.9340""","=""2s2.2p3""","=""2D*""","=""3/2""","=""2s.2p4""","=""2D""","=""5/2""",4,6,,"=""T7663c11,T6791""","=""""",
"=""40.3283""","=""0.0010""","=""40.333""","=""0.012""","=""5*""","=""2.55e+08""",E,"=""83.210""","=""113.950""","=""2s2.2p2.(3P).3s""","=""4P""","=""1/2""","=""2s.2p3.(3P*).3s""","=""4P*""","=""1/2""",2,2,,"=""u21,LS""","=""L2109""",
"=""40.3283""","=""0.0010""","=""40.333""","=""0.012""","=""5*""","=""6.40e+08""",D,"=""83.210""","=""113.950""","=""2s2.2p2.(3P).3s""","=""4P""","=""1/2""","=""2s.2p3.(3P*).3s""","=""4P*""","=""3/2""",2,4,,"=""u21,LS""","=""L2109""",
"=""""","=""""","=""40.440""","=""0.012""","=""""","=""4.57e+08""",D,"=""83.291""","=""113.950""","=""2s2.2p2.(3P).3s""","=""4P""","=""3/2""","=""2s.2p3.(3P*).3s""","=""4P*""","=""5/2""",4,6,,"=""u21,LS""","=""""",
"=""""","=""""","=""40.440""","=""0.012""","=""""","=""1.26e+09""",D,"=""83.291""","=""113.950""","=""2s2.2p2.(3P).3s""","=""4P""","=""3/2""","=""2s.2p3.(3P*).3s""","=""4P*""","=""1/2""",4,2,,"=""u21,LS""","=""""",
"=""""","=""""","=""40.440""","=""0.012""","=""""","=""2.03e+08""",E,"=""83.291""","=""113.950""","=""2s2.2p2.(3P).3s""","=""4P""","=""3/2""","=""2s.2p3.(3P*).3s""","=""4P*""","=""3/2""",4,4,,"=""u21,LS""","=""""",
"=""""","=""""","=""40.599""","=""0.011""","=""""","=""6.74e+08""",D,"=""83.411""","=""113.950""","=""2s2.2p2.(3P).3s""","=""4P""","=""5/2""","=""2s.2p3.(3P*).3s""","=""4P*""","=""3/2""",6,4,,"=""u21,LS""","=""""",
"=""""","=""""","=""40.599""","=""0.011""","=""""","=""1.05e+09""",D+,"=""83.411""","=""113.950""","=""2s2.2p2.(3P).3s""","=""4P""","=""5/2""","=""2s.2p3.(3P*).3s""","=""4P*""","=""5/2""",6,6,,"=""u21,LS""","=""""",
"=""44.5046""","=""0.0010""","=""44.5045""","=""0.0020""","=""500""","=""5.83e+08""",B+,"=""9.07970""","=""36.9385""","=""2s2.2p3""","=""2P*""","=""1/2""","=""2s.2p4""","=""2D""","=""3/2""",2,4,,"=""T7663c11,T6791""","=""L7482""",
"=""""","=""""","=""44.5113""","=""0.0020""","=""""","=""6.82e+07""",B,"=""9.08396""","=""36.9385""","=""2s2.2p3""","=""2P*""","=""3/2""","=""2s.2p4""","=""2D""","=""3/2""",4,4,,"=""T7663c11,T6791""","=""""",
"=""44.5190""","=""0.0010""","=""44.5185""","=""0.0020""","=""600""","=""7.50e+08""",B+,"=""9.08396""","=""36.9340""","=""2s2.2p3""","=""2P*""","=""3/2""","=""2s.2p4""","=""2D""","=""5/2""",4,6,,"=""T7663c11,T6791""","=""L7482""",
"=""""","=""""","=""45.614""","=""0.004""","=""""","=""3.02e+08""",B+,"=""43.4887""","=""70.6698""","=""2s.2p4""","=""2S""","=""1/2""","=""2p5""","=""2P*""","=""1/2""",2,2,,"=""T7663c11,T6791""","=""""",
"=""""","=""""","=""45.956""","=""0.004""","=""""","=""4.47e+08""",B+,"=""43.4887""","=""70.4678""","=""2s.2p4""","=""2S""","=""1/2""","=""2p5""","=""2P*""","=""3/2""",2,4,,"=""T7663c11,T6791""","=""""",
"=""45.9897""","=""0.0010""","=""45.9897""","=""0.0011""","=""600""","=""2.20e+09""",B+,"=""0.0000""","=""26.9591""","=""2s2.2p3""","=""4S*""","=""3/2""","=""2s.2p4""","=""4P""","=""1/2""",4,2,,"=""T7663c11,T6791""","=""L7482""",
"=""46.1051""","=""0.0010""","=""46.1050""","=""0.0011""","=""850""","=""2.19e+09""",B+,"=""0.0000""","=""26.8917""","=""2s2.2p3""","=""4S*""","=""3/2""","=""2s.2p4""","=""4P""","=""3/2""",4,4,,"=""T7663c11,T6791""","=""L7482""",
"=""46.3263""","=""0.0010""","=""46.3263""","=""0.0011""","=""1000""","=""2.15e+09""",B+,"=""0.0000""","=""26.7632""","=""2s2.2p3""","=""4S*""","=""3/2""","=""2s.2p4""","=""4P""","=""5/2""",4,6,,"=""T7663c11,T6791""","=""L7482""",
"=""""","=""""","=""46.889""","=""0.025""","=""""","=""7.13e+08""",D+,"=""98.948""","=""125.390""","=""2s2.2p2.(3P).3d""","=""2F""","=""5/2""","=""2s.2p3.(3D*).3d""","=""2F*""","=""5/2""",6,6,,"=""u21,LS""","=""""",
"=""""","=""""","=""46.995""","=""0.023""","=""""","=""2.17e+07""",E,"=""98.948""","=""125.331""","=""2s2.2p2.(3P).3d""","=""2F""","=""5/2""","=""2s.2p3.(3D*).3d""","=""2F*""","=""7/2""",6,8,,"=""u21,LS""","=""""",
"=""""","=""""","=""47.163""","=""0.025""","=""""","=""2.86e+07""",E,"=""99.102""","=""125.390""","=""2s2.2p2.(3P).3d""","=""2F""","=""7/2""","=""2s.2p3.(3D*).3d""","=""2F*""","=""5/2""",8,6,,"=""u21,LS""","=""""",
"=""""","=""""","=""47.255""","=""0.011""","=""""","=""7.42e+08""",D+,"=""84.712""","=""110.950""","=""2s2.2p2.(3P).3s""","=""2P""","=""1/2""","=""2s.2p3.(3D*).3s""","=""2D*""","=""3/2""",2,4,,"=""u21,LS""","=""""",
"=""""","=""""","=""47.270""","=""0.023""","=""""","=""5.76e+08""",D+,"=""99.102""","=""125.331""","=""2s2.2p2.(3P).3d""","=""2F""","=""7/2""","=""2s.2p3.(3D*).3d""","=""2F*""","=""7/2""",8,8,,"=""u21,LS""","=""""",
"=""""","=""""","=""47.360""","=""0.024""","=""""","=""2.16e+08""",D,"=""98.823""","=""125.002""","=""2s2.2p2.(3P).3d""","=""4D""","=""3/2""","=""2s.2p3.(3D*).3d""","=""4D*""","=""5/2""",4,6,,"=""u21,LS""","=""""",
"=""""","=""""","=""47.360""","=""0.024""","=""""","=""1.32e+08""",D,"=""98.823""","=""125.002""","=""2s2.2p2.(3P).3d""","=""4D""","=""5/2""","=""2s.2p3.(3D*).3d""","=""4D*""","=""7/2""",6,8,,"=""u21,LS""","=""""",
"=""""","=""""","=""47.360""","=""0.024""","=""""","=""4.65e+08""",D,"=""98.823""","=""125.002""","=""2s2.2p2.(3P).3d""","=""4D""","=""3/2""","=""2s.2p3.(3D*).3d""","=""4D*""","=""1/2""",4,2,,"=""u21,LS""","=""""",
"=""""","=""""","=""47.360""","=""0.024""","=""""","=""3.26e+08""",D,"=""98.823""","=""125.002""","=""2s2.2p2.(3P).3d""","=""4D""","=""5/2""","=""2s.2p3.(3D*).3d""","=""4D*""","=""3/2""",6,4,,"=""u21,LS""","=""""",
"=""""","=""""","=""47.360""","=""0.024""","=""""","=""3.72e+08""",D,"=""98.823""","=""125.002""","=""2s2.2p2.(3P).3d""","=""4D""","=""3/2""","=""2s.2p3.(3D*).3d""","=""4D*""","=""3/2""",4,4,,"=""u21,LS""","=""""",
"=""""","=""""","=""47.360""","=""0.024""","=""""","=""5.32e+08""",D+,"=""98.823""","=""125.002""","=""2s2.2p2.(3P).3d""","=""4D""","=""5/2""","=""2s.2p3.(3D*).3d""","=""4D*""","=""5/2""",6,6,,"=""u21,LS""","=""""",
"=""""","=""""","=""47.407""","=""0.024""","=""""","=""2.32e+08""",D,"=""98.849""","=""125.002""","=""2s2.2p2.(3P).3d""","=""4D""","=""1/2""","=""2s.2p3.(3D*).3d""","=""4D*""","=""3/2""",2,4,,"=""u21,LS""","=""""",
"=""""","=""""","=""47.407""","=""0.024""","=""""","=""4.63e+08""",D,"=""98.849""","=""125.002""","=""2s2.2p2.(3P).3d""","=""4D""","=""1/2""","=""2s.2p3.(3D*).3d""","=""4D*""","=""1/2""",2,2,,"=""u21,LS""","=""""",
"=""""","=""""","=""47.445""","=""0.024""","=""""","=""7.96e+08""",D+,"=""98.960""","=""125.093""","=""2s2.2p2.(3P).3d""","=""4P""","=""5/2""","=""2s.2p3.(3D*).3d""","=""4S*""","=""3/2""",6,4,,"=""u21,LS""","=""""",
"=""""","=""""","=""47.524""","=""0.011""","=""""","=""1.46e+08""",D,"=""84.861""","=""110.950""","=""2s2.2p2.(3P).3s""","=""2P""","=""3/2""","=""2s.2p3.(3D*).3s""","=""2D*""","=""3/2""",4,4,,"=""u21,LS""","=""""",
"=""""","=""""","=""47.524""","=""0.011""","=""""","=""8.76e+08""",D+,"=""84.861""","=""110.950""","=""2s2.2p2.(3P).3s""","=""2P""","=""3/2""","=""2s.2p3.(3D*).3s""","=""2D*""","=""5/2""",4,6,,"=""u21,LS""","=""""",
"=""""","=""""","=""47.547""","=""0.024""","=""""","=""5.28e+08""",D+,"=""99.016""","=""125.093""","=""2s2.2p2.(3P).3d""","=""4P""","=""3/2""","=""2s.2p3.(3D*).3d""","=""4S*""","=""3/2""",4,4,,"=""u21,LS""","=""""",
"=""""","=""""","=""47.601""","=""0.024""","=""""","=""2.63e+08""",D,"=""99.046""","=""125.093""","=""2s2.2p2.(3P).3d""","=""4P""","=""1/2""","=""2s.2p3.(3D*).3d""","=""4S*""","=""3/2""",2,4,,"=""u21,LS""","=""""",
"=""""","=""""","=""47.610""","=""0.024""","=""""","=""4.39e+08""",D+,"=""98.960""","=""125.002""","=""2s2.2p2.(3P).3d""","=""4P""","=""5/2""","=""2s.2p3.(3D*).3d""","=""4D*""","=""7/2""",6,8,,"=""u21,LS""","=""""",
"=""""","=""""","=""47.610""","=""0.024""","=""""","=""1.32e+08""",D,"=""98.960""","=""125.002""","=""2s2.2p2.(3P).3d""","=""4P""","=""5/2""","=""2s.2p3.(3D*).3d""","=""4D*""","=""5/2""",6,6,,"=""u21,LS""","=""""",
"=""""","=""""","=""47.610""","=""0.024""","=""""","=""2.20e+07""",E,"=""98.960""","=""125.002""","=""2s2.2p2.(3P).3d""","=""4P""","=""5/2""","=""2s.2p3.(3D*).3d""","=""4D*""","=""3/2""",6,4,,"=""u21,LS""","=""""",
"=""""","=""""","=""47.712""","=""0.025""","=""""","=""3.07e+08""",D,"=""99.016""","=""125.002""","=""2s2.2p2.(3P).3d""","=""4P""","=""3/2""","=""2s.2p3.(3D*).3d""","=""4D*""","=""5/2""",4,6,,"=""u21,LS""","=""""",
"=""""","=""""","=""47.712""","=""0.025""","=""""","=""2.33e+08""",D,"=""99.016""","=""125.002""","=""2s2.2p2.(3P).3d""","=""4P""","=""3/2""","=""2s.2p3.(3D*).3d""","=""4D*""","=""3/2""",4,4,,"=""u21,LS""","=""""",
"=""""","=""""","=""47.712""","=""0.025""","=""""","=""7.27e+07""",E,"=""99.016""","=""125.002""","=""2s2.2p2.(3P).3d""","=""4P""","=""3/2""","=""2s.2p3.(3D*).3d""","=""4D*""","=""1/2""",4,2,,"=""u21,LS""","=""""",
"=""""","=""""","=""47.767""","=""0.025""","=""""","=""1.81e+08""",D,"=""99.046""","=""125.002""","=""2s2.2p2.(3P).3d""","=""4P""","=""1/2""","=""2s.2p3.(3D*).3d""","=""4D*""","=""3/2""",2,4,,"=""u21,LS""","=""""",
"=""""","=""""","=""47.767""","=""0.025""","=""""","=""3.62e+08""",D,"=""99.046""","=""125.002""","=""2s2.2p2.(3P).3d""","=""4P""","=""1/2""","=""2s.2p3.(3D*).3d""","=""4D*""","=""1/2""",2,2,,"=""u21,LS""","=""""",
"=""""","=""""","=""48.266""","=""0.014""","=""""","=""2.08e+09""",D+,"=""83.210""","=""108.898""","=""2s2.2p2.(3P).3s""","=""4P""","=""1/2""","=""2s.2p3.(3D*).3s""","=""4D*""","=""1/2""",2,2,,"=""u21,LS""","=""""",
"=""""","=""""","=""48.266""","=""0.014""","=""""","=""1.04e+09""",D+,"=""83.210""","=""108.898""","=""2s2.2p2.(3P).3s""","=""4P""","=""1/2""","=""2s.2p3.(3D*).3s""","=""4D*""","=""3/2""",2,4,,"=""u21,LS""","=""""",
"=""""","=""""","=""48.419""","=""0.014""","=""""","=""4.11e+08""",D,"=""83.291""","=""108.898""","=""2s2.2p2.(3P).3s""","=""4P""","=""3/2""","=""2s.2p3.(3D*).3s""","=""4D*""","=""1/2""",4,2,,"=""u21,LS""","=""""",
"=""""","=""""","=""48.419""","=""0.014""","=""""","=""1.31e+09""",C,"=""83.291""","=""108.898""","=""2s2.2p2.(3P).3s""","=""4P""","=""3/2""","=""2s.2p3.(3D*).3s""","=""4D*""","=""3/2""",4,4,,"=""u21,LS""","=""""",
"=""""","=""""","=""48.419""","=""0.014""","=""""","=""1.73e+09""",C,"=""83.291""","=""108.898""","=""2s2.2p2.(3P).3s""","=""4P""","=""3/2""","=""2s.2p3.(3D*).3s""","=""4D*""","=""5/2""",4,6,,"=""u21,LS""","=""""",
"=""""","=""""","=""48.44""","=""0.03""","=""""","=""4.99e+08""",D+,"=""98.960""","=""124.557""","=""2s2.2p2.(3P).3d""","=""4P""","=""5/2""","=""2s.2p3.(3D*).3d""","=""4P*""","=""3/2""",6,4,,"=""u21,LS""","=""""",
"=""""","=""""","=""48.49""","=""0.03""","=""""","=""7.72e+08""",D+,"=""98.960""","=""124.530""","=""2s2.2p2.(3P).3d""","=""4P""","=""5/2""","=""2s.2p3.(3D*).3d""","=""4P*""","=""5/2""",6,6,,"=""u21,LS""","=""""",
"=""""","=""""","=""48.50""","=""0.03""","=""""","=""9.19e+08""",D,"=""99.016""","=""124.578""","=""2s2.2p2.(3P).3d""","=""4P""","=""3/2""","=""2s.2p3.(3D*).3d""","=""4P*""","=""1/2""",4,2,,"=""u21,LS""","=""""",
"=""""","=""""","=""48.54""","=""0.03""","=""""","=""1.47e+08""",D,"=""99.016""","=""124.557""","=""2s2.2p2.(3P).3d""","=""4P""","=""3/2""","=""2s.2p3.(3D*).3d""","=""4P*""","=""3/2""",4,4,,"=""u21,LS""","=""""",
"=""""","=""""","=""48.56""","=""0.03""","=""""","=""1.83e+08""",E,"=""99.046""","=""124.578""","=""2s2.2p2.(3P).3d""","=""4P""","=""1/2""","=""2s.2p3.(3D*).3d""","=""4P*""","=""1/2""",2,2,,"=""u21,LS""","=""""",
"=""""","=""""","=""48.60""","=""0.03""","=""""","=""3.30e+08""",D+,"=""99.016""","=""124.530""","=""2s2.2p2.(3P).3d""","=""4P""","=""3/2""","=""2s.2p3.(3D*).3d""","=""4P*""","=""5/2""",4,6,,"=""u21,LS""","=""""",
"=""""","=""""","=""48.60""","=""0.03""","=""""","=""4.56e+08""",D,"=""99.046""","=""124.557""","=""2s2.2p2.(3P).3d""","=""4P""","=""1/2""","=""2s.2p3.(3D*).3d""","=""4P*""","=""3/2""",2,4,,"=""u21,LS""","=""""",
"=""""","=""""","=""48.647""","=""0.012""","=""""","=""1.22e+08""",E,"=""83.411""","=""108.898""","=""2s2.2p2.(3P).3s""","=""4P""","=""5/2""","=""2s.2p3.(3D*).3s""","=""4D*""","=""3/2""",6,4,,"=""u21,LS""","=""""",
"=""""","=""""","=""48.647""","=""0.012""","=""""","=""7.30e+08""",D+,"=""83.411""","=""108.898""","=""2s2.2p2.(3P).3s""","=""4P""","=""5/2""","=""2s.2p3.(3D*).3s""","=""4D*""","=""5/2""",6,6,,"=""u21,LS""","=""""",
"=""""","=""""","=""48.647""","=""0.012""","=""""","=""2.43e+09""",C,"=""83.411""","=""108.898""","=""2s2.2p2.(3P).3s""","=""4P""","=""5/2""","=""2s.2p3.(3D*).3s""","=""4D*""","=""7/2""",6,8,,"=""u21,LS""","=""""",
"=""""","=""""","=""50.698""","=""0.005""","=""""","=""1.89e+09""",B+,"=""46.2144""","=""70.6698""","=""2s.2p4""","=""2P""","=""3/2""","=""2p5""","=""2P*""","=""1/2""",4,2,,"=""T7663c11,T6791""","=""""",
"=""51.0102""","=""0.0010""","=""51.009""","=""0.005""","=""10""","=""3.70e+09""",B+,"=""46.3633""","=""70.6698""","=""2s.2p4""","=""2P""","=""1/2""","=""2p5""","=""2P*""","=""1/2""",2,2,,"=""T7663c11,T6791""","=""L7482""",
"=""51.1193""","=""0.0010""","=""51.120""","=""0.005""","=""100""","=""4.48e+09""",B+,"=""46.2144""","=""70.4678""","=""2s.2p4""","=""2P""","=""3/2""","=""2p5""","=""2P*""","=""3/2""",4,4,,"=""T7663c11,T6791""","=""L7482""",
"=""51.4350""","=""0.0010""","=""51.436""","=""0.005""","=""10""","=""8.46e+08""",B+,"=""46.3633""","=""70.4678""","=""2s.2p4""","=""2P""","=""1/2""","=""2p5""","=""2P*""","=""3/2""",2,4,,"=""T7663c11,T6791""","=""L7482""",
"=""""","=""""","=""54.107""","=""0.015""","=""""","=""1.67e+07""",E,"=""88.035""","=""110.950""","=""2s2.2p2.(1D).3s""","=""2D""","=""3/2""","=""2s.2p3.(3D*).3s""","=""2D*""","=""5/2""",4,6,,"=""u21,LS""","=""""",
"=""""","=""""","=""54.107""","=""0.015""","=""""","=""2.51e+07""",E,"=""88.035""","=""110.950""","=""2s2.2p2.(1D).3s""","=""2D""","=""5/2""","=""2s.2p3.(3D*).3s""","=""2D*""","=""3/2""",6,4,,"=""u21,LS""","=""""",
"=""""","=""""","=""54.107""","=""0.015""","=""""","=""2.26e+08""",D,"=""88.035""","=""110.950""","=""2s2.2p2.(1D).3s""","=""2D""","=""3/2""","=""2s.2p3.(3D*).3s""","=""2D*""","=""3/2""",4,4,,"=""u21,LS""","=""""",
"=""""","=""""","=""54.107""","=""0.015""","=""""","=""2.35e+08""",D+,"=""88.035""","=""110.950""","=""2s2.2p2.(1D).3s""","=""2D""","=""5/2""","=""2s.2p3.(3D*).3s""","=""2D*""","=""5/2""",6,6,,"=""u21,LS""","=""""",
"=""""","=""""","=""55.231""","=""0.016""","=""""","=""2.04e+05""",C+,"=""70.4678""","=""92.916""","=""2p5""","=""2P*""","=""3/2""","=""2s2.2p2.(1S).3s""","=""2S""","=""1/2""",4,2,,"=""T7663c11""","=""""",
"=""""","=""""","=""55.732""","=""0.016""","=""""","=""9.38e+04""",C+,"=""70.6698""","=""92.916""","=""2p5""","=""2P*""","=""1/2""","=""2s2.2p2.(1S).3s""","=""2S""","=""1/2""",2,2,,"=""T7663c11""","=""""",
"=""""","=""""","=""59.1502""","=""0.0025""","=""""","=""1.31e+04""",D,"=""5.9982""","=""26.9591""","=""2s2.2p3""","=""2D*""","=""3/2""","=""2s.2p4""","=""4P""","=""1/2""",4,2,,"=""T6791""","=""""",
"=""""","=""""","=""59.3285""","=""0.0025""","=""""","=""8.10e+03""",D,"=""5.9938""","=""26.8917""","=""2s2.2p3""","=""2D*""","=""5/2""","=""2s.2p4""","=""4P""","=""3/2""",6,4,,"=""T6791""","=""""",
"=""""","=""""","=""59.3412""","=""0.0025""","=""""","=""2.53e+04""",D,"=""5.9982""","=""26.8917""","=""2s2.2p3""","=""2D*""","=""3/2""","=""2s.2p4""","=""4P""","=""3/2""",4,4,,"=""T6791""","=""""",
"=""""","=""""","=""59.695""","=""0.003""","=""""","=""1.27e+05""",C,"=""5.9938""","=""26.7632""","=""2s2.2p3""","=""2D*""","=""5/2""","=""2s.2p4""","=""4P""","=""5/2""",6,6,,"=""T6791""","=""""",
"=""""","=""""","=""59.708""","=""0.003""","=""""","=""1.85e+04""",C,"=""5.9982""","=""26.7632""","=""2s2.2p3""","=""2D*""","=""3/2""","=""2s.2p4""","=""4P""","=""5/2""",4,6,,"=""T6791""","=""""",
"=""""","=""""","=""63.59""","=""0.03""","=""""","=""2.82e+07""",E,"=""105.082""","=""124.578""","=""2s.2p3.(5S*).3p""","=""4P""","=""1/2""","=""2s.2p3.(3D*).3d""","=""4P*""","=""1/2""",2,2,,"=""u21,LS""","=""""",
"=""""","=""""","=""63.59""","=""0.03""","=""""","=""1.41e+08""",D,"=""105.082""","=""124.578""","=""2s.2p3.(5S*).3p""","=""4P""","=""3/2""","=""2s.2p3.(3D*).3d""","=""4P*""","=""1/2""",4,2,,"=""u21,LS""","=""""",
"=""63.6579""","=""0.0010""","=""63.662""","=""0.023""","=""10""","=""""",,"=""105.082""","=""124.557""","=""2s.2p3.(5S*).3p""","=""4P""","=""1/2""","=""2s.2p3.(3D*).3d""","=""4P*""","=""3/2""",2,4,,"=""""","=""L2109""",
"=""""","=""""","=""63.662""","=""0.023""","=""""","=""2.25e+07""",E,"=""105.082""","=""124.557""","=""2s.2p3.(5S*).3p""","=""4P""","=""3/2""","=""2s.2p3.(3D*).3d""","=""4P*""","=""3/2""",4,4,,"=""u21,LS""","=""""",
"=""""","=""""","=""63.662""","=""0.023""","=""""","=""7.60e+07""",D,"=""105.082""","=""124.557""","=""2s.2p3.(5S*).3p""","=""4P""","=""5/2""","=""2s.2p3.(3D*).3d""","=""4P*""","=""3/2""",6,4,,"=""u21,LS""","=""""",
"=""""","=""""","=""63.674""","=""0.005""","=""""","=""8.57e-03""",D,"=""26.8917""","=""46.3633""","=""2s.2p4""","=""4P""","=""3/2""","=""2s.2p4""","=""2P""","=""1/2""",4,2,M1,"=""T7663c11""","=""""",
"=""""","=""""","=""63.741""","=""0.005""","=""""","=""7.28e-01""",D+,"=""26.7632""","=""46.2144""","=""2s.2p4""","=""4P""","=""5/2""","=""2s.2p4""","=""2P""","=""3/2""",6,4,M1,"=""T7663c11""","=""""",
"=""""","=""""","=""63.751""","=""0.023""","=""""","=""1.18e+08""",D,"=""105.082""","=""124.530""","=""2s.2p3.(5S*).3p""","=""4P""","=""5/2""","=""2s.2p3.(3D*).3d""","=""4P*""","=""5/2""",6,6,,"=""u21,LS""","=""""",
"=""""","=""""","=""63.751""","=""0.023""","=""""","=""5.04e+07""",D,"=""105.082""","=""124.530""","=""2s.2p3.(5S*).3p""","=""4P""","=""3/2""","=""2s.2p3.(3D*).3d""","=""4P*""","=""5/2""",4,6,,"=""u21,LS""","=""""",
"=""""","=""""","=""63.896""","=""0.005""","=""""","=""9.11e-01""",D+,"=""26.9591""","=""46.3633""","=""2s.2p4""","=""4P""","=""1/2""","=""2s.2p4""","=""2P""","=""1/2""",2,2,M1,"=""T7663c11""","=""""",
"=""""","=""""","=""64.165""","=""0.005""","=""""","=""4.34e-01""",D+,"=""26.8917""","=""46.2144""","=""2s.2p4""","=""4P""","=""3/2""","=""2s.2p4""","=""2P""","=""3/2""",4,4,M1,"=""T7663c11""","=""""",
"=""""","=""""","=""64.390""","=""0.005""","=""""","=""2.46e-01""",D+,"=""26.9591""","=""46.2144""","=""2s.2p4""","=""4P""","=""1/2""","=""2s.2p4""","=""2P""","=""3/2""",2,4,M1,"=""T7663c11""","=""""",
"=""""","=""""","=""69.08""","=""0.04""","=""""","=""3.82e+07""",D,"=""110.950""","=""128.896?""","=""2s.2p3.(3D*).3s""","=""2D*""","=""5/2""","=""2s2.2p2.(1D).5d""","=""2D""","=""5/2""",6,6,,"=""u21,LS""","=""""",
"=""""","=""""","=""69.08""","=""0.04""","=""""","=""3.69e+07""",E,"=""110.950""","=""128.896?""","=""2s.2p3.(3D*).3s""","=""2D*""","=""3/2""","=""2s2.2p2.(1D).5d""","=""2D""","=""3/2""",4,4,,"=""u21,LS""","=""""",
"=""""","=""""","=""69.08""","=""0.04""","=""""","=""4.09e+06""",E,"=""110.950""","=""128.896?""","=""2s.2p3.(3D*).3s""","=""2D*""","=""5/2""","=""2s2.2p2.(1D).5d""","=""2D""","=""3/2""",6,4,,"=""u21,LS""","=""""",
"=""""","=""""","=""69.08""","=""0.04""","=""""","=""2.73e+06""",E,"=""110.950""","=""128.896?""","=""2s.2p3.(3D*).3s""","=""2D*""","=""3/2""","=""2s2.2p2.(1D).5d""","=""2D""","=""5/2""",4,6,,"=""u21,LS""","=""""",
"=""""","=""""","=""69.3446""","=""0.0024""","=""""","=""3.64e+04""",D+,"=""9.07970""","=""26.9591""","=""2s2.2p3""","=""2P*""","=""1/2""","=""2s.2p4""","=""4P""","=""1/2""",2,2,,"=""T6791""","=""""",
"=""""","=""""","=""69.3612""","=""0.0024""","=""""","=""1.82e+03""",E,"=""9.08396""","=""26.9591""","=""2s2.2p3""","=""2P*""","=""3/2""","=""2s.2p4""","=""4P""","=""1/2""",4,2,,"=""T6791""","=""""",
"=""""","=""""","=""69.54""","=""0.05""","=""""","=""1.74e+06""",E,"=""107.561?""","=""125.390""","=""2s2.2p2.(1S).3d""","=""2D""","=""5/2""","=""2s.2p3.(3D*).3d""","=""2F*""","=""5/2""",6,6,,"=""u21,LS""","=""""",
"=""""","=""""","=""69.54""","=""0.05""","=""""","=""2.44e+07""",E,"=""107.561?""","=""125.390""","=""2s2.2p2.(1S).3d""","=""2D""","=""3/2""","=""2s.2p3.(3D*).3d""","=""2F*""","=""5/2""",4,6,,"=""u21,LS""","=""""",
"=""""","=""""","=""69.6072""","=""0.0024""","=""""","=""4.61e+02""",E,"=""9.07970""","=""26.8917""","=""2s2.2p3""","=""2P*""","=""1/2""","=""2s.2p4""","=""4P""","=""3/2""",2,4,,"=""T6791""","=""""",
"=""""","=""""","=""69.6239""","=""0.0024""","=""""","=""9.32e+04""",C,"=""9.08396""","=""26.8917""","=""2s2.2p3""","=""2P*""","=""3/2""","=""2s.2p4""","=""4P""","=""3/2""",4,4,,"=""T6791""","=""""",
"=""""","=""""","=""69.77""","=""0.05""","=""""","=""2.58e+07""",D,"=""107.561?""","=""125.331""","=""2s2.2p2.(1S).3d""","=""2D""","=""5/2""","=""2s.2p3.(3D*).3d""","=""2F*""","=""7/2""",6,8,,"=""u21,LS""","=""""",
"=""""","=""""","=""70.1297""","=""0.0025""","=""""","=""6.40e+04""",C,"=""9.08396""","=""26.7632""","=""2s2.2p3""","=""2P*""","=""3/2""","=""2s.2p4""","=""4P""","=""5/2""",4,6,,"=""T6791""","=""""",
"=""""","=""""","=""70.577""","=""0.021""","=""""","=""4.15e+03""",C,"=""70.4678""","=""88.035""","=""2p5""","=""2P*""","=""3/2""","=""2s2.2p2.(1D).3s""","=""2D""","=""3/2""",4,4,,"=""T7663c11""","=""""",
"=""""","=""""","=""70.577""","=""0.021""","=""""","=""2.57e+04""",C+,"=""70.4678""","=""88.035""","=""2p5""","=""2P*""","=""3/2""","=""2s2.2p2.(1D).3s""","=""2D""","=""5/2""",4,6,,"=""T7663c11""","=""""",
"=""""","=""""","=""71.398""","=""0.022""","=""""","=""2.11e+04""",C+,"=""70.6698""","=""88.035""","=""2p5""","=""2P*""","=""1/2""","=""2s2.2p2.(1D).3s""","=""2D""","=""3/2""",2,4,,"=""T7663c11""","=""""",
"=""71.9491""","=""0.0010""","=""71.953""","=""0.015""","=""15""","=""2.81e+08""",D+,"=""99.4291""","=""116.6605""","=""2s.2p3.(5S*).3s""","=""4S*""","=""3/2""","=""2s2.2p2.(3P).4d""","=""4P""","=""3/2""",4,4,,"=""u21,LS""","=""L2109""",
"=""""","=""""","=""72.06""","=""0.05""","=""""","=""2.80e+08""",C,"=""99.4291""","=""116.634""","=""2s.2p3.(5S*).3s""","=""4S*""","=""3/2""","=""2s2.2p2.(3P).4d""","=""4P""","=""5/2""",4,6,,"=""u21,LS""","=""""",
"=""""","=""""","=""74.703""","=""0.006""","=""""","=""1.02e+01""",C,"=""26.8917""","=""43.4887""","=""2s.2p4""","=""4P""","=""3/2""","=""2s.2p4""","=""2S""","=""1/2""",4,2,M1,"=""T7663c11""","=""""",
"=""""","=""""","=""75.008""","=""0.006""","=""""","=""1.93e+00""",C,"=""26.9591""","=""43.4887""","=""2s.2p4""","=""4P""","=""1/2""","=""2s.2p4""","=""2S""","=""1/2""",2,2,M1,"=""T7663c11""","=""""",
"=""""","=""""","=""76.44""","=""0.03""","=""""","=""6.88e+07""",C,"=""83.210""","=""99.4291""","=""2s2.2p2.(3P).3s""","=""4P""","=""1/2""","=""2s.2p3.(5S*).3s""","=""4S*""","=""3/2""",2,4,,"=""T7663c11""","=""""",
"=""""","=""""","=""76.83""","=""0.03""","=""""","=""1.35e+08""",C,"=""83.291""","=""99.4291""","=""2s2.2p2.(3P).3s""","=""4P""","=""3/2""","=""2s.2p3.(5S*).3s""","=""4S*""","=""3/2""",4,4,,"=""T7663c11""","=""""",
"=""""","=""""","=""77.40""","=""0.03""","=""""","=""1.97e+08""",C,"=""83.411""","=""99.4291""","=""2s2.2p2.(3P).3s""","=""4P""","=""5/2""","=""2s.2p3.(5S*).3s""","=""4S*""","=""3/2""",6,4,,"=""T7663c11""","=""""",
"=""""","=""""","=""81.96""","=""0.08""","=""""","=""4.32e+06""",E,"=""98.823""","=""113.950""","=""2s2.2p2.(3P).3d""","=""4D""","=""3/2""","=""2s.2p3.(3P*).3s""","=""4P*""","=""5/2""",4,6,,"=""u21,LS""","=""""",
"=""""","=""""","=""81.96""","=""0.08""","=""""","=""6.91e+07""",D,"=""98.823""","=""113.950""","=""2s2.2p2.(3P).3d""","=""4D""","=""3/2""","=""2s.2p3.(3P*).3s""","=""4P*""","=""3/2""",4,4,,"=""u21,LS""","=""""",
"=""""","=""""","=""81.96""","=""0.08""","=""""","=""3.88e+07""",D,"=""98.823""","=""113.950""","=""2s2.2p2.(3P).3d""","=""4D""","=""5/2""","=""2s.2p3.(3P*).3s""","=""4P*""","=""5/2""",6,6,,"=""u21,LS""","=""""",
"=""""","=""""","=""81.96""","=""0.08""","=""""","=""1.08e+08""",D,"=""98.823""","=""113.950""","=""2s2.2p2.(3P).3d""","=""4D""","=""3/2""","=""2s.2p3.(3P*).3s""","=""4P*""","=""1/2""",4,2,,"=""u21,LS""","=""""",
"=""""","=""""","=""81.96""","=""0.08""","=""""","=""1.36e+08""",D+,"=""98.823""","=""113.950""","=""2s2.2p2.(3P).3d""","=""4D""","=""5/2""","=""2s.2p3.(3P*).3s""","=""4P*""","=""3/2""",6,4,,"=""u21,LS""","=""""",
"=""""","=""""","=""82.10""","=""0.08""","=""""","=""1.07e+07""",E,"=""98.849""","=""113.950""","=""2s2.2p2.(3P).3d""","=""4D""","=""1/2""","=""2s.2p3.(3P*).3s""","=""4P*""","=""3/2""",2,4,,"=""u21,LS""","=""""",
"=""""","=""""","=""82.10""","=""0.08""","=""""","=""1.08e+08""",D,"=""98.849""","=""113.950""","=""2s2.2p2.(3P).3d""","=""4D""","=""1/2""","=""2s.2p3.(3P*).3s""","=""4P*""","=""1/2""",2,2,,"=""u21,LS""","=""""",
"=""""","=""""","=""82.71""","=""0.08""","=""""","=""5.40e+07""",D,"=""98.960""","=""113.950""","=""2s2.2p2.(3P).3d""","=""4P""","=""5/2""","=""2s.2p3.(3P*).3s""","=""4P*""","=""3/2""",6,4,,"=""u21,LS""","=""""",
"=""""","=""""","=""82.71""","=""0.08""","=""""","=""8.39e+07""",D+,"=""98.960""","=""113.950""","=""2s2.2p2.(3P).3d""","=""4P""","=""5/2""","=""2s.2p3.(3P*).3s""","=""4P*""","=""5/2""",6,6,,"=""u21,LS""","=""""",
"=""""","=""""","=""83.02""","=""0.08""","=""""","=""3.55e+07""",D,"=""99.016""","=""113.950""","=""2s2.2p2.(3P).3d""","=""4P""","=""3/2""","=""2s.2p3.(3P*).3s""","=""4P*""","=""5/2""",4,6,,"=""u21,LS""","=""""",
"=""""","=""""","=""83.02""","=""0.08""","=""""","=""9.89e+07""",D,"=""99.016""","=""113.950""","=""2s2.2p2.(3P).3d""","=""4P""","=""3/2""","=""2s.2p3.(3P*).3s""","=""4P*""","=""1/2""",4,2,,"=""u21,LS""","=""""",
"=""""","=""""","=""83.02""","=""0.08""","=""""","=""1.58e+07""",E,"=""99.016""","=""113.950""","=""2s2.2p2.(3P).3d""","=""4P""","=""3/2""","=""2s.2p3.(3P*).3s""","=""4P*""","=""3/2""",4,4,,"=""u21,LS""","=""""",
"=""83.1868""","=""0.0010""","=""83.19""","=""0.08""","=""5*""","=""1.97e+07""",E,"=""99.046""","=""113.950""","=""2s2.2p2.(3P).3d""","=""4P""","=""1/2""","=""2s.2p3.(3P*).3s""","=""4P*""","=""1/2""",2,2,,"=""u21,LS""","=""L2109""",
"=""83.1868""","=""0.0010""","=""83.19""","=""0.08""","=""5*""","=""4.92e+07""",D,"=""99.046""","=""113.950""","=""2s2.2p2.(3P).3d""","=""4P""","=""1/2""","=""2s.2p3.(3P*).3s""","=""4P*""","=""3/2""",2,4,,"=""u21,LS""","=""L2109""",
"=""""","=""""","=""86.14""","=""0.03""","=""""","=""2.24e+04""",C+,"=""70.4678""","=""84.861""","=""2p5""","=""2P*""","=""3/2""","=""2s2.2p2.(3P).3s""","=""2P""","=""3/2""",4,4,,"=""T7663c11""","=""""",
"=""""","=""""","=""86.23""","=""0.06""","=""""","=""9.15e+06""",E,"=""110.624""","=""125.002""","=""2s2.2p2.(3P).4s""","=""4P""","=""1/2""","=""2s.2p3.(3D*).3d""","=""4D*""","=""3/2""",2,4,,"=""u21,LS""","=""""",
"=""""","=""""","=""86.23""","=""0.06""","=""""","=""1.83e+07""",E,"=""110.624""","=""125.002""","=""2s2.2p2.(3P).4s""","=""4P""","=""1/2""","=""2s.2p3.(3D*).3d""","=""4D*""","=""1/2""",2,2,,"=""u21,LS""","=""""",
"=""""","=""""","=""87.04""","=""0.03""","=""""","=""9.17e+03""",C,"=""70.4678""","=""84.712""","=""2p5""","=""2P*""","=""3/2""","=""2s2.2p2.(3P).3s""","=""2P""","=""1/2""",4,2,,"=""T7663c11""","=""""",
"=""""","=""""","=""87.37""","=""0.03""","=""""","=""4.09e+03""",C,"=""70.6698""","=""84.861""","=""2p5""","=""2P*""","=""1/2""","=""2s2.2p2.(3P).3s""","=""2P""","=""3/2""",2,4,,"=""T7663c11""","=""""",
"=""""","=""""","=""87.42""","=""0.08""","=""""","=""2.11e+07""",D,"=""110.820""","=""125.002""","=""2s2.2p2.(3P).4s""","=""4P""","=""5/2""","=""2s.2p3.(3D*).3d""","=""4D*""","=""7/2""",6,8,,"=""u21,LS""","=""""",
"=""""","=""""","=""87.42""","=""0.08""","=""""","=""6.32e+06""",E,"=""110.820""","=""125.002""","=""2s2.2p2.(3P).4s""","=""4P""","=""5/2""","=""2s.2p3.(3D*).3d""","=""4D*""","=""5/2""",6,6,,"=""u21,LS""","=""""",
"=""""","=""""","=""87.42""","=""0.08""","=""""","=""1.05e+06""",E,"=""110.820""","=""125.002""","=""2s2.2p2.(3P).4s""","=""4P""","=""5/2""","=""2s.2p3.(3D*).3d""","=""4D*""","=""3/2""",6,4,,"=""u21,LS""","=""""",
"=""""","=""""","=""88.29""","=""0.03""","=""""","=""1.88e+04""",C+,"=""70.6698""","=""84.712""","=""2p5""","=""2P*""","=""1/2""","=""2s2.2p2.(3P).3s""","=""2P""","=""1/2""",2,2,,"=""T7663c11""","=""""",
"=""""","=""""","=""103.31""","=""0.11""","=""""","=""9.50e+05""",E,"=""98.948""","=""110.950""","=""2s2.2p2.(3P).3d""","=""2F""","=""5/2""","=""2s.2p3.(3D*).3s""","=""2D*""","=""5/2""",6,6,,"=""u21,LS""","=""""",
"=""""","=""""","=""103.31""","=""0.11""","=""""","=""2.00e+07""",D,"=""98.948""","=""110.950""","=""2s2.2p2.(3P).3d""","=""2F""","=""5/2""","=""2s.2p3.(3D*).3s""","=""2D*""","=""3/2""",6,4,,"=""u21,LS""","=""""",
"=""""","=""""","=""104.65""","=""0.11""","=""""","=""1.83e+07""",D,"=""99.102""","=""110.950""","=""2s2.2p2.(3P).3d""","=""2F""","=""7/2""","=""2s.2p3.(3D*).3s""","=""2D*""","=""5/2""",8,6,,"=""u21,LS""","=""""",
"=""""","=""""","=""108.85""","=""0.12""","=""""","=""5.18e+07""",D+,"=""99.4291""","=""110.820""","=""2s.2p3.(5S*).3s""","=""4S*""","=""3/2""","=""2s2.2p2.(3P).4s""","=""4P""","=""5/2""",4,6,,"=""u21,LS""","=""""",
"=""""","=""""","=""110.75""","=""0.09""","=""""","=""4.90e+07""",D,"=""99.4291""","=""110.624""","=""2s.2p3.(5S*).3s""","=""4S*""","=""3/2""","=""2s2.2p2.(3P).4s""","=""4P""","=""1/2""",4,2,,"=""u21,LS""","=""""",
"=""""","=""""","=""121.21""","=""0.14""","=""""","=""6.39e+06""",D,"=""115.161?""","=""125.390""","=""2s2.2p2.(1D).4s""","=""2D""","=""3/2""","=""2s.2p3.(3D*).3d""","=""2F*""","=""5/2""",4,6,,"=""u21,LS""","=""""",
"=""""","=""""","=""121.21""","=""0.14""","=""""","=""4.54e+05""",E,"=""115.161?""","=""125.390""","=""2s2.2p2.(1D).4s""","=""2D""","=""5/2""","=""2s.2p3.(3D*).3d""","=""2F*""","=""5/2""",6,6,,"=""u21,LS""","=""""",
"=""""","=""""","=""121.849""","=""0.017""","=""""","=""1.62e-01""",C,"=""26.7632""","=""36.9385""","=""2s.2p4""","=""4P""","=""5/2""","=""2s.2p4""","=""2D""","=""3/2""",6,4,M1,"=""T7663c11""","=""""",
"=""""","=""""","=""121.902""","=""0.017""","=""""","=""1.83e+00""",C,"=""26.7632""","=""36.9340""","=""2s.2p4""","=""4P""","=""5/2""","=""2s.2p4""","=""2D""","=""5/2""",6,6,M1,"=""T7663c11""","=""""",
"=""""","=""""","=""121.92""","=""0.13""","=""""","=""6.70e+06""",D,"=""115.161?""","=""125.331""","=""2s2.2p2.(1D).4s""","=""2D""","=""5/2""","=""2s.2p3.(3D*).3d""","=""2F*""","=""7/2""",6,8,,"=""u21,LS""","=""""",
"=""""","=""""","=""123.407""","=""0.017""","=""""","=""8.07e-01""",C,"=""26.8917""","=""36.9385""","=""2s.2p4""","=""4P""","=""3/2""","=""2s.2p4""","=""2D""","=""3/2""",4,4,M1,"=""T7663c11""","=""""",
"=""""","=""""","=""123.461""","=""0.017""","=""""","=""3.08e-01""",C,"=""26.8917""","=""36.9340""","=""2s.2p4""","=""4P""","=""3/2""","=""2s.2p4""","=""2D""","=""5/2""",4,6,M1,"=""T7663c11""","=""""",
"=""""","=""""","=""124.241""","=""0.017""","=""""","=""2.02e-01""",C,"=""26.9591""","=""36.9385""","=""2s.2p4""","=""4P""","=""1/2""","=""2s.2p4""","=""2D""","=""3/2""",2,4,M1,"=""T7663c11""","=""""",
"=""""","=""""","=""125.09""","=""0.10""","=""""","=""1.42e+08""",C,"=""110.950""","=""120.861""","=""2s.2p3.(3D*).3s""","=""2D*""","=""5/2""","=""2s2.2p2.(1D).4d?""","=""2D?""","=""5/2""",6,6,,"=""u21,LS""","=""""",
"=""""","=""""","=""125.09""","=""0.10""","=""""","=""1.37e+08""",C,"=""110.950""","=""120.861""","=""2s.2p3.(3D*).3s""","=""2D*""","=""3/2""","=""2s2.2p2.(1D).4d?""","=""2D?""","=""3/2""",4,4,,"=""u21,LS""","=""""",
"=""""","=""""","=""125.09""","=""0.10""","=""""","=""1.52e+07""",D,"=""110.950""","=""120.861""","=""2s.2p3.(3D*).3s""","=""2D*""","=""5/2""","=""2s2.2p2.(1D).4d?""","=""2D?""","=""3/2""",6,4,,"=""u21,LS""","=""""",
"=""""","=""""","=""125.09""","=""0.10""","=""""","=""1.01e+07""",D,"=""110.950""","=""120.861""","=""2s.2p3.(3D*).3s""","=""2D*""","=""3/2""","=""2s2.2p2.(1D).4d?""","=""2D?""","=""5/2""",4,6,,"=""u21,LS""","=""""",
"=""""","=""""","=""126.18""","=""0.15""","=""""","=""1.17e+08""",C,"=""110.950""","=""120.776?""","=""2s.2p3.(3D*).3s""","=""2D*""","=""5/2""","=""2s2.2p2.(1D).4d""","=""2F""","=""7/2""",6,8,,"=""u21,LS""","=""""",
"=""""","=""""","=""126.18""","=""0.15""","=""""","=""1.09e+08""",C,"=""110.950""","=""120.776?""","=""2s.2p3.(3D*).3s""","=""2D*""","=""3/2""","=""2s2.2p2.(1D).4d""","=""2F""","=""5/2""",4,6,,"=""u21,LS""","=""""",
"=""""","=""""","=""126.18""","=""0.15""","=""""","=""7.75e+06""",D,"=""110.950""","=""120.776?""","=""2s.2p3.(3D*).3s""","=""2D*""","=""5/2""","=""2s2.2p2.(1D).4d""","=""2F""","=""5/2""",6,6,,"=""u21,LS""","=""""",
"=""""","=""""","=""131.551""","=""0.024""","=""""","=""7.03e-01""",C,"=""36.9385""","=""46.3633""","=""2s.2p4""","=""2D""","=""3/2""","=""2s.2p4""","=""2P""","=""1/2""",4,2,M1,"=""T7663c11""","=""""",
"=""""","=""""","=""133.60""","=""0.03""","=""""","=""6.00e-01""",C,"=""36.9340""","=""46.2144""","=""2s.2p4""","=""2D""","=""5/2""","=""2s.2p4""","=""2P""","=""3/2""",6,4,M1,"=""T7663c11""","=""""",
"=""""","=""""","=""133.66""","=""0.03""","=""""","=""1.07e+00""",C,"=""36.9385""","=""46.2144""","=""2s.2p4""","=""2D""","=""3/2""","=""2s.2p4""","=""2P""","=""3/2""",4,4,M1,"=""T7663c11""","=""""",
"=""""","=""""","=""136.4869""","=""0.0009""","=""""","=""1.60e-05""",D,"=""0.0000""","=""9.08396""","=""2s2.2p3""","=""4S*""","=""3/2""","=""2s2.2p3""","=""2P*""","=""3/2""",4,4,E2,"=""T7010""","=""""",
"=""136.487""","=""0.001""","=""136.4869""","=""0.0009""","=""22""","=""4.16e+00""",B,"=""0.0000""","=""9.08396""","=""2s2.2p3""","=""4S*""","=""3/2""","=""2s2.2p3""","=""2P*""","=""3/2""",4,4,M1,"=""T7663c11,T7010""","=""L8445""",
"=""136.551""","=""0.001""","=""136.5510""","=""0.0009""","=""22""","=""1.68e+00""",C+,"=""0.0000""","=""9.07970""","=""2s2.2p3""","=""4S*""","=""3/2""","=""2s2.2p3""","=""2P*""","=""1/2""",4,2,M1,"=""T7663c11,T7010""","=""L8445""",
"=""""","=""""","=""136.5510""","=""0.0009""","=""""","=""1.12e-04""",D,"=""0.0000""","=""9.07970""","=""2s2.2p3""","=""4S*""","=""3/2""","=""2s2.2p3""","=""2P*""","=""1/2""",4,2,E2,"=""T7010""","=""""",
"=""""","=""""","=""144.55""","=""0.20""","=""""","=""1.14e+07""",D,"=""116.813?""","=""125.390""","=""2s2.2p2.(3P).4d""","=""2F""","=""7/2""","=""2s.2p3.(3D*).3d""","=""2F*""","=""5/2""",8,6,,"=""u21,LS""","=""""",
"=""""","=""""","=""145.56""","=""0.18""","=""""","=""2.27e+08""",C+,"=""116.813?""","=""125.331""","=""2s2.2p2.(3P).4d""","=""2F""","=""7/2""","=""2s.2p3.(3D*).3d""","=""2F*""","=""7/2""",8,8,,"=""u21,LS""","=""""",
"=""""","=""""","=""148.17""","=""0.22""","=""""","=""3.42e+07""",C,"=""116.634""","=""125.002""","=""2s2.2p2.(3P).4d""","=""4P""","=""5/2""","=""2s.2p3.(3D*).3d""","=""4D*""","=""7/2""",6,8,,"=""u21,LS""","=""""",
"=""""","=""""","=""148.17""","=""0.22""","=""""","=""1.03e+07""",D,"=""116.634""","=""125.002""","=""2s2.2p2.(3P).4d""","=""4P""","=""5/2""","=""2s.2p3.(3D*).3d""","=""4D*""","=""5/2""",6,6,,"=""u21,LS""","=""""",
"=""""","=""""","=""148.17""","=""0.22""","=""""","=""1.71e+06""",E,"=""116.634""","=""125.002""","=""2s2.2p2.(3P).4d""","=""4P""","=""5/2""","=""2s.2p3.(3D*).3d""","=""4D*""","=""3/2""",6,4,,"=""u21,LS""","=""""",
"=""""","=""""","=""148.63""","=""0.10""","=""""","=""2.38e+07""",D+,"=""116.6605""","=""125.002""","=""2s2.2p2.(3P).4d""","=""4P""","=""3/2""","=""2s.2p3.(3D*).3d""","=""4D*""","=""5/2""",4,6,,"=""u21,LS""","=""""",
"=""""","=""""","=""148.63""","=""0.10""","=""""","=""1.81e+07""",D+,"=""116.6605""","=""125.002""","=""2s2.2p2.(3P).4d""","=""4P""","=""3/2""","=""2s.2p3.(3D*).3d""","=""4D*""","=""3/2""",4,4,,"=""u21,LS""","=""""",
"=""""","=""""","=""148.63""","=""0.10""","=""""","=""5.65e+06""",E,"=""116.6605""","=""125.002""","=""2s2.2p2.(3P).4d""","=""4P""","=""3/2""","=""2s.2p3.(3D*).3d""","=""4D*""","=""1/2""",4,2,,"=""u21,LS""","=""""",
"=""""","=""""","=""150.3""","=""0.3""","=""""","=""3.27e+07""",C,"=""117.141""","=""125.390""","=""2s2.2p2.(3P).4d""","=""2D""","=""3/2""","=""2s.2p3.(3D*).3d""","=""2F*""","=""5/2""",4,6,,"=""u21,LS""","=""""",
"=""""","=""""","=""151.0""","=""0.3""","=""""","=""2.31e+06""",E,"=""117.179""","=""125.390""","=""2s2.2p2.(3P).4d""","=""2D""","=""5/2""","=""2s.2p3.(3D*).3d""","=""2F*""","=""5/2""",6,6,,"=""u21,LS""","=""""",
"=""""","=""""","=""152.10""","=""0.24""","=""""","=""3.37e+07""",C,"=""117.179""","=""125.331""","=""2s2.2p2.(3P).4d""","=""2D""","=""5/2""","=""2s.2p3.(3D*).3d""","=""2F*""","=""7/2""",6,8,,"=""u21,LS""","=""""",
"=""""","=""""","=""152.46""","=""0.24""","=""""","=""3.20e+07""",C,"=""102.818""","=""110.950""","=""2s2.2p2.(1D).3d""","=""2F""","=""7/2""","=""2s.2p3.(3D*).3s""","=""2D*""","=""5/2""",8,6,,"=""u21,LS""","=""""",
"=""""","=""""","=""152.93""","=""0.24""","=""""","=""3.33e+07""",D+,"=""102.842""","=""110.950""","=""2s2.2p2.(1D).3d""","=""2F""","=""5/2""","=""2s.2p3.(3D*).3s""","=""2D*""","=""3/2""",6,4,,"=""u21,LS""","=""""",
"=""""","=""""","=""152.93""","=""0.24""","=""""","=""1.59e+06""",E,"=""102.842""","=""110.950""","=""2s2.2p2.(1D).3d""","=""2F""","=""5/2""","=""2s.2p3.(3D*).3s""","=""2D*""","=""5/2""",6,6,,"=""u21,LS""","=""""",
"=""""","=""""","=""156.49""","=""0.24""","=""""","=""5.19e+06""",D,"=""116.634""","=""124.557""","=""2s2.2p2.(3P).4d""","=""4P""","=""5/2""","=""2s.2p3.(3D*).3d""","=""4P*""","=""3/2""",6,4,,"=""u21,LS""","=""""",
"=""""","=""""","=""156.59""","=""0.16""","=""""","=""9.63e+06""",D,"=""116.6605""","=""124.578""","=""2s2.2p2.(3P).4d""","=""4P""","=""3/2""","=""2s.2p3.(3D*).3d""","=""4P*""","=""1/2""",4,2,,"=""u21,LS""","=""""",
"=""""","=""""","=""157.01""","=""0.11""","=""""","=""1.53e+06""",E,"=""116.6605""","=""124.557""","=""2s2.2p2.(3P).4d""","=""4P""","=""3/2""","=""2s.2p3.(3D*).3d""","=""4P*""","=""3/2""",4,4,,"=""u21,LS""","=""""",
"=""""","=""""","=""157.04""","=""0.24""","=""""","=""8.01e+06""",D,"=""116.634""","=""124.530""","=""2s2.2p2.(3P).4d""","=""4P""","=""5/2""","=""2s.2p3.(3D*).3d""","=""4P*""","=""5/2""",6,6,,"=""u21,LS""","=""""",
"=""""","=""""","=""157.55""","=""0.11""","=""""","=""3.40e+06""",D,"=""116.6605""","=""124.530""","=""2s2.2p2.(3P).4d""","=""4P""","=""3/2""","=""2s.2p3.(3D*).3d""","=""4P*""","=""5/2""",4,6,,"=""u21,LS""","=""""",
"=""""","=""""","=""161.3""","=""0.3""","=""""","=""1.02e+07""",D,"=""103.261""","=""110.950""","=""2s2.2p2.(1D).3d""","=""2D""","=""3/2""","=""2s.2p3.(3D*).3s""","=""2D*""","=""3/2""",4,4,,"=""u21,LS""","=""""",
"=""""","=""""","=""161.3""","=""0.3""","=""""","=""7.59e+05""",E,"=""103.261""","=""110.950""","=""2s2.2p2.(1D).3d""","=""2D""","=""3/2""","=""2s.2p3.(3D*).3s""","=""2D*""","=""5/2""",4,6,,"=""u21,LS""","=""""",
"=""""","=""""","=""161.6""","=""0.3""","=""""","=""1.05e+07""",D+,"=""103.279""","=""110.950""","=""2s2.2p2.(1D).3d""","=""2D""","=""5/2""","=""2s.2p3.(3D*).3s""","=""2D*""","=""5/2""",6,6,,"=""u21,LS""","=""""",
"=""""","=""""","=""161.6""","=""0.3""","=""""","=""1.13e+06""",E,"=""103.279""","=""110.950""","=""2s2.2p2.(1D).3d""","=""2D""","=""5/2""","=""2s.2p3.(3D*).3s""","=""2D*""","=""3/2""",6,4,,"=""u21,LS""","=""""",
"=""""","=""""","=""162.50""","=""0.18""","=""""","=""2.63e+06""",E,"=""108.898""","=""116.528""","=""2s.2p3.(3D*).3s""","=""4D*""","=""1/2""","=""2s2.2p2.(3P).4d""","=""4D""","=""1/2""",2,2,,"=""u21,LS""","=""""",
"=""""","=""""","=""162.50""","=""0.18""","=""""","=""2.63e+06""",E,"=""108.898""","=""116.528""","=""2s.2p3.(3D*).3s""","=""4D*""","=""3/2""","=""2s2.2p2.(3P).4d""","=""4D""","=""1/2""",4,2,,"=""u21,LS""","=""""",
"=""""","=""""","=""163.48""","=""0.13""","=""""","=""7.00e+08""",B+,"=""105.082""","=""112.666""","=""2s.2p3.(5S*).3p""","=""4P""","=""5/2""","=""2s.2p3.(5S*).3d""","=""4D*""","=""7/2""",6,8,,"=""u21,LS""","=""""",
"=""""","=""""","=""163.48""","=""0.13""","=""""","=""4.91e+08""",B,"=""105.082""","=""112.666""","=""2s.2p3.(5S*).3p""","=""4P""","=""3/2""","=""2s.2p3.(5S*).3d""","=""4D*""","=""5/2""",4,6,,"=""u21,LS""","=""""",
"=""""","=""""","=""163.48""","=""0.13""","=""""","=""3.74e+08""",B,"=""105.082""","=""112.666""","=""2s.2p3.(5S*).3p""","=""4P""","=""3/2""","=""2s.2p3.(5S*).3d""","=""4D*""","=""3/2""",4,4,,"=""u21,LS""","=""""",
"=""""","=""""","=""163.48""","=""0.13""","=""""","=""3.50e+07""",C,"=""105.082""","=""112.666""","=""2s.2p3.(5S*).3p""","=""4P""","=""5/2""","=""2s.2p3.(5S*).3d""","=""4D*""","=""3/2""",6,4,,"=""u21,LS""","=""""",
"=""""","=""""","=""163.48""","=""0.13""","=""""","=""2.10e+08""",C+,"=""105.082""","=""112.666""","=""2s.2p3.(5S*).3p""","=""4P""","=""5/2""","=""2s.2p3.(5S*).3d""","=""4D*""","=""5/2""",6,6,,"=""u21,LS""","=""""",
"=""""","=""""","=""163.48""","=""0.13""","=""""","=""2.92e+08""",C+,"=""105.082""","=""112.666""","=""2s.2p3.(5S*).3p""","=""4P""","=""1/2""","=""2s.2p3.(5S*).3d""","=""4D*""","=""3/2""",2,4,,"=""u21,LS""","=""""",
"=""""","=""""","=""163.48""","=""0.13""","=""""","=""5.84e+08""",C+,"=""105.082""","=""112.666""","=""2s.2p3.(5S*).3p""","=""4P""","=""1/2""","=""2s.2p3.(5S*).3d""","=""4D*""","=""1/2""",2,2,,"=""u21,LS""","=""""",
"=""""","=""""","=""163.48""","=""0.13""","=""""","=""1.17e+08""",C,"=""105.082""","=""112.666""","=""2s.2p3.(5S*).3p""","=""4P""","=""3/2""","=""2s.2p3.(5S*).3d""","=""4D*""","=""1/2""",4,2,,"=""u21,LS""","=""""",
"=""""","=""""","=""163.65""","=""0.16""","=""""","=""7.07e+06""",D,"=""117.814""","=""125.390""","=""2s.2p3.(3D*).3p""","=""2F""","=""7/2""","=""2s.2p3.(3D*).3d""","=""2F*""","=""5/2""",8,6,,"=""u21,LS""","=""""",
"=""""","=""""","=""164.6""","=""0.3""","=""""","=""2.90e+06""",D,"=""108.898""","=""116.429""","=""2s.2p3.(3D*).3s""","=""4D*""","=""5/2""","=""2s2.2p2.(3P).4d""","=""4D""","=""5/2""",6,6,,"=""u21,LS""","=""""",
"=""""","=""""","=""164.6""","=""0.3""","=""""","=""2.02e+06""",E,"=""108.898""","=""116.429""","=""2s.2p3.(3D*).3s""","=""4D*""","=""3/2""","=""2s2.2p2.(3P).4d""","=""4D""","=""3/2""",4,4,,"=""u21,LS""","=""""",
"=""""","=""""","=""164.6""","=""0.3""","=""""","=""9.61e+05""",E,"=""108.898""","=""116.429""","=""2s.2p3.(3D*).3s""","=""4D*""","=""7/2""","=""2s2.2p2.(3P).4d""","=""4D""","=""5/2""",8,6,,"=""u21,LS""","=""""",
"=""""","=""""","=""164.6""","=""0.3""","=""""","=""1.77e+06""",E,"=""108.898""","=""116.429""","=""2s.2p3.(3D*).3s""","=""4D*""","=""5/2""","=""2s2.2p2.(3P).4d""","=""4D""","=""3/2""",6,4,,"=""u21,LS""","=""""",
"=""""","=""""","=""164.6""","=""0.3""","=""""","=""1.18e+06""",E,"=""108.898""","=""116.429""","=""2s.2p3.(3D*).3s""","=""4D*""","=""3/2""","=""2s2.2p2.(3P).4d""","=""4D""","=""5/2""",4,6,,"=""u21,LS""","=""""",
"=""""","=""""","=""164.6""","=""0.3""","=""""","=""1.27e+06""",E,"=""108.898""","=""116.429""","=""2s.2p3.(3D*).3s""","=""4D*""","=""1/2""","=""2s2.2p2.(3P).4d""","=""4D""","=""3/2""",2,4,,"=""u21,LS""","=""""",
"=""165.0654""","=""0.0010""","=""164.94""","=""0.12""","=""20*""","=""1.40e+08""",C+,"=""117.814""","=""125.331""","=""2s.2p3.(3D*).3p""","=""2F""","=""7/2""","=""2s.2p3.(3D*).3d""","=""2F*""","=""7/2""",8,8,,"=""u21,LS""","=""L2109""",
"=""165.0654""","=""0.0010""","=""165.11""","=""0.19""","=""20*""","=""1.69e+08""",C+,"=""117.881?""","=""125.390""","=""2s.2p3.(3D*).3p""","=""2F""","=""5/2""","=""2s.2p3.(3D*).3d""","=""2F*""","=""5/2""",6,6,,"=""u21,LS""","=""L2109""",
"=""""","=""""","=""166.43""","=""0.16""","=""""","=""5.04e+06""",D,"=""117.881?""","=""125.331""","=""2s.2p3.(3D*).3p""","=""2F""","=""5/2""","=""2s.2p3.(3D*).3d""","=""2F*""","=""7/2""",6,8,,"=""u21,LS""","=""""",
"=""""","=""""","=""178.88""","=""0.19""","=""""","=""1.68e+08""",C+,"=""110.950""","=""117.881?""","=""2s.2p3.(3D*).3s""","=""2D*""","=""3/2""","=""2s.2p3.(3D*).3p""","=""2F""","=""5/2""",4,6,,"=""u21,LS""","=""""",
"=""""","=""""","=""178.88""","=""0.19""","=""""","=""1.20e+07""",D+,"=""110.950""","=""117.881?""","=""2s.2p3.(3D*).3s""","=""2D*""","=""5/2""","=""2s.2p3.(3D*).3p""","=""2F""","=""5/2""",6,6,,"=""u21,LS""","=""""",
"=""180.6170""","=""0.0010""","=""180.63""","=""0.14""","=""25""","=""1.75e+08""",B,"=""110.950""","=""117.814""","=""2s.2p3.(3D*).3s""","=""2D*""","=""5/2""","=""2s.2p3.(3D*).3p""","=""2F""","=""7/2""",6,8,,"=""u21,LS""","=""L2109""",
"=""""","=""""","=""206.701""","=""0.021""","=""""","=""2.46e-02""",C,"=""0.0000""","=""5.9982""","=""2s2.2p3""","=""4S*""","=""3/2""","=""2s2.2p3""","=""2D*""","=""3/2""",4,4,M1,"=""T7663c11,T7010""","=""""",
"=""""","=""""","=""206.701""","=""0.021""","=""""","=""6.34e-04""",C,"=""0.0000""","=""5.9982""","=""2s2.2p3""","=""4S*""","=""3/2""","=""2s2.2p3""","=""2D*""","=""3/2""",4,4,E2,"=""T7010""","=""""",
"=""""","=""""","=""206.855""","=""0.021""","=""""","=""7.43e-04""",D+,"=""0.0000""","=""5.9938""","=""2s2.2p3""","=""4S*""","=""3/2""","=""2s2.2p3""","=""2D*""","=""5/2""",4,6,M1,"=""T7663c11,T7010""","=""""",
"=""""","=""""","=""206.855""","=""0.021""","=""""","=""9.82e-04""",C,"=""0.0000""","=""5.9938""","=""2s2.2p3""","=""4S*""","=""3/2""","=""2s2.2p3""","=""2D*""","=""5/2""",4,6,E2,"=""T7010""","=""""",
"=""""","=""""","=""211.5""","=""0.4""","=""""","=""1.44e+08""",B,"=""110.950""","=""116.813?""","=""2s.2p3.(3D*).3s""","=""2D*""","=""5/2""","=""2s2.2p2.(3P).4d""","=""2F""","=""7/2""",6,8,,"=""u21,LS""","=""""",
"=""""","=""""","=""219.35""","=""0.22""","=""""","=""2.07e+08""",B+,"=""99.4291""","=""105.082""","=""2s.2p3.(5S*).3s""","=""4S*""","=""3/2""","=""2s.2p3.(5S*).3p""","=""4P""","=""5/2""",4,6,,"=""T7663c11""","=""""",
"=""""","=""""","=""219.35""","=""0.22""","=""""","=""2.07e+08""",B+,"=""99.4291""","=""105.082""","=""2s.2p3.(5S*).3s""","=""4S*""","=""3/2""","=""2s.2p3.(5S*).3p""","=""4P""","=""3/2""",4,4,,"=""T7663c11""","=""""",
"=""""","=""""","=""219.35""","=""0.22""","=""""","=""2.07e+08""",B,"=""99.4291""","=""105.082""","=""2s.2p3.(5S*).3s""","=""4S*""","=""3/2""","=""2s.2p3.(5S*).3p""","=""4P""","=""1/2""",4,2,,"=""T7663c11""","=""""",
"=""""","=""""","=""229.5""","=""0.5""","=""""","=""3.42e+07""",C,"=""110.950""","=""116.352?""","=""2s.2p3.(3D*).3s""","=""2D*""","=""5/2""","=""2s2.2p2.(3P).4d""","=""2P""","=""3/2""",6,4,,"=""u21,LS""","=""""",
"=""""","=""""","=""229.5""","=""0.5""","=""""","=""3.80e+06""",D,"=""110.950""","=""116.352?""","=""2s.2p3.(3D*).3s""","=""2D*""","=""3/2""","=""2s2.2p2.(3P).4d""","=""2P""","=""3/2""",4,4,,"=""u21,LS""","=""""",
"=""""","=""""","=""268.7""","=""0.7""","=""""","=""7.44e+05""",D,"=""120.776?""","=""125.390""","=""2s2.2p2.(1D).4d""","=""2F""","=""5/2""","=""2s.2p3.(3D*).3d""","=""2F*""","=""5/2""",6,6,,"=""u21,LS""","=""""",
"=""""","=""""","=""268.7""","=""0.7""","=""""","=""3.03e+04""",E,"=""120.776?""","=""125.390""","=""2s2.2p2.(1D).4d""","=""2F""","=""7/2""","=""2s.2p3.(3D*).3d""","=""2F*""","=""5/2""",8,6,,"=""u21,LS""","=""""",
"=""""","=""""","=""272.2""","=""0.7""","=""""","=""5.91e+05""",D,"=""120.776?""","=""125.331""","=""2s2.2p2.(1D).4d""","=""2F""","=""7/2""","=""2s.2p3.(3D*).3d""","=""2F*""","=""7/2""",8,8,,"=""u21,LS""","=""""",
"=""""","=""""","=""272.2""","=""0.7""","=""""","=""2.19e+04""",E,"=""120.776?""","=""125.331""","=""2s2.2p2.(1D).4d""","=""2F""","=""5/2""","=""2s.2p3.(3D*).3d""","=""2F*""","=""7/2""",6,8,,"=""u21,LS""","=""""",
"=""""","=""""","=""273.8""","=""0.6""","=""""","=""1.98e+06""",D+,"=""120.861""","=""125.390""","=""2s2.2p2.(1D).4d?""","=""2D?""","=""3/2""","=""2s.2p3.(3D*).3d""","=""2F*""","=""5/2""",4,6,,"=""u21,LS""","=""""",
"=""""","=""""","=""273.8""","=""0.6""","=""""","=""1.41e+05""",E,"=""120.861""","=""125.390""","=""2s2.2p2.(1D).4d?""","=""2D?""","=""5/2""","=""2s.2p3.(3D*).3d""","=""2F*""","=""5/2""",6,6,,"=""u21,LS""","=""""",
"=""""","=""""","=""277.4""","=""0.5""","=""""","=""2.03e+06""",D+,"=""120.861""","=""125.331""","=""2s2.2p2.(1D).4d?""","=""2D?""","=""5/2""","=""2s.2p3.(3D*).3d""","=""2F*""","=""7/2""",6,8,,"=""u21,LS""","=""""",
"=""""","=""""","=""294.4""","=""0.7""","=""""","=""1.40e+07""",C,"=""110.950""","=""115.161?""","=""2s.2p3.(3D*).3s""","=""2D*""","=""5/2""","=""2s2.2p2.(1D).4s""","=""2D""","=""5/2""",6,6,,"=""u21,LS""","=""""",
"=""""","=""""","=""294.4""","=""0.7""","=""""","=""1.35e+07""",C,"=""110.950""","=""115.161?""","=""2s.2p3.(3D*).3s""","=""2D*""","=""3/2""","=""2s2.2p2.(1D).4s""","=""2D""","=""3/2""",4,4,,"=""u21,LS""","=""""",
"=""""","=""""","=""294.4""","=""0.7""","=""""","=""1.50e+06""",D,"=""110.950""","=""115.161?""","=""2s.2p3.(3D*).3s""","=""2D*""","=""5/2""","=""2s2.2p2.(1D).4s""","=""2D""","=""3/2""",6,4,,"=""u21,LS""","=""""",
"=""""","=""""","=""294.4""","=""0.7""","=""""","=""1.00e+06""",D,"=""110.950""","=""115.161?""","=""2s.2p3.(3D*).3s""","=""2D*""","=""3/2""","=""2s2.2p2.(1D).4s""","=""2D""","=""5/2""",4,6,,"=""u21,LS""","=""""",
"=""""","=""""","=""324.9""","=""0.5""","=""""","=""3.08e+05""",D,"=""105.082""","=""108.898""","=""2s.2p3.(5S*).3p""","=""4P""","=""5/2""","=""2s.2p3.(3D*).3s""","=""4D*""","=""7/2""",6,8,,"=""u21,LS""","=""""",
"=""""","=""""","=""324.9""","=""0.5""","=""""","=""2.15e+05""",E,"=""105.082""","=""108.898""","=""2s.2p3.(5S*).3p""","=""4P""","=""3/2""","=""2s.2p3.(3D*).3s""","=""4D*""","=""5/2""",4,6,,"=""u21,LS""","=""""",
"=""""","=""""","=""324.9""","=""0.5""","=""""","=""1.28e+05""",E,"=""105.082""","=""108.898""","=""2s.2p3.(5S*).3p""","=""4P""","=""1/2""","=""2s.2p3.(3D*).3s""","=""4D*""","=""3/2""",2,4,,"=""u21,LS""","=""""",
"=""""","=""""","=""324.9""","=""0.5""","=""""","=""9.23e+04""",E,"=""105.082""","=""108.898""","=""2s.2p3.(5S*).3p""","=""4P""","=""5/2""","=""2s.2p3.(3D*).3s""","=""4D*""","=""5/2""",6,6,,"=""u21,LS""","=""""",
"=""""","=""""","=""324.9""","=""0.5""","=""""","=""1.64e+05""",E,"=""105.082""","=""108.898""","=""2s.2p3.(5S*).3p""","=""4P""","=""3/2""","=""2s.2p3.(3D*).3s""","=""4D*""","=""3/2""",4,4,,"=""u21,LS""","=""""",
"=""""","=""""","=""324.9""","=""0.5""","=""""","=""2.57e+05""",E,"=""105.082""","=""108.898""","=""2s.2p3.(5S*).3p""","=""4P""","=""1/2""","=""2s.2p3.(3D*).3s""","=""4D*""","=""1/2""",2,2,,"=""u21,LS""","=""""",
"=""""","=""""","=""324.9""","=""0.5""","=""""","=""1.54e+04""",E,"=""105.082""","=""108.898""","=""2s.2p3.(5S*).3p""","=""4P""","=""5/2""","=""2s.2p3.(3D*).3s""","=""4D*""","=""3/2""",6,4,,"=""u21,LS""","=""""",
"=""""","=""""","=""324.9""","=""0.5""","=""""","=""5.13e+04""",E,"=""105.082""","=""108.898""","=""2s.2p3.(5S*).3p""","=""4P""","=""3/2""","=""2s.2p3.(3D*).3s""","=""4D*""","=""1/2""",4,2,,"=""u21,LS""","=""""",
"=""""","=""""","=""347.7""","=""0.9""","=""""","=""2.55e+05""",D,"=""125.331""","=""128.896?""","=""2s.2p3.(3D*).3d""","=""2F*""","=""7/2""","=""2s2.2p2.(1D).5d""","=""2D""","=""5/2""",8,6,,"=""u21,LS""","=""""",
"=""""","=""""","=""353.6""","=""1.1""","=""""","=""2.54e+05""",E,"=""125.390""","=""128.896?""","=""2s.2p3.(3D*).3d""","=""2F*""","=""5/2""","=""2s2.2p2.(1D).5d""","=""2D""","=""3/2""",6,4,,"=""u21,LS""","=""""",
"=""""","=""""","=""353.6""","=""1.1""","=""""","=""1.21e+04""",E,"=""125.390""","=""128.896?""","=""2s.2p3.(3D*).3d""","=""2F*""","=""5/2""","=""2s2.2p2.(1D).5d""","=""2D""","=""5/2""",6,6,,"=""u21,LS""","=""""",
"=""""","=""""","=""355.6""","=""1.3""","=""""","=""2.89e+05""",D,"=""125.331""","=""128.817?""","=""2s.2p3.(3D*).3d""","=""2F*""","=""7/2""","=""2s2.2p2.(1D).5d""","=""2F""","=""7/2""",8,8,,"=""u21,LS""","=""""",
"=""""","=""""","=""355.6""","=""1.3""","=""""","=""1.43e+04""",E,"=""125.331""","=""128.817?""","=""2s.2p3.(3D*).3d""","=""2F*""","=""7/2""","=""2s2.2p2.(1D).5d""","=""2F""","=""5/2""",8,6,,"=""u21,LS""","=""""",
"=""""","=""""","=""361.8""","=""1.5""","=""""","=""3.32e+05""",D,"=""125.390""","=""128.817?""","=""2s.2p3.(3D*).3d""","=""2F*""","=""5/2""","=""2s2.2p2.(1D).5d""","=""2F""","=""5/2""",6,6,,"=""u21,LS""","=""""",
"=""""","=""""","=""361.8""","=""1.5""","=""""","=""1.02e+04""",E,"=""125.390""","=""128.817?""","=""2s.2p3.(3D*).3d""","=""2F*""","=""5/2""","=""2s2.2p2.(1D).5d""","=""2F""","=""7/2""",6,8,,"=""u21,LS""","=""""",
"=""""","=""""","=""372.7""","=""1.2""","=""""","=""7.87e+06""",C,"=""110.624""","=""113.950""","=""2s2.2p2.(3P).4s""","=""4P""","=""1/2""","=""2s.2p3.(3P*).3s""","=""4P*""","=""1/2""",2,2,,"=""u21,LS""","=""""",
"=""""","=""""","=""372.7""","=""1.2""","=""""","=""1.96e+07""",C+,"=""110.624""","=""113.950""","=""2s2.2p2.(3P).4s""","=""4P""","=""1/2""","=""2s.2p3.(3P*).3s""","=""4P*""","=""3/2""",2,4,,"=""u21,LS""","=""""",
"=""""","=""""","=""396.0""","=""1.8""","=""""","=""2.75e+07""",B,"=""110.820""","=""113.950""","=""2s2.2p2.(3P).4s""","=""4P""","=""5/2""","=""2s.2p3.(3P*).3s""","=""4P*""","=""5/2""",6,6,,"=""u21,LS""","=""""",
"=""""","=""""","=""396.0""","=""1.8""","=""""","=""1.77e+07""",C+,"=""110.820""","=""113.950""","=""2s2.2p2.(3P).4s""","=""4P""","=""5/2""","=""2s.2p3.(3P*).3s""","=""4P*""","=""3/2""",6,4,,"=""u21,LS""","=""""",
"=""""","=""""","=""401.22""","=""0.08""","=""""","=""6.56e-01""",B,"=""5.9938""","=""9.08396""","=""2s2.2p3""","=""2D*""","=""5/2""","=""2s2.2p3""","=""2P*""","=""3/2""",6,4,M1,"=""T7663c11,T7010""","=""""",
"=""""","=""""","=""401.22""","=""0.08""","=""""","=""2.26e-01""",B+,"=""5.9938""","=""9.08396""","=""2s2.2p3""","=""2D*""","=""5/2""","=""2s2.2p3""","=""2P*""","=""3/2""",6,4,E2,"=""T7010""","=""""",
"=""""","=""""","=""401.77""","=""0.08""","=""""","=""1.29e-01""",B+,"=""5.9938""","=""9.07970""","=""2s2.2p3""","=""2D*""","=""5/2""","=""2s2.2p3""","=""2P*""","=""1/2""",6,2,E2,"=""T7010""","=""""",
"=""""","=""""","=""401.80""","=""0.08""","=""""","=""1.16e+00""",B,"=""5.9982""","=""9.08396""","=""2s2.2p3""","=""2D*""","=""3/2""","=""2s2.2p3""","=""2P*""","=""3/2""",4,4,M1,"=""T7663c11,T7010""","=""""",
"=""""","=""""","=""401.80""","=""0.08""","=""""","=""9.47e-02""",B+,"=""5.9982""","=""9.08396""","=""2s2.2p3""","=""2D*""","=""3/2""","=""2s2.2p3""","=""2P*""","=""3/2""",4,4,E2,"=""T7010""","=""""",
"=""""","=""""","=""402.35""","=""0.08""","=""""","=""7.22e-01""",B,"=""5.9982""","=""9.07970""","=""2s2.2p3""","=""2D*""","=""3/2""","=""2s2.2p3""","=""2P*""","=""1/2""",4,2,M1,"=""T7663c11,T7010""","=""""",
"=""""","=""""","=""402.35""","=""0.08""","=""""","=""1.92e-01""",B+,"=""5.9982""","=""9.07970""","=""2s2.2p3""","=""2D*""","=""3/2""","=""2s2.2p3""","=""2P*""","=""1/2""",4,2,E2,"=""T7010""","=""""",
"=""""","=""""","=""431.3""","=""0.3""","=""""","=""6.61e-01""",C+,"=""43.4887""","=""46.3633""","=""2s.2p4""","=""2S""","=""1/2""","=""2s.2p4""","=""2P""","=""1/2""",2,2,M1,"=""T7663c11""","=""""",
"=""""","=""""","=""454.9""","=""0.3""","=""""","=""1.41e-01""",C+,"=""43.4887""","=""46.2144""","=""2s.2p4""","=""2S""","=""1/2""","=""2s.2p4""","=""2P""","=""3/2""",2,4,M1,"=""T7663c11""","=""""",
"=""""","=""""","=""457.5""","=""1.1""","=""""","=""2.42e+06""",C,"=""113.950""","=""116.6605""","=""2s.2p3.(3P*).3s""","=""4P*""","=""3/2""","=""2s2.2p2.(3P).4d""","=""4P""","=""3/2""",4,4,,"=""u21,LS""","=""""",
"=""""","=""""","=""457.5""","=""1.1""","=""""","=""8.18e+06""",C+,"=""113.950""","=""116.6605""","=""2s.2p3.(3P*).3s""","=""4P*""","=""5/2""","=""2s2.2p2.(3P).4d""","=""4P""","=""3/2""",6,4,,"=""u21,LS""","=""""",
"=""""","=""""","=""457.5""","=""1.1""","=""""","=""7.55e+06""",C+,"=""113.950""","=""116.6605""","=""2s.2p3.(3P*).3s""","=""4P*""","=""1/2""","=""2s2.2p2.(3P).4d""","=""4P""","=""3/2""",2,4,,"=""u21,LS""","=""""",
"=""""","=""""","=""461.9""","=""2.2""","=""""","=""1.23e+07""",B,"=""113.950""","=""116.634""","=""2s.2p3.(3P*).3s""","=""4P*""","=""5/2""","=""2s2.2p2.(3P).4d""","=""4P""","=""5/2""",6,6,,"=""u21,LS""","=""""",
"=""""","=""""","=""461.9""","=""2.2""","=""""","=""5.29e+06""",C+,"=""113.950""","=""116.634""","=""2s.2p3.(3P*).3s""","=""4P*""","=""3/2""","=""2s2.2p2.(3P).4d""","=""4P""","=""5/2""",4,6,,"=""u21,LS""","=""""",
"=""""","=""""","=""481.0""","=""1.8""","=""""","=""1.96e+07""",C+,"=""113.950""","=""116.528""","=""2s.2p3.(3P*).3s""","=""4P*""","=""1/2""","=""2s2.2p2.(3P).4d""","=""4D""","=""1/2""",2,2,,"=""u21,LS""","=""""",
"=""""","=""""","=""481.0""","=""1.8""","=""""","=""3.92e+06""",C,"=""113.950""","=""116.528""","=""2s.2p3.(3P*).3s""","=""4P*""","=""3/2""","=""2s2.2p2.(3P).4d""","=""4D""","=""1/2""",4,2,,"=""u21,LS""","=""""",
"=""""","=""""","=""500""","=""3""","=""""","=""1.46e+07""",B,"=""113.950""","=""116.429""","=""2s.2p3.(3P*).3s""","=""4P*""","=""3/2""","=""2s2.2p2.(3P).4d""","=""4D""","=""5/2""",4,6,,"=""u21,LS""","=""""",
"=""""","=""""","=""500""","=""3""","=""""","=""8.72e+06""",C+,"=""113.950""","=""116.429""","=""2s.2p3.(3P*).3s""","=""4P*""","=""1/2""","=""2s2.2p2.(3P).4d""","=""4D""","=""3/2""",2,4,,"=""u21,LS""","=""""",
"=""""","=""""","=""500""","=""3""","=""""","=""6.26e+06""",C+,"=""113.950""","=""116.429""","=""2s.2p3.(3P*).3s""","=""4P*""","=""5/2""","=""2s2.2p2.(3P).4d""","=""4D""","=""5/2""",6,6,,"=""u21,LS""","=""""",
"=""""","=""""","=""500""","=""3""","=""""","=""1.11e+07""",C+,"=""113.950""","=""116.429""","=""2s.2p3.(3P*).3s""","=""4P*""","=""3/2""","=""2s2.2p2.(3P).4d""","=""4D""","=""3/2""",4,4,,"=""u21,LS""","=""""",
"=""""","=""""","=""500""","=""3""","=""""","=""1.05e+06""",D+,"=""113.950""","=""116.429""","=""2s.2p3.(3P*).3s""","=""4P*""","=""5/2""","=""2s2.2p2.(3P).4d""","=""4D""","=""3/2""",6,4,,"=""u21,LS""","=""""",
"=""""","=""""","=""645""","=""4""","=""""","=""1.95e+06""",C+,"=""108.898""","=""110.820""","=""2s.2p3.(3D*).3s""","=""4D*""","=""7/2""","=""2s2.2p2.(3P).4s""","=""4P""","=""5/2""",8,6,,"=""u21,LS""","=""""",
"=""""","=""""","=""645""","=""4""","=""""","=""4.37e+05""",C,"=""108.898""","=""110.820""","=""2s.2p3.(3D*).3s""","=""4D*""","=""5/2""","=""2s2.2p2.(3P).4s""","=""4P""","=""5/2""",6,6,,"=""u21,LS""","=""""",
"=""""","=""""","=""645""","=""4""","=""""","=""4.87e+04""",D,"=""108.898""","=""110.820""","=""2s.2p3.(3D*).3s""","=""4D*""","=""3/2""","=""2s2.2p2.(3P).4s""","=""4P""","=""5/2""",4,6,,"=""u21,LS""","=""""",
"=""""","=""""","=""718""","=""4""","=""""","=""8.81e+05""",C,"=""108.898""","=""110.624""","=""2s.2p3.(3D*).3s""","=""4D*""","=""3/2""","=""2s2.2p2.(3P).4s""","=""4P""","=""1/2""",4,2,,"=""u21,LS""","=""""",
"=""""","=""""","=""718""","=""4""","=""""","=""8.81e+05""",C,"=""108.898""","=""110.624""","=""2s.2p3.(3D*).3s""","=""4D*""","=""1/2""","=""2s2.2p2.(3P).4s""","=""4P""","=""1/2""",2,2,,"=""u21,LS""","=""""",
"=""""","=""""","=""2580""","=""70""","=""""","=""4.15e+03""",C,"=""98.948""","=""99.4291""","=""2s2.2p2.(3P).3d""","=""2F""","=""5/2""","=""2s.2p3.(5S*).3s""","=""4S*""","=""3/2""",6,4,,"=""T7663c11""","=""""",
"=""""","=""""","=""2650""","=""70""","=""""","=""1.17e+04""",C+,"=""98.960""","=""99.4291""","=""2s2.2p2.(3P).3d""","=""4P""","=""5/2""","=""2s.2p3.(5S*).3s""","=""4S*""","=""3/2""",6,4,,"=""T7663c11""","=""""",
"=""""","=""""","=""3000""","=""90""","=""""","=""7.23e+03""",C+,"=""99.016""","=""99.4291""","=""2s2.2p2.(3P).3d""","=""4P""","=""3/2""","=""2s.2p3.(5S*).3s""","=""4S*""","=""3/2""",4,4,,"=""T7663c11""","=""""",
"=""""","=""""","=""3240""","=""110""","=""""","=""2.93e+03""",C,"=""99.046""","=""99.4291""","=""2s2.2p2.(3P).3d""","=""4P""","=""1/2""","=""2s.2p3.(5S*).3s""","=""4S*""","=""3/2""",2,4,,"=""T7663c11""","=""""",
"=""""","=""""","=""3280""","=""60""","=""""","=""4.17e+03""",D+,"=""110.950""","=""111.328?""","=""2s.2p3.(3D*).3s""","=""2D*""","=""5/2""","=""2s2.2p2.(3P).4s""","=""2P""","=""3/2""",6,4,,"=""u21,LS""","=""""",
"=""""","=""""","=""3280""","=""60""","=""""","=""4.64e+02""",D,"=""110.950""","=""111.328?""","=""2s.2p3.(3D*).3s""","=""2D*""","=""3/2""","=""2s2.2p2.(3P).4s""","=""2P""","=""3/2""",4,4,,"=""u21,LS""","=""""",
"=""""","=""""","=""5380""","=""220""","=""""","=""1.04e+03""",D+,"=""110.950""","=""111.180?""","=""2s.2p3.(3D*).3s""","=""2D*""","=""3/2""","=""2s2.2p2.(3P).4s""","=""2P""","=""1/2""",4,2,,"=""u21,LS""","=""""",
"=""""","=""""","=""8300""","=""400""","=""""","=""1.54e-02""",B,"=""84.712""","=""84.861""","=""2s2.2p2.(3P).3s""","=""2P""","=""1/2""","=""2s2.2p2.(3P).3s""","=""2P""","=""3/2""",2,4,M1,"=""T7663c11""","=""""",
"=""""","=""""","=""8330""","=""100""","=""""","=""3.11e-02""",B+,"=""46.2144""","=""46.3633""","=""2s.2p4""","=""2P""","=""3/2""","=""2s.2p4""","=""2P""","=""1/2""",4,2,M1,"=""T7663c11""","=""""",
"=""""","=""""","=""9650""","=""70""","=""""","=""2.70e-02""",A,"=""26.7632""","=""26.8917""","=""2s.2p4""","=""4P""","=""5/2""","=""2s.2p4""","=""4P""","=""3/2""",6,4,M1,"=""T7663c11""","=""""",
"=""""","=""""","=""10300""","=""700""","=""""","=""1.46e-02""",B+,"=""83.291""","=""83.411""","=""2s2.2p2.(3P).3s""","=""4P""","=""3/2""","=""2s2.2p2.(3P).3s""","=""4P""","=""5/2""",4,6,M1,"=""T7663c11""","=""""",
"=""""","=""""","=""15300""","=""1700""","=""""","=""6.28e-03""",B+,"=""83.210""","=""83.291""","=""2s2.2p2.(3P).3s""","=""4P""","=""1/2""","=""2s2.2p2.(3P).3s""","=""4P""","=""3/2""",2,4,M1,"=""T7663c11""","=""""",
"=""""","=""""","=""18380""","=""240""","=""""","=""7.24e-03""",A,"=""26.8917""","=""26.9591""","=""2s.2p4""","=""4P""","=""3/2""","=""2s.2p4""","=""4P""","=""1/2""",4,2,M1,"=""T7663c11""","=""""",
"=""""","=""""","=""280000""","=""50000""","=""""","=""6.4e-19""",D,"=""5.9938""","=""5.9982""","=""2s2.2p3""","=""2D*""","=""5/2""","=""2s2.2p3""","=""2D*""","=""3/2""",6,4,E2,"=""T7663c11,T7010""","=""""",
"=""""","=""""","=""280000""","=""50000""","=""""","=""2.53e-07""",B,"=""5.9938""","=""5.9982""","=""2s2.2p3""","=""2D*""","=""5/2""","=""2s2.2p3""","=""2D*""","=""3/2""",6,4,M1,"=""T7663c11,T7010""","=""""",
"=""""","=""""","=""291000""","=""6000""","=""""","=""1.70e-20""",D+,"=""9.07970""","=""9.08396""","=""2s2.2p3""","=""2P*""","=""1/2""","=""2s2.2p3""","=""2P*""","=""3/2""",2,4,E2,"=""T7010""","=""""",
"=""""","=""""","=""291000""","=""6000""","=""""","=""5.33e-07""",B,"=""9.07970""","=""9.08396""","=""2s2.2p3""","=""2P*""","=""1/2""","=""2s2.2p3""","=""2P*""","=""3/2""",2,4,M1,"=""T7663c11,T7010""","=""""",
