obs_wl_vac(nm),ritz_wl_vac(nm),intens,Aki(s^-1),Acc,Ei(eV),Ek(eV),conf_i,term_i,J_i,conf_k,term_k,J_k,g_i,g_k,Type,tp_ref,line_ref,
"=""""","=""16.12022""","=""""","=""6.28e+07""",D,"=""8.33288""","=""85.24512""","=""1s2.2s.2p""","=""3P*""","=""0""","=""1s2.2p.(2P*).10p""","=""3P""","=""1""",1,3,,"=""T5600c20,LS""","=""""",
"=""""","=""16.12186""","=""""","=""4.71e+07""",D,"=""8.34070""","=""85.24512""","=""1s2.2s.2p""","=""3P*""","=""1""","=""1s2.2p.(2P*).10p""","=""3P""","=""1""",3,3,,"=""T5600c20,LS""","=""""",
"=""""","=""16.12186""","=""""","=""1.88e+08""",D,"=""8.34070""","=""85.24512""","=""1s2.2s.2p""","=""3P*""","=""1""","=""1s2.2p.(2P*).10p""","=""3P""","=""0""",3,1,,"=""T5600c20,LS""","=""""",
"=""""","=""16.12186""","=""""","=""4.71e+07""",D,"=""8.34070""","=""85.24512""","=""1s2.2s.2p""","=""3P*""","=""1""","=""1s2.2p.(2P*).10p""","=""3P""","=""2""",3,5,,"=""T5600c20,LS""","=""""",
"=""""","=""16.12560""","=""""","=""1.42e+08""",C,"=""8.35856""","=""85.24512""","=""1s2.2s.2p""","=""3P*""","=""2""","=""1s2.2p.(2P*).10p""","=""3P""","=""2""",5,5,,"=""T5600c20""","=""""",
"=""""","=""16.12560""","=""""","=""7.84e+07""",D,"=""8.35856""","=""85.24512""","=""1s2.2s.2p""","=""3P*""","=""2""","=""1s2.2p.(2P*).10p""","=""3P""","=""1""",5,3,,"=""T5600c20,LS""","=""""",
"=""""","=""16.23194""","=""""","=""8.63e+07""",D,"=""8.33288""","=""84.71572""","=""1s2.2s.2p""","=""3P*""","=""0""","=""1s2.2p.(2P*).9p""","=""3P""","=""1""",1,3,,"=""T5600c20,LS""","=""""",
"=""""","=""16.23361""","=""""","=""6.47e+07""",D,"=""8.34070""","=""84.71572""","=""1s2.2s.2p""","=""3P*""","=""1""","=""1s2.2p.(2P*).9p""","=""3P""","=""1""",3,3,,"=""T5600c20,LS""","=""""",
"=""""","=""16.23361""","=""""","=""2.59e+08""",D,"=""8.34070""","=""84.71572""","=""1s2.2s.2p""","=""3P*""","=""1""","=""1s2.2p.(2P*).9p""","=""3P""","=""0""",3,1,,"=""T5600c20,LS""","=""""",
"=""""","=""16.23361""","=""""","=""6.47e+07""",D,"=""8.34070""","=""84.71572""","=""1s2.2s.2p""","=""3P*""","=""1""","=""1s2.2p.(2P*).9p""","=""3P""","=""2""",3,5,,"=""T5600c20,LS""","=""""",
"=""""","=""16.23740""","=""""","=""1.94e+08""",C,"=""8.35856""","=""84.71572""","=""1s2.2s.2p""","=""3P*""","=""2""","=""1s2.2p.(2P*).9p""","=""3P""","=""2""",5,5,,"=""T5600c20""","=""""",
"=""""","=""16.23740""","=""""","=""1.08e+08""",D,"=""8.35856""","=""84.71572""","=""1s2.2s.2p""","=""3P*""","=""2""","=""1s2.2p.(2P*).9p""","=""3P""","=""1""",5,3,,"=""T5600c20,LS""","=""""",
"=""""","=""16.39163""","=""""","=""1.23e+08""",D,"=""8.33288""","=""83.97158""","=""1s2.2s.2p""","=""3P*""","=""0""","=""1s2.2p.(2P*).8p""","=""3P""","=""1""",1,3,,"=""T5633LS""","=""""",
"=""""","=""16.39333""","=""""","=""9.20e+07""",D,"=""8.34070""","=""83.97158""","=""1s2.2s.2p""","=""3P*""","=""1""","=""1s2.2p.(2P*).8p""","=""3P""","=""1""",3,3,,"=""T5633LS""","=""""",
"=""""","=""16.39333""","=""""","=""3.68e+08""",D,"=""8.34070""","=""83.97158""","=""1s2.2s.2p""","=""3P*""","=""1""","=""1s2.2p.(2P*).8p""","=""3P""","=""0""",3,1,,"=""T5633LS""","=""""",
"=""""","=""16.39333""","=""""","=""9.20e+07""",C,"=""8.34070""","=""83.97158""","=""1s2.2s.2p""","=""3P*""","=""1""","=""1s2.2p.(2P*).8p""","=""3P""","=""2""",3,5,,"=""T5633LS""","=""""",
"=""""","=""16.39720""","=""""","=""2.76e+08""",C+,"=""8.35856""","=""83.97158""","=""1s2.2s.2p""","=""3P*""","=""2""","=""1s2.2p.(2P*).8p""","=""3P""","=""2""",5,5,,"=""T5633LS""","=""""",
"=""""","=""16.39720""","=""""","=""1.53e+08""",C,"=""8.35856""","=""83.97158""","=""1s2.2s.2p""","=""3P*""","=""2""","=""1s2.2p.(2P*).8p""","=""3P""","=""1""",5,3,,"=""T5633LS""","=""""",
"=""""","=""16.47940""","=""""","=""3.23e+08""",C,"=""0.00000""","=""75.23587""","=""1s2.2s2""","=""1S""","=""0""","=""1s2.2s.10p""","=""1P*""","=""1""",1,3,,"=""T5600c20""","=""""",
"=""""","=""16.59450""","=""""","=""3.29e+08""",C,"=""0.00000""","=""74.71403""","=""1s2.2s2""","=""1S""","=""0""","=""1s2.2s.9p""","=""1P*""","=""1""",1,3,,"=""T5600c20""","=""""",
"=""""","=""16.63197""","=""""","=""1.81e+08""",C,"=""8.33288""","=""82.87859""","=""1s2.2s.2p""","=""3P*""","=""0""","=""1s2.2p.(2P*).7p""","=""3P""","=""1""",1,3,,"=""T5633LS""","=""""",
"=""""","=""16.63372""","=""""","=""1.36e+08""",D,"=""8.34070""","=""82.87859""","=""1s2.2s.2p""","=""3P*""","=""1""","=""1s2.2p.(2P*).7p""","=""3P""","=""1""",3,3,,"=""T5633LS""","=""""",
"=""""","=""16.63372""","=""""","=""5.43e+08""",C,"=""8.34070""","=""82.87859""","=""1s2.2s.2p""","=""3P*""","=""1""","=""1s2.2p.(2P*).7p""","=""3P""","=""0""",3,1,,"=""T5633LS""","=""""",
"=""""","=""16.63372""","=""""","=""1.36e+08""",C,"=""8.34070""","=""82.87859""","=""1s2.2s.2p""","=""3P*""","=""1""","=""1s2.2p.(2P*).7p""","=""3P""","=""2""",3,5,,"=""T5633LS""","=""""",
"=""""","=""16.63770""","=""""","=""4.07e+08""",C+,"=""8.35856""","=""82.87859""","=""1s2.2s.2p""","=""3P*""","=""2""","=""1s2.2p.(2P*).7p""","=""3P""","=""2""",5,5,,"=""T5633LS""","=""""",
"=""""","=""16.63770""","=""""","=""2.26e+08""",C,"=""8.35856""","=""82.87859""","=""1s2.2s.2p""","=""3P*""","=""2""","=""1s2.2p.(2P*).7p""","=""3P""","=""1""",5,3,,"=""T5633LS""","=""""",
"=""""","=""16.70737""","=""""","=""4.20e+08""",C,"=""0.00000""","=""74.20928""","=""1s2.2s2""","=""1S""","=""0""","=""1s2.2p.(2P*<3/2>).4d""","=""1P*""","=""1""",1,3,,"=""T5633""","=""""",
"=""""","=""16.77090""","=""""","=""1.02e+09""",C+,"=""0.00000""","=""73.92817""","=""1s2.2s2""","=""1S""","=""0""","=""1s2.2s.8p""","=""1P*""","=""1""",1,3,,"=""T5633""","=""""",
"=""""","=""17.00740""","=""""","=""1.00e+09""",C+,"=""0.00000""","=""72.90015""","=""1s2.2s2""","=""1S""","=""0""","=""1s2.2s.7p""","=""1P*""","=""1""",1,3,,"=""T5633""","=""""",
"=""""","=""17.01890""","=""""","=""2.85e+08""",C,"=""8.33288""","=""81.18377""","=""1s2.2s.2p""","=""3P*""","=""0""","=""1s2.2p.(2P*).6p""","=""3P""","=""1""",1,3,,"=""T5633LS""","=""""",
"=""""","=""17.02073""","=""""","=""2.13e+08""",C,"=""8.34070""","=""81.18377""","=""1s2.2s.2p""","=""3P*""","=""1""","=""1s2.2p.(2P*).6p""","=""3P""","=""1""",3,3,,"=""T5633LS""","=""""",
"=""""","=""17.02073""","=""""","=""8.54e+08""",C,"=""8.34070""","=""81.18377""","=""1s2.2s.2p""","=""3P*""","=""1""","=""1s2.2p.(2P*).6p""","=""3P""","=""0""",3,1,,"=""T5633LS""","=""""",
"=""""","=""17.02073""","=""""","=""2.13e+08""",C,"=""8.34070""","=""81.18377""","=""1s2.2s.2p""","=""3P*""","=""1""","=""1s2.2p.(2P*).6p""","=""3P""","=""2""",3,5,,"=""T5633LS""","=""""",
"=""""","=""17.02490""","=""""","=""6.40e+08""",C+,"=""8.35856""","=""81.18377""","=""1s2.2s.2p""","=""3P*""","=""2""","=""1s2.2p.(2P*).6p""","=""3P""","=""2""",5,5,,"=""T5633LS""","=""""",
"=""""","=""17.02490""","=""""","=""3.55e+08""",C,"=""8.35856""","=""81.18377""","=""1s2.2s.2p""","=""3P*""","=""2""","=""1s2.2p.(2P*).6p""","=""3P""","=""1""",5,3,,"=""T5633LS""","=""""",
"=""""","=""17.21711""","=""""","=""5.85e+06""",D,"=""0.00000""","=""72.01219""","=""1s2.2s2""","=""1S""","=""0""","=""1s2.2p.(2P*<3/2>).4s""","=""1P*""","=""1""",1,3,,"=""T5600c20""","=""""",
"=""""","=""17.46020""","=""""","=""1.70e+09""",B,"=""0.00000""","=""71.00961""","=""1s2.2s2""","=""1S""","=""0""","=""1s2.2s.6p""","=""1P*""","=""1""",1,3,,"=""T5633""","=""""",
"=""18.175""","=""18.17413""","=""400""","=""2.80e+09""",B,"=""0.00000""","=""68.22015""","=""1s2.2s2""","=""1S""","=""0""","=""1s2.2s.5p""","=""1P*""","=""1""",1,3,,"=""T5633""","=""L1356""",
"=""""","=""18.31460""","=""""","=""3.63e+08""",C+,"=""16.20398""","=""83.90090""","=""1s2.2s.2p""","=""1P*""","=""1""","=""1s2.2p.(2P*<1/2>).8p""","=""1P""","=""1""",3,3,,"=""T5633""","=""""",
"=""""","=""18.52349""","=""""","=""3.07e+08""",C,"=""8.33288""","=""75.26637""","=""1s2.2s.2p""","=""3P*""","=""0""","=""1s2.2s.10d""","=""3D""","=""1""",1,3,,"=""T5600c20""","=""""",
"=""""","=""18.52566""","=""""","=""4.15e+08""",C+,"=""8.34070""","=""75.26637""","=""1s2.2s.2p""","=""3P*""","=""1""","=""1s2.2s.10d""","=""3D""","=""2""",3,5,,"=""T5600c20""","=""""",
"=""""","=""18.52566""","=""""","=""2.32e+08""",C,"=""8.34070""","=""75.26637""","=""1s2.2s.2p""","=""3P*""","=""1""","=""1s2.2s.10d""","=""3D""","=""1""",3,3,,"=""T5600c20,LS""","=""""",
"=""""","=""18.53060""","=""""","=""5.52e+08""",B,"=""8.35856""","=""75.26637""","=""1s2.2s.2p""","=""3P*""","=""2""","=""1s2.2s.10d""","=""3D""","=""3""",5,7,,"=""T5600c20""","=""""",
"=""""","=""18.53060""","=""""","=""1.39e+08""",C,"=""8.35856""","=""75.26637""","=""1s2.2s.2p""","=""3P*""","=""2""","=""1s2.2s.10d""","=""3D""","=""2""",5,5,,"=""T5600c20,LS""","=""""",
"=""""","=""18.53060""","=""""","=""1.55e+07""",D,"=""8.35856""","=""75.26637""","=""1s2.2s.2p""","=""3P*""","=""2""","=""1s2.2s.10d""","=""3D""","=""1""",5,3,,"=""T5600c20,LS""","=""""",
"=""""","=""18.55517""","=""""","=""1.36e+07""",D,"=""8.33288""","=""75.15210""","=""1s2.2s.2p""","=""3P*""","=""0""","=""1s2.2s.10s""","=""3S""","=""1""",1,3,,"=""T5600c20,LS""","=""""",
"=""""","=""18.55734""","=""""","=""4.15e+07""",D,"=""8.34070""","=""75.15210""","=""1s2.2s.2p""","=""3P*""","=""1""","=""1s2.2s.10s""","=""3S""","=""1""",3,3,,"=""T5600c20""","=""""",
"=""""","=""18.56230""","=""""","=""6.91e+07""",D,"=""8.35856""","=""75.15210""","=""1s2.2s.2p""","=""3P*""","=""2""","=""1s2.2s.10s""","=""3S""","=""1""",5,3,,"=""T5600c20""","=""""",
"=""""","=""18.62180""","=""""","=""5.44e+08""",C+,"=""16.20398""","=""82.78411""","=""1s2.2s.2p""","=""1P*""","=""1""","=""1s2.2p.(2P*<1/2>).7p""","=""1P""","=""1""",3,3,,"=""T5633""","=""""",
"=""""","=""18.66868""","=""""","=""4.21e+08""",C,"=""8.33288""","=""74.74582""","=""1s2.2s.2p""","=""3P*""","=""0""","=""1s2.2s.9d""","=""3D""","=""1""",1,3,,"=""T5600c20""","=""""",
"=""""","=""18.67088""","=""""","=""5.67e+08""",C+,"=""8.34070""","=""74.74582""","=""1s2.2s.2p""","=""3P*""","=""1""","=""1s2.2s.9d""","=""3D""","=""2""",3,5,,"=""T5600c20""","=""""",
"=""""","=""18.67088""","=""""","=""3.14e+08""",C,"=""8.34070""","=""74.74582""","=""1s2.2s.2p""","=""3P*""","=""1""","=""1s2.2s.9d""","=""3D""","=""1""",3,3,,"=""T5600c20,LS""","=""""",
"=""""","=""18.67590""","=""""","=""7.56e+08""",B,"=""8.35856""","=""74.74582""","=""1s2.2s.2p""","=""3P*""","=""2""","=""1s2.2s.9d""","=""3D""","=""3""",5,7,,"=""T5600c20""","=""""",
"=""""","=""18.67590""","=""""","=""1.88e+08""",C,"=""8.35856""","=""74.74582""","=""1s2.2s.2p""","=""3P*""","=""2""","=""1s2.2s.9d""","=""3D""","=""2""",5,5,,"=""T5600c20,LS""","=""""",
"=""""","=""18.67590""","=""""","=""2.09e+07""",D,"=""8.35856""","=""74.74582""","=""1s2.2s.2p""","=""3P*""","=""2""","=""1s2.2s.9d""","=""3D""","=""1""",5,3,,"=""T5600c20,LS""","=""""",
"=""""","=""18.71214""","=""""","=""1.57e+07""",D,"=""8.33288""","=""74.59156""","=""1s2.2s.2p""","=""3P*""","=""0""","=""1s2.2s.9s""","=""3S""","=""1""",1,3,,"=""T5600c20""","=""""",
"=""""","=""18.71435""","=""""","=""4.70e+07""",D,"=""8.34070""","=""74.59156""","=""1s2.2s.2p""","=""3P*""","=""1""","=""1s2.2s.9s""","=""3S""","=""1""",3,3,,"=""T5600c20""","=""""",
"=""""","=""18.71940""","=""""","=""7.81e+07""",D,"=""8.35856""","=""74.59156""","=""1s2.2s.2p""","=""3P*""","=""2""","=""1s2.2s.9s""","=""3S""","=""1""",5,3,,"=""T5600c20""","=""""",
"=""""","=""18.85823""","=""""","=""1.01e+07""",D,"=""8.33288""","=""74.07828""","=""1s2.2s.2p""","=""3P*""","=""0""","=""1s2.2s.8s""","=""3S""","=""1""",1,3,,"=""T5633LS""","=""""",
"=""""","=""18.86048""","=""""","=""3.02e+07""",D,"=""8.34070""","=""74.07828""","=""1s2.2s.2p""","=""3P*""","=""1""","=""1s2.2s.8s""","=""3S""","=""1""",3,3,,"=""T5633LS""","=""""",
"=""""","=""18.86560""","=""""","=""5.03e+07""",D,"=""8.35856""","=""74.07828""","=""1s2.2s.2p""","=""3P*""","=""2""","=""1s2.2s.8s""","=""3S""","=""1""",5,3,,"=""T5633LS""","=""""",
"=""""","=""18.87442""","=""""","=""4.96e+08""",C+,"=""8.33288""","=""74.02189""","=""1s2.2s.2p""","=""3P*""","=""0""","=""1s2.2s.8d""","=""3D""","=""1""",1,3,,"=""T5633LS""","=""""",
"=""""","=""18.87667""","=""""","=""6.69e+08""",B,"=""8.34070""","=""74.02189""","=""1s2.2s.2p""","=""3P*""","=""1""","=""1s2.2s.8d""","=""3D""","=""2""",3,5,,"=""T5633LS""","=""""",
"=""""","=""18.87667""","=""""","=""3.72e+08""",C+,"=""8.34070""","=""74.02189""","=""1s2.2s.2p""","=""3P*""","=""1""","=""1s2.2s.8d""","=""3D""","=""1""",3,3,,"=""T5633LS""","=""""",
"=""""","=""18.88180""","=""""","=""8.91e+08""",B,"=""8.35856""","=""74.02189""","=""1s2.2s.2p""","=""3P*""","=""2""","=""1s2.2s.8d""","=""3D""","=""3""",5,7,,"=""T5633LS""","=""""",
"=""""","=""18.88180""","=""""","=""2.23e+08""",C+,"=""8.35856""","=""74.02189""","=""1s2.2s.2p""","=""3P*""","=""2""","=""1s2.2s.8d""","=""3D""","=""2""",5,5,,"=""T5633LS""","=""""",
"=""""","=""18.88180""","=""""","=""2.47e+07""",D,"=""8.35856""","=""74.02189""","=""1s2.2s.2p""","=""3P*""","=""2""","=""1s2.2s.8d""","=""3D""","=""1""",5,3,,"=""T5633LS""","=""""",
"=""""","=""18.93627""","=""""","=""2.00e+08""",C,"=""8.33288""","=""73.80733""","=""1s2.2s.2p""","=""3P*""","=""0""","=""1s2.2p.(2P*<3/2>).4p""","=""3S""","=""1""",1,3,,"=""T5633LS""","=""""",
"=""""","=""18.93853""","=""""","=""6.00e+08""",C+,"=""8.34070""","=""73.80733""","=""1s2.2s.2p""","=""3P*""","=""1""","=""1s2.2p.(2P*<3/2>).4p""","=""3S""","=""1""",3,3,,"=""T5633LS""","=""""",
"=""""","=""18.94370""","=""""","=""9.99e+08""",B,"=""8.35856""","=""73.80733""","=""1s2.2s.2p""","=""3P*""","=""2""","=""1s2.2p.(2P*<3/2>).4p""","=""3S""","=""1""",5,3,,"=""T5633LS""","=""""",
"=""""","=""19.12280""","=""""","=""8.79e+08""",C+,"=""16.20398""","=""81.03978""","=""1s2.2s.2p""","=""1P*""","=""1""","=""1s2.2p.(2P*<1/2>).6p""","=""1P""","=""1""",3,3,,"=""T5633""","=""""",
"=""""","=""19.16491""","=""""","=""6.52e+08""",B,"=""8.34070""","=""73.03405""","=""1s2.2s.2p""","=""3P*""","=""1""","=""1s2.2p.(2P*).4p""","=""3P""","=""2""",3,5,,"=""T5633LS""","=""""",
"=""""","=""19.16509""","=""""","=""8.69e+08""",C+,"=""8.33288""","=""73.02560""","=""1s2.2s.2p""","=""3P*""","=""0""","=""1s2.2p.(2P*).4p""","=""3P""","=""1""",1,3,,"=""T5633LS""","=""""",
"=""""","=""19.16741""","=""""","=""6.51e+08""",C+,"=""8.34070""","=""73.02560""","=""1s2.2s.2p""","=""3P*""","=""1""","=""1s2.2p.(2P*).4p""","=""3P""","=""1""",3,3,,"=""T5633LS""","=""""",
"=""19.17""","=""19.17020""","=""400""","=""1.95e+09""",B,"=""8.35856""","=""73.03405""","=""1s2.2s.2p""","=""3P*""","=""2""","=""1s2.2p.(2P*).4p""","=""3P""","=""2""",5,5,,"=""T5633LS""","=""L1356""",
"=""""","=""19.17270""","=""""","=""1.08e+09""",B,"=""8.35856""","=""73.02560""","=""1s2.2s.2p""","=""3P*""","=""2""","=""1s2.2p.(2P*).4p""","=""3P""","=""1""",5,3,,"=""T5633LS""","=""""",
"=""""","=""19.17480""","=""""","=""2.60e+09""",C+,"=""8.34070""","=""73.00067""","=""1s2.2s.2p""","=""3P*""","=""1""","=""1s2.2p.(2P*).4p""","=""3P""","=""0""",3,1,,"=""T5633LS""","=""""",
"=""""","=""19.18747""","=""""","=""7.27e+08""",C+,"=""8.33288""","=""72.95015""","=""1s2.2s.2p""","=""3P*""","=""0""","=""1s2.2s.7d""","=""3D""","=""1""",1,3,,"=""T5633LS""","=""""",
"=""""","=""19.18980""","=""""","=""9.81e+08""",B,"=""8.34070""","=""72.95015""","=""1s2.2s.2p""","=""3P*""","=""1""","=""1s2.2s.7d""","=""3D""","=""2""",3,5,,"=""T5633LS""","=""""",
"=""""","=""19.18980""","=""""","=""5.45e+08""",C+,"=""8.34070""","=""72.95015""","=""1s2.2s.2p""","=""3P*""","=""1""","=""1s2.2s.7d""","=""3D""","=""1""",3,3,,"=""T5633LS""","=""""",
"=""""","=""19.19510""","=""""","=""1.31e+09""",B,"=""8.35856""","=""72.95015""","=""1s2.2s.2p""","=""3P*""","=""2""","=""1s2.2s.7d""","=""3D""","=""3""",5,7,,"=""T5633LS""","=""""",
"=""""","=""19.19510""","=""""","=""3.27e+08""",C+,"=""8.35856""","=""72.95015""","=""1s2.2s.2p""","=""3P*""","=""2""","=""1s2.2s.7d""","=""3D""","=""2""",5,5,,"=""T5633LS""","=""""",
"=""""","=""19.19510""","=""""","=""3.63e+07""",D,"=""8.35856""","=""72.95015""","=""1s2.2s.2p""","=""3P*""","=""2""","=""1s2.2s.7d""","=""3D""","=""1""",5,3,,"=""T5633LS""","=""""",
"=""""","=""19.28229""","=""""","=""3.58e+08""",C,"=""0.00000""","=""64.29951""","=""1s2.2s2""","=""1S""","=""0""","=""1s2.2p.(2P*<3/2>).3d""","=""1P*""","=""1""",1,3,,"=""T5633""","=""""",
"=""""","=""19.28544""","=""""","=""1.47e+09""",B,"=""8.34070""","=""72.62971""","=""1s2.2s.2p""","=""3P*""","=""1""","=""1s2.2p.(2P*).4p""","=""3D""","=""2""",3,5,,"=""T5633LS""","=""""",
"=""""","=""19.28590""","=""""","=""1.96e+09""",B,"=""8.35856""","=""72.64604""","=""1s2.2s.2p""","=""3P*""","=""2""","=""1s2.2p.(2P*).4p""","=""3D""","=""3""",5,7,,"=""T5633LS""","=""""",
"=""""","=""19.28639""","=""""","=""1.09e+09""",B,"=""8.33288""","=""72.61872""","=""1s2.2s.2p""","=""3P*""","=""0""","=""1s2.2p.(2P*).4p""","=""3D""","=""1""",1,3,,"=""T5633LS""","=""""",
"=""""","=""19.28874""","=""""","=""8.18e+08""",C+,"=""8.34070""","=""72.61872""","=""1s2.2s.2p""","=""3P*""","=""1""","=""1s2.2p.(2P*).4p""","=""3D""","=""1""",3,3,,"=""T5633LS""","=""""",
"=""19.29""","=""19.29080""","=""400""","=""4.91e+08""",C+,"=""8.35856""","=""72.62971""","=""1s2.2s.2p""","=""3P*""","=""2""","=""1s2.2p.(2P*).4p""","=""3D""","=""2""",5,5,,"=""T5633LS""","=""L1356""",
"=""""","=""19.29410""","=""""","=""5.45e+07""",D,"=""8.35856""","=""72.61872""","=""1s2.2s.2p""","=""3P*""","=""2""","=""1s2.2p.(2P*).4p""","=""3D""","=""1""",5,3,,"=""T5633LS""","=""""",
"=""""","=""19.31367""","=""""","=""1.59e+08""",C,"=""8.33288""","=""72.52792""","=""1s2.2s.2p""","=""3P*""","=""0""","=""1s2.2s.7s""","=""3S""","=""1""",1,3,,"=""T5633LS""","=""""",
"=""""","=""19.31603""","=""""","=""4.78e+08""",C+,"=""8.34070""","=""72.52792""","=""1s2.2s.2p""","=""3P*""","=""1""","=""1s2.2s.7s""","=""3S""","=""1""",3,3,,"=""T5633LS""","=""""",
"=""""","=""19.32140""","=""""","=""7.96e+08""",C+,"=""8.35856""","=""72.52792""","=""1s2.2s.2p""","=""3P*""","=""2""","=""1s2.2s.7s""","=""3S""","=""1""",5,3,,"=""T5633LS""","=""""",
"=""""","=""19.51827""","=""""","=""4.06e+08""",C+,"=""21.76362""","=""85.28573""","=""1s2.2p2""","=""3P""","=""0""","=""1s2.2p.(2P*).10d""","=""3D*""","=""1""",1,3,,"=""T5600c20,LS""","=""""",
"=""""","=""19.52104""","=""""","=""5.49e+08""",B,"=""21.77263""","=""85.28573""","=""1s2.2p2""","=""3P""","=""1""","=""1s2.2p.(2P*).10d""","=""3D*""","=""2""",3,5,,"=""T5600c20,LS""","=""""",
"=""""","=""19.52104""","=""""","=""3.05e+08""",C+,"=""21.77263""","=""85.28573""","=""1s2.2p2""","=""3P""","=""1""","=""1s2.2p.(2P*).10d""","=""3D*""","=""1""",3,3,,"=""T5600c20,LS""","=""""",
"=""""","=""19.52580""","=""""","=""7.31e+08""",B,"=""21.78810""","=""85.28573""","=""1s2.2p2""","=""3P""","=""2""","=""1s2.2p.(2P*).10d""","=""3D*""","=""3""",5,7,,"=""T5600c20""","=""""",
"=""""","=""19.52580""","=""""","=""1.83e+08""",C+,"=""21.78810""","=""85.28573""","=""1s2.2p2""","=""3P""","=""2""","=""1s2.2p.(2P*).10d""","=""3D*""","=""2""",5,5,,"=""T5600c20,LS""","=""""",
"=""""","=""19.52580""","=""""","=""2.03e+07""",D,"=""21.78810""","=""85.28573""","=""1s2.2p2""","=""3P""","=""2""","=""1s2.2p.(2P*).10d""","=""3D*""","=""1""",5,3,,"=""T5600c20,LS""","=""""",
"=""""","=""19.67895""","=""""","=""5.61e+08""",C+,"=""21.76362""","=""84.76708""","=""1s2.2p2""","=""3P""","=""0""","=""1s2.2p.(2P*).9d""","=""3D*""","=""1""",1,3,,"=""T5600c20,LS""","=""""",
"=""""","=""19.68177""","=""""","=""7.57e+08""",B,"=""21.77263""","=""84.76708""","=""1s2.2p2""","=""3P""","=""1""","=""1s2.2p.(2P*).9d""","=""3D*""","=""2""",3,5,,"=""T5600c20,LS""","=""""",
"=""""","=""19.68177""","=""""","=""4.21e+08""",C+,"=""21.77263""","=""84.76708""","=""1s2.2p2""","=""3P""","=""1""","=""1s2.2p.(2P*).9d""","=""3D*""","=""1""",3,3,,"=""T5600c20,LS""","=""""",
"=""19.687""","=""19.68660""","=""500*""","=""2.52e+08""",C+,"=""21.78810""","=""84.76708""","=""1s2.2p2""","=""3P""","=""2""","=""1s2.2p.(2P*).9d""","=""3D*""","=""2""",5,5,,"=""T5600c20,LS""","=""L1356""",
"=""19.687""","=""19.68660""","=""500*""","=""2.80e+07""",D,"=""21.78810""","=""84.76708""","=""1s2.2p2""","=""3P""","=""2""","=""1s2.2p.(2P*).9d""","=""3D*""","=""1""",5,3,,"=""T5600c20,LS""","=""L1356""",
"=""19.687""","=""19.68660""","=""500*""","=""1.01e+09""",B,"=""21.78810""","=""84.76708""","=""1s2.2p2""","=""3P""","=""2""","=""1s2.2p.(2P*).9d""","=""3D*""","=""3""",5,7,,"=""T5600c20""","=""L1356""",
"=""""","=""19.69197""","=""""","=""1.59e+09""",B,"=""8.33288""","=""71.29470""","=""1s2.2s.2p""","=""3P*""","=""0""","=""1s2.2s.6d""","=""3D""","=""1""",1,3,,"=""T5633LS""","=""""",
"=""""","=""19.69441""","=""""","=""1.19e+09""",B,"=""8.34070""","=""71.29470""","=""1s2.2s.2p""","=""3P*""","=""1""","=""1s2.2s.6d""","=""3D""","=""1""",3,3,,"=""T5633LS""","=""""",
"=""""","=""19.70000""","=""""","=""7.95e+07""",D,"=""8.35856""","=""71.29470""","=""1s2.2s.2p""","=""3P*""","=""2""","=""1s2.2s.6d""","=""3D""","=""1""",5,3,,"=""T5633LS""","=""""",
"=""19.723""","=""19.72278""","=""500""","=""6.01e+09""",B,"=""0.00000""","=""62.86345""","=""1s2.2s2""","=""1S""","=""0""","=""1s2.2s.4p""","=""1P*""","=""1""",1,3,,"=""T5633""","=""L1356""",
"=""""","=""19.87392""","=""""","=""1.12e+08""",C,"=""8.33288""","=""70.71827""","=""1s2.2s.2p""","=""3P*""","=""0""","=""1s2.2s.6s""","=""3S""","=""1""",1,3,,"=""T5633LS""","=""""",
"=""""","=""19.87641""","=""""","=""3.35e+08""",C+,"=""8.34070""","=""70.71827""","=""1s2.2s.2p""","=""3P*""","=""1""","=""1s2.2s.6s""","=""3S""","=""1""",3,3,,"=""T5633LS""","=""""",
"=""""","=""19.88210""","=""""","=""5.59e+08""",C+,"=""8.35856""","=""70.71827""","=""1s2.2s.2p""","=""3P*""","=""2""","=""1s2.2s.6s""","=""3S""","=""1""",5,3,,"=""T5633LS""","=""""",
"=""""","=""19.90807""","=""""","=""8.08e+08""",C+,"=""21.76362""","=""84.04198""","=""1s2.2p2""","=""3P""","=""0""","=""1s2.2p.(2P*).8d""","=""3D*""","=""1""",1,3,,"=""T5633LS""","=""""",
"=""""","=""19.91095""","=""""","=""1.09e+09""",B,"=""21.77263""","=""84.04198""","=""1s2.2p2""","=""3P""","=""1""","=""1s2.2p.(2P*).8d""","=""3D*""","=""2""",3,5,,"=""T5633LS""","=""""",
"=""""","=""19.91095""","=""""","=""6.06e+08""",C+,"=""21.77263""","=""84.04198""","=""1s2.2p2""","=""3P""","=""1""","=""1s2.2p.(2P*).8d""","=""3D*""","=""1""",3,3,,"=""T5633LS""","=""""",
"=""""","=""19.91590""","=""""","=""3.63e+08""",C+,"=""21.78810""","=""84.04198""","=""1s2.2p2""","=""3P""","=""2""","=""1s2.2p.(2P*).8d""","=""3D*""","=""2""",5,5,,"=""T5633LS""","=""""",
"=""""","=""19.91590""","=""""","=""4.04e+07""",D,"=""21.78810""","=""84.04198""","=""1s2.2p2""","=""3P""","=""2""","=""1s2.2p.(2P*).8d""","=""3D*""","=""1""",5,3,,"=""T5633LS""","=""""",
"=""""","=""20.03400""","=""""","=""1.54e+09""",B,"=""16.20398""","=""78.09086""","=""1s2.2s.2p""","=""1P*""","=""1""","=""1s2.2p.(2P*<1/2>).5p""","=""1P""","=""1""",3,3,,"=""T5633""","=""""",
"=""""","=""20.25140""","=""""","=""1.22e+09""",B,"=""21.76362""","=""82.98616""","=""1s2.2p2""","=""3P""","=""0""","=""1s2.2p.(2P*).7d""","=""3D*""","=""1""",1,3,,"=""T5633LS""","=""""",
"=""""","=""20.25438""","=""""","=""1.65e+09""",B,"=""21.77263""","=""82.98616""","=""1s2.2p2""","=""3P""","=""1""","=""1s2.2p.(2P*).7d""","=""3D*""","=""2""",3,5,,"=""T5633LS""","=""""",
"=""""","=""20.25438""","=""""","=""9.16e+08""",B,"=""21.77263""","=""82.98616""","=""1s2.2p2""","=""3P""","=""1""","=""1s2.2p.(2P*).7d""","=""3D*""","=""1""",3,3,,"=""T5633LS""","=""""",
"=""20.260""","=""20.25950""","=""500*""","=""5.49e+08""",B,"=""21.78810""","=""82.98616""","=""1s2.2p2""","=""3P""","=""2""","=""1s2.2p.(2P*).7d""","=""3D*""","=""2""",5,5,,"=""T5633LS""","=""L1356""",
"=""20.260""","=""20.25950""","=""500*""","=""6.10e+07""",D,"=""21.78810""","=""82.98616""","=""1s2.2p2""","=""3P""","=""2""","=""1s2.2p.(2P*).7d""","=""3D*""","=""1""",5,3,,"=""T5633LS""","=""L1356""",
"=""20.260""","=""20.25950""","=""500*""","=""2.20e+09""",B,"=""21.78810""","=""82.98616""","=""1s2.2p2""","=""3P""","=""2""","=""1s2.2p.(2P*).7d""","=""3D*""","=""3""",5,7,,"=""T5633LS""","=""L1356""",
"=""20.594""","=""20.59391""","=""500""","=""2.77e+09""",B,"=""8.33288""","=""68.53718""","=""1s2.2s.2p""","=""3P*""","=""0""","=""1s2.2s.5d""","=""3D""","=""1""",1,3,,"=""T5633LS""","=""L1356""",
"=""20.597""","=""20.59659""","=""500*""","=""2.08e+09""",B,"=""8.34070""","=""68.53718""","=""1s2.2s.2p""","=""3P*""","=""1""","=""1s2.2s.5d""","=""3D""","=""1""",3,3,,"=""T5633LS""","=""L1356""",
"=""20.597""","=""20.59659""","=""500*""","=""3.74e+09""",B,"=""8.34070""","=""68.53718""","=""1s2.2s.2p""","=""3P*""","=""1""","=""1s2.2s.5d""","=""3D""","=""2""",3,5,,"=""T5633LS""","=""L1356""",
"=""20.603""","=""20.60264""","=""500*""","=""4.98e+09""",B,"=""8.35856""","=""68.53734""","=""1s2.2s.2p""","=""3P*""","=""2""","=""1s2.2s.5d""","=""3D""","=""3""",5,7,,"=""T5633LS""","=""L1356""",
"=""20.603""","=""20.60270""","=""500*""","=""1.38e+08""",C,"=""8.35856""","=""68.53718""","=""1s2.2s.2p""","=""3P*""","=""2""","=""1s2.2s.5d""","=""3D""","=""1""",5,3,,"=""T5633LS""","=""L1356""",
"=""20.603""","=""20.60270""","=""500*""","=""1.24e+09""",B,"=""8.35856""","=""68.53718""","=""1s2.2s.2p""","=""3P*""","=""2""","=""1s2.2s.5d""","=""3D""","=""2""",5,5,,"=""T5633LS""","=""L1356""",
"=""""","=""20.81130""","=""""","=""1.98e+09""",B,"=""21.76362""","=""81.33904""","=""1s2.2p2""","=""3P""","=""0""","=""1s2.2p.(2P*).6d""","=""3D*""","=""1""",1,3,,"=""T5633LS""","=""""",
"=""""","=""20.81310""","=""""","=""2.68e+09""",B,"=""21.77263""","=""81.34290""","=""1s2.2p2""","=""3P""","=""1""","=""1s2.2p.(2P*).6d""","=""3D*""","=""2""",3,5,,"=""T5633LS""","=""""",
"=""""","=""20.81445""","=""""","=""1.49e+09""",B,"=""21.77263""","=""81.33904""","=""1s2.2p2""","=""3P""","=""1""","=""1s2.2p.(2P*).6d""","=""3D*""","=""1""",3,3,,"=""T5633LS""","=""""",
"=""""","=""20.81500""","=""""","=""3.57e+09""",B,"=""21.78810""","=""81.35294""","=""1s2.2p2""","=""3P""","=""2""","=""1s2.2p.(2P*).6d""","=""3D*""","=""3""",5,7,,"=""T5633LS""","=""""",
"=""""","=""20.81851""","=""""","=""8.91e+08""",B,"=""21.78810""","=""81.34290""","=""1s2.2p2""","=""3P""","=""2""","=""1s2.2p.(2P*).6d""","=""3D*""","=""2""",5,5,,"=""T5633LS""","=""""",
"=""""","=""20.81986""","=""""","=""9.92e+07""",C,"=""21.78810""","=""81.33904""","=""1s2.2p2""","=""3P""","=""2""","=""1s2.2p.(2P*).6d""","=""3D*""","=""1""",5,3,,"=""T5633LS""","=""""",
"=""""","=""20.93784""","=""""","=""1.48e+08""",C,"=""8.33288""","=""67.54825""","=""1s2.2s.2p""","=""3P*""","=""0""","=""1s2.2s.5s""","=""3S""","=""1""",1,3,,"=""T5633LS""","=""""",
"=""""","=""20.94061""","=""""","=""4.44e+08""",C+,"=""8.34070""","=""67.54825""","=""1s2.2s.2p""","=""3P*""","=""1""","=""1s2.2s.5s""","=""3S""","=""1""",3,3,,"=""T5633LS""","=""""",
"=""""","=""20.94692""","=""""","=""7.39e+08""",B,"=""8.35856""","=""67.54825""","=""1s2.2s.2p""","=""3P*""","=""2""","=""1s2.2s.5s""","=""3S""","=""1""",5,3,,"=""T5633LS""","=""""",
"=""""","=""20.98420""","=""""","=""3.70e+08""",C+,"=""16.20398""","=""75.28852""","=""1s2.2s.2p""","=""1P*""","=""1""","=""1s2.2s.10d""","=""1D""","=""2""",3,5,,"=""T5600c20""","=""""",
"=""""","=""21.14034""","=""""","=""2.22e+08""",C,"=""0.00000""","=""58.64816""","=""1s2.2s2""","=""1S""","=""0""","=""1s2.2p.(2P*<3/2>).3s""","=""1P*""","=""1""",1,3,,"=""T5633""","=""""",
"=""""","=""21.16790""","=""""","=""5.01e+08""",B,"=""16.20398""","=""74.77578""","=""1s2.2s.2p""","=""1P*""","=""1""","=""1s2.2s.9d""","=""1D""","=""2""",3,5,,"=""T5600c20""","=""""",
"=""""","=""21.42910""","=""""","=""2.88e+08""",C+,"=""16.20398""","=""74.06185""","=""1s2.2s.2p""","=""1P*""","=""1""","=""1s2.2s.8d""","=""1D""","=""2""",3,5,,"=""T5633""","=""""",
"=""""","=""21.48430""","=""""","=""8.17e+07""",D,"=""16.20398""","=""73.91319""","=""1s2.2s.2p""","=""1P*""","=""1""","=""1s2.2s.8s""","=""1S""","=""0""",3,1,,"=""T5633""","=""""",
"=""""","=""21.57550""","=""""","=""1.09e+09""",C+,"=""16.20398""","=""73.66925""","=""1s2.2s.2p""","=""1P*""","=""1""","=""1s2.2p.(2P*<3/2>).4p""","=""1S""","=""0""",3,1,,"=""T5633""","=""""",
"=""21.720""","=""21.72180""","=""500""","=""3.70e+09""",B,"=""16.20398""","=""73.28221""","=""1s2.2s.2p""","=""1P*""","=""1""","=""1s2.2p.(2P*<3/2>).4p""","=""1D""","=""2""",3,5,,"=""T5633""","=""L1356""",
"=""21.790""","=""""","=""500bl""","=""""",,"=""""","=""""","=""""","=""""","=""""","=""""","=""""","=""""",1,1,,"=""""","=""L1356""",
"=""""","=""21.80440""","=""""","=""3.54e+09""",B,"=""21.76362""","=""78.62562""","=""1s2.2p2""","=""3P""","=""0""","=""1s2.2p.(2P*).5d""","=""3D*""","=""1""",1,3,,"=""T5633LS""","=""""",
"=""""","=""21.80670""","=""""","=""4.78e+09""",B,"=""21.77263""","=""78.62865""","=""1s2.2p2""","=""3P""","=""1""","=""1s2.2p.(2P*).5d""","=""3D*""","=""2""",3,5,,"=""T5633LS""","=""""",
"=""""","=""21.80786""","=""""","=""2.65e+09""",B,"=""21.77263""","=""78.62562""","=""1s2.2p2""","=""3P""","=""1""","=""1s2.2p.(2P*).5d""","=""3D*""","=""1""",3,3,,"=""T5633LS""","=""""",
"=""""","=""21.80880""","=""""","=""6.37e+09""",B,"=""21.78810""","=""78.63864""","=""1s2.2p2""","=""3P""","=""2""","=""1s2.2p.(2P*).5d""","=""3D*""","=""3""",5,7,,"=""T5633LS""","=""""",
"=""""","=""21.81263""","=""""","=""1.59e+09""",B,"=""21.78810""","=""78.62865""","=""1s2.2p2""","=""3P""","=""2""","=""1s2.2p.(2P*).5d""","=""3D*""","=""2""",5,5,,"=""T5633LS""","=""""",
"=""""","=""21.81380""","=""""","=""1.77e+08""",C,"=""21.78810""","=""78.62562""","=""1s2.2p2""","=""3P""","=""2""","=""1s2.2p.(2P*).5d""","=""3D*""","=""1""",5,3,,"=""T5633LS""","=""""",
"=""""","=""21.82500""","=""""","=""1.54e+09""",B,"=""16.20398""","=""73.01231""","=""1s2.2s.2p""","=""1P*""","=""1""","=""1s2.2s.7d""","=""1D""","=""2""",3,5,,"=""T5633""","=""""",
"=""""","=""22.01240""","=""""","=""3.80e+07""",D,"=""16.20398""","=""72.52869""","=""1s2.2s.2p""","=""1P*""","=""1""","=""1s2.2s.7s""","=""1S""","=""0""",3,1,,"=""T5633""","=""""",
"=""""","=""22.02800""","=""""","=""3.03e+09""",B,"=""16.20398""","=""72.48880""","=""1s2.2s.2p""","=""1P*""","=""1""","=""1s2.2p.(2P*<1/2>).4p""","=""1P""","=""1""",3,3,,"=""T5633""","=""""",
"=""22.34""","=""""","=""500bl""","=""""",,"=""""","=""""","=""""","=""""","=""""","=""""","=""""","=""""",1,1,,"=""""","=""L1356""",
"=""""","=""22.46290""","=""""","=""1.98e+09""",B,"=""16.20398""","=""71.39908""","=""1s2.2s.2p""","=""1P*""","=""1""","=""1s2.2s.6d""","=""1D""","=""2""",3,5,,"=""T5633""","=""""",
"=""22.512""","=""22.5108""","=""800w""","=""5.57e+09""",B,"=""8.33288""","=""63.410""","=""1s2.2s.2p""","=""3P*""","=""0""","=""1s2.2s.4d""","=""3D""","=""1""",1,3,,"=""T5633LS""","=""L1356""",
"=""""","=""22.5137""","=""""","=""7.52e+09""",B,"=""8.34070""","=""63.4112""","=""1s2.2s.2p""","=""3P*""","=""1""","=""1s2.2s.4d""","=""3D""","=""2""",3,5,,"=""T5633LS""","=""""",
"=""""","=""22.5140""","=""""","=""4.18e+09""",B,"=""8.34070""","=""63.410""","=""1s2.2s.2p""","=""3P*""","=""1""","=""1s2.2s.4d""","=""3D""","=""1""",3,3,,"=""T5633LS""","=""""",
"=""22.521""","=""22.52091""","=""800*""","=""1.00e+10""",B,"=""8.35856""","=""63.41147""","=""1s2.2s.2p""","=""3P*""","=""2""","=""1s2.2s.4d""","=""3D""","=""3""",5,7,,"=""T5633LS""","=""L1356""",
"=""22.521""","=""22.5210""","=""800*""","=""2.50e+09""",B,"=""8.35856""","=""63.4112""","=""1s2.2s.2p""","=""3P*""","=""2""","=""1s2.2s.4d""","=""3D""","=""2""",5,5,,"=""T5633LS""","=""L1356""",
"=""22.521""","=""22.5213""","=""800*""","=""2.78e+08""",C+,"=""8.35856""","=""63.410""","=""1s2.2s.2p""","=""3P*""","=""2""","=""1s2.2s.4d""","=""3D""","=""1""",5,3,,"=""T5633LS""","=""L1356""",
"=""""","=""22.70260""","=""""","=""2.25e+08""",C,"=""16.20398""","=""70.81631""","=""1s2.2s.2p""","=""1P*""","=""1""","=""1s2.2s.6s""","=""1S""","=""0""",3,1,,"=""T5633""","=""""",
"=""""","=""23.21067""","=""""","=""1.03e+09""",B,"=""8.33288""","=""61.74977""","=""1s2.2s.2p""","=""3P*""","=""0""","=""1s2.2p.(2P*<3/2>).3p""","=""3S""","=""1""",1,3,,"=""T5633LS""","=""""",
"=""""","=""23.21407""","=""""","=""3.08e+09""",B,"=""8.34070""","=""61.74977""","=""1s2.2s.2p""","=""3P*""","=""1""","=""1s2.2p.(2P*<3/2>).3p""","=""3S""","=""1""",3,3,,"=""T5633LS""","=""""",
"=""""","=""23.22183""","=""""","=""5.12e+09""",B,"=""8.35856""","=""61.74977""","=""1s2.2s.2p""","=""3P*""","=""2""","=""1s2.2p.(2P*<3/2>).3p""","=""3S""","=""1""",5,3,,"=""T5633LS""","=""""",
"=""23.412""","=""23.41209""","=""600w""","=""1.19e+09""",B,"=""8.34070""","=""61.29804""","=""1s2.2s.2p""","=""3P*""","=""1""","=""1s2.2p.(2P*).3p""","=""3P""","=""2""",3,5,,"=""T5633LS""","=""L1356""",
"=""""","=""23.41372""","=""""","=""1.59e+09""",B,"=""8.33288""","=""61.28653""","=""1s2.2s.2p""","=""3P*""","=""0""","=""1s2.2p.(2P*).3p""","=""3P""","=""1""",1,3,,"=""T5633LS""","=""""",
"=""""","=""23.41718""","=""""","=""1.19e+09""",B,"=""8.34070""","=""61.28653""","=""1s2.2s.2p""","=""3P*""","=""1""","=""1s2.2p.(2P*).3p""","=""3P""","=""1""",3,3,,"=""T5633LS""","=""""",
"=""23.420""","=""23.41999""","=""600w*""","=""3.57e+09""",B,"=""8.35856""","=""61.29804""","=""1s2.2s.2p""","=""3P*""","=""2""","=""1s2.2p.(2P*).3p""","=""3P""","=""2""",5,5,,"=""T5633LS""","=""L1356""",
"=""23.420""","=""23.42026""","=""600w*""","=""4.76e+09""",B,"=""8.34070""","=""61.27957""","=""1s2.2s.2p""","=""3P*""","=""1""","=""1s2.2p.(2P*).3p""","=""3P""","=""0""",3,1,,"=""T5633LS""","=""L1356""",
"=""23.425""","=""23.42508""","=""600w""","=""1.98e+09""",B,"=""8.35856""","=""61.28653""","=""1s2.2s.2p""","=""3P*""","=""2""","=""1s2.2p.(2P*).3p""","=""3P""","=""1""",5,3,,"=""T5633LS""","=""L1356""",
"=""23.607""","=""23.60680""","=""550""","=""3.35e+09""",B,"=""16.20398""","=""68.72453""","=""1s2.2s.2p""","=""1P*""","=""1""","=""1s2.2s.5d""","=""1D""","=""2""",3,5,,"=""T5633""","=""L1356""",
"=""""","=""23.78697""","=""""","=""9.69e+08""",B,"=""8.33288""","=""60.45561""","=""1s2.2s.2p""","=""3P*""","=""0""","=""1s2.2s.4s""","=""3S""","=""1""",1,3,,"=""T5600c20""","=""""",
"=""""","=""23.79054""","=""""","=""2.91e+09""",B,"=""8.34070""","=""60.45561""","=""1s2.2s.2p""","=""3P*""","=""1""","=""1s2.2s.4s""","=""3S""","=""1""",3,3,,"=""T5600c20""","=""""",
"=""23.799""","=""23.79870""","=""500""","=""4.84e+09""",B,"=""8.35856""","=""60.45561""","=""1s2.2s.2p""","=""3P*""","=""2""","=""1s2.2s.4s""","=""3S""","=""1""",5,3,,"=""T5600c20""","=""L1356""",
"=""""","=""23.86565""","=""""","=""1.74e+09""",B,"=""21.76362""","=""73.71452""","=""1s2.2p2""","=""3P""","=""0""","=""1s2.2p.(2P*).4d""","=""3P*""","=""1""",1,3,,"=""T5633LS""","=""""",
"=""""","=""23.86830""","=""""","=""5.23e+09""",B,"=""21.77263""","=""73.71776""","=""1s2.2p2""","=""3P""","=""1""","=""1s2.2p.(2P*).4d""","=""3P*""","=""0""",3,1,,"=""T5633LS""","=""""",
"=""23.87""","=""23.86979""","=""500w""","=""1.31e+09""",B,"=""21.77263""","=""73.71452""","=""1s2.2p2""","=""3P""","=""1""","=""1s2.2p.(2P*).4d""","=""3P*""","=""1""",3,3,,"=""T5633LS""","=""L1356""",
"=""""","=""23.87308""","=""""","=""1.31e+09""",B,"=""21.77263""","=""73.70735""","=""1s2.2p2""","=""3P""","=""1""","=""1s2.2p.(2P*).4d""","=""3P*""","=""2""",3,5,,"=""T5633LS""","=""""",
"=""""","=""23.87690""","=""""","=""2.18e+09""",B,"=""21.78810""","=""73.71452""","=""1s2.2p2""","=""3P""","=""2""","=""1s2.2p.(2P*).4d""","=""3P*""","=""1""",5,3,,"=""T5633LS""","=""""",
"=""23.880""","=""23.88020""","=""600""","=""3.92e+09""",B,"=""21.78810""","=""73.70735""","=""1s2.2p2""","=""3P""","=""2""","=""1s2.2p.(2P*).4d""","=""3P*""","=""2""",5,5,,"=""T5633LS""","=""L1356""",
"=""""","=""23.91460""","=""""","=""7.30e+09""",B,"=""21.76362""","=""73.60818""","=""1s2.2p2""","=""3P""","=""0""","=""1s2.2p.(2P*).4d""","=""3D*""","=""1""",1,3,,"=""T5633LS""","=""""",
"=""""","=""23.91740""","=""""","=""9.85e+09""",B,"=""21.77263""","=""73.61112""","=""1s2.2p2""","=""3P""","=""1""","=""1s2.2p.(2P*).4d""","=""3D*""","=""2""",3,5,,"=""T5633LS""","=""""",
"=""""","=""23.91876""","=""""","=""5.47e+09""",B,"=""21.77263""","=""73.60818""","=""1s2.2p2""","=""3P""","=""1""","=""1s2.2p.(2P*).4d""","=""3D*""","=""1""",3,3,,"=""T5633LS""","=""""",
"=""""","=""23.92120""","=""""","=""1.31e+10""",B,"=""21.78810""","=""73.61836""","=""1s2.2p2""","=""3P""","=""2""","=""1s2.2p.(2P*).4d""","=""3D*""","=""3""",5,7,,"=""T5633LS""","=""""",
"=""""","=""23.92454""","=""""","=""3.28e+09""",B,"=""21.78810""","=""73.61112""","=""1s2.2p2""","=""3P""","=""2""","=""1s2.2p.(2P*).4d""","=""3D*""","=""2""",5,5,,"=""T5633LS""","=""""",
"=""""","=""23.92590""","=""""","=""3.64e+08""",C+,"=""21.78810""","=""73.60818""","=""1s2.2p2""","=""3P""","=""2""","=""1s2.2p.(2P*).4d""","=""3D*""","=""1""",5,3,,"=""T5633LS""","=""""",
"=""23.962""","=""23.96186""","=""500w*""","=""3.19e+09""",B,"=""8.35856""","=""60.10087""","=""1s2.2s.2p""","=""3P*""","=""2""","=""1s2.2p.(2P*).3p""","=""3D""","=""3""",5,7,,"=""T5633LS""","=""L1356""",
"=""23.962""","=""23.96228""","=""500w*""","=""2.40e+09""",B,"=""8.34070""","=""60.08211""","=""1s2.2s.2p""","=""3P*""","=""1""","=""1s2.2p.(2P*).3p""","=""3D""","=""2""",3,5,,"=""T5633LS""","=""L1356""",
"=""""","=""23.96421""","=""""","=""1.77e+09""",B,"=""8.33288""","=""60.07012""","=""1s2.2s.2p""","=""3P*""","=""0""","=""1s2.2p.(2P*).3p""","=""3D""","=""1""",1,3,,"=""T5633LS""","=""""",
"=""""","=""23.96783""","=""""","=""1.33e+09""",B,"=""8.34070""","=""60.07012""","=""1s2.2s.2p""","=""3P*""","=""1""","=""1s2.2p.(2P*).3p""","=""3D""","=""1""",3,3,,"=""T5633LS""","=""""",
"=""""","=""23.97055""","=""""","=""7.98e+08""",B,"=""8.35856""","=""60.08211""","=""1s2.2s.2p""","=""3P*""","=""2""","=""1s2.2p.(2P*).3p""","=""3D""","=""2""",5,5,,"=""T5633LS""","=""""",
"=""""","=""23.97611""","=""""","=""8.86e+07""",C,"=""8.35856""","=""60.07012""","=""1s2.2s.2p""","=""3P*""","=""2""","=""1s2.2p.(2P*).3p""","=""3D""","=""1""",5,3,,"=""T5633LS""","=""""",
"=""""","=""24.03630""","=""""","=""7.44e+08""",C+,"=""16.20398""","=""67.78604""","=""1s2.2s.2p""","=""1P*""","=""1""","=""1s2.2s.5s""","=""1S""","=""0""",3,1,,"=""T5633""","=""""",
"=""""","=""24.41074""","=""""","=""3.58e+08""",C+,"=""23.41845""","=""74.20928""","=""1s2.2p2""","=""1D""","=""2""","=""1s2.2p.(2P*<3/2>).4d""","=""1P*""","=""1""",5,3,,"=""T5633""","=""""",
"=""""","=""24.63130""","=""""","=""3.08e+06""",C+,"=""0.00000""","=""50.33603""","=""1s2.2s2""","=""1S""","=""0""","=""1s2.2s.3p""","=""3P*""","=""1""",1,3,,"=""T5600c20""","=""""",
"=""24.720""","=""24.72051""","=""900""","=""1.19e+10""",B,"=""0.00000""","=""50.15439""","=""1s2.2s2""","=""1S""","=""0""","=""1s2.2s.3p""","=""1P*""","=""1""",1,3,,"=""T5633""","=""L1356""",
"=""""","=""24.83840""","=""""","=""4.86e+08""",B,"=""21.77263""","=""71.68898""","=""1s2.2p2""","=""3P""","=""1""","=""1s2.2p.(2P*).4s""","=""3P*""","=""2""",3,5,,"=""T5633LS""","=""""",
"=""24.843""","=""24.84410""","=""500w""","=""6.48e+08""",B,"=""21.76362""","=""71.66850""","=""1s2.2p2""","=""3P""","=""0""","=""1s2.2p.(2P*).4s""","=""3P*""","=""1""",1,3,,"=""T5633LS""","=""L1356""",
"=""24.846""","=""24.84610""","=""500w""","=""1.46e+09""",B,"=""21.78810""","=""71.68898""","=""1s2.2p2""","=""3P""","=""2""","=""1s2.2p.(2P*).4s""","=""3P*""","=""2""",5,5,,"=""T5633LS""","=""L1356""",
"=""24.848""","=""24.84859""","=""500w""","=""4.86e+08""",B,"=""21.77263""","=""71.66850""","=""1s2.2p2""","=""3P""","=""1""","=""1s2.2p.(2P*).4s""","=""3P*""","=""1""",3,3,,"=""T5633LS""","=""L1356""",
"=""""","=""24.85400""","=""""","=""1.94e+09""",B,"=""21.77263""","=""71.65763""","=""1s2.2p2""","=""3P""","=""1""","=""1s2.2p.(2P*).4s""","=""3P*""","=""0""",3,1,,"=""T5633LS""","=""""",
"=""""","=""24.85630""","=""""","=""8.09e+08""",B,"=""21.78810""","=""71.66850""","=""1s2.2p2""","=""3P""","=""2""","=""1s2.2p.(2P*).4s""","=""3P*""","=""1""",5,3,,"=""T5633LS""","=""""",
"=""""","=""24.86540""","=""""","=""6.41e+09""",B,"=""23.41845""","=""73.28059""","=""1s2.2p2""","=""1D""","=""2""","=""1s2.2p.(2P*<3/2>).4d""","=""1F*""","=""3""",5,7,,"=""T5633""","=""""",
"=""""","=""25.01210""","=""""","=""4.56e+09""",B,"=""23.41845""","=""72.98813""","=""1s2.2p2""","=""1D""","=""2""","=""1s2.2p.(2P*<1/2>).4d""","=""1D*""","=""2""",5,5,,"=""T5633""","=""""",
"=""""","=""25.05657""","=""""","=""9.45e+07""",C,"=""23.41845""","=""72.90015""","=""1s2.2p2""","=""1D""","=""2""","=""1s2.2s.7p""","=""1P*""","=""1""",5,3,,"=""T5633""","=""""",
"=""""","=""25.51443""","=""""","=""1.78e+09""",B,"=""23.41845""","=""72.01219""","=""1s2.2p2""","=""1D""","=""2""","=""1s2.2p.(2P*<3/2>).4s""","=""1P*""","=""1""",5,3,,"=""T5633""","=""""",
"=""""","=""25.83200""","=""""","=""5.54e+07""",C+,"=""23.41845""","=""71.41481""","=""1s2.2p2""","=""1D""","=""2""","=""1s2.2s.6f""","=""1F*""","=""3""",5,7,,"=""T5633""","=""""",
"=""""","=""25.98240""","=""""","=""2.54e+09""",B,"=""16.20398""","=""63.92251""","=""1s2.2s.2p""","=""1P*""","=""1""","=""1s2.2p.(2P*<3/2>).3p""","=""1S""","=""0""",3,1,,"=""T5633""","=""""",
"=""26.045""","=""26.04480""","=""600""","=""6.00e+09""",B,"=""16.20398""","=""63.80818""","=""1s2.2s.2p""","=""1P*""","=""1""","=""1s2.2s.4d""","=""1D""","=""2""",3,5,,"=""T5633""","=""L1356""",
"=""""","=""26.05194""","=""""","=""3.25e+08""",C+,"=""23.41845""","=""71.00961""","=""1s2.2p2""","=""1D""","=""2""","=""1s2.2s.6p""","=""1P*""","=""1""",5,3,,"=""T5633""","=""""",
"=""27.099""","=""27.09939""","=""650""","=""9.70e+09""",B,"=""16.20398""","=""61.95564""","=""1s2.2s.2p""","=""1P*""","=""1""","=""1s2.2p.(2P*<3/2>).3p""","=""1D""","=""2""",3,5,,"=""T5633""","=""L1356""",
"=""""","=""27.31396""","=""""","=""1.35e+08""",C+,"=""23.41845""","=""68.81070""","=""1s2.2p2""","=""1D""","=""2""","=""1s2.2s.5f""","=""1F*""","=""3""",5,7,,"=""T5633""","=""""",
"=""""","=""27.53540""","=""""","=""6.76e+09""",B,"=""29.18207""","=""74.20928""","=""1s2.2p2""","=""1S""","=""0""","=""1s2.2p.(2P*<3/2>).4d""","=""1P*""","=""1""",1,3,,"=""T5633""","=""""",
"=""""","=""27.67399""","=""""","=""3.82e+07""",C,"=""23.41845""","=""68.22015""","=""1s2.2p2""","=""1D""","=""2""","=""1s2.2s.5p""","=""1P*""","=""1""",5,3,,"=""T5633""","=""""",
"=""28.342""","=""28.34173""","=""250""","=""1.69e+10""",B,"=""8.33288""","=""52.07904""","=""1s2.2s.2p""","=""3P*""","=""0""","=""1s2.2s.3d""","=""3D""","=""1""",1,3,,"=""T5633,T2966,LS""","=""L1356""",
"=""28.348""","=""28.34650""","=""300*""","=""2.29e+10""",B,"=""8.34070""","=""52.07951""","=""1s2.2s.2p""","=""3P*""","=""1""","=""1s2.2s.3d""","=""3D""","=""2""",3,5,,"=""T5633,T2966,LS""","=""L1356""",
"=""28.348""","=""28.34680""","=""300*""","=""1.27e+10""",B,"=""8.34070""","=""52.07904""","=""1s2.2s.2p""","=""3P*""","=""1""","=""1s2.2s.3d""","=""3D""","=""1""",3,3,,"=""T5633,T2966,LS""","=""L1356""",
"=""""","=""28.35740""","=""""","=""3.05e+10""",B,"=""8.35856""","=""52.08055""","=""1s2.2s.2p""","=""3P*""","=""2""","=""1s2.2s.3d""","=""3D""","=""3""",5,7,,"=""T5633,T2966,LS""","=""""",
"=""28.358""","=""28.35807""","=""350*""","=""7.61e+09""",B,"=""8.35856""","=""52.07951""","=""1s2.2s.2p""","=""3P*""","=""2""","=""1s2.2s.3d""","=""3D""","=""2""",5,5,,"=""T5633,T2966,LS""","=""L1356""",
"=""28.358""","=""28.35838""","=""350*""","=""8.46e+08""",B,"=""8.35856""","=""52.07904""","=""1s2.2s.2p""","=""3P*""","=""2""","=""1s2.2s.3d""","=""3D""","=""1""",5,3,,"=""T5633,T2966,LS""","=""L1356""",
"=""""","=""28.35994""","=""""","=""7.11e+07""",C,"=""29.18207""","=""72.90015""","=""1s2.2p2""","=""1S""","=""0""","=""1s2.2s.7p""","=""1P*""","=""1""",1,3,,"=""T5633""","=""""",
"=""28.556""","=""28.55590""","=""600""","=""7.22e+09""",B,"=""16.20398""","=""59.62204""","=""1s2.2s.2p""","=""1P*""","=""1""","=""1s2.2p.(2P*<1/2>).3p""","=""1P""","=""1""",3,3,,"=""T5633""","=""L1356""",
"=""""","=""28.94790""","=""""","=""7.16e+08""",B,"=""29.18207""","=""72.01219""","=""1s2.2p2""","=""1S""","=""0""","=""1s2.2p.(2P*<3/2>).4s""","=""1P*""","=""1""",1,3,,"=""T5633""","=""""",
"=""""","=""29.64177""","=""""","=""7.78e+06""",D,"=""29.18207""","=""71.00961""","=""1s2.2p2""","=""1S""","=""0""","=""1s2.2s.6p""","=""1P*""","=""1""",1,3,,"=""T5633""","=""""",
"=""""","=""29.75969""","=""""","=""4.66e+09""",B,"=""21.76362""","=""63.42541""","=""1s2.2p2""","=""3P""","=""0""","=""1s2.2p.(2P*<3/2>).3d""","=""3P*""","=""1""",1,3,,"=""T5633LS""","=""""",
"=""""","=""29.76340""","=""""","=""1.40e+10""",B,"=""21.77263""","=""63.42922""","=""1s2.2p2""","=""3P""","=""1""","=""1s2.2p.(2P*<3/2>).3d""","=""3P*""","=""0""",3,1,,"=""T5633LS""","=""""",
"=""""","=""29.76613""","=""""","=""3.49e+09""",B,"=""21.77263""","=""63.42541""","=""1s2.2p2""","=""3P""","=""1""","=""1s2.2p.(2P*<3/2>).3d""","=""3P*""","=""1""",3,3,,"=""T5633LS""","=""""",
"=""29.77""","=""29.77066""","=""600w""","=""3.49e+09""",B,"=""21.77263""","=""63.41907""","=""1s2.2p2""","=""3P""","=""1""","=""1s2.2p.(2P*<3/2>).3d""","=""3P*""","=""2""",3,5,,"=""T5633LS""","=""L1356""",
"=""""","=""29.77719""","=""""","=""5.81e+09""",B,"=""21.78810""","=""63.42541""","=""1s2.2p2""","=""3P""","=""2""","=""1s2.2p.(2P*<3/2>).3d""","=""3P*""","=""1""",5,3,,"=""T5633LS""","=""""",
"=""29.782""","=""29.78172""","=""700""","=""1.05e+10""",B,"=""21.78810""","=""63.41907""","=""1s2.2p2""","=""3P""","=""2""","=""1s2.2p.(2P*<3/2>).3d""","=""3P*""","=""2""",5,5,,"=""T5633LS""","=""L1356""",
"=""30.032""","=""30.03181""","=""650""","=""2.40e+10""",B,"=""23.41845""","=""64.70274""","=""1s2.2p2""","=""1D""","=""2""","=""1s2.2s.4f""","=""1F*""","=""3""",5,7,,"=""T5633""","=""L1356""",
"=""""","=""30.30132""","=""""","=""1.94e+10""",B,"=""21.76362""","=""62.68071""","=""1s2.2p2""","=""3P""","=""0""","=""1s2.2p.(2P*).3d""","=""3D*""","=""1""",1,3,,"=""T5633LS""","=""""",
"=""""","=""30.30486""","=""""","=""2.62e+10""",B,"=""21.77263""","=""62.68495""","=""1s2.2p2""","=""3P""","=""1""","=""1s2.2p.(2P*).3d""","=""3D*""","=""2""",3,5,,"=""T5633LS""","=""""",
"=""""","=""30.30800""","=""""","=""1.45e+10""",B,"=""21.77263""","=""62.68071""","=""1s2.2p2""","=""3P""","=""1""","=""1s2.2p.(2P*).3d""","=""3D*""","=""1""",3,3,,"=""T5633LS""","=""""",
"=""30.3123""","=""30.31243""","=""90""","=""3.49e+10""",B,"=""21.78810""","=""62.69020""","=""1s2.2p2""","=""3P""","=""2""","=""1s2.2p.(2P*).3d""","=""3D*""","=""3""",5,7,,"=""T5633LS""","=""L4738""",
"=""""","=""30.31632""","=""""","=""8.71e+09""",B,"=""21.78810""","=""62.68495""","=""1s2.2p2""","=""3P""","=""2""","=""1s2.2p.(2P*).3d""","=""3D*""","=""2""",5,5,,"=""T5633LS""","=""""",
"=""""","=""30.31947""","=""""","=""9.68e+08""",B,"=""21.78810""","=""62.68071""","=""1s2.2p2""","=""3P""","=""2""","=""1s2.2p.(2P*).3d""","=""3D*""","=""1""",5,3,,"=""T5633LS""","=""""",
"=""30.328""","=""30.32803""","=""500""","=""8.72e+08""",B,"=""23.41845""","=""64.29951""","=""1s2.2p2""","=""1D""","=""2""","=""1s2.2p.(2P*<3/2>).3d""","=""1P*""","=""1""",5,3,,"=""T5633""","=""L1356""",
"=""""","=""30.47327""","=""""","=""1.54e+09""",B,"=""21.76362""","=""62.44984""","=""1s2.2p2""","=""3P""","=""0""","=""1s2.2s.4p""","=""3P*""","=""1""",1,3,,"=""T5633LS""","=""""",
"=""""","=""30.47928""","=""""","=""4.63e+09""",B,"=""21.77263""","=""62.45082""","=""1s2.2p2""","=""3P""","=""1""","=""1s2.2s.4p""","=""3P*""","=""0""",3,1,,"=""T5633LS""","=""""",
"=""""","=""30.48002""","=""""","=""1.16e+09""",B,"=""21.77263""","=""62.44984""","=""1s2.2p2""","=""3P""","=""1""","=""1s2.2s.4p""","=""3P*""","=""1""",3,3,,"=""T5633LS""","=""""",
"=""""","=""30.48109""","=""""","=""1.16e+09""",B,"=""21.77263""","=""62.44841""","=""1s2.2p2""","=""3P""","=""1""","=""1s2.2s.4p""","=""3P*""","=""2""",3,5,,"=""T5633LS""","=""""",
"=""""","=""30.49162""","=""""","=""1.93e+09""",B,"=""21.78810""","=""62.44984""","=""1s2.2p2""","=""3P""","=""2""","=""1s2.2s.4p""","=""3P*""","=""1""",5,3,,"=""T5633LS""","=""""",
"=""""","=""30.49269""","=""""","=""3.47e+09""",B,"=""21.78810""","=""62.44841""","=""1s2.2p2""","=""3P""","=""2""","=""1s2.2s.4p""","=""3P*""","=""2""",5,5,,"=""T5633LS""","=""""",
"=""""","=""31.43217""","=""""","=""1.23e+06""",D,"=""23.41845""","=""62.86345""","=""1s2.2p2""","=""1D""","=""2""","=""1s2.2s.4p""","=""1P*""","=""1""",5,3,,"=""T5600c20""","=""""",
"=""31.5053""","=""31.50576""","=""150""","=""1.36e+10""",B,"=""23.41845""","=""62.77132""","=""1s2.2p2""","=""1D""","=""2""","=""1s2.2p.(2P*<3/2>).3d""","=""1F*""","=""3""",5,7,,"=""T5633""","=""L4738""",
"=""""","=""31.75981""","=""""","=""2.02e+08""",C+,"=""29.18207""","=""68.22015""","=""1s2.2p2""","=""1S""","=""0""","=""1s2.2s.5p""","=""1P*""","=""1""",1,3,,"=""T5633""","=""""",
"=""32.2503""","=""32.25020""","=""120""","=""1.00e+09""",B,"=""8.33288""","=""46.77735""","=""1s2.2s.2p""","=""3P*""","=""0""","=""1s2.2s.3s""","=""3S""","=""1""",1,3,,"=""T5633,T2966,LS""","=""L4738""",
"=""32.2570""","=""32.25676""","=""150""","=""3.00e+09""",B,"=""8.34070""","=""46.77735""","=""1s2.2s.2p""","=""3P*""","=""1""","=""1s2.2s.3s""","=""3S""","=""1""",3,3,,"=""T5633,T2966,LS""","=""L4738""",
"=""32.2724""","=""32.27175""","=""200""","=""4.99e+09""",B,"=""8.35856""","=""46.77735""","=""1s2.2s.2p""","=""3P*""","=""2""","=""1s2.2s.3s""","=""3S""","=""1""",5,3,,"=""T5633,T2966,LS""","=""L4738""",
"=""32.3175""","=""32.31772""","=""120""","=""1.40e+10""",B,"=""23.41845""","=""61.78260""","=""1s2.2p2""","=""1D""","=""2""","=""1s2.2p.(2P*<1/2>).3d""","=""1D*""","=""2""",5,5,,"=""T5633""","=""L4738""",
"=""33.5050""","=""33.50469""","=""300""","=""1.845e+10""",A+,"=""16.20398""","=""53.20901""","=""1s2.2s.2p""","=""1P*""","=""1""","=""1s2.2s.3d""","=""1D""","=""2""",3,5,,"=""u24""","=""L4738""",
"=""""","=""34.49126""","=""""","=""1.65e+09""",B,"=""21.77263""","=""57.71918""","=""1s2.2p2""","=""3P""","=""1""","=""1s2.2p.(2P*).3s""","=""3P*""","=""2""",3,5,,"=""T5633LS""","=""""",
"=""""","=""34.50232""","=""""","=""2.19e+09""",B,"=""21.76362""","=""57.69865""","=""1s2.2p2""","=""3P""","=""0""","=""1s2.2p.(2P*).3s""","=""3P*""","=""1""",1,3,,"=""T5633LS""","=""""",
"=""""","=""34.50612""","=""""","=""4.94e+09""",B,"=""21.78810""","=""57.71918""","=""1s2.2p2""","=""3P""","=""2""","=""1s2.2p.(2P*).3s""","=""3P*""","=""2""",5,5,,"=""T5633LS""","=""""",
"=""""","=""34.51097""","=""""","=""1.64e+09""",B,"=""21.77263""","=""57.69865""","=""1s2.2p2""","=""3P""","=""1""","=""1s2.2p.(2P*).3s""","=""3P*""","=""1""",3,3,,"=""T5633LS""","=""""",
"=""""","=""34.52041""","=""""","=""6.57e+09""",B,"=""21.77263""","=""57.68883""","=""1s2.2p2""","=""3P""","=""1""","=""1s2.2p.(2P*).3s""","=""3P*""","=""0""",3,1,,"=""T5633LS""","=""""",
"=""""","=""34.52584""","=""""","=""2.74e+09""",B,"=""21.78810""","=""57.69865""","=""1s2.2p2""","=""3P""","=""2""","=""1s2.2p.(2P*).3s""","=""3P*""","=""1""",5,3,,"=""T5633LS""","=""""",
"=""35.193""","=""35.19308""","=""500w""","=""5.33e+09""",B,"=""23.41845""","=""58.64816""","=""1s2.2p2""","=""1D""","=""2""","=""1s2.2p.(2P*<3/2>).3s""","=""1P*""","=""1""",5,3,,"=""T5633""","=""L1356""",
"=""35.306""","=""35.30560""","=""700""","=""1.80e+10""",B,"=""29.18207""","=""64.29951""","=""1s2.2p2""","=""1S""","=""0""","=""1s2.2p.(2P*<3/2>).3d""","=""1P*""","=""1""",1,3,,"=""T5633""","=""L1356""",
"=""""","=""36.81091""","=""""","=""2.19e+08""",B,"=""29.18207""","=""62.86345""","=""1s2.2p2""","=""1S""","=""0""","=""1s2.2s.4p""","=""1P*""","=""1""",1,3,,"=""T5633""","=""""",
"=""""","=""38.73556""","=""""","=""2.55e+09""",A,"=""16.20398""","=""48.21183""","=""1s2.2s.2p""","=""1P*""","=""1""","=""1s2.2s.3s""","=""1S""","=""0""",3,1,,"=""u24""","=""""",
"=""42.077""","=""42.0769""","=""500""","=""1.99e+09""",B,"=""29.18207""","=""58.64816""","=""1s2.2p2""","=""1S""","=""0""","=""1s2.2p.(2P*<3/2>).3s""","=""1P*""","=""1""",1,3,,"=""T5633""","=""L1356""",
"=""""","=""43.3930""","=""""","=""5.05e+06""",D,"=""21.76362""","=""50.33603""","=""1s2.2p2""","=""3P""","=""0""","=""1s2.2s.3p""","=""3P*""","=""1""",1,3,,"=""T5633LS""","=""""",
"=""""","=""43.4000""","=""""","=""3.79e+06""",D,"=""21.77263""","=""50.34041""","=""1s2.2p2""","=""3P""","=""1""","=""1s2.2s.3p""","=""3P*""","=""2""",3,5,,"=""T5633LS""","=""""",
"=""""","=""43.4067""","=""""","=""3.78e+06""",D,"=""21.77263""","=""50.33603""","=""1s2.2p2""","=""3P""","=""1""","=""1s2.2s.3p""","=""3P*""","=""1""",3,3,,"=""T5633LS""","=""""",
"=""""","=""43.4097""","=""""","=""1.51e+07""",D,"=""21.77263""","=""50.33406""","=""1s2.2p2""","=""3P""","=""1""","=""1s2.2s.3p""","=""3P*""","=""0""",3,1,,"=""T5633LS""","=""""",
"=""""","=""43.4235""","=""""","=""1.13e+07""",C,"=""21.78810""","=""50.34041""","=""1s2.2p2""","=""3P""","=""2""","=""1s2.2s.3p""","=""3P*""","=""2""",5,5,,"=""T5633LS""","=""""",
"=""""","=""43.4302""","=""""","=""6.30e+06""",D,"=""21.78810""","=""50.33603""","=""1s2.2p2""","=""3P""","=""2""","=""1s2.2s.3p""","=""3P*""","=""1""",5,3,,"=""T5633LS""","=""""",
"=""""","=""46.0217""","=""""","=""6.65e+07""",C+,"=""46.77735""","=""73.71776""","=""1s2.2s.3s""","=""3S""","=""1""","=""1s2.2p.(2P*).4d""","=""3P*""","=""0""",3,1,,"=""T5633LS""","=""""",
"=""""","=""46.0272""","=""""","=""6.65e+07""",C+,"=""46.77735""","=""73.71452""","=""1s2.2s.3s""","=""3S""","=""1""","=""1s2.2p.(2P*).4d""","=""3P*""","=""1""",3,3,,"=""T5633LS""","=""""",
"=""""","=""46.0394""","=""""","=""6.64e+07""",B,"=""46.77735""","=""73.70735""","=""1s2.2s.3s""","=""3S""","=""1""","=""1s2.2p.(2P*).4d""","=""3P*""","=""2""",3,5,,"=""T5633LS""","=""""",
"=""46.374""","=""46.3736""","=""650""","=""1.06e+09""",B,"=""23.41845""","=""50.15439""","=""1s2.2p2""","=""1D""","=""2""","=""1s2.2s.3p""","=""1P*""","=""1""",5,3,,"=""T5633""","=""L1356""",
"=""""","=""47.6909""","=""""","=""6.85e+06""",C,"=""48.21183""","=""74.20928""","=""1s2.2s.3s""","=""1S""","=""0""","=""1s2.2p.(2P*<3/2>).4d""","=""1P*""","=""1""",1,3,,"=""T5633""","=""""",
"=""""","=""49.7696""","=""""","=""5.80e+05""",D,"=""46.77735""","=""71.68898""","=""1s2.2s.3s""","=""3S""","=""1""","=""1s2.2p.(2P*).4s""","=""3P*""","=""2""",3,5,,"=""T5600c20""","=""""",
"=""""","=""49.8106""","=""""","=""5.79e+05""",D,"=""46.77735""","=""71.66850""","=""1s2.2s.3s""","=""3S""","=""1""","=""1s2.2p.(2P*).4s""","=""3P*""","=""1""",3,3,,"=""T5600c20""","=""""",
"=""""","=""49.8323""","=""""","=""5.78e+05""",D,"=""46.77735""","=""71.65763""","=""1s2.2s.3s""","=""3S""","=""1""","=""1s2.2p.(2P*).4s""","=""3P*""","=""0""",3,1,,"=""T5600c20""","=""""",
"=""""","=""51.8600""","=""""","=""9.99e+07""",B,"=""50.15439""","=""74.06185""","=""1s2.2s.3p""","=""1P*""","=""1""","=""1s2.2s.8d""","=""1D""","=""2""",3,5,,"=""T5633""","=""""",
"=""""","=""52.0934""","=""""","=""1.67e+07""",C+,"=""48.21183""","=""72.01219""","=""1s2.2s.3s""","=""1S""","=""0""","=""1s2.2p.(2P*<3/2>).4s""","=""1P*""","=""1""",1,3,,"=""T5633""","=""""",
"=""""","=""52.1845""","=""""","=""1.47e+08""",C,"=""50.15439""","=""73.91319""","=""1s2.2s.3p""","=""1P*""","=""1""","=""1s2.2s.8s""","=""1S""","=""0""",3,1,,"=""T5633""","=""""",
"=""""","=""52.7259""","=""""","=""2.98e+06""",D,"=""50.15439""","=""73.66925""","=""1s2.2s.3p""","=""1P*""","=""1""","=""1s2.2p.(2P*<3/2>).4p""","=""1S""","=""0""",3,1,,"=""T5600c20""","=""""",
"=""""","=""52.9430""","=""""","=""2.68e+03""",B+,"=""0.00000""","=""23.41845""","=""1s2.2s2""","=""1S""","=""0""","=""1s2.2p2""","=""1D""","=""2""",1,5,E2,"=""T4586,T3474""","=""""",
"=""""","=""53.6082""","=""""","=""4.73e+06""",D,"=""50.15439""","=""73.28221""","=""1s2.2s.3p""","=""1P*""","=""1""","=""1s2.2p.(2P*<3/2>).4p""","=""1D""","=""2""",3,5,,"=""T5633""","=""""",
"=""""","=""54.2412""","=""""","=""3.29e+08""",B,"=""50.15439""","=""73.01231""","=""1s2.2s.3p""","=""1P*""","=""1""","=""1s2.2s.7d""","=""1D""","=""2""",3,5,,"=""T5633""","=""""",
"=""""","=""55.4137""","=""""","=""2.11e+08""",B,"=""50.15439""","=""72.52869""","=""1s2.2s.3p""","=""1P*""","=""1""","=""1s2.2s.7s""","=""1S""","=""0""",3,1,,"=""T5633""","=""""",
"=""""","=""55.5126""","=""""","=""8.29e+06""",C,"=""50.15439""","=""72.48880""","=""1s2.2s.3p""","=""1P*""","=""1""","=""1s2.2p.(2P*<1/2>).4p""","=""1P""","=""1""",3,3,,"=""T5633""","=""""",
"=""""","=""56.9045""","=""""","=""1.14e-01""",B,"=""0.00000""","=""21.78810""","=""1s2.2s2""","=""1S""","=""0""","=""1s2.2p2""","=""3P""","=""2""",1,5,E2,"=""T4586,T3474""","=""""",
"=""""","=""56.9450""","=""""","=""6.63e-03""",D,"=""0.00000""","=""21.77263""","=""1s2.2s2""","=""1S""","=""0""","=""1s2.2p2""","=""3P""","=""1""",1,3,M1,"=""T4492,T3474""","=""""",
"=""""","=""58.3601""","=""""","=""5.22e+08""",B,"=""50.15439""","=""71.39908""","=""1s2.2s.3p""","=""1P*""","=""1""","=""1s2.2s.6d""","=""1D""","=""2""",3,5,,"=""T5633""","=""""",
"=""""","=""59.1180""","=""""","=""6.67e+07""",B,"=""29.18207""","=""50.15439""","=""1s2.2p2""","=""1S""","=""0""","=""1s2.2s.3p""","=""1P*""","=""1""",1,3,,"=""T5633""","=""""",
"=""""","=""59.4895""","=""""","=""5.81e+03""",C,"=""8.34070""","=""29.18207""","=""1s2.2s.2p""","=""3P*""","=""1""","=""1s2.2p2""","=""1S""","=""0""",3,1,,"=""u24""","=""""",
"=""""","=""59.5405""","=""""","=""4.75e-01""",C+,"=""8.35856""","=""29.18207""","=""1s2.2s.2p""","=""3P*""","=""2""","=""1s2.2p2""","=""1S""","=""0""",5,1,M2,"=""T4308""","=""""",
"=""""","=""60.0061""","=""""","=""3.20e+08""",B,"=""50.15439""","=""70.81631""","=""1s2.2s.3p""","=""1P*""","=""1""","=""1s2.2s.6s""","=""1S""","=""0""",3,1,,"=""T5633""","=""""",
"=""""","=""61.9663""","=""""","=""3.05e+08""",B,"=""48.21183""","=""68.22015""","=""1s2.2s.3s""","=""1S""","=""0""","=""1s2.2s.5p""","=""1P*""","=""1""",1,3,,"=""T5633""","=""""",
"=""""","=""66.7653""","=""""","=""8.58e+08""",B,"=""50.15439""","=""68.72453""","=""1s2.2s.3p""","=""1P*""","=""1""","=""1s2.2s.5d""","=""1D""","=""2""",3,5,,"=""T5633""","=""""",
"=""""","=""70.3191""","=""""","=""4.87e+08""",B,"=""50.15439""","=""67.78604""","=""1s2.2s.3p""","=""1P*""","=""1""","=""1s2.2s.5s""","=""1S""","=""0""",3,1,,"=""T5633""","=""""",
"=""""","=""72.0244""","=""""","=""6.54e+07""",B,"=""50.33406""","=""67.54825""","=""1s2.2s.3p""","=""3P*""","=""0""","=""1s2.2s.5s""","=""3S""","=""1""",1,3,,"=""T5633LS""","=""""",
"=""""","=""72.0327""","=""""","=""1.96e+08""",B,"=""50.33603""","=""67.54825""","=""1s2.2s.3p""","=""3P*""","=""1""","=""1s2.2s.5s""","=""3S""","=""1""",3,3,,"=""T5633LS""","=""""",
"=""""","=""72.0510""","=""""","=""3.27e+08""",B,"=""50.34041""","=""67.54825""","=""1s2.2s.3p""","=""3P*""","=""2""","=""1s2.2s.5s""","=""3S""","=""1""",5,3,,"=""T5633LS""","=""""",
"=""""","=""74.4566""","=""""","=""5.58e+07""",B,"=""46.77735""","=""63.42922""","=""1s2.2s.3s""","=""3S""","=""1""","=""1s2.2p.(2P*<3/2>).3d""","=""3P*""","=""0""",3,1,,"=""T5633LS""","=""""",
"=""""","=""74.4737""","=""""","=""5.58e+07""",B,"=""46.77735""","=""63.42541""","=""1s2.2s.3s""","=""3S""","=""1""","=""1s2.2p.(2P*<3/2>).3d""","=""3P*""","=""1""",3,3,,"=""T5633LS""","=""""",
"=""""","=""74.5020""","=""""","=""5.57e+07""",B,"=""46.77735""","=""63.41907""","=""1s2.2s.3s""","=""3S""","=""1""","=""1s2.2p.(2P*<3/2>).3d""","=""3P*""","=""2""",3,5,,"=""T5633LS""","=""""",
"=""76.5148""","=""76.5147""","=""570""","=""2.320e+09""",A+,"=""0.00000""","=""16.20398""","=""1s2.2s2""","=""1S""","=""0""","=""1s2.2s.2p""","=""1P*""","=""1""",1,3,,"=""u24""","=""L4738""",
"=""""","=""77.0678""","=""""","=""1.53e+08""",B,"=""48.21183""","=""64.29951""","=""1s2.2s.3s""","=""1S""","=""0""","=""1s2.2p.(2P*<3/2>).3d""","=""1P*""","=""1""",1,3,,"=""T5633""","=""""",
"=""""","=""79.1045""","=""""","=""4.28e+08""",B,"=""46.77735""","=""62.45082""","=""1s2.2s.3s""","=""3S""","=""1""","=""1s2.2s.4p""","=""3P*""","=""0""",3,1,,"=""T5633LS""","=""""",
"=""""","=""79.1095""","=""""","=""4.28e+08""",B,"=""46.77735""","=""62.44984""","=""1s2.2s.3s""","=""3S""","=""1""","=""1s2.2s.4p""","=""3P*""","=""1""",3,3,,"=""T5633LS""","=""""",
"=""""","=""79.1167""","=""""","=""4.29e+08""",B,"=""46.77735""","=""62.44841""","=""1s2.2s.3s""","=""3S""","=""1""","=""1s2.2s.4p""","=""3P*""","=""2""",3,5,,"=""T5633LS""","=""""",
"=""""","=""82.1873""","=""""","=""7.21e-02""",C+,"=""8.33288""","=""23.41845""","=""1s2.2s.2p""","=""3P*""","=""0""","=""1s2.2p2""","=""1D""","=""2""",1,5,M2,"=""T4308""","=""""",
"=""""","=""82.2299""","=""""","=""1.23e+04""",B,"=""8.34070""","=""23.41845""","=""1s2.2s.2p""","=""3P*""","=""1""","=""1s2.2p2""","=""1D""","=""2""",3,5,,"=""u24""","=""""",
"=""""","=""82.2299""","=""""","=""1.64e-01""",C+,"=""8.34070""","=""23.41845""","=""1s2.2s.2p""","=""3P*""","=""1""","=""1s2.2p2""","=""1D""","=""2""",3,5,M2,"=""T4308""","=""""",
"=""""","=""82.3274""","=""""","=""9.89e+04""",B,"=""8.35856""","=""23.41845""","=""1s2.2s.2p""","=""3P*""","=""2""","=""1s2.2p2""","=""1D""","=""2""",5,5,,"=""u24""","=""""",
"=""""","=""82.3274""","=""""","=""1.29e-01""",C+,"=""8.35856""","=""23.41845""","=""1s2.2s.2p""","=""3P*""","=""2""","=""1s2.2p2""","=""1D""","=""2""",5,5,M2,"=""T4308""","=""""",
"=""""","=""84.6215""","=""""","=""1.63e+08""",B,"=""48.21183""","=""62.86345""","=""1s2.2s.3s""","=""1S""","=""0""","=""1s2.2s.4p""","=""1P*""","=""1""",1,3,,"=""T5633""","=""""",
"=""""","=""90.0516""","=""""","=""2.08e+07""",C+,"=""50.15439""","=""63.92251""","=""1s2.2s.3p""","=""1P*""","=""1""","=""1s2.2p.(2P*<3/2>).3p""","=""1S""","=""0""",3,1,,"=""T5633""","=""""",
"=""""","=""90.8057""","=""""","=""1.41e+09""",B,"=""50.15439""","=""63.80818""","=""1s2.2s.3p""","=""1P*""","=""1""","=""1s2.2s.4d""","=""1D""","=""2""",3,5,,"=""T5633""","=""""",
"=""""","=""92.1458""","=""""","=""1.73e-02""",C+,"=""8.33288""","=""21.78810""","=""1s2.2s.2p""","=""3P*""","=""0""","=""1s2.2p2""","=""3P""","=""2""",1,5,M2,"=""T4308""","=""""",
"=""92.1992""","=""92.1994""","=""520""","=""4.415e+08""",A+,"=""8.34070""","=""21.78810""","=""1s2.2s.2p""","=""3P*""","=""1""","=""1s2.2p2""","=""3P""","=""2""",3,5,,"=""u24""","=""L4738""",
"=""""","=""92.1994""","=""""","=""2.82e-05""",C,"=""8.34070""","=""21.78810""","=""1s2.2s.2p""","=""3P*""","=""1""","=""1s2.2p2""","=""3P""","=""2""",3,5,M2,"=""T4308""","=""""",
"=""92.2519""","=""92.2519""","=""500""","=""5.876e+08""",A+,"=""8.33288""","=""21.77263""","=""1s2.2s.2p""","=""3P*""","=""0""","=""1s2.2p2""","=""3P""","=""1""",1,3,,"=""u24""","=""L4738""",
"=""""","=""92.3056""","=""""","=""8.04e-02""",C+,"=""8.34070""","=""21.77263""","=""1s2.2s.2p""","=""3P*""","=""1""","=""1s2.2p2""","=""3P""","=""1""",3,3,M2,"=""T4308""","=""""",
"=""92.3057""","=""92.3056""","=""480""","=""4.399e+08""",A+,"=""8.34070""","=""21.77263""","=""1s2.2s.2p""","=""3P*""","=""1""","=""1s2.2p2""","=""3P""","=""1""",3,3,,"=""u24""","=""L4738""",
"=""""","=""92.3220""","=""""","=""1.319e+09""",A+,"=""8.35856""","=""21.78810""","=""1s2.2s.2p""","=""3P*""","=""2""","=""1s2.2p2""","=""3P""","=""2""",5,5,,"=""u24""","=""""",
"=""""","=""92.3220""","=""""","=""1.02e-01""",C+,"=""8.35856""","=""21.78810""","=""1s2.2s.2p""","=""3P*""","=""2""","=""1s2.2p2""","=""3P""","=""2""",5,5,M2,"=""T4308""","=""""",
"=""""","=""92.3676""","=""""","=""1.756e+09""",A+,"=""8.34070""","=""21.76362""","=""1s2.2s.2p""","=""3P*""","=""1""","=""1s2.2p2""","=""3P""","=""0""",3,1,,"=""u24""","=""""",
"=""92.4283""","=""92.4284""","=""520""","=""7.304e+08""",A+,"=""8.35856""","=""21.77263""","=""1s2.2s.2p""","=""3P*""","=""2""","=""1s2.2p2""","=""3P""","=""1""",5,3,,"=""u24""","=""L4738""",
"=""""","=""92.4284""","=""""","=""1.08e-04""",C,"=""8.35856""","=""21.77263""","=""1s2.2s.2p""","=""3P*""","=""2""","=""1s2.2p2""","=""3P""","=""1""",5,3,M2,"=""T4308""","=""""",
"=""""","=""92.4906""","=""""","=""7.65e-02""",C+,"=""8.35856""","=""21.76362""","=""1s2.2s.2p""","=""3P*""","=""2""","=""1s2.2p2""","=""3P""","=""0""",5,1,M2,"=""T4308,T3474""","=""""",
"=""""","=""94.8151""","=""""","=""9.93e+08""",B,"=""50.33406""","=""63.410""","=""1s2.2s.3p""","=""3P*""","=""0""","=""1s2.2s.4d""","=""3D""","=""1""",1,3,,"=""T5633LS""","=""""",
"=""""","=""94.8240""","=""""","=""1.34e+09""",B,"=""50.33603""","=""63.4112""","=""1s2.2s.3p""","=""3P*""","=""1""","=""1s2.2s.4d""","=""3D""","=""2""",3,5,,"=""T5633LS""","=""""",
"=""""","=""94.8294""","=""""","=""7.44e+08""",B,"=""50.33603""","=""63.410""","=""1s2.2s.3p""","=""3P*""","=""1""","=""1s2.2s.4d""","=""3D""","=""1""",3,3,,"=""T5633LS""","=""""",
"=""""","=""94.8540""","=""""","=""1.78e+09""",B,"=""50.34041""","=""63.41147""","=""1s2.2s.3p""","=""3P*""","=""2""","=""1s2.2s.4d""","=""3D""","=""3""",5,7,,"=""T5633LS""","=""""",
"=""""","=""94.8558""","=""""","=""4.46e+08""",B,"=""50.34041""","=""63.4112""","=""1s2.2s.3p""","=""3P*""","=""2""","=""1s2.2s.4d""","=""3D""","=""2""",5,5,,"=""T5633LS""","=""""",
"=""""","=""94.8612""","=""""","=""4.96e+07""",B,"=""50.34041""","=""63.410""","=""1s2.2s.3p""","=""3P*""","=""2""","=""1s2.2s.4d""","=""3D""","=""1""",5,3,,"=""T5633LS""","=""""",
"=""95.5335""","=""95.5334""","=""1000""","=""2.919e+09""",A+,"=""16.20398""","=""29.18207""","=""1s2.2s.2p""","=""1P*""","=""1""","=""1s2.2p2""","=""1S""","=""0""",3,1,,"=""u24""","=""L4738""",
"=""103.616""","=""""","=""150w""","=""""",,"=""""","=""""","=""""","=""""","=""""","=""""","=""""","=""""",1,1,,"=""""","=""L4738""",
"=""""","=""105.0602""","=""""","=""2.68e+07""",B,"=""50.15439""","=""61.95564""","=""1s2.2s.3p""","=""1P*""","=""1""","=""1s2.2p.(2P*<3/2>).3p""","=""1D""","=""2""",3,5,,"=""T5633""","=""""",
"=""107.871""","=""107.8711""","=""90""","=""1.22e+09""",B,"=""53.20901""","=""64.70274""","=""1s2.2s.3d""","=""1D""","=""2""","=""1s2.2s.4f""","=""1F*""","=""3""",5,7,,"=""T5633""","=""L4738""",
"=""""","=""108.6084""","=""""","=""2.29e+08""",B,"=""50.33406""","=""61.74977""","=""1s2.2s.3p""","=""3P*""","=""0""","=""1s2.2p.(2P*<3/2>).3p""","=""3S""","=""1""",1,3,,"=""T5633LS""","=""""",
"=""""","=""108.6272""","=""""","=""6.86e+08""",B,"=""50.33603""","=""61.74977""","=""1s2.2s.3p""","=""3P*""","=""1""","=""1s2.2p.(2P*<3/2>).3p""","=""3S""","=""1""",3,3,,"=""T5633LS""","=""""",
"=""""","=""108.6688""","=""""","=""1.14e+09""",B,"=""50.34041""","=""61.74977""","=""1s2.2s.3p""","=""3P*""","=""2""","=""1s2.2p.(2P*<3/2>).3p""","=""3S""","=""1""",5,3,,"=""T5633LS""","=""""",
"=""""","=""113.1036""","=""""","=""1.17e+08""",B,"=""50.33603""","=""61.29804""","=""1s2.2s.3p""","=""3P*""","=""1""","=""1s2.2p.(2P*).3p""","=""3P""","=""2""",3,5,,"=""T5633LS""","=""""",
"=""""","=""113.1488""","=""""","=""3.50e+08""",B,"=""50.34041""","=""61.29804""","=""1s2.2s.3p""","=""3P*""","=""2""","=""1s2.2p.(2P*).3p""","=""3P""","=""2""",5,5,,"=""T5633LS""","=""""",
"=""""","=""113.2021""","=""""","=""1.55e+08""",B,"=""50.33406""","=""61.28653""","=""1s2.2s.3p""","=""3P*""","=""0""","=""1s2.2p.(2P*).3p""","=""3P""","=""1""",1,3,,"=""T5633LS""","=""""",
"=""""","=""113.2225""","=""""","=""1.16e+08""",B,"=""50.33603""","=""61.28653""","=""1s2.2s.3p""","=""3P*""","=""1""","=""1s2.2p.(2P*).3p""","=""3P""","=""1""",3,3,,"=""T5633LS""","=""""",
"=""""","=""113.2677""","=""""","=""1.94e+08""",B,"=""50.34041""","=""61.28653""","=""1s2.2s.3p""","=""3P*""","=""2""","=""1s2.2p.(2P*).3p""","=""3P""","=""1""",5,3,,"=""T5633LS""","=""""",
"=""""","=""113.2944""","=""""","=""4.64e+08""",B,"=""50.33603""","=""61.27957""","=""1s2.2s.3p""","=""3P*""","=""1""","=""1s2.2p.(2P*).3p""","=""3P""","=""0""",3,1,,"=""T5633LS""","=""""",
"=""""","=""113.3121""","=""""","=""4.07e+08""",B,"=""46.77735""","=""57.71918""","=""1s2.2s.3s""","=""3S""","=""1""","=""1s2.2p.(2P*).3s""","=""3P*""","=""2""",3,5,,"=""T5633LS""","=""""",
"=""""","=""113.5252""","=""""","=""4.05e+08""",B,"=""46.77735""","=""57.69865""","=""1s2.2s.3s""","=""3S""","=""1""","=""1s2.2p.(2P*).3s""","=""3P*""","=""1""",3,3,,"=""T5633LS""","=""""",
"=""""","=""113.6273""","=""""","=""4.04e+08""",B,"=""46.77735""","=""57.68883""","=""1s2.2s.3s""","=""3S""","=""1""","=""1s2.2p.(2P*).3s""","=""3P*""","=""0""",3,1,,"=""T5633LS""","=""""",
"=""""","=""116.8484""","=""""","=""5.59e+07""",B,"=""52.07951""","=""62.69020""","=""1s2.2s.3d""","=""3D""","=""2""","=""1s2.2p.(2P*).3d""","=""3D*""","=""3""",5,7,,"=""T5633LS""","=""""",
"=""""","=""116.8598""","=""""","=""4.46e+08""",B,"=""52.08055""","=""62.69020""","=""1s2.2s.3d""","=""3D""","=""3""","=""1s2.2p.(2P*).3d""","=""3D*""","=""3""",7,7,,"=""T5633LS""","=""""",
"=""""","=""116.9011""","=""""","=""7.51e+07""",B,"=""52.07904""","=""62.68495""","=""1s2.2s.3d""","=""3D""","=""1""","=""1s2.2p.(2P*).3d""","=""3D*""","=""2""",3,5,,"=""T5633LS""","=""""",
"=""""","=""116.9063""","=""""","=""3.49e+08""",B,"=""52.07951""","=""62.68495""","=""1s2.2s.3d""","=""3D""","=""2""","=""1s2.2p.(2P*).3d""","=""3D*""","=""2""",5,5,,"=""T5633LS""","=""""",
"=""""","=""116.9178""","=""""","=""7.81e+07""",B,"=""52.08055""","=""62.68495""","=""1s2.2s.3d""","=""3D""","=""3""","=""1s2.2p.(2P*).3d""","=""3D*""","=""2""",7,5,,"=""T5633LS""","=""""",
"=""""","=""116.9478""","=""""","=""3.75e+08""",B,"=""52.07904""","=""62.68071""","=""1s2.2s.3d""","=""3D""","=""1""","=""1s2.2p.(2P*).3d""","=""3D*""","=""1""",3,3,,"=""T5633LS""","=""""",
"=""""","=""116.9530""","=""""","=""1.25e+08""",B,"=""52.07951""","=""62.68071""","=""1s2.2s.3d""","=""3D""","=""2""","=""1s2.2p.(2P*).3d""","=""3D*""","=""1""",5,3,,"=""T5633LS""","=""""",
"=""118.801""","=""118.8005""","=""90""","=""9.49e+08""",B,"=""48.21183""","=""58.64816""","=""1s2.2s.3s""","=""1S""","=""0""","=""1s2.2p.(2P*<3/2>).3s""","=""1P*""","=""1""",1,3,,"=""T5633""","=""L4738""",
"=""""","=""119.5400""","=""""","=""5.43e+08""",B,"=""52.07904""","=""62.45082""","=""1s2.2s.3d""","=""3D""","=""1""","=""1s2.2s.4p""","=""3P*""","=""0""",3,1,,"=""T5633LS""","=""""",
"=""""","=""119.5513""","=""""","=""1.36e+08""",B,"=""52.07904""","=""62.44984""","=""1s2.2s.3d""","=""3D""","=""1""","=""1s2.2s.4p""","=""3P*""","=""1""",3,3,,"=""T5633LS""","=""""",
"=""""","=""119.5567""","=""""","=""4.07e+08""",B,"=""52.07951""","=""62.44984""","=""1s2.2s.3d""","=""3D""","=""2""","=""1s2.2s.4p""","=""3P*""","=""1""",5,3,,"=""T5633LS""","=""""",
"=""""","=""119.5677""","=""""","=""5.43e+06""",B,"=""52.07904""","=""62.44841""","=""1s2.2s.3d""","=""3D""","=""1""","=""1s2.2s.4p""","=""3P*""","=""2""",3,5,,"=""T5633LS""","=""""",
"=""""","=""119.5732""","=""""","=""8.14e+07""",B,"=""52.07951""","=""62.44841""","=""1s2.2s.3d""","=""3D""","=""2""","=""1s2.2s.4p""","=""3P*""","=""2""",5,5,,"=""T5633LS""","=""""",
"=""""","=""119.5852""","=""""","=""4.56e+08""",B,"=""52.08055""","=""62.44841""","=""1s2.2s.3d""","=""3D""","=""3""","=""1s2.2s.4p""","=""3P*""","=""2""",7,5,,"=""T5633LS""","=""""",
"=""""","=""122.4953""","=""""","=""3.01e+07""",B,"=""50.33406""","=""60.45561""","=""1s2.2s.3p""","=""3P*""","=""0""","=""1s2.2s.4s""","=""3S""","=""1""",1,3,,"=""T5633LS""","=""""",
"=""""","=""122.5191""","=""""","=""9.02e+07""",B,"=""50.33603""","=""60.45561""","=""1s2.2s.3p""","=""3P*""","=""1""","=""1s2.2s.4s""","=""3S""","=""1""",3,3,,"=""T5633LS""","=""""",
"=""""","=""122.5722""","=""""","=""1.50e+08""",B,"=""50.34041""","=""60.45561""","=""1s2.2s.3p""","=""3P*""","=""2""","=""1s2.2s.4s""","=""3S""","=""1""",5,3,,"=""T5633LS""","=""""",
"=""""","=""124.3732""","=""""","=""1.95e+08""",C+,"=""61.42254""","=""71.39127""","=""1s2.2p.(2P*).3d""","=""3F*""","=""2""","=""1s2.2s.6g""","=""3G""","=""3""",5,7,,"=""T5600c20""","=""""",
"=""""","=""124.4915""","=""""","=""1.99e+08""",C+,"=""61.43201""","=""71.39127""","=""1s2.2p.(2P*).3d""","=""3F*""","=""3""","=""1s2.2s.6g""","=""3G""","=""4""",7,9,,"=""T5600c20""","=""""",
"=""""","=""124.4915""","=""""","=""1.71e+07""",C+,"=""61.43201""","=""71.39127""","=""1s2.2p.(2P*).3d""","=""3F*""","=""3""","=""1s2.2s.6g""","=""3G""","=""3""",7,7,,"=""T5600c20,LS""","=""""",
"=""""","=""124.6514""","=""""","=""2.12e+08""",C+,"=""61.44480""","=""71.39127""","=""1s2.2p.(2P*).3d""","=""3F*""","=""4""","=""1s2.2s.6g""","=""3G""","=""5""",9,11,,"=""T5600c20""","=""""",
"=""""","=""124.6514""","=""""","=""1.32e+07""",C+,"=""61.44480""","=""71.39127""","=""1s2.2p.(2P*).3d""","=""3F*""","=""4""","=""1s2.2s.6g""","=""3G""","=""4""",9,9,,"=""T5600c20,LS""","=""""",
"=""""","=""124.6514""","=""""","=""2.59e+05""",D,"=""61.44480""","=""71.39127""","=""1s2.2p.(2P*).3d""","=""3F*""","=""4""","=""1s2.2s.6g""","=""3G""","=""3""",9,7,,"=""T5600c20,LS""","=""""",
"=""""","=""127.0270""","=""""","=""4.09e+08""",B,"=""50.34041""","=""60.10087""","=""1s2.2s.3p""","=""3P*""","=""2""","=""1s2.2p.(2P*).3p""","=""3D""","=""3""",5,7,,"=""T5633LS""","=""""",
"=""""","=""127.2145""","=""""","=""3.05e+08""",B,"=""50.33603""","=""60.08211""","=""1s2.2s.3p""","=""3P*""","=""1""","=""1s2.2p.(2P*).3p""","=""3D""","=""2""",3,5,,"=""T5633LS""","=""""",
"=""""","=""127.2716""","=""""","=""1.02e+08""",B,"=""50.34041""","=""60.08211""","=""1s2.2s.3p""","=""3P*""","=""2""","=""1s2.2p.(2P*).3p""","=""3D""","=""2""",5,5,,"=""T5633LS""","=""""",
"=""""","=""127.3454""","=""""","=""2.25e+08""",B,"=""50.33406""","=""60.07012""","=""1s2.2s.3p""","=""3P*""","=""0""","=""1s2.2p.(2P*).3p""","=""3D""","=""1""",1,3,,"=""T5633LS""","=""""",
"=""""","=""127.3712""","=""""","=""1.69e+08""",B,"=""50.33603""","=""60.07012""","=""1s2.2s.3p""","=""3P*""","=""1""","=""1s2.2p.(2P*).3p""","=""3D""","=""1""",3,3,,"=""T5633LS""","=""""",
"=""""","=""127.4285""","=""""","=""1.13e+07""",B,"=""50.34041""","=""60.07012""","=""1s2.2s.3p""","=""3P*""","=""2""","=""1s2.2p.(2P*).3p""","=""3D""","=""1""",5,3,,"=""T5633LS""","=""""",
"=""""","=""128.4220""","=""""","=""4.04e+08""",B,"=""53.20901""","=""62.86345""","=""1s2.2s.3d""","=""1D""","=""2""","=""1s2.2s.4p""","=""1P*""","=""1""",5,3,,"=""T5633""","=""""",
"=""""","=""129.6593""","=""""","=""1.87e+09""",B,"=""53.20901""","=""62.77132""","=""1s2.2s.3d""","=""1D""","=""2""","=""1s2.2p.(2P*<3/2>).3d""","=""1F*""","=""3""",5,7,,"=""T5633""","=""""",
"=""""","=""130.9555""","=""""","=""6.95e+08""",B,"=""50.15439""","=""59.62204""","=""1s2.2s.3p""","=""1P*""","=""1""","=""1s2.2p.(2P*<1/2>).3p""","=""1P""","=""1""",3,3,,"=""T5633""","=""""",
"=""""","=""132.4018""","=""""","=""3.98e+07""",B,"=""52.08055""","=""61.44480""","=""1s2.2s.3d""","=""3D""","=""3""","=""1s2.2p.(2P*).3d""","=""3F*""","=""4""",7,9,,"=""T5633LS""","=""""",
"=""""","=""132.5680""","=""""","=""3.52e+07""",B,"=""52.07951""","=""61.43201""","=""1s2.2s.3d""","=""3D""","=""2""","=""1s2.2p.(2P*).3d""","=""3F*""","=""3""",5,7,,"=""T5633LS""","=""""",
"=""""","=""132.5827""","=""""","=""4.41e+06""",B,"=""52.08055""","=""61.43201""","=""1s2.2s.3d""","=""3D""","=""3""","=""1s2.2p.(2P*).3d""","=""3F*""","=""3""",7,7,,"=""T5633LS""","=""""",
"=""""","=""132.6957""","=""""","=""3.32e+07""",B,"=""52.07904""","=""61.42254""","=""1s2.2s.3d""","=""3D""","=""1""","=""1s2.2p.(2P*).3d""","=""3F*""","=""2""",3,5,,"=""T5633LS""","=""""",
"=""""","=""132.7024""","=""""","=""6.16e+06""",B,"=""52.07951""","=""61.42254""","=""1s2.2s.3d""","=""3D""","=""2""","=""1s2.2p.(2P*).3d""","=""3F*""","=""2""",5,5,,"=""T5633LS""","=""""",
"=""""","=""132.7172""","=""""","=""1.74e+05""",C,"=""52.08055""","=""61.42254""","=""1s2.2s.3d""","=""3D""","=""3""","=""1s2.2p.(2P*).3d""","=""3F*""","=""2""",7,5,,"=""T5633LS""","=""""",
"=""""","=""143.8371""","=""""","=""3.68e+08""",B,"=""62.77132""","=""71.39108""","=""1s2.2p.(2P*<3/2>).3d""","=""1F*""","=""3""","=""1s2.2s.6g""","=""1G""","=""4""",7,9,,"=""T5600c20""","=""""",
"=""""","=""144.6117""","=""""","=""2.00e+08""",B,"=""53.20901""","=""61.78260""","=""1s2.2s.3d""","=""1D""","=""2""","=""1s2.2p.(2P*<1/2>).3d""","=""1D*""","=""2""",5,5,,"=""T5633""","=""""",
"=""""","=""148.3321""","=""""","=""1.15e-02""",B+,"=""0.00000""","=""8.35856""","=""1s2.2s2""","=""1S""","=""0""","=""1s2.2s.2p""","=""3P*""","=""2""",1,5,M2,"=""T4308,T3474""","=""""",
"=""""","=""148.6496""","=""""","=""5.95e+02""",B,"=""0.00000""","=""8.34070""","=""1s2.2s2""","=""1S""","=""0""","=""1s2.2s.2p""","=""3P*""","=""1""",1,3,,"=""u24""","=""""",
"=""""","=""157.5183""","=""""","=""1.24e-02""",B,"=""8.33288""","=""16.20398""","=""1s2.2s.2p""","=""3P*""","=""0""","=""1s2.2s.2p""","=""1P*""","=""1""",1,3,M1,"=""T4492,T3474""","=""""",
"=""""","=""157.6750""","=""""","=""2.24e-02""",E,"=""8.34070""","=""16.20398""","=""1s2.2s.2p""","=""3P*""","=""1""","=""1s2.2s.2p""","=""1P*""","=""1""",3,3,M1,"=""T4492,T3474""","=""""",
"=""""","=""157.6750""","=""""","=""3.26e-04""",D,"=""8.34070""","=""16.20398""","=""1s2.2s.2p""","=""3P*""","=""1""","=""1s2.2s.2p""","=""1P*""","=""1""",3,3,E2,"=""T4586""","=""""",
"=""""","=""158.0338""","=""""","=""1.54e-02""",B,"=""8.35856""","=""16.20398""","=""1s2.2s.2p""","=""3P*""","=""2""","=""1s2.2s.2p""","=""1P*""","=""1""",5,3,M1,"=""T4492,T3474""","=""""",
"=""""","=""158.0338""","=""""","=""2.25e-04""",D,"=""8.35856""","=""16.20398""","=""1s2.2s.2p""","=""3P*""","=""2""","=""1s2.2s.2p""","=""1P*""","=""1""",5,3,E2,"=""T4586""","=""""",
"=""""","=""167.3327""","=""""","=""1.50e-01""",C,"=""21.77263""","=""29.18207""","=""1s2.2p2""","=""3P""","=""1""","=""1s2.2p2""","=""1S""","=""0""",3,1,M1,"=""T4492""","=""""",
"=""""","=""167.6828""","=""""","=""7.04e-03""",C,"=""21.78810""","=""29.18207""","=""1s2.2p2""","=""3P""","=""2""","=""1s2.2p2""","=""1S""","=""0""",5,1,E2,"=""T4586""","=""""",
"=""""","=""168.7570""","=""""","=""1.62e+08""",C+,"=""64.04436""","=""71.39127""","=""1s2.2s.4f""","=""3F*""","=""2""","=""1s2.2s.6g""","=""3G""","=""3""",5,7,,"=""T5600c20""","=""""",
"=""""","=""168.7804""","=""""","=""1.66e+08""",C+,"=""64.04538""","=""71.39127""","=""1s2.2s.4f""","=""3F*""","=""3""","=""1s2.2s.6g""","=""3G""","=""4""",7,9,,"=""T5600c20""","=""""",
"=""""","=""168.7804""","=""""","=""1.42e+07""",C+,"=""64.04538""","=""71.39127""","=""1s2.2s.4f""","=""3F*""","=""3""","=""1s2.2s.6g""","=""3G""","=""3""",7,7,,"=""T5600c20,LS""","=""""",
"=""""","=""168.8123""","=""""","=""1.77e+08""",C+,"=""64.04677""","=""71.39127""","=""1s2.2s.4f""","=""3F*""","=""4""","=""1s2.2s.6g""","=""3G""","=""5""",9,11,,"=""T5600c20""","=""""",
"=""""","=""168.8123""","=""""","=""1.11e+07""",C+,"=""64.04677""","=""71.39127""","=""1s2.2s.4f""","=""3F*""","=""4""","=""1s2.2s.6g""","=""3G""","=""4""",9,9,,"=""T5600c20,LS""","=""""",
"=""""","=""168.8123""","=""""","=""2.17e+05""",C,"=""64.04677""","=""71.39127""","=""1s2.2s.4f""","=""3F*""","=""4""","=""1s2.2s.6g""","=""3G""","=""3""",9,7,,"=""T5600c20,LS""","=""""",
"=""""","=""169.6828""","=""""","=""2.35e+08""",C+,"=""61.42254""","=""68.72936""","=""1s2.2p.(2P*).3d""","=""3F*""","=""2""","=""1s2.2s.5g""","=""3G""","=""3""",5,7,,"=""T5600c20""","=""""",
"=""""","=""169.9030""","=""""","=""2.40e+08""",C+,"=""61.43201""","=""68.72936""","=""1s2.2p.(2P*).3d""","=""3F*""","=""3""","=""1s2.2s.5g""","=""3G""","=""4""",7,9,,"=""T5600c20""","=""""",
"=""""","=""169.9030""","=""""","=""2.06e+07""",C+,"=""61.43201""","=""68.72936""","=""1s2.2p.(2P*).3d""","=""3F*""","=""3""","=""1s2.2s.5g""","=""3G""","=""3""",7,7,,"=""T5600c20,LS""","=""""",
"=""""","=""170.2012""","=""""","=""2.55e+08""",C+,"=""61.44480""","=""68.72936""","=""1s2.2p.(2P*).3d""","=""3F*""","=""4""","=""1s2.2s.5g""","=""3G""","=""5""",9,11,,"=""T5600c20""","=""""",
"=""""","=""170.2012""","=""""","=""1.59e+07""",C+,"=""61.44480""","=""68.72936""","=""1s2.2p.(2P*).3d""","=""3F*""","=""4""","=""1s2.2s.5g""","=""3G""","=""4""",9,9,,"=""T5600c20,LS""","=""""",
"=""""","=""170.2012""","=""""","=""3.12e+05""",C,"=""61.44480""","=""68.72936""","=""1s2.2p.(2P*).3d""","=""3F*""","=""4""","=""1s2.2s.5g""","=""3G""","=""3""",9,7,,"=""T5600c20,LS""","=""""",
"=""171.855""","=""171.8550""","=""1000""","=""2.321e+08""",A+,"=""16.20398""","=""23.41845""","=""1s2.2s.2p""","=""1P*""","=""1""","=""1s2.2p2""","=""1D""","=""2""",3,5,,"=""u24""","=""L4738""",
"=""""","=""171.8550""","=""""","=""8.83e-05""",C,"=""16.20398""","=""23.41845""","=""1s2.2s.2p""","=""1P*""","=""1""","=""1s2.2p2""","=""1D""","=""2""",3,5,M2,"=""T4308""","=""""",
"=""""","=""203.622""","=""""","=""2.37e+08""",B,"=""62.44841""","=""68.53734""","=""1s2.2s.4p""","=""3P*""","=""2""","=""1s2.2s.5d""","=""3D""","=""3""",5,7,,"=""T5633LS""","=""""",
"=""""","=""203.628""","=""""","=""5.91e+07""",B,"=""62.44841""","=""68.53718""","=""1s2.2s.4p""","=""3P*""","=""2""","=""1s2.2s.5d""","=""3D""","=""2""",5,5,,"=""T5633LS""","=""""",
"=""""","=""203.628""","=""""","=""6.57e+06""",B,"=""62.44841""","=""68.53718""","=""1s2.2s.4p""","=""3P*""","=""2""","=""1s2.2s.5d""","=""3D""","=""1""",5,3,,"=""T5633LS""","=""""",
"=""""","=""203.676""","=""""","=""1.77e+08""",B,"=""62.44984""","=""68.53718""","=""1s2.2s.4p""","=""3P*""","=""1""","=""1s2.2s.5d""","=""3D""","=""2""",3,5,,"=""T5633LS""","=""""",
"=""""","=""203.676""","=""""","=""9.85e+07""",B,"=""62.44984""","=""68.53718""","=""1s2.2s.4p""","=""3P*""","=""1""","=""1s2.2s.5d""","=""3D""","=""1""",3,3,,"=""T5633LS""","=""""",
"=""""","=""203.708""","=""""","=""1.31e+08""",B,"=""62.45082""","=""68.53718""","=""1s2.2s.4p""","=""3P*""","=""0""","=""1s2.2s.5d""","=""3D""","=""1""",1,3,,"=""T5633LS""","=""""",
"=""208.100""","=""208.098""","=""90""","=""7.36e+08""",B,"=""62.77132""","=""68.72929""","=""1s2.2p.(2P*<3/2>).3d""","=""1F*""","=""3""","=""1s2.2s.5g""","=""1G""","=""4""",7,9,,"=""T5600c20""","=""L4738""",
"=""""","=""215.115""","=""""","=""5.88e+01""",B,"=""23.41845""","=""29.18207""","=""1s2.2p2""","=""1D""","=""2""","=""1s2.2p2""","=""1S""","=""0""",5,1,E2,"=""T4586,T3474""","=""""",
"=""""","=""222.030""","=""""","=""4.68e+03""",B,"=""16.20398""","=""21.78810""","=""1s2.2s.2p""","=""1P*""","=""1""","=""1s2.2p2""","=""3P""","=""2""",3,5,,"=""u24""","=""""",
"=""""","=""222.030""","=""""","=""1.12e-03""",C+,"=""16.20398""","=""21.78810""","=""1s2.2s.2p""","=""1P*""","=""1""","=""1s2.2p2""","=""3P""","=""2""",3,5,M2,"=""T4308""","=""""",
"=""""","=""222.647""","=""""","=""7.96e+01""",B,"=""16.20398""","=""21.77263""","=""1s2.2s.2p""","=""1P*""","=""1""","=""1s2.2p2""","=""3P""","=""1""",3,3,,"=""u24""","=""""",
"=""""","=""222.647""","=""""","=""6.12e-04""",C+,"=""16.20398""","=""21.77263""","=""1s2.2s.2p""","=""1P*""","=""1""","=""1s2.2p2""","=""3P""","=""1""",3,3,M2,"=""T4308""","=""""",
"=""""","=""223.008""","=""""","=""1.24e+03""",B,"=""16.20398""","=""21.76362""","=""1s2.2s.2p""","=""1P*""","=""1""","=""1s2.2p2""","=""3P""","=""0""",3,1,,"=""u24""","=""""",
"=""231.880""","=""""","=""90w""","=""""",,"=""""","=""""","=""""","=""""","=""""","=""""","=""""","=""""",1,1,,"=""""","=""L4738""",
"=""""","=""240.278""","=""""","=""1.56e+08""",B,"=""58.64816""","=""63.80818""","=""1s2.2p.(2P*<3/2>).3s""","=""1P*""","=""1""","=""1s2.2s.4d""","=""1D""","=""2""",3,5,,"=""T5633""","=""""",
"=""""","=""242.239""","=""""","=""1.13e+08""",B,"=""63.41907""","=""68.53734""","=""1s2.2p.(2P*<3/2>).3d""","=""3P*""","=""2""","=""1s2.2s.5d""","=""3D""","=""3""",5,7,,"=""T5633LS""","=""""",
"=""""","=""242.246""","=""""","=""2.82e+07""",B,"=""63.41907""","=""68.53718""","=""1s2.2p.(2P*<3/2>).3d""","=""3P*""","=""2""","=""1s2.2s.5d""","=""3D""","=""2""",5,5,,"=""T5633LS""","=""""",
"=""""","=""242.246""","=""""","=""3.14e+06""",B,"=""63.41907""","=""68.53718""","=""1s2.2p.(2P*<3/2>).3d""","=""3P*""","=""2""","=""1s2.2s.5d""","=""3D""","=""1""",5,3,,"=""T5633LS""","=""""",
"=""""","=""242.547""","=""""","=""8.44e+07""",B,"=""63.42541""","=""68.53718""","=""1s2.2p.(2P*<3/2>).3d""","=""3P*""","=""1""","=""1s2.2s.5d""","=""3D""","=""2""",3,5,,"=""T5633LS""","=""""",
"=""""","=""242.547""","=""""","=""4.69e+07""",B,"=""63.42541""","=""68.53718""","=""1s2.2p.(2P*<3/2>).3d""","=""3P*""","=""1""","=""1s2.2s.5d""","=""3D""","=""1""",3,3,,"=""T5633LS""","=""""",
"=""""","=""242.728""","=""""","=""6.24e+07""",B,"=""63.42922""","=""68.53718""","=""1s2.2p.(2P*<3/2>).3d""","=""3P*""","=""0""","=""1s2.2s.5d""","=""3D""","=""1""",1,3,,"=""T5633LS""","=""""",
"=""""","=""243.114""","=""""","=""2.15e+08""",B,"=""62.44841""","=""67.54825""","=""1s2.2s.4p""","=""3P*""","=""2""","=""1s2.2s.5s""","=""3S""","=""1""",5,3,,"=""T5633LS""","=""""",
"=""""","=""243.182""","=""""","=""1.29e+08""",B,"=""62.44984""","=""67.54825""","=""1s2.2s.4p""","=""3P*""","=""1""","=""1s2.2s.5s""","=""3S""","=""1""",3,3,,"=""T5633LS""","=""""",
"=""""","=""243.229""","=""""","=""4.29e+07""",B,"=""62.45082""","=""67.54825""","=""1s2.2s.4p""","=""3P*""","=""0""","=""1s2.2s.5s""","=""3S""","=""1""",1,3,,"=""T5633LS""","=""""",
"=""247.844""","=""247.844""","=""150""","=""5.96e+08""",B,"=""63.80818""","=""68.81070""","=""1s2.2s.4d""","=""1D""","=""2""","=""1s2.2s.5f""","=""1F*""","=""3""",5,7,,"=""T5633""","=""L4738""",
"=""264.644""","=""264.641""","=""250""","=""7.94e+08""",C+,"=""64.04436""","=""68.72936""","=""1s2.2s.4f""","=""3F*""","=""2""","=""1s2.2s.5g""","=""3G""","=""3""",5,7,,"=""T5600c20""","=""L4738""",
"=""264.697""","=""264.698""","=""300*""","=""6.95e+07""",C+,"=""64.04538""","=""68.72936""","=""1s2.2s.4f""","=""3F*""","=""3""","=""1s2.2s.5g""","=""3G""","=""3""",7,7,,"=""T5600c20,LS""","=""L4738""",
"=""264.697""","=""264.698""","=""300*""","=""8.08e+08""",C+,"=""64.04538""","=""68.72936""","=""1s2.2s.4f""","=""3F*""","=""3""","=""1s2.2s.5g""","=""3G""","=""4""",7,9,,"=""T5600c20""","=""L4738""",
"=""264.775""","=""264.777""","=""350*""","=""5.40e+07""",C+,"=""64.04677""","=""68.72936""","=""1s2.2s.4f""","=""3F*""","=""4""","=""1s2.2s.5g""","=""3G""","=""4""",9,9,,"=""T5600c20,LS""","=""L4738""",
"=""264.775""","=""264.777""","=""350*""","=""1.06e+06""",C+,"=""64.04677""","=""68.72936""","=""1s2.2s.4f""","=""3F*""","=""4""","=""1s2.2s.5g""","=""3G""","=""3""",9,7,,"=""T5600c20,LS""","=""L4738""",
"=""264.775""","=""264.777""","=""350*""","=""8.63e+08""",C+,"=""64.04677""","=""68.72936""","=""1s2.2s.4f""","=""3F*""","=""4""","=""1s2.2s.5g""","=""3G""","=""5""",9,11,,"=""T5600c20""","=""L4738""",
"=""""","=""265.067""","=""""","=""1.07e+08""",B,"=""59.62204""","=""64.29951""","=""1s2.2p.(2P*<1/2>).3p""","=""1P""","=""1""","=""1s2.2p.(2P*<3/2>).3d""","=""1P*""","=""1""",3,3,,"=""T5633""","=""""",
"=""""","=""281.018""","=""""","=""1.43e+08""",B,"=""63.80818""","=""68.22015""","=""1s2.2s.4d""","=""1D""","=""2""","=""1s2.2s.5p""","=""1P*""","=""1""",5,3,,"=""T5633""","=""""",
"=""""","=""305.309""","=""""","=""1.33e+07""",B,"=""57.68883""","=""61.74977""","=""1s2.2p.(2P*).3s""","=""3P*""","=""0""","=""1s2.2p.(2P*<3/2>).3p""","=""3S""","=""1""",1,3,,"=""T5633LS""","=""""",
"=""""","=""306.049""","=""""","=""3.95e+07""",B,"=""57.69865""","=""61.74977""","=""1s2.2p.(2P*).3s""","=""3P*""","=""1""","=""1s2.2p.(2P*<3/2>).3p""","=""3S""","=""1""",3,3,,"=""T5633LS""","=""""",
"=""""","=""307.608""","=""""","=""6.48e+07""",B,"=""57.71918""","=""61.74977""","=""1s2.2p.(2P*).3s""","=""3P*""","=""2""","=""1s2.2p.(2P*<3/2>).3p""","=""3S""","=""1""",5,3,,"=""T5633LS""","=""""",
"=""307.914""","=""307.917""","=""90""","=""3.91e+08""",B,"=""64.70274""","=""68.72929""","=""1s2.2s.4f""","=""1F*""","=""3""","=""1s2.2s.5g""","=""1G""","=""4""",7,9,,"=""T5600c20""","=""L4738""",
"=""""","=""311.970""","=""""","=""2.84e+07""",C+,"=""60.07012""","=""64.04436""","=""1s2.2p.(2P*).3p""","=""3D""","=""1""","=""1s2.2s.4f""","=""3F*""","=""2""",3,5,,"=""T5633LS""","=""""",
"=""""","=""312.833""","=""""","=""2.98e+07""",C+,"=""60.08211""","=""64.04538""","=""1s2.2p.(2P*).3p""","=""3D""","=""2""","=""1s2.2s.4f""","=""3F*""","=""3""",5,7,,"=""T5633LS""","=""""",
"=""""","=""312.914""","=""""","=""5.23e+06""",C+,"=""60.08211""","=""64.04436""","=""1s2.2p.(2P*).3p""","=""3D""","=""2""","=""1s2.2s.4f""","=""3F*""","=""2""",5,5,,"=""T5633LS""","=""""",
"=""""","=""314.210""","=""""","=""3.31e+07""",C+,"=""60.10087""","=""64.04677""","=""1s2.2p.(2P*).3p""","=""3D""","=""3""","=""1s2.2s.4f""","=""3F*""","=""4""",7,9,,"=""T5633LS""","=""""",
"=""""","=""314.321""","=""""","=""3.69e+06""",C+,"=""60.10087""","=""64.04538""","=""1s2.2p.(2P*).3p""","=""3D""","=""3""","=""1s2.2s.4f""","=""3F*""","=""3""",7,7,,"=""T5633LS""","=""""",
"=""""","=""314.402""","=""""","=""1.46e+05""",C,"=""60.10087""","=""64.04436""","=""1s2.2p.(2P*).3p""","=""3D""","=""3""","=""1s2.2s.4f""","=""3F*""","=""2""",7,5,,"=""T5633LS""","=""""",
"=""""","=""344.459""","=""""","=""3.46e+07""",B,"=""57.69865""","=""61.29804""","=""1s2.2p.(2P*).3s""","=""3P*""","=""1""","=""1s2.2p.(2P*).3p""","=""3P""","=""2""",3,5,,"=""T5633LS""","=""""",
"=""""","=""344.621""","=""""","=""4.60e+07""",B,"=""57.68883""","=""61.28653""","=""1s2.2p.(2P*).3s""","=""3P*""","=""0""","=""1s2.2p.(2P*).3p""","=""3P""","=""1""",1,3,,"=""T5633LS""","=""""",
"=""""","=""345.564""","=""""","=""3.42e+07""",B,"=""57.69865""","=""61.28653""","=""1s2.2p.(2P*).3s""","=""3P*""","=""1""","=""1s2.2p.(2P*).3p""","=""3P""","=""1""",3,3,,"=""T5633LS""","=""""",
"=""""","=""346.235""","=""""","=""1.36e+08""",B,"=""57.69865""","=""61.27957""","=""1s2.2p.(2P*).3s""","=""3P*""","=""1""","=""1s2.2p.(2P*).3p""","=""3P""","=""0""",3,1,,"=""T5633LS""","=""""",
"=""346.436""","=""346.436""","=""90""","=""1.02e+08""",B,"=""57.71918""","=""61.29804""","=""1s2.2p.(2P*).3s""","=""3P*""","=""2""","=""1s2.2p.(2P*).3p""","=""3P""","=""2""",5,5,,"=""T5633LS""","=""L4738""",
"=""""","=""347.553""","=""""","=""5.61e+07""",B,"=""57.71918""","=""61.28653""","=""1s2.2p.(2P*).3s""","=""3P*""","=""2""","=""1s2.2p.(2P*).3p""","=""3P""","=""1""",5,3,,"=""T5633LS""","=""""",
"=""347.971""","=""347.971""","=""570""","=""1.06e+08""",B,"=""46.77735""","=""50.34041""","=""1s2.2s.3s""","=""3S""","=""1""","=""1s2.2s.3p""","=""3P*""","=""2""",3,5,,"=""T5633,T2966,LS""","=""L4738""",
"=""348.399""","=""348.399""","=""500""","=""1.06e+08""",B,"=""46.77735""","=""50.33603""","=""1s2.2s.3s""","=""3S""","=""1""","=""1s2.2s.3p""","=""3P*""","=""1""",3,3,,"=""T5633,T2966,LS""","=""L4738""",
"=""348.596""","=""348.592""","=""400""","=""1.06e+08""",B,"=""46.77735""","=""50.33406""","=""1s2.2s.3s""","=""3S""","=""1""","=""1s2.2s.3p""","=""3P*""","=""0""",3,1,,"=""T5633,T2966,LS""","=""L4738""",
"=""""","=""369.099""","=""""","=""9.10e+06""",B,"=""60.07012""","=""63.42922""","=""1s2.2p.(2P*).3p""","=""3D""","=""1""","=""1s2.2p.(2P*<3/2>).3d""","=""3P*""","=""0""",3,1,,"=""T5633LS""","=""""",
"=""""","=""369.519""","=""""","=""2.27e+06""",B,"=""60.07012""","=""63.42541""","=""1s2.2p.(2P*).3p""","=""3D""","=""1""","=""1s2.2p.(2P*<3/2>).3d""","=""3P*""","=""1""",3,3,,"=""T5633LS""","=""""",
"=""""","=""370.218""","=""""","=""9.02e+04""",B,"=""60.07012""","=""63.41907""","=""1s2.2p.(2P*).3p""","=""3D""","=""1""","=""1s2.2p.(2P*<3/2>).3d""","=""3P*""","=""2""",3,5,,"=""T5633LS""","=""""",
"=""""","=""370.844""","=""""","=""6.73e+06""",B,"=""60.08211""","=""63.42541""","=""1s2.2p.(2P*).3p""","=""3D""","=""2""","=""1s2.2p.(2P*<3/2>).3d""","=""3P*""","=""1""",5,3,,"=""T5633LS""","=""""",
"=""""","=""371.548""","=""""","=""1.34e+06""",B,"=""60.08211""","=""63.41907""","=""1s2.2p.(2P*).3p""","=""3D""","=""2""","=""1s2.2p.(2P*<3/2>).3d""","=""3P*""","=""2""",5,5,,"=""T5633LS""","=""""",
"=""""","=""373.649""","=""""","=""7.37e+06""",B,"=""60.10087""","=""63.41907""","=""1s2.2p.(2P*).3p""","=""3D""","=""3""","=""1s2.2p.(2P*<3/2>).3d""","=""3P*""","=""2""",7,5,,"=""T5633LS""","=""""",
"=""374.861""","=""374.860""","=""90""","=""9.92e+07""",B,"=""58.64816""","=""61.95564""","=""1s2.2p.(2P*<3/2>).3s""","=""1P*""","=""1""","=""1s2.2p.(2P*<3/2>).3p""","=""1D""","=""2""",3,5,,"=""T5633""","=""L4738""",
"=""""","=""382.501""","=""""","=""1.46e+07""",B,"=""59.62204""","=""62.86345""","=""1s2.2p.(2P*<1/2>).3p""","=""1P""","=""1""","=""1s2.2s.4p""","=""1P*""","=""1""",3,3,,"=""T5633""","=""""",
"=""405.891""","=""405.890""","=""150""","=""6.62e+07""",B,"=""50.15439""","=""53.20901""","=""1s2.2s.3p""","=""1P*""","=""1""","=""1s2.2s.3d""","=""1D""","=""2""",3,5,,"=""T5633""","=""L4738""",
"=""460.762""","=""""","=""90""","=""""",,"=""""","=""""","=""""","=""""","=""""","=""""","=""""","=""""",1,1,,"=""""","=""L4738""",
"=""""","=""474.158""","=""""","=""1.53e+06""",B,"=""60.07012""","=""62.68495""","=""1s2.2p.(2P*).3p""","=""3D""","=""1""","=""1s2.2p.(2P*).3d""","=""3D*""","=""2""",3,5,,"=""T5633LS""","=""""",
"=""""","=""474.929""","=""""","=""7.60e+06""",B,"=""60.07012""","=""62.68071""","=""1s2.2p.(2P*).3p""","=""3D""","=""1""","=""1s2.2p.(2P*).3d""","=""3D*""","=""1""",3,3,,"=""T5633LS""","=""""",
"=""""","=""475.382""","=""""","=""1.13e+06""",B,"=""60.08211""","=""62.69020""","=""1s2.2p.(2P*).3p""","=""3D""","=""2""","=""1s2.2p.(2P*).3d""","=""3D*""","=""3""",5,7,,"=""T5633LS""","=""""",
"=""""","=""476.342""","=""""","=""6.99e+06""",B,"=""60.08211""","=""62.68495""","=""1s2.2p.(2P*).3p""","=""3D""","=""2""","=""1s2.2p.(2P*).3d""","=""3D*""","=""2""",5,5,,"=""T5633LS""","=""""",
"=""""","=""477.120""","=""""","=""2.50e+06""",B,"=""60.08211""","=""62.68071""","=""1s2.2p.(2P*).3p""","=""3D""","=""2""","=""1s2.2p.(2P*).3d""","=""3D*""","=""1""",5,3,,"=""T5633LS""","=""""",
"=""""","=""478.826""","=""""","=""8.79e+06""",B,"=""60.10087""","=""62.69020""","=""1s2.2p.(2P*).3p""","=""3D""","=""3""","=""1s2.2p.(2P*).3d""","=""3D*""","=""3""",7,7,,"=""T5633LS""","=""""",
"=""""","=""479.800""","=""""","=""1.53e+06""",B,"=""60.10087""","=""62.68495""","=""1s2.2p.(2P*).3p""","=""3D""","=""3""","=""1s2.2p.(2P*).3d""","=""3D*""","=""2""",7,5,,"=""T5633LS""","=""""",
"=""""","=""520.186""","=""""","=""2.67e+07""",B,"=""57.69865""","=""60.08211""","=""1s2.2p.(2P*).3s""","=""3P*""","=""1""","=""1s2.2p.(2P*).3p""","=""3D""","=""2""",3,5,,"=""T5633LS""","=""""",
"=""""","=""520.573""","=""""","=""3.55e+07""",B,"=""57.71918""","=""60.10087""","=""1s2.2p.(2P*).3s""","=""3P*""","=""2""","=""1s2.2p.(2P*).3p""","=""3D""","=""3""",5,7,,"=""T5633LS""","=""""",
"=""""","=""520.660""","=""""","=""1.97e+07""",B,"=""57.68883""","=""60.07012""","=""1s2.2p.(2P*).3s""","=""3P*""","=""0""","=""1s2.2p.(2P*).3p""","=""3D""","=""1""",1,3,,"=""T5633LS""","=""""",
"=""""","=""522.816""","=""""","=""1.46e+07""",B,"=""57.69865""","=""60.07012""","=""1s2.2p.(2P*).3s""","=""3P*""","=""1""","=""1s2.2p.(2P*).3p""","=""3D""","=""1""",3,3,,"=""T5633LS""","=""""",
"=""""","=""524.706""","=""""","=""8.66e+06""",B,"=""57.71918""","=""60.08211""","=""1s2.2p.(2P*).3s""","=""3P*""","=""2""","=""1s2.2p.(2P*).3p""","=""3D""","=""2""",5,5,,"=""T5633LS""","=""""",
"=""""","=""527.382""","=""""","=""9.48e+05""",B,"=""57.71918""","=""60.07012""","=""1s2.2p.(2P*).3s""","=""3P*""","=""2""","=""1s2.2p.(2P*).3p""","=""3D""","=""1""",5,3,,"=""T5633LS""","=""""",
"=""""","=""528.972""","=""""","=""3.22e+06""",B,"=""61.95564""","=""64.29951""","=""1s2.2p.(2P*<3/2>).3p""","=""1D""","=""2""","=""1s2.2p.(2P*<3/2>).3d""","=""1P*""","=""1""",5,3,,"=""T5633""","=""""",
"=""""","=""573.852""","=""""","=""1.84e+07""",B,"=""59.62204""","=""61.78260""","=""1s2.2p.(2P*<1/2>).3p""","=""1P""","=""1""","=""1s2.2p.(2P*<1/2>).3d""","=""1D*""","=""2""",3,5,,"=""T5633""","=""""",
"=""""","=""577.791""","=""""","=""1.85e+06""",B,"=""61.27957""","=""63.42541""","=""1s2.2p.(2P*).3p""","=""3P""","=""0""","=""1s2.2p.(2P*<3/2>).3d""","=""3P*""","=""1""",1,3,,"=""T5633LS""","=""""",
"=""""","=""578.637""","=""""","=""5.51e+06""",B,"=""61.28653""","=""63.42922""","=""1s2.2p.(2P*).3p""","=""3P""","=""1""","=""1s2.2p.(2P*<3/2>).3d""","=""3P*""","=""0""",3,1,,"=""T5633LS""","=""""",
"=""""","=""579.670""","=""""","=""1.37e+06""",B,"=""61.28653""","=""63.42541""","=""1s2.2p.(2P*).3p""","=""3P""","=""1""","=""1s2.2p.(2P*<3/2>).3d""","=""3P*""","=""1""",3,3,,"=""T5633LS""","=""""",
"=""""","=""581.392""","=""""","=""1.36e+06""",B,"=""61.28653""","=""63.41907""","=""1s2.2p.(2P*).3p""","=""3P""","=""1""","=""1s2.2p.(2P*<3/2>).3d""","=""3P*""","=""2""",3,5,,"=""T5633LS""","=""""",
"=""""","=""582.805""","=""""","=""2.25e+06""",B,"=""61.29804""","=""63.42541""","=""1s2.2p.(2P*).3p""","=""3P""","=""2""","=""1s2.2p.(2P*<3/2>).3d""","=""3P*""","=""1""",5,3,,"=""T5633LS""","=""""",
"=""""","=""584.546""","=""""","=""4.01e+06""",B,"=""61.29804""","=""63.41907""","=""1s2.2p.(2P*).3p""","=""3P""","=""2""","=""1s2.2p.(2P*<3/2>).3d""","=""3P*""","=""2""",5,5,,"=""T5633LS""","=""""",
"=""""","=""612.092""","=""""","=""6.99e+04""",B,"=""61.78260""","=""63.80818""","=""1s2.2p.(2P*<1/2>).3d""","=""1D*""","=""2""","=""1s2.2s.4d""","=""1D""","=""2""",5,5,,"=""T5633""","=""""",
"=""""","=""621.411""","=""""","=""2.63e+07""",B,"=""60.45561""","=""62.45082""","=""1s2.2s.4s""","=""3S""","=""1""","=""1s2.2s.4p""","=""3P*""","=""0""",3,1,,"=""T5633LS""","=""""",
"=""""","=""621.717""","=""""","=""2.63e+07""",B,"=""60.45561""","=""62.44984""","=""1s2.2s.4s""","=""3S""","=""1""","=""1s2.2s.4p""","=""3P*""","=""1""",3,3,,"=""T5633LS""","=""""",
"=""""","=""622.161""","=""""","=""2.62e+07""",B,"=""60.45561""","=""62.44841""","=""1s2.2s.4s""","=""3S""","=""1""","=""1s2.2s.4p""","=""3P*""","=""2""",3,5,,"=""T5633LS""","=""""",
"=""638.253""","=""638.252""","=""150""","=""1.42e+07""",B,"=""48.21183""","=""50.15439""","=""1s2.2s.3s""","=""1S""","=""0""","=""1s2.2s.3p""","=""1P*""","=""1""",1,3,,"=""T5633""","=""L4738""",
"=""""","=""710.520""","=""""","=""6.28e+06""",B,"=""50.33406""","=""52.07904""","=""1s2.2s.3p""","=""3P*""","=""0""","=""1s2.2s.3d""","=""3D""","=""1""",1,3,,"=""T5633,T2966,LS""","=""""",
"=""""","=""711.131""","=""""","=""8.46e+06""",B,"=""50.33603""","=""52.07951""","=""1s2.2s.3p""","=""3P*""","=""1""","=""1s2.2s.3d""","=""3D""","=""2""",3,5,,"=""T5633,T2966,LS""","=""""",
"=""""","=""711.324""","=""""","=""4.70e+06""",B,"=""50.33603""","=""52.07904""","=""1s2.2s.3p""","=""3P*""","=""1""","=""1s2.2s.3d""","=""3D""","=""1""",3,3,,"=""T5633,T2966,LS""","=""""",
"=""""","=""712.494""","=""""","=""1.12e+07""",B,"=""50.34041""","=""52.08055""","=""1s2.2s.3p""","=""3P*""","=""2""","=""1s2.2s.3d""","=""3D""","=""3""",5,7,,"=""T5633,T2966,LS""","=""""",
"=""""","=""712.921""","=""""","=""2.80e+06""",B,"=""50.34041""","=""52.07951""","=""1s2.2s.3p""","=""3P*""","=""2""","=""1s2.2s.3d""","=""3D""","=""2""",5,5,,"=""T5633,T2966,LS""","=""""",
"=""""","=""713.114""","=""""","=""3.11e+05""",B,"=""50.34041""","=""52.07904""","=""1s2.2s.3p""","=""3P*""","=""2""","=""1s2.2s.3d""","=""3D""","=""1""",5,3,,"=""T5633,T2966,LS""","=""""",
"=""""","=""749.226""","=""""","=""4.00e-08""",D,"=""21.76362""","=""23.41845""","=""1s2.2p2""","=""3P""","=""0""","=""1s2.2p2""","=""1D""","=""2""",1,5,E2,"=""T4586""","=""""",
"=""""","=""753.330""","=""""","=""2.00e-03""",C,"=""21.77263""","=""23.41845""","=""1s2.2p2""","=""3P""","=""1""","=""1s2.2p2""","=""1D""","=""2""",3,5,M1,"=""T4492""","=""""",
"=""""","=""753.330""","=""""","=""8.62e-07""",D,"=""21.77263""","=""23.41845""","=""1s2.2p2""","=""3P""","=""1""","=""1s2.2p2""","=""1D""","=""2""",3,5,E2,"=""T4586""","=""""",
"=""""","=""760.479""","=""""","=""6.48e-03""",C,"=""21.78810""","=""23.41845""","=""1s2.2p2""","=""3P""","=""2""","=""1s2.2p2""","=""1D""","=""2""",5,5,M1,"=""T4492""","=""""",
"=""""","=""760.479""","=""""","=""5.72e-06""",D+,"=""21.78810""","=""23.41845""","=""1s2.2p2""","=""3P""","=""2""","=""1s2.2p2""","=""1D""","=""2""",5,5,E2,"=""T4586""","=""""",
"=""""","=""916.758""","=""""","=""4.23e+06""",B,"=""60.07012""","=""61.42254""","=""1s2.2p.(2P*).3p""","=""3D""","=""1""","=""1s2.2p.(2P*).3d""","=""3F*""","=""2""",3,5,,"=""T5633LS""","=""""",
"=""""","=""918.468""","=""""","=""4.45e+06""",B,"=""60.08211""","=""61.43201""","=""1s2.2p.(2P*).3p""","=""3D""","=""2""","=""1s2.2p.(2P*).3d""","=""3F*""","=""3""",5,7,,"=""T5633LS""","=""""",
"=""""","=""922.552""","=""""","=""4.95e+06""",B,"=""60.10087""","=""61.44480""","=""1s2.2p.(2P*).3p""","=""3D""","=""3""","=""1s2.2p.(2P*).3d""","=""3F*""","=""4""",7,9,,"=""T5633LS""","=""""",
"=""""","=""924.958""","=""""","=""7.66e+05""",B,"=""60.08211""","=""61.42254""","=""1s2.2p.(2P*).3p""","=""3D""","=""2""","=""1s2.2p.(2P*).3d""","=""3F*""","=""2""",5,5,,"=""T5633LS""","=""""",
"=""""","=""931.411""","=""""","=""5.36e+05""",B,"=""60.10087""","=""61.43201""","=""1s2.2p.(2P*).3p""","=""3D""","=""3""","=""1s2.2p.(2P*).3d""","=""3F*""","=""3""",7,7,,"=""T5633LS""","=""""",
"=""""","=""938.086""","=""""","=""2.07e+04""",B,"=""60.10087""","=""61.42254""","=""1s2.2p.(2P*).3p""","=""3D""","=""3""","=""1s2.2p.(2P*).3d""","=""3F*""","=""2""",7,5,,"=""T5633LS""","=""""",
"=""""","=""1273.09""","=""""","=""1.81e+06""",B,"=""58.64816""","=""59.62204""","=""1s2.2p.(2P*<3/2>).3s""","=""1P*""","=""1""","=""1s2.2p.(2P*<1/2>).3p""","=""1P""","=""1""",3,3,,"=""T5633""","=""""",
"=""""","=""1287.40""","=""""","=""7.14e+06""",B,"=""62.44841""","=""63.41147""","=""1s2.2s.4p""","=""3P*""","=""2""","=""1s2.2s.4d""","=""3D""","=""3""",5,7,,"=""T5633LS""","=""""",
"=""""","=""1287.73""","=""""","=""1.78e+06""",B,"=""62.44841""","=""63.4112""","=""1s2.2s.4p""","=""3P*""","=""2""","=""1s2.2s.4d""","=""3D""","=""2""",5,5,,"=""T5633LS""","=""""",
"=""""","=""1288.73""","=""""","=""1.98e+05""",B,"=""62.44841""","=""63.410""","=""1s2.2s.4p""","=""3P*""","=""2""","=""1s2.2s.4d""","=""3D""","=""1""",5,3,,"=""T5633LS""","=""""",
"=""""","=""1289.64""","=""""","=""5.32e+06""",B,"=""62.44984""","=""63.4112""","=""1s2.2s.4p""","=""3P*""","=""1""","=""1s2.2s.4d""","=""3D""","=""2""",3,5,,"=""T5633LS""","=""""",
"=""""","=""1290.64""","=""""","=""2.95e+06""",B,"=""62.44984""","=""63.410""","=""1s2.2s.4p""","=""3P*""","=""1""","=""1s2.2s.4d""","=""3D""","=""1""",3,3,,"=""T5633LS""","=""""",
"=""""","=""1291.96""","=""""","=""3.92e+06""",B,"=""62.45082""","=""63.410""","=""1s2.2s.4p""","=""3P*""","=""0""","=""1s2.2s.4d""","=""3D""","=""1""",1,3,,"=""T5633LS""","=""""",
"=""""","=""48286""","=""""","=""6.53e-12""",D,"=""8.33288""","=""8.35856""","=""1s2.2s.2p""","=""3P*""","=""0""","=""1s2.2s.2p""","=""3P*""","=""2""",1,5,E2,"=""T4586""","=""""",
"=""""","=""50633""","=""""","=""4.69e-12""",D,"=""21.76362""","=""21.78810""","=""1s2.2p2""","=""3P""","=""0""","=""1s2.2p2""","=""3P""","=""2""",1,5,E2,"=""T4586""","=""""",
"=""""","=""69440""","=""""","=""4.03e-05""",B+,"=""8.34070""","=""8.35856""","=""1s2.2s.2p""","=""3P*""","=""1""","=""1s2.2s.2p""","=""3P*""","=""2""",3,5,M1,"=""T3474""","=""""",
"=""""","=""69440""","=""""","=""2.37e-12""",D,"=""8.34070""","=""8.35856""","=""1s2.2s.2p""","=""3P*""","=""1""","=""1s2.2s.2p""","=""3P*""","=""2""",3,5,E2,"=""T4586""","=""""",
"=""""","=""80130""","=""""","=""2.62e-05""",B+,"=""21.77263""","=""21.78810""","=""1s2.2p2""","=""3P""","=""1""","=""1s2.2p2""","=""3P""","=""2""",3,5,M1,"=""T233""","=""""",
"=""""","=""80130""","=""""","=""8.86e-13""",D,"=""21.77263""","=""21.78810""","=""1s2.2p2""","=""3P""","=""1""","=""1s2.2p2""","=""3P""","=""2""",3,5,E2,"=""T4586""","=""""",
"=""""","=""137550""","=""""","=""6.91e-06""",B+,"=""21.76362""","=""21.77263""","=""1s2.2p2""","=""3P""","=""0""","=""1s2.2p2""","=""3P""","=""1""",1,3,M1,"=""T233""","=""""",
"=""""","=""158480""","=""""","=""4.53e-06""",B+,"=""8.33288""","=""8.34070""","=""1s2.2s.2p""","=""3P*""","=""0""","=""1s2.2s.2p""","=""3P*""","=""1""",1,3,M1,"=""T3474""","=""""",
