obs_wl_vac(nm),ritz_wl_vac(nm),intens,Aki(s^-1),Acc,Ei(eV),Ek(eV),conf_i,term_i,J_i,conf_k,term_k,J_k,g_i,g_k,Type,tp_ref,line_ref,
"=""""","=""46.613056""","=""""","=""1.46e+08""",D,"=""0.000000""","=""26.598599""","=""2p6.3s2""","=""1S""","=""0""","=""3s.5p""","=""1P*""","=""1""",1,3,,"=""T7195""","=""""",
"=""""","=""48.940250""","=""""","=""5.24e+03""",B,"=""0.000000""","=""25.333789""","=""2p6.3s2""","=""1S""","=""0""","=""3s.4d""","=""1D""","=""2""",1,5,E2,"=""c44""","=""""",
"=""""","=""52.07987""","=""""","=""9.43e+07""",D,"=""6.552972""","=""30.359521""","=""3s.3p""","=""3P*""","=""1""","=""3p.4p""","=""3D""","=""2""",3,5,,"=""T6298c4,LS""","=""""",
"=""""","=""52.08001""","=""""","=""6.98e+07""",D,"=""6.537028""","=""30.343512""","=""3s.3p""","=""3P*""","=""0""","=""3p.4p""","=""3D""","=""1""",1,3,,"=""T6298c4,LS""","=""""",
"=""""","=""52.09105""","=""""","=""1.26e+08""",D,"=""6.585422""","=""30.386863""","=""3s.3p""","=""3P*""","=""2""","=""3p.4p""","=""3D""","=""3""",5,7,,"=""T6298c4,LS""","=""""",
"=""""","=""52.11491""","=""""","=""5.23e+07""",E,"=""6.552972""","=""30.343512""","=""3s.3p""","=""3P*""","=""1""","=""3p.4p""","=""3D""","=""1""",3,3,,"=""T6298c4,LS""","=""""",
"=""""","=""52.15096""","=""""","=""3.14e+07""",E,"=""6.585422""","=""30.359521""","=""3s.3p""","=""3P*""","=""2""","=""3p.4p""","=""3D""","=""2""",5,5,,"=""T6298c4,LS""","=""""",
"=""""","=""52.18610""","=""""","=""3.47e+06""",E,"=""6.585422""","=""30.343512""","=""3s.3p""","=""3P*""","=""2""","=""3p.4p""","=""3D""","=""1""",5,3,,"=""T6298c4,LS""","=""""",
"=""""","=""53.32264""","=""""","=""1.67e+07""",E,"=""6.537028""","=""29.788726""","=""3s.3p""","=""3P*""","=""0""","=""3s.6d""","=""3D""","=""1""",1,3,,"=""T6298c4,LS""","=""""",
"=""""","=""53.35297""","=""""","=""2.25e+07""",E,"=""6.552972""","=""29.791454""","=""3s.3p""","=""3P*""","=""1""","=""3s.6d""","=""3D""","=""2""",3,5,,"=""T6298c4,LS""","=""""",
"=""""","=""53.35923""","=""""","=""1.25e+07""",E,"=""6.552972""","=""29.788726""","=""3s.3p""","=""3P*""","=""1""","=""3s.6d""","=""3D""","=""1""",3,3,,"=""T6298c4,LS""","=""""",
"=""""","=""53.41891""","=""""","=""2.99e+07""",D,"=""6.585422""","=""29.795217""","=""3s.3p""","=""3P*""","=""2""","=""3s.6d""","=""3D""","=""3""",5,7,,"=""T6298c4,LS""","=""""",
"=""""","=""53.42757""","=""""","=""7.45e+06""",E,"=""6.585422""","=""29.791454""","=""3s.3p""","=""3P*""","=""2""","=""3s.6d""","=""3D""","=""2""",5,5,,"=""T6298c4,LS""","=""""",
"=""""","=""53.43385""","=""""","=""8.29e+05""",E,"=""6.585422""","=""29.788726""","=""3s.3p""","=""3P*""","=""2""","=""3s.6d""","=""3D""","=""1""",5,3,,"=""T6298c4,LS""","=""""",
"=""""","=""56.52959""","=""""","=""4.45e+07""",E,"=""6.537028""","=""28.469647""","=""3s.3p""","=""3P*""","=""0""","=""3s.6s""","=""3S""","=""1""",1,3,,"=""T6298c4,LS""","=""""",
"=""""","=""56.57071""","=""""","=""1.33e+08""",D,"=""6.552972""","=""28.469647""","=""3s.3p""","=""3P*""","=""1""","=""3s.6s""","=""3S""","=""1""",3,3,,"=""T6298c4,LS""","=""""",
"=""""","=""56.65460""","=""""","=""2.21e+08""",D,"=""6.585422""","=""28.469647""","=""3s.3p""","=""3P*""","=""2""","=""3s.6s""","=""3S""","=""1""",5,3,,"=""T6298c4,LS""","=""""",
"=""56.661""","=""56.66134""","=""8""","=""1.21e+08""",D+,"=""0.000000""","=""21.881623""","=""2p6.3s2""","=""1S""","=""0""","=""3s.4p""","=""1P*""","=""1""",1,3,,"=""c44,T7195,T5038""","=""L4833""",
"=""""","=""60.32637""","=""""","=""8.14e+04""",B+,"=""0.000000""","=""20.552241""","=""2p6.3s2""","=""1S""","=""0""","=""3s.3d""","=""1D""","=""2""",1,5,E2,"=""c44""","=""""",
"=""""","=""62.49965""","=""""","=""1.34e+08""",D,"=""10.276357""","=""30.113939""","=""3s.3p""","=""1P*""","=""1""","=""3p.4p""","=""1P""","=""1""",3,3,,"=""T6298c4""","=""""",
"=""""","=""63.77278""","=""""","=""4.31e+03""",B,"=""6.537028""","=""25.978583""","=""3s.3p""","=""3P*""","=""0""","=""3s.4f""","=""3F*""","=""2""",1,5,E2,"=""c44""","=""""",
"=""""","=""63.81375""","=""""","=""5.94e+03""",B,"=""6.552972""","=""25.982046""","=""3s.3p""","=""3P*""","=""1""","=""3s.4f""","=""3F*""","=""3""",3,7,E2,"=""c44""","=""""",
"=""""","=""63.82512""","=""""","=""4.52e+03""",B,"=""6.552972""","=""25.978583""","=""3s.3p""","=""3P*""","=""1""","=""3s.4f""","=""3F*""","=""2""",3,5,E2,"=""c44""","=""""",
"=""""","=""63.90402""","=""""","=""8.70e+03""",B,"=""6.585422""","=""25.987051""","=""3s.3p""","=""3P*""","=""2""","=""3s.4f""","=""3F*""","=""4""",5,9,E2,"=""c44""","=""""",
"=""""","=""63.92051""","=""""","=""3.24e+03""",B,"=""6.585422""","=""25.982046""","=""3s.3p""","=""3P*""","=""2""","=""3s.4f""","=""3F*""","=""3""",5,7,E2,"=""c44""","=""""",
"=""""","=""63.93192""","=""""","=""6.96e+02""",C+,"=""6.585422""","=""25.978583""","=""3s.3p""","=""3P*""","=""2""","=""3s.4f""","=""3F*""","=""2""",5,5,E2,"=""c44""","=""""",
"=""""","=""65.16722""","=""""","=""8.90e+07""",D,"=""6.537028""","=""25.562576""","=""3s.3p""","=""3P*""","=""0""","=""3s.5s""","=""3S""","=""1""",1,3,,"=""T6298c4,LS""","=""""",
"=""65.222""","=""65.22187""","=""6""","=""2.67e+08""",D+,"=""6.552972""","=""25.562576""","=""3s.3p""","=""3P*""","=""1""","=""3s.5s""","=""3S""","=""1""",3,3,,"=""T6298c4,LS""","=""L4833""",
"=""65.333""","=""65.33340""","=""8""","=""4.40e+08""",D+,"=""6.585422""","=""25.562576""","=""3s.3p""","=""3P*""","=""2""","=""3s.5s""","=""3S""","=""1""",5,3,,"=""T6298c4,LS""","=""L4833""",
"=""""","=""65.65798""","=""""","=""4.98e+01""",C+,"=""6.537028""","=""25.420367""","=""3s.3p""","=""3P*""","=""0""","=""3p.3d""","=""1D*""","=""2""",1,5,E2,"=""c44""","=""""",
"=""""","=""65.71347""","=""""","=""3.24e-04""",E,"=""6.552972""","=""25.420367""","=""3s.3p""","=""3P*""","=""1""","=""3p.3d""","=""1D*""","=""2""",3,5,M1,"=""c44""","=""""",
"=""""","=""65.71347""","=""""","=""3.72e+00""",C,"=""6.552972""","=""25.420367""","=""3s.3p""","=""3P*""","=""1""","=""3p.3d""","=""1D*""","=""2""",3,5,E2,"=""c44""","=""""",
"=""""","=""65.80039""","=""""","=""9.45e+00""",C,"=""6.552972""","=""25.395443""","=""3s.3p""","=""3P*""","=""1""","=""3s.4f""","=""1F*""","=""3""",3,7,E2,"=""c44""","=""""",
"=""""","=""65.82668""","=""""","=""9.25e-04""",E,"=""6.585422""","=""25.420367""","=""3s.3p""","=""3P*""","=""2""","=""3p.3d""","=""1D*""","=""2""",5,5,M1,"=""c44""","=""""",
"=""""","=""65.82668""","=""""","=""7.53e+00""",C,"=""6.585422""","=""25.420367""","=""3s.3p""","=""3P*""","=""2""","=""3p.3d""","=""1D*""","=""2""",5,5,E2,"=""c44""","=""""",
"=""""","=""65.91391""","=""""","=""5.73e-09""",E,"=""6.585422""","=""25.395443""","=""3s.3p""","=""3P*""","=""2""","=""3s.4f""","=""1F*""","=""3""",5,7,M1,"=""c44""","=""""",
"=""""","=""65.91391""","=""""","=""5.24e+00""",C,"=""6.585422""","=""25.395443""","=""3s.3p""","=""3P*""","=""2""","=""3s.4f""","=""1F*""","=""3""",5,7,E2,"=""c44""","=""""",
"=""""","=""67.17133""","=""""","=""2.03e+07""",D,"=""6.537028""","=""24.994933""","=""3s.3p""","=""3P*""","=""0""","=""3s.4d""","=""3D""","=""1""",1,3,,"=""c44""","=""""",
"=""""","=""67.22915""","=""""","=""2.68e+07""",D,"=""6.552972""","=""24.995001""","=""3s.3p""","=""3P*""","=""1""","=""3s.4d""","=""3D""","=""2""",3,5,,"=""c44""","=""""",
"=""""","=""67.22940""","=""""","=""1.48e+07""",E,"=""6.552972""","=""24.994933""","=""3s.3p""","=""3P*""","=""1""","=""3s.4d""","=""3D""","=""1""",3,3,,"=""c44""","=""""",
"=""""","=""67.34711""","=""""","=""3.40e+07""",D,"=""6.585422""","=""24.995150""","=""3s.3p""","=""3P*""","=""2""","=""3s.4d""","=""3D""","=""3""",5,7,,"=""c44""","=""""",
"=""67.348""","=""67.34765""","=""5*""","=""8.44e+06""",E,"=""6.585422""","=""24.995001""","=""3s.3p""","=""3P*""","=""2""","=""3s.4d""","=""3D""","=""2""",5,5,,"=""c44""","=""L4833""",
"=""67.348""","=""67.34790""","=""5*""","=""9.33e+05""",E,"=""6.585422""","=""24.994933""","=""3s.3p""","=""3P*""","=""2""","=""3s.4d""","=""3D""","=""1""",5,3,,"=""c44""","=""L4833""",
"=""""","=""67.80578""","=""""","=""1.98e+08""",D,"=""10.276357""","=""28.561553""","=""3s.3p""","=""1P*""","=""1""","=""3s.6s""","=""1S""","=""0""",3,1,,"=""T6298c4""","=""""",
"=""""","=""68.40017""","=""""","=""4.67e+04""",B+,"=""6.537028""","=""24.663327""","=""3s.3p""","=""3P*""","=""0""","=""3p.3d""","=""3F*""","=""2""",1,5,E2,"=""c44""","=""""",
"=""""","=""68.41199""","=""""","=""6.70e+04""",B+,"=""6.552972""","=""24.676140""","=""3s.3p""","=""3P*""","=""1""","=""3p.3d""","=""3F*""","=""3""",3,7,E2,"=""c44""","=""""",
"=""""","=""68.46039""","=""""","=""4.00e-07""",E,"=""6.552972""","=""24.663327""","=""3s.3p""","=""3P*""","=""1""","=""3p.3d""","=""3F*""","=""2""",3,5,M1,"=""c44""","=""""",
"=""""","=""68.46039""","=""""","=""4.63e+04""",B+,"=""6.552972""","=""24.663327""","=""3s.3p""","=""3P*""","=""1""","=""3p.3d""","=""3F*""","=""2""",3,5,E2,"=""c44""","=""""",
"=""""","=""68.47013""","=""""","=""1.00e+05""",B+,"=""6.585422""","=""24.693201""","=""3s.3p""","=""3P*""","=""2""","=""3p.3d""","=""3F*""","=""4""",5,9,E2,"=""c44""","=""""",
"=""""","=""68.53470""","=""""","=""7.79e-08""",E,"=""6.585422""","=""24.676140""","=""3s.3p""","=""3P*""","=""2""","=""3p.3d""","=""3F*""","=""3""",5,7,M1,"=""c44""","=""""",
"=""""","=""68.53470""","=""""","=""3.28e+04""",B+,"=""6.585422""","=""24.676140""","=""3s.3p""","=""3P*""","=""2""","=""3p.3d""","=""3F*""","=""3""",5,7,E2,"=""c44""","=""""",
"=""""","=""68.58328""","=""""","=""1.74e-06""",E,"=""6.585422""","=""24.663327""","=""3s.3p""","=""3P*""","=""2""","=""3p.3d""","=""3F*""","=""2""",5,5,M1,"=""c44""","=""""",
"=""""","=""68.58328""","=""""","=""6.47e+03""",B,"=""6.585422""","=""24.663327""","=""3s.3p""","=""3P*""","=""2""","=""3p.3d""","=""3F*""","=""2""",5,5,E2,"=""c44""","=""""",
"=""""","=""69.06999""","=""""","=""6.97e+07""",D,"=""10.276357""","=""28.226874""","=""3s.3p""","=""1P*""","=""1""","=""3s.5d""","=""1D""","=""2""",3,5,,"=""T6298c4""","=""""",
"=""""","=""69.95539""","=""""","=""8.65e-11""",E,"=""0.000000""","=""17.723324""","=""2p6.3s2""","=""1S""","=""0""","=""3s.3d""","=""3D""","=""1""",1,3,M1,"=""c44""","=""""",
"=""""","=""69.95657""","=""""","=""8.49e-03""",D,"=""0.000000""","=""17.723025""","=""2p6.3s2""","=""1S""","=""0""","=""3s.3d""","=""3D""","=""2""",1,5,E2,"=""c44""","=""""",
"=""""","=""76.86364""","=""""","=""1.15e+01""",C,"=""0.000000""","=""16.130409""","=""2p6.3s2""","=""1S""","=""0""","=""3p2""","=""3P""","=""2""",1,5,E2,"=""c44""","=""""",
"=""""","=""77.01670""","=""""","=""1.75e-02""",D,"=""0.000000""","=""16.098353""","=""2p6.3s2""","=""1S""","=""0""","=""3p2""","=""3P""","=""1""",1,3,M1,"=""c44""","=""""",
"=""""","=""78.94222""","=""""","=""3.67e+00""",C,"=""10.276357""","=""25.982046""","=""3s.3p""","=""1P*""","=""1""","=""3s.4f""","=""3F*""","=""3""",3,7,E2,"=""c44""","=""""",
"=""""","=""78.95963""","=""""","=""3.13e+00""",C,"=""10.276357""","=""25.978583""","=""3s.3p""","=""1P*""","=""1""","=""3s.4f""","=""3F*""","=""2""",3,5,E2,"=""c44""","=""""",
"=""80.007""","=""80.00661""","=""5""","=""4.13e+08""",D+,"=""10.276357""","=""25.773102""","=""3s.3p""","=""1P*""","=""1""","=""3s.5s""","=""1S""","=""0""",3,1,,"=""T6298c4""","=""L4833""",
"=""""","=""80.79992""","=""""","=""2.57e-02""",D,"=""6.537028""","=""21.881623""","=""3s.3p""","=""3P*""","=""0""","=""3s.4p""","=""1P*""","=""1""",1,3,M1,"=""c44""","=""""",
"=""""","=""80.88396""","=""""","=""1.83e-02""",D,"=""6.552972""","=""21.881623""","=""3s.3p""","=""3P*""","=""1""","=""3s.4p""","=""1P*""","=""1""",3,3,M1,"=""c44""","=""""",
"=""""","=""80.88396""","=""""","=""1.12e+01""",C,"=""6.552972""","=""21.881623""","=""3s.3p""","=""3P*""","=""1""","=""3s.4p""","=""1P*""","=""1""",3,3,E2,"=""c44""","=""""",
"=""""","=""81.05555""","=""""","=""2.71e-02""",D,"=""6.585422""","=""21.881623""","=""3s.3p""","=""3P*""","=""2""","=""3s.4p""","=""1P*""","=""1""",5,3,M1,"=""c44""","=""""",
"=""""","=""81.05555""","=""""","=""2.30e+01""",C,"=""6.585422""","=""21.881623""","=""3s.3p""","=""3P*""","=""2""","=""3s.4p""","=""1P*""","=""1""",5,3,E2,"=""c44""","=""""",
"=""""","=""81.55837""","=""""","=""3.61e+03""",B,"=""6.537028""","=""21.738926""","=""3s.3p""","=""3P*""","=""0""","=""3s.4p""","=""3P*""","=""2""",1,5,E2,"=""c44""","=""""",
"=""""","=""81.60707""","=""""","=""8.92e-03""",D,"=""6.537028""","=""21.729855""","=""3s.3p""","=""3P*""","=""0""","=""3s.4p""","=""3P*""","=""1""",1,3,M1,"=""c44""","=""""",
"=""""","=""81.64400""","=""""","=""3.14e-02""",D,"=""6.552972""","=""21.738926""","=""3s.3p""","=""3P*""","=""1""","=""3s.4p""","=""3P*""","=""2""",3,5,M1,"=""c44""","=""""",
"=""""","=""81.64400""","=""""","=""8.11e+03""",B+,"=""6.552972""","=""21.738926""","=""3s.3p""","=""3P*""","=""1""","=""3s.4p""","=""3P*""","=""2""",3,5,E2,"=""c44""","=""""",
"=""""","=""81.69279""","=""""","=""4.50e+03""",B,"=""6.552972""","=""21.729855""","=""3s.3p""","=""3P*""","=""1""","=""3s.4p""","=""3P*""","=""1""",3,3,E2,"=""c44""","=""""",
"=""""","=""81.69279""","=""""","=""2.47e-05""",E,"=""6.552972""","=""21.729855""","=""3s.3p""","=""3P*""","=""1""","=""3s.4p""","=""3P*""","=""1""",3,3,M1,"=""c44""","=""""",
"=""""","=""81.71488""","=""""","=""3.01e-02""",D,"=""6.552972""","=""21.725752""","=""3s.3p""","=""3P*""","=""1""","=""3s.4p""","=""3P*""","=""0""",3,1,M1,"=""c44""","=""""",
"=""""","=""81.81883""","=""""","=""6.29e+03""",B,"=""6.585422""","=""21.738926""","=""3s.3p""","=""3P*""","=""2""","=""3s.4p""","=""3P*""","=""2""",5,5,E2,"=""c44""","=""""",
"=""""","=""81.81883""","=""""","=""8.75e-09""",E,"=""6.585422""","=""21.738926""","=""3s.3p""","=""3P*""","=""2""","=""3s.4p""","=""3P*""","=""2""",5,5,M1,"=""c44""","=""""",
"=""""","=""81.82334""","=""""","=""1.61e+04""",B+,"=""0.000000""","=""15.152669""","=""2p6.3s2""","=""1S""","=""0""","=""3p2""","=""1D""","=""2""",1,5,E2,"=""c44""","=""""",
"=""""","=""81.86784""","=""""","=""1.35e+04""",B+,"=""6.585422""","=""21.729855""","=""3s.3p""","=""3P*""","=""2""","=""3s.4p""","=""3P*""","=""1""",5,3,E2,"=""c44""","=""""",
"=""""","=""81.86784""","=""""","=""5.50e-02""",D,"=""6.585422""","=""21.729855""","=""3s.3p""","=""3P*""","=""2""","=""3s.4p""","=""3P*""","=""1""",5,3,M1,"=""c44""","=""""",
"=""""","=""81.89002""","=""""","=""1.80e+04""",B,"=""6.585422""","=""21.725752""","=""3s.3p""","=""3P*""","=""2""","=""3s.4p""","=""3P*""","=""0""",5,1,E2,"=""c44""","=""""",
"=""""","=""82.00509""","=""""","=""2.25e+04""",B+,"=""10.276357""","=""25.395443""","=""3s.3p""","=""1P*""","=""1""","=""3s.4f""","=""1F*""","=""3""",3,7,E2,"=""c44""","=""""",
"=""""","=""82.20035""","=""""","=""1.61e+07""",D,"=""15.152669""","=""30.235840""","=""3p2""","=""1D""","=""2""","=""3s.6f""","=""1F*""","=""3""",5,7,,"=""T6298c4""","=""""",
"=""82.341""","=""82.34087""","=""9""","=""5.85e+08""",C,"=""10.276357""","=""25.333789""","=""3s.3p""","=""1P*""","=""1""","=""3s.4d""","=""1D""","=""2""",3,5,,"=""c44,T5038""","=""L4833""",
"=""""","=""86.10144""","=""""","=""2.55e+00""",C,"=""10.276357""","=""24.676140""","=""3s.3p""","=""1P*""","=""1""","=""3p.3d""","=""3F*""","=""3""",3,7,E2,"=""c44""","=""""",
"=""""","=""86.17812""","=""""","=""9.03e-08""",E,"=""10.276357""","=""24.663327""","=""3s.3p""","=""1P*""","=""1""","=""3p.3d""","=""3F*""","=""2""",3,5,M1,"=""c44""","=""""",
"=""""","=""86.17812""","=""""","=""3.36e+00""",C,"=""10.276357""","=""24.663327""","=""3s.3p""","=""1P*""","=""1""","=""3p.3d""","=""3F*""","=""2""",3,5,E2,"=""c44""","=""""",
"=""""","=""87.92247""","=""""","=""2.25e+08""",D+,"=""15.152669""","=""29.254207""","=""3p2""","=""1D""","=""2""","=""3p.3d""","=""1P*""","=""1""",5,3,,"=""T7198c19""","=""""",
"=""88.340""","=""88.33968""","=""5""","=""5.79e+10""",C+,"=""15.152669""","=""29.187607""","=""3p2""","=""1D""","=""2""","=""3p.3d""","=""1F*""","=""3""",5,7,,"=""T7198c19""","=""L4833""",
"=""""","=""89.59458""","=""""","=""1.71e+08""",D,"=""17.722765""","=""31.561125""","=""3s.3d""","=""3D""","=""3""","=""3s.8f""","=""3F*""","=""4""",7,9,,"=""T6298c4,LS""","=""""",
"=""""","=""89.59488""","=""""","=""1.91e+07""",E,"=""17.722765""","=""31.561078""","=""3s.3d""","=""3D""","=""3""","=""3s.8f""","=""3F*""","=""3""",7,7,,"=""T6298c4,LS""","=""""",
"=""""","=""89.59507""","=""""","=""7.55e+05""",E,"=""17.722765""","=""31.561049""","=""3s.3d""","=""3D""","=""3""","=""3s.8f""","=""3F*""","=""2""",7,5,,"=""T6298c4,LS""","=""""",
"=""""","=""89.59657""","=""""","=""1.53e+08""",D,"=""17.723025""","=""31.561078""","=""3s.3d""","=""3D""","=""2""","=""3s.8f""","=""3F*""","=""3""",5,7,,"=""T6298c4,LS""","=""""",
"=""""","=""89.59675""","=""""","=""2.68e+07""",E,"=""17.723025""","=""31.561049""","=""3s.3d""","=""3D""","=""2""","=""3s.8f""","=""3F*""","=""2""",5,5,,"=""T6298c4,LS""","=""""",
"=""""","=""89.59869""","=""""","=""1.44e+08""",D,"=""17.723324""","=""31.561049""","=""3s.3d""","=""3D""","=""1""","=""3s.8f""","=""3F*""","=""2""",3,5,,"=""T6298c4,LS""","=""""",
"=""""","=""93.60558""","=""""","=""2.66e+08""",D+,"=""17.722765""","=""30.968151""","=""3s.3d""","=""3D""","=""3""","=""3s.7f""","=""3F*""","=""4""",7,9,,"=""T6298c4,LS""","=""""",
"=""""","=""93.60582""","=""""","=""2.96e+07""",E,"=""17.722765""","=""30.968116""","=""3s.3d""","=""3D""","=""3""","=""3s.7f""","=""3F*""","=""3""",7,7,,"=""T6298c4,LS""","=""""",
"=""""","=""93.60602""","=""""","=""1.17e+06""",E,"=""17.722765""","=""30.968089""","=""3s.3d""","=""3D""","=""3""","=""3s.7f""","=""3F*""","=""2""",7,5,,"=""T6298c4,LS""","=""""",
"=""""","=""93.60766""","=""""","=""2.36e+08""",D,"=""17.723025""","=""30.968116""","=""3s.3d""","=""3D""","=""2""","=""3s.7f""","=""3F*""","=""3""",5,7,,"=""T6298c4,LS""","=""""",
"=""""","=""93.60786""","=""""","=""4.14e+07""",E,"=""17.723025""","=""30.968089""","=""3s.3d""","=""3D""","=""2""","=""3s.7f""","=""3F*""","=""2""",5,5,,"=""T6298c4,LS""","=""""",
"=""""","=""93.60997""","=""""","=""2.23e+08""",D,"=""17.723324""","=""30.968089""","=""3s.3d""","=""3D""","=""1""","=""3s.7f""","=""3F*""","=""2""",3,5,,"=""T6298c4,LS""","=""""",
"=""93.909""","=""93.90974""","=""7""","=""1.11e+09""",C,"=""15.152669""","=""28.355155""","=""3p2""","=""1D""","=""2""","=""3p.4s""","=""1P*""","=""1""",5,3,,"=""T6298c4""","=""L4833""",
"=""96.795""","=""96.79435""","=""9""","=""4.68e+08""",C,"=""15.152669""","=""27.961701""","=""3p2""","=""1D""","=""2""","=""3s.5f""","=""1F*""","=""3""",5,7,,"=""T1860""","=""L4833""",
"=""99.352""","=""99.35187""","=""10""","=""2.68e+08""",C,"=""6.537028""","=""19.016331""","=""3s.3p""","=""3P*""","=""0""","=""3s.4s""","=""3S""","=""1""",1,3,,"=""c44""","=""L4833""",
"=""99.479""","=""99.47896""","=""13""","=""8.05e+08""",C+,"=""6.552972""","=""19.016331""","=""3s.3p""","=""3P*""","=""1""","=""3s.4s""","=""3S""","=""1""",3,3,,"=""c44""","=""L4833""",
"=""99.739""","=""99.73864""","=""16""","=""1.35e+09""",C+,"=""6.585422""","=""19.016331""","=""3s.3p""","=""3P*""","=""2""","=""3s.4s""","=""3S""","=""1""",5,3,,"=""c44""","=""L4833""",
"=""""","=""100.53489""","=""""","=""4.52e+08""",C+,"=""17.722765""","=""30.055220""","=""3s.3d""","=""3D""","=""3""","=""3s.6f""","=""3F*""","=""4""",7,9,,"=""T6298c4,LS""","=""""",
"=""""","=""100.53532""","=""""","=""5.04e+07""",D+,"=""17.722765""","=""30.055167""","=""3s.3d""","=""3D""","=""3""","=""3s.6f""","=""3F*""","=""3""",7,7,,"=""T6298c4,LS""","=""""",
"=""""","=""100.53571""","=""""","=""1.99e+06""",E,"=""17.722765""","=""30.055119""","=""3s.3d""","=""3D""","=""3""","=""3s.6f""","=""3F*""","=""2""",7,5,,"=""T6298c4,LS""","=""""",
"=""100.537""","=""100.53784""","=""7""","=""7.06e+07""",D+,"=""17.723025""","=""30.055119""","=""3s.3d""","=""3D""","=""2""","=""3s.6f""","=""3F*""","=""2""",5,5,,"=""T6298c4,LS""","=""L4833""",
"=""""","=""100.54027""","=""""","=""3.80e+08""",C,"=""17.723324""","=""30.055119""","=""3s.3d""","=""3D""","=""1""","=""3s.6f""","=""3F*""","=""2""",3,5,,"=""T6298c4,LS""","=""""",
"=""103.116""","=""103.11584""","=""7""","=""2.72e+08""",C,"=""16.098353""","=""28.122131""","=""3p2""","=""3P""","=""1""","=""3p.4s""","=""3P*""","=""2""",3,5,,"=""T6298c4,LS""","=""L4833""",
"=""""","=""103.28554""","=""""","=""3.61e+08""",C,"=""16.081798""","=""28.085821""","=""3p2""","=""3P""","=""0""","=""3p.4s""","=""3P*""","=""1""",1,3,,"=""T6298c4,LS""","=""""",
"=""103.392""","=""103.39149""","=""8""","=""8.11e+08""",C+,"=""16.130409""","=""28.122131""","=""3p2""","=""3P""","=""2""","=""3p.4s""","=""3P*""","=""2""",5,5,,"=""T6298c4,LS""","=""L4833""",
"=""""","=""103.42818""","=""""","=""2.69e+08""",C,"=""16.098353""","=""28.085821""","=""3p2""","=""3P""","=""1""","=""3p.4s""","=""3P*""","=""1""",3,3,,"=""T6298c4,LS""","=""""",
"=""""","=""103.56466""","=""""","=""1.07e+09""",C,"=""16.098353""","=""28.070023""","=""3p2""","=""3P""","=""1""","=""3p.4s""","=""3P*""","=""0""",3,1,,"=""T6298c4,LS""","=""""",
"=""103.705""","=""103.70550""","=""7""","=""4.46e+08""",C,"=""16.130409""","=""28.085821""","=""3p2""","=""3P""","=""2""","=""3p.4s""","=""3P*""","=""1""",5,3,,"=""T6298c4,LS""","=""L4833""",
"=""""","=""108.16441""","=""""","=""9.54e-03""",D,"=""10.276357""","=""21.738926""","=""3s.3p""","=""1P*""","=""1""","=""3s.4p""","=""3P*""","=""2""",3,5,M1,"=""c44""","=""""",
"=""""","=""108.16441""","=""""","=""1.95e-01""",C,"=""10.276357""","=""21.738926""","=""3s.3p""","=""1P*""","=""1""","=""3s.4p""","=""3P*""","=""2""",3,5,E2,"=""c44""","=""""",
"=""""","=""108.25007""","=""""","=""9.68e-03""",D,"=""10.276357""","=""21.729855""","=""3s.3p""","=""1P*""","=""1""","=""3s.4p""","=""3P*""","=""1""",3,3,M1,"=""c44""","=""""",
"=""""","=""108.25007""","=""""","=""1.71e+01""",C+,"=""10.276357""","=""21.729855""","=""3s.3p""","=""1P*""","=""1""","=""3s.4p""","=""3P*""","=""1""",3,3,E2,"=""c44""","=""""",
"=""""","=""108.28886""","=""""","=""3.91e-02""",D,"=""10.276357""","=""21.725752""","=""3s.3p""","=""1P*""","=""1""","=""3s.4p""","=""3P*""","=""0""",3,1,M1,"=""c44""","=""""",
"=""108.322""","=""108.32165""","=""6""","=""3.65e+08""",C,"=""15.152669""","=""26.598599""","=""3p2""","=""1D""","=""2""","=""3s.5p""","=""1P*""","=""1""",5,3,,"=""T6298c4""","=""L4833""",
"=""""","=""109.29148""","=""""","=""2.98e+07""",D+,"=""17.722765""","=""29.067126""","=""3s.3d""","=""3D""","=""3""","=""3s.6p""","=""3P*""","=""2""",7,5,,"=""T6298c4,LS""","=""""",
"=""""","=""109.29399""","=""""","=""5.32e+06""",D,"=""17.723025""","=""29.067126""","=""3s.3d""","=""3D""","=""2""","=""3s.6p""","=""3P*""","=""2""",5,5,,"=""T6298c4,LS""","=""""",
"=""""","=""109.29687""","=""""","=""3.55e+05""",E,"=""17.723324""","=""29.067126""","=""3s.3d""","=""3D""","=""1""","=""3s.6p""","=""3P*""","=""2""",3,5,,"=""T6298c4,LS""","=""""",
"=""""","=""109.31045""","=""""","=""2.66e+07""",D,"=""17.723025""","=""29.065417""","=""3s.3d""","=""3D""","=""2""","=""3s.6p""","=""3P*""","=""1""",5,3,,"=""T6298c4,LS""","=""""",
"=""""","=""109.31333""","=""""","=""8.88e+06""",D,"=""17.723324""","=""29.065417""","=""3s.3d""","=""3D""","=""1""","=""3s.6p""","=""3P*""","=""1""",3,3,,"=""T6298c4,LS""","=""""",
"=""""","=""109.32926""","=""""","=""3.55e+07""",D,"=""17.723324""","=""29.063765""","=""3s.3d""","=""3D""","=""1""","=""3s.6p""","=""3P*""","=""0""",3,1,,"=""T6298c4,LS""","=""""",
"=""110.837""","=""110.83579""","=""14""","=""1.54e+09""",B+,"=""6.537028""","=""17.723324""","=""3s.3p""","=""3P*""","=""0""","=""3s.3d""","=""3D""","=""1""",1,3,,"=""c44,T7198c19""","=""L4833""",
"=""""","=""110.99399""","=""""","=""1.15e+09""",B+,"=""6.552972""","=""17.723324""","=""3s.3p""","=""3P*""","=""1""","=""3s.3d""","=""3D""","=""1""",3,3,,"=""c44,T7198c19""","=""""",
"=""110.997""","=""110.99696""","=""16""","=""2.07e+09""",B+,"=""6.552972""","=""17.723025""","=""3s.3p""","=""3P*""","=""1""","=""3s.3d""","=""3D""","=""2""",3,5,,"=""c44,T7198c19""","=""L4833""",
"=""""","=""111.31737""","=""""","=""7.63e+07""",B,"=""6.585422""","=""17.723324""","=""3s.3p""","=""3P*""","=""2""","=""3s.3d""","=""3D""","=""1""",5,3,,"=""c44,T7198c19""","=""""",
"=""""","=""111.32036""","=""""","=""6.85e+08""",B+,"=""6.585422""","=""17.723025""","=""3s.3p""","=""3P*""","=""2""","=""3s.3d""","=""3D""","=""2""",5,5,,"=""c44,T7198c19""","=""""",
"=""111.323""","=""111.32296""","=""18""","=""2.74e+09""",A,"=""6.585422""","=""17.722765""","=""3s.3p""","=""3P*""","=""2""","=""3s.3d""","=""3D""","=""3""",5,7,,"=""c44,T7198c19""","=""L4833""",
"=""""","=""112.24551""","=""""","=""2.49e+08""",D+,"=""20.552241""","=""31.598045""","=""3s.3d""","=""1D""","=""2""","=""3s.8f""","=""1F*""","=""3""",5,7,,"=""T6298c4""","=""""",
"=""114.055""","=""114.05458""","=""6""","=""1.96e+09""",B,"=""16.081798""","=""26.952400""","=""3p2""","=""3P""","=""0""","=""3p.3d""","=""3D*""","=""1""",1,3,,"=""T7198c19""","=""L4833""",
"=""114.158""","=""114.15792""","=""7""","=""2.67e+09""",B+,"=""16.098353""","=""26.959114""","=""3p2""","=""3P""","=""1""","=""3p.3d""","=""3D*""","=""2""",3,5,,"=""T7198c19""","=""L4833""",
"=""114.228""","=""114.22853""","=""6""","=""1.75e+09""",B,"=""16.098353""","=""26.952400""","=""3p2""","=""3P""","=""1""","=""3p.3d""","=""3D*""","=""1""",3,3,,"=""T7198c19""","=""L4833""",
"=""114.431""","=""114.43092""","=""8""","=""3.86e+09""",B+,"=""16.130409""","=""26.965260""","=""3p2""","=""3P""","=""2""","=""3p.3d""","=""3D*""","=""3""",5,7,,"=""T7198c19""","=""L4833""",
"=""114.496""","=""114.49586""","=""6""","=""1.19e+09""",B,"=""16.130409""","=""26.959114""","=""3p2""","=""3P""","=""2""","=""3p.3d""","=""3D*""","=""2""",5,5,,"=""T7198c19""","=""L4833""",
"=""114.511""","=""""","=""8""","=""""",,"=""""","=""""","=""""","=""""","=""""","=""""","=""""","=""""",1,1,,"=""""","=""L4833""",
"=""""","=""114.51223""","=""""","=""8.82e+08""",B,"=""17.722765""","=""28.549923""","=""3s.3d""","=""3D""","=""3""","=""3s.5f""","=""3F*""","=""4""",7,9,,"=""T6298c4,LS""","=""""",
"=""""","=""114.51490""","=""""","=""9.82e+07""",C,"=""17.722765""","=""28.549670""","=""3s.3d""","=""3D""","=""3""","=""3s.5f""","=""3F*""","=""3""",7,7,,"=""T6298c4,LS""","=""""",
"=""""","=""114.5161""","=""""","=""3.88e+06""",D,"=""17.722765""","=""28.54956""","=""3s.3d""","=""3D""","=""3""","=""3s.5f""","=""3F*""","=""2""",7,5,,"=""T6298c4,LS""","=""""",
"=""114.518""","=""114.5189""","=""7""","=""1.38e+08""",C,"=""17.723025""","=""28.54956""","=""3s.3d""","=""3D""","=""2""","=""3s.5f""","=""3F*""","=""2""",5,5,,"=""T6298c4,LS""","=""L4833""",
"=""""","=""114.5220""","=""""","=""7.42e+08""",C+,"=""17.723324""","=""28.54956""","=""3s.3d""","=""3D""","=""1""","=""3s.5f""","=""3F*""","=""2""",3,5,,"=""T6298c4,LS""","=""""",
"=""""","=""114.56689""","=""""","=""1.58e+08""",C,"=""16.130409""","=""26.952400""","=""3p2""","=""3P""","=""2""","=""3p.3d""","=""3D*""","=""1""",5,3,,"=""T7198c19""","=""""",
"=""115.500""","=""115.49980""","=""6""","=""9.34e+08""",B,"=""16.081798""","=""26.816380""","=""3p2""","=""3P""","=""0""","=""3p.3d""","=""3P*""","=""1""",1,3,,"=""T7198c19""","=""L4833""",
"=""115.596""","=""115.59586""","=""6""","=""2.22e+09""",C+,"=""16.098353""","=""26.824014""","=""3p2""","=""3P""","=""1""","=""3p.3d""","=""3P*""","=""0""",3,1,,"=""T7198c19""","=""L4833""",
"=""""","=""115.67819""","=""""","=""4.22e+08""",C+,"=""16.098353""","=""26.816380""","=""3p2""","=""3P""","=""1""","=""3p.3d""","=""3P*""","=""1""",3,3,,"=""T7198c19""","=""""",
"=""115.810""","=""115.81008""","=""7""","=""7.88e+08""",B,"=""16.098353""","=""26.804174""","=""3p2""","=""3P""","=""1""","=""3p.3d""","=""3P*""","=""2""",3,5,,"=""T7198c19""","=""L4833""",
"=""116.026""","=""116.02520""","=""6""","=""8.65e+08""",B,"=""16.130409""","=""26.816380""","=""3p2""","=""3P""","=""2""","=""3p.3d""","=""3P*""","=""1""",5,3,,"=""T7198c19""","=""L4833""",
"=""116.158""","=""116.15789""","=""8""","=""1.42e+09""",B,"=""16.130409""","=""26.804174""","=""3p2""","=""3P""","=""2""","=""3p.3d""","=""3P*""","=""2""",5,5,,"=""T7198c19""","=""L4833""",
"=""""","=""117.25226""","=""""","=""1.34e+08""",C,"=""16.081798""","=""26.655939""","=""3p2""","=""3P""","=""0""","=""3s.5p""","=""3P*""","=""1""",1,3,,"=""T6298c4,LS""","=""""",
"=""""","=""117.43500""","=""""","=""4.00e+08""",C,"=""16.098353""","=""26.656040""","=""3p2""","=""3P""","=""1""","=""3s.5p""","=""3P*""","=""0""",3,1,,"=""T6298c4,LS""","=""""",
"=""117.437""","=""117.43612""","=""5""","=""1.00e+08""",C,"=""16.098353""","=""26.655939""","=""3p2""","=""3P""","=""1""","=""3s.5p""","=""3P*""","=""1""",3,3,,"=""T6298c4,LS""","=""L4833""",
"=""117.443""","=""117.44354""","=""6""","=""1.00e+08""",C,"=""16.098353""","=""26.655272""","=""3p2""","=""3P""","=""1""","=""3s.5p""","=""3P*""","=""2""",3,5,,"=""T6298c4,LS""","=""L4833""",
"=""""","=""117.79377""","=""""","=""1.65e+08""",C,"=""16.130409""","=""26.655939""","=""3p2""","=""3P""","=""2""","=""3s.5p""","=""3P*""","=""1""",5,3,,"=""T6298c4,LS""","=""""",
"=""117.800""","=""""","=""8""","=""""",,"=""""","=""""","=""""","=""""","=""""","=""""","=""""","=""""",1,1,,"=""""","=""L4833""",
"=""""","=""117.80124""","=""""","=""2.98e+08""",C+,"=""16.130409""","=""26.655272""","=""3p2""","=""3P""","=""2""","=""3s.5p""","=""3P*""","=""2""",5,5,,"=""T6298c4,LS""","=""""",
"=""""","=""118.20161""","=""""","=""4.67e+08""",D+,"=""20.552241""","=""31.041455""","=""3s.3d""","=""1D""","=""2""","=""3s.7f""","=""1F*""","=""3""",5,7,,"=""T6298c4""","=""""",
"=""""","=""119.22285""","=""""","=""2.56e+07""",D+,"=""17.722765""","=""28.122131""","=""3s.3d""","=""3D""","=""3""","=""3p.4s""","=""3P*""","=""2""",7,5,,"=""T6298c4,LS""","=""""",
"=""""","=""119.22583""","=""""","=""4.57e+06""",D,"=""17.723025""","=""28.122131""","=""3s.3d""","=""3D""","=""2""","=""3p.4s""","=""3P*""","=""2""",5,5,,"=""T6298c4,LS""","=""""",
"=""""","=""119.22926""","=""""","=""3.04e+05""",E,"=""17.723324""","=""28.122131""","=""3s.3d""","=""3D""","=""1""","=""3p.4s""","=""3P*""","=""2""",3,5,,"=""T6298c4,LS""","=""""",
"=""""","=""119.64359""","=""""","=""2.26e+07""",D,"=""17.723025""","=""28.085821""","=""3s.3d""","=""3D""","=""2""","=""3p.4s""","=""3P*""","=""1""",5,3,,"=""T6298c4,LS""","=""""",
"=""""","=""119.64704""","=""""","=""7.55e+06""",D,"=""17.723324""","=""28.085821""","=""3s.3d""","=""3D""","=""1""","=""3p.4s""","=""3P*""","=""1""",3,3,,"=""T6298c4,LS""","=""""",
"=""""","=""119.82972""","=""""","=""3.00e+07""",D,"=""17.723324""","=""28.070023""","=""3s.3d""","=""3D""","=""1""","=""3p.4s""","=""3P*""","=""0""",3,1,,"=""T6298c4,LS""","=""""",
"=""120.651""","=""120.64995""","=""30""","=""2.55e+09""",A,"=""0.000000""","=""10.276357""","=""2p6.3s2""","=""1S""","=""0""","=""3s.3p""","=""1P*""","=""1""",1,3,,"=""c44,T7198c19,T7195,T5038,T3001,T1860""","=""L4833""",
"=""120.653""","=""120.65551""","=""30""","=""4.17e+09""",B,"=""10.276357""","=""20.552241""","=""3s.3p""","=""1P*""","=""1""","=""3s.3d""","=""1D""","=""2""",3,5,,"=""c44,T7198c19,T5038""","=""L4833""",
"=""120.752""","=""120.75170""","=""9""","=""2.43e+09""",B+,"=""15.152669""","=""25.420367""","=""3p2""","=""1D""","=""2""","=""3p.3d""","=""1D*""","=""2""",5,5,,"=""c44,T7198c19,T5038""","=""L4833""",
"=""121.046""","=""121.04553""","=""10""","=""1.60e+09""",B,"=""15.152669""","=""25.395443""","=""3p2""","=""1D""","=""2""","=""3s.4f""","=""1F*""","=""3""",5,7,,"=""c44,T5038""","=""L4833""",
"=""""","=""121.20204""","=""""","=""2.18e+09""",B,"=""19.024660""","=""29.254207""","=""3p2""","=""1S""","=""0""","=""3p.3d""","=""1P*""","=""1""",1,3,,"=""T7198c19""","=""""",
"=""""","=""121.22466""","=""""","=""2.42e+08""",D+,"=""21.881623""","=""32.109262""","=""3s.4p""","=""1P*""","=""1""","=""3p.4p""","=""1S""","=""0""",3,1,,"=""T6298c4""","=""""",
"=""123.543""","=""123.54310""","=""7""","=""2.77e+09""",B,"=""19.024660""","=""29.060364""","=""3p2""","=""1S""","=""0""","=""3s.6p""","=""1P*""","=""1""",1,3,,"=""T6298c4""","=""L4833""",
"=""""","=""125.96845""","=""""","=""1.29e-04""",E,"=""15.152669""","=""24.995150""","=""3p2""","=""1D""","=""2""","=""3s.4d""","=""3D""","=""3""",5,7,M1,"=""c44""","=""""",
"=""""","=""125.96845""","=""""","=""3.20e-03""",D+,"=""15.152669""","=""24.995150""","=""3p2""","=""1D""","=""2""","=""3s.4d""","=""3D""","=""3""",5,7,E2,"=""c44""","=""""",
"=""""","=""125.97035""","=""""","=""2.88e-05""",E,"=""15.152669""","=""24.995001""","=""3p2""","=""1D""","=""2""","=""3s.4d""","=""3D""","=""2""",5,5,M1,"=""c44""","=""""",
"=""""","=""125.97035""","=""""","=""1.50e-02""",D+,"=""15.152669""","=""24.995001""","=""3p2""","=""1D""","=""2""","=""3s.4d""","=""3D""","=""2""",5,5,E2,"=""c44""","=""""",
"=""""","=""125.97122""","=""""","=""2.89e-04""",E,"=""15.152669""","=""24.994933""","=""3p2""","=""1D""","=""2""","=""3s.4d""","=""3D""","=""1""",5,3,M1,"=""c44""","=""""",
"=""""","=""125.97122""","=""""","=""7.83e-03""",D+,"=""15.152669""","=""24.994933""","=""3p2""","=""1D""","=""2""","=""3s.4d""","=""3D""","=""1""",5,3,E2,"=""c44""","=""""",
"=""""","=""127.74727""","=""""","=""2.50e+08""",D+,"=""21.881623""","=""31.587051""","=""3s.4p""","=""1P*""","=""1""","=""3s.8d""","=""1D""","=""2""",3,5,,"=""T6298c4""","=""""",
"=""128.035""","=""128.03524""","=""6""","=""1.04e+09""",B,"=""20.552241""","=""30.235840""","=""3s.3d""","=""1D""","=""2""","=""3s.6f""","=""1F*""","=""3""",5,7,,"=""T6298c4""","=""L4833""",
"=""129.454""","=""129.45446""","=""17""","=""5.35e+08""",B+,"=""6.552972""","=""16.130409""","=""3s.3p""","=""3P*""","=""1""","=""3p2""","=""3P""","=""2""",3,5,,"=""c44,T7198c19""","=""L4833""",
"=""129.673""","=""129.67262""","=""14""","=""7.10e+08""",B+,"=""6.537028""","=""16.098353""","=""3s.3p""","=""3P*""","=""0""","=""3p2""","=""3P""","=""1""",1,3,,"=""c44,T7198c19""","=""L4833""",
"=""129.889""","=""129.88921""","=""15""","=""5.29e+08""",B+,"=""6.552972""","=""16.098353""","=""3s.3p""","=""3P*""","=""1""","=""3p2""","=""3P""","=""1""",3,3,,"=""c44,T7198c19""","=""L4833""",
"=""129.896""","=""129.89457""","=""18""","=""1.59e+09""",A,"=""6.585422""","=""16.130409""","=""3s.3p""","=""3P*""","=""2""","=""3p2""","=""3P""","=""2""",5,5,,"=""c44,T7198c19""","=""L4833""",
"=""""","=""130.07034""","=""""","=""1.43e+08""",C,"=""19.722118""","=""29.254207""","=""3s.4s""","=""1S""","=""0""","=""3p.3d""","=""1P*""","=""1""",1,3,,"=""T6298c4""","=""""",
"=""130.115""","=""130.11486""","=""14""","=""2.11e+09""",B+,"=""6.552972""","=""16.081798""","=""3s.3p""","=""3P*""","=""1""","=""3p2""","=""3P""","=""0""",3,1,,"=""c44,T7198c19""","=""L4833""",
"=""130.332""","=""130.33228""","=""16""","=""8.71e+08""",B+,"=""6.585422""","=""16.098353""","=""3s.3p""","=""3P*""","=""2""","=""3p2""","=""3P""","=""1""",5,3,,"=""c44,T7198c19""","=""L4833""",
"=""131.259""","=""131.25909""","=""13""","=""6.66e+08""",D+,"=""10.276357""","=""19.722118""","=""3s.3p""","=""1P*""","=""1""","=""3s.4s""","=""1S""","=""0""",3,1,,"=""c44,T5038""","=""L4833""",
"=""""","=""132.77033""","=""""","=""9.19e+07""",C,"=""19.722118""","=""29.060364""","=""3s.4s""","=""1S""","=""0""","=""3s.6p""","=""1P*""","=""1""",1,3,,"=""T6298c4""","=""""",
"=""""","=""132.88062""","=""""","=""2.38e+08""",C,"=""19.024660""","=""28.355155""","=""3p2""","=""1S""","=""0""","=""3p.4s""","=""1P*""","=""1""",1,3,,"=""T6298c4""","=""""",
"=""""","=""134.0081""","=""""","=""2.36e-03""",D+,"=""16.081798""","=""25.333789""","=""3p2""","=""3P""","=""0""","=""3s.4d""","=""1D""","=""2""",1,5,E2,"=""c44""","=""""",
"=""134.147""","=""134.1458""","=""8""","=""8.96e+08""",B,"=""17.722765""","=""26.965260""","=""3s.3d""","=""3D""","=""3""","=""3p.3d""","=""3D*""","=""3""",7,7,,"=""T7198c19""","=""L4833""",
"=""""","=""134.1496""","=""""","=""1.11e+08""",C+,"=""17.723025""","=""26.965260""","=""3s.3d""","=""3D""","=""2""","=""3p.3d""","=""3D*""","=""3""",5,7,,"=""T7198c19""","=""""",
"=""""","=""134.2351""","=""""","=""9.58e+07""",C,"=""17.722765""","=""26.959114""","=""3s.3d""","=""3D""","=""3""","=""3p.3d""","=""3D*""","=""2""",7,5,,"=""T7198c19""","=""""",
"=""134.239""","=""134.2389""","=""7""","=""7.54e+08""",B,"=""17.723025""","=""26.959114""","=""3s.3d""","=""3D""","=""2""","=""3p.3d""","=""3D*""","=""2""",5,5,,"=""T7198c19""","=""L4833""",
"=""""","=""134.2432""","=""""","=""1.56e+08""",C+,"=""17.723324""","=""26.959114""","=""3s.3d""","=""3D""","=""1""","=""3p.3d""","=""3D*""","=""2""",3,5,,"=""T7198c19""","=""""",
"=""""","=""134.2483""","=""""","=""5.28e-04""",D,"=""16.098353""","=""25.333789""","=""3p2""","=""3P""","=""1""","=""3s.4d""","=""1D""","=""2""",3,5,E2,"=""c44""","=""""",
"=""""","=""134.2483""","=""""","=""2.17e-04""",E,"=""16.098353""","=""25.333789""","=""3p2""","=""3P""","=""1""","=""3s.4d""","=""1D""","=""2""",3,5,M1,"=""c44""","=""""",
"=""""","=""134.3365""","=""""","=""1.87e+08""",C+,"=""17.723025""","=""26.952400""","=""3s.3d""","=""3D""","=""2""","=""3p.3d""","=""3D*""","=""1""",5,3,,"=""T7198c19""","=""""",
"=""134.339""","=""134.3409""","=""6""","=""8.16e+08""",B,"=""17.723324""","=""26.952400""","=""3s.3d""","=""3D""","=""1""","=""3p.3d""","=""3D*""","=""1""",3,3,,"=""T7198c19""","=""L4833""",
"=""""","=""134.7159""","=""""","=""5.32e-01""",C,"=""16.130409""","=""25.333789""","=""3p2""","=""3P""","=""2""","=""3s.4d""","=""1D""","=""2""",5,5,E2,"=""c44""","=""""",
"=""""","=""134.7159""","=""""","=""6.49e-04""",D,"=""16.130409""","=""25.333789""","=""3p2""","=""3P""","=""2""","=""3s.4d""","=""1D""","=""2""",5,5,M1,"=""c44""","=""""",
"=""""","=""134.8629""","=""""","=""1.77e+08""",D+,"=""21.881623""","=""31.074972""","=""3s.4p""","=""1P*""","=""1""","=""3s.7d""","=""1D""","=""2""",3,5,,"=""T6298c4""","=""""",
"=""""","=""135.3849""","=""""","=""6.07e+07""",D,"=""21.725752""","=""30.88366""","=""3s.4p""","=""3P*""","=""0""","=""3s.7d""","=""3D""","=""1""",1,3,,"=""T6298c4,LS""","=""""",
"=""""","=""135.4265""","=""""","=""8.18e+07""",D,"=""21.729855""","=""30.884947""","=""3s.4p""","=""3P*""","=""1""","=""3s.7d""","=""3D""","=""2""",3,5,,"=""T6298c4,LS""","=""""",
"=""""","=""135.4456""","=""""","=""4.54e+07""",E,"=""21.729855""","=""30.88366""","=""3s.4p""","=""3P*""","=""1""","=""3s.7d""","=""3D""","=""1""",3,3,,"=""T6298c4,LS""","=""""",
"=""""","=""135.5291""","=""""","=""1.09e+08""",D+,"=""21.738926""","=""30.887085""","=""3s.4p""","=""3P*""","=""2""","=""3s.7d""","=""3D""","=""3""",5,7,,"=""T6298c4,LS""","=""""",
"=""""","=""135.5608""","=""""","=""2.72e+07""",E,"=""21.738926""","=""30.884947""","=""3s.4p""","=""3P*""","=""2""","=""3s.7d""","=""3D""","=""2""",5,5,,"=""T6298c4,LS""","=""""",
"=""""","=""135.5799""","=""""","=""3.02e+06""",E,"=""21.738926""","=""30.88366""","=""3s.4p""","=""3P*""","=""2""","=""3s.7d""","=""3D""","=""1""",5,3,,"=""T6298c4,LS""","=""""",
"=""""","=""135.9751""","=""""","=""8.41e+07""",C,"=""21.725752""","=""30.843904""","=""3s.4p""","=""3P*""","=""0""","=""3p.4p""","=""3S""","=""1""",1,3,,"=""T6298c4,LS""","=""""",
"=""""","=""136.0364""","=""""","=""2.52e+08""",C,"=""21.729855""","=""30.843904""","=""3s.4p""","=""3P*""","=""1""","=""3p.4p""","=""3S""","=""1""",3,3,,"=""T6298c4,LS""","=""""",
"=""136.160""","=""136.1596""","=""8""","=""1.06e+09""",B,"=""19.016331""","=""28.122131""","=""3s.4s""","=""3S""","=""1""","=""3p.4s""","=""3P*""","=""2""",3,5,,"=""T6298c4,LS""","=""L4833""",
"=""""","=""136.1719""","=""""","=""4.18e+08""",C+,"=""21.738926""","=""30.843904""","=""3s.4p""","=""3P*""","=""2""","=""3p.4p""","=""3S""","=""1""",5,3,,"=""T6298c4,LS""","=""""",
"=""136.237""","=""136.2361""","=""5""","=""1.06e+09""",C+,"=""17.723324""","=""26.824014""","=""3s.3d""","=""3D""","=""1""","=""3p.3d""","=""3P*""","=""0""",3,1,,"=""T7198c19""","=""L4833""",
"=""136.347""","=""136.3459""","=""7""","=""8.53e+08""",B,"=""17.723025""","=""26.816380""","=""3s.3d""","=""3D""","=""2""","=""3p.3d""","=""3P*""","=""1""",5,3,,"=""T7198c19""","=""L4833""",
"=""""","=""136.3504""","=""""","=""2.02e+08""",C+,"=""17.723324""","=""26.816380""","=""3s.3d""","=""3D""","=""1""","=""3p.3d""","=""3P*""","=""1""",3,3,,"=""T7198c19""","=""""",
"=""136.526""","=""136.5253""","=""8""","=""9.40e+08""",B,"=""17.722765""","=""26.804174""","=""3s.3d""","=""3D""","=""3""","=""3p.3d""","=""3P*""","=""2""",7,5,,"=""T7198c19""","=""L4833""",
"=""""","=""136.5292""","=""""","=""1.05e+08""",C+,"=""17.723025""","=""26.804174""","=""3s.3d""","=""3D""","=""2""","=""3p.3d""","=""3P*""","=""2""",5,5,,"=""T7198c19""","=""""",
"=""""","=""136.5337""","=""""","=""4.78e+06""",D,"=""17.723324""","=""26.804174""","=""3s.3d""","=""3D""","=""1""","=""3p.3d""","=""3P*""","=""2""",3,5,,"=""T7198c19""","=""""",
"=""136.705""","=""136.7047""","=""7""","=""1.05e+09""",B,"=""19.016331""","=""28.085821""","=""3s.4s""","=""3S""","=""1""","=""3p.4s""","=""3P*""","=""1""",3,3,,"=""T6298c4,LS""","=""L4833""",
"=""136.944""","=""136.9432""","=""5""","=""1.04e+09""",C+,"=""19.016331""","=""28.070023""","=""3s.4s""","=""3S""","=""1""","=""3p.4s""","=""3P*""","=""0""",3,1,,"=""T6298c4,LS""","=""L4833""",
"=""""","=""137.1649""","=""""","=""2.68e+08""",C+,"=""21.729855""","=""30.768916""","=""3s.4p""","=""3P*""","=""1""","=""3p.4p""","=""3P""","=""2""",3,5,,"=""T6298c4,LS""","=""""",
"=""137.303""","=""137.3027""","=""5""","=""8.00e+08""",B,"=""21.738926""","=""30.768916""","=""3s.4p""","=""3P*""","=""2""","=""3p.4p""","=""3P""","=""2""",5,5,,"=""T6298c4,LS""","=""L4833""",
"=""""","=""137.5068""","=""""","=""3.54e+08""",C+,"=""21.725752""","=""30.742340""","=""3s.4p""","=""3P*""","=""0""","=""3p.4p""","=""3P""","=""1""",1,3,,"=""T6298c4,LS""","=""""",
"=""""","=""137.5694""","=""""","=""2.65e+08""",C,"=""21.729855""","=""30.742340""","=""3s.4p""","=""3P*""","=""1""","=""3p.4p""","=""3P""","=""1""",3,3,,"=""T6298c4,LS""","=""""",
"=""""","=""137.7080""","=""""","=""4.41e+08""",C+,"=""21.738926""","=""30.742340""","=""3s.4p""","=""3P*""","=""2""","=""3p.4p""","=""3P""","=""1""",5,3,,"=""T6298c4,LS""","=""""",
"=""""","=""137.7248""","=""""","=""1.05e+09""",C+,"=""21.729855""","=""30.732169""","=""3s.4p""","=""3P*""","=""1""","=""3p.4p""","=""3P""","=""0""",3,1,,"=""T6298c4,LS""","=""""",
"=""""","=""138.7948""","=""""","=""6.29e+07""",C,"=""17.723025""","=""26.655939""","=""3s.3d""","=""3D""","=""2""","=""3s.5p""","=""3P*""","=""1""",5,3,,"=""T6298c4,LS""","=""""",
"=""138.799""","=""138.7994""","=""5""","=""2.09e+07""",D+,"=""17.723324""","=""26.655939""","=""3s.3d""","=""3D""","=""1""","=""3s.5p""","=""3P*""","=""1""",3,3,,"=""T6298c4,LS""","=""L4833""",
"=""""","=""138.8011""","=""""","=""7.03e+07""",C,"=""17.722765""","=""26.655272""","=""3s.3d""","=""3D""","=""3""","=""3s.5p""","=""3P*""","=""2""",7,5,,"=""T6298c4,LS""","=""""",
"=""""","=""138.8052""","=""""","=""1.26e+07""",D+,"=""17.723025""","=""26.655272""","=""3s.3d""","=""3D""","=""2""","=""3s.5p""","=""3P*""","=""2""",5,5,,"=""T6298c4,LS""","=""""",
"=""""","=""138.8098""","=""""","=""8.37e+05""",E,"=""17.723324""","=""26.655272""","=""3s.3d""","=""3D""","=""1""","=""3s.5p""","=""3P*""","=""2""",3,5,,"=""T6298c4,LS""","=""""",
"=""""","=""139.1017""","=""""","=""4.38e+00""",C+,"=""16.081798""","=""24.995001""","=""3p2""","=""3P""","=""0""","=""3s.4d""","=""3D""","=""2""",1,5,E2,"=""c44""","=""""",
"=""""","=""139.1028""","=""""","=""5.71e-05""",E,"=""16.081798""","=""24.994933""","=""3p2""","=""3P""","=""0""","=""3s.4d""","=""3D""","=""1""",1,3,M1,"=""c44""","=""""",
"=""""","=""139.3582""","=""""","=""3.88e+00""",C+,"=""16.098353""","=""24.995150""","=""3p2""","=""3P""","=""1""","=""3s.4d""","=""3D""","=""3""",3,7,E2,"=""c44""","=""""",
"=""""","=""139.3606""","=""""","=""1.11e-07""",E,"=""16.098353""","=""24.995001""","=""3p2""","=""3P""","=""1""","=""3s.4d""","=""3D""","=""2""",3,5,M1,"=""c44""","=""""",
"=""""","=""139.3606""","=""""","=""1.28e+00""",C+,"=""16.098353""","=""24.995001""","=""3p2""","=""3P""","=""1""","=""3s.4d""","=""3D""","=""2""",3,5,E2,"=""c44""","=""""",
"=""""","=""139.3616""","=""""","=""1.06e+01""",C+,"=""16.098353""","=""24.994933""","=""3p2""","=""3P""","=""1""","=""3s.4d""","=""3D""","=""1""",3,3,E2,"=""c44""","=""""",
"=""""","=""139.3616""","=""""","=""1.71e-04""",E,"=""16.098353""","=""24.994933""","=""3p2""","=""3P""","=""1""","=""3s.4d""","=""3D""","=""1""",3,3,M1,"=""c44""","=""""",
"=""""","=""139.8622""","=""""","=""8.95e-05""",E,"=""16.130409""","=""24.995150""","=""3p2""","=""3P""","=""2""","=""3s.4d""","=""3D""","=""3""",5,7,M1,"=""c44""","=""""",
"=""""","=""139.8622""","=""""","=""8.38e+00""",C+,"=""16.130409""","=""24.995150""","=""3p2""","=""3P""","=""2""","=""3s.4d""","=""3D""","=""3""",5,7,E2,"=""c44""","=""""",
"=""""","=""139.8645""","=""""","=""7.57e+00""",C+,"=""16.130409""","=""24.995001""","=""3p2""","=""3P""","=""2""","=""3s.4d""","=""3D""","=""2""",5,5,E2,"=""c44""","=""""",
"=""""","=""139.8645""","=""""","=""9.51e-05""",E,"=""16.130409""","=""24.995001""","=""3p2""","=""3P""","=""2""","=""3s.4d""","=""3D""","=""2""",5,5,M1,"=""c44""","=""""",
"=""""","=""139.8656""","=""""","=""3.51e-05""",E,"=""16.130409""","=""24.994933""","=""3p2""","=""3P""","=""2""","=""3s.4d""","=""3D""","=""1""",5,3,M1,"=""c44""","=""""",
"=""""","=""139.8656""","=""""","=""3.32e+00""",C+,"=""16.130409""","=""24.994933""","=""3p2""","=""3P""","=""2""","=""3s.4d""","=""3D""","=""1""",5,3,E2,"=""c44""","=""""",
"=""""","=""139.9615""","=""""","=""4.17e+08""",C+,"=""21.881623""","=""30.740071""","=""3s.4p""","=""1P*""","=""1""","=""3p.4p""","=""1D""","=""2""",3,5,,"=""T6298c4""","=""""",
"=""141.724""","=""141.7237""","=""13""","=""2.17e+09""",B,"=""10.276357""","=""19.024660""","=""3s.3p""","=""1P*""","=""1""","=""3p2""","=""1S""","=""0""",3,1,,"=""c44,T7198c19,T5038,T3003""","=""L4833""",
"=""""","=""142.4784""","=""""","=""5.07e+08""",C,"=""20.552241""","=""29.254207""","=""3s.3d""","=""1D""","=""2""","=""3p.3d""","=""1P*""","=""1""",5,3,,"=""T7198c19""","=""""",
"=""143.369""","=""143.3685""","=""6""","=""8.67e+08""",B,"=""21.738926""","=""30.386863""","=""3s.4p""","=""3P*""","=""2""","=""3p.4p""","=""3D""","=""3""",5,7,,"=""T6298c4,LS""","=""L4833""",
"=""143.577""","=""143.5772""","=""8""","=""4.22e+08""",D+,"=""20.552241""","=""29.187607""","=""3s.3d""","=""1D""","=""2""","=""3p.3d""","=""1F*""","=""3""",5,7,,"=""T7198c19""","=""L4833""",
"=""143.617""","=""143.6160""","=""7""","=""7.79e+08""",C+,"=""19.722118""","=""28.355155""","=""3s.4s""","=""1S""","=""0""","=""3p.4s""","=""1P*""","=""1""",1,3,,"=""T6298c4""","=""L4833""",
"=""""","=""143.6721""","=""""","=""6.46e+08""",B,"=""21.729855""","=""30.359521""","=""3s.4p""","=""3P*""","=""1""","=""3p.4p""","=""3D""","=""2""",3,5,,"=""T6298c4,LS""","=""""",
"=""""","=""143.8232""","=""""","=""2.14e+08""",C+,"=""21.738926""","=""30.359521""","=""3s.4p""","=""3P*""","=""2""","=""3p.4p""","=""3D""","=""2""",5,5,,"=""T6298c4,LS""","=""""",
"=""""","=""143.8706""","=""""","=""4.76e+08""",C+,"=""21.725752""","=""30.343512""","=""3s.4p""","=""3P*""","=""0""","=""3p.4p""","=""3D""","=""1""",1,3,,"=""T6298c4,LS""","=""""",
"=""""","=""143.9391""","=""""","=""3.57e+08""",C+,"=""21.729855""","=""30.343512""","=""3s.4p""","=""3P*""","=""1""","=""3p.4p""","=""3D""","=""1""",3,3,,"=""T6298c4,LS""","=""""",
"=""""","=""144.0908""","=""""","=""2.37e+07""",D+,"=""21.738926""","=""30.343512""","=""3s.4p""","=""3P*""","=""2""","=""3p.4p""","=""3D""","=""1""",5,3,,"=""T6298c4,LS""","=""""",
"=""144.173""","=""""","=""5""","=""""",,"=""""","=""""","=""""","=""""","=""""","=""""","=""""","=""""",1,1,,"=""""","=""L4833""",
"=""144.720""","=""""","=""6""","=""""",,"=""""","=""""","=""""","=""""","=""""","=""""","=""""","=""""",1,1,,"=""""","=""L4833""",
"=""145.725""","=""145.7245""","=""5""","=""1.07e+09""",C,"=""20.552241""","=""29.060364""","=""3s.3d""","=""1D""","=""2""","=""3s.6p""","=""1P*""","=""1""",5,3,,"=""T6298c4""","=""L4833""",
"=""""","=""149.4431""","=""""","=""1.56e+07""",E,"=""21.725752""","=""30.022166""","=""3s.4p""","=""3P*""","=""0""","=""3s.7s""","=""3S""","=""1""",1,3,,"=""T6298c4,LS""","=""""",
"=""""","=""149.5171""","=""""","=""4.68e+07""",D,"=""21.729855""","=""30.022166""","=""3s.4p""","=""3P*""","=""1""","=""3s.7s""","=""3S""","=""1""",3,3,,"=""T6298c4,LS""","=""""",
"=""""","=""149.6808""","=""""","=""7.74e+07""",D,"=""21.738926""","=""30.022166""","=""3s.4p""","=""3P*""","=""2""","=""3s.7s""","=""3S""","=""1""",5,3,,"=""T6298c4,LS""","=""""",
"=""150.024""","=""150.0241""","=""12""","=""2.10e+09""",B+,"=""17.722765""","=""25.987051""","=""3s.3d""","=""3D""","=""3""","=""3s.4f""","=""3F*""","=""4""",7,9,,"=""T6298c4,LS""","=""L4833""",
"=""""","=""150.1150""","=""""","=""2.75e+09""",B+,"=""17.722765""","=""25.982046""","=""3s.3d""","=""3D""","=""3""","=""3s.4f""","=""3F*""","=""3""",7,7,,"=""T3003""","=""""",
"=""150.119""","=""150.1197""","=""10""","=""1.86e+09""",B+,"=""17.723025""","=""25.982046""","=""3s.3d""","=""3D""","=""2""","=""3s.4f""","=""3F*""","=""3""",5,7,,"=""T6298c4,LS""","=""L4833""",
"=""""","=""150.1780""","=""""","=""9.19e+06""",D+,"=""17.722765""","=""25.978583""","=""3s.3d""","=""3D""","=""3""","=""3s.4f""","=""3F*""","=""2""",7,5,,"=""T6298c4,LS""","=""""",
"=""""","=""150.1827""","=""""","=""3.25e+08""",C+,"=""17.723025""","=""25.978583""","=""3s.3d""","=""3D""","=""2""","=""3s.4f""","=""3F*""","=""2""",5,5,,"=""T6298c4,LS""","=""""",
"=""150.187""","=""150.1881""","=""9""","=""1.76e+09""",B,"=""17.723324""","=""25.978583""","=""3s.3d""","=""3D""","=""1""","=""3s.4f""","=""3F*""","=""2""",3,5,,"=""T6298c4,LS""","=""L4833""",
"=""150.606""","=""150.6067""","=""6""","=""1.24e+09""",B,"=""21.881623""","=""30.113939""","=""3s.4p""","=""1P*""","=""1""","=""3p.4p""","=""1P""","=""1""",3,3,,"=""T6298c4""","=""L4833""",
"=""""","=""151.3987""","=""""","=""1.31e+08""",D,"=""21.881623""","=""30.070873""","=""3s.4p""","=""1P*""","=""1""","=""3s.7s""","=""1S""","=""0""",3,1,,"=""T6298c4""","=""""",
"=""""","=""153.7698""","=""""","=""3.36e+07""",D+,"=""21.725752""","=""29.788726""","=""3s.4p""","=""3P*""","=""0""","=""3s.6d""","=""3D""","=""1""",1,3,,"=""T6298c4,LS""","=""""",
"=""""","=""153.7960""","=""""","=""4.53e+07""",C,"=""21.729855""","=""29.791454""","=""3s.4p""","=""3P*""","=""1""","=""3s.6d""","=""3D""","=""2""",3,5,,"=""T6298c4,LS""","=""""",
"=""""","=""153.8481""","=""""","=""2.51e+07""",D+,"=""21.729855""","=""29.788726""","=""3s.4p""","=""3P*""","=""1""","=""3s.6d""","=""3D""","=""1""",3,3,,"=""T6298c4,LS""","=""""",
"=""""","=""153.8974""","=""""","=""6.03e+07""",C,"=""21.738926""","=""29.795217""","=""3s.4p""","=""3P*""","=""2""","=""3s.6d""","=""3D""","=""3""",5,7,,"=""T6298c4,LS""","=""""",
"=""""","=""153.9693""","=""""","=""1.51e+07""",D+,"=""21.738926""","=""29.791454""","=""3s.4p""","=""3P*""","=""2""","=""3s.6d""","=""3D""","=""2""",5,5,,"=""T6298c4,LS""","=""""",
"=""""","=""154.0215""","=""""","=""1.67e+06""",E,"=""21.738926""","=""29.788726""","=""3s.4p""","=""3P*""","=""2""","=""3s.6d""","=""3D""","=""1""",5,3,,"=""T6298c4,LS""","=""""",
"=""""","=""156.0974""","=""""","=""1.68e+07""",D+,"=""21.881623""","=""29.824370""","=""3s.4p""","=""1P*""","=""1""","=""3s.6d""","=""1D""","=""2""",3,5,,"=""T6298c4""","=""""",
"=""""","=""158.7977""","=""""","=""1.66e+07""",D,"=""19.016331""","=""26.824014""","=""3s.4s""","=""3S""","=""1""","=""3p.3d""","=""3P*""","=""0""",3,1,,"=""T6298c4,LS""","=""""",
"=""""","=""158.8947""","=""""","=""2.02e+08""",C,"=""20.552241""","=""28.355155""","=""3s.3d""","=""1D""","=""2""","=""3p.4s""","=""1P*""","=""1""",5,3,,"=""T6298c4""","=""""",
"=""""","=""158.9531""","=""""","=""1.65e+07""",D+,"=""19.016331""","=""26.816380""","=""3s.4s""","=""3S""","=""1""","=""3p.3d""","=""3P*""","=""1""",3,3,,"=""T6298c4,LS""","=""""",
"=""""","=""159.2022""","=""""","=""1.64e+07""",D+,"=""19.016331""","=""26.804174""","=""3s.4s""","=""3S""","=""1""","=""3p.3d""","=""3P*""","=""2""",3,5,,"=""T6298c4,LS""","=""""",
"=""""","=""162.2892""","=""""","=""9.57e+06""",D,"=""19.016331""","=""26.656040""","=""3s.4s""","=""3S""","=""1""","=""3s.5p""","=""3P*""","=""0""",3,1,,"=""T6298c4,LS""","=""""",
"=""""","=""162.2913""","=""""","=""9.57e+06""",D,"=""19.016331""","=""26.655939""","=""3s.4s""","=""3S""","=""1""","=""3s.5p""","=""3P*""","=""1""",3,3,,"=""T6298c4,LS""","=""""",
"=""""","=""162.3055""","=""""","=""9.57e+06""",D+,"=""19.016331""","=""26.655272""","=""3s.4s""","=""3S""","=""1""","=""3s.5p""","=""3P*""","=""2""",3,5,,"=""T6298c4,LS""","=""""",
"=""""","=""162.9008""","=""""","=""5.84e-06""",E,"=""17.722765""","=""25.333789""","=""3s.3d""","=""3D""","=""3""","=""3s.4d""","=""1D""","=""2""",7,5,M1,"=""c44""","=""""",
"=""""","=""162.9008""","=""""","=""8.54e-04""",D+,"=""17.722765""","=""25.333789""","=""3s.3d""","=""3D""","=""3""","=""3s.4d""","=""1D""","=""2""",7,5,E2,"=""c44""","=""""",
"=""""","=""162.9064""","=""""","=""1.03e-06""",E,"=""17.723025""","=""25.333789""","=""3s.3d""","=""3D""","=""2""","=""3s.4d""","=""1D""","=""2""",5,5,M1,"=""c44""","=""""",
"=""""","=""162.9064""","=""""","=""1.10e-03""",D+,"=""17.723025""","=""25.333789""","=""3s.3d""","=""3D""","=""2""","=""3s.4d""","=""1D""","=""2""",5,5,E2,"=""c44""","=""""",
"=""""","=""162.9128""","=""""","=""5.60e-06""",E,"=""17.723324""","=""25.333789""","=""3s.3d""","=""3D""","=""1""","=""3s.4d""","=""1D""","=""2""",3,5,M1,"=""c44""","=""""",
"=""""","=""162.9128""","=""""","=""7.10e-04""",D+,"=""17.723324""","=""25.333789""","=""3s.3d""","=""3D""","=""1""","=""3s.4d""","=""1D""","=""2""",3,5,E2,"=""c44""","=""""",
"=""""","=""163.6984""","=""""","=""2.43e+07""",D+,"=""19.024660""","=""26.598599""","=""3p2""","=""1S""","=""0""","=""3s.5p""","=""1P*""","=""1""",1,3,,"=""T6298c4""","=""""",
"=""167.332""","=""167.3323""","=""7""","=""6.70e+08""",C+,"=""20.552241""","=""27.961701""","=""3s.3d""","=""1D""","=""2""","=""3s.5f""","=""1F*""","=""3""",5,7,,"=""T6298c4""","=""L4833""",
"=""""","=""170.4863""","=""""","=""1.28e-09""",E,"=""17.722765""","=""24.995150""","=""3s.3d""","=""3D""","=""3""","=""3s.4d""","=""3D""","=""3""",7,7,M1,"=""c44""","=""""",
"=""""","=""170.4863""","=""""","=""9.40e+02""",B+,"=""17.722765""","=""24.995150""","=""3s.3d""","=""3D""","=""3""","=""3s.4d""","=""3D""","=""3""",7,7,E2,"=""c44""","=""""",
"=""""","=""170.4898""","=""""","=""2.93e-06""",E,"=""17.722765""","=""24.995001""","=""3s.3d""","=""3D""","=""3""","=""3s.4d""","=""3D""","=""2""",7,5,M1,"=""c44""","=""""",
"=""""","=""170.4898""","=""""","=""5.48e+02""",B+,"=""17.722765""","=""24.995001""","=""3s.3d""","=""3D""","=""3""","=""3s.4d""","=""3D""","=""2""",7,5,E2,"=""c44""","=""""",
"=""""","=""170.4914""","=""""","=""9.14e+01""",B,"=""17.722765""","=""24.994933""","=""3s.3d""","=""3D""","=""3""","=""3s.4d""","=""3D""","=""1""",7,3,E2,"=""c44""","=""""",
"=""""","=""170.4924""","=""""","=""2.10e-06""",E,"=""17.723025""","=""24.995150""","=""3s.3d""","=""3D""","=""2""","=""3s.4d""","=""3D""","=""3""",5,7,M1,"=""c44""","=""""",
"=""""","=""170.4924""","=""""","=""3.92e+02""",B+,"=""17.723025""","=""24.995150""","=""3s.3d""","=""3D""","=""2""","=""3s.4d""","=""3D""","=""3""",5,7,E2,"=""c44""","=""""",
"=""""","=""170.4959""","=""""","=""2.48e-10""",E,"=""17.723025""","=""24.995001""","=""3s.3d""","=""3D""","=""2""","=""3s.4d""","=""3D""","=""2""",5,5,M1,"=""c44""","=""""",
"=""""","=""170.4959""","=""""","=""3.43e+02""",B+,"=""17.723025""","=""24.995001""","=""3s.3d""","=""3D""","=""2""","=""3s.4d""","=""3D""","=""2""",5,5,E2,"=""c44""","=""""",
"=""""","=""170.4975""","=""""","=""2.57e-05""",E,"=""17.723025""","=""24.994933""","=""3s.3d""","=""3D""","=""2""","=""3s.4d""","=""3D""","=""1""",5,3,M1,"=""c44""","=""""",
"=""""","=""170.4975""","=""""","=""8.00e+02""",B+,"=""17.723025""","=""24.994933""","=""3s.3d""","=""3D""","=""2""","=""3s.4d""","=""3D""","=""1""",5,3,E2,"=""c44""","=""""",
"=""""","=""170.4994""","=""""","=""3.92e+01""",B,"=""17.723324""","=""24.995150""","=""3s.3d""","=""3D""","=""1""","=""3s.4d""","=""3D""","=""3""",3,7,E2,"=""c44""","=""""",
"=""""","=""170.5029""","=""""","=""1.57e-05""",E,"=""17.723324""","=""24.995001""","=""3s.3d""","=""3D""","=""1""","=""3s.4d""","=""3D""","=""2""",3,5,M1,"=""c44""","=""""",
"=""""","=""170.5029""","=""""","=""4.80e+02""",B+,"=""17.723324""","=""24.995001""","=""3s.3d""","=""3D""","=""1""","=""3s.4d""","=""3D""","=""2""",3,5,E2,"=""c44""","=""""",
"=""""","=""170.5045""","=""""","=""3.30e-10""",E,"=""17.723324""","=""24.994933""","=""3s.3d""","=""3D""","=""1""","=""3s.4d""","=""3D""","=""1""",3,3,M1,"=""c44""","=""""",
"=""""","=""170.5045""","=""""","=""4.80e+02""",B+,"=""17.723324""","=""24.994933""","=""3s.3d""","=""3D""","=""1""","=""3s.4d""","=""3D""","=""1""",3,3,E2,"=""c44""","=""""",
"=""""","=""177.8715""","=""""","=""3.76e+07""",C+,"=""17.722765""","=""24.693201""","=""3s.3d""","=""3D""","=""3""","=""3p.3d""","=""3F*""","=""4""",7,9,,"=""T7198c19""","=""""",
"=""""","=""178.3079""","=""""","=""4.81e+06""",D+,"=""17.722765""","=""24.676140""","=""3s.3d""","=""3D""","=""3""","=""3p.3d""","=""3F*""","=""3""",7,7,,"=""T7198c19""","=""""",
"=""""","=""178.3146""","=""""","=""3.39e+07""",C+,"=""17.723025""","=""24.676140""","=""3s.3d""","=""3D""","=""2""","=""3p.3d""","=""3F*""","=""3""",5,7,,"=""T7198c19""","=""""",
"=""""","=""178.6371""","=""""","=""2.08e+05""",E,"=""17.722765""","=""24.663327""","=""3s.3d""","=""3D""","=""3""","=""3p.3d""","=""3F*""","=""2""",7,5,,"=""T7198c19""","=""""",
"=""""","=""178.6438""","=""""","=""6.60e+06""",D+,"=""17.723025""","=""24.663327""","=""3s.3d""","=""3D""","=""2""","=""3p.3d""","=""3F*""","=""2""",5,5,,"=""T7198c19""","=""""",
"=""""","=""178.6515""","=""""","=""3.28e+07""",C,"=""17.723324""","=""24.663327""","=""3s.3d""","=""3D""","=""1""","=""3p.3d""","=""3F*""","=""2""",3,5,,"=""T7198c19""","=""""",
"=""""","=""179.657""","=""""","=""3.03e+07""",D,"=""24.663327""","=""31.56449""","=""3p.3d""","=""3F*""","=""2""","=""3s.8g""","=""3G""","=""3""",5,7,,"=""T6298c4,LS""","=""""",
"=""""","=""179.991""","=""""","=""2.64e+06""",E,"=""24.676140""","=""31.56449""","=""3p.3d""","=""3F*""","=""3""","=""3s.8g""","=""3G""","=""3""",7,7,,"=""T6298c4,LS""","=""""",
"=""""","=""179.991""","=""""","=""3.07e+07""",D+,"=""24.676140""","=""31.56449""","=""3p.3d""","=""3F*""","=""3""","=""3s.8g""","=""3G""","=""4""",7,9,,"=""T6298c4,LS""","=""""",
"=""""","=""180.3018""","=""""","=""1.27e+08""",C,"=""19.722118""","=""26.598599""","=""3s.4s""","=""1S""","=""0""","=""3s.5p""","=""1P*""","=""1""",1,3,,"=""T6298c4""","=""""",
"=""""","=""180.4349""","=""""","=""3.25e+07""",D+,"=""24.693201""","=""31.564610""","=""3p.3d""","=""3F*""","=""4""","=""3s.8g""","=""3G""","=""5""",9,11,,"=""T6298c4,LS""","=""""",
"=""""","=""180.438""","=""""","=""3.98e+04""",E,"=""24.693201""","=""31.56449""","=""3p.3d""","=""3F*""","=""4""","=""3s.8g""","=""3G""","=""3""",9,7,,"=""T6298c4,LS""","=""""",
"=""""","=""180.438""","=""""","=""2.04e+06""",E,"=""24.693201""","=""31.56449""","=""3p.3d""","=""3F*""","=""4""","=""3s.8g""","=""3G""","=""4""",9,9,,"=""T6298c4,LS""","=""""",
"=""""","=""183.8466""","=""""","=""2.28e+07""",D+,"=""21.725752""","=""28.469647""","=""3s.4p""","=""3P*""","=""0""","=""3s.6s""","=""3S""","=""1""",1,3,,"=""T6298c4,LS""","=""""",
"=""""","=""183.9585""","=""""","=""6.84e+07""",C,"=""21.729855""","=""28.469647""","=""3s.4p""","=""3P*""","=""1""","=""3s.6s""","=""3S""","=""1""",3,3,,"=""T6298c4,LS""","=""""",
"=""""","=""184.2064""","=""""","=""1.13e+08""",C,"=""21.738926""","=""28.469647""","=""3s.4p""","=""3P*""","=""2""","=""3s.6s""","=""3S""","=""1""",5,3,,"=""T6298c4,LS""","=""""",
"=""184.255""","=""184.2548""","=""9""","=""2.99e+08""",B,"=""15.152669""","=""21.881623""","=""3p2""","=""1D""","=""2""","=""3s.4p""","=""1P*""","=""1""",5,3,,"=""c44,T5038""","=""L4833""",
"=""""","=""185.6070""","=""""","=""2.06e+08""",C,"=""21.881623""","=""28.561553""","=""3s.4p""","=""1P*""","=""1""","=""3s.6s""","=""1S""","=""0""",3,1,,"=""T6298c4""","=""""",
"=""""","=""188.8242""","=""""","=""3.77e+07""",D,"=""24.994933""","=""31.561049""","=""3s.4d""","=""3D""","=""1""","=""3s.8f""","=""3F*""","=""2""",3,5,,"=""T6298c4,LS""","=""""",
"=""""","=""188.8254""","=""""","=""4.00e+07""",D+,"=""24.995001""","=""31.561078""","=""3s.4d""","=""3D""","=""2""","=""3s.8f""","=""3F*""","=""3""",5,7,,"=""T6298c4,LS""","=""""",
"=""""","=""188.8262""","=""""","=""7.00e+06""",E,"=""24.995001""","=""31.561049""","=""3s.4d""","=""3D""","=""2""","=""3s.8f""","=""3F*""","=""2""",5,5,,"=""T6298c4,LS""","=""""",
"=""""","=""188.8283""","=""""","=""4.50e+07""",D+,"=""24.995150""","=""31.561125""","=""3s.4d""","=""3D""","=""3""","=""3s.8f""","=""3F*""","=""4""",7,9,,"=""T6298c4,LS""","=""""",
"=""""","=""188.8297""","=""""","=""4.99e+06""",E,"=""24.995150""","=""31.561078""","=""3s.4d""","=""3D""","=""3""","=""3s.8f""","=""3F*""","=""3""",7,7,,"=""T6298c4,LS""","=""""",
"=""""","=""188.8305""","=""""","=""1.97e+05""",E,"=""24.995150""","=""31.561049""","=""3s.4d""","=""3D""","=""3""","=""3s.8f""","=""3F*""","=""2""",7,5,,"=""T6298c4,LS""","=""""",
"=""""","=""192.8596""","=""""","=""3.08e+06""",D,"=""21.725752""","=""28.154479""","=""3s.4p""","=""3P*""","=""0""","=""3s.5d""","=""3D""","=""1""",1,3,,"=""T6298c4,LS""","=""""",
"=""""","=""192.9716""","=""""","=""4.16e+06""",D+,"=""21.729855""","=""28.154854""","=""3s.4p""","=""3P*""","=""1""","=""3s.5d""","=""3D""","=""2""",3,5,,"=""T6298c4,LS""","=""""",
"=""""","=""192.9828""","=""""","=""2.31e+06""",D,"=""21.729855""","=""28.154479""","=""3s.4p""","=""3P*""","=""1""","=""3s.5d""","=""3D""","=""1""",3,3,,"=""T6298c4,LS""","=""""",
"=""""","=""193.2275""","=""""","=""5.53e+06""",D+,"=""21.738926""","=""28.155413""","=""3s.4p""","=""3P*""","=""2""","=""3s.5d""","=""3D""","=""3""",5,7,,"=""T6298c4,LS""","=""""",
"=""""","=""193.2444""","=""""","=""1.38e+06""",D,"=""21.738926""","=""28.154854""","=""3s.4p""","=""3P*""","=""2""","=""3s.5d""","=""3D""","=""2""",5,5,,"=""T6298c4,LS""","=""""",
"=""""","=""193.2556""","=""""","=""1.53e+05""",E,"=""21.738926""","=""28.154479""","=""3s.4p""","=""3P*""","=""2""","=""3s.5d""","=""3D""","=""1""",5,3,,"=""T6298c4,LS""","=""""",
"=""""","=""195.3968""","=""""","=""7.80e+06""",D+,"=""21.881623""","=""28.226874""","=""3s.4p""","=""1P*""","=""1""","=""3s.5d""","=""1D""","=""2""",3,5,,"=""T6298c4""","=""""",
"=""""","=""196.4862""","=""""","=""4.33e+07""",D+,"=""24.663327""","=""30.973400""","=""3p.3d""","=""3F*""","=""2""","=""3s.7g""","=""3G""","=""3""",5,7,,"=""T6298c4,LS""","=""""",
"=""""","=""196.8839""","=""""","=""4.39e+07""",D+,"=""24.676140""","=""30.973466""","=""3p.3d""","=""3F*""","=""3""","=""3s.7g""","=""3G""","=""4""",7,9,,"=""T6298c4,LS""","=""""",
"=""""","=""196.8859""","=""""","=""3.77e+06""",E,"=""24.676140""","=""30.973400""","=""3p.3d""","=""3F*""","=""3""","=""3s.7g""","=""3G""","=""3""",7,7,,"=""T6298c4,LS""","=""""",
"=""""","=""197.4145""","=""""","=""4.65e+07""",C,"=""24.693201""","=""30.973600""","=""3p.3d""","=""3F*""","=""4""","=""3s.7g""","=""3G""","=""5""",9,11,,"=""T6298c4,LS""","=""""",
"=""""","=""197.4187""","=""""","=""2.91e+06""",E,"=""24.693201""","=""30.973466""","=""3p.3d""","=""3F*""","=""4""","=""3s.7g""","=""3G""","=""4""",9,9,,"=""T6298c4,LS""","=""""",
"=""""","=""197.4208""","=""""","=""5.70e+04""",E,"=""24.693201""","=""30.973400""","=""3p.3d""","=""3F*""","=""4""","=""3s.7g""","=""3G""","=""3""",9,7,,"=""T6298c4,LS""","=""""",
"=""""","=""197.9233""","=""""","=""4.48e+07""",D+,"=""25.333789""","=""31.598045""","=""3s.4d""","=""1D""","=""2""","=""3s.8f""","=""1F*""","=""3""",5,7,,"=""T6298c4""","=""""",
"=""""","=""199.2112""","=""""","=""4.73e+04""",E,"=""24.663327""","=""30.887085""","=""3p.3d""","=""3F*""","=""2""","=""3s.7d""","=""3D""","=""3""",5,7,,"=""T6298c4,LS""","=""""",
"=""""","=""199.2796""","=""""","=""2.35e+06""",E,"=""24.663327""","=""30.884947""","=""3p.3d""","=""3F*""","=""2""","=""3s.7d""","=""3D""","=""2""",5,5,,"=""T6298c4,LS""","=""""",
"=""""","=""199.321""","=""""","=""2.10e+07""",D,"=""24.663327""","=""30.88366""","=""3p.3d""","=""3F*""","=""2""","=""3s.7d""","=""3D""","=""1""",5,3,,"=""T6298c4,LS""","=""""",
"=""""","=""199.6221""","=""""","=""1.67e+06""",E,"=""24.676140""","=""30.887085""","=""3p.3d""","=""3F*""","=""3""","=""3s.7d""","=""3D""","=""3""",7,7,,"=""T6298c4,LS""","=""""",
"=""""","=""199.6908""","=""""","=""1.86e+07""",D,"=""24.676140""","=""30.884947""","=""3p.3d""","=""3F*""","=""3""","=""3s.7d""","=""3D""","=""2""",7,5,,"=""T6298c4,LS""","=""""",
"=""""","=""200.1720""","=""""","=""1.91e+07""",D,"=""24.693201""","=""30.887085""","=""3p.3d""","=""3F*""","=""4""","=""3s.7d""","=""3D""","=""3""",9,7,,"=""T6298c4,LS""","=""""",
"=""""","=""200.979""","=""""","=""3.60e+07""",D+,"=""25.395443""","=""31.56447""","=""3s.4f""","=""1F*""","=""3""","=""3s.8g""","=""1G""","=""4""",7,9,,"=""T6298c4""","=""""",
"=""""","=""201.0549""","=""""","=""2.61e+07""",D,"=""25.420367""","=""31.587051""","=""3p.3d""","=""1D*""","=""2""","=""3s.8d""","=""1D""","=""2""",5,5,,"=""T6298c4""","=""""",
"=""""","=""205.0560""","=""""","=""2.49e+07""",D+,"=""20.552241""","=""26.598599""","=""3s.3d""","=""1D""","=""2""","=""3s.5p""","=""1P*""","=""1""",5,3,,"=""T6298c4""","=""""",
"=""""","=""207.5690""","=""""","=""5.95e+07""",D+,"=""24.994933""","=""30.968089""","=""3s.4d""","=""3D""","=""1""","=""3s.7f""","=""3F*""","=""2""",3,5,,"=""T6298c4,LS""","=""""",
"=""""","=""207.5704""","=""""","=""6.30e+07""",C,"=""24.995001""","=""30.968116""","=""3s.4d""","=""3D""","=""2""","=""3s.7f""","=""3F*""","=""3""",5,7,,"=""T6298c4,LS""","=""""",
"=""""","=""207.5714""","=""""","=""1.11e+07""",D,"=""24.995001""","=""30.968089""","=""3s.4d""","=""3D""","=""2""","=""3s.7f""","=""3F*""","=""2""",5,5,,"=""T6298c4,LS""","=""""",
"=""""","=""207.5744""","=""""","=""7.09e+07""",C,"=""24.995150""","=""30.968151""","=""3s.4d""","=""3D""","=""3""","=""3s.7f""","=""3F*""","=""4""",7,9,,"=""T6298c4,LS""","=""""",
"=""""","=""207.5756""","=""""","=""7.90e+06""",D,"=""24.995150""","=""30.968116""","=""3s.4d""","=""3D""","=""3""","=""3s.7f""","=""3F*""","=""3""",7,7,,"=""T6298c4,LS""","=""""",
"=""""","=""207.5765""","=""""","=""3.12e+05""",E,"=""24.995150""","=""30.968089""","=""3s.4d""","=""3D""","=""3""","=""3s.7f""","=""3F*""","=""2""",7,5,,"=""T6298c4,LS""","=""""",
"=""""","=""216.6217""","=""""","=""4.47e+05""",D,"=""24.663327""","=""30.386863""","=""3p.3d""","=""3F*""","=""2""","=""3p.4p""","=""3D""","=""3""",5,7,,"=""T6298c4,LS""","=""""",
"=""""","=""217.1077""","=""""","=""1.57e+07""",C,"=""24.676140""","=""30.386863""","=""3p.3d""","=""3F*""","=""3""","=""3p.4p""","=""3D""","=""3""",7,7,,"=""T6298c4,LS""","=""""",
"=""""","=""217.2240""","=""""","=""7.01e+07""",C,"=""25.333789""","=""31.041455""","=""3s.4d""","=""1D""","=""2""","=""3s.7f""","=""1F*""","=""3""",5,7,,"=""T6298c4""","=""""",
"=""""","=""217.6615""","=""""","=""2.18e+07""",C,"=""24.663327""","=""30.359521""","=""3p.3d""","=""3F*""","=""2""","=""3p.4p""","=""3D""","=""2""",5,5,,"=""T6298c4,LS""","=""""",
"=""217.757""","=""217.7583""","=""5""","=""1.80e+08""",B,"=""24.693201""","=""30.386863""","=""3p.3d""","=""3F*""","=""4""","=""3p.4p""","=""3D""","=""3""",9,7,,"=""T6298c4,LS""","=""L4833""",
"=""""","=""218.1522""","=""""","=""1.73e+08""",B,"=""24.676140""","=""30.359521""","=""3p.3d""","=""3F*""","=""3""","=""3p.4p""","=""3D""","=""2""",7,5,,"=""T6298c4,LS""","=""""",
"=""""","=""218.2749""","=""""","=""1.95e+08""",C+,"=""24.663327""","=""30.343512""","=""3p.3d""","=""3F*""","=""2""","=""3p.4p""","=""3D""","=""1""",5,3,,"=""T6298c4,LS""","=""""",
"=""""","=""219.2624""","=""""","=""1.30e+07""",D,"=""25.420367""","=""31.074972""","=""3p.3d""","=""1D*""","=""2""","=""3s.7d""","=""1D""","=""2""",5,5,,"=""T6298c4""","=""""",
"=""""","=""220.9399""","=""""","=""2.08e+03""",B+,"=""19.722118""","=""25.333789""","=""3s.4s""","=""1S""","=""0""","=""3s.4d""","=""1D""","=""2""",1,5,E2,"=""c44""","=""""",
"=""""","=""221.959""","=""""","=""4.22e+06""",E,"=""25.978583""","=""31.56449""","=""3s.4f""","=""3F*""","=""2""","=""3s.8g""","=""3G""","=""3""",5,7,,"=""T6298c4,LS""","=""""",
"=""""","=""222.097""","=""""","=""3.68e+05""",E,"=""25.982046""","=""31.56449""","=""3s.4f""","=""3F*""","=""3""","=""3s.8g""","=""3G""","=""3""",7,7,,"=""T6298c4,LS""","=""""",
"=""""","=""222.097""","=""""","=""4.29e+06""",E,"=""25.982046""","=""31.56449""","=""3s.4f""","=""3F*""","=""3""","=""3s.8g""","=""3G""","=""4""",7,9,,"=""T6298c4,LS""","=""""",
"=""""","=""222.2722""","=""""","=""6.50e+07""",C,"=""25.395443""","=""30.973477""","=""3s.4f""","=""1F*""","=""3""","=""3s.7g""","=""1G""","=""4""",7,9,,"=""T6298c4""","=""""",
"=""""","=""222.2911""","=""""","=""4.57e+06""",D,"=""25.987051""","=""31.564610""","=""3s.4f""","=""3F*""","=""4""","=""3s.8g""","=""3G""","=""5""",9,11,,"=""T6298c4,LS""","=""""",
"=""""","=""222.296""","=""""","=""5.59e+03""",E,"=""25.987051""","=""31.56449""","=""3s.4f""","=""3F*""","=""4""","=""3s.8g""","=""3G""","=""3""",9,7,,"=""T6298c4,LS""","=""""",
"=""""","=""222.296""","=""""","=""2.86e+05""",E,"=""25.987051""","=""31.56449""","=""3s.4f""","=""3F*""","=""4""","=""3s.8g""","=""3G""","=""4""",9,9,,"=""T6298c4,LS""","=""""",
"=""""","=""224.9896""","=""""","=""8.70e+07""",C,"=""26.598599""","=""32.109262""","=""3s.5p""","=""1P*""","=""1""","=""3p.4p""","=""1S""","=""0""",3,1,,"=""T6298c4""","=""""",
"=""229.619""","=""229.6184""","=""6""","=""6.69e+07""",C+,"=""24.663327""","=""30.062902""","=""3p.3d""","=""3F*""","=""2""","=""3s.6g""","=""3G""","=""3""",5,7,,"=""T6298c4,LS""","=""L4833""",
"=""229.758""","=""""","=""10""","=""""",,"=""""","=""""","=""""","=""""","=""""","=""""","=""""","=""""",1,1,,"=""""","=""L4833""",
"=""230.164""","=""230.1646""","=""8""","=""5.80e+06""",C,"=""24.676140""","=""30.062902""","=""3p.3d""","=""3F*""","=""3""","=""3s.6g""","=""3G""","=""3""",7,7,,"=""T6298c4,LS""","=""L4833""",
"=""""","=""230.7040""","=""""","=""1.60e+05""",E,"=""24.994933""","=""30.369100""","=""3s.4d""","=""3D""","=""1""","=""3s.7p""","=""3P*""","=""2""",3,5,,"=""T6298c4,LS""","=""""",
"=""""","=""230.7070""","=""""","=""2.41e+06""",E,"=""24.995001""","=""30.369100""","=""3s.4d""","=""3D""","=""2""","=""3s.7p""","=""3P*""","=""2""",5,5,,"=""T6298c4,LS""","=""""",
"=""""","=""230.7133""","=""""","=""1.35e+07""",D,"=""24.995150""","=""30.369100""","=""3s.4d""","=""3D""","=""3""","=""3s.7p""","=""3P*""","=""2""",7,5,,"=""T6298c4,LS""","=""""",
"=""""","=""230.7570""","=""""","=""4.00e+06""",E,"=""24.994933""","=""30.367866""","=""3s.4d""","=""3D""","=""1""","=""3s.7p""","=""3P*""","=""1""",3,3,,"=""T6298c4,LS""","=""""",
"=""""","=""230.7599""","=""""","=""1.20e+07""",D,"=""24.995001""","=""30.367866""","=""3s.4d""","=""3D""","=""2""","=""3s.7p""","=""3P*""","=""1""",5,3,,"=""T6298c4,LS""","=""""",
"=""""","=""230.7817""","=""""","=""1.60e+07""",E,"=""24.994933""","=""30.367291""","=""3s.4d""","=""3D""","=""1""","=""3s.7p""","=""3P*""","=""0""",3,1,,"=""T6298c4,LS""","=""""",
"=""230.890""","=""230.8898""","=""10""","=""7.16e+07""",B,"=""24.693201""","=""30.063045""","=""3p.3d""","=""3F*""","=""4""","=""3s.6g""","=""3G""","=""5""",9,11,,"=""T6298c4,LS""","=""L4833""",
"=""""","=""230.8948""","=""""","=""4.48e+06""",C,"=""24.693201""","=""30.062927""","=""3p.3d""","=""3F*""","=""4""","=""3s.6g""","=""3G""","=""4""",9,9,,"=""T6298c4,LS""","=""""",
"=""""","=""230.8959""","=""""","=""8.77e+04""",E,"=""24.693201""","=""30.062902""","=""3p.3d""","=""3F*""","=""4""","=""3s.6g""","=""3G""","=""3""",9,7,,"=""T6298c4,LS""","=""""",
"=""""","=""231.9791""","=""""","=""4.32e+06""",D+,"=""25.395443""","=""30.740071""","=""3s.4f""","=""1F*""","=""3""","=""3p.4p""","=""1D""","=""2""",7,5,,"=""T6298c4""","=""""",
"=""""","=""233.0660""","=""""","=""3.16e+07""",C,"=""25.420367""","=""30.740071""","=""3p.3d""","=""1D*""","=""2""","=""3p.4p""","=""1D""","=""2""",5,5,,"=""T6298c4""","=""""",
"=""""","=""235.1355""","=""""","=""2.02e-03""",C,"=""19.722118""","=""24.995001""","=""3s.4s""","=""1S""","=""0""","=""3s.4d""","=""3D""","=""2""",1,5,E2,"=""c44""","=""""",
"=""""","=""235.1385""","=""""","=""1.88e-11""",E,"=""19.722118""","=""24.994933""","=""3s.4s""","=""1S""","=""0""","=""3s.4d""","=""3D""","=""1""",1,3,M1,"=""c44""","=""""",
"=""""","=""241.5956""","=""""","=""4.64e+04""",E,"=""24.663327""","=""29.795217""","=""3p.3d""","=""3F*""","=""2""","=""3s.6d""","=""3D""","=""3""",5,7,,"=""T6298c4,LS""","=""""",
"=""""","=""241.7729""","=""""","=""2.29e+06""",D+,"=""24.663327""","=""29.791454""","=""3p.3d""","=""3F*""","=""2""","=""3s.6d""","=""3D""","=""2""",5,5,,"=""T6298c4,LS""","=""""",
"=""""","=""241.9016""","=""""","=""2.05e+07""",C,"=""24.663327""","=""29.788726""","=""3p.3d""","=""3F*""","=""2""","=""3s.6d""","=""3D""","=""1""",5,3,,"=""T6298c4,LS""","=""""",
"=""""","=""242.2003""","=""""","=""1.64e+06""",D+,"=""24.676140""","=""29.795217""","=""3p.3d""","=""3F*""","=""3""","=""3s.6d""","=""3D""","=""3""",7,7,,"=""T6298c4,LS""","=""""",
"=""""","=""242.3785""","=""""","=""1.81e+07""",C,"=""24.676140""","=""29.791454""","=""3p.3d""","=""3F*""","=""3""","=""3s.6d""","=""3D""","=""2""",7,5,,"=""T6298c4,LS""","=""""",
"=""""","=""243.0102""","=""""","=""1.86e+07""",C,"=""24.693201""","=""29.795217""","=""3p.3d""","=""3F*""","=""4""","=""3s.6d""","=""3D""","=""3""",9,7,,"=""T6298c4,LS""","=""""",
"=""""","=""245.0191""","=""""","=""9.73e+07""",C+,"=""24.994933""","=""30.055119""","=""3s.4d""","=""3D""","=""1""","=""3s.6f""","=""3F*""","=""2""",3,5,,"=""T6298c4,LS""","=""""",
"=""""","=""245.0200""","=""""","=""1.03e+08""",B,"=""24.995001""","=""30.055167""","=""3s.4d""","=""3D""","=""2""","=""3s.6f""","=""3F*""","=""3""",5,7,,"=""T6298c4,LS""","=""""",
"=""245.022""","=""245.0224""","=""11""","=""1.81e+07""",C,"=""24.995001""","=""30.055119""","=""3s.4d""","=""3D""","=""2""","=""3s.6f""","=""3F*""","=""2""",5,5,,"=""T6298c4,LS""","=""L4833""",
"=""""","=""245.0247""","=""""","=""1.16e+08""",B,"=""24.995150""","=""30.055220""","=""3s.4d""","=""3D""","=""3""","=""3s.6f""","=""3F*""","=""4""",7,9,,"=""T6298c4,LS""","=""""",
"=""""","=""245.0272""","=""""","=""1.29e+07""",C,"=""24.995150""","=""30.055167""","=""3s.4d""","=""3D""","=""3""","=""3s.6f""","=""3F*""","=""3""",7,7,,"=""T6298c4,LS""","=""""",
"=""""","=""245.0296""","=""""","=""5.12e+05""",D,"=""24.995150""","=""30.055119""","=""3s.4d""","=""3D""","=""3""","=""3s.6f""","=""3F*""","=""2""",7,5,,"=""T6298c4,LS""","=""""",
"=""""","=""246.6658""","=""""","=""1.99e+07""",D,"=""25.333789""","=""30.360193""","=""3s.4d""","=""1D""","=""2""","=""3s.7p""","=""1P*""","=""1""",5,3,,"=""T6298c4""","=""""",
"=""""","=""248.2257""","=""""","=""1.31e+07""",D+,"=""25.978583""","=""30.973400""","=""3s.4f""","=""3F*""","=""2""","=""3s.7g""","=""3G""","=""3""",5,7,,"=""T6298c4,LS""","=""""",
"=""248.395""","=""248.3946""","=""6""","=""1.33e+07""",D+,"=""25.982046""","=""30.973466""","=""3s.4f""","=""3F*""","=""3""","=""3s.7g""","=""3G""","=""4""",7,9,,"=""T6298c4,LS""","=""L4833""",
"=""""","=""248.3979""","=""""","=""1.15e+06""",E,"=""25.982046""","=""30.973400""","=""3s.4f""","=""3F*""","=""3""","=""3s.7g""","=""3G""","=""3""",7,7,,"=""T6298c4,LS""","=""""",
"=""""","=""248.6373""","=""""","=""1.41e+07""",D+,"=""25.987051""","=""30.973600""","=""3s.4f""","=""3F*""","=""4""","=""3s.7g""","=""3G""","=""5""",9,11,,"=""T6298c4,LS""","=""""",
"=""""","=""248.6440""","=""""","=""8.86e+05""",E,"=""25.987051""","=""30.973466""","=""3s.4f""","=""3F*""","=""4""","=""3s.7g""","=""3G""","=""4""",9,9,,"=""T6298c4,LS""","=""""",
"=""""","=""248.6472""","=""""","=""1.73e+04""",E,"=""25.987051""","=""30.973400""","=""3s.4f""","=""3F*""","=""4""","=""3s.7g""","=""3G""","=""3""",9,7,,"=""T6298c4,LS""","=""""",
"=""""","=""252.9231""","=""""","=""9.16e+07""",B,"=""25.333789""","=""30.235840""","=""3s.4d""","=""1D""","=""2""","=""3s.6f""","=""1F*""","=""3""",5,7,,"=""T6298c4""","=""""",
"=""254.258""","=""254.2581""","=""25""","=""3.22e+07""",B,"=""10.276357""","=""15.152669""","=""3s.3p""","=""1P*""","=""1""","=""3p2""","=""1D""","=""2""",3,5,,"=""c44,T5038,T1860""","=""L4833""",
"=""254.685""","=""254.6856""","=""10""","=""6.1e+07""",D,"=""20.552241""","=""25.420367""","=""3s.3d""","=""1D""","=""2""","=""3p.3d""","=""1D*""","=""2""",5,5,,"=""c44""","=""L4833""",
"=""255.998""","=""255.9963""","=""14""","=""1.63e+08""",C+,"=""20.552241""","=""25.395443""","=""3s.3d""","=""1D""","=""2""","=""3s.4f""","=""1F*""","=""3""",5,7,,"=""c44,T5038""","=""L4833""",
"=""264.158""","=""264.1575""","=""11""","=""1.83e+08""",B,"=""25.420367""","=""30.113939""","=""3p.3d""","=""1D*""","=""2""","=""3p.4p""","=""1P""","=""1""",5,3,,"=""T6298c4""","=""L4833""",
"=""265.630""","=""265.6310""","=""14""","=""1.35e+08""",B,"=""25.395443""","=""30.062978""","=""3s.4f""","=""1F*""","=""3""","=""3s.6g""","=""1G""","=""4""",7,9,,"=""T6298c4""","=""L4833""",
"=""""","=""271.3329""","=""""","=""2.99e+02""",B+,"=""15.152669""","=""19.722118""","=""3p2""","=""1D""","=""2""","=""3s.4s""","=""1S""","=""0""",5,1,E2,"=""c44""","=""""",
"=""""","=""276.9747""","=""""","=""6.16e+06""",D,"=""26.598599""","=""31.074972""","=""3s.5p""","=""1P*""","=""1""","=""3s.7d""","=""1D""","=""2""",3,5,,"=""T6298c4""","=""""",
"=""""","=""277.3421""","=""""","=""6.25e-03""",C,"=""16.081798""","=""20.552241""","=""3p2""","=""3P""","=""0""","=""3s.3d""","=""1D""","=""2""",1,5,E2,"=""c44""","=""""",
"=""""","=""278.3730""","=""""","=""4.56e-03""",D+,"=""16.098353""","=""20.552241""","=""3p2""","=""3P""","=""1""","=""3s.3d""","=""1D""","=""2""",3,5,M1,"=""c44""","=""""",
"=""""","=""278.3730""","=""""","=""1.06e-04""",D+,"=""16.098353""","=""20.552241""","=""3p2""","=""3P""","=""1""","=""3s.3d""","=""1D""","=""2""",3,5,E2,"=""c44""","=""""",
"=""""","=""279.0608""","=""""","=""1.01e-05""",D,"=""20.552241""","=""24.995150""","=""3s.3d""","=""1D""","=""2""","=""3s.4d""","=""3D""","=""3""",5,7,E2,"=""c44""","=""""",
"=""""","=""279.0608""","=""""","=""2.90e-05""",E,"=""20.552241""","=""24.995150""","=""3s.3d""","=""1D""","=""2""","=""3s.4d""","=""3D""","=""3""",5,7,M1,"=""c44""","=""""",
"=""""","=""279.0702""","=""""","=""7.37e-06""",E,"=""20.552241""","=""24.995001""","=""3s.3d""","=""1D""","=""2""","=""3s.4d""","=""3D""","=""2""",5,5,M1,"=""c44""","=""""",
"=""""","=""279.0702""","=""""","=""3.38e-04""",D+,"=""20.552241""","=""24.995001""","=""3s.3d""","=""1D""","=""2""","=""3s.4d""","=""3D""","=""2""",5,5,E2,"=""c44""","=""""",
"=""""","=""279.0745""","=""""","=""6.62e-05""",E,"=""20.552241""","=""24.994933""","=""3s.3d""","=""1D""","=""2""","=""3s.4d""","=""3D""","=""1""",5,3,M1,"=""c44""","=""""",
"=""""","=""279.0745""","=""""","=""1.43e-05""",D,"=""20.552241""","=""24.994933""","=""3s.3d""","=""1D""","=""2""","=""3s.4d""","=""3D""","=""1""",5,3,E2,"=""c44""","=""""",
"=""""","=""279.9418""","=""""","=""8.21e+05""",D,"=""25.395443""","=""29.824370""","=""3s.4f""","=""1F*""","=""3""","=""3s.6d""","=""1D""","=""2""",7,5,,"=""T6298c4""","=""""",
"=""""","=""280.3910""","=""""","=""8.85e-03""",C,"=""16.130409""","=""20.552241""","=""3p2""","=""3P""","=""2""","=""3s.3d""","=""1D""","=""2""",5,5,E2,"=""c44""","=""""",
"=""""","=""280.3910""","=""""","=""1.34e-02""",D+,"=""16.130409""","=""20.552241""","=""3p2""","=""3P""","=""2""","=""3s.3d""","=""1D""","=""2""",5,5,M1,"=""c44""","=""""",
"=""""","=""281.2530""","=""""","=""5.47e+04""",E,"=""25.978583""","=""30.386863""","=""3s.4f""","=""3F*""","=""2""","=""3p.4p""","=""3D""","=""3""",5,7,,"=""T6298c4,LS""","=""""",
"=""""","=""281.4741""","=""""","=""1.94e+06""",D+,"=""25.982046""","=""30.386863""","=""3s.4f""","=""3F*""","=""3""","=""3p.4p""","=""3D""","=""3""",7,7,,"=""T6298c4,LS""","=""""",
"=""""","=""281.5261""","=""""","=""1.20e+06""",D+,"=""25.420367""","=""29.824370""","=""3p.3d""","=""1D*""","=""2""","=""3s.6d""","=""1D""","=""2""",5,5,,"=""T6298c4""","=""""",
"=""281.794""","=""281.7943""","=""9""","=""2.22e+07""",C+,"=""25.987051""","=""30.386863""","=""3s.4f""","=""3F*""","=""4""","=""3p.4p""","=""3D""","=""3""",9,7,,"=""T6298c4,LS""","=""L4833""",
"=""""","=""283.0083""","=""""","=""2.66e+06""",D+,"=""25.978583""","=""30.359521""","=""3s.4f""","=""3F*""","=""2""","=""3p.4p""","=""3D""","=""2""",5,5,,"=""T6298c4,LS""","=""""",
"=""""","=""283.0849""","=""""","=""3.07e+07""",D,"=""26.598599""","=""30.978352""","=""3s.5p""","=""1P*""","=""1""","=""3s.8s""","=""1S""","=""0""",3,1,,"=""T6298c4""","=""""",
"=""283.232""","=""283.2322""","=""7""","=""2.12e+07""",C+,"=""25.982046""","=""30.359521""","=""3s.4f""","=""3F*""","=""3""","=""3p.4p""","=""3D""","=""2""",7,5,,"=""T6298c4,LS""","=""L4833""",
"=""284.045""","=""284.0463""","=""5""","=""2.37e+07""",C,"=""25.978583""","=""30.343512""","=""3s.4f""","=""3F*""","=""2""","=""3p.4p""","=""3D""","=""1""",5,3,,"=""T6298c4,LS""","=""L4833""",
"=""""","=""287.5470""","=""""","=""4.02e+07""",D+,"=""26.655272""","=""30.967061""","=""3s.5p""","=""3P*""","=""2""","=""3s.8s""","=""3S""","=""1""",5,3,,"=""T6298c4,LS""","=""""",
"=""""","=""287.5915""","=""""","=""2.41e+07""",D+,"=""26.655939""","=""30.967061""","=""3s.5p""","=""3P*""","=""1""","=""3s.8s""","=""3S""","=""1""",3,3,,"=""T6298c4,LS""","=""""",
"=""""","=""287.5982""","=""""","=""8.04e+06""",D,"=""26.656040""","=""30.967061""","=""3s.5p""","=""3P*""","=""0""","=""3s.8s""","=""3S""","=""1""",1,3,,"=""T6298c4,LS""","=""""",
"=""""","=""291.5334""","=""""","=""4.47e+02""",B+,"=""21.725752""","=""25.978583""","=""3s.4p""","=""3P*""","=""0""","=""3s.4f""","=""3F*""","=""2""",1,5,E2,"=""c44""","=""""",
"=""""","=""291.5772""","=""""","=""6.33e+02""",B+,"=""21.729855""","=""25.982046""","=""3s.4p""","=""3P*""","=""1""","=""3s.4f""","=""3F*""","=""3""",3,7,E2,"=""c44""","=""""",
"=""""","=""291.8149""","=""""","=""4.44e+02""",B+,"=""21.729855""","=""25.978583""","=""3s.4p""","=""3P*""","=""1""","=""3s.4f""","=""3F*""","=""2""",3,5,E2,"=""c44""","=""""",
"=""""","=""291.8563""","=""""","=""9.40e+02""",A,"=""21.738926""","=""25.987051""","=""3s.4p""","=""3P*""","=""2""","=""3s.4f""","=""3F*""","=""4""",5,9,E2,"=""c44""","=""""",
"=""""","=""292.2006""","=""""","=""3.14e+02""",B+,"=""21.738926""","=""25.982046""","=""3s.4p""","=""3P*""","=""2""","=""3s.4f""","=""3F*""","=""3""",5,7,E2,"=""c44""","=""""",
"=""""","=""292.4392""","=""""","=""6.30e+01""",B+,"=""21.738926""","=""25.978583""","=""3s.4p""","=""3P*""","=""2""","=""3s.4f""","=""3F*""","=""2""",5,5,E2,"=""c44""","=""""",
"=""""","=""292.9813""","=""""","=""4.89e+06""",D,"=""26.655272""","=""30.887085""","=""3s.5p""","=""3P*""","=""2""","=""3s.7d""","=""3D""","=""3""",5,7,,"=""T6298c4,LS""","=""""",
"=""""","=""293.1294""","=""""","=""1.22e+06""",E,"=""26.655272""","=""30.884947""","=""3s.5p""","=""3P*""","=""2""","=""3s.7d""","=""3D""","=""2""",5,5,,"=""T6298c4,LS""","=""""",
"=""""","=""293.1756""","=""""","=""3.66e+06""",D,"=""26.655939""","=""30.884947""","=""3s.5p""","=""3P*""","=""1""","=""3s.7d""","=""3D""","=""2""",3,5,,"=""T6298c4,LS""","=""""",
"=""""","=""293.219""","=""""","=""1.36e+05""",E,"=""26.655272""","=""30.88366""","=""3s.5p""","=""3P*""","=""2""","=""3s.7d""","=""3D""","=""1""",5,3,,"=""T6298c4,LS""","=""""",
"=""""","=""293.265""","=""""","=""2.03e+06""",E,"=""26.655939""","=""30.88366""","=""3s.5p""","=""3P*""","=""1""","=""3s.7d""","=""3D""","=""1""",3,3,,"=""T6298c4,LS""","=""""",
"=""""","=""293.272""","=""""","=""2.71e+06""",E,"=""26.656040""","=""30.88366""","=""3s.5p""","=""3P*""","=""0""","=""3s.7d""","=""3D""","=""1""",1,3,,"=""T6298c4,LS""","=""""",
"=""296.001""","=""296.0017""","=""5""","=""1.48e+07""",C,"=""26.655272""","=""30.843904""","=""3s.5p""","=""3P*""","=""2""","=""3p.4p""","=""3S""","=""1""",5,3,,"=""T6298c4,LS""","=""L4833""",
"=""""","=""296.0488""","=""""","=""8.90e+06""",C,"=""26.655939""","=""30.843904""","=""3s.5p""","=""3P*""","=""1""","=""3p.4p""","=""3S""","=""1""",3,3,,"=""T6298c4,LS""","=""""",
"=""""","=""296.0559""","=""""","=""2.97e+06""",D+,"=""26.656040""","=""30.843904""","=""3s.5p""","=""3P*""","=""0""","=""3p.4p""","=""3S""","=""1""",1,3,,"=""T6298c4,LS""","=""""",
"=""298.139""","=""298.1395""","=""5""","=""2.37e+05""",D,"=""17.723025""","=""21.881623""","=""3s.3d""","=""3D""","=""2""","=""3s.4p""","=""1P*""","=""1""",5,3,,"=""c44""","=""L4833""",
"=""""","=""298.1609""","=""""","=""8.24e+04""",E,"=""17.723324""","=""21.881623""","=""3s.3d""","=""3D""","=""1""","=""3s.4p""","=""1P*""","=""1""",3,3,,"=""c44""","=""""",
"=""""","=""299.3723""","=""""","=""4.15e+05""",D,"=""26.598599""","=""30.740071""","=""3s.5p""","=""1P*""","=""1""","=""3p.4p""","=""1D""","=""2""",3,5,,"=""T6298c4""","=""""",
"=""301.397""","=""301.3976""","=""5""","=""5.67e+06""",C,"=""26.655272""","=""30.768916""","=""3s.5p""","=""3P*""","=""2""","=""3p.4p""","=""3P""","=""2""",5,5,,"=""T6298c4,LS""","=""L4833""",
"=""""","=""301.4464""","=""""","=""1.89e+06""",D+,"=""26.655939""","=""30.768916""","=""3s.5p""","=""3P*""","=""1""","=""3p.4p""","=""3P""","=""2""",3,5,,"=""T6298c4,LS""","=""""",
"=""""","=""302.3693""","=""""","=""1.35e+00""",B,"=""21.881623""","=""25.982046""","=""3s.4p""","=""1P*""","=""1""","=""3s.4f""","=""3F*""","=""3""",3,7,E2,"=""c44""","=""""",
"=""""","=""302.6249""","=""""","=""7.11e-01""",B,"=""21.881623""","=""25.978583""","=""3s.4p""","=""1P*""","=""1""","=""3s.4f""","=""3F*""","=""2""",3,5,E2,"=""c44""","=""""",
"=""""","=""303.3574""","=""""","=""3.09e+06""",D+,"=""26.655272""","=""30.742340""","=""3s.5p""","=""3P*""","=""2""","=""3p.4p""","=""3P""","=""1""",5,3,,"=""T6298c4,LS""","=""""",
"=""""","=""303.4069""","=""""","=""1.85e+06""",D+,"=""26.655939""","=""30.742340""","=""3s.5p""","=""3P*""","=""1""","=""3p.4p""","=""3P""","=""1""",3,3,,"=""T6298c4,LS""","=""""",
"=""""","=""303.4144""","=""""","=""2.46e+06""",D+,"=""26.656040""","=""30.742340""","=""3s.5p""","=""3P*""","=""0""","=""3p.4p""","=""3P""","=""1""",1,3,,"=""T6298c4,LS""","=""""",
"=""303.561""","=""303.5614""","=""6""","=""4.50e+07""",B,"=""25.978583""","=""30.062902""","=""3s.4f""","=""3F*""","=""2""","=""3s.6g""","=""3G""","=""3""",5,7,,"=""T6298c4,LS""","=""L4833""",
"=""303.817""","=""303.8190""","=""8""","=""3.93e+06""",C,"=""25.982046""","=""30.062902""","=""3s.4f""","=""3F*""","=""3""","=""3s.6g""","=""3G""","=""3""",7,7,,"=""T6298c4,LS""","=""L4833""",
"=""""","=""304.1639""","=""""","=""7.35e+06""",D+,"=""26.655939""","=""30.732169""","=""3s.5p""","=""3P*""","=""1""","=""3p.4p""","=""3P""","=""0""",3,1,,"=""T6298c4,LS""","=""""",
"=""304.181""","=""304.1815""","=""9""","=""4.87e+07""",B,"=""25.987051""","=""30.063045""","=""3s.4f""","=""3F*""","=""4""","=""3s.6g""","=""3G""","=""5""",9,11,,"=""T6298c4,LS""","=""L4833""",
"=""""","=""304.1903""","=""""","=""3.05e+06""",C,"=""25.987051""","=""30.062927""","=""3s.4f""","=""3F*""","=""4""","=""3s.6g""","=""3G""","=""4""",9,9,,"=""T6298c4,LS""","=""""",
"=""""","=""304.1921""","=""""","=""5.97e+04""",E,"=""25.987051""","=""30.062902""","=""3s.4f""","=""3F*""","=""4""","=""3s.6g""","=""3G""","=""3""",9,7,,"=""T6298c4,LS""","=""""",
"=""""","=""304.4654""","=""""","=""2.99e+05""",D,"=""24.994933""","=""29.067126""","=""3s.4d""","=""3D""","=""1""","=""3s.6p""","=""3P*""","=""2""",3,5,,"=""T6298c4,LS""","=""""",
"=""""","=""304.4705""","=""""","=""4.48e+06""",C,"=""24.995001""","=""29.067126""","=""3s.4d""","=""3D""","=""2""","=""3s.6p""","=""3P*""","=""2""",5,5,,"=""T6298c4,LS""","=""""",
"=""304.482""","=""304.4817""","=""7""","=""2.51e+07""",C+,"=""24.995150""","=""29.067126""","=""3s.4d""","=""3D""","=""3""","=""3s.6p""","=""3P*""","=""2""",7,5,,"=""T6298c4,LS""","=""L4833""",
"=""""","=""304.5932""","=""""","=""7.48e+06""",C,"=""24.994933""","=""29.065417""","=""3s.4d""","=""3D""","=""1""","=""3s.6p""","=""3P*""","=""1""",3,3,,"=""T6298c4,LS""","=""""",
"=""304.597""","=""304.5983""","=""5""","=""2.24e+07""",C,"=""24.995001""","=""29.065417""","=""3s.4d""","=""3D""","=""2""","=""3s.6p""","=""3P*""","=""1""",5,3,,"=""T6298c4,LS""","=""L4833""",
"=""""","=""304.7170""","=""""","=""2.97e+07""",C,"=""24.994933""","=""29.063765""","=""3s.4d""","=""3D""","=""1""","=""3s.6p""","=""3P*""","=""0""",3,1,,"=""T6298c4,LS""","=""""",
"=""306.913""","=""306.9121""","=""7""","=""5.15e+07""",C+,"=""26.804174""","=""30.843904""","=""3p.3d""","=""3P*""","=""2""","=""3p.4p""","=""3S""","=""1""",5,3,,"=""T6298c4,LS""","=""L4833""",
"=""""","=""307.8423""","=""""","=""3.06e+07""",C+,"=""26.816380""","=""30.843904""","=""3p.3d""","=""3P*""","=""1""","=""3p.4p""","=""3S""","=""1""",3,3,,"=""T6298c4,LS""","=""""",
"=""""","=""308.4268""","=""""","=""1.01e+07""",C,"=""26.824014""","=""30.843904""","=""3p.3d""","=""3P*""","=""0""","=""3p.4p""","=""3S""","=""1""",1,3,,"=""T6298c4,LS""","=""""",
"=""308.714""","=""308.7132""","=""25""","=""1.46e+08""",B+,"=""17.722765""","=""21.738926""","=""3s.3d""","=""3D""","=""3""","=""3s.4p""","=""3P*""","=""2""",7,5,,"=""c44""","=""L4833""",
"=""308.736""","=""308.7333""","=""6""","=""2.61e+07""",C+,"=""17.723025""","=""21.738926""","=""3s.3d""","=""3D""","=""2""","=""3s.4p""","=""3P*""","=""2""",5,5,,"=""c44""","=""L4833""",
"=""""","=""308.7562""","=""""","=""1.74e+06""",C,"=""17.723324""","=""21.738926""","=""3s.3d""","=""3D""","=""1""","=""3s.4p""","=""3P*""","=""2""",3,5,,"=""c44""","=""""",
"=""309.432""","=""309.4322""","=""20""","=""1.30e+08""",B,"=""17.723025""","=""21.729855""","=""3s.3d""","=""3D""","=""2""","=""3s.4p""","=""3P*""","=""1""",5,3,,"=""c44""","=""L4833""",
"=""309.455""","=""309.4553""","=""5""","=""4.33e+07""",C+,"=""17.723324""","=""21.729855""","=""3s.3d""","=""3D""","=""1""","=""3s.4p""","=""3P*""","=""1""",3,3,,"=""c44""","=""L4833""",
"=""309.773""","=""309.7725""","=""16""","=""1.73e+08""",B,"=""17.723324""","=""21.725752""","=""3s.3d""","=""3D""","=""1""","=""3s.4p""","=""3P*""","=""0""",3,1,,"=""c44""","=""L4833""",
"=""312.718""","=""312.7169""","=""6""","=""4.67e+07""",C+,"=""26.804174""","=""30.768916""","=""3p.3d""","=""3P*""","=""2""","=""3p.4p""","=""3P""","=""2""",5,5,,"=""T6298c4,LS""","=""L4833""",
"=""""","=""313.6827""","=""""","=""1.54e+07""",C+,"=""26.816380""","=""30.768916""","=""3p.3d""","=""3P*""","=""1""","=""3p.4p""","=""3P""","=""2""",3,5,,"=""T6298c4,LS""","=""""",
"=""314.828""","=""314.8273""","=""7""","=""2.53e+07""",C+,"=""26.804174""","=""30.742340""","=""3p.3d""","=""3P*""","=""2""","=""3p.4p""","=""3P""","=""1""",5,3,,"=""T6298c4,LS""","=""L4833""",
"=""""","=""315.8061""","=""""","=""1.51e+07""",C,"=""26.816380""","=""30.742340""","=""3p.3d""","=""3P*""","=""1""","=""3p.4p""","=""3P""","=""1""",3,3,,"=""T6298c4,LS""","=""""",
"=""316.253""","=""316.2525""","=""8""","=""4.91e+07""",C+,"=""25.333789""","=""29.254207""","=""3s.4d""","=""1D""","=""2""","=""3p.3d""","=""1P*""","=""1""",5,3,,"=""T6298c4""","=""L4833""",
"=""""","=""316.4214""","=""""","=""2.00e+07""",C,"=""26.824014""","=""30.742340""","=""3p.3d""","=""3P*""","=""0""","=""3p.4p""","=""3P""","=""1""",1,3,,"=""T6298c4,LS""","=""""",
"=""""","=""316.6263""","=""""","=""5.99e+07""",C,"=""26.816380""","=""30.732169""","=""3p.3d""","=""3P*""","=""1""","=""3p.4p""","=""3P""","=""0""",3,1,,"=""T6298c4,LS""","=""""",
"=""318.605""","=""318.6043""","=""16""","=""4.04e+08""",B,"=""21.881623""","=""25.773102""","=""3s.4p""","=""1P*""","=""1""","=""3s.5s""","=""1S""","=""0""",3,1,,"=""T6298c4""","=""L4833""",
"=""318.694""","=""318.6939""","=""13""","=""1.13e+08""",B,"=""24.663327""","=""28.553712""","=""3p.3d""","=""3F*""","=""2""","=""3s.5g""","=""3G""","=""3""",5,7,,"=""T6298c4,LS""","=""L4833""",
"=""319.742""","=""319.7425""","=""14""","=""1.14e+08""",B,"=""24.676140""","=""28.553767""","=""3p.3d""","=""3F*""","=""3""","=""3s.5g""","=""3G""","=""4""",7,9,,"=""T6298c4,LS""","=""L4833""",
"=""""","=""319.7470""","=""""","=""9.79e+06""",C+,"=""24.676140""","=""28.553712""","=""3p.3d""","=""3F*""","=""3""","=""3s.5g""","=""3G""","=""3""",7,7,,"=""T6298c4,LS""","=""""",
"=""321.148""","=""321.1484""","=""15""","=""1.20e+08""",B+,"=""24.693201""","=""28.553852""","=""3p.3d""","=""3F*""","=""4""","=""3s.5g""","=""3G""","=""5""",9,11,,"=""T6298c4,LS""","=""L4833""",
"=""""","=""321.1555""","=""""","=""7.50e+06""",C+,"=""24.693201""","=""28.553767""","=""3p.3d""","=""3F*""","=""4""","=""3s.5g""","=""3G""","=""4""",9,9,,"=""T6298c4,LS""","=""""",
"=""""","=""321.1601""","=""""","=""1.47e+05""",D,"=""24.693201""","=""28.553712""","=""3p.3d""","=""3F*""","=""4""","=""3s.5g""","=""3G""","=""3""",9,7,,"=""T6298c4,LS""","=""""",
"=""321.718""","=""321.7178""","=""7""","=""1.90e+07""",D+,"=""25.333789""","=""29.187607""","=""3s.4d""","=""1D""","=""2""","=""3p.3d""","=""1F*""","=""3""",5,7,,"=""T6298c4""","=""L4833""",
"=""323.143""","=""323.1428""","=""12""","=""4.75e+07""",C+,"=""21.725752""","=""25.562576""","=""3s.4p""","=""3P*""","=""0""","=""3s.5s""","=""3S""","=""1""",1,3,,"=""T6298c4,LS""","=""L4833""",
"=""323.488""","=""323.4887""","=""14""","=""1.42e+08""",B,"=""21.729855""","=""25.562576""","=""3s.4p""","=""3P*""","=""1""","=""3s.5s""","=""3S""","=""1""",3,3,,"=""T6298c4,LS""","=""L4833""",
"=""324.256""","=""324.2561""","=""15""","=""2.35e+08""",B,"=""21.738926""","=""25.562576""","=""3s.4p""","=""3P*""","=""2""","=""3s.5s""","=""3S""","=""1""",5,3,,"=""T6298c4,LS""","=""L4833""",
"=""""","=""324.8522""","=""""","=""4.46e+04""",E,"=""25.978583""","=""29.795217""","=""3s.4f""","=""3F*""","=""2""","=""3s.6d""","=""3D""","=""3""",5,7,,"=""T6298c4,LS""","=""""",
"=""""","=""324.8623""","=""""","=""1.22e+06""",D+,"=""26.952400""","=""30.768916""","=""3p.3d""","=""3D*""","=""1""","=""3p.4p""","=""3P""","=""2""",3,5,,"=""T6298c4,LS""","=""""",
"=""""","=""325.1472""","=""""","=""1.58e+06""",D+,"=""25.982046""","=""29.795217""","=""3s.4f""","=""3F*""","=""3""","=""3s.6d""","=""3D""","=""3""",7,7,,"=""T6298c4,LS""","=""""",
"=""""","=""325.1728""","=""""","=""2.21e+06""",D+,"=""25.978583""","=""29.791454""","=""3s.4f""","=""3F*""","=""2""","=""3s.6d""","=""3D""","=""2""",5,5,,"=""T6298c4,LS""","=""""",
"=""""","=""325.201""","=""""","=""1.37e+07""",D,"=""28.154479""","=""31.96702""","=""3s.5d""","=""3D""","=""1""","=""3s.9f""","=""3F*""","=""2""",3,5,,"=""T6298c4,LS""","=""""",
"=""""","=""325.233""","=""""","=""2.54e+06""",E,"=""28.154854""","=""31.96702""","=""3s.5d""","=""3D""","=""2""","=""3s.9f""","=""3F*""","=""2""",5,5,,"=""T6298c4,LS""","=""""",
"=""""","=""325.233""","=""""","=""1.45e+07""",D,"=""28.154854""","=""31.96702""","=""3s.5d""","=""3D""","=""2""","=""3s.9f""","=""3F*""","=""3""",5,7,,"=""T6298c4,LS""","=""""",
"=""""","=""325.281""","=""""","=""7.18e+04""",E,"=""28.155413""","=""31.96702""","=""3s.5d""","=""3D""","=""3""","=""3s.9f""","=""3F*""","=""2""",7,5,,"=""T6298c4,LS""","=""""",
"=""""","=""325.281""","=""""","=""1.63e+07""",D+,"=""28.155413""","=""31.96702""","=""3s.5d""","=""3D""","=""3""","=""3s.9f""","=""3F*""","=""4""",7,9,,"=""T6298c4,LS""","=""""",
"=""""","=""325.281""","=""""","=""1.82e+06""",E,"=""28.155413""","=""31.96702""","=""3s.5d""","=""3D""","=""3""","=""3s.9f""","=""3F*""","=""3""",7,7,,"=""T6298c4,LS""","=""""",
"=""""","=""325.4056""","=""""","=""1.97e+07""",C,"=""25.978583""","=""29.788726""","=""3s.4f""","=""3F*""","=""2""","=""3s.6d""","=""3D""","=""1""",5,3,,"=""T6298c4,LS""","=""""",
"=""325.434""","=""325.4348""","=""7""","=""1.82e+07""",C+,"=""26.959114""","=""30.768916""","=""3p.3d""","=""3D*""","=""2""","=""3p.4p""","=""3P""","=""2""",5,5,,"=""T6298c4,LS""","=""L4833""",
"=""325.468""","=""325.4684""","=""5""","=""1.75e+07""",C+,"=""25.982046""","=""29.791454""","=""3s.4f""","=""3F*""","=""3""","=""3s.6d""","=""3D""","=""2""",7,5,,"=""T6298c4,LS""","=""L4833""",
"=""325.574""","=""325.5746""","=""7""","=""1.81e+07""",C+,"=""25.987051""","=""29.795217""","=""3s.4f""","=""3F*""","=""4""","=""3s.6d""","=""3D""","=""3""",9,7,,"=""T6298c4,LS""","=""L4833""",
"=""325.960""","=""325.9606""","=""12""","=""1.01e+08""",B,"=""26.965260""","=""30.768916""","=""3p.3d""","=""3D*""","=""3""","=""3p.4p""","=""3P""","=""2""",7,5,,"=""T6298c4,LS""","=""L4833""",
"=""327.140""","=""327.1403""","=""6""","=""2.99e+07""",C+,"=""26.952400""","=""30.742340""","=""3p.3d""","=""3D*""","=""1""","=""3p.4p""","=""3P""","=""1""",3,3,,"=""T6298c4,LS""","=""L4833""",
"=""327.720""","=""327.7209""","=""10""","=""8.91e+07""",B,"=""26.959114""","=""30.742340""","=""3p.3d""","=""3D*""","=""2""","=""3p.4p""","=""3P""","=""1""",5,3,,"=""T6298c4,LS""","=""L4833""",
"=""328.020""","=""328.0206""","=""7""","=""1.18e+08""",C+,"=""26.952400""","=""30.732169""","=""3p.3d""","=""3D*""","=""1""","=""3p.4p""","=""3P""","=""0""",3,1,,"=""T6298c4,LS""","=""L4833""",
"=""""","=""329.5080""","=""""","=""1.63e+07""",D,"=""28.226874""","=""31.989581""","=""3s.5d""","=""1D""","=""2""","=""3s.9f""","=""1F*""","=""3""",5,7,,"=""T6298c4""","=""""",
"=""""","=""330.2629""","=""""","=""7.89e+07""",C+,"=""28.355155""","=""32.109262""","=""3p.4s""","=""1P*""","=""1""","=""3p.4p""","=""1S""","=""0""",3,1,,"=""T6298c4""","=""""",
"=""""","=""331.5681""","=""""","=""1.66e-02""",D+,"=""6.537028""","=""10.276357""","=""3s.3p""","=""3P*""","=""0""","=""3s.3p""","=""1P*""","=""1""",1,3,M1,"=""c44""","=""""",
"=""""","=""332.2556""","=""""","=""5.01e+06""",C,"=""26.655272""","=""30.386863""","=""3s.5p""","=""3P*""","=""2""","=""3p.4p""","=""3D""","=""3""",5,7,,"=""T6298c4,LS""","=""""",
"=""""","=""332.7029""","=""""","=""1.89e+06""",D,"=""25.333789""","=""29.060364""","=""3s.4d""","=""1D""","=""2""","=""3s.6p""","=""1P*""","=""1""",5,3,,"=""T6298c4""","=""""",
"=""""","=""332.9878""","=""""","=""1.91e-03""",C,"=""6.552972""","=""10.276357""","=""3s.3p""","=""3P*""","=""1""","=""3s.3p""","=""1P*""","=""1""",3,3,E2,"=""c44""","=""""",
"=""""","=""332.9878""","=""""","=""1.23e-02""",D+,"=""6.552972""","=""10.276357""","=""3s.3p""","=""3P*""","=""1""","=""3s.3p""","=""1P*""","=""1""",3,3,M1,"=""c44""","=""""",
"=""""","=""334.7081""","=""""","=""1.23e+06""",D+,"=""26.655272""","=""30.359521""","=""3s.5p""","=""3P*""","=""2""","=""3p.4p""","=""3D""","=""2""",5,5,,"=""T6298c4,LS""","=""""",
"=""""","=""334.7684""","=""""","=""3.68e+06""",C,"=""26.655939""","=""30.359521""","=""3s.5p""","=""3P*""","=""1""","=""3p.4p""","=""3D""","=""2""",3,5,,"=""T6298c4,LS""","=""""",
"=""""","=""335.5808""","=""""","=""1.23e-01""",C+,"=""21.725752""","=""25.420367""","=""3s.4p""","=""3P*""","=""0""","=""3p.3d""","=""1D*""","=""2""",1,5,E2,"=""c44""","=""""",
"=""""","=""335.9154""","=""""","=""1.25e-03""",C,"=""6.585422""","=""10.276357""","=""3s.3p""","=""3P*""","=""2""","=""3s.3p""","=""1P*""","=""1""",5,3,E2,"=""c44""","=""""",
"=""""","=""335.9154""","=""""","=""2.00e-02""",D+,"=""6.585422""","=""10.276357""","=""3s.3p""","=""3P*""","=""2""","=""3s.3p""","=""1P*""","=""1""",5,3,M1,"=""c44""","=""""",
"=""""","=""335.9539""","=""""","=""7.02e-06""",E,"=""21.729855""","=""25.420367""","=""3s.4p""","=""3P*""","=""1""","=""3p.3d""","=""1D*""","=""2""",3,5,M1,"=""c44""","=""""",
"=""""","=""335.9539""","=""""","=""1.77e-01""",C+,"=""21.729855""","=""25.420367""","=""3s.4p""","=""3P*""","=""1""","=""3p.3d""","=""1D*""","=""2""",3,5,E2,"=""c44""","=""""",
"=""""","=""336.1609""","=""""","=""1.35e+05""",E,"=""26.655272""","=""30.343512""","=""3s.5p""","=""3P*""","=""2""","=""3p.4p""","=""3D""","=""1""",5,3,,"=""T6298c4,LS""","=""""",
"=""""","=""336.2217""","=""""","=""2.01e+06""",D+,"=""26.655939""","=""30.343512""","=""3s.5p""","=""3P*""","=""1""","=""3p.4p""","=""3D""","=""1""",3,3,,"=""T6298c4,LS""","=""""",
"=""""","=""336.2309""","=""""","=""2.67e+06""",D+,"=""26.656040""","=""30.343512""","=""3s.5p""","=""3P*""","=""0""","=""3p.4p""","=""3D""","=""1""",1,3,,"=""T6298c4,LS""","=""""",
"=""""","=""336.7816""","=""""","=""2.13e-05""",E,"=""21.738926""","=""25.420367""","=""3s.4p""","=""3P*""","=""2""","=""3p.3d""","=""1D*""","=""2""",5,5,M1,"=""c44""","=""""",
"=""""","=""336.7816""","=""""","=""1.62e-02""",C+,"=""21.738926""","=""25.420367""","=""3s.4p""","=""3P*""","=""2""","=""3p.3d""","=""1D*""","=""2""",5,5,E2,"=""c44""","=""""",
"=""""","=""338.2382""","=""""","=""1.23e+00""",B,"=""21.729855""","=""25.395443""","=""3s.4p""","=""3P*""","=""1""","=""3s.4f""","=""1F*""","=""3""",3,7,E2,"=""c44""","=""""",
"=""""","=""339.0773""","=""""","=""1.08e-10""",E,"=""21.738926""","=""25.395443""","=""3s.4p""","=""3P*""","=""2""","=""3s.4f""","=""1F*""","=""3""",5,7,M1,"=""c44""","=""""",
"=""""","=""339.0773""","=""""","=""1.30e-02""",C+,"=""21.738926""","=""25.395443""","=""3s.4p""","=""3P*""","=""2""","=""3s.4f""","=""1F*""","=""3""",5,7,E2,"=""c44""","=""""",
"=""""","=""342.1419""","=""""","=""3.85e-04""",D,"=""16.098353""","=""19.722118""","=""3p2""","=""3P""","=""1""","=""3s.4s""","=""1S""","=""0""",3,1,M1,"=""c44""","=""""",
"=""""","=""344.0246""","=""""","=""6.54e+05""",D+,"=""21.729855""","=""25.333789""","=""3s.4p""","=""3P*""","=""1""","=""3s.4d""","=""1D""","=""2""",3,5,,"=""c44""","=""""",
"=""""","=""344.136""","=""""","=""3.01e+07""",C,"=""27.961701""","=""31.56447""","=""3s.5f""","=""1F*""","=""3""","=""3s.8g""","=""1G""","=""4""",7,9,,"=""T6298c4""","=""""",
"=""""","=""344.8926""","=""""","=""2.80e+02""",E,"=""21.738926""","=""25.333789""","=""3s.4p""","=""3P*""","=""2""","=""3s.4d""","=""1D""","=""2""",5,5,,"=""c44""","=""""",
"=""""","=""345.1955""","=""""","=""5.71e-02""",C+,"=""16.130409""","=""19.722118""","=""3p2""","=""3P""","=""2""","=""3s.4s""","=""1S""","=""0""",5,1,E2,"=""c44""","=""""",
"=""""","=""346.0646""","=""""","=""4.93e+05""",D+,"=""26.804174""","=""30.386863""","=""3p.3d""","=""3P*""","=""2""","=""3p.4p""","=""3D""","=""3""",5,7,,"=""T6298c4,LS""","=""""",
"=""""","=""348.7260""","=""""","=""1.20e+05""",E,"=""26.804174""","=""30.359521""","=""3p.3d""","=""3P*""","=""2""","=""3p.4p""","=""3D""","=""2""",5,5,,"=""T6298c4,LS""","=""""",
"=""""","=""348.7823""","=""""","=""1.73e+08""",B+,"=""24.995150""","=""28.549923""","=""3s.4d""","=""3D""","=""3""","=""3s.5f""","=""3F*""","=""4""",7,9,,"=""T6298c4,LS""","=""""",
"=""348.791""","=""348.7925""","=""15""","=""1.54e+08""",B+,"=""24.995001""","=""28.549670""","=""3s.4d""","=""3D""","=""2""","=""3s.5f""","=""3F*""","=""3""",5,7,,"=""T6298c4,LS""","=""L4833""",
"=""""","=""348.797""","=""""","=""1.45e+08""",B,"=""24.994933""","=""28.54956""","=""3s.4d""","=""3D""","=""1""","=""3s.5f""","=""3F*""","=""2""",3,5,,"=""T6298c4,LS""","=""""",
"=""""","=""348.804""","=""""","=""2.70e+07""",C+,"=""24.995001""","=""28.54956""","=""3s.4d""","=""3D""","=""2""","=""3s.5f""","=""3F*""","=""2""",5,5,,"=""T6298c4,LS""","=""""",
"=""""","=""348.8071""","=""""","=""1.92e+07""",C+,"=""24.995150""","=""28.549670""","=""3s.4d""","=""3D""","=""3""","=""3s.5f""","=""3F*""","=""3""",7,7,,"=""T6298c4,LS""","=""""",
"=""""","=""348.818""","=""""","=""7.61e+05""",D+,"=""24.995150""","=""28.54956""","=""3s.4d""","=""3D""","=""3""","=""3s.5f""","=""3F*""","=""2""",7,5,,"=""T6298c4,LS""","=""""",
"=""""","=""349.9274""","=""""","=""3.56e+05""",D,"=""26.816380""","=""30.359521""","=""3p.3d""","=""3P*""","=""1""","=""3p.4p""","=""3D""","=""2""",3,5,,"=""T6298c4,LS""","=""""",
"=""""","=""350.3033""","=""""","=""1.31e+04""",E,"=""26.804174""","=""30.343512""","=""3p.3d""","=""3P*""","=""2""","=""3p.4p""","=""3D""","=""1""",5,3,,"=""T6298c4,LS""","=""""",
"=""""","=""351.5156""","=""""","=""1.95e+05""",E,"=""26.816380""","=""30.343512""","=""3p.3d""","=""3P*""","=""1""","=""3p.4p""","=""3D""","=""1""",3,3,,"=""T6298c4,LS""","=""""",
"=""""","=""352.2780""","=""""","=""2.58e+05""",D,"=""26.824014""","=""30.343512""","=""3p.3d""","=""3P*""","=""0""","=""3p.4p""","=""3D""","=""1""",1,3,,"=""T6298c4,LS""","=""""",
"=""352.695""","=""352.6947""","=""9""","=""2.48e+07""",C+,"=""26.598599""","=""30.113939""","=""3s.5p""","=""1P*""","=""1""","=""3p.4p""","=""1P""","=""1""",3,3,,"=""T6298c4""","=""L4833""",
"=""""","=""352.8473""","=""""","=""4.12e+02""",A,"=""21.881623""","=""25.395443""","=""3s.4p""","=""1P*""","=""1""","=""3s.4f""","=""1F*""","=""3""",3,7,E2,"=""c44""","=""""",
"=""""","=""353.7807""","=""""","=""1.57e+05""",D,"=""25.562576""","=""29.067126""","=""3s.5s""","=""3S""","=""1""","=""3s.6p""","=""3P*""","=""2""",3,5,,"=""T6298c4,LS""","=""""",
"=""""","=""353.9532""","=""""","=""1.57e+05""",E,"=""25.562576""","=""29.065417""","=""3s.5s""","=""3S""","=""1""","=""3s.6p""","=""3P*""","=""1""",3,3,,"=""T6298c4,LS""","=""""",
"=""""","=""354.1203""","=""""","=""1.56e+05""",E,"=""25.562576""","=""29.063765""","=""3s.5s""","=""3S""","=""1""","=""3s.6p""","=""3P*""","=""0""",3,1,,"=""T6298c4,LS""","=""""",
"=""""","=""355.0434""","=""""","=""1.77e+03""",E,"=""24.663327""","=""28.155413""","=""3p.3d""","=""3F*""","=""2""","=""3s.5d""","=""3D""","=""3""",5,7,,"=""T6298c4,LS""","=""""",
"=""""","=""355.1003""","=""""","=""8.78e+04""",E,"=""24.663327""","=""28.154854""","=""3p.3d""","=""3F*""","=""2""","=""3s.5d""","=""3D""","=""2""",5,5,,"=""T6298c4,LS""","=""""",
"=""""","=""355.1384""","=""""","=""7.87e+05""",D,"=""24.663327""","=""28.154479""","=""3p.3d""","=""3F*""","=""2""","=""3s.5d""","=""3D""","=""1""",5,3,,"=""T6298c4,LS""","=""""",
"=""""","=""356.1634""","=""""","=""9.71e+05""",D,"=""25.773102""","=""29.254207""","=""3s.5s""","=""1S""","=""0""","=""3p.3d""","=""1P*""","=""1""",1,3,,"=""T6298c4""","=""""",
"=""""","=""356.3509""","=""""","=""6.20e+04""",E,"=""24.676140""","=""28.155413""","=""3p.3d""","=""3F*""","=""3""","=""3s.5d""","=""3D""","=""3""",7,7,,"=""T6298c4,LS""","=""""",
"=""""","=""356.4081""","=""""","=""6.92e+05""",D+,"=""24.676140""","=""28.154854""","=""3p.3d""","=""3F*""","=""3""","=""3s.5d""","=""3D""","=""2""",7,5,,"=""T6298c4,LS""","=""""",
"=""357.069""","=""357.0691""","=""8""","=""5.78e+07""",D+,"=""26.598599""","=""30.070873""","=""3s.5p""","=""1P*""","=""1""","=""3s.7s""","=""1S""","=""0""",3,1,,"=""T6298c4""","=""L4833""",
"=""""","=""358.1069""","=""""","=""7.02e+05""",D+,"=""24.693201""","=""28.155413""","=""3p.3d""","=""3F*""","=""4""","=""3s.5d""","=""3D""","=""3""",9,7,,"=""T6298c4,LS""","=""""",
"=""359.149""","=""359.1490""","=""20""","=""2.53e+08""",C,"=""21.881623""","=""25.333789""","=""3s.4p""","=""1P*""","=""1""","=""3s.4d""","=""1D""","=""2""",3,5,,"=""c44,T5038,T1860""","=""L4833""",
"=""""","=""361.7073""","=""""","=""1.57e+06""",C,"=""26.959114""","=""30.386863""","=""3p.3d""","=""3D*""","=""2""","=""3p.4p""","=""3D""","=""3""",5,7,,"=""T6298c4,LS""","=""""",
"=""362.357""","=""362.3570""","=""8w""","=""1.25e+07""",C+,"=""26.965260""","=""30.386863""","=""3p.3d""","=""3D*""","=""3""","=""3p.4p""","=""3D""","=""3""",7,7,,"=""T6298c4,LS""","=""L4833""",
"=""""","=""362.504""","=""""","=""1.23e+07""",D,"=""28.54956""","=""31.96977""","=""3s.5f""","=""3F*""","=""2""","=""3s.9g""","=""3G""","=""3""",5,7,,"=""T6298c4,LS""","=""""",
"=""""","=""362.516""","=""""","=""1.08e+06""",E,"=""28.549670""","=""31.96977""","=""3s.5f""","=""3F*""","=""3""","=""3s.9g""","=""3G""","=""3""",7,7,,"=""T6298c4,LS""","=""""",
"=""""","=""362.516""","=""""","=""1.26e+07""",D+,"=""28.549670""","=""31.96977""","=""3s.5f""","=""3F*""","=""3""","=""3s.9g""","=""3G""","=""4""",7,9,,"=""T6298c4,LS""","=""""",
"=""""","=""362.543""","=""""","=""1.64e+04""",E,"=""28.549923""","=""31.96977""","=""3s.5f""","=""3F*""","=""4""","=""3s.9g""","=""3G""","=""3""",9,7,,"=""T6298c4,LS""","=""""",
"=""""","=""362.543""","=""""","=""8.37e+05""",E,"=""28.549923""","=""31.96977""","=""3s.5f""","=""3F*""","=""4""","=""3s.9g""","=""3G""","=""4""",9,9,,"=""T6298c4,LS""","=""""",
"=""""","=""362.543""","=""""","=""1.34e+07""",D+,"=""28.549923""","=""31.96977""","=""3s.5f""","=""3F*""","=""4""","=""3s.9g""","=""3G""","=""5""",9,11,,"=""T6298c4,LS""","=""""",
"=""""","=""363.8973""","=""""","=""2.08e+06""",C,"=""26.952400""","=""30.359521""","=""3p.3d""","=""3D*""","=""1""","=""3p.4p""","=""3D""","=""2""",3,5,,"=""T6298c4,LS""","=""""",
"=""""","=""363.9561""","=""""","=""1.89e+07""",C,"=""28.154479""","=""31.561049""","=""3s.5d""","=""3D""","=""1""","=""3s.8f""","=""3F*""","=""2""",3,5,,"=""T6298c4,LS""","=""""",
"=""""","=""363.9931""","=""""","=""2.00e+07""",C,"=""28.154854""","=""31.561078""","=""3s.5d""","=""3D""","=""2""","=""3s.8f""","=""3F*""","=""3""",5,7,,"=""T6298c4,LS""","=""""",
"=""""","=""363.9961""","=""""","=""3.50e+06""",D,"=""28.154854""","=""31.561049""","=""3s.5d""","=""3D""","=""2""","=""3s.8f""","=""3F*""","=""2""",5,5,,"=""T6298c4,LS""","=""""",
"=""364.049""","=""364.0478""","=""5w""","=""2.24e+07""",C,"=""28.155413""","=""31.561125""","=""3s.5d""","=""3D""","=""3""","=""3s.8f""","=""3F*""","=""4""",7,9,,"=""T6298c4,LS""","=""L4833""",
"=""""","=""364.0528""","=""""","=""2.50e+06""",D,"=""28.155413""","=""31.561078""","=""3s.5d""","=""3D""","=""3""","=""3s.8f""","=""3F*""","=""3""",7,7,,"=""T6298c4,LS""","=""""",
"=""""","=""364.0559""","=""""","=""9.86e+04""",E,"=""28.155413""","=""31.561049""","=""3s.5d""","=""3D""","=""3""","=""3s.8f""","=""3F*""","=""2""",7,5,,"=""T6298c4,LS""","=""""",
"=""364.616""","=""364.6158""","=""6w""","=""9.58e+06""",C+,"=""26.959114""","=""30.359521""","=""3p.3d""","=""3D*""","=""2""","=""3p.4p""","=""3D""","=""2""",5,5,,"=""T6298c4,LS""","=""L4833""",
"=""""","=""365.2760""","=""""","=""2.14e+06""",C,"=""26.965260""","=""30.359521""","=""3p.3d""","=""3D*""","=""3""","=""3p.4p""","=""3D""","=""2""",7,5,,"=""T6298c4,LS""","=""""",
"=""""","=""365.6152""","=""""","=""1.02e+07""",C,"=""26.952400""","=""30.343512""","=""3p.3d""","=""3D*""","=""1""","=""3p.4p""","=""3D""","=""1""",3,3,,"=""T6298c4,LS""","=""""",
"=""""","=""366.3405""","=""""","=""3.40e+06""",C,"=""26.959114""","=""30.343512""","=""3p.3d""","=""3D*""","=""2""","=""3p.4p""","=""3D""","=""1""",5,3,,"=""T6298c4,LS""","=""""",
"=""""","=""367.7778""","=""""","=""2.03e+07""",C,"=""28.226874""","=""31.598045""","=""3s.5d""","=""1D""","=""2""","=""3s.8f""","=""1F*""","=""3""",5,7,,"=""T6298c4""","=""""",
"=""368.245""","=""368.2451""","=""7w""","=""2.51e+07""",D+,"=""26.655272""","=""30.022166""","=""3s.5p""","=""3P*""","=""2""","=""3s.7s""","=""3S""","=""1""",5,3,,"=""T6298c4,LS""","=""L4833""",
"=""368.320""","=""368.3180""","=""5w""","=""1.50e+07""",D+,"=""26.655939""","=""30.022166""","=""3s.5p""","=""3P*""","=""1""","=""3s.7s""","=""3S""","=""1""",3,3,,"=""T6298c4,LS""","=""L4833""",
"=""""","=""368.3290""","=""""","=""5.00e+06""",D,"=""26.656040""","=""30.022166""","=""3s.5p""","=""3P*""","=""0""","=""3s.7s""","=""3S""","=""1""",1,3,,"=""T6298c4,LS""","=""""",
"=""""","=""377.1656""","=""""","=""4.42e+05""",D,"=""25.773102""","=""29.060364""","=""3s.5s""","=""1S""","=""0""","=""3s.6p""","=""1P*""","=""1""",1,3,,"=""T6298c4""","=""""",
"=""379.249""","=""379.2516""","=""20c""","=""1.76e+08""",B+,"=""21.725752""","=""24.994933""","=""3s.4p""","=""3P*""","=""0""","=""3s.4d""","=""3D""","=""1""",1,3,,"=""c44""","=""L4833""",
"=""379.719""","=""379.7202""","=""25""","=""2.36e+08""",B+,"=""21.729855""","=""24.995001""","=""3s.4p""","=""3P*""","=""1""","=""3s.4d""","=""3D""","=""2""",3,5,,"=""c44""","=""L4833""",
"=""""","=""379.7281""","=""""","=""1.31e+08""",B+,"=""21.729855""","=""24.994933""","=""3s.4p""","=""3P*""","=""1""","=""3s.4d""","=""3D""","=""1""",3,3,,"=""c44""","=""""",
"=""380.762""","=""380.7606""","=""30""","=""3.14e+08""",B+,"=""21.738926""","=""24.995150""","=""3s.4p""","=""3P*""","=""2""","=""3s.4d""","=""3D""","=""3""",5,7,,"=""c44""","=""L4833""",
"=""""","=""380.7780""","=""""","=""7.84e+07""",B+,"=""21.738926""","=""24.995001""","=""3s.4p""","=""3P*""","=""2""","=""3s.4d""","=""3D""","=""2""",5,5,,"=""c44""","=""""",
"=""""","=""380.7860""","=""""","=""8.70e+06""",C+,"=""21.738926""","=""24.994933""","=""3s.4p""","=""3P*""","=""2""","=""3s.4d""","=""3D""","=""1""",5,3,,"=""c44""","=""""",
"=""""","=""383.6268""","=""""","=""9.79e+06""",D+,"=""28.355155""","=""31.587051""","=""3p.4s""","=""1P*""","=""1""","=""3s.8d""","=""1D""","=""2""",3,5,,"=""T6298c4""","=""""",
"=""384.355""","=""384.3552""","=""7""","=""1.73e+07""",C+,"=""26.598599""","=""29.824370""","=""3s.5p""","=""1P*""","=""1""","=""3s.6d""","=""1D""","=""2""",3,5,,"=""T6298c4""","=""L4833""",
"=""""","=""385.2843""","=""""","=""9.51e+06""",D+,"=""26.804174""","=""30.022166""","=""3p.3d""","=""3P*""","=""2""","=""3s.7s""","=""3S""","=""1""",5,3,,"=""T6298c4,LS""","=""""",
"=""""","=""386.7513""","=""""","=""5.66e+06""",D,"=""26.816380""","=""30.022166""","=""3p.3d""","=""3P*""","=""1""","=""3s.7s""","=""3S""","=""1""",3,3,,"=""T6298c4,LS""","=""""",
"=""""","=""387.6744""","=""""","=""1.86e+06""",E,"=""26.824014""","=""30.022166""","=""3p.3d""","=""3P*""","=""0""","=""3s.7s""","=""3S""","=""1""",1,3,,"=""T6298c4,LS""","=""""",
"=""392.558""","=""392.5579""","=""20""","=""3.47e+08""",B+,"=""25.395443""","=""28.553810""","=""3s.4f""","=""1F*""","=""3""","=""3s.5g""","=""1G""","=""4""",7,9,,"=""T6298c4""","=""L4833""",
"=""394.861""","=""394.8611""","=""6w""","=""5.59e+06""",C+,"=""26.655272""","=""29.795217""","=""3s.5p""","=""3P*""","=""2""","=""3s.6d""","=""3D""","=""3""",5,7,,"=""T6298c4,LS""","=""L4833""",
"=""""","=""395.3349""","=""""","=""1.39e+06""",D+,"=""26.655272""","=""29.791454""","=""3s.5p""","=""3P*""","=""2""","=""3s.6d""","=""3D""","=""2""",5,5,,"=""T6298c4,LS""","=""""",
"=""""","=""395.4190""","=""""","=""4.17e+06""",C,"=""26.655939""","=""29.791454""","=""3s.5p""","=""3P*""","=""1""","=""3s.6d""","=""3D""","=""2""",3,5,,"=""T6298c4,LS""","=""""",
"=""""","=""395.6790""","=""""","=""1.54e+05""",E,"=""26.655272""","=""29.788726""","=""3s.5p""","=""3P*""","=""2""","=""3s.6d""","=""3D""","=""1""",5,3,,"=""T6298c4,LS""","=""""",
"=""""","=""395.7633""","=""""","=""2.31e+06""",D+,"=""26.655939""","=""29.788726""","=""3s.5p""","=""3P*""","=""1""","=""3s.6d""","=""3D""","=""1""",3,3,,"=""T6298c4,LS""","=""""",
"=""""","=""395.7760""","=""""","=""3.08e+06""",C,"=""26.656040""","=""29.788726""","=""3s.5p""","=""3P*""","=""0""","=""3s.6d""","=""3D""","=""1""",1,3,,"=""T6298c4,LS""","=""""",
"=""""","=""396.4706""","=""""","=""4.33e+04""",E,"=""24.994933""","=""28.122131""","=""3s.4d""","=""3D""","=""1""","=""3p.4s""","=""3P*""","=""2""",3,5,,"=""T6298c4,LS""","=""""",
"=""""","=""396.4793""","=""""","=""6.49e+05""",D+,"=""24.995001""","=""28.122131""","=""3s.4d""","=""3D""","=""2""","=""3p.4s""","=""3P*""","=""2""",5,5,,"=""T6298c4,LS""","=""""",
"=""396.496""","=""396.4981""","=""6""","=""3.63e+06""",C,"=""24.995150""","=""28.122131""","=""3s.4d""","=""3D""","=""3""","=""3p.4s""","=""3P*""","=""2""",7,5,,"=""T6298c4,LS""","=""L4833""",
"=""""","=""398.2304""","=""""","=""3.94e+05""",D+,"=""21.881623""","=""24.995001""","=""3s.4p""","=""1P*""","=""1""","=""3s.4d""","=""3D""","=""2""",3,5,,"=""c44""","=""""",
"=""398.237""","=""398.2391""","=""5""","=""2.09e+05""",D,"=""21.881623""","=""24.994933""","=""3s.4p""","=""1P*""","=""1""","=""3s.4d""","=""3D""","=""1""",3,3,,"=""c44""","=""L4833""",
"=""""","=""401.1281""","=""""","=""1.04e+06""",D+,"=""24.994933""","=""28.085821""","=""3s.4d""","=""3D""","=""1""","=""3p.4s""","=""3P*""","=""1""",3,3,,"=""T6298c4,LS""","=""""",
"=""""","=""401.1370""","=""""","=""3.13e+06""",C,"=""24.995001""","=""28.085821""","=""3s.4d""","=""3D""","=""2""","=""3p.4s""","=""3P*""","=""1""",5,3,,"=""T6298c4,LS""","=""""",
"=""""","=""403.1889""","=""""","=""4.11e+06""",D+,"=""24.994933""","=""28.070023""","=""3s.4d""","=""3D""","=""1""","=""3p.4s""","=""3P*""","=""0""",3,1,,"=""T6298c4,LS""","=""""",
"=""""","=""406.6525""","=""""","=""1.03e+08""",C+,"=""29.060364""","=""32.109262""","=""3s.6p""","=""1P*""","=""1""","=""3p.4p""","=""1S""","=""0""",3,1,,"=""T6298c4""","=""""",
"=""410.302""","=""""","=""5w""","=""""",,"=""""","=""""","=""""","=""""","=""""","=""""","=""""","=""""",1,1,,"=""""","=""L4833""",
"=""410.358""","=""410.3581""","=""8""","=""2.46e+07""",C+,"=""25.333789""","=""28.355155""","=""3s.4d""","=""1D""","=""2""","=""3p.4s""","=""1P*""","=""1""",5,3,,"=""T6298c4""","=""L4833""",
"=""""","=""411.233""","=""""","=""2.07e+07""",C,"=""28.54956""","=""31.56449""","=""3s.5f""","=""3F*""","=""2""","=""3s.8g""","=""3G""","=""3""",5,7,,"=""T6298c4,LS""","=""""",
"=""""","=""411.249""","=""""","=""1.81e+06""",D,"=""28.549670""","=""31.56449""","=""3s.5f""","=""3F*""","=""3""","=""3s.8g""","=""3G""","=""3""",7,7,,"=""T6298c4,LS""","=""""",
"=""""","=""411.249""","=""""","=""2.11e+07""",C,"=""28.549670""","=""31.56449""","=""3s.5f""","=""3F*""","=""3""","=""3s.8g""","=""3G""","=""4""",7,9,,"=""T6298c4,LS""","=""""",
"=""""","=""411.2672""","=""""","=""2.25e+07""",C+,"=""28.549923""","=""31.564610""","=""3s.5f""","=""3F*""","=""4""","=""3s.8g""","=""3G""","=""5""",9,11,,"=""T6298c4,LS""","=""""",
"=""""","=""411.283""","=""""","=""2.75e+04""",E,"=""28.549923""","=""31.56449""","=""3s.5f""","=""3F*""","=""4""","=""3s.8g""","=""3G""","=""3""",9,7,,"=""T6298c4,LS""","=""""",
"=""""","=""411.283""","=""""","=""1.41e+06""",D,"=""28.549923""","=""31.56449""","=""3s.5f""","=""3F*""","=""4""","=""3s.8g""","=""3G""","=""4""",9,9,,"=""T6298c4,LS""","=""""",
"=""411.666""","=""411.6648""","=""5w""","=""4.07e+07""",C,"=""27.961701""","=""30.973477""","=""3s.5f""","=""1F*""","=""3""","=""3s.7g""","=""1G""","=""4""",7,9,,"=""T6298c4""","=""L4833""",
"=""""","=""414.5183""","=""""","=""5.71e+05""",D+,"=""26.804174""","=""29.795217""","=""3p.3d""","=""3P*""","=""2""","=""3s.6d""","=""3D""","=""3""",5,7,,"=""T6298c4,LS""","=""""",
"=""""","=""415.0404""","=""""","=""1.42e+05""",D,"=""26.804174""","=""29.791454""","=""3p.3d""","=""3P*""","=""2""","=""3s.6d""","=""3D""","=""2""",5,5,,"=""T6298c4,LS""","=""""",
"=""""","=""415.4197""","=""""","=""1.58e+04""",E,"=""26.804174""","=""29.788726""","=""3p.3d""","=""3P*""","=""2""","=""3s.6d""","=""3D""","=""1""",5,3,,"=""T6298c4,LS""","=""""",
"=""""","=""416.7432""","=""""","=""4.22e+05""",D+,"=""26.816380""","=""29.791454""","=""3p.3d""","=""3P*""","=""1""","=""3s.6d""","=""3D""","=""2""",3,5,,"=""T6298c4,LS""","=""""",
"=""""","=""417.1257""","=""""","=""2.34e+05""",D,"=""26.816380""","=""29.788726""","=""3p.3d""","=""3P*""","=""1""","=""3s.6d""","=""3D""","=""1""",3,3,,"=""T6298c4,LS""","=""""",
"=""""","=""418.1997""","=""""","=""3.09e+05""",D,"=""26.824014""","=""29.788726""","=""3p.3d""","=""3P*""","=""0""","=""3s.6d""","=""3D""","=""1""",1,3,,"=""T6298c4,LS""","=""""",
"=""""","=""419.6772""","=""""","=""4.93e+01""",B+,"=""21.738926""","=""24.693201""","=""3s.4p""","=""3P*""","=""2""","=""3p.3d""","=""3F*""","=""4""",5,9,E2,"=""c44""","=""""",
"=""""","=""420.8154""","=""""","=""3.15e+01""",B+,"=""21.729855""","=""24.676140""","=""3s.4p""","=""3P*""","=""1""","=""3p.3d""","=""3F*""","=""3""",3,7,E2,"=""c44""","=""""",
"=""""","=""421.234""","=""""","=""5.56e+03""",E,"=""28.54956""","=""31.492914""","=""3s.5f""","=""3F*""","=""2""","=""3s.8d""","=""3D""","=""3""",5,7,,"=""T6298c4,LS""","=""""",
"=""""","=""421.2502""","=""""","=""1.97e+05""",E,"=""28.549670""","=""31.492914""","=""3s.5f""","=""3F*""","=""3""","=""3s.8d""","=""3D""","=""3""",7,7,,"=""T6298c4,LS""","=""""",
"=""""","=""421.2864""","=""""","=""2.27e+06""",D,"=""28.549923""","=""31.492914""","=""3s.5f""","=""3F*""","=""4""","=""3s.8d""","=""3D""","=""3""",9,7,,"=""T6298c4,LS""","=""""",
"=""""","=""421.30""","=""""","=""2.75e+05""",E,"=""28.54956""","=""[31.4925]""","=""3s.5f""","=""3F*""","=""2""","=""3s.8d""","=""3D""","=""2""",5,5,,"=""T6298c4,LS""","=""""",
"=""""","=""421.31""","=""""","=""2.19e+06""",D,"=""28.549670""","=""[31.4925]""","=""3s.5f""","=""3F*""","=""3""","=""3s.8d""","=""3D""","=""2""",7,5,,"=""T6298c4,LS""","=""""",
"=""""","=""421.33""","=""""","=""2.47e+06""",D,"=""28.54956""","=""[31.4922]""","=""3s.5f""","=""3F*""","=""2""","=""3s.8d""","=""3D""","=""1""",5,3,,"=""T6298c4,LS""","=""""",
"=""""","=""422.0631""","=""""","=""2.14e+01""",B+,"=""21.725752""","=""24.663327""","=""3s.4p""","=""3P*""","=""0""","=""3p.3d""","=""3F*""","=""2""",1,5,E2,"=""c44""","=""""",
"=""""","=""422.1149""","=""""","=""7.63e-10""",E,"=""21.738926""","=""24.676140""","=""3s.4p""","=""3P*""","=""2""","=""3p.3d""","=""3F*""","=""3""",5,7,M1,"=""c44""","=""""",
"=""""","=""422.1149""","=""""","=""1.56e+01""",B+,"=""21.738926""","=""24.676140""","=""3s.4p""","=""3P*""","=""2""","=""3p.3d""","=""3F*""","=""3""",5,7,E2,"=""c44""","=""""",
"=""""","=""422.6534""","=""""","=""4.38e-09""",E,"=""21.729855""","=""24.663327""","=""3s.4p""","=""3P*""","=""1""","=""3p.3d""","=""3F*""","=""2""",3,5,M1,"=""c44""","=""""",
"=""""","=""422.6534""","=""""","=""2.12e+01""",B+,"=""21.729855""","=""24.663327""","=""3s.4p""","=""3P*""","=""1""","=""3p.3d""","=""3F*""","=""2""",3,5,E2,"=""c44""","=""""",
"=""""","=""423.9643""","=""""","=""1.93e-08""",E,"=""21.738926""","=""24.663327""","=""3s.4p""","=""3P*""","=""2""","=""3p.3d""","=""3F*""","=""2""",5,5,M1,"=""c44""","=""""",
"=""""","=""423.9643""","=""""","=""2.99e+00""",B+,"=""21.738926""","=""24.663327""","=""3s.4p""","=""3P*""","=""2""","=""3p.3d""","=""3F*""","=""2""",5,5,E2,"=""c44""","=""""",
"=""""","=""427.9688""","=""""","=""3.74e+06""",D,"=""28.070023""","=""30.967061""","=""3p.4s""","=""3P*""","=""0""","=""3s.8s""","=""3S""","=""1""",1,3,,"=""T6298c4,LS""","=""""",
"=""""","=""430.3154""","=""""","=""1.11e+07""",D+,"=""28.085821""","=""30.967061""","=""3p.4s""","=""3P*""","=""1""","=""3s.8s""","=""3S""","=""1""",3,3,,"=""T6298c4,LS""","=""""",
"=""""","=""432.7105""","=""""","=""2.55e+05""",D+,"=""19.016331""","=""21.881623""","=""3s.4s""","=""3S""","=""1""","=""3s.4p""","=""1P*""","=""1""",3,3,,"=""c44""","=""""",
"=""433.972""","=""433.9720""","=""9""","=""1.47e+07""",C,"=""19.024660""","=""21.881623""","=""3p2""","=""1S""","=""0""","=""3s.4p""","=""1P*""","=""1""",1,3,,"=""T7198c19""","=""L4833""",
"=""434.262""","=""434.2621""","=""8""","=""5.25e+05""",D,"=""29.254207""","=""32.109262""","=""3p.3d""","=""1P*""","=""1""","=""3p.4p""","=""1S""","=""0""",3,1,,"=""T6298c4""","=""L4833""",
"=""""","=""435.8075""","=""""","=""1.77e+07""",C,"=""28.122131""","=""30.967061""","=""3p.4s""","=""3P*""","=""2""","=""3s.8s""","=""3S""","=""1""",5,3,,"=""T6298c4,LS""","=""""",
"=""""","=""436.7096""","=""""","=""1.46e+05""",D,"=""26.952400""","=""29.791454""","=""3p.3d""","=""3D*""","=""1""","=""3s.6d""","=""3D""","=""2""",3,5,,"=""T6298c4,LS""","=""""",
"=""""","=""437.1296""","=""""","=""7.30e+05""",D+,"=""26.952400""","=""29.788726""","=""3p.3d""","=""3D*""","=""1""","=""3s.6d""","=""3D""","=""1""",3,3,,"=""T6298c4,LS""","=""""",
"=""""","=""437.1640""","=""""","=""1.08e+05""",D,"=""26.959114""","=""29.795217""","=""3p.3d""","=""3D*""","=""2""","=""3s.6d""","=""3D""","=""3""",5,7,,"=""T6298c4,LS""","=""""",
"=""""","=""437.7448""","=""""","=""6.75e+05""",D+,"=""26.959114""","=""29.791454""","=""3p.3d""","=""3D*""","=""2""","=""3s.6d""","=""3D""","=""2""",5,5,,"=""T6298c4,LS""","=""""",
"=""437.886""","=""437.8853""","=""8w""","=""4.14e+06""",C,"=""25.395443""","=""28.226874""","=""3s.4f""","=""1F*""","=""3""","=""3s.5d""","=""1D""","=""2""",7,5,,"=""T6298c4""","=""L4833""",
"=""""","=""438.1134""","=""""","=""8.58e+05""",C,"=""26.965260""","=""29.795217""","=""3p.3d""","=""3D*""","=""3""","=""3s.6d""","=""3D""","=""3""",7,7,,"=""T6298c4,LS""","=""""",
"=""""","=""438.1668""","=""""","=""2.41e+05""",D,"=""26.959114""","=""29.788726""","=""3p.3d""","=""3D*""","=""2""","=""3s.6d""","=""3D""","=""1""",5,3,,"=""T6298c4,LS""","=""""",
"=""""","=""438.1879""","=""""","=""1.50e-05""",E,"=""17.722765""","=""20.552241""","=""3s.3d""","=""3D""","=""3""","=""3s.3d""","=""1D""","=""2""",7,5,M1,"=""c44""","=""""",
"=""""","=""438.1879""","=""""","=""1.11e-06""",D,"=""17.722765""","=""20.552241""","=""3s.3d""","=""3D""","=""3""","=""3s.3d""","=""1D""","=""2""",7,5,E2,"=""c44""","=""""",
"=""""","=""438.2282""","=""""","=""2.63e-06""",E,"=""17.723025""","=""20.552241""","=""3s.3d""","=""3D""","=""2""","=""3s.3d""","=""1D""","=""2""",5,5,M1,"=""c44""","=""""",
"=""""","=""438.2282""","=""""","=""3.24e-06""",D+,"=""17.723025""","=""20.552241""","=""3s.3d""","=""3D""","=""2""","=""3s.3d""","=""1D""","=""2""",5,5,E2,"=""c44""","=""""",
"=""""","=""438.2745""","=""""","=""1.44e-05""",E,"=""17.723324""","=""20.552241""","=""3s.3d""","=""3D""","=""1""","=""3s.3d""","=""1D""","=""2""",3,5,M1,"=""c44""","=""""",
"=""""","=""438.2745""","=""""","=""7.54e-08""",D,"=""17.723324""","=""20.552241""","=""3s.3d""","=""3D""","=""1""","=""3s.3d""","=""1D""","=""2""",3,5,E2,"=""c44""","=""""",
"=""""","=""438.6967""","=""""","=""1.50e+05""",D,"=""26.965260""","=""29.791454""","=""3p.3d""","=""3D*""","=""3""","=""3s.6d""","=""3D""","=""2""",7,5,,"=""T6298c4,LS""","=""""",
"=""""","=""440.5067""","=""""","=""2.22e+07""",C,"=""28.226874""","=""31.041455""","=""3s.5d""","=""1D""","=""2""","=""3s.7f""","=""1F*""","=""3""",5,7,,"=""T6298c4""","=""""",
"=""""","=""440.655""","=""""","=""3.55e+06""",D,"=""28.070023""","=""30.88366""","=""3p.4s""","=""3P*""","=""0""","=""3s.7d""","=""3D""","=""1""",1,3,,"=""T6298c4,LS""","=""""",
"=""""","=""440.6589""","=""""","=""2.62e+07""",C,"=""28.154479""","=""30.968089""","=""3s.5d""","=""3D""","=""1""","=""3s.7f""","=""3F*""","=""2""",3,5,,"=""T6298c4,LS""","=""""",
"=""440.714""","=""440.7175""","=""6w""","=""4.84e+06""",D+,"=""28.154854""","=""30.968089""","=""3s.5d""","=""3D""","=""2""","=""3s.7f""","=""3F*""","=""2""",5,5,,"=""T6298c4,LS""","=""L4833""",
"=""440.796""","=""440.7954""","=""8w""","=""3.10e+07""",C+,"=""28.155413""","=""30.968151""","=""3s.5d""","=""3D""","=""3""","=""3s.7f""","=""3F*""","=""4""",7,9,,"=""T6298c4,LS""","=""L4833""",
"=""""","=""440.8009""","=""""","=""3.47e+06""",D+,"=""28.155413""","=""30.968116""","=""3s.5d""","=""3D""","=""3""","=""3s.7f""","=""3F*""","=""3""",7,7,,"=""T6298c4,LS""","=""""",
"=""""","=""440.8052""","=""""","=""1.36e+05""",E,"=""28.155413""","=""30.968089""","=""3s.5d""","=""3D""","=""3""","=""3s.7f""","=""3F*""","=""2""",7,5,,"=""T6298c4,LS""","=""""",
"=""""","=""442.9388""","=""""","=""4.71e+06""",D+,"=""28.085821""","=""30.884947""","=""3p.4s""","=""3P*""","=""1""","=""3s.7d""","=""3D""","=""2""",3,5,,"=""T6298c4,LS""","=""""",
"=""""","=""443.143""","=""""","=""2.62e+06""",D,"=""28.085821""","=""30.88366""","=""3p.4s""","=""3P*""","=""1""","=""3s.7d""","=""3D""","=""1""",3,3,,"=""T6298c4,LS""","=""""",
"=""""","=""443.6695""","=""""","=""8.03e-02""",B,"=""21.881623""","=""24.676140""","=""3s.4p""","=""1P*""","=""1""","=""3p.3d""","=""3F*""","=""3""",3,7,E2,"=""c44""","=""""",
"=""""","=""445.7130""","=""""","=""5.61e-10""",E,"=""21.881623""","=""24.663327""","=""3s.4p""","=""1P*""","=""1""","=""3p.3d""","=""3F*""","=""2""",3,5,M1,"=""c44""","=""""",
"=""""","=""445.7130""","=""""","=""3.49e-02""",C+,"=""21.881623""","=""24.663327""","=""3s.4p""","=""1P*""","=""1""","=""3p.3d""","=""3F*""","=""2""",3,5,E2,"=""c44""","=""""",
"=""""","=""446.2481""","=""""","=""1.52e+06""",D+,"=""27.961701""","=""30.740071""","=""3s.5f""","=""1F*""","=""3""","=""3p.4p""","=""1D""","=""2""",7,5,,"=""T6298c4""","=""""",
"=""""","=""446.9701""","=""""","=""1.42e+07""",C+,"=""28.070023""","=""30.843904""","=""3p.4s""","=""3P*""","=""0""","=""3p.4p""","=""3S""","=""1""",1,3,,"=""T6298c4,LS""","=""""",
"=""""","=""448.4132""","=""""","=""6.07e+06""",C,"=""28.122131""","=""30.887085""","=""3p.4s""","=""3P*""","=""2""","=""3s.7d""","=""3D""","=""3""",5,7,,"=""T6298c4,LS""","=""""",
"=""""","=""448.7601""","=""""","=""1.51e+06""",D,"=""28.122131""","=""30.884947""","=""3p.4s""","=""3P*""","=""2""","=""3s.7d""","=""3D""","=""2""",5,5,,"=""T6298c4,LS""","=""""",
"=""""","=""448.970""","=""""","=""1.68e+05""",E,"=""28.122131""","=""30.88366""","=""3p.4s""","=""3P*""","=""2""","=""3s.7d""","=""3D""","=""1""",5,3,,"=""T6298c4,LS""","=""""",
"=""449.531""","=""449.5303""","=""6""","=""4.19e+07""",B,"=""28.085821""","=""30.843904""","=""3p.4s""","=""3P*""","=""1""","=""3p.4p""","=""3S""","=""1""",3,3,,"=""T6298c4,LS""","=""L4833""",
"=""455.390""","=""455.3898""","=""30""","=""1.26e+08""",B+,"=""19.016331""","=""21.738926""","=""3s.4s""","=""3S""","=""1""","=""3s.4p""","=""3P*""","=""2""",3,5,,"=""c44""","=""L4833""",
"=""455.528""","=""455.5273""","=""8""","=""6.75e+07""",B,"=""28.122131""","=""30.843904""","=""3p.4s""","=""3P*""","=""2""","=""3p.4p""","=""3S""","=""1""",5,3,,"=""T6298c4,LS""","=""L4833""",
"=""""","=""455.8550""","=""""","=""5.47e+07""",C+,"=""28.355155""","=""31.074972""","=""3p.4s""","=""1P*""","=""1""","=""3s.7d""","=""1D""","=""2""",3,5,,"=""T6298c4""","=""""",
"=""""","=""456.675""","=""""","=""3.76e+06""",D,"=""29.254207""","=""31.96914""","=""3p.3d""","=""1P*""","=""1""","=""3s.9d""","=""1D""","=""2""",3,5,,"=""T6298c4""","=""""",
"=""456.910""","=""456.9121""","=""25""","=""1.25e+08""",B+,"=""19.016331""","=""21.729855""","=""3s.4s""","=""3S""","=""1""","=""3s.4p""","=""3P*""","=""1""",3,3,,"=""c44""","=""L4833""",
"=""457.604""","=""457.6039""","=""20""","=""1.24e+08""",B,"=""19.016331""","=""21.725752""","=""3s.4s""","=""3S""","=""1""","=""3s.4p""","=""3P*""","=""0""",3,1,,"=""c44""","=""L4833""",
"=""462.095""","=""462.0940""","=""7""","=""2.89e+07""",B,"=""28.085821""","=""30.768916""","=""3p.4s""","=""3P*""","=""1""","=""3p.4p""","=""3P""","=""2""",3,5,,"=""T6298c4,LS""","=""L4833""",
"=""463.958""","=""463.9577""","=""7""","=""3.79e+07""",B,"=""28.070023""","=""30.742340""","=""3p.4s""","=""3P*""","=""0""","=""3p.4p""","=""3P""","=""1""",1,3,,"=""T6298c4,LS""","=""L4833""",
"=""466.718""","=""466.7168""","=""8""","=""2.79e+07""",B,"=""28.085821""","=""30.742340""","=""3p.4s""","=""3P*""","=""1""","=""3p.4p""","=""3P""","=""1""",3,3,,"=""T6298c4,LS""","=""L4833""",
"=""468.433""","=""468.4332""","=""9""","=""8.30e+07""",B+,"=""28.122131""","=""30.768916""","=""3p.4s""","=""3P*""","=""2""","=""3p.4p""","=""3P""","=""2""",5,5,,"=""T6298c4,LS""","=""L4833""",
"=""468.511""","=""468.5105""","=""7""","=""1.10e+08""",B,"=""28.085821""","=""30.732169""","=""3p.4s""","=""3P*""","=""1""","=""3p.4p""","=""3P""","=""0""",3,1,,"=""T6298c4,LS""","=""L4833""",
"=""471.797""","=""471.7974""","=""16""","=""1.32e+08""",B,"=""25.333789""","=""27.961701""","=""3s.4d""","=""1D""","=""2""","=""3s.5f""","=""1F*""","=""3""",5,7,,"=""T6298c4""","=""L4833""",
"=""473.184""","=""473.1844""","=""7""","=""4.47e+07""",B,"=""28.122131""","=""30.742340""","=""3p.4s""","=""3P*""","=""2""","=""3p.4p""","=""3P""","=""1""",5,3,,"=""T6298c4,LS""","=""L4833""",
"=""480.177""","=""480.1769""","=""8""","=""2.76e+07""",B,"=""25.773102""","=""28.355155""","=""3s.5s""","=""1S""","=""0""","=""3p.4s""","=""1P*""","=""1""",1,3,,"=""T6298c4""","=""L4833""",
"=""481.468""","=""481.4678""","=""15""","=""2.10e+08""",B+,"=""25.978583""","=""28.553712""","=""3s.4f""","=""3F*""","=""2""","=""3s.5g""","=""3G""","=""3""",5,7,,"=""T6298c4,LS""","=""L4833""",
"=""482.107""","=""482.1059""","=""16""","=""2.12e+08""",B+,"=""25.982046""","=""28.553767""","=""3s.4f""","=""3F*""","=""3""","=""3s.5g""","=""3G""","=""4""",7,9,,"=""T6298c4,LS""","=""L4833""",
"=""""","=""482.1161""","=""""","=""1.82e+07""",B,"=""25.982046""","=""28.553712""","=""3s.4f""","=""3F*""","=""3""","=""3s.5g""","=""3G""","=""3""",7,7,,"=""T6298c4,LS""","=""""",
"=""""","=""482.3059""","=""""","=""1.64e-05""",E,"=""15.152669""","=""17.723324""","=""3p2""","=""1D""","=""2""","=""3s.3d""","=""3D""","=""1""",5,3,M1,"=""c44""","=""""",
"=""""","=""482.3059""","=""""","=""2.32e-06""",D+,"=""15.152669""","=""17.723324""","=""3p2""","=""1D""","=""2""","=""3s.3d""","=""3D""","=""1""",5,3,E2,"=""c44""","=""""",
"=""""","=""482.3620""","=""""","=""1.61e-06""",E,"=""15.152669""","=""17.723025""","=""3p2""","=""1D""","=""2""","=""3s.3d""","=""3D""","=""2""",5,5,M1,"=""c44""","=""""",
"=""""","=""482.3620""","=""""","=""1.49e-05""",D+,"=""15.152669""","=""17.723025""","=""3p2""","=""1D""","=""2""","=""3s.3d""","=""3D""","=""2""",5,5,E2,"=""c44""","=""""",
"=""""","=""482.4108""","=""""","=""7.42e-06""",E,"=""15.152669""","=""17.722765""","=""3p2""","=""1D""","=""2""","=""3s.3d""","=""3D""","=""3""",5,7,M1,"=""c44""","=""""",
"=""""","=""482.4108""","=""""","=""2.11e-05""",C,"=""15.152669""","=""17.722765""","=""3p2""","=""1D""","=""2""","=""3s.3d""","=""3D""","=""3""",5,7,E2,"=""c44""","=""""",
"=""483.032""","=""483.0300""","=""18""","=""2.25e+08""",B+,"=""25.987051""","=""28.553852""","=""3s.4f""","=""3F*""","=""4""","=""3s.5g""","=""3G""","=""5""",9,11,,"=""T6298c4,LS""","=""L4833""",
"=""""","=""483.0460""","=""""","=""1.41e+07""",B,"=""25.987051""","=""28.553767""","=""3s.4f""","=""3F*""","=""4""","=""3s.5g""","=""3G""","=""4""",9,9,,"=""T6298c4,LS""","=""""",
"=""""","=""483.0563""","=""""","=""2.76e+05""",D+,"=""25.987051""","=""28.553712""","=""3s.4f""","=""3F*""","=""4""","=""3s.5g""","=""3G""","=""3""",9,7,,"=""T6298c4,LS""","=""""",
"=""""","=""484.3976""","=""""","=""2.01e+06""",C,"=""25.562576""","=""28.122131""","=""3s.5s""","=""3S""","=""1""","=""3p.4s""","=""3P*""","=""2""",3,5,,"=""T6298c4,LS""","=""""",
"=""""","=""490.6986""","=""""","=""1.21e+06""",D,"=""29.060364""","=""31.587051""","=""3s.6p""","=""1P*""","=""1""","=""3s.8d""","=""1D""","=""2""",3,5,,"=""T6298c4""","=""""",
"=""""","=""491.3681""","=""""","=""1.93e+06""",C,"=""25.562576""","=""28.085821""","=""3s.5s""","=""3S""","=""1""","=""3p.4s""","=""3P*""","=""1""",3,3,,"=""T6298c4,LS""","=""""",
"=""""","=""494.4640""","=""""","=""1.89e+06""",D+,"=""25.562576""","=""28.070023""","=""3s.5s""","=""3S""","=""1""","=""3p.4s""","=""3P*""","=""0""",3,1,,"=""T6298c4,LS""","=""""",
"=""509.284""","=""""","=""10w""","=""""",,"=""""","=""""","=""""","=""""","=""""","=""""","=""""","=""""",1,1,,"=""""","=""L4833""",
"=""""","=""510.54""","=""""","=""1.54e+06""",D,"=""29.063765""","=""[31.4922]""","=""3s.6p""","=""3P*""","=""0""","=""3s.8d""","=""3D""","=""1""",1,3,,"=""T6298c4,LS""","=""""",
"=""""","=""510.84""","=""""","=""2.07e+06""",D,"=""29.065417""","=""[31.4925]""","=""3s.6p""","=""3P*""","=""1""","=""3s.8d""","=""3D""","=""2""",3,5,,"=""T6298c4,LS""","=""""",
"=""""","=""510.89""","=""""","=""1.15e+06""",D,"=""29.065417""","=""[31.4922]""","=""3s.6p""","=""3P*""","=""1""","=""3s.8d""","=""3D""","=""1""",3,3,,"=""T6298c4,LS""","=""""",
"=""""","=""511.1090""","=""""","=""2.75e+06""",D+,"=""29.067126""","=""31.492914""","=""3s.6p""","=""3P*""","=""2""","=""3s.8d""","=""3D""","=""3""",5,7,,"=""T6298c4,LS""","=""""",
"=""""","=""511.20""","=""""","=""6.89e+05""",D,"=""29.067126""","=""[31.4925]""","=""3s.6p""","=""3P*""","=""2""","=""3s.8d""","=""3D""","=""2""",5,5,,"=""T6298c4,LS""","=""""",
"=""""","=""511.25""","=""""","=""7.66e+04""",E,"=""29.067126""","=""[31.4922]""","=""3s.6p""","=""3P*""","=""2""","=""3s.8d""","=""3D""","=""1""",5,3,,"=""T6298c4,LS""","=""""",
"=""511.519""","=""511.519""","=""7w""","=""3.82e+07""",C+,"=""28.54956""","=""30.973400""","=""3s.5f""","=""3F*""","=""2""","=""3s.7g""","=""3G""","=""3""",5,7,,"=""T6298c4,LS""","=""L4833""",
"=""""","=""511.5291""","=""""","=""3.91e+07""",C+,"=""28.549670""","=""30.973466""","=""3s.5f""","=""3F*""","=""3""","=""3s.7g""","=""3G""","=""4""",7,9,,"=""T6298c4,LS""","=""""",
"=""""","=""511.5430""","=""""","=""3.36e+06""",D+,"=""28.549670""","=""30.973400""","=""3s.5f""","=""3F*""","=""3""","=""3s.7g""","=""3G""","=""3""",7,7,,"=""T6298c4,LS""","=""""",
"=""511.555""","=""511.5542""","=""8w""","=""4.17e+07""",C+,"=""28.549923""","=""30.973600""","=""3s.5f""","=""3F*""","=""4""","=""3s.7g""","=""3G""","=""5""",9,11,,"=""T6298c4,LS""","=""L4833""",
"=""""","=""511.5825""","=""""","=""2.60e+06""",D+,"=""28.549923""","=""30.973466""","=""3s.5f""","=""3F*""","=""4""","=""3s.7g""","=""3G""","=""4""",9,9,,"=""T6298c4,LS""","=""""",
"=""""","=""511.5964""","=""""","=""5.11e+04""",E,"=""28.549923""","=""30.973400""","=""3s.5f""","=""3F*""","=""4""","=""3s.7g""","=""3G""","=""3""",9,7,,"=""T6298c4,LS""","=""""",
"=""""","=""513.5115""","=""""","=""3.25e+02""",E,"=""28.553712""","=""30.968151""","=""3s.5g""","=""3G""","=""3""","=""3s.7f""","=""3F*""","=""4""",7,9,,"=""T6298c4,LS""","=""""",
"=""""","=""513.5189""","=""""","=""2.76e+04""",E,"=""28.553712""","=""30.968116""","=""3s.5g""","=""3G""","=""3""","=""3s.7f""","=""3F*""","=""3""",7,7,,"=""T6298c4,LS""","=""""",
"=""""","=""513.5231""","=""""","=""2.14e+04""",E,"=""28.553767""","=""30.968151""","=""3s.5g""","=""3G""","=""4""","=""3s.7f""","=""3F*""","=""4""",9,9,,"=""T6298c4,LS""","=""""",
"=""""","=""513.5247""","=""""","=""4.39e+05""",E,"=""28.553712""","=""30.968089""","=""3s.5g""","=""3G""","=""3""","=""3s.7f""","=""3F*""","=""2""",7,5,,"=""T6298c4,LS""","=""""",
"=""""","=""513.5305""","=""""","=""4.13e+05""",E,"=""28.553767""","=""30.968116""","=""3s.5g""","=""3G""","=""4""","=""3s.7f""","=""3F*""","=""3""",9,7,,"=""T6298c4,LS""","=""""",
"=""""","=""513.5413""","=""""","=""4.17e+05""",D,"=""28.553852""","=""30.968151""","=""3s.5g""","=""3G""","=""5""","=""3s.7f""","=""3F*""","=""4""",11,9,,"=""T6298c4,LS""","=""""",
"=""519.871""","=""519.8683""","=""5""","=""2.47e+07""",B,"=""28.355155""","=""30.740071""","=""3p.4s""","=""1P*""","=""1""","=""3p.4p""","=""1D""","=""2""",3,5,,"=""T6298c4""","=""L4833""",
"=""""","=""530.407""","=""""","=""7.23e+03""",E,"=""28.54956""","=""30.887085""","=""3s.5f""","=""3F*""","=""2""","=""3s.7d""","=""3D""","=""3""",5,7,,"=""T6298c4,LS""","=""""",
"=""""","=""530.4331""","=""""","=""2.56e+05""",E,"=""28.549670""","=""30.887085""","=""3s.5f""","=""3F*""","=""3""","=""3s.7d""","=""3D""","=""3""",7,7,,"=""T6298c4,LS""","=""""",
"=""""","=""530.4905""","=""""","=""2.96e+06""",D+,"=""28.549923""","=""30.887085""","=""3s.5f""","=""3F*""","=""4""","=""3s.7d""","=""3D""","=""3""",9,7,,"=""T6298c4,LS""","=""""",
"=""""","=""530.893""","=""""","=""3.57e+05""",E,"=""28.54956""","=""30.884947""","=""3s.5f""","=""3F*""","=""2""","=""3s.7d""","=""3D""","=""2""",5,5,,"=""T6298c4,LS""","=""""",
"=""""","=""530.9186""","=""""","=""2.86e+06""",D+,"=""28.549670""","=""30.884947""","=""3s.5f""","=""3F*""","=""3""","=""3s.7d""","=""3D""","=""2""",7,5,,"=""T6298c4,LS""","=""""",
"=""""","=""531.186""","=""""","=""3.21e+06""",D+,"=""28.54956""","=""30.88366""","=""3s.5f""","=""3F*""","=""2""","=""3s.7d""","=""3D""","=""1""",5,3,,"=""T6298c4,LS""","=""""",
"=""""","=""531.4722""","=""""","=""1.30e+07""",C,"=""29.254207""","=""31.587051""","=""3p.3d""","=""1P*""","=""1""","=""3s.8d""","=""1D""","=""2""",3,5,,"=""T6298c4""","=""""",
"=""545.298""","=""545.2970""","=""6""","=""4.60e+07""",B+,"=""28.085821""","=""30.359521""","=""3p.4s""","=""3P*""","=""1""","=""3p.4p""","=""3D""","=""2""",3,5,,"=""T6298c4,LS""","=""L4833""",
"=""""","=""545.3476""","=""""","=""3.41e+07""",B,"=""28.070023""","=""30.343512""","=""3p.4s""","=""3P*""","=""0""","=""3p.4p""","=""3D""","=""1""",1,3,,"=""T6298c4,LS""","=""""",
"=""547.457""","=""547.4562""","=""7""","=""6.07e+07""",B+,"=""28.122131""","=""30.386863""","=""3p.4s""","=""3P*""","=""2""","=""3p.4p""","=""3D""","=""3""",5,7,,"=""T6298c4,LS""","=""L4833""",
"=""""","=""549.1636""","=""""","=""2.50e+07""",B,"=""28.085821""","=""30.343512""","=""3p.4s""","=""3P*""","=""1""","=""3p.4p""","=""3D""","=""1""",3,3,,"=""T6298c4,LS""","=""""",
"=""""","=""554.1465""","=""""","=""1.46e+07""",B,"=""28.122131""","=""30.359521""","=""3p.4s""","=""3P*""","=""2""","=""3p.4p""","=""3D""","=""2""",5,5,,"=""T6298c4,LS""","=""""",
"=""""","=""558.1401""","=""""","=""1.59e+06""",C,"=""28.122131""","=""30.343512""","=""3p.4s""","=""3P*""","=""2""","=""3p.4p""","=""3D""","=""1""",5,3,,"=""T6298c4,LS""","=""""",
"=""""","=""559.8440""","=""""","=""1.17e+05""",E,"=""28.154479""","=""30.369100""","=""3s.5d""","=""3D""","=""1""","=""3s.7p""","=""3P*""","=""2""",3,5,,"=""T6298c4,LS""","=""""",
"=""""","=""559.9386""","=""""","=""1.75e+06""",D+,"=""28.154854""","=""30.369100""","=""3s.5d""","=""3D""","=""2""","=""3s.7p""","=""3P*""","=""2""",5,5,,"=""T6298c4,LS""","=""""",
"=""""","=""560.0801""","=""""","=""9.79e+06""",C,"=""28.155413""","=""30.369100""","=""3s.5d""","=""3D""","=""3""","=""3s.7p""","=""3P*""","=""2""",7,5,,"=""T6298c4,LS""","=""""",
"=""""","=""560.1560""","=""""","=""2.91e+06""",D+,"=""28.154479""","=""30.367866""","=""3s.5d""","=""3D""","=""1""","=""3s.7p""","=""3P*""","=""1""",3,3,,"=""T6298c4,LS""","=""""",
"=""""","=""560.2508""","=""""","=""8.75e+06""",C,"=""28.154854""","=""30.367866""","=""3s.5d""","=""3D""","=""2""","=""3s.7p""","=""3P*""","=""1""",5,3,,"=""T6298c4,LS""","=""""",
"=""""","=""560.3016""","=""""","=""1.17e+07""",D+,"=""28.154479""","=""30.367291""","=""3s.5d""","=""3D""","=""1""","=""3s.7p""","=""3P*""","=""0""",3,1,,"=""T6298c4,LS""","=""""",
"=""""","=""569.18""","=""""","=""5.95e+06""",D+,"=""29.788726""","=""31.96702""","=""3s.6d""","=""3D""","=""1""","=""3s.9f""","=""3F*""","=""2""",3,5,,"=""T6298c4,LS""","=""""",
"=""""","=""569.563""","=""""","=""4.71e+04""",D,"=""25.978583""","=""28.155413""","=""3s.4f""","=""3F*""","=""2""","=""3s.5d""","=""3D""","=""3""",5,7,,"=""T6298c4,LS""","=""""",
"=""""","=""569.709""","=""""","=""2.34e+06""",C,"=""25.978583""","=""28.154854""","=""3s.4f""","=""3F*""","=""2""","=""3s.5d""","=""3D""","=""2""",5,5,,"=""T6298c4,LS""","=""""",
"=""""","=""569.807""","=""""","=""2.10e+07""",B,"=""25.978583""","=""28.154479""","=""3s.4f""","=""3F*""","=""2""","=""3s.5d""","=""3D""","=""1""",5,3,,"=""T6298c4,LS""","=""""",
"=""""","=""569.89""","=""""","=""1.10e+06""",E,"=""29.791454""","=""31.96702""","=""3s.6d""","=""3D""","=""2""","=""3s.9f""","=""3F*""","=""2""",5,5,,"=""T6298c4,LS""","=""""",
"=""""","=""569.89""","=""""","=""6.26e+06""",D+,"=""29.791454""","=""31.96702""","=""3s.6d""","=""3D""","=""2""","=""3s.9f""","=""3F*""","=""3""",5,7,,"=""T6298c4,LS""","=""""",
"=""""","=""570.471""","=""""","=""1.66e+06""",C,"=""25.982046""","=""28.155413""","=""3s.4f""","=""3F*""","=""3""","=""3s.5d""","=""3D""","=""3""",7,7,,"=""T6298c4,LS""","=""""",
"=""570.618""","=""570.617""","=""7""","=""1.86e+07""",B,"=""25.982046""","=""28.154854""","=""3s.4f""","=""3F*""","=""3""","=""3s.5d""","=""3D""","=""2""",7,5,,"=""T6298c4,LS""","=""L4833""",
"=""""","=""570.88""","=""""","=""3.09e+04""",E,"=""29.795217""","=""31.96702""","=""3s.6d""","=""3D""","=""3""","=""3s.9f""","=""3F*""","=""2""",7,5,,"=""T6298c4,LS""","=""""",
"=""""","=""570.88""","=""""","=""7.82e+05""",E,"=""29.795217""","=""31.96702""","=""3s.6d""","=""3D""","=""3""","=""3s.9f""","=""3F*""","=""3""",7,7,,"=""T6298c4,LS""","=""""",
"=""""","=""570.88""","=""""","=""7.02e+06""",D+,"=""29.795217""","=""31.96702""","=""3s.6d""","=""3D""","=""3""","=""3s.9f""","=""3F*""","=""4""",7,9,,"=""T6298c4,LS""","=""""",
"=""571.788""","=""571.787""","=""8""","=""1.91e+07""",B,"=""25.987051""","=""28.155413""","=""3s.4f""","=""3F*""","=""4""","=""3s.5d""","=""3D""","=""3""",9,7,,"=""T6298c4,LS""","=""L4833""",
"=""""","=""572.620""","=""""","=""6.36e+06""",D+,"=""29.824370""","=""31.989581""","=""3s.6d""","=""1D""","=""2""","=""3s.9f""","=""1F*""","=""3""",5,7,,"=""T6298c4""","=""""",
"=""574.132""","=""574.133""","=""20""","=""5.41e+07""",B+,"=""19.722118""","=""21.881623""","=""3s.4s""","=""1S""","=""0""","=""3s.4p""","=""1P*""","=""1""",1,3,,"=""c44,T5038""","=""L4833""",
"=""""","=""581.180""","=""""","=""1.26e+07""",C,"=""28.226874""","=""30.360193""","=""3s.5d""","=""1D""","=""2""","=""3s.7p""","=""1P*""","=""1""",5,3,,"=""T6298c4""","=""""",
"=""590.042""","=""590.042""","=""10w""","=""4.86e+07""",B,"=""27.961701""","=""30.062978""","=""3s.5f""","=""1F*""","=""3""","=""3s.6g""","=""1G""","=""4""",7,9,,"=""T6298c4""","=""L4833""",
"=""""","=""615.426""","=""""","=""7.05e+05""",D,"=""29.060364""","=""31.074972""","=""3s.6p""","=""1P*""","=""1""","=""3s.7d""","=""1D""","=""2""",3,5,,"=""T6298c4""","=""""",
"=""""","=""617.154""","=""""","=""1.06e+07""",B,"=""28.226874""","=""30.235840""","=""3s.5d""","=""1D""","=""2""","=""3s.6f""","=""1F*""","=""3""",5,7,,"=""T6298c4""","=""""",
"=""""","=""617.532""","=""""","=""8.11e+04""",D+,"=""19.722118""","=""21.729855""","=""3s.4s""","=""1S""","=""0""","=""3s.4p""","=""3P*""","=""1""",1,3,,"=""c44""","=""""",
"=""""","=""620.202""","=""""","=""1.31e-06""",D,"=""17.723025""","=""19.722118""","=""3s.3d""","=""3D""","=""2""","=""3s.4s""","=""1S""","=""0""",5,1,E2,"=""c44""","=""""",
"=""""","=""620.295""","=""""","=""1.08e-12""",E,"=""17.723324""","=""19.722118""","=""3s.3d""","=""3D""","=""1""","=""3s.4s""","=""1S""","=""0""",3,1,M1,"=""c44""","=""""",
"=""""","=""629.279""","=""""","=""2.94e+03""",E,"=""24.995001""","=""26.965260""","=""3s.4d""","=""3D""","=""2""","=""3p.3d""","=""3D*""","=""3""",5,7,,"=""T6298c4,LS""","=""""",
"=""""","=""629.326""","=""""","=""2.34e+04""",D,"=""24.995150""","=""26.965260""","=""3s.4d""","=""3D""","=""3""","=""3p.3d""","=""3D*""","=""3""",7,7,,"=""T6298c4,LS""","=""""",
"=""""","=""631.226""","=""""","=""3.91e+03""",E,"=""24.994933""","=""26.959114""","=""3s.4d""","=""3D""","=""1""","=""3p.3d""","=""3D*""","=""2""",3,5,,"=""T6298c4,LS""","=""""",
"=""""","=""631.248""","=""""","=""1.81e+04""",E,"=""24.995001""","=""26.959114""","=""3s.4d""","=""3D""","=""2""","=""3p.3d""","=""3D*""","=""2""",5,5,,"=""T6298c4,LS""","=""""",
"=""""","=""631.296""","=""""","=""4.05e+03""",E,"=""24.995150""","=""26.959114""","=""3s.4d""","=""3D""","=""3""","=""3p.3d""","=""3D*""","=""2""",7,5,,"=""T6298c4,LS""","=""""",
"=""631.621""","=""631.621""","=""7""","=""1.18e+08""",B,"=""26.598599""","=""28.561553""","=""3s.5p""","=""1P*""","=""1""","=""3s.6s""","=""1S""","=""0""",3,1,,"=""T6298c4""","=""L4833""",
"=""""","=""633.391""","=""""","=""1.93e+04""",E,"=""24.994933""","=""26.952400""","=""3s.4d""","=""3D""","=""1""","=""3p.3d""","=""3D*""","=""1""",3,3,,"=""T6298c4,LS""","=""""",
"=""""","=""633.413""","=""""","=""6.46e+03""",E,"=""24.995001""","=""26.952400""","=""3s.4d""","=""3D""","=""2""","=""3p.3d""","=""3D*""","=""1""",5,3,,"=""T6298c4,LS""","=""""",
"=""""","=""647.55""","=""""","=""1.06e+07""",C,"=""30.055119""","=""31.96977""","=""3s.6f""","=""3F*""","=""2""","=""3s.9g""","=""3G""","=""3""",5,7,,"=""T6298c4,LS""","=""""",
"=""""","=""647.57""","=""""","=""9.24e+05""",D,"=""30.055167""","=""31.96977""","=""3s.6f""","=""3F*""","=""3""","=""3s.9g""","=""3G""","=""3""",7,7,,"=""T6298c4,LS""","=""""",
"=""""","=""647.57""","=""""","=""1.08e+07""",C,"=""30.055167""","=""31.96977""","=""3s.6f""","=""3F*""","=""3""","=""3s.9g""","=""3G""","=""4""",7,9,,"=""T6298c4,LS""","=""""",
"=""""","=""647.59""","=""""","=""1.41e+04""",E,"=""30.055220""","=""31.96977""","=""3s.6f""","=""3F*""","=""4""","=""3s.9g""","=""3G""","=""3""",9,7,,"=""T6298c4,LS""","=""""",
"=""""","=""647.59""","=""""","=""7.19e+05""",D,"=""30.055220""","=""31.96977""","=""3s.6f""","=""3F*""","=""4""","=""3s.9g""","=""3G""","=""4""",9,9,,"=""T6298c4,LS""","=""""",
"=""""","=""647.59""","=""""","=""1.15e+07""",C,"=""30.055220""","=""31.96977""","=""3s.6f""","=""3F*""","=""4""","=""3s.9g""","=""3G""","=""5""",9,11,,"=""T6298c4,LS""","=""""",
"=""""","=""651.418""","=""""","=""2.09e+06""",D+,"=""29.063765""","=""30.967061""","=""3s.6p""","=""3P*""","=""0""","=""3s.8s""","=""3S""","=""1""",1,3,,"=""T6298c4,LS""","=""""",
"=""""","=""651.984""","=""""","=""6.25e+06""",C,"=""29.065417""","=""30.967061""","=""3s.6p""","=""3P*""","=""1""","=""3s.8s""","=""3S""","=""1""",3,3,,"=""T6298c4,LS""","=""""",
"=""""","=""652.329""","=""""","=""3.22e+07""",B+,"=""28.154479""","=""30.055119""","=""3s.5d""","=""3D""","=""1""","=""3s.6f""","=""3F*""","=""2""",3,5,,"=""T6298c4,LS""","=""""",
"=""""","=""652.441""","=""""","=""3.40e+07""",B+,"=""28.154854""","=""30.055167""","=""3s.5d""","=""3D""","=""2""","=""3s.6f""","=""3F*""","=""3""",5,7,,"=""T6298c4,LS""","=""""",
"=""""","=""652.457""","=""""","=""5.97e+06""",B,"=""28.154854""","=""30.055119""","=""3s.5d""","=""3D""","=""2""","=""3s.6f""","=""3F*""","=""2""",5,5,,"=""T6298c4,LS""","=""""",
"=""""","=""652.571""","=""""","=""1.04e+07""",C,"=""29.067126""","=""30.967061""","=""3s.6p""","=""3P*""","=""2""","=""3s.8s""","=""3S""","=""1""",5,3,,"=""T6298c4,LS""","=""""",
"=""652.616""","=""652.615""","=""6w""","=""3.82e+07""",B+,"=""28.155413""","=""30.055220""","=""3s.5d""","=""3D""","=""3""","=""3s.6f""","=""3F*""","=""4""",7,9,,"=""T6298c4,LS""","=""L4833""",
"=""""","=""652.633""","=""""","=""4.26e+06""",B,"=""28.155413""","=""30.055167""","=""3s.5d""","=""3D""","=""3""","=""3s.6f""","=""3F*""","=""3""",7,7,,"=""T6298c4,LS""","=""""",
"=""""","=""652.649""","=""""","=""1.68e+05""",D+,"=""28.155413""","=""30.055119""","=""3s.5d""","=""3D""","=""3""","=""3s.6f""","=""3F*""","=""2""",7,5,,"=""T6298c4,LS""","=""""",
"=""""","=""656.917""","=""""","=""5.86e+06""",D,"=""29.187607""","=""31.074972""","=""3p.3d""","=""1F*""","=""3""","=""3s.7d""","=""1D""","=""2""",7,5,,"=""T6298c4""","=""""",
"=""""","=""665.627""","=""""","=""8.81e+04""",D,"=""27.961701""","=""29.824370""","=""3s.5f""","=""1F*""","=""3""","=""3s.6d""","=""1D""","=""2""",7,5,,"=""T6298c4""","=""""",
"=""""","=""666.46""","=""""","=""3.98e+03""",E,"=""30.055119""","=""31.91547""","=""3s.6f""","=""3F*""","=""2""","=""3s.9d""","=""3D""","=""3""",5,7,,"=""T6298c4,LS""","=""""",
"=""""","=""666.46""","=""""","=""1.97e+05""",E,"=""30.055119""","=""31.91547""","=""3s.6f""","=""3F*""","=""2""","=""3s.9d""","=""3D""","=""2""",5,5,,"=""T6298c4,LS""","=""""",
"=""""","=""666.46""","=""""","=""1.77e+06""",E,"=""30.055119""","=""31.91547""","=""3s.6f""","=""3F*""","=""2""","=""3s.9d""","=""3D""","=""1""",5,3,,"=""T6298c4,LS""","=""""",
"=""""","=""666.47""","=""""","=""1.41e+05""",E,"=""30.055167""","=""31.91547""","=""3s.6f""","=""3F*""","=""3""","=""3s.9d""","=""3D""","=""3""",7,7,,"=""T6298c4,LS""","=""""",
"=""""","=""666.47""","=""""","=""1.57e+06""",D,"=""30.055167""","=""31.91547""","=""3s.6f""","=""3F*""","=""3""","=""3s.9d""","=""3D""","=""2""",7,5,,"=""T6298c4,LS""","=""""",
"=""""","=""666.49""","=""""","=""1.63e+06""",D,"=""30.055220""","=""31.91547""","=""3s.6f""","=""3F*""","=""4""","=""3s.9d""","=""3D""","=""3""",9,7,,"=""T6298c4,LS""","=""""",
"=""""","=""674.81""","=""""","=""1.84e+03""",E,"=""28.54956""","=""30.386863""","=""3s.5f""","=""3F*""","=""2""","=""3p.4p""","=""3D""","=""3""",5,7,,"=""T6298c4,LS""","=""""",
"=""""","=""674.857""","=""""","=""6.52e+04""",D+,"=""28.549670""","=""30.386863""","=""3s.5f""","=""3F*""","=""3""","=""3p.4p""","=""3D""","=""3""",7,7,,"=""T6298c4,LS""","=""""",
"=""""","=""674.950""","=""""","=""7.53e+05""",C,"=""28.549923""","=""30.386863""","=""3s.5f""","=""3F*""","=""4""","=""3p.4p""","=""3D""","=""3""",9,7,,"=""T6298c4,LS""","=""""",
"=""""","=""677.850""","=""""","=""1.77e+07""",C+,"=""24.994933""","=""26.824014""","=""3s.4d""","=""3D""","=""1""","=""3p.3d""","=""3P*""","=""0""",3,1,,"=""T6298c4,LS""","=""""",
"=""""","=""680.691""","=""""","=""4.38e+06""",C+,"=""24.994933""","=""26.816380""","=""3s.4d""","=""3D""","=""1""","=""3p.3d""","=""3P*""","=""1""",3,3,,"=""T6298c4,LS""","=""""",
"=""""","=""680.716""","=""""","=""1.31e+07""",B,"=""24.995001""","=""26.816380""","=""3s.4d""","=""3D""","=""2""","=""3p.3d""","=""3P*""","=""1""",5,3,,"=""T6298c4,LS""","=""""",
"=""""","=""680.946""","=""""","=""7.47e+06""",C,"=""29.254207""","=""31.074972""","=""3p.3d""","=""1P*""","=""1""","=""3s.7d""","=""1D""","=""2""",3,5,,"=""T6298c4""","=""""",
"=""""","=""681.247""","=""""","=""8.88e+06""",C+,"=""29.067126""","=""30.887085""","=""3s.6p""","=""3P*""","=""2""","=""3s.7d""","=""3D""","=""3""",5,7,,"=""T6298c4,LS""","=""""",
"=""""","=""681.27""","=""""","=""4.93e+06""",C,"=""29.063765""","=""30.88366""","=""3s.6p""","=""3P*""","=""0""","=""3s.7d""","=""3D""","=""1""",1,3,,"=""T6298c4,LS""","=""""",
"=""""","=""681.408""","=""""","=""6.65e+06""",C,"=""29.065417""","=""30.884947""","=""3s.6p""","=""3P*""","=""1""","=""3s.7d""","=""3D""","=""2""",3,5,,"=""T6298c4,LS""","=""""",
"=""""","=""681.89""","=""""","=""3.69e+06""",D+,"=""29.065417""","=""30.88366""","=""3s.6p""","=""3P*""","=""1""","=""3s.7d""","=""3D""","=""1""",3,3,,"=""T6298c4,LS""","=""""",
"=""""","=""682.048""","=""""","=""2.21e+06""",D+,"=""29.067126""","=""30.884947""","=""3s.6p""","=""3P*""","=""2""","=""3s.7d""","=""3D""","=""2""",5,5,,"=""T6298c4,LS""","=""""",
"=""""","=""682.53""","=""""","=""2.46e+05""",E,"=""29.067126""","=""30.88366""","=""3s.6p""","=""3P*""","=""2""","=""3s.7d""","=""3D""","=""1""",5,3,,"=""T6298c4,LS""","=""""",
"=""683.345""","=""683.344""","=""6w""","=""5.83e+07""",B+,"=""26.655272""","=""28.469647""","=""3s.5p""","=""3P*""","=""2""","=""3s.6s""","=""3S""","=""1""",5,3,,"=""T6298c4,LS""","=""L4833""",
"=""""","=""683.595""","=""""","=""3.50e+07""",B,"=""26.655939""","=""28.469647""","=""3s.5p""","=""3P*""","=""1""","=""3s.6s""","=""3S""","=""1""",3,3,,"=""T6298c4,LS""","=""""",
"=""""","=""683.633""","=""""","=""1.17e+07""",B,"=""26.656040""","=""28.469647""","=""3s.5p""","=""3P*""","=""0""","=""3s.6s""","=""3S""","=""1""",1,3,,"=""T6298c4,LS""","=""""",
"=""""","=""685.01""","=""""","=""8.73e+04""",D+,"=""28.54956""","=""30.359521""","=""3s.5f""","=""3F*""","=""2""","=""3p.4p""","=""3D""","=""2""",5,5,,"=""T6298c4,LS""","=""""",
"=""""","=""685.283""","=""""","=""1.71e+05""",D+,"=""24.994933""","=""26.804174""","=""3s.4d""","=""3D""","=""1""","=""3p.3d""","=""3P*""","=""2""",3,5,,"=""T6298c4,LS""","=""""",
"=""""","=""685.309""","=""""","=""2.57e+06""",C+,"=""24.995001""","=""26.804174""","=""3s.4d""","=""3D""","=""2""","=""3p.3d""","=""3P*""","=""2""",5,5,,"=""T6298c4,LS""","=""""",
"=""685.354""","=""""","=""7w""","=""""",,"=""""","=""""","=""""","=""""","=""""","=""""","=""""","=""""",1,1,,"=""""","=""L4833""",
"=""""","=""685.365""","=""""","=""1.44e+07""",B,"=""24.995150""","=""26.804174""","=""3s.4d""","=""3D""","=""3""","=""3p.3d""","=""3P*""","=""2""",7,5,,"=""T6298c4,LS""","=""""",
"=""""","=""691.12""","=""""","=""7.63e+05""",C,"=""28.54956""","=""30.343512""","=""3s.5f""","=""3F*""","=""2""","=""3p.4p""","=""3D""","=""1""",5,3,,"=""T6298c4,LS""","=""""",
"=""""","=""696.486""","=""""","=""7.33e+05""",C,"=""29.063765""","=""30.843904""","=""3s.6p""","=""3P*""","=""0""","=""3p.4p""","=""3S""","=""1""",1,3,,"=""T6298c4,LS""","=""""",
"=""""","=""697.133""","=""""","=""2.20e+06""",C+,"=""29.065417""","=""30.843904""","=""3s.6p""","=""3P*""","=""1""","=""3p.4p""","=""3S""","=""1""",3,3,,"=""T6298c4,LS""","=""""",
"=""""","=""697.804""","=""""","=""3.65e+06""",C+,"=""29.067126""","=""30.843904""","=""3s.6p""","=""3P*""","=""2""","=""3p.4p""","=""3S""","=""1""",5,3,,"=""T6298c4,LS""","=""""",
"=""""","=""699.025""","=""""","=""6.24e+06""",C,"=""29.824370""","=""31.598045""","=""3s.6d""","=""1D""","=""2""","=""3s.8f""","=""1F*""","=""3""",5,7,,"=""T6298c4""","=""""",
"=""""","=""699.558""","=""""","=""7.23e+06""",C,"=""29.788726""","=""31.561049""","=""3s.6d""","=""3D""","=""1""","=""3s.8f""","=""3F*""","=""2""",3,5,,"=""T6298c4,LS""","=""""",
"=""""","=""700.625""","=""""","=""7.61e+06""",C+,"=""29.791454""","=""31.561078""","=""3s.6d""","=""3D""","=""2""","=""3s.8f""","=""3F*""","=""3""",5,7,,"=""T6298c4,LS""","=""""",
"=""""","=""700.636""","=""""","=""1.34e+06""",D+,"=""29.791454""","=""31.561049""","=""3s.6d""","=""3D""","=""2""","=""3s.8f""","=""3F*""","=""2""",5,5,,"=""T6298c4,LS""","=""""",
"=""""","=""702.099""","=""""","=""8.51e+06""",C+,"=""29.795217""","=""31.561125""","=""3s.6d""","=""3D""","=""3""","=""3s.8f""","=""3F*""","=""4""",7,9,,"=""T6298c4,LS""","=""""",
"=""""","=""702.118""","=""""","=""9.49e+05""",D+,"=""29.795217""","=""31.561078""","=""3s.6d""","=""3D""","=""3""","=""3s.8f""","=""3F*""","=""3""",7,7,,"=""T6298c4,LS""","=""""",
"=""""","=""702.129""","=""""","=""3.75e+04""",E,"=""29.795217""","=""31.561049""","=""3s.6d""","=""3D""","=""3""","=""3s.8f""","=""3F*""","=""2""",7,5,,"=""T6298c4,LS""","=""""",
"=""""","=""704.943""","=""""","=""2.63e+07""",B,"=""28.355155""","=""30.113939""","=""3p.4s""","=""1P*""","=""1""","=""3p.4p""","=""1P""","=""1""",3,3,,"=""T6298c4""","=""""",
"=""""","=""708.858""","=""""","=""2.34e+06""",D,"=""30.360193""","=""32.109262""","=""3s.7p""","=""1P*""","=""1""","=""3p.4p""","=""1S""","=""0""",3,1,,"=""T6298c4""","=""""",
"=""""","=""715.31""","=""""","=""9.84e+05""",D,"=""30.235840""","=""31.96914""","=""3s.6f""","=""1F*""","=""3""","=""3s.9d""","=""1D""","=""2""",7,5,,"=""T6298c4""","=""""",
"=""""","=""719.105""","=""""","=""1.87e+07""",C,"=""29.254207""","=""30.978352""","=""3p.3d""","=""1P*""","=""1""","=""3s.8s""","=""1S""","=""0""",3,1,,"=""T6298c4""","=""""",
"=""""","=""721.382""","=""""","=""4.66e+06""",C+,"=""28.070023""","=""29.788726""","=""3p.4s""","=""3P*""","=""0""","=""3s.6d""","=""3D""","=""1""",1,3,,"=""T6298c4,LS""","=""""",
"=""""","=""722.637""","=""""","=""3.04e+06""",D,"=""28.355155""","=""30.070873""","=""3p.4s""","=""1P*""","=""1""","=""3s.7s""","=""1S""","=""0""",3,1,,"=""T6298c4""","=""""",
"=""""","=""726.910""","=""""","=""6.17e+06""",B,"=""28.085821""","=""29.791454""","=""3p.4s""","=""3P*""","=""1""","=""3s.6d""","=""3D""","=""2""",3,5,,"=""T6298c4,LS""","=""""",
"=""""","=""727.821""","=""""","=""9.37e+04""",D+,"=""29.065417""","=""30.768916""","=""3s.6p""","=""3P*""","=""1""","=""3p.4p""","=""3P""","=""2""",3,5,,"=""T6298c4,LS""","=""""",
"=""""","=""728.074""","=""""","=""3.41e+06""",C+,"=""28.085821""","=""29.788726""","=""3p.4s""","=""3P*""","=""1""","=""3s.6d""","=""3D""","=""1""",3,3,,"=""T6298c4,LS""","=""""",
"=""""","=""728.552""","=""""","=""2.81e+05""",C,"=""29.067126""","=""30.768916""","=""3s.6p""","=""3P*""","=""2""","=""3p.4p""","=""3P""","=""2""",5,5,,"=""T6298c4,LS""","=""""",
"=""""","=""737.110""","=""""","=""3.43e+04""",D,"=""28.553810""","=""30.235840""","=""3s.5g""","=""1G""","=""4""","=""3s.6f""","=""1F*""","=""3""",9,7,,"=""T6298c4""","=""""",
"=""""","=""738.130""","=""""","=""8.74e+05""",C,"=""29.060364""","=""30.740071""","=""3s.6p""","=""1P*""","=""1""","=""3p.4p""","=""1D""","=""2""",3,5,,"=""T6298c4""","=""""",
"=""""","=""738.628""","=""""","=""1.20e+05""",D+,"=""29.063765""","=""30.742340""","=""3s.6p""","=""3P*""","=""0""","=""3p.4p""","=""3P""","=""1""",1,3,,"=""T6298c4,LS""","=""""",
"=""""","=""739.356""","=""""","=""8.97e+04""",D,"=""29.065417""","=""30.742340""","=""3s.6p""","=""3P*""","=""1""","=""3p.4p""","=""3P""","=""1""",3,3,,"=""T6298c4,LS""","=""""",
"=""""","=""740.110""","=""""","=""1.49e+05""",D+,"=""29.067126""","=""30.742340""","=""3s.6p""","=""3P*""","=""2""","=""3p.4p""","=""3P""","=""1""",5,3,,"=""T6298c4,LS""","=""""",
"=""""","=""741.051""","=""""","=""7.76e+06""",B,"=""28.122131""","=""29.795217""","=""3p.4s""","=""3P*""","=""2""","=""3s.6d""","=""3D""","=""3""",5,7,,"=""T6298c4,LS""","=""""",
"=""""","=""742.721""","=""""","=""1.92e+06""",C+,"=""28.122131""","=""29.791454""","=""3p.4s""","=""3P*""","=""2""","=""3s.6d""","=""3D""","=""2""",5,5,,"=""T6298c4,LS""","=""""",
"=""""","=""743.867""","=""""","=""3.52e+05""",D+,"=""29.065417""","=""30.732169""","=""3s.6p""","=""3P*""","=""1""","=""3p.4p""","=""3P""","=""0""",3,1,,"=""T6298c4,LS""","=""""",
"=""""","=""743.937""","=""""","=""2.13e+05""",D+,"=""28.122131""","=""29.788726""","=""3p.4s""","=""3P*""","=""2""","=""3s.6d""","=""3D""","=""1""",5,3,,"=""T6298c4,LS""","=""""",
"=""""","=""744.438""","=""""","=""1.60e+07""",B,"=""26.804174""","=""28.469647""","=""3p.3d""","=""3P*""","=""2""","=""3s.6s""","=""3S""","=""1""",5,3,,"=""T6298c4,LS""","=""""",
"=""746.395""","=""746.395""","=""5w""","=""4.99e+07""",B,"=""24.994933""","=""26.656040""","=""3s.4d""","=""3D""","=""1""","=""3s.5p""","=""3P*""","=""0""",3,1,,"=""T6298c4,LS""","=""L4833""",
"=""""","=""746.440""","=""""","=""1.25e+07""",B,"=""24.994933""","=""26.655939""","=""3s.4d""","=""3D""","=""1""","=""3s.5p""","=""3P*""","=""1""",3,3,,"=""T6298c4,LS""","=""""",
"=""746.468""","=""746.471""","=""8w""","=""3.75e+07""",B+,"=""24.995001""","=""26.655939""","=""3s.4d""","=""3D""","=""2""","=""3s.5p""","=""3P*""","=""1""",5,3,,"=""T6298c4,LS""","=""L4833""",
"=""""","=""746.740""","=""""","=""4.99e+05""",C,"=""24.994933""","=""26.655272""","=""3s.4d""","=""3D""","=""1""","=""3s.5p""","=""3P*""","=""2""",3,5,,"=""T6298c4,LS""","=""""",
"=""""","=""746.771""","=""""","=""7.49e+06""",B,"=""24.995001""","=""26.655272""","=""3s.4d""","=""3D""","=""2""","=""3s.5p""","=""3P*""","=""2""",5,5,,"=""T6298c4,LS""","=""""",
"=""746.838""","=""746.838""","=""9w""","=""4.19e+07""",B+,"=""24.995150""","=""26.655272""","=""3s.4d""","=""3D""","=""3""","=""3s.5p""","=""3P*""","=""2""",7,5,,"=""T6298c4,LS""","=""L4833""",
"=""""","=""749.934""","=""""","=""9.39e+06""",B,"=""26.816380""","=""28.469647""","=""3p.3d""","=""3P*""","=""1""","=""3s.6s""","=""3S""","=""1""",3,3,,"=""T6298c4,LS""","=""""",
"=""""","=""753.413""","=""""","=""3.09e+06""",C+,"=""26.824014""","=""28.469647""","=""3p.3d""","=""3P*""","=""0""","=""3s.6s""","=""3S""","=""1""",1,3,,"=""T6298c4,LS""","=""""",
"=""""","=""755.298""","=""""","=""8.19e-07""",E,"=""16.081798""","=""17.723324""","=""3p2""","=""3P""","=""0""","=""3s.3d""","=""3D""","=""1""",1,3,M1,"=""c44""","=""""",
"=""""","=""755.436""","=""""","=""2.16e-03""",C+,"=""16.081798""","=""17.723025""","=""3p2""","=""3P""","=""0""","=""3s.3d""","=""3D""","=""2""",1,5,E2,"=""c44""","=""""",
"=""761.446""","=""761.445""","=""12w""","=""9.94e+07""",B+,"=""26.598599""","=""28.226874""","=""3s.5p""","=""1P*""","=""1""","=""3s.5d""","=""1D""","=""2""",3,5,,"=""T6298c4""","=""L4833""",
"=""""","=""762.993""","=""""","=""2.38e-06""",E,"=""16.098353""","=""17.723324""","=""3p2""","=""3P""","=""1""","=""3s.3d""","=""3D""","=""1""",3,3,M1,"=""c44""","=""""",
"=""""","=""762.993""","=""""","=""4.46e-03""",C+,"=""16.098353""","=""17.723324""","=""3p2""","=""3P""","=""1""","=""3s.3d""","=""3D""","=""1""",3,3,E2,"=""c44""","=""""",
"=""""","=""763.133""","=""""","=""1.02e-07""",E,"=""16.098353""","=""17.723025""","=""3p2""","=""3P""","=""1""","=""3s.3d""","=""3D""","=""2""",3,5,M1,"=""c44""","=""""",
"=""""","=""763.133""","=""""","=""4.80e-04""",C+,"=""16.098353""","=""17.723025""","=""3p2""","=""3P""","=""1""","=""3s.3d""","=""3D""","=""2""",3,5,E2,"=""c44""","=""""",
"=""""","=""763.256""","=""""","=""2.14e-03""",C+,"=""16.098353""","=""17.722765""","=""3p2""","=""3P""","=""1""","=""3s.3d""","=""3D""","=""3""",3,7,E2,"=""c44""","=""""",
"=""""","=""763.68""","=""""","=""4.01e+05""",E,"=""30.343512""","=""31.96702""","=""3p.4p""","=""3D""","=""1""","=""3s.9f""","=""3F*""","=""2""",3,5,,"=""T6298c4,LS""","=""""",
"=""""","=""771.29""","=""""","=""7.23e+04""",E,"=""30.359521""","=""31.96702""","=""3p.4p""","=""3D""","=""2""","=""3s.9f""","=""3F*""","=""2""",5,5,,"=""T6298c4,LS""","=""""",
"=""""","=""771.29""","=""""","=""4.12e+05""",E,"=""30.359521""","=""31.96702""","=""3p.4p""","=""3D""","=""2""","=""3s.9f""","=""3F*""","=""3""",5,7,,"=""T6298c4,LS""","=""""",
"=""""","=""778.348""","=""""","=""1.60e-06""",E,"=""16.130409""","=""17.723324""","=""3p2""","=""3P""","=""2""","=""3s.3d""","=""3D""","=""1""",5,3,M1,"=""c44""","=""""",
"=""""","=""778.348""","=""""","=""1.36e-03""",C+,"=""16.130409""","=""17.723324""","=""3p2""","=""3P""","=""2""","=""3s.3d""","=""3D""","=""1""",5,3,E2,"=""c44""","=""""",
"=""""","=""778.494""","=""""","=""2.35e-06""",E,"=""16.130409""","=""17.723025""","=""3p2""","=""3P""","=""2""","=""3s.3d""","=""3D""","=""2""",5,5,M1,"=""c44""","=""""",
"=""""","=""778.494""","=""""","=""3.21e-03""",C+,"=""16.130409""","=""17.723025""","=""3p2""","=""3P""","=""2""","=""3s.3d""","=""3D""","=""2""",5,5,E2,"=""c44""","=""""",
"=""""","=""778.621""","=""""","=""2.21e-06""",D,"=""16.130409""","=""17.722765""","=""3p2""","=""3P""","=""2""","=""3s.3d""","=""3D""","=""3""",5,7,M1,"=""c44""","=""""",
"=""""","=""778.621""","=""""","=""3.73e-03""",B,"=""16.130409""","=""17.722765""","=""3p2""","=""3P""","=""2""","=""3s.3d""","=""3D""","=""3""",5,7,E2,"=""c44""","=""""",
"=""""","=""784.63""","=""""","=""1.94e+03""",E,"=""30.386863""","=""31.96702""","=""3p.4p""","=""3D""","=""3""","=""3s.9f""","=""3F*""","=""2""",7,5,,"=""T6298c4,LS""","=""""",
"=""""","=""784.63""","=""""","=""4.91e+04""",E,"=""30.386863""","=""31.96702""","=""3p.4p""","=""3D""","=""3""","=""3s.9f""","=""3F*""","=""3""",7,7,,"=""T6298c4,LS""","=""""",
"=""""","=""784.63""","=""""","=""4.40e+05""",D,"=""30.386863""","=""31.96702""","=""3p.4p""","=""3D""","=""3""","=""3s.9f""","=""3F*""","=""4""",7,9,,"=""T6298c4,LS""","=""""",
"=""""","=""798.629""","=""""","=""6.24e+05""",D+,"=""29.187607""","=""30.740071""","=""3p.3d""","=""1F*""","=""3""","=""3p.4p""","=""1D""","=""2""",7,5,,"=""T6298c4""","=""""",
"=""810.509""","=""""","=""9w""","=""""",,"=""""","=""""","=""""","=""""","=""""","=""""","=""""","=""""",1,1,,"=""""","=""L4833""",
"=""810.568""","=""""","=""11w""","=""""",,"=""""","=""""","=""""","=""""","=""""","=""""","=""""","=""""",1,1,,"=""""","=""L4833""",
"=""819.268""","=""819.27""","=""7w""","=""8.09e+07""",B+,"=""28.54956""","=""30.062902""","=""3s.5f""","=""3F*""","=""2""","=""3s.6g""","=""3G""","=""3""",5,7,,"=""T6298c4,LS""","=""L4833""",
"=""""","=""819.320""","=""""","=""8.19e+07""",B+,"=""28.549670""","=""30.062927""","=""3s.5f""","=""3F*""","=""3""","=""3s.6g""","=""3G""","=""4""",7,9,,"=""T6298c4,LS""","=""""",
"=""819.341""","=""819.334""","=""6w""","=""7.05e+06""",B,"=""28.549670""","=""30.062902""","=""3s.5f""","=""3F*""","=""3""","=""3s.6g""","=""3G""","=""3""",7,7,,"=""T6298c4,LS""","=""L4833""",
"=""819.393""","=""819.393""","=""8w""","=""8.78e+07""",B+,"=""28.549923""","=""30.063045""","=""3s.5f""","=""3F*""","=""4""","=""3s.6g""","=""3G""","=""5""",9,11,,"=""T6298c4,LS""","=""L4833""",
"=""""","=""819.457""","=""""","=""5.48e+06""",B,"=""28.549923""","=""30.062927""","=""3s.5f""","=""3F*""","=""4""","=""3s.6g""","=""3G""","=""4""",9,9,,"=""T6298c4,LS""","=""""",
"=""""","=""819.471""","=""""","=""1.07e+05""",D+,"=""28.549923""","=""30.062902""","=""3s.5f""","=""3F*""","=""4""","=""3s.6g""","=""3G""","=""3""",9,7,,"=""T6298c4,LS""","=""""",
"=""""","=""821.419""","=""""","=""1.83e+07""",B,"=""30.055220""","=""31.564610""","=""3s.6f""","=""3F*""","=""4""","=""3s.8g""","=""3G""","=""5""",9,11,,"=""T6298c4,LS""","=""""",
"=""""","=""821.43""","=""""","=""1.68e+07""",C+,"=""30.055119""","=""31.56449""","=""3s.6f""","=""3F*""","=""2""","=""3s.8g""","=""3G""","=""3""",5,7,,"=""T6298c4,LS""","=""""",
"=""""","=""821.45""","=""""","=""1.47e+06""",C,"=""30.055167""","=""31.56449""","=""3s.6f""","=""3F*""","=""3""","=""3s.8g""","=""3G""","=""3""",7,7,,"=""T6298c4,LS""","=""""",
"=""""","=""821.45""","=""""","=""1.71e+07""",B,"=""30.055167""","=""31.56449""","=""3s.6f""","=""3F*""","=""3""","=""3s.8g""","=""3G""","=""4""",7,9,,"=""T6298c4,LS""","=""""",
"=""""","=""821.48""","=""""","=""2.24e+04""",E,"=""30.055220""","=""31.56449""","=""3s.6f""","=""3F*""","=""4""","=""3s.8g""","=""3G""","=""3""",9,7,,"=""T6298c4,LS""","=""""",
"=""""","=""821.48""","=""""","=""1.15e+06""",C,"=""30.055220""","=""31.56449""","=""3s.6f""","=""3F*""","=""4""","=""3s.8g""","=""3G""","=""4""",9,9,,"=""T6298c4,LS""","=""""",
"=""""","=""825.731""","=""""","=""8.14e+02""",E,"=""28.553712""","=""30.055220""","=""3s.5g""","=""3G""","=""3""","=""3s.6f""","=""3F*""","=""4""",7,9,,"=""T6298c4,LS""","=""""",
"=""""","=""825.760""","=""""","=""6.86e+04""",D+,"=""28.553712""","=""30.055167""","=""3s.5g""","=""3G""","=""3""","=""3s.6f""","=""3F*""","=""3""",7,7,,"=""T6298c4,LS""","=""""",
"=""""","=""825.761""","=""""","=""5.34e+04""",D+,"=""28.553767""","=""30.055220""","=""3s.5g""","=""3G""","=""4""","=""3s.6f""","=""3F*""","=""4""",9,9,,"=""T6298c4,LS""","=""""",
"=""""","=""825.787""","=""""","=""1.10e+06""",C+,"=""28.553712""","=""30.055119""","=""3s.5g""","=""3G""","=""3""","=""3s.6f""","=""3F*""","=""2""",7,5,,"=""T6298c4,LS""","=""""",
"=""""","=""825.790""","=""""","=""1.03e+06""",C+,"=""28.553767""","=""30.055167""","=""3s.5g""","=""3G""","=""4""","=""3s.6f""","=""3F*""","=""3""",9,7,,"=""T6298c4,LS""","=""""",
"=""""","=""825.808""","=""""","=""1.04e+06""",C+,"=""28.553852""","=""30.055220""","=""3s.5g""","=""3G""","=""5""","=""3s.6f""","=""3F*""","=""4""",11,9,,"=""T6298c4,LS""","=""""",
"=""826.484""","=""826.484""","=""9w""","=""7.18e+07""",B+,"=""26.655272""","=""28.155413""","=""3s.5p""","=""3P*""","=""2""","=""3s.5d""","=""3D""","=""3""",5,7,,"=""T6298c4,LS""","=""L4833""",
"=""826.791""","=""826.792""","=""5w""","=""1.80e+07""",B+,"=""26.655272""","=""28.154854""","=""3s.5p""","=""3P*""","=""2""","=""3s.5d""","=""3D""","=""2""",5,5,,"=""T6298c4,LS""","=""L4833""",
"=""""","=""826.999""","=""""","=""1.98e+06""",C+,"=""26.655272""","=""28.154479""","=""3s.5p""","=""3P*""","=""2""","=""3s.5d""","=""3D""","=""1""",5,3,,"=""T6298c4,LS""","=""""",
"=""827.159""","=""827.160""","=""8w""","=""5.36e+07""",B+,"=""26.655939""","=""28.154854""","=""3s.5p""","=""3P*""","=""1""","=""3s.5d""","=""3D""","=""2""",3,5,,"=""T6298c4,LS""","=""L4833""",
"=""827.365""","=""827.367""","=""5w""","=""2.98e+07""",B+,"=""26.655939""","=""28.154479""","=""3s.5p""","=""3P*""","=""1""","=""3s.5d""","=""3D""","=""1""",3,3,,"=""T6298c4,LS""","=""L4833""",
"=""827.421""","=""827.422""","=""6w""","=""3.96e+07""",B+,"=""26.656040""","=""28.154479""","=""3s.5p""","=""3P*""","=""0""","=""3s.5d""","=""3D""","=""1""",1,3,,"=""T6298c4,LS""","=""L4833""",
"=""""","=""827.542""","=""""","=""3.73e+02""",E,"=""30.062902""","=""31.561125""","=""3s.6g""","=""3G""","=""3""","=""3s.8f""","=""3F*""","=""4""",7,9,,"=""T6298c4,LS""","=""""",
"=""""","=""827.556""","=""""","=""2.44e+04""",E,"=""30.062927""","=""31.561125""","=""3s.6g""","=""3G""","=""4""","=""3s.8f""","=""3F*""","=""4""",9,9,,"=""T6298c4,LS""","=""""",
"=""""","=""827.568""","=""""","=""3.15e+04""",E,"=""30.062902""","=""31.561078""","=""3s.6g""","=""3G""","=""3""","=""3s.8f""","=""3F*""","=""3""",7,7,,"=""T6298c4,LS""","=""""",
"=""""","=""827.582""","=""""","=""4.71e+05""",D+,"=""30.062927""","=""31.561078""","=""3s.6g""","=""3G""","=""4""","=""3s.8f""","=""3F*""","=""3""",9,7,,"=""T6298c4,LS""","=""""",
"=""""","=""827.584""","=""""","=""5.03e+05""",D+,"=""30.062902""","=""31.561049""","=""3s.6g""","=""3G""","=""3""","=""3s.8f""","=""3F*""","=""2""",7,5,,"=""T6298c4,LS""","=""""",
"=""""","=""827.621""","=""""","=""4.78e+05""",D+,"=""30.063045""","=""31.561125""","=""3s.6g""","=""3G""","=""5""","=""3s.8f""","=""3F*""","=""4""",11,9,,"=""T6298c4,LS""","=""""",
"=""""","=""834.425""","=""""","=""1.02e+07""",B,"=""29.254207""","=""30.740071""","=""3p.3d""","=""1P*""","=""1""","=""3p.4p""","=""1D""","=""2""",3,5,,"=""T6298c4""","=""""",
"=""""","=""843.880""","=""""","=""2.93e+07""",B+,"=""28.355155""","=""29.824370""","=""3p.4s""","=""1P*""","=""1""","=""3s.6d""","=""1D""","=""2""",3,5,,"=""T6298c4""","=""""",
"=""""","=""862.322""","=""""","=""6.27e+03""",E,"=""30.055119""","=""31.492914""","=""3s.6f""","=""3F*""","=""2""","=""3s.8d""","=""3D""","=""3""",5,7,,"=""T6298c4,LS""","=""""",
"=""""","=""862.351""","=""""","=""2.22e+05""",D,"=""30.055167""","=""31.492914""","=""3s.6f""","=""3F*""","=""3""","=""3s.8d""","=""3D""","=""3""",7,7,,"=""T6298c4,LS""","=""""",
"=""""","=""862.383""","=""""","=""2.56e+06""",C,"=""30.055220""","=""31.492914""","=""3s.6f""","=""3F*""","=""4""","=""3s.8d""","=""3D""","=""3""",9,7,,"=""T6298c4,LS""","=""""",
"=""""","=""862.6""","=""""","=""3.11e+05""",D,"=""30.055119""","=""[31.4925]""","=""3s.6f""","=""3F*""","=""2""","=""3s.8d""","=""3D""","=""2""",5,5,,"=""T6298c4,LS""","=""""",
"=""""","=""862.6""","=""""","=""2.47e+06""",C,"=""30.055167""","=""[31.4925]""","=""3s.6f""","=""3F*""","=""3""","=""3s.8d""","=""3D""","=""2""",7,5,,"=""T6298c4,LS""","=""""",
"=""""","=""862.7""","=""""","=""2.79e+06""",C,"=""30.055119""","=""[31.4922]""","=""3s.6f""","=""3F*""","=""2""","=""3s.8d""","=""3D""","=""1""",5,3,,"=""T6298c4,LS""","=""""",
"=""""","=""917.559""","=""""","=""1.53e+07""",B+,"=""26.804174""","=""28.155413""","=""3p.3d""","=""3P*""","=""2""","=""3s.5d""","=""3D""","=""3""",5,7,,"=""T6298c4,LS""","=""""",
"=""""","=""917.579""","=""""","=""6.19e+05""",D+,"=""30.235840""","=""31.587051""","=""3s.6f""","=""1F*""","=""3""","=""3s.8d""","=""1D""","=""2""",7,5,,"=""T6298c4""","=""""",
"=""""","=""917.939""","=""""","=""3.82e+06""",B,"=""26.804174""","=""28.154854""","=""3p.3d""","=""3P*""","=""2""","=""3s.5d""","=""3D""","=""2""",5,5,,"=""T6298c4,LS""","=""""",
"=""""","=""918.194""","=""""","=""4.25e+05""",C,"=""26.804174""","=""28.154479""","=""3p.3d""","=""3P*""","=""2""","=""3s.5d""","=""3D""","=""1""",5,3,,"=""T6298c4,LS""","=""""",
"=""""","=""926.310""","=""""","=""1.11e+07""",B+,"=""26.816380""","=""28.154854""","=""3p.3d""","=""3P*""","=""1""","=""3s.5d""","=""3D""","=""2""",3,5,,"=""T6298c4,LS""","=""""",
"=""""","=""926.569""","=""""","=""6.20e+06""",B,"=""26.816380""","=""28.154479""","=""3p.3d""","=""3P*""","=""1""","=""3s.5d""","=""3D""","=""1""",3,3,,"=""T6298c4,LS""","=""""",
"=""""","=""931.886""","=""""","=""8.12e+06""",B,"=""26.824014""","=""28.154479""","=""3p.3d""","=""3P*""","=""0""","=""3s.5d""","=""3D""","=""1""",1,3,,"=""T6298c4,LS""","=""""",
"=""""","=""932.645""","=""""","=""8.34e+06""",B+,"=""20.552241""","=""21.881623""","=""3s.3d""","=""1D""","=""2""","=""3s.4p""","=""1P*""","=""1""",5,3,,"=""c44,T5038""","=""""",
"=""""","=""933.18""","=""""","=""1.01e+07""",B,"=""30.235840""","=""31.56447""","=""3s.6f""","=""1F*""","=""3""","=""3s.8g""","=""1G""","=""4""",7,9,,"=""T6298c4""","=""""",
"=""""","=""936.632""","=""""","=""3.06e-03""",B,"=""24.663327""","=""25.987051""","=""3p.3d""","=""3F*""","=""2""","=""3s.4f""","=""3F*""","=""4""",5,9,E2,"=""c44""","=""""",
"=""""","=""939.461""","=""""","=""9.02e+06""",B+,"=""29.067126""","=""30.386863""","=""3s.6p""","=""3P*""","=""2""","=""3p.4p""","=""3D""","=""3""",5,7,,"=""T6298c4,LS""","=""""",
"=""""","=""940.187""","=""""","=""8.27e-02""",B+,"=""24.663327""","=""25.982046""","=""3p.3d""","=""3F*""","=""2""","=""3s.4f""","=""3F*""","=""3""",5,7,E2,"=""c44""","=""""",
"=""""","=""942.663""","=""""","=""2.65e-01""",B+,"=""24.663327""","=""25.978583""","=""3p.3d""","=""3F*""","=""2""","=""3s.4f""","=""3F*""","=""2""",5,5,E2,"=""c44""","=""""",
"=""""","=""945.787""","=""""","=""6.57e-02""",B+,"=""24.676140""","=""25.987051""","=""3p.3d""","=""3F*""","=""3""","=""3s.4f""","=""3F*""","=""4""",7,9,E2,"=""c44""","=""""",
"=""""","=""949.412""","=""""","=""2.13e-01""",B+,"=""24.676140""","=""25.982046""","=""3p.3d""","=""3F*""","=""3""","=""3s.4f""","=""3F*""","=""3""",7,7,E2,"=""c44""","=""""",
"=""""","=""951.936""","=""""","=""1.14e-01""",B+,"=""24.676140""","=""25.978583""","=""3p.3d""","=""3F*""","=""3""","=""3s.4f""","=""3F*""","=""2""",7,5,E2,"=""c44""","=""""",
"=""""","=""958.070""","=""""","=""6.37e+06""",B,"=""29.065417""","=""30.359521""","=""3s.6p""","=""3P*""","=""1""","=""3p.4p""","=""3D""","=""2""",3,5,,"=""T6298c4,LS""","=""""",
"=""""","=""958.258""","=""""","=""3.03e-01""",B+,"=""24.693201""","=""25.987051""","=""3p.3d""","=""3F*""","=""4""","=""3s.4f""","=""3F*""","=""4""",9,9,E2,"=""c44""","=""""",
"=""""","=""959.337""","=""""","=""2.12e+06""",B,"=""29.067126""","=""30.359521""","=""3s.6p""","=""3P*""","=""2""","=""3p.4p""","=""3D""","=""2""",5,5,,"=""T6298c4,LS""","=""""",
"=""""","=""961.980""","=""""","=""8.32e-02""",B+,"=""24.693201""","=""25.982046""","=""3p.3d""","=""3F*""","=""4""","=""3s.4f""","=""3F*""","=""3""",9,7,E2,"=""c44""","=""""",
"=""""","=""964.571""","=""""","=""5.34e-03""",B,"=""24.693201""","=""25.978583""","=""3p.3d""","=""3F*""","=""4""","=""3s.4f""","=""3F*""","=""2""",9,5,E2,"=""c44""","=""""",
"=""""","=""968.818""","=""""","=""4.57e+06""",B,"=""29.063765""","=""30.343512""","=""3s.6p""","=""3P*""","=""0""","=""3p.4p""","=""3D""","=""1""",1,3,,"=""T6298c4,LS""","=""""",
"=""""","=""970.070""","=""""","=""3.41e+06""",B,"=""29.065417""","=""30.343512""","=""3s.6p""","=""3P*""","=""1""","=""3p.4p""","=""3D""","=""1""",3,3,,"=""T6298c4,LS""","=""""",
"=""""","=""971.369""","=""""","=""2.26e+05""",C,"=""29.067126""","=""30.343512""","=""3s.6p""","=""3P*""","=""2""","=""3p.4p""","=""3D""","=""1""",5,3,,"=""T6298c4,LS""","=""""",
"=""""","=""980.260""","=""""","=""3.12e+07""",B+,"=""25.333789""","=""26.598599""","=""3s.4d""","=""1D""","=""2""","=""3s.5p""","=""1P*""","=""1""",5,3,,"=""T6298c4""","=""""",
"=""""","=""982.880""","=""""","=""8.87e+06""",B,"=""25.562576""","=""26.824014""","=""3s.5s""","=""3S""","=""1""","=""3p.3d""","=""3P*""","=""0""",3,1,,"=""T6298c4,LS""","=""""",
"=""""","=""988.864""","=""""","=""8.73e+06""",B,"=""25.562576""","=""26.816380""","=""3s.5s""","=""3S""","=""1""","=""3p.3d""","=""3P*""","=""1""",3,3,,"=""T6298c4,LS""","=""""",
"=""""","=""992.262""","=""""","=""6.29e+06""",C,"=""30.740071""","=""31.989581""","=""3p.4p""","=""1D""","=""2""","=""3s.9f""","=""1F*""","=""3""",5,7,,"=""T6298c4""","=""""",
"=""""","=""995.33""","=""""","=""2.81e+04""",D+,"=""28.54956""","=""29.795217""","=""3s.5f""","=""3F*""","=""2""","=""3s.6d""","=""3D""","=""3""",5,7,,"=""T6298c4,LS""","=""""",
"=""""","=""995.420""","=""""","=""9.96e+05""",C+,"=""28.549670""","=""29.795217""","=""3s.5f""","=""3F*""","=""3""","=""3s.6d""","=""3D""","=""3""",7,7,,"=""T6298c4,LS""","=""""",
"=""""","=""995.622""","=""""","=""1.15e+07""",B+,"=""28.549923""","=""29.795217""","=""3s.5f""","=""3F*""","=""4""","=""3s.6d""","=""3D""","=""3""",9,7,,"=""T6298c4,LS""","=""""",
"=""""","=""998.34""","=""""","=""1.39e+06""",C+,"=""28.54956""","=""29.791454""","=""3s.5f""","=""3F*""","=""2""","=""3s.6d""","=""3D""","=""2""",5,5,,"=""T6298c4,LS""","=""""",
"=""""","=""998.436""","=""""","=""1.11e+07""",B+,"=""28.549670""","=""29.791454""","=""3s.5f""","=""3F*""","=""3""","=""3s.6d""","=""3D""","=""2""",7,5,,"=""T6298c4,LS""","=""""",
"=""""","=""998.586""","=""""","=""8.47e+06""",B+,"=""25.562576""","=""26.804174""","=""3s.5s""","=""3S""","=""1""","=""3p.3d""","=""3P*""","=""2""",3,5,,"=""T6298c4,LS""","=""""",
"=""""","=""1000.54""","=""""","=""1.23e+07""",B+,"=""28.54956""","=""29.788726""","=""3s.5f""","=""3F*""","=""2""","=""3s.6d""","=""3D""","=""1""",5,3,,"=""T6298c4,LS""","=""""",
"=""""","=""1010.583""","=""""","=""8.15e+06""",C+,"=""30.360193""","=""31.587051""","=""3s.7p""","=""1P*""","=""1""","=""3s.8d""","=""1D""","=""2""",3,5,,"=""T6298c4""","=""""",
"=""""","=""1018.320""","=""""","=""1.15e+06""",C,"=""30.343512""","=""31.561049""","=""3p.4p""","=""3D""","=""1""","=""3s.8f""","=""3F*""","=""2""",3,5,,"=""T6298c4,LS""","=""""",
"=""""","=""1018.698""","=""""","=""3.31e+06""",C+,"=""29.824370""","=""31.041455""","=""3s.6d""","=""1D""","=""2""","=""3s.7f""","=""1F*""","=""3""",5,7,,"=""T6298c4""","=""""",
"=""""","=""1031.094""","=""""","=""1.41e+03""",E,"=""26.952400""","=""28.154854""","=""3p.3d""","=""3D*""","=""1""","=""3s.5d""","=""3D""","=""2""",3,5,,"=""T6298c4,LS""","=""""",
"=""""","=""1031.415""","=""""","=""7.02e+03""",E,"=""26.952400""","=""28.154479""","=""3p.3d""","=""3D*""","=""1""","=""3s.5d""","=""3D""","=""1""",3,3,,"=""T6298c4,LS""","=""""",
"=""""","=""1031.863""","=""""","=""1.17e+06""",C,"=""30.359521""","=""31.561078""","=""3p.4p""","=""3D""","=""2""","=""3s.8f""","=""3F*""","=""3""",5,7,,"=""T6298c4,LS""","=""""",
"=""""","=""1031.887""","=""""","=""2.05e+05""",D,"=""30.359521""","=""31.561049""","=""3p.4p""","=""3D""","=""2""","=""3s.8f""","=""3F*""","=""2""",5,5,,"=""T6298c4,LS""","=""""",
"=""""","=""1036.398""","=""""","=""1.03e+03""",E,"=""26.959114""","=""28.155413""","=""3p.3d""","=""3D*""","=""2""","=""3s.5d""","=""3D""","=""3""",5,7,,"=""T6298c4,LS""","=""""",
"=""""","=""1036.883""","=""""","=""6.39e+03""",D,"=""26.959114""","=""28.154854""","=""3p.3d""","=""3D*""","=""2""","=""3s.5d""","=""3D""","=""2""",5,5,,"=""T6298c4,LS""","=""""",
"=""""","=""1037.208""","=""""","=""2.30e+03""",E,"=""26.959114""","=""28.154479""","=""3p.3d""","=""3D*""","=""2""","=""3s.5d""","=""3D""","=""1""",5,3,,"=""T6298c4,LS""","=""""",
"=""""","=""1041.750""","=""""","=""8.05e+03""",D,"=""26.965260""","=""28.155413""","=""3p.3d""","=""3D*""","=""3""","=""3s.5d""","=""3D""","=""3""",7,7,,"=""T6298c4,LS""","=""""",
"=""""","=""1042.240""","=""""","=""1.42e+03""",E,"=""26.965260""","=""28.154854""","=""3p.3d""","=""3D*""","=""3""","=""3s.5d""","=""3D""","=""2""",7,5,,"=""T6298c4,LS""","=""""",
"=""""","=""1044.795""","=""""","=""9.00e-03""",E,"=""20.552241""","=""21.738926""","=""3s.3d""","=""1D""","=""2""","=""3s.4p""","=""3P*""","=""2""",5,5,,"=""c44""","=""""",
"=""""","=""1051.282""","=""""","=""7.24e+06""",C+,"=""29.788726""","=""30.968089""","=""3s.6d""","=""3D""","=""1""","=""3s.7f""","=""3F*""","=""2""",3,5,,"=""T6298c4,LS""","=""""",
"=""""","=""1052.842""","=""""","=""1.11e+04""",D,"=""20.552241""","=""21.729855""","=""3s.3d""","=""1D""","=""2""","=""3s.4p""","=""3P*""","=""1""",5,3,,"=""c44""","=""""",
"=""""","=""1053.694""","=""""","=""7.64e+06""",C+,"=""29.791454""","=""30.968116""","=""3s.6d""","=""3D""","=""2""","=""3s.7f""","=""3F*""","=""3""",5,7,,"=""T6298c4,LS""","=""""",
"=""""","=""1053.719""","=""""","=""1.34e+06""",C,"=""29.791454""","=""30.968089""","=""3s.6d""","=""3D""","=""2""","=""3s.7f""","=""3F*""","=""2""",5,5,,"=""T6298c4,LS""","=""""",
"=""""","=""1055.848""","=""""","=""1.23e+06""",C,"=""30.386863""","=""31.561125""","=""3p.4p""","=""3D""","=""3""","=""3s.8f""","=""3F*""","=""4""",7,9,,"=""T6298c4,LS""","=""""",
"=""""","=""1055.890""","=""""","=""1.37e+05""",D,"=""30.386863""","=""31.561078""","=""3p.4p""","=""3D""","=""3""","=""3s.8f""","=""3F*""","=""3""",7,7,,"=""T6298c4,LS""","=""""",
"=""""","=""1055.916""","=""""","=""5.40e+03""",E,"=""30.386863""","=""31.561049""","=""3p.4p""","=""3D""","=""3""","=""3s.8f""","=""3F*""","=""2""",7,5,,"=""T6298c4,LS""","=""""",
"=""""","=""1057.043""","=""""","=""8.50e+06""",B,"=""29.795217""","=""30.968151""","=""3s.6d""","=""3D""","=""3""","=""3s.7f""","=""3F*""","=""4""",7,9,,"=""T6298c4,LS""","=""""",
"=""""","=""1057.075""","=""""","=""9.49e+05""",C,"=""29.795217""","=""30.968116""","=""3s.6d""","=""3D""","=""3""","=""3s.7f""","=""3F*""","=""3""",7,7,,"=""T6298c4,LS""","=""""",
"=""""","=""1057.099""","=""""","=""3.74e+04""",E,"=""29.795217""","=""30.968089""","=""3s.6d""","=""3D""","=""3""","=""3s.7f""","=""3F*""","=""2""",7,5,,"=""T6298c4,LS""","=""""",
"=""""","=""1102.5""","=""""","=""2.53e+06""",C,"=""30.367866""","=""[31.4925]""","=""3s.7p""","=""3P*""","=""1""","=""3s.8d""","=""3D""","=""2""",3,5,,"=""T6298c4,LS""","=""""",
"=""""","=""1102.7""","=""""","=""1.40e+06""",C,"=""30.367866""","=""[31.4922]""","=""3s.7p""","=""3P*""","=""1""","=""3s.8d""","=""3D""","=""1""",3,3,,"=""T6298c4,LS""","=""""",
"=""""","=""1103.245""","=""""","=""3.36e+06""",C+,"=""30.369100""","=""31.492914""","=""3s.7p""","=""3P*""","=""2""","=""3s.8d""","=""3D""","=""3""",5,7,,"=""T6298c4,LS""","=""""",
"=""""","=""1103.7""","=""""","=""8.38e+05""",C,"=""30.369100""","=""[31.4925]""","=""3s.7p""","=""3P*""","=""2""","=""3s.8d""","=""3D""","=""2""",5,5,,"=""T6298c4,LS""","=""""",
"=""""","=""1103.9""","=""""","=""9.31e+04""",E,"=""30.369100""","=""[31.4922]""","=""3s.7p""","=""3P*""","=""2""","=""3s.8d""","=""3D""","=""1""",5,3,,"=""T6298c4,LS""","=""""",
"=""""","=""1133.867""","=""""","=""2.19e+07""",B,"=""25.562576""","=""26.656040""","=""3s.5s""","=""3S""","=""1""","=""3s.5p""","=""3P*""","=""0""",3,1,,"=""T6298c4,LS""","=""""",
"=""""","=""1133.971""","=""""","=""2.19e+07""",B+,"=""25.562576""","=""26.655939""","=""3s.5s""","=""3S""","=""1""","=""3s.5p""","=""3P*""","=""1""",3,3,,"=""T6298c4,LS""","=""""",
"=""""","=""1134.663""","=""""","=""2.19e+07""",B+,"=""25.562576""","=""26.655272""","=""3s.5s""","=""3S""","=""1""","=""3s.5p""","=""3P*""","=""2""",3,5,,"=""T6298c4,LS""","=""""",
"=""""","=""1144.44""","=""""","=""4.16e+06""",D,"=""30.88366""","=""31.96702""","=""3s.7d""","=""3D""","=""1""","=""3s.9f""","=""3F*""","=""2""",3,5,,"=""T6298c4,LS""","=""""",
"=""""","=""1145.80""","=""""","=""7.72e+05""",E,"=""30.884947""","=""31.96702""","=""3s.7d""","=""3D""","=""2""","=""3s.9f""","=""3F*""","=""2""",5,5,,"=""T6298c4,LS""","=""""",
"=""""","=""1145.80""","=""""","=""4.39e+06""",D+,"=""30.884947""","=""31.96702""","=""3s.7d""","=""3D""","=""2""","=""3s.9f""","=""3F*""","=""3""",5,7,,"=""T6298c4,LS""","=""""",
"=""""","=""1148.07""","=""""","=""2.16e+04""",E,"=""30.887085""","=""31.96702""","=""3s.7d""","=""3D""","=""3""","=""3s.9f""","=""3F*""","=""2""",7,5,,"=""T6298c4,LS""","=""""",
"=""""","=""1148.07""","=""""","=""5.47e+05""",E,"=""30.887085""","=""31.96702""","=""3s.7d""","=""3D""","=""3""","=""3s.9f""","=""3F*""","=""3""",7,7,,"=""T6298c4,LS""","=""""",
"=""""","=""1148.07""","=""""","=""4.92e+06""",D+,"=""30.887085""","=""31.96702""","=""3s.7d""","=""3D""","=""3""","=""3s.9f""","=""3F*""","=""4""",7,9,,"=""T6298c4,LS""","=""""",
"=""""","=""1176.795""","=""""","=""3.14e+05""",C,"=""29.060364""","=""30.113939""","=""3s.6p""","=""1P*""","=""1""","=""3p.4p""","=""1P""","=""1""",3,3,,"=""T6298c4""","=""""",
"=""""","=""1206.855""","=""""","=""2.89e+07""",B+,"=""28.226874""","=""29.254207""","=""3s.5d""","=""1D""","=""2""","=""3p.3d""","=""1P*""","=""1""",5,3,,"=""T6298c4""","=""""",
"=""""","=""1237.76""","=""""","=""7.74e+06""",D+,"=""30.968089""","=""31.96977""","=""3s.7f""","=""3F*""","=""2""","=""3s.9g""","=""3G""","=""3""",5,7,,"=""T6298c4,LS""","=""""",
"=""""","=""1237.79""","=""""","=""6.75e+05""",E,"=""30.968116""","=""31.96977""","=""3s.7f""","=""3F*""","=""3""","=""3s.9g""","=""3G""","=""3""",7,7,,"=""T6298c4,LS""","=""""",
"=""""","=""1237.79""","=""""","=""7.89e+06""",D+,"=""30.968116""","=""31.96977""","=""3s.7f""","=""3F*""","=""3""","=""3s.9g""","=""3G""","=""4""",7,9,,"=""T6298c4,LS""","=""""",
"=""""","=""1237.84""","=""""","=""1.03e+04""",E,"=""30.968151""","=""31.96977""","=""3s.7f""","=""3F*""","=""4""","=""3s.9g""","=""3G""","=""3""",9,7,,"=""T6298c4,LS""","=""""",
"=""""","=""1237.84""","=""""","=""5.27e+05""",E,"=""30.968151""","=""31.96977""","=""3s.7f""","=""3F*""","=""4""","=""3s.9g""","=""3G""","=""4""",9,9,,"=""T6298c4,LS""","=""""",
"=""""","=""1237.84""","=""""","=""8.41e+06""",D+,"=""30.968151""","=""31.96977""","=""3s.7f""","=""3F*""","=""4""","=""3s.9g""","=""3G""","=""5""",9,11,,"=""T6298c4,LS""","=""""",
"=""""","=""1249.966""","=""""","=""1.04e+07""",B+,"=""24.995150""","=""25.987051""","=""3s.4d""","=""3D""","=""3""","=""3s.4f""","=""3F*""","=""4""",7,9,,"=""T6298c4,LS""","=""""",
"=""""","=""1256.116""","=""""","=""9.12e+06""",B+,"=""24.995001""","=""25.982046""","=""3s.4d""","=""3D""","=""2""","=""3s.4f""","=""3F*""","=""3""",5,7,,"=""T6298c4,LS""","=""""",
"=""""","=""1256.305""","=""""","=""1.14e+06""",B,"=""24.995150""","=""25.982046""","=""3s.4d""","=""3D""","=""3""","=""3s.4f""","=""3F*""","=""3""",7,7,,"=""T6298c4,LS""","=""""",
"=""""","=""1260.451""","=""""","=""8.54e+06""",B+,"=""24.994933""","=""25.978583""","=""3s.4d""","=""3D""","=""1""","=""3s.4f""","=""3F*""","=""2""",3,5,,"=""T6298c4,LS""","=""""",
"=""""","=""1260.538""","=""""","=""1.58e+06""",B,"=""24.995001""","=""25.978583""","=""3s.4d""","=""3D""","=""2""","=""3s.4f""","=""3F*""","=""2""",5,5,,"=""T6298c4,LS""","=""""",
"=""""","=""1260.729""","=""""","=""4.47e+04""",C,"=""24.995150""","=""25.978583""","=""3s.4d""","=""3D""","=""3""","=""3s.4f""","=""3F*""","=""2""",7,5,,"=""T6298c4,LS""","=""""",
"=""""","=""1267.114""","=""""","=""1.08e+05""",D+,"=""30.062978""","=""31.041455""","=""3s.6g""","=""1G""","=""4""","=""3s.7f""","=""1F*""","=""3""",9,7,,"=""T6298c4""","=""""",
"=""""","=""1268.070""","=""""","=""8.15e-03""",C,"=""15.152669""","=""16.130409""","=""3p2""","=""1D""","=""2""","=""3p2""","=""3P""","=""2""",5,5,M1,"=""c44""","=""""",
"=""""","=""1268.070""","=""""","=""5.76e-05""",C+,"=""15.152669""","=""16.130409""","=""3p2""","=""1D""","=""2""","=""3p2""","=""3P""","=""2""",5,5,E2,"=""c44""","=""""",
"=""""","=""1290.516""","=""""","=""2.51e+07""",B,"=""28.226874""","=""29.187607""","=""3s.5d""","=""1D""","=""2""","=""3p.3d""","=""1F*""","=""3""",5,7,,"=""T6298c4""","=""""",
"=""""","=""1293.656""","=""""","=""5.95e+06""",C+,"=""29.063765""","=""30.022166""","=""3s.6p""","=""3P*""","=""0""","=""3s.7s""","=""3S""","=""1""",1,3,,"=""T6298c4,LS""","=""""",
"=""""","=""1295.891""","=""""","=""1.78e+07""",B,"=""29.065417""","=""30.022166""","=""3s.6p""","=""3P*""","=""1""","=""3s.7s""","=""3S""","=""1""",3,3,,"=""T6298c4,LS""","=""""",
"=""""","=""1298.209""","=""""","=""2.95e+07""",B,"=""29.067126""","=""30.022166""","=""3s.6p""","=""3P*""","=""2""","=""3s.7s""","=""3S""","=""1""",5,3,,"=""T6298c4,LS""","=""""",
"=""""","=""1308.71""","=""""","=""1.80e+06""",E,"=""30.968089""","=""31.91547""","=""3s.7f""","=""3F*""","=""2""","=""3s.9d""","=""3D""","=""1""",5,3,,"=""T6298c4,LS""","=""""",
"=""""","=""1308.71""","=""""","=""2.01e+05""",E,"=""30.968089""","=""31.91547""","=""3s.7f""","=""3F*""","=""2""","=""3s.9d""","=""3D""","=""2""",5,5,,"=""T6298c4,LS""","=""""",
"=""""","=""1308.71""","=""""","=""4.06e+03""",E,"=""30.968089""","=""31.91547""","=""3s.7f""","=""3F*""","=""2""","=""3s.9d""","=""3D""","=""3""",5,7,,"=""T6298c4,LS""","=""""",
"=""""","=""1308.75""","=""""","=""1.60e+06""",D,"=""30.968116""","=""31.91547""","=""3s.7f""","=""3F*""","=""3""","=""3s.9d""","=""3D""","=""2""",7,5,,"=""T6298c4,LS""","=""""",
"=""""","=""1308.75""","=""""","=""1.43e+05""",E,"=""30.968116""","=""31.91547""","=""3s.7f""","=""3F*""","=""3""","=""3s.9d""","=""3D""","=""3""",7,7,,"=""T6298c4,LS""","=""""",
"=""""","=""1308.79""","=""""","=""1.66e+06""",D,"=""30.968151""","=""31.91547""","=""3s.7f""","=""3F*""","=""4""","=""3s.9d""","=""3D""","=""3""",9,7,,"=""T6298c4,LS""","=""""",
"=""""","=""1311.054""","=""""","=""4.10e-03""",C,"=""15.152669""","=""16.098353""","=""3p2""","=""1D""","=""2""","=""3p2""","=""3P""","=""1""",5,3,M1,"=""c44""","=""""",
"=""""","=""1311.054""","=""""","=""1.19e-05""",C,"=""15.152669""","=""16.098353""","=""3p2""","=""1D""","=""2""","=""3p2""","=""3P""","=""1""",5,3,E2,"=""c44""","=""""",
"=""""","=""1334.413""","=""""","=""4.90e-05""",C,"=""15.152669""","=""16.081798""","=""3p2""","=""1D""","=""2""","=""3p2""","=""3P""","=""0""",5,1,E2,"=""c44""","=""""",
"=""""","=""1336.49""","=""""","=""1.36e+06""",D,"=""31.041455""","=""31.96914""","=""3s.7f""","=""1F*""","=""3""","=""3s.9d""","=""1D""","=""2""",7,5,,"=""T6298c4""","=""""",
"=""""","=""1350.032""","=""""","=""3.05e+07""",B,"=""30.055220""","=""30.973600""","=""3s.6f""","=""3F*""","=""4""","=""3s.7g""","=""3G""","=""5""",9,11,,"=""T6298c4,LS""","=""""",
"=""""","=""1350.151""","=""""","=""2.85e+07""",B,"=""30.055167""","=""30.973466""","=""3s.6f""","=""3F*""","=""3""","=""3s.7g""","=""3G""","=""4""",7,9,,"=""T6298c4,LS""","=""""",
"=""""","=""1350.176""","=""""","=""2.80e+07""",B,"=""30.055119""","=""30.973400""","=""3s.6f""","=""3F*""","=""2""","=""3s.7g""","=""3G""","=""3""",5,7,,"=""T6298c4,LS""","=""""",
"=""""","=""1350.229""","=""""","=""1.91e+06""",C+,"=""30.055220""","=""30.973466""","=""3s.6f""","=""3F*""","=""4""","=""3s.7g""","=""3G""","=""4""",9,9,,"=""T6298c4,LS""","=""""",
"=""""","=""1350.247""","=""""","=""2.45e+06""",C+,"=""30.055167""","=""30.973400""","=""3s.6f""","=""3F*""","=""3""","=""3s.7g""","=""3G""","=""3""",7,7,,"=""T6298c4,LS""","=""""",
"=""""","=""1350.326""","=""""","=""3.73e+04""",D,"=""30.055220""","=""30.973400""","=""3s.6f""","=""3F*""","=""4""","=""3s.7g""","=""3G""","=""3""",9,7,,"=""T6298c4,LS""","=""""",
"=""""","=""1358.513""","=""""","=""2.91e+05""",C+,"=""28.154479""","=""29.067126""","=""3s.5d""","=""3D""","=""1""","=""3s.6p""","=""3P*""","=""2""",3,5,,"=""T6298c4,LS""","=""""",
"=""""","=""1359.071""","=""""","=""4.33e+06""",B+,"=""28.154854""","=""29.067126""","=""3s.5d""","=""3D""","=""2""","=""3s.6p""","=""3P*""","=""2""",5,5,,"=""T6298c4,LS""","=""""",
"=""""","=""1359.904""","=""""","=""2.43e+07""",B+,"=""28.155413""","=""29.067126""","=""3s.5d""","=""3D""","=""3""","=""3s.6p""","=""3P*""","=""2""",7,5,,"=""T6298c4,LS""","=""""",
"=""""","=""1361.061""","=""""","=""7.20e+06""",B+,"=""28.154479""","=""29.065417""","=""3s.5d""","=""3D""","=""1""","=""3s.6p""","=""3P*""","=""1""",3,3,,"=""T6298c4,LS""","=""""",
"=""""","=""1361.621""","=""""","=""2.16e+07""",B+,"=""28.154854""","=""29.065417""","=""3s.5d""","=""3D""","=""2""","=""3s.6p""","=""3P*""","=""1""",5,3,,"=""T6298c4,LS""","=""""",
"=""""","=""1363.535""","=""""","=""2.87e+07""",B+,"=""28.154479""","=""29.063765""","=""3s.5d""","=""3D""","=""1""","=""3s.6p""","=""3P*""","=""0""",3,1,,"=""T6298c4,LS""","=""""",
"=""""","=""1369.615""","=""""","=""7.85e+02""",E,"=""30.062902""","=""30.968151""","=""3s.6g""","=""3G""","=""3""","=""3s.7f""","=""3F*""","=""4""",7,9,,"=""T6298c4,LS""","=""""",
"=""""","=""1369.653""","=""""","=""5.16e+04""",D,"=""30.062927""","=""30.968151""","=""3s.6g""","=""3G""","=""4""","=""3s.7f""","=""3F*""","=""4""",9,9,,"=""T6298c4,LS""","=""""",
"=""""","=""1369.668""","=""""","=""6.61e+04""",D,"=""30.062902""","=""30.968116""","=""3s.6g""","=""3G""","=""3""","=""3s.7f""","=""3F*""","=""3""",7,7,,"=""T6298c4,LS""","=""""",
"=""""","=""1369.705""","=""""","=""9.92e+05""",C+,"=""30.062927""","=""30.968116""","=""3s.6g""","=""3G""","=""4""","=""3s.7f""","=""3F*""","=""3""",9,7,,"=""T6298c4,LS""","=""""",
"=""""","=""1369.709""","=""""","=""1.06e+06""",C,"=""30.062902""","=""30.968089""","=""3s.6g""","=""3G""","=""3""","=""3s.7f""","=""3F*""","=""2""",7,5,,"=""T6298c4,LS""","=""""",
"=""""","=""1369.831""","=""""","=""1.01e+06""",C+,"=""30.063045""","=""30.968151""","=""3s.6g""","=""3G""","=""5""","=""3s.7f""","=""3F*""","=""4""",11,9,,"=""T6298c4,LS""","=""""",
"=""""","=""1416.362""","=""""","=""3.03e+07""",B,"=""29.187607""","=""30.062978""","=""3p.3d""","=""1F*""","=""3""","=""3s.6g""","=""1G""","=""4""",7,9,,"=""T6298c4""","=""""",
"=""""","=""1442.125""","=""""","=""8.88e+05""",B,"=""29.254207""","=""30.113939""","=""3p.3d""","=""1P*""","=""1""","=""3p.4p""","=""1P""","=""1""",3,3,,"=""T6298c4""","=""""",
"=""""","=""1445.080""","=""""","=""6.37e+07""",B,"=""30.740071""","=""31.598045""","=""3p.4p""","=""1D""","=""2""","=""3s.8f""","=""1F*""","=""3""",5,7,,"=""T6298c4""","=""""",
"=""""","=""1477.530""","=""""","=""3.22e+07""",B,"=""30.235840""","=""31.074972""","=""3s.6f""","=""1F*""","=""3""","=""3s.7d""","=""1D""","=""2""",7,5,,"=""T6298c4""","=""""",
"=""""","=""1487.531""","=""""","=""2.89e+04""",D+,"=""28.226874""","=""29.060364""","=""3s.5d""","=""1D""","=""2""","=""3s.6p""","=""1P*""","=""1""",5,3,,"=""T6298c4""","=""""",
"=""""","=""1490.255""","=""""","=""9.55e+03""",E,"=""30.055119""","=""30.887085""","=""3s.6f""","=""3F*""","=""2""","=""3s.7d""","=""3D""","=""3""",5,7,,"=""T6298c4,LS""","=""""",
"=""""","=""1490.342""","=""""","=""3.39e+05""",C,"=""30.055167""","=""30.887085""","=""3s.6f""","=""3F*""","=""3""","=""3s.7d""","=""3D""","=""3""",7,7,,"=""T6298c4,LS""","=""""",
"=""""","=""1490.437""","=""""","=""3.90e+06""",B,"=""30.055220""","=""30.887085""","=""3s.6f""","=""3F*""","=""4""","=""3s.7d""","=""3D""","=""3""",9,7,,"=""T6298c4,LS""","=""""",
"=""""","=""1493.565""","=""""","=""4.86e-02""",B+,"=""19.722118""","=""20.552241""","=""3s.4s""","=""1S""","=""0""","=""3s.3d""","=""1D""","=""2""",1,5,E2,"=""c44""","=""""",
"=""""","=""1494.094""","=""""","=""4.69e+05""",C,"=""30.055119""","=""30.884947""","=""3s.6f""","=""3F*""","=""2""","=""3s.7d""","=""3D""","=""2""",5,5,,"=""T6298c4,LS""","=""""",
"=""""","=""1494.181""","=""""","=""3.75e+06""",C+,"=""30.055167""","=""30.884947""","=""3s.6f""","=""3F*""","=""3""","=""3s.7d""","=""3D""","=""2""",7,5,,"=""T6298c4,LS""","=""""",
"=""""","=""1496.42""","=""""","=""4.21e+06""",C+,"=""30.055119""","=""30.88366""","=""3s.6f""","=""3F*""","=""2""","=""3s.7d""","=""3D""","=""1""",5,3,,"=""T6298c4,LS""","=""""",
"=""""","=""1501.934""","=""""","=""1.16e+07""",B+,"=""25.773102""","=""26.598599""","=""3s.5s""","=""1S""","=""0""","=""3s.5p""","=""1P*""","=""1""",1,3,,"=""T6298c4""","=""""",
"=""""","=""1518.174""","=""""","=""4.01e+07""",B,"=""29.254207""","=""30.070873""","=""3p.3d""","=""1P*""","=""1""","=""3s.7s""","=""1S""","=""0""",3,1,,"=""T6298c4""","=""""",
"=""""","=""1622.815""","=""""","=""5.43e+03""",D,"=""29.060364""","=""29.824370""","=""3s.6p""","=""1P*""","=""1""","=""3s.6d""","=""1D""","=""2""",3,5,,"=""T6298c4""","=""""",
"=""""","=""1637.749""","=""""","=""1.50e-03""",C,"=""24.663327""","=""25.420367""","=""3p.3d""","=""3F*""","=""2""","=""3p.3d""","=""1D*""","=""2""",5,5,M1,"=""c44""","=""""",
"=""""","=""1637.749""","=""""","=""3.10e-05""",C+,"=""24.663327""","=""25.420367""","=""3p.3d""","=""3F*""","=""2""","=""3p.3d""","=""1D*""","=""2""",5,5,E2,"=""c44""","=""""",
"=""""","=""1665.945""","=""""","=""2.89e-03""",C,"=""24.676140""","=""25.420367""","=""3p.3d""","=""3F*""","=""3""","=""3p.3d""","=""1D*""","=""2""",7,5,M1,"=""c44""","=""""",
"=""""","=""1665.945""","=""""","=""9.15e-06""",C+,"=""24.676140""","=""25.420367""","=""3p.3d""","=""3F*""","=""3""","=""3p.3d""","=""1D*""","=""2""",7,5,E2,"=""c44""","=""""",
"=""""","=""1680.830""","=""""","=""2.77e+07""",B,"=""30.235840""","=""30.973477""","=""3s.6f""","=""1F*""","=""3""","=""3s.7g""","=""1G""","=""4""",7,9,,"=""T6298c4""","=""""",
"=""""","=""1693.506""","=""""","=""3.18e-04""",C,"=""24.663327""","=""25.395443""","=""3p.3d""","=""3F*""","=""2""","=""3s.4f""","=""1F*""","=""3""",5,7,M1,"=""c44""","=""""",
"=""""","=""1693.506""","=""""","=""1.24e-06""",C,"=""24.663327""","=""25.395443""","=""3p.3d""","=""3F*""","=""2""","=""3s.4f""","=""1F*""","=""3""",5,7,E2,"=""c44""","=""""",
"=""""","=""1702.867""","=""""","=""2.27e+07""",B+,"=""29.067126""","=""29.795217""","=""3s.6p""","=""3P*""","=""2""","=""3s.6d""","=""3D""","=""3""",5,7,,"=""T6298c4,LS""","=""""",
"=""""","=""1705.033""","=""""","=""2.11e-06""",C,"=""24.693201""","=""25.420367""","=""3p.3d""","=""3F*""","=""4""","=""3p.3d""","=""1D*""","=""2""",9,5,E2,"=""c44""","=""""",
"=""""","=""1707.685""","=""""","=""1.69e+07""",B+,"=""29.065417""","=""29.791454""","=""3s.6p""","=""3P*""","=""1""","=""3s.6d""","=""3D""","=""2""",3,5,,"=""T6298c4,LS""","=""""",
"=""""","=""1710.217""","=""""","=""1.25e+07""",B+,"=""29.063765""","=""29.788726""","=""3s.6p""","=""3P*""","=""0""","=""3s.6d""","=""3D""","=""1""",1,3,,"=""T6298c4,LS""","=""""",
"=""""","=""1711.713""","=""""","=""5.58e+06""",B+,"=""29.067126""","=""29.791454""","=""3s.6p""","=""3P*""","=""2""","=""3s.6d""","=""3D""","=""2""",5,5,,"=""T6298c4,LS""","=""""",
"=""""","=""1714.125""","=""""","=""9.26e+06""",B+,"=""29.065417""","=""29.788726""","=""3s.6p""","=""3P*""","=""1""","=""3s.6d""","=""3D""","=""1""",3,3,,"=""T6298c4,LS""","=""""",
"=""""","=""1718.184""","=""""","=""6.14e+05""",B,"=""29.067126""","=""29.788726""","=""3s.6p""","=""3P*""","=""2""","=""3s.6d""","=""3D""","=""1""",5,3,,"=""T6298c4,LS""","=""""",
"=""""","=""1723.671""","=""""","=""2.62e-05""",D+,"=""24.676140""","=""25.395443""","=""3p.3d""","=""3F*""","=""3""","=""3s.4f""","=""1F*""","=""3""",7,7,M1,"=""c44""","=""""",
"=""""","=""1723.671""","=""""","=""1.21e-06""",C,"=""24.676140""","=""25.395443""","=""3p.3d""","=""3F*""","=""3""","=""3s.4f""","=""1F*""","=""3""",7,7,E2,"=""c44""","=""""",
"=""""","=""1734.581""","=""""","=""4.42e+07""",B,"=""30.360193""","=""31.074972""","=""3s.7p""","=""1P*""","=""1""","=""3s.7d""","=""1D""","=""2""",3,5,,"=""T6298c4""","=""""",
"=""""","=""1765.549""","=""""","=""2.90e-04""",C,"=""24.693201""","=""25.395443""","=""3p.3d""","=""3F*""","=""4""","=""3s.4f""","=""1F*""","=""3""",9,7,M1,"=""c44""","=""""",
"=""""","=""1765.549""","=""""","=""1.27e-06""",C,"=""24.693201""","=""25.395443""","=""3p.3d""","=""3F*""","=""4""","=""3s.4f""","=""1F*""","=""3""",9,7,E2,"=""c44""","=""""",
"=""""","=""1789.99""","=""""","=""1.30e+07""",B+,"=""28.561553""","=""29.254207""","=""3s.6s""","=""1S""","=""0""","=""3p.3d""","=""1P*""","=""1""",1,3,,"=""T6298c4""","=""""",
"=""""","=""1830.3""","=""""","=""5.13e+06""",B,"=""30.88366""","=""31.561049""","=""3s.7d""","=""3D""","=""1""","=""3s.8f""","=""3F*""","=""2""",3,5,,"=""T6298c4,LS""","=""""",
"=""""","=""1833.73""","=""""","=""5.40e+06""",B,"=""30.884947""","=""31.561078""","=""3s.7d""","=""3D""","=""2""","=""3s.8f""","=""3F*""","=""3""",5,7,,"=""T6298c4,LS""","=""""",
"=""""","=""1833.81""","=""""","=""9.48e+05""",C+,"=""30.884947""","=""31.561049""","=""3s.7d""","=""3D""","=""2""","=""3s.8f""","=""3F*""","=""2""",5,5,,"=""T6298c4,LS""","=""""",
"=""""","=""1839.42""","=""""","=""6.01e+06""",B,"=""30.887085""","=""31.561125""","=""3s.7d""","=""3D""","=""3""","=""3s.8f""","=""3F*""","=""4""",7,9,,"=""T6298c4,LS""","=""""",
"=""""","=""1839.55""","=""""","=""6.70e+05""",C+,"=""30.887085""","=""31.561078""","=""3s.7d""","=""3D""","=""3""","=""3s.8f""","=""3F*""","=""3""",7,7,,"=""T6298c4,LS""","=""""",
"=""""","=""1839.63""","=""""","=""2.65e+04""",D,"=""30.887085""","=""31.561049""","=""3s.7d""","=""3D""","=""3""","=""3s.8f""","=""3F*""","=""2""",7,5,,"=""T6298c4,LS""","=""""",
"=""""","=""1947.10""","=""""","=""8.57e+06""",B,"=""29.187607""","=""29.824370""","=""3p.3d""","=""1F*""","=""3""","=""3s.6d""","=""1D""","=""2""",7,5,,"=""T6298c4""","=""""",
"=""""","=""1956.21""","=""""","=""2.78e+06""",B,"=""28.553810""","=""29.187607""","=""3s.5g""","=""1G""","=""4""","=""3p.3d""","=""1F*""","=""3""",9,7,,"=""T6298c4""","=""""",
"=""""","=""1985.09""","=""""","=""4.39e+06""",B,"=""30.343512""","=""30.968089""","=""3p.4p""","=""3D""","=""1""","=""3s.7f""","=""3F*""","=""2""",3,5,,"=""T6298c4,LS""","=""""",
"=""""","=""1985.12""","=""""","=""2.29e+05""",C,"=""30.973477""","=""31.598045""","=""3s.7g""","=""1G""","=""4""","=""3s.8f""","=""1F*""","=""3""",9,7,,"=""T6298c4""","=""""",
"=""""","=""2005.70""","=""""","=""3.12e+07""",B,"=""30.360193""","=""30.978352""","=""3s.7p""","=""1P*""","=""1""","=""3s.8s""","=""1S""","=""0""",3,1,,"=""T6298c4""","=""""",
"=""""","=""2037.22""","=""""","=""4.29e+06""",B,"=""30.359521""","=""30.968116""","=""3p.4p""","=""3D""","=""2""","=""3s.7f""","=""3F*""","=""3""",5,7,,"=""T6298c4,LS""","=""""",
"=""""","=""2037.31""","=""""","=""7.54e+05""",C+,"=""30.359521""","=""30.968089""","=""3p.4p""","=""3D""","=""2""","=""3s.7f""","=""3F*""","=""2""",5,5,,"=""T6298c4,LS""","=""""",
"=""""","=""2067.20""","=""""","=""2.10e+06""",C+,"=""30.367291""","=""30.967061""","=""3s.7p""","=""3P*""","=""0""","=""3s.8s""","=""3S""","=""1""",1,3,,"=""T6298c4,LS""","=""""",
"=""""","=""2069.18""","=""""","=""6.29e+06""",B,"=""30.367866""","=""30.967061""","=""3s.7p""","=""3P*""","=""1""","=""3s.8s""","=""3S""","=""1""",3,3,,"=""T6298c4,LS""","=""""",
"=""""","=""2073.45""","=""""","=""1.04e+07""",B,"=""30.369100""","=""30.967061""","=""3s.7p""","=""3P*""","=""2""","=""3s.8s""","=""3S""","=""1""",5,3,,"=""T6298c4,LS""","=""""",
"=""""","=""2075.12""","=""""","=""1.08e+07""",B+,"=""28.469647""","=""29.067126""","=""3s.6s""","=""3S""","=""1""","=""3s.6p""","=""3P*""","=""2""",3,5,,"=""T6298c4,LS""","=""""",
"=""""","=""2078.67""","=""""","=""1.25e+07""",B,"=""30.968151""","=""31.564610""","=""3s.7f""","=""3F*""","=""4""","=""3s.8g""","=""3G""","=""5""",9,11,,"=""T6298c4,LS""","=""""",
"=""""","=""2078.9""","=""""","=""1.15e+07""",B,"=""30.968089""","=""31.56449""","=""3s.7f""","=""3F*""","=""2""","=""3s.8g""","=""3G""","=""3""",5,7,,"=""T6298c4,LS""","=""""",
"=""""","=""2079.0""","=""""","=""1.00e+06""",C+,"=""30.968116""","=""31.56449""","=""3s.7f""","=""3F*""","=""3""","=""3s.8g""","=""3G""","=""3""",7,7,,"=""T6298c4,LS""","=""""",
"=""""","=""2079.0""","=""""","=""1.17e+07""",B,"=""30.968116""","=""31.56449""","=""3s.7f""","=""3F*""","=""3""","=""3s.8g""","=""3G""","=""4""",7,9,,"=""T6298c4,LS""","=""""",
"=""""","=""2079.1""","=""""","=""1.52e+04""",D,"=""30.968151""","=""31.56449""","=""3s.7f""","=""3F*""","=""4""","=""3s.8g""","=""3G""","=""3""",9,7,,"=""T6298c4,LS""","=""""",
"=""""","=""2079.1""","=""""","=""7.78e+05""",C+,"=""30.968151""","=""31.56449""","=""3s.7f""","=""3F*""","=""4""","=""3s.8g""","=""3G""","=""4""",9,9,,"=""T6298c4,LS""","=""""",
"=""""","=""2081.07""","=""""","=""1.06e+07""",B+,"=""28.469647""","=""29.065417""","=""3s.6s""","=""3S""","=""1""","=""3s.6p""","=""3P*""","=""1""",3,3,,"=""T6298c4,LS""","=""""",
"=""""","=""2086.86""","=""""","=""1.06e+07""",B+,"=""28.469647""","=""29.063765""","=""3s.6s""","=""3S""","=""1""","=""3s.6p""","=""3P*""","=""0""",3,1,,"=""T6298c4,LS""","=""""",
"=""""","=""2093.94""","=""""","=""4.57e+06""",B+,"=""27.961701""","=""28.553810""","=""3s.5f""","=""1F*""","=""3""","=""3s.5g""","=""1G""","=""4""",7,9,,"=""T6298c4""","=""""",
"=""""","=""2095.72""","=""""","=""6.06e-07""",C,"=""25.395443""","=""25.987051""","=""3s.4f""","=""1F*""","=""3""","=""3s.4f""","=""3F*""","=""4""",7,9,E2,"=""c44""","=""""",
"=""""","=""2109.56""","=""""","=""5.90e+02""",E,"=""30.973400""","=""31.561125""","=""3s.7g""","=""3G""","=""3""","=""3s.8f""","=""3F*""","=""4""",7,9,,"=""T6298c4,LS""","=""""",
"=""""","=""2109.73""","=""""","=""4.98e+04""",D+,"=""30.973400""","=""31.561078""","=""3s.7g""","=""3G""","=""3""","=""3s.8f""","=""3F*""","=""3""",7,7,,"=""T6298c4,LS""","=""""",
"=""""","=""2109.80""","=""""","=""3.87e+04""",D+,"=""30.973466""","=""31.561125""","=""3s.7g""","=""3G""","=""4""","=""3s.8f""","=""3F*""","=""4""",9,9,,"=""T6298c4,LS""","=""""",
"=""""","=""2109.83""","=""""","=""7.97e+05""",C+,"=""30.973400""","=""31.561049""","=""3s.7g""","=""3G""","=""3""","=""3s.8f""","=""3F*""","=""2""",7,5,,"=""T6298c4,LS""","=""""",
"=""""","=""2109.97""","=""""","=""7.45e+05""",C+,"=""30.973466""","=""31.561078""","=""3s.7g""","=""3G""","=""4""","=""3s.8f""","=""3F*""","=""3""",9,7,,"=""T6298c4,LS""","=""""",
"=""""","=""2110.28""","=""""","=""7.56e+05""",C+,"=""30.973600""","=""31.561125""","=""3s.7g""","=""3G""","=""5""","=""3s.8f""","=""3F*""","=""4""",11,9,,"=""T6298c4,LS""","=""""",
"=""""","=""2113.60""","=""""","=""1.79e-08""",C,"=""25.395443""","=""25.982046""","=""3s.4f""","=""1F*""","=""3""","=""3s.4f""","=""3F*""","=""3""",7,7,E2,"=""c44""","=""""",
"=""""","=""2126.15""","=""""","=""1.05e-06""",C,"=""25.395443""","=""25.978583""","=""3s.4f""","=""1F*""","=""3""","=""3s.4f""","=""3F*""","=""2""",7,5,E2,"=""c44""","=""""",
"=""""","=""2132.92""","=""""","=""4.21e+06""",B,"=""30.386863""","=""30.968151""","=""3p.4p""","=""3D""","=""3""","=""3s.7f""","=""3F*""","=""4""",7,9,,"=""T6298c4,LS""","=""""",
"=""""","=""2133.05""","=""""","=""4.69e+05""",C+,"=""30.386863""","=""30.968116""","=""3p.4p""","=""3D""","=""3""","=""3s.7f""","=""3F*""","=""3""",7,7,,"=""T6298c4,LS""","=""""",
"=""""","=""2133.15""","=""""","=""1.85e+04""",D,"=""30.386863""","=""30.968089""","=""3p.4p""","=""3D""","=""3""","=""3s.7f""","=""3F*""","=""2""",7,5,,"=""T6298c4,LS""","=""""",
"=""""","=""2136.28""","=""""","=""1.38e+05""",C,"=""29.788726""","=""30.369100""","=""3s.6d""","=""3D""","=""1""","=""3s.7p""","=""3P*""","=""2""",3,5,,"=""T6298c4,LS""","=""""",
"=""""","=""2140.83""","=""""","=""3.42e+06""",B,"=""29.788726""","=""30.367866""","=""3s.6d""","=""3D""","=""1""","=""3s.7p""","=""3P*""","=""1""",3,3,,"=""T6298c4,LS""","=""""",
"=""""","=""2142.96""","=""""","=""1.36e+07""",B,"=""29.788726""","=""30.367291""","=""3s.6d""","=""3D""","=""1""","=""3s.7p""","=""3P*""","=""0""",3,1,,"=""T6298c4,LS""","=""""",
"=""""","=""2146.37""","=""""","=""2.04e+06""",B,"=""29.791454""","=""30.369100""","=""3s.6d""","=""3D""","=""2""","=""3s.7p""","=""3P*""","=""2""",5,5,,"=""T6298c4,LS""","=""""",
"=""""","=""2150.96""","=""""","=""1.01e+07""",B,"=""29.791454""","=""30.367866""","=""3s.6d""","=""3D""","=""2""","=""3s.7p""","=""3P*""","=""1""",5,3,,"=""T6298c4,LS""","=""""",
"=""""","=""2160.44""","=""""","=""1.12e+07""",B,"=""29.795217""","=""30.369100""","=""3s.6d""","=""3D""","=""3""","=""3s.7p""","=""3P*""","=""2""",7,5,,"=""T6298c4,LS""","=""""",
"=""""","=""2174.54""","=""""","=""1.07e+07""",B+,"=""29.254207""","=""29.824370""","=""3p.3d""","=""1P*""","=""1""","=""3s.6d""","=""1D""","=""2""",3,5,,"=""T6298c4""","=""""",
"=""""","=""2187.89""","=""""","=""1.29e-08""",C,"=""25.420367""","=""25.987051""","=""3p.3d""","=""1D*""","=""2""","=""3s.4f""","=""3F*""","=""4""",5,9,E2,"=""c44""","=""""",
"=""""","=""2207.39""","=""""","=""5.09e-06""",C+,"=""25.420367""","=""25.982046""","=""3p.3d""","=""1D*""","=""2""","=""3s.4f""","=""3F*""","=""3""",5,7,E2,"=""c44""","=""""",
"=""""","=""2221.08""","=""""","=""1.15e-05""",C+,"=""25.420367""","=""25.978583""","=""3p.3d""","=""1D*""","=""2""","=""3s.4f""","=""3F*""","=""2""",5,5,E2,"=""c44""","=""""",
"=""""","=""2272.45""","=""""","=""1.01e+06""",C+,"=""31.041455""","=""31.587051""","=""3s.7f""","=""1F*""","=""3""","=""3s.8d""","=""1D""","=""2""",7,5,,"=""T6298c4""","=""""",
"=""""","=""2313.90""","=""""","=""1.06e+07""",B,"=""29.824370""","=""30.360193""","=""3s.6d""","=""1D""","=""2""","=""3s.7p""","=""1P*""","=""1""",5,3,,"=""T6298c4""","=""""",
"=""""","=""2362.39""","=""""","=""7.02e+03""",D,"=""30.968089""","=""31.492914""","=""3s.7f""","=""3F*""","=""2""","=""3s.8d""","=""3D""","=""3""",5,7,,"=""T6298c4,LS""","=""""",
"=""""","=""2362.51""","=""""","=""2.49e+05""",C+,"=""30.968116""","=""31.492914""","=""3s.7f""","=""3F*""","=""3""","=""3s.8d""","=""3D""","=""3""",7,7,,"=""T6298c4,LS""","=""""",
"=""""","=""2362.67""","=""""","=""2.87e+06""",B,"=""30.968151""","=""31.492914""","=""3s.7f""","=""3F*""","=""4""","=""3s.8d""","=""3D""","=""3""",9,7,,"=""T6298c4,LS""","=""""",
"=""""","=""2364""","=""""","=""3.47e+05""",C+,"=""30.968089""","=""[31.4925]""","=""3s.7f""","=""3F*""","=""2""","=""3s.8d""","=""3D""","=""2""",5,5,,"=""T6298c4,LS""","=""""",
"=""""","=""2365""","=""""","=""3.12e+06""",B,"=""30.968089""","=""[31.4922]""","=""3s.7f""","=""3F*""","=""2""","=""3s.8d""","=""3D""","=""1""",5,3,,"=""T6298c4,LS""","=""""",
"=""""","=""2364""","=""""","=""2.77e+06""",B,"=""30.968116""","=""[31.4925]""","=""3s.7f""","=""3F*""","=""3""","=""3s.8d""","=""3D""","=""2""",7,5,,"=""T6298c4,LS""","=""""",
"=""""","=""2370.30""","=""""","=""4.00e+04""",D+,"=""31.074972""","=""31.598045""","=""3s.7d""","=""1D""","=""2""","=""3s.8f""","=""1F*""","=""3""",5,7,,"=""T6298c4""","=""""",
"=""""","=""2370.6""","=""""","=""1.35e+07""",B,"=""31.041455""","=""31.56447""","=""3s.7f""","=""1F*""","=""3""","=""3s.8g""","=""1G""","=""4""",7,9,,"=""T6298c4""","=""""",
"=""""","=""2393.59""","=""""","=""1.40e+07""",B,"=""30.369100""","=""30.887085""","=""3s.7p""","=""3P*""","=""2""","=""3s.7d""","=""3D""","=""3""",5,7,,"=""T6298c4,LS""","=""""",
"=""""","=""2397.77""","=""""","=""1.04e+07""",B,"=""30.367866""","=""30.884947""","=""3s.7p""","=""3P*""","=""1""","=""3s.7d""","=""3D""","=""2""",3,5,,"=""T6298c4,LS""","=""""",
"=""""","=""2401.1""","=""""","=""7.71e+06""",B,"=""30.367291""","=""30.88366""","=""3s.7p""","=""3P*""","=""0""","=""3s.7d""","=""3D""","=""1""",1,3,,"=""T6298c4,LS""","=""""",
"=""""","=""2403.51""","=""""","=""3.46e+06""",B,"=""30.369100""","=""30.884947""","=""3s.7p""","=""3P*""","=""2""","=""3s.7d""","=""3D""","=""2""",5,5,,"=""T6298c4,LS""","=""""",
"=""""","=""2403.8""","=""""","=""5.76e+06""",B,"=""30.367866""","=""30.88366""","=""3s.7p""","=""3P*""","=""1""","=""3s.7d""","=""3D""","=""1""",3,3,,"=""T6298c4,LS""","=""""",
"=""""","=""2409.5""","=""""","=""3.81e+05""",C,"=""30.369100""","=""30.88366""","=""3s.7p""","=""3P*""","=""2""","=""3s.7d""","=""3D""","=""1""",5,3,,"=""T6298c4,LS""","=""""",
"=""""","=""2458.88""","=""""","=""5.34e+04""",C+,"=""30.235840""","=""30.740071""","=""3s.6f""","=""1F*""","=""3""","=""3p.4p""","=""1D""","=""2""",7,5,,"=""T6298c4""","=""""",
"=""""","=""2601.36""","=""""","=""4.50e+05""",C+,"=""30.367291""","=""30.843904""","=""3s.7p""","=""3P*""","=""0""","=""3p.4p""","=""3S""","=""1""",1,3,,"=""T6298c4,LS""","=""""",
"=""""","=""2604.51""","=""""","=""1.35e+06""",B,"=""30.367866""","=""30.843904""","=""3s.7p""","=""3P*""","=""1""","=""3p.4p""","=""3S""","=""1""",3,3,,"=""T6298c4,LS""","=""""",
"=""""","=""2611.27""","=""""","=""2.22e+06""",B,"=""30.369100""","=""30.843904""","=""3s.7p""","=""3P*""","=""2""","=""3p.4p""","=""3S""","=""1""",5,3,,"=""T6298c4,LS""","=""""",
"=""""","=""2611""","=""""","=""2.12e+06""",D+,"=""[31.4922]""","=""31.96702""","=""3s.8d""","=""3D""","=""1""","=""3s.9f""","=""3F*""","=""2""",3,5,,"=""T6298c4,LS""","=""""",
"=""""","=""2613""","=""""","=""3.93e+05""",D,"=""[31.4925]""","=""31.96702""","=""3s.8d""","=""3D""","=""2""","=""3s.9f""","=""3F*""","=""2""",5,5,,"=""T6298c4,LS""","=""""",
"=""""","=""2613""","=""""","=""2.24e+06""",C,"=""[31.4925]""","=""31.96702""","=""3s.8d""","=""3D""","=""2""","=""3s.9f""","=""3F*""","=""3""",5,7,,"=""T6298c4,LS""","=""""",
"=""""","=""2615.1""","=""""","=""1.11e+04""",E,"=""31.492914""","=""31.96702""","=""3s.8d""","=""3D""","=""3""","=""3s.9f""","=""3F*""","=""2""",7,5,,"=""T6298c4,LS""","=""""",
"=""""","=""2615.1""","=""""","=""2.80e+05""",D,"=""31.492914""","=""31.96702""","=""3s.8d""","=""3D""","=""3""","=""3s.9f""","=""3F*""","=""3""",7,7,,"=""T6298c4,LS""","=""""",
"=""""","=""2615.1""","=""""","=""2.51e+06""",C,"=""31.492914""","=""31.96702""","=""3s.8d""","=""3D""","=""3""","=""3s.9f""","=""3F*""","=""4""",7,9,,"=""T6298c4,LS""","=""""",
"=""""","=""2914.30""","=""""","=""3.28e+02""",D,"=""24.994933""","=""25.420367""","=""3s.4d""","=""3D""","=""1""","=""3p.3d""","=""1D*""","=""2""",3,5,,"=""c44""","=""""",
"=""""","=""2914.76""","=""""","=""6.35e+01""",E,"=""24.995001""","=""25.420367""","=""3s.4d""","=""3D""","=""2""","=""3p.3d""","=""1D*""","=""2""",5,5,,"=""c44""","=""""",
"=""""","=""2915.78""","=""""","=""8.07e-01""",E,"=""24.995150""","=""25.420367""","=""3s.4d""","=""3D""","=""3""","=""3p.3d""","=""1D*""","=""2""",7,5,,"=""c44""","=""""",
"=""""","=""2916.5""","=""""","=""2.40e+05""",D+,"=""31.56447""","=""31.989581""","=""3s.8g""","=""1G""","=""4""","=""3s.9f""","=""1F*""","=""3""",9,7,,"=""T6298c4""","=""""",
"=""""","=""3013.20""","=""""","=""6.24e+06""",B+,"=""29.824370""","=""30.235840""","=""3s.6d""","=""1D""","=""2""","=""3s.6f""","=""1F*""","=""3""",5,7,,"=""T6298c4""","=""""",
"=""""","=""3033.5""","=""""","=""5.28e+06""",C,"=""31.561049""","=""31.96977""","=""3s.8f""","=""3F*""","=""2""","=""3s.9g""","=""3G""","=""3""",5,7,,"=""T6298c4,LS""","=""""",
"=""""","=""3033.7""","=""""","=""4.64e+05""",D+,"=""31.561078""","=""31.96977""","=""3s.8f""","=""3F*""","=""3""","=""3s.9g""","=""3G""","=""3""",7,7,,"=""T6298c4,LS""","=""""",
"=""""","=""3033.7""","=""""","=""5.40e+06""",C,"=""31.561078""","=""31.96977""","=""3s.8f""","=""3F*""","=""3""","=""3s.9g""","=""3G""","=""4""",7,9,,"=""T6298c4,LS""","=""""",
"=""""","=""3034.0""","=""""","=""7.06e+03""",E,"=""31.561125""","=""31.96977""","=""3s.8f""","=""3F*""","=""4""","=""3s.9g""","=""3G""","=""3""",9,7,,"=""T6298c4,LS""","=""""",
"=""""","=""3034.0""","=""""","=""3.61e+05""",D+,"=""31.561125""","=""31.96977""","=""3s.8f""","=""3F*""","=""4""","=""3s.9g""","=""3G""","=""4""",9,9,,"=""T6298c4,LS""","=""""",
"=""""","=""3034.0""","=""""","=""5.76e+06""",C,"=""31.561125""","=""31.96977""","=""3s.8f""","=""3F*""","=""4""","=""3s.9g""","=""3G""","=""5""",9,11,,"=""T6298c4,LS""","=""""",
"=""""","=""3080.1""","=""""","=""4.13e+02""",E,"=""31.56449""","=""31.96702""","=""3s.8g""","=""3G""","=""3""","=""3s.9f""","=""3F*""","=""4""",7,9,,"=""T6298c4,LS""","=""""",
"=""""","=""3080.1""","=""""","=""3.49e+04""",E,"=""31.56449""","=""31.96702""","=""3s.8g""","=""3G""","=""3""","=""3s.9f""","=""3F*""","=""3""",7,7,,"=""T6298c4,LS""","=""""",
"=""""","=""3080.1""","=""""","=""2.71e+04""",E,"=""31.56449""","=""31.96702""","=""3s.8g""","=""3G""","=""4""","=""3s.9f""","=""3F*""","=""4""",9,9,,"=""T6298c4,LS""","=""""",
"=""""","=""3080.1""","=""""","=""5.57e+05""",D+,"=""31.56449""","=""31.96702""","=""3s.8g""","=""3G""","=""3""","=""3s.9f""","=""3F*""","=""2""",7,5,,"=""T6298c4,LS""","=""""",
"=""""","=""3080.1""","=""""","=""5.22e+05""",D+,"=""31.56449""","=""31.96702""","=""3s.8g""","=""3G""","=""4""","=""3s.9f""","=""3F*""","=""3""",9,7,,"=""T6298c4,LS""","=""""",
"=""""","=""3080.13""","=""""","=""3.83e+06""",C,"=""31.587051""","=""31.989581""","=""3s.8d""","=""1D""","=""2""","=""3s.9f""","=""1F*""","=""3""",5,7,,"=""T6298c4""","=""""",
"=""""","=""3081.0""","=""""","=""5.30e+05""",D+,"=""31.564610""","=""31.96702""","=""3s.8g""","=""3G""","=""5""","=""3s.9f""","=""3F*""","=""4""",11,9,,"=""T6298c4,LS""","=""""",
"=""""","=""3102.52""","=""""","=""2.33e+04""",C,"=""28.070023""","=""28.469647""","=""3p.4s""","=""3P*""","=""0""","=""3s.6s""","=""3S""","=""1""",1,3,,"=""T6298c4,LS""","=""""",
"=""""","=""3138.2""","=""""","=""2.33e+06""",B+,"=""28.154479""","=""28.54956""","=""3s.5d""","=""3D""","=""1""","=""3s.5f""","=""3F*""","=""2""",3,5,,"=""T6298c4,LS""","=""""",
"=""""","=""3140.30""","=""""","=""2.46e+06""",B+,"=""28.154854""","=""28.549670""","=""3s.5d""","=""3D""","=""2""","=""3s.5f""","=""3F*""","=""3""",5,7,,"=""T6298c4,LS""","=""""",
"=""""","=""3141.2""","=""""","=""4.31e+05""",B+,"=""28.154854""","=""28.54956""","=""3s.5d""","=""3D""","=""2""","=""3s.5f""","=""3F*""","=""2""",5,5,,"=""T6298c4,LS""","=""""",
"=""""","=""3142.74""","=""""","=""2.76e+06""",B+,"=""28.155413""","=""28.549923""","=""3s.5d""","=""3D""","=""3""","=""3s.5f""","=""3F*""","=""4""",7,9,,"=""T6298c4,LS""","=""""",
"=""""","=""3144.75""","=""""","=""3.07e+05""",B+,"=""28.155413""","=""28.549670""","=""3s.5d""","=""3D""","=""3""","=""3s.5f""","=""3F*""","=""3""",7,7,,"=""T6298c4,LS""","=""""",
"=""""","=""3145.7""","=""""","=""1.21e+04""",C,"=""28.155413""","=""28.54956""","=""3s.5d""","=""3D""","=""3""","=""3s.5f""","=""3F*""","=""2""",7,5,,"=""T6298c4,LS""","=""""",
"=""""","=""3230.21""","=""""","=""6.18e+04""",C+,"=""28.085821""","=""28.469647""","=""3p.4s""","=""3P*""","=""1""","=""3s.6s""","=""3S""","=""1""",3,3,,"=""T6298c4,LS""","=""""",
"=""""","=""3263.79""","=""""","=""6.12e+05""",B,"=""30.360193""","=""30.740071""","=""3s.7p""","=""1P*""","=""1""","=""3p.4p""","=""1D""","=""2""",3,5,,"=""T6298c4""","=""""",
"=""""","=""3341.0""","=""""","=""1.60e+06""",C,"=""31.598045""","=""31.96914""","=""3s.8f""","=""1F*""","=""3""","=""3s.9d""","=""1D""","=""2""",7,5,,"=""T6298c4""","=""""",
"=""""","=""3498.3""","=""""","=""4.32e+03""",E,"=""31.561049""","=""31.91547""","=""3s.8f""","=""3F*""","=""2""","=""3s.9d""","=""3D""","=""3""",5,7,,"=""T6298c4,LS""","=""""",
"=""""","=""3498.3""","=""""","=""2.15e+05""",D+,"=""31.561049""","=""31.91547""","=""3s.8f""","=""3F*""","=""2""","=""3s.9d""","=""3D""","=""2""",5,5,,"=""T6298c4,LS""","=""""",
"=""""","=""3498.3""","=""""","=""1.93e+06""",C,"=""31.561049""","=""31.91547""","=""3s.8f""","=""3F*""","=""2""","=""3s.9d""","=""3D""","=""1""",5,3,,"=""T6298c4,LS""","=""""",
"=""""","=""3498.5""","=""""","=""1.54e+05""",D+,"=""31.561078""","=""31.91547""","=""3s.8f""","=""3F*""","=""3""","=""3s.9d""","=""3D""","=""3""",7,7,,"=""T6298c4,LS""","=""""",
"=""""","=""3498.5""","=""""","=""1.72e+06""",C,"=""31.561078""","=""31.91547""","=""3s.8f""","=""3F*""","=""3""","=""3s.9d""","=""3D""","=""2""",7,5,,"=""T6298c4,LS""","=""""",
"=""""","=""3499.0""","=""""","=""1.77e+06""",C,"=""31.561125""","=""31.91547""","=""3s.8f""","=""3F*""","=""4""","=""3s.9d""","=""3D""","=""3""",9,7,,"=""T6298c4,LS""","=""""",
"=""""","=""3567.72""","=""""","=""7.65e+04""",B,"=""28.122131""","=""28.469647""","=""3p.4s""","=""3P*""","=""2""","=""3s.6s""","=""3S""","=""1""",5,3,,"=""T6298c4,LS""","=""""",
"=""""","=""3573.71""","=""""","=""4.32e+06""",B,"=""30.022166""","=""30.369100""","=""3s.7s""","=""3S""","=""1""","=""3s.7p""","=""3P*""","=""2""",3,5,,"=""T6298c4,LS""","=""""",
"=""""","=""3586.47""","=""""","=""4.26e+06""",B,"=""30.022166""","=""30.367866""","=""3s.7s""","=""3S""","=""1""","=""3s.7p""","=""3P*""","=""1""",3,3,,"=""T6298c4,LS""","=""""",
"=""""","=""3592.44""","=""""","=""4.25e+06""",B,"=""30.022166""","=""30.367291""","=""3s.7s""","=""3S""","=""1""","=""3s.7p""","=""3P*""","=""0""",3,1,,"=""T6298c4,LS""","=""""",
"=""""","=""3658.90""","=""""","=""4.29e-09""",C,"=""24.994933""","=""25.333789""","=""3s.4d""","=""3D""","=""1""","=""3s.4d""","=""1D""","=""2""",3,5,E2,"=""c44""","=""""",
"=""""","=""3658.90""","=""""","=""5.76e-07""",D,"=""24.994933""","=""25.333789""","=""3s.4d""","=""3D""","=""1""","=""3s.4d""","=""1D""","=""2""",3,5,M1,"=""c44""","=""""",
"=""""","=""3659.64""","=""""","=""2.09e-09""",C,"=""24.995001""","=""25.333789""","=""3s.4d""","=""3D""","=""2""","=""3s.4d""","=""1D""","=""2""",5,5,E2,"=""c44""","=""""",
"=""""","=""3659.64""","=""""","=""1.07e-07""",D,"=""24.995001""","=""25.333789""","=""3s.4d""","=""3D""","=""2""","=""3s.4d""","=""1D""","=""2""",5,5,M1,"=""c44""","=""""",
"=""""","=""3661.25""","=""""","=""5.22e-09""",C,"=""24.995150""","=""25.333789""","=""3s.4d""","=""3D""","=""3""","=""3s.4d""","=""1D""","=""2""",7,5,E2,"=""c44""","=""""",
"=""""","=""3661.25""","=""""","=""5.97e-07""",D,"=""24.995150""","=""25.333789""","=""3s.4d""","=""3D""","=""3""","=""3s.4d""","=""1D""","=""2""",7,5,M1,"=""c44""","=""""",
"=""""","=""3736.46""","=""""","=""3.25e+02""",D+,"=""24.663327""","=""24.995150""","=""3p.3d""","=""3F*""","=""2""","=""3s.4d""","=""3D""","=""3""",5,7,,"=""c44""","=""""",
"=""""","=""3737.34""","=""""","=""2.03e+03""",C,"=""30.055119""","=""30.386863""","=""3s.6f""","=""3F*""","=""2""","=""3p.4p""","=""3D""","=""3""",5,7,,"=""T6298c4,LS""","=""""",
"=""""","=""3737.88""","=""""","=""7.21e+04""",B,"=""30.055167""","=""30.386863""","=""3s.6f""","=""3F*""","=""3""","=""3p.4p""","=""3D""","=""3""",7,7,,"=""T6298c4,LS""","=""""",
"=""""","=""3738.14""","=""""","=""1.59e+04""",B,"=""24.663327""","=""24.995001""","=""3p.3d""","=""3F*""","=""2""","=""3s.4d""","=""3D""","=""2""",5,5,,"=""c44""","=""""",
"=""""","=""3738.49""","=""""","=""8.35e+05""",B+,"=""30.055220""","=""30.386863""","=""3s.6f""","=""3F*""","=""4""","=""3p.4p""","=""3D""","=""3""",9,7,,"=""T6298c4,LS""","=""""",
"=""""","=""3738.90""","=""""","=""1.44e+05""",B+,"=""24.663327""","=""24.994933""","=""3p.3d""","=""3F*""","=""2""","=""3s.4d""","=""3D""","=""1""",5,3,,"=""c44""","=""""",
"=""""","=""3886.53""","=""""","=""1.03e+04""",B,"=""24.676140""","=""24.995150""","=""3p.3d""","=""3F*""","=""3""","=""3s.4d""","=""3D""","=""3""",7,7,,"=""c44""","=""""",
"=""""","=""3888.34""","=""""","=""1.16e+05""",B+,"=""24.676140""","=""24.995001""","=""3p.3d""","=""3F*""","=""3""","=""3s.4d""","=""3D""","=""2""",7,5,,"=""c44""","=""""",
"=""""","=""4073.04""","=""""","=""7.80e+04""",B,"=""30.055119""","=""30.359521""","=""3s.6f""","=""3F*""","=""2""","=""3p.4p""","=""3D""","=""2""",5,5,,"=""T6298c4,LS""","=""""",
"=""""","=""4073.68""","=""""","=""6.25e+05""",B+,"=""30.055167""","=""30.359521""","=""3s.6f""","=""3F*""","=""3""","=""3p.4p""","=""3D""","=""2""",7,5,,"=""T6298c4,LS""","=""""",
"=""""","=""4106.14""","=""""","=""1.04e+05""",B+,"=""24.693201""","=""24.995150""","=""3p.3d""","=""3F*""","=""4""","=""3s.4d""","=""3D""","=""3""",9,7,,"=""c44""","=""""",
"=""""","=""4113.82""","=""""","=""2.82e+06""",B,"=""30.740071""","=""31.041455""","=""3p.4p""","=""1D""","=""2""","=""3s.7f""","=""1F*""","=""3""",5,7,,"=""T6298c4""","=""""",
"=""""","=""4285.4""","=""""","=""2.47e+06""",B,"=""30.070873""","=""30.360193""","=""3s.7s""","=""1S""","=""0""","=""3s.7p""","=""1P*""","=""1""",1,3,,"=""T6298c4""","=""""",
"=""""","=""4299.1""","=""""","=""5.95e+05""",B+,"=""30.055119""","=""30.343512""","=""3s.6f""","=""3F*""","=""2""","=""3p.4p""","=""3D""","=""1""",5,3,,"=""T6298c4,LS""","=""""",
"=""""","=""4654.2""","=""""","=""1.54e+06""",B+,"=""29.788726""","=""30.055119""","=""3s.6d""","=""3D""","=""1""","=""3s.6f""","=""3F*""","=""2""",3,5,,"=""T6298c4,LS""","=""""",
"=""""","=""4675.6""","=""""","=""5.85e+05""",B+,"=""27.961701""","=""28.226874""","=""3s.5f""","=""1F*""","=""3""","=""3s.5d""","=""1D""","=""2""",7,5,,"=""T6298c4""","=""""",
"=""""","=""4701.5""","=""""","=""1.58e+06""",B+,"=""29.791454""","=""30.055167""","=""3s.6d""","=""3D""","=""2""","=""3s.6f""","=""3F*""","=""3""",5,7,,"=""T6298c4,LS""","=""""",
"=""""","=""4702.3""","=""""","=""2.78e+05""",B+,"=""29.791454""","=""30.055119""","=""3s.6d""","=""3D""","=""2""","=""3s.6f""","=""3F*""","=""2""",5,5,,"=""T6298c4,LS""","=""""",
"=""""","=""4768.6""","=""""","=""1.71e+06""",B+,"=""29.795217""","=""30.055220""","=""3s.6d""","=""3D""","=""3""","=""3s.6f""","=""3F*""","=""4""",7,9,,"=""T6298c4,LS""","=""""",
"=""""","=""4769.5""","=""""","=""1.90e+05""",B+,"=""29.795217""","=""30.055167""","=""3s.6d""","=""3D""","=""3""","=""3s.6f""","=""3F*""","=""3""",7,7,,"=""T6298c4,LS""","=""""",
"=""""","=""4770.4""","=""""","=""7.51e+03""",C+,"=""29.795217""","=""30.055119""","=""3s.6d""","=""3D""","=""3""","=""3s.6f""","=""3F*""","=""2""",7,5,,"=""T6298c4,LS""","=""""",
"=""""","=""5034.8""","=""""","=""3.16e+03""",D,"=""30.113939""","=""30.360193""","=""3p.4p""","=""1P""","=""1""","=""3s.7p""","=""1P*""","=""1""",3,3,,"=""T6298c4""","=""""",
"=""""","=""6007.1""","=""""","=""4.34e+05""",B+,"=""28.355155""","=""28.561553""","=""3p.4s""","=""1P*""","=""1""","=""3s.6s""","=""1S""","=""0""",3,1,,"=""T6298c4""","=""""",
"=""""","=""7172.4""","=""""","=""3.97e+05""",B+,"=""30.062978""","=""30.235840""","=""3s.6g""","=""1G""","=""4""","=""3s.6f""","=""1F*""","=""3""",9,7,,"=""T6298c4""","=""""",
"=""""","=""7954.3""","=""""","=""6.34e-05""",C,"=""21.725752""","=""21.881623""","=""3s.4p""","=""3P*""","=""0""","=""3s.4p""","=""1P*""","=""1""",1,3,M1,"=""c44""","=""""",
"=""""","=""8169.3""","=""""","=""4.38e-05""",C,"=""21.729855""","=""21.881623""","=""3s.4p""","=""3P*""","=""1""","=""3s.4p""","=""1P*""","=""1""",3,3,M1,"=""c44""","=""""",
"=""""","=""8169.3""","=""""","=""3.77e-07""",B,"=""21.729855""","=""21.881623""","=""3s.4p""","=""3P*""","=""1""","=""3s.4p""","=""1P*""","=""1""",3,3,E2,"=""c44""","=""""",
"=""""","=""8688.6""","=""""","=""6.08e-05""",C,"=""21.738926""","=""21.881623""","=""3s.4p""","=""3P*""","=""2""","=""3s.4p""","=""1P*""","=""1""",5,3,M1,"=""c44""","=""""",
"=""""","=""8688.6""","=""""","=""9.75e-08""",B,"=""21.738926""","=""21.881623""","=""3s.4p""","=""3P*""","=""2""","=""3s.4p""","=""1P*""","=""1""",5,3,E2,"=""c44""","=""""",
"=""""","=""9665.0""","=""""","=""4.06e+04""",B+,"=""28.226874""","=""28.355155""","=""3s.5d""","=""1D""","=""2""","=""3p.4s""","=""1P*""","=""1""",5,3,,"=""T6298c4""","=""""",
"=""""","=""14680.2""","=""""","=""1.82e+02""",C,"=""28.070023""","=""28.154479""","=""3p.4s""","=""3P*""","=""0""","=""3s.5d""","=""3D""","=""1""",1,3,,"=""T6298c4,LS""","=""""",
"=""""","=""14685""","=""""","=""1.05e+05""",B,"=""30.88366""","=""30.968089""","=""3s.7d""","=""3D""","=""1""","=""3s.7f""","=""3F*""","=""2""",3,5,,"=""T6298c4,LS""","=""""",
"=""""","=""14907.6""","=""""","=""1.06e+05""",B,"=""30.884947""","=""30.968116""","=""3s.7d""","=""3D""","=""2""","=""3s.7f""","=""3F*""","=""3""",5,7,,"=""T6298c4,LS""","=""""",
"=""""","=""14912.5""","=""""","=""1.86e+04""",B,"=""30.884947""","=""30.968089""","=""3s.7d""","=""3D""","=""2""","=""3s.7f""","=""3F*""","=""2""",5,5,,"=""T6298c4,LS""","=""""",
"=""""","=""15294.3""","=""""","=""1.11e+05""",B,"=""30.887085""","=""30.968151""","=""3s.7d""","=""3D""","=""3""","=""3s.7f""","=""3F*""","=""4""",7,9,,"=""T6298c4,LS""","=""""",
"=""""","=""15300.8""","=""""","=""1.23e+04""",B,"=""30.887085""","=""30.968116""","=""3s.7d""","=""3D""","=""3""","=""3s.7f""","=""3F*""","=""3""",7,7,,"=""T6298c4,LS""","=""""",
"=""""","=""15306""","=""""","=""4.86e+02""",C,"=""30.887085""","=""30.968089""","=""3s.7d""","=""3D""","=""3""","=""3s.7f""","=""3F*""","=""2""",7,5,,"=""T6298c4,LS""","=""""",
"=""""","=""17960.1""","=""""","=""1.34e+02""",C+,"=""28.085821""","=""28.154854""","=""3p.4s""","=""3P*""","=""1""","=""3s.5d""","=""3D""","=""2""",3,5,,"=""T6298c4,LS""","=""""",
"=""""","=""18020""","=""""","=""1.08e+05""",B,"=""[31.4922]""","=""31.561049""","=""3s.8d""","=""3D""","=""1""","=""3s.8f""","=""3F*""","=""2""",3,5,,"=""T6298c4,LS""","=""""",
"=""""","=""18058""","=""""","=""7.30e+01""",C,"=""28.085821""","=""28.154479""","=""3p.4s""","=""3P*""","=""1""","=""3s.5d""","=""3D""","=""1""",3,3,,"=""T6298c4,LS""","=""""",
"=""""","=""18080""","=""""","=""1.97e+04""",B,"=""[31.4925]""","=""31.561049""","=""3s.8d""","=""3D""","=""2""","=""3s.8f""","=""3F*""","=""2""",5,5,,"=""T6298c4,LS""","=""""",
"=""""","=""18070""","=""""","=""1.12e+05""",B,"=""[31.4925]""","=""31.561078""","=""3s.8d""","=""3D""","=""2""","=""3s.8f""","=""3F*""","=""3""",5,7,,"=""T6298c4,LS""","=""""",
"=""""","=""18176.5""","=""""","=""1.25e+05""",B,"=""31.492914""","=""31.561125""","=""3s.8d""","=""3D""","=""3""","=""3s.8f""","=""3F*""","=""4""",7,9,,"=""T6298c4,LS""","=""""",
"=""""","=""18189.1""","=""""","=""1.39e+04""",B,"=""31.492914""","=""31.561078""","=""3s.8d""","=""3D""","=""3""","=""3s.8f""","=""3F*""","=""3""",7,7,,"=""T6298c4,LS""","=""""",
"=""""","=""18196.7""","=""""","=""5.47e+02""",C,"=""31.492914""","=""31.561049""","=""3s.8d""","=""3D""","=""3""","=""3s.8f""","=""3F*""","=""2""",7,5,,"=""T6298c4,LS""","=""""",
"=""""","=""18238.9""","=""""","=""6.55e+04""",B,"=""30.973477""","=""31.041455""","=""3s.7g""","=""1G""","=""4""","=""3s.7f""","=""1F*""","=""3""",9,7,,"=""T6298c4""","=""""",
"=""""","=""20110""","=""""","=""2.18e+03""",B+,"=""25.333789""","=""25.395443""","=""3s.4d""","=""1D""","=""2""","=""3s.4f""","=""1F*""","=""3""",5,7,,"=""c44""","=""""",
"=""""","=""24050""","=""""","=""3.92e+02""",C,"=""31.91547""","=""31.96702""","=""3s.9d""","=""3D""","=""3""","=""3s.9f""","=""3F*""","=""2""",7,5,,"=""T6298c4,LS""","=""""",
"=""""","=""24050""","=""""","=""1.40e+04""",C+,"=""31.91547""","=""31.96702""","=""3s.9d""","=""3D""","=""2""","=""3s.9f""","=""3F*""","=""2""",5,5,,"=""T6298c4,LS""","=""""",
"=""""","=""24050""","=""""","=""9.95e+03""",C+,"=""31.91547""","=""31.96702""","=""3s.9d""","=""3D""","=""3""","=""3s.9f""","=""3F*""","=""3""",7,7,,"=""T6298c4,LS""","=""""",
"=""""","=""24050""","=""""","=""7.47e+04""",B,"=""31.91547""","=""31.96702""","=""3s.9d""","=""3D""","=""1""","=""3s.9f""","=""3F*""","=""2""",3,5,,"=""T6298c4,LS""","=""""",
"=""""","=""24050""","=""""","=""7.94e+04""",B,"=""31.91547""","=""31.96702""","=""3s.9d""","=""3D""","=""2""","=""3s.9f""","=""3F*""","=""3""",5,7,,"=""T6298c4,LS""","=""""",
"=""""","=""24050""","=""""","=""8.93e+04""",B,"=""31.91547""","=""31.96702""","=""3s.9d""","=""3D""","=""3""","=""3s.9f""","=""3F*""","=""4""",7,9,,"=""T6298c4,LS""","=""""",
"=""""","=""25506""","=""""","=""2.56e-09""",B,"=""16.081798""","=""16.130409""","=""3p2""","=""3P""","=""0""","=""3p2""","=""3P""","=""2""",1,5,E2,"=""c44""","=""""",
"=""""","=""25620""","=""""","=""2.86e-09""",B+,"=""6.537028""","=""6.585422""","=""3s.3p""","=""3P*""","=""0""","=""3s.3p""","=""3P*""","=""2""",1,5,E2,"=""c44,T1""","=""""",
"=""""","=""36920""","=""""","=""1.60e+04""",B,"=""31.56447""","=""31.598045""","=""3s.8g""","=""1G""","=""4""","=""3s.8f""","=""1F*""","=""3""",9,7,,"=""T6298c4""","=""""",
"=""""","=""36992""","=""""","=""7.85e+03""",B,"=""31.041455""","=""31.074972""","=""3s.7f""","=""1F*""","=""3""","=""3s.7d""","=""1D""","=""2""",7,5,,"=""T6298c4""","=""""",
"=""""","=""37252""","=""""","=""1.99e+01""",C+,"=""28.122131""","=""28.155413""","=""3p.4s""","=""3P*""","=""2""","=""3s.5d""","=""3D""","=""3""",5,7,,"=""T6298c4,LS""","=""""",
"=""""","=""37889""","=""""","=""4.74e+00""",C,"=""28.122131""","=""28.154854""","=""3p.4s""","=""3P*""","=""2""","=""3s.5d""","=""3D""","=""2""",5,5,,"=""T6298c4,LS""","=""""",
"=""""","=""38207""","=""""","=""8.94e-10""",B+,"=""6.552972""","=""6.585422""","=""3s.3p""","=""3P*""","=""1""","=""3s.3p""","=""3P*""","=""2""",3,5,E2,"=""c44""","=""""",
"=""""","=""38207""","=""""","=""2.33e-04""",B+,"=""6.552972""","=""6.585422""","=""3s.3p""","=""3P*""","=""1""","=""3s.3p""","=""3P*""","=""2""",3,5,M1,"=""c44,T1""","=""""",
"=""""","=""38327""","=""""","=""5.09e-01""",D,"=""28.122131""","=""28.154479""","=""3p.4s""","=""3P*""","=""2""","=""3s.5d""","=""3D""","=""1""",5,3,,"=""T6298c4,LS""","=""""",
"=""""","=""38677""","=""""","=""2.33e-04""",B,"=""16.098353""","=""16.130409""","=""3p2""","=""3P""","=""1""","=""3p2""","=""3P""","=""2""",3,5,M1,"=""c44""","=""""",
"=""""","=""38677""","=""""","=""7.19e-10""",B+,"=""16.098353""","=""16.130409""","=""3p2""","=""3P""","=""1""","=""3p2""","=""3P""","=""2""",3,5,E2,"=""c44""","=""""",
"=""""","=""41502""","=""""","=""4.77e-11""",B,"=""24.663327""","=""24.693201""","=""3p.3d""","=""3F*""","=""2""","=""3p.3d""","=""3F*""","=""4""",5,9,E2,"=""c44""","=""""",
"=""""","=""48454""","=""""","=""9.02e+00""",C,"=""30.343512""","=""30.369100""","=""3p.4p""","=""3D""","=""1""","=""3s.7p""","=""3P*""","=""2""",3,5,,"=""T6298c4,LS""","=""""",
"=""""","=""49744""","=""""","=""1.23e-11""",D,"=""25.395443""","=""25.420367""","=""3s.4f""","=""1F*""","=""3""","=""3p.3d""","=""1D*""","=""2""",7,5,M1,"=""c44""","=""""",
"=""""","=""50909""","=""""","=""1.94e+02""",B,"=""30.343512""","=""30.367866""","=""3p.4p""","=""3D""","=""1""","=""3s.7p""","=""3P*""","=""1""",3,3,,"=""T6298c4,LS""","=""""",
"=""""","=""52140""","=""""","=""7.24e+02""",B,"=""30.343512""","=""30.367291""","=""3p.4p""","=""3D""","=""1""","=""3s.7p""","=""3P*""","=""0""",3,1,,"=""T6298c4,LS""","=""""",
"=""""","=""60650""","=""""","=""5.45e+03""",B,"=""31.96914""","=""31.989581""","=""3s.9d""","=""1D""","=""2""","=""3s.9f""","=""1F*""","=""3""",5,7,,"=""T6298c4""","=""""",
"=""""","=""72669""","=""""","=""6.40e-11""",B+,"=""24.676140""","=""24.693201""","=""3p.3d""","=""3F*""","=""3""","=""3p.3d""","=""3F*""","=""4""",7,9,E2,"=""c44""","=""""",
"=""""","=""72669""","=""""","=""5.27e-05""",B,"=""24.676140""","=""24.693201""","=""3p.3d""","=""3F*""","=""3""","=""3p.3d""","=""3F*""","=""4""",7,9,M1,"=""c44""","=""""",
"=""""","=""74895""","=""""","=""4.28e-05""",B,"=""16.081798""","=""16.098353""","=""3p2""","=""3P""","=""0""","=""3p2""","=""3P""","=""1""",1,3,M1,"=""c44""","=""""",
"=""""","=""77767""","=""""","=""3.87e-05""",B+,"=""6.537028""","=""6.552972""","=""3s.3p""","=""3P*""","=""0""","=""3s.3p""","=""3P*""","=""1""",1,3,M1,"=""c44,T1""","=""""",
"=""""","=""94118""","=""""","=""9.65e-11""",B+,"=""21.725752""","=""21.738926""","=""3s.4p""","=""3P*""","=""0""","=""3s.4p""","=""3P*""","=""2""",1,5,E2,"=""c44""","=""""",
"=""""","=""96768""","=""""","=""2.83e-05""",B,"=""24.663327""","=""24.676140""","=""3p.3d""","=""3F*""","=""2""","=""3p.3d""","=""3F*""","=""3""",5,7,M1,"=""c44""","=""""",
"=""""","=""96768""","=""""","=""1.86e-11""",B+,"=""24.663327""","=""24.676140""","=""3p.3d""","=""3F*""","=""2""","=""3p.3d""","=""3F*""","=""3""",5,7,E2,"=""c44""","=""""",
"=""""","=""136690""","=""""","=""5.27e-06""",B,"=""21.729855""","=""21.738926""","=""3s.4p""","=""3P*""","=""1""","=""3s.4p""","=""3P*""","=""2""",3,5,M1,"=""c44""","=""""",
"=""""","=""136690""","=""""","=""3.36e-11""",B+,"=""21.729855""","=""21.738926""","=""3s.4p""","=""3P*""","=""1""","=""3s.4p""","=""3P*""","=""2""",3,5,E2,"=""c44""","=""""",
"=""""","=""146410""","=""""","=""3.09e-13""",B+,"=""25.978583""","=""25.987051""","=""3s.4f""","=""3F*""","=""2""","=""3s.4f""","=""3F*""","=""4""",5,9,E2,"=""c44""","=""""",
"=""""","=""247700""","=""""","=""4.85e-13""",B+,"=""25.982046""","=""25.987051""","=""3s.4f""","=""3F*""","=""3""","=""3s.4f""","=""3F*""","=""4""",7,9,E2,"=""c44""","=""""",
"=""""","=""302200""","=""""","=""6.50e-07""",B,"=""21.725752""","=""21.729855""","=""3s.4p""","=""3P*""","=""0""","=""3s.4p""","=""3P*""","=""1""",1,3,M1,"=""c44""","=""""",
"=""""","=""358000""","=""""","=""9.58e-14""",B+,"=""25.978583""","=""25.982046""","=""3s.4f""","=""3F*""","=""2""","=""3s.4f""","=""3F*""","=""3""",5,7,E2,"=""c44""","=""""",
