obs_wl_vac(nm),ritz_wl_vac(nm),intens,Aki(s^-1),Acc,Ei(eV),Ek(eV),conf_i,term_i,J_i,conf_k,term_k,J_k,g_i,g_k,Type,tp_ref,line_ref,
"=""""","=""43.726494""","=""""","=""4.43e+08""",C+,"=""0.00000""","=""28.354479""","=""2s2.2p2""","=""3P""","=""0""","=""2s.2p2.(4P).3p""","=""3D*""","=""1""",1,3,,"=""T5520LS""","=""""",
"=""""","=""43.72863""","=""""","=""5.98e+08""",C+,"=""0.00604""","=""28.359130""","=""2s2.2p2""","=""3P""","=""1""","=""2s.2p2.(4P).3p""","=""3D*""","=""2""",3,5,,"=""T5520LS""","=""""",
"=""""","=""43.73286""","=""""","=""7.97e+08""",C+,"=""0.01622""","=""28.366572""","=""2s2.2p2""","=""3P""","=""2""","=""2s.2p2.(4P).3p""","=""3D*""","=""3""",5,7,,"=""T5520LS""","=""""",
"=""""","=""43.73581""","=""""","=""3.32e+08""",C+,"=""0.00604""","=""28.354479""","=""2s2.2p2""","=""3P""","=""1""","=""2s.2p2.(4P).3p""","=""3D*""","=""1""",3,3,,"=""T5520LS""","=""""",
"=""""","=""43.74434""","=""""","=""1.99e+08""",C+,"=""0.01622""","=""28.359130""","=""2s2.2p2""","=""3P""","=""2""","=""2s.2p2.(4P).3p""","=""3D*""","=""2""",5,5,,"=""T5520LS""","=""""",
"=""""","=""43.75152""","=""""","=""2.21e+07""",D,"=""0.01622""","=""28.354479""","=""2s2.2p2""","=""3P""","=""2""","=""2s.2p2.(4P).3p""","=""3D*""","=""1""",5,3,,"=""T5520LS""","=""""",
"=""""","=""47.449263""","=""""","=""4.30e+08""",C+,"=""0.00000""","=""26.129847""","=""2s2.2p2""","=""3P""","=""0""","=""2s2.2p.4d""","=""3P*""","=""1""",1,3,,"=""T5520LS""","=""""",
"=""""","=""47.45459""","=""""","=""1.29e+09""",C+,"=""0.00604""","=""26.132949""","=""2s2.2p2""","=""3P""","=""1""","=""2s2.2p.4d""","=""3P*""","=""0""",3,1,,"=""T5520LS""","=""""",
"=""""","=""47.46023""","=""""","=""3.22e+08""",C+,"=""0.00604""","=""26.129847""","=""2s2.2p2""","=""3P""","=""1""","=""2s2.2p.4d""","=""3P*""","=""1""",3,3,,"=""T5520LS""","=""""",
"=""""","=""47.47063""","=""""","=""3.22e+08""",C+,"=""0.00604""","=""26.124123""","=""2s2.2p2""","=""3P""","=""1""","=""2s2.2p.4d""","=""3P*""","=""2""",3,5,,"=""T5520LS""","=""""",
"=""""","=""47.47873""","=""""","=""5.37e+08""",C+,"=""0.01622""","=""26.129847""","=""2s2.2p2""","=""3P""","=""2""","=""2s2.2p.4d""","=""3P*""","=""1""",5,3,,"=""T5520LS""","=""""",
"=""""","=""47.48914""","=""""","=""9.66e+08""",C+,"=""0.01622""","=""26.124123""","=""2s2.2p2""","=""3P""","=""2""","=""2s2.2p.4d""","=""3P*""","=""2""",5,5,,"=""T5520LS""","=""""",
"=""""","=""47.564726""","=""""","=""1.17e+09""",C+,"=""0.00000""","=""26.066417""","=""2s2.2p2""","=""3P""","=""0""","=""2s2.2p.4d""","=""3D*""","=""1""",1,3,,"=""T5520LS""","=""""",
"=""""","=""47.56982""","=""""","=""1.58e+09""",C+,"=""0.00604""","=""26.069666""","=""2s2.2p2""","=""3P""","=""1""","=""2s2.2p.4d""","=""3D*""","=""2""",3,5,,"=""T5520LS""","=""""",
"=""""","=""47.57575""","=""""","=""8.75e+08""",C+,"=""0.00604""","=""26.066417""","=""2s2.2p2""","=""3P""","=""1""","=""2s2.2p.4d""","=""3D*""","=""1""",3,3,,"=""T5520LS""","=""""",
"=""""","=""47.58033""","=""""","=""2.10e+09""",C+,"=""0.01622""","=""26.074085""","=""2s2.2p2""","=""3P""","=""2""","=""2s2.2p.4d""","=""3D*""","=""3""",5,7,,"=""T5520LS""","=""""",
"=""""","=""47.58840""","=""""","=""5.25e+08""",C+,"=""0.01622""","=""26.069666""","=""2s2.2p2""","=""3P""","=""2""","=""2s2.2p.4d""","=""3D*""","=""2""",5,5,,"=""T5520LS""","=""""",
"=""""","=""47.59434""","=""""","=""5.83e+07""",C,"=""0.01622""","=""26.066417""","=""2s2.2p2""","=""3P""","=""2""","=""2s2.2p.4d""","=""3D*""","=""1""",5,3,,"=""T5520LS""","=""""",
"=""""","=""48.58487""","=""""","=""9.79e+08""",B,"=""1.89897""","=""27.418065""","=""2s2.2p2""","=""1D""","=""2""","=""2s2.2p.5d""","=""1F*""","=""3""",5,7,,"=""T5520""","=""""",
"=""""","=""48.73789""","=""""","=""6.32e+08""",B,"=""1.89897""","=""27.337940""","=""2s2.2p2""","=""1D""","=""2""","=""2s2.2p.5d""","=""1D*""","=""2""",5,5,,"=""T5520""","=""""",
"=""""","=""50.5986""","=""""","=""4.51e+09""",C+,"=""5.80055""","=""30.304034""","=""2s.2p3""","=""5S*""","=""2""","=""2s.2p2.(4P).3d""","=""5P""","=""1""",5,3,,"=""T5520LS""","=""""",
"=""""","=""50.6054""","=""""","=""4.51e+09""",C+,"=""5.80055""","=""30.300731""","=""2s.2p3""","=""5S*""","=""2""","=""2s.2p2.(4P).3d""","=""5P""","=""2""",5,5,,"=""T5520LS""","=""""",
"=""""","=""50.6153""","=""""","=""4.51e+09""",C+,"=""5.80055""","=""30.295949""","=""2s.2p3""","=""5S*""","=""2""","=""2s.2p2.(4P).3d""","=""5P""","=""3""",5,7,,"=""T5520LS""","=""""",
"=""""","=""50.8484""","=""""","=""6.47e+07""",B,"=""0.00604""","=""24.389123""","=""2s2.2p2""","=""3P""","=""1""","=""2s2.2p.4s""","=""3P*""","=""2""",3,5,,"=""T6385n""","=""""",
"=""""","=""50.86675""","=""""","=""8.45e+07""",B,"=""0.00000""","=""24.374310""","=""2s2.2p2""","=""3P""","=""0""","=""2s2.2p.4s""","=""3P*""","=""1""",1,3,,"=""T6385n""","=""""",
"=""""","=""50.8697""","=""""","=""1.91e+08""",B,"=""0.01622""","=""24.389123""","=""2s2.2p2""","=""3P""","=""2""","=""2s2.2p.4s""","=""3P*""","=""2""",5,5,,"=""T6385n""","=""""",
"=""""","=""50.8794""","=""""","=""6.26e+07""",B,"=""0.00604""","=""24.374310""","=""2s2.2p2""","=""3P""","=""1""","=""2s2.2p.4s""","=""3P*""","=""1""",3,3,,"=""T6385n""","=""""",
"=""""","=""50.8928""","=""""","=""2.51e+08""",B,"=""0.00604""","=""24.367883""","=""2s2.2p2""","=""3P""","=""1""","=""2s2.2p.4s""","=""3P*""","=""0""",3,1,,"=""T6385n""","=""""",
"=""""","=""50.9006""","=""""","=""1.05e+08""",B,"=""0.01622""","=""24.374310""","=""2s2.2p2""","=""3P""","=""2""","=""2s2.2p.4s""","=""3P*""","=""1""",5,3,,"=""T6385n""","=""""",
"=""""","=""51.0758""","=""""","=""1.87e+09""",B,"=""1.89897""","=""26.173514""","=""2s2.2p2""","=""1D""","=""2""","=""2s2.2p.4d""","=""1F*""","=""3""",5,7,,"=""T5520""","=""""",
"=""""","=""51.3849""","=""""","=""1.24e+09""",B,"=""1.89897""","=""26.027477""","=""2s2.2p2""","=""1D""","=""2""","=""2s2.2p.4d""","=""1D*""","=""2""",5,5,,"=""T5520""","=""""",
"=""""","=""52.59829""","=""""","=""3.94e+06""",B+,"=""0.00000""","=""23.571906""","=""2s2.2p2""","=""3P""","=""0""","=""2s2.2p.3d""","=""1P*""","=""1""",1,3,,"=""T7333""","=""""",
"=""""","=""52.6118""","=""""","=""8.74e+04""",B+,"=""0.00604""","=""23.571906""","=""2s2.2p2""","=""3P""","=""1""","=""2s2.2p.3d""","=""1P*""","=""1""",3,3,,"=""T7333""","=""""",
"=""""","=""52.6345""","=""""","=""5.91e+05""",B+,"=""0.01622""","=""23.571906""","=""2s2.2p2""","=""3P""","=""2""","=""2s2.2p.3d""","=""1P*""","=""1""",5,3,,"=""T7333""","=""""",
"=""""","=""52.8529""","=""""","=""1.86e+06""",B,"=""0.01622""","=""23.474568""","=""2s2.2p2""","=""3P""","=""2""","=""2s2.2p.3d""","=""1F*""","=""3""",5,7,,"=""T7333""","=""""",
"=""""","=""52.93549""","=""""","=""7.17e+08""",B+,"=""0.00000""","=""23.421752""","=""2s2.2p2""","=""3P""","=""0""","=""2s2.2p.3d""","=""3P*""","=""1""",1,3,,"=""T7333""","=""""",
"=""""","=""52.9413""","=""""","=""2.44e+09""",B+,"=""0.00604""","=""23.425232""","=""2s2.2p2""","=""3P""","=""1""","=""2s2.2p.3d""","=""3P*""","=""0""",3,1,,"=""T7333""","=""""",
"=""""","=""52.9491""","=""""","=""6.86e+08""",B+,"=""0.00604""","=""23.421752""","=""2s2.2p2""","=""3P""","=""1""","=""2s2.2p.3d""","=""3P*""","=""1""",3,3,,"=""T7333""","=""""",
"=""""","=""52.9637""","=""""","=""4.83e+08""",B+,"=""0.00604""","=""23.415330""","=""2s2.2p2""","=""3P""","=""1""","=""2s2.2p.3d""","=""3P*""","=""2""",3,5,,"=""T7333""","=""""",
"=""""","=""52.9722""","=""""","=""1.04e+09""",B+,"=""0.01622""","=""23.421752""","=""2s2.2p2""","=""3P""","=""2""","=""2s2.2p.3d""","=""3P*""","=""1""",5,3,,"=""T7333""","=""""",
"=""""","=""52.9867""","=""""","=""1.96e+09""",B+,"=""0.01622""","=""23.415330""","=""2s2.2p2""","=""3P""","=""2""","=""2s2.2p.3d""","=""3P*""","=""2""",5,5,,"=""T7333""","=""""",
"=""""","=""53.0343""","=""""","=""6.12e+08""",B,"=""4.05289""","=""27.431029""","=""2s2.2p2""","=""1S""","=""0""","=""2s2.2p.5d""","=""1P*""","=""1""",1,3,,"=""T5520""","=""""",
"=""""","=""53.35110""","=""""","=""2.46e+09""",B+,"=""0.00000""","=""23.239296""","=""2s2.2p2""","=""3P""","=""0""","=""2s2.2p.3d""","=""3D*""","=""1""",1,3,,"=""T7333""","=""""",
"=""""","=""53.3581""","=""""","=""3.29e+09""",B+,"=""0.00604""","=""23.242271""","=""2s2.2p2""","=""3P""","=""1""","=""2s2.2p.3d""","=""3D*""","=""2""",3,5,,"=""T7333""","=""""",
"=""""","=""53.3650""","=""""","=""1.70e+09""",B+,"=""0.00604""","=""23.239296""","=""2s2.2p2""","=""3P""","=""1""","=""2s2.2p.3d""","=""3D*""","=""1""",3,3,,"=""T7333""","=""""",
"=""""","=""53.3729""","=""""","=""4.24e+09""",B+,"=""0.01622""","=""23.246033""","=""2s2.2p2""","=""3P""","=""2""","=""2s2.2p.3d""","=""3D*""","=""3""",5,7,,"=""T7333""","=""""",
"=""""","=""53.3815""","=""""","=""9.35e+08""",B+,"=""0.01622""","=""23.242271""","=""2s2.2p2""","=""3P""","=""2""","=""2s2.2p.3d""","=""3D*""","=""2""",5,5,,"=""T7333""","=""""",
"=""""","=""53.3884""","=""""","=""9.54e+07""",B+,"=""0.01622""","=""23.239296""","=""2s2.2p2""","=""3P""","=""2""","=""2s2.2p.3d""","=""3D*""","=""1""",5,3,,"=""T7333""","=""""",
"=""""","=""53.4637""","=""""","=""4.96e+06""",B,"=""0.00604""","=""23.196374""","=""2s2.2p2""","=""3P""","=""1""","=""2s2.2p.3d""","=""1D*""","=""2""",3,5,,"=""T7333""","=""""",
"=""""","=""53.4872""","=""""","=""7.14e+04""",B,"=""0.01622""","=""23.196374""","=""2s2.2p2""","=""3P""","=""2""","=""2s2.2p.3d""","=""1D*""","=""2""",5,5,,"=""T7333""","=""""",
"=""""","=""53.6300""","=""""","=""6.40e+06""",B+,"=""0.00604""","=""23.124489""","=""2s2.2p2""","=""3P""","=""1""","=""2s2.2p.3d""","=""3F*""","=""2""",3,5,,"=""T7333""","=""""",
"=""""","=""53.6365""","=""""","=""1.52e+07""",B+,"=""0.01622""","=""23.131853""","=""2s2.2p2""","=""3P""","=""2""","=""2s2.2p.3d""","=""3F*""","=""3""",5,7,,"=""T7333""","=""""",
"=""""","=""53.6536""","=""""","=""2.35e+06""",B+,"=""0.01622""","=""23.124489""","=""2s2.2p2""","=""3P""","=""2""","=""2s2.2p.3d""","=""3F*""","=""2""",5,5,,"=""T7333""","=""""",
"=""""","=""54.7818""","=""""","=""2.16e+08""",C,"=""1.89897""","=""24.531351""","=""2s2.2p2""","=""1D""","=""2""","=""2s2.2p.4s""","=""1P*""","=""1""",5,3,,"=""T6385""","=""""",
"=""""","=""55.9762""","=""""","=""1.14e+09""",B,"=""4.05289""","=""26.202344""","=""2s2.2p2""","=""1S""","=""0""","=""2s2.2p.4d""","=""1P*""","=""1""",1,3,,"=""T5520""","=""""",
"=""""","=""57.2069""","=""""","=""4.24e+05""",D,"=""1.89897""","=""23.571906""","=""2s2.2p2""","=""1D""","=""2""","=""2s2.2p.3d""","=""1P*""","=""1""",5,3,,"=""T7333""","=""""",
"=""""","=""57.4650""","=""""","=""3.83e+09""",A,"=""1.89897""","=""23.474568""","=""2s2.2p2""","=""1D""","=""2""","=""2s2.2p.3d""","=""1F*""","=""3""",5,7,,"=""T7333""","=""""",
"=""""","=""57.6060""","=""""","=""4.22e+04""",C,"=""1.89897""","=""23.421752""","=""2s2.2p2""","=""1D""","=""2""","=""2s2.2p.3d""","=""3P*""","=""1""",5,3,,"=""T7333""","=""""",
"=""""","=""57.6232""","=""""","=""3.23e+06""",B+,"=""1.89897""","=""23.415330""","=""2s2.2p2""","=""1D""","=""2""","=""2s2.2p.3d""","=""3P*""","=""2""",5,5,,"=""T7333""","=""""",
"=""""","=""58.0802""","=""""","=""1.39e+06""",B+,"=""1.89897""","=""23.246033""","=""2s2.2p2""","=""1D""","=""2""","=""2s2.2p.3d""","=""3D*""","=""3""",5,7,,"=""T7333""","=""""",
"=""""","=""58.0904""","=""""","=""1.38e+07""",B+,"=""1.89897""","=""23.242271""","=""2s2.2p2""","=""1D""","=""2""","=""2s2.2p.3d""","=""3D*""","=""2""",5,5,,"=""T7333""","=""""",
"=""""","=""58.2156""","=""""","=""2.74e+09""",A,"=""1.89897""","=""23.196374""","=""2s2.2p2""","=""1D""","=""2""","=""2s2.2p.3d""","=""1D*""","=""2""",5,5,,"=""T7333""","=""""",
"=""""","=""58.3925""","=""""","=""2.32e+06""",A,"=""1.89897""","=""23.131853""","=""2s2.2p2""","=""1D""","=""2""","=""2s2.2p.3d""","=""3F*""","=""3""",5,7,,"=""T7333""","=""""",
"=""""","=""58.4128""","=""""","=""2.35e+07""",A,"=""1.89897""","=""23.124489""","=""2s2.2p2""","=""1D""","=""2""","=""2s2.2p.3d""","=""3F*""","=""2""",5,5,,"=""T7333""","=""""",
"=""""","=""59.96438""","=""""","=""1.02e+04""",B,"=""0.00000""","=""20.676307""","=""2s2.2p2""","=""3P""","=""0""","=""2s.2p3""","=""1P*""","=""1""",1,3,,"=""T7333""","=""""",
"=""""","=""59.9819""","=""""","=""1.69e+05""",B,"=""0.00604""","=""20.676307""","=""2s2.2p2""","=""3P""","=""1""","=""2s.2p3""","=""1P*""","=""1""",3,3,,"=""T7333""","=""""",
"=""""","=""60.0115""","=""""","=""3.15e+04""",B,"=""0.01622""","=""20.676307""","=""2s2.2p2""","=""3P""","=""2""","=""2s.2p3""","=""1P*""","=""1""",5,3,,"=""T7333""","=""""",
"=""""","=""60.5437""","=""""","=""3.77e+08""",C+,"=""4.05289""","=""24.531351""","=""2s2.2p2""","=""1S""","=""0""","=""2s2.2p.4s""","=""1P*""","=""1""",1,3,,"=""T5520,T6385""","=""""",
"=""""","=""61.0116""","=""""","=""1.34e+06""",D,"=""4.05289""","=""24.374310""","=""2s2.2p2""","=""1S""","=""0""","=""2s2.2p.4s""","=""3P*""","=""1""",1,3,,"=""T6385""","=""""",
"=""""","=""62.9167""","=""""","=""1.08e+09""",C+,"=""5.80055""","=""25.506626""","=""2s.2p3""","=""5S*""","=""2""","=""2s.2p2.(4P).3s""","=""5P""","=""3""",5,7,,"=""T6385n""","=""""",
"=""""","=""62.9447""","=""""","=""1.07e+09""",C+,"=""5.80055""","=""25.497874""","=""2s.2p3""","=""5S*""","=""2""","=""2s.2p2.(4P).3s""","=""5P""","=""2""",5,5,,"=""T6385n""","=""""",
"=""""","=""62.9670""","=""""","=""1.07e+09""",C+,"=""5.80055""","=""25.490900""","=""2s.2p3""","=""5S*""","=""2""","=""2s.2p2.(4P).3s""","=""5P""","=""1""",5,3,,"=""T6385n""","=""""",
"=""""","=""63.5197""","=""""","=""2.58e+09""",B+,"=""4.05289""","=""23.571906""","=""2s2.2p2""","=""1S""","=""0""","=""2s2.2p.3d""","=""1P*""","=""1""",1,3,,"=""T7333""","=""""",
"=""""","=""64.0121""","=""""","=""2.30e+06""",B,"=""4.05289""","=""23.421752""","=""2s2.2p2""","=""1S""","=""0""","=""2s2.2p.3d""","=""3P*""","=""1""",1,3,,"=""T7333""","=""""",
"=""64.4634""","=""64.46342""","=""285""","=""1.19e+09""",A,"=""0.00000""","=""19.233263""","=""2s2.2p2""","=""3P""","=""0""","=""2s.2p3""","=""3S*""","=""1""",1,3,,"=""T7333""","=""L3513""",
"=""64.4837""","=""64.4837""","=""360""","=""3.56e+09""",A,"=""0.00604""","=""19.233263""","=""2s2.2p2""","=""3P""","=""1""","=""2s.2p3""","=""3S*""","=""1""",3,3,,"=""T7333""","=""L3513""",
"=""64.5178""","=""64.5178""","=""450""","=""5.94e+09""",A,"=""0.01622""","=""19.233263""","=""2s2.2p2""","=""3P""","=""2""","=""2s.2p3""","=""3S*""","=""1""",5,3,,"=""T7333""","=""L3513""",
"=""""","=""64.6209""","=""""","=""1.43e+06""",B,"=""4.05289""","=""23.239296""","=""2s2.2p2""","=""1S""","=""0""","=""2s2.2p.3d""","=""3D*""","=""1""",1,3,,"=""T7333""","=""""",
"=""66.0286""","=""66.0286""","=""360""","=""3.17e+09""",B+,"=""1.89897""","=""20.676307""","=""2s2.2p2""","=""1D""","=""2""","=""2s.2p3""","=""1P*""","=""1""",5,3,,"=""T7333""","=""L3513""",
"=""""","=""67.02961""","=""""","=""3.80e+07""",B+,"=""0.00000""","=""18.496930""","=""2s2.2p2""","=""3P""","=""0""","=""2s2.2p.3s""","=""1P*""","=""1""",1,3,,"=""T7333""","=""""",
"=""""","=""67.0515""","=""""","=""3.02e+07""",B+,"=""0.00604""","=""18.496930""","=""2s2.2p2""","=""3P""","=""1""","=""2s2.2p.3s""","=""1P*""","=""1""",3,3,,"=""T7333""","=""""",
"=""""","=""67.0884""","=""""","=""3.68e+07""",B+,"=""0.01622""","=""18.496930""","=""2s2.2p2""","=""3P""","=""2""","=""2s2.2p.3s""","=""1P*""","=""1""",5,3,,"=""T7333""","=""""",
"=""67.1016""","=""67.1016""","=""170""","=""2.84e+08""",B+,"=""0.00604""","=""18.483133""","=""2s2.2p2""","=""3P""","=""1""","=""2s2.2p.3s""","=""3P*""","=""2""",3,5,,"=""T7333""","=""L3513""",
"=""67.1386""","=""67.1386""","=""285""","=""8.52e+08""",B+,"=""0.01622""","=""18.483133""","=""2s2.2p2""","=""3P""","=""2""","=""2s2.2p.3s""","=""3P*""","=""2""",5,5,,"=""T7333""","=""L3513""",
"=""""","=""67.14105""","=""""","=""3.40e+08""",B+,"=""0.00000""","=""18.466228""","=""2s2.2p2""","=""3P""","=""0""","=""2s2.2p.3s""","=""3P*""","=""1""",1,3,,"=""T7333""","=""""",
"=""67.1630""","=""67.1630""","=""150""","=""2.53e+08""",B+,"=""0.00604""","=""18.466228""","=""2s2.2p2""","=""3P""","=""1""","=""2s2.2p.3s""","=""3P*""","=""1""",3,3,,"=""T7333""","=""L3513""",
"=""67.1773""","=""67.1773""","=""160""","=""1.13e+09""",B+,"=""0.00604""","=""18.462312""","=""2s2.2p2""","=""3P""","=""1""","=""2s2.2p.3s""","=""3P*""","=""0""",3,1,,"=""T7333""","=""L3513""",
"=""67.2001""","=""67.2001""","=""170""","=""4.38e+08""",B+,"=""0.01622""","=""18.466228""","=""2s2.2p2""","=""3P""","=""2""","=""2s2.2p.3s""","=""3P*""","=""1""",5,3,,"=""T7333""","=""L3513""",
"=""""","=""69.3774""","=""""","=""5.66e+03""",C+,"=""0.00604""","=""17.877026""","=""2s2.2p2""","=""3P""","=""1""","=""2s.2p3""","=""1D*""","=""2""",3,5,,"=""T7333""","=""""",
"=""""","=""69.4169""","=""""","=""4.14e+04""",C+,"=""0.01622""","=""17.877026""","=""2s2.2p2""","=""3P""","=""2""","=""2s.2p3""","=""1D*""","=""2""",5,5,,"=""T7333""","=""""",
"=""""","=""71.5254""","=""""","=""1.06e+05""",B+,"=""1.89897""","=""19.233263""","=""2s2.2p2""","=""1D""","=""2""","=""2s.2p3""","=""3S*""","=""1""",5,3,,"=""T7333""","=""""",
"=""""","=""74.5841""","=""""","=""1.35e+09""",B+,"=""4.05289""","=""20.676307""","=""2s2.2p2""","=""1S""","=""0""","=""2s.2p3""","=""1P*""","=""1""",1,3,,"=""T7333""","=""""",
"=""74.6984""","=""74.6984""","=""285""","=""3.69e+09""",A,"=""1.89897""","=""18.496930""","=""2s2.2p2""","=""1D""","=""2""","=""2s2.2p.3s""","=""1P*""","=""1""",5,3,,"=""T7333""","=""L3513""",
"=""""","=""74.7606""","=""""","=""7.17e+03""",C+,"=""1.89897""","=""18.483133""","=""2s2.2p2""","=""1D""","=""2""","=""2s2.2p.3s""","=""3P*""","=""2""",5,5,,"=""T7333""","=""""",
"=""""","=""74.8369""","=""""","=""3.81e+08""",A,"=""1.89897""","=""18.466228""","=""2s2.2p2""","=""1D""","=""2""","=""2s2.2p.3s""","=""3P*""","=""1""",5,3,,"=""T7333""","=""""",
"=""77.5965""","=""77.5965""","=""650""","=""3.14e+09""",A,"=""1.89897""","=""17.877026""","=""2s2.2p2""","=""1D""","=""2""","=""2s.2p3""","=""1D*""","=""2""",5,5,,"=""T7333""","=""L3513""",
"=""""","=""81.6740""","=""""","=""1.85e+04""",B+,"=""4.05289""","=""19.233263""","=""2s2.2p2""","=""1S""","=""0""","=""2s.2p3""","=""3S*""","=""1""",1,3,,"=""T7333""","=""""",
"=""""","=""83.4070""","=""""","=""8.13e+01""",D,"=""5.80055""","=""20.665518""","=""2s.2p3""","=""5S*""","=""2""","=""2s2.2p.3p""","=""3D""","=""3""",5,7,,"=""T7333""","=""""",
"=""""","=""83.4740""","=""""","=""2.42e+01""",D,"=""5.80055""","=""20.653592""","=""2s.2p3""","=""5S*""","=""2""","=""2s2.2p.3p""","=""3D""","=""2""",5,5,,"=""T7333""","=""""",
"=""""","=""83.5163""","=""""","=""3.04e+00""",D,"=""5.80055""","=""20.646058""","=""2s.2p3""","=""5S*""","=""2""","=""2s2.2p.3p""","=""3D""","=""1""",5,3,,"=""T7333""","=""""",
"=""""","=""83.6187""","=""""","=""1.23e+09""",D+,"=""11.43596""","=""26.263284""","=""2s.2p3""","=""3D*""","=""3""","=""2s.2p2.(4P).3s""","=""3P""","=""2""",7,5,,"=""T6385n""","=""""",
"=""""","=""83.6279""","=""""","=""2.17e+08""",D+,"=""11.43758""","=""26.263284""","=""2s.2p3""","=""3D*""","=""2""","=""2s.2p2.(4P).3s""","=""3P""","=""2""",5,5,,"=""T6385n""","=""""",
"=""""","=""83.6289""","=""""","=""1.44e+07""",D,"=""11.43777""","=""26.263284""","=""2s.2p3""","=""3D*""","=""1""","=""2s.2p2.(4P).3s""","=""3P""","=""2""",3,5,,"=""T6385n""","=""""",
"=""""","=""83.6616""","=""""","=""1.09e+09""",D+,"=""11.43758""","=""26.257305""","=""2s.2p3""","=""3D*""","=""2""","=""2s.2p2.(4P).3s""","=""3P""","=""1""",5,3,,"=""T6385n""","=""""",
"=""""","=""83.6627""","=""""","=""3.61e+08""",D+,"=""11.43777""","=""26.257305""","=""2s.2p3""","=""3D*""","=""1""","=""2s.2p2.(4P).3s""","=""3P""","=""1""",3,3,,"=""T6385n""","=""""",
"=""""","=""83.6837""","=""""","=""1.45e+09""",D+,"=""11.43777""","=""26.253573""","=""2s.2p3""","=""3D*""","=""1""","=""2s.2p2.(4P).3s""","=""3P""","=""0""",3,1,,"=""T6385n""","=""""",
"=""""","=""85.8376""","=""""","=""2.56e+07""",C+,"=""4.05289""","=""18.496930""","=""2s2.2p2""","=""1S""","=""0""","=""2s2.2p.3s""","=""1P*""","=""1""",1,3,,"=""T7333""","=""""",
"=""""","=""86.0205""","=""""","=""2.65e+06""",C+,"=""4.05289""","=""18.466228""","=""2s2.2p2""","=""1S""","=""0""","=""2s2.2p.3s""","=""3P*""","=""1""",1,3,,"=""T7333""","=""""",
"=""""","=""89.8575""","=""""","=""1.16e+07""",D,"=""11.43758""","=""25.235454""","=""2s.2p3""","=""3D*""","=""2""","=""2s2.2p.4p""","=""3S""","=""1""",5,3,,"=""T6385""","=""""",
"=""""","=""89.8587""","=""""","=""3.91e+06""",D,"=""11.43777""","=""25.235454""","=""2s.2p3""","=""3D*""","=""1""","=""2s2.2p.4p""","=""3S""","=""1""",3,3,,"=""T6385""","=""""",
"=""""","=""90.0724""","=""""","=""3.54e+08""",D,"=""11.43596""","=""25.200902""","=""2s.2p3""","=""3D*""","=""3""","=""2s2.2p.4p""","=""3P""","=""2""",7,5,,"=""T6385n""","=""""",
"=""""","=""90.0830""","=""""","=""6.72e+07""",D,"=""11.43758""","=""25.200902""","=""2s.2p3""","=""3D*""","=""2""","=""2s2.2p.4p""","=""3P""","=""2""",5,5,,"=""T6385n""","=""""",
"=""""","=""90.0843""","=""""","=""4.66e+06""",D,"=""11.43777""","=""25.200902""","=""2s.2p3""","=""3D*""","=""1""","=""2s2.2p.4p""","=""3P""","=""2""",3,5,,"=""T6385n""","=""""",
"=""""","=""90.1398""","=""""","=""3.07e+08""",D,"=""11.43758""","=""25.192229""","=""2s.2p3""","=""3D*""","=""2""","=""2s2.2p.4p""","=""3P""","=""1""",5,3,,"=""T6385n""","=""""",
"=""""","=""90.1411""","=""""","=""1.07e+08""",D,"=""11.43777""","=""25.192229""","=""2s.2p3""","=""3D*""","=""1""","=""2s2.2p.4p""","=""3P""","=""1""",3,3,,"=""T6385n""","=""""",
"=""""","=""90.1626""","=""""","=""4.29e+08""",D,"=""11.43777""","=""25.188937""","=""2s.2p3""","=""3D*""","=""1""","=""2s2.2p.4p""","=""3P""","=""0""",3,1,,"=""T6385n""","=""""",
"=""""","=""90.3962""","=""""","=""1.35e+07""",D,"=""11.43596""","=""25.151603""","=""2s.2p3""","=""3D*""","=""3""","=""2s2.2p.4p""","=""3D""","=""3""",7,7,,"=""T6385""","=""""",
"=""""","=""90.4069""","=""""","=""1.65e+06""",D,"=""11.43758""","=""25.151603""","=""2s.2p3""","=""3D*""","=""2""","=""2s2.2p.4p""","=""3D""","=""3""",5,7,,"=""T6385""","=""""",
"=""""","=""90.4748""","=""""","=""9.78e+06""",D,"=""11.43596""","=""25.139688""","=""2s.2p3""","=""3D*""","=""3""","=""2s2.2p.4p""","=""3D""","=""2""",7,5,,"=""T6385""","=""""",
"=""""","=""90.4855""","=""""","=""6.62e+06""",D,"=""11.43758""","=""25.139688""","=""2s.2p3""","=""3D*""","=""2""","=""2s2.2p.4p""","=""3D""","=""2""",5,5,,"=""T6385""","=""""",
"=""""","=""90.4867""","=""""","=""1.75e+06""",D,"=""11.43777""","=""25.139688""","=""2s.2p3""","=""3D*""","=""1""","=""2s2.2p.4p""","=""3D""","=""2""",3,5,,"=""T6385""","=""""",
"=""""","=""90.5274""","=""""","=""1.01e+07""",D,"=""11.43758""","=""25.133348""","=""2s.2p3""","=""3D*""","=""2""","=""2s2.2p.4p""","=""3D""","=""1""",5,3,,"=""T6385""","=""""",
"=""""","=""90.5286""","=""""","=""7.00e+06""",D,"=""11.43777""","=""25.133348""","=""2s.2p3""","=""3D*""","=""1""","=""2s2.2p.4p""","=""3D""","=""1""",3,3,,"=""T6385""","=""""",
"=""""","=""90.9762""","=""""","=""3.82e+05""",D,"=""11.43777""","=""25.065964""","=""2s.2p3""","=""3D*""","=""1""","=""2s2.2p.4p""","=""1P""","=""1""",3,3,,"=""T6385""","=""""",
"=""91.5612""","=""91.5612""","=""450""","=""4.23e+08""",A,"=""0.00000""","=""13.54113""","=""2s2.2p2""","=""3P""","=""0""","=""2s.2p3""","=""3P*""","=""1""",1,3,,"=""T7333""","=""L3513""",
"=""91.5962""","=""91.5962""","=""450""","=""1.27e+09""",A,"=""0.00604""","=""13.54199""","=""2s2.2p2""","=""3P""","=""1""","=""2s.2p3""","=""3P*""","=""0""",3,1,,"=""T7333""","=""L3513""",
"=""91.6012""","=""91.6012""","=""550""","=""3.14e+08""",A,"=""0.00604""","=""13.54126""","=""2s2.2p2""","=""3P""","=""1""","=""2s.2p3""","=""3P*""","=""2""",3,5,,"=""T7333""","=""L3513""",
"=""""","=""91.6020""","=""""","=""3.21e+08""",A,"=""0.00604""","=""13.54113""","=""2s2.2p2""","=""3P""","=""1""","=""2s.2p3""","=""3P*""","=""1""",3,3,,"=""T7333""","=""""",
"=""91.6701""","=""91.6701""","=""650""","=""9.55e+08""",A,"=""0.01622""","=""13.54126""","=""2s2.2p2""","=""3P""","=""2""","=""2s.2p3""","=""3P*""","=""2""",5,5,,"=""T7333""","=""L3513""",
"=""""","=""91.6710""","=""""","=""5.27e+08""",A,"=""0.01622""","=""13.54113""","=""2s2.2p2""","=""3P""","=""2""","=""2s.2p3""","=""3P*""","=""1""",5,3,,"=""T7333""","=""""",
"=""""","=""97.4554""","=""""","=""4.41e+07""",C,"=""13.54113""","=""26.263284""","=""2s.2p3""","=""3P*""","=""1""","=""2s.2p2.(4P).3s""","=""3P""","=""2""",3,5,,"=""T6385n""","=""""",
"=""""","=""97.4563""","=""""","=""1.33e+08""",C,"=""13.54126""","=""26.263284""","=""2s.2p3""","=""3P*""","=""2""","=""2s.2p2.(4P).3s""","=""3P""","=""2""",5,5,,"=""T6385n""","=""""",
"=""""","=""97.5012""","=""""","=""4.50e+07""",C,"=""13.54113""","=""26.257305""","=""2s.2p3""","=""3P*""","=""1""","=""2s.2p2.(4P).3s""","=""3P""","=""1""",3,3,,"=""T6385n""","=""""",
"=""""","=""97.5021""","=""""","=""7.27e+07""",C,"=""13.54126""","=""26.257305""","=""2s.2p3""","=""3P*""","=""2""","=""2s.2p2.(4P).3s""","=""3P""","=""1""",5,3,,"=""T6385n""","=""""",
"=""""","=""97.5078""","=""""","=""5.92e+07""",C,"=""13.54199""","=""26.257305""","=""2s.2p3""","=""3P*""","=""0""","=""2s.2p2.(4P).3s""","=""3P""","=""1""",1,3,,"=""T6385n""","=""""",
"=""""","=""97.5298""","=""""","=""1.77e+08""",C,"=""13.54113""","=""26.253573""","=""2s.2p3""","=""3P*""","=""1""","=""2s.2p2.(4P).3s""","=""3P""","=""0""",3,1,,"=""T6385n""","=""""",
"=""""","=""106.0209""","=""""","=""3.82e+07""",C,"=""13.54113""","=""25.235454""","=""2s.2p3""","=""3P*""","=""1""","=""2s2.2p.4p""","=""3S""","=""1""",3,3,,"=""T6385""","=""""",
"=""""","=""106.0220""","=""""","=""3.95e+07""",C,"=""13.54126""","=""25.235454""","=""2s.2p3""","=""3P*""","=""2""","=""2s2.2p.4p""","=""3S""","=""1""",5,3,,"=""T6385""","=""""",
"=""""","=""106.0286""","=""""","=""1.57e+07""",C,"=""13.54199""","=""25.235454""","=""2s.2p3""","=""3P*""","=""0""","=""2s2.2p.4p""","=""3S""","=""1""",1,3,,"=""T6385""","=""""",
"=""""","=""106.3350""","=""""","=""1.22e+07""",D+,"=""13.54113""","=""25.200902""","=""2s.2p3""","=""3P*""","=""1""","=""2s2.2p.4p""","=""3P""","=""2""",3,5,,"=""T6385n""","=""""",
"=""""","=""106.3362""","=""""","=""3.24e+07""",D+,"=""13.54126""","=""25.200902""","=""2s.2p3""","=""3P*""","=""2""","=""2s2.2p.4p""","=""3P""","=""2""",5,5,,"=""T6385n""","=""""",
"=""""","=""106.4142""","=""""","=""5.64e+06""",D+,"=""13.54113""","=""25.192229""","=""2s.2p3""","=""3P*""","=""1""","=""2s2.2p.4p""","=""3P""","=""1""",3,3,,"=""T6385n""","=""""",
"=""""","=""106.4153""","=""""","=""2.74e+07""",D+,"=""13.54126""","=""25.192229""","=""2s.2p3""","=""3P*""","=""2""","=""2s2.2p.4p""","=""3P""","=""1""",5,3,,"=""T6385n""","=""""",
"=""""","=""106.4220""","=""""","=""1.17e+07""",D+,"=""13.54199""","=""25.192229""","=""2s.2p3""","=""3P*""","=""0""","=""2s2.2p.4p""","=""3P""","=""1""",1,3,,"=""T6385n""","=""""",
"=""""","=""106.4443""","=""""","=""4.40e+07""",D+,"=""13.54113""","=""25.188937""","=""2s.2p3""","=""3P*""","=""1""","=""2s2.2p.4p""","=""3P""","=""0""",3,1,,"=""T6385n""","=""""",
"=""""","=""106.4947""","=""""","=""2.30e+03""",C,"=""1.89897""","=""13.54126""","=""2s2.2p2""","=""1D""","=""2""","=""2s.2p3""","=""3P*""","=""2""",5,5,,"=""T7333""","=""""",
"=""""","=""106.4958""","=""""","=""5.16e+03""",C,"=""1.89897""","=""13.54113""","=""2s2.2p2""","=""1D""","=""2""","=""2s.2p3""","=""3P*""","=""1""",5,3,,"=""T7333""","=""""",
"=""""","=""106.7877""","=""""","=""7.46e+06""",C,"=""13.54126""","=""25.151603""","=""2s.2p3""","=""3P*""","=""2""","=""2s2.2p.4p""","=""3D""","=""3""",5,7,,"=""T6385""","=""""",
"=""""","=""106.8962""","=""""","=""4.28e+06""",C,"=""13.54113""","=""25.139688""","=""2s.2p3""","=""3P*""","=""1""","=""2s2.2p.4p""","=""3D""","=""2""",3,5,,"=""T6385""","=""""",
"=""""","=""106.8974""","=""""","=""3.38e+06""",C,"=""13.54126""","=""25.139688""","=""2s.2p3""","=""3P*""","=""2""","=""2s2.2p.4p""","=""3D""","=""2""",5,5,,"=""T6385""","=""""",
"=""""","=""106.9547""","=""""","=""3.69e+06""",C,"=""13.54113""","=""25.133348""","=""2s.2p3""","=""3P*""","=""1""","=""2s2.2p.4p""","=""3D""","=""1""",3,3,,"=""T6385""","=""""",
"=""""","=""106.9559""","=""""","=""6.53e+05""",D+,"=""13.54126""","=""25.133348""","=""2s.2p3""","=""3P*""","=""2""","=""2s2.2p.4p""","=""3D""","=""1""",5,3,,"=""T6385""","=""""",
"=""""","=""106.9626""","=""""","=""3.14e+06""",C,"=""13.54199""","=""25.133348""","=""2s.2p3""","=""3P*""","=""0""","=""2s2.2p.4p""","=""3D""","=""1""",1,3,,"=""T6385""","=""""",
"=""108.3990""","=""108.3990""","=""450""","=""2.10e+08""",A,"=""0.00000""","=""11.43777""","=""2s2.2p2""","=""3P""","=""0""","=""2s.2p3""","=""3D*""","=""1""",1,3,,"=""T7333""","=""L3513""",
"=""""","=""108.4562""","=""""","=""1.54e+08""",A,"=""0.00604""","=""11.43777""","=""2s2.2p2""","=""3P""","=""1""","=""2s.2p3""","=""3D*""","=""1""",3,3,,"=""T7333""","=""""",
"=""108.4580""","=""108.4580""","=""600""","=""2.82e+08""",A,"=""0.00604""","=""11.43758""","=""2s2.2p2""","=""3P""","=""1""","=""2s.2p3""","=""3D*""","=""2""",3,5,,"=""T7333""","=""L3513""",
"=""""","=""108.5529""","=""""","=""9.96e+06""",A,"=""0.01622""","=""11.43777""","=""2s2.2p2""","=""3P""","=""2""","=""2s.2p3""","=""3D*""","=""1""",5,3,,"=""T7333""","=""""",
"=""108.5546""","=""108.5546""","=""430""","=""9.10e+07""",A,"=""0.01622""","=""11.43758""","=""2s2.2p2""","=""3P""","=""2""","=""2s.2p3""","=""3D*""","=""2""",5,5,,"=""T7333""","=""L3513""",
"=""108.5701""","=""108.5701""","=""650""","=""3.72e+08""",A,"=""0.01622""","=""11.43596""","=""2s2.2p2""","=""3P""","=""2""","=""2s.2p3""","=""3D*""","=""3""",5,7,,"=""T7333""","=""L3513""",
"=""""","=""116.2499""","=""""","=""8.42e+03""",B,"=""11.43777""","=""22.103082""","=""2s.2p3""","=""3D*""","=""1""","=""2s2.2p.3p""","=""1S""","=""0""",3,1,,"=""T7333""","=""""",
"=""""","=""127.5038""","=""""","=""5.10e+07""",B+,"=""11.43596""","=""21.159916""","=""2s.2p3""","=""3D*""","=""3""","=""2s2.2p.3p""","=""3P""","=""2""",7,5,,"=""T7333""","=""""",
"=""""","=""127.5251""","=""""","=""9.34e+06""",B+,"=""11.43758""","=""21.159916""","=""2s.2p3""","=""3D*""","=""2""","=""2s2.2p.3p""","=""3P""","=""2""",5,5,,"=""T7333""","=""""",
"=""""","=""127.5275""","=""""","=""6.32e+05""",B+,"=""11.43777""","=""21.159916""","=""2s.2p3""","=""3D*""","=""1""","=""2s2.2p.3p""","=""3P""","=""2""",3,5,,"=""T7333""","=""""",
"=""""","=""127.6201""","=""""","=""4.54e+07""",B+,"=""11.43758""","=""21.152682""","=""2s.2p3""","=""3D*""","=""2""","=""2s2.2p.3p""","=""3P""","=""1""",5,3,,"=""T7333""","=""""",
"=""""","=""127.6225""","=""""","=""1.54e+07""",B+,"=""11.43777""","=""21.152682""","=""2s.2p3""","=""3D*""","=""1""","=""2s2.2p.3p""","=""3P""","=""1""",3,3,,"=""T7333""","=""""",
"=""""","=""127.6800""","=""""","=""6.08e+07""",B+,"=""11.43777""","=""21.148308""","=""2s.2p3""","=""3D*""","=""1""","=""2s2.2p.3p""","=""3P""","=""0""",3,1,,"=""T7333""","=""""",
"=""""","=""129.9788""","=""""","=""5.20e+02""",C,"=""1.89897""","=""11.43777""","=""2s2.2p2""","=""1D""","=""2""","=""2s.2p3""","=""3D*""","=""1""",5,3,,"=""T4899""","=""""",
"=""""","=""129.9814""","=""""","=""7.33e+02""",D,"=""1.89897""","=""11.43758""","=""2s2.2p2""","=""1D""","=""2""","=""2s.2p3""","=""3D*""","=""2""",5,5,,"=""T7333""","=""""",
"=""""","=""130.0035""","=""""","=""4.14e+03""",D,"=""1.89897""","=""11.43596""","=""2s2.2p2""","=""1D""","=""2""","=""2s.2p3""","=""3D*""","=""3""",5,7,,"=""T7333""","=""""",
"=""""","=""130.4769""","=""""","=""6.74e+04""",B,"=""11.43758""","=""20.939965""","=""2s.2p3""","=""3D*""","=""2""","=""2s2.2p.3p""","=""3S""","=""1""",5,3,,"=""T7333""","=""""",
"=""""","=""130.4795""","=""""","=""2.32e+04""",B,"=""11.43777""","=""20.939965""","=""2s.2p3""","=""3D*""","=""1""","=""2s2.2p.3p""","=""3S""","=""1""",3,3,,"=""T7333""","=""""",
"=""""","=""130.6715""","=""""","=""2.06e+03""",C,"=""4.05289""","=""13.54113""","=""2s2.2p2""","=""1S""","=""0""","=""2s.2p3""","=""3P*""","=""1""",1,3,,"=""T7333""","=""""",
"=""""","=""134.2005""","=""""","=""1.94e-02""",C,"=""11.43758""","=""20.676307""","=""2s.2p3""","=""3D*""","=""2""","=""2s.2p3""","=""1P*""","=""1""",5,3,M1,"=""T7333""","=""""",
"=""""","=""134.2032""","=""""","=""6.46e-03""",C,"=""11.43777""","=""20.676307""","=""2s.2p3""","=""3D*""","=""1""","=""2s.2p3""","=""1P*""","=""1""",3,3,M1,"=""T7333""","=""""",
"=""""","=""134.3338""","=""""","=""6.40e+06""",C+,"=""11.43596""","=""20.665518""","=""2s.2p3""","=""3D*""","=""3""","=""2s2.2p.3p""","=""3D""","=""3""",7,7,,"=""T7333""","=""""",
"=""""","=""134.3574""","=""""","=""7.55e+05""",C+,"=""11.43758""","=""20.665518""","=""2s.2p3""","=""3D*""","=""2""","=""2s2.2p.3p""","=""3D""","=""3""",5,7,,"=""T7333""","=""""",
"=""""","=""134.5076""","=""""","=""1.27e+06""",C+,"=""11.43596""","=""20.653592""","=""2s.2p3""","=""3D*""","=""3""","=""2s2.2p.3p""","=""3D""","=""2""",7,5,,"=""T7333""","=""""",
"=""""","=""134.5313""","=""""","=""4.90e+06""",C+,"=""11.43758""","=""20.653592""","=""2s.2p3""","=""3D*""","=""2""","=""2s2.2p.3p""","=""3D""","=""2""",5,5,,"=""T7333""","=""""",
"=""""","=""134.5340""","=""""","=""1.03e+06""",C+,"=""11.43777""","=""20.653592""","=""2s.2p3""","=""3D*""","=""1""","=""2s2.2p.3p""","=""3D""","=""2""",3,5,,"=""T7333""","=""""",
"=""""","=""134.6413""","=""""","=""1.94e+06""",C+,"=""11.43758""","=""20.646058""","=""2s.2p3""","=""3D*""","=""2""","=""2s2.2p.3p""","=""3D""","=""1""",5,3,,"=""T7333""","=""""",
"=""""","=""134.6441""","=""""","=""5.28e+06""",C+,"=""11.43777""","=""20.646058""","=""2s.2p3""","=""3D*""","=""1""","=""2s2.2p.3p""","=""3D""","=""1""",3,3,,"=""T7333""","=""""",
"=""""","=""138.1970""","=""""","=""1.30e+01""",D,"=""11.43758""","=""20.409133""","=""2s.2p3""","=""3D*""","=""2""","=""2s2.2p.3p""","=""1P""","=""1""",5,3,,"=""T7333""","=""""",
"=""""","=""138.1999""","=""""","=""7.07e+03""",C+,"=""11.43777""","=""20.409133""","=""2s.2p3""","=""3D*""","=""1""","=""2s2.2p.3p""","=""1P""","=""1""",3,3,,"=""T7333""","=""""",
"=""""","=""153.8570""","=""""","=""1.59e+03""",C,"=""13.54113""","=""21.599539""","=""2s.2p3""","=""3P*""","=""1""","=""2s2.2p.3p""","=""1D""","=""2""",3,5,,"=""T7333""","=""""",
"=""""","=""159.009""","=""""","=""1.79e-01""",C,"=""11.43596""","=""19.233263""","=""2s.2p3""","=""3D*""","=""3""","=""2s.2p3""","=""3S*""","=""1""",7,3,E2,"=""T7333""","=""""",
"=""""","=""159.0141""","=""""","=""3.89e+06""",B,"=""18.466228""","=""26.263284""","=""2s2.2p.3s""","=""3P*""","=""1""","=""2s.2p2.(4P).3s""","=""3P""","=""2""",3,5,,"=""T6385n""","=""""",
"=""""","=""159.042""","=""""","=""1.11e-01""",C,"=""11.43758""","=""19.233263""","=""2s.2p3""","=""3D*""","=""2""","=""2s.2p3""","=""3S*""","=""1""",5,3,E2,"=""T7333""","=""""",
"=""""","=""159.046""","=""""","=""6.05e-02""",C,"=""11.43777""","=""19.233263""","=""2s.2p3""","=""3D*""","=""1""","=""2s.2p3""","=""3S*""","=""1""",3,3,E2,"=""T7333""","=""""",
"=""""","=""159.0562""","=""""","=""5.39e+06""",B,"=""18.462312""","=""26.257305""","=""2s2.2p.3s""","=""3P*""","=""0""","=""2s.2p2.(4P).3s""","=""3P""","=""1""",1,3,,"=""T6385n""","=""""",
"=""""","=""159.1361""","=""""","=""3.78e+06""",B,"=""18.466228""","=""26.257305""","=""2s2.2p.3s""","=""3P*""","=""1""","=""2s.2p2.(4P).3s""","=""3P""","=""1""",3,3,,"=""T6385n""","=""""",
"=""""","=""159.2124""","=""""","=""1.49e+07""",B,"=""18.466228""","=""26.253573""","=""2s2.2p.3s""","=""3P*""","=""1""","=""2s.2p2.(4P).3s""","=""3P""","=""0""",3,1,,"=""T6385n""","=""""",
"=""""","=""159.3596""","=""""","=""1.19e+07""",B,"=""18.483133""","=""26.263284""","=""2s2.2p.3s""","=""3P*""","=""2""","=""2s.2p2.(4P).3s""","=""3P""","=""2""",5,5,,"=""T6385n""","=""""",
"=""""","=""159.4822""","=""""","=""6.52e+06""",B,"=""18.483133""","=""26.257305""","=""2s2.2p.3s""","=""3P*""","=""2""","=""2s.2p2.(4P).3s""","=""3P""","=""1""",5,3,,"=""T6385n""","=""""",
"=""""","=""159.6427""","=""""","=""1.78e+05""",D,"=""18.496930""","=""26.263284""","=""2s2.2p.3s""","=""1P*""","=""1""","=""2s.2p2.(4P).3s""","=""3P""","=""2""",3,5,,"=""T6385""","=""""",
"=""""","=""159.7657""","=""""","=""2.25e+05""",D,"=""18.496930""","=""26.257305""","=""2s2.2p.3s""","=""1P*""","=""1""","=""2s.2p2.(4P).3s""","=""3P""","=""1""",3,3,,"=""T6385""","=""""",
"=""""","=""159.8426""","=""""","=""1.02e+06""",D,"=""18.496930""","=""26.253573""","=""2s2.2p.3s""","=""1P*""","=""1""","=""2s.2p2.(4P).3s""","=""3P""","=""0""",3,1,,"=""T6385""","=""""",
"=""""","=""160.172""","=""""","=""2.08e-02""",C,"=""5.80055""","=""13.54126""","=""2s.2p3""","=""5S*""","=""2""","=""2s.2p3""","=""3P*""","=""2""",5,5,M1,"=""T7333""","=""""",
"=""""","=""160.174""","=""""","=""1.15e-02""",C,"=""5.80055""","=""13.54113""","=""2s.2p3""","=""5S*""","=""2""","=""2s.2p3""","=""3P*""","=""1""",5,3,M1,"=""T7333""","=""""",
"=""""","=""162.7349""","=""""","=""7.03e+05""",D,"=""13.54113""","=""21.159916""","=""2s.2p3""","=""3P*""","=""1""","=""2s2.2p.3p""","=""3P""","=""2""",3,5,,"=""T7333""","=""""",
"=""""","=""162.7376""","=""""","=""2.39e+06""",D,"=""13.54126""","=""21.159916""","=""2s.2p3""","=""3P*""","=""2""","=""2s2.2p.3p""","=""3P""","=""2""",5,5,,"=""T7333""","=""""",
"=""""","=""162.8896""","=""""","=""5.17e+05""",D,"=""13.54113""","=""21.152682""","=""2s.2p3""","=""3P*""","=""1""","=""2s2.2p.3p""","=""3P""","=""1""",3,3,,"=""T7333""","=""""",
"=""""","=""162.8922""","=""""","=""1.98e+06""",D,"=""13.54126""","=""21.152682""","=""2s.2p3""","=""3P*""","=""2""","=""2s2.2p.3p""","=""3P""","=""1""",5,3,,"=""T7333""","=""""",
"=""""","=""162.9079""","=""""","=""7.93e+05""",D,"=""13.54199""","=""21.152682""","=""2s.2p3""","=""3P*""","=""0""","=""2s2.2p.3p""","=""3P""","=""1""",1,3,,"=""T7333""","=""""",
"=""""","=""162.9832""","=""""","=""3.21e+06""",D,"=""13.54113""","=""21.148308""","=""2s.2p3""","=""3P*""","=""1""","=""2s2.2p.3p""","=""3P""","=""0""",3,1,,"=""T7333""","=""""",
"=""""","=""163.4996""","=""""","=""1.57e+07""",B,"=""17.877026""","=""25.460177""","=""2s.2p3""","=""1D*""","=""2""","=""2s2.2p.4p""","=""1D""","=""2""",5,5,,"=""T6385""","=""""",
"=""""","=""167.5726""","=""""","=""2.70e+07""",B,"=""13.54113""","=""20.939965""","=""2s.2p3""","=""3P*""","=""1""","=""2s2.2p.3p""","=""3S""","=""1""",3,3,,"=""T7333""","=""""",
"=""""","=""167.5755""","=""""","=""4.39e+07""",B,"=""13.54126""","=""20.939965""","=""2s.2p3""","=""3P*""","=""2""","=""2s2.2p.3p""","=""3S""","=""1""",5,3,,"=""T7333""","=""""",
"=""""","=""167.5920""","=""""","=""9.09e+06""",B,"=""13.54199""","=""20.939965""","=""2s.2p3""","=""3P*""","=""0""","=""2s2.2p.3p""","=""3S""","=""1""",1,3,,"=""T7333""","=""""",
"=""""","=""167.8895""","=""""","=""3.62e+02""",B+,"=""4.05289""","=""11.43777""","=""2s2.2p2""","=""1S""","=""0""","=""2s.2p3""","=""3D*""","=""1""",1,3,,"=""T7333""","=""""",
"=""""","=""170.8637""","=""""","=""2.24e+05""",D,"=""17.877026""","=""25.133348""","=""2s.2p3""","=""1D*""","=""2""","=""2s2.2p.4p""","=""3D""","=""1""",5,3,,"=""T6385""","=""""",
"=""""","=""170.9663""","=""""","=""1.86e+07""",B,"=""20.409133""","=""27.661100""","=""2s2.2p.3p""","=""1P""","=""1""","=""2s2.2p.6s""","=""1P*""","=""1""",3,3,,"=""T5520""","=""""",
"=""""","=""172.0412""","=""""","=""5.24e+07""",C+,"=""21.159916""","=""28.366572""","=""2s2.2p.3p""","=""3P""","=""2""","=""2s.2p2.(4P).3p""","=""3D*""","=""3""",5,7,,"=""T5520LS""","=""""",
"=""""","=""172.0462""","=""""","=""3.93e+07""",C+,"=""21.152682""","=""28.359130""","=""2s2.2p.3p""","=""3P""","=""1""","=""2s.2p2.(4P).3p""","=""3D*""","=""2""",3,5,,"=""T5520LS""","=""""",
"=""""","=""172.0528""","=""""","=""2.91e+07""",C+,"=""21.148308""","=""28.354479""","=""2s2.2p.3p""","=""3P""","=""0""","=""2s.2p2.(4P).3p""","=""3D*""","=""1""",1,3,,"=""T5520LS""","=""""",
"=""""","=""172.1573""","=""""","=""2.18e+07""",C+,"=""21.152682""","=""28.354479""","=""2s2.2p.3p""","=""3P""","=""1""","=""2s.2p2.(4P).3p""","=""3D*""","=""1""",3,3,,"=""T5520LS""","=""""",
"=""""","=""172.2191""","=""""","=""1.31e+07""",C+,"=""21.159916""","=""28.359130""","=""2s2.2p.3p""","=""3P""","=""2""","=""2s.2p2.(4P).3p""","=""3D*""","=""2""",5,5,,"=""T5520LS""","=""""",
"=""""","=""172.3304""","=""""","=""1.45e+06""",C,"=""21.159916""","=""28.354479""","=""2s2.2p.3p""","=""3P""","=""2""","=""2s.2p2.(4P).3p""","=""3D*""","=""1""",5,3,,"=""T5520LS""","=""""",
"=""""","=""172.4653""","=""""","=""2.88e+07""",B,"=""17.877026""","=""25.065964""","=""2s.2p3""","=""1D*""","=""2""","=""2s2.2p.4p""","=""1P""","=""1""",5,3,,"=""T6385""","=""""",
"=""""","=""172.5028""","=""""","=""2.11e+06""",D,"=""18.466228""","=""25.653600""","=""2s2.2p.3s""","=""3P*""","=""1""","=""2s2.2p.4p""","=""1S""","=""0""",3,1,,"=""T6385""","=""""",
"=""""","=""173.2428""","=""""","=""3.91e+07""",C,"=""18.496930""","=""25.653600""","=""2s2.2p.3s""","=""1P*""","=""1""","=""2s2.2p.4p""","=""1S""","=""0""",3,1,,"=""T6385""","=""""",
"=""""","=""174.0310""","=""""","=""2.21e+07""",B,"=""13.54126""","=""20.665518""","=""2s.2p3""","=""3P*""","=""2""","=""2s2.2p.3p""","=""3D""","=""3""",5,7,,"=""T7333""","=""""",
"=""""","=""174.3197""","=""""","=""1.67e+07""",B,"=""13.54113""","=""20.653592""","=""2s.2p3""","=""3P*""","=""1""","=""2s2.2p.3p""","=""3D""","=""2""",3,5,,"=""T7333""","=""""",
"=""""","=""174.3228""","=""""","=""5.40e+06""",B,"=""13.54126""","=""20.653592""","=""2s.2p3""","=""3P*""","=""2""","=""2s2.2p.3p""","=""3D""","=""2""",5,5,,"=""T7333""","=""""",
"=""""","=""174.5046""","=""""","=""9.07e+06""",B,"=""13.54113""","=""20.646058""","=""2s.2p3""","=""3P*""","=""1""","=""2s2.2p.3p""","=""3D""","=""1""",3,3,,"=""T7333""","=""""",
"=""""","=""174.5076""","=""""","=""5.97e+05""",B,"=""13.54126""","=""20.646058""","=""2s.2p3""","=""3P*""","=""2""","=""2s2.2p.3p""","=""3D""","=""1""",5,3,,"=""T7333""","=""""",
"=""""","=""174.5256""","=""""","=""1.23e+07""",B,"=""13.54199""","=""20.646058""","=""2s.2p3""","=""3P*""","=""0""","=""2s2.2p.3p""","=""3D""","=""1""",1,3,,"=""T7333""","=""""",
"=""""","=""176.3639""","=""""","=""5.29e+07""",C+,"=""19.233263""","=""26.263284""","=""2s.2p3""","=""3S*""","=""1""","=""2s.2p2.(4P).3s""","=""3P""","=""2""",3,5,,"=""T6385n""","=""""",
"=""""","=""176.5140""","=""""","=""5.22e+07""",C+,"=""19.233263""","=""26.257305""","=""2s.2p3""","=""3S*""","=""1""","=""2s.2p2.(4P).3s""","=""3P""","=""1""",3,3,,"=""T6385n""","=""""",
"=""""","=""176.6079""","=""""","=""5.18e+07""",C+,"=""19.233263""","=""26.253573""","=""2s.2p3""","=""3S*""","=""1""","=""2s.2p2.(4P).3s""","=""3P""","=""0""",3,1,,"=""T6385n""","=""""",
"=""""","=""177.2735""","=""""","=""3.22e+05""",D,"=""18.466228""","=""25.460177""","=""2s2.2p.3s""","=""3P*""","=""1""","=""2s2.2p.4p""","=""1D""","=""2""",3,5,,"=""T6385""","=""""",
"=""""","=""178.0551""","=""""","=""4.03e+06""",C,"=""18.496930""","=""25.460177""","=""2s2.2p.3s""","=""1P*""","=""1""","=""2s2.2p.4p""","=""1D""","=""2""",3,5,,"=""T6385""","=""""",
"=""""","=""178.9402""","=""""","=""1.26e+07""",B,"=""20.409133""","=""27.337940""","=""2s2.2p.3p""","=""1P""","=""1""","=""2s2.2p.5d""","=""1D*""","=""2""",3,5,,"=""T5520""","=""""",
"=""""","=""180.524""","=""""","=""2.48e+04""",C,"=""13.54113""","=""20.409133""","=""2s.2p3""","=""3P*""","=""1""","=""2s2.2p.3p""","=""1P""","=""1""",3,3,,"=""T7333""","=""""",
"=""""","=""180.528""","=""""","=""3.05e+03""",C,"=""13.54126""","=""20.409133""","=""2s.2p3""","=""3P*""","=""2""","=""2s2.2p.3p""","=""1P""","=""1""",5,3,,"=""T7333""","=""""",
"=""""","=""180.547""","=""""","=""4.06e+03""",C,"=""13.54199""","=""20.409133""","=""2s.2p3""","=""3P*""","=""0""","=""2s2.2p.3p""","=""1P""","=""1""",1,3,,"=""T7333""","=""""",
"=""""","=""183.0527""","=""""","=""1.31e+06""",C,"=""18.462312""","=""25.235454""","=""2s2.2p.3s""","=""3P*""","=""0""","=""2s2.2p.4p""","=""3S""","=""1""",1,3,,"=""T6385n""","=""""",
"=""""","=""183.1586""","=""""","=""4.24e+06""",C,"=""18.466228""","=""25.235454""","=""2s2.2p.3s""","=""3P*""","=""1""","=""2s2.2p.4p""","=""3S""","=""1""",3,3,,"=""T6385n""","=""""",
"=""""","=""183.6172""","=""""","=""1.08e+07""",C,"=""18.483133""","=""25.235454""","=""2s2.2p.3s""","=""3P*""","=""2""","=""2s2.2p.4p""","=""3S""","=""1""",5,3,,"=""T6385n""","=""""",
"=""""","=""183.9931""","=""""","=""3.97e+05""",D,"=""18.496930""","=""25.235454""","=""2s2.2p.3s""","=""1P*""","=""1""","=""2s2.2p.4p""","=""3S""","=""1""",3,3,,"=""T6385""","=""""",
"=""""","=""184.0983""","=""""","=""1.09e+06""",D,"=""18.466228""","=""25.200902""","=""2s2.2p.3s""","=""3P*""","=""1""","=""2s2.2p.4p""","=""3P""","=""2""",3,5,,"=""T6385n""","=""""",
"=""""","=""184.2284""","=""""","=""2.90e+06""",D,"=""18.462312""","=""25.192229""","=""2s2.2p.3s""","=""3P*""","=""0""","=""2s2.2p.4p""","=""3P""","=""1""",1,3,,"=""T6385n""","=""""",
"=""""","=""184.3357""","=""""","=""4.28e+06""",D,"=""18.466228""","=""25.192229""","=""2s2.2p.3s""","=""3P*""","=""1""","=""2s2.2p.4p""","=""3P""","=""1""",3,3,,"=""T6385n""","=""""",
"=""""","=""184.4259""","=""""","=""7.98e+06""",D,"=""18.466228""","=""25.188937""","=""2s2.2p.3s""","=""3P*""","=""1""","=""2s2.2p.4p""","=""3P""","=""0""",3,1,,"=""T6385n""","=""""",
"=""""","=""184.5616""","=""""","=""7.56e+06""",D,"=""18.483133""","=""25.200902""","=""2s2.2p.3s""","=""3P*""","=""2""","=""2s2.2p.4p""","=""3P""","=""2""",5,5,,"=""T6385n""","=""""",
"=""""","=""184.8002""","=""""","=""1.55e+06""",D,"=""18.483133""","=""25.192229""","=""2s2.2p.3s""","=""3P*""","=""2""","=""2s2.2p.4p""","=""3P""","=""1""",5,3,,"=""T6385n""","=""""",
"=""""","=""185.1810""","=""""","=""3.81e+05""",D,"=""18.496930""","=""25.192229""","=""2s2.2p.3s""","=""1P*""","=""1""","=""2s2.2p.4p""","=""3P""","=""1""",3,3,,"=""T6385""","=""""",
"=""""","=""185.2721""","=""""","=""4.34e+05""",D,"=""18.496930""","=""25.188937""","=""2s2.2p.3s""","=""1P*""","=""1""","=""2s2.2p.4p""","=""3P""","=""0""",3,1,,"=""T6385""","=""""",
"=""""","=""185.7870""","=""""","=""1.76e+07""",C+,"=""18.466228""","=""25.139688""","=""2s2.2p.3s""","=""3P*""","=""1""","=""2s2.2p.4p""","=""3D""","=""2""",3,5,,"=""T6385n""","=""""",
"=""""","=""185.8545""","=""""","=""1.39e+07""",C+,"=""18.462312""","=""25.133348""","=""2s2.2p.3s""","=""3P*""","=""0""","=""2s2.2p.4p""","=""3D""","=""1""",1,3,,"=""T6385n""","=""""",
"=""""","=""185.9260""","=""""","=""2.38e+07""",C+,"=""18.483133""","=""25.151603""","=""2s2.2p.3s""","=""3P*""","=""2""","=""2s2.2p.4p""","=""3D""","=""3""",5,7,,"=""T6385n""","=""""",
"=""""","=""185.9636""","=""""","=""8.11e+06""",C+,"=""18.466228""","=""25.133348""","=""2s2.2p.3s""","=""3P*""","=""1""","=""2s2.2p.4p""","=""3D""","=""1""",3,3,,"=""T6385n""","=""""",
"=""""","=""186.2588""","=""""","=""5.13e+06""",C+,"=""18.483133""","=""25.139688""","=""2s2.2p.3s""","=""3P*""","=""2""","=""2s2.2p.4p""","=""3D""","=""2""",5,5,,"=""T6385n""","=""""",
"=""""","=""186.4364""","=""""","=""5.45e+05""",C+,"=""18.483133""","=""25.133348""","=""2s2.2p.3s""","=""3P*""","=""2""","=""2s2.2p.4p""","=""3D""","=""1""",5,3,,"=""T6385n""","=""""",
"=""""","=""186.6457""","=""""","=""8.64e+05""",D,"=""18.496930""","=""25.139688""","=""2s2.2p.3s""","=""1P*""","=""1""","=""2s2.2p.4p""","=""3D""","=""2""",3,5,,"=""T6385""","=""""",
"=""""","=""186.8240""","=""""","=""1.14e+06""",D,"=""18.496930""","=""25.133348""","=""2s2.2p.3s""","=""1P*""","=""1""","=""2s2.2p.4p""","=""3D""","=""1""",3,3,,"=""T6385""","=""""",
"=""""","=""187.7510""","=""""","=""4.77e+04""",D,"=""18.462312""","=""25.065964""","=""2s2.2p.3s""","=""3P*""","=""0""","=""2s2.2p.4p""","=""1P""","=""1""",1,3,,"=""T6385""","=""""",
"=""""","=""187.8624""","=""""","=""2.37e+06""",D,"=""18.466228""","=""25.065964""","=""2s2.2p.3s""","=""3P*""","=""1""","=""2s2.2p.4p""","=""1P""","=""1""",3,3,,"=""T6385""","=""""",
"=""""","=""188.7404""","=""""","=""3.63e+07""",D,"=""18.496930""","=""25.065964""","=""2s2.2p.3s""","=""1P*""","=""1""","=""2s2.2p.4p""","=""1P""","=""1""",3,3,,"=""T5520,T6385""","=""""",
"=""""","=""190.4892""","=""""","=""2.91e+06""",C,"=""21.148308""","=""27.657034""","=""2s2.2p.3p""","=""3P""","=""0""","=""2s.2p2.(4P).3p""","=""3S*""","=""1""",1,3,,"=""T5520LS""","=""""",
"=""""","=""190.6173""","=""""","=""8.72e+06""",C+,"=""21.152682""","=""27.657034""","=""2s2.2p.3p""","=""3P""","=""1""","=""2s.2p2.(4P).3p""","=""3S*""","=""1""",3,3,,"=""T5520LS""","=""""",
"=""""","=""190.8295""","=""""","=""1.45e+07""",C+,"=""21.159916""","=""27.657034""","=""2s2.2p.3p""","=""3P""","=""2""","=""2s.2p2.(4P).3p""","=""3S*""","=""1""",5,3,,"=""T5520LS""","=""""",
"=""""","=""199.1301""","=""""","=""3.69e+07""",B,"=""20.409133""","=""26.635424""","=""2s2.2p.3p""","=""1P""","=""1""","=""2s2.2p.5s""","=""1P*""","=""1""",3,3,,"=""T5520""","=""""",
"=""""","=""204.5417""","=""""","=""2.11e+07""",B,"=""21.599539""","=""27.661100""","=""2s2.2p.3p""","=""1D""","=""2""","=""2s2.2p.6s""","=""1P*""","=""1""",5,3,,"=""T5520""","=""""",
"=""""","=""206.5649""","=""""","=""1.79e+05""",D,"=""19.233263""","=""25.235454""","=""2s.2p3""","=""3S*""","=""1""","=""2s2.2p.4p""","=""3S""","=""1""",3,3,,"=""T6385""","=""""",
"=""""","=""207.7609""","=""""","=""5.31e+06""",C+,"=""19.233263""","=""25.200902""","=""2s.2p3""","=""3S*""","=""1""","=""2s2.2p.4p""","=""3P""","=""2""",3,5,,"=""T6385n""","=""""",
"=""""","=""208.0633""","=""""","=""5.09e+06""",C+,"=""19.233263""","=""25.192229""","=""2s.2p3""","=""3S*""","=""1""","=""2s2.2p.4p""","=""3P""","=""1""",3,3,,"=""T6385n""","=""""",
"=""""","=""208.1783""","=""""","=""5.27e+06""",C+,"=""19.233263""","=""25.188937""","=""2s.2p3""","=""3S*""","=""1""","=""2s2.2p.4p""","=""3P""","=""0""",3,1,,"=""T6385n""","=""""",
"=""""","=""208.9321""","=""""","=""5.05e+05""",C,"=""20.646058""","=""26.580245""","=""2s2.2p.3p""","=""3D""","=""1""","=""2s2.2p.5s""","=""3P*""","=""2""",3,5,,"=""T5520LS""","=""""",
"=""""","=""209.1977""","=""""","=""7.54e+06""",C+,"=""20.653592""","=""26.580245""","=""2s2.2p.3p""","=""3D""","=""2""","=""2s2.2p.5s""","=""3P*""","=""2""",5,5,,"=""T5520LS""","=""""",
"=""""","=""209.4855""","=""""","=""1.25e+07""",C+,"=""20.646058""","=""26.564568""","=""2s2.2p.3p""","=""3D""","=""1""","=""2s2.2p.5s""","=""3P*""","=""1""",3,3,,"=""T5520LS""","=""""",
"=""209.620""","=""209.6195""","=""160""","=""4.20e+07""",C+,"=""20.665518""","=""26.580245""","=""2s2.2p.3p""","=""3D""","=""3""","=""2s2.2p.5s""","=""3P*""","=""2""",7,5,,"=""T5520LS""","=""L3513""",
"=""209.687""","=""209.6864""","=""70""","=""4.99e+07""",C+,"=""20.646058""","=""26.558898""","=""2s2.2p.3p""","=""3D""","=""1""","=""2s2.2p.5s""","=""3P*""","=""0""",3,1,,"=""T5520LS""","=""L3513""",
"=""209.753""","=""209.7525""","=""110""","=""3.74e+07""",C+,"=""20.653592""","=""26.564568""","=""2s2.2p.3p""","=""3D""","=""2""","=""2s2.2p.5s""","=""3P*""","=""1""",5,3,,"=""T5520LS""","=""L3513""",
"=""213.085""","=""213.0852""","=""110""","=""2.42e+07""",B,"=""21.599539""","=""27.418065""","=""2s2.2p.3p""","=""1D""","=""2""","=""2s2.2p.5d""","=""1F*""","=""3""",5,7,,"=""T5520""","=""L3513""",
"=""""","=""213.968""","=""""","=""5.15e+01""",B,"=""0.00604""","=""5.80055""","=""2s2.2p2""","=""3P""","=""1""","=""2s.2p3""","=""5S*""","=""2""",3,5,,"=""T7333""","=""""",
"=""214.346""","=""214.345""","=""160""","=""1.27e+02""",B,"=""0.01622""","=""5.80055""","=""2s2.2p2""","=""3P""","=""2""","=""2s.2p3""","=""5S*""","=""2""",5,5,,"=""T7333""","=""L3513""",
"=""""","=""216.0605""","=""""","=""1.23e+07""",B,"=""21.599539""","=""27.337940""","=""2s2.2p.3p""","=""1D""","=""2""","=""2s2.2p.5d""","=""1D*""","=""2""",5,5,,"=""T5520""","=""""",
"=""""","=""217.817""","=""""","=""1.72e-03""",C,"=""13.54113""","=""19.233263""","=""2s.2p3""","=""3P*""","=""1""","=""2s.2p3""","=""3S*""","=""1""",3,3,M1,"=""T7333""","=""""",
"=""""","=""217.822""","=""""","=""2.89e-03""",C,"=""13.54126""","=""19.233263""","=""2s.2p3""","=""3P*""","=""2""","=""2s.2p3""","=""3S*""","=""1""",5,3,M1,"=""T7333""","=""""",
"=""""","=""217.850""","=""""","=""2.31e-03""",C,"=""13.54199""","=""19.233263""","=""2s.2p3""","=""3P*""","=""0""","=""2s.2p3""","=""3S*""","=""1""",1,3,M1,"=""T7333""","=""""",
"=""""","=""219.8193""","=""""","=""7.00e+06""",C+,"=""20.939965""","=""26.580245""","=""2s2.2p.3p""","=""3S""","=""1""","=""2s2.2p.5s""","=""3P*""","=""2""",3,5,,"=""T5520LS""","=""""",
"=""""","=""220.4319""","=""""","=""6.94e+06""",C+,"=""20.939965""","=""26.564568""","=""2s2.2p.3p""","=""3S""","=""1""","=""2s2.2p.5s""","=""3P*""","=""1""",3,3,,"=""T5520LS""","=""""",
"=""""","=""220.6544""","=""""","=""6.92e+06""",C+,"=""20.939965""","=""26.558898""","=""2s2.2p.3p""","=""3S""","=""1""","=""2s2.2p.5s""","=""3P*""","=""0""",3,1,,"=""T5520LS""","=""""",
"=""220.678""","=""220.6775""","=""160""","=""7.04e+06""",B,"=""20.409133""","=""26.027477""","=""2s2.2p.3p""","=""1P""","=""1""","=""2s2.2p.4d""","=""1D*""","=""2""",3,5,,"=""T5520""","=""L3513""",
"=""""","=""228.4344""","=""""","=""7.66e+06""",C+,"=""21.152682""","=""26.580245""","=""2s2.2p.3p""","=""3P""","=""1""","=""2s2.2p.5s""","=""3P*""","=""2""",3,5,,"=""T5520LS""","=""""",
"=""""","=""228.6010""","=""""","=""3.55e+05""",C,"=""20.646058""","=""26.069666""","=""2s2.2p.3p""","=""3D""","=""1""","=""2s2.2p.4d""","=""3D*""","=""2""",3,5,,"=""T5520LS""","=""""",
"=""""","=""228.7323""","=""""","=""2.64e+05""",C,"=""20.653592""","=""26.074085""","=""2s2.2p.3p""","=""3D""","=""2""","=""2s2.2p.4d""","=""3D*""","=""3""",5,7,,"=""T5520LS""","=""""",
"=""""","=""228.7380""","=""""","=""1.77e+06""",C+,"=""20.646058""","=""26.066417""","=""2s2.2p.3p""","=""3D""","=""1""","=""2s2.2p.4d""","=""3D*""","=""1""",3,3,,"=""T5520LS""","=""""",
"=""228.740""","=""228.7393""","=""160""","=""2.29e+07""",C+,"=""21.159916""","=""26.580245""","=""2s2.2p.3p""","=""3P""","=""2""","=""2s2.2p.5s""","=""3P*""","=""2""",5,5,,"=""T5520LS""","=""L3513""",
"=""228.915""","=""228.9111""","=""110""","=""1.01e+07""",C+,"=""21.148308""","=""26.564568""","=""2s2.2p.3p""","=""3P""","=""0""","=""2s2.2p.5s""","=""3P*""","=""1""",1,3,,"=""T5520LS""","=""L3513""",
"=""""","=""228.9189""","=""""","=""1.64e+06""",C+,"=""20.653592""","=""26.069666""","=""2s2.2p.3p""","=""3D""","=""2""","=""2s2.2p.4d""","=""3D*""","=""2""",5,5,,"=""T5520LS""","=""""",
"=""""","=""229.0563""","=""""","=""5.89e+05""",C,"=""20.653592""","=""26.066417""","=""2s2.2p.3p""","=""3D""","=""2""","=""2s2.2p.4d""","=""3D*""","=""1""",5,3,,"=""T5520LS""","=""""",
"=""""","=""229.0961""","=""""","=""7.59e+06""",C+,"=""21.152682""","=""26.564568""","=""2s2.2p.3p""","=""3P""","=""1""","=""2s2.2p.5s""","=""3P*""","=""1""",3,3,,"=""T5520LS""","=""""",
"=""""","=""229.2367""","=""""","=""2.09e+06""",C+,"=""20.665518""","=""26.074085""","=""2s2.2p.3p""","=""3D""","=""3""","=""2s2.2p.4d""","=""3D*""","=""3""",7,7,,"=""T5520LS""","=""""",
"=""""","=""229.3364""","=""""","=""3.03e+07""",C+,"=""21.152682""","=""26.558898""","=""2s2.2p.3p""","=""3P""","=""1""","=""2s2.2p.5s""","=""3P*""","=""0""",3,1,,"=""T5520LS""","=""""",
"=""""","=""229.4027""","=""""","=""1.26e+07""",C+,"=""21.159916""","=""26.564568""","=""2s2.2p.3p""","=""3P""","=""2""","=""2s2.2p.5s""","=""3P*""","=""1""",5,3,,"=""T5520LS""","=""""",
"=""""","=""229.4241""","=""""","=""3.66e+05""",C,"=""20.665518""","=""26.069666""","=""2s2.2p.3p""","=""3D""","=""3""","=""2s2.2p.4d""","=""3D*""","=""2""",7,5,,"=""T5520LS""","=""""",
"=""231.720""","=""231.7201""","=""220""","=""1.75e+07""",C+,"=""20.653592""","=""26.004194""","=""2s2.2p.3p""","=""3D""","=""2""","=""2s2.2p.4d""","=""3F*""","=""3""",5,7,,"=""T5520LS""","=""L3513""",
"=""231.740""","=""231.7392""","=""160""","=""1.65e+07""",C+,"=""20.646058""","=""25.996219""","=""2s2.2p.3p""","=""3D""","=""1""","=""2s2.2p.4d""","=""3F*""","=""2""",3,5,,"=""T5520LS""","=""L3513""",
"=""231.776""","=""231.7751""","=""285""","=""1.97e+07""",C+,"=""20.665518""","=""26.014849""","=""2s2.2p.3p""","=""3D""","=""3""","=""2s2.2p.4d""","=""3F*""","=""4""",7,9,,"=""T5520LS""","=""L3513""",
"=""""","=""232.0659""","=""""","=""3.06e+06""",C+,"=""20.653592""","=""25.996219""","=""2s2.2p.3p""","=""3D""","=""2""","=""2s2.2p.4d""","=""3F*""","=""2""",5,5,,"=""T5520LS""","=""""",
"=""""","=""232.2377""","=""""","=""2.18e+06""",C+,"=""20.665518""","=""26.004194""","=""2s2.2p.3p""","=""3D""","=""3""","=""2s2.2p.4d""","=""3F*""","=""3""",7,7,,"=""T5520LS""","=""""",
"=""""","=""232.5851""","=""""","=""8.57e+04""",D,"=""20.665518""","=""25.996219""","=""2s2.2p.3p""","=""3D""","=""3""","=""2s2.2p.4d""","=""3F*""","=""2""",7,5,,"=""T5520LS""","=""""",
"=""""","=""232.7054""","=""""","=""1.83e+07""",B,"=""22.103082""","=""27.431029""","=""2s2.2p.3p""","=""1S""","=""0""","=""2s2.2p.5d""","=""1P*""","=""1""",1,3,,"=""T5520""","=""""",
"=""""","=""238.7533""","=""""","=""3.30e+06""",C,"=""20.939965""","=""26.132949""","=""2s2.2p.3p""","=""3S""","=""1""","=""2s2.2p.4d""","=""3P*""","=""0""",3,1,,"=""T5520LS""","=""""",
"=""""","=""238.8960""","=""""","=""3.29e+06""",C+,"=""20.939965""","=""26.129847""","=""2s2.2p.3p""","=""3S""","=""1""","=""2s2.2p.4d""","=""3P*""","=""1""",3,3,,"=""T5520LS""","=""""",
"=""""","=""239.1598""","=""""","=""3.28e+06""",C+,"=""20.939965""","=""26.124123""","=""2s2.2p.3p""","=""3S""","=""1""","=""2s2.2p.4d""","=""3P*""","=""2""",3,5,,"=""T5520LS""","=""""",
"=""246.201""","=""246.2014""","=""160""","=""4.11e+07""",B,"=""21.599539""","=""26.635424""","=""2s2.2p.3p""","=""1D""","=""2""","=""2s2.2p.5s""","=""1P*""","=""1""",5,3,,"=""T5520""","=""L3513""",
"=""""","=""248.8873""","=""""","=""3.33e+06""",C+,"=""21.148308""","=""26.129847""","=""2s2.2p.3p""","=""3P""","=""0""","=""2s2.2p.4d""","=""3P*""","=""1""",1,3,,"=""T5520LS""","=""""",
"=""""","=""248.9509""","=""""","=""9.97e+06""",C+,"=""21.152682""","=""26.132949""","=""2s2.2p.3p""","=""3P""","=""1""","=""2s2.2p.4d""","=""3P*""","=""0""",3,1,,"=""T5520LS""","=""""",
"=""""","=""249.0996""","=""""","=""2.61e+07""",C,"=""20.676307""","=""25.653600""","=""2s.2p3""","=""1P*""","=""1""","=""2s2.2p.4p""","=""1S""","=""0""",3,1,,"=""T6385""","=""""",
"=""""","=""249.1061""","=""""","=""2.49e+06""",C+,"=""21.152682""","=""26.129847""","=""2s2.2p.3p""","=""3P""","=""1""","=""2s2.2p.4d""","=""3P*""","=""1""",3,3,,"=""T5520LS""","=""""",
"=""""","=""249.3929""","=""""","=""2.48e+06""",C+,"=""21.152682""","=""26.124123""","=""2s2.2p.3p""","=""3P""","=""1""","=""2s2.2p.4d""","=""3P*""","=""2""",3,5,,"=""T5520LS""","=""""",
"=""""","=""249.4686""","=""""","=""4.13e+06""",C+,"=""21.159916""","=""26.129847""","=""2s2.2p.3p""","=""3P""","=""2""","=""2s2.2p.4d""","=""3P*""","=""1""",5,3,,"=""T5520LS""","=""""",
"=""249.758""","=""249.7563""","=""110""","=""7.41e+06""",C+,"=""21.159916""","=""26.124123""","=""2s2.2p.3p""","=""3P""","=""2""","=""2s2.2p.4d""","=""3P*""","=""2""",5,5,,"=""T5520LS""","=""L3513""",
"=""249.772""","=""""","=""70""","=""""",,"=""""","=""""","=""""","=""""","=""""","=""""","=""""","=""""",1,1,,"=""""","=""L3513""",
"=""252.098""","=""252.0973""","=""110""","=""1.26e+07""",C+,"=""21.148308""","=""26.066417""","=""2s2.2p.3p""","=""3P""","=""0""","=""2s2.2p.4d""","=""3D*""","=""1""",1,3,,"=""T5520LS""","=""L3513""",
"=""252.155""","=""252.1550""","=""160""","=""1.70e+07""",C+,"=""21.152682""","=""26.069666""","=""2s2.2p.3p""","=""3P""","=""1""","=""2s2.2p.4d""","=""3D*""","=""2""",3,5,,"=""T5520LS""","=""L3513""",
"=""252.299""","=""252.2994""","=""220""","=""2.26e+07""",C+,"=""21.159916""","=""26.074085""","=""2s2.2p.3p""","=""3P""","=""2""","=""2s2.2p.4d""","=""3D*""","=""3""",5,7,,"=""T5520LS""","=""L3513""",
"=""""","=""252.3217""","=""""","=""9.42e+06""",C+,"=""21.152682""","=""26.066417""","=""2s2.2p.3p""","=""3P""","=""1""","=""2s2.2p.4d""","=""3D*""","=""1""",3,3,,"=""T5520LS""","=""""",
"=""""","=""252.5265""","=""""","=""5.64e+06""",C+,"=""21.159916""","=""26.069666""","=""2s2.2p.3p""","=""3P""","=""2""","=""2s2.2p.4d""","=""3D*""","=""2""",5,5,,"=""T5520LS""","=""""",
"=""""","=""252.6937""","=""""","=""6.25e+05""",C,"=""21.159916""","=""26.066417""","=""2s2.2p.3p""","=""3P""","=""2""","=""2s2.2p.4d""","=""3D*""","=""1""",5,3,,"=""T5520LS""","=""""",
"=""259.171""","=""259.1713""","=""110""","=""1.13e+07""",D,"=""20.676307""","=""25.460177""","=""2s.2p3""","=""1P*""","=""1""","=""2s2.2p.4p""","=""1D""","=""2""",3,5,,"=""T5520,T6385""","=""L3513""",
"=""271.064""","=""271.0644""","=""160""","=""2.64e+07""",B,"=""21.599539""","=""26.173514""","=""2s2.2p.3p""","=""1D""","=""2""","=""2s2.2p.4d""","=""1F*""","=""3""",5,7,,"=""T5520""","=""L3513""",
"=""""","=""273.5544""","=""""","=""5.03e+06""",B,"=""22.103082""","=""26.635424""","=""2s2.2p.3p""","=""1S""","=""0""","=""2s2.2p.5s""","=""1P*""","=""1""",1,3,,"=""T5520""","=""""",
"=""""","=""274.5490""","=""""","=""4.28e+04""",D,"=""20.676307""","=""25.192229""","=""2s.2p3""","=""1P*""","=""1""","=""2s2.2p.4p""","=""3P""","=""1""",3,3,,"=""T6385""","=""""",
"=""""","=""278.1760""","=""""","=""1.76e+05""",D,"=""20.676307""","=""25.133348""","=""2s.2p3""","=""1P*""","=""1""","=""2s2.2p.4p""","=""3D""","=""1""",3,3,,"=""T6385""","=""""",
"=""280.005""","=""280.0044""","=""110""","=""1.62e+07""",B,"=""21.599539""","=""26.027477""","=""2s2.2p.3p""","=""1D""","=""2""","=""2s2.2p.4d""","=""1D*""","=""2""",5,5,,"=""T5520""","=""L3513""",
"=""282.447""","=""282.4462""","=""110""","=""2.39e+07""",C+,"=""20.676307""","=""25.065964""","=""2s.2p3""","=""1P*""","=""1""","=""2s2.2p.4p""","=""1P""","=""1""",3,3,,"=""T5520,T6385""","=""L3513""",
"=""""","=""285.948""","=""""","=""2.02e-03""",C,"=""13.54113""","=""17.877026""","=""2s.2p3""","=""3P*""","=""1""","=""2s.2p3""","=""1D*""","=""2""",3,5,M1,"=""T7333""","=""""",
"=""""","=""285.957""","=""""","=""6.06e-03""",C,"=""13.54126""","=""17.877026""","=""2s.2p3""","=""3P*""","=""2""","=""2s.2p3""","=""1D*""","=""2""",5,5,M1,"=""T7333""","=""""",
"=""288.612""","=""""","=""160""","=""""",,"=""""","=""""","=""""","=""""","=""""","=""""","=""""","=""""",1,1,,"=""""","=""L3513""",
"=""300.771""","=""300.7706""","=""220""","=""9.19e+07""",B,"=""20.409133""","=""24.531351""","=""2s2.2p.3p""","=""1P""","=""1""","=""2s2.2p.4s""","=""1P*""","=""1""",3,3,,"=""T5520,T6385""","=""L3513""",
"=""""","=""302.4549""","=""""","=""2.27e+07""",B,"=""22.103082""","=""26.202344""","=""2s2.2p.3p""","=""1S""","=""0""","=""2s2.2p.4d""","=""1P*""","=""1""",1,3,,"=""T5520""","=""""",
"=""""","=""306.372""","=""""","=""3.18e-02""",C,"=""0.00604""","=""4.05289""","=""2s2.2p2""","=""3P""","=""1""","=""2s2.2p2""","=""1S""","=""0""",3,1,M1,"=""T7333""","=""""",
"=""""","=""307.144""","=""""","=""1.55e-04""",D,"=""0.01622""","=""4.05289""","=""2s2.2p2""","=""3P""","=""2""","=""2s2.2p2""","=""1S""","=""0""",5,1,E2,"=""T7333""","=""""",
"=""""","=""312.6826""","=""""","=""6.11e+05""",D,"=""20.409133""","=""24.374310""","=""2s2.2p.3p""","=""1P""","=""1""","=""2s2.2p.4s""","=""3P*""","=""1""",3,3,,"=""T6385""","=""""",
"=""""","=""317.779""","=""""","=""9.33e-04""",D,"=""1.89897""","=""5.80055""","=""2s2.2p2""","=""1D""","=""2""","=""2s.2p3""","=""5S*""","=""2""",5,5,,"=""T4899""","=""""",
"=""""","=""319.1116""","=""""","=""3.30e+05""",D,"=""20.646058""","=""24.531351""","=""2s2.2p.3p""","=""3D""","=""1""","=""2s2.2p.4s""","=""1P*""","=""1""",3,3,,"=""T6385""","=""""",
"=""""","=""319.7315""","=""""","=""2.09e+05""",D,"=""20.653592""","=""24.531351""","=""2s2.2p.3p""","=""3D""","=""2""","=""2s2.2p.4s""","=""1P*""","=""1""",5,3,,"=""T6385""","=""""",
"=""""","=""331.2372""","=""""","=""1.09e+06""",B,"=""20.646058""","=""24.389123""","=""2s2.2p.3p""","=""3D""","=""1""","=""2s2.2p.4s""","=""3P*""","=""2""",3,5,,"=""T6385n""","=""""",
"=""""","=""331.9051""","=""""","=""1.68e+07""",B,"=""20.653592""","=""24.389123""","=""2s2.2p.3p""","=""3D""","=""2""","=""2s2.2p.4s""","=""3P*""","=""2""",5,5,,"=""T6385n""","=""""",
"=""""","=""332.5532""","=""""","=""2.84e+07""",B,"=""20.646058""","=""24.374310""","=""2s2.2p.3p""","=""3D""","=""1""","=""2s2.2p.4s""","=""3P*""","=""1""",3,3,,"=""T6385n""","=""""",
"=""""","=""332.9682""","=""""","=""9.79e+07""",B,"=""20.665518""","=""24.389123""","=""2s2.2p.3p""","=""3D""","=""3""","=""2s2.2p.4s""","=""3P*""","=""2""",7,5,,"=""T6385n""","=""""",
"=""""","=""333.0659""","=""""","=""2.01e+06""",D,"=""17.877026""","=""21.599539""","=""2s.2p3""","=""1D*""","=""2""","=""2s2.2p.3p""","=""1D""","=""2""",5,5,,"=""T7333""","=""""",
"=""""","=""333.1275""","=""""","=""1.18e+08""",B,"=""20.646058""","=""24.367883""","=""2s2.2p.3p""","=""3D""","=""1""","=""2s2.2p.4s""","=""3P*""","=""0""",3,1,,"=""T6385n""","=""""",
"=""""","=""333.2265""","=""""","=""8.83e+07""",B,"=""20.653592""","=""24.374310""","=""2s2.2p.3p""","=""3D""","=""2""","=""2s2.2p.4s""","=""3P*""","=""1""",5,3,,"=""T6385n""","=""""",
"=""""","=""340.9105""","=""""","=""1.91e+07""",B+,"=""18.466228""","=""22.103082""","=""2s2.2p.3s""","=""3P*""","=""1""","=""2s2.2p.3p""","=""1S""","=""0""",3,1,,"=""T7333""","=""""",
"=""343.814""","=""343.8130""","=""360""","=""1.91e+08""",B+,"=""18.496930""","=""22.103082""","=""2s2.2p.3s""","=""1P*""","=""1""","=""2s2.2p.3p""","=""1S""","=""0""",3,1,,"=""T7333""","=""L3513""",
"=""""","=""345.2266""","=""""","=""1.14e+05""",D,"=""20.939965""","=""24.531351""","=""2s2.2p.3p""","=""3S""","=""1""","=""2s2.2p.4s""","=""1P*""","=""1""",3,3,,"=""T6385""","=""""",
"=""""","=""359.4623""","=""""","=""1.21e+07""",B,"=""20.939965""","=""24.389123""","=""2s2.2p.3p""","=""3S""","=""1""","=""2s2.2p.4s""","=""3P*""","=""2""",3,5,,"=""T6385n""","=""""",
"=""""","=""361.0127""","=""""","=""1.41e+07""",B,"=""20.939965""","=""24.374310""","=""2s2.2p.3p""","=""3S""","=""1""","=""2s2.2p.4s""","=""3P*""","=""1""",3,3,,"=""T6385n""","=""""",
"=""""","=""361.6896""","=""""","=""1.53e+07""",B,"=""20.939965""","=""24.367883""","=""2s2.2p.3p""","=""3S""","=""1""","=""2s2.2p.4s""","=""3P*""","=""0""",3,1,,"=""T6385n""","=""""",
"=""""","=""366.4872""","=""""","=""7.77e+04""",D,"=""21.148308""","=""24.531351""","=""2s2.2p.3p""","=""3P""","=""0""","=""2s2.2p.4s""","=""1P*""","=""1""",1,3,,"=""T6385""","=""""",
"=""""","=""366.9617""","=""""","=""1.06e+05""",D,"=""21.152682""","=""24.531351""","=""2s2.2p.3p""","=""3P""","=""1""","=""2s2.2p.4s""","=""1P*""","=""1""",3,3,,"=""T6385""","=""""",
"=""""","=""367.7490""","=""""","=""5.15e+04""",D,"=""21.159916""","=""24.531351""","=""2s2.2p.3p""","=""3P""","=""2""","=""2s2.2p.4s""","=""1P*""","=""1""",5,3,,"=""T6385""","=""""",
"=""""","=""377.6679""","=""""","=""6.61e+02""",D,"=""17.877026""","=""21.159916""","=""2s.2p3""","=""1D*""","=""2""","=""2s2.2p.3p""","=""3P""","=""2""",5,5,,"=""T7333""","=""""",
"=""""","=""383.0882""","=""""","=""2.42e+07""",B,"=""21.152682""","=""24.389123""","=""2s2.2p.3p""","=""3P""","=""1""","=""2s2.2p.4s""","=""3P*""","=""2""",3,5,,"=""T6385n""","=""""",
"=""383.946""","=""383.9463""","=""285""","=""6.98e+07""",B,"=""21.159916""","=""24.389123""","=""2s2.2p.3p""","=""3P""","=""2""","=""2s2.2p.4s""","=""3P*""","=""2""",5,5,,"=""T6385n""","=""L3513""",
"=""""","=""384.2227""","=""""","=""5.99e+04""",C,"=""25.139688""","=""28.366572""","=""2s2.2p.4p""","=""3D""","=""2""","=""2s.2p2.(4P).3p""","=""3D*""","=""3""",5,7,,"=""T5520LS""","=""""",
"=""""","=""384.3277""","=""""","=""3.06e+07""",B,"=""21.148308""","=""24.374310""","=""2s2.2p.3p""","=""3P""","=""0""","=""2s2.2p.4s""","=""3P*""","=""1""",1,3,,"=""T6385n""","=""""",
"=""""","=""384.3539""","=""""","=""8.05e+04""",C,"=""25.133348""","=""28.359130""","=""2s2.2p.4p""","=""3D""","=""1""","=""2s.2p2.(4P).3p""","=""3D*""","=""2""",3,5,,"=""T5520LS""","=""""",
"=""""","=""384.8496""","=""""","=""2.22e+07""",B,"=""21.152682""","=""24.374310""","=""2s2.2p.3p""","=""3P""","=""1""","=""2s2.2p.4s""","=""3P*""","=""1""",3,3,,"=""T6385n""","=""""",
"=""""","=""384.9088""","=""""","=""4.01e+05""",C+,"=""25.133348""","=""28.354479""","=""2s2.2p.4p""","=""3D""","=""1""","=""2s.2p2.(4P).3p""","=""3D*""","=""1""",3,3,,"=""T5520LS""","=""""",
"=""""","=""385.1108""","=""""","=""3.71e+05""",C+,"=""25.139688""","=""28.359130""","=""2s2.2p.4p""","=""3D""","=""2""","=""2s.2p2.(4P).3p""","=""3D*""","=""2""",5,5,,"=""T5520LS""","=""""",
"=""""","=""385.6189""","=""""","=""8.82e+07""",B,"=""21.152682""","=""24.367883""","=""2s2.2p.3p""","=""3P""","=""1""","=""2s2.2p.4s""","=""3P*""","=""0""",3,1,,"=""T6385n""","=""""",
"=""""","=""385.6467""","=""""","=""4.72e+05""",C+,"=""25.151603""","=""28.366572""","=""2s2.2p.4p""","=""3D""","=""3""","=""2s.2p2.(4P).3p""","=""3D*""","=""3""",7,7,,"=""T5520LS""","=""""",
"=""""","=""385.6680""","=""""","=""1.33e+05""",C,"=""25.139688""","=""28.354479""","=""2s2.2p.4p""","=""3D""","=""2""","=""2s.2p2.(4P).3p""","=""3D*""","=""1""",5,3,,"=""T5520LS""","=""""",
"=""""","=""385.7156""","=""""","=""3.71e+07""",B,"=""21.159916""","=""24.374310""","=""2s2.2p.3p""","=""3P""","=""2""","=""2s2.2p.4s""","=""3P*""","=""1""",5,3,,"=""T6385n""","=""""",
"=""""","=""386.5414""","=""""","=""8.23e+04""",C,"=""25.151603""","=""28.359130""","=""2s2.2p.4p""","=""3D""","=""3""","=""2s.2p2.(4P).3p""","=""3D*""","=""2""",7,5,,"=""T5520LS""","=""""",
"=""""","=""391.5001""","=""""","=""2.42e+07""",C+,"=""25.192229""","=""28.359130""","=""2s2.2p.4p""","=""3P""","=""1""","=""2s.2p2.(4P).3p""","=""3D*""","=""2""",3,5,,"=""T5520LS""","=""""",
"=""""","=""391.6523""","=""""","=""3.22e+07""",C+,"=""25.200902""","=""28.366572""","=""2s2.2p.4p""","=""3P""","=""2""","=""2s.2p2.(4P).3p""","=""3D*""","=""3""",5,7,,"=""T5520LS""","=""""",
"=""""","=""391.6681""","=""""","=""1.79e+07""",C+,"=""25.188937""","=""28.354479""","=""2s2.2p.4p""","=""3P""","=""0""","=""2s.2p2.(4P).3p""","=""3D*""","=""1""",1,3,,"=""T5520LS""","=""""",
"=""392.011""","=""392.0111""","=""360""","=""7.56e+07""",B+,"=""20.409133""","=""23.571906""","=""2s2.2p.3p""","=""1P""","=""1""","=""2s2.2p.3d""","=""1P*""","=""1""",3,3,,"=""T7333""","=""L3513""",
"=""""","=""392.0758""","=""""","=""1.34e+07""",C+,"=""25.192229""","=""28.354479""","=""2s2.2p.4p""","=""3P""","=""1""","=""2s.2p2.(4P).3p""","=""3D*""","=""1""",3,3,,"=""T5520LS""","=""""",
"=""""","=""392.5751""","=""""","=""7.99e+06""",C+,"=""25.200902""","=""28.359130""","=""2s2.2p.4p""","=""3P""","=""2""","=""2s.2p2.(4P).3p""","=""3D*""","=""2""",5,5,,"=""T5520LS""","=""""",
"=""""","=""393.1541""","=""""","=""8.84e+05""",C+,"=""25.200902""","=""28.354479""","=""2s2.2p.4p""","=""3P""","=""2""","=""2s.2p2.(4P).3p""","=""3D*""","=""1""",5,3,,"=""T5520LS""","=""""",
"=""395.697""","=""395.6970""","=""450""","=""1.21e+07""",B+,"=""18.466228""","=""21.599539""","=""2s2.2p.3s""","=""3P*""","=""1""","=""2s2.2p.3p""","=""1D""","=""2""",3,5,,"=""T7333""","=""L3513""",
"=""""","=""397.8435""","=""""","=""7.79e+03""",B+,"=""18.483133""","=""21.599539""","=""2s2.2p.3s""","=""3P*""","=""2""","=""2s2.2p.3p""","=""1D""","=""2""",5,5,,"=""T7333""","=""""",
"=""399.613""","=""399.6127""","=""1000""","=""1.22e+08""",A,"=""18.496930""","=""21.599539""","=""2s2.2p.3s""","=""1P*""","=""1""","=""2s2.2p.3p""","=""1D""","=""2""",3,5,,"=""T7333""","=""L3513""",
"=""403.622""","=""""","=""360""","=""""",,"=""""","=""""","=""""","=""""","=""""","=""""","=""""","=""""",1,1,,"=""""","=""L3513""",
"=""404.245""","=""""","=""550""","=""""",,"=""""","=""""","=""""","=""""","=""""","=""""","=""""","=""""",1,1,,"=""""","=""L3513""",
"=""404.467""","=""""","=""360""","=""""",,"=""""","=""""","=""""","=""""","=""""","=""""","=""""","=""""",1,1,,"=""""","=""L3513""",
"=""""","=""404.7883""","=""""","=""1.44e+03""",C,"=""17.877026""","=""20.939965""","=""2s.2p3""","=""1D*""","=""2""","=""2s2.2p.3p""","=""3S""","=""1""",5,3,,"=""T7333""","=""""",
"=""""","=""410.0023""","=""""","=""1.80e+04""",C,"=""23.239296""","=""26.263284""","=""2s2.2p.3d""","=""3D*""","=""1""","=""2s.2p2.(4P).3s""","=""3P""","=""2""",3,5,,"=""T6385""","=""""",
"=""""","=""410.4061""","=""""","=""2.68e+05""",C,"=""23.242271""","=""26.263284""","=""2s2.2p.3d""","=""3D*""","=""2""","=""2s.2p2.(4P).3s""","=""3P""","=""2""",5,5,,"=""T6385""","=""""",
"=""""","=""410.8144""","=""""","=""4.57e+05""",C,"=""23.239296""","=""26.257305""","=""2s2.2p.3d""","=""3D*""","=""1""","=""2s.2p2.(4P).3s""","=""3P""","=""1""",3,3,,"=""T6385""","=""""",
"=""""","=""410.9178""","=""""","=""1.52e+06""",C,"=""23.246033""","=""26.263284""","=""2s2.2p.3d""","=""3D*""","=""3""","=""2s.2p2.(4P).3s""","=""3P""","=""2""",7,5,,"=""T6385""","=""""",
"=""""","=""411.0747""","=""""","=""1.24e+02""",D,"=""20.409133""","=""23.425232""","=""2s2.2p.3p""","=""1P""","=""1""","=""2s2.2p.3d""","=""3P*""","=""0""",3,1,,"=""T7333""","=""""",
"=""""","=""411.2199""","=""""","=""1.37e+06""",C,"=""23.242271""","=""26.257305""","=""2s2.2p.3d""","=""3D*""","=""2""","=""2s.2p2.(4P).3s""","=""3P""","=""1""",5,3,,"=""T6385""","=""""",
"=""""","=""411.3231""","=""""","=""1.85e+06""",C,"=""23.239296""","=""26.253573""","=""2s2.2p.3d""","=""3D*""","=""1""","=""2s.2p2.(4P).3s""","=""3P""","=""0""",3,1,,"=""T6385""","=""""",
"=""""","=""411.5496""","=""""","=""1.65e+05""",B+,"=""20.409133""","=""23.421752""","=""2s2.2p.3p""","=""1P""","=""1""","=""2s2.2p.3d""","=""3P*""","=""1""",3,3,,"=""T7333""","=""""",
"=""""","=""412.4288""","=""""","=""4.37e+04""",B+,"=""20.409133""","=""23.415330""","=""2s2.2p.3p""","=""1P""","=""1""","=""2s2.2p.3d""","=""3P*""","=""2""",3,5,,"=""T7333""","=""""",
"=""""","=""412.5244""","=""""","=""3.20e+07""",C+,"=""25.490900""","=""28.496399""","=""2s.2p2.(4P).3s""","=""5P""","=""1""","=""2s.2p2.(4P).3p""","=""5S*""","=""2""",3,5,,"=""T5520LS""","=""""",
"=""""","=""413.4839""","=""""","=""5.30e+07""",C+,"=""25.497874""","=""28.496399""","=""2s.2p2.(4P).3s""","=""5P""","=""2""","=""2s.2p2.(4P).3p""","=""5S*""","=""2""",5,5,,"=""T5520LS""","=""""",
"=""""","=""414.6943""","=""""","=""7.36e+07""",C+,"=""25.506626""","=""28.496399""","=""2s.2p2.(4P).3s""","=""5P""","=""3""","=""2s.2p2.(4P).3p""","=""5S*""","=""2""",7,5,,"=""T5520LS""","=""""",
"=""417.734""","=""""","=""285""","=""""",,"=""""","=""""","=""""","=""""","=""""","=""""","=""""","=""""",1,1,,"=""""","=""L3513""",
"=""422.893""","=""422.8927""","=""285""","=""1.08e+08""",B,"=""21.599539""","=""24.531351""","=""2s2.2p.3p""","=""1D""","=""2""","=""2s2.2p.4s""","=""1P*""","=""1""",5,3,,"=""T5520,T6385""","=""L3513""",
"=""""","=""423.7548""","=""""","=""1.93e+05""",B,"=""20.646058""","=""23.571906""","=""2s2.2p.3p""","=""3D""","=""1""","=""2s2.2p.3d""","=""1P*""","=""1""",3,3,,"=""T7333""","=""""",
"=""423.810""","=""""","=""285""","=""""",,"=""""","=""""","=""""","=""""","=""""","=""""","=""""","=""""",1,1,,"=""""","=""L3513""",
"=""423.824""","=""""","=""220""","=""""",,"=""""","=""""","=""""","=""""","=""""","=""""","=""""","=""""",1,1,,"=""""","=""L3513""",
"=""424.297""","=""""","=""450""","=""""",,"=""""","=""""","=""""","=""""","=""""","=""""","=""""","=""""",1,1,,"=""""","=""L3513""",
"=""""","=""432.028""","=""""","=""5.59e+03""",B,"=""19.233263""","=""22.103082""","=""2s.2p3""","=""3S*""","=""1""","=""2s2.2p.3p""","=""1S""","=""0""",3,1,,"=""T7333""","=""""",
"=""""","=""435.3448""","=""""","=""2.59e+04""",D,"=""23.415330""","=""26.263284""","=""2s2.2p.3d""","=""3P*""","=""2""","=""2s.2p2.(4P).3s""","=""3P""","=""2""",5,5,,"=""T6385""","=""""",
"=""""","=""437.6214""","=""""","=""6.31e+05""",B+,"=""20.409133""","=""23.242271""","=""2s2.2p.3p""","=""1P""","=""1""","=""2s2.2p.3d""","=""3D*""","=""2""",3,5,,"=""T7333""","=""""",
"=""""","=""437.7860""","=""""","=""9.27e+03""",D,"=""23.425232""","=""26.257305""","=""2s2.2p.3d""","=""3P*""","=""0""","=""2s.2p2.(4P).3s""","=""3P""","=""1""",1,3,,"=""T6385""","=""""",
"=""""","=""438.0816""","=""""","=""1.76e+05""",B+,"=""20.409133""","=""23.239296""","=""2s2.2p.3p""","=""1P""","=""1""","=""2s2.2p.3d""","=""3D*""","=""1""",3,3,,"=""T7333""","=""""",
"=""""","=""439.5081""","=""""","=""5.21e+04""",B,"=""20.653592""","=""23.474568""","=""2s2.2p.3p""","=""3D""","=""2""","=""2s2.2p.3d""","=""1F*""","=""3""",5,7,,"=""T7333""","=""""",
"=""""","=""441.374""","=""""","=""2.93e+03""",B,"=""20.665518""","=""23.474568""","=""2s2.2p.3p""","=""3D""","=""3""","=""2s2.2p.3d""","=""1F*""","=""3""",7,7,,"=""T7333""","=""""",
"=""""","=""442.915""","=""""","=""4.09e+00""",C,"=""17.877026""","=""20.676307""","=""2s.2p3""","=""1D*""","=""2""","=""2s.2p3""","=""1P*""","=""1""",5,3,E2,"=""T7333""","=""""",
"=""443.398""","=""""","=""285""","=""""",,"=""""","=""""","=""""","=""""","=""""","=""""","=""""","=""""",1,1,,"=""""","=""L3513""",
"=""""","=""444.628""","=""""","=""1.20e+02""",B,"=""17.877026""","=""20.665518""","=""2s.2p3""","=""1D*""","=""2""","=""2s2.2p.3p""","=""3D""","=""3""",5,7,,"=""T7333""","=""""",
"=""444.828""","=""444.8278""","=""650""","=""1.12e+08""",B+,"=""20.409133""","=""23.196374""","=""2s2.2p.3p""","=""1P""","=""1""","=""2s2.2p.3d""","=""1D*""","=""2""",3,5,,"=""T7333""","=""L3513""",
"=""""","=""446.1189""","=""""","=""7.99e+06""",D,"=""20.646058""","=""23.425232""","=""2s2.2p.3p""","=""3D""","=""1""","=""2s2.2p.3d""","=""3P*""","=""0""",3,1,,"=""T7333""","=""""",
"=""""","=""446.538""","=""""","=""5.85e+00""",E,"=""17.877026""","=""20.653592""","=""2s.2p3""","=""1D*""","=""2""","=""2s2.2p.3p""","=""3D""","=""2""",5,5,,"=""T7333""","=""""",
"=""""","=""446.6782""","=""""","=""1.59e+06""",D,"=""20.646058""","=""23.421752""","=""2s2.2p.3p""","=""3D""","=""1""","=""2s2.2p.3d""","=""3P*""","=""1""",3,3,,"=""T7333""","=""""",
"=""""","=""446.8267""","=""""","=""2.25e+05""",D,"=""21.599539""","=""24.374310""","=""2s2.2p.3p""","=""1D""","=""2""","=""2s2.2p.4s""","=""3P*""","=""1""",5,3,,"=""T6385""","=""""",
"=""""","=""447.7142""","=""""","=""3.96e+04""",D,"=""20.646058""","=""23.415330""","=""2s2.2p.3p""","=""3D""","=""1""","=""2s2.2p.3d""","=""3P*""","=""2""",3,5,,"=""T7333""","=""""",
"=""""","=""447.753""","=""""","=""3.40e+03""",D,"=""17.877026""","=""20.646058""","=""2s.2p3""","=""1D*""","=""2""","=""2s2.2p.3p""","=""3D""","=""1""",5,3,,"=""T7333""","=""""",
"=""""","=""447.8938""","=""""","=""6.44e+06""",D,"=""20.653592""","=""23.421752""","=""2s2.2p.3p""","=""3D""","=""2""","=""2s2.2p.3d""","=""3P*""","=""1""",5,3,,"=""T7333""","=""""",
"=""""","=""448.9354""","=""""","=""8.62e+05""",D,"=""20.653592""","=""23.415330""","=""2s2.2p.3p""","=""3D""","=""2""","=""2s2.2p.3d""","=""3P*""","=""2""",5,5,,"=""T7333""","=""""",
"=""""","=""450.8824""","=""""","=""7.39e+06""",D,"=""20.665518""","=""23.415330""","=""2s2.2p.3p""","=""3D""","=""3""","=""2s2.2p.3d""","=""3P*""","=""2""",7,5,,"=""T7333""","=""""",
"=""453.168""","=""""","=""360""","=""""",,"=""""","=""""","=""""","=""""","=""""","=""""","=""""","=""""",1,1,,"=""""","=""L3513""",
"=""""","=""456.6039""","=""""","=""1.65e+06""",B+,"=""20.409133""","=""23.124489""","=""2s2.2p.3p""","=""1P""","=""1""","=""2s2.2p.3d""","=""3F*""","=""2""",3,5,,"=""T7333""","=""""",
"=""460.277""","=""460.2767""","=""550""","=""2.22e+07""",B+,"=""18.466228""","=""21.159916""","=""2s2.2p.3s""","=""3P*""","=""1""","=""2s2.2p.3p""","=""3P""","=""2""",3,5,,"=""T7333""","=""L3513""",
"=""460.845""","=""460.8444""","=""450""","=""3.15e+07""",B+,"=""18.462312""","=""21.152682""","=""2s2.2p.3s""","=""3P*""","=""0""","=""2s2.2p.3p""","=""3P""","=""1""",1,3,,"=""T7333""","=""L3513""",
"=""461.516""","=""461.5160""","=""360""","=""2.12e+07""",B+,"=""18.466228""","=""21.152682""","=""2s2.2p.3s""","=""3P*""","=""1""","=""2s2.2p.3p""","=""3P""","=""1""",3,3,,"=""T7333""","=""L3513""",
"=""462.268""","=""462.2687""","=""450""","=""9.04e+07""",B+,"=""18.466228""","=""21.148308""","=""2s2.2p.3s""","=""3P*""","=""1""","=""2s2.2p.3p""","=""3P""","=""0""",3,1,,"=""T7333""","=""L3513""",
"=""463.184""","=""463.1836""","=""870""","=""7.48e+07""",B+,"=""18.483133""","=""21.159916""","=""2s2.2p.3s""","=""3P*""","=""2""","=""2s2.2p.3p""","=""3P""","=""2""",5,5,,"=""T7333""","=""L3513""",
"=""464.438""","=""464.4386""","=""550""","=""4.39e+07""",B+,"=""18.483133""","=""21.152682""","=""2s2.2p.3s""","=""3P*""","=""2""","=""2s2.2p.3p""","=""3P""","=""1""",5,3,,"=""T7333""","=""L3513""",
"=""""","=""465.5834""","=""""","=""1.92e+06""",B,"=""18.496930""","=""21.159916""","=""2s2.2p.3s""","=""1P*""","=""1""","=""2s2.2p.3p""","=""3P""","=""2""",3,5,,"=""T7333""","=""""",
"=""""","=""466.8514""","=""""","=""2.31e+06""",B,"=""18.496930""","=""21.152682""","=""2s2.2p.3s""","=""1P*""","=""1""","=""2s2.2p.3p""","=""3P""","=""1""",3,3,,"=""T7333""","=""""",
"=""""","=""467.6216""","=""""","=""8.54e+06""",B,"=""18.496930""","=""21.148308""","=""2s2.2p.3s""","=""1P*""","=""1""","=""2s2.2p.3p""","=""3P""","=""0""",3,1,,"=""T7333""","=""""",
"=""""","=""469.5587""","=""""","=""1.23e+07""",C+,"=""27.728235""","=""30.368676""","=""2s.2p2.(4P).3p""","=""5D*""","=""0""","=""2s.2p2.(4P).3d""","=""5D""","=""1""",1,3,,"=""T5520LS""","=""""",
"=""""","=""469.7213""","=""""","=""1.29e+07""",C+,"=""27.730126""","=""30.369653""","=""2s.2p2.(4P).3p""","=""5D*""","=""1""","=""2s.2p2.(4P).3d""","=""5D""","=""2""",3,5,,"=""T5520LS""","=""""",
"=""""","=""469.8952""","=""""","=""3.06e+06""",C+,"=""27.730126""","=""30.368676""","=""2s.2p2.(4P).3p""","=""5D*""","=""1""","=""2s.2p2.(4P).3d""","=""5D""","=""1""",3,3,,"=""T5520LS""","=""""",
"=""""","=""469.9869""","=""""","=""3.67e+07""",C+,"=""27.730126""","=""30.368161""","=""2s.2p2.(4P).3p""","=""5D*""","=""1""","=""2s.2p2.(4P).3d""","=""5D""","=""0""",3,1,,"=""T5520LS""","=""""",
"=""""","=""470.1347""","=""""","=""1.05e+07""",C+,"=""27.733833""","=""30.371039""","=""2s.2p2.(4P).3p""","=""5D*""","=""2""","=""2s.2p2.(4P).3d""","=""5D""","=""3""",5,7,,"=""T5520LS""","=""""",
"=""""","=""470.3819""","=""""","=""9.15e+06""",C+,"=""27.733833""","=""30.369653""","=""2s.2p2.(4P).3p""","=""5D*""","=""2""","=""2s.2p2.(4P).3d""","=""5D""","=""2""",5,5,,"=""T5520LS""","=""""",
"=""""","=""470.5563""","=""""","=""2.13e+07""",C+,"=""27.733833""","=""30.368676""","=""2s.2p2.(4P).3p""","=""5D*""","=""2""","=""2s.2p2.(4P).3d""","=""5D""","=""1""",5,3,,"=""T5520LS""","=""""",
"=""""","=""470.7717""","=""""","=""6.09e+06""",C+,"=""27.739182""","=""30.372819""","=""2s.2p2.(4P).3p""","=""5D*""","=""3""","=""2s.2p2.(4P).3d""","=""5D""","=""4""",7,9,,"=""T5520LS""","=""""",
"=""""","=""471.0753""","=""""","=""1.49e+05""",B,"=""20.939965""","=""23.571906""","=""2s2.2p.3p""","=""3S""","=""1""","=""2s2.2p.3d""","=""1P*""","=""1""",3,3,,"=""T7333""","=""""",
"=""""","=""471.0901""","=""""","=""1.82e+07""",C+,"=""27.739182""","=""30.371039""","=""2s.2p2.(4P).3p""","=""5D*""","=""3""","=""2s.2p2.(4P).3d""","=""5D""","=""3""",7,7,,"=""T5520LS""","=""""",
"=""""","=""471.3384""","=""""","=""1.46e+07""",C+,"=""27.739182""","=""30.369653""","=""2s.2p2.(4P).3p""","=""5D*""","=""3""","=""2s.2p2.(4P).3d""","=""5D""","=""2""",7,5,,"=""T5520LS""","=""""",
"=""""","=""471.9697""","=""""","=""3.02e+07""",C+,"=""27.745867""","=""30.372819""","=""2s.2p2.(4P).3p""","=""5D*""","=""4""","=""2s.2p2.(4P).3d""","=""5D""","=""4""",9,9,,"=""T5520LS""","=""""",
"=""""","=""472.2898""","=""""","=""7.75e+06""",C+,"=""27.745867""","=""30.371039""","=""2s.2p2.(4P).3p""","=""5D*""","=""4""","=""2s.2p2.(4P).3d""","=""5D""","=""3""",9,7,,"=""T5520LS""","=""""",
"=""""","=""477.5579""","=""""","=""3.07e+06""",B,"=""20.646058""","=""23.242271""","=""2s2.2p.3p""","=""3D""","=""1""","=""2s2.2p.3d""","=""3D*""","=""2""",3,5,,"=""T7333""","=""""",
"=""""","=""477.7559""","=""""","=""1.03e+07""",B,"=""25.065964""","=""27.661100""","=""2s2.2p.4p""","=""1P""","=""1""","=""2s2.2p.6s""","=""1P*""","=""1""",3,3,,"=""T5520""","=""""",
"=""""","=""478.1059""","=""""","=""2.49e+07""",B,"=""20.646058""","=""23.239296""","=""2s2.2p.3p""","=""3D""","=""1""","=""2s2.2p.3d""","=""3D*""","=""1""",3,3,,"=""T7333""","=""""",
"=""""","=""478.2527""","=""""","=""1.92e+06""",B,"=""20.653592""","=""23.246033""","=""2s2.2p.3p""","=""3D""","=""2""","=""2s2.2p.3d""","=""3D*""","=""3""",5,7,,"=""T7333""","=""""",
"=""478.947""","=""478.9476""","=""285""","=""2.50e+07""",B,"=""20.653592""","=""23.242271""","=""2s2.2p.3p""","=""3D""","=""2""","=""2s2.2p.3d""","=""3D*""","=""2""",5,5,,"=""T7333""","=""L3513""",
"=""""","=""479.4988""","=""""","=""7.73e+06""",B,"=""20.653592""","=""23.239296""","=""2s2.2p.3p""","=""3D""","=""2""","=""2s2.2p.3d""","=""3D*""","=""1""",5,3,,"=""T7333""","=""""",
"=""480.463""","=""480.4629""","=""450""","=""3.17e+07""",B,"=""20.665518""","=""23.246033""","=""2s2.2p.3p""","=""3D""","=""3""","=""2s2.2p.3d""","=""3D*""","=""3""",7,7,,"=""T7333""","=""L3513""",
"=""""","=""481.1643""","=""""","=""4.75e+06""",B,"=""20.665518""","=""23.242271""","=""2s2.2p.3p""","=""3D""","=""3""","=""2s2.2p.3d""","=""3D*""","=""2""",7,5,,"=""T7333""","=""""",
"=""""","=""481.3427""","=""""","=""1.16e+05""",C,"=""27.728235""","=""30.304034""","=""2s.2p2.(4P).3p""","=""5D*""","=""0""","=""2s.2p2.(4P).3d""","=""5P""","=""1""",1,3,,"=""T5520LS""","=""""",
"=""""","=""481.6963""","=""""","=""2.61e+05""",C+,"=""27.730126""","=""30.304034""","=""2s.2p2.(4P).3p""","=""5D*""","=""1""","=""2s.2p2.(4P).3d""","=""5P""","=""1""",3,3,,"=""T5520LS""","=""""",
"=""""","=""482.3152""","=""""","=""5.20e+04""",C,"=""27.730126""","=""30.300731""","=""2s.2p2.(4P).3p""","=""5D*""","=""1""","=""2s.2p2.(4P).3d""","=""5P""","=""2""",3,5,,"=""T5520LS""","=""""",
"=""""","=""482.3910""","=""""","=""2.02e+05""",C+,"=""27.733833""","=""30.304034""","=""2s.2p2.(4P).3p""","=""5D*""","=""2""","=""2s.2p2.(4P).3d""","=""5P""","=""1""",5,3,,"=""T5520LS""","=""""",
"=""""","=""483.0118""","=""""","=""2.01e+05""",C+,"=""27.733833""","=""30.300731""","=""2s.2p2.(4P).3p""","=""5D*""","=""2""","=""2s.2p2.(4P).3d""","=""5P""","=""2""",5,5,,"=""T5520LS""","=""""",
"=""""","=""483.9133""","=""""","=""1.63e+04""",C,"=""27.733833""","=""30.295949""","=""2s.2p2.(4P).3p""","=""5D*""","=""2""","=""2s.2p2.(4P).3d""","=""5P""","=""3""",5,7,,"=""T5520LS""","=""""",
"=""""","=""484.0203""","=""""","=""3.20e+05""",C+,"=""27.739182""","=""30.300731""","=""2s.2p2.(4P).3p""","=""5D*""","=""3""","=""2s.2p2.(4P).3d""","=""5P""","=""2""",7,5,,"=""T5520LS""","=""""",
"=""""","=""484.9256""","=""""","=""1.14e+05""",C+,"=""27.739182""","=""30.295949""","=""2s.2p2.(4P).3p""","=""5D*""","=""3""","=""2s.2p2.(4P).3d""","=""5P""","=""3""",7,7,,"=""T5520LS""","=""""",
"=""""","=""486.1524""","=""""","=""1.87e+06""",B+,"=""20.646058""","=""23.196374""","=""2s2.2p.3p""","=""3D""","=""1""","=""2s2.2p.3d""","=""1D*""","=""2""",3,5,,"=""T7333""","=""""",
"=""""","=""486.1969""","=""""","=""4.35e+05""",C+,"=""27.745867""","=""30.295949""","=""2s.2p2.(4P).3p""","=""5D*""","=""4""","=""2s.2p2.(4P).3d""","=""5P""","=""3""",9,7,,"=""T5520LS""","=""""",
"=""""","=""487.593""","=""""","=""2.17e+03""",B+,"=""20.653592""","=""23.196374""","=""2s2.2p.3p""","=""3D""","=""2""","=""2s2.2p.3d""","=""1D*""","=""2""",5,5,,"=""T7333""","=""""",
"=""489.648""","=""489.6483""","=""285""","=""3.04e+06""",D,"=""17.877026""","=""20.409133""","=""2s.2p3""","=""1D*""","=""2""","=""2s2.2p.3p""","=""1P""","=""1""",5,3,,"=""T7333""","=""L3513""",
"=""""","=""489.890""","=""""","=""5.61e+02""",D,"=""20.665518""","=""23.196374""","=""2s2.2p.3p""","=""3D""","=""3""","=""2s2.2p.3d""","=""1D*""","=""2""",7,5,,"=""T7333""","=""""",
"=""498.876""","=""498.8768""","=""285""","=""6.98e+07""",B+,"=""20.939965""","=""23.425232""","=""2s2.2p.3p""","=""3S""","=""1""","=""2s2.2p.3d""","=""3P*""","=""0""",3,1,,"=""T7333""","=""L3513""",
"=""""","=""499.2636""","=""""","=""3.54e+07""",C+,"=""25.490900""","=""27.974241""","=""2s.2p2.(4P).3s""","=""5P""","=""1""","=""2s.2p2.(4P).3p""","=""5P*""","=""2""",3,5,,"=""T5520LS""","=""""",
"=""499.575""","=""499.5754""","=""450""","=""2.62e+07""",C+,"=""25.497874""","=""27.979665""","=""2s.2p2.(4P).3s""","=""5P""","=""2""","=""2s.2p2.(4P).3p""","=""5P*""","=""3""",5,7,,"=""T5520LS""","=""L3513""",
"=""""","=""499.5764""","=""""","=""7.11e+07""",B+,"=""20.939965""","=""23.421752""","=""2s2.2p.3p""","=""3S""","=""1""","=""2s2.2p.3d""","=""3P*""","=""1""",3,3,,"=""T7333""","=""""",
"=""""","=""499.8618""","=""""","=""1.96e+07""",C+,"=""25.490900""","=""27.971269""","=""2s.2p2.(4P).3s""","=""5P""","=""1""","=""2s.2p2.(4P).3p""","=""5P*""","=""1""",3,3,,"=""T5520LS""","=""""",
"=""""","=""500.2529""","=""""","=""9.65e+07""",A,"=""20.646058""","=""23.124489""","=""2s2.2p.3p""","=""3D""","=""1""","=""2s2.2p.3d""","=""3F*""","=""2""",3,5,,"=""T7333""","=""""",
"=""500.288""","=""500.2869""","=""650""","=""1.04e+08""",A,"=""20.653592""","=""23.131853""","=""2s2.2p.3p""","=""3D""","=""2""","=""2s2.2p.3d""","=""3F*""","=""3""",5,7,,"=""T7333""","=""L3513""",
"=""500.410""","=""500.4098""","=""360""","=""8.33e+06""",B,"=""18.462312""","=""20.939965""","=""2s2.2p.3s""","=""3P*""","=""0""","=""2s2.2p.3p""","=""3S""","=""1""",1,3,,"=""T7333""","=""L3513""",
"=""500.655""","=""500.6546""","=""870""","=""1.14e+08""",A,"=""20.665518""","=""23.141959""","=""2s2.2p.3p""","=""3D""","=""3""","=""2s2.2p.3d""","=""3F*""","=""4""",7,9,,"=""T7333""","=""L3513""",
"=""""","=""500.6696""","=""""","=""6.51e+06""",C+,"=""25.497874""","=""27.974241""","=""2s.2p2.(4P).3s""","=""5P""","=""2""","=""2s.2p2.(4P).3p""","=""5P*""","=""2""",5,5,,"=""T5520LS""","=""""",
"=""500.872""","=""500.8725""","=""550""","=""7.43e+07""",B+,"=""20.939965""","=""23.415330""","=""2s2.2p.3p""","=""3S""","=""1""","=""2s2.2p.3d""","=""3P*""","=""2""",3,5,,"=""T7333""","=""L3513""",
"=""501.202""","=""501.2019""","=""450""","=""2.10e+07""",B,"=""18.466228""","=""20.939965""","=""2s2.2p.3s""","=""3P*""","=""1""","=""2s2.2p.3p""","=""3S""","=""1""",3,3,,"=""T7333""","=""L3513""",
"=""""","=""501.2712""","=""""","=""5.84e+07""",C+,"=""25.497874""","=""27.971269""","=""2s.2p2.(4P).3s""","=""5P""","=""2""","=""2s.2p2.(4P).3p""","=""5P*""","=""1""",5,3,,"=""T5520LS""","=""""",
"=""""","=""501.3433""","=""""","=""5.19e+07""",C+,"=""25.506626""","=""27.979665""","=""2s.2p2.(4P).3s""","=""5P""","=""3""","=""2s.2p2.(4P).3p""","=""5P*""","=""3""",7,7,,"=""T5520LS""","=""""",
"=""501.779""","=""501.7781""","=""360""","=""1.59e+07""",A,"=""20.653592""","=""23.124489""","=""2s2.2p.3p""","=""3D""","=""2""","=""2s2.2p.3d""","=""3F*""","=""2""",5,5,,"=""T7333""","=""L3513""",
"=""""","=""502.3475""","=""""","=""1.09e+06""",C+,"=""25.188937""","=""27.657034""","=""2s2.2p.4p""","=""3P""","=""0""","=""2s.2p2.(4P).3p""","=""3S*""","=""1""",1,3,,"=""T5520LS""","=""""",
"=""""","=""502.4454""","=""""","=""3.61e+07""",C+,"=""25.506626""","=""27.974241""","=""2s.2p2.(4P).3s""","=""5P""","=""3""","=""2s.2p2.(4P).3p""","=""5P*""","=""2""",7,5,,"=""T5520LS""","=""""",
"=""502.706""","=""502.7061""","=""360""","=""1.04e+07""",A,"=""20.665518""","=""23.131853""","=""2s2.2p.3p""","=""3D""","=""3""","=""2s2.2p.3d""","=""3F*""","=""3""",7,7,,"=""T7333""","=""L3513""",
"=""""","=""503.0184""","=""""","=""3.27e+06""",C+,"=""25.192229""","=""27.657034""","=""2s2.2p.4p""","=""3P""","=""1""","=""2s.2p2.(4P).3p""","=""3S*""","=""1""",3,3,,"=""T5520LS""","=""""",
"=""""","=""504.2117""","=""""","=""3.65e+05""",A,"=""20.665518""","=""23.124489""","=""2s2.2p.3p""","=""3D""","=""3""","=""2s2.2p.3d""","=""3F*""","=""2""",7,5,,"=""T7333""","=""""",
"=""504.651""","=""504.6506""","=""550""","=""3.37e+07""",B,"=""18.483133""","=""20.939965""","=""2s2.2p.3s""","=""3P*""","=""2""","=""2s2.2p.3p""","=""3S""","=""1""",5,3,,"=""T7333""","=""L3513""",
"=""""","=""504.7945""","=""""","=""5.39e+06""",C+,"=""25.200902""","=""27.657034""","=""2s2.2p.4p""","=""3P""","=""2""","=""2s.2p2.(4P).3p""","=""3S*""","=""1""",5,3,,"=""T5520LS""","=""""",
"=""""","=""507.5006""","=""""","=""2.43e+06""",B,"=""18.496930""","=""20.939965""","=""2s2.2p.3s""","=""1P*""","=""1""","=""2s2.2p.3p""","=""3S""","=""1""",3,3,,"=""T7333""","=""""",
"=""""","=""510.5868""","=""""","=""1.01e+07""",C,"=""22.103082""","=""24.531351""","=""2s2.2p.3p""","=""1S""","=""0""","=""2s2.2p.4s""","=""1P*""","=""1""",1,3,,"=""T5520,T6385""","=""""",
"=""""","=""511.5710""","=""""","=""3.88e+04""",B,"=""21.148308""","=""23.571906""","=""2s2.2p.3p""","=""3P""","=""0""","=""2s2.2p.3d""","=""1P*""","=""1""",1,3,,"=""T7333""","=""""",
"=""""","=""512.496""","=""""","=""5.69e+03""",B,"=""21.152682""","=""23.571906""","=""2s2.2p.3p""","=""3P""","=""1""","=""2s2.2p.3d""","=""1P*""","=""1""",3,3,,"=""T7333""","=""""",
"=""""","=""514.033""","=""""","=""3.34e+03""",C,"=""21.159916""","=""23.571906""","=""2s2.2p.3p""","=""3P""","=""2""","=""2s2.2p.3d""","=""1P*""","=""1""",5,3,,"=""T7333""","=""""",
"=""""","=""516.9489""","=""""","=""3.06e+07""",C+,"=""27.971269""","=""30.369653""","=""2s.2p2.(4P).3p""","=""5P*""","=""1""","=""2s.2p2.(4P).3d""","=""5D""","=""2""",3,5,,"=""T5520LS""","=""""",
"=""""","=""517.1596""","=""""","=""6.54e+07""",C+,"=""27.971269""","=""30.368676""","=""2s.2p2.(4P).3p""","=""5P*""","=""1""","=""2s.2p2.(4P).3d""","=""5D""","=""1""",3,3,,"=""T5520LS""","=""""",
"=""""","=""517.2706""","=""""","=""8.71e+07""",C+,"=""27.971269""","=""30.368161""","=""2s.2p2.(4P).3p""","=""5P*""","=""1""","=""2s.2p2.(4P).3d""","=""5D""","=""0""",3,1,,"=""T5520LS""","=""""",
"=""""","=""517.2910""","=""""","=""5.81e+07""",C+,"=""27.974241""","=""30.371039""","=""2s.2p2.(4P).3p""","=""5P*""","=""2""","=""2s.2p2.(4P).3d""","=""5D""","=""3""",5,7,,"=""T5520LS""","=""""",
"=""""","=""517.3785""","=""""","=""6.01e+07""",C+,"=""27.730126""","=""30.126519""","=""2s.2p2.(4P).3p""","=""5D*""","=""1""","=""2s.2p2.(4P).3d""","=""5F""","=""2""",3,5,,"=""T5520LS""","=""""",
"=""""","=""517.4414""","=""""","=""5.01e+07""",C+,"=""27.728235""","=""30.124337""","=""2s.2p2.(4P).3p""","=""5D*""","=""0""","=""2s.2p2.(4P).3d""","=""5F""","=""1""",1,3,,"=""T5520LS""","=""""",
"=""""","=""517.4826""","=""""","=""7.36e+07""",C+,"=""27.733833""","=""30.129743""","=""2s.2p2.(4P).3p""","=""5D*""","=""2""","=""2s.2p2.(4P).3d""","=""5F""","=""3""",5,7,,"=""T5520LS""","=""""",
"=""""","=""517.5903""","=""""","=""5.07e+07""",C+,"=""27.974241""","=""30.369653""","=""2s.2p2.(4P).3p""","=""5P*""","=""2""","=""2s.2p2.(4P).3d""","=""5D""","=""2""",5,5,,"=""T5520LS""","=""""",
"=""""","=""517.7331""","=""""","=""8.93e+07""",C+,"=""27.739182""","=""30.133933""","=""2s.2p2.(4P).3p""","=""5D*""","=""3""","=""2s.2p2.(4P).3d""","=""5F""","=""4""",7,9,,"=""T5520LS""","=""""",
"=""""","=""517.8015""","=""""","=""2.17e+07""",C+,"=""27.974241""","=""30.368676""","=""2s.2p2.(4P).3p""","=""5P*""","=""2""","=""2s.2p2.(4P).3d""","=""5D""","=""1""",5,3,,"=""T5520LS""","=""""",
"=""""","=""517.8500""","=""""","=""5.00e+07""",C+,"=""27.730126""","=""30.124337""","=""2s.2p2.(4P).3p""","=""5D*""","=""1""","=""2s.2p2.(4P).3d""","=""5F""","=""1""",3,3,,"=""T5520LS""","=""""",
"=""""","=""518.0786""","=""""","=""8.67e+07""",C+,"=""27.979665""","=""30.372819""","=""2s.2p2.(4P).3p""","=""5P*""","=""3""","=""2s.2p2.(4P).3d""","=""5D""","=""4""",7,9,,"=""T5520LS""","=""""",
"=""""","=""518.0963""","=""""","=""1.07e+08""",C+,"=""27.745867""","=""30.138939""","=""2s.2p2.(4P).3p""","=""5D*""","=""4""","=""2s.2p2.(4P).3d""","=""5F""","=""5""",9,11,,"=""T5520LS""","=""""",
"=""""","=""518.1801""","=""""","=""4.28e+07""",C+,"=""27.733833""","=""30.126519""","=""2s.2p2.(4P).3p""","=""5D*""","=""2""","=""2s.2p2.(4P).3d""","=""5F""","=""2""",5,5,,"=""T5520LS""","=""""",
"=""""","=""518.4643""","=""""","=""2.88e+07""",C+,"=""27.979665""","=""30.371039""","=""2s.2p2.(4P).3p""","=""5P*""","=""3""","=""2s.2p2.(4P).3d""","=""5D""","=""3""",7,7,,"=""T5520LS""","=""""",
"=""""","=""518.6405""","=""""","=""3.20e+07""",C+,"=""27.739182""","=""30.129743""","=""2s.2p2.(4P).3p""","=""5D*""","=""3""","=""2s.2p2.(4P).3d""","=""5F""","=""3""",7,7,,"=""T5520LS""","=""""",
"=""""","=""518.6531""","=""""","=""7.11e+06""",C+,"=""27.733833""","=""30.124337""","=""2s.2p2.(4P).3p""","=""5D*""","=""2""","=""2s.2p2.(4P).3d""","=""5F""","=""1""",5,3,,"=""T5520LS""","=""""",
"=""""","=""518.7650""","=""""","=""5.76e+06""",C+,"=""27.979665""","=""30.369653""","=""2s.2p2.(4P).3p""","=""5P*""","=""3""","=""2s.2p2.(4P).3d""","=""5D""","=""2""",7,5,,"=""T5520LS""","=""""",
"=""""","=""519.1825""","=""""","=""1.77e+07""",C+,"=""27.745867""","=""30.133933""","=""2s.2p2.(4P).3p""","=""5D*""","=""4""","=""2s.2p2.(4P).3d""","=""5F""","=""4""",9,9,,"=""T5520LS""","=""""",
"=""""","=""519.3410""","=""""","=""4.25e+06""",C+,"=""27.739182""","=""30.126519""","=""2s.2p2.(4P).3p""","=""5D*""","=""3""","=""2s.2p2.(4P).3d""","=""5F""","=""2""",7,5,,"=""T5520LS""","=""""",
"=""""","=""520.0949""","=""""","=""1.51e+06""",C+,"=""27.745867""","=""30.129743""","=""2s.2p2.(4P).3p""","=""5D*""","=""4""","=""2s.2p2.(4P).3d""","=""5F""","=""3""",9,7,,"=""T5520LS""","=""""",
"=""""","=""523.963""","=""""","=""3.16e+03""",B,"=""19.233263""","=""21.599539""","=""2s.2p3""","=""3S*""","=""1""","=""2s2.2p.3p""","=""1D""","=""2""",3,5,,"=""T7333""","=""""",
"=""""","=""524.2316""","=""""","=""6.20e+05""",B,"=""25.065964""","=""27.431029""","=""2s2.2p.4p""","=""1P""","=""1""","=""2s2.2p.5d""","=""1P*""","=""1""",3,3,,"=""T5520""","=""""",
"=""""","=""530.8250""","=""""","=""2.20e+04""",D,"=""23.124489""","=""25.460177""","=""2s2.2p.3d""","=""3F*""","=""2""","=""2s2.2p.4p""","=""1D""","=""2""",5,5,,"=""T6385""","=""""",
"=""""","=""531.4903""","=""""","=""1.41e+07""",C+,"=""27.971269""","=""30.304034""","=""2s.2p2.(4P).3p""","=""5P*""","=""1""","=""2s.2p2.(4P).3d""","=""5P""","=""1""",3,3,,"=""T5520LS""","=""""",
"=""""","=""532.1682""","=""""","=""4.20e+07""",C+,"=""27.974241""","=""30.304034""","=""2s.2p2.(4P).3p""","=""5P*""","=""2""","=""2s.2p2.(4P).3d""","=""5P""","=""1""",5,3,,"=""T5520LS""","=""""",
"=""""","=""532.2439""","=""""","=""2.52e+07""",C+,"=""27.971269""","=""30.300731""","=""2s.2p2.(4P).3p""","=""5P*""","=""1""","=""2s.2p2.(4P).3d""","=""5P""","=""2""",3,5,,"=""T5520LS""","=""""",
"=""""","=""532.9238""","=""""","=""4.65e+06""",C+,"=""27.974241""","=""30.300731""","=""2s.2p2.(4P).3p""","=""5P*""","=""2""","=""2s.2p2.(4P).3d""","=""5P""","=""2""",5,5,,"=""T5520LS""","=""""",
"=""""","=""534.0214""","=""""","=""1.85e+07""",C+,"=""27.974241""","=""30.295949""","=""2s.2p2.(4P).3p""","=""5P*""","=""2""","=""2s.2p2.(4P).3d""","=""5P""","=""3""",5,7,,"=""T5520LS""","=""""",
"=""""","=""534.1692""","=""""","=""2.59e+07""",C+,"=""27.979665""","=""30.300731""","=""2s.2p2.(4P).3p""","=""5P*""","=""3""","=""2s.2p2.(4P).3d""","=""5P""","=""2""",7,5,,"=""T5520LS""","=""""",
"=""""","=""535.2720""","=""""","=""3.67e+07""",C+,"=""27.979665""","=""30.295949""","=""2s.2p2.(4P).3p""","=""5P*""","=""3""","=""2s.2p2.(4P).3d""","=""5P""","=""3""",7,7,,"=""T5520LS""","=""""",
"=""""","=""535.649""","=""""","=""7.02e+03""",B+,"=""21.159916""","=""23.474568""","=""2s2.2p.3p""","=""3P""","=""2""","=""2s2.2p.3d""","=""1F*""","=""3""",5,7,,"=""T7333""","=""""",
"=""""","=""538.5218""","=""""","=""3.69e+05""",B+,"=""20.939965""","=""23.242271""","=""2s2.2p.3p""","=""3S""","=""1""","=""2s2.2p.3d""","=""3D*""","=""2""",3,5,,"=""T7333""","=""""",
"=""""","=""539.2187""","=""""","=""2.04e+05""",B+,"=""20.939965""","=""23.239296""","=""2s2.2p.3p""","=""3S""","=""1""","=""2s2.2p.3d""","=""3D*""","=""1""",3,3,,"=""T7333""","=""""",
"=""""","=""545.3586""","=""""","=""9.82e+06""",B+,"=""21.148308""","=""23.421752""","=""2s2.2p.3p""","=""3P""","=""0""","=""2s2.2p.3d""","=""3P*""","=""1""",1,3,,"=""T7333""","=""""",
"=""""","=""545.5731""","=""""","=""3.70e+07""",B+,"=""21.152682""","=""23.425232""","=""2s2.2p.3p""","=""3P""","=""1""","=""2s2.2p.3d""","=""3P*""","=""0""",3,1,,"=""T7333""","=""""",
"=""""","=""545.8906""","=""""","=""1.83e+04""",D,"=""22.103082""","=""24.374310""","=""2s2.2p.3p""","=""1S""","=""0""","=""2s2.2p.4s""","=""3P*""","=""1""",1,3,,"=""T6385""","=""""",
"=""""","=""546.4099""","=""""","=""1.11e+07""",B+,"=""21.152682""","=""23.421752""","=""2s2.2p.3p""","=""3P""","=""1""","=""2s2.2p.3d""","=""3P*""","=""1""",3,3,,"=""T7333""","=""""",
"=""""","=""547.6808""","=""""","=""4.66e+06""",B,"=""23.196374""","=""25.460177""","=""2s2.2p.3d""","=""1D*""","=""2""","=""2s2.2p.4p""","=""1D""","=""2""",5,5,,"=""T5520,T6385""","=""""",
"=""""","=""547.9608""","=""""","=""5.22e+06""",B+,"=""21.152682""","=""23.415330""","=""2s2.2p.3p""","=""3P""","=""1""","=""2s2.2p.3d""","=""3P*""","=""2""",3,5,,"=""T7333""","=""""",
"=""""","=""548.1573""","=""""","=""1.44e+07""",B+,"=""21.159916""","=""23.421752""","=""2s2.2p.3p""","=""3P""","=""2""","=""2s2.2p.3d""","=""3P*""","=""1""",5,3,,"=""T7333""","=""""",
"=""""","=""549.4759""","=""""","=""3.11e+04""",B,"=""20.939965""","=""23.196374""","=""2s2.2p.3p""","=""3S""","=""1""","=""2s2.2p.3d""","=""1D*""","=""2""",3,5,,"=""T7333""","=""""",
"=""549.720""","=""549.7182""","=""450""","=""2.66e+07""",B+,"=""21.159916""","=""23.415330""","=""2s2.2p.3p""","=""3P""","=""2""","=""2s2.2p.3d""","=""3P*""","=""2""",5,5,,"=""T7333""","=""L3513""",
"=""""","=""552.7769""","=""""","=""2.13e+07""",C+,"=""25.490900""","=""27.733833""","=""2s.2p2.(4P).3s""","=""5P""","=""1""","=""2s.2p2.(4P).3p""","=""5D*""","=""2""",3,5,,"=""T5520LS""","=""""",
"=""""","=""553.1778""","=""""","=""4.04e+07""",C+,"=""25.497874""","=""27.739182""","=""2s.2p2.(4P).3s""","=""5P""","=""2""","=""2s.2p2.(4P).3p""","=""5D*""","=""3""",5,7,,"=""T5520LS""","=""""",
"=""553.690""","=""553.6884""","=""285""","=""6.04e+07""",C+,"=""25.506626""","=""27.745867""","=""2s.2p2.(4P).3s""","=""5P""","=""3""","=""2s.2p2.(4P).3p""","=""5D*""","=""4""",7,9,,"=""T5520LS""","=""L3513""",
"=""""","=""553.6921""","=""""","=""4.53e+07""",C+,"=""25.490900""","=""27.730126""","=""2s.2p2.(4P).3s""","=""5P""","=""1""","=""2s.2p2.(4P).3p""","=""5D*""","=""1""",3,3,,"=""T5520LS""","=""""",
"=""""","=""554.1600""","=""""","=""6.03e+07""",C+,"=""25.490900""","=""27.728235""","=""2s.2p2.(4P).3s""","=""5P""","=""1""","=""2s.2p2.(4P).3p""","=""5D*""","=""0""",3,1,,"=""T5520LS""","=""""",
"=""""","=""554.5011""","=""""","=""3.51e+07""",C+,"=""25.497874""","=""27.733833""","=""2s.2p2.(4P).3s""","=""5P""","=""2""","=""2s.2p2.(4P).3p""","=""5D*""","=""2""",5,5,,"=""T5520LS""","=""""",
"=""""","=""555.3464""","=""""","=""2.00e+07""",C+,"=""25.506626""","=""27.739182""","=""2s.2p2.(4P).3s""","=""5P""","=""3""","=""2s.2p2.(4P).3p""","=""5D*""","=""3""",7,7,,"=""T5520LS""","=""""",
"=""""","=""555.4219""","=""""","=""1.50e+07""",C+,"=""25.497874""","=""27.730126""","=""2s.2p2.(4P).3s""","=""5P""","=""2""","=""2s.2p2.(4P).3p""","=""5D*""","=""1""",5,3,,"=""T5520LS""","=""""",
"=""""","=""556.6800""","=""""","=""3.97e+06""",C+,"=""25.506626""","=""27.733833""","=""2s.2p2.(4P).3s""","=""5P""","=""3""","=""2s.2p2.(4P).3p""","=""5D*""","=""2""",7,5,,"=""T5520LS""","=""""",
"=""""","=""559.0146""","=""""","=""2.90e+04""",D,"=""23.242271""","=""25.460177""","=""2s2.2p.3d""","=""3D*""","=""2""","=""2s2.2p.4p""","=""1D""","=""2""",5,5,,"=""T6385""","=""""",
"=""""","=""563.328""","=""""","=""1.18e+07""",B,"=""25.460177""","=""27.661100""","=""2s2.2p.4p""","=""1D""","=""2""","=""2s2.2p.6s""","=""1P*""","=""1""",5,3,,"=""T5520""","=""""",
"=""566.820""","=""566.820""","=""650""","=""3.45e+07""",A,"=""18.466228""","=""20.653592""","=""2s2.2p.3s""","=""3P*""","=""1""","=""2s2.2p.3p""","=""3D""","=""2""",3,5,,"=""T7333""","=""L3513""",
"=""""","=""567.557""","=""""","=""4.82e+01""",B,"=""20.939965""","=""23.124489""","=""2s2.2p.3p""","=""3S""","=""1""","=""2s2.2p.3d""","=""3F*""","=""2""",3,5,,"=""T7333""","=""""",
"=""567.760""","=""567.759""","=""550""","=""2.80e+07""",A,"=""18.462312""","=""20.646058""","=""2s2.2p.3s""","=""3P*""","=""0""","=""2s2.2p.3p""","=""3D""","=""1""",1,3,,"=""T7333""","=""L3513""",
"=""568.114""","=""568.113""","=""870""","=""4.96e+07""",A,"=""18.483133""","=""20.665518""","=""2s2.2p.3s""","=""3P*""","=""2""","=""2s2.2p.3p""","=""3D""","=""3""",5,7,,"=""T7333""","=""L3513""",
"=""568.779""","=""568.779""","=""450""","=""1.78e+07""",A,"=""18.466228""","=""20.646058""","=""2s2.2p.3s""","=""3P*""","=""1""","=""2s2.2p.3p""","=""3D""","=""1""",3,3,,"=""T7333""","=""L3513""",
"=""571.235""","=""571.235""","=""450""","=""1.17e+07""",A,"=""18.483133""","=""20.653592""","=""2s2.2p.3s""","=""3P*""","=""2""","=""2s2.2p.3p""","=""3D""","=""2""",5,5,,"=""T7333""","=""L3513""",
"=""""","=""573.225""","=""""","=""1.26e+06""",A,"=""18.483133""","=""20.646058""","=""2s2.2p.3s""","=""3P*""","=""2""","=""2s2.2p.3p""","=""3D""","=""1""",5,3,,"=""T7333""","=""""",
"=""574.889""","=""574.889""","=""285""","=""3.27e+06""",B+,"=""18.496930""","=""20.653592""","=""2s2.2p.3s""","=""1P*""","=""1""","=""2s2.2p.3p""","=""3D""","=""2""",3,5,,"=""T7333""","=""L3513""",
"=""""","=""575.619""","=""""","=""1.14e+00""",C,"=""1.89897""","=""4.05289""","=""2s2.2p2""","=""1D""","=""2""","=""2s2.2p2""","=""1S""","=""0""",5,1,E2,"=""T7333""","=""""",
"=""""","=""576.905""","=""""","=""2.39e+06""",B+,"=""18.496930""","=""20.646058""","=""2s2.2p.3s""","=""1P*""","=""1""","=""2s2.2p.3p""","=""3D""","=""1""",3,3,,"=""T7333""","=""""",
"=""""","=""588.914""","=""""","=""2.78e-03""",C,"=""11.43596""","=""13.54126""","=""2s.2p3""","=""3D*""","=""3""","=""2s.2p3""","=""3P*""","=""2""",7,5,M1,"=""T7333""","=""""",
"=""""","=""588.914""","=""""","=""4.27e-01""",C,"=""11.43596""","=""13.54126""","=""2s.2p3""","=""3D*""","=""3""","=""2s.2p3""","=""3P*""","=""2""",7,5,E2,"=""T7333""","=""""",
"=""""","=""588.949""","=""""","=""3.55e-01""",C,"=""11.43596""","=""13.54113""","=""2s.2p3""","=""3D*""","=""3""","=""2s.2p3""","=""3P*""","=""1""",7,3,E2,"=""T7333""","=""""",
"=""""","=""589.164""","=""""","=""7.60e-01""",C,"=""11.43758""","=""13.54199""","=""2s.2p3""","=""3D*""","=""2""","=""2s.2p3""","=""3P*""","=""0""",5,1,E2,"=""T7333""","=""""",
"=""""","=""589.216""","=""""","=""3.29e-03""",C,"=""11.43777""","=""13.54199""","=""2s.2p3""","=""3D*""","=""1""","=""2s.2p3""","=""3P*""","=""0""",3,1,M1,"=""T7333""","=""""",
"=""""","=""589.369""","=""""","=""1.98e-03""",C,"=""11.43758""","=""13.54126""","=""2s.2p3""","=""3D*""","=""2""","=""2s.2p3""","=""3P*""","=""2""",5,5,M1,"=""T7333""","=""""",
"=""""","=""589.369""","=""""","=""2.66e-01""",C,"=""11.43758""","=""13.54126""","=""2s.2p3""","=""3D*""","=""2""","=""2s.2p3""","=""3P*""","=""2""",5,5,E2,"=""T7333""","=""""",
"=""""","=""589.404""","=""""","=""6.32e-02""",C,"=""11.43758""","=""13.54113""","=""2s.2p3""","=""3D*""","=""2""","=""2s.2p3""","=""3P*""","=""1""",5,3,E2,"=""T7333""","=""""",
"=""""","=""589.421""","=""""","=""5.33e-04""",C,"=""11.43777""","=""13.54126""","=""2s.2p3""","=""3D*""","=""1""","=""2s.2p3""","=""3P*""","=""2""",3,5,M1,"=""T7333""","=""""",
"=""""","=""589.421""","=""""","=""6.83e-02""",C,"=""11.43777""","=""13.54126""","=""2s.2p3""","=""3D*""","=""1""","=""2s.2p3""","=""3P*""","=""2""",3,5,E2,"=""T7333""","=""""",
"=""""","=""589.456""","=""""","=""3.29e-03""",C,"=""11.43777""","=""13.54113""","=""2s.2p3""","=""3D*""","=""1""","=""2s.2p3""","=""3P*""","=""1""",3,3,M1,"=""T7333""","=""""",
"=""""","=""589.456""","=""""","=""3.41e-01""",C,"=""11.43777""","=""13.54113""","=""2s.2p3""","=""3D*""","=""1""","=""2s.2p3""","=""3P*""","=""1""",3,3,E2,"=""T7333""","=""""",
"=""""","=""589.478""","=""""","=""2.88e+07""",C+,"=""26.263284""","=""28.366572""","=""2s.2p2.(4P).3s""","=""3P""","=""2""","=""2s.2p2.(4P).3p""","=""3D*""","=""3""",5,7,,"=""T5520LS""","=""""",
"=""""","=""589.888""","=""""","=""2.16e+07""",C+,"=""26.257305""","=""28.359130""","=""2s.2p2.(4P).3s""","=""3P""","=""1""","=""2s.2p2.(4P).3p""","=""3D*""","=""2""",3,5,,"=""T5520LS""","=""""",
"=""""","=""590.146""","=""""","=""1.60e+07""",C+,"=""26.253573""","=""28.354479""","=""2s.2p2.(4P).3s""","=""3P""","=""0""","=""2s.2p2.(4P).3p""","=""3D*""","=""1""",1,3,,"=""T5520LS""","=""""",
"=""""","=""591.196""","=""""","=""1.19e+07""",C+,"=""26.257305""","=""28.354479""","=""2s.2p2.(4P).3s""","=""3P""","=""1""","=""2s.2p2.(4P).3p""","=""3D*""","=""1""",3,3,,"=""T5520LS""","=""""",
"=""""","=""591.571""","=""""","=""7.13e+06""",C+,"=""26.263284""","=""28.359130""","=""2s.2p2.(4P).3s""","=""3P""","=""2""","=""2s.2p2.(4P).3p""","=""3D*""","=""2""",5,5,,"=""T5520LS""","=""""",
"=""""","=""592.887""","=""""","=""7.87e+05""",C+,"=""26.263284""","=""28.354479""","=""2s.2p2.(4P).3s""","=""3P""","=""2""","=""2s.2p2.(4P).3p""","=""3D*""","=""1""",5,3,,"=""T5520LS""","=""""",
"=""592.945""","=""592.946""","=""360""","=""3.19e+07""",A,"=""21.148308""","=""23.239296""","=""2s2.2p.3p""","=""3P""","=""0""","=""2s2.2p.3d""","=""3D*""","=""1""",1,3,,"=""T7333""","=""L3513""",
"=""593.342""","=""593.343""","=""550""","=""4.23e+07""",A,"=""21.152682""","=""23.242271""","=""2s2.2p.3p""","=""3P""","=""1""","=""2s2.2p.3d""","=""3D*""","=""2""",3,5,,"=""T7333""","=""L3513""",
"=""594.189""","=""594.189""","=""285""","=""2.22e+07""",A,"=""21.152682""","=""23.239296""","=""2s2.2p.3p""","=""3P""","=""1""","=""2s2.2p.3d""","=""3D*""","=""1""",3,3,,"=""T7333""","=""L3513""",
"=""594.330""","=""594.330""","=""650""","=""5.47e+07""",A,"=""21.159916""","=""23.246033""","=""2s2.2p.3p""","=""3P""","=""2""","=""2s2.2p.3d""","=""3D*""","=""3""",5,7,,"=""T7333""","=""L3513""",
"=""595.404""","=""595.404""","=""285""","=""1.24e+07""",A,"=""21.159916""","=""23.242271""","=""2s2.2p.3p""","=""3P""","=""2""","=""2s2.2p.3d""","=""3D*""","=""2""",5,5,,"=""T7333""","=""L3513""",
"=""""","=""595.593""","=""""","=""4.94e+07""",B,"=""23.571906""","=""25.653600""","=""2s2.2p.3d""","=""1P*""","=""1""","=""2s2.2p.4p""","=""1S""","=""0""",3,1,,"=""T5520,T6385""","=""""",
"=""""","=""596.256""","=""""","=""1.29e+06""",A,"=""21.159916""","=""23.239296""","=""2s2.2p.3p""","=""3P""","=""2""","=""2s2.2p.3d""","=""3D*""","=""1""",5,3,,"=""T7333""","=""""",
"=""""","=""599.233""","=""""","=""1.56e+04""",D,"=""23.131853""","=""25.200902""","=""2s2.2p.3d""","=""3F*""","=""3""","=""2s2.2p.4p""","=""3P""","=""2""",7,5,,"=""T6385""","=""""",
"=""""","=""606.325""","=""""","=""1.14e+04""",D,"=""23.415330""","=""25.460177""","=""2s2.2p.3d""","=""3P*""","=""2""","=""2s2.2p.4p""","=""1D""","=""2""",5,5,,"=""T6385""","=""""",
"=""""","=""606.668""","=""""","=""2.57e+05""",B,"=""21.152682""","=""23.196374""","=""2s2.2p.3p""","=""3P""","=""1""","=""2s2.2p.3d""","=""1D*""","=""2""",3,5,,"=""T7333""","=""""",
"=""""","=""608.823""","=""""","=""5.87e+03""",B,"=""21.159916""","=""23.196374""","=""2s2.2p.3p""","=""3P""","=""2""","=""2s2.2p.3d""","=""1D*""","=""2""",5,5,,"=""T7333""","=""""",
"=""""","=""611.629""","=""""","=""4.76e+04""",C+,"=""23.124489""","=""25.151603""","=""2s2.2p.3d""","=""3F*""","=""2""","=""2s2.2p.4p""","=""3D""","=""3""",5,7,,"=""T6385n""","=""""",
"=""""","=""613.859""","=""""","=""1.90e+06""",C+,"=""23.131853""","=""25.151603""","=""2s2.2p.3d""","=""3F*""","=""3""","=""2s2.2p.4p""","=""3D""","=""3""",7,7,,"=""T6385n""","=""""",
"=""""","=""615.245""","=""""","=""2.89e+06""",C+,"=""23.124489""","=""25.139688""","=""2s2.2p.3d""","=""3F*""","=""2""","=""2s2.2p.4p""","=""3D""","=""2""",5,5,,"=""T6385n""","=""""",
"=""616.947""","=""616.946""","=""285""","=""2.65e+07""",C+,"=""23.141959""","=""25.151603""","=""2s2.2p.3d""","=""3F*""","=""4""","=""2s2.2p.4p""","=""3D""","=""3""",9,7,,"=""T6385n""","=""L3513""",
"=""""","=""617.187""","=""""","=""2.85e+07""",C+,"=""23.124489""","=""25.133348""","=""2s2.2p.3d""","=""3F*""","=""2""","=""2s2.2p.4p""","=""3D""","=""1""",5,3,,"=""T6385n""","=""""",
"=""""","=""617.502""","=""""","=""2.62e+07""",C+,"=""23.131853""","=""25.139688""","=""2s2.2p.3d""","=""3F*""","=""3""","=""2s2.2p.4p""","=""3D""","=""2""",7,5,,"=""T6385n""","=""""",
"=""""","=""617.605""","=""""","=""1.40e+06""",B,"=""25.653600""","=""27.661100""","=""2s2.2p.4p""","=""1S""","=""0""","=""2s2.2p.6s""","=""1P*""","=""1""",1,3,,"=""T5520""","=""""",
"=""""","=""621.114""","=""""","=""9.84e+04""",D,"=""23.239296""","=""25.235454""","=""2s2.2p.3d""","=""3D*""","=""1""","=""2s2.2p.4p""","=""3S""","=""1""",3,3,,"=""T6385""","=""""",
"=""""","=""621.208""","=""""","=""1.66e+04""",D,"=""23.196374""","=""25.192229""","=""2s2.2p.3d""","=""1D*""","=""2""","=""2s2.2p.4p""","=""3P""","=""1""",5,3,,"=""T6385""","=""""",
"=""""","=""622.041""","=""""","=""2.83e+05""",D,"=""23.242271""","=""25.235454""","=""2s2.2p.3d""","=""3D*""","=""2""","=""2s2.2p.4p""","=""3S""","=""1""",5,3,,"=""T6385""","=""""",
"=""""","=""624.414""","=""""","=""3.03e+07""",B,"=""23.474568""","=""25.460177""","=""2s2.2p.3d""","=""1F*""","=""3""","=""2s2.2p.4p""","=""1D""","=""2""",7,5,,"=""T5520,T6385""","=""""",
"=""""","=""628.606""","=""""","=""4.63e+06""",D,"=""21.599539""","=""23.571906""","=""2s2.2p.3p""","=""1D""","=""2""","=""2s2.2p.3d""","=""1P*""","=""1""",5,3,,"=""T7333""","=""""",
"=""""","=""628.743""","=""""","=""1.10e+05""",A,"=""21.159916""","=""23.131853""","=""2s2.2p.3p""","=""3P""","=""2""","=""2s2.2p.3d""","=""3F*""","=""3""",5,7,,"=""T7333""","=""""",
"=""""","=""628.785""","=""""","=""4.50e+04""",A,"=""21.152682""","=""23.124489""","=""2s2.2p.3p""","=""3P""","=""1""","=""2s2.2p.3d""","=""3F*""","=""2""",3,5,,"=""T7333""","=""""",
"=""""","=""631.100""","=""""","=""1.71e+04""",A,"=""21.159916""","=""23.124489""","=""2s2.2p.3p""","=""3P""","=""2""","=""2s2.2p.3d""","=""3F*""","=""2""",5,5,,"=""T7333""","=""""",
"=""""","=""632.055""","=""""","=""3.02e+05""",B,"=""23.239296""","=""25.200902""","=""2s2.2p.3d""","=""3D*""","=""1""","=""2s2.2p.4p""","=""3P""","=""2""",3,5,,"=""T6385n""","=""""",
"=""""","=""633.015""","=""""","=""4.28e+06""",B,"=""23.242271""","=""25.200902""","=""2s2.2p.3d""","=""3D*""","=""2""","=""2s2.2p.4p""","=""3P""","=""2""",5,5,,"=""T6385n""","=""""",
"=""""","=""633.255""","=""""","=""1.39e+06""",B,"=""25.460177""","=""27.418065""","=""2s2.2p.4p""","=""1D""","=""2""","=""2s2.2p.5d""","=""1F*""","=""3""",5,7,,"=""T5520""","=""""",
"=""""","=""634.233""","=""""","=""2.13e+07""",B,"=""23.246033""","=""25.200902""","=""2s2.2p.3d""","=""3D*""","=""3""","=""2s2.2p.4p""","=""3P""","=""2""",7,5,,"=""T6385n""","=""""",
"=""""","=""634.861""","=""""","=""6.93e+06""",B,"=""23.239296""","=""25.192229""","=""2s2.2p.3d""","=""3D*""","=""1""","=""2s2.2p.4p""","=""3P""","=""1""",3,3,,"=""T6385n""","=""""",
"=""""","=""635.830""","=""""","=""1.92e+07""",B,"=""23.242271""","=""25.192229""","=""2s2.2p.3d""","=""3D*""","=""2""","=""2s2.2p.4p""","=""3P""","=""1""",5,3,,"=""T6385n""","=""""",
"=""""","=""635.933""","=""""","=""2.68e+07""",B,"=""23.239296""","=""25.188937""","=""2s2.2p.3d""","=""3D*""","=""1""","=""2s2.2p.4p""","=""3P""","=""0""",3,1,,"=""T6385n""","=""""",
"=""""","=""636.855""","=""""","=""8.14e+03""",B,"=""18.462312""","=""20.409133""","=""2s2.2p.3s""","=""3P*""","=""0""","=""2s2.2p.3p""","=""1P""","=""1""",1,3,,"=""T7333""","=""""",
"=""638.138""","=""638.138""","=""360""","=""3.52e+06""",B,"=""18.466228""","=""20.409133""","=""2s2.2p.3s""","=""3P*""","=""1""","=""2s2.2p.3p""","=""1P""","=""1""",3,3,,"=""T7333""","=""L3513""",
"=""""","=""638.608""","=""""","=""7.86e+05""",D,"=""23.124489""","=""25.065964""","=""2s2.2p.3d""","=""3F*""","=""2""","=""2s2.2p.4p""","=""1P""","=""1""",5,3,,"=""T6385""","=""""",
"=""""","=""640.092""","=""""","=""9.48e+05""",D,"=""23.196374""","=""25.133348""","=""2s2.2p.3d""","=""1D*""","=""2""","=""2s2.2p.4p""","=""3D""","=""1""",5,3,,"=""T6385""","=""""",
"=""""","=""643.521""","=""""","=""1.22e+04""",D,"=""19.233263""","=""21.159916""","=""2s.2p3""","=""3S*""","=""1""","=""2s2.2p.3p""","=""3P""","=""2""",3,5,,"=""T7333""","=""""",
"=""""","=""643.739""","=""""","=""9.62e+00""",E,"=""18.483133""","=""20.409133""","=""2s2.2p.3s""","=""3P*""","=""2""","=""2s2.2p.3p""","=""1P""","=""1""",5,3,,"=""u24""","=""""",
"=""""","=""645.946""","=""""","=""1.17e+04""",D,"=""19.233263""","=""21.152682""","=""2s.2p3""","=""3S*""","=""1""","=""2s2.2p.3p""","=""3P""","=""1""",3,3,,"=""T7333""","=""""",
"=""""","=""647.422""","=""""","=""1.13e+04""",D,"=""19.233263""","=""21.148308""","=""2s.2p3""","=""3S*""","=""1""","=""2s2.2p.3p""","=""3P""","=""0""",3,1,,"=""T7333""","=""""",
"=""648.384""","=""648.384""","=""750""","=""2.58e+07""",B+,"=""18.496930""","=""20.409133""","=""2s2.2p.3s""","=""1P*""","=""1""","=""2s2.2p.3p""","=""1P""","=""1""",3,3,,"=""T7333""","=""L3513""",
"=""""","=""649.359""","=""""","=""5.49e+05""",B,"=""23.242271""","=""25.151603""","=""2s2.2p.3d""","=""3D*""","=""2""","=""2s2.2p.4p""","=""3D""","=""3""",5,7,,"=""T6385n""","=""""",
"=""""","=""650.641""","=""""","=""5.33e+06""",B,"=""23.246033""","=""25.151603""","=""2s2.2p.3d""","=""3D*""","=""3""","=""2s2.2p.4p""","=""3D""","=""3""",7,7,,"=""T6385n""","=""""",
"=""""","=""652.414""","=""""","=""7.03e+05""",B,"=""23.239296""","=""25.139688""","=""2s2.2p.3d""","=""3D*""","=""1""","=""2s2.2p.4p""","=""3D""","=""2""",3,5,,"=""T6385n""","=""""",
"=""""","=""652.903""","=""""","=""5.25e-07""",D,"=""0.00000""","=""1.89897""","=""2s2.2p2""","=""3P""","=""0""","=""2s2.2p2""","=""1D""","=""2""",1,5,E2,"=""T7333""","=""""",
"=""""","=""653.437""","=""""","=""3.66e+06""",B,"=""23.242271""","=""25.139688""","=""2s2.2p.3d""","=""3D*""","=""2""","=""2s2.2p.4p""","=""3D""","=""2""",5,5,,"=""T6385n""","=""""",
"=""""","=""654.598""","=""""","=""3.59e+06""",B,"=""23.239296""","=""25.133348""","=""2s2.2p.3d""","=""3D*""","=""1""","=""2s2.2p.4p""","=""3D""","=""1""",3,3,,"=""T6385n""","=""""",
"=""""","=""654.735""","=""""","=""1.07e+06""",B,"=""23.246033""","=""25.139688""","=""2s2.2p.3d""","=""3D*""","=""3""","=""2s2.2p.4p""","=""3D""","=""2""",7,5,,"=""T6385n""","=""""",
"=""""","=""654.986""","=""""","=""9.84e-04""",D,"=""0.00604""","=""1.89897""","=""2s2.2p2""","=""3P""","=""1""","=""2s2.2p2""","=""1D""","=""2""",3,5,M1,"=""T7333""","=""""",
"=""""","=""654.986""","=""""","=""9.22e-07""",D,"=""0.00604""","=""1.89897""","=""2s2.2p2""","=""3P""","=""1""","=""2s2.2p2""","=""1D""","=""2""",3,5,E2,"=""T7333""","=""""",
"=""""","=""655.628""","=""""","=""1.43e+06""",B,"=""23.242271""","=""25.133348""","=""2s2.2p.3d""","=""3D*""","=""2""","=""2s2.2p.4p""","=""3D""","=""1""",5,3,,"=""T6385n""","=""""",
"=""""","=""656.202""","=""""","=""7.05e+06""",D,"=""24.367883""","=""26.257305""","=""2s2.2p.4s""","=""3P*""","=""0""","=""2s.2p2.(4P).3s""","=""3P""","=""1""",1,3,,"=""T6385n""","=""""",
"=""""","=""656.357""","=""""","=""5.25e+06""",D,"=""24.374310""","=""26.263284""","=""2s2.2p.4s""","=""3P*""","=""1""","=""2s.2p2.(4P).3s""","=""3P""","=""2""",3,5,,"=""T6385n""","=""""",
"=""""","=""656.601""","=""""","=""4.77e+06""",D,"=""23.571906""","=""25.460177""","=""2s2.2p.3d""","=""1P*""","=""1""","=""2s2.2p.4p""","=""1D""","=""2""",3,5,,"=""T5520,T6385""","=""""",
"=""""","=""658.441""","=""""","=""5.26e+06""",D,"=""24.374310""","=""26.257305""","=""2s2.2p.4s""","=""3P*""","=""1""","=""2s.2p2.(4P).3s""","=""3P""","=""1""",3,3,,"=""T6385n""","=""""",
"=""""","=""658.527""","=""""","=""2.91e-03""",D,"=""0.01622""","=""1.89897""","=""2s2.2p2""","=""3P""","=""2""","=""2s2.2p2""","=""1D""","=""2""",5,5,M1,"=""T7333""","=""""",
"=""""","=""658.527""","=""""","=""8.65e-06""",D,"=""0.01622""","=""1.89897""","=""2s2.2p2""","=""3P""","=""2""","=""2s2.2p2""","=""1D""","=""2""",5,5,E2,"=""T7333""","=""""",
"=""""","=""659.749""","=""""","=""2.11e+07""",D,"=""24.374310""","=""26.253573""","=""2s2.2p.4s""","=""3P*""","=""1""","=""2s.2p2.(4P).3s""","=""3P""","=""0""",3,1,,"=""T6385n""","=""""",
"=""""","=""660.276""","=""""","=""1.86e+06""",B,"=""25.460177""","=""27.337940""","=""2s2.2p.4p""","=""1D""","=""2""","=""2s2.2p.5d""","=""1D*""","=""2""",5,5,,"=""T5520""","=""""",
"=""661.239""","=""661.239""","=""750""","=""6.01e+07""",B,"=""21.599539""","=""23.474568""","=""2s2.2p.3p""","=""1D""","=""2""","=""2s2.2p.3d""","=""1F*""","=""3""",5,7,,"=""T7333""","=""L3513""",
"=""""","=""661.545""","=""""","=""1.58e+07""",D,"=""24.389123""","=""26.263284""","=""2s2.2p.4s""","=""3P*""","=""2""","=""2s.2p2.(4P).3s""","=""3P""","=""2""",5,5,,"=""T6385n""","=""""",
"=""""","=""663.163""","=""""","=""2.69e+07""",C+,"=""23.196374""","=""25.065964""","=""2s2.2p.3d""","=""1D*""","=""2""","=""2s2.2p.4p""","=""1P""","=""1""",5,3,,"=""T5520,T6385""","=""""",
"=""""","=""663.662""","=""""","=""8.80e+06""",D,"=""24.389123""","=""26.257305""","=""2s2.2p.4s""","=""3P*""","=""2""","=""2s.2p2.(4P).3s""","=""3P""","=""1""",5,3,,"=""T6385n""","=""""",
"=""""","=""678.745""","=""""","=""9.41e+04""",D,"=""23.239296""","=""25.065964""","=""2s2.2p.3d""","=""3D*""","=""1""","=""2s2.2p.4p""","=""1P""","=""1""",3,3,,"=""T6385""","=""""",
"=""""","=""679.853""","=""""","=""8.37e+04""",D,"=""23.242271""","=""25.065964""","=""2s2.2p.3d""","=""3D*""","=""2""","=""2s2.2p.4p""","=""1P""","=""1""",5,3,,"=""T6385""","=""""",
"=""""","=""680.404""","=""""","=""1.43e+03""",D,"=""21.599539""","=""23.421752""","=""2s2.2p.3p""","=""1D""","=""2""","=""2s2.2p.3d""","=""3P*""","=""1""",5,3,,"=""T7333""","=""""",
"=""""","=""681.185""","=""""","=""2.31e+07""",B,"=""23.415330""","=""25.235454""","=""2s2.2p.3d""","=""3P*""","=""2""","=""2s2.2p.4p""","=""3S""","=""1""",5,3,,"=""T6385n""","=""""",
"=""""","=""682.811""","=""""","=""2.49e+04""",C+,"=""21.599539""","=""23.415330""","=""2s2.2p.3p""","=""1D""","=""2""","=""2s2.2p.3d""","=""3P*""","=""2""",5,5,,"=""T7333""","=""""",
"=""""","=""683.598""","=""""","=""1.63e+07""",B,"=""23.421752""","=""25.235454""","=""2s2.2p.3d""","=""3P*""","=""1""","=""2s2.2p.4p""","=""3S""","=""1""",3,3,,"=""T6385n""","=""""",
"=""""","=""684.912""","=""""","=""5.89e+06""",B,"=""23.425232""","=""25.235454""","=""2s2.2p.3d""","=""3P*""","=""0""","=""2s2.2p.4p""","=""3S""","=""1""",1,3,,"=""T6385n""","=""""",
"=""""","=""685.892""","=""""","=""2.53e+07""",C+,"=""28.496399""","=""30.304034""","=""2s.2p2.(4P).3p""","=""5S*""","=""2""","=""2s.2p2.(4P).3d""","=""5P""","=""1""",5,3,,"=""T5520LS""","=""""",
"=""""","=""687.147""","=""""","=""2.51e+07""",C+,"=""28.496399""","=""30.300731""","=""2s.2p2.(4P).3p""","=""5S*""","=""2""","=""2s.2p2.(4P).3d""","=""5P""","=""2""",5,5,,"=""T5520LS""","=""""",
"=""""","=""688.973""","=""""","=""2.49e+07""",C+,"=""28.496399""","=""30.295949""","=""2s.2p2.(4P).3p""","=""5S*""","=""2""","=""2s.2p2.(4P).3d""","=""5P""","=""3""",5,7,,"=""T5520LS""","=""""",
"=""""","=""694.367""","=""""","=""2.81e+06""",B,"=""23.415330""","=""25.200902""","=""2s2.2p.3d""","=""3P*""","=""2""","=""2s2.2p.4p""","=""3P""","=""2""",5,5,,"=""T6385n""","=""""",
"=""""","=""696.873""","=""""","=""1.12e+06""",B,"=""23.421752""","=""25.200902""","=""2s2.2p.3d""","=""3P*""","=""1""","=""2s2.2p.4p""","=""3P""","=""2""",3,5,,"=""T6385n""","=""""",
"=""""","=""697.548""","=""""","=""2.62e+06""",B,"=""25.653600""","=""27.431029""","=""2s2.2p.4p""","=""1S""","=""0""","=""2s2.2p.5d""","=""1P*""","=""1""",1,3,,"=""T5520""","=""""",
"=""""","=""697.756""","=""""","=""3.42e+06""",B,"=""23.415330""","=""25.192229""","=""2s2.2p.3d""","=""3P*""","=""2""","=""2s2.2p.4p""","=""3P""","=""1""",5,3,,"=""T6385n""","=""""",
"=""""","=""700.287""","=""""","=""9.82e+04""",B,"=""23.421752""","=""25.192229""","=""2s2.2p.3d""","=""3P*""","=""1""","=""2s2.2p.4p""","=""3P""","=""1""",3,3,,"=""T6385n""","=""""",
"=""""","=""701.591""","=""""","=""3.00e+06""",B,"=""23.421752""","=""25.188937""","=""2s2.2p.3d""","=""3P*""","=""1""","=""2s2.2p.4p""","=""3P""","=""0""",3,1,,"=""T6385n""","=""""",
"=""""","=""701.666""","=""""","=""5.83e+05""",B,"=""23.425232""","=""25.192229""","=""2s2.2p.3d""","=""3P*""","=""0""","=""2s2.2p.4p""","=""3P""","=""1""",1,3,,"=""T6385n""","=""""",
"=""""","=""714.082""","=""""","=""2.33e+06""",C,"=""23.415330""","=""25.151603""","=""2s2.2p.3d""","=""3P*""","=""2""","=""2s2.2p.4p""","=""3D""","=""3""",5,7,,"=""T6385n""","=""""",
"=""""","=""715.872""","=""""","=""2.27e+04""",D,"=""24.531351""","=""26.263284""","=""2s2.2p.4s""","=""1P*""","=""1""","=""2s.2p2.(4P).3s""","=""3P""","=""2""",3,5,,"=""T6385""","=""""",
"=""""","=""718.352""","=""""","=""2.06e+04""",D,"=""24.531351""","=""26.257305""","=""2s2.2p.4s""","=""1P*""","=""1""","=""2s.2p2.(4P).3s""","=""3P""","=""1""",3,3,,"=""T6385""","=""""",
"=""""","=""719.016""","=""""","=""6.34e+05""",C,"=""23.415330""","=""25.139688""","=""2s2.2p.3d""","=""3P*""","=""2""","=""2s2.2p.4p""","=""3D""","=""2""",5,5,,"=""T6385n""","=""""",
"=""""","=""719.908""","=""""","=""9.98e+04""",D,"=""24.531351""","=""26.253573""","=""2s2.2p.4s""","=""1P*""","=""1""","=""2s.2p2.(4P).3s""","=""3P""","=""0""",3,1,,"=""T6385""","=""""",
"=""""","=""721.670""","=""""","=""9.03e+04""",C,"=""23.415330""","=""25.133348""","=""2s2.2p.3d""","=""3P*""","=""2""","=""2s2.2p.4p""","=""3D""","=""1""",5,3,,"=""T6385n""","=""""",
"=""""","=""721.704""","=""""","=""1.52e+06""",C,"=""23.421752""","=""25.139688""","=""2s2.2p.3d""","=""3P*""","=""1""","=""2s2.2p.4p""","=""3D""","=""2""",3,5,,"=""T6385n""","=""""",
"=""""","=""724.378""","=""""","=""8.38e+05""",C,"=""23.421752""","=""25.133348""","=""2s2.2p.3d""","=""3P*""","=""1""","=""2s2.2p.4p""","=""3D""","=""1""",3,3,,"=""T6385n""","=""""",
"=""""","=""725.854""","=""""","=""1.10e+06""",C,"=""23.425232""","=""25.133348""","=""2s2.2p.3d""","=""3P*""","=""0""","=""2s2.2p.4p""","=""3D""","=""1""",1,3,,"=""T6385n""","=""""",
"=""""","=""726.455""","=""""","=""1.42e+01""",D,"=""19.233263""","=""20.939965""","=""2s.2p3""","=""3S*""","=""1""","=""2s2.2p.3p""","=""3S""","=""1""",3,3,,"=""T7333""","=""""",
"=""""","=""745.300""","=""""","=""2.29e+04""",D,"=""23.571906""","=""25.235454""","=""2s2.2p.3d""","=""1P*""","=""1""","=""2s2.2p.4p""","=""3S""","=""1""",3,3,,"=""T6385""","=""""",
"=""""","=""753.019""","=""""","=""6.61e+03""",B,"=""21.599539""","=""23.246033""","=""2s2.2p.3p""","=""1D""","=""2""","=""2s2.2p.3d""","=""3D*""","=""3""",5,7,,"=""T7333""","=""""",
"=""""","=""754.065""","=""""","=""4.66e+04""",D,"=""23.421752""","=""25.065964""","=""2s2.2p.3d""","=""3P*""","=""1""","=""2s2.2p.4p""","=""1P""","=""1""",3,3,,"=""T6385""","=""""",
"=""""","=""754.744""","=""""","=""4.53e+04""",C,"=""21.599539""","=""23.242271""","=""2s2.2p.3p""","=""1D""","=""2""","=""2s2.2p.3d""","=""3D*""","=""2""",5,5,,"=""T7333""","=""""",
"=""""","=""755.664""","=""""","=""2.52e+03""",D,"=""23.425232""","=""25.065964""","=""2s2.2p.3d""","=""3P*""","=""0""","=""2s2.2p.4p""","=""1P""","=""1""",1,3,,"=""T6385""","=""""",
"=""""","=""756.113""","=""""","=""1.90e+03""",D,"=""21.599539""","=""23.239296""","=""2s2.2p.3p""","=""1D""","=""2""","=""2s2.2p.3d""","=""3D*""","=""1""",5,3,,"=""T7333""","=""""",
"=""""","=""765.182""","=""""","=""1.53e+04""",D,"=""23.571906""","=""25.192229""","=""2s2.2p.3d""","=""1P*""","=""1""","=""2s2.2p.4p""","=""3P""","=""1""",3,3,,"=""T6385""","=""""",
"=""776.438""","=""776.437""","=""450""","=""8.49e+06""",B,"=""21.599539""","=""23.196374""","=""2s2.2p.3p""","=""1D""","=""2""","=""2s2.2p.3d""","=""1D*""","=""2""",5,5,,"=""T7333""","=""L3513""",
"=""""","=""789.980""","=""""","=""2.27e+07""",B,"=""25.065964""","=""26.635424""","=""2s2.2p.4p""","=""1P""","=""1""","=""2s2.2p.5s""","=""1P*""","=""1""",3,3,,"=""T5520""","=""""",
"=""""","=""790.825""","=""""","=""4.22e+03""",D,"=""23.571906""","=""25.139688""","=""2s2.2p.3d""","=""1P*""","=""1""","=""2s2.2p.4p""","=""3D""","=""2""",3,5,,"=""T6385""","=""""",
"=""""","=""794.036""","=""""","=""4.45e+04""",D,"=""23.571906""","=""25.133348""","=""2s2.2p.3d""","=""1P*""","=""1""","=""2s2.2p.4p""","=""3D""","=""1""",3,3,,"=""T6385""","=""""",
"=""""","=""809.130""","=""""","=""1.01e+04""",C+,"=""21.599539""","=""23.131853""","=""2s2.2p.3p""","=""1D""","=""2""","=""2s2.2p.3d""","=""3F*""","=""3""",5,7,,"=""T7333""","=""""",
"=""""","=""813.038""","=""""","=""5.55e+04""",C+,"=""21.599539""","=""23.124489""","=""2s2.2p.3p""","=""1D""","=""2""","=""2s2.2p.3d""","=""3F*""","=""2""",5,5,,"=""T7333""","=""""",
"=""""","=""829.849""","=""""","=""2.32e+06""",B,"=""23.571906""","=""25.065964""","=""2s2.2p.3d""","=""1P*""","=""1""","=""2s2.2p.4p""","=""1P""","=""1""",3,3,,"=""T5520,T6385""","=""""",
"=""844.106""","=""844.106""","=""550""","=""1.91e+07""",B,"=""22.103082""","=""23.571906""","=""2s2.2p.3p""","=""1S""","=""0""","=""2s2.2p.3d""","=""1P*""","=""1""",1,3,,"=""T7333""","=""L3513""",
"=""""","=""856.897""","=""""","=""3.16e+05""",C+,"=""25.133348""","=""26.580245""","=""2s2.2p.4p""","=""3D""","=""1""","=""2s2.2p.5s""","=""3P*""","=""2""",3,5,,"=""T5520LS""","=""""",
"=""""","=""860.669""","=""""","=""4.67e+06""",C+,"=""25.139688""","=""26.580245""","=""2s2.2p.4p""","=""3D""","=""2""","=""2s2.2p.5s""","=""3P*""","=""2""",5,5,,"=""T5520LS""","=""""",
"=""""","=""866.283""","=""""","=""7.64e+06""",C+,"=""25.133348""","=""26.564568""","=""2s2.2p.4p""","=""3D""","=""1""","=""2s2.2p.5s""","=""3P*""","=""1""",3,3,,"=""T5520LS""","=""""",
"=""867.846""","=""867.847""","=""220""","=""2.55e+07""",C+,"=""25.151603""","=""26.580245""","=""2s2.2p.4p""","=""3D""","=""3""","=""2s2.2p.5s""","=""3P*""","=""2""",7,5,,"=""T5520LS""","=""L3513""",
"=""868.982""","=""868.982""","=""110""","=""1.16e+06""",D,"=""20.676307""","=""22.103082""","=""2s.2p3""","=""1P*""","=""1""","=""2s2.2p.3p""","=""1S""","=""0""",3,1,,"=""T7333""","=""L3513""",
"=""""","=""869.729""","=""""","=""3.02e+07""",C+,"=""25.133348""","=""26.558898""","=""2s2.2p.4p""","=""3D""","=""1""","=""2s2.2p.5s""","=""3P*""","=""0""",3,1,,"=""T5520LS""","=""""",
"=""870.139""","=""870.138""","=""110w""","=""2.26e+07""",C+,"=""25.139688""","=""26.564568""","=""2s2.2p.4p""","=""3D""","=""2""","=""2s2.2p.5s""","=""3P*""","=""1""",5,3,,"=""T5520LS""","=""L3513""",
"=""871.293""","=""""","=""160w""","=""""",,"=""""","=""""","=""""","=""""","=""""","=""""","=""""","=""""",1,1,,"=""""","=""L3513""",
"=""""","=""883.418""","=""""","=""8.42e+05""",C+,"=""26.253573""","=""27.657034""","=""2s.2p2.(4P).3s""","=""3P""","=""0""","=""2s.2p2.(4P).3p""","=""3S*""","=""1""",1,3,,"=""T5520LS""","=""""",
"=""""","=""885.773""","=""""","=""2.51e+06""",C+,"=""26.257305""","=""27.657034""","=""2s.2p2.(4P).3s""","=""3P""","=""1""","=""2s.2p2.(4P).3p""","=""3S*""","=""1""",3,3,,"=""T5520LS""","=""""",
"=""""","=""889.573""","=""""","=""4.12e+06""",C+,"=""26.263284""","=""27.657034""","=""2s.2p2.(4P).3s""","=""3P""","=""2""","=""2s.2p2.(4P).3p""","=""3S*""","=""1""",5,3,,"=""T5520LS""","=""""",
"=""""","=""893.248""","=""""","=""4.83e+06""",C+,"=""25.192229""","=""26.580245""","=""2s2.2p.4p""","=""3P""","=""1""","=""2s2.2p.5s""","=""3P*""","=""2""",3,5,,"=""T5520LS""","=""""",
"=""""","=""898.864""","=""""","=""1.42e+07""",C+,"=""25.200902""","=""26.580245""","=""2s2.2p.4p""","=""3P""","=""2""","=""2s2.2p.5s""","=""3P*""","=""2""",5,5,,"=""T5520LS""","=""""",
"=""""","=""901.290""","=""""","=""6.27e+06""",C+,"=""25.188937""","=""26.564568""","=""2s2.2p.4p""","=""3P""","=""0""","=""2s2.2p.5s""","=""3P*""","=""1""",1,3,,"=""T5520LS""","=""""",
"=""""","=""903.452""","=""""","=""4.67e+06""",C+,"=""25.192229""","=""26.564568""","=""2s2.2p.4p""","=""3P""","=""1""","=""2s2.2p.5s""","=""3P*""","=""1""",3,3,,"=""T5520LS""","=""""",
"=""""","=""907.200""","=""""","=""1.85e+07""",C+,"=""25.192229""","=""26.558898""","=""2s2.2p.4p""","=""3P""","=""1""","=""2s2.2p.5s""","=""3P*""","=""0""",3,1,,"=""T5520LS""","=""""",
"=""""","=""909.198""","=""""","=""7.64e+06""",C+,"=""25.200902""","=""26.564568""","=""2s2.2p.4p""","=""3P""","=""2""","=""2s2.2p.5s""","=""3P*""","=""1""",5,3,,"=""T5520LS""","=""""",
"=""""","=""921.959""","=""""","=""4.07e+06""",C+,"=""25.235454""","=""26.580245""","=""2s2.2p.4p""","=""3S""","=""1""","=""2s2.2p.5s""","=""3P*""","=""2""",3,5,,"=""T5520LS""","=""""",
"=""""","=""932.833""","=""""","=""3.93e+06""",C+,"=""25.235454""","=""26.564568""","=""2s2.2p.4p""","=""3S""","=""1""","=""2s2.2p.5s""","=""3P*""","=""1""",3,3,,"=""T5520LS""","=""""",
"=""""","=""936.830""","=""""","=""3.88e+06""",C+,"=""25.235454""","=""26.558898""","=""2s2.2p.4p""","=""3S""","=""1""","=""2s2.2p.5s""","=""3P*""","=""0""",3,1,,"=""T5520LS""","=""""",
"=""""","=""940.222""","=""""","=""1.04e+04""",B,"=""22.103082""","=""23.421752""","=""2s2.2p.3p""","=""1S""","=""0""","=""2s2.2p.3d""","=""3P*""","=""1""",1,3,,"=""T7333""","=""""",
"=""""","=""969.164""","=""""","=""5.12e+04""",D,"=""24.374310""","=""25.653600""","=""2s2.2p.4s""","=""3P*""","=""1""","=""2s2.2p.4p""","=""1S""","=""0""",3,1,,"=""T6385""","=""""",
"=""986.812""","=""""","=""160w""","=""""",,"=""""","=""""","=""""","=""""","=""""","=""""","=""""","=""""",1,1,,"=""""","=""L3513""",
"=""987.092""","=""""","=""110w""","=""""",,"=""""","=""""","=""""","=""""","=""""","=""""","=""""","=""""",1,1,,"=""""","=""L3513""",
"=""989.010""","=""""","=""160w""","=""""",,"=""""","=""""","=""""","=""""","=""""","=""""","=""""","=""""",1,1,,"=""""","=""L3513""",
"=""989.380""","=""""","=""220w""","=""""",,"=""""","=""""","=""""","=""""","=""""","=""""","=""""","=""""",1,1,,"=""""","=""L3513""",
"=""996.459""","=""""","=""160w""","=""""",,"=""""","=""""","=""""","=""""","=""""","=""""","=""""","=""""",1,1,,"=""""","=""L3513""",
"=""997.207""","=""""","=""220w""","=""""",,"=""""","=""""","=""""","=""""","=""""","=""""","=""""","=""""",1,1,,"=""""","=""L3513""",
"=""1002.602""","=""""","=""285w""","=""""",,"=""""","=""""","=""""","=""""","=""""","=""""","=""""","=""""",1,1,,"=""""","=""L3513""",
"=""1003.820""","=""""","=""220w""","=""""",,"=""""","=""""","=""""","=""""","=""""","=""""","=""""","=""""",1,1,,"=""""","=""L3513""",
"=""1006.791""","=""""","=""220w""","=""""",,"=""""","=""""","=""""","=""""","=""""","=""""","=""""","=""""",1,1,,"=""""","=""L3513""",
"=""1007.288""","=""""","=""160w""","=""""",,"=""""","=""""","=""""","=""""","=""""","=""""","=""""","=""""",1,1,,"=""""","=""L3513""",
"=""1012.905""","=""""","=""110w""","=""""",,"=""""","=""""","=""""","=""""","=""""","=""""","=""""","=""""",1,1,,"=""""","=""L3513""",
"=""""","=""1054.404""","=""""","=""4.17e+02""",B,"=""19.233263""","=""20.409133""","=""2s.2p3""","=""3S*""","=""1""","=""2s2.2p.3p""","=""1P""","=""1""",3,3,,"=""T7333""","=""""",
"=""""","=""1054.964""","=""""","=""2.77e+07""",B,"=""25.460177""","=""26.635424""","=""2s2.2p.4p""","=""1D""","=""2""","=""2s2.2p.5s""","=""1P*""","=""1""",5,3,,"=""T5520""","=""""",
"=""""","=""1091.044""","=""""","=""1.32e+07""",B,"=""25.065964""","=""26.202344""","=""2s2.2p.4p""","=""1P""","=""1""","=""2s2.2p.4d""","=""1P*""","=""1""",3,3,,"=""T5520""","=""""",
"=""""","=""1091.205""","=""""","=""3.08e+03""",B,"=""22.103082""","=""23.239296""","=""2s2.2p.3p""","=""1S""","=""0""","=""2s2.2p.3d""","=""3D*""","=""1""",1,3,,"=""T7333""","=""""",
"=""""","=""1104.783""","=""""","=""2.24e+07""",B,"=""24.531351""","=""25.653600""","=""2s2.2p.4s""","=""1P*""","=""1""","=""2s2.2p.4p""","=""1S""","=""0""",3,1,,"=""T5520,T6385""","=""""",
"=""""","=""1141.799""","=""""","=""2.30e+04""",D,"=""24.374310""","=""25.460177""","=""2s2.2p.4s""","=""3P*""","=""1""","=""2s2.2p.4p""","=""1D""","=""2""",3,5,,"=""T6385""","=""""",
"=""""","=""1240.336""","=""""","=""2.12e+06""",C+,"=""25.133348""","=""26.132949""","=""2s2.2p.4p""","=""3D""","=""1""","=""2s2.2p.4d""","=""3P*""","=""0""",3,1,,"=""T5520LS""","=""""",
"=""""","=""1244.197""","=""""","=""5.26e+05""",C+,"=""25.133348""","=""26.129847""","=""2s2.2p.4p""","=""3D""","=""1""","=""2s2.2p.4d""","=""3P*""","=""1""",3,3,,"=""T5520LS""","=""""",
"=""""","=""1251.386""","=""""","=""2.07e+04""",C+,"=""25.133348""","=""26.124123""","=""2s2.2p.4p""","=""3D""","=""1""","=""2s2.2p.4d""","=""3P*""","=""2""",3,5,,"=""T5520LS""","=""""",
"=""""","=""1252.165""","=""""","=""1.55e+06""",C+,"=""25.139688""","=""26.129847""","=""2s2.2p.4p""","=""3D""","=""2""","=""2s2.2p.4d""","=""3P*""","=""1""",5,3,,"=""T5520LS""","=""""",
"=""""","=""1259.446""","=""""","=""3.04e+05""",C+,"=""25.139688""","=""26.124123""","=""2s2.2p.4p""","=""3D""","=""2""","=""2s2.2p.4d""","=""3P*""","=""2""",5,5,,"=""T5520LS""","=""""",
"=""""","=""1262.795""","=""""","=""2.84e+06""",B,"=""25.653600""","=""26.635424""","=""2s2.2p.4p""","=""1S""","=""0""","=""2s2.2p.5s""","=""1P*""","=""1""",1,3,,"=""T5520""","=""""",
"=""""","=""1274.876""","=""""","=""1.64e+06""",C+,"=""25.151603""","=""26.124123""","=""2s2.2p.4p""","=""3D""","=""3""","=""2s2.2p.4d""","=""3P*""","=""2""",7,5,,"=""T5520LS""","=""""",
"=""""","=""1289.469""","=""""","=""2.11e+07""",B,"=""25.065964""","=""26.027477""","=""2s2.2p.4p""","=""1P""","=""1""","=""2s2.2p.4d""","=""1D*""","=""2""",3,5,,"=""T5520""","=""""",
"=""""","=""1317.705""","=""""","=""2.57e+06""",C+,"=""25.188937""","=""26.129847""","=""2s2.2p.4p""","=""3P""","=""0""","=""2s2.2p.4d""","=""3P*""","=""1""",1,3,,"=""T5520LS""","=""""",
"=""""","=""1317.971""","=""""","=""7.70e+06""",C+,"=""25.192229""","=""26.132949""","=""2s2.2p.4p""","=""3P""","=""1""","=""2s2.2p.4d""","=""3P*""","=""0""",3,1,,"=""T5520LS""","=""""",
"=""""","=""1322.332""","=""""","=""1.91e+06""",C+,"=""25.192229""","=""26.129847""","=""2s2.2p.4p""","=""3P""","=""1""","=""2s2.2p.4d""","=""3P*""","=""1""",3,3,,"=""T5520LS""","=""""",
"=""""","=""1324.167""","=""""","=""9.99e+05""",C+,"=""25.133348""","=""26.069666""","=""2s2.2p.4p""","=""3D""","=""1""","=""2s2.2p.4d""","=""3D*""","=""2""",3,5,,"=""T5520LS""","=""""",
"=""""","=""1326.890""","=""""","=""7.37e+05""",C+,"=""25.139688""","=""26.074085""","=""2s2.2p.4p""","=""3D""","=""2""","=""2s2.2p.4d""","=""3D*""","=""3""",5,7,,"=""T5520LS""","=""""",
"=""""","=""1328.778""","=""""","=""4.94e+06""",C+,"=""25.133348""","=""26.066417""","=""2s2.2p.4p""","=""3D""","=""1""","=""2s2.2p.4d""","=""3D*""","=""1""",3,3,,"=""T5520LS""","=""""",
"=""""","=""1330.454""","=""""","=""1.87e+06""",C+,"=""25.192229""","=""26.124123""","=""2s2.2p.4p""","=""3P""","=""1""","=""2s2.2p.4d""","=""3P*""","=""2""",3,5,,"=""T5520LS""","=""""",
"=""""","=""1333.195""","=""""","=""4.54e+06""",C+,"=""25.139688""","=""26.069666""","=""2s2.2p.4p""","=""3D""","=""2""","=""2s2.2p.4d""","=""3D*""","=""2""",5,5,,"=""T5520LS""","=""""",
"=""""","=""1334.677""","=""""","=""3.09e+06""",C+,"=""25.200902""","=""26.129847""","=""2s2.2p.4p""","=""3P""","=""2""","=""2s2.2p.4d""","=""3P*""","=""1""",5,3,,"=""T5520LS""","=""""",
"=""""","=""1334.848""","=""""","=""1.73e+07""",B,"=""24.531351""","=""25.460177""","=""2s2.2p.4s""","=""1P*""","=""1""","=""2s2.2p.4p""","=""1D""","=""2""",3,5,,"=""T5520,T6385""","=""""",
"=""""","=""1337.870""","=""""","=""1.61e+06""",C+,"=""25.139688""","=""26.066417""","=""2s2.2p.4p""","=""3D""","=""2""","=""2s2.2p.4d""","=""3D*""","=""1""",5,3,,"=""T5520LS""","=""""",
"=""""","=""1342.936""","=""""","=""6.34e+05""",D,"=""20.676307""","=""21.599539""","=""2s.2p3""","=""1P*""","=""1""","=""2s2.2p.3p""","=""1D""","=""2""",3,5,,"=""T7333""","=""""",
"=""""","=""1342.952""","=""""","=""5.46e+06""",C+,"=""25.200902""","=""26.124123""","=""2s2.2p.4p""","=""3P""","=""2""","=""2s2.2p.4d""","=""3P*""","=""2""",5,5,,"=""T5520LS""","=""""",
"=""""","=""1344.028""","=""""","=""5.66e+06""",C+,"=""25.151603""","=""26.074085""","=""2s2.2p.4p""","=""3D""","=""3""","=""2s2.2p.4d""","=""3D*""","=""3""",7,7,,"=""T5520LS""","=""""",
"=""""","=""1350.497""","=""""","=""9.79e+05""",C+,"=""25.151603""","=""26.069666""","=""2s2.2p.4p""","=""3D""","=""3""","=""2s2.2p.4d""","=""3D*""","=""2""",7,5,,"=""T5520LS""","=""""",
"=""""","=""1381.446""","=""""","=""1.49e+07""",C+,"=""25.235454""","=""26.132949""","=""2s2.2p.4p""","=""3S""","=""1""","=""2s2.2p.4d""","=""3P*""","=""0""",3,1,,"=""T5520LS""","=""""",
"=""""","=""1386.238""","=""""","=""1.48e+07""",C+,"=""25.235454""","=""26.129847""","=""2s2.2p.4p""","=""3S""","=""1""","=""2s2.2p.4d""","=""3P*""","=""1""",3,3,,"=""T5520LS""","=""""",
"=""""","=""1395.167""","=""""","=""1.45e+07""",C+,"=""25.235454""","=""26.124123""","=""2s2.2p.4p""","=""3S""","=""1""","=""2s2.2p.4d""","=""3P*""","=""2""",3,5,,"=""T5520LS""","=""""",
"=""""","=""1412.958""","=""""","=""7.95e+06""",C+,"=""25.188937""","=""26.066417""","=""2s2.2p.4p""","=""3P""","=""0""","=""2s2.2p.4d""","=""3D*""","=""1""",1,3,,"=""T5520LS""","=""""",
"=""""","=""1418.279""","=""""","=""5.90e+06""",C+,"=""25.192229""","=""26.066417""","=""2s2.2p.4p""","=""3P""","=""1""","=""2s2.2p.4d""","=""3D*""","=""1""",3,3,,"=""T5520LS""","=""""",
"=""""","=""1419.910""","=""""","=""1.41e+07""",C+,"=""25.200902""","=""26.074085""","=""2s2.2p.4p""","=""3P""","=""2""","=""2s2.2p.4d""","=""3D*""","=""3""",5,7,,"=""T5520LS""","=""""",
"=""""","=""1429.096""","=""""","=""6.42e+05""",B,"=""24.367883""","=""25.235454""","=""2s2.2p.4s""","=""3P*""","=""0""","=""2s2.2p.4p""","=""3S""","=""1""",1,3,,"=""T6385n""","=""""",
"=""""","=""1432.490""","=""""","=""3.82e+05""",C+,"=""25.200902""","=""26.066417""","=""2s2.2p.4p""","=""3P""","=""2""","=""2s2.2p.4d""","=""3D*""","=""1""",5,3,,"=""T5520LS""","=""""",
"=""""","=""1434.163""","=""""","=""1.91e+07""",C+,"=""25.139688""","=""26.004194""","=""2s2.2p.4p""","=""3D""","=""2""","=""2s2.2p.4d""","=""3F*""","=""3""",5,7,,"=""T5520LS""","=""""",
"=""""","=""1436.255""","=""""","=""2.13e+07""",C+,"=""25.151603""","=""26.014849""","=""2s2.2p.4p""","=""3D""","=""3""","=""2s2.2p.4d""","=""3F*""","=""4""",7,9,,"=""T5520LS""","=""""",
"=""""","=""1436.879""","=""""","=""1.79e+07""",C+,"=""25.133348""","=""25.996219""","=""2s2.2p.4p""","=""3D""","=""1""","=""2s2.2p.4d""","=""3F*""","=""2""",3,5,,"=""T5520LS""","=""""",
"=""""","=""1439.762""","=""""","=""2.69e+06""",B,"=""24.374310""","=""25.235454""","=""2s2.2p.4s""","=""3P*""","=""1""","=""2s2.2p.4p""","=""3S""","=""1""",3,3,,"=""T6385n""","=""""",
"=""""","=""1447.515""","=""""","=""3.25e+06""",C+,"=""25.139688""","=""25.996219""","=""2s2.2p.4p""","=""3D""","=""2""","=""2s2.2p.4d""","=""3F*""","=""2""",5,5,,"=""T5520LS""","=""""",
"=""""","=""1454.205""","=""""","=""2.29e+06""",C+,"=""25.151603""","=""26.004194""","=""2s2.2p.4p""","=""3D""","=""3""","=""2s2.2p.4d""","=""3F*""","=""3""",7,7,,"=""T5520LS""","=""""",
"=""""","=""1464.961""","=""""","=""8.24e+06""",B,"=""24.389123""","=""25.235454""","=""2s2.2p.4s""","=""3P*""","=""2""","=""2s2.2p.4p""","=""3S""","=""1""",5,3,,"=""T6385n""","=""""",
"=""""","=""1467.935""","=""""","=""8.80e+04""",C+,"=""25.151603""","=""25.996219""","=""2s2.2p.4p""","=""3D""","=""3""","=""2s2.2p.4d""","=""3F*""","=""2""",7,5,,"=""T5520LS""","=""""",
"=""""","=""1499.945""","=""""","=""2.21e+06""",B,"=""24.374310""","=""25.200902""","=""2s2.2p.4s""","=""3P*""","=""1""","=""2s2.2p.4p""","=""3P""","=""2""",3,5,,"=""T6385n""","=""""",
"=""""","=""1504.031""","=""""","=""3.94e+06""",B,"=""24.367883""","=""25.192229""","=""2s2.2p.4s""","=""3P*""","=""0""","=""2s2.2p.4p""","=""3P""","=""1""",1,3,,"=""T6385n""","=""""",
"=""""","=""1515.850""","=""""","=""4.54e+06""",B,"=""24.374310""","=""25.192229""","=""2s2.2p.4s""","=""3P*""","=""1""","=""2s2.2p.4p""","=""3P""","=""1""",3,3,,"=""T6385n""","=""""",
"=""""","=""1521.975""","=""""","=""1.16e+07""",B,"=""24.374310""","=""25.188937""","=""2s2.2p.4s""","=""3P*""","=""1""","=""2s2.2p.4p""","=""3P""","=""0""",3,1,,"=""T6385n""","=""""",
"=""""","=""1527.314""","=""""","=""9.39e+06""",B,"=""24.389123""","=""25.200902""","=""2s2.2p.4s""","=""3P*""","=""2""","=""2s2.2p.4p""","=""3P""","=""2""",5,5,,"=""T6385n""","=""""",
"=""""","=""1543.808""","=""""","=""3.07e+06""",B,"=""24.389123""","=""25.192229""","=""2s2.2p.4s""","=""3P*""","=""2""","=""2s2.2p.4p""","=""3P""","=""1""",5,3,,"=""T6385n""","=""""",
"=""""","=""1619.724""","=""""","=""6.17e+06""",B,"=""24.367883""","=""25.133348""","=""2s2.2p.4s""","=""3P*""","=""0""","=""2s2.2p.4p""","=""3D""","=""1""",1,3,,"=""T6385n""","=""""",
"=""""","=""1619.908""","=""""","=""8.23e+06""",B,"=""24.374310""","=""25.139688""","=""2s2.2p.4s""","=""3P*""","=""1""","=""2s2.2p.4p""","=""3D""","=""2""",3,5,,"=""T6385n""","=""""",
"=""""","=""1626.064""","=""""","=""1.00e+07""",B,"=""24.389123""","=""25.151603""","=""2s2.2p.4s""","=""3P*""","=""2""","=""2s2.2p.4p""","=""3D""","=""3""",5,7,,"=""T6385n""","=""""",
"=""""","=""1633.440""","=""""","=""3.54e+06""",B,"=""24.374310""","=""25.133348""","=""2s2.2p.4s""","=""3P*""","=""1""","=""2s2.2p.4p""","=""3D""","=""1""",3,3,,"=""T6385n""","=""""",
"=""""","=""1651.877""","=""""","=""1.78e+06""",B,"=""24.389123""","=""25.139688""","=""2s2.2p.4s""","=""3P*""","=""2""","=""2s2.2p.4p""","=""3D""","=""2""",5,5,,"=""T6385n""","=""""",
"=""""","=""1665.950""","=""""","=""1.60e+05""",B,"=""24.389123""","=""25.133348""","=""2s2.2p.4s""","=""3P*""","=""2""","=""2s2.2p.4p""","=""3D""","=""1""",5,3,,"=""T6385n""","=""""",
"=""""","=""1670.570""","=""""","=""1.58e+06""",B,"=""25.460177""","=""26.202344""","=""2s2.2p.4p""","=""1D""","=""2""","=""2s2.2p.4d""","=""1P*""","=""1""",5,3,,"=""T5520""","=""""",
"=""""","=""1738.088""","=""""","=""1.42e+07""",B,"=""25.460177""","=""26.173514""","=""2s2.2p.4p""","=""1D""","=""2""","=""2s2.2p.4d""","=""1F*""","=""3""",5,7,,"=""T5520""","=""""",
"=""""","=""1760.883""","=""""","=""2.50e+04""",D,"=""24.531351""","=""25.235454""","=""2s2.2p.4s""","=""1P*""","=""1""","=""2s2.2p.4p""","=""3S""","=""1""",3,3,,"=""T6385""","=""""",
"=""""","=""1776.073""","=""""","=""1.21e+04""",D,"=""24.367883""","=""25.065964""","=""2s2.2p.4s""","=""3P*""","=""0""","=""2s2.2p.4p""","=""1P""","=""1""",1,3,,"=""T6385""","=""""",
"=""""","=""1792.58""","=""""","=""1.79e+05""",D,"=""24.374310""","=""25.065964""","=""2s2.2p.4s""","=""3P*""","=""1""","=""2s2.2p.4p""","=""1P""","=""1""",3,3,,"=""T6385""","=""""",
"=""""","=""1876.05""","=""""","=""4.22e+04""",D,"=""24.531351""","=""25.192229""","=""2s2.2p.4s""","=""1P*""","=""1""","=""2s2.2p.4p""","=""3P""","=""1""",3,3,,"=""T6385""","=""""",
"=""""","=""1885.44""","=""""","=""1.11e+04""",D,"=""24.531351""","=""25.188937""","=""2s2.2p.4s""","=""1P*""","=""1""","=""2s2.2p.4p""","=""3P""","=""0""",3,1,,"=""T6385""","=""""",
"=""""","=""2038.08""","=""""","=""4.38e+03""",D,"=""24.531351""","=""25.139688""","=""2s2.2p.4s""","=""1P*""","=""1""","=""2s2.2p.4p""","=""3D""","=""2""",3,5,,"=""T6385""","=""""",
"=""""","=""2059.55""","=""""","=""8.43e+04""",D,"=""24.531351""","=""25.133348""","=""2s2.2p.4s""","=""1P*""","=""1""","=""2s2.2p.4p""","=""3D""","=""1""",3,3,,"=""T6385""","=""""",
"=""""","=""2185.52""","=""""","=""1.70e+06""",B,"=""25.460177""","=""26.027477""","=""2s2.2p.4p""","=""1D""","=""2""","=""2s2.2p.4d""","=""1D*""","=""2""",5,5,,"=""T5520""","=""""",
"=""""","=""2259.42""","=""""","=""4.58e+06""",B,"=""25.653600""","=""26.202344""","=""2s2.2p.4p""","=""1S""","=""0""","=""2s2.2p.4d""","=""1P*""","=""1""",1,3,,"=""T5520""","=""""",
"=""""","=""2319.14""","=""""","=""4.09e+06""",B,"=""24.531351""","=""25.065964""","=""2s2.2p.4s""","=""1P*""","=""1""","=""2s2.2p.4p""","=""1P""","=""1""",3,3,,"=""T5520,T6385""","=""""",
"=""""","=""2563.73""","=""""","=""8.63e+00""",D,"=""20.676307""","=""21.159916""","=""2s.2p3""","=""1P*""","=""1""","=""2s2.2p.3p""","=""3P""","=""2""",3,5,,"=""T7333""","=""""",
"=""""","=""2602.66""","=""""","=""6.49e+00""",D,"=""20.676307""","=""21.152682""","=""2s.2p3""","=""1P*""","=""1""","=""2s2.2p.3p""","=""3P""","=""1""",3,3,,"=""T7333""","=""""",
"=""""","=""3839.24""","=""""","=""1.07e+05""",C+,"=""26.257305""","=""26.580245""","=""2s.2p2.(4P).3s""","=""3P""","=""1""","=""2s2.2p.5s""","=""3P*""","=""2""",3,5,,"=""T5520LS""","=""""",
"=""""","=""3911.66""","=""""","=""3.03e+05""",C+,"=""26.263284""","=""26.580245""","=""2s.2p2.(4P).3s""","=""3P""","=""2""","=""2s2.2p.5s""","=""3P*""","=""2""",5,5,,"=""T5520LS""","=""""",
"=""""","=""3986.70""","=""""","=""1.27e+05""",C+,"=""26.253573""","=""26.564568""","=""2s.2p2.(4P).3s""","=""3P""","=""0""","=""2s2.2p.5s""","=""3P*""","=""1""",1,3,,"=""T5520LS""","=""""",
"=""""","=""4035.12""","=""""","=""9.19e+04""",C+,"=""26.257305""","=""26.564568""","=""2s.2p2.(4P).3s""","=""3P""","=""1""","=""2s2.2p.5s""","=""3P*""","=""1""",3,3,,"=""T5520LS""","=""""",
"=""""","=""4110.98""","=""""","=""3.48e+05""",C+,"=""26.257305""","=""26.558898""","=""2s.2p2.(4P).3s""","=""3P""","=""1""","=""2s2.2p.5s""","=""3P*""","=""0""",3,1,,"=""T5520LS""","=""""",
"=""""","=""4115.19""","=""""","=""1.44e+05""",C+,"=""26.263284""","=""26.564568""","=""2s.2p2.(4P).3s""","=""3P""","=""2""","=""2s2.2p.5s""","=""3P*""","=""1""",5,3,,"=""T5520LS""","=""""",
"=""""","=""4640.59""","=""""","=""2.09e+04""",D,"=""20.409133""","=""20.676307""","=""2s2.2p.3p""","=""1P""","=""1""","=""2s.2p3""","=""1P*""","=""1""",3,3,,"=""T7333""","=""""",
"=""""","=""4702.45""","=""""","=""4.07e+00""",D,"=""20.676307""","=""20.939965""","=""2s.2p3""","=""1P*""","=""1""","=""2s2.2p.3p""","=""3S""","=""1""",3,3,,"=""T7333""","=""""",
"=""""","=""6297.9""","=""""","=""1.09e+03""",C+,"=""26.066417""","=""26.263284""","=""2s2.2p.4d""","=""3D*""","=""1""","=""2s.2p2.(4P).3s""","=""3P""","=""2""",3,5,,"=""T5520LS""","=""""",
"=""""","=""6403.6""","=""""","=""1.56e+04""",C+,"=""26.069666""","=""26.263284""","=""2s2.2p.4d""","=""3D*""","=""2""","=""2s.2p2.(4P).3s""","=""3P""","=""2""",5,5,,"=""T5520LS""","=""""",
"=""""","=""6495.1""","=""""","=""2.49e+04""",C+,"=""26.066417""","=""26.257305""","=""2s2.2p.4d""","=""3D*""","=""1""","=""2s.2p2.(4P).3s""","=""3P""","=""1""",3,3,,"=""T5520LS""","=""""",
"=""""","=""6553.1""","=""""","=""8.15e+04""",C+,"=""26.074085""","=""26.263284""","=""2s2.2p.4d""","=""3D*""","=""3""","=""2s.2p2.(4P).3s""","=""3P""","=""2""",7,5,,"=""T5520LS""","=""""",
"=""""","=""6607.6""","=""""","=""7.09e+04""",C+,"=""26.069666""","=""26.257305""","=""2s2.2p.4d""","=""3D*""","=""2""","=""2s.2p2.(4P).3s""","=""3P""","=""1""",5,3,,"=""T5520LS""","=""""",
"=""""","=""6624.6""","=""""","=""9.39e+04""",C+,"=""26.066417""","=""26.253573""","=""2s2.2p.4d""","=""3D*""","=""1""","=""2s.2p2.(4P).3s""","=""3P""","=""0""",3,1,,"=""T5520LS""","=""""",
"=""""","=""8909.4""","=""""","=""7.46e+03""",C+,"=""26.124123""","=""26.263284""","=""2s2.2p.4d""","=""3P*""","=""2""","=""2s.2p2.(4P).3s""","=""3P""","=""2""",5,5,,"=""T5520LS""","=""""",
"=""""","=""9291.6""","=""""","=""2.19e+03""",C+,"=""26.129847""","=""26.263284""","=""2s2.2p.4d""","=""3P*""","=""1""","=""2s.2p2.(4P).3s""","=""3P""","=""2""",3,5,,"=""T5520LS""","=""""",
"=""""","=""9309.3""","=""""","=""3.63e+03""",C+,"=""26.124123""","=""26.257305""","=""2s2.2p.4d""","=""3P*""","=""2""","=""2s.2p2.(4P).3s""","=""3P""","=""1""",5,3,,"=""T5520LS""","=""""",
"=""""","=""9727.4""","=""""","=""1.91e+03""",C+,"=""26.129847""","=""26.257305""","=""2s2.2p.4d""","=""3P*""","=""1""","=""2s.2p2.(4P).3s""","=""3P""","=""1""",3,3,,"=""T5520LS""","=""""",
"=""""","=""9970.1""","=""""","=""2.37e+03""",C+,"=""26.132949""","=""26.257305""","=""2s2.2p.4d""","=""3P*""","=""0""","=""2s.2p2.(4P).3s""","=""3P""","=""1""",1,3,,"=""T5520LS""","=""""",
"=""""","=""10020.8""","=""""","=""6.99e+03""",C+,"=""26.129847""","=""26.253573""","=""2s2.2p.4d""","=""3P*""","=""1""","=""2s.2p2.(4P).3s""","=""3P""","=""0""",3,1,,"=""T5520LS""","=""""",
"=""""","=""76452.6""","=""""","=""1.12e-12""",D,"=""0.00000""","=""0.01622""","=""2s2.2p2""","=""3P""","=""0""","=""2s2.2p2""","=""3P""","=""2""",1,5,E2,"=""T7333""","=""""",
"=""""","=""121800""","=""""","=""7.46e-06""",A,"=""0.00604""","=""0.01622""","=""2s2.2p2""","=""3P""","=""1""","=""2s2.2p2""","=""3P""","=""2""",3,5,M1,"=""T7333""","=""""",
"=""""","=""205300""","=""""","=""2.08e-06""",A,"=""0.00000""","=""0.00604""","=""2s2.2p2""","=""3P""","=""0""","=""2s2.2p2""","=""3P""","=""1""",1,3,M1,"=""T7333""","=""""",
