obs_wl_vac(nm),ritz_wl_vac(nm),intens,Aki(s^-1),Acc,Ei(eV),Ek(eV),conf_i,term_i,J_i,conf_k,term_k,J_k,g_i,g_k,Type,tp_ref,line_ref,
"=""""","=""18.7024""","=""0g""","=""3.11e+08""",D+,"=""0.00000""","=""66.2932""","=""2p6.3s2""","=""1S""","=""0""","=""3s.8p""","=""1P*""","=""1""",1,3,,"=""T7195""","=""L5337""",
"=""""","=""19.2093+""","=""""","=""9.77e-01""",D,"=""0.00000""","=""64.5439""","=""2p6.3s2""","=""1S""","=""0""","=""3s.7p""","=""3P*""","=""2""",1,5,M2,"=""T5518""","=""""",
"=""19.2553""","=""19.2555""","=""1g""","=""3.00e+08""",D+,"=""0.00000""","=""64.3890""","=""2p6.3s2""","=""1S""","=""0""","=""3s.7p""","=""1P*""","=""1""",1,3,,"=""T7195""","=""L5337""",
"=""20.2965""","=""20.29608""","=""3g""","=""4.31e+08""",D+,"=""0.00000""","=""61.08776""","=""2p6.3s2""","=""1S""","=""0""","=""3s.6p""","=""1P*""","=""1""",1,3,,"=""T7195""","=""L5337""",
"=""""","=""20.40463+""","=""""","=""1.39e+00""",D,"=""0.00000""","=""60.76277""","=""2p6.3s2""","=""1S""","=""0""","=""3s.6p""","=""3P*""","=""2""",1,5,M2,"=""T5518""","=""""",
"=""21.4648""","=""21.4649""","=""0""","=""""",,"=""10.43392""","=""68.1952""","=""3s.3p""","=""3P*""","=""2""","=""3s.9d""","=""3D""","=""3""",5,7,,"=""""","=""L5337""",
"=""21.6790""","=""21.6784""","=""0""","=""""",,"=""10.33948""","=""67.5321""","=""3s.3p""","=""3P*""","=""1""","=""3s.9s""","=""3S""","=""1""",3,3,,"=""""","=""L5337""",
"=""21.7138""","=""21.7142""","=""0""","=""""",,"=""10.43392""","=""67.5321""","=""3s.3p""","=""3P*""","=""2""","=""3s.9s""","=""3S""","=""1""",5,3,,"=""""","=""L5337""",
"=""21.8781""","=""21.8791""","=""1w""","=""""",,"=""10.33948""","=""67.0074""","=""3s.3p""","=""3P*""","=""1""","=""3s.8d""","=""1D""","=""2""",3,5,,"=""""","=""L5337""",
"=""21.9146""","=""21.9146""","=""1w""","=""""",,"=""10.43392""","=""67.0099""","=""3s.3p""","=""3P*""","=""2""","=""3s.8d""","=""3D""","=""3""",5,7,,"=""""","=""L5337""",
"=""22.2663""","=""22.2663""","=""0""","=""""",,"=""10.33948""","=""66.0220""","=""3s.3p""","=""3P*""","=""1""","=""3s.8s""","=""3S""","=""1""",3,3,,"=""""","=""L5337""",
"=""22.3041""","=""22.3041""","=""0""","=""""",,"=""10.43392""","=""66.0220""","=""3s.3p""","=""3P*""","=""2""","=""3s.8s""","=""3S""","=""1""",5,3,,"=""""","=""L5337""",
"=""22.3253""","=""22.32512""","=""6g""","=""1.52e+09""",C,"=""0.00000""","=""55.53573""","=""2p6.3s2""","=""1S""","=""0""","=""3s.5p""","=""1P*""","=""1""",1,3,,"=""T7195""","=""L5337""",
"=""""","=""22.44678+""","=""""","=""2.04e+00""",D,"=""0.00000""","=""55.23472""","=""2p6.3s2""","=""1S""","=""0""","=""3s.5p""","=""3P*""","=""2""",1,5,M2,"=""T5518""","=""""",
"=""22.5482""","=""22.55014""","=""0""","=""""",,"=""10.29366""","=""65.27524""","=""3s.3p""","=""3P*""","=""0""","=""3s.7d""","=""3D""","=""1""",1,3,,"=""""","=""L5337""",
"=""22.5680""","=""22.56824""","=""2""","=""""",,"=""10.33948""","=""65.27695""","=""3s.3p""","=""3P*""","=""1""","=""3s.7d""","=""3D""","=""2""",3,5,,"=""""","=""L5337""",
"=""22.6067""","=""22.60671""","=""3""","=""""",,"=""10.43392""","=""65.27789""","=""3s.3p""","=""3P*""","=""2""","=""3s.7d""","=""3D""","=""3""",5,7,,"=""""","=""L5337""",
"=""23.2075""","=""23.20672""","=""0""","=""""",,"=""10.29366""","=""63.71965""","=""3s.3p""","=""3P*""","=""0""","=""3s.7s""","=""3S""","=""1""",1,3,,"=""""","=""L5337""",
"=""23.2267""","=""23.22664""","=""0""","=""""",,"=""10.33948""","=""63.71965""","=""3s.3p""","=""3P*""","=""1""","=""3s.7s""","=""3S""","=""1""",3,3,,"=""""","=""L5337""",
"=""23.2676""","=""23.26780""","=""1""","=""""",,"=""10.43392""","=""63.71965""","=""3s.3p""","=""3P*""","=""2""","=""3s.7s""","=""3S""","=""1""",5,3,,"=""""","=""L5337""",
"=""23.5560""","=""23.55568""","=""5g""","=""""",,"=""0.00000""","=""52.63452""","=""2p6.3s2""","=""1S""","=""0""","=""3p.4s""","=""1P*""","=""1""",1,3,,"=""""","=""L5337""",
"=""23.6304""","=""23.6304""","=""0""","=""""",,"=""15.76468""","=""68.2327""","=""3s.3p""","=""1P*""","=""1""","=""3s.9d""","=""1D""","=""2""",3,5,,"=""""","=""L5337""",
"=""23.7376""","=""23.73760""","=""0""","=""""",,"=""10.29366""","=""62.52480""","=""3s.3p""","=""3P*""","=""0""","=""3s.6d""","=""3D""","=""1""",1,3,,"=""""","=""L5337""",
"=""23.7489""","=""23.74976""","=""0g""","=""""",,"=""0.00000""","=""52.20439""","=""2p6.3s2""","=""1S""","=""0""","=""3p.4s""","=""3P*""","=""1""",1,3,,"=""""","=""L5337""",
"=""23.7578""","=""23.75792""","=""2""","=""""",,"=""10.33948""","=""62.52594""","=""3s.3p""","=""3P*""","=""1""","=""3s.6d""","=""3D""","=""2""",3,5,,"=""""","=""L5337""",
"=""23.8011""","=""23.80072""","=""3""","=""""",,"=""10.43392""","=""62.52653""","=""3s.3p""","=""3P*""","=""2""","=""3s.6d""","=""3D""","=""3""",5,7,,"=""""","=""L5337""",
"=""24.1955""","=""24.1955""","=""0""","=""""",,"=""15.76468""","=""67.0074""","=""3s.3p""","=""1P*""","=""1""","=""3s.8d""","=""1D""","=""2""",3,5,,"=""""","=""L5337""",
"=""24.9606""","=""24.96071""","=""0""","=""""",,"=""10.29366""","=""59.96540""","=""3s.3p""","=""3P*""","=""0""","=""3s.6s""","=""3S""","=""1""",1,3,,"=""""","=""L5337""",
"=""24.9837""","=""24.98375""","=""2""","=""""",,"=""10.33948""","=""59.96540""","=""3s.3p""","=""3P*""","=""1""","=""3s.6s""","=""3S""","=""1""",3,3,,"=""""","=""L5337""",
"=""25.0310""","=""25.03100""","=""3*""","=""""",,"=""15.76468""","=""65.29694""","=""3s.3p""","=""1P*""","=""1""","=""3s.7d""","=""1D""","=""2""",3,5,,"=""""","=""L5337""",
"=""25.0310""","=""25.03139""","=""3*""","=""""",,"=""10.43392""","=""59.96540""","=""3s.3p""","=""3P*""","=""2""","=""3s.6s""","=""3S""","=""1""",5,3,,"=""""","=""L5337""",
"=""25.1497""","=""25.15058""","=""0g""","=""""",,"=""0.00000""","=""49.29676""","=""2p6.3s2""","=""1S""","=""0""","=""3s.4d""","=""1D""","=""2""",1,5,E2,"=""""","=""L5337""",
"=""25.8109""","=""25.81015""","=""0""","=""""",,"=""15.76468""","=""63.80167""","=""3s.3p""","=""1P*""","=""1""","=""3s.7s""","=""1S""","=""0""",3,1,,"=""""","=""L5337""",
"=""25.9724""","=""25.97239""","=""1""","=""""",,"=""10.29366""","=""58.03058""","=""3s.3p""","=""3P*""","=""0""","=""3s.5d""","=""3D""","=""1""",1,3,,"=""""","=""L5337""",
"=""25.9954""","=""25.99540""","=""3*""","=""""",,"=""10.33948""","=""58.03414""","=""3s.3p""","=""3P*""","=""1""","=""3s.5d""","=""3D""","=""2""",3,5,,"=""""","=""L5337""",
"=""25.9954""","=""25.99734""","=""3*""","=""""",,"=""10.33948""","=""58.03058""","=""3s.3p""","=""3P*""","=""1""","=""3s.5d""","=""3D""","=""1""",3,3,,"=""""","=""L5337""",
"=""26.0455""","=""26.04323""","=""5*""","=""""",,"=""10.43392""","=""58.04098""","=""3s.3p""","=""3P*""","=""2""","=""3s.5d""","=""3D""","=""3""",5,7,,"=""""","=""L5337""",
"=""26.0455""","=""26.04698""","=""5*""","=""""",,"=""10.43392""","=""58.03414""","=""3s.3p""","=""3P*""","=""2""","=""3s.5d""","=""3D""","=""2""",5,5,,"=""""","=""L5337""",
"=""26.0455""","=""26.04893""","=""5*""","=""""",,"=""10.43392""","=""58.03058""","=""3s.3p""","=""3P*""","=""2""","=""3s.5d""","=""3D""","=""1""",5,3,,"=""""","=""L5337""",
"=""26.4823""","=""26.48230""","=""2""","=""""",,"=""15.76468""","=""62.58244""","=""3s.3p""","=""1P*""","=""1""","=""3s.6d""","=""1D""","=""2""",3,5,,"=""""","=""L5337""",
"=""26.5356""","=""26.53437""","=""0""","=""""",,"=""10.29366""","=""57.01955""","=""3s.3p""","=""3P*""","=""0""","=""3p.4p""","=""3S""","=""1""",1,3,,"=""""","=""L5337""",
"=""26.5604""","=""26.56041""","=""1""","=""""",,"=""10.33948""","=""57.01955""","=""3s.3p""","=""3P*""","=""1""","=""3p.4p""","=""3S""","=""1""",3,3,,"=""""","=""L5337""",
"=""26.6143""","=""26.61425""","=""4""","=""""",,"=""10.43392""","=""57.01955""","=""3s.3p""","=""3P*""","=""2""","=""3p.4p""","=""3S""","=""1""",5,3,,"=""""","=""L5337""",
"=""26.6633""","=""26.66330""","=""4""","=""""",,"=""10.33948""","=""56.83943""","=""3s.3p""","=""3P*""","=""1""","=""3p.4p""","=""3P""","=""2""",3,5,,"=""""","=""L5337""",
"=""26.6745""","=""26.67453""","=""4""","=""""",,"=""10.29366""","=""56.77404""","=""3s.3p""","=""3P*""","=""0""","=""3p.4p""","=""3P""","=""1""",1,3,,"=""""","=""L5337""",
"=""26.7009""","=""26.70084""","=""4""","=""""",,"=""10.33948""","=""56.77404""","=""3s.3p""","=""3P*""","=""1""","=""3p.4p""","=""3P""","=""1""",3,3,,"=""""","=""L5337""",
"=""26.7182""","=""26.71756""","=""8*""","=""""",,"=""10.43392""","=""56.83943""","=""3s.3p""","=""3P*""","=""2""","=""3p.4p""","=""3P""","=""2""",5,5,,"=""""","=""L5337""",
"=""26.7182""","=""26.71854""","=""8*""","=""""",,"=""10.33948""","=""56.74329""","=""3s.3p""","=""3P*""","=""1""","=""3p.4p""","=""3P""","=""0""",3,1,,"=""""","=""L5337""",
"=""26.7558""","=""26.75526""","=""5""","=""""",,"=""10.43392""","=""56.77404""","=""3s.3p""","=""3P*""","=""2""","=""3p.4p""","=""3P""","=""1""",5,3,,"=""""","=""L5337""",
"=""27.0959""","=""27.09588""","=""12*""","=""""",,"=""10.29366""","=""56.05125""","=""3s.3p""","=""3P*""","=""0""","=""3p.4p""","=""3D""","=""1""",1,3,,"=""""","=""L5337""",
"=""27.0959""","=""27.09636""","=""12*""","=""""",,"=""10.33948""","=""56.09625""","=""3s.3p""","=""3P*""","=""1""","=""3p.4p""","=""3D""","=""2""",3,5,,"=""""","=""L5337""",
"=""27.0959""","=""27.09737""","=""12*""","=""""",,"=""10.43392""","=""56.18898""","=""3s.3p""","=""3P*""","=""2""","=""3p.4p""","=""3D""","=""3""",5,7,,"=""""","=""L5337""",
"=""27.1239""","=""27.12304""","=""4""","=""""",,"=""10.33948""","=""56.05125""","=""3s.3p""","=""3P*""","=""1""","=""3p.4p""","=""3D""","=""1""",3,3,,"=""""","=""L5337""",
"=""27.1527""","=""27.15240""","=""4""","=""""",,"=""10.43392""","=""56.09625""","=""3s.3p""","=""3P*""","=""2""","=""3p.4p""","=""3D""","=""2""",5,5,,"=""""","=""L5337""",
"=""27.1792""","=""27.17919""","=""0""","=""""",,"=""10.43392""","=""56.05125""","=""3s.3p""","=""3P*""","=""2""","=""3p.4p""","=""3D""","=""1""",5,3,,"=""""","=""L5337""",
"=""27.9150""","=""27.91455""","=""2""","=""""",,"=""15.76468""","=""60.18029""","=""3s.3p""","=""1P*""","=""1""","=""3s.6s""","=""1S""","=""0""",3,1,,"=""""","=""L5337""",
"=""28.6094""","=""28.60949""","=""16g""","=""2.43e+09""",C+,"=""0.00000""","=""43.33674""","=""2p6.3s2""","=""1S""","=""0""","=""3s.4p""","=""1P*""","=""1""",1,3,,"=""T7942c84""","=""L5337""",
"=""28.6403""","=""28.64007""","=""12g""","=""6.11e+08""",C+,"=""0.00000""","=""43.29046""","=""2p6.3s2""","=""1S""","=""0""","=""3s.4p""","=""3P*""","=""1""",1,3,,"=""T7942c84""","=""L5337""",
"=""28.9531""","=""28.95068""","=""5*""","=""""",,"=""10.29366""","=""53.11967""","=""3s.3p""","=""3P*""","=""0""","=""3s.5s""","=""3S""","=""1""",1,3,,"=""""","=""L5337""",
"=""28.9531""","=""28.95400""","=""5*""","=""""",,"=""15.76468""","=""58.58577""","=""3s.3p""","=""1P*""","=""1""","=""3p.4p""","=""1S""","=""0""",3,1,,"=""""","=""L5337""",
"=""28.9817""","=""28.98169""","=""7""","=""""",,"=""10.33948""","=""53.11967""","=""3s.3p""","=""3P*""","=""1""","=""3s.5s""","=""3S""","=""1""",3,3,,"=""""","=""L5337""",
"=""29.0461""","=""29.04580""","=""8""","=""""",,"=""10.43392""","=""53.11967""","=""3s.3p""","=""3P*""","=""2""","=""3s.5s""","=""3S""","=""1""",5,3,,"=""""","=""L5337""",
"=""29.1478""","=""29.14783""","=""4""","=""""",,"=""15.76468""","=""58.30102""","=""3s.3p""","=""1P*""","=""1""","=""3s.5d""","=""1D""","=""2""",3,5,,"=""""","=""L5337""",
"=""29.3298""","=""29.3297""","=""0""","=""""",,"=""24.02059""","=""66.2932""","=""3p2""","=""1D""","=""2""","=""3s.8p""","=""1P*""","=""1""",5,3,,"=""""","=""L5337""",
"=""29.7809""","=""29.7807""","=""1""","=""""",,"=""24.02059""","=""65.6530""","=""3p2""","=""1D""","=""2""","=""3s.7f""","=""1F*""","=""3""",5,7,,"=""""","=""L5337""",
"=""30.0231""","=""30.02348""","=""2""","=""""",,"=""15.76468""","=""57.06043""","=""3s.3p""","=""1P*""","=""1""","=""3p.4p""","=""1D""","=""2""",3,5,,"=""""","=""L5337""",
"=""""","=""30.44564+""","=""""","=""3.35e-01""",B+,"=""0.00000""","=""40.72314""","=""2p6.3s2""","=""1S""","=""0""","=""3p.3d""","=""1D*""","=""2""",1,5,M2,"=""T7942c84""","=""""",
"=""30.5136""","=""30.5128""","=""1*""","=""""",,"=""29.12903""","=""69.7626""","=""3s.3d""","=""3D""","=""1""","=""3s.11f""","=""3F*""","=""2""",3,5,,"=""""","=""L5337""",
"=""30.5136""","=""30.5133""","=""1*""","=""""",,"=""29.12973""","=""69.7626""","=""3s.3d""","=""3D""","=""2""","=""3s.11f""","=""3F*""","=""3""",5,7,,"=""""","=""L5337""",
"=""30.5136""","=""30.5141""","=""1*""","=""""",,"=""29.13083""","=""69.7626""","=""3s.3d""","=""3D""","=""3""","=""3s.11f""","=""3F*""","=""4""",7,9,,"=""""","=""L5337""",
"=""30.7130""","=""30.7132""","=""0""","=""""",,"=""24.02059""","=""64.3890""","=""3p2""","=""1D""","=""2""","=""3s.7p""","=""1P*""","=""1""",5,3,,"=""""","=""L5337""",
"=""30.9651""","=""30.96543""","=""5""","=""""",,"=""15.76468""","=""55.80423""","=""3s.3p""","=""1P*""","=""1""","=""3p.4p""","=""1P""","=""1""",3,3,,"=""""","=""L5337""",
"=""30.9701""","=""30.9693""","=""2*""","=""""",,"=""29.12903""","=""69.1636""","=""3s.3d""","=""3D""","=""1""","=""3s.10f""","=""3F*""","=""2""",3,5,,"=""""","=""L5337""",
"=""30.9701""","=""30.9698""","=""2*""","=""""",,"=""29.12973""","=""69.1636""","=""3s.3d""","=""3D""","=""2""","=""3s.10f""","=""3F*""","=""3""",5,7,,"=""""","=""L5337""",
"=""30.9701""","=""30.9707""","=""2*""","=""""",,"=""29.13083""","=""69.1636""","=""3s.3d""","=""3D""","=""3""","=""3s.10f""","=""3F*""","=""4""",7,9,,"=""""","=""L5337""",
"=""31.6086""","=""31.6077""","=""4w*""","=""""",,"=""29.12903""","=""68.355""","=""3s.3d""","=""3D""","=""1""","=""3s.9f""","=""3F*""","=""2""",3,5,,"=""""","=""L5337""",
"=""31.6086""","=""31.6083""","=""4w*""","=""""",,"=""29.12973""","=""68.355""","=""3s.3d""","=""3D""","=""2""","=""3s.9f""","=""3F*""","=""3""",5,7,,"=""""","=""L5337""",
"=""31.6086""","=""31.6092""","=""4w*""","=""""",,"=""29.13083""","=""68.355""","=""3s.3d""","=""3D""","=""3""","=""3s.9f""","=""3F*""","=""4""",7,9,,"=""""","=""L5337""",
"=""31.9035""","=""31.90301""","=""3""","=""""",,"=""10.43392""","=""49.29676""","=""3s.3p""","=""3P*""","=""2""","=""3s.4d""","=""1D""","=""2""",5,5,,"=""""","=""L5337""",
"=""31.9487""","=""31.94873""","=""8""","=""7.48e+08""",C+,"=""10.29366""","=""49.10090""","=""3s.3p""","=""3P*""","=""0""","=""3s.4d""","=""3D""","=""1""",1,3,,"=""T7942c84""","=""L5337""",
"=""31.9850""","=""31.98506""","=""12""","=""1.01e+09""",C+,"=""10.33948""","=""49.10264""","=""3s.3p""","=""3P*""","=""1""","=""3s.4d""","=""3D""","=""2""",3,5,,"=""T7942c84""","=""L5337""",
"=""""","=""31.98649+""","=""""","=""5.68e+08""",C+,"=""10.33948""","=""49.10090""","=""3s.3p""","=""3P*""","=""1""","=""3s.4d""","=""3D""","=""1""",3,3,,"=""T7942c84""","=""""",
"=""32.0610""","=""32.06100""","=""16""","=""1.37e+09""",B,"=""10.43392""","=""49.10526""","=""3s.3p""","=""3P*""","=""2""","=""3s.4d""","=""3D""","=""3""",5,7,,"=""T7942c84""","=""L5337""",
"=""""","=""32.06317+""","=""""","=""3.47e+08""",C+,"=""10.43392""","=""49.10264""","=""3s.3p""","=""3P*""","=""2""","=""3s.4d""","=""3D""","=""2""",5,5,,"=""T7942c84""","=""""",
"=""""","=""32.06461+""","=""""","=""3.88e+07""",C,"=""10.43392""","=""49.10090""","=""3s.3p""","=""3P*""","=""2""","=""3s.4d""","=""3D""","=""1""",5,3,,"=""T7942c84""","=""""",
"=""32.5455""","=""32.5446""","=""3*""","=""""",,"=""29.12903""","=""67.2257""","=""3s.3d""","=""3D""","=""1""","=""3s.8f""","=""3F*""","=""2""",3,5,,"=""""","=""L5337""",
"=""32.5455""","=""32.5452""","=""3*""","=""""",,"=""29.12973""","=""67.2257""","=""3s.3d""","=""3D""","=""2""","=""3s.8f""","=""3F*""","=""3""",5,7,,"=""""","=""L5337""",
"=""32.5455""","=""32.5462""","=""3*""","=""""",,"=""29.13083""","=""67.2257""","=""3s.3d""","=""3D""","=""3""","=""3s.8f""","=""3F*""","=""4""",7,9,,"=""""","=""L5337""",
"=""32.9318""","=""32.93254""","=""5""","=""""",,"=""15.76468""","=""53.41260""","=""3s.3p""","=""1P*""","=""1""","=""3s.5s""","=""1S""","=""0""",3,1,,"=""""","=""L5337""",
"=""33.2211""","=""33.2200""","=""1w*""","=""""",,"=""29.12903""","=""66.4512""","=""3s.3d""","=""3D""","=""1""","=""3s.8p""","=""3P*""","=""2""",3,5,,"=""""","=""L5337""",
"=""33.2211""","=""33.2206""","=""1w*""","=""""",,"=""29.12973""","=""66.4512""","=""3s.3d""","=""3D""","=""2""","=""3s.8p""","=""3P*""","=""2""",5,5,,"=""""","=""L5337""",
"=""33.2211""","=""33.2216""","=""1w*""","=""""",,"=""29.13083""","=""66.4512""","=""3s.3d""","=""3D""","=""3""","=""3s.8p""","=""3P*""","=""2""",7,5,,"=""""","=""L5337""",
"=""33.4490""","=""33.44852""","=""0""","=""""",,"=""24.02059""","=""61.08776""","=""3p2""","=""1D""","=""2""","=""3s.6p""","=""1P*""","=""1""",5,3,,"=""""","=""L5337""",
"=""34.0171""","=""34.0161""","=""6w*""","=""""",,"=""29.12903""","=""65.578""","=""3s.3d""","=""3D""","=""1""","=""3s.7f""","=""3F*""","=""2""",3,5,,"=""""","=""L5337""",
"=""34.0171""","=""34.0167""","=""6w*""","=""""",,"=""29.12973""","=""65.578""","=""3s.3d""","=""3D""","=""2""","=""3s.7f""","=""3F*""","=""3""",5,7,,"=""""","=""L5337""",
"=""34.0171""","=""34.0178""","=""6w*""","=""""",,"=""29.13083""","=""65.578""","=""3s.3d""","=""3D""","=""3""","=""3s.7f""","=""3F*""","=""4""",7,9,,"=""""","=""L5337""",
"=""35.0101""","=""35.0090""","=""2w*""","=""""",,"=""29.12903""","=""64.5439""","=""3s.3d""","=""3D""","=""1""","=""3s.7p""","=""3P*""","=""2""",3,5,,"=""""","=""L5337""",
"=""35.0101""","=""35.0097""","=""2w*""","=""""",,"=""29.12973""","=""64.5439""","=""3s.3d""","=""3D""","=""2""","=""3s.7p""","=""3P*""","=""2""",5,5,,"=""""","=""L5337""",
"=""35.0101""","=""35.0108""","=""2w*""","=""""",,"=""29.13083""","=""64.5439""","=""3s.3d""","=""3D""","=""3""","=""3s.7p""","=""3P*""","=""2""",7,5,,"=""""","=""L5337""",
"=""""","=""35.27729+""","=""""","=""5.39e+01""",C+,"=""10.33948""","=""45.48509""","=""3s.3p""","=""3P*""","=""1""","=""3p.3d""","=""1F*""","=""3""",3,7,E2,"=""T7942c84""","=""""",
"=""""","=""35.37234+""","=""""","=""5.99e+00""",C,"=""10.43392""","=""45.48509""","=""3s.3p""","=""3P*""","=""2""","=""3p.3d""","=""1F*""","=""3""",5,7,E2,"=""T7942c84""","=""""",
"=""35.4532""","=""35.45302""","=""6bl""","=""""",,"=""24.02059""","=""58.99199""","=""3p2""","=""1D""","=""2""","=""3s.5f""","=""1F*""","=""3""",5,7,,"=""""","=""L5337""",
"=""35.6038""","=""35.6031""","=""0""","=""""",,"=""33.56257""","=""68.3866""","=""3s.3d""","=""1D""","=""2""","=""3s.9f""","=""1F*""","=""3""",5,7,,"=""""","=""L5337""",
"=""36.5676""","=""36.5662""","=""8*""","=""""",,"=""29.12903""","=""63.0358""","=""3s.3d""","=""3D""","=""1""","=""3s.6f""","=""3F*""","=""2""",3,5,,"=""""","=""L5337""",
"=""36.5676""","=""36.5670""","=""8*""","=""""",,"=""29.12973""","=""63.0358""","=""3s.3d""","=""3D""","=""2""","=""3s.6f""","=""3F*""","=""3""",5,7,,"=""""","=""L5337""",
"=""36.5676""","=""36.5682""","=""8*""","=""""",,"=""29.13083""","=""63.0358""","=""3s.3d""","=""3D""","=""3""","=""3s.6f""","=""3F*""","=""4""",7,9,,"=""""","=""L5337""",
"=""36.7763""","=""36.7763""","=""1""","=""""",,"=""33.56257""","=""67.2757""","=""3s.3d""","=""1D""","=""2""","=""3s.8f""","=""1F*""","=""3""",5,7,,"=""""","=""L5337""",
"=""36.9411""","=""36.94121""","=""2g""","=""3.15e+05""",B+,"=""0.00000""","=""33.56257""","=""2p6.3s2""","=""1S""","=""0""","=""3s.3d""","=""1D""","=""2""",1,5,E2,"=""T7942c84""","=""L5337""",
"=""36.9742""","=""36.97480""","=""7""","=""1.94e+08""",C+,"=""15.76468""","=""49.29676""","=""3s.3p""","=""1P*""","=""1""","=""3s.4d""","=""1D""","=""2""",3,5,,"=""T7942c84""","=""L5337""",
"=""""","=""37.73781+""","=""""","=""4.35e+04""",B+,"=""10.29366""","=""43.14777""","=""3s.3p""","=""3P*""","=""0""","=""3p.3d""","=""3D*""","=""2""",1,5,E2,"=""T7942c84""","=""""",
"=""""","=""37.77319+""","=""""","=""5.67e+04""",B+,"=""10.33948""","=""43.16280""","=""3s.3p""","=""3P*""","=""1""","=""3p.3d""","=""3D*""","=""3""",3,7,E2,"=""T7942c84""","=""""",
"=""""","=""37.79051+""","=""""","=""6.71e+03""",B+,"=""10.33948""","=""43.14777""","=""3s.3p""","=""3P*""","=""1""","=""3p.3d""","=""3D*""","=""2""",3,5,E2,"=""T7942c84""","=""""",
"=""""","=""37.81467+""","=""""","=""1.08e+05""",B+,"=""10.33948""","=""43.12680""","=""3s.3p""","=""3P*""","=""1""","=""3p.3d""","=""3D*""","=""1""",3,3,E2,"=""T7942c84""","=""""",
"=""""","=""37.88219+""","=""""","=""1.22e+05""",B+,"=""10.43392""","=""43.16280""","=""3s.3p""","=""3P*""","=""2""","=""3p.3d""","=""3D*""","=""3""",5,7,E2,"=""T7942c84""","=""""",
"=""""","=""37.89960+""","=""""","=""1.27e+05""",B+,"=""10.43392""","=""43.14777""","=""3s.3p""","=""3P*""","=""2""","=""3p.3d""","=""3D*""","=""2""",5,5,E2,"=""T7942c84""","=""""",
"=""""","=""37.92391+""","=""""","=""7.00e+04""",B+,"=""10.43392""","=""43.12680""","=""3s.3p""","=""3P*""","=""2""","=""3p.3d""","=""3D*""","=""1""",5,3,E2,"=""T7942c84""","=""""",
"=""""","=""38.12148+""","=""""","=""6.96e+04""",B+,"=""10.33948""","=""42.86292""","=""3s.3p""","=""3P*""","=""1""","=""3p.3d""","=""3P*""","=""1""",3,3,E2,"=""T7942c84""","=""""",
"=""""","=""38.12222+""","=""""","=""4.97e+04""",B+,"=""10.29366""","=""42.81648""","=""3s.3p""","=""3P*""","=""0""","=""3p.3d""","=""3P*""","=""2""",1,5,E2,"=""T7942c84""","=""""",
"=""""","=""38.17600+""","=""""","=""8.73e+04""",B+,"=""10.33948""","=""42.81648""","=""3s.3p""","=""3P*""","=""1""","=""3p.3d""","=""3P*""","=""2""",3,5,E2,"=""T7942c84""","=""""",
"=""""","=""38.19742+""","=""""","=""1.71e+05""",B+,"=""10.43392""","=""42.89271""","=""3s.3p""","=""3P*""","=""2""","=""3p.3d""","=""3P*""","=""0""",5,1,E2,"=""T7942c84""","=""""",
"=""""","=""38.23250+""","=""""","=""1.02e+05""",B+,"=""10.43392""","=""42.86292""","=""3s.3p""","=""3P*""","=""2""","=""3p.3d""","=""3P*""","=""1""",5,3,E2,"=""T7942c84""","=""""",
"=""""","=""38.28733+""","=""""","=""3.51e+04""",B+,"=""10.43392""","=""42.81648""","=""3s.3p""","=""3P*""","=""2""","=""3p.3d""","=""3P*""","=""2""",5,5,E2,"=""T7942c84""","=""""",
"=""38.6362""","=""38.6359""","=""2""","=""""",,"=""33.56257""","=""65.6530""","=""3s.3d""","=""1D""","=""2""","=""3s.7f""","=""1F*""","=""3""",5,7,,"=""""","=""L5337""",
"=""39.1959""","=""39.19589""","=""1""","=""""",,"=""29.13083""","=""60.76277""","=""3s.3d""","=""3D""","=""3""","=""3s.6p""","=""3P*""","=""2""",7,5,,"=""""","=""L5337""",
"=""39.2035""","=""39.20408""","=""0""","=""""",,"=""29.12973""","=""60.75506""","=""3s.3d""","=""3D""","=""2""","=""3s.6p""","=""3P*""","=""1""",5,3,,"=""""","=""L5337""",
"=""39.3409""","=""39.34115""","=""1""","=""""",,"=""24.02059""","=""55.53573""","=""3p2""","=""1D""","=""2""","=""3s.5p""","=""1P*""","=""1""",5,3,,"=""""","=""L5337""",
"=""""","=""40.74477+""","=""""","=""8.27e+02""",B,"=""10.29366""","=""40.72314""","=""3s.3p""","=""3P*""","=""0""","=""3p.3d""","=""1D*""","=""2""",1,5,E2,"=""T7942c84""","=""""",
"=""""","=""40.80620+""","=""""","=""1.32e+02""",C+,"=""10.33948""","=""40.72314""","=""3s.3p""","=""3P*""","=""1""","=""3p.3d""","=""1D*""","=""2""",3,5,E2,"=""T7942c84""","=""""",
"=""""","=""40.93343+""","=""""","=""1.19e+02""",C+,"=""10.43392""","=""40.72314""","=""3s.3p""","=""3P*""","=""2""","=""3p.3d""","=""1D*""","=""2""",5,5,E2,"=""T7942c84""","=""""",
"=""""","=""41.63998+""","=""""","=""1.30e+05""",A,"=""10.33948""","=""40.11475""","=""3s.3p""","=""3P*""","=""1""","=""3p.3d""","=""3F*""","=""3""",3,7,E2,"=""T7942c84""","=""""",
"=""""","=""41.64782+""","=""""","=""9.03e+04""",B+,"=""10.29366""","=""40.06334""","=""3s.3p""","=""3P*""","=""0""","=""3p.3d""","=""3F*""","=""2""",1,5,E2,"=""T7942c84""","=""""",
"=""""","=""41.67971+""","=""""","=""1.92e+05""",A,"=""10.43392""","=""40.18081""","=""3s.3p""","=""3P*""","=""2""","=""3p.3d""","=""3F*""","=""4""",5,9,E2,"=""T7942c84""","=""""",
"=""""","=""41.71201+""","=""""","=""8.81e+04""",B+,"=""10.33948""","=""40.06334""","=""3s.3p""","=""3P*""","=""1""","=""3p.3d""","=""3F*""","=""2""",3,5,E2,"=""T7942c84""","=""""",
"=""""","=""41.71685+""","=""""","=""5.49e+03""",B+,"=""15.76468""","=""45.48509""","=""3s.3p""","=""1P*""","=""1""","=""3p.3d""","=""1F*""","=""3""",3,7,E2,"=""T7942c84""","=""""",
"=""41.7623""","=""41.7621""","=""3""","=""""",,"=""33.56257""","=""63.2508""","=""3s.3d""","=""1D""","=""2""","=""3s.6f""","=""1F*""","=""3""",5,7,,"=""""","=""L5337""",
"=""""","=""41.77247+""","=""""","=""6.12e+04""",B+,"=""10.43392""","=""40.11475""","=""3s.3p""","=""3P*""","=""2""","=""3p.3d""","=""3F*""","=""3""",5,7,E2,"=""T7942c84""","=""""",
"=""""","=""41.84470+""","=""""","=""8.38e+08""",E,"=""29.12973""","=""58.75934""","=""3s.3d""","=""3D""","=""2""","=""3s.5f""","=""3F*""","=""2""",5,5,,"=""T6298c4,LS""","=""""",
"=""""","=""41.84496+""","=""""","=""1.17e+04""",B+,"=""10.43392""","=""40.06334""","=""3s.3p""","=""3P*""","=""2""","=""3p.3d""","=""3F*""","=""2""",5,5,E2,"=""T7942c84""","=""""",
"=""41.8451""","=""41.84372""","=""12*""","=""4.53e+09""",E,"=""29.12903""","=""58.75934""","=""3s.3d""","=""3D""","=""1""","=""3s.5f""","=""3F*""","=""2""",3,5,,"=""T6298c4,LS""","=""L5337""",
"=""41.8451""","=""41.84461""","=""12*""","=""4.79e+09""",D,"=""29.12973""","=""58.75940""","=""3s.3d""","=""3D""","=""2""","=""3s.5f""","=""3F*""","=""3""",5,7,,"=""T6298c4,LS""","=""L5337""",
"=""41.8451""","=""41.84564""","=""12*""","=""5.39e+09""",D,"=""29.13083""","=""58.75977""","=""3s.3d""","=""3D""","=""3""","=""3s.5f""","=""3F*""","=""4""",7,9,,"=""T6298c4,LS""","=""L5337""",
"=""""","=""41.84617+""","=""""","=""5.98e+08""",E,"=""29.13083""","=""58.75940""","=""3s.3d""","=""3D""","=""3""","=""3s.5f""","=""3F*""","=""3""",7,7,,"=""T6298c4,LS""","=""""",
"=""""","=""41.84626+""","=""""","=""2.37e+07""",E',"=""29.13083""","=""58.75934""","=""3s.3d""","=""3D""","=""3""","=""3s.5f""","=""3F*""","=""2""",7,5,,"=""T6298c4,LS""","=""""",
"=""42.0665""","=""42.0667""","=""0*""","=""""",,"=""33.56257""","=""63.0358""","=""3s.3d""","=""1D""","=""2""","=""3s.6f""","=""3F*""","=""2""",5,5,,"=""""","=""L5337""",
"=""42.0665""","=""42.0667""","=""0*""","=""""",,"=""33.56257""","=""63.0358""","=""3s.3d""","=""1D""","=""2""","=""3s.6f""","=""3F*""","=""3""",5,7,,"=""""","=""L5337""",
"=""""","=""42.56277+""","=""""","=""9.57e-03""",D,"=""0.00000""","=""29.12973""","=""2p6.3s2""","=""1S""","=""0""","=""3s.3d""","=""3D""","=""2""",1,5,E2,"=""T7942c84""","=""""",
"=""43.3307""","=""43.3300""","=""9""","=""6.16e+09""",C,"=""24.02059""","=""52.63452""","=""3p2""","=""1D""","=""2""","=""3p.4s""","=""1P*""","=""1""",5,3,,"=""T7238""","=""L5337""",
"=""43.7504""","=""43.7501""","=""13""","=""1.22e+09""",B,"=""10.29366""","=""38.63287""","=""3s.3p""","=""3P*""","=""0""","=""3s.4s""","=""3S""","=""1""",1,3,,"=""T7942c84""","=""L5337""",
"=""43.8210""","=""43.8204""","=""14*""","=""""",,"=""24.02059""","=""52.31431""","=""3p2""","=""1D""","=""2""","=""3p.4s""","=""3P*""","=""2""",5,5,,"=""""","=""L5337""",
"=""43.8210""","=""43.8209""","=""14*""","=""3.68e+09""",B,"=""10.33948""","=""38.63287""","=""3s.3p""","=""3P*""","=""1""","=""3s.4s""","=""3S""","=""1""",3,3,,"=""T7942c84""","=""L5337""",
"=""43.9675""","=""43.9677""","=""15""","=""6.16e+09""",B,"=""10.43392""","=""38.63287""","=""3s.3p""","=""3P*""","=""2""","=""3s.4s""","=""3S""","=""1""",5,3,,"=""T7942c84""","=""L5337""",
"=""43.9904""","=""43.9913""","=""5""","=""1.58e+07""",D,"=""24.02059""","=""52.20439""","=""3p2""","=""1D""","=""2""","=""3p.4s""","=""3P*""","=""1""",5,3,,"=""T7238""","=""L5337""",
"=""""","=""44.5318+""","=""""","=""1.19e+07""",D,"=""24.79277""","=""52.63452""","=""3p2""","=""3P""","=""0""","=""3p.4s""","=""1P*""","=""1""",1,3,,"=""T7238""","=""""",
"=""44.5940""","=""44.5939""","=""6""","=""4.28e+08""",B,"=""24.02059""","=""51.82352""","=""3p2""","=""1D""","=""2""","=""3s.4f""","=""1F*""","=""3""",5,7,,"=""T7942c84""","=""L5337""",
"=""""","=""44.7668+""","=""""","=""1.06e+07""",D,"=""24.93893""","=""52.63452""","=""3p2""","=""3P""","=""2""","=""3p.4s""","=""1P*""","=""1""",5,3,,"=""T7238""","=""""",
"=""45.1325""","=""45.1319""","=""8""","=""1.58e+09""",C,"=""24.84279""","=""52.31431""","=""3p2""","=""3P""","=""1""","=""3p.4s""","=""3P*""","=""2""",3,5,,"=""T7238""","=""L5337""",
"=""45.2306""","=""45.2305""","=""7""","=""2.09e+09""",C,"=""24.79277""","=""52.20439""","=""3p2""","=""3P""","=""0""","=""3p.4s""","=""3P*""","=""1""",1,3,,"=""T7238""","=""L5337""",
"=""""","=""45.2777+""","=""""","=""5.13e+00""",C,"=""15.76468""","=""43.14777""","=""3s.3p""","=""1P*""","=""1""","=""3p.3d""","=""3D*""","=""2""",3,5,E2,"=""T7942c84""","=""""",
"=""45.2904""","=""45.2904""","=""8""","=""4.74e+09""",C+,"=""24.93893""","=""52.31431""","=""3p2""","=""3P""","=""2""","=""3p.4s""","=""3P*""","=""2""",5,5,,"=""T7238""","=""L5337""",
"=""""","=""45.3123+""","=""""","=""4.12e+02""",B,"=""15.76468""","=""43.12680""","=""3s.3p""","=""1P*""","=""1""","=""3p.3d""","=""3D*""","=""1""",3,3,E2,"=""T7942c84""","=""""",
"=""45.3134""","=""45.3132""","=""6bl""","=""1.56e+09""",C,"=""24.84279""","=""52.20439""","=""3p2""","=""3P""","=""1""","=""3p.4s""","=""3P*""","=""1""",3,3,,"=""T7238""","=""L5337""",
"=""45.3778""","=""45.3779""","=""6""","=""6.32e+09""",C,"=""24.84279""","=""52.16538""","=""3p2""","=""3P""","=""1""","=""3p.4s""","=""3P*""","=""0""",3,1,,"=""T7238""","=""L5337""",
"=""45.4735""","=""45.4730""","=""6""","=""2.57e+09""",C,"=""24.93893""","=""52.20439""","=""3p2""","=""3P""","=""2""","=""3p.4s""","=""3P*""","=""1""",5,3,,"=""T7238""","=""L5337""",
"=""""","=""45.7536+""","=""""","=""3.26e+01""",C+,"=""15.76468""","=""42.86292""","=""3s.3p""","=""1P*""","=""1""","=""3p.3d""","=""3P*""","=""1""",3,3,E2,"=""T7942c84""","=""""",
"=""""","=""45.8321+""","=""""","=""1.03e+02""",C+,"=""15.76468""","=""42.81648""","=""3s.3p""","=""1P*""","=""1""","=""3p.3d""","=""3P*""","=""2""",3,5,E2,"=""T7942c84""","=""""",
"=""""","=""46.1172+""","=""""","=""2.94e+06""",D,"=""24.93893""","=""51.82352""","=""3p2""","=""3P""","=""2""","=""3s.4f""","=""1F*""","=""3""",5,7,,"=""T7942c84""","=""""",
"=""47.0415""","=""47.0420""","=""1""","=""""",,"=""29.17968""","=""55.53573""","=""3p2""","=""1S""","=""0""","=""3s.5p""","=""1P*""","=""1""",1,3,,"=""""","=""L5337""",
"=""47.4966""","=""47.4964""","=""5""","=""""",,"=""29.13083""","=""55.23472""","=""3s.3d""","=""3D""","=""3""","=""3s.5p""","=""3P*""","=""2""",7,5,,"=""""","=""L5337""",
"=""47.5277""","=""47.5277""","=""4""","=""""",,"=""29.12973""","=""55.21642""","=""3s.3d""","=""3D""","=""2""","=""3s.5p""","=""3P*""","=""1""",5,3,,"=""""","=""L5337""",
"=""47.5373""","=""47.5371""","=""3""","=""""",,"=""29.12903""","=""55.21062""","=""3s.3d""","=""3D""","=""1""","=""3s.5p""","=""3P*""","=""0""",3,1,,"=""""","=""L5337""",
"=""48.7562""","=""48.7562""","=""5""","=""4.77e+09""",D,"=""33.56257""","=""58.99199""","=""3s.3d""","=""1D""","=""2""","=""3s.5f""","=""1F*""","=""3""",5,7,,"=""T6298c4""","=""L5337""",
"=""""","=""49.6762+""","=""""","=""8.00e+04""",A,"=""15.76468""","=""40.72314""","=""3s.3p""","=""1P*""","=""1""","=""3p.3d""","=""1D*""","=""2""",3,5,E2,"=""T7942c84""","=""""",
"=""""","=""49.71513+""","=""""","=""2.05e+02""",B,"=""0.00000""","=""24.93893""","=""2p6.3s2""","=""1S""","=""0""","=""3p2""","=""3P""","=""2""",1,5,E2,"=""T7942c84""","=""""",
"=""""","=""49.90752+""","=""""","=""1.66e-01""",D,"=""0.00000""","=""24.84279""","=""2p6.3s2""","=""1S""","=""0""","=""3p2""","=""3P""","=""1""",1,3,M1,"=""T7942c84""","=""""",
"=""""","=""50.9174+""","=""""","=""2.75e+00""",C,"=""15.76468""","=""40.11475""","=""3s.3p""","=""1P*""","=""1""","=""3p.3d""","=""3F*""","=""3""",3,7,E2,"=""T7942c84""","=""""",
"=""""","=""51.0251+""","=""""","=""2.99e+02""",B,"=""15.76468""","=""40.06334""","=""3s.3p""","=""1P*""","=""1""","=""3p.3d""","=""3F*""","=""2""",3,5,E2,"=""T7942c84""","=""""",
"=""51.6154""","=""51.6158""","=""2g""","=""3.41e+04""",B+,"=""0.00000""","=""24.02059""","=""2p6.3s2""","=""1S""","=""0""","=""3p2""","=""1D""","=""2""",1,5,E2,"=""T7942c84""","=""L5337""",
"=""51.8255""","=""51.8249""","=""12""","=""6.35e+09""",B,"=""15.76468""","=""39.68833""","=""3s.3p""","=""1P*""","=""1""","=""3s.4s""","=""1S""","=""0""",3,1,,"=""T7942c84""","=""L5337""",
"=""52.8603""","=""52.8608""","=""6""","=""1.31e+09""",C,"=""29.17968""","=""52.63452""","=""3p2""","=""1S""","=""0""","=""3p.4s""","=""1P*""","=""1""",1,3,,"=""T7238""","=""L5337""",
"=""53.3880""","=""53.3883""","=""4""","=""2.51e+06""",D,"=""10.33948""","=""33.56257""","=""3s.3p""","=""3P*""","=""1""","=""3s.3d""","=""1D""","=""2""",3,5,,"=""T7942c84""","=""L5337""",
"=""""","=""53.4754+""","=""""","=""5.03e+05""",E',"=""29.12903""","=""52.31431""","=""3s.3d""","=""3D""","=""1""","=""3p.4s""","=""3P*""","=""2""",3,5,,"=""T7238""","=""""",
"=""""","=""53.4770+""","=""""","=""7.57e+06""",D,"=""29.12973""","=""52.31431""","=""3s.3d""","=""3D""","=""2""","=""3p.4s""","=""3P*""","=""2""",5,5,,"=""T7238""","=""""",
"=""""","=""53.4795+""","=""""","=""4.29e+07""",D+,"=""29.13083""","=""52.31431""","=""3s.3d""","=""3D""","=""3""","=""3p.4s""","=""3P*""","=""2""",7,5,,"=""T7238""","=""""",
"=""53.6072""","=""53.6063""","=""2""","=""1.62e+05""",E',"=""10.43392""","=""33.56257""","=""3s.3p""","=""3P*""","=""2""","=""3s.3d""","=""1D""","=""2""",5,5,,"=""T7942c84""","=""L5337""",
"=""""","=""53.7301+""","=""""","=""1.27e+07""",D,"=""29.12903""","=""52.20439""","=""3s.3d""","=""3D""","=""1""","=""3p.4s""","=""3P*""","=""1""",3,3,,"=""T7238""","=""""",
"=""""","=""53.7318+""","=""""","=""3.81e+07""",D,"=""29.12973""","=""52.20439""","=""3s.3d""","=""3D""","=""2""","=""3p.4s""","=""3P*""","=""1""",5,3,,"=""T7238""","=""""",
"=""""","=""53.8211+""","=""""","=""5.16e+07""",D,"=""29.12903""","=""52.16538""","=""3s.3d""","=""3D""","=""1""","=""3p.4s""","=""3P*""","=""0""",3,1,,"=""T7238""","=""""",
"=""53.8467""","=""53.8483""","=""0""","=""""",,"=""29.17968""","=""52.20439""","=""3p2""","=""1S""","=""0""","=""3p.4s""","=""3P*""","=""1""",1,3,,"=""""","=""L5337""",
"=""""","=""54.00+""","=""""","=""2.65e+09""",D,"=""40.06334""","=""63.022""","=""3p.3d""","=""3F*""","=""2""","=""3s.6g""","=""3G""","=""3""",5,7,,"=""T6298c4,LS""","=""""",
"=""""","=""54.12+""","=""""","=""2.69e+09""",D,"=""40.11475""","=""63.022""","=""3p.3d""","=""3F*""","=""3""","=""3s.6g""","=""3G""","=""4""",7,9,,"=""T6298c4,LS""","=""""",
"=""""","=""54.12+""","=""""","=""2.30e+08""",E,"=""40.11475""","=""63.022""","=""3p.3d""","=""3F*""","=""3""","=""3s.6g""","=""3G""","=""3""",7,7,,"=""T6298c4,LS""","=""""",
"=""""","=""54.2169+""","=""""","=""5.34e+05""",D,"=""15.76468""","=""38.63287""","=""3s.3p""","=""1P*""","=""1""","=""3s.4s""","=""3S""","=""1""",3,3,,"=""T7942c84""","=""""",
"=""""","=""54.28+""","=""""","=""2.83e+09""",D,"=""40.18081""","=""63.022""","=""3p.3d""","=""3F*""","=""4""","=""3s.6g""","=""3G""","=""5""",9,11,,"=""T6298c4,LS""","=""""",
"=""""","=""54.28+""","=""""","=""1.78e+08""",E,"=""40.18081""","=""63.022""","=""3p.3d""","=""3F*""","=""4""","=""3s.6g""","=""3G""","=""4""",9,9,,"=""T6298c4,LS""","=""""",
"=""""","=""54.28+""","=""""","=""3.49e+06""",E',"=""40.18081""","=""63.022""","=""3p.3d""","=""3F*""","=""4""","=""3s.6g""","=""3G""","=""3""",9,7,,"=""T6298c4,LS""","=""""",
"=""54.6369""","=""54.6362""","=""2w*""","=""""",,"=""29.13083""","=""51.82352""","=""3s.3d""","=""3D""","=""3""","=""3s.4f""","=""1F*""","=""3""",7,7,,"=""""","=""L5337""",
"=""54.6369""","=""54.6374""","=""2w*""","=""""",,"=""43.32979""","=""66.0220""","=""3s.4p""","=""3P*""","=""2""","=""3s.8s""","=""3S""","=""1""",5,3,,"=""""","=""L5337""",
"=""56.3857""","=""56.3831""","=""0""","=""""",,"=""43.28564""","=""65.27524""","=""3s.4p""","=""3P*""","=""0""","=""3s.7d""","=""3D""","=""1""",1,3,,"=""""","=""L5337""",
"=""56.3911""","=""56.3911""","=""0""","=""""",,"=""43.29046""","=""65.27695""","=""3s.4p""","=""3P*""","=""1""","=""3s.7d""","=""3D""","=""2""",3,5,,"=""""","=""L5337""",
"=""56.4253""","=""56.4253""","=""4""","=""""",,"=""33.56257""","=""55.53573""","=""3s.3d""","=""1D""","=""2""","=""3s.5p""","=""1P*""","=""1""",5,3,,"=""""","=""L5337""",
"=""56.4897""","=""56.4897""","=""1""","=""""",,"=""43.32979""","=""65.27789""","=""3s.4p""","=""3P*""","=""2""","=""3s.7d""","=""3D""","=""3""",5,7,,"=""""","=""L5337""",
"=""56.8298""","=""56.8285""","=""13*""","=""1.06e+10""",B+,"=""29.12903""","=""50.94630""","=""3s.3d""","=""3D""","=""1""","=""3s.4f""","=""3F*""","=""2""",3,5,,"=""T7942c84""","=""L5337""",
"=""56.8298""","=""56.8295""","=""13*""","=""1.12e+10""",B+,"=""29.12973""","=""50.94661""","=""3s.3d""","=""3D""","=""2""","=""3s.4f""","=""3F*""","=""3""",5,7,,"=""T7942c84""","=""L5337""",
"=""56.8298""","=""56.8304""","=""13*""","=""1.26e+10""",B+,"=""29.13083""","=""50.94735""","=""3s.3d""","=""3D""","=""3""","=""3s.4f""","=""3F*""","=""4""",7,9,,"=""T7942c84""","=""L5337""",
"=""""","=""56.8303+""","=""""","=""1.96e+09""",B,"=""29.12973""","=""50.94630""","=""3s.3d""","=""3D""","=""2""","=""3s.4f""","=""3F*""","=""2""",5,5,,"=""T7942c84""","=""""",
"=""""","=""56.8324+""","=""""","=""1.40e+09""",B,"=""29.13083""","=""50.94661""","=""3s.3d""","=""3D""","=""3""","=""3s.4f""","=""3F*""","=""3""",7,7,,"=""T7942c84""","=""""",
"=""""","=""56.8332+""","=""""","=""5.58e+07""",C+,"=""29.13083""","=""50.94630""","=""3s.3d""","=""3D""","=""3""","=""3s.4f""","=""3F*""","=""2""",7,5,,"=""T7942c84""","=""""",
"=""57.7621""","=""57.7624""","=""15""","=""9.51e+09""",A,"=""24.02059""","=""45.48509""","=""3p2""","=""1D""","=""2""","=""3p.3d""","=""1F*""","=""3""",5,7,,"=""T7942c84""","=""L5337""",
"=""""","=""60.3442+""","=""""","=""5.64e+07""",B,"=""24.93893""","=""45.48509""","=""3p2""","=""3P""","=""2""","=""3p.3d""","=""1F*""","=""3""",5,7,,"=""T7942c84""","=""""",
"=""60.5834""","=""60.5837""","=""0w""","=""""",,"=""43.33674""","=""63.80167""","=""3s.4p""","=""1P*""","=""1""","=""3s.7s""","=""1S""","=""0""",3,1,,"=""""","=""L5337""",
"=""62.9040""","=""62.9040""","=""2w""","=""""",,"=""42.81648""","=""62.52653""","=""3p.3d""","=""3P*""","=""2""","=""3s.6d""","=""3D""","=""3""",5,7,,"=""""","=""L5337""",
"=""63.0549""","=""63.0545""","=""0""","=""""",,"=""42.86292""","=""62.52594""","=""3p.3d""","=""3P*""","=""1""","=""3s.6d""","=""3D""","=""2""",3,5,,"=""""","=""L5337""",
"=""64.186""","=""64.1868""","=""10bl""","=""1.37e+09""",B,"=""24.02059""","=""43.33674""","=""3p2""","=""1D""","=""2""","=""3s.4p""","=""1P*""","=""1""",5,3,,"=""T7942c84""","=""L5337""",
"=""64.3410""","=""64.3410""","=""6""","=""3.27e+08""",C+,"=""24.02059""","=""43.29046""","=""3p2""","=""1D""","=""2""","=""3s.4p""","=""3P*""","=""1""",5,3,,"=""T7942c84""","=""L5337""",
"=""""","=""64.7700+""","=""""","=""6.32e+07""",B,"=""24.02059""","=""43.16280""","=""3p2""","=""1D""","=""2""","=""3p.3d""","=""3D*""","=""3""",5,7,,"=""T7942c84""","=""""",
"=""64.8205""","=""64.8210""","=""2""","=""1.95e+07""",B,"=""24.02059""","=""43.14777""","=""3p2""","=""1D""","=""2""","=""3p.3d""","=""3D*""","=""2""",5,5,,"=""T7942c84""","=""L5337""",
"=""64.8923""","=""64.8921""","=""2""","=""1.39e+07""",D,"=""24.02059""","=""43.12680""","=""3p2""","=""1D""","=""2""","=""3p.3d""","=""3D*""","=""1""",5,3,,"=""T7942c84""","=""L5337""",
"=""64.9471""","=""64.9478""","=""0""","=""""",,"=""49.29676""","=""68.3866""","=""3s.4d""","=""1D""","=""2""","=""3s.9f""","=""1F*""","=""3""",5,7,,"=""""","=""L5337""",
"=""65.0085""","=""65.0087""","=""4""","=""1.98e+09""",C,"=""33.56257""","=""52.63452""","=""3s.3d""","=""1D""","=""2""","=""3p.4s""","=""1P*""","=""1""",5,3,,"=""T7238""","=""L5337""",
"=""""","=""65.8009+""","=""""","=""6.13e+06""",C,"=""24.02059""","=""42.86292""","=""3p2""","=""1D""","=""2""","=""3p.3d""","=""3P*""","=""1""",5,3,,"=""T7942c84""","=""""",
"=""""","=""65.8083+""","=""""","=""2.29e+06""",B,"=""10.33948""","=""29.17968""","=""3s.3p""","=""3P*""","=""1""","=""3p2""","=""1S""","=""0""",3,1,,"=""T7942c84""","=""""",
"=""65.8252""","=""65.8252""","=""15""","=""3.56e+09""",B+,"=""10.29366""","=""29.12903""","=""3s.3p""","=""3P*""","=""0""","=""3s.3d""","=""3D""","=""1""",1,3,,"=""T7942c84""","=""L5337""",
"=""""","=""65.9635+""","=""""","=""3.40e+06""",C,"=""24.02059""","=""42.81648""","=""3p2""","=""1D""","=""2""","=""3p.3d""","=""3P*""","=""2""",5,5,,"=""T7942c84""","=""""",
"=""65.9833""","=""65.9833""","=""16""","=""4.77e+09""",B+,"=""10.33948""","=""29.12973""","=""3s.3p""","=""3P*""","=""1""","=""3s.3d""","=""3D""","=""2""",3,5,,"=""T7942c84""","=""L5337""",
"=""""","=""65.9857""","=""""","=""2.65e+09""",B+,"=""10.33948""","=""29.12903""","=""3s.3p""","=""3P*""","=""1""","=""3s.3d""","=""3D""","=""1""",3,3,,"=""T7942c84""","=""""",
"=""""","=""66.1398+""","=""""","=""1.09e+00""",B+,"=""10.43392""","=""29.17968""","=""3s.3p""","=""3P*""","=""2""","=""3p2""","=""1S""","=""0""",5,1,M2,"=""T7942c84""","=""""",
"=""66.3131""","=""66.3126""","=""18""","=""6.28e+09""",B+,"=""10.43392""","=""29.13083""","=""3s.3p""","=""3P*""","=""2""","=""3s.3d""","=""3D""","=""3""",5,7,,"=""T7942c84""","=""L5337""",
"=""""","=""66.3166""","=""""","=""1.57e+09""",B+,"=""10.43392""","=""29.12973""","=""3s.3p""","=""3P*""","=""2""","=""3s.3d""","=""3D""","=""2""",5,5,,"=""T7942c84""","=""""",
"=""""","=""66.3190""","=""""","=""1.74e+08""",C+,"=""10.43392""","=""29.12903""","=""3s.3p""","=""3P*""","=""2""","=""3s.3d""","=""3D""","=""1""",5,3,,"=""T7942c84""","=""""",
"=""66.507""","=""66.5086""","=""1bl""","=""""",,"=""33.56257""","=""52.20439""","=""3s.3d""","=""1D""","=""2""","=""3p.4s""","=""3P*""","=""1""",5,3,,"=""""","=""L5337""",
"=""""","=""66.8596+""","=""""","=""1.25e+07""",D+,"=""24.79277""","=""43.33674""","=""3p2""","=""3P""","=""0""","=""3s.4p""","=""1P*""","=""1""",1,3,,"=""T7942c84""","=""""",
"=""""","=""67.0269+""","=""""","=""1.63e+06""",D,"=""24.79277""","=""43.29046""","=""3p2""","=""3P""","=""0""","=""3s.4p""","=""3P*""","=""1""",1,3,,"=""T7942c84""","=""""",
"=""""","=""67.0404+""","=""""","=""8.37e+06""",D+,"=""24.84279""","=""43.33674""","=""3p2""","=""3P""","=""1""","=""3s.4p""","=""1P*""","=""1""",3,3,,"=""T7942c84""","=""""",
"=""""","=""67.0656+""","=""""","=""1.17e+06""",D,"=""24.84279""","=""43.32979""","=""3p2""","=""3P""","=""1""","=""3s.4p""","=""3P*""","=""2""",3,5,,"=""T7942c84""","=""""",
"=""""","=""67.2086+""","=""""","=""1.34e+06""",D,"=""24.84279""","=""43.29046""","=""3p2""","=""3P""","=""1""","=""3s.4p""","=""3P*""","=""1""",3,3,,"=""T7942c84""","=""""",
"=""""","=""67.2262+""","=""""","=""2.13e+04""",E',"=""24.84279""","=""43.28564""","=""3p2""","=""3P""","=""1""","=""3s.4p""","=""3P*""","=""0""",3,1,,"=""T7942c84""","=""""",
"=""""","=""67.3907+""","=""""","=""9.14e+06""",D+,"=""24.93893""","=""43.33674""","=""3p2""","=""3P""","=""2""","=""3s.4p""","=""1P*""","=""1""",5,3,,"=""T7942c84""","=""""",
"=""""","=""67.4162+""","=""""","=""3.91e+05""",D,"=""24.93893""","=""43.32979""","=""3p2""","=""3P""","=""2""","=""3s.4p""","=""3P*""","=""2""",5,5,,"=""T7942c84""","=""""",
"=""""","=""67.5479+""","=""""","=""2.90e-01""",A,"=""24.79277""","=""43.14777""","=""3p2""","=""3P""","=""0""","=""3p.3d""","=""3D*""","=""2""",1,5,M2,"=""T7942c84""","=""""",
"=""""","=""67.5607+""","=""""","=""2.13e+06""",D,"=""24.93893""","=""43.29046""","=""3p2""","=""3P""","=""2""","=""3s.4p""","=""3P*""","=""1""",5,3,,"=""T7942c84""","=""""",
"=""67.6254""","=""67.6252""","=""8""","=""3.99e+09""",A,"=""24.79277""","=""43.12680""","=""3p2""","=""3P""","=""0""","=""3p.3d""","=""3D*""","=""1""",1,3,,"=""T7942c84""","=""L5337""",
"=""""","=""67.6769+""","=""""","=""2.88e-01""",A,"=""24.84279""","=""43.16280""","=""3p2""","=""3P""","=""1""","=""3p.3d""","=""3D*""","=""3""",3,7,M2,"=""T7942c84""","=""""",
"=""67.7329""","=""67.7325""","=""10""","=""5.65e+09""",A,"=""24.84279""","=""43.14777""","=""3p2""","=""3P""","=""1""","=""3p.3d""","=""3D*""","=""2""",3,5,,"=""T7942c84""","=""L5337""",
"=""67.8096""","=""67.8102""","=""11""","=""4.40e+09""",A,"=""24.84279""","=""43.12680""","=""3p2""","=""3P""","=""1""","=""3p.3d""","=""3D*""","=""1""",3,3,,"=""T7942c84""","=""L5337""",
"=""67.8960""","=""67.8958""","=""10""","=""1.15e+10""",B+,"=""33.56257""","=""51.82352""","=""3s.3d""","=""1D""","=""2""","=""3s.4f""","=""1F*""","=""3""",5,7,,"=""T7942c84""","=""L5337""",
"=""68.0330""","=""68.0339""","=""10""","=""8.89e+09""",A,"=""24.93893""","=""43.16280""","=""3p2""","=""3P""","=""2""","=""3p.3d""","=""3D*""","=""3""",5,7,,"=""T7942c84""","=""L5337""",
"=""68.0937""","=""68.0901""","=""12bl""","=""3.24e+09""",A,"=""24.93893""","=""43.14777""","=""3p2""","=""3P""","=""2""","=""3p.3d""","=""3D*""","=""2""",5,5,,"=""T7942c84""","=""L5337""",
"=""68.1678""","=""68.1686""","=""5""","=""5.23e+08""",A,"=""24.93893""","=""43.12680""","=""3p2""","=""3P""","=""2""","=""3p.3d""","=""3D*""","=""1""",5,3,,"=""T7942c84""","=""L5337""",
"=""68.6130""","=""68.6127""","=""3""","=""2.72e+09""",A,"=""24.79277""","=""42.86292""","=""3p2""","=""3P""","=""0""","=""3p.3d""","=""3P*""","=""1""",1,3,,"=""T7942c84""","=""L5337""",
"=""68.6899""","=""68.6896""","=""7""","=""5.11e+09""",A,"=""24.84279""","=""42.89271""","=""3p2""","=""3P""","=""1""","=""3p.3d""","=""3P*""","=""0""",3,1,,"=""T7942c84""","=""L5337""",
"=""68.8029""","=""68.8031""","=""7""","=""6.47e+08""",A,"=""24.84279""","=""42.86292""","=""3p2""","=""3P""","=""1""","=""3p.3d""","=""3P*""","=""1""",3,3,,"=""T7942c84""","=""L5337""",
"=""68.9810""","=""68.9809""","=""9""","=""2.36e+09""",A,"=""24.84279""","=""42.81648""","=""3p2""","=""3P""","=""1""","=""3p.3d""","=""3P*""","=""2""",3,5,,"=""T7942c84""","=""L5337""",
"=""69.1722""","=""69.1722""","=""7""","=""1.81e+09""",A,"=""24.93893""","=""42.86292""","=""3p2""","=""3P""","=""2""","=""3p.3d""","=""3P*""","=""1""",5,3,,"=""T7942c84""","=""L5337""",
"=""69.3515""","=""69.3519""","=""9""","=""2.76e+09""",A,"=""24.93893""","=""42.81648""","=""3p2""","=""3P""","=""2""","=""3p.3d""","=""3P*""","=""2""",5,5,,"=""T7942c84""","=""L5337""",
"=""69.6627""","=""69.6623""","=""18""","=""1.12e+10""",B+,"=""15.76468""","=""33.56257""","=""3s.3p""","=""1P*""","=""1""","=""3s.3d""","=""1D""","=""2""",3,5,,"=""T7942c84""","=""L5337""",
"=""70.5340""","=""70.5342""","=""3""","=""1.46e+09""",D,"=""40.72314""","=""58.30102""","=""3p.3d""","=""1D*""","=""2""","=""3s.5d""","=""1D""","=""2""",5,5,,"=""T6298c4""","=""L5337""",
"=""""","=""70.743+""","=""""","=""1.74e+09""",D,"=""45.48509""","=""63.0110""","=""3p.3d""","=""1F*""","=""3""","=""3s.6g""","=""1G""","=""4""",7,9,,"=""T6298c4""","=""""",
"=""71.4772""","=""71.4774""","=""1""","=""""",,"=""49.10526""","=""66.4512""","=""3s.4d""","=""3D""","=""3""","=""3s.8p""","=""3P*""","=""2""",7,5,,"=""""","=""L5337""",
"=""73.6092""","=""73.6093""","=""3""","=""""",,"=""43.33674""","=""60.18029""","=""3s.4p""","=""1P*""","=""1""","=""3s.6s""","=""1S""","=""0""",3,1,,"=""""","=""L5337""",
"=""74.2303""","=""74.2307""","=""12""","=""4.74e+09""",B+,"=""24.02059""","=""40.72314""","=""3p2""","=""1D""","=""2""","=""3p.3d""","=""1D*""","=""2""",5,5,,"=""T7942c84""","=""L5337""",
"=""74.3325""","=""74.3321""","=""3""","=""""",,"=""43.28564""","=""59.96540""","=""3s.4p""","=""3P*""","=""0""","=""3s.6s""","=""3S""","=""1""",1,3,,"=""""","=""L5337""",
"=""74.3536""","=""74.3536""","=""4""","=""""",,"=""43.29046""","=""59.96540""","=""3s.4p""","=""3P*""","=""1""","=""3s.6s""","=""3S""","=""1""",3,3,,"=""""","=""L5337""",
"=""74.5293""","=""74.5294""","=""5""","=""""",,"=""43.32979""","=""59.96540""","=""3s.4p""","=""3P*""","=""2""","=""3s.6s""","=""3S""","=""1""",5,3,,"=""""","=""L5337""",
"=""74.6815""","=""74.6809""","=""0w""","=""""",,"=""38.63287""","=""55.23472""","=""3s.4s""","=""3S""","=""1""","=""3s.5p""","=""3P*""","=""2""",3,5,,"=""""","=""L5337""",
"=""""","=""75.25+""","=""""","=""5.56e+08""",E,"=""49.10090""","=""65.578""","=""3s.4d""","=""3D""","=""1""","=""3s.7f""","=""3F*""","=""2""",3,5,,"=""T6298c4,LS""","=""""",
"=""""","=""75.26+""","=""""","=""5.88e+08""",E,"=""49.10264""","=""65.578""","=""3s.4d""","=""3D""","=""2""","=""3s.7f""","=""3F*""","=""3""",5,7,,"=""T6298c4,LS""","=""""",
"=""""","=""75.26+""","=""""","=""1.03e+08""",E,"=""49.10264""","=""65.578""","=""3s.4d""","=""3D""","=""2""","=""3s.7f""","=""3F*""","=""2""",5,5,,"=""T6298c4,LS""","=""""",
"=""""","=""75.27+""","=""""","=""6.62e+08""",D,"=""49.10526""","=""65.578""","=""3s.4d""","=""3D""","=""3""","=""3s.7f""","=""3F*""","=""4""",7,9,,"=""T6298c4,LS""","=""""",
"=""""","=""75.27+""","=""""","=""7.37e+07""",E,"=""49.10526""","=""65.578""","=""3s.4d""","=""3D""","=""3""","=""3s.7f""","=""3F*""","=""3""",7,7,,"=""T6298c4,LS""","=""""",
"=""""","=""75.27+""","=""""","=""2.92e+06""",E',"=""49.10526""","=""65.578""","=""3s.4d""","=""3D""","=""3""","=""3s.7f""","=""3F*""","=""2""",7,5,,"=""T6298c4,LS""","=""""",
"=""75.8014""","=""75.8025""","=""1""","=""7.38e+08""",D,"=""49.29676""","=""65.6530""","=""3s.4d""","=""1D""","=""2""","=""3s.7f""","=""1F*""","=""3""",5,7,,"=""T6298c4""","=""L5337""",
"=""""","=""75.8032+""","=""""","=""2.40e-01""",A,"=""29.12903""","=""45.48509""","=""3s.3d""","=""3D""","=""1""","=""3p.3d""","=""1F*""","=""3""",3,7,M2,"=""T7942c84""","=""""",
"=""""","=""75.8064+""","=""""","=""1.73e+04""",E',"=""29.12973""","=""45.48509""","=""3s.3d""","=""3D""","=""2""","=""3p.3d""","=""1F*""","=""3""",5,7,,"=""T7942c84""","=""""",
"=""""","=""75.8116+""","=""""","=""8.91e+05""",D+,"=""29.13083""","=""45.48509""","=""3s.3d""","=""3D""","=""3""","=""3p.3d""","=""1F*""","=""3""",7,7,,"=""T7942c84""","=""""",
"=""75.8899""","=""75.8903""","=""2""","=""""",,"=""40.72314""","=""57.06043""","=""3p.3d""","=""1D*""","=""2""","=""3p.4p""","=""1D""","=""2""",5,5,,"=""""","=""L5337""",
"=""""","=""76.7218+""","=""""","=""9.11e-01""",A,"=""24.02059""","=""40.18081""","=""3p2""","=""1D""","=""2""","=""3p.3d""","=""3F*""","=""4""",5,9,M2,"=""T7942c84""","=""""",
"=""""","=""76.8863+""","=""""","=""4.25e+06""",E',"=""40.06334""","=""56.18898""","=""3p.3d""","=""3F*""","=""2""","=""3p.4p""","=""3D""","=""3""",5,7,,"=""T6298c4,LS""","=""""",
"=""77.0371""","=""77.0367""","=""0""","=""5.26e+05""",B,"=""24.02059""","=""40.11475""","=""3p2""","=""1D""","=""2""","=""3p.3d""","=""3F*""","=""3""",5,7,,"=""T7942c84""","=""L5337""",
"=""77.1325""","=""77.1323""","=""3""","=""1.49e+08""",E,"=""40.11475""","=""56.18898""","=""3p.3d""","=""3F*""","=""3""","=""3p.4p""","=""3D""","=""3""",7,7,,"=""T6298c4,LS""","=""L5337""",
"=""77.2835""","=""77.2836""","=""4""","=""2.33e+07""",B,"=""24.02059""","=""40.06334""","=""3p2""","=""1D""","=""2""","=""3p.3d""","=""3F*""","=""2""",5,5,,"=""T7942c84""","=""L5337""",
"=""77.3304""","=""77.3310""","=""2""","=""2.07e+08""",E,"=""40.06334""","=""56.09625""","=""3p.3d""","=""3F*""","=""2""","=""3p.4p""","=""3D""","=""2""",5,5,,"=""T6298c4,LS""","=""L5337""",
"=""77.447""","=""77.4506""","=""8bl""","=""1.70e+09""",D,"=""40.18081""","=""56.18898""","=""3p.3d""","=""3F*""","=""4""","=""3p.4p""","=""3D""","=""3""",9,7,,"=""T6298c4,LS""","=""L5337""",
"=""77.547""","=""77.5487""","=""8bl""","=""1.84e+09""",D,"=""40.06334""","=""56.05125""","=""3p.3d""","=""3F*""","=""2""","=""3p.4p""","=""3D""","=""1""",5,3,,"=""T6298c4,LS""","=""L5337""",
"=""77.5797""","=""77.5798""","=""6""","=""1.63e+09""",D,"=""40.11475""","=""56.09625""","=""3p.3d""","=""3F*""","=""3""","=""3p.4p""","=""3D""","=""2""",7,5,,"=""T6298c4,LS""","=""L5337""",
"=""""","=""78.0739+""","=""""","=""1.72e+06""",B,"=""24.84279""","=""40.72314""","=""3p2""","=""3P""","=""1""","=""3p.3d""","=""1D*""","=""2""",3,5,,"=""T7942c84""","=""""",
"=""""","=""78.5495+""","=""""","=""1.25e+07""",B,"=""24.93893""","=""40.72314""","=""3p2""","=""3P""","=""2""","=""3p.3d""","=""1D*""","=""2""",5,5,,"=""T7942c84""","=""""",
"=""78.6470""","=""78.6468""","=""17g""","=""4.87e+09""",A,"=""0.00000""","=""15.76468""","=""2p6.3s2""","=""1S""","=""0""","=""3s.3p""","=""1P*""","=""1""",1,3,,"=""T7942c84""","=""L5337""",
"=""80.2935""","=""80.2939""","=""1""","=""""",,"=""49.10264""","=""64.5439""","=""3s.4d""","=""3D""","=""2""","=""3s.7p""","=""3P*""","=""2""",5,5,,"=""""","=""L5337""",
"=""80.3078""","=""80.3075""","=""2""","=""""",,"=""49.10526""","=""64.5439""","=""3s.4d""","=""3D""","=""3""","=""3s.7p""","=""3P*""","=""2""",7,5,,"=""""","=""L5337""",
"=""81.0599""","=""81.0603""","=""0w""","=""""",,"=""43.29046""","=""58.58577""","=""3s.4p""","=""3P*""","=""1""","=""3p.4p""","=""1S""","=""0""",3,1,,"=""""","=""L5337""",
"=""81.3063""","=""81.3063""","=""1""","=""""",,"=""43.33674""","=""58.58577""","=""3s.4p""","=""1P*""","=""1""","=""3p.4p""","=""1S""","=""0""",3,1,,"=""""","=""L5337""",
"=""""","=""81.3444+""","=""""","=""1.62e-01""",A,"=""24.93893""","=""40.18081""","=""3p2""","=""3P""","=""2""","=""3p.3d""","=""3F*""","=""4""",5,9,M2,"=""T7942c84""","=""""",
"=""82.2119""","=""82.2117""","=""3""","=""1.42e+09""",D,"=""40.72314""","=""55.80423""","=""3p.3d""","=""1D*""","=""2""","=""3p.4p""","=""1P""","=""1""",5,3,,"=""T6298c4""","=""L5337""",
"=""82.8541""","=""82.8535""","=""1""","=""""",,"=""43.33674""","=""58.30102""","=""3s.4p""","=""1P*""","=""1""","=""3s.5d""","=""1D""","=""2""",3,5,,"=""""","=""L5337""",
"=""84.2778""","=""84.2788""","=""1""","=""""",,"=""43.32979""","=""58.04098""","=""3s.4p""","=""3P*""","=""2""","=""3s.5d""","=""3D""","=""3""",5,7,,"=""""","=""L5337""",
"=""84.3580""","=""84.3579""","=""1""","=""""",,"=""43.33674""","=""58.03414""","=""3s.4p""","=""1P*""","=""1""","=""3s.5d""","=""3D""","=""2""",3,5,,"=""""","=""L5337""",
"=""84.9238""","=""84.9239""","=""15""","=""1.05e+09""",A,"=""10.33948""","=""24.93893""","=""3s.3p""","=""3P*""","=""1""","=""3p2""","=""3P""","=""2""",3,5,,"=""T7942c84""","=""L5337""",
"=""85.2176""","=""85.2176""","=""14""","=""1.40e+09""",A,"=""10.29366""","=""24.84279""","=""3s.3p""","=""3P*""","=""0""","=""3p2""","=""3P""","=""1""",1,3,,"=""T7942c84""","=""L5337""",
"=""85.4773""","=""85.4768""","=""17""","=""3.10e+09""",A,"=""10.43392""","=""24.93893""","=""3s.3p""","=""3P*""","=""2""","=""3p2""","=""3P""","=""2""",5,5,,"=""T7942c84""","=""L5337""",
"=""85.4865""","=""85.4868""","=""16""","=""1.04e+09""",A,"=""10.33948""","=""24.84279""","=""3s.3p""","=""3P*""","=""1""","=""3p2""","=""3P""","=""1""",3,3,,"=""T7942c84""","=""L5337""",
"=""85.7829""","=""85.7826""","=""15""","=""4.11e+09""",A,"=""10.33948""","=""24.79277""","=""3s.3p""","=""3P*""","=""1""","=""3p2""","=""3P""","=""0""",3,1,,"=""T7942c84""","=""L5337""",
"=""86.0471""","=""86.0471""","=""15""","=""1.69e+09""",A,"=""10.43392""","=""24.84279""","=""3s.3p""","=""3P*""","=""2""","=""3p2""","=""3P""","=""1""",5,3,,"=""T7942c84""","=""L5337""",
"=""""","=""87.2654+""","=""""","=""4.72e+07""",C,"=""29.12903""","=""43.33674""","=""3s.3d""","=""3D""","=""1""","=""3s.4p""","=""1P*""","=""1""",3,3,,"=""T7942c84""","=""""",
"=""87.2689""","=""87.2697""","=""6""","=""2.72e+08""",C+,"=""29.12973""","=""43.33674""","=""3s.3d""","=""3D""","=""2""","=""3s.4p""","=""1P*""","=""1""",5,3,,"=""T7942c84""","=""L5337""",
"=""87.2947""","=""87.2939""","=""2""","=""1.13e+09""",D,"=""42.81648""","=""57.01955""","=""3p.3d""","=""3P*""","=""2""","=""3p.4p""","=""3S""","=""1""",5,3,,"=""T6298c4,LS""","=""L5337""",
"=""""","=""87.3082+""","=""""","=""1.39e+07""",C+,"=""29.12903""","=""43.32979""","=""3s.3d""","=""3D""","=""1""","=""3s.4p""","=""3P*""","=""2""",3,5,,"=""T7942c84""","=""""",
"=""""","=""87.3125+""","=""""","=""2.22e+08""",B,"=""29.12973""","=""43.32979""","=""3s.3d""","=""3D""","=""2""","=""3s.4p""","=""3P*""","=""2""",5,5,,"=""T7942c84""","=""""",
"=""87.3191""","=""87.3192""","=""9""","=""1.35e+09""",B+,"=""29.13083""","=""43.32979""","=""3s.3d""","=""3D""","=""3""","=""3s.4p""","=""3P*""","=""2""",7,5,,"=""T7942c84""","=""L5337""",
"=""""","=""87.5506+""","=""""","=""3.44e+08""",B,"=""29.12903""","=""43.29046""","=""3s.3d""","=""3D""","=""1""","=""3s.4p""","=""3P*""","=""1""",3,3,,"=""T7942c84""","=""""",
"=""87.5552""","=""87.5549""","=""8""","=""9.25e+08""",B,"=""29.12973""","=""43.29046""","=""3s.3d""","=""3D""","=""2""","=""3s.4p""","=""3P*""","=""1""",5,3,,"=""T7942c84""","=""L5337""",
"=""87.5802""","=""87.5776""","=""7w*""","=""7.59e+07""",C+,"=""29.17968""","=""43.33674""","=""3p2""","=""1S""","=""0""","=""3s.4p""","=""1P*""","=""1""",1,3,,"=""T7942c84""","=""L5337""",
"=""87.5802""","=""87.5803""","=""7w*""","=""6.73e+08""",E,"=""42.86292""","=""57.01955""","=""3p.3d""","=""3P*""","=""1""","=""3p.4p""","=""3S""","=""1""",3,3,,"=""T6298c4,LS""","=""L5337""",
"=""87.5802""","=""87.5805""","=""7w*""","=""1.58e+09""",B,"=""29.12903""","=""43.28564""","=""3s.3d""","=""3D""","=""1""","=""3s.4p""","=""3P*""","=""0""",3,1,,"=""T7942c84""","=""L5337""",
"=""87.7656""","=""87.7650""","=""0""","=""2.23e+08""",E,"=""42.89271""","=""57.01955""","=""3p.3d""","=""3P*""","=""0""","=""3p.4p""","=""3S""","=""1""",1,3,,"=""T6298c4,LS""","=""L5337""",
"=""87.8641""","=""87.8649""","=""2""","=""1.68e+07""",C,"=""29.17968""","=""43.29046""","=""3p2""","=""1S""","=""0""","=""3s.4p""","=""3P*""","=""1""",1,3,,"=""T7942c84""","=""L5337""",
"=""""","=""88.3514""","=""""","=""2.34e+08""",B,"=""29.12973""","=""43.16280""","=""3s.3d""","=""3D""","=""2""","=""3p.3d""","=""3D*""","=""3""",5,7,,"=""T7942c84""","=""""",
"=""88.3589""","=""88.3583""","=""10""","=""1.73e+09""",B+,"=""29.13083""","=""43.16280""","=""3s.3d""","=""3D""","=""3""","=""3p.3d""","=""3D*""","=""3""",7,7,,"=""T7942c84""","=""L5337""",
"=""88.4151""","=""88.4152""","=""4""","=""7.20e+08""",D,"=""42.81648""","=""56.83943""","=""3p.3d""","=""3P*""","=""2""","=""3p.4p""","=""3P""","=""2""",5,5,,"=""T6298c4,LS""","=""L5337""",
"=""""","=""88.4418""","=""""","=""3.29e+08""",B,"=""29.12903""","=""43.14777""","=""3s.3d""","=""3D""","=""1""","=""3p.3d""","=""3D*""","=""2""",3,5,,"=""T7942c84""","=""""",
"=""88.4466""","=""88.4462""","=""9""","=""1.55e+09""",B+,"=""29.12973""","=""43.14777""","=""3s.3d""","=""3D""","=""2""","=""3p.3d""","=""3D*""","=""2""",5,5,,"=""T7942c84""","=""L5337""",
"=""""","=""88.4531""","=""""","=""8.89e+07""",B,"=""29.13083""","=""43.14777""","=""3s.3d""","=""3D""","=""3""","=""3p.3d""","=""3D*""","=""2""",7,5,,"=""T7942c84""","=""""",
"=""""","=""88.5497+""","=""""","=""2.98e+06""",D,"=""38.63287""","=""52.63452""","=""3s.4s""","=""3S""","=""1""","=""3p.4s""","=""1P*""","=""1""",3,3,,"=""T7238""","=""""",
"=""88.5745""","=""88.5743""","=""7""","=""1.73e+09""",B+,"=""29.12903""","=""43.12680""","=""3s.3d""","=""3D""","=""1""","=""3p.3d""","=""3D*""","=""1""",3,3,,"=""T7942c84""","=""L5337""",
"=""""","=""88.5787""","=""""","=""2.23e+08""",B,"=""29.12973""","=""43.12680""","=""3s.3d""","=""3D""","=""2""","=""3p.3d""","=""3D*""","=""1""",5,3,,"=""T7942c84""","=""""",
"=""88.7092""","=""88.7090""","=""0""","=""2.37e+08""",E,"=""42.86292""","=""56.83943""","=""3p.3d""","=""3P*""","=""1""","=""3p.4p""","=""3P""","=""2""",3,5,,"=""T6298c4,LS""","=""L5337""",
"=""88.8288""","=""88.8294""","=""1""","=""3.94e+08""",E,"=""42.81648""","=""56.77404""","=""3p.3d""","=""3P*""","=""2""","=""3p.4p""","=""3P""","=""1""",5,3,,"=""T6298c4,LS""","=""L5337""",
"=""88.8518""","=""88.8519""","=""3""","=""1.49e+09""",D,"=""49.29676""","=""63.2508""","=""3s.4d""","=""1D""","=""2""","=""3s.6f""","=""1F*""","=""3""",5,7,,"=""T6298c4""","=""L5337""",
"=""""","=""88.974+""","=""""","=""1.09e+09""",D,"=""49.10090""","=""63.0358""","=""3s.4d""","=""3D""","=""1""","=""3s.6f""","=""3F*""","=""2""",3,5,,"=""T6298c4,LS""","=""""",
"=""""","=""88.985+""","=""""","=""1.16e+09""",D,"=""49.10264""","=""63.0358""","=""3s.4d""","=""3D""","=""2""","=""3s.6f""","=""3F*""","=""3""",5,7,,"=""T6298c4,LS""","=""""",
"=""""","=""88.985+""","=""""","=""2.03e+08""",E,"=""49.10264""","=""63.0358""","=""3s.4d""","=""3D""","=""2""","=""3s.6f""","=""3F*""","=""2""",5,5,,"=""T6298c4,LS""","=""""",
"=""89.0017""","=""89.0017""","=""3w""","=""1.30e+09""",D,"=""49.10526""","=""63.0358""","=""3s.4d""","=""3D""","=""3""","=""3s.6f""","=""3F*""","=""4""",7,9,,"=""T6298c4,LS""","=""L5337""",
"=""""","=""89.002+""","=""""","=""1.45e+08""",E,"=""49.10526""","=""63.0358""","=""3s.4d""","=""3D""","=""3""","=""3s.6f""","=""3F*""","=""3""",7,7,,"=""T6298c4,LS""","=""""",
"=""""","=""89.002+""","=""""","=""5.72e+06""",E',"=""49.10526""","=""63.0358""","=""3s.4d""","=""3D""","=""3""","=""3s.6f""","=""3F*""","=""2""",7,5,,"=""T6298c4,LS""","=""""",
"=""""","=""89.1260+""","=""""","=""2.34e+08""",E,"=""42.86292""","=""56.77404""","=""3p.3d""","=""3P*""","=""1""","=""3p.4p""","=""3P""","=""1""",3,3,,"=""T6298c4,LS""","=""""",
"=""89.3203""","=""89.3172""","=""0w*""","=""3.09e+08""",E,"=""42.89271""","=""56.77404""","=""3p.3d""","=""3P*""","=""0""","=""3p.4p""","=""3P""","=""1""",1,3,,"=""T6298c4,LS""","=""L5337""",
"=""89.3203""","=""89.3234""","=""0w*""","=""9.30e+08""",E,"=""42.86292""","=""56.74329""","=""3p.3d""","=""3P*""","=""1""","=""3p.4p""","=""3P""","=""0""",3,1,,"=""T6298c4,LS""","=""L5337""",
"=""90.0806""","=""90.0808""","=""5""","=""2.10e+09""",B,"=""29.12903""","=""42.89271""","=""3s.3d""","=""3D""","=""1""","=""3p.3d""","=""3P*""","=""0""",3,1,,"=""T7942c84""","=""L5337""",
"=""""","=""90.2761""","=""""","=""2.73e+08""",B,"=""29.12903""","=""42.86292""","=""3s.3d""","=""3D""","=""1""","=""3p.3d""","=""3P*""","=""1""",3,3,,"=""T7942c84""","=""""",
"=""90.2806""","=""90.2807""","=""8w""","=""1.81e+09""",B+,"=""29.12973""","=""42.86292""","=""3s.3d""","=""3D""","=""2""","=""3p.3d""","=""3P*""","=""1""",5,3,,"=""T7942c84""","=""L5337""",
"=""90.3042""","=""90.3076""","=""1w""","=""""",,"=""43.29046""","=""57.01955""","=""3s.4p""","=""3P*""","=""1""","=""3p.4p""","=""3S""","=""1""",3,3,,"=""""","=""L5337""",
"=""90.3433""","=""90.3432""","=""3""","=""1.50e+09""",D,"=""43.33674""","=""57.06043""","=""3s.4p""","=""1P*""","=""1""","=""3p.4p""","=""1D""","=""2""",3,5,,"=""T6298c4""","=""L5337""",
"=""90.4162""","=""90.4161""","=""2""","=""1.28e+07""",E',"=""43.12680""","=""56.83943""","=""3p.3d""","=""3D*""","=""1""","=""3p.4p""","=""3P""","=""2""",3,5,,"=""T6298c4,LS""","=""L5337""",
"=""90.5536""","=""90.5545""","=""1""","=""1.90e+08""",E,"=""43.14777""","=""56.83943""","=""3p.3d""","=""3D*""","=""2""","=""3p.4p""","=""3P""","=""2""",5,5,,"=""T6298c4,LS""","=""L5337""",
"=""90.5663""","=""90.5671""","=""1""","=""""",,"=""43.32979""","=""57.01955""","=""3s.4p""","=""3P*""","=""2""","=""3p.4p""","=""3S""","=""1""",5,3,,"=""""","=""L5337""",
"=""""","=""90.5824""","=""""","=""2.63e+06""",C,"=""29.12903""","=""42.81648""","=""3s.3d""","=""3D""","=""1""","=""3p.3d""","=""3P*""","=""2""",3,5,,"=""T7942c84""","=""""",
"=""""","=""90.5870""","=""""","=""1.30e+08""",B,"=""29.12973""","=""42.81648""","=""3s.3d""","=""3D""","=""2""","=""3p.3d""","=""3P*""","=""2""",5,5,,"=""T7942c84""","=""""",
"=""90.5944""","=""90.5943""","=""10""","=""1.92e+09""",B+,"=""29.13083""","=""42.81648""","=""3s.3d""","=""3D""","=""3""","=""3p.3d""","=""3P*""","=""2""",7,5,,"=""T7942c84""","=""L5337""",
"=""90.6236""","=""90.6221""","=""9w*""","=""2.17e+09""",C+,"=""38.63287""","=""52.31431""","=""3s.4s""","=""3S""","=""1""","=""3p.4s""","=""3P*""","=""2""",3,5,,"=""T7238""","=""L5337""",
"=""90.6236""","=""90.6244""","=""9w*""","=""5.48e+06""",B,"=""10.33948""","=""24.02059""","=""3s.3p""","=""3P*""","=""1""","=""3p2""","=""1D""","=""2""",3,5,,"=""T7942c84""","=""L5337""",
"=""90.653""","=""90.6541""","=""2bl""","=""1.06e+09""",D,"=""43.16280""","=""56.83943""","=""3p.3d""","=""3D*""","=""3""","=""3p.4p""","=""3P""","=""2""",7,5,,"=""T6298c4,LS""","=""L5337""",
"=""90.8471""","=""90.8493""","=""1""","=""3.14e+08""",E,"=""43.12680""","=""56.77404""","=""3p.3d""","=""3D*""","=""1""","=""3p.4p""","=""3P""","=""1""",3,3,,"=""T6298c4,LS""","=""L5337""",
"=""90.9874""","=""90.9891""","=""1""","=""9.40e+08""",D,"=""43.14777""","=""56.77404""","=""3p.3d""","=""3D*""","=""2""","=""3p.4p""","=""3P""","=""1""",5,3,,"=""T6298c4,LS""","=""L5337""",
"=""""","=""91.0544""","=""m""","=""1.25e+09""",E,"=""43.12680""","=""56.74329""","=""3p.3d""","=""3D*""","=""1""","=""3p.4p""","=""3P""","=""0""",3,1,,"=""T6298c4,LS""","=""L5337""",
"=""91.2543""","=""91.2543""","=""9""","=""1.11e+07""",B,"=""10.43392""","=""24.02059""","=""3s.3p""","=""3P*""","=""2""","=""3p2""","=""1D""","=""2""",5,5,,"=""T7942c84""","=""L5337""",
"=""91.3531""","=""91.3562""","=""4""","=""2.10e+09""",C+,"=""38.63287""","=""52.20439""","=""3s.4s""","=""3S""","=""1""","=""3p.4s""","=""3P*""","=""1""",3,3,,"=""T7238""","=""L5337""",
"=""91.5081""","=""91.5082""","=""1""","=""4.50e+08""",E,"=""43.29046""","=""56.83943""","=""3s.4p""","=""3P*""","=""1""","=""3p.4p""","=""3P""","=""2""",3,5,,"=""T6298c4,LS""","=""L5337""",
"=""91.6188""","=""91.6195""","=""3""","=""2.11e+09""",C,"=""38.63287""","=""52.16538""","=""3s.4s""","=""3S""","=""1""","=""3p.4s""","=""3P*""","=""0""",3,1,,"=""T7238""","=""L5337""",
"=""91.7747""","=""91.7746""","=""2""","=""1.34e+09""",D,"=""43.32979""","=""56.83943""","=""3s.4p""","=""3P*""","=""2""","=""3p.4p""","=""3P""","=""2""",5,5,,"=""T6298c4,LS""","=""L5337""",
"=""""","=""91.9191""","=""m""","=""5.92e+08""",E,"=""43.28564""","=""56.77404""","=""3s.4p""","=""3P*""","=""0""","=""3p.4p""","=""3P""","=""1""",1,3,,"=""T6298c4,LS""","=""L5337""",
"=""""","=""91.9520+""","=""""","=""4.43e+08""",E,"=""43.29046""","=""56.77404""","=""3s.4p""","=""3P*""","=""1""","=""3p.4p""","=""3P""","=""1""",3,3,,"=""T6298c4,LS""","=""""",
"=""92.1618""","=""92.1622""","=""0""","=""1.76e+09""",E,"=""43.29046""","=""56.74329""","=""3s.4p""","=""3P*""","=""1""","=""3p.4p""","=""3P""","=""0""",3,1,,"=""T6298c4,LS""","=""L5337""",
"=""92.2212""","=""92.2210""","=""3""","=""7.33e+08""",E,"=""43.32979""","=""56.77404""","=""3s.4p""","=""3P*""","=""2""","=""3p.4p""","=""3P""","=""1""",5,3,,"=""T6298c4,LS""","=""L5337""",
"=""92.4221""","=""92.4220""","=""13""","=""4.00e+09""",A,"=""15.76468""","=""29.17968""","=""3s.3p""","=""1P*""","=""1""","=""3p2""","=""1S""","=""0""",3,1,,"=""T7942c84""","=""L5337""",
"=""""","=""92.7598+""","=""""","=""1.72e-01""",A,"=""15.76468""","=""29.13083""","=""3s.3p""","=""1P*""","=""1""","=""3s.3d""","=""3D""","=""3""",3,7,M2,"=""T7942c84""","=""""",
"=""92.7677""","=""92.7675""","=""0""","=""2.64e+05""",D,"=""15.76468""","=""29.12973""","=""3s.3p""","=""1P*""","=""1""","=""3s.3d""","=""3D""","=""2""",3,5,,"=""T7942c84""","=""L5337""",
"=""""","=""92.7723+""","=""""","=""1.49e+05""",D,"=""15.76468""","=""29.12903""","=""3s.3p""","=""1P*""","=""1""","=""3s.3d""","=""3D""","=""1""",3,3,,"=""T7942c84""","=""""",
"=""""","=""92.9240+""","=""""","=""3.68e+08""",D,"=""45.48509""","=""58.82763""","=""3p.3d""","=""1F*""","=""3""","=""3s.5g""","=""1G""","=""4""",7,9,,"=""T6298c4""","=""""",
"=""""","=""93.001+""","=""""","=""6.06e+08""",D,"=""53.11967""","=""66.4512""","=""3s.5s""","=""3S""","=""1""","=""3s.8p""","=""3P*""","=""2""",3,5,,"=""T6298c4,LS""","=""""",
"=""95.1785""","=""95.1808""","=""0""","=""""",,"=""43.16280""","=""56.18898""","=""3p.3d""","=""3D*""","=""3""","=""3p.4p""","=""3D""","=""3""",7,7,,"=""""","=""L5337""",
"=""""","=""95.664+""","=""""","=""6.20e+08""",D,"=""55.23472""","=""68.1952""","=""3s.5p""","=""3P*""","=""2""","=""3s.9d""","=""3D""","=""3""",5,7,,"=""T6298c4,LS""","=""""",
"=""95.7690""","=""95.7689""","=""3""","=""2.47e+09""",C+,"=""39.68833""","=""52.63452""","=""3s.4s""","=""1S""","=""0""","=""3p.4s""","=""1P*""","=""1""",1,3,,"=""T7238""","=""L5337""",
"=""96.4169""","=""96.4168""","=""4""","=""2.15e+09""",D,"=""43.32979""","=""56.18898""","=""3s.4p""","=""3P*""","=""2""","=""3p.4p""","=""3D""","=""3""",5,7,,"=""T6298c4,LS""","=""L5337""",
"=""96.8194""","=""96.8188""","=""4""","=""1.59e+09""",D,"=""43.29046""","=""56.09625""","=""3s.4p""","=""3P*""","=""1""","=""3p.4p""","=""3D""","=""2""",3,5,,"=""T6298c4,LS""","=""L5337""",
"=""97.1190""","=""97.1171""","=""3w*""","=""5.25e+08""",D,"=""43.32979""","=""56.09625""","=""3s.4p""","=""3P*""","=""2""","=""3p.4p""","=""3D""","=""2""",5,5,,"=""T6298c4,LS""","=""L5337""",
"=""97.1190""","=""97.1236""","=""3w*""","=""1.17e+09""",D,"=""43.28564""","=""56.05125""","=""3s.4p""","=""3P*""","=""0""","=""3p.4p""","=""3D""","=""1""",1,3,,"=""T6298c4,LS""","=""L5337""",
"=""97.1616""","=""97.1603""","=""1""","=""8.76e+08""",D,"=""43.29046""","=""56.05125""","=""3s.4p""","=""3P*""","=""1""","=""3p.4p""","=""3D""","=""1""",3,3,,"=""T6298c4,LS""","=""L5337""",
"=""""","=""97.4607+""","=""""","=""5.77e+07""",E',"=""43.32979""","=""56.05125""","=""3s.4p""","=""3P*""","=""2""","=""3p.4p""","=""3D""","=""1""",5,3,,"=""T6298c4,LS""","=""""",
"=""""","=""99.0601+""","=""""","=""8.20e+06""",D,"=""39.68833""","=""52.20439""","=""3s.4s""","=""1S""","=""0""","=""3p.4s""","=""3P*""","=""1""",1,3,,"=""T7238""","=""""",
"=""99.0781""","=""99.0782""","=""1""","=""""",,"=""43.29046""","=""55.80423""","=""3s.4p""","=""3P*""","=""1""","=""3p.4p""","=""1P""","=""1""",3,3,,"=""""","=""L5337""",
"=""99.4458""","=""99.4460""","=""2""","=""2.60e+09""",D,"=""43.33674""","=""55.80423""","=""3s.4p""","=""1P*""","=""1""","=""3p.4p""","=""1P""","=""1""",3,3,,"=""T6298c4""","=""L5337""",
"=""103.9917""","=""103.9916""","=""7""","=""1.50e+09""",B+,"=""33.56257""","=""45.48509""","=""3s.3d""","=""1D""","=""2""","=""3p.3d""","=""1F*""","=""3""",5,7,,"=""T7942c84""","=""L5337""",
"=""105.1524""","=""105.1516""","=""0""","=""""",,"=""49.29676""","=""61.08776""","=""3s.4d""","=""1D""","=""2""","=""3s.6p""","=""1P*""","=""1""",5,3,,"=""""","=""L5337""",
"=""106.3555""","=""106.3556""","=""1""","=""""",,"=""49.10526""","=""60.76277""","=""3s.4d""","=""3D""","=""3""","=""3s.6p""","=""3P*""","=""2""",7,5,,"=""""","=""L5337""",
"=""106.4022""","=""106.4021""","=""0""","=""""",,"=""49.10264""","=""60.75506""","=""3s.4d""","=""3D""","=""2""","=""3s.6p""","=""3P*""","=""1""",5,3,,"=""""","=""L5337""",
"=""""","=""106.9372+""","=""""","=""3.56e+06""",C,"=""29.12903""","=""40.72314""","=""3s.3d""","=""3D""","=""1""","=""3p.3d""","=""1D*""","=""2""",3,5,,"=""T7942c84""","=""""",
"=""""","=""106.9436+""","=""""","=""6.22e+05""",D+,"=""29.12973""","=""40.72314""","=""3s.3d""","=""3D""","=""2""","=""3p.3d""","=""1D*""","=""2""",5,5,,"=""T7942c84""","=""""",
"=""""","=""106.9538+""","=""""","=""9.01e+05""",D+,"=""29.13083""","=""40.72314""","=""3s.3d""","=""3D""","=""3""","=""3p.3d""","=""1D*""","=""2""",7,5,,"=""T7942c84""","=""""",
"=""107.1113""","=""107.1106""","=""2""","=""4.48e+08""",D,"=""45.48509""","=""57.06043""","=""3p.3d""","=""1F*""","=""3""","=""3p.4p""","=""1D""","=""2""",7,5,,"=""T6298c4""","=""L5337""",
"=""112.2042""","=""112.2031""","=""10""","=""7.15e+08""",B+,"=""29.13083""","=""40.18081""","=""3s.3d""","=""3D""","=""3""","=""3p.3d""","=""3F*""","=""4""",7,9,,"=""T7942c84""","=""L5337""",
"=""112.8667""","=""112.8666""","=""10""","=""6.17e+08""",B+,"=""29.12973""","=""40.11475""","=""3s.3d""","=""3D""","=""2""","=""3p.3d""","=""3F*""","=""3""",5,7,,"=""T7942c84""","=""L5337""",
"=""112.8776""","=""112.8779""","=""6""","=""8.57e+07""",B,"=""29.13083""","=""40.11475""","=""3s.3d""","=""3D""","=""3""","=""3p.3d""","=""3F*""","=""3""",7,7,,"=""T7942c84""","=""L5337""",
"=""113.3902""","=""113.3901""","=""9""","=""5.73e+08""",B+,"=""29.12903""","=""40.06334""","=""3s.3d""","=""3D""","=""1""","=""3p.3d""","=""3F*""","=""2""",3,5,,"=""T7942c84""","=""L5337""",
"=""""","=""113.3973+""","=""""","=""1.14e+08""",B,"=""29.12973""","=""40.06334""","=""3s.3d""","=""3D""","=""2""","=""3p.3d""","=""3F*""","=""2""",5,5,,"=""T7942c84""","=""""",
"=""""","=""113.4088+""","=""""","=""3.46e+06""",C+,"=""29.13083""","=""40.06334""","=""3s.3d""","=""3D""","=""3""","=""3p.3d""","=""3F*""","=""2""",7,5,,"=""T7942c84""","=""""",
"=""""","=""118.8281""","=""g""","=""6.82e-02""",A,"=""0.00000""","=""10.43392""","=""2p6.3s2""","=""1S""","=""0""","=""3s.3p""","=""3P*""","=""2""",1,5,M2,"=""T7942c84""","=""""",
"=""""","=""119.216+""","=""""","=""3.38e+06""",E',"=""56.05125""","=""66.4512""","=""3p.4p""","=""3D""","=""1""","=""3s.8p""","=""3P*""","=""2""",3,5,,"=""T6298c4,LS""","=""""",
"=""""","=""119.734+""","=""""","=""5.03e+07""",E,"=""56.09625""","=""66.4512""","=""3p.4p""","=""3D""","=""2""","=""3s.8p""","=""3P*""","=""2""",5,5,,"=""T6298c4,LS""","=""""",
"=""119.9134""","=""119.9134""","=""8g""","=""1.65e+05""",B+,"=""0.00000""","=""10.33948""","=""2p6.3s2""","=""1S""","=""0""","=""3s.3p""","=""3P*""","=""1""",1,3,,"=""T7942c84""","=""L5337""",
"=""""","=""120.816+""","=""""","=""2.74e+08""",D,"=""56.18898""","=""66.4512""","=""3p.4p""","=""3D""","=""3""","=""3s.8p""","=""3P*""","=""2""",7,5,,"=""T6298c4,LS""","=""""",
"=""123.0507""","=""123.0507""","=""6""","=""2.34e+09""",D,"=""43.33674""","=""53.41260""","=""3s.4p""","=""1P*""","=""1""","=""3s.5s""","=""1S""","=""0""",3,1,,"=""T6298c4""","=""L5337""",
"=""126.0763""","=""126.0767""","=""3""","=""2.70e+08""",E,"=""43.28564""","=""53.11967""","=""3s.4p""","=""3P*""","=""0""","=""3s.5s""","=""3S""","=""1""",1,3,,"=""T6298c4,LS""","=""L5337""",
"=""126.1381""","=""126.1386""","=""4""","=""8.09e+08""",D,"=""43.29046""","=""53.11967""","=""3s.4p""","=""3P*""","=""1""","=""3s.5s""","=""3S""","=""1""",3,3,,"=""T6298c4,LS""","=""L5337""",
"=""126.6453""","=""126.6453""","=""7""","=""1.33e+09""",D,"=""43.32979""","=""53.11967""","=""3s.4p""","=""3P*""","=""2""","=""3s.5s""","=""3S""","=""1""",5,3,,"=""T6298c4,LS""","=""L5337""",
"=""126.8493""","=""126.8488""","=""9""","=""5.66e+08""",B+,"=""33.56257""","=""43.33674""","=""3s.3d""","=""1D""","=""2""","=""3s.4p""","=""1P*""","=""1""",5,3,,"=""T7942c84""","=""L5337""",
"=""127.4520""","=""127.4523""","=""7""","=""1.34e+08""",C+,"=""33.56257""","=""43.29046""","=""3s.3d""","=""1D""","=""2""","=""3s.4p""","=""3P*""","=""1""",5,3,,"=""T7942c84""","=""L5337""",
"=""127.8814""","=""127.8817""","=""5""","=""1.13e+09""",D,"=""49.29676""","=""58.99199""","=""3s.4d""","=""1D""","=""2""","=""3s.5f""","=""1F*""","=""3""",5,7,,"=""T6298c4""","=""L5337""",
"=""128.3689""","=""128.3689""","=""2""","=""1.19e+09""",D,"=""49.10090""","=""58.75934""","=""3s.4d""","=""3D""","=""1""","=""3s.5f""","=""3F*""","=""2""",3,5,,"=""T6298c4,LS""","=""L5337""",
"=""128.3911""","=""128.3911""","=""4""","=""1.26e+09""",D,"=""49.10264""","=""58.75940""","=""3s.4d""","=""3D""","=""2""","=""3s.5f""","=""3F*""","=""3""",5,7,,"=""T6298c4,LS""","=""L5337""",
"=""""","=""128.3920+""","=""""","=""2.21e+08""",D,"=""49.10264""","=""58.75934""","=""3s.4d""","=""3D""","=""2""","=""3s.5f""","=""3F*""","=""2""",5,5,,"=""T6298c4,LS""","=""""",
"=""128.4210""","=""128.4210""","=""6""","=""1.42e+09""",D+,"=""49.10526""","=""58.75977""","=""3s.4d""","=""3D""","=""3""","=""3s.5f""","=""3F*""","=""4""",7,9,,"=""T6298c4,LS""","=""L5337""",
"=""""","=""128.4259+""","=""""","=""1.58e+08""",D,"=""49.10526""","=""58.75940""","=""3s.4d""","=""3D""","=""3""","=""3s.5f""","=""3F*""","=""3""",7,7,,"=""T6298c4,LS""","=""""",
"=""""","=""128.4267+""","=""""","=""6.23e+06""",E',"=""49.10526""","=""58.75934""","=""3s.4d""","=""3D""","=""3""","=""3s.5f""","=""3F*""","=""2""",7,5,,"=""T6298c4,LS""","=""""",
"=""""","=""129.1471+""","=""""","=""1.19e+05""",D,"=""33.56257""","=""43.16280""","=""3s.3d""","=""1D""","=""2""","=""3p.3d""","=""3D*""","=""3""",5,7,,"=""T7942c84""","=""""",
"=""""","=""129.3497+""","=""""","=""2.08e+04""",D,"=""33.56257""","=""43.14777""","=""3s.3d""","=""1D""","=""2""","=""3p.3d""","=""3D*""","=""2""",5,5,,"=""T7942c84""","=""""",
"=""""","=""129.6333+""","=""""","=""2.94e+06""",D+,"=""33.56257""","=""43.12680""","=""3s.3d""","=""1D""","=""2""","=""3p.3d""","=""3D*""","=""1""",5,3,,"=""T7942c84""","=""""",
"=""""","=""129.9354+""","=""""","=""1.00e-03""",B,"=""24.02059""","=""33.56257""","=""3p2""","=""1D""","=""2""","=""3s.3d""","=""1D""","=""2""",5,5,M1,"=""T7942c84""","=""""",
"=""""","=""133.311+""","=""""","=""2.86e+05""",D+,"=""33.56257""","=""42.86292""","=""3s.3d""","=""1D""","=""2""","=""3p.3d""","=""3P*""","=""1""",5,3,,"=""T7942c84""","=""""",
"=""""","=""133.980+""","=""""","=""5.52e+04""",D,"=""33.56257""","=""42.81648""","=""3s.3d""","=""1D""","=""2""","=""3p.3d""","=""3P*""","=""2""",5,5,,"=""T7942c84""","=""""",
"=""""","=""134.287+""","=""""","=""3.37e+08""",D,"=""57.06043""","=""66.2932""","=""3p.4p""","=""1D""","=""2""","=""3s.8p""","=""1P*""","=""1""",5,3,,"=""T6298c4""","=""""",
"=""""","=""134.837+""","=""""","=""1.47e+08""",E,"=""58.03058""","=""67.2257""","=""3s.5d""","=""3D""","=""1""","=""3s.8f""","=""3F*""","=""2""",3,5,,"=""T6298c4,LS""","=""""",
"=""""","=""134.889+""","=""""","=""1.56e+08""",D,"=""58.03414""","=""67.2257""","=""3s.5d""","=""3D""","=""2""","=""3s.8f""","=""3F*""","=""3""",5,7,,"=""T6298c4,LS""","=""""",
"=""""","=""134.889+""","=""""","=""2.73e+07""",E,"=""58.03414""","=""67.2257""","=""3s.5d""","=""3D""","=""2""","=""3s.8f""","=""3F*""","=""2""",5,5,,"=""T6298c4,LS""","=""""",
"=""""","=""134.989+""","=""""","=""1.75e+08""",D,"=""58.04098""","=""67.2257""","=""3s.5d""","=""3D""","=""3""","=""3s.8f""","=""3F*""","=""4""",7,9,,"=""T6298c4,LS""","=""""",
"=""""","=""134.989+""","=""""","=""1.95e+07""",E,"=""58.04098""","=""67.2257""","=""3s.5d""","=""3D""","=""3""","=""3s.8f""","=""3F*""","=""3""",7,7,,"=""T6298c4,LS""","=""""",
"=""""","=""134.989+""","=""""","=""7.69e+05""",E',"=""58.04098""","=""67.2257""","=""3s.5d""","=""3D""","=""3""","=""3s.8f""","=""3F*""","=""2""",7,5,,"=""T6298c4,LS""","=""""",
"=""135.1435""","=""135.1437""","=""5""","=""1.30e+06""",B,"=""15.76468""","=""24.93893""","=""3s.3p""","=""1P*""","=""1""","=""3p2""","=""3P""","=""2""",3,5,,"=""T7942c84""","=""L5337""",
"=""136.5749""","=""136.5749""","=""6""","=""3.02e+04""",B,"=""15.76468""","=""24.84279""","=""3s.3p""","=""1P*""","=""1""","=""3p2""","=""3P""","=""1""",3,3,,"=""T7942c84""","=""L5337""",
"=""""","=""137.122+""","=""""","=""1.25e+05""",C,"=""40.06334""","=""49.10526""","=""3p.3d""","=""3F*""","=""2""","=""3s.4d""","=""3D""","=""3""",5,7,,"=""T7942c84""","=""""",
"=""137.1614""","=""137.1612""","=""1w""","=""6.29e+06""",C+,"=""40.06334""","=""49.10264""","=""3p.3d""","=""3F*""","=""2""","=""3s.4d""","=""3D""","=""2""",5,5,,"=""T7942c84""","=""L5337""",
"=""137.1883""","=""137.1876""","=""1w""","=""5.74e+07""",B,"=""40.06334""","=""49.10090""","=""3p.3d""","=""3F*""","=""2""","=""3s.4d""","=""3D""","=""1""",5,3,,"=""T7942c84""","=""L5337""",
"=""""","=""137.332+""","=""""","=""4.46e+05""",B,"=""15.76468""","=""24.79277""","=""3s.3p""","=""1P*""","=""1""","=""3p2""","=""3P""","=""0""",3,1,,"=""T7942c84""","=""""",
"=""137.9069""","=""137.9057""","=""1w""","=""4.40e+06""",C+,"=""40.11475""","=""49.10526""","=""3p.3d""","=""3F*""","=""3""","=""3s.4d""","=""3D""","=""3""",7,7,,"=""T7942c84""","=""L5337""",
"=""137.9432""","=""137.9459""","=""2w""","=""5.03e+07""",B,"=""40.11475""","=""49.10264""","=""3p.3d""","=""3F*""","=""3""","=""3s.4d""","=""3D""","=""2""",7,5,,"=""T7942c84""","=""L5337""",
"=""""","=""138.149+""","=""""","=""1.30e+08""",D,"=""58.30102""","=""67.2757""","=""3s.5d""","=""1D""","=""2""","=""3s.8f""","=""1F*""","=""3""",5,7,,"=""T6298c4""","=""""",
"=""138.9254""","=""138.9265""","=""2w""","=""5.07e+07""",B,"=""40.18081""","=""49.10526""","=""3p.3d""","=""3F*""","=""4""","=""3s.4d""","=""3D""","=""3""",9,7,,"=""T7942c84""","=""L5337""",
"=""""","=""141.376+""","=""""","=""1.15e-01""",C+,"=""24.79277""","=""33.56257""","=""3p2""","=""3P""","=""0""","=""3s.3d""","=""1D""","=""2""",1,5,E2,"=""T7942c84""","=""""",
"=""""","=""142.187+""","=""""","=""5.89e-02""",D+,"=""24.84279""","=""33.56257""","=""3p2""","=""3P""","=""1""","=""3s.3d""","=""1D""","=""2""",3,5,M1,"=""T7942c84""","=""""",
"=""""","=""142.187+""","=""""","=""1.70e-03""",D+,"=""24.84279""","=""33.56257""","=""3p2""","=""3P""","=""1""","=""3s.3d""","=""1D""","=""2""",3,5,E2,"=""T7942c84""","=""""",
"=""""","=""143.772+""","=""""","=""1.70e-01""",D+,"=""24.93893""","=""33.56257""","=""3p2""","=""3P""","=""2""","=""3s.3d""","=""1D""","=""2""",5,5,M1,"=""T7942c84""","=""""",
"=""""","=""143.772+""","=""""","=""8.84e-03""",C,"=""24.93893""","=""33.56257""","=""3p2""","=""3P""","=""2""","=""3s.3d""","=""1D""","=""2""",5,5,E2,"=""T7942c84""","=""""",
"=""""","=""144.611+""","=""""","=""1.16e+06""",C,"=""40.72314""","=""49.29676""","=""3p.3d""","=""1D*""","=""2""","=""3s.4d""","=""1D""","=""2""",5,5,,"=""T7942c84""","=""""",
"=""""","=""145.709+""","=""""","=""4.67e+07""",E,"=""55.21062""","=""63.71965""","=""3s.5p""","=""3P*""","=""0""","=""3s.7s""","=""3S""","=""1""",1,3,,"=""T6298c4,LS""","=""""",
"=""""","=""145.809+""","=""""","=""1.40e+08""",E,"=""55.21642""","=""63.71965""","=""3s.5p""","=""3P*""","=""1""","=""3s.7s""","=""3S""","=""1""",3,3,,"=""T6298c4,LS""","=""""",
"=""""","=""146.123+""","=""""","=""2.32e+08""",D,"=""55.23472""","=""63.71965""","=""3s.5p""","=""3P*""","=""2""","=""3s.7s""","=""3S""","=""1""",5,3,,"=""T6298c4,LS""","=""""",
"=""""","=""147.915+""","=""""","=""1.78e+03""",E',"=""40.72314""","=""49.10526""","=""3p.3d""","=""1D*""","=""2""","=""3s.4d""","=""3D""","=""3""",5,7,,"=""T7942c84""","=""""",
"=""""","=""147.961+""","=""""","=""2.40e+04""",D,"=""40.72314""","=""49.10264""","=""3p.3d""","=""1D*""","=""2""","=""3s.4d""","=""3D""","=""2""",5,5,,"=""T7942c84""","=""""",
"=""""","=""147.992+""","=""""","=""2.48e+05""",D+,"=""40.72314""","=""49.10090""","=""3p.3d""","=""1D*""","=""2""","=""3s.4d""","=""3D""","=""1""",5,3,,"=""T7942c84""","=""""",
"=""150.1760""","=""150.1763""","=""18""","=""1.91e+08""",A,"=""15.76468""","=""24.02059""","=""3s.3p""","=""1P*""","=""1""","=""3p2""","=""1D""","=""2""",3,5,,"=""T7942c84""","=""L5337""",
"=""157.2231""","=""157.2238""","=""7w*""","=""2.32e+09""",D+,"=""50.94735""","=""58.83319""","=""3s.4f""","=""3F*""","=""4""","=""3s.5g""","=""3G""","=""5""",9,11,,"=""T6298c4,LS""","=""L5337""",
"=""157.2231""","=""157.2241""","=""7w*""","=""2.16e+09""",D+,"=""50.94661""","=""58.83244""","=""3s.4f""","=""3F*""","=""3""","=""3s.5g""","=""3G""","=""4""",7,9,,"=""T6298c4,LS""","=""L5337""",
"=""157.2377""","=""157.2384""","=""5""","=""2.12e+09""",D+,"=""50.94630""","=""58.83141""","=""3s.4f""","=""3F*""","=""2""","=""3s.5g""","=""3G""","=""3""",5,7,,"=""T6298c4,LS""","=""L5337""",
"=""""","=""157.239+""","=""""","=""1.45e+08""",D,"=""50.94735""","=""58.83244""","=""3s.4f""","=""3F*""","=""4""","=""3s.5g""","=""3G""","=""4""",9,9,,"=""T6298c4,LS""","=""""",
"=""""","=""157.245+""","=""""","=""1.86e+08""",D,"=""50.94661""","=""58.83141""","=""3s.4f""","=""3F*""","=""3""","=""3s.5g""","=""3G""","=""3""",7,7,,"=""T6298c4,LS""","=""""",
"=""""","=""157.259+""","=""""","=""2.83e+06""",E',"=""50.94735""","=""58.83141""","=""3s.4f""","=""3F*""","=""4""","=""3s.5g""","=""3G""","=""3""",9,7,,"=""T6298c4,LS""","=""""",
"=""""","=""164.3+""","=""""","=""2.21e+08""",D,"=""58.03058""","=""65.578""","=""3s.5d""","=""3D""","=""1""","=""3s.7f""","=""3F*""","=""2""",3,5,,"=""T6298c4,LS""","=""""",
"=""""","=""164.4+""","=""""","=""2.33e+08""",D,"=""58.03414""","=""65.578""","=""3s.5d""","=""3D""","=""2""","=""3s.7f""","=""3F*""","=""3""",5,7,,"=""T6298c4,LS""","=""""",
"=""""","=""164.4+""","=""""","=""4.10e+07""",E,"=""58.03414""","=""65.578""","=""3s.5d""","=""3D""","=""2""","=""3s.7f""","=""3F*""","=""2""",5,5,,"=""T6298c4,LS""","=""""",
"=""""","=""164.5+""","=""""","=""2.61e+08""",D,"=""58.04098""","=""65.578""","=""3s.5d""","=""3D""","=""3""","=""3s.7f""","=""3F*""","=""4""",7,9,,"=""T6298c4,LS""","=""""",
"=""""","=""164.5+""","=""""","=""2.91e+07""",E,"=""58.04098""","=""65.578""","=""3s.5d""","=""3D""","=""3""","=""3s.7f""","=""3F*""","=""3""",7,7,,"=""T6298c4,LS""","=""""",
"=""""","=""164.5+""","=""""","=""1.15e+06""",E',"=""58.04098""","=""65.578""","=""3s.5d""","=""3D""","=""3""","=""3s.7f""","=""3F*""","=""2""",7,5,,"=""T6298c4,LS""","=""""",
"=""""","=""168.64+""","=""""","=""1.99e+08""",D,"=""58.30102""","=""65.6530""","=""3s.5d""","=""1D""","=""2""","=""3s.7f""","=""1F*""","=""3""",5,7,,"=""T6298c4""","=""""",
"=""""","=""169.18+""","=""""","=""1.59e+08""",D,"=""57.06043""","=""64.3890""","=""3p.4p""","=""1D""","=""2""","=""3s.7p""","=""1P*""","=""1""",5,3,,"=""T6298c4""","=""""",
"=""169.5120""","=""169.5122""","=""0""","=""""",,"=""55.21062""","=""62.52480""","=""3s.5p""","=""3P*""","=""0""","=""3s.6d""","=""3D""","=""1""",1,3,,"=""""","=""L5337""",
"=""169.6202""","=""169.6203""","=""0""","=""""",,"=""55.21642""","=""62.52594""","=""3s.5p""","=""3P*""","=""1""","=""3s.6d""","=""3D""","=""2""",3,5,,"=""""","=""L5337""",
"=""170.0321""","=""170.0322""","=""0""","=""""",,"=""55.23472""","=""62.52653""","=""3s.5p""","=""3P*""","=""2""","=""3s.6d""","=""3D""","=""3""",5,7,,"=""""","=""L5337""",
"=""173.1483""","=""173.1485""","=""6""","=""7.32e+07""",B,"=""33.56257""","=""40.72314""","=""3s.3d""","=""1D""","=""2""","=""3p.3d""","=""1D*""","=""2""",5,5,,"=""T7942c84""","=""L5337""",
"=""""","=""174.756+""","=""""","=""2.51e+05""",E',"=""50.94630""","=""58.04098""","=""3s.4f""","=""3F*""","=""2""","=""3s.5d""","=""3D""","=""3""",5,7,,"=""T6298c4,LS""","=""""",
"=""""","=""174.764+""","=""""","=""8.93e+06""",E,"=""50.94661""","=""58.04098""","=""3s.4f""","=""3F*""","=""3""","=""3s.5d""","=""3D""","=""3""",7,7,,"=""T6298c4,LS""","=""""",
"=""""","=""174.782+""","=""""","=""1.03e+08""",D,"=""50.94735""","=""58.04098""","=""3s.4f""","=""3F*""","=""4""","=""3s.5d""","=""3D""","=""3""",9,7,,"=""T6298c4,LS""","=""""",
"=""""","=""174.925+""","=""""","=""1.25e+07""",E,"=""50.94630""","=""58.03414""","=""3s.4f""","=""3F*""","=""2""","=""3s.5d""","=""3D""","=""2""",5,5,,"=""T6298c4,LS""","=""""",
"=""""","=""174.933+""","=""""","=""9.95e+07""",D,"=""50.94661""","=""58.03414""","=""3s.4f""","=""3F*""","=""3""","=""3s.5d""","=""3D""","=""2""",7,5,,"=""T6298c4,LS""","=""""",
"=""""","=""175.013+""","=""""","=""1.12e+08""",E,"=""50.94630""","=""58.03058""","=""3s.4f""","=""3F*""","=""2""","=""3s.5d""","=""3D""","=""1""",5,3,,"=""T6298c4,LS""","=""""",
"=""177.0162""","=""177.0165""","=""4""","=""1.53e+09""",D+,"=""51.82352""","=""58.82763""","=""3s.4f""","=""1F*""","=""3""","=""3s.5g""","=""1G""","=""4""",7,9,,"=""T6298c4""","=""L5337""",
"=""""","=""186.76+""","=""""","=""4.33e+07""",E,"=""62.52480""","=""69.1636""","=""3s.6d""","=""3D""","=""1""","=""3s.10f""","=""3F*""","=""2""",3,5,,"=""T6298c4,LS""","=""""",
"=""""","=""186.79+""","=""""","=""4.57e+07""",D,"=""62.52594""","=""69.1636""","=""3s.6d""","=""3D""","=""2""","=""3s.10f""","=""3F*""","=""3""",5,7,,"=""T6298c4,LS""","=""""",
"=""""","=""186.79+""","=""""","=""8.03e+06""",E,"=""62.52594""","=""69.1636""","=""3s.6d""","=""3D""","=""2""","=""3s.10f""","=""3F*""","=""2""",5,5,,"=""T6298c4,LS""","=""""",
"=""""","=""186.81+""","=""""","=""5.15e+07""",D,"=""62.52653""","=""69.1636""","=""3s.6d""","=""3D""","=""3""","=""3s.10f""","=""3F*""","=""4""",7,9,,"=""T6298c4,LS""","=""""",
"=""""","=""186.81+""","=""""","=""5.73e+06""",E,"=""62.52653""","=""69.1636""","=""3s.6d""","=""3D""","=""3""","=""3s.10f""","=""3F*""","=""3""",7,7,,"=""T6298c4,LS""","=""""",
"=""""","=""186.81+""","=""""","=""2.26e+05""",E',"=""62.52653""","=""69.1636""","=""3s.6d""","=""3D""","=""3""","=""3s.10f""","=""3F*""","=""2""",7,5,,"=""T6298c4,LS""","=""""",
"=""""","=""189.226+""","=""""","=""3.87e+04""",D,"=""33.56257""","=""40.11475""","=""3s.3d""","=""1D""","=""2""","=""3p.3d""","=""3F*""","=""3""",5,7,,"=""T7942c84""","=""""",
"=""""","=""190.35+""","=""""","=""1.12e+06""",E',"=""58.03058""","=""64.5439""","=""3s.5d""","=""3D""","=""1""","=""3s.7p""","=""3P*""","=""2""",3,5,,"=""T6298c4,LS""","=""""",
"=""""","=""190.46+""","=""""","=""1.67e+07""",E,"=""58.03414""","=""64.5439""","=""3s.5d""","=""3D""","=""2""","=""3s.7p""","=""3P*""","=""2""",5,5,,"=""T6298c4,LS""","=""""",
"=""""","=""190.66+""","=""""","=""9.33e+07""",D,"=""58.04098""","=""64.5439""","=""3s.5d""","=""3D""","=""3""","=""3s.7p""","=""3P*""","=""2""",7,5,,"=""T6298c4,LS""","=""""",
"=""""","=""190.722+""","=""""","=""2.85e+05""",D+,"=""33.56257""","=""40.06334""","=""3s.3d""","=""1D""","=""2""","=""3p.3d""","=""3F*""","=""2""",5,5,,"=""T7942c84""","=""""",
"=""""","=""191.325+""","=""""","=""7.15e+02""",E',"=""42.81648""","=""49.29676""","=""3p.3d""","=""3P*""","=""2""","=""3s.4d""","=""1D""","=""2""",5,5,,"=""T7942c84""","=""""",
"=""191.4080""","=""191.4077""","=""3""","=""""",,"=""51.82352""","=""58.30102""","=""3s.4f""","=""1F*""","=""3""","=""3s.5d""","=""1D""","=""2""",7,5,,"=""""","=""L5337""",
"=""""","=""192.706+""","=""""","=""1.60e+05""",D+,"=""42.86292""","=""49.29676""","=""3p.3d""","=""3P*""","=""1""","=""3s.4d""","=""1D""","=""2""",3,5,,"=""T7942c84""","=""""",
"=""""","=""197.152+""","=""""","=""1.34e+05""",C,"=""42.81648""","=""49.10526""","=""3p.3d""","=""3P*""","=""2""","=""3s.4d""","=""3D""","=""3""",5,7,,"=""T7942c84""","=""""",
"=""""","=""197.234+""","=""""","=""1.28e+04""",D+,"=""42.81648""","=""49.10264""","=""3p.3d""","=""3P*""","=""2""","=""3s.4d""","=""3D""","=""2""",5,5,,"=""T7942c84""","=""""",
"=""""","=""197.288+""","=""""","=""1.47e+03""",D,"=""42.81648""","=""49.10090""","=""3p.3d""","=""3P*""","=""2""","=""3s.4d""","=""3D""","=""1""",5,3,,"=""T7942c84""","=""""",
"=""""","=""198.702+""","=""""","=""1.22e+05""",C,"=""42.86292""","=""49.10264""","=""3p.3d""","=""3P*""","=""1""","=""3s.4d""","=""3D""","=""2""",3,5,,"=""T7942c84""","=""""",
"=""198.7250""","=""198.7254""","=""1""","=""7.01e+08""",D,"=""49.29676""","=""55.53573""","=""3s.4d""","=""1D""","=""2""","=""3s.5p""","=""1P*""","=""1""",5,3,,"=""T6298c4""","=""L5337""",
"=""""","=""198.757+""","=""""","=""3.57e+04""",D+,"=""42.86292""","=""49.10090""","=""3p.3d""","=""3P*""","=""1""","=""3s.4d""","=""3D""","=""1""",3,3,,"=""T7942c84""","=""""",
"=""""","=""199.710+""","=""""","=""9.17e+04""",C,"=""42.89271""","=""49.10090""","=""3p.3d""","=""3P*""","=""0""","=""3s.4d""","=""3D""","=""1""",1,3,,"=""T7942c84""","=""""",
"=""""","=""200.948+""","=""""","=""2.28e+06""",C,"=""43.12680""","=""49.29676""","=""3p.3d""","=""3D*""","=""1""","=""3s.4d""","=""1D""","=""2""",3,5,,"=""T7942c84""","=""""",
"=""""","=""202.128+""","=""""","=""2.32e+04""",D,"=""43.16280""","=""49.29676""","=""3p.3d""","=""3D*""","=""3""","=""3s.4d""","=""1D""","=""2""",7,5,,"=""T7942c84""","=""""",
"=""""","=""202.132+""","=""""","=""6.98e+06""",E,"=""49.10090""","=""55.23472""","=""3s.4d""","=""3D""","=""1""","=""3s.5p""","=""3P*""","=""2""",3,5,,"=""T6298c4,LS""","=""""",
"=""""","=""202.189+""","=""""","=""1.05e+08""",D,"=""49.10264""","=""55.23472""","=""3s.4d""","=""3D""","=""2""","=""3s.5p""","=""3P*""","=""2""",5,5,,"=""T6298c4,LS""","=""""",
"=""""","=""202.276+""","=""""","=""5.87e+08""",D+,"=""49.10526""","=""55.23472""","=""3s.4d""","=""3D""","=""3""","=""3s.5p""","=""3P*""","=""2""",7,5,,"=""T6298c4,LS""","=""""",
"=""""","=""202.737+""","=""""","=""1.74e+08""",D,"=""49.10090""","=""55.21642""","=""3s.4d""","=""3D""","=""1""","=""3s.5p""","=""3P*""","=""1""",3,3,,"=""T6298c4,LS""","=""""",
"=""202.7981""","=""202.7945""","=""1""","=""5.19e+08""",D,"=""49.10264""","=""55.21642""","=""3s.4d""","=""3D""","=""2""","=""3s.5p""","=""3P*""","=""1""",5,3,,"=""T6298c4,LS""","=""L5337""",
"=""202.9301""","=""202.9295""","=""1""","=""6.90e+08""",D,"=""49.10090""","=""55.21062""","=""3s.4d""","=""3D""","=""1""","=""3s.5p""","=""3P*""","=""0""",3,1,,"=""T6298c4,LS""","=""L5337""",
"=""""","=""206.423+""","=""""","=""1.61e+08""",B,"=""43.29046""","=""49.29676""","=""3s.4p""","=""3P*""","=""1""","=""3s.4d""","=""1D""","=""2""",3,5,,"=""T7942c84""","=""""",
"=""""","=""207.476+""","=""""","=""3.49e+03""",D,"=""43.12680""","=""49.10264""","=""3p.3d""","=""3D*""","=""1""","=""3s.4d""","=""3D""","=""2""",3,5,,"=""T7942c84""","=""""",
"=""""","=""207.536+""","=""""","=""1.80e+05""",C,"=""43.12680""","=""49.10090""","=""3p.3d""","=""3D*""","=""1""","=""3s.4d""","=""3D""","=""1""",3,3,,"=""T7942c84""","=""""",
"=""""","=""207.784+""","=""""","=""2.38e+03""",E',"=""43.32979""","=""49.29676""","=""3s.4p""","=""3P*""","=""2""","=""3s.4d""","=""1D""","=""2""",5,5,,"=""T7942c84""","=""""",
"=""208.0238""","=""208.0265""","=""12""","=""6.48e+08""",B+,"=""43.33674""","=""49.29676""","=""3s.4p""","=""1P*""","=""1""","=""3s.4d""","=""1D""","=""2""",3,5,,"=""T7942c84""","=""L5337""",
"=""""","=""208.115+""","=""""","=""1.21e+05""",C,"=""43.14777""","=""49.10526""","=""3p.3d""","=""3D*""","=""2""","=""3s.4d""","=""3D""","=""3""",5,7,,"=""T7942c84""","=""""",
"=""""","=""208.206+""","=""""","=""2.68e+05""",C,"=""43.14777""","=""49.10264""","=""3p.3d""","=""3D*""","=""2""","=""3s.4d""","=""3D""","=""2""",5,5,,"=""T7942c84""","=""""",
"=""""","=""208.267+""","=""""","=""3.24e+04""",D+,"=""43.14777""","=""49.10090""","=""3p.3d""","=""3D*""","=""2""","=""3s.4d""","=""3D""","=""1""",5,3,,"=""T7942c84""","=""""",
"=""208.3331""","=""208.3329""","=""2""","=""4.26e+08""",D,"=""52.63452""","=""58.58577""","=""3p.4s""","=""1P*""","=""1""","=""3p.4p""","=""1S""","=""0""",3,1,,"=""T6298c4""","=""L5337""",
"=""""","=""208.642+""","=""""","=""1.03e+05""",C,"=""43.16280""","=""49.10526""","=""3p.3d""","=""3D*""","=""3""","=""3s.4d""","=""3D""","=""3""",7,7,,"=""T7942c84""","=""""",
"=""""","=""208.733+""","=""""","=""3.46e+03""",D,"=""43.16280""","=""49.10264""","=""3p.3d""","=""3D*""","=""3""","=""3s.4d""","=""3D""","=""2""",7,5,,"=""T7942c84""","=""""",
"=""211.3873""","=""211.3897""","=""0""","=""""",,"=""52.16538""","=""58.03058""","=""3p.4s""","=""3P*""","=""0""","=""3s.5d""","=""3D""","=""1""",1,3,,"=""""","=""L5337""",
"=""""","=""212.7+""","=""""","=""5.74e+07""",D,"=""62.52480""","=""68.355""","=""3s.6d""","=""3D""","=""1""","=""3s.9f""","=""3F*""","=""2""",3,5,,"=""T6298c4,LS""","=""""",
"=""""","=""212.6750""","=""m""","=""""",,"=""52.20439""","=""58.03414""","=""3p.4s""","=""3P*""","=""1""","=""3s.5d""","=""3D""","=""2""",3,5,,"=""""","=""L5337""",
"=""""","=""212.7+""","=""""","=""6.07e+07""",D,"=""62.52594""","=""68.355""","=""3s.6d""","=""3D""","=""2""","=""3s.9f""","=""3F*""","=""3""",5,7,,"=""T6298c4,LS""","=""""",
"=""""","=""212.7+""","=""""","=""1.07e+07""",E,"=""62.52594""","=""68.355""","=""3s.6d""","=""3D""","=""2""","=""3s.9f""","=""3F*""","=""2""",5,5,,"=""T6298c4,LS""","=""""",
"=""""","=""212.7+""","=""""","=""6.83e+07""",D,"=""62.52653""","=""68.355""","=""3s.6d""","=""3D""","=""3""","=""3s.9f""","=""3F*""","=""4""",7,9,,"=""T6298c4,LS""","=""""",
"=""""","=""212.7+""","=""""","=""7.62e+06""",E,"=""62.52653""","=""68.355""","=""3s.6d""","=""3D""","=""3""","=""3s.9f""","=""3F*""","=""3""",7,7,,"=""T6298c4,LS""","=""""",
"=""""","=""212.7+""","=""""","=""3.01e+05""",E',"=""62.52653""","=""68.355""","=""3s.6d""","=""3D""","=""3""","=""3s.9f""","=""3F*""","=""2""",7,5,,"=""T6298c4,LS""","=""""",
"=""213.2047""","=""213.2046""","=""11""","=""4.47e+08""",B+,"=""43.28564""","=""49.10090""","=""3s.4p""","=""3P*""","=""0""","=""3s.4d""","=""3D""","=""1""",1,3,,"=""T7942c84""","=""L5337""",
"=""213.3172""","=""213.3179""","=""13""","=""4.86e+08""",B+,"=""43.29046""","=""49.10264""","=""3s.4p""","=""3P*""","=""1""","=""3s.4d""","=""3D""","=""2""",3,5,,"=""T7942c84""","=""L5337""",
"=""213.3813""","=""213.3816""","=""10""","=""2.70e+08""",B+,"=""43.29046""","=""49.10090""","=""3s.4p""","=""3P*""","=""1""","=""3s.4d""","=""3D""","=""1""",3,3,,"=""T7942c84""","=""L5337""",
"=""""","=""213.61+""","=""""","=""6.41e+07""",D,"=""62.58244""","=""68.3866""","=""3s.6d""","=""1D""","=""2""","=""3s.9f""","=""1F*""","=""3""",5,7,,"=""T6298c4""","=""""",
"=""214.6728""","=""214.6738""","=""17bl""","=""7.93e+08""",B+,"=""43.32979""","=""49.10526""","=""3s.4p""","=""3P*""","=""2""","=""3s.4d""","=""3D""","=""3""",5,7,,"=""T7942c84""","=""L5337""",
"=""214.7708""","=""214.7711""","=""12""","=""1.97e+08""",B+,"=""43.32979""","=""49.10264""","=""3s.4p""","=""3P*""","=""2""","=""3s.4d""","=""3D""","=""2""",5,5,,"=""T7942c84""","=""L5337""",
"=""214.8358""","=""214.8357""","=""9""","=""2.19e+07""",B,"=""43.32979""","=""49.10090""","=""3s.4p""","=""3P*""","=""2""","=""3s.4d""","=""3D""","=""1""",5,3,,"=""T7942c84""","=""L5337""",
"=""""","=""215.030+""","=""""","=""1.16e+08""",B,"=""43.33674""","=""49.10264""","=""3s.4p""","=""1P*""","=""1""","=""3s.4d""","=""3D""","=""2""",3,5,,"=""T7942c84""","=""""",
"=""215.0952""","=""215.0949""","=""0""","=""6.35e+07""",C+,"=""43.33674""","=""49.10090""","=""3s.4p""","=""1P*""","=""1""","=""3s.4d""","=""3D""","=""1""",3,3,,"=""T7942c84""","=""L5337""",
"=""216.5032""","=""216.5032""","=""1""","=""""",,"=""52.31431""","=""58.04098""","=""3p.4s""","=""3P*""","=""2""","=""3s.5d""","=""3D""","=""3""",5,7,,"=""""","=""L5337""",
"=""""","=""226.620""","=""""","=""2.22e-01""",C,"=""10.29366""","=""15.76468""","=""3s.3p""","=""3P*""","=""0""","=""3s.3p""","=""1P*""","=""1""",1,3,M1,"=""T7942c84""","=""""",
"=""""","=""228.534""","=""""","=""1.62e-01""",C,"=""10.33948""","=""15.76468""","=""3s.3p""","=""3P*""","=""1""","=""3s.3p""","=""1P*""","=""1""",3,3,M1,"=""T7942c84""","=""""",
"=""""","=""228.534""","=""""","=""1.36e-02""",C+,"=""10.33948""","=""15.76468""","=""3s.3p""","=""3P*""","=""1""","=""3s.3p""","=""1P*""","=""1""",3,3,E2,"=""T7942c84""","=""""",
"=""""","=""228.679+""","=""""","=""1.80e-01""",C,"=""40.06334""","=""45.48509""","=""3p.3d""","=""3F*""","=""2""","=""3p.3d""","=""1F*""","=""3""",5,7,M1,"=""T7942c84""","=""""",
"=""""","=""232.582""","=""""","=""2.57e-01""",C,"=""10.43392""","=""15.76468""","=""3s.3p""","=""3P*""","=""2""","=""3s.3p""","=""1P*""","=""1""",5,3,M1,"=""T7942c84""","=""""",
"=""""","=""232.582""","=""""","=""7.84e-03""",C+,"=""10.43392""","=""15.76468""","=""3s.3p""","=""3P*""","=""2""","=""3s.3p""","=""1P*""","=""1""",5,3,E2,"=""T7942c84""","=""""",
"=""""","=""233.744+""","=""""","=""1.66e-01""",C,"=""40.18081""","=""45.48509""","=""3p.3d""","=""3F*""","=""4""","=""3p.3d""","=""1F*""","=""3""",9,7,M1,"=""T7942c84""","=""""",
"=""""","=""235.28+""","=""""","=""2.36e+07""",E,"=""60.75236""","=""66.0220""","=""3s.6p""","=""3P*""","=""0""","=""3s.8s""","=""3S""","=""1""",1,3,,"=""T6298c4,LS""","=""""",
"=""""","=""235.40+""","=""""","=""7.05e+07""",D,"=""60.75506""","=""66.0220""","=""3s.6p""","=""3P*""","=""1""","=""3s.8s""","=""3S""","=""1""",3,3,,"=""T6298c4,LS""","=""""",
"=""""","=""235.75+""","=""""","=""1.17e+08""",D,"=""60.76277""","=""66.0220""","=""3s.6p""","=""3P*""","=""2""","=""3s.8s""","=""3S""","=""1""",5,3,,"=""T6298c4,LS""","=""""",
"=""236.5360""","=""236.5375""","=""4""","=""""",,"=""50.94735""","=""56.18898""","=""3s.4f""","=""3F*""","=""4""","=""3p.4p""","=""3D""","=""3""",9,7,,"=""""","=""L5337""",
"=""236.7492""","=""236.7508""","=""3""","=""1.29e+08""",D,"=""51.82352""","=""57.06043""","=""3s.4f""","=""1F*""","=""3""","=""3p.4p""","=""1D""","=""2""",7,5,,"=""T6298c4""","=""L5337""",
"=""""","=""240.31+""","=""""","=""2.92e+07""",D,"=""63.0358""","=""68.1952""","=""3s.6f""","=""3F*""","=""4""","=""3s.9d""","=""3D""","=""3""",9,7,,"=""T6298c4,LS""","=""""",
"=""""","=""240.31+""","=""""","=""2.53e+06""",E,"=""63.0358""","=""68.1952""","=""3s.6f""","=""3F*""","=""3""","=""3s.9d""","=""3D""","=""3""",7,7,,"=""T6298c4,LS""","=""""",
"=""""","=""240.31+""","=""""","=""7.14e+04""",E',"=""63.0358""","=""68.1952""","=""3s.6f""","=""3F*""","=""2""","=""3s.9d""","=""3D""","=""3""",5,7,,"=""T6298c4,LS""","=""""",
"=""""","=""240.322+""","=""""","=""1.12e+02""",B+,"=""24.02059""","=""29.17968""","=""3p2""","=""1D""","=""2""","=""3p2""","=""1S""","=""0""",5,1,E2,"=""T7942c84""","=""""",
"=""""","=""247.71+""","=""""","=""3.18e+08""",D+,"=""58.03058""","=""63.0358""","=""3s.5d""","=""3D""","=""1""","=""3s.6f""","=""3F*""","=""2""",3,5,,"=""T6298c4,LS""","=""""",
"=""""","=""247.89+""","=""""","=""3.36e+08""",D+,"=""58.03414""","=""63.0358""","=""3s.5d""","=""3D""","=""2""","=""3s.6f""","=""3F*""","=""3""",5,7,,"=""T6298c4,LS""","=""""",
"=""""","=""247.89+""","=""""","=""5.89e+07""",D,"=""58.03414""","=""63.0358""","=""3s.5d""","=""3D""","=""2""","=""3s.6f""","=""3F*""","=""2""",5,5,,"=""T6298c4,LS""","=""""",
"=""""","=""248.23+""","=""""","=""3.76e+08""",D+,"=""58.04098""","=""63.0358""","=""3s.5d""","=""3D""","=""3""","=""3s.6f""","=""3F*""","=""4""",7,9,,"=""T6298c4,LS""","=""""",
"=""""","=""248.23+""","=""""","=""4.19e+07""",D,"=""58.04098""","=""63.0358""","=""3s.5d""","=""3D""","=""3""","=""3s.6f""","=""3F*""","=""3""",7,7,,"=""T6298c4,LS""","=""""",
"=""""","=""248.23+""","=""""","=""1.65e+06""",E',"=""58.04098""","=""63.0358""","=""3s.5d""","=""3D""","=""3""","=""3s.6f""","=""3F*""","=""2""",7,5,,"=""T6298c4,LS""","=""""",
"=""""","=""248.87+""","=""""","=""3.42e+07""",D,"=""63.2508""","=""68.2327""","=""3s.6f""","=""1F*""","=""3""","=""3s.9d""","=""1D""","=""2""",7,5,,"=""T6298c4""","=""""",
"=""250.4867""","=""250.4847""","=""1""","=""3.09e+08""",D+,"=""58.30102""","=""63.2508""","=""3s.5d""","=""1D""","=""2""","=""3s.6f""","=""1F*""","=""3""",5,7,,"=""T6298c4""","=""L5337""",
"=""255.4188""","=""255.4181""","=""4w""","=""4.39e+07""",D,"=""52.16538""","=""57.01955""","=""3p.4s""","=""3P*""","=""0""","=""3p.4p""","=""3S""","=""1""",1,3,,"=""T6298c4,LS""","=""L5337""",
"=""257.4881""","=""257.4871""","=""4w""","=""1.29e+08""",D,"=""52.20439""","=""57.01955""","=""3p.4s""","=""3P*""","=""1""","=""3p.4p""","=""3S""","=""1""",3,3,,"=""T6298c4,LS""","=""L5337""",
"=""""","=""260.364+""","=""""","=""2.04e-01""",B+,"=""40.72314""","=""45.48509""","=""3p.3d""","=""1D*""","=""2""","=""3p.3d""","=""1F*""","=""3""",5,7,E2,"=""T7942c84""","=""""",
"=""""","=""260.757+""","=""""","=""8.83e+07""",D,"=""55.21062""","=""59.96540""","=""3s.5p""","=""3P*""","=""0""","=""3s.6s""","=""3S""","=""1""",1,3,,"=""T6298c4,LS""","=""""",
"=""""","=""261.075+""","=""""","=""2.64e+08""",D,"=""55.21642""","=""59.96540""","=""3s.5p""","=""3P*""","=""1""","=""3s.6s""","=""3S""","=""1""",3,3,,"=""T6298c4,LS""","=""""",
"=""""","=""262.085+""","=""""","=""4.35e+08""",D+,"=""55.23472""","=""59.96540""","=""3s.5p""","=""3P*""","=""2""","=""3s.6s""","=""3S""","=""1""",5,3,,"=""T6298c4,LS""","=""""",
"=""""","=""263.503+""","=""""","=""2.00e+08""",D,"=""52.31431""","=""57.01955""","=""3p.4s""","=""3P*""","=""2""","=""3p.4p""","=""3S""","=""1""",5,3,,"=""T6298c4,LS""","=""""",
"=""""","=""263.579+""","=""""","=""6.07e+07""",B,"=""38.63287""","=""43.33674""","=""3s.4s""","=""3S""","=""1""","=""3s.4p""","=""1P*""","=""1""",3,3,,"=""T7942c84""","=""""",
"=""""","=""263.74+""","=""""","=""7.65e+07""",D,"=""62.52480""","=""67.2257""","=""3s.6d""","=""3D""","=""1""","=""3s.8f""","=""3F*""","=""2""",3,5,,"=""T6298c4,LS""","=""""",
"=""""","=""263.81+""","=""""","=""8.08e+07""",D,"=""62.52594""","=""67.2257""","=""3s.6d""","=""3D""","=""2""","=""3s.8f""","=""3F*""","=""3""",5,7,,"=""T6298c4,LS""","=""""",
"=""""","=""263.81+""","=""""","=""1.42e+07""",E,"=""62.52594""","=""67.2257""","=""3s.6d""","=""3D""","=""2""","=""3s.8f""","=""3F*""","=""2""",5,5,,"=""T6298c4,LS""","=""""",
"=""""","=""263.84+""","=""""","=""9.09e+07""",D,"=""62.52653""","=""67.2257""","=""3s.6d""","=""3D""","=""3""","=""3s.8f""","=""3F*""","=""4""",7,9,,"=""T6298c4,LS""","=""""",
"=""""","=""263.84+""","=""""","=""1.02e+07""",E,"=""62.52653""","=""67.2257""","=""3s.6d""","=""3D""","=""3""","=""3s.8f""","=""3F*""","=""3""",7,7,,"=""T6298c4,LS""","=""""",
"=""""","=""263.84+""","=""""","=""4.00e+05""",E',"=""62.52653""","=""67.2257""","=""3s.6d""","=""3D""","=""3""","=""3s.8f""","=""3F*""","=""2""",7,5,,"=""T6298c4,LS""","=""""",
"=""263.9691""","=""263.9693""","=""13""","=""3.13e+08""",B+,"=""38.63287""","=""43.32979""","=""3s.4s""","=""3S""","=""1""","=""3s.4p""","=""3P*""","=""2""",3,5,,"=""T7942c84""","=""L5337""",
"=""""","=""264.18+""","=""""","=""8.32e+07""",D,"=""62.58244""","=""67.2757""","=""3s.6d""","=""1D""","=""2""","=""3s.8f""","=""1F*""","=""3""",5,7,,"=""T6298c4""","=""""",
"=""266.1976""","=""266.1982""","=""11""","=""2.46e+08""",B+,"=""38.63287""","=""43.29046""","=""3s.4s""","=""3S""","=""1""","=""3s.4p""","=""3P*""","=""1""",3,3,,"=""T7942c84""","=""L5337""",
"=""266.4747""","=""266.4741""","=""10""","=""3.04e+08""",B+,"=""38.63287""","=""43.28564""","=""3s.4s""","=""3S""","=""1""","=""3s.4p""","=""3P*""","=""0""",3,1,,"=""T7942c84""","=""L5337""",
"=""""","=""266.945+""","=""""","=""5.98e+08""",D,"=""55.53573""","=""60.18029""","=""3s.5p""","=""1P*""","=""1""","=""3s.6s""","=""1S""","=""0""",3,1,,"=""T6298c4""","=""""",
"=""""","=""267.493+""","=""""","=""7.83e+07""",D,"=""52.20439""","=""56.83943""","=""3p.4s""","=""3P*""","=""1""","=""3p.4p""","=""3P""","=""2""",3,5,,"=""T6298c4,LS""","=""""",
"=""269.0233""","=""269.0248""","=""1""","=""1.03e+08""",D,"=""52.16538""","=""56.77404""","=""3p.4s""","=""3P*""","=""0""","=""3p.4p""","=""3P""","=""1""",1,3,,"=""T6298c4,LS""","=""L5337""",
"=""""","=""271.321+""","=""""","=""7.52e+07""",D,"=""52.20439""","=""56.77404""","=""3p.4s""","=""3P*""","=""1""","=""3p.4p""","=""3P""","=""1""",3,3,,"=""T6298c4,LS""","=""""",
"=""""","=""273.159+""","=""""","=""2.95e+08""",D,"=""52.20439""","=""56.74329""","=""3p.4s""","=""3P*""","=""1""","=""3p.4p""","=""3P""","=""0""",3,1,,"=""T6298c4,LS""","=""""",
"=""273.9910""","=""273.9914""","=""4""","=""2.18e+08""",D+,"=""52.31431""","=""56.83943""","=""3p.4s""","=""3P*""","=""2""","=""3p.4p""","=""3P""","=""2""",5,5,,"=""T6298c4,LS""","=""L5337""",
"=""278.0106""","=""278.0087""","=""0""","=""1.16e+08""",D,"=""52.31431""","=""56.77404""","=""3p.4s""","=""3P*""","=""2""","=""3p.4p""","=""3P""","=""1""",5,3,,"=""T6298c4,LS""","=""L5337""",
"=""280.1318""","=""280.1324""","=""7""","=""3.74e+08""",D+,"=""52.63452""","=""57.06043""","=""3p.4s""","=""1P*""","=""1""","=""3p.4p""","=""1D""","=""2""",3,5,,"=""T6298c4""","=""L5337""",
"=""""","=""282.882+""","=""""","=""4.59e+00""",B+,"=""29.17968""","=""33.56257""","=""3p2""","=""1S""","=""0""","=""3s.3d""","=""1D""","=""2""",1,5,E2,"=""T7942c84""","=""""",
"=""""","=""285.878+""","=""""","=""6.44e-02""",B,"=""24.79277""","=""29.12973""","=""3p2""","=""3P""","=""0""","=""3s.3d""","=""3D""","=""2""",1,5,E2,"=""T7942c84""","=""""",
"=""""","=""285.883+""","=""""","=""1.93e+00""",C+,"=""24.84279""","=""29.17968""","=""3p2""","=""3P""","=""1""","=""3p2""","=""1S""","=""0""",3,1,M1,"=""T7942c84""","=""""",
"=""288.7752""","=""288.7753""","=""4*""","=""""",,"=""58.82763""","=""63.12107""","=""3s.5g""","=""1G""","=""4""","=""3s.6h""","=""3H*""","=""4""",9,9,,"=""""","=""L5337""",
"=""288.7752""","=""288.7753""","=""4*""","=""""",,"=""58.82763""","=""63.12107""","=""3s.5g""","=""1G""","=""4""","=""3s.6h""","=""3H*""","=""5""",9,11,,"=""""","=""L5337""",
"=""288.7752""","=""288.7753""","=""4*""","=""""",,"=""58.82763""","=""63.12107""","=""3s.5g""","=""1G""","=""4""","=""3s.6h""","=""1H*""","=""5""",9,11,,"=""""","=""L5337""",
"=""289.0298""","=""289.0299""","=""3w""","=""""",,"=""58.83141""","=""63.12107""","=""3s.5g""","=""3G""","=""3""","=""3s.6h""","=""3H*""","=""4""",7,9,,"=""""","=""L5337""",
"=""289.0993""","=""289.0992""","=""4w*""","=""""",,"=""58.83244""","=""63.12107""","=""3s.5g""","=""3G""","=""4""","=""3s.6h""","=""3H*""","=""4""",9,9,,"=""""","=""L5337""",
"=""289.0993""","=""289.0992""","=""4w*""","=""""",,"=""58.83244""","=""63.12107""","=""3s.5g""","=""3G""","=""4""","=""3s.6h""","=""3H*""","=""5""",9,11,,"=""""","=""L5337""",
"=""289.0993""","=""289.0992""","=""4w*""","=""""",,"=""58.83244""","=""63.12107""","=""3s.5g""","=""3G""","=""4""","=""3s.6h""","=""1H*""","=""5""",9,11,,"=""""","=""L5337""",
"=""""","=""289.139+""","=""""","=""6.21e-02""",B,"=""24.84279""","=""29.13083""","=""3p2""","=""3P""","=""1""","=""3s.3d""","=""3D""","=""3""",3,7,E2,"=""T7942c84""","=""""",
"=""289.1499""","=""289.1502""","=""5w*""","=""""",,"=""58.83319""","=""63.12107""","=""3s.5g""","=""3G""","=""5""","=""3s.6h""","=""3H*""","=""4""",11,9,,"=""""","=""L5337""",
"=""289.1499""","=""289.1502""","=""5w*""","=""""",,"=""58.83319""","=""63.12107""","=""3s.5g""","=""3G""","=""5""","=""3s.6h""","=""3H*""","=""5""",11,11,,"=""""","=""L5337""",
"=""289.1499""","=""289.1502""","=""5w*""","=""""",,"=""58.83319""","=""63.12107""","=""3s.5g""","=""3G""","=""5""","=""3s.6h""","=""3H*""","=""6""",11,13,,"=""""","=""L5337""",
"=""289.1499""","=""289.1502""","=""5w*""","=""""",,"=""58.83319""","=""63.12107""","=""3s.5g""","=""3G""","=""5""","=""3s.6h""","=""1H*""","=""5""",11,11,,"=""""","=""L5337""",
"=""""","=""289.214+""","=""""","=""1.47e-02""",B,"=""24.84279""","=""29.12973""","=""3p2""","=""3P""","=""1""","=""3s.3d""","=""3D""","=""2""",3,5,E2,"=""T7942c84""","=""""",
"=""""","=""289.261+""","=""""","=""1.36e-01""",B,"=""24.84279""","=""29.12903""","=""3p2""","=""3P""","=""1""","=""3s.3d""","=""3D""","=""1""",3,3,E2,"=""T7942c84""","=""""",
"=""""","=""290.8+""","=""""","=""5.97e+08""",D+,"=""58.75934""","=""63.022""","=""3s.5f""","=""3F*""","=""2""","=""3s.6g""","=""3G""","=""3""",5,7,,"=""T6298c4,LS""","=""""",
"=""""","=""290.8+""","=""""","=""6.08e+08""",D+,"=""58.75940""","=""63.022""","=""3s.5f""","=""3F*""","=""3""","=""3s.6g""","=""3G""","=""4""",7,9,,"=""T6298c4,LS""","=""""",
"=""""","=""290.8+""","=""""","=""5.22e+07""",D,"=""58.75940""","=""63.022""","=""3s.5f""","=""3F*""","=""3""","=""3s.6g""","=""3G""","=""3""",7,7,,"=""T6298c4,LS""","=""""",
"=""""","=""290.9+""","=""""","=""6.51e+08""",D+,"=""58.75977""","=""63.022""","=""3s.5f""","=""3F*""","=""4""","=""3s.6g""","=""3G""","=""5""",9,11,,"=""T6298c4,LS""","=""""",
"=""""","=""290.9+""","=""""","=""4.06e+07""",D,"=""58.75977""","=""63.022""","=""3s.5f""","=""3F*""","=""4""","=""3s.6g""","=""3G""","=""4""",9,9,,"=""T6298c4,LS""","=""""",
"=""""","=""290.9+""","=""""","=""7.96e+05""",E',"=""58.75977""","=""63.022""","=""3s.5f""","=""3F*""","=""4""","=""3s.6g""","=""3G""","=""3""",9,7,,"=""T6298c4,LS""","=""""",
"=""""","=""291.054+""","=""""","=""4.55e+04""",D+,"=""38.63287""","=""42.89271""","=""3s.4s""","=""3S""","=""1""","=""3p.3d""","=""3P*""","=""0""",3,1,,"=""T7942c84""","=""""",
"=""""","=""292.363+""","=""""","=""2.94e-01""",B,"=""24.93893""","=""29.17968""","=""3p2""","=""3P""","=""2""","=""3p2""","=""1S""","=""0""",5,1,E2,"=""T7942c84""","=""""",
"=""""","=""293.103+""","=""""","=""3.89e+04""",C,"=""38.63287""","=""42.86292""","=""3s.4s""","=""3S""","=""1""","=""3p.3d""","=""3P*""","=""1""",3,3,,"=""T7942c84""","=""""",
"=""""","=""294.89+""","=""""","=""1.01e+07""",E,"=""58.83141""","=""63.0358""","=""3s.5g""","=""3G""","=""3""","=""3s.6f""","=""3F*""","=""2""",7,5,,"=""T6298c4,LS""","=""""",
"=""""","=""294.89+""","=""""","=""6.31e+05""",E',"=""58.83141""","=""63.0358""","=""3s.5g""","=""3G""","=""3""","=""3s.6f""","=""3F*""","=""3""",7,7,,"=""T6298c4,LS""","=""""",
"=""""","=""294.89+""","=""""","=""7.45e+03""",E',"=""58.83141""","=""63.0358""","=""3s.5g""","=""3G""","=""3""","=""3s.6f""","=""3F*""","=""4""",7,9,,"=""T6298c4,LS""","=""""",
"=""""","=""294.96+""","=""""","=""9.44e+06""",E,"=""58.83244""","=""63.0358""","=""3s.5g""","=""3G""","=""4""","=""3s.6f""","=""3F*""","=""3""",9,7,,"=""T6298c4,LS""","=""""",
"=""""","=""294.96+""","=""""","=""4.91e+05""",E',"=""58.83244""","=""63.0358""","=""3s.5g""","=""3G""","=""4""","=""3s.6f""","=""3F*""","=""4""",9,9,,"=""T6298c4,LS""","=""""",
"=""""","=""295.02+""","=""""","=""9.55e+06""",D,"=""58.83319""","=""63.0358""","=""3s.5g""","=""3G""","=""5""","=""3s.6f""","=""3F*""","=""4""",11,9,,"=""T6298c4,LS""","=""""",
"=""""","=""295.770+""","=""""","=""1.09e-01""",B+,"=""24.93893""","=""29.13083""","=""3p2""","=""3P""","=""2""","=""3s.3d""","=""3D""","=""3""",5,7,E2,"=""T7942c84""","=""""",
"=""""","=""295.848+""","=""""","=""9.53e-02""",B,"=""24.93893""","=""29.12973""","=""3p2""","=""3P""","=""2""","=""3s.3d""","=""3D""","=""2""",5,5,E2,"=""T7942c84""","=""""",
"=""""","=""295.897+""","=""""","=""4.08e-02""",B,"=""24.93893""","=""29.12903""","=""3p2""","=""3P""","=""2""","=""3s.3d""","=""3D""","=""1""",5,3,E2,"=""T7942c84""","=""""",
"=""""","=""296.357+""","=""""","=""3.24e+04""",C,"=""38.63287""","=""42.81648""","=""3s.4s""","=""3S""","=""1""","=""3p.3d""","=""3P*""","=""2""",3,5,,"=""T7942c84""","=""""",
"=""298.4489""","=""298.4522""","=""1w*""","=""""",,"=""63.12107""","=""67.2753""","=""3s.6h""","=""3H*""","=""4""","=""3s.8i""","=""3I""","=""5""",9,11,,"=""""","=""L5337""",
"=""298.4489""","=""298.4522""","=""1w*""","=""""",,"=""63.12107""","=""67.2753""","=""3s.6h""","=""3H*""","=""5""","=""3s.8i""","=""3I""","=""5""",11,11,,"=""""","=""L5337""",
"=""298.4489""","=""298.4522""","=""1w*""","=""""",,"=""63.12107""","=""67.2753""","=""3s.6h""","=""3H*""","=""5""","=""3s.8i""","=""3I""","=""6""",11,13,,"=""""","=""L5337""",
"=""298.4489""","=""298.4522""","=""1w*""","=""""",,"=""63.12107""","=""67.2753""","=""3s.6h""","=""3H*""","=""6""","=""3s.8i""","=""3I""","=""5""",13,11,,"=""""","=""L5337""",
"=""298.4489""","=""298.4522""","=""1w*""","=""""",,"=""63.12107""","=""67.2753""","=""3s.6h""","=""3H*""","=""6""","=""3s.8i""","=""3I""","=""6""",13,13,,"=""""","=""L5337""",
"=""298.4489""","=""298.4522""","=""1w*""","=""""",,"=""63.12107""","=""67.2753""","=""3s.6h""","=""3H*""","=""6""","=""3s.8i""","=""3I""","=""7""",13,15,,"=""""","=""L5337""",
"=""298.4489""","=""298.4522""","=""1w*""","=""""",,"=""63.12107""","=""67.2753""","=""3s.6h""","=""1H*""","=""5""","=""3s.8i""","=""1I""","=""6""",11,13,,"=""""","=""L5337""",
"=""""","=""307.857+""","=""""","=""1.18e+08""",D,"=""57.06043""","=""61.08776""","=""3p.4p""","=""1D""","=""2""","=""3s.6p""","=""1P*""","=""1""",5,3,,"=""T6298c4""","=""""",
"=""""","=""308.49+""","=""""","=""6.37e+08""",D+,"=""58.99199""","=""63.0110""","=""3s.5f""","=""1F*""","=""3""","=""3s.6g""","=""1G""","=""4""",7,9,,"=""T6298c4""","=""""",
"=""""","=""311.98+""","=""""","=""2.55e+07""",D,"=""63.0358""","=""67.0099""","=""3s.6f""","=""3F*""","=""4""","=""3s.8d""","=""3D""","=""3""",9,7,,"=""T6298c4,LS""","=""""",
"=""""","=""311.98+""","=""""","=""2.21e+06""",E,"=""63.0358""","=""67.0099""","=""3s.6f""","=""3F*""","=""3""","=""3s.8d""","=""3D""","=""3""",7,7,,"=""T6298c4,LS""","=""""",
"=""""","=""311.98+""","=""""","=""6.26e+04""",E',"=""63.0358""","=""67.0099""","=""3s.6f""","=""3F*""","=""2""","=""3s.8d""","=""3D""","=""3""",5,7,,"=""T6298c4,LS""","=""""",
"=""""","=""315.77+""","=""""","=""3.98e+05""",E',"=""62.52480""","=""66.4512""","=""3s.6d""","=""3D""","=""1""","=""3s.8p""","=""3P*""","=""2""",3,5,,"=""T6298c4,LS""","=""""",
"=""""","=""315.86+""","=""""","=""5.96e+06""",E,"=""62.52594""","=""66.4512""","=""3s.6d""","=""3D""","=""2""","=""3s.8p""","=""3P*""","=""2""",5,5,,"=""T6298c4,LS""","=""""",
"=""""","=""315.91+""","=""""","=""3.34e+07""",D,"=""62.52653""","=""66.4512""","=""3s.6d""","=""3D""","=""3""","=""3s.8p""","=""3P*""","=""2""",7,5,,"=""T6298c4,LS""","=""""",
"=""318.60""","=""318.5728""","=""5bl""","=""1.46e+08""",D+,"=""52.20439""","=""56.09625""","=""3p.4s""","=""3P*""","=""1""","=""3p.4p""","=""3D""","=""2""",3,5,,"=""T6298c4,LS""","=""L5337""",
"=""""","=""318.86+""","=""""","=""2.50e+07""",D,"=""65.27524""","=""69.1636""","=""3s.7d""","=""3D""","=""1""","=""3s.10f""","=""3F*""","=""2""",3,5,,"=""T6298c4,LS""","=""""",
"=""""","=""319.00+""","=""""","=""2.64e+07""",D,"=""65.27695""","=""69.1636""","=""3s.7d""","=""3D""","=""2""","=""3s.10f""","=""3F*""","=""3""",5,7,,"=""T6298c4,LS""","=""""",
"=""""","=""319.00+""","=""""","=""4.63e+06""",E,"=""65.27695""","=""69.1636""","=""3s.7d""","=""3D""","=""2""","=""3s.10f""","=""3F*""","=""2""",5,5,,"=""T6298c4,LS""","=""""",
"=""319.0655""","=""319.0648""","=""3""","=""1.08e+08""",D,"=""52.16538""","=""56.05125""","=""3p.4s""","=""3P*""","=""0""","=""3p.4p""","=""3D""","=""1""",1,3,,"=""T6298c4,LS""","=""L5337""",
"=""""","=""319.08+""","=""""","=""2.96e+07""",D,"=""65.27789""","=""69.1636""","=""3s.7d""","=""3D""","=""3""","=""3s.10f""","=""3F*""","=""4""",7,9,,"=""T6298c4,LS""","=""""",
"=""""","=""319.08+""","=""""","=""3.31e+06""",E,"=""65.27789""","=""69.1636""","=""3s.7d""","=""3D""","=""3""","=""3s.10f""","=""3F*""","=""3""",7,7,,"=""T6298c4,LS""","=""""",
"=""""","=""319.08+""","=""""","=""1.30e+05""",E',"=""65.27789""","=""69.1636""","=""3s.7d""","=""3D""","=""3""","=""3s.10f""","=""3F*""","=""2""",7,5,,"=""T6298c4,LS""","=""""",
"=""319.9864""","=""319.9867""","=""8""","=""1.93e+08""",D+,"=""52.31431""","=""56.18898""","=""3p.4s""","=""3P*""","=""2""","=""3p.4p""","=""3D""","=""3""",5,7,,"=""T6298c4,LS""","=""L5337""",
"=""322.2927""","=""322.2999""","=""2w""","=""7.83e+07""",D,"=""52.20439""","=""56.05125""","=""3p.4s""","=""3P*""","=""1""","=""3p.4p""","=""3D""","=""1""",3,3,,"=""T6298c4,LS""","=""L5337""",
"=""325.2772""","=""325.2752""","=""7""","=""3.85e+07""",B+,"=""45.48509""","=""49.29676""","=""3p.3d""","=""1F*""","=""3""","=""3s.4d""","=""1D""","=""2""",7,5,,"=""T7942c84""","=""L5337""",
"=""327.8323""","=""327.8323""","=""3""","=""4.47e+07""",D,"=""52.31431""","=""56.09625""","=""3p.4s""","=""3P*""","=""2""","=""3p.4p""","=""3D""","=""2""",5,5,,"=""T6298c4,LS""","=""L5337""",
"=""""","=""329.115+""","=""""","=""1.64e+05""",E',"=""58.75934""","=""62.52653""","=""3s.5f""","=""3F*""","=""2""","=""3s.6d""","=""3D""","=""3""",5,7,,"=""T6298c4,LS""","=""""",
"=""""","=""329.121+""","=""""","=""5.82e+06""",E,"=""58.75940""","=""62.52653""","=""3s.5f""","=""3F*""","=""3""","=""3s.6d""","=""3D""","=""3""",7,7,,"=""T6298c4,LS""","=""""",
"=""""","=""329.153+""","=""""","=""6.72e+07""",D,"=""58.75977""","=""62.52653""","=""3s.5f""","=""3F*""","=""4""","=""3s.6d""","=""3D""","=""3""",9,7,,"=""T6298c4,LS""","=""""",
"=""""","=""329.167+""","=""""","=""8.12e+06""",E,"=""58.75934""","=""62.52594""","=""3s.5f""","=""3F*""","=""2""","=""3s.6d""","=""3D""","=""2""",5,5,,"=""T6298c4,LS""","=""""",
"=""""","=""329.173+""","=""""","=""6.50e+07""",D,"=""58.75940""","=""62.52594""","=""3s.5f""","=""3F*""","=""3""","=""3s.6d""","=""3D""","=""2""",7,5,,"=""T6298c4,LS""","=""""",
"=""""","=""329.267+""","=""""","=""7.31e+07""",D,"=""58.75934""","=""62.52480""","=""3s.5f""","=""3F*""","=""2""","=""3s.6d""","=""3D""","=""1""",5,3,,"=""T6298c4,LS""","=""""",
"=""""","=""330.04+""","=""""","=""3.27e+07""",D,"=""63.2508""","=""67.0074""","=""3s.6f""","=""1F*""","=""3""","=""3s.8d""","=""1D""","=""2""",7,5,,"=""T6298c4""","=""""",
"=""""","=""331.781+""","=""""","=""4.80e+06""",E,"=""52.31431""","=""56.05125""","=""3p.4s""","=""3P*""","=""2""","=""3p.4p""","=""3D""","=""1""",5,3,,"=""T6298c4,LS""","=""""",
"=""""","=""334.12+""","=""""","=""2.41e+07""",D,"=""62.58244""","=""66.2932""","=""3s.6d""","=""1D""","=""2""","=""3s.8p""","=""1P*""","=""1""",5,3,,"=""T6298c4""","=""""",
"=""339.8322""","=""339.8309""","=""11""","=""1.01e+08""",B+,"=""39.68833""","=""43.33674""","=""3s.4s""","=""1S""","=""0""","=""3s.4p""","=""1P*""","=""1""",1,3,,"=""T7942c84""","=""L5337""",
"=""""","=""344.197+""","=""""","=""2.35e+07""",B,"=""39.68833""","=""43.29046""","=""3s.4s""","=""1S""","=""0""","=""3s.4p""","=""3P*""","=""1""",1,3,,"=""T7942c84""","=""""",
"=""""","=""345.317+""","=""""","=""7.35e+07""",D,"=""58.99199""","=""62.58244""","=""3s.5f""","=""1F*""","=""3""","=""3s.6d""","=""1D""","=""2""",7,5,,"=""T6298c4""","=""""",
"=""""","=""360.580+""","=""""","=""2.66e+05""",C,"=""39.68833""","=""43.12680""","=""3s.4s""","=""1S""","=""0""","=""3p.3d""","=""3D*""","=""1""",1,3,,"=""T7942c84""","=""""",
"=""371.4611""","=""371.4600""","=""1""","=""8.34e+04""",D,"=""49.29676""","=""52.63452""","=""3s.4d""","=""1D""","=""2""","=""3p.4s""","=""1P*""","=""1""",5,3,,"=""T7238""","=""L5337""",
"=""""","=""385.834+""","=""""","=""5.35e+03""",E',"=""49.10090""","=""52.31431""","=""3s.4d""","=""3D""","=""1""","=""3p.4s""","=""3P*""","=""2""",3,5,,"=""T7238""","=""""",
"=""""","=""386.042+""","=""""","=""7.87e+04""",D+,"=""49.10264""","=""52.31431""","=""3s.4d""","=""3D""","=""2""","=""3p.4s""","=""3P*""","=""2""",5,5,,"=""T7238""","=""""",
"=""386.3719""","=""386.3570""","=""1w""","=""4.29e+05""",D+,"=""49.10526""","=""52.31431""","=""3s.4d""","=""3D""","=""3""","=""3p.4s""","=""3P*""","=""2""",7,5,,"=""T7238""","=""L5337""",
"=""""","=""390.552+""","=""""","=""1.30e+04""",D+,"=""39.68833""","=""42.86292""","=""3s.4s""","=""1S""","=""0""","=""3p.3d""","=""3P*""","=""1""",1,3,,"=""T7942c84""","=""""",
"=""391.1514""","=""391.1521""","=""7w""","=""8.71e+07""",D,"=""52.63452""","=""55.80423""","=""3p.4s""","=""1P*""","=""1""","=""3p.4p""","=""1P""","=""1""",3,3,,"=""T6298c4""","=""L5337""",
"=""""","=""399.500+""","=""""","=""1.19e+05""",D+,"=""49.10090""","=""52.20439""","=""3s.4d""","=""3D""","=""1""","=""3p.4s""","=""3P*""","=""1""",3,3,,"=""T7238""","=""""",
"=""399.7105""","=""399.7234""","=""0""","=""3.50e+05""",D+,"=""49.10264""","=""52.20439""","=""3s.4d""","=""3D""","=""2""","=""3p.4s""","=""3P*""","=""1""",5,3,,"=""T7238""","=""L5337""",
"=""""","=""401.29+""","=""""","=""1.91e+07""",D,"=""65.29694""","=""68.3866""","=""3s.7d""","=""1D""","=""2""","=""3s.9f""","=""1F*""","=""3""",5,7,,"=""T6298c4""","=""""",
"=""""","=""402.6+""","=""""","=""3.16e+07""",D,"=""65.27524""","=""68.355""","=""3s.7d""","=""3D""","=""1""","=""3s.9f""","=""3F*""","=""2""",3,5,,"=""T6298c4,LS""","=""""",
"=""""","=""402.8+""","=""""","=""3.35e+07""",D,"=""65.27695""","=""68.355""","=""3s.7d""","=""3D""","=""2""","=""3s.9f""","=""3F*""","=""3""",5,7,,"=""T6298c4,LS""","=""""",
"=""""","=""402.8+""","=""""","=""5.88e+06""",E,"=""65.27695""","=""68.355""","=""3s.7d""","=""3D""","=""2""","=""3s.9f""","=""3F*""","=""2""",5,5,,"=""T6298c4,LS""","=""""",
"=""""","=""402.9+""","=""""","=""3.77e+07""",D+,"=""65.27789""","=""68.355""","=""3s.7d""","=""3D""","=""3""","=""3s.9f""","=""3F*""","=""4""",7,9,,"=""T6298c4,LS""","=""""",
"=""""","=""402.9+""","=""""","=""4.19e+06""",E,"=""65.27789""","=""68.355""","=""3s.7d""","=""3D""","=""3""","=""3s.9f""","=""3F*""","=""3""",7,7,,"=""T6298c4,LS""","=""""",
"=""""","=""402.9+""","=""""","=""1.66e+05""",E',"=""65.27789""","=""68.355""","=""3s.7d""","=""3D""","=""3""","=""3s.9f""","=""3F*""","=""2""",7,5,,"=""T6298c4,LS""","=""""",
"=""""","=""403.79+""","=""""","=""9.10e+07""",D+,"=""62.58244""","=""65.6530""","=""3s.6d""","=""1D""","=""2""","=""3s.7f""","=""1F*""","=""3""",5,7,,"=""T6298c4""","=""""",
"=""404.5832""","=""404.5848""","=""0w""","=""4.04e+05""",D+,"=""49.10090""","=""52.16538""","=""3s.4d""","=""3D""","=""1""","=""3p.4s""","=""3P*""","=""0""",3,1,,"=""T7238""","=""L5337""",
"=""""","=""406.1+""","=""""","=""9.22e+07""",D+,"=""62.52480""","=""65.578""","=""3s.6d""","=""3D""","=""1""","=""3s.7f""","=""3F*""","=""2""",3,5,,"=""T6298c4,LS""","=""""",
"=""""","=""406.3+""","=""""","=""9.76e+07""",D+,"=""62.52594""","=""65.578""","=""3s.6d""","=""3D""","=""2""","=""3s.7f""","=""3F*""","=""3""",5,7,,"=""T6298c4,LS""","=""""",
"=""""","=""406.3+""","=""""","=""1.71e+07""",D,"=""62.52594""","=""65.578""","=""3s.6d""","=""3D""","=""2""","=""3s.7f""","=""3F*""","=""2""",5,5,,"=""T6298c4,LS""","=""""",
"=""""","=""406.3+""","=""""","=""1.10e+08""",D+,"=""62.52653""","=""65.578""","=""3s.6d""","=""3D""","=""3""","=""3s.7f""","=""3F*""","=""4""",7,9,,"=""T6298c4,LS""","=""""",
"=""""","=""406.3+""","=""""","=""1.22e+07""",D,"=""62.52653""","=""65.578""","=""3s.6d""","=""3D""","=""3""","=""3s.7f""","=""3F*""","=""3""",7,7,,"=""T6298c4,LS""","=""""",
"=""""","=""406.3+""","=""""","=""4.82e+05""",E',"=""62.52653""","=""65.578""","=""3s.6d""","=""3D""","=""3""","=""3s.7f""","=""3F*""","=""2""",7,5,,"=""T6298c4,LS""","=""""",
"=""""","=""406.501+""","=""""","=""7.72e+07""",D,"=""55.53573""","=""58.58577""","=""3s.5p""","=""1P*""","=""1""","=""3p.4p""","=""1S""","=""0""",3,1,,"=""T6298c4""","=""""",
"=""""","=""414.92+""","=""""","=""3.96e+07""",D,"=""64.5439""","=""67.5321""","=""3s.7p""","=""3P*""","=""2""","=""3s.9s""","=""3S""","=""1""",5,3,,"=""T6298c4,LS""","=""""",
"=""""","=""417.837+""","=""""","=""4.97e+07""",D,"=""60.75236""","=""63.71965""","=""3s.6p""","=""3P*""","=""0""","=""3s.7s""","=""3S""","=""1""",1,3,,"=""T6298c4,LS""","=""""",
"=""""","=""418.218+""","=""""","=""1.49e+08""",D+,"=""60.75506""","=""63.71965""","=""3s.6p""","=""3P*""","=""1""","=""3s.7s""","=""3S""","=""1""",3,3,,"=""T6298c4,LS""","=""""",
"=""""","=""419.308+""","=""""","=""2.46e+08""",D+,"=""60.76277""","=""63.71965""","=""3s.6p""","=""3P*""","=""2""","=""3s.7s""","=""3S""","=""1""",5,3,,"=""T6298c4,LS""","=""""",
"=""""","=""438.20+""","=""""","=""2.45e+00""",B+,"=""40.06334""","=""42.89271""","=""3p.3d""","=""3F*""","=""2""","=""3p.3d""","=""3P*""","=""0""",5,1,E2,"=""T7942c84""","=""""",
"=""439.6675""","=""439.6667""","=""0""","=""1.55e+08""",D+,"=""55.21062""","=""58.03058""","=""3s.5p""","=""3P*""","=""0""","=""3s.5d""","=""3D""","=""1""",1,3,,"=""T6298c4,LS""","=""L5337""",
"=""440.0170""","=""440.0169""","=""1""","=""2.09e+08""",D+,"=""55.21642""","=""58.03414""","=""3s.5p""","=""3P*""","=""1""","=""3s.5d""","=""3D""","=""2""",3,5,,"=""T6298c4,LS""","=""L5337""",
"=""""","=""440.57+""","=""""","=""1.16e+08""",D+,"=""55.21642""","=""58.03058""","=""3s.5p""","=""3P*""","=""1""","=""3s.5d""","=""3D""","=""1""",3,3,,"=""T6298c4,LS""","=""""",
"=""441.8125""","=""441.8132""","=""1""","=""2.76e+08""",D+,"=""55.23472""","=""58.04098""","=""3s.5p""","=""3P*""","=""2""","=""3s.5d""","=""3D""","=""3""",5,7,,"=""T6298c4,LS""","=""L5337""",
"=""""","=""442.87+""","=""""","=""7.75e-01""",B+,"=""40.06334""","=""42.86292""","=""3p.3d""","=""3F*""","=""2""","=""3p.3d""","=""3P*""","=""1""",5,3,E2,"=""T7942c84""","=""""",
"=""""","=""442.89+""","=""""","=""6.83e+07""",D+,"=""55.23472""","=""58.03414""","=""3s.5p""","=""3P*""","=""2""","=""3s.5d""","=""3D""","=""2""",5,5,,"=""T6298c4,LS""","=""""",
"=""""","=""443.46+""","=""""","=""7.57e+06""",E,"=""55.23472""","=""58.03058""","=""3s.5p""","=""3P*""","=""2""","=""3s.5d""","=""3D""","=""1""",5,3,,"=""T6298c4,LS""","=""""",
"=""444.9071""","=""444.9071""","=""3""","=""1.45e+08""",D+,"=""58.30102""","=""61.08776""","=""3s.5d""","=""1D""","=""2""","=""3s.6p""","=""1P*""","=""1""",5,3,,"=""T6298c4""","=""L5337""",
"=""448.38""","=""448.3601""","=""5bl""","=""1.96e+08""",D+,"=""55.53573""","=""58.30102""","=""3s.5p""","=""1P*""","=""1""","=""3s.5d""","=""1D""","=""2""",3,5,,"=""T6298c4""","=""L5337""",
"=""""","=""451.15+""","=""""","=""1.39e+00""",B+,"=""40.11475""","=""42.86292""","=""3p.3d""","=""3F*""","=""3""","=""3p.3d""","=""3P*""","=""1""",7,3,E2,"=""T7942c84""","=""""",
"=""""","=""453.79+""","=""""","=""1.84e+06""",E,"=""58.03058""","=""60.76277""","=""3s.5d""","=""3D""","=""1""","=""3s.6p""","=""3P*""","=""2""",3,5,,"=""T6298c4,LS""","=""""",
"=""""","=""453.90+""","=""""","=""4.39e+06""",D,"=""63.71965""","=""66.4512""","=""3s.7s""","=""3S""","=""1""","=""3s.8p""","=""3P*""","=""2""",3,5,,"=""T6298c4,LS""","=""""",
"=""""","=""454.38+""","=""""","=""2.75e+07""",D,"=""58.03414""","=""60.76277""","=""3s.5d""","=""3D""","=""2""","=""3s.6p""","=""3P*""","=""2""",5,5,,"=""T6298c4,LS""","=""""",
"=""""","=""455.07+""","=""""","=""4.54e+07""",D,"=""58.03058""","=""60.75506""","=""3s.5d""","=""3D""","=""1""","=""3s.6p""","=""3P*""","=""1""",3,3,,"=""T6298c4,LS""","=""""",
"=""455.5257""","=""455.5248""","=""1*""","=""1.53e+08""",D+,"=""58.04098""","=""60.76277""","=""3s.5d""","=""3D""","=""3""","=""3s.6p""","=""3P*""","=""2""",7,5,,"=""T6298c4,LS""","=""L5337""",
"=""455.5257""","=""455.5269""","=""1*""","=""1.81e+08""",D,"=""58.03058""","=""60.75236""","=""3s.5d""","=""3D""","=""1""","=""3s.6p""","=""3P*""","=""0""",3,1,,"=""T6298c4,LS""","=""L5337""",
"=""455.6695""","=""455.6701""","=""0""","=""1.36e+08""",D+,"=""58.03414""","=""60.75506""","=""3s.5d""","=""3D""","=""2""","=""3s.6p""","=""3P*""","=""1""",5,3,,"=""T6298c4,LS""","=""L5337""",
"=""""","=""456.85+""","=""""","=""3.04e+08""",D+,"=""61.08776""","=""63.80167""","=""3s.6p""","=""1P*""","=""1""","=""3s.7s""","=""1S""","=""0""",3,1,,"=""T6298c4""","=""""",
"=""""","=""457.83+""","=""""","=""2.06e+07""",D,"=""56.05125""","=""58.75934""","=""3p.4p""","=""3D""","=""1""","=""3s.5f""","=""3F*""","=""2""",3,5,,"=""T6298c4,LS""","=""""",
"=""""","=""458.91+""","=""""","=""4.07e-01""",B+,"=""40.11475""","=""42.81648""","=""3p.3d""","=""3F*""","=""3""","=""3p.3d""","=""3P*""","=""2""",7,5,E2,"=""T7942c84""","=""""",
"=""""","=""465.56+""","=""""","=""2.07e+07""",D,"=""56.09625""","=""58.75940""","=""3p.4p""","=""3D""","=""2""","=""3s.5f""","=""3F*""","=""3""",5,7,,"=""T6298c4,LS""","=""""",
"=""""","=""465.57+""","=""""","=""3.63e+06""",E,"=""56.09625""","=""58.75934""","=""3p.4p""","=""3D""","=""2""","=""3s.5f""","=""3F*""","=""2""",5,5,,"=""T6298c4,LS""","=""""",
"=""""","=""469.3+""","=""""","=""3.08e+06""",D,"=""63.0110""","=""65.6530""","=""3s.6g""","=""1G""","=""4""","=""3s.7f""","=""1F*""","=""3""",9,7,,"=""T6298c4""","=""""",
"=""""","=""470.41+""","=""""","=""1.34e+00""",A,"=""40.18081""","=""42.81648""","=""3p.3d""","=""3F*""","=""4""","=""3p.3d""","=""3P*""","=""2""",9,5,E2,"=""T7942c84""","=""""",
"=""""","=""473.7+""","=""""","=""1.44e+07""",D,"=""65.578""","=""68.1952""","=""3s.7f""","=""3F*""","=""4""","=""3s.9d""","=""3D""","=""3""",9,7,,"=""T6298c4,LS""","=""""",
"=""""","=""473.7+""","=""""","=""1.25e+06""",E,"=""65.578""","=""68.1952""","=""3s.7f""","=""3F*""","=""3""","=""3s.9d""","=""3D""","=""3""",7,7,,"=""T6298c4,LS""","=""""",
"=""""","=""473.7+""","=""""","=""3.52e+04""",E',"=""65.578""","=""68.1952""","=""3s.7f""","=""3F*""","=""2""","=""3s.9d""","=""3D""","=""3""",5,7,,"=""T6298c4,LS""","=""""",
"=""""","=""480.6+""","=""""","=""1.94e+07""",D,"=""65.6530""","=""68.2327""","=""3s.7f""","=""1F*""","=""3""","=""3s.9d""","=""1D""","=""2""",7,5,,"=""T6298c4""","=""""",
"=""""","=""482.28+""","=""""","=""2.10e+07""",D+,"=""56.18898""","=""58.75977""","=""3p.4p""","=""3D""","=""3""","=""3s.5f""","=""3F*""","=""4""",7,9,,"=""T6298c4,LS""","=""""",
"=""""","=""482.35+""","=""""","=""2.34e+06""",E,"=""56.18898""","=""58.75940""","=""3p.4p""","=""3D""","=""3""","=""3s.5f""","=""3F*""","=""3""",7,7,,"=""T6298c4,LS""","=""""",
"=""""","=""482.36+""","=""""","=""9.23e+04""",E',"=""56.18898""","=""58.75934""","=""3p.4p""","=""3D""","=""3""","=""3s.5f""","=""3F*""","=""2""",7,5,,"=""T6298c4,LS""","=""""",
"=""""","=""485+""","=""""","=""2.75e+06""",D,"=""63.022""","=""65.578""","=""3s.6g""","=""3G""","=""5""","=""3s.7f""","=""3F*""","=""4""",11,9,,"=""T6298c4,LS""","=""""",
"=""""","=""485+""","=""""","=""2.71e+06""",D,"=""63.022""","=""65.578""","=""3s.6g""","=""3G""","=""4""","=""3s.7f""","=""3F*""","=""3""",9,7,,"=""T6298c4,LS""","=""""",
"=""""","=""485+""","=""""","=""2.89e+06""",E,"=""63.022""","=""65.578""","=""3s.6g""","=""3G""","=""3""","=""3s.7f""","=""3F*""","=""2""",7,5,,"=""T6298c4,LS""","=""""",
"=""""","=""485+""","=""""","=""1.41e+05""",E',"=""63.022""","=""65.578""","=""3s.6g""","=""3G""","=""4""","=""3s.7f""","=""3F*""","=""4""",9,9,,"=""T6298c4,LS""","=""""",
"=""""","=""485+""","=""""","=""1.81e+05""",E',"=""63.022""","=""65.578""","=""3s.6g""","=""3G""","=""3""","=""3s.7f""","=""3F*""","=""3""",7,7,,"=""T6298c4,LS""","=""""",
"=""""","=""485+""","=""""","=""2.14e+03""",E',"=""63.022""","=""65.578""","=""3s.6g""","=""3G""","=""3""","=""3s.7f""","=""3F*""","=""4""",7,9,,"=""T6298c4,LS""","=""""",
"=""490.6829""","=""490.6844""","=""8""","=""6.10e+07""",B,"=""49.29676""","=""51.82352""","=""3s.4d""","=""1D""","=""2""","=""3s.4f""","=""1F*""","=""3""",5,7,,"=""T7238""","=""L5337""",
"=""490.8231""","=""490.8216""","=""4w*""","=""""",,"=""63.12107""","=""65.64713""","=""3s.6h""","=""3H*""","=""4""","=""3s.7i""","=""3I""","=""5""",9,11,,"=""""","=""L5337""",
"=""490.8231""","=""490.8216""","=""4w*""","=""""",,"=""63.12107""","=""65.64713""","=""3s.6h""","=""3H*""","=""5""","=""3s.7i""","=""3I""","=""5""",11,11,,"=""""","=""L5337""",
"=""490.8231""","=""490.8216""","=""4w*""","=""""",,"=""63.12107""","=""65.64713""","=""3s.6h""","=""3H*""","=""5""","=""3s.7i""","=""3I""","=""6""",11,13,,"=""""","=""L5337""",
"=""490.8231""","=""490.8216""","=""4w*""","=""""",,"=""63.12107""","=""65.64713""","=""3s.6h""","=""3H*""","=""6""","=""3s.7i""","=""3I""","=""5""",13,11,,"=""""","=""L5337""",
"=""490.8231""","=""490.8216""","=""4w*""","=""""",,"=""63.12107""","=""65.64713""","=""3s.6h""","=""3H*""","=""6""","=""3s.7i""","=""3I""","=""6""",13,13,,"=""""","=""L5337""",
"=""490.8231""","=""490.8216""","=""4w*""","=""""",,"=""63.12107""","=""65.64713""","=""3s.6h""","=""3H*""","=""6""","=""3s.7i""","=""3I""","=""7""",13,15,,"=""""","=""L5337""",
"=""490.8231""","=""490.8216""","=""4w*""","=""""",,"=""63.12107""","=""65.64713""","=""3s.6h""","=""1H*""","=""5""","=""3s.7i""","=""1I""","=""6""",11,13,,"=""""","=""L5337""",
"=""""","=""495.54+""","=""""","=""2.35e+07""",D,"=""58.58577""","=""61.08776""","=""3p.4p""","=""1S""","=""0""","=""3s.6p""","=""1P*""","=""1""",1,3,,"=""T6298c4""","=""""",
"=""""","=""497.62+""","=""""","=""1.09e+07""",D,"=""63.80167""","=""66.2932""","=""3s.7s""","=""1S""","=""0""","=""3s.8p""","=""1P*""","=""1""",1,3,,"=""T6298c4""","=""""",
"=""""","=""553.0+""","=""""","=""3.87e+07""",D+,"=""63.0358""","=""65.27789""","=""3s.6f""","=""3F*""","=""4""","=""3s.7d""","=""3D""","=""3""",9,7,,"=""T6298c4,LS""","=""""",
"=""""","=""553.0+""","=""""","=""3.34e+06""",D,"=""63.0358""","=""65.27789""","=""3s.6f""","=""3F*""","=""3""","=""3s.7d""","=""3D""","=""3""",7,7,,"=""T6298c4,LS""","=""""",
"=""""","=""553.0+""","=""""","=""9.44e+04""",E',"=""63.0358""","=""65.27789""","=""3s.6f""","=""3F*""","=""2""","=""3s.7d""","=""3D""","=""3""",5,7,,"=""T6298c4,LS""","=""""",
"=""""","=""553.2+""","=""""","=""3.72e+07""",D+,"=""63.0358""","=""65.27695""","=""3s.6f""","=""3F*""","=""3""","=""3s.7d""","=""3D""","=""2""",7,5,,"=""T6298c4,LS""","=""""",
"=""""","=""553.2+""","=""""","=""4.68e+06""",D,"=""63.0358""","=""65.27695""","=""3s.6f""","=""3F*""","=""2""","=""3s.7d""","=""3D""","=""2""",5,5,,"=""T6298c4,LS""","=""""",
"=""""","=""553.6+""","=""""","=""4.21e+07""",D+,"=""63.0358""","=""65.27524""","=""3s.6f""","=""3F*""","=""2""","=""3s.7d""","=""3D""","=""1""",5,3,,"=""T6298c4,LS""","=""""",
"=""""","=""575.7+""","=""""","=""1.64e+07""",D+,"=""67.0099""","=""69.1636""","=""3s.8d""","=""3D""","=""3""","=""3s.10f""","=""3F*""","=""4""",7,9,,"=""T6298c4,LS""","=""""",
"=""""","=""575.7+""","=""""","=""1.83e+06""",D,"=""67.0099""","=""69.1636""","=""3s.8d""","=""3D""","=""3""","=""3s.10f""","=""3F*""","=""3""",7,7,,"=""T6298c4,LS""","=""""",
"=""""","=""575.7+""","=""""","=""7.24e+04""",E',"=""67.0099""","=""69.1636""","=""3s.8d""","=""3D""","=""3""","=""3s.10f""","=""3F*""","=""2""",7,5,,"=""T6298c4,LS""","=""""",
"=""""","=""577.11+""","=""""","=""4.90e-01""",A,"=""43.33674""","=""45.48509""","=""3s.4p""","=""1P*""","=""1""","=""3p.3d""","=""1F*""","=""3""",3,7,E2,"=""T7942c84""","=""""",
"=""""","=""583.97+""","=""""","=""8.21e+07""",D+,"=""53.41260""","=""55.53573""","=""3s.5s""","=""1S""","=""0""","=""3s.5p""","=""1P*""","=""1""",1,3,,"=""T6298c4""","=""""",
"=""586.1980""","=""586.1974""","=""0""","=""9.14e+07""",D+,"=""53.11967""","=""55.23472""","=""3s.5s""","=""3S""","=""1""","=""3s.5p""","=""3P*""","=""2""",3,5,,"=""T6298c4,LS""","=""L5337""",
"=""591.3145""","=""591.3136""","=""0""","=""8.91e+07""",D+,"=""53.11967""","=""55.21642""","=""3s.5s""","=""3S""","=""1""","=""3s.5p""","=""3P*""","=""1""",3,3,,"=""T6298c4,LS""","=""L5337""",
"=""""","=""592.95+""","=""""","=""8.82e+07""",D,"=""53.11967""","=""55.21062""","=""3s.5s""","=""3S""","=""1""","=""3s.5p""","=""3P*""","=""0""",3,1,,"=""T6298c4,LS""","=""""",
"=""""","=""605.9+""","=""""","=""2.79e+07""",D+,"=""63.2508""","=""65.29694""","=""3s.6f""","=""1F*""","=""3""","=""3s.7d""","=""1D""","=""2""",7,5,,"=""T6298c4""","=""""",
"=""""","=""614.0+""","=""""","=""1.63e+06""",E,"=""62.52480""","=""64.5439""","=""3s.6d""","=""3D""","=""1""","=""3s.7p""","=""3P*""","=""2""",3,5,,"=""T6298c4,LS""","=""""",
"=""""","=""614.4+""","=""""","=""2.44e+07""",D+,"=""62.52594""","=""64.5439""","=""3s.6d""","=""3D""","=""2""","=""3s.7p""","=""3P*""","=""2""",5,5,,"=""T6298c4,LS""","=""""",
"=""""","=""614.6+""","=""""","=""1.36e+08""",D+,"=""62.52653""","=""64.5439""","=""3s.6d""","=""3D""","=""3""","=""3s.7p""","=""3P*""","=""2""",7,5,,"=""T6298c4,LS""","=""""",
"=""""","=""626.6+""","=""""","=""1.99e+07""",D+,"=""65.29694""","=""67.2757""","=""3s.7d""","=""1D""","=""2""","=""3s.8f""","=""1F*""","=""3""",5,7,,"=""T6298c4""","=""""",
"=""""","=""635.7+""","=""""","=""3.64e+07""",D+,"=""65.27524""","=""67.2257""","=""3s.7d""","=""3D""","=""1""","=""3s.8f""","=""3F*""","=""2""",3,5,,"=""T6298c4,LS""","=""""",
"=""""","=""636.2+""","=""""","=""3.84e+07""",D+,"=""65.27695""","=""67.2257""","=""3s.7d""","=""3D""","=""2""","=""3s.8f""","=""3F*""","=""3""",5,7,,"=""T6298c4,LS""","=""""",
"=""""","=""636.2+""","=""""","=""6.74e+06""",D,"=""65.27695""","=""67.2257""","=""3s.7d""","=""3D""","=""2""","=""3s.8f""","=""3F*""","=""2""",5,5,,"=""T6298c4,LS""","=""""",
"=""""","=""636.5+""","=""""","=""4.31e+07""",D+,"=""65.27789""","=""67.2257""","=""3s.7d""","=""3D""","=""3""","=""3s.8f""","=""3F*""","=""4""",7,9,,"=""T6298c4,LS""","=""""",
"=""""","=""636.5+""","=""""","=""4.81e+06""",D,"=""65.27789""","=""67.2257""","=""3s.7d""","=""3D""","=""3""","=""3s.8f""","=""3F*""","=""3""",7,7,,"=""T6298c4,LS""","=""""",
"=""""","=""636.5+""","=""""","=""1.90e+05""",E,"=""65.27789""","=""67.2257""","=""3s.7d""","=""3D""","=""3""","=""3s.8f""","=""3F*""","=""2""",7,5,,"=""T6298c4,LS""","=""""",
"=""""","=""639.3+""","=""""","=""4.33e+06""",D,"=""66.2932""","=""68.2327""","=""3s.8p""","=""1P*""","=""1""","=""3s.9d""","=""1D""","=""2""",3,5,,"=""T6298c4""","=""""",
"=""""","=""641.89+""","=""""","=""3.44e+07""",D+,"=""57.06043""","=""58.99199""","=""3p.4p""","=""1D""","=""2""","=""3s.5f""","=""1F*""","=""3""",5,7,,"=""T6298c4""","=""""",
"=""671.8580""","=""671.8579""","=""0""","=""2.27e+07""",B,"=""49.10090""","=""50.94630""","=""3s.4d""","=""3D""","=""1""","=""3s.4f""","=""3F*""","=""2""",3,5,,"=""T7238""","=""L5337""",
"=""672.3778""","=""672.3774""","=""0""","=""2.40e+07""",B,"=""49.10264""","=""50.94661""","=""3s.4d""","=""3D""","=""2""","=""3s.4f""","=""3F*""","=""3""",5,7,,"=""T7238""","=""L5337""",
"=""""","=""672.49+""","=""""","=""4.20e+06""",C+,"=""49.10264""","=""50.94630""","=""3s.4d""","=""3D""","=""2""","=""3s.4f""","=""3F*""","=""2""",5,5,,"=""T7238""","=""""",
"=""673.0614""","=""673.0607""","=""1""","=""2.69e+07""",B,"=""49.10526""","=""50.94735""","=""3s.4d""","=""3D""","=""3""","=""3s.4f""","=""3F*""","=""4""",7,9,,"=""T7238""","=""L5337""",
"=""""","=""673.33+""","=""""","=""2.99e+06""",C+,"=""49.10526""","=""50.94661""","=""3s.4d""","=""3D""","=""3""","=""3s.4f""","=""3F*""","=""3""",7,7,,"=""T7238""","=""""",
"=""""","=""673.45+""","=""""","=""1.19e+05""",D+,"=""49.10526""","=""50.94630""","=""3s.4d""","=""3D""","=""3""","=""3s.4f""","=""3F*""","=""2""",7,5,,"=""T7238""","=""""",
"=""""","=""686.3+""","=""""","=""1.12e+08""",D+,"=""62.58244""","=""64.3890""","=""3s.6d""","=""1D""","=""2""","=""3s.7p""","=""1P*""","=""1""",5,3,,"=""T6298c4""","=""""",
"=""""","=""699.51+""","=""""","=""9.22e+07""",D+,"=""60.75236""","=""62.52480""","=""3s.6p""","=""3P*""","=""0""","=""3s.6d""","=""3D""","=""1""",1,3,,"=""T6298c4,LS""","=""""",
"=""""","=""700.13+""","=""""","=""1.24e+08""",D+,"=""60.75506""","=""62.52594""","=""3s.6p""","=""3P*""","=""1""","=""3s.6d""","=""3D""","=""2""",3,5,,"=""T6298c4,LS""","=""""",
"=""""","=""700.58+""","=""""","=""6.87e+07""",D+,"=""60.75506""","=""62.52480""","=""3s.6p""","=""3P*""","=""1""","=""3s.6d""","=""3D""","=""1""",3,3,,"=""T6298c4,LS""","=""""",
"=""""","=""702.95+""","=""""","=""1.63e+08""",D+,"=""60.76277""","=""62.52653""","=""3s.6p""","=""3P*""","=""2""","=""3s.6d""","=""3D""","=""3""",5,7,,"=""T6298c4,LS""","=""""",
"=""""","=""703.19+""","=""""","=""4.07e+07""",D+,"=""60.76277""","=""62.52594""","=""3s.6p""","=""3P*""","=""2""","=""3s.6d""","=""3D""","=""2""",5,5,,"=""T6298c4,LS""","=""""",
"=""""","=""703.65+""","=""""","=""4.51e+06""",D,"=""60.76277""","=""62.52480""","=""3s.6p""","=""3P*""","=""2""","=""3s.6d""","=""3D""","=""1""",5,3,,"=""T6298c4,LS""","=""""",
"=""""","=""710.9+""","=""""","=""1.48e+06""",D,"=""66.4512""","=""68.1952""","=""3s.8p""","=""3P*""","=""2""","=""3s.9d""","=""3D""","=""3""",5,7,,"=""T6298c4,LS""","=""""",
"=""""","=""813.17+""","=""""","=""1.04e+07""",D+,"=""55.53573""","=""57.06043""","=""3s.5p""","=""1P*""","=""1""","=""3p.4p""","=""1D""","=""2""",3,5,,"=""T6298c4""","=""""",
"=""""","=""829.50+""","=""""","=""9.51e+07""",D+,"=""61.08776""","=""62.58244""","=""3s.6p""","=""1P*""","=""1""","=""3s.6d""","=""1D""","=""2""",3,5,,"=""T6298c4""","=""""",
"=""""","=""838.9+""","=""""","=""6.27e+07""",D+,"=""64.5439""","=""66.0220""","=""3s.7p""","=""3P*""","=""2""","=""3s.8s""","=""3S""","=""1""",5,3,,"=""T6298c4,LS""","=""""",
"=""""","=""866+""","=""""","=""2.38e+07""",D+,"=""65.578""","=""67.0099""","=""3s.7f""","=""3F*""","=""4""","=""3s.8d""","=""3D""","=""3""",9,7,,"=""T6298c4,LS""","=""""",
"=""""","=""866+""","=""""","=""2.06e+06""",D,"=""65.578""","=""67.0099""","=""3s.7f""","=""3F*""","=""3""","=""3s.8d""","=""3D""","=""3""",7,7,,"=""T6298c4,LS""","=""""",
"=""""","=""866+""","=""""","=""5.83e+04""",E,"=""65.578""","=""67.0099""","=""3s.7f""","=""3F*""","=""2""","=""3s.8d""","=""3D""","=""3""",5,7,,"=""T6298c4,LS""","=""""",
"=""""","=""899.0+""","=""""","=""1.31e+07""",D+,"=""67.0074""","=""68.3866""","=""3s.8d""","=""1D""","=""2""","=""3s.9f""","=""1F*""","=""3""",5,7,,"=""T6298c4""","=""""",
"=""""","=""915.4+""","=""""","=""3.03e+07""",D+,"=""65.6530""","=""67.0074""","=""3s.7f""","=""1F*""","=""3""","=""3s.8d""","=""1D""","=""2""",7,5,,"=""T6298c4""","=""""",
"=""""","=""922+""","=""""","=""1.72e+07""",D+,"=""67.0099""","=""68.355""","=""3s.8d""","=""3D""","=""3""","=""3s.9f""","=""3F*""","=""4""",7,9,,"=""T6298c4,LS""","=""""",
"=""""","=""922+""","=""""","=""1.92e+06""",D,"=""67.0099""","=""68.355""","=""3s.8d""","=""3D""","=""3""","=""3s.9f""","=""3F*""","=""3""",7,7,,"=""T6298c4,LS""","=""""",
"=""""","=""922+""","=""""","=""7.57e+04""",E,"=""67.0099""","=""68.355""","=""3s.8d""","=""3D""","=""3""","=""3s.9f""","=""3F*""","=""2""",7,5,,"=""T6298c4,LS""","=""""",
"=""""","=""1054.3+""","=""""","=""5.44e+05""",D,"=""65.27524""","=""66.4512""","=""3s.7d""","=""3D""","=""1""","=""3s.8p""","=""3P*""","=""2""",3,5,,"=""T6298c4,LS""","=""""",
"=""""","=""1055.9+""","=""""","=""8.13e+06""",D+,"=""65.27695""","=""66.4512""","=""3s.7d""","=""3D""","=""2""","=""3s.8p""","=""3P*""","=""2""",5,5,,"=""T6298c4,LS""","=""""",
"=""""","=""1056.7+""","=""""","=""4.53e+07""",D+,"=""65.27789""","=""66.4512""","=""3s.7d""","=""3D""","=""3""","=""3s.8p""","=""3P*""","=""2""",7,5,,"=""T6298c4,LS""","=""""",
"=""""","=""1147.1+""","=""""","=""3.02e+07""",D+,"=""66.4512""","=""67.5321""","=""3s.8p""","=""3P*""","=""2""","=""3s.9s""","=""3S""","=""1""",5,3,,"=""T6298c4,LS""","=""""",
"=""""","=""1244.4+""","=""""","=""2.06e+07""",D+,"=""65.29694""","=""66.2932""","=""3s.7d""","=""1D""","=""2""","=""3s.8p""","=""1P*""","=""1""",5,3,,"=""T6298c4""","=""""",
"=""""","=""1278.9+""","=""""","=""1.67e+07""",D+,"=""67.2257""","=""68.1952""","=""3s.8f""","=""3F*""","=""4""","=""3s.9d""","=""3D""","=""3""",9,7,,"=""T6298c4,LS""","=""""",
"=""""","=""1278.9+""","=""""","=""1.45e+06""",D+,"=""67.2257""","=""68.1952""","=""3s.8f""","=""3F*""","=""3""","=""3s.9d""","=""3D""","=""3""",7,7,,"=""T6298c4,LS""","=""""",
"=""""","=""1278.9+""","=""""","=""4.08e+04""",E,"=""67.2257""","=""68.1952""","=""3s.8f""","=""3F*""","=""2""","=""3s.9d""","=""3D""","=""3""",5,7,,"=""T6298c4,LS""","=""""",
"=""""","=""1280.2+""","=""""","=""2.23e+06""",D+,"=""68.1952""","=""69.1636""","=""3s.9d""","=""3D""","=""3""","=""3s.10f""","=""3F*""","=""4""",7,9,,"=""T6298c4,LS""","=""""",
"=""""","=""1280.2+""","=""""","=""2.49e+05""",D,"=""68.1952""","=""69.1636""","=""3s.9d""","=""3D""","=""3""","=""3s.10f""","=""3F*""","=""3""",7,7,,"=""T6298c4,LS""","=""""",
"=""""","=""1280.2+""","=""""","=""9.79e+03""",E',"=""68.1952""","=""69.1636""","=""3s.9d""","=""3D""","=""3""","=""3s.10f""","=""3F*""","=""2""",7,5,,"=""T6298c4,LS""","=""""",
"=""""","=""1295.5+""","=""""","=""2.12e+07""",D+,"=""67.2757""","=""68.2327""","=""3s.8f""","=""1F*""","=""3""","=""3s.9d""","=""1D""","=""2""",7,5,,"=""T6298c4""","=""""",
"=""""","=""1299.28+""","=""""","=""8.13e+05""",D,"=""55.23472""","=""56.18898""","=""3s.5p""","=""3P*""","=""2""","=""3p.4p""","=""3D""","=""3""",5,7,,"=""T6298c4,LS""","=""""",
"=""""","=""1350.1+""","=""""","=""7.20e-02""",B,"=""24.02059""","=""24.93893""","=""3p2""","=""1D""","=""2""","=""3p2""","=""3P""","=""2""",5,5,M1,"=""T7942c84""","=""""",
"=""""","=""1365.5+""","=""""","=""2.42e+07""",D+,"=""64.3890""","=""65.29694""","=""3s.7p""","=""1P*""","=""1""","=""3s.7d""","=""1D""","=""2""",3,5,,"=""T6298c4""","=""""",
"=""""","=""1366.3+""","=""""","=""1.62e+07""",D+,"=""60.18029""","=""61.08776""","=""3s.6s""","=""1S""","=""0""","=""3s.6p""","=""1P*""","=""1""",1,3,,"=""T6298c4""","=""""",
"=""""","=""1409.2+""","=""""","=""4.78e+05""",D,"=""55.21642""","=""56.09625""","=""3s.5p""","=""3P*""","=""1""","=""3p.4p""","=""3D""","=""2""",3,5,,"=""T6298c4,LS""","=""""",
"=""""","=""1439.1+""","=""""","=""1.49e+05""",D,"=""55.23472""","=""56.09625""","=""3s.5p""","=""3P*""","=""2""","=""3p.4p""","=""3D""","=""2""",5,5,,"=""T6298c4,LS""","=""""",
"=""""","=""1474.9+""","=""""","=""3.09e+05""",D,"=""55.21062""","=""56.05125""","=""3s.5p""","=""3P*""","=""0""","=""3p.4p""","=""3D""","=""1""",1,3,,"=""T6298c4,LS""","=""""",
"=""""","=""1485.2+""","=""""","=""2.27e+05""",D,"=""55.21642""","=""56.05125""","=""3s.5p""","=""3P*""","=""1""","=""3p.4p""","=""3D""","=""1""",3,3,,"=""T6298c4,LS""","=""""",
"=""""","=""1504.1+""","=""""","=""2.58e+07""",D+,"=""63.71965""","=""64.5439""","=""3s.7s""","=""3S""","=""1""","=""3s.7p""","=""3P*""","=""2""",3,5,,"=""T6298c4,LS""","=""""",
"=""""","=""1508.0+""","=""""","=""2.88e-02""",B,"=""24.02059""","=""24.84279""","=""3p2""","=""1D""","=""2""","=""3p2""","=""3P""","=""1""",5,3,M1,"=""T7942c84""","=""""",
"=""""","=""1518.4+""","=""""","=""1.41e+04""",E',"=""55.23472""","=""56.05125""","=""3s.5p""","=""3P*""","=""2""","=""3p.4p""","=""3D""","=""1""",5,3,,"=""T6298c4,LS""","=""""",
"=""""","=""1554.9+""","=""""","=""1.16e+07""",D+,"=""59.96540""","=""60.76277""","=""3s.6s""","=""3S""","=""1""","=""3s.6p""","=""3P*""","=""2""",3,5,,"=""T6298c4,LS""","=""""",
"=""""","=""1570.1+""","=""""","=""1.13e+07""",D+,"=""59.96540""","=""60.75506""","=""3s.6s""","=""3S""","=""1""","=""3s.6p""","=""3P*""","=""1""",3,3,,"=""T6298c4,LS""","=""""",
"=""""","=""1575.5+""","=""""","=""1.11e+07""",D+,"=""59.96540""","=""60.75236""","=""3s.6s""","=""3S""","=""1""","=""3s.6p""","=""3P*""","=""0""",3,1,,"=""T6298c4,LS""","=""""",
"=""""","=""1593.4+""","=""""","=""1.93e+06""",D,"=""52.63452""","=""53.41260""","=""3p.4s""","=""1P*""","=""1""","=""3s.5s""","=""1S""","=""0""",3,1,,"=""T6298c4""","=""""",
"=""""","=""1689+""","=""""","=""2.25e+07""",D+,"=""64.5439""","=""65.27789""","=""3s.7p""","=""3P*""","=""2""","=""3s.7d""","=""3D""","=""3""",5,7,,"=""T6298c4,LS""","=""""",
"=""""","=""1691+""","=""""","=""5.59e+06""",D+,"=""64.5439""","=""65.27695""","=""3s.7p""","=""3P*""","=""2""","=""3s.7d""","=""3D""","=""2""",5,5,,"=""T6298c4,LS""","=""""",
"=""""","=""1695+""","=""""","=""6.19e+05""",D,"=""64.5439""","=""65.27524""","=""3s.7p""","=""3P*""","=""2""","=""3s.7d""","=""3D""","=""1""",5,3,,"=""T6298c4,LS""","=""""",
"=""""","=""1701.3+""","=""""","=""4.92e+06""",D+,"=""58.03058""","=""58.75934""","=""3s.5d""","=""3D""","=""1""","=""3s.5f""","=""3F*""","=""2""",3,5,,"=""T6298c4,LS""","=""""",
"=""""","=""1709.5+""","=""""","=""5.13e+06""",D+,"=""58.03414""","=""58.75940""","=""3s.5d""","=""3D""","=""2""","=""3s.5f""","=""3F*""","=""3""",5,7,,"=""T6298c4,LS""","=""""",
"=""""","=""1709.7+""","=""""","=""9.01e+05""",D+,"=""58.03414""","=""58.75934""","=""3s.5d""","=""3D""","=""2""","=""3s.5f""","=""3F*""","=""2""",5,5,,"=""T6298c4,LS""","=""""",
"=""""","=""1724.9+""","=""""","=""5.63e+06""",D+,"=""58.04098""","=""58.75977""","=""3s.5d""","=""3D""","=""3""","=""3s.5f""","=""3F*""","=""4""",7,9,,"=""T6298c4,LS""","=""""",
"=""""","=""1725.8+""","=""""","=""6.24e+05""",D+,"=""58.04098""","=""58.75940""","=""3s.5d""","=""3D""","=""3""","=""3s.5f""","=""3F*""","=""3""",7,7,,"=""T6298c4,LS""","=""""",
"=""""","=""1726.0+""","=""""","=""2.47e+04""",E,"=""58.04098""","=""58.75934""","=""3s.5d""","=""3D""","=""3""","=""3s.5f""","=""3F*""","=""2""",7,5,,"=""T6298c4,LS""","=""""",
"=""""","=""1736+""","=""""","=""2.64e+07""",D+,"=""66.2932""","=""67.0074""","=""3s.8p""","=""1P*""","=""1""","=""3s.8d""","=""1D""","=""2""",3,5,,"=""T6298c4""","=""""",
"=""""","=""1794.3+""","=""""","=""3.74e+06""",D+,"=""58.30102""","=""58.99199""","=""3s.5d""","=""1D""","=""2""","=""3s.5f""","=""1F*""","=""3""",5,7,,"=""T6298c4""","=""""",
"=""""","=""1855+""","=""""","=""9.84e+06""",D+,"=""62.58244""","=""63.2508""","=""3s.6d""","=""1D""","=""2""","=""3s.6f""","=""1F*""","=""3""",5,7,,"=""T6298c4""","=""""",
"=""""","=""2111+""","=""""","=""9.19e+06""",D+,"=""63.80167""","=""64.3890""","=""3s.7s""","=""1S""","=""0""","=""3s.7p""","=""1P*""","=""1""",1,3,,"=""T6298c4""","=""""",
"=""""","=""2219+""","=""""","=""1.42e+07""",D+,"=""66.4512""","=""67.0099""","=""3s.8p""","=""3P*""","=""2""","=""3s.8d""","=""3D""","=""3""",5,7,,"=""T6298c4,LS""","=""""",
"=""""","=""2426+""","=""""","=""4.25e+06""",D+,"=""62.52480""","=""63.0358""","=""3s.6d""","=""3D""","=""1""","=""3s.6f""","=""3F*""","=""2""",3,5,,"=""T6298c4,LS""","=""""",
"=""""","=""2432+""","=""""","=""4.46e+06""",D+,"=""62.52594""","=""63.0358""","=""3s.6d""","=""3D""","=""2""","=""3s.6f""","=""3F*""","=""3""",5,7,,"=""T6298c4,LS""","=""""",
"=""""","=""2432+""","=""""","=""7.84e+05""",D+,"=""62.52594""","=""63.0358""","=""3s.6d""","=""3D""","=""2""","=""3s.6f""","=""3F*""","=""2""",5,5,,"=""T6298c4,LS""","=""""",
"=""""","=""2435+""","=""""","=""5.01e+06""",D+,"=""62.52653""","=""63.0358""","=""3s.6d""","=""3D""","=""3""","=""3s.6f""","=""3F*""","=""4""",7,9,,"=""T6298c4,LS""","=""""",
"=""""","=""2435+""","=""""","=""5.58e+05""",D+,"=""62.52653""","=""63.0358""","=""3s.6d""","=""3D""","=""3""","=""3s.6f""","=""3F*""","=""3""",7,7,,"=""T6298c4,LS""","=""""",
"=""""","=""2435+""","=""""","=""2.21e+04""",E,"=""62.52653""","=""63.0358""","=""3s.6d""","=""3D""","=""3""","=""3s.6f""","=""3F*""","=""2""",7,5,,"=""T6298c4,LS""","=""""",
"=""""","=""2889+""","=""""","=""5.37e+06""",D+,"=""66.0220""","=""66.4512""","=""3s.8s""","=""3S""","=""1""","=""3s.8p""","=""3P*""","=""2""",3,5,,"=""T6298c4,LS""","=""""",
"=""""","=""3482+""","=""""","=""1.91e+06""",D+,"=""65.29694""","=""65.6530""","=""3s.7d""","=""1D""","=""2""","=""3s.7f""","=""1F*""","=""3""",5,7,,"=""T6298c4""","=""""",
"=""""","=""4100+""","=""""","=""1.79e+06""",D+,"=""65.27524""","=""65.578""","=""3s.7d""","=""3D""","=""1""","=""3s.7f""","=""3F*""","=""2""",3,5,,"=""T6298c4,LS""","=""""",
"=""""","=""4120+""","=""""","=""1.86e+06""",D+,"=""65.27695""","=""65.578""","=""3s.7d""","=""3D""","=""2""","=""3s.7f""","=""3F*""","=""3""",5,7,,"=""T6298c4,LS""","=""""",
"=""""","=""4120+""","=""""","=""3.27e+05""",D+,"=""65.27695""","=""65.578""","=""3s.7d""","=""3D""","=""2""","=""3s.7f""","=""3F*""","=""2""",5,5,,"=""T6298c4,LS""","=""""",
"=""""","=""4140+""","=""""","=""2.08e+06""",D+,"=""65.27789""","=""65.578""","=""3s.7d""","=""3D""","=""3""","=""3s.7f""","=""3F*""","=""4""",7,9,,"=""T6298c4,LS""","=""""",
"=""""","=""4140+""","=""""","=""2.31e+05""",D+,"=""65.27789""","=""65.578""","=""3s.7d""","=""3D""","=""3""","=""3s.7f""","=""3F*""","=""3""",7,7,,"=""T6298c4,LS""","=""""",
"=""""","=""4140+""","=""""","=""9.12e+03""",D,"=""65.27789""","=""65.578""","=""3s.7d""","=""3D""","=""3""","=""3s.7f""","=""3F*""","=""2""",7,5,,"=""T6298c4,LS""","=""""",
"=""""","=""4618+""","=""""","=""7.34e+03""",D,"=""55.53573""","=""55.80423""","=""3s.5p""","=""1P*""","=""1""","=""3p.4p""","=""1P""","=""1""",3,3,,"=""T6298c4""","=""""",
"=""""","=""4620+""","=""""","=""2.72e+06""",D+,"=""67.0074""","=""67.2757""","=""3s.8d""","=""1D""","=""2""","=""3s.8f""","=""1F*""","=""3""",5,7,,"=""T6298c4""","=""""",
"=""""","=""5170+""","=""""","=""3.56e+05""",D+,"=""63.0110""","=""63.2508""","=""3s.6g""","=""1G""","=""4""","=""3s.6f""","=""1F*""","=""3""",9,7,,"=""T6298c4""","=""""",
"=""""","=""5740+""","=""""","=""1.41e+06""",C,"=""67.0099""","=""67.2257""","=""3s.8d""","=""3D""","=""3""","=""3s.8f""","=""3F*""","=""4""",7,9,,"=""T6298c4,LS""","=""""",
"=""""","=""5740+""","=""""","=""1.57e+05""",D+,"=""67.0099""","=""67.2257""","=""3s.8d""","=""3D""","=""3""","=""3s.8f""","=""3F*""","=""3""",7,7,,"=""T6298c4,LS""","=""""",
"=""""","=""5740+""","=""""","=""6.17e+03""",D,"=""67.0099""","=""67.2257""","=""3s.8d""","=""3D""","=""3""","=""3s.8f""","=""3F*""","=""2""",7,5,,"=""T6298c4,LS""","=""""",
"=""""","=""7543+""","=""""","=""4.44e+04""",D+,"=""58.82763""","=""58.99199""","=""3s.5g""","=""1G""","=""4""","=""3s.5f""","=""1F*""","=""3""",9,7,,"=""T6298c4""","=""""",
"=""""","=""7800+""","=""""","=""6.29e+05""",C,"=""68.1952""","=""68.355""","=""3s.9d""","=""3D""","=""3""","=""3s.9f""","=""3F*""","=""4""",7,9,,"=""T6298c4,LS""","=""""",
"=""""","=""7800+""","=""""","=""6.99e+04""",D+,"=""68.1952""","=""68.355""","=""3s.9d""","=""3D""","=""3""","=""3s.9f""","=""3F*""","=""3""",7,7,,"=""T6298c4,LS""","=""""",
"=""""","=""7800+""","=""""","=""2.76e+03""",D,"=""68.1952""","=""68.355""","=""3s.9d""","=""3D""","=""3""","=""3s.9f""","=""3F*""","=""2""",7,5,,"=""T6298c4,LS""","=""""",
"=""""","=""8060+""","=""""","=""7.97e+05""",C,"=""68.2327""","=""68.3866""","=""3s.9d""","=""1D""","=""2""","=""3s.9f""","=""1F*""","=""3""",5,7,,"=""T6298c4""","=""""",
"=""""","=""12897+""","=""""","=""6.26e-03""",B+,"=""24.84279""","=""24.93893""","=""3p2""","=""3P""","=""1""","=""3p2""","=""3P""","=""2""",3,5,M1,"=""T7942c84""","=""""",
"=""""","=""13128.5""","=""""","=""5.96e-03""",B+,"=""10.33948""","=""10.43392""","=""3s.3p""","=""3P*""","=""1""","=""3s.3p""","=""3P*""","=""2""",3,5,M1,"=""T7942c84""","=""""",
"=""""","=""16890+""","=""""","=""3.66e+03""",D+,"=""58.75977""","=""58.83319""","=""3s.5f""","=""3F*""","=""4""","=""3s.5g""","=""3G""","=""5""",9,11,,"=""T6298c4,LS""","=""""",
"=""""","=""16980+""","=""""","=""3.37e+03""",D+,"=""58.75940""","=""58.83244""","=""3s.5f""","=""3F*""","=""3""","=""3s.5g""","=""3G""","=""4""",7,9,,"=""T6298c4,LS""","=""""",
"=""""","=""17060+""","=""""","=""2.21e+02""",D,"=""58.75977""","=""58.83244""","=""3s.5f""","=""3F*""","=""4""","=""3s.5g""","=""3G""","=""4""",9,9,,"=""T6298c4,LS""","=""""",
"=""""","=""17200+""","=""""","=""3.17e+03""",D+,"=""58.75934""","=""58.83141""","=""3s.5f""","=""3F*""","=""2""","=""3s.5g""","=""3G""","=""3""",5,7,,"=""T6298c4,LS""","=""""",
"=""""","=""17220+""","=""""","=""2.77e+02""",D,"=""58.75940""","=""58.83141""","=""3s.5f""","=""3F*""","=""3""","=""3s.5g""","=""3G""","=""3""",7,7,,"=""T6298c4,LS""","=""""",
"=""""","=""17310+""","=""""","=""4.15e+00""",E',"=""58.75977""","=""58.83141""","=""3s.5f""","=""3F*""","=""4""","=""3s.5g""","=""3G""","=""3""",9,7,,"=""T6298c4,LS""","=""""",
"=""""","=""27064""","=""""","=""8.53e-04""",B,"=""10.29366""","=""10.33948""","=""3s.3p""","=""3P*""","=""0""","=""3s.3p""","=""3P*""","=""1""",1,3,M1,"=""T335""","=""""",
"=""""","=""90000+""","=""""","=""5.91e+01""",D+,"=""63.022""","=""63.0358""","=""3s.6g""","=""3G""","=""5""","=""3s.6f""","=""3F*""","=""4""",11,9,,"=""T6298c4,LS""","=""""",
"=""""","=""90000+""","=""""","=""5.83e+01""",D+,"=""63.022""","=""63.0358""","=""3s.6g""","=""3G""","=""4""","=""3s.6f""","=""3F*""","=""3""",9,7,,"=""T6298c4,LS""","=""""",
"=""""","=""90000+""","=""""","=""6.21e+01""",D+,"=""63.022""","=""63.0358""","=""3s.6g""","=""3G""","=""3""","=""3s.6f""","=""3F*""","=""2""",7,5,,"=""T6298c4,LS""","=""""",
"=""""","=""90000+""","=""""","=""3.02e+00""",D+,"=""63.022""","=""63.0358""","=""3s.6g""","=""3G""","=""4""","=""3s.6f""","=""3F*""","=""4""",9,9,,"=""T6298c4,LS""","=""""",
"=""""","=""90000+""","=""""","=""3.89e+00""",D+,"=""63.022""","=""63.0358""","=""3s.6g""","=""3G""","=""3""","=""3s.6f""","=""3F*""","=""3""",7,7,,"=""T6298c4,LS""","=""""",
"=""""","=""90000+""","=""""","=""4.61e-02""",E,"=""63.022""","=""63.0358""","=""3s.6g""","=""3G""","=""3""","=""3s.6f""","=""3F*""","=""4""",7,9,,"=""T6298c4,LS""","=""""",
