obs_wl_vac(nm),ritz_wl_vac(nm),intens,Aki(s^-1),Acc,Ei(eV),Ek(eV),conf_i,term_i,J_i,conf_k,term_k,J_k,g_i,g_k,Type,tp_ref,line_ref,
"=""""","=""23.79941""","=""""","=""5.05e+07""",C,"=""0.00000""","=""52.09548""","=""2s2.2p""","=""2P*""","=""1/2""","=""2s.2p.(3P*).6p""","=""2P""","=""3/2""",2,4,,"=""T7192LS""","=""""",
"=""""","=""23.80351""","=""""","=""2.02e+08""",C,"=""0.00000""","=""52.08652""","=""2s2.2p""","=""2P*""","=""1/2""","=""2s.2p.(3P*).6p""","=""2P""","=""1/2""",2,2,,"=""T7192LS""","=""""",
"=""""","=""23.80930""","=""""","=""2.52e+08""",C+,"=""0.02162""","=""52.09548""","=""2s2.2p""","=""2P*""","=""3/2""","=""2s.2p.(3P*).6p""","=""2P""","=""3/2""",4,4,,"=""T7192LS""","=""""",
"=""""","=""23.81340""","=""""","=""1.01e+08""",C,"=""0.02162""","=""52.08652""","=""2s2.2p""","=""2P*""","=""3/2""","=""2s.2p.(3P*).6p""","=""2P""","=""1/2""",4,2,,"=""T7192LS""","=""""",
"=""""","=""24.83204""","=""""","=""1.48e+08""",C+,"=""0.00000""","=""49.92913""","=""2s2.2p""","=""2P*""","=""1/2""","=""2s.2p.(3P*).5p""","=""2P""","=""3/2""",2,4,,"=""T7192LS""","=""""",
"=""""","=""24.83703""","=""""","=""6.08e+08""",C+,"=""0.00000""","=""49.91909""","=""2s2.2p""","=""2P*""","=""1/2""","=""2s.2p.(3P*).5p""","=""2P""","=""1/2""",2,2,,"=""T7192LS""","=""""",
"=""""","=""24.84279""","=""""","=""7.40e+08""",B,"=""0.02162""","=""49.92913""","=""2s2.2p""","=""2P*""","=""3/2""","=""2s.2p.(3P*).5p""","=""2P""","=""3/2""",4,4,,"=""T7192LS""","=""""",
"=""""","=""24.84779""","=""""","=""3.04e+08""",C+,"=""0.02162""","=""49.91909""","=""2s2.2p""","=""2P*""","=""3/2""","=""2s.2p.(3P*).5p""","=""2P""","=""1/2""",4,2,,"=""T7192LS""","=""""",
"=""25.795""","=""""","=""500""","=""""",,"=""""","=""""","=""""","=""""","=""""","=""""","=""""","=""""",1,1,,"=""""","=""L3513""",
"=""25.850""","=""""","=""650""","=""""",,"=""""","=""""","=""""","=""""","=""""","=""""","=""""","=""""",1,1,,"=""""","=""L3513""",
"=""25.919""","=""""","=""700""","=""""",,"=""""","=""""","=""""","=""""","=""""","=""""","=""""","=""""",1,1,,"=""""","=""L3513""",
"=""26.009""","=""""","=""800""","=""""",,"=""""","=""""","=""""","=""""","=""""","=""""","=""""","=""""",1,1,,"=""""","=""L3513""",
"=""26.128""","=""""","=""800""","=""""",,"=""""","=""""","=""""","=""""","=""""","=""""","=""""","=""""",1,1,,"=""""","=""L3513""",
"=""26.291""","=""""","=""500""","=""""",,"=""""","=""""","=""""","=""""","=""""","=""""","=""""","=""""",1,1,,"=""""","=""L3513""",
"=""""","=""26.48226""","=""""","=""3.12e+08""",B,"=""0.00000""","=""46.81783""","=""2s2.2p""","=""2P*""","=""1/2""","=""2s.2p.(1P*).3p""","=""2P""","=""3/2""",2,4,,"=""T7192LS""","=""""",
"=""""","=""26.48460""","=""""","=""1.25e+09""",B,"=""0.00000""","=""46.81369""","=""2s2.2p""","=""2P*""","=""1/2""","=""2s.2p.(1P*).3p""","=""2P""","=""1/2""",2,2,,"=""T7192LS""","=""""",
"=""""","=""26.49449""","=""""","=""1.56e+09""",B,"=""0.02162""","=""46.81783""","=""2s2.2p""","=""2P*""","=""3/2""","=""2s.2p.(1P*).3p""","=""2P""","=""3/2""",4,4,,"=""T7192LS""","=""""",
"=""""","=""26.49684""","=""""","=""6.22e+08""",B,"=""0.02162""","=""46.81369""","=""2s2.2p""","=""2P*""","=""3/2""","=""2s.2p.(1P*).3p""","=""2P""","=""1/2""",4,2,,"=""T7192LS""","=""""",
"=""""","=""26.51328""","=""""","=""7.93e+07""",C,"=""7.09030""","=""53.85335""","=""2s.2p2""","=""4P""","=""1/2""","=""2s.2p.(3P*).8d""","=""4P*""","=""1/2""",2,2,,"=""T7192LS""","=""""",
"=""""","=""26.51328""","=""""","=""1.98e+08""",C+,"=""7.09030""","=""53.85335""","=""2s.2p2""","=""4P""","=""1/2""","=""2s.2p.(3P*).8d""","=""4P*""","=""3/2""",2,4,,"=""T7192LS""","=""""",
"=""""","=""26.51717""","=""""","=""3.49e+08""",B,"=""7.09030""","=""53.84649""","=""2s.2p2""","=""4P""","=""1/2""","=""2s.2p.(3P*).8d""","=""4D*""","=""3/2""",2,4,,"=""T7192LS""","=""""",
"=""""","=""26.51717""","=""""","=""6.98e+08""",B,"=""7.09030""","=""53.84649""","=""2s.2p2""","=""4P""","=""1/2""","=""2s.2p.(3P*).8d""","=""4D*""","=""1/2""",2,2,,"=""T7192LS""","=""""",
"=""""","=""26.51748""","=""""","=""6.34e+07""",C,"=""7.09770""","=""53.85335""","=""2s.2p2""","=""4P""","=""3/2""","=""2s.2p.(3P*).8d""","=""4P*""","=""3/2""",4,4,,"=""T7192LS""","=""""",
"=""""","=""26.51748""","=""""","=""3.96e+08""",C+,"=""7.09770""","=""53.85335""","=""2s.2p2""","=""4P""","=""3/2""","=""2s.2p.(3P*).8d""","=""4P*""","=""1/2""",4,2,,"=""T7192LS""","=""""",
"=""""","=""26.51748""","=""""","=""1.43e+08""",C+,"=""7.09770""","=""53.85335""","=""2s.2p2""","=""4P""","=""3/2""","=""2s.2p.(3P*).8d""","=""4P*""","=""5/2""",4,6,,"=""T7192LS""","=""""",
"=""""","=""26.52137""","=""""","=""5.86e+08""",B,"=""7.09770""","=""53.84649""","=""2s.2p2""","=""4P""","=""3/2""","=""2s.2p.(3P*).8d""","=""4D*""","=""5/2""",4,6,,"=""T7192LS""","=""""",
"=""""","=""26.52137""","=""""","=""4.46e+08""",B,"=""7.09770""","=""53.84649""","=""2s.2p2""","=""4P""","=""3/2""","=""2s.2p.(3P*).8d""","=""4D*""","=""3/2""",4,4,,"=""T7192LS""","=""""",
"=""""","=""26.52137""","=""""","=""1.39e+08""",C,"=""7.09770""","=""53.84649""","=""2s.2p2""","=""4P""","=""3/2""","=""2s.2p.(3P*).8d""","=""4D*""","=""1/2""",4,2,,"=""T7192LS""","=""""",
"=""26.523""","=""26.52318""","=""500*""","=""2.14e+08""",C+,"=""7.10775""","=""53.85335""","=""2s.2p2""","=""4P""","=""5/2""","=""2s.2p.(3P*).8d""","=""4P*""","=""3/2""",6,4,,"=""T7192LS""","=""L3513""",
"=""26.523""","=""26.52318""","=""500*""","=""3.33e+08""",B,"=""7.10775""","=""53.85335""","=""2s.2p2""","=""4P""","=""5/2""","=""2s.2p.(3P*).8d""","=""4P*""","=""5/2""",6,6,,"=""T7192LS""","=""L3513""",
"=""26.527""","=""26.52708""","=""500*""","=""2.51e+08""",B,"=""7.10775""","=""53.84649""","=""2s.2p2""","=""4P""","=""5/2""","=""2s.2p.(3P*).8d""","=""4D*""","=""5/2""",6,6,,"=""T7192LS""","=""L3513""",
"=""26.527""","=""26.52708""","=""500*""","=""4.18e+07""",C,"=""7.10775""","=""53.84649""","=""2s.2p2""","=""4P""","=""5/2""","=""2s.2p.(3P*).8d""","=""4D*""","=""3/2""",6,4,,"=""T7192LS""","=""L3513""",
"=""26.527""","=""26.52708""","=""500*""","=""8.36e+08""",B,"=""7.10775""","=""53.84649""","=""2s.2p2""","=""4P""","=""5/2""","=""2s.2p.(3P*).8d""","=""4D*""","=""7/2""",6,8,,"=""T7192LS""","=""L3513""",
"=""""","=""26.68055""","=""""","=""1.33e+08""",C+,"=""0.00000""","=""46.46987""","=""2s2.2p""","=""2P*""","=""1/2""","=""2s.2p.(3P*).4p""","=""2P""","=""3/2""",2,4,,"=""T7192LS""","=""""",
"=""""","=""26.68471""","=""""","=""5.32e+08""",C+,"=""0.00000""","=""46.46263""","=""2s2.2p""","=""2P*""","=""1/2""","=""2s.2p.(3P*).4p""","=""2P""","=""1/2""",2,2,,"=""T7192LS""","=""""",
"=""""","=""26.69298""","=""""","=""6.64e+08""",B,"=""0.02162""","=""46.46987""","=""2s2.2p""","=""2P*""","=""3/2""","=""2s.2p.(3P*).4p""","=""2P""","=""3/2""",4,4,,"=""T7192LS""","=""""",
"=""""","=""26.69714""","=""""","=""2.66e+08""",C+,"=""0.02162""","=""46.46263""","=""2s2.2p""","=""2P*""","=""3/2""","=""2s.2p.(3P*).4p""","=""2P""","=""1/2""",4,2,,"=""T7192LS""","=""""",
"=""""","=""26.82124""","=""""","=""1.94e+08""",C+,"=""7.09030""","=""53.31642""","=""2s.2p2""","=""4P""","=""1/2""","=""2p2.(3P).3p""","=""4S*""","=""3/2""",2,4,,"=""T7192LS""","=""""",
"=""""","=""26.82554""","=""""","=""3.88e+08""",B,"=""7.09770""","=""53.31642""","=""2s.2p2""","=""4P""","=""3/2""","=""2p2.(3P).3p""","=""4S*""","=""3/2""",4,4,,"=""T7192LS""","=""""",
"=""""","=""26.83138""","=""""","=""5.82e+08""",B,"=""7.10775""","=""53.31642""","=""2s.2p2""","=""4P""","=""5/2""","=""2p2.(3P).3p""","=""4S*""","=""3/2""",6,4,,"=""T7192LS""","=""""",
"=""""","=""26.86012""","=""""","=""1.13e+08""",C,"=""7.09030""","=""53.24951""","=""2s.2p2""","=""4P""","=""1/2""","=""2s.2p.(3P*).7d""","=""4P*""","=""1/2""",2,2,,"=""T7192LS""","=""""",
"=""""","=""26.86012""","=""""","=""2.84e+08""",B,"=""7.09030""","=""53.24951""","=""2s.2p2""","=""4P""","=""1/2""","=""2s.2p.(3P*).7d""","=""4P*""","=""3/2""",2,4,,"=""T7192LS""","=""""",
"=""""","=""26.86442""","=""""","=""9.07e+07""",C+,"=""7.09770""","=""53.24951""","=""2s.2p2""","=""4P""","=""3/2""","=""2s.2p.(3P*).7d""","=""4P*""","=""3/2""",4,4,,"=""T7192LS""","=""""",
"=""""","=""26.86442""","=""""","=""5.67e+08""",B,"=""7.09770""","=""53.24951""","=""2s.2p2""","=""4P""","=""3/2""","=""2s.2p.(3P*).7d""","=""4P*""","=""1/2""",4,2,,"=""T7192LS""","=""""",
"=""""","=""26.86442""","=""""","=""2.04e+08""",B,"=""7.09770""","=""53.24951""","=""2s.2p2""","=""4P""","=""3/2""","=""2s.2p.(3P*).7d""","=""4P*""","=""5/2""",4,6,,"=""T7192LS""","=""""",
"=""""","=""26.86541""","=""""","=""5.10e+08""",B,"=""7.09030""","=""53.24041""","=""2s.2p2""","=""4P""","=""1/2""","=""2s.2p.(3P*).7d""","=""4D*""","=""3/2""",2,4,,"=""T7192LS""","=""""",
"=""""","=""26.86541""","=""""","=""1.02e+09""",B,"=""7.09030""","=""53.24041""","=""2s.2p2""","=""4P""","=""1/2""","=""2s.2p.(3P*).7d""","=""4D*""","=""1/2""",2,2,,"=""T7192LS""","=""""",
"=""26.870""","=""26.86972""","=""500*""","=""6.52e+08""",B,"=""7.09770""","=""53.24041""","=""2s.2p2""","=""4P""","=""3/2""","=""2s.2p.(3P*).7d""","=""4D*""","=""3/2""",4,4,,"=""T7192LS""","=""L3513""",
"=""26.870""","=""26.86972""","=""500*""","=""2.04e+08""",C+,"=""7.09770""","=""53.24041""","=""2s.2p2""","=""4P""","=""3/2""","=""2s.2p.(3P*).7d""","=""4D*""","=""1/2""",4,2,,"=""T7192LS""","=""L3513""",
"=""26.870""","=""26.86972""","=""500*""","=""8.56e+08""",B,"=""7.09770""","=""53.24041""","=""2s.2p2""","=""4P""","=""3/2""","=""2s.2p.(3P*).7d""","=""4D*""","=""5/2""",4,6,,"=""T7192LS""","=""L3513""",
"=""""","=""26.87028""","=""""","=""4.76e+08""",B,"=""7.10775""","=""53.24951""","=""2s.2p2""","=""4P""","=""5/2""","=""2s.2p.(3P*).7d""","=""4P*""","=""5/2""",6,6,,"=""T7192LS""","=""""",
"=""""","=""26.87028""","=""""","=""3.06e+08""",B,"=""7.10775""","=""53.24951""","=""2s.2p2""","=""4P""","=""5/2""","=""2s.2p.(3P*).7d""","=""4P*""","=""3/2""",6,4,,"=""T7192LS""","=""""",
"=""""","=""26.87558""","=""""","=""1.22e+09""",B,"=""7.10775""","=""53.24041""","=""2s.2p2""","=""4P""","=""5/2""","=""2s.2p.(3P*).7d""","=""4D*""","=""7/2""",6,8,,"=""T7192LS""","=""""",
"=""""","=""26.87558""","=""""","=""3.67e+08""",B,"=""7.10775""","=""53.24041""","=""2s.2p2""","=""4P""","=""5/2""","=""2s.2p.(3P*).7d""","=""4D*""","=""5/2""",6,6,,"=""T7192LS""","=""""",
"=""""","=""26.87558""","=""""","=""6.11e+07""",C,"=""7.10775""","=""53.24041""","=""2s.2p2""","=""4P""","=""5/2""","=""2s.2p.(3P*).7d""","=""4D*""","=""3/2""",6,4,,"=""T7192LS""","=""""",
"=""""","=""27.2524""","=""""","=""4.95e+08""",B,"=""0.00000""","=""45.4948""","=""2s2.2p""","=""2P*""","=""1/2""","=""2s2.8d""","=""2D""","=""3/2""",2,4,,"=""T7192LS""","=""""",
"=""""","=""27.2654""","=""""","=""5.93e+08""",B,"=""0.02162""","=""45.4948""","=""2s2.2p""","=""2P*""","=""3/2""","=""2s2.8d""","=""2D""","=""5/2""",4,6,,"=""T7192LS""","=""""",
"=""""","=""27.2654""","=""""","=""9.88e+07""",C+,"=""0.02162""","=""45.4948""","=""2s2.2p""","=""2P*""","=""3/2""","=""2s2.8d""","=""2D""","=""3/2""",4,4,,"=""T7192LS""","=""""",
"=""""","=""27.42129""","=""""","=""2.41e+08""",C+,"=""7.09030""","=""52.30487""","=""2s.2p2""","=""4P""","=""1/2""","=""2s.2p.(3P*).6d""","=""4P*""","=""1/2""",2,2,,"=""T7192LS""","=""""",
"=""""","=""27.42310""","=""""","=""6.02e+08""",B,"=""7.09030""","=""52.30189""","=""2s.2p2""","=""4P""","=""1/2""","=""2s.2p.(3P*).6d""","=""4P*""","=""3/2""",2,4,,"=""T7192LS""","=""""",
"=""""","=""27.42578""","=""""","=""1.20e+09""",B,"=""7.09770""","=""52.30487""","=""2s.2p2""","=""4P""","=""3/2""","=""2s.2p.(3P*).6d""","=""4P*""","=""1/2""",4,2,,"=""T7192LS""","=""""",
"=""""","=""27.42678""","=""""","=""2.75e+08""",B,"=""7.09030""","=""52.29582""","=""2s.2p2""","=""4P""","=""1/2""","=""2s.2p.(3P*).6d""","=""4D*""","=""3/2""",2,4,,"=""T7192LS""","=""""",
"=""""","=""27.42678""","=""""","=""5.51e+08""",B,"=""7.09030""","=""52.29582""","=""2s.2p2""","=""4P""","=""1/2""","=""2s.2p.(3P*).6d""","=""4D*""","=""1/2""",2,2,,"=""T7192LS""","=""""",
"=""""","=""27.42759""","=""""","=""1.92e+08""",C+,"=""7.09770""","=""52.30189""","=""2s.2p2""","=""4P""","=""3/2""","=""2s.2p.(3P*).6d""","=""4P*""","=""3/2""",4,4,,"=""T7192LS""","=""""",
"=""""","=""27.43128""","=""""","=""4.62e+08""",B,"=""7.09770""","=""52.29582""","=""2s.2p2""","=""4P""","=""3/2""","=""2s.2p.(3P*).6d""","=""4D*""","=""5/2""",4,6,,"=""T7192LS""","=""""",
"=""""","=""27.43128""","=""""","=""3.52e+08""",B,"=""7.09770""","=""52.29582""","=""2s.2p2""","=""4P""","=""3/2""","=""2s.2p.(3P*).6d""","=""4D*""","=""3/2""",4,4,,"=""T7192LS""","=""""",
"=""""","=""27.43128""","=""""","=""1.10e+08""",C,"=""7.09770""","=""52.29582""","=""2s.2p2""","=""4P""","=""3/2""","=""2s.2p.(3P*).6d""","=""4D*""","=""1/2""",4,2,,"=""T7192LS""","=""""",
"=""""","=""27.43128""","=""""","=""4.33e+08""",B,"=""7.09770""","=""52.29582""","=""2s.2p2""","=""4P""","=""3/2""","=""2s.2p.(3P*).6d""","=""4P*""","=""5/2""",4,6,,"=""T7192LS""","=""""",
"=""""","=""27.43369""","=""""","=""6.49e+08""",B,"=""7.10775""","=""52.30189""","=""2s.2p2""","=""4P""","=""5/2""","=""2s.2p.(3P*).6d""","=""4P*""","=""3/2""",6,4,,"=""T7192LS""","=""""",
"=""""","=""27.43738""","=""""","=""6.60e+08""",B,"=""7.10775""","=""52.29582""","=""2s.2p2""","=""4P""","=""5/2""","=""2s.2p.(3P*).6d""","=""4D*""","=""7/2""",6,8,,"=""T7192LS""","=""""",
"=""""","=""27.43738""","=""""","=""1.98e+08""",B,"=""7.10775""","=""52.29582""","=""2s.2p2""","=""4P""","=""5/2""","=""2s.2p.(3P*).6d""","=""4D*""","=""5/2""",6,6,,"=""T7192LS""","=""""",
"=""""","=""27.43738""","=""""","=""3.30e+07""",C,"=""7.10775""","=""52.29582""","=""2s.2p2""","=""4P""","=""5/2""","=""2s.2p.(3P*).6d""","=""4D*""","=""3/2""",6,4,,"=""T7192LS""","=""""",
"=""""","=""27.43738""","=""""","=""1.01e+09""",B,"=""7.10775""","=""52.29582""","=""2s.2p2""","=""4P""","=""5/2""","=""2s.2p.(3P*).6d""","=""4P*""","=""5/2""",6,6,,"=""T7192LS""","=""""",
"=""""","=""27.58211""","=""""","=""1.41e+09""",B,"=""7.09770""","=""52.04865""","=""2s.2p2""","=""4P""","=""3/2""","=""2p2.(3P).3p""","=""4D*""","=""5/2""",4,6,,"=""T7192LS""","=""""",
"=""""","=""27.58236""","=""""","=""8.42e+08""",B,"=""7.09030""","=""52.04083""","=""2s.2p2""","=""4P""","=""1/2""","=""2p2.(3P).3p""","=""4D*""","=""3/2""",2,4,,"=""T7192LS""","=""""",
"=""""","=""27.58287""","=""""","=""2.02e+09""",B,"=""7.10775""","=""52.05746""","=""2s.2p2""","=""4P""","=""5/2""","=""2p2.(3P).3p""","=""4D*""","=""7/2""",6,8,,"=""T7192LS""","=""""",
"=""""","=""27.58520""","=""""","=""1.68e+09""",B,"=""7.09030""","=""52.03621""","=""2s.2p2""","=""4P""","=""1/2""","=""2p2.(3P).3p""","=""4D*""","=""1/2""",2,2,,"=""T7192LS""","=""""",
"=""""","=""27.58691""","=""""","=""1.08e+09""",B,"=""7.09770""","=""52.04083""","=""2s.2p2""","=""4P""","=""3/2""","=""2p2.(3P).3p""","=""4D*""","=""3/2""",4,4,,"=""T7192LS""","=""""",
"=""""","=""27.58828""","=""""","=""6.06e+08""",B,"=""7.10775""","=""52.04865""","=""2s.2p2""","=""4P""","=""5/2""","=""2p2.(3P).3p""","=""4D*""","=""5/2""",6,6,,"=""T7192LS""","=""""",
"=""""","=""27.58975""","=""""","=""3.36e+08""",C+,"=""7.09770""","=""52.03621""","=""2s.2p2""","=""4P""","=""3/2""","=""2p2.(3P).3p""","=""4D*""","=""1/2""",4,2,,"=""T7192LS""","=""""",
"=""""","=""27.59308""","=""""","=""1.01e+08""",C+,"=""7.10775""","=""52.04083""","=""2s.2p2""","=""4P""","=""5/2""","=""2p2.(3P).3p""","=""4D*""","=""3/2""",6,4,,"=""T7192LS""","=""""",
"=""""","=""27.6193""","=""""","=""7.26e+08""",B,"=""0.00000""","=""44.8905""","=""2s2.2p""","=""2P*""","=""1/2""","=""2s2.7d""","=""2D""","=""3/2""",2,4,,"=""T7192LS""","=""""",
"=""""","=""27.6326""","=""""","=""8.70e+08""",B,"=""0.02162""","=""44.8905""","=""2s2.2p""","=""2P*""","=""3/2""","=""2s2.7d""","=""2D""","=""5/2""",4,6,,"=""T7192LS""","=""""",
"=""""","=""27.6326""","=""""","=""1.45e+08""",C+,"=""0.02162""","=""44.8905""","=""2s2.2p""","=""2P*""","=""3/2""","=""2s2.7d""","=""2D""","=""3/2""",4,4,,"=""T7192LS""","=""""",
"=""""","=""28.20632""","=""""","=""1.13e+09""",B,"=""0.00000""","=""43.95618""","=""2s2.2p""","=""2P*""","=""1/2""","=""2s2.6d""","=""2D""","=""3/2""",2,4,,"=""T7192LS""","=""""",
"=""""","=""28.22020""","=""""","=""1.36e+09""",B,"=""0.02162""","=""43.95618""","=""2s2.2p""","=""2P*""","=""3/2""","=""2s2.6d""","=""2D""","=""5/2""",4,6,,"=""T7192LS""","=""""",
"=""""","=""28.22020""","=""""","=""2.26e+08""",B,"=""0.02162""","=""43.95618""","=""2s2.2p""","=""2P*""","=""3/2""","=""2s2.6d""","=""2D""","=""3/2""",4,4,,"=""T7192LS""","=""""",
"=""""","=""28.38497""","=""""","=""3.68e+08""",C+,"=""7.09030""","=""50.76982""","=""2s.2p2""","=""4P""","=""1/2""","=""2s.2p.(3P*).5d""","=""4P*""","=""1/2""",2,2,,"=""T7192LS""","=""""",
"=""""","=""28.38823""","=""""","=""9.21e+08""",B,"=""7.09030""","=""50.76481""","=""2s.2p2""","=""4P""","=""1/2""","=""2s.2p.(3P*).5d""","=""4P*""","=""3/2""",2,4,,"=""T7192LS""","=""""",
"=""""","=""28.38978""","=""""","=""1.84e+09""",B,"=""7.09770""","=""50.76982""","=""2s.2p2""","=""4P""","=""3/2""","=""2s.2p.(3P*).5d""","=""4P*""","=""1/2""",4,2,,"=""T7192LS""","=""""",
"=""""","=""28.39304""","=""""","=""2.94e+08""",B,"=""7.09770""","=""50.76481""","=""2s.2p2""","=""4P""","=""3/2""","=""2s.2p.(3P*).5d""","=""4P*""","=""3/2""",4,4,,"=""T7192LS""","=""""",
"=""""","=""28.39743""","=""""","=""6.62e+08""",B,"=""7.09770""","=""50.75805""","=""2s.2p2""","=""4P""","=""3/2""","=""2s.2p.(3P*).5d""","=""4P*""","=""5/2""",4,6,,"=""T7192LS""","=""""",
"=""""","=""28.39958""","=""""","=""9.93e+08""",B,"=""7.10775""","=""50.76481""","=""2s.2p2""","=""4P""","=""5/2""","=""2s.2p.(3P*).5d""","=""4P*""","=""3/2""",6,4,,"=""T7192LS""","=""""",
"=""""","=""28.40397""","=""""","=""1.54e+09""",B,"=""7.10775""","=""50.75805""","=""2s.2p2""","=""4P""","=""5/2""","=""2s.2p.(3P*).5d""","=""4P*""","=""5/2""",6,6,,"=""T7192LS""","=""""",
"=""""","=""28.58574""","=""""","=""1.56e+08""",C+,"=""0.00000""","=""43.37275""","=""2s2.2p""","=""2P*""","=""1/2""","=""2s2.6s""","=""2S""","=""1/2""",2,2,,"=""T7192LS""","=""""",
"=""""","=""28.60000""","=""""","=""3.12e+08""",C+,"=""0.02162""","=""43.37275""","=""2s2.2p""","=""2P*""","=""3/2""","=""2s2.6s""","=""2S""","=""1/2""",4,2,,"=""T7192LS""","=""""",
"=""""","=""29.08611""","=""""","=""1.89e+08""",B,"=""7.09770""","=""49.72430""","=""2s.2p2""","=""4P""","=""3/2""","=""2s.2p.(3P*).5s""","=""4P*""","=""5/2""",4,6,,"=""T7192LS""","=""""",
"=""""","=""29.09115""","=""""","=""2.63e+08""",B,"=""7.09030""","=""49.70951""","=""2s.2p2""","=""4P""","=""1/2""","=""2s.2p.(3P*).5s""","=""4P*""","=""3/2""",2,4,,"=""T7192LS""","=""""",
"=""""","=""29.09297""","=""""","=""4.42e+08""",B,"=""7.10775""","=""49.72430""","=""2s.2p2""","=""4P""","=""5/2""","=""2s.2p.(3P*).5s""","=""4P*""","=""5/2""",6,6,,"=""T7192LS""","=""""",
"=""""","=""29.09621""","=""""","=""8.41e+07""",C+,"=""7.09770""","=""49.70951""","=""2s.2p2""","=""4P""","=""3/2""","=""2s.2p.(3P*).5s""","=""4P*""","=""3/2""",4,4,,"=""T7192LS""","=""""",
"=""""","=""29.09722""","=""""","=""1.05e+08""",C,"=""7.09030""","=""49.70062""","=""2s.2p2""","=""4P""","=""1/2""","=""2s.2p.(3P*).5s""","=""4P*""","=""1/2""",2,2,,"=""T7192LS""","=""""",
"=""""","=""29.10228""","=""""","=""5.25e+08""",B,"=""7.09770""","=""49.70062""","=""2s.2p2""","=""4P""","=""3/2""","=""2s.2p.(3P*).5s""","=""4P*""","=""1/2""",4,2,,"=""T7192LS""","=""""",
"=""""","=""29.10308""","=""""","=""2.84e+08""",B,"=""7.10775""","=""49.70951""","=""2s.2p2""","=""4P""","=""5/2""","=""2s.2p.(3P*).5s""","=""4P*""","=""3/2""",6,4,,"=""T7192LS""","=""""",
"=""""","=""29.24424""","=""""","=""1.89e+09""",B,"=""0.00000""","=""42.39611""","=""2s2.2p""","=""2P*""","=""1/2""","=""2s2.5d""","=""2D""","=""3/2""",2,4,,"=""T7192LS""","=""""",
"=""""","=""29.25907""","=""""","=""2.26e+09""",B,"=""0.02162""","=""42.39625""","=""2s2.2p""","=""2P*""","=""3/2""","=""2s2.5d""","=""2D""","=""5/2""",4,6,,"=""T7192LS""","=""""",
"=""""","=""29.25916""","=""""","=""3.77e+08""",B,"=""0.02162""","=""42.39611""","=""2s2.2p""","=""2P*""","=""3/2""","=""2s2.5d""","=""2D""","=""3/2""",4,4,,"=""T7192LS""","=""""",
"=""""","=""29.96596""","=""""","=""4.05e+08""",B,"=""0.00000""","=""41.37501""","=""2s2.2p""","=""2P*""","=""1/2""","=""2s2.5s""","=""2S""","=""1/2""",2,2,,"=""T7192LS""","=""""",
"=""""","=""29.98163""","=""""","=""8.09e+08""",B,"=""0.02162""","=""41.37501""","=""2s2.2p""","=""2P*""","=""3/2""","=""2s2.5s""","=""2S""","=""1/2""",4,2,,"=""T7192LS""","=""""",
"=""""","=""30.38247""","=""""","=""7.17e+08""",B,"=""7.09030""","=""47.89811""","=""2s.2p2""","=""4P""","=""1/2""","=""2s.2p.(3P*).4d""","=""4P*""","=""1/2""",2,2,,"=""T7192LS""","=""""",
"=""""","=""30.38547""","=""""","=""1.79e+09""",B,"=""7.09030""","=""47.89408""","=""2s.2p2""","=""4P""","=""1/2""","=""2s.2p.(3P*).4d""","=""4P*""","=""3/2""",2,4,,"=""T7192LS""","=""""",
"=""""","=""30.38798""","=""""","=""3.58e+09""",B,"=""7.09770""","=""47.89811""","=""2s.2p2""","=""4P""","=""3/2""","=""2s.2p.(3P*).4d""","=""4P*""","=""1/2""",4,2,,"=""T7192LS""","=""""",
"=""""","=""30.39098""","=""""","=""5.73e+08""",B,"=""7.09770""","=""47.89408""","=""2s.2p2""","=""4P""","=""3/2""","=""2s.2p.(3P*).4d""","=""4P*""","=""3/2""",4,4,,"=""T7192LS""","=""""",
"=""""","=""30.39598""","=""""","=""1.29e+09""",B,"=""7.09770""","=""47.88737""","=""2s.2p2""","=""4P""","=""3/2""","=""2s.2p.(3P*).4d""","=""4P*""","=""5/2""",4,6,,"=""T7192LS""","=""""",
"=""""","=""30.39847""","=""""","=""1.93e+09""",B,"=""7.10775""","=""47.89408""","=""2s.2p2""","=""4P""","=""5/2""","=""2s.2p.(3P*).4d""","=""4P*""","=""3/2""",6,4,,"=""T7192LS""","=""""",
"=""""","=""30.40347""","=""""","=""3.00e+09""",B,"=""7.10775""","=""47.88737""","=""2s.2p2""","=""4P""","=""5/2""","=""2s.2p.(3P*).4d""","=""4P*""","=""5/2""",6,6,,"=""T7192LS""","=""""",
"=""""","=""30.57562""","=""""","=""4.84e+08""",B,"=""0.00000""","=""40.55002""","=""2s2.2p""","=""2P*""","=""1/2""","=""2s.2p.(3P*).3p""","=""2S""","=""1/2""",2,2,,"=""T7192LS""","=""""",
"=""""","=""30.59193""","=""""","=""9.67e+08""",B,"=""0.02162""","=""40.55002""","=""2s2.2p""","=""2P*""","=""3/2""","=""2s.2p.(3P*).3p""","=""2S""","=""1/2""",4,2,,"=""T7192LS""","=""""",
"=""""","=""31.15476""","=""""","=""5.48e+08""",B,"=""0.00000""","=""39.79622""","=""2s2.2p""","=""2P*""","=""1/2""","=""2s.2p.(3P*).3p""","=""2D""","=""3/2""",2,4,,"=""T7192LS""","=""""",
"=""""","=""31.16309""","=""""","=""6.57e+08""",B,"=""0.02162""","=""39.80721""","=""2s2.2p""","=""2P*""","=""3/2""","=""2s.2p.(3P*).3p""","=""2D""","=""5/2""",4,6,,"=""T7192LS""","=""""",
"=""""","=""31.17170""","=""""","=""1.09e+08""",C+,"=""0.02162""","=""39.79622""","=""2s2.2p""","=""2P*""","=""3/2""","=""2s.2p.(3P*).3p""","=""2D""","=""3/2""",4,4,,"=""T7192LS""","=""""",
"=""31.4715""","=""31.47151""","=""150""","=""6.54e+09""",B,"=""0.00000""","=""39.39569""","=""2s2.2p""","=""2P*""","=""1/2""","=""2s2.4d""","=""2D""","=""3/2""",2,4,,"=""T7192LS""","=""L3492""",
"=""31.4850""","=""31.48564""","=""200""","=""7.84e+09""",B,"=""0.02162""","=""39.39964""","=""2s2.2p""","=""2P*""","=""3/2""","=""2s2.4d""","=""2D""","=""5/2""",4,6,,"=""T7192LS""","=""L3492""",
"=""31.4877""","=""31.48879""","=""90""","=""1.31e+09""",B,"=""0.02162""","=""39.39569""","=""2s2.2p""","=""2P*""","=""3/2""","=""2s2.4d""","=""2D""","=""3/2""",4,4,,"=""T7192LS""","=""L3492""",
"=""""","=""31.78076""","=""""","=""1.54e+07""",D,"=""12.52537""","=""51.53771""","=""2s.2p2""","=""2D""","=""5/2""","=""2p2.(3P).3p""","=""2D*""","=""3/2""",6,4,,"=""T7192LS""","=""""",
"=""""","=""31.78093""","=""""","=""1.44e+08""",B,"=""12.52537""","=""51.53750""","=""2s.2p2""","=""2D""","=""5/2""","=""2p2.(3P).3p""","=""2D*""","=""5/2""",6,6,,"=""T7192LS""","=""""",
"=""""","=""31.78144""","=""""","=""1.39e+08""",C+,"=""12.52620""","=""51.53771""","=""2s.2p2""","=""2D""","=""3/2""","=""2p2.(3P).3p""","=""2D*""","=""3/2""",4,4,,"=""T7192LS""","=""""",
"=""""","=""31.78161""","=""""","=""1.03e+07""",D,"=""12.52620""","=""51.53750""","=""2s.2p2""","=""2D""","=""3/2""","=""2p2.(3P).3p""","=""2D*""","=""5/2""",4,6,,"=""T7192LS""","=""""",
"=""""","=""32.10793""","=""""","=""3.96e+08""",B,"=""7.09770""","=""45.71252""","=""2s.2p2""","=""4P""","=""3/2""","=""2s.2p.(3P*).4s""","=""4P*""","=""5/2""",4,6,,"=""T7192LS""","=""""",
"=""""","=""32.11395""","=""""","=""5.50e+08""",B,"=""7.09030""","=""45.69789""","=""2s.2p2""","=""4P""","=""1/2""","=""2s.2p.(3P*).4s""","=""4P*""","=""3/2""",2,4,,"=""T7192LS""","=""""",
"=""""","=""32.11630""","=""""","=""9.23e+08""",B,"=""7.10775""","=""45.71252""","=""2s.2p2""","=""4P""","=""5/2""","=""2s.2p.(3P*).4s""","=""4P*""","=""5/2""",6,6,,"=""T7192LS""","=""""",
"=""""","=""32.12010""","=""""","=""1.76e+08""",B,"=""7.09770""","=""45.69789""","=""2s.2p2""","=""4P""","=""3/2""","=""2s.2p.(3P*).4s""","=""4P*""","=""3/2""",4,4,,"=""T7192LS""","=""""",
"=""""","=""32.12054""","=""""","=""2.20e+08""",C+,"=""7.09030""","=""45.68996""","=""2s.2p2""","=""4P""","=""1/2""","=""2s.2p.(3P*).4s""","=""4P*""","=""1/2""",2,2,,"=""T7192LS""","=""""",
"=""""","=""32.12670""","=""""","=""1.10e+09""",B,"=""7.09770""","=""45.68996""","=""2s.2p2""","=""4P""","=""3/2""","=""2s.2p.(3P*).4s""","=""4P*""","=""1/2""",4,2,,"=""T7192LS""","=""""",
"=""""","=""32.12847""","=""""","=""5.93e+08""",B,"=""7.10775""","=""45.69789""","=""2s.2p2""","=""4P""","=""5/2""","=""2s.2p.(3P*).4s""","=""4P*""","=""3/2""",6,4,,"=""T7192LS""","=""""",
"=""32.326""","=""""","=""600""","=""""",,"=""""","=""""","=""""","=""""","=""""","=""""","=""""","=""""",1,1,,"=""""","=""L3513""",
"=""""","=""32.34307""","=""""","=""5.53e+08""",B,"=""0.00000""","=""38.33408""","=""2s2.2p""","=""2P*""","=""1/2""","=""2s.2p.(3P*).3p""","=""2P""","=""3/2""",2,4,,"=""T7192LS""","=""""",
"=""""","=""32.34872""","=""""","=""2.21e+09""",B,"=""0.00000""","=""38.32738""","=""2s2.2p""","=""2P*""","=""1/2""","=""2s.2p.(3P*).3p""","=""2P""","=""1/2""",2,2,,"=""T7192LS""","=""""",
"=""""","=""32.36133""","=""""","=""2.76e+09""",B,"=""0.02162""","=""38.33408""","=""2s2.2p""","=""2P*""","=""3/2""","=""2s.2p.(3P*).3p""","=""2P""","=""3/2""",4,4,,"=""T7192LS""","=""""",
"=""""","=""32.36698""","=""""","=""1.10e+09""",B,"=""0.02162""","=""38.32738""","=""2s2.2p""","=""2P*""","=""3/2""","=""2s.2p.(3P*).3p""","=""2P""","=""1/2""",4,2,,"=""T7192LS""","=""""",
"=""""","=""33.21348""","=""""","=""3.71e+08""",B,"=""0.00000""","=""37.32948""","=""2s2.2p""","=""2P*""","=""1/2""","=""2s2.4s""","=""2S""","=""1/2""",2,2,,"=""T7192LS""","=""""",
"=""""","=""33.23273""","=""""","=""7.42e+08""",B,"=""0.02162""","=""37.32948""","=""2s2.2p""","=""2P*""","=""3/2""","=""2s2.4s""","=""2S""","=""1/2""",4,2,,"=""T7192LS""","=""""",
"=""""","=""33.83397""","=""""","=""1.62e+09""",B,"=""12.52537""","=""49.17025""","=""2s.2p2""","=""2D""","=""5/2""","=""2s.2p.(1P*).3d""","=""2D*""","=""5/2""",6,6,,"=""T7192LS""","=""""",
"=""33.835""","=""33.83474""","=""500*""","=""1.16e+08""",B,"=""12.52620""","=""49.17025""","=""2s.2p2""","=""2D""","=""3/2""","=""2s.2p.(1P*).3d""","=""2D*""","=""5/2""",4,6,,"=""T7192LS""","=""L3513""",
"=""33.835""","=""33.83511""","=""500*""","=""1.74e+08""",B,"=""12.52537""","=""49.16902""","=""2s.2p2""","=""2D""","=""5/2""","=""2s.2p.(1P*).3d""","=""2D*""","=""3/2""",6,4,,"=""T7192LS""","=""L3513""",
"=""""","=""33.83588""","=""""","=""1.57e+09""",B,"=""12.52620""","=""49.16902""","=""2s.2p2""","=""2D""","=""3/2""","=""2s.2p.(1P*).3d""","=""2D*""","=""3/2""",4,4,,"=""T7192LS""","=""""",
"=""""","=""33.88097""","=""""","=""1.22e+09""",B,"=""18.08628""","=""54.68033""","=""2s.2p2""","=""2P""","=""1/2""","=""2p2.(3P).3p""","=""2S*""","=""1/2""",2,2,,"=""T7192LS""","=""""",
"=""""","=""33.89362""","=""""","=""2.43e+09""",B,"=""18.09993""","=""54.68033""","=""2s.2p2""","=""2P""","=""3/2""","=""2p2.(3P).3p""","=""2S*""","=""1/2""",4,2,,"=""T7192LS""","=""""",
"=""34.020""","=""""","=""500""","=""""",,"=""""","=""""","=""""","=""""","=""""","=""""","=""""","=""""",1,1,,"=""""","=""L3513""",
"=""35.198""","=""35.1986""","=""500*""","=""3.15e+08""",B,"=""12.52537""","=""47.7495""","=""2s.2p2""","=""2D""","=""5/2""","=""2s.2p.(3P*).4d""","=""2D*""","=""3/2""",6,4,,"=""T7192LS""","=""L3513""",
"=""35.198""","=""35.1986""","=""500*""","=""2.94e+09""",B,"=""12.52537""","=""47.7495""","=""2s.2p2""","=""2D""","=""5/2""","=""2s.2p.(3P*).4d""","=""2D*""","=""5/2""",6,6,,"=""T7192LS""","=""L3513""",
"=""""","=""35.1994""","=""""","=""2.83e+09""",B,"=""12.52620""","=""47.7495""","=""2s.2p2""","=""2D""","=""3/2""","=""2s.2p.(3P*).4d""","=""2D*""","=""3/2""",4,4,,"=""T7192LS""","=""""",
"=""""","=""35.1994""","=""""","=""2.10e+08""",B,"=""12.52620""","=""47.7495""","=""2s.2p2""","=""2D""","=""3/2""","=""2s.2p.(3P*).4d""","=""2D*""","=""5/2""",4,6,,"=""T7192LS""","=""""",
"=""""","=""35.82823""","=""""","=""1.68e+09""",B,"=""7.09030""","=""41.69546""","=""2s.2p2""","=""4P""","=""1/2""","=""2s.2p.(3P*).3d""","=""4P*""","=""1/2""",2,2,,"=""T7192LS""","=""""",
"=""""","=""35.83273""","=""""","=""4.20e+09""",B,"=""7.09030""","=""41.69112""","=""2s.2p2""","=""4P""","=""1/2""","=""2s.2p.(3P*).3d""","=""4P*""","=""3/2""",2,4,,"=""T7192LS""","=""""",
"=""""","=""35.83590""","=""""","=""8.41e+09""",B,"=""7.09770""","=""41.69546""","=""2s.2p2""","=""4P""","=""3/2""","=""2s.2p.(3P*).3d""","=""4P*""","=""1/2""",4,2,,"=""T7192LS""","=""""",
"=""""","=""35.84039""","=""""","=""1.34e+09""",B,"=""7.09770""","=""41.69112""","=""2s.2p2""","=""4P""","=""3/2""","=""2s.2p.(3P*).3d""","=""4P*""","=""3/2""",4,4,,"=""T7192LS""","=""""",
"=""""","=""35.84742""","=""""","=""3.02e+09""",B,"=""7.09770""","=""41.68434""","=""2s.2p2""","=""4P""","=""3/2""","=""2s.2p.(3P*).3d""","=""4P*""","=""5/2""",4,6,,"=""T7192LS""","=""""",
"=""""","=""35.85081""","=""""","=""4.53e+09""",B,"=""7.10775""","=""41.69112""","=""2s.2p2""","=""4P""","=""5/2""","=""2s.2p.(3P*).3d""","=""4P*""","=""3/2""",6,4,,"=""T7192LS""","=""""",
"=""""","=""35.85785""","=""""","=""7.05e+09""",B,"=""7.10775""","=""41.68434""","=""2s.2p2""","=""4P""","=""5/2""","=""2s.2p.(3P*).3d""","=""4P*""","=""5/2""",6,6,,"=""T7192LS""","=""""",
"=""""","=""36.28219""","=""""","=""7.76e+09""",B,"=""7.09030""","=""41.26249""","=""2s.2p2""","=""4P""","=""1/2""","=""2s.2p.(3P*).3d""","=""4D*""","=""3/2""",2,4,,"=""T7192LS""","=""""",
"=""36.2833""","=""36.28392""","=""120""","=""1.55e+10""",B,"=""7.09030""","=""41.26086""","=""2s.2p2""","=""4P""","=""1/2""","=""2s.2p.(3P*).3d""","=""4D*""","=""1/2""",2,2,,"=""T7192LS""","=""L3492""",
"=""36.2881""","=""36.28721""","=""150""","=""1.30e+10""",B,"=""7.09770""","=""41.26516""","=""2s.2p2""","=""4P""","=""3/2""","=""2s.2p.(3P*).3d""","=""4D*""","=""5/2""",4,6,,"=""T7192LS""","=""L3492""",
"=""""","=""36.29005""","=""""","=""9.93e+09""",B,"=""7.09770""","=""41.26249""","=""2s.2p2""","=""4P""","=""3/2""","=""2s.2p.(3P*).3d""","=""4D*""","=""3/2""",4,4,,"=""T7192LS""","=""""",
"=""""","=""36.29178""","=""""","=""3.10e+09""",B,"=""7.09770""","=""41.26086""","=""2s.2p2""","=""4P""","=""3/2""","=""2s.2p.(3P*).3d""","=""4D*""","=""1/2""",4,2,,"=""T7192LS""","=""""",
"=""36.2946""","=""36.29420""","=""150""","=""1.86e+10""",B,"=""7.10775""","=""41.26864""","=""2s.2p2""","=""4P""","=""5/2""","=""2s.2p.(3P*).3d""","=""4D*""","=""7/2""",6,8,,"=""T7192LS""","=""L3492""",
"=""36.2985""","=""36.29789""","=""90""","=""5.58e+09""",B,"=""7.10775""","=""41.26516""","=""2s.2p2""","=""4P""","=""5/2""","=""2s.2p.(3P*).3d""","=""4D*""","=""5/2""",6,6,,"=""T7192LS""","=""L3492""",
"=""""","=""36.30074""","=""""","=""9.30e+08""",B,"=""7.10775""","=""41.26249""","=""2s.2p2""","=""4P""","=""5/2""","=""2s.2p.(3P*).3d""","=""4D*""","=""3/2""",6,4,,"=""T7192LS""","=""""",
"=""""","=""37.06394""","=""""","=""1.74e+09""",B,"=""18.08628""","=""51.53771""","=""2s.2p2""","=""2P""","=""1/2""","=""2p2.(3P).3p""","=""2D*""","=""3/2""",2,4,,"=""T7192LS""","=""""",
"=""""","=""37.07907""","=""""","=""3.47e+08""",B,"=""18.09993""","=""51.53771""","=""2s.2p2""","=""2P""","=""3/2""","=""2p2.(3P).3p""","=""2D*""","=""3/2""",4,4,,"=""T7192LS""","=""""",
"=""""","=""37.07931""","=""""","=""2.08e+09""",B,"=""18.09993""","=""51.53750""","=""2s.2p2""","=""2P""","=""3/2""","=""2p2.(3P).3p""","=""2D*""","=""5/2""",4,6,,"=""T7192LS""","=""""",
"=""37.4204""","=""37.41977""","=""300""","=""9.89e+09""",B,"=""0.00000""","=""33.13334""","=""2s2.2p""","=""2P*""","=""1/2""","=""2s2.3d""","=""2D""","=""3/2""",2,4,,"=""T6335n""","=""L3492""",
"=""""","=""37.44342""","=""""","=""1.19e+10""",B,"=""0.02162""","=""33.13403""","=""2s2.2p""","=""2P*""","=""3/2""","=""2s2.3d""","=""2D""","=""5/2""",4,6,,"=""T6335n""","=""""",
"=""37.4441""","=""37.44421""","=""350""","=""1.98e+09""",B,"=""0.02162""","=""33.13334""","=""2s2.2p""","=""2P*""","=""3/2""","=""2s2.3d""","=""2D""","=""3/2""",4,4,,"=""T6335n""","=""L3492""",
"=""""","=""38.27063""","=""""","=""6.48e+07""",C,"=""12.52537""","=""44.92207""","=""2s.2p2""","=""2D""","=""5/2""","=""2s2.7f""","=""2F*""","=""7/2""",6,8,,"=""T7192LS""","=""""",
"=""""","=""38.27063""","=""""","=""4.32e+06""",D,"=""12.52537""","=""44.92207""","=""2s.2p2""","=""2D""","=""5/2""","=""2s2.7f""","=""2F*""","=""5/2""",6,6,,"=""T7192LS""","=""""",
"=""""","=""38.27161""","=""""","=""6.05e+07""",C,"=""12.52620""","=""44.92207""","=""2s.2p2""","=""2D""","=""3/2""","=""2s2.7f""","=""2F*""","=""5/2""",4,6,,"=""T7192LS""","=""""",
"=""38.748""","=""""","=""500""","=""""",,"=""""","=""""","=""""","=""""","=""""","=""""","=""""","=""""",1,1,,"=""""","=""L3513""",
"=""""","=""39.38090""","=""""","=""6.82e+07""",C,"=""12.52537""","=""44.00870""","=""2s.2p2""","=""2D""","=""5/2""","=""2s2.6f""","=""2F*""","=""7/2""",6,8,,"=""T7192LS""","=""""",
"=""""","=""39.38090""","=""""","=""4.55e+06""",D,"=""12.52537""","=""44.00870""","=""2s.2p2""","=""2D""","=""5/2""","=""2s2.6f""","=""2F*""","=""5/2""",6,6,,"=""T7192LS""","=""""",
"=""""","=""39.38194""","=""""","=""6.37e+07""",C,"=""12.52620""","=""44.00870""","=""2s.2p2""","=""2D""","=""3/2""","=""2s2.6f""","=""2F*""","=""5/2""",4,6,,"=""T7192LS""","=""""",
"=""""","=""39.88844""","=""""","=""9.96e+09""",B,"=""18.08628""","=""49.16902""","=""2s.2p2""","=""2P""","=""1/2""","=""2s.2p.(1P*).3d""","=""2D*""","=""3/2""",2,4,,"=""T7192LS""","=""""",
"=""""","=""39.90439""","=""""","=""1.19e+10""",B,"=""18.09993""","=""49.17025""","=""2s.2p2""","=""2P""","=""3/2""","=""2s.2p.(1P*).3d""","=""2D*""","=""5/2""",4,6,,"=""T7192LS""","=""""",
"=""""","=""39.90597""","=""""","=""1.99e+09""",B,"=""18.09993""","=""49.16902""","=""2s.2p2""","=""2P""","=""3/2""","=""2s.2p.(1P*).3d""","=""2D*""","=""3/2""",4,4,,"=""T7192LS""","=""""",
"=""""","=""41.36814""","=""""","=""1.93e+08""",B,"=""12.52620""","=""42.49713""","=""2s.2p2""","=""2D""","=""3/2""","=""2s.2p.(3P*).3d""","=""2P*""","=""1/2""",4,2,,"=""T7192LS""","=""""",
"=""""","=""41.37915""","=""""","=""1.74e+08""",B,"=""12.52537""","=""42.48833""","=""2s.2p2""","=""2D""","=""5/2""","=""2s.2p.(3P*).3d""","=""2P*""","=""3/2""",6,4,,"=""T7192LS""","=""""",
"=""""","=""41.38030""","=""""","=""1.93e+07""",C,"=""12.52620""","=""42.48833""","=""2s.2p2""","=""2D""","=""3/2""","=""2s.2p.(3P*).3d""","=""2P*""","=""3/2""",4,4,,"=""T7192LS""","=""""",
"=""""","=""41.87051""","=""""","=""1.05e+10""",B,"=""12.52537""","=""42.13671""","=""2s.2p2""","=""2D""","=""5/2""","=""2s.2p.(3P*).3d""","=""2F*""","=""7/2""",6,8,,"=""T7192LS""","=""""",
"=""""","=""41.88996""","=""""","=""7.00e+08""",B,"=""12.52537""","=""42.12296""","=""2s.2p2""","=""2D""","=""5/2""","=""2s.2p.(3P*).3d""","=""2F*""","=""5/2""",6,6,,"=""T7192LS""","=""""",
"=""""","=""41.89113""","=""""","=""9.79e+09""",B,"=""12.52620""","=""42.12296""","=""2s.2p2""","=""2D""","=""3/2""","=""2s.2p.(3P*).3d""","=""2F*""","=""5/2""",4,6,,"=""T7192LS""","=""""",
"=""""","=""42.8184""","=""""","=""5.21e+09""",B,"=""12.52537""","=""41.48118""","=""2s.2p2""","=""2D""","=""5/2""","=""2s.2p.(3P*).3d""","=""2D*""","=""5/2""",6,6,,"=""T7192LS""","=""""",
"=""""","=""42.8196""","=""""","=""3.72e+08""",B,"=""12.52620""","=""41.48118""","=""2s.2p2""","=""2D""","=""3/2""","=""2s.2p.(3P*).3d""","=""2D*""","=""5/2""",4,6,,"=""T7192LS""","=""""",
"=""""","=""42.8236""","=""""","=""5.58e+08""",B,"=""12.52537""","=""41.47770""","=""2s.2p2""","=""2D""","=""5/2""","=""2s.2p.(3P*).3d""","=""2D*""","=""3/2""",6,4,,"=""T7192LS""","=""""",
"=""""","=""42.8248""","=""""","=""5.02e+09""",B,"=""12.52620""","=""41.47770""","=""2s.2p2""","=""2D""","=""3/2""","=""2s.2p.(3P*).3d""","=""2D*""","=""3/2""",4,4,,"=""T7192LS""","=""""",
"=""""","=""43.3915""","=""""","=""1.32e+09""",B,"=""7.09770""","=""35.67111""","=""2s.2p2""","=""4P""","=""3/2""","=""2s.2p.(3P*).3s""","=""4P*""","=""5/2""",4,6,,"=""T7192LS""","=""""",
"=""""","=""43.4019""","=""""","=""1.83e+09""",B,"=""7.09030""","=""35.65680""","=""2s.2p2""","=""4P""","=""1/2""","=""2s.2p.(3P*).3s""","=""4P*""","=""3/2""",2,4,,"=""T7192LS""","=""""",
"=""""","=""43.4067""","=""""","=""3.07e+09""",B,"=""7.10775""","=""35.67111""","=""2s.2p2""","=""4P""","=""5/2""","=""2s.2p.(3P*).3s""","=""4P*""","=""5/2""",6,6,,"=""T7192LS""","=""""",
"=""""","=""43.4132""","=""""","=""5.84e+08""",B,"=""7.09770""","=""35.65680""","=""2s.2p2""","=""4P""","=""3/2""","=""2s.2p.(3P*).3s""","=""4P*""","=""3/2""",4,4,,"=""T7192LS""","=""""",
"=""""","=""43.4137""","=""""","=""7.30e+08""",B,"=""7.09030""","=""35.64910""","=""2s.2p2""","=""4P""","=""1/2""","=""2s.2p.(3P*).3s""","=""4P*""","=""1/2""",2,2,,"=""T7192LS""","=""""",
"=""""","=""43.4249""","=""""","=""3.65e+09""",B,"=""7.09770""","=""35.64910""","=""2s.2p2""","=""4P""","=""3/2""","=""2s.2p.(3P*).3s""","=""4P*""","=""1/2""",4,2,,"=""T7192LS""","=""""",
"=""""","=""43.4285""","=""""","=""1.97e+09""",B,"=""7.10775""","=""35.65680""","=""2s.2p2""","=""4P""","=""5/2""","=""2s.2p.(3P*).3s""","=""4P*""","=""3/2""",6,4,,"=""T7192LS""","=""""",
"=""""","=""44.9563""","=""""","=""5.19e+08""",B,"=""16.24246""","=""43.82129""","=""2s.2p2""","=""2S""","=""1/2""","=""2s.2p.(1P*).3s""","=""2P*""","=""3/2""",2,4,,"=""T7192LS""","=""""",
"=""""","=""44.9567""","=""""","=""5.19e+08""",B,"=""16.24246""","=""43.82105""","=""2s.2p2""","=""2S""","=""1/2""","=""2s.2p.(1P*).3s""","=""2P*""","=""1/2""",2,2,,"=""T7192LS""","=""""",
"=""45.1869""","=""45.18708""","=""250""","=""1.03e+09""",B,"=""0.00000""","=""27.43798""","=""2s2.2p""","=""2P*""","=""1/2""","=""2s2.3s""","=""2S""","=""1/2""",2,2,,"=""T6335n""","=""L3492""",
"=""45.2226""","=""45.2227""","=""300""","=""2.05e+09""",B,"=""0.02162""","=""27.43798""","=""2s2.2p""","=""2P*""","=""3/2""","=""2s2.3s""","=""2S""","=""1/2""",4,2,,"=""T6335n""","=""L3492""",
"=""""","=""45.6070""","=""""","=""1.21e+08""",C+,"=""12.52537""","=""39.71069""","=""2s.2p2""","=""2D""","=""5/2""","=""2s2.4f""","=""2F*""","=""7/2""",6,8,,"=""T7192LS""","=""""",
"=""""","=""45.6073""","=""""","=""8.10e+06""",D,"=""12.52537""","=""39.71055""","=""2s.2p2""","=""2D""","=""5/2""","=""2s2.4f""","=""2F*""","=""5/2""",6,6,,"=""T7192LS""","=""""",
"=""""","=""45.6087""","=""""","=""1.13e+08""",C+,"=""12.52620""","=""39.71055""","=""2s.2p2""","=""2D""","=""3/2""","=""2s2.4f""","=""2F*""","=""5/2""",4,6,,"=""T7192LS""","=""""",
"=""""","=""46.0609""","=""""","=""1.93e+08""",B,"=""25.17804""","=""52.09548""","=""2p3""","=""2D*""","=""5/2""","=""2s.2p.(3P*).6p""","=""2P""","=""3/2""",6,4,,"=""T7192LS""","=""""",
"=""""","=""46.0640""","=""""","=""2.14e+07""",C,"=""25.17981""","=""52.09548""","=""2p3""","=""2D*""","=""3/2""","=""2s.2p.(3P*).6p""","=""2P""","=""3/2""",4,4,,"=""T7192LS""","=""""",
"=""""","=""46.0793""","=""""","=""2.14e+08""",B,"=""25.17981""","=""52.08652""","=""2p3""","=""2D*""","=""3/2""","=""2s.2p.(3P*).6p""","=""2P""","=""1/2""",4,2,,"=""T7192LS""","=""""",
"=""""","=""46.7431""","=""""","=""2.12e+09""",B,"=""23.15989""","=""49.68446""","=""2p3""","=""4S*""","=""3/2""","=""2p2.(3P).3s""","=""4P""","=""5/2""",4,6,,"=""T7192LS""","=""""",
"=""""","=""46.7649""","=""""","=""2.12e+09""",B,"=""23.15989""","=""49.67215""","=""2p3""","=""4S*""","=""3/2""","=""2p2.(3P).3s""","=""4P""","=""3/2""",4,4,,"=""T7192LS""","=""""",
"=""""","=""46.7794""","=""""","=""2.12e+09""",B,"=""23.15989""","=""49.66388""","=""2p3""","=""4S*""","=""3/2""","=""2p2.(3P).3s""","=""4P""","=""1/2""",4,2,,"=""T7192LS""","=""""",
"=""""","=""47.2237""","=""""","=""6.11e+09""",B,"=""16.24246""","=""42.49713""","=""2s.2p2""","=""2S""","=""1/2""","=""2s.2p.(3P*).3d""","=""2P*""","=""1/2""",2,2,,"=""T7192LS""","=""""",
"=""""","=""47.2395""","=""""","=""6.11e+09""",B,"=""16.24246""","=""42.48833""","=""2s.2p2""","=""2S""","=""1/2""","=""2s.2p.(3P*).3d""","=""2P*""","=""3/2""",2,4,,"=""T7192LS""","=""""",
"=""""","=""50.0924""","=""""","=""4.89e+08""",B,"=""25.17804""","=""49.92913""","=""2p3""","=""2D*""","=""5/2""","=""2s.2p.(3P*).5p""","=""2P""","=""3/2""",6,4,,"=""T7192LS""","=""""",
"=""""","=""50.0960""","=""""","=""5.43e+07""",B,"=""25.17981""","=""49.92913""","=""2p3""","=""2D*""","=""3/2""","=""2s.2p.(3P*).5p""","=""2P""","=""3/2""",4,4,,"=""T7192LS""","=""""",
"=""""","=""50.1163""","=""""","=""5.42e+08""",B,"=""25.17981""","=""49.91909""","=""2p3""","=""2D*""","=""3/2""","=""2s.2p.(3P*).5p""","=""2P""","=""1/2""",4,2,,"=""T7192LS""","=""""",
"=""""","=""50.7906""","=""""","=""1.09e+09""",B,"=""18.08628""","=""42.49713""","=""2s.2p2""","=""2P""","=""1/2""","=""2s.2p.(3P*).3d""","=""2P*""","=""1/2""",2,2,,"=""T7192LS""","=""""",
"=""""","=""50.8089""","=""""","=""2.73e+08""",B,"=""18.08628""","=""42.48833""","=""2s.2p2""","=""2P""","=""1/2""","=""2s.2p.(3P*).3d""","=""2P*""","=""3/2""",2,4,,"=""T7192LS""","=""""",
"=""""","=""50.8190""","=""""","=""5.46e+08""",B,"=""18.09993""","=""42.49713""","=""2s.2p2""","=""2P""","=""3/2""","=""2s.2p.(3P*).3d""","=""2P*""","=""1/2""",4,2,,"=""T7192LS""","=""""",
"=""""","=""50.8374""","=""""","=""1.36e+09""",B,"=""18.09993""","=""42.48833""","=""2s.2p2""","=""2P""","=""3/2""","=""2s.2p.(3P*).3d""","=""2P*""","=""3/2""",4,4,,"=""T7192LS""","=""""",
"=""""","=""50.9579""","=""""","=""1.61e+09""",B,"=""12.52537""","=""36.85609""","=""2s.2p2""","=""2D""","=""5/2""","=""2s.2p.(3P*).3s""","=""2P*""","=""3/2""",6,4,,"=""T7192LS""","=""""",
"=""""","=""50.9596""","=""""","=""1.79e+08""",B,"=""12.52620""","=""36.85609""","=""2s.2p2""","=""2D""","=""3/2""","=""2s.2p.(3P*).3s""","=""2P*""","=""3/2""",4,4,,"=""T7192LS""","=""""",
"=""""","=""50.9890""","=""""","=""1.78e+09""",B,"=""12.52620""","=""36.84205""","=""2s.2p2""","=""2D""","=""3/2""","=""2s.2p.(3P*).3s""","=""2P*""","=""1/2""",4,2,,"=""T7192LS""","=""""",
"=""""","=""52.6942""","=""""","=""2.54e+07""",C+,"=""28.56649""","=""52.09548""","=""2p3""","=""2P*""","=""1/2""","=""2s.2p.(3P*).6p""","=""2P""","=""3/2""",2,4,,"=""T7192LS""","=""""",
"=""""","=""52.6954""","=""""","=""1.27e+08""",B,"=""28.56703""","=""52.09548""","=""2p3""","=""2P*""","=""3/2""","=""2s.2p.(3P*).6p""","=""2P""","=""3/2""",4,4,,"=""T7192LS""","=""""",
"=""""","=""52.7143""","=""""","=""1.02e+08""",B,"=""28.56649""","=""52.08652""","=""2p3""","=""2P*""","=""1/2""","=""2s.2p.(3P*).6p""","=""2P""","=""1/2""",2,2,,"=""T7192LS""","=""""",
"=""""","=""52.7155""","=""""","=""5.08e+07""",C+,"=""28.56703""","=""52.08652""","=""2p3""","=""2P*""","=""3/2""","=""2s.2p.(3P*).6p""","=""2P""","=""1/2""",4,2,,"=""T7192LS""","=""""",
"=""""","=""53.0041""","=""""","=""1.57e+09""",B,"=""18.08628""","=""41.47770""","=""2s.2p2""","=""2P""","=""1/2""","=""2s.2p.(3P*).3d""","=""2D*""","=""3/2""",2,4,,"=""T7192LS""","=""""",
"=""""","=""53.0272""","=""""","=""1.88e+09""",B,"=""18.09993""","=""41.48118""","=""2s.2p2""","=""2P""","=""3/2""","=""2s.2p.(3P*).3d""","=""2D*""","=""5/2""",4,6,,"=""T7192LS""","=""""",
"=""""","=""53.0351""","=""""","=""3.13e+08""",B,"=""18.09993""","=""41.47770""","=""2s.2p2""","=""2P""","=""3/2""","=""2s.2p.(3P*).3d""","=""2D*""","=""3/2""",4,4,,"=""T7192LS""","=""""",
"=""""","=""53.0464""","=""""","=""3.02e+02""",D,"=""7.09030""","=""30.46308""","=""2s.2p2""","=""4P""","=""1/2""","=""2s2.3p""","=""2P*""","=""3/2""",2,4,,"=""T6335""","=""""",
"=""""","=""53.0565""","=""""","=""2.60e+02""",D,"=""7.09030""","=""30.45863""","=""2s.2p2""","=""4P""","=""1/2""","=""2s2.3p""","=""2P*""","=""1/2""",2,2,,"=""T6335""","=""""",
"=""""","=""53.0632""","=""""","=""2.12e+01""",D,"=""7.09770""","=""30.46308""","=""2s.2p2""","=""4P""","=""3/2""","=""2s2.3p""","=""2P*""","=""3/2""",4,4,,"=""T6335""","=""""",
"=""""","=""53.0733""","=""""","=""7.96e+01""",D,"=""7.09770""","=""30.45863""","=""2s.2p2""","=""4P""","=""3/2""","=""2s2.3p""","=""2P*""","=""1/2""",4,2,,"=""T6335""","=""""",
"=""""","=""53.0861""","=""""","=""7.53e+02""",D,"=""7.10775""","=""30.46308""","=""2s.2p2""","=""4P""","=""5/2""","=""2s2.3p""","=""2P*""","=""3/2""",6,4,,"=""T6335""","=""""",
"=""""","=""54.3767""","=""""","=""2.65e+08""",C+,"=""25.17804""","=""47.97903""","=""2p3""","=""2D*""","=""5/2""","=""2s.2p.(3P*).4f""","=""2F""","=""7/2""",6,8,,"=""T7192LS""","=""""",
"=""""","=""54.3836""","=""""","=""1.77e+07""",C,"=""25.17804""","=""47.97611""","=""2p3""","=""2D*""","=""5/2""","=""2s.2p.(3P*).4f""","=""2F""","=""5/2""",6,6,,"=""T7192LS""","=""""",
"=""""","=""54.3879""","=""""","=""2.47e+08""",C+,"=""25.17981""","=""47.97611""","=""2p3""","=""2D*""","=""3/2""","=""2s.2p.(3P*).4f""","=""2F""","=""5/2""",4,6,,"=""T7192LS""","=""""",
"=""""","=""55.3370""","=""""","=""8.41e+07""",B,"=""16.24246""","=""38.64776""","=""2s.2p2""","=""2S""","=""1/2""","=""2s2.4p""","=""2P*""","=""3/2""",2,4,,"=""T7192LS""","=""""",
"=""""","=""55.3446""","=""""","=""8.41e+07""",B,"=""16.24246""","=""38.64467""","=""2s.2p2""","=""2S""","=""1/2""","=""2s2.4p""","=""2P*""","=""1/2""",2,2,,"=""T7192LS""","=""""",
"=""""","=""57.2945""","=""""","=""5.28e+08""",B,"=""25.17804""","=""46.81783""","=""2p3""","=""2D*""","=""5/2""","=""2s.2p.(1P*).3p""","=""2P""","=""3/2""",6,4,,"=""T7192LS""","=""""",
"=""""","=""57.2992""","=""""","=""5.87e+07""",B,"=""25.17981""","=""46.81783""","=""2p3""","=""2D*""","=""3/2""","=""2s.2p.(1P*).3p""","=""2P""","=""3/2""",4,4,,"=""T7192LS""","=""""",
"=""""","=""57.3102""","=""""","=""5.86e+08""",B,"=""25.17981""","=""46.81369""","=""2p3""","=""2D*""","=""3/2""","=""2s.2p.(1P*).3p""","=""2P""","=""1/2""",4,2,,"=""T7192LS""","=""""",
"=""""","=""57.7296""","=""""","=""7.82e+02""",D,"=""7.09030""","=""28.56703""","=""2s.2p2""","=""4P""","=""1/2""","=""2p3""","=""2P*""","=""3/2""",2,4,,"=""T6335""","=""""",
"=""""","=""57.7310""","=""""","=""2.46e+03""",D,"=""7.09030""","=""28.56649""","=""2s.2p2""","=""4P""","=""1/2""","=""2p3""","=""2P*""","=""1/2""",2,2,,"=""T6335""","=""""",
"=""""","=""57.7495""","=""""","=""1.09e+04""",D,"=""7.09770""","=""28.56703""","=""2s.2p2""","=""4P""","=""3/2""","=""2p3""","=""2P*""","=""3/2""",4,4,,"=""T6335""","=""""",
"=""""","=""57.7509""","=""""","=""7.86e+02""",D,"=""7.09770""","=""28.56649""","=""2s.2p2""","=""4P""","=""3/2""","=""2p3""","=""2P*""","=""1/2""",4,2,,"=""T6335""","=""""",
"=""""","=""57.7765""","=""""","=""3.43e+03""",D,"=""7.10775""","=""28.56703""","=""2s.2p2""","=""4P""","=""5/2""","=""2p3""","=""2P*""","=""3/2""",6,4,,"=""T6335""","=""""",
"=""""","=""58.0379""","=""""","=""7.01e+07""",B,"=""28.56649""","=""49.92913""","=""2p3""","=""2P*""","=""1/2""","=""2s.2p.(3P*).5p""","=""2P""","=""3/2""",2,4,,"=""T7192LS""","=""""",
"=""""","=""58.0393""","=""""","=""3.50e+08""",B,"=""28.56703""","=""49.92913""","=""2p3""","=""2P*""","=""3/2""","=""2s.2p.(3P*).5p""","=""2P""","=""3/2""",4,4,,"=""T7192LS""","=""""",
"=""""","=""58.0652""","=""""","=""2.80e+08""",B,"=""28.56649""","=""49.91909""","=""2p3""","=""2P*""","=""1/2""","=""2s.2p.(3P*).5p""","=""2P""","=""1/2""",2,2,,"=""T7192LS""","=""""",
"=""""","=""58.0666""","=""""","=""1.40e+08""",B,"=""28.56703""","=""49.91909""","=""2p3""","=""2P*""","=""3/2""","=""2s.2p.(3P*).5p""","=""2P""","=""1/2""",4,2,,"=""T7192LS""","=""""",
"=""""","=""58.2309""","=""""","=""2.72e+07""",B,"=""25.17804""","=""46.46987""","=""2p3""","=""2D*""","=""5/2""","=""2s.2p.(3P*).4p""","=""2P""","=""3/2""",6,4,,"=""T7192LS""","=""""",
"=""""","=""58.2357""","=""""","=""3.03e+06""",C,"=""25.17981""","=""46.46987""","=""2p3""","=""2D*""","=""3/2""","=""2s.2p.(3P*).4p""","=""2P""","=""3/2""",4,4,,"=""T7192LS""","=""""",
"=""""","=""58.2555""","=""""","=""3.02e+07""",C+,"=""25.17981""","=""46.46263""","=""2p3""","=""2D*""","=""3/2""","=""2s.2p.(3P*).4p""","=""2P""","=""1/2""",4,2,,"=""T7192LS""","=""""",
"=""""","=""60.1467""","=""""","=""5.05e+08""",B,"=""16.24246""","=""36.85609""","=""2s.2p2""","=""2S""","=""1/2""","=""2s.2p.(3P*).3s""","=""2P*""","=""3/2""",2,4,,"=""T7192LS""","=""""",
"=""""","=""60.1877""","=""""","=""5.04e+08""",B,"=""16.24246""","=""36.84205""","=""2s.2p2""","=""2S""","=""1/2""","=""2s.2p.(3P*).3s""","=""2P*""","=""1/2""",2,2,,"=""T7192LS""","=""""",
"=""""","=""60.2993""","=""""","=""3.21e+06""",C,"=""18.08628""","=""38.64776""","=""2s.2p2""","=""2P""","=""1/2""","=""2s2.4p""","=""2P*""","=""3/2""",2,4,,"=""T7192LS""","=""""",
"=""""","=""60.3083""","=""""","=""1.28e+07""",C,"=""18.08628""","=""38.64467""","=""2s.2p2""","=""2P""","=""1/2""","=""2s2.4p""","=""2P*""","=""1/2""",2,2,,"=""T7192LS""","=""""",
"=""""","=""60.3393""","=""""","=""1.60e+07""",C+,"=""18.09993""","=""38.64776""","=""2s.2p2""","=""2P""","=""3/2""","=""2s2.4p""","=""2P*""","=""3/2""",4,4,,"=""T7192LS""","=""""",
"=""""","=""60.3484""","=""""","=""6.40e+06""",C,"=""18.09993""","=""38.64467""","=""2s.2p2""","=""2P""","=""3/2""","=""2s2.4p""","=""2P*""","=""1/2""",4,2,,"=""T7192LS""","=""""",
"=""""","=""66.0551""","=""""","=""2.24e+07""",B,"=""18.08628""","=""36.85609""","=""2s.2p2""","=""2P""","=""1/2""","=""2s.2p.(3P*).3s""","=""2P*""","=""3/2""",2,4,,"=""T7192LS""","=""""",
"=""""","=""66.1032""","=""""","=""1.12e+08""",B,"=""18.09993""","=""36.85609""","=""2s.2p2""","=""2P""","=""3/2""","=""2s.2p.(3P*).3s""","=""2P*""","=""3/2""",4,4,,"=""T7192LS""","=""""",
"=""""","=""66.1046""","=""""","=""8.95e+07""",B,"=""18.08628""","=""36.84205""","=""2s.2p2""","=""2P""","=""1/2""","=""2s.2p.(3P*).3s""","=""2P*""","=""1/2""",2,2,,"=""T7192LS""","=""""",
"=""""","=""66.1527""","=""""","=""4.47e+07""",B,"=""18.09993""","=""36.84205""","=""2s.2p2""","=""2P""","=""3/2""","=""2s.2p.(3P*).3s""","=""2P*""","=""1/2""",4,2,,"=""T7192LS""","=""""",
"=""""","=""67.9316""","=""""","=""4.10e+07""",B,"=""28.56649""","=""46.81783""","=""2p3""","=""2P*""","=""1/2""","=""2s.2p.(1P*).3p""","=""2P""","=""3/2""",2,4,,"=""T7192LS""","=""""",
"=""""","=""67.9335""","=""""","=""2.05e+08""",B,"=""28.56703""","=""46.81783""","=""2p3""","=""2P*""","=""3/2""","=""2s.2p.(1P*).3p""","=""2P""","=""3/2""",4,4,,"=""T7192LS""","=""""",
"=""""","=""67.9470""","=""""","=""1.64e+08""",B,"=""28.56649""","=""46.81369""","=""2p3""","=""2P*""","=""1/2""","=""2s.2p.(1P*).3p""","=""2P""","=""1/2""",2,2,,"=""T7192LS""","=""""",
"=""""","=""67.9490""","=""""","=""8.20e+07""",B,"=""28.56703""","=""46.81369""","=""2p3""","=""2P*""","=""3/2""","=""2s.2p.(1P*).3p""","=""2P""","=""1/2""",4,2,,"=""T7192LS""","=""""",
"=""68.4996""","=""68.4998""","=""500""","=""9.63e+08""",B,"=""0.00000""","=""18.09993""","=""2s2.2p""","=""2P*""","=""1/2""","=""2s.2p2""","=""2P""","=""3/2""",2,4,,"=""T6335n""","=""L3513""",
"=""""","=""68.5393""","=""""","=""7.68e+01""",D,"=""7.09030""","=""25.17981""","=""2s.2p2""","=""4P""","=""1/2""","=""2p3""","=""2D*""","=""3/2""",2,4,,"=""T6335""","=""""",
"=""68.5513""","=""68.5515""","=""570""","=""3.83e+09""",B,"=""0.00000""","=""18.08628""","=""2s2.2p""","=""2P*""","=""1/2""","=""2s.2p2""","=""2P""","=""1/2""",2,2,,"=""T6335n""","=""L3513""",
"=""""","=""68.5673""","=""""","=""3.22e+03""",D,"=""7.09770""","=""25.17981""","=""2s.2p2""","=""4P""","=""3/2""","=""2p3""","=""2D*""","=""3/2""",4,4,,"=""T6335""","=""""",
"=""""","=""68.5740""","=""""","=""2.19e+02""",D,"=""7.09770""","=""25.17804""","=""2s.2p2""","=""4P""","=""3/2""","=""2p3""","=""2D*""","=""5/2""",4,6,,"=""T6335""","=""""",
"=""68.5816""","=""68.5817""","=""650""","=""4.54e+09""",B,"=""0.02162""","=""18.09993""","=""2s2.2p""","=""2P*""","=""3/2""","=""2s.2p2""","=""2P""","=""3/2""",4,4,,"=""T6335n""","=""L3513""",
"=""""","=""68.6055""","=""""","=""4.63e+02""",D,"=""7.10775""","=""25.17981""","=""2s.2p2""","=""4P""","=""5/2""","=""2p3""","=""2D*""","=""3/2""",6,4,,"=""T6335""","=""""",
"=""""","=""68.6122""","=""""","=""1.06e+04""",D,"=""7.10775""","=""25.17804""","=""2s.2p2""","=""4P""","=""5/2""","=""2p3""","=""2D*""","=""5/2""",6,6,,"=""T6335""","=""""",
"=""68.6335""","=""68.6336""","=""500""","=""1.95e+09""",B,"=""0.02162""","=""18.08628""","=""2s2.2p""","=""2P*""","=""3/2""","=""2s.2p2""","=""2P""","=""1/2""",4,2,,"=""T6335n""","=""L3513""",
"=""""","=""69.1193""","=""""","=""9.22e+07""",B,"=""12.52537""","=""30.46308""","=""2s.2p2""","=""2D""","=""5/2""","=""2s2.3p""","=""2P*""","=""3/2""",6,4,,"=""T6335n""","=""""",
"=""""","=""69.1225""","=""""","=""1.02e+07""",C+,"=""12.52620""","=""30.46308""","=""2s.2p2""","=""2D""","=""3/2""","=""2s2.3p""","=""2P*""","=""3/2""",4,4,,"=""T6335n""","=""""",
"=""""","=""69.1397""","=""""","=""1.02e+08""",B,"=""12.52620""","=""30.45863""","=""2s.2p2""","=""2D""","=""3/2""","=""2s2.3p""","=""2P*""","=""1/2""",4,2,,"=""T6335n""","=""""",
"=""""","=""75.7886""","=""""","=""3.57e+08""",B,"=""30.45863""","=""46.81783""","=""2s2.3p""","=""2P*""","=""1/2""","=""2s.2p.(1P*).3p""","=""2P""","=""3/2""",2,4,,"=""T7192LS""","=""""",
"=""""","=""75.8078""","=""""","=""1.43e+09""",B,"=""30.45863""","=""46.81369""","=""2s2.3p""","=""2P*""","=""1/2""","=""2s.2p.(1P*).3p""","=""2P""","=""1/2""",2,2,,"=""T7192LS""","=""""",
"=""""","=""75.8093""","=""""","=""1.78e+09""",B,"=""30.46308""","=""46.81783""","=""2s2.3p""","=""2P*""","=""3/2""","=""2s.2p.(1P*).3p""","=""2P""","=""3/2""",4,4,,"=""T7192LS""","=""""",
"=""""","=""75.8177""","=""""","=""1.59e+09""",B,"=""38.32738""","=""54.68033""","=""2s.2p.(3P*).3p""","=""2P""","=""1/2""","=""2p2.(3P).3p""","=""2S*""","=""1/2""",2,2,,"=""T7192LS""","=""""",
"=""""","=""75.8285""","=""""","=""7.13e+08""",B,"=""30.46308""","=""46.81369""","=""2s2.3p""","=""2P*""","=""3/2""","=""2s.2p.(1P*).3p""","=""2P""","=""1/2""",4,2,,"=""T7192LS""","=""""",
"=""""","=""75.8487""","=""""","=""3.17e+09""",B,"=""38.33408""","=""54.68033""","=""2s.2p.(3P*).3p""","=""2P""","=""3/2""","=""2p2.(3P).3p""","=""2S*""","=""1/2""",4,2,,"=""T7192LS""","=""""",
"=""76.3336""","=""76.3334""","=""500""","=""9.58e+08""",B,"=""0.00000""","=""16.24246""","=""2s2.2p""","=""2P*""","=""1/2""","=""2s.2p2""","=""2S""","=""1/2""",2,2,,"=""T6335n""","=""L3513""",
"=""76.4359""","=""76.4351""","=""570""","=""1.85e+09""",B,"=""0.02162""","=""16.24246""","=""2s2.2p""","=""2P*""","=""3/2""","=""2s.2p2""","=""2S""","=""1/2""",4,2,,"=""T6335n""","=""L3513""",
"=""77.1544""","=""77.1545""","=""250""","=""8.19e+08""",B,"=""7.09030""","=""23.15989""","=""2s.2p2""","=""4P""","=""1/2""","=""2p3""","=""4S*""","=""3/2""",2,4,,"=""T6335n""","=""L3513""",
"=""77.1901""","=""77.1901""","=""300""","=""1.64e+09""",B,"=""7.09770""","=""23.15989""","=""2s.2p2""","=""4P""","=""3/2""","=""2p3""","=""4S*""","=""3/2""",4,4,,"=""T6335n""","=""L3513""",
"=""77.2385""","=""77.2384""","=""350""","=""2.45e+09""",B,"=""7.10775""","=""23.15989""","=""2s.2p2""","=""4P""","=""5/2""","=""2p3""","=""4S*""","=""3/2""",6,4,,"=""T6335n""","=""L3513""",
"=""77.2891""","=""77.2889""","=""200""","=""2.09e+09""",B,"=""12.52537""","=""28.56703""","=""2s.2p2""","=""2D""","=""5/2""","=""2p3""","=""2P*""","=""3/2""",6,4,,"=""T6335n""","=""L3513""",
"=""""","=""77.2929""","=""""","=""2.36e+08""",B,"=""12.52620""","=""28.56703""","=""2s.2p2""","=""2D""","=""3/2""","=""2p3""","=""2P*""","=""3/2""",4,4,,"=""T6335n""","=""""",
"=""""","=""77.2955""","=""""","=""2.34e+09""",B,"=""12.52620""","=""28.56649""","=""2s.2p2""","=""2D""","=""3/2""","=""2p3""","=""2P*""","=""1/2""",4,2,,"=""T6335n""","=""""",
"=""77.2975""","=""""","=""150""","=""""",,"=""""","=""""","=""""","=""""","=""""","=""""","=""""","=""""",1,1,,"=""""","=""L3513""",
"=""""","=""77.3118""","=""""","=""1.42e+08""",B,"=""33.13334""","=""49.17025""","=""2s2.3d""","=""2D""","=""3/2""","=""2s.2p.(1P*).3d""","=""2D*""","=""5/2""",4,6,,"=""T7192LS""","=""""",
"=""""","=""77.3151""","=""""","=""1.99e+09""",B,"=""33.13403""","=""49.17025""","=""2s2.3d""","=""2D""","=""5/2""","=""2s.2p.(1P*).3d""","=""2D*""","=""5/2""",6,6,,"=""T7192LS""","=""""",
"=""""","=""77.3177""","=""""","=""1.92e+09""",B,"=""33.13334""","=""49.16902""","=""2s2.3d""","=""2D""","=""3/2""","=""2s.2p.(1P*).3d""","=""2D*""","=""3/2""",4,4,,"=""T7192LS""","=""""",
"=""""","=""77.3210""","=""""","=""2.13e+08""",B,"=""33.13403""","=""49.16902""","=""2s2.3d""","=""2D""","=""5/2""","=""2s.2p.(1P*).3d""","=""2D*""","=""3/2""",6,4,,"=""T7192LS""","=""""",
"=""""","=""77.4357""","=""""","=""5.36e+07""",B,"=""30.45863""","=""46.46987""","=""2s2.3p""","=""2P*""","=""1/2""","=""2s.2p.(3P*).4p""","=""2P""","=""3/2""",2,4,,"=""T7192LS""","=""""",
"=""""","=""77.4572""","=""""","=""2.68e+08""",B,"=""30.46308""","=""46.46987""","=""2s2.3p""","=""2P*""","=""3/2""","=""2s.2p.(3P*).4p""","=""2P""","=""3/2""",4,4,,"=""T7192LS""","=""""",
"=""""","=""77.4707""","=""""","=""2.14e+08""",B,"=""30.45863""","=""46.46263""","=""2s2.3p""","=""2P*""","=""1/2""","=""2s.2p.(3P*).4p""","=""2P""","=""1/2""",2,2,,"=""T7192LS""","=""""",
"=""""","=""77.4923""","=""""","=""1.07e+08""",B,"=""30.46308""","=""46.46263""","=""2s2.3p""","=""2P*""","=""3/2""","=""2s.2p.(3P*).4p""","=""2P""","=""1/2""",4,2,,"=""T7192LS""","=""""",
"=""""","=""80.2278""","=""""","=""6.00e+06""",C+,"=""38.39248""","=""53.84649""","=""2s.2p.(3P*).3p""","=""4D""","=""1/2""","=""2s.2p.(3P*).8d""","=""4D*""","=""1/2""",2,2,,"=""T7192LS""","=""""",
"=""""","=""80.2278""","=""""","=""3.00e+06""",C+,"=""38.39248""","=""53.84649""","=""2s.2p.(3P*).3p""","=""4D""","=""1/2""","=""2s.2p.(3P*).8d""","=""4D*""","=""3/2""",2,4,,"=""T7192LS""","=""""",
"=""""","=""80.2508""","=""""","=""4.80e+06""",C+,"=""38.39689""","=""53.84649""","=""2s.2p.(3P*).3p""","=""4D""","=""3/2""","=""2s.2p.(3P*).8d""","=""4D*""","=""3/2""",4,4,,"=""T7192LS""","=""""",
"=""""","=""80.2508""","=""""","=""6.00e+06""",C+,"=""38.39689""","=""53.84649""","=""2s.2p.(3P*).3p""","=""4D""","=""3/2""","=""2s.2p.(3P*).8d""","=""4D*""","=""1/2""",4,2,,"=""T7192LS""","=""""",
"=""""","=""80.2508""","=""""","=""2.80e+06""",C+,"=""38.39689""","=""53.84649""","=""2s.2p.(3P*).3p""","=""4D""","=""3/2""","=""2s.2p.(3P*).8d""","=""4D*""","=""5/2""",4,6,,"=""T7192LS""","=""""",
"=""""","=""80.2905""","=""""","=""6.87e+06""",B,"=""38.40454""","=""53.84649""","=""2s.2p.(3P*).3p""","=""4D""","=""5/2""","=""2s.2p.(3P*).8d""","=""4D*""","=""5/2""",6,6,,"=""T7192LS""","=""""",
"=""""","=""80.2905""","=""""","=""4.19e+06""",C+,"=""38.40454""","=""53.84649""","=""2s.2p.(3P*).3p""","=""4D""","=""5/2""","=""2s.2p.(3P*).8d""","=""4D*""","=""3/2""",6,4,,"=""T7192LS""","=""""",
"=""""","=""80.2905""","=""""","=""1.71e+06""",C+,"=""38.40454""","=""53.84649""","=""2s.2p.(3P*).3p""","=""4D""","=""5/2""","=""2s.2p.(3P*).8d""","=""4D*""","=""7/2""",6,8,,"=""T7192LS""","=""""",
"=""""","=""80.3527""","=""""","=""1.02e+07""",B,"=""38.41648""","=""53.84649""","=""2s.2p.(3P*).3p""","=""4D""","=""7/2""","=""2s.2p.(3P*).8d""","=""4D*""","=""7/2""",8,8,,"=""T7192LS""","=""""",
"=""""","=""80.3527""","=""""","=""2.27e+06""",C+,"=""38.41648""","=""53.84649""","=""2s.2p.(3P*).3p""","=""4D""","=""7/2""","=""2s.2p.(3P*).8d""","=""4D*""","=""5/2""",8,6,,"=""T7192LS""","=""""",
"=""""","=""81.2828""","=""""","=""1.14e+07""",B,"=""36.84205""","=""52.09548""","=""2s.2p.(3P*).3s""","=""2P*""","=""1/2""","=""2s.2p.(3P*).6p""","=""2P""","=""3/2""",2,4,,"=""T7192LS""","=""""",
"=""""","=""81.3306""","=""""","=""4.54e+07""",B,"=""36.84205""","=""52.08652""","=""2s.2p.(3P*).3s""","=""2P*""","=""1/2""","=""2s.2p.(3P*).6p""","=""2P""","=""1/2""",2,2,,"=""T7192LS""","=""""",
"=""""","=""81.3577""","=""""","=""5.67e+07""",B,"=""36.85609""","=""52.09548""","=""2s.2p.(3P*).3s""","=""2P*""","=""3/2""","=""2s.2p.(3P*).6p""","=""2P""","=""3/2""",4,4,,"=""T7192LS""","=""""",
"=""""","=""81.4056""","=""""","=""2.26e+07""",B,"=""36.85609""","=""52.08652""","=""2s.2p.(3P*).3s""","=""2P*""","=""3/2""","=""2s.2p.(3P*).6p""","=""2P""","=""1/2""",4,2,,"=""T7192LS""","=""""",
"=""""","=""82.2062""","=""""","=""2.94e+06""",C+,"=""38.64467""","=""53.72677""","=""2s2.4p""","=""2P*""","=""1/2""","=""2s.2p.(3P*).8p""","=""2P""","=""3/2""",2,4,,"=""T7192LS""","=""""",
"=""""","=""82.2230""","=""""","=""1.47e+07""",B,"=""38.64776""","=""53.72677""","=""2s2.4p""","=""2P*""","=""3/2""","=""2s.2p.(3P*).8p""","=""2P""","=""3/2""",4,4,,"=""T7192LS""","=""""",
"=""""","=""82.2329""","=""""","=""1.17e+07""",C+,"=""38.64467""","=""53.72188""","=""2s2.4p""","=""2P*""","=""1/2""","=""2s.2p.(3P*).8p""","=""2P""","=""1/2""",2,2,,"=""T7192LS""","=""""",
"=""""","=""82.2497""","=""""","=""5.87e+06""",C+,"=""38.64776""","=""53.72188""","=""2s2.4p""","=""2P*""","=""3/2""","=""2s.2p.(3P*).8p""","=""2P""","=""1/2""",4,2,,"=""T7192LS""","=""""",
"=""""","=""82.3314""","=""""","=""2.38e+07""",B,"=""27.43798""","=""42.49713""","=""2s2.3s""","=""2S""","=""1/2""","=""2s.2p.(3P*).3d""","=""2P*""","=""1/2""",2,2,,"=""T7192LS""","=""""",
"=""""","=""82.3796""","=""""","=""2.38e+07""",B,"=""27.43798""","=""42.48833""","=""2s2.3s""","=""2S""","=""1/2""","=""2s.2p.(3P*).3d""","=""2P*""","=""3/2""",2,4,,"=""T7192LS""","=""""",
"=""""","=""82.4575""","=""""","=""6.30e+07""",B,"=""30.45863""","=""45.4948""","=""2s2.3p""","=""2P*""","=""1/2""","=""2s2.8d""","=""2D""","=""3/2""",2,4,,"=""T7192LS""","=""""",
"=""""","=""82.4819""","=""""","=""7.55e+07""",B,"=""30.46308""","=""45.4948""","=""2s2.3p""","=""2P*""","=""3/2""","=""2s2.8d""","=""2D""","=""5/2""",4,6,,"=""T7192LS""","=""""",
"=""""","=""82.4819""","=""""","=""1.26e+07""",B,"=""30.46308""","=""45.4948""","=""2s2.3p""","=""2P*""","=""3/2""","=""2s2.8d""","=""2D""","=""3/2""",4,4,,"=""T7192LS""","=""""",
"=""""","=""83.4515""","=""""","=""3.17e+06""",C,"=""38.39248""","=""53.24951""","=""2s.2p.(3P*).3p""","=""4D""","=""1/2""","=""2s.2p.(3P*).7d""","=""4P*""","=""1/2""",2,2,,"=""T7192LS""","=""""",
"=""""","=""83.4515""","=""""","=""3.17e+05""",D,"=""38.39248""","=""53.24951""","=""2s.2p.(3P*).3p""","=""4D""","=""1/2""","=""2s.2p.(3P*).7d""","=""4P*""","=""3/2""",2,4,,"=""T7192LS""","=""""",
"=""""","=""83.4763""","=""""","=""3.16e+06""",C,"=""38.39689""","=""53.24951""","=""2s.2p.(3P*).3p""","=""4D""","=""3/2""","=""2s.2p.(3P*).7d""","=""4P*""","=""1/2""",4,2,,"=""T7192LS""","=""""",
"=""""","=""83.4763""","=""""","=""2.02e+06""",C,"=""38.39689""","=""53.24951""","=""2s.2p.(3P*).3p""","=""4D""","=""3/2""","=""2s.2p.(3P*).7d""","=""4P*""","=""3/2""",4,4,,"=""T7192LS""","=""""",
"=""""","=""83.4763""","=""""","=""1.27e+05""",D,"=""38.39689""","=""53.24951""","=""2s.2p.(3P*).3p""","=""4D""","=""3/2""","=""2s.2p.(3P*).7d""","=""4P*""","=""5/2""",4,6,,"=""T7192LS""","=""""",
"=""""","=""83.5026""","=""""","=""5.82e+06""",C+,"=""38.39248""","=""53.24041""","=""2s.2p.(3P*).3p""","=""4D""","=""1/2""","=""2s.2p.(3P*).7d""","=""4D*""","=""1/2""",2,2,,"=""T7192LS""","=""""",
"=""""","=""83.5026""","=""""","=""2.91e+06""",C+,"=""38.39248""","=""53.24041""","=""2s.2p.(3P*).3p""","=""4D""","=""1/2""","=""2s.2p.(3P*).7d""","=""4D*""","=""3/2""",2,4,,"=""T7192LS""","=""""",
"=""""","=""83.5193""","=""""","=""3.98e+06""",C+,"=""38.40454""","=""53.24951""","=""2s.2p.(3P*).3p""","=""4D""","=""5/2""","=""2s.2p.(3P*).7d""","=""4P*""","=""3/2""",6,4,,"=""T7192LS""","=""""",
"=""""","=""83.5193""","=""""","=""1.14e+06""",C,"=""38.40454""","=""53.24951""","=""2s.2p.(3P*).3p""","=""4D""","=""5/2""","=""2s.2p.(3P*).7d""","=""4P*""","=""5/2""",6,6,,"=""T7192LS""","=""""",
"=""""","=""83.5275""","=""""","=""4.65e+06""",C+,"=""38.39689""","=""53.24041""","=""2s.2p.(3P*).3p""","=""4D""","=""3/2""","=""2s.2p.(3P*).7d""","=""4D*""","=""3/2""",4,4,,"=""T7192LS""","=""""",
"=""""","=""83.5275""","=""""","=""5.81e+06""",C+,"=""38.39689""","=""53.24041""","=""2s.2p.(3P*).3p""","=""4D""","=""3/2""","=""2s.2p.(3P*).7d""","=""4D*""","=""1/2""",4,2,,"=""T7192LS""","=""""",
"=""""","=""83.5275""","=""""","=""2.71e+06""",C+,"=""38.39689""","=""53.24041""","=""2s.2p.(3P*).3p""","=""4D""","=""3/2""","=""2s.2p.(3P*).7d""","=""4D*""","=""5/2""",4,6,,"=""T7192LS""","=""""",
"=""""","=""83.5705""","=""""","=""6.66e+06""",B,"=""38.40454""","=""53.24041""","=""2s.2p.(3P*).3p""","=""4D""","=""5/2""","=""2s.2p.(3P*).7d""","=""4D*""","=""5/2""",6,6,,"=""T7192LS""","=""""",
"=""""","=""83.5705""","=""""","=""4.06e+06""",C+,"=""38.40454""","=""53.24041""","=""2s.2p.(3P*).3p""","=""4D""","=""5/2""","=""2s.2p.(3P*).7d""","=""4D*""","=""3/2""",6,4,,"=""T7192LS""","=""""",
"=""""","=""83.5705""","=""""","=""1.65e+06""",C+,"=""38.40454""","=""53.24041""","=""2s.2p.(3P*).3p""","=""4D""","=""5/2""","=""2s.2p.(3P*).7d""","=""4D*""","=""7/2""",6,8,,"=""T7192LS""","=""""",
"=""""","=""83.5865""","=""""","=""5.04e+06""",C+,"=""38.41648""","=""53.24951""","=""2s.2p.(3P*).3p""","=""4D""","=""7/2""","=""2s.2p.(3P*).7d""","=""4P*""","=""5/2""",8,6,,"=""T7192LS""","=""""",
"=""""","=""83.6378""","=""""","=""9.93e+06""",B,"=""38.41648""","=""53.24041""","=""2s.2p.(3P*).3p""","=""4D""","=""7/2""","=""2s.2p.(3P*).7d""","=""4D*""","=""7/2""",8,8,,"=""T7192LS""","=""""",
"=""""","=""83.6378""","=""""","=""2.20e+06""",C+,"=""38.41648""","=""53.24041""","=""2s.2p.(3P*).3p""","=""4D""","=""7/2""","=""2s.2p.(3P*).7d""","=""4D*""","=""5/2""",8,6,,"=""T7192LS""","=""""",
"=""""","=""83.8021""","=""""","=""3.88e+07""",B,"=""30.45863""","=""45.25351""","=""2s2.3p""","=""2P*""","=""1/2""","=""2s2.8s""","=""2S""","=""1/2""",2,2,,"=""T7192LS""","=""""",
"=""""","=""83.8273""","=""""","=""7.76e+07""",B,"=""30.46308""","=""45.25351""","=""2s2.3p""","=""2P*""","=""3/2""","=""2s2.8s""","=""2S""","=""1/2""",4,2,,"=""T7192LS""","=""""",
"=""""","=""84.7514""","=""""","=""4.15e+07""",B,"=""25.17804""","=""39.80721""","=""2p3""","=""2D*""","=""5/2""","=""2s.2p.(3P*).3p""","=""2D""","=""5/2""",6,6,,"=""T7192LS""","=""""",
"=""""","=""84.7616""","=""""","=""2.96e+06""",C+,"=""25.17981""","=""39.80721""","=""2p3""","=""2D*""","=""3/2""","=""2s.2p.(3P*).3p""","=""2D""","=""5/2""",4,6,,"=""T7192LS""","=""""",
"=""""","=""84.8151""","=""""","=""4.44e+06""",C+,"=""25.17804""","=""39.79622""","=""2p3""","=""2D*""","=""5/2""","=""2s.2p.(3P*).3p""","=""2D""","=""3/2""",6,4,,"=""T7192LS""","=""""",
"=""""","=""84.8253""","=""""","=""3.99e+07""",B,"=""25.17981""","=""39.79622""","=""2p3""","=""2D*""","=""3/2""","=""2s.2p.(3P*).3p""","=""2D""","=""3/2""",4,4,,"=""T7192LS""","=""""",
"=""""","=""84.8266""","=""""","=""6.81e+07""",B,"=""33.13334""","=""47.7495""","=""2s2.3d""","=""2D""","=""3/2""","=""2s.2p.(3P*).4d""","=""2D*""","=""3/2""",4,4,,"=""T7192LS""","=""""",
"=""""","=""84.8266""","=""""","=""5.05e+06""",C+,"=""33.13334""","=""47.7495""","=""2s2.3d""","=""2D""","=""3/2""","=""2s.2p.(3P*).4d""","=""2D*""","=""5/2""",4,6,,"=""T7192LS""","=""""",
"=""""","=""84.8306""","=""""","=""7.06e+07""",B,"=""33.13403""","=""47.7495""","=""2s2.3d""","=""2D""","=""5/2""","=""2s.2p.(3P*).4d""","=""2D*""","=""5/2""",6,6,,"=""T7192LS""","=""""",
"=""""","=""84.8306""","=""""","=""7.57e+06""",C+,"=""33.13403""","=""47.7495""","=""2s2.3d""","=""2D""","=""5/2""","=""2s.2p.(3P*).4d""","=""2D*""","=""3/2""",6,4,,"=""T7192LS""","=""""",
"=""""","=""85.4241""","=""""","=""4.62e+06""",C,"=""39.33939""","=""53.85335""","=""2s.2p.(3P*).3p""","=""4P""","=""1/2""","=""2s.2p.(3P*).8d""","=""4P*""","=""1/2""",2,2,,"=""T7192LS""","=""""",
"=""""","=""85.4241""","=""""","=""1.16e+07""",B,"=""39.33939""","=""53.85335""","=""2s.2p.(3P*).3p""","=""4P""","=""1/2""","=""2s.2p.(3P*).8d""","=""4P*""","=""3/2""",2,4,,"=""T7192LS""","=""""",
"=""""","=""85.4552""","=""""","=""3.69e+06""",C+,"=""39.34467""","=""53.85335""","=""2s.2p.(3P*).3p""","=""4P""","=""3/2""","=""2s.2p.(3P*).8d""","=""4P*""","=""3/2""",4,4,,"=""T7192LS""","=""""",
"=""""","=""85.4552""","=""""","=""2.31e+07""",B,"=""39.34467""","=""53.85335""","=""2s.2p.(3P*).3p""","=""4P""","=""3/2""","=""2s.2p.(3P*).8d""","=""4P*""","=""1/2""",4,2,,"=""T7192LS""","=""""",
"=""""","=""85.4552""","=""""","=""8.31e+06""",B,"=""39.34467""","=""53.85335""","=""2s.2p.(3P*).3p""","=""4P""","=""3/2""","=""2s.2p.(3P*).8d""","=""4P*""","=""5/2""",4,6,,"=""T7192LS""","=""""",
"=""""","=""85.4645""","=""""","=""2.16e+07""",B,"=""39.33939""","=""53.84649""","=""2s.2p.(3P*).3p""","=""4P""","=""1/2""","=""2s.2p.(3P*).8d""","=""4D*""","=""3/2""",2,4,,"=""T7192LS""","=""""",
"=""""","=""85.4645""","=""""","=""4.32e+07""",B,"=""39.33939""","=""53.84649""","=""2s.2p.(3P*).3p""","=""4P""","=""1/2""","=""2s.2p.(3P*).8d""","=""4D*""","=""1/2""",2,2,,"=""T7192LS""","=""""",
"=""""","=""85.4957""","=""""","=""3.63e+07""",B,"=""39.34467""","=""53.84649""","=""2s.2p.(3P*).3p""","=""4P""","=""3/2""","=""2s.2p.(3P*).8d""","=""4D*""","=""5/2""",4,6,,"=""T7192LS""","=""""",
"=""""","=""85.4957""","=""""","=""2.76e+07""",B,"=""39.34467""","=""53.84649""","=""2s.2p.(3P*).3p""","=""4P""","=""3/2""","=""2s.2p.(3P*).8d""","=""4D*""","=""3/2""",4,4,,"=""T7192LS""","=""""",
"=""""","=""85.4957""","=""""","=""8.64e+06""",C+,"=""39.34467""","=""53.84649""","=""2s.2p.(3P*).3p""","=""4P""","=""3/2""","=""2s.2p.(3P*).8d""","=""4D*""","=""1/2""",4,2,,"=""T7192LS""","=""""",
"=""""","=""85.4983""","=""""","=""1.94e+07""",B,"=""39.35199""","=""53.85335""","=""2s.2p.(3P*).3p""","=""4P""","=""5/2""","=""2s.2p.(3P*).8d""","=""4P*""","=""5/2""",6,6,,"=""T7192LS""","=""""",
"=""""","=""85.4983""","=""""","=""1.24e+07""",B,"=""39.35199""","=""53.85335""","=""2s.2p.(3P*).3p""","=""4P""","=""5/2""","=""2s.2p.(3P*).8d""","=""4P*""","=""3/2""",6,4,,"=""T7192LS""","=""""",
"=""""","=""85.5388""","=""""","=""5.18e+07""",B,"=""39.35199""","=""53.84649""","=""2s.2p.(3P*).3p""","=""4P""","=""5/2""","=""2s.2p.(3P*).8d""","=""4D*""","=""7/2""",6,8,,"=""T7192LS""","=""""",
"=""""","=""85.5388""","=""""","=""1.55e+07""",B,"=""39.35199""","=""53.84649""","=""2s.2p.(3P*).3p""","=""4P""","=""5/2""","=""2s.2p.(3P*).8d""","=""4D*""","=""5/2""",6,6,,"=""T7192LS""","=""""",
"=""""","=""85.5388""","=""""","=""2.59e+06""",C+,"=""39.35199""","=""53.84649""","=""2s.2p.(3P*).3p""","=""4P""","=""5/2""","=""2s.2p.(3P*).8d""","=""4D*""","=""3/2""",6,4,,"=""T7192LS""","=""""",
"=""""","=""85.5726""","=""""","=""1.55e+08""",B,"=""27.43798""","=""41.92676""","=""2s2.3s""","=""2S""","=""1/2""","=""2s2.5p""","=""2P*""","=""3/2""",2,4,,"=""T7192LS""","=""""",
"=""""","=""85.5786""","=""""","=""1.55e+08""",B,"=""27.43798""","=""41.92574""","=""2s2.3s""","=""2S""","=""1/2""","=""2s2.5p""","=""2P*""","=""1/2""",2,2,,"=""T7192LS""","=""""",
"=""""","=""85.9102""","=""""","=""9.07e+07""",B,"=""30.45863""","=""44.8905""","=""2s2.3p""","=""2P*""","=""1/2""","=""2s2.7d""","=""2D""","=""3/2""",2,4,,"=""T7192LS""","=""""",
"=""""","=""85.9177""","=""""","=""2.14e+06""",C,"=""38.64467""","=""53.07525""","=""2s2.4p""","=""2P*""","=""1/2""","=""2s.2p.(3P*).7p""","=""2P""","=""3/2""",2,4,,"=""T7192LS""","=""""",
"=""""","=""85.9360""","=""""","=""1.07e+07""",B,"=""38.64776""","=""53.07525""","=""2s2.4p""","=""2P*""","=""3/2""","=""2s.2p.(3P*).7p""","=""2P""","=""3/2""",4,4,,"=""T7192LS""","=""""",
"=""""","=""85.9367""","=""""","=""1.09e+08""",B,"=""30.46308""","=""44.8905""","=""2s2.3p""","=""2P*""","=""3/2""","=""2s2.7d""","=""2D""","=""5/2""",4,6,,"=""T7192LS""","=""""",
"=""""","=""85.9367""","=""""","=""1.81e+07""",B,"=""30.46308""","=""44.8905""","=""2s2.3p""","=""2P*""","=""3/2""","=""2s2.7d""","=""2D""","=""3/2""",4,4,,"=""T7192LS""","=""""",
"=""""","=""85.9437""","=""""","=""8.55e+06""",C+,"=""38.64467""","=""53.07088""","=""2s2.4p""","=""2P*""","=""1/2""","=""2s.2p.(3P*).7p""","=""2P""","=""1/2""",2,2,,"=""T7192LS""","=""""",
"=""""","=""85.9621""","=""""","=""4.27e+06""",C,"=""38.64776""","=""53.07088""","=""2s2.4p""","=""2P*""","=""3/2""","=""2s.2p.(3P*).7p""","=""2P""","=""1/2""",4,2,,"=""T7192LS""","=""""",
"=""""","=""87.1802""","=""""","=""4.99e+06""",C+,"=""25.17804""","=""39.39964""","=""2p3""","=""2D*""","=""5/2""","=""2s2.4d""","=""2D""","=""5/2""",6,6,,"=""T7192LS""","=""""",
"=""""","=""87.1862""","=""""","=""3.84e+07""",B,"=""16.24246""","=""30.46308""","=""2s.2p2""","=""2S""","=""1/2""","=""2s2.3p""","=""2P*""","=""3/2""",2,4,,"=""T6335n""","=""""",
"=""""","=""87.1911""","=""""","=""3.57e+05""",D,"=""25.17981""","=""39.39964""","=""2p3""","=""2D*""","=""3/2""","=""2s2.4d""","=""2D""","=""5/2""",4,6,,"=""T7192LS""","=""""",
"=""""","=""87.2044""","=""""","=""5.35e+05""",D,"=""25.17804""","=""39.39569""","=""2p3""","=""2D*""","=""5/2""","=""2s2.4d""","=""2D""","=""3/2""",6,4,,"=""T7192LS""","=""""",
"=""""","=""87.2135""","=""""","=""3.85e+07""",B,"=""16.24246""","=""30.45863""","=""2s.2p2""","=""2S""","=""1/2""","=""2s2.3p""","=""2P*""","=""1/2""",2,2,,"=""T6335n""","=""""",
"=""""","=""87.2153""","=""""","=""4.81e+06""",C+,"=""25.17981""","=""39.39569""","=""2p3""","=""2D*""","=""3/2""","=""2s2.4d""","=""2D""","=""3/2""",4,4,,"=""T7192LS""","=""""",
"=""""","=""88.1192""","=""""","=""5.13e+07""",B,"=""30.45863""","=""44.52869""","=""2s2.3p""","=""2P*""","=""1/2""","=""2s2.7s""","=""2S""","=""1/2""",2,2,,"=""T7192LS""","=""""",
"=""""","=""88.1470""","=""""","=""1.02e+08""",B,"=""30.46308""","=""44.52869""","=""2s2.3p""","=""2P*""","=""3/2""","=""2s2.7s""","=""2S""","=""1/2""",4,2,,"=""T7192LS""","=""""",
"=""""","=""88.3855""","=""""","=""5.94e+08""",B,"=""35.65680""","=""49.68446""","=""2s.2p.(3P*).3s""","=""4P*""","=""3/2""","=""2p2.(3P).3s""","=""4P""","=""5/2""",4,6,,"=""T7192LS""","=""""",
"=""""","=""88.4146""","=""""","=""8.24e+08""",B,"=""35.64910""","=""49.67215""","=""2s.2p.(3P*).3s""","=""4P*""","=""1/2""","=""2p2.(3P).3s""","=""4P""","=""3/2""",2,4,,"=""T7192LS""","=""""",
"=""""","=""88.4632""","=""""","=""2.63e+08""",B,"=""35.65680""","=""49.67215""","=""2s.2p.(3P*).3s""","=""4P*""","=""3/2""","=""2p2.(3P).3s""","=""4P""","=""3/2""",4,4,,"=""T7192LS""","=""""",
"=""""","=""88.4668""","=""""","=""3.29e+08""",B,"=""35.64910""","=""49.66388""","=""2s.2p.(3P*).3s""","=""4P*""","=""1/2""","=""2p2.(3P).3s""","=""4P""","=""1/2""",2,2,,"=""T7192LS""","=""""",
"=""""","=""88.4758""","=""""","=""1.38e+09""",B,"=""35.67111""","=""49.68446""","=""2s.2p.(3P*).3s""","=""4P*""","=""5/2""","=""2p2.(3P).3s""","=""4P""","=""5/2""",6,6,,"=""T7192LS""","=""""",
"=""""","=""88.5154""","=""""","=""1.64e+09""",B,"=""35.65680""","=""49.66388""","=""2s.2p.(3P*).3s""","=""4P*""","=""3/2""","=""2p2.(3P).3s""","=""4P""","=""1/2""",4,2,,"=""T7192LS""","=""""",
"=""""","=""88.5536""","=""""","=""8.85e+08""",B,"=""35.67111""","=""49.67215""","=""2s.2p.(3P*).3s""","=""4P*""","=""5/2""","=""2p2.(3P).3s""","=""4P""","=""3/2""",6,4,,"=""T7192LS""","=""""",
"=""""","=""88.7057""","=""""","=""3.44e+08""",B,"=""39.33939""","=""53.31642""","=""2s.2p.(3P*).3p""","=""4P""","=""1/2""","=""2p2.(3P).3p""","=""4S*""","=""3/2""",2,4,,"=""T7192LS""","=""""",
"=""""","=""88.7393""","=""""","=""6.88e+08""",B,"=""39.34467""","=""53.31642""","=""2s.2p.(3P*).3p""","=""4P""","=""3/2""","=""2p2.(3P).3p""","=""4S*""","=""3/2""",4,4,,"=""T7192LS""","=""""",
"=""""","=""88.7857""","=""""","=""1.03e+09""",B,"=""39.35199""","=""53.31642""","=""2s.2p.(3P*).3p""","=""4P""","=""5/2""","=""2p2.(3P).3p""","=""4S*""","=""3/2""",6,4,,"=""T7192LS""","=""""",
"=""""","=""89.1324""","=""""","=""6.01e+06""",C,"=""39.33939""","=""53.24951""","=""2s.2p.(3P*).3p""","=""4P""","=""1/2""","=""2s.2p.(3P*).7d""","=""4P*""","=""1/2""",2,2,,"=""T7192LS""","=""""",
"=""""","=""89.1324""","=""""","=""1.50e+07""",B,"=""39.33939""","=""53.24951""","=""2s.2p.(3P*).3p""","=""4P""","=""1/2""","=""2s.2p.(3P*).7d""","=""4P*""","=""3/2""",2,4,,"=""T7192LS""","=""""",
"=""""","=""89.1662""","=""""","=""4.80e+06""",C+,"=""39.34467""","=""53.24951""","=""2s.2p.(3P*).3p""","=""4P""","=""3/2""","=""2s.2p.(3P*).7d""","=""4P*""","=""3/2""",4,4,,"=""T7192LS""","=""""",
"=""""","=""89.1662""","=""""","=""3.00e+07""",B,"=""39.34467""","=""53.24951""","=""2s.2p.(3P*).3p""","=""4P""","=""3/2""","=""2s.2p.(3P*).7d""","=""4P*""","=""1/2""",4,2,,"=""T7192LS""","=""""",
"=""""","=""89.1662""","=""""","=""1.08e+07""",B,"=""39.34467""","=""53.24951""","=""2s.2p.(3P*).3p""","=""4P""","=""3/2""","=""2s.2p.(3P*).7d""","=""4P*""","=""5/2""",4,6,,"=""T7192LS""","=""""",
"=""""","=""89.1758""","=""""","=""1.01e+08""",B,"=""38.39248""","=""52.29582""","=""2s.2p.(3P*).3p""","=""4D""","=""1/2""","=""2s.2p.(3P*).6d""","=""4D*""","=""1/2""",2,2,,"=""T7192LS""","=""""",
"=""""","=""89.1758""","=""""","=""5.07e+07""",B,"=""38.39248""","=""52.29582""","=""2s.2p.(3P*).3p""","=""4D""","=""1/2""","=""2s.2p.(3P*).6d""","=""4D*""","=""3/2""",2,4,,"=""T7192LS""","=""""",
"=""""","=""89.1907""","=""""","=""2.94e+07""",B,"=""39.33939""","=""53.24041""","=""2s.2p.(3P*).3p""","=""4P""","=""1/2""","=""2s.2p.(3P*).7d""","=""4D*""","=""3/2""",2,4,,"=""T7192LS""","=""""",
"=""""","=""89.1907""","=""""","=""5.88e+07""",B,"=""39.33939""","=""53.24041""","=""2s.2p.(3P*).3p""","=""4P""","=""1/2""","=""2s.2p.(3P*).7d""","=""4D*""","=""1/2""",2,2,,"=""T7192LS""","=""""",
"=""""","=""89.2042""","=""""","=""8.10e+07""",B,"=""38.39689""","=""52.29582""","=""2s.2p.(3P*).3p""","=""4D""","=""3/2""","=""2s.2p.(3P*).6d""","=""4D*""","=""3/2""",4,4,,"=""T7192LS""","=""""",
"=""""","=""89.2042""","=""""","=""1.01e+08""",B,"=""38.39689""","=""52.29582""","=""2s.2p.(3P*).3p""","=""4D""","=""3/2""","=""2s.2p.(3P*).6d""","=""4D*""","=""1/2""",4,2,,"=""T7192LS""","=""""",
"=""""","=""89.2042""","=""""","=""4.73e+07""",B,"=""38.39689""","=""52.29582""","=""2s.2p.(3P*).3p""","=""4D""","=""3/2""","=""2s.2p.(3P*).6d""","=""4D*""","=""5/2""",4,6,,"=""T7192LS""","=""""",
"=""""","=""89.2131""","=""""","=""2.52e+07""",B,"=""39.35199""","=""53.24951""","=""2s.2p.(3P*).3p""","=""4P""","=""5/2""","=""2s.2p.(3P*).7d""","=""4P*""","=""5/2""",6,6,,"=""T7192LS""","=""""",
"=""""","=""89.2131""","=""""","=""1.62e+07""",B,"=""39.35199""","=""53.24951""","=""2s.2p.(3P*).3p""","=""4P""","=""5/2""","=""2s.2p.(3P*).7d""","=""4P*""","=""3/2""",6,4,,"=""T7192LS""","=""""",
"=""""","=""89.2246""","=""""","=""4.93e+07""",B,"=""39.34467""","=""53.24041""","=""2s.2p.(3P*).3p""","=""4P""","=""3/2""","=""2s.2p.(3P*).7d""","=""4D*""","=""5/2""",4,6,,"=""T7192LS""","=""""",
"=""""","=""89.2246""","=""""","=""3.76e+07""",B,"=""39.34467""","=""53.24041""","=""2s.2p.(3P*).3p""","=""4P""","=""3/2""","=""2s.2p.(3P*).7d""","=""4D*""","=""3/2""",4,4,,"=""T7192LS""","=""""",
"=""""","=""89.2246""","=""""","=""1.17e+07""",C+,"=""39.34467""","=""53.24041""","=""2s.2p.(3P*).3p""","=""4P""","=""3/2""","=""2s.2p.(3P*).7d""","=""4D*""","=""1/2""",4,2,,"=""T7192LS""","=""""",
"=""""","=""89.2533""","=""""","=""1.16e+08""",B,"=""38.40454""","=""52.29582""","=""2s.2p.(3P*).3p""","=""4D""","=""5/2""","=""2s.2p.(3P*).6d""","=""4D*""","=""5/2""",6,6,,"=""T7192LS""","=""""",
"=""""","=""89.2533""","=""""","=""7.08e+07""",B,"=""38.40454""","=""52.29582""","=""2s.2p.(3P*).3p""","=""4D""","=""5/2""","=""2s.2p.(3P*).6d""","=""4D*""","=""3/2""",6,4,,"=""T7192LS""","=""""",
"=""""","=""89.2533""","=""""","=""2.88e+07""",B,"=""38.40454""","=""52.29582""","=""2s.2p.(3P*).3p""","=""4D""","=""5/2""","=""2s.2p.(3P*).6d""","=""4D*""","=""7/2""",6,8,,"=""T7192LS""","=""""",
"=""""","=""89.2716""","=""""","=""7.03e+07""",B,"=""39.35199""","=""53.24041""","=""2s.2p.(3P*).3p""","=""4P""","=""5/2""","=""2s.2p.(3P*).7d""","=""4D*""","=""7/2""",6,8,,"=""T7192LS""","=""""",
"=""""","=""89.2716""","=""""","=""2.11e+07""",B,"=""39.35199""","=""53.24041""","=""2s.2p.(3P*).3p""","=""4P""","=""5/2""","=""2s.2p.(3P*).7d""","=""4D*""","=""5/2""",6,6,,"=""T7192LS""","=""""",
"=""""","=""89.2716""","=""""","=""3.52e+06""",C+,"=""39.35199""","=""53.24041""","=""2s.2p.(3P*).3p""","=""4P""","=""5/2""","=""2s.2p.(3P*).7d""","=""4D*""","=""3/2""",6,4,,"=""T7192LS""","=""""",
"=""""","=""89.3301""","=""""","=""1.73e+08""",B,"=""38.41648""","=""52.29582""","=""2s.2p.(3P*).3p""","=""4D""","=""7/2""","=""2s.2p.(3P*).6d""","=""4D*""","=""7/2""",8,8,,"=""T7192LS""","=""""",
"=""""","=""89.3301""","=""""","=""3.83e+07""",B,"=""38.41648""","=""52.29582""","=""2s.2p.(3P*).3p""","=""4D""","=""7/2""","=""2s.2p.(3P*).6d""","=""4D*""","=""5/2""",8,6,,"=""T7192LS""","=""""",
"=""""","=""90.8115""","=""""","=""1.82e+08""",B,"=""38.40454""","=""52.05746""","=""2s.2p.(3P*).3p""","=""4D""","=""5/2""","=""2p2.(3P).3p""","=""4D*""","=""7/2""",6,8,,"=""T7192LS""","=""""",
"=""""","=""90.8192""","=""""","=""2.98e+08""",B,"=""38.39689""","=""52.04865""","=""2s.2p.(3P*).3p""","=""4D""","=""3/2""","=""2p2.(3P).3p""","=""4D*""","=""5/2""",4,6,,"=""T7192LS""","=""""",
"=""""","=""90.8419""","=""""","=""3.19e+08""",B,"=""38.39248""","=""52.04083""","=""2s.2p.(3P*).3p""","=""4D""","=""1/2""","=""2p2.(3P).3p""","=""4D*""","=""3/2""",2,4,,"=""T7192LS""","=""""",
"=""""","=""90.8701""","=""""","=""7.32e+08""",B,"=""38.40454""","=""52.04865""","=""2s.2p.(3P*).3p""","=""4D""","=""5/2""","=""2p2.(3P).3p""","=""4D*""","=""5/2""",6,6,,"=""T7192LS""","=""""",
"=""""","=""90.8713""","=""""","=""5.11e+08""",B,"=""38.39689""","=""52.04083""","=""2s.2p.(3P*).3p""","=""4D""","=""3/2""","=""2p2.(3P).3p""","=""4D*""","=""3/2""",4,4,,"=""T7192LS""","=""""",
"=""""","=""90.8727""","=""""","=""6.38e+08""",B,"=""38.39248""","=""52.03621""","=""2s.2p.(3P*).3p""","=""4D""","=""1/2""","=""2p2.(3P).3p""","=""4D*""","=""1/2""",2,2,,"=""T7192LS""","=""""",
"=""""","=""90.8910""","=""""","=""1.09e+09""",B,"=""38.41648""","=""52.05746""","=""2s.2p.(3P*).3p""","=""4D""","=""7/2""","=""2p2.(3P).3p""","=""4D*""","=""7/2""",8,8,,"=""T7192LS""","=""""",
"=""""","=""90.9021""","=""""","=""6.38e+08""",B,"=""38.39689""","=""52.03621""","=""2s.2p.(3P*).3p""","=""4D""","=""3/2""","=""2p2.(3P).3p""","=""4D*""","=""1/2""",4,2,,"=""T7192LS""","=""""",
"=""""","=""90.9222""","=""""","=""4.46e+08""",B,"=""38.40454""","=""52.04083""","=""2s.2p.(3P*).3p""","=""4D""","=""5/2""","=""2p2.(3P).3p""","=""4D*""","=""3/2""",6,4,,"=""T7192LS""","=""""",
"=""""","=""90.9497""","=""""","=""2.42e+08""",B,"=""38.41648""","=""52.04865""","=""2s.2p.(3P*).3p""","=""4D""","=""7/2""","=""2p2.(3P).3p""","=""4D*""","=""5/2""",8,6,,"=""T7192LS""","=""""",
"=""""","=""90.9762""","=""""","=""3.13e+08""",B,"=""47.02722""","=""60.65543""","=""2s.2p.(3P*).4p""","=""4P""","=""1/2""","=""2p2.(3P).4p""","=""4S*""","=""3/2""",2,4,,"=""T7192LS""","=""""",
"=""""","=""91.0132""","=""""","=""6.25e+08""",B,"=""47.03276""","=""60.65543""","=""2s.2p.(3P*).4p""","=""4P""","=""3/2""","=""2p2.(3P).4p""","=""4S*""","=""3/2""",4,4,,"=""T7192LS""","=""""",
"=""""","=""91.0569""","=""""","=""9.36e+08""",B,"=""47.03931""","=""60.65543""","=""2s.2p.(3P*).4p""","=""4P""","=""5/2""","=""2p2.(3P).4p""","=""4S*""","=""3/2""",6,4,,"=""T7192LS""","=""""",
"=""""","=""91.8568""","=""""","=""1.38e+08""",B,"=""30.45863""","=""43.95618""","=""2s2.3p""","=""2P*""","=""1/2""","=""2s2.6d""","=""2D""","=""3/2""",2,4,,"=""T7192LS""","=""""",
"=""""","=""91.8871""","=""""","=""1.65e+08""",B,"=""30.46308""","=""43.95618""","=""2s2.3p""","=""2P*""","=""3/2""","=""2s2.6d""","=""2D""","=""5/2""",4,6,,"=""T7192LS""","=""""",
"=""""","=""91.8871""","=""""","=""2.75e+07""",B,"=""30.46308""","=""43.95618""","=""2s2.3p""","=""2P*""","=""3/2""","=""2s2.6d""","=""2D""","=""3/2""",4,4,,"=""T7192LS""","=""""",
"=""""","=""92.1760""","=""""","=""7.40e+05""",C,"=""38.64467""","=""52.09548""","=""2s2.4p""","=""2P*""","=""1/2""","=""2s.2p.(3P*).6p""","=""2P""","=""3/2""",2,4,,"=""T7192LS""","=""""",
"=""""","=""92.1972""","=""""","=""3.70e+06""",C+,"=""38.64776""","=""52.09548""","=""2s2.4p""","=""2P*""","=""3/2""","=""2s.2p.(3P*).6p""","=""2P""","=""3/2""",4,4,,"=""T7192LS""","=""""",
"=""""","=""92.2375""","=""""","=""2.95e+06""",C,"=""38.64467""","=""52.08652""","=""2s2.4p""","=""2P*""","=""1/2""","=""2s.2p.(3P*).6p""","=""2P""","=""1/2""",2,2,,"=""T7192LS""","=""""",
"=""""","=""92.2587""","=""""","=""1.48e+06""",C,"=""38.64776""","=""52.08652""","=""2s2.4p""","=""2P*""","=""3/2""","=""2s.2p.(3P*).6p""","=""2P""","=""1/2""",4,2,,"=""T7192LS""","=""""",
"=""""","=""92.8937""","=""""","=""1.50e+08""",B,"=""38.95798""","=""52.30487""","=""2s.2p.(3P*).3p""","=""4S""","=""3/2""","=""2s.2p.(3P*).6d""","=""4P*""","=""1/2""",4,2,,"=""T7192LS""","=""""",
"=""""","=""92.9144""","=""""","=""1.50e+08""",B,"=""38.95798""","=""52.30189""","=""2s.2p.(3P*).3p""","=""4S""","=""3/2""","=""2s.2p.(3P*).6d""","=""4P*""","=""3/2""",4,4,,"=""T7192LS""","=""""",
"=""""","=""92.9568""","=""""","=""1.50e+08""",B,"=""38.95798""","=""52.29582""","=""2s.2p.(3P*).3p""","=""4S""","=""3/2""","=""2s.2p.(3P*).6d""","=""4P*""","=""5/2""",4,6,,"=""T7192LS""","=""""",
"=""""","=""94.2413""","=""""","=""1.42e+08""",B,"=""25.17804""","=""38.33408""","=""2p3""","=""2D*""","=""5/2""","=""2s.2p.(3P*).3p""","=""2P""","=""3/2""",6,4,,"=""T7192LS""","=""""",
"=""""","=""94.2540""","=""""","=""1.57e+07""",B,"=""25.17981""","=""38.33408""","=""2p3""","=""2D*""","=""3/2""","=""2s.2p.(3P*).3p""","=""2P""","=""3/2""",4,4,,"=""T7192LS""","=""""",
"=""""","=""94.3020""","=""""","=""1.57e+08""",B,"=""25.17981""","=""38.32738""","=""2p3""","=""2D*""","=""3/2""","=""2s.2p.(3P*).3p""","=""2P""","=""1/2""",4,2,,"=""T7192LS""","=""""",
"=""""","=""94.7379""","=""""","=""1.25e+08""",B,"=""36.84205""","=""49.92913""","=""2s.2p.(3P*).3s""","=""2P*""","=""1/2""","=""2s.2p.(3P*).5p""","=""2P""","=""3/2""",2,4,,"=""T7192LS""","=""""",
"=""""","=""94.8106""","=""""","=""4.98e+08""",B,"=""36.84205""","=""49.91909""","=""2s.2p.(3P*).3s""","=""2P*""","=""1/2""","=""2s.2p.(3P*).5p""","=""2P""","=""1/2""",2,2,,"=""T7192LS""","=""""",
"=""""","=""94.8396""","=""""","=""6.22e+08""",B,"=""36.85609""","=""49.92913""","=""2s.2p.(3P*).3s""","=""2P*""","=""3/2""","=""2s.2p.(3P*).5p""","=""2P""","=""3/2""",4,4,,"=""T7192LS""","=""""",
"=""""","=""94.9125""","=""""","=""2.48e+08""",B,"=""36.85609""","=""49.91909""","=""2s.2p.(3P*).3s""","=""2P*""","=""3/2""","=""2s.2p.(3P*).5p""","=""2P""","=""1/2""",4,2,,"=""T7192LS""","=""""",
"=""""","=""95.6264""","=""""","=""1.81e+07""",B,"=""39.33939""","=""52.30487""","=""2s.2p.(3P*).3p""","=""4P""","=""1/2""","=""2s.2p.(3P*).6d""","=""4P*""","=""1/2""",2,2,,"=""T7192LS""","=""""",
"=""""","=""95.6484""","=""""","=""4.52e+07""",B,"=""39.33939""","=""52.30189""","=""2s.2p.(3P*).3p""","=""4P""","=""1/2""","=""2s.2p.(3P*).6d""","=""4P*""","=""3/2""",2,4,,"=""T7192LS""","=""""",
"=""""","=""95.6654""","=""""","=""9.04e+07""",B,"=""39.34467""","=""52.30487""","=""2s.2p.(3P*).3p""","=""4P""","=""3/2""","=""2s.2p.(3P*).6d""","=""4P*""","=""1/2""",4,2,,"=""T7192LS""","=""""",
"=""""","=""95.6874""","=""""","=""1.44e+07""",B,"=""39.34467""","=""52.30189""","=""2s.2p.(3P*).3p""","=""4P""","=""3/2""","=""2s.2p.(3P*).6d""","=""4P*""","=""3/2""",4,4,,"=""T7192LS""","=""""",
"=""""","=""95.7323""","=""""","=""3.25e+07""",B,"=""39.34467""","=""52.29582""","=""2s.2p.(3P*).3p""","=""4P""","=""3/2""","=""2s.2p.(3P*).6d""","=""4P*""","=""5/2""",4,6,,"=""T7192LS""","=""""",
"=""""","=""95.7414""","=""""","=""4.87e+07""",B,"=""39.35199""","=""52.30189""","=""2s.2p.(3P*).3p""","=""4P""","=""5/2""","=""2s.2p.(3P*).6d""","=""4P*""","=""3/2""",6,4,,"=""T7192LS""","=""""",
"=""""","=""95.7864""","=""""","=""7.56e+07""",B,"=""39.35199""","=""52.29582""","=""2s.2p.(3P*).3p""","=""4P""","=""5/2""","=""2s.2p.(3P*).6d""","=""4P*""","=""5/2""",6,6,,"=""T7192LS""","=""""",
"=""""","=""96.0067""","=""""","=""7.53e+07""",B,"=""30.45863""","=""43.37275""","=""2s2.3p""","=""2P*""","=""1/2""","=""2s2.6s""","=""2S""","=""1/2""",2,2,,"=""T7192LS""","=""""",
"=""""","=""96.0398""","=""""","=""1.50e+08""",B,"=""30.46308""","=""43.37275""","=""2s2.3p""","=""2P*""","=""3/2""","=""2s2.6s""","=""2S""","=""1/2""",4,2,,"=""T7192LS""","=""""",
"=""""","=""96.7982""","=""""","=""1.15e+07""",B,"=""28.56649""","=""41.37501""","=""2p3""","=""2P*""","=""1/2""","=""2s2.5s""","=""2S""","=""1/2""",2,2,,"=""T7192LS""","=""""",
"=""""","=""96.8022""","=""""","=""2.30e+07""",B,"=""28.56703""","=""41.37501""","=""2p3""","=""2P*""","=""3/2""","=""2s2.5s""","=""2S""","=""1/2""",4,2,,"=""T7192LS""","=""""",
"=""""","=""97.5833""","=""""","=""4.97e+08""",B,"=""39.35199""","=""52.05746""","=""2s.2p.(3P*).3p""","=""4P""","=""5/2""","=""2p2.(3P).3p""","=""4D*""","=""7/2""",6,8,,"=""T7192LS""","=""""",
"=""""","=""97.5948""","=""""","=""3.48e+08""",B,"=""39.34467""","=""52.04865""","=""2s.2p.(3P*).3p""","=""4P""","=""3/2""","=""2p2.(3P).3p""","=""4D*""","=""5/2""",4,6,,"=""T7192LS""","=""""",
"=""""","=""97.6143""","=""""","=""2.07e+08""",B,"=""39.33939""","=""52.04083""","=""2s.2p.(3P*).3p""","=""4P""","=""1/2""","=""2p2.(3P).3p""","=""4D*""","=""3/2""",2,4,,"=""T7192LS""","=""""",
"=""""","=""97.6499""","=""""","=""4.13e+08""",B,"=""39.33939""","=""52.03621""","=""2s.2p.(3P*).3p""","=""4P""","=""1/2""","=""2p2.(3P).3p""","=""4D*""","=""1/2""",2,2,,"=""T7192LS""","=""""",
"=""""","=""97.6510""","=""""","=""1.49e+08""",B,"=""39.35199""","=""52.04865""","=""2s.2p.(3P*).3p""","=""4P""","=""5/2""","=""2p2.(3P).3p""","=""4D*""","=""5/2""",6,6,,"=""T7192LS""","=""""",
"=""""","=""97.6549""","=""""","=""2.65e+08""",B,"=""39.34467""","=""52.04083""","=""2s.2p.(3P*).3p""","=""4P""","=""3/2""","=""2p2.(3P).3p""","=""4D*""","=""3/2""",4,4,,"=""T7192LS""","=""""",
"=""""","=""97.6905""","=""""","=""8.26e+07""",B,"=""39.34467""","=""52.03621""","=""2s.2p.(3P*).3p""","=""4P""","=""3/2""","=""2p2.(3P).3p""","=""4D*""","=""1/2""",4,2,,"=""T7192LS""","=""""",
"=""""","=""97.7112""","=""""","=""2.48e+07""",B,"=""39.35199""","=""52.04083""","=""2s.2p.(3P*).3p""","=""4P""","=""5/2""","=""2p2.(3P).3p""","=""4D*""","=""3/2""",6,4,,"=""T7192LS""","=""""",
"=""""","=""97.9768""","=""""","=""1.02e+08""",B,"=""12.52537""","=""25.17981""","=""2s.2p2""","=""2D""","=""5/2""","=""2p3""","=""2D*""","=""3/2""",6,4,,"=""T6335n""","=""""",
"=""97.9842""","=""97.9832""","=""650""","=""8.84e+08""",B,"=""12.52620""","=""25.17981""","=""2s.2p2""","=""2D""","=""3/2""","=""2p3""","=""2D*""","=""3/2""",4,4,,"=""T6335n""","=""L3513""",
"=""97.9919""","=""97.9905""","=""700""","=""9.21e+08""",B,"=""12.52537""","=""25.17804""","=""2s.2p2""","=""2D""","=""5/2""","=""2p3""","=""2D*""","=""5/2""",6,6,,"=""T6335n""","=""L3513""",
"=""""","=""97.9969""","=""""","=""6.66e+07""",B,"=""12.52620""","=""25.17804""","=""2s.2p2""","=""2D""","=""3/2""","=""2p3""","=""2D*""","=""5/2""",4,6,,"=""T6335n""","=""""",
"=""98.9790""","=""98.9799""","=""900""","=""4.18e+08""",B,"=""0.00000""","=""12.52620""","=""2s2.2p""","=""2P*""","=""1/2""","=""2s.2p2""","=""2D""","=""3/2""",2,4,,"=""T6335n""","=""L3513""",
"=""""","=""99.1509""","=""""","=""8.52e+06""",C,"=""35.64910""","=""48.15370""","=""2s.2p.(3P*).3s""","=""4P*""","=""1/2""","=""2s.2p.(3P*).4f""","=""4D""","=""1/2""",2,2,,"=""T7192LS""","=""""",
"=""99.1514""","=""99.1511""","=""700""","=""8.17e+07""",B,"=""0.02162""","=""12.52620""","=""2s2.2p""","=""2P*""","=""3/2""","=""2s.2p2""","=""2D""","=""3/2""",4,4,,"=""T6335n""","=""L3513""",
"=""99.1579""","=""99.1577""","=""1000""","=""4.97e+08""",B,"=""0.02162""","=""12.52537""","=""2s2.2p""","=""2P*""","=""3/2""","=""2s.2p2""","=""2D""","=""5/2""",4,6,,"=""T6335n""","=""L3513""",
"=""""","=""99.1794""","=""""","=""4.26e+06""",C,"=""35.64910""","=""48.15011""","=""2s.2p.(3P*).3s""","=""4P*""","=""1/2""","=""2s.2p.(3P*).4f""","=""4D""","=""3/2""",2,4,,"=""T7192LS""","=""""",
"=""""","=""99.2120""","=""""","=""1.70e+06""",D,"=""35.65680""","=""48.15370""","=""2s.2p.(3P*).3s""","=""4P*""","=""3/2""","=""2s.2p.(3P*).4f""","=""4D""","=""1/2""",4,2,,"=""T7192LS""","=""""",
"=""""","=""99.2405""","=""""","=""5.44e+06""",C,"=""35.65680""","=""48.15011""","=""2s.2p.(3P*).3s""","=""4P*""","=""3/2""","=""2s.2p.(3P*).4f""","=""4D""","=""3/2""",4,4,,"=""T7192LS""","=""""",
"=""""","=""99.2873""","=""""","=""7.13e+06""",C,"=""35.65680""","=""48.14422""","=""2s.2p.(3P*).3s""","=""4P*""","=""3/2""","=""2s.2p.(3P*).4f""","=""4D""","=""5/2""",4,6,,"=""T7192LS""","=""""",
"=""""","=""99.3543""","=""""","=""5.08e+05""",D,"=""35.67111""","=""48.15011""","=""2s.2p.(3P*).3s""","=""4P*""","=""5/2""","=""2s.2p.(3P*).4f""","=""4D""","=""3/2""",6,4,,"=""T7192LS""","=""""",
"=""""","=""99.4012""","=""""","=""3.04e+06""",C,"=""35.67111""","=""48.14422""","=""2s.2p.(3P*).3s""","=""4P*""","=""5/2""","=""2s.2p.(3P*).4f""","=""4D""","=""5/2""",6,6,,"=""T7192LS""","=""""",
"=""""","=""99.4373""","=""""","=""1.01e+07""",C+,"=""35.67111""","=""48.13969""","=""2s.2p.(3P*).3s""","=""4P*""","=""5/2""","=""2s.2p.(3P*).4f""","=""4D""","=""7/2""",6,8,,"=""T7192LS""","=""""",
"=""""","=""100.1703""","=""""","=""8.65e+05""",D,"=""38.39248""","=""50.76982""","=""2s.2p.(3P*).3p""","=""4D""","=""1/2""","=""2s.2p.(3P*).5d""","=""4P*""","=""1/2""",2,2,,"=""T7192LS""","=""""",
"=""""","=""100.1747""","=""""","=""4.85e+05""",C,"=""18.08628""","=""30.46308""","=""2s.2p2""","=""2P""","=""1/2""","=""2s2.3p""","=""2P*""","=""3/2""",2,4,,"=""T6335""","=""""",
"=""""","=""100.2060""","=""""","=""8.64e+05""",D,"=""38.39689""","=""50.76982""","=""2s.2p.(3P*).3p""","=""4D""","=""3/2""","=""2s.2p.(3P*).5d""","=""4P*""","=""1/2""",4,2,,"=""T7192LS""","=""""",
"=""""","=""100.2107""","=""""","=""1.69e+06""",C,"=""18.08628""","=""30.45863""","=""2s.2p2""","=""2P""","=""1/2""","=""2s2.3p""","=""2P*""","=""1/2""",2,2,,"=""T6335""","=""""",
"=""""","=""100.2108""","=""""","=""8.64e+04""",D,"=""38.39248""","=""50.76481""","=""2s.2p.(3P*).3p""","=""4D""","=""1/2""","=""2s.2p.(3P*).5d""","=""4P*""","=""3/2""",2,4,,"=""T7192LS""","=""""",
"=""""","=""100.2466""","=""""","=""5.52e+05""",C,"=""38.39689""","=""50.76481""","=""2s.2p.(3P*).3p""","=""4D""","=""3/2""","=""2s.2p.(3P*).5d""","=""4P*""","=""3/2""",4,4,,"=""T7192LS""","=""""",
"=""""","=""100.2853""","=""""","=""2.22e+06""",C,"=""18.09993""","=""30.46308""","=""2s.2p2""","=""2P""","=""3/2""","=""2s2.3p""","=""2P*""","=""3/2""",4,4,,"=""T6335""","=""""",
"=""""","=""100.3014""","=""""","=""3.45e+04""",D,"=""38.39689""","=""50.75805""","=""2s.2p.(3P*).3p""","=""4D""","=""3/2""","=""2s.2p.(3P*).5d""","=""4P*""","=""5/2""",4,6,,"=""T7192LS""","=""""",
"=""""","=""100.3086""","=""""","=""1.09e+06""",C,"=""38.40454""","=""50.76481""","=""2s.2p.(3P*).3p""","=""4D""","=""5/2""","=""2s.2p.(3P*).5d""","=""4P*""","=""3/2""",6,4,,"=""T7192LS""","=""""",
"=""""","=""100.3214""","=""""","=""9.16e+05""",C,"=""18.09993""","=""30.45863""","=""2s.2p2""","=""2P""","=""3/2""","=""2s2.3p""","=""2P*""","=""1/2""",4,2,,"=""T6335""","=""""",
"=""""","=""100.3635""","=""""","=""3.10e+05""",D,"=""38.40454""","=""50.75805""","=""2s.2p.(3P*).3p""","=""4D""","=""5/2""","=""2s.2p.(3P*).5d""","=""4P*""","=""5/2""",6,6,,"=""T7192LS""","=""""",
"=""""","=""100.4606""","=""""","=""1.37e+06""",C+,"=""38.41648""","=""50.75805""","=""2s.2p.(3P*).3p""","=""4D""","=""7/2""","=""2s.2p.(3P*).5d""","=""4P*""","=""5/2""",8,6,,"=""T7192LS""","=""""",
"=""""","=""100.5993""","=""""","=""2.57e+08""",B,"=""16.24246""","=""28.56703""","=""2s.2p2""","=""2S""","=""1/2""","=""2p3""","=""2P*""","=""3/2""",2,4,,"=""T6335n""","=""""",
"=""""","=""100.6036""","=""""","=""2.48e+08""",B,"=""16.24246""","=""28.56649""","=""2s.2p2""","=""2S""","=""1/2""","=""2p3""","=""2P*""","=""1/2""",2,2,,"=""T6335n""","=""""",
"=""""","=""101.2193""","=""""","=""2.39e+06""",C+,"=""41.47770""","=""53.72677""","=""2s.2p.(3P*).3d""","=""2D*""","=""3/2""","=""2s.2p.(3P*).8p""","=""2P""","=""3/2""",4,4,,"=""T7192LS""","=""""",
"=""""","=""101.2481""","=""""","=""2.15e+07""",B,"=""41.48118""","=""53.72677""","=""2s.2p.(3P*).3d""","=""2D*""","=""5/2""","=""2s.2p.(3P*).8p""","=""2P""","=""3/2""",6,4,,"=""T7192LS""","=""""",
"=""""","=""101.2597""","=""""","=""2.39e+07""",B,"=""41.47770""","=""53.72188""","=""2s.2p.(3P*).3d""","=""2D*""","=""3/2""","=""2s.2p.(3P*).8p""","=""2P""","=""1/2""",4,2,,"=""T7192LS""","=""""",
"=""""","=""102.1117""","=""""","=""1.49e+08""",B,"=""39.39569""","=""51.53771""","=""2s2.4d""","=""2D""","=""3/2""","=""2p2.(3P).3p""","=""2D*""","=""3/2""",4,4,,"=""T7192LS""","=""""",
"=""""","=""102.1134""","=""""","=""1.11e+07""",B,"=""39.39569""","=""51.53750""","=""2s2.4d""","=""2D""","=""3/2""","=""2p2.(3P).3p""","=""2D*""","=""5/2""",4,6,,"=""T7192LS""","=""""",
"=""""","=""102.1448""","=""""","=""1.66e+07""",B,"=""39.39964""","=""51.53771""","=""2s2.4d""","=""2D""","=""5/2""","=""2p2.(3P).3p""","=""2D*""","=""3/2""",6,4,,"=""T7192LS""","=""""",
"=""""","=""102.1466""","=""""","=""1.55e+08""",B,"=""39.39964""","=""51.53750""","=""2s2.4d""","=""2D""","=""5/2""","=""2p2.(3P).3p""","=""2D*""","=""5/2""",6,6,,"=""T7192LS""","=""""",
"=""""","=""103.4622""","=""""","=""9.58e+07""",B,"=""28.56649""","=""40.55002""","=""2p3""","=""2P*""","=""1/2""","=""2s.2p.(3P*).3p""","=""2S""","=""1/2""",2,2,,"=""T7192LS""","=""""",
"=""""","=""103.4668""","=""""","=""1.92e+08""",B,"=""28.56703""","=""40.55002""","=""2p3""","=""2P*""","=""3/2""","=""2s.2p.(3P*).3p""","=""2S""","=""1/2""",4,2,,"=""T7192LS""","=""""",
"=""""","=""103.8612""","=""""","=""2.14e+08""",B,"=""30.45863""","=""42.39611""","=""2s2.3p""","=""2P*""","=""1/2""","=""2s2.5d""","=""2D""","=""3/2""",2,4,,"=""T7192LS""","=""""",
"=""""","=""103.8988""","=""""","=""2.57e+08""",B,"=""30.46308""","=""42.39625""","=""2s2.3p""","=""2P*""","=""3/2""","=""2s2.5d""","=""2D""","=""5/2""",4,6,,"=""T7192LS""","=""""",
"=""""","=""103.9000""","=""""","=""4.29e+07""",B,"=""30.46308""","=""42.39611""","=""2s2.3p""","=""2P*""","=""3/2""","=""2s2.5d""","=""2D""","=""3/2""",4,4,,"=""T7192LS""","=""""",
"=""""","=""104.9660""","=""""","=""1.58e+08""",B,"=""38.95798""","=""50.76982""","=""2s.2p.(3P*).3p""","=""4S""","=""3/2""","=""2s.2p.(3P*).5d""","=""4P*""","=""1/2""",4,2,,"=""T7192LS""","=""""",
"=""""","=""105.0106""","=""""","=""1.57e+08""",B,"=""38.95798""","=""50.76481""","=""2s.2p.(3P*).3p""","=""4S""","=""3/2""","=""2s.2p.(3P*).5d""","=""4P*""","=""3/2""",4,4,,"=""T7192LS""","=""""",
"=""""","=""105.0707""","=""""","=""1.57e+08""",B,"=""38.95798""","=""50.75805""","=""2s.2p.(3P*).3p""","=""4S""","=""3/2""","=""2s.2p.(3P*).5d""","=""4P*""","=""5/2""",4,6,,"=""T7192LS""","=""""",
"=""""","=""105.1718""","=""""","=""7.15e+07""",C+,"=""33.13334""","=""44.92207""","=""2s2.3d""","=""2D""","=""3/2""","=""2s2.7f""","=""2F*""","=""5/2""",4,6,,"=""T7192LS""","=""""",
"=""""","=""105.1780""","=""""","=""7.66e+07""",C+,"=""33.13403""","=""44.92207""","=""2s2.3d""","=""2D""","=""5/2""","=""2s2.7f""","=""2F*""","=""7/2""",6,8,,"=""T7192LS""","=""""",
"=""""","=""105.1780""","=""""","=""5.11e+06""",C,"=""33.13403""","=""44.92207""","=""2s2.3d""","=""2D""","=""5/2""","=""2s2.7f""","=""2F*""","=""5/2""",6,6,,"=""T7192LS""","=""""",
"=""""","=""105.5949""","=""""","=""5.88e+08""",B,"=""39.79622""","=""51.53771""","=""2s.2p.(3P*).3p""","=""2D""","=""3/2""","=""2p2.(3P).3p""","=""2D*""","=""3/2""",4,4,,"=""T7192LS""","=""""",
"=""""","=""105.5968""","=""""","=""4.35e+07""",B,"=""39.79622""","=""51.53750""","=""2s.2p.(3P*).3p""","=""2D""","=""3/2""","=""2p2.(3P).3p""","=""2D*""","=""5/2""",4,6,,"=""T7192LS""","=""""",
"=""""","=""105.6938""","=""""","=""6.51e+07""",B,"=""39.80721""","=""51.53771""","=""2s.2p.(3P*).3p""","=""2D""","=""5/2""","=""2p2.(3P).3p""","=""2D*""","=""3/2""",6,4,,"=""T7192LS""","=""""",
"=""""","=""105.6957""","=""""","=""6.08e+08""",B,"=""39.80721""","=""51.53750""","=""2s.2p.(3P*).3p""","=""2D""","=""5/2""","=""2p2.(3P).3p""","=""2D*""","=""5/2""",6,6,,"=""T7192LS""","=""""",
"=""""","=""106.9055""","=""""","=""2.61e+06""",C+,"=""41.47770""","=""53.07525""","=""2s.2p.(3P*).3d""","=""2D*""","=""3/2""","=""2s.2p.(3P*).7p""","=""2P""","=""3/2""",4,4,,"=""T7192LS""","=""""",
"=""""","=""106.9376""","=""""","=""2.34e+07""",B,"=""41.48118""","=""53.07525""","=""2s.2p.(3P*).3d""","=""2D*""","=""5/2""","=""2s.2p.(3P*).7p""","=""2P""","=""3/2""",6,4,,"=""T7192LS""","=""""",
"=""""","=""106.9458""","=""""","=""2.60e+07""",B,"=""41.47770""","=""53.07088""","=""2s.2p.(3P*).3d""","=""2D*""","=""3/2""","=""2s.2p.(3P*).7p""","=""2P""","=""1/2""",4,2,,"=""T7192LS""","=""""",
"=""""","=""108.4686""","=""""","=""2.12e+07""",B,"=""39.33939""","=""50.76982""","=""2s.2p.(3P*).3p""","=""4P""","=""1/2""","=""2s.2p.(3P*).5d""","=""4P*""","=""1/2""",2,2,,"=""T7192LS""","=""""",
"=""""","=""108.5161""","=""""","=""5.30e+07""",B,"=""39.33939""","=""50.76481""","=""2s.2p.(3P*).3p""","=""4P""","=""1/2""","=""2s.2p.(3P*).5d""","=""4P*""","=""3/2""",2,4,,"=""T7192LS""","=""""",
"=""""","=""108.5187""","=""""","=""1.06e+08""",B,"=""39.34467""","=""50.76982""","=""2s.2p.(3P*).3p""","=""4P""","=""3/2""","=""2s.2p.(3P*).5d""","=""4P*""","=""1/2""",4,2,,"=""T7192LS""","=""""",
"=""""","=""108.5663""","=""""","=""1.70e+07""",B,"=""39.34467""","=""50.76481""","=""2s.2p.(3P*).3p""","=""4P""","=""3/2""","=""2s.2p.(3P*).5d""","=""4P*""","=""3/2""",4,4,,"=""T7192LS""","=""""",
"=""""","=""108.6306""","=""""","=""3.81e+07""",B,"=""39.34467""","=""50.75805""","=""2s.2p.(3P*).3p""","=""4P""","=""3/2""","=""2s.2p.(3P*).5d""","=""4P*""","=""5/2""",4,6,,"=""T7192LS""","=""""",
"=""""","=""108.6359""","=""""","=""5.71e+07""",B,"=""39.35199""","=""50.76481""","=""2s.2p.(3P*).3p""","=""4P""","=""5/2""","=""2s.2p.(3P*).5d""","=""4P*""","=""3/2""",6,4,,"=""T7192LS""","=""""",
"=""""","=""108.7003""","=""""","=""8.87e+07""",B,"=""39.35199""","=""50.75805""","=""2s.2p.(3P*).3p""","=""4P""","=""5/2""","=""2s.2p.(3P*).5d""","=""4P*""","=""5/2""",6,6,,"=""T7192LS""","=""""",
"=""""","=""108.9142""","=""""","=""3.32e+07""",B,"=""35.64910""","=""47.03276""","=""2s.2p.(3P*).3s""","=""4P*""","=""1/2""","=""2s.2p.(3P*).4p""","=""4P""","=""3/2""",2,4,,"=""T7192LS""","=""""",
"=""""","=""108.9252""","=""""","=""2.39e+07""",B,"=""35.65680""","=""47.03931""","=""2s.2p.(3P*).3s""","=""4P*""","=""3/2""","=""2s.2p.(3P*).4p""","=""4P""","=""5/2""",4,6,,"=""T7192LS""","=""""",
"=""""","=""108.9672""","=""""","=""1.33e+07""",B,"=""35.64910""","=""47.02722""","=""2s.2p.(3P*).3s""","=""4P*""","=""1/2""","=""2s.2p.(3P*).4p""","=""4P""","=""1/2""",2,2,,"=""T7192LS""","=""""",
"=""""","=""108.9879""","=""""","=""1.06e+07""",B,"=""35.65680""","=""47.03276""","=""2s.2p.(3P*).3s""","=""4P*""","=""3/2""","=""2s.2p.(3P*).4p""","=""4P""","=""3/2""",4,4,,"=""T7192LS""","=""""",
"=""""","=""109.0410""","=""""","=""6.61e+07""",B,"=""35.65680""","=""47.02722""","=""2s.2p.(3P*).3s""","=""4P*""","=""3/2""","=""2s.2p.(3P*).4p""","=""4P""","=""1/2""",4,2,,"=""T7192LS""","=""""",
"=""""","=""109.0623""","=""""","=""5.55e+07""",B,"=""35.67111""","=""47.03931""","=""2s.2p.(3P*).3s""","=""4P*""","=""5/2""","=""2s.2p.(3P*).4p""","=""4P""","=""5/2""",6,6,,"=""T7192LS""","=""""",
"=""""","=""109.1252""","=""""","=""3.56e+07""",B,"=""35.67111""","=""47.03276""","=""2s.2p.(3P*).3s""","=""4P*""","=""5/2""","=""2s.2p.(3P*).4p""","=""4P""","=""3/2""",6,4,,"=""T7192LS""","=""""",
"=""""","=""109.4551""","=""""","=""3.82e+06""",B,"=""38.39689""","=""49.72430""","=""2s.2p.(3P*).3p""","=""4D""","=""3/2""","=""2s.2p.(3P*).5s""","=""4P*""","=""5/2""",4,6,,"=""T7192LS""","=""""",
"=""""","=""109.5290""","=""""","=""3.43e+07""",B,"=""38.40454""","=""49.72430""","=""2s.2p.(3P*).3p""","=""4D""","=""5/2""","=""2s.2p.(3P*).5s""","=""4P*""","=""5/2""",6,6,,"=""T7192LS""","=""""",
"=""""","=""109.5554""","=""""","=""9.51e+06""",B,"=""38.39248""","=""49.70951""","=""2s.2p.(3P*).3p""","=""4D""","=""1/2""","=""2s.2p.(3P*).5s""","=""4P*""","=""3/2""",2,4,,"=""T7192LS""","=""""",
"=""""","=""109.5982""","=""""","=""6.08e+07""",B,"=""38.39689""","=""49.70951""","=""2s.2p.(3P*).3p""","=""4D""","=""3/2""","=""2s.2p.(3P*).5s""","=""4P*""","=""3/2""",4,4,,"=""T7192LS""","=""""",
"=""""","=""109.6415""","=""""","=""9.49e+07""",B,"=""38.39248""","=""49.70062""","=""2s.2p.(3P*).3p""","=""4D""","=""1/2""","=""2s.2p.(3P*).5s""","=""4P*""","=""1/2""",2,2,,"=""T7192LS""","=""""",
"=""""","=""109.6447""","=""""","=""1.52e+08""",B,"=""38.41648""","=""49.72430""","=""2s.2p.(3P*).3p""","=""4D""","=""7/2""","=""2s.2p.(3P*).5s""","=""4P*""","=""5/2""",8,6,,"=""T7192LS""","=""""",
"=""""","=""109.6723""","=""""","=""1.19e+08""",B,"=""38.40454""","=""49.70951""","=""2s.2p.(3P*).3p""","=""4D""","=""5/2""","=""2s.2p.(3P*).5s""","=""4P*""","=""3/2""",6,4,,"=""T7192LS""","=""""",
"=""""","=""109.6844""","=""""","=""9.48e+07""",B,"=""38.39689""","=""49.70062""","=""2s.2p.(3P*).3p""","=""4D""","=""3/2""","=""2s.2p.(3P*).5s""","=""4P*""","=""1/2""",4,2,,"=""T7192LS""","=""""",
"=""""","=""109.8716""","=""""","=""8.53e+06""",B,"=""38.64467""","=""49.92913""","=""2s2.4p""","=""2P*""","=""1/2""","=""2s.2p.(3P*).5p""","=""2P""","=""3/2""",2,4,,"=""T7192LS""","=""""",
"=""""","=""109.9017""","=""""","=""4.26e+07""",B,"=""38.64776""","=""49.92913""","=""2s2.4p""","=""2P*""","=""3/2""","=""2s.2p.(3P*).5p""","=""2P""","=""3/2""",4,4,,"=""T7192LS""","=""""",
"=""""","=""109.9695""","=""""","=""3.40e+07""",B,"=""38.64467""","=""49.91909""","=""2s2.4p""","=""2P*""","=""1/2""","=""2s.2p.(3P*).5p""","=""2P""","=""1/2""",2,2,,"=""T7192LS""","=""""",
"=""""","=""109.9996""","=""""","=""1.70e+07""",B,"=""38.64776""","=""49.91909""","=""2s2.4p""","=""2P*""","=""3/2""","=""2s.2p.(3P*).5p""","=""2P""","=""1/2""",4,2,,"=""T7192LS""","=""""",
"=""""","=""110.0069""","=""""","=""1.49e+07""",B,"=""35.64910""","=""46.91969""","=""2s.2p.(3P*).3s""","=""4P*""","=""1/2""","=""2s.2p.(3P*).4p""","=""4S""","=""3/2""",2,4,,"=""T7192LS""","=""""",
"=""""","=""110.0821""","=""""","=""2.98e+07""",B,"=""35.65680""","=""46.91969""","=""2s.2p.(3P*).3s""","=""4P*""","=""3/2""","=""2s.2p.(3P*).4p""","=""4S""","=""3/2""",4,4,,"=""T7192LS""","=""""",
"=""""","=""110.2221""","=""""","=""4.45e+07""",B,"=""35.67111""","=""46.91969""","=""2s.2p.(3P*).3s""","=""4P*""","=""5/2""","=""2s.2p.(3P*).4p""","=""4S""","=""3/2""",6,4,,"=""T7192LS""","=""""",
"=""""","=""110.3044""","=""""","=""5.62e+07""",B,"=""28.56703""","=""39.80721""","=""2p3""","=""2P*""","=""3/2""","=""2s.2p.(3P*).3p""","=""2D""","=""5/2""",4,6,,"=""T7192LS""","=""""",
"=""""","=""110.4071""","=""""","=""4.67e+07""",B,"=""28.56649""","=""39.79622""","=""2p3""","=""2P*""","=""1/2""","=""2s.2p.(3P*).3p""","=""2D""","=""3/2""",2,4,,"=""T7192LS""","=""""",
"=""""","=""110.4123""","=""""","=""9.34e+06""",B,"=""28.56703""","=""39.79622""","=""2p3""","=""2P*""","=""3/2""","=""2s.2p.(3P*).3p""","=""2D""","=""3/2""",4,4,,"=""T7192LS""","=""""",
"=""""","=""110.6036""","=""""","=""1.09e+08""",B,"=""27.43798""","=""38.64776""","=""2s2.3s""","=""2S""","=""1/2""","=""2s2.4p""","=""2P*""","=""3/2""",2,4,,"=""T7192LS""","=""""",
"=""""","=""110.6340""","=""""","=""1.09e+08""",B,"=""27.43798""","=""38.64467""","=""2s2.3s""","=""2S""","=""1/2""","=""2s2.4p""","=""2P*""","=""1/2""",2,2,,"=""T7192LS""","=""""",
"=""""","=""112.0244""","=""""","=""7.25e+07""",B,"=""35.64910""","=""46.71671""","=""2s.2p.(3P*).3s""","=""4P*""","=""1/2""","=""2s.2p.(3P*).4p""","=""4D""","=""3/2""",2,4,,"=""T7192LS""","=""""",
"=""""","=""112.0256""","=""""","=""1.22e+08""",B,"=""35.65680""","=""46.72429""","=""2s.2p.(3P*).3s""","=""4P*""","=""3/2""","=""2s.2p.(3P*).4p""","=""4D""","=""5/2""",4,6,,"=""T7192LS""","=""""",
"=""""","=""112.0595""","=""""","=""1.74e+08""",B,"=""35.67111""","=""46.73525""","=""2s.2p.(3P*).3s""","=""4P*""","=""5/2""","=""2s.2p.(3P*).4p""","=""4D""","=""7/2""",6,8,,"=""T7192LS""","=""""",
"=""""","=""112.0812""","=""""","=""1.45e+08""",B,"=""35.64910""","=""46.71110""","=""2s.2p.(3P*).3s""","=""4P*""","=""1/2""","=""2s.2p.(3P*).4p""","=""4D""","=""1/2""",2,2,,"=""T7192LS""","=""""",
"=""""","=""112.1023""","=""""","=""9.25e+07""",B,"=""35.65680""","=""46.71671""","=""2s.2p.(3P*).3s""","=""4P*""","=""3/2""","=""2s.2p.(3P*).4p""","=""4D""","=""3/2""",4,4,,"=""T7192LS""","=""""",
"=""""","=""112.1593""","=""""","=""2.90e+07""",B,"=""35.65680""","=""46.71110""","=""2s.2p.(3P*).3s""","=""4P*""","=""3/2""","=""2s.2p.(3P*).4p""","=""4D""","=""1/2""",4,2,,"=""T7192LS""","=""""",
"=""""","=""112.1706""","=""""","=""5.20e+07""",B,"=""35.67111""","=""46.72429""","=""2s.2p.(3P*).3s""","=""4P*""","=""5/2""","=""2s.2p.(3P*).4p""","=""4D""","=""5/2""",6,6,,"=""T7192LS""","=""""",
"=""""","=""112.2476""","=""""","=""8.64e+06""",B,"=""35.67111""","=""46.71671""","=""2s.2p.(3P*).3s""","=""4P*""","=""5/2""","=""2s.2p.(3P*).4p""","=""4D""","=""3/2""",6,4,,"=""T7192LS""","=""""",
"=""""","=""113.5762""","=""""","=""1.35e+08""",B,"=""30.45863""","=""41.37501""","=""2s2.3p""","=""2P*""","=""1/2""","=""2s2.5s""","=""2S""","=""1/2""",2,2,,"=""T7192LS""","=""""",
"=""""","=""113.6225""","=""""","=""2.69e+08""",B,"=""30.46308""","=""41.37501""","=""2s2.3p""","=""2P*""","=""3/2""","=""2s2.5s""","=""2S""","=""1/2""",4,2,,"=""T7192LS""","=""""",
"=""""","=""114.0047""","=""""","=""1.46e+08""",C+,"=""33.13334""","=""44.00870""","=""2s2.3d""","=""2D""","=""3/2""","=""2s2.6f""","=""2F*""","=""5/2""",4,6,,"=""T7192LS""","=""""",
"=""""","=""114.0120""","=""""","=""1.57e+08""",C+,"=""33.13403""","=""44.00870""","=""2s2.3d""","=""2D""","=""5/2""","=""2s2.6f""","=""2F*""","=""7/2""",6,8,,"=""T7192LS""","=""""",
"=""""","=""114.0120""","=""""","=""1.04e+07""",C+,"=""33.13403""","=""44.00870""","=""2s2.3d""","=""2D""","=""5/2""","=""2s2.6f""","=""2F*""","=""5/2""",6,6,,"=""T7192LS""","=""""",
"=""""","=""114.4546""","=""""","=""1.99e+07""",B,"=""28.56703""","=""39.39964""","=""2p3""","=""2P*""","=""3/2""","=""2s2.4d""","=""2D""","=""5/2""",4,6,,"=""T7192LS""","=""""",
"=""""","=""114.4906""","=""""","=""1.66e+07""",B,"=""28.56649""","=""39.39569""","=""2p3""","=""2P*""","=""1/2""","=""2s2.4d""","=""2D""","=""3/2""",2,4,,"=""T7192LS""","=""""",
"=""""","=""114.4963""","=""""","=""3.32e+06""",C+,"=""28.56703""","=""39.39569""","=""2p3""","=""2P*""","=""3/2""","=""2s2.4d""","=""2D""","=""3/2""",4,4,,"=""T7192LS""","=""""",
"=""""","=""115.1593""","=""""","=""1.08e+07""",B,"=""38.95798""","=""49.72430""","=""2s.2p.(3P*).3p""","=""4S""","=""3/2""","=""2s.2p.(3P*).5s""","=""4P*""","=""5/2""",4,6,,"=""T7192LS""","=""""",
"=""""","=""115.3178""","=""""","=""1.07e+07""",B,"=""38.95798""","=""49.70951""","=""2s.2p.(3P*).3p""","=""4S""","=""3/2""","=""2s.2p.(3P*).5s""","=""4P*""","=""3/2""",4,4,,"=""T7192LS""","=""""",
"=""""","=""115.4132""","=""""","=""1.07e+07""",B,"=""38.95798""","=""49.70062""","=""2s.2p.(3P*).3p""","=""4S""","=""3/2""","=""2s.2p.(3P*).5s""","=""4P*""","=""1/2""",4,2,,"=""T7192LS""","=""""",
"=""""","=""116.0038""","=""""","=""1.04e+06""",C+,"=""33.13334""","=""43.82129""","=""2s2.3d""","=""2D""","=""3/2""","=""2s.2p.(1P*).3s""","=""2P*""","=""3/2""",4,4,,"=""T7192LS""","=""""",
"=""""","=""116.0063""","=""""","=""1.04e+07""",B,"=""33.13334""","=""43.82105""","=""2s2.3d""","=""2D""","=""3/2""","=""2s.2p.(1P*).3s""","=""2P*""","=""1/2""",4,2,,"=""T7192LS""","=""""",
"=""""","=""116.0113""","=""""","=""9.38e+06""",B,"=""33.13403""","=""43.82129""","=""2s2.3d""","=""2D""","=""5/2""","=""2s.2p.(1P*).3s""","=""2P*""","=""3/2""",6,4,,"=""T7192LS""","=""""",
"=""""","=""116.5865""","=""""","=""1.87e+02""",D,"=""12.52537""","=""23.15989""","=""2s.2p2""","=""2D""","=""5/2""","=""2p3""","=""4S*""","=""3/2""",6,4,,"=""T6335""","=""""",
"=""""","=""116.5956""","=""""","=""1.50e+00""",D,"=""12.52620""","=""23.15989""","=""2s.2p2""","=""2D""","=""3/2""","=""2p3""","=""4S*""","=""3/2""",4,4,,"=""T6335""","=""""",
"=""""","=""116.7703""","=""""","=""2.94e+06""",C+,"=""41.47770""","=""52.09548""","=""2s.2p.(3P*).3d""","=""2D*""","=""3/2""","=""2s.2p.(3P*).6p""","=""2P""","=""3/2""",4,4,,"=""T7192LS""","=""""",
"=""""","=""116.8086""","=""""","=""2.64e+07""",B,"=""41.48118""","=""52.09548""","=""2s.2p.(3P*).3d""","=""2D*""","=""5/2""","=""2s.2p.(3P*).6p""","=""2P""","=""3/2""",6,4,,"=""T7192LS""","=""""",
"=""""","=""116.8690""","=""""","=""2.93e+07""",B,"=""41.47770""","=""52.08652""","=""2s.2p.(3P*).3d""","=""2D*""","=""3/2""","=""2s.2p.(3P*).6p""","=""2P""","=""1/2""",4,2,,"=""T7192LS""","=""""",
"=""""","=""118.2971""","=""""","=""1.42e+08""",B,"=""18.08628""","=""28.56703""","=""2s.2p2""","=""2P""","=""1/2""","=""2p3""","=""2P*""","=""3/2""",2,4,,"=""T6335n""","=""""",
"=""118.3031""","=""118.3032""","=""500""","=""5.87e+08""",B,"=""18.08628""","=""28.56649""","=""2s.2p2""","=""2P""","=""1/2""","=""2p3""","=""2P*""","=""1/2""",2,2,,"=""T6335n""","=""L3513""",
"=""""","=""118.4514""","=""""","=""7.29e+08""",B,"=""18.09993""","=""28.56703""","=""2s.2p2""","=""2P""","=""3/2""","=""2p3""","=""2P*""","=""3/2""",4,4,,"=""T6335n""","=""""",
"=""118.4550""","=""""","=""570""","=""""",,"=""""","=""""","=""""","=""""","=""""","=""""","=""""","=""""",1,1,,"=""""","=""L3513""",
"=""""","=""118.4574""","=""""","=""2.89e+08""",B,"=""18.09993""","=""28.56649""","=""2s.2p2""","=""2P""","=""3/2""","=""2p3""","=""2P*""","=""1/2""",4,2,,"=""T6335n""","=""""",
"=""""","=""119.4496""","=""""","=""4.20e+07""",B,"=""39.34467""","=""49.72430""","=""2s.2p.(3P*).3p""","=""4P""","=""3/2""","=""2s.2p.(3P*).5s""","=""4P*""","=""5/2""",4,6,,"=""T7192LS""","=""""",
"=""""","=""119.5339""","=""""","=""9.77e+07""",B,"=""39.35199""","=""49.72430""","=""2s.2p.(3P*).3p""","=""4P""","=""5/2""","=""2s.2p.(3P*).5s""","=""4P*""","=""5/2""",6,6,,"=""T7192LS""","=""""",
"=""""","=""119.5592""","=""""","=""5.81e+07""",B,"=""39.33939""","=""49.70951""","=""2s.2p.(3P*).3p""","=""4P""","=""1/2""","=""2s.2p.(3P*).5s""","=""4P*""","=""3/2""",2,4,,"=""T7192LS""","=""""",
"=""""","=""119.6201""","=""""","=""1.86e+07""",B,"=""39.34467""","=""49.70951""","=""2s.2p.(3P*).3p""","=""4P""","=""3/2""","=""2s.2p.(3P*).5s""","=""4P*""","=""3/2""",4,4,,"=""T7192LS""","=""""",
"=""""","=""119.6617""","=""""","=""2.32e+07""",B,"=""39.33939""","=""49.70062""","=""2s.2p.(3P*).3p""","=""4P""","=""1/2""","=""2s.2p.(3P*).5s""","=""4P*""","=""1/2""",2,2,,"=""T7192LS""","=""""",
"=""""","=""119.7046""","=""""","=""6.26e+07""",B,"=""39.35199""","=""49.70951""","=""2s.2p.(3P*).3p""","=""4P""","=""5/2""","=""2s.2p.(3P*).5s""","=""4P*""","=""3/2""",6,4,,"=""T7192LS""","=""""",
"=""""","=""119.7228""","=""""","=""1.16e+08""",B,"=""39.34467""","=""49.70062""","=""2s.2p.(3P*).3p""","=""4P""","=""3/2""","=""2s.2p.(3P*).5s""","=""4P*""","=""1/2""",4,2,,"=""T7192LS""","=""""",
"=""""","=""122.8613""","=""""","=""3.68e+06""",C+,"=""30.45863""","=""40.55002""","=""2s2.3p""","=""2P*""","=""1/2""","=""2s.2p.(3P*).3p""","=""2S""","=""1/2""",2,2,,"=""T7192LS""","=""""",
"=""""","=""122.9155""","=""""","=""7.35e+06""",B,"=""30.46308""","=""40.55002""","=""2s2.3p""","=""2P*""","=""3/2""","=""2s.2p.(3P*).3p""","=""2S""","=""1/2""",4,2,,"=""T7192LS""","=""""",
"=""""","=""124.2852""","=""""","=""1.22e+07""",B,"=""36.84205""","=""46.81783""","=""2s.2p.(3P*).3s""","=""2P*""","=""1/2""","=""2s.2p.(1P*).3p""","=""2P""","=""3/2""",2,4,,"=""T7192LS""","=""""",
"=""""","=""124.3056""","=""""","=""1.72e+01""",C,"=""23.15989""","=""33.13403""","=""2p3""","=""4S*""","=""3/2""","=""2s2.3d""","=""2D""","=""5/2""",4,6,,"=""T6335""","=""""",
"=""""","=""124.3143""","=""""","=""3.16e+00""",C,"=""23.15989""","=""33.13334""","=""2p3""","=""4S*""","=""3/2""","=""2s2.3d""","=""2D""","=""3/2""",4,4,,"=""T6335""","=""""",
"=""""","=""124.3368""","=""""","=""4.87e+07""",B,"=""36.84205""","=""46.81369""","=""2s.2p.(3P*).3s""","=""2P*""","=""1/2""","=""2s.2p.(1P*).3p""","=""2P""","=""1/2""",2,2,,"=""T7192LS""","=""""",
"=""""","=""124.4603""","=""""","=""6.07e+07""",B,"=""36.85609""","=""46.81783""","=""2s.2p.(3P*).3s""","=""2P*""","=""3/2""","=""2s.2p.(1P*).3p""","=""2P""","=""3/2""",4,4,,"=""T7192LS""","=""""",
"=""""","=""124.5121""","=""""","=""2.42e+07""",B,"=""36.85609""","=""46.81369""","=""2s.2p.(3P*).3s""","=""2P*""","=""3/2""","=""2s.2p.(1P*).3p""","=""2P""","=""1/2""",4,2,,"=""T7192LS""","=""""",
"=""""","=""125.1643""","=""""","=""8.35e+05""",C+,"=""43.82105""","=""53.72677""","=""2s.2p.(1P*).3s""","=""2P*""","=""1/2""","=""2s.2p.(3P*).8p""","=""2P""","=""3/2""",2,4,,"=""T7192LS""","=""""",
"=""""","=""125.1673""","=""""","=""4.18e+06""",B,"=""43.82129""","=""53.72677""","=""2s.2p.(1P*).3s""","=""2P*""","=""3/2""","=""2s.2p.(3P*).8p""","=""2P""","=""3/2""",4,4,,"=""T7192LS""","=""""",
"=""""","=""125.2260""","=""""","=""3.34e+06""",C+,"=""43.82105""","=""53.72188""","=""2s.2p.(1P*).3s""","=""2P*""","=""1/2""","=""2s.2p.(3P*).8p""","=""2P""","=""1/2""",2,2,,"=""T7192LS""","=""""",
"=""""","=""125.2290""","=""""","=""1.67e+06""",C+,"=""43.82129""","=""53.72188""","=""2s.2p.(1P*).3s""","=""2P*""","=""3/2""","=""2s.2p.(3P*).8p""","=""2P""","=""1/2""",4,2,,"=""T7192LS""","=""""",
"=""""","=""126.8438""","=""""","=""2.09e+05""",C,"=""39.39569""","=""49.17025""","=""2s2.4d""","=""2D""","=""3/2""","=""2s.2p.(1P*).3d""","=""2D*""","=""5/2""",4,6,,"=""T7192LS""","=""""",
"=""""","=""126.8598""","=""""","=""2.82e+06""",B,"=""39.39569""","=""49.16902""","=""2s2.4d""","=""2D""","=""3/2""","=""2s.2p.(1P*).3d""","=""2D*""","=""3/2""",4,4,,"=""T7192LS""","=""""",
"=""""","=""126.8950""","=""""","=""2.92e+06""",B,"=""39.39964""","=""49.17025""","=""2s2.4d""","=""2D""","=""5/2""","=""2s.2p.(1P*).3d""","=""2D*""","=""5/2""",6,6,,"=""T7192LS""","=""""",
"=""""","=""126.9110""","=""""","=""3.13e+05""",C,"=""39.39964""","=""49.16902""","=""2s2.4d""","=""2D""","=""5/2""","=""2s.2p.(1P*).3d""","=""2D*""","=""3/2""",6,4,,"=""T7192LS""","=""""",
"=""""","=""126.9343""","=""""","=""6.80e+05""",C,"=""28.56649""","=""38.33408""","=""2p3""","=""2P*""","=""1/2""","=""2s.2p.(3P*).3p""","=""2P""","=""3/2""",2,4,,"=""T7192LS""","=""""",
"=""""","=""126.9412""","=""""","=""3.40e+06""",B,"=""28.56703""","=""38.33408""","=""2p3""","=""2P*""","=""3/2""","=""2s.2p.(3P*).3p""","=""2P""","=""3/2""",4,4,,"=""T7192LS""","=""""",
"=""""","=""127.0214""","=""""","=""2.71e+06""",C+,"=""28.56649""","=""38.32738""","=""2p3""","=""2P*""","=""1/2""","=""2s.2p.(3P*).3p""","=""2P""","=""1/2""",2,2,,"=""T7192LS""","=""""",
"=""""","=""127.0283""","=""""","=""1.36e+06""",C,"=""28.56703""","=""38.32738""","=""2p3""","=""2P*""","=""3/2""","=""2s.2p.(3P*).3p""","=""2P""","=""1/2""",4,2,,"=""T7192LS""","=""""",
"=""""","=""128.7770""","=""""","=""6.33e+07""",B,"=""36.84205""","=""46.46987""","=""2s.2p.(3P*).3s""","=""2P*""","=""1/2""","=""2s.2p.(3P*).4p""","=""2P""","=""3/2""",2,4,,"=""T7192LS""","=""""",
"=""""","=""128.8740""","=""""","=""2.53e+08""",B,"=""36.84205""","=""46.46263""","=""2s.2p.(3P*).3s""","=""2P*""","=""1/2""","=""2s.2p.(3P*).4p""","=""2P""","=""1/2""",2,2,,"=""T7192LS""","=""""",
"=""""","=""128.9650""","=""""","=""3.15e+08""",B,"=""36.85609""","=""46.46987""","=""2s.2p.(3P*).3s""","=""2P*""","=""3/2""","=""2s.2p.(3P*).4p""","=""2P""","=""3/2""",4,4,,"=""T7192LS""","=""""",
"=""""","=""129.0541""","=""""","=""1.69e+06""",C+,"=""42.48833""","=""52.09548""","=""2s.2p.(3P*).3d""","=""2P*""","=""3/2""","=""2s.2p.(3P*).6p""","=""2P""","=""3/2""",4,4,,"=""T7192LS""","=""""",
"=""""","=""129.0622""","=""""","=""1.26e+08""",B,"=""36.85609""","=""46.46263""","=""2s.2p.(3P*).3s""","=""2P*""","=""3/2""","=""2s.2p.(3P*).4p""","=""2P""","=""1/2""",4,2,,"=""T7192LS""","=""""",
"=""""","=""129.1724""","=""""","=""3.37e+05""",C,"=""42.49713""","=""52.09548""","=""2s.2p.(3P*).3d""","=""2P*""","=""1/2""","=""2s.2p.(3P*).6p""","=""2P""","=""3/2""",2,4,,"=""T7192LS""","=""""",
"=""""","=""129.1746""","=""""","=""6.74e+05""",C,"=""42.48833""","=""52.08652""","=""2s.2p.(3P*).3d""","=""2P*""","=""3/2""","=""2s.2p.(3P*).6p""","=""2P""","=""1/2""",4,2,,"=""T7192LS""","=""""",
"=""""","=""129.2932""","=""""","=""1.34e+06""",C,"=""42.49713""","=""52.08652""","=""2s.2p.(3P*).3d""","=""2P*""","=""1/2""","=""2s.2p.(3P*).6p""","=""2P""","=""1/2""",2,2,,"=""T7192LS""","=""""",
"=""""","=""130.4323""","=""""","=""1.88e+06""",C+,"=""38.39248""","=""47.89811""","=""2s.2p.(3P*).3p""","=""4D""","=""1/2""","=""2s.2p.(3P*).4d""","=""4P*""","=""1/2""",2,2,,"=""T7192LS""","=""""",
"=""""","=""130.4877""","=""""","=""1.88e+05""",D,"=""38.39248""","=""47.89408""","=""2s.2p.(3P*).3p""","=""4D""","=""1/2""","=""2s.2p.(3P*).4d""","=""4P*""","=""3/2""",2,4,,"=""T7192LS""","=""""",
"=""""","=""130.4929""","=""""","=""1.88e+06""",C+,"=""38.39689""","=""47.89811""","=""2s.2p.(3P*).3p""","=""4D""","=""3/2""","=""2s.2p.(3P*).4d""","=""4P*""","=""1/2""",4,2,,"=""T7192LS""","=""""",
"=""""","=""130.5483""","=""""","=""1.20e+06""",C+,"=""38.39689""","=""47.89408""","=""2s.2p.(3P*).3p""","=""4D""","=""3/2""","=""2s.2p.(3P*).4d""","=""4P*""","=""3/2""",4,4,,"=""T7192LS""","=""""",
"=""""","=""130.6406""","=""""","=""7.48e+04""",D,"=""38.39689""","=""47.88737""","=""2s.2p.(3P*).3p""","=""4D""","=""3/2""","=""2s.2p.(3P*).4d""","=""4P*""","=""5/2""",4,6,,"=""T7192LS""","=""""",
"=""""","=""130.6535""","=""""","=""2.36e+06""",B,"=""38.40454""","=""47.89408""","=""2s.2p.(3P*).3p""","=""4D""","=""5/2""","=""2s.2p.(3P*).4d""","=""4P*""","=""3/2""",6,4,,"=""T7192LS""","=""""",
"=""""","=""130.7460""","=""""","=""6.72e+05""",C+,"=""38.40454""","=""47.88737""","=""2s.2p.(3P*).3p""","=""4D""","=""5/2""","=""2s.2p.(3P*).4d""","=""4P*""","=""5/2""",6,6,,"=""T7192LS""","=""""",
"=""""","=""130.9108""","=""""","=""2.97e+06""",B,"=""38.41648""","=""47.88737""","=""2s.2p.(3P*).3p""","=""4D""","=""7/2""","=""2s.2p.(3P*).4d""","=""4P*""","=""5/2""",8,6,,"=""T7192LS""","=""""",
"=""""","=""131.588""","=""""","=""2.12e+08""",B,"=""38.32738""","=""47.7495""","=""2s.2p.(3P*).3p""","=""2P""","=""1/2""","=""2s.2p.(3P*).4d""","=""2D*""","=""3/2""",2,4,,"=""T7192LS""","=""""",
"=""""","=""131.6444""","=""""","=""7.53e+07""",B,"=""27.43798""","=""36.85609""","=""2s2.3s""","=""2S""","=""1/2""","=""2s.2p.(3P*).3s""","=""2P*""","=""3/2""",2,4,,"=""T7192LS""","=""""",
"=""""","=""131.682""","=""""","=""2.54e+08""",B,"=""38.33408""","=""47.7495""","=""2s.2p.(3P*).3p""","=""2P""","=""3/2""","=""2s.2p.(3P*).4d""","=""2D*""","=""5/2""",4,6,,"=""T7192LS""","=""""",
"=""""","=""131.682""","=""""","=""4.23e+07""",B,"=""38.33408""","=""47.7495""","=""2s.2p.(3P*).3p""","=""2P""","=""3/2""","=""2s.2p.(3P*).4d""","=""2D*""","=""3/2""",4,4,,"=""T7192LS""","=""""",
"=""""","=""131.8409""","=""""","=""7.50e+07""",B,"=""27.43798""","=""36.84205""","=""2s2.3s""","=""2S""","=""1/2""","=""2s.2p.(3P*).3s""","=""2P*""","=""1/2""",2,2,,"=""T7192LS""","=""""",
"=""""","=""132.2636""","=""""","=""5.47e+05""",C+,"=""39.79622""","=""49.17025""","=""2s.2p.(3P*).3p""","=""2D""","=""3/2""","=""2s.2p.(1P*).3d""","=""2D*""","=""5/2""",4,6,,"=""T7192LS""","=""""",
"=""""","=""132.2809""","=""""","=""7.38e+06""",B,"=""39.79622""","=""49.16902""","=""2s.2p.(3P*).3p""","=""2D""","=""3/2""","=""2s.2p.(1P*).3d""","=""2D*""","=""3/2""",4,4,,"=""T7192LS""","=""""",
"=""""","=""132.4188""","=""""","=""7.63e+06""",B,"=""39.80721""","=""49.17025""","=""2s.2p.(3P*).3p""","=""2D""","=""5/2""","=""2s.2p.(1P*).3d""","=""2D*""","=""5/2""",6,6,,"=""T7192LS""","=""""",
"=""""","=""132.4314""","=""""","=""3.52e+08""",C+,"=""33.13334""","=""42.49548""","=""2s2.3d""","=""2D""","=""3/2""","=""2s2.5f""","=""2F*""","=""5/2""",4,6,,"=""T7192LS""","=""""",
"=""""","=""132.4361""","=""""","=""8.17e+05""",C+,"=""39.80721""","=""49.16902""","=""2s.2p.(3P*).3p""","=""2D""","=""5/2""","=""2s.2p.(1P*).3d""","=""2D*""","=""3/2""",6,4,,"=""T7192LS""","=""""",
"=""""","=""132.4396""","=""""","=""3.77e+08""",C+,"=""33.13403""","=""42.49560""","=""2s2.3d""","=""2D""","=""5/2""","=""2s2.5f""","=""2F*""","=""7/2""",6,8,,"=""T7192LS""","=""""",
"=""""","=""132.4412""","=""""","=""2.51e+07""",C+,"=""33.13403""","=""42.49548""","=""2s2.3d""","=""2D""","=""5/2""","=""2s2.5f""","=""2F*""","=""5/2""",6,6,,"=""T7192LS""","=""""",
"=""""","=""133.9761""","=""""","=""1.24e+06""",C+,"=""43.82105""","=""53.07525""","=""2s.2p.(1P*).3s""","=""2P*""","=""1/2""","=""2s.2p.(3P*).7p""","=""2P""","=""3/2""",2,4,,"=""T7192LS""","=""""",
"=""""","=""133.9795""","=""""","=""6.20e+06""",B,"=""43.82129""","=""53.07525""","=""2s.2p.(1P*).3s""","=""2P*""","=""3/2""","=""2s.2p.(3P*).7p""","=""2P""","=""3/2""",4,4,,"=""T7192LS""","=""""",
"=""""","=""134.0395""","=""""","=""4.95e+06""",B,"=""43.82105""","=""53.07088""","=""2s.2p.(1P*).3s""","=""2P*""","=""1/2""","=""2s.2p.(3P*).7p""","=""2P""","=""1/2""",2,2,,"=""T7192LS""","=""""",
"=""""","=""134.0429""","=""""","=""2.48e+06""",C+,"=""43.82129""","=""53.07088""","=""2s.2p.(1P*).3s""","=""2P*""","=""3/2""","=""2s.2p.(3P*).7p""","=""2P""","=""1/2""",4,2,,"=""T7192LS""","=""""",
"=""""","=""137.7192""","=""""","=""8.48e+05""",C+,"=""33.13403""","=""42.13671""","=""2s2.3d""","=""2D""","=""5/2""","=""2s.2p.(3P*).3d""","=""2F*""","=""7/2""",6,8,,"=""T7192LS""","=""""",
"=""""","=""137.9192""","=""""","=""7.88e+05""",C+,"=""33.13334""","=""42.12296""","=""2s2.3d""","=""2D""","=""3/2""","=""2s.2p.(3P*).3d""","=""2F*""","=""5/2""",4,6,,"=""T7192LS""","=""""",
"=""""","=""137.9299""","=""""","=""5.63e+04""",D,"=""33.13403""","=""42.12296""","=""2s2.3d""","=""2D""","=""5/2""","=""2s.2p.(3P*).3d""","=""2F*""","=""5/2""",6,6,,"=""T7192LS""","=""""",
"=""""","=""138.6828""","=""""","=""2.18e+08""",B,"=""38.95798""","=""47.89811""","=""2s.2p.(3P*).3p""","=""4S""","=""3/2""","=""2s.2p.(3P*).4d""","=""4P*""","=""1/2""",4,2,,"=""T7192LS""","=""""",
"=""""","=""138.726""","=""""","=""2.13e+04""",C,"=""16.24246""","=""25.17981""","=""2s.2p2""","=""2S""","=""1/2""","=""2p3""","=""2D*""","=""3/2""",2,4,,"=""T6335""","=""""",
"=""""","=""138.7303""","=""""","=""4.14e+08""",B,"=""30.45863""","=""39.39569""","=""2s2.3p""","=""2P*""","=""1/2""","=""2s2.4d""","=""2D""","=""3/2""",2,4,,"=""T7192LS""","=""""",
"=""138.7371""","=""138.7382""","=""150""","=""4.96e+08""",B,"=""30.46308""","=""39.39964""","=""2s2.3p""","=""2P*""","=""3/2""","=""2s2.4d""","=""2D""","=""5/2""",4,6,,"=""T7192LS""","=""L3513""",
"=""""","=""138.7453""","=""""","=""2.18e+08""",B,"=""38.95798""","=""47.89408""","=""2s.2p.(3P*).3p""","=""4S""","=""3/2""","=""2s.2p.(3P*).4d""","=""4P*""","=""3/2""",4,4,,"=""T7192LS""","=""""",
"=""""","=""138.7994""","=""""","=""8.26e+07""",B,"=""30.46308""","=""39.39569""","=""2s2.3p""","=""2P*""","=""3/2""","=""2s2.4d""","=""2D""","=""3/2""",4,4,,"=""T7192LS""","=""""",
"=""""","=""138.8495""","=""""","=""2.18e+08""",B,"=""38.95798""","=""47.88737""","=""2s.2p.(3P*).3p""","=""4S""","=""3/2""","=""2s.2p.(3P*).4d""","=""4P*""","=""5/2""",4,6,,"=""T7192LS""","=""""",
"=""""","=""140.9966""","=""""","=""5.73e+06""",B,"=""33.13334""","=""41.92676""","=""2s2.3d""","=""2D""","=""3/2""","=""2s2.5p""","=""2P*""","=""3/2""",4,4,,"=""T7192LS""","=""""",
"=""""","=""141.0077""","=""""","=""5.16e+07""",B,"=""33.13403""","=""41.92676""","=""2s2.3d""","=""2D""","=""5/2""","=""2s2.5p""","=""2P*""","=""3/2""",6,4,,"=""T7192LS""","=""""",
"=""""","=""141.0129""","=""""","=""5.73e+07""",B,"=""33.13334""","=""41.92574""","=""2s2.3d""","=""2D""","=""3/2""","=""2s2.5p""","=""2P*""","=""1/2""",4,2,,"=""T7192LS""","=""""",
"=""""","=""144.8631""","=""""","=""3.13e+07""",B,"=""39.33939""","=""47.89811""","=""2s.2p.(3P*).3p""","=""4P""","=""1/2""","=""2s.2p.(3P*).4d""","=""4P*""","=""1/2""",2,2,,"=""T7192LS""","=""""",
"=""""","=""144.9313""","=""""","=""7.82e+07""",B,"=""39.33939""","=""47.89408""","=""2s.2p.(3P*).3p""","=""4P""","=""1/2""","=""2s.2p.(3P*).4d""","=""4P*""","=""3/2""",2,4,,"=""T7192LS""","=""""",
"=""""","=""144.9525""","=""""","=""1.56e+08""",B,"=""39.34467""","=""47.89811""","=""2s.2p.(3P*).3p""","=""4P""","=""3/2""","=""2s.2p.(3P*).4d""","=""4P*""","=""1/2""",4,2,,"=""T7192LS""","=""""",
"=""""","=""145.0209""","=""""","=""2.50e+07""",B,"=""39.34467""","=""47.89408""","=""2s.2p.(3P*).3p""","=""4P""","=""3/2""","=""2s.2p.(3P*).4d""","=""4P*""","=""3/2""",4,4,,"=""T7192LS""","=""""",
"=""""","=""145.1347""","=""""","=""5.61e+07""",B,"=""39.34467""","=""47.88737""","=""2s.2p.(3P*).3p""","=""4P""","=""3/2""","=""2s.2p.(3P*).4d""","=""4P*""","=""5/2""",4,6,,"=""T7192LS""","=""""",
"=""""","=""145.1450""","=""""","=""8.41e+07""",B,"=""39.35199""","=""47.89408""","=""2s.2p.(3P*).3p""","=""4P""","=""5/2""","=""2s.2p.(3P*).4d""","=""4P*""","=""3/2""",6,4,,"=""T7192LS""","=""""",
"=""""","=""145.2591""","=""""","=""1.31e+08""",B,"=""39.35199""","=""47.88737""","=""2s.2p.(3P*).3p""","=""4P""","=""5/2""","=""2s.2p.(3P*).4d""","=""4P*""","=""5/2""",6,6,,"=""T7192LS""","=""""",
"=""""","=""146.7020""","=""""","=""4.37e+06""",B,"=""41.47770""","=""49.92913""","=""2s.2p.(3P*).3d""","=""2D*""","=""3/2""","=""2s.2p.(3P*).5p""","=""2P""","=""3/2""",4,4,,"=""T7192LS""","=""""",
"=""""","=""146.7625""","=""""","=""3.93e+07""",B,"=""41.48118""","=""49.92913""","=""2s.2p.(3P*).3d""","=""2D*""","=""5/2""","=""2s.2p.(3P*).5p""","=""2P""","=""3/2""",6,4,,"=""T7192LS""","=""""",
"=""""","=""146.8765""","=""""","=""4.35e+07""",B,"=""41.47770""","=""49.91909""","=""2s.2p.(3P*).3d""","=""2D*""","=""3/2""","=""2s.2p.(3P*).5p""","=""2P""","=""1/2""",4,2,,"=""T7192LS""","=""""",
"=""""","=""147.2151""","=""""","=""2.09e+05""",C,"=""41.26249""","=""49.68446""","=""2s.2p.(3P*).3d""","=""4D*""","=""3/2""","=""2p2.(3P).3s""","=""4P""","=""5/2""",4,6,,"=""T7192LS""","=""""",
"=""""","=""147.2620""","=""""","=""1.87e+06""",B,"=""41.26516""","=""49.68446""","=""2s.2p.(3P*).3d""","=""4D*""","=""5/2""","=""2p2.(3P).3s""","=""4P""","=""5/2""",6,6,,"=""T7192LS""","=""""",
"=""""","=""147.3227""","=""""","=""8.32e+06""",B,"=""41.26864""","=""49.68446""","=""2s.2p.(3P*).3d""","=""4D*""","=""7/2""","=""2p2.(3P).3s""","=""4P""","=""5/2""",8,6,,"=""T7192LS""","=""""",
"=""""","=""147.4022""","=""""","=""5.19e+05""",C+,"=""41.26086""","=""49.67215""","=""2s.2p.(3P*).3d""","=""4D*""","=""1/2""","=""2p2.(3P).3s""","=""4P""","=""3/2""",2,4,,"=""T7192LS""","=""""",
"=""""","=""147.4307""","=""""","=""3.32e+06""",B,"=""41.26249""","=""49.67215""","=""2s.2p.(3P*).3d""","=""4D*""","=""3/2""","=""2p2.(3P).3s""","=""4P""","=""3/2""",4,4,,"=""T7192LS""","=""""",
"=""""","=""147.4776""","=""""","=""6.53e+06""",B,"=""41.26516""","=""49.67215""","=""2s.2p.(3P*).3d""","=""4D*""","=""5/2""","=""2p2.(3P).3s""","=""4P""","=""3/2""",6,4,,"=""T7192LS""","=""""",
"=""""","=""147.5472""","=""""","=""5.18e+06""",B,"=""41.26086""","=""49.66388""","=""2s.2p.(3P*).3d""","=""4D*""","=""1/2""","=""2p2.(3P).3s""","=""4P""","=""1/2""",2,2,,"=""T7192LS""","=""""",
"=""""","=""147.5758""","=""""","=""5.17e+06""",B,"=""41.26249""","=""49.66388""","=""2s.2p.(3P*).3d""","=""4D*""","=""3/2""","=""2p2.(3P).3s""","=""4P""","=""1/2""",4,2,,"=""T7192LS""","=""""",
"=""""","=""148.416""","=""""","=""2.38e+07""",B,"=""39.39569""","=""47.7495""","=""2s2.4d""","=""2D""","=""3/2""","=""2s.2p.(3P*).4d""","=""2D*""","=""3/2""",4,4,,"=""T7192LS""","=""""",
"=""""","=""148.416""","=""""","=""1.76e+06""",B,"=""39.39569""","=""47.7495""","=""2s2.4d""","=""2D""","=""3/2""","=""2s.2p.(3P*).4d""","=""2D*""","=""5/2""",4,6,,"=""T7192LS""","=""""",
"=""""","=""148.486""","=""""","=""2.46e+07""",B,"=""39.39964""","=""47.7495""","=""2s2.4d""","=""2D""","=""5/2""","=""2s.2p.(3P*).4d""","=""2D*""","=""5/2""",6,6,,"=""T7192LS""","=""""",
"=""""","=""148.486""","=""""","=""2.64e+06""",B,"=""39.39964""","=""47.7495""","=""2s2.4d""","=""2D""","=""5/2""","=""2s.2p.(3P*).4d""","=""2D*""","=""3/2""",6,4,,"=""T7192LS""","=""""",
"=""""","=""149.8401""","=""""","=""3.16e+06""",B,"=""43.82105""","=""52.09548""","=""2s.2p.(1P*).3s""","=""2P*""","=""1/2""","=""2s.2p.(3P*).6p""","=""2P""","=""3/2""",2,4,,"=""T7192LS""","=""""",
"=""""","=""149.8444""","=""""","=""1.58e+07""",B,"=""43.82129""","=""52.09548""","=""2s.2p.(1P*).3s""","=""2P*""","=""3/2""","=""2s.2p.(3P*).6p""","=""2P""","=""3/2""",4,4,,"=""T7192LS""","=""""",
"=""""","=""150.0026""","=""""","=""1.26e+07""",B,"=""43.82105""","=""52.08652""","=""2s.2p.(1P*).3s""","=""2P*""","=""1/2""","=""2s.2p.(3P*).6p""","=""2P""","=""1/2""",2,2,,"=""T7192LS""","=""""",
"=""""","=""150.0069""","=""""","=""6.30e+06""",B,"=""43.82129""","=""52.08652""","=""2s.2p.(1P*).3s""","=""2P*""","=""3/2""","=""2s.2p.(3P*).6p""","=""2P""","=""1/2""",4,2,,"=""T7192LS""","=""""",
"=""""","=""150.8746""","=""""","=""1.48e+06""",C+,"=""46.46263""","=""54.68033""","=""2s.2p.(3P*).4p""","=""2P""","=""1/2""","=""2p2.(3P).3p""","=""2S*""","=""1/2""",2,2,,"=""T7192LS""","=""""",
"=""""","=""151.0077""","=""""","=""2.96e+06""",B,"=""46.46987""","=""54.68033""","=""2s.2p.(3P*).4p""","=""2P""","=""3/2""","=""2p2.(3P).3p""","=""2S*""","=""1/2""",4,2,,"=""T7192LS""","=""""",
"=""""","=""151.6967""","=""""","=""6.00e+05""",C+,"=""38.64467""","=""46.81783""","=""2s2.4p""","=""2P*""","=""1/2""","=""2s.2p.(1P*).3p""","=""2P""","=""3/2""",2,4,,"=""T7192LS""","=""""",
"=""""","=""151.7540""","=""""","=""3.00e+06""",B,"=""38.64776""","=""46.81783""","=""2s2.4p""","=""2P*""","=""3/2""","=""2s.2p.(1P*).3p""","=""2P""","=""3/2""",4,4,,"=""T7192LS""","=""""",
"=""""","=""151.7736""","=""""","=""2.40e+06""",C+,"=""38.64467""","=""46.81369""","=""2s2.4p""","=""2P*""","=""1/2""","=""2s.2p.(1P*).3p""","=""2P""","=""1/2""",2,2,,"=""T7192LS""","=""""",
"=""""","=""151.8310""","=""""","=""1.20e+06""",C+,"=""38.64776""","=""46.81369""","=""2s2.4p""","=""2P*""","=""3/2""","=""2s.2p.(1P*).3p""","=""2P""","=""1/2""",4,2,,"=""T7192LS""","=""""",
"=""""","=""154.9780""","=""""","=""2.07e+06""",B,"=""41.68434""","=""49.68446""","=""2s.2p.(3P*).3d""","=""4P*""","=""5/2""","=""2p2.(3P).3s""","=""4P""","=""5/2""",6,6,,"=""T7192LS""","=""""",
"=""""","=""155.1095""","=""""","=""8.84e+05""",C+,"=""41.69112""","=""49.68446""","=""2s.2p.(3P*).3d""","=""4P*""","=""3/2""","=""2p2.(3P).3s""","=""4P""","=""5/2""",4,6,,"=""T7192LS""","=""""",
"=""""","=""155.2168""","=""""","=""1.32e+06""",C+,"=""41.68434""","=""49.67215""","=""2s.2p.(3P*).3d""","=""4P*""","=""5/2""","=""2p2.(3P).3s""","=""4P""","=""3/2""",6,4,,"=""T7192LS""","=""""",
"=""""","=""155.3487""","=""""","=""3.91e+05""",C,"=""41.69112""","=""49.67215""","=""2s.2p.(3P*).3d""","=""4P*""","=""3/2""","=""2p2.(3P).3s""","=""4P""","=""3/2""",4,4,,"=""T7192LS""","=""""",
"=""""","=""155.4332""","=""""","=""1.22e+06""",C+,"=""41.69546""","=""49.67215""","=""2s.2p.(3P*).3d""","=""4P*""","=""1/2""","=""2p2.(3P).3s""","=""4P""","=""3/2""",2,4,,"=""T7192LS""","=""""",
"=""""","=""155.5099""","=""""","=""2.44e+06""",C+,"=""41.69112""","=""49.66388""","=""2s.2p.(3P*).3d""","=""4P*""","=""3/2""","=""2p2.(3P).3s""","=""4P""","=""1/2""",4,2,,"=""T7192LS""","=""""",
"=""""","=""155.5946""","=""""","=""4.86e+05""",C,"=""41.69546""","=""49.66388""","=""2s.2p.(3P*).3d""","=""4P*""","=""1/2""","=""2p2.(3P).3s""","=""4P""","=""1/2""",2,2,,"=""T7192LS""","=""""",
"=""""","=""155.8375""","=""""","=""4.83e+04""",D,"=""25.17804""","=""33.13403""","=""2p3""","=""2D*""","=""5/2""","=""2s2.3d""","=""2D""","=""5/2""",6,6,,"=""T6335""","=""""",
"=""""","=""155.8511""","=""""","=""4.92e+03""",D,"=""25.17804""","=""33.13334""","=""2p3""","=""2D*""","=""5/2""","=""2s2.3d""","=""2D""","=""3/2""",6,4,,"=""T6335""","=""""",
"=""""","=""155.8723""","=""""","=""3.01e+03""",D,"=""25.17981""","=""33.13403""","=""2p3""","=""2D*""","=""3/2""","=""2s2.3d""","=""2D""","=""5/2""",4,6,,"=""T6335""","=""""",
"=""""","=""155.8859""","=""""","=""4.75e+04""",D,"=""25.17981""","=""33.13334""","=""2p3""","=""2D*""","=""3/2""","=""2s2.3d""","=""2D""","=""3/2""",4,4,,"=""T6335""","=""""",
"=""""","=""155.890""","=""""","=""1.07e+08""",B,"=""39.79622""","=""47.7495""","=""2s.2p.(3P*).3p""","=""2D""","=""3/2""","=""2s.2p.(3P*).4d""","=""2D*""","=""3/2""",4,4,,"=""T7192LS""","=""""",
"=""""","=""155.890""","=""""","=""7.91e+06""",B,"=""39.79622""","=""47.7495""","=""2s.2p.(3P*).3p""","=""2D""","=""3/2""","=""2s.2p.(3P*).4d""","=""2D*""","=""5/2""",4,6,,"=""T7192LS""","=""""",
"=""""","=""156.106""","=""""","=""1.10e+08""",B,"=""39.80721""","=""47.7495""","=""2s.2p.(3P*).3p""","=""2D""","=""5/2""","=""2s.2p.(3P*).4d""","=""2D*""","=""5/2""",6,6,,"=""T7192LS""","=""""",
"=""""","=""156.106""","=""""","=""1.18e+07""",B,"=""39.80721""","=""47.7495""","=""2s.2p.(3P*).3p""","=""2D""","=""5/2""","=""2s.2p.(3P*).4d""","=""2D*""","=""3/2""",6,4,,"=""T7192LS""","=""""",
"=""""","=""157.4312""","=""""","=""5.26e+06""",B,"=""30.45863""","=""38.33408""","=""2s2.3p""","=""2P*""","=""1/2""","=""2s.2p.(3P*).3p""","=""2P""","=""3/2""",2,4,,"=""T7192LS""","=""""",
"=""""","=""157.5203""","=""""","=""2.63e+07""",B,"=""30.46308""","=""38.33408""","=""2s2.3p""","=""2P*""","=""3/2""","=""2s.2p.(3P*).3p""","=""2P""","=""3/2""",4,4,,"=""T7192LS""","=""""",
"=""""","=""157.5652""","=""""","=""2.10e+07""",B,"=""30.45863""","=""38.32738""","=""2s2.3p""","=""2P*""","=""1/2""","=""2s.2p.(3P*).3p""","=""2P""","=""1/2""",2,2,,"=""T7192LS""","=""""",
"=""""","=""157.6076""","=""""","=""5.18e+07""",B,"=""46.81369""","=""54.68033""","=""2s.2p.(1P*).3p""","=""2P""","=""1/2""","=""2p2.(3P).3p""","=""2S*""","=""1/2""",2,2,,"=""T7192LS""","=""""",
"=""""","=""157.6544""","=""""","=""1.05e+07""",B,"=""30.46308""","=""38.32738""","=""2s2.3p""","=""2P*""","=""3/2""","=""2s.2p.(3P*).3p""","=""2P""","=""1/2""",4,2,,"=""T7192LS""","=""""",
"=""""","=""157.6907""","=""""","=""1.03e+08""",B,"=""46.81783""","=""54.68033""","=""2s.2p.(1P*).3p""","=""2P""","=""3/2""","=""2p2.(3P).3p""","=""2S*""","=""1/2""",4,2,,"=""T7192LS""","=""""",
"=""""","=""158.4422""","=""""","=""8.77e+06""",B,"=""38.64467""","=""46.46987""","=""2s2.4p""","=""2P*""","=""1/2""","=""2s.2p.(3P*).4p""","=""2P""","=""3/2""",2,4,,"=""T7192LS""","=""""",
"=""""","=""158.5047""","=""""","=""4.38e+07""",B,"=""38.64776""","=""46.46987""","=""2s2.4p""","=""2P*""","=""3/2""","=""2s.2p.(3P*).4p""","=""2P""","=""3/2""",4,4,,"=""T7192LS""","=""""",
"=""""","=""158.5889""","=""""","=""3.50e+07""",B,"=""38.64467""","=""46.46263""","=""2s2.4p""","=""2P*""","=""1/2""","=""2s.2p.(3P*).4p""","=""2P""","=""1/2""",2,2,,"=""T7192LS""","=""""",
"=""""","=""158.6516""","=""""","=""1.75e+07""",B,"=""38.64776""","=""46.46263""","=""2s2.4p""","=""2P*""","=""3/2""","=""2s.2p.(3P*).4p""","=""2P""","=""1/2""",4,2,,"=""T7192LS""","=""""",
"=""""","=""161.2984""","=""""","=""1.01e+06""",C+,"=""36.84205""","=""44.52869""","=""2s.2p.(3P*).3s""","=""2P*""","=""1/2""","=""2s2.7s""","=""2S""","=""1/2""",2,2,,"=""T7192LS""","=""""",
"=""""","=""161.5934""","=""""","=""2.02e+06""",C+,"=""36.85609""","=""44.52869""","=""2s.2p.(3P*).3s""","=""2P*""","=""3/2""","=""2s2.7s""","=""2S""","=""1/2""",4,2,,"=""T7192LS""","=""""",
"=""""","=""166.6275""","=""""","=""5.21e+06""",B,"=""42.48833""","=""49.92913""","=""2s.2p.(3P*).3d""","=""2P*""","=""3/2""","=""2s.2p.(3P*).5p""","=""2P""","=""3/2""",4,4,,"=""T7192LS""","=""""",
"=""""","=""166.8249""","=""""","=""1.04e+06""",C+,"=""42.49713""","=""49.92913""","=""2s.2p.(3P*).3d""","=""2P*""","=""1/2""","=""2s.2p.(3P*).5p""","=""2P""","=""3/2""",2,4,,"=""T7192LS""","=""""",
"=""""","=""166.8527""","=""""","=""2.08e+06""",C+,"=""42.48833""","=""49.91909""","=""2s.2p.(3P*).3d""","=""2P*""","=""3/2""","=""2s.2p.(3P*).5p""","=""2P""","=""1/2""",4,2,,"=""T7192LS""","=""""",
"=""""","=""167.0506""","=""""","=""4.14e+06""",B,"=""42.49713""","=""49.91909""","=""2s.2p.(3P*).3d""","=""2P*""","=""1/2""","=""2s.2p.(3P*).5p""","=""2P""","=""1/2""",2,2,,"=""T7192LS""","=""""",
"=""""","=""169.4786""","=""""","=""7.59e+06""",B,"=""38.39689""","=""45.71252""","=""2s.2p.(3P*).3p""","=""4D""","=""3/2""","=""2s.2p.(3P*).4s""","=""4P*""","=""5/2""",4,6,,"=""T7192LS""","=""""",
"=""""","=""169.6560""","=""""","=""6.81e+07""",B,"=""38.40454""","=""45.71252""","=""2s.2p.(3P*).3p""","=""4D""","=""5/2""","=""2s.2p.(3P*).4s""","=""4P*""","=""5/2""",6,6,,"=""T7192LS""","=""""",
"=""""","=""169.7156""","=""""","=""1.89e+07""",B,"=""38.39248""","=""45.69789""","=""2s.2p.(3P*).3p""","=""4D""","=""1/2""","=""2s.2p.(3P*).4s""","=""4P*""","=""3/2""",2,4,,"=""T7192LS""","=""""",
"=""""","=""169.8182""","=""""","=""1.21e+08""",B,"=""38.39689""","=""45.69789""","=""2s.2p.(3P*).3p""","=""4D""","=""3/2""","=""2s.2p.(3P*).4s""","=""4P*""","=""3/2""",4,4,,"=""T7192LS""","=""""",
"=""""","=""169.8999""","=""""","=""1.88e+08""",B,"=""38.39248""","=""45.68996""","=""2s.2p.(3P*).3p""","=""4D""","=""1/2""","=""2s.2p.(3P*).4s""","=""4P*""","=""1/2""",2,2,,"=""T7192LS""","=""""",
"=""""","=""169.9336""","=""""","=""3.01e+08""",B,"=""38.41648""","=""45.71252""","=""2s.2p.(3P*).3p""","=""4D""","=""7/2""","=""2s.2p.(3P*).4s""","=""4P*""","=""5/2""",8,6,,"=""T7192LS""","=""""",
"=""""","=""169.9963""","=""""","=""2.37e+08""",B,"=""38.40454""","=""45.69789""","=""2s.2p.(3P*).3p""","=""4D""","=""5/2""","=""2s.2p.(3P*).4s""","=""4P*""","=""3/2""",6,4,,"=""T7192LS""","=""""",
"=""""","=""170.0027""","=""""","=""1.88e+08""",B,"=""38.39689""","=""45.68996""","=""2s.2p.(3P*).3p""","=""4D""","=""3/2""","=""2s.2p.(3P*).4s""","=""4P*""","=""1/2""",4,2,,"=""T7192LS""","=""""",
"=""""","=""171.9581""","=""""","=""1.29e+07""",C+,"=""40.94356""","=""48.15370""","=""2s.2p.(3P*).3d""","=""4F*""","=""3/2""","=""2s.2p.(3P*).4f""","=""4D""","=""1/2""",4,2,,"=""T7192LS""","=""""",
"=""""","=""172.0439""","=""""","=""2.57e+06""",C,"=""40.94356""","=""48.15011""","=""2s.2p.(3P*).3d""","=""4F*""","=""3/2""","=""2s.2p.(3P*).4f""","=""4D""","=""3/2""",4,4,,"=""T7192LS""","=""""",
"=""""","=""172.1458""","=""""","=""1.03e+07""",C+,"=""40.94783""","=""48.15011""","=""2s.2p.(3P*).3d""","=""4F*""","=""5/2""","=""2s.2p.(3P*).4f""","=""4D""","=""3/2""",6,4,,"=""T7192LS""","=""""",
"=""""","=""172.1846""","=""""","=""1.22e+05""",D,"=""40.94356""","=""48.14422""","=""2s.2p.(3P*).3d""","=""4F*""","=""3/2""","=""2s.2p.(3P*).4f""","=""4D""","=""5/2""",4,6,,"=""T7192LS""","=""""",
"=""""","=""172.2867""","=""""","=""2.23e+06""",C+,"=""40.94783""","=""48.14422""","=""2s.2p.(3P*).3d""","=""4F*""","=""5/2""","=""2s.2p.(3P*).4f""","=""4D""","=""5/2""",6,6,,"=""T7192LS""","=""""",
"=""""","=""172.3951""","=""""","=""6.62e+04""",D,"=""40.94783""","=""48.13969""","=""2s.2p.(3P*).3d""","=""4F*""","=""5/2""","=""2s.2p.(3P*).4f""","=""4D""","=""7/2""",6,8,,"=""T7192LS""","=""""",
"=""""","=""172.4411""","=""""","=""1.04e+07""",C+,"=""40.95427""","=""48.14422""","=""2s.2p.(3P*).3d""","=""4F*""","=""7/2""","=""2s.2p.(3P*).4f""","=""4D""","=""5/2""",8,6,,"=""T7192LS""","=""""",
"=""""","=""172.5498""","=""""","=""1.30e+06""",C,"=""40.95427""","=""48.13969""","=""2s.2p.(3P*).3d""","=""4F*""","=""7/2""","=""2s.2p.(3P*).4f""","=""4D""","=""7/2""",8,8,,"=""T7192LS""","=""""",
"=""""","=""172.7626""","=""""","=""1.13e+07""",C+,"=""40.96313""","=""48.13969""","=""2s.2p.(3P*).3d""","=""4F*""","=""9/2""","=""2s.2p.(3P*).4f""","=""4D""","=""7/2""",10,8,,"=""T7192LS""","=""""",
"=""""","=""172.9834""","=""""","=""1.12e+09""",C+,"=""40.94356""","=""48.11096""","=""2s.2p.(3P*).3d""","=""4F*""","=""3/2""","=""2s.2p.(3P*).4f""","=""4G""","=""5/2""",4,6,,"=""T7192LS""","=""""",
"=""""","=""172.9897""","=""""","=""1.30e+09""",C+,"=""40.96313""","=""48.13027""","=""2s.2p.(3P*).3d""","=""4F*""","=""9/2""","=""2s.2p.(3P*).4f""","=""4G""","=""11/2""",10,12,,"=""T7192LS""","=""""",
"=""172.9945""","=""172.9945""","=""250""","=""1.19e+09""",C+,"=""40.95427""","=""48.12122""","=""2s.2p.(3P*).3d""","=""4F*""","=""7/2""","=""2s.2p.(3P*).4f""","=""4G""","=""9/2""",8,10,,"=""T7192LS""","=""L3513""",
"=""""","=""173.0002""","=""""","=""1.12e+09""",C+,"=""40.94783""","=""48.11454""","=""2s.2p.(3P*).3d""","=""4F*""","=""5/2""","=""2s.2p.(3P*).4f""","=""4G""","=""7/2""",6,8,,"=""T7192LS""","=""""",
"=""""","=""173.0864""","=""""","=""1.80e+08""",C+,"=""40.94783""","=""48.11096""","=""2s.2p.(3P*).3d""","=""4F*""","=""5/2""","=""2s.2p.(3P*).4f""","=""4G""","=""5/2""",6,6,,"=""T7192LS""","=""""",
"=""""","=""173.1560""","=""""","=""1.76e+08""",C+,"=""40.95427""","=""48.11454""","=""2s.2p.(3P*).3d""","=""4F*""","=""7/2""","=""2s.2p.(3P*).4f""","=""4G""","=""7/2""",8,8,,"=""T7192LS""","=""""",
"=""""","=""173.2085""","=""""","=""1.08e+08""",C+,"=""40.96313""","=""48.12122""","=""2s.2p.(3P*).3d""","=""4F*""","=""9/2""","=""2s.2p.(3P*).4f""","=""4G""","=""9/2""",10,10,,"=""T7192LS""","=""""",
"=""""","=""173.2424""","=""""","=""6.49e+06""",C+,"=""40.95427""","=""48.11096""","=""2s.2p.(3P*).3d""","=""4F*""","=""7/2""","=""2s.2p.(3P*).4f""","=""4G""","=""5/2""",8,6,,"=""T7192LS""","=""""",
"=""""","=""173.3703""","=""""","=""3.93e+06""",C+,"=""40.96313""","=""48.11454""","=""2s.2p.(3P*).3d""","=""4F*""","=""9/2""","=""2s.2p.(3P*).4f""","=""4G""","=""7/2""",10,8,,"=""T7192LS""","=""""",
"=""""","=""173.7595""","=""""","=""3.05e+06""",B,"=""46.71110""","=""53.84649""","=""2s.2p.(3P*).4p""","=""4D""","=""1/2""","=""2s.2p.(3P*).8d""","=""4D*""","=""1/2""",2,2,,"=""T7192LS""","=""""",
"=""""","=""173.7595""","=""""","=""1.53e+06""",B,"=""46.71110""","=""53.84649""","=""2s.2p.(3P*).4p""","=""4D""","=""1/2""","=""2s.2p.(3P*).8d""","=""4D*""","=""3/2""",2,4,,"=""T7192LS""","=""""",
"=""""","=""173.8964""","=""""","=""2.44e+06""",B,"=""46.71671""","=""53.84649""","=""2s.2p.(3P*).4p""","=""4D""","=""3/2""","=""2s.2p.(3P*).8d""","=""4D*""","=""3/2""",4,4,,"=""T7192LS""","=""""",
"=""""","=""173.8964""","=""""","=""3.05e+06""",B,"=""46.71671""","=""53.84649""","=""2s.2p.(3P*).4p""","=""4D""","=""3/2""","=""2s.2p.(3P*).8d""","=""4D*""","=""1/2""",4,2,,"=""T7192LS""","=""""",
"=""""","=""173.8964""","=""""","=""1.42e+06""",B,"=""46.71671""","=""53.84649""","=""2s.2p.(3P*).4p""","=""4D""","=""3/2""","=""2s.2p.(3P*).8d""","=""4D*""","=""5/2""",4,6,,"=""T7192LS""","=""""",
"=""""","=""174.0814""","=""""","=""3.48e+06""",B,"=""46.72429""","=""53.84649""","=""2s.2p.(3P*).4p""","=""4D""","=""5/2""","=""2s.2p.(3P*).8d""","=""4D*""","=""5/2""",6,6,,"=""T7192LS""","=""""",
"=""""","=""174.0814""","=""""","=""2.13e+06""",B,"=""46.72429""","=""53.84649""","=""2s.2p.(3P*).4p""","=""4D""","=""5/2""","=""2s.2p.(3P*).8d""","=""4D*""","=""3/2""",6,4,,"=""T7192LS""","=""""",
"=""""","=""174.0814""","=""""","=""8.66e+05""",B,"=""46.72429""","=""53.84649""","=""2s.2p.(3P*).4p""","=""4D""","=""5/2""","=""2s.2p.(3P*).8d""","=""4D*""","=""7/2""",6,8,,"=""T7192LS""","=""""",
"=""""","=""174.2789""","=""""","=""6.16e+05""",C+,"=""36.84205""","=""43.95618""","=""2s.2p.(3P*).3s""","=""2P*""","=""1/2""","=""2s2.6d""","=""2D""","=""3/2""",2,4,,"=""T7192LS""","=""""",
"=""""","=""174.3497""","=""""","=""5.18e+06""",B,"=""46.73525""","=""53.84649""","=""2s.2p.(3P*).4p""","=""4D""","=""7/2""","=""2s.2p.(3P*).8d""","=""4D*""","=""7/2""",8,8,,"=""T7192LS""","=""""",
"=""""","=""174.3497""","=""""","=""1.15e+06""",B,"=""46.73525""","=""53.84649""","=""2s.2p.(3P*).4p""","=""4D""","=""7/2""","=""2s.2p.(3P*).8d""","=""4D*""","=""5/2""",8,6,,"=""T7192LS""","=""""",
"=""""","=""174.6234""","=""""","=""7.34e+05""",B,"=""36.85609""","=""43.95618""","=""2s.2p.(3P*).3s""","=""2P*""","=""3/2""","=""2s2.6d""","=""2D""","=""5/2""",4,6,,"=""T7192LS""","=""""",
"=""""","=""174.6234""","=""""","=""1.22e+05""",C,"=""36.85609""","=""43.95618""","=""2s.2p.(3P*).3s""","=""2P*""","=""3/2""","=""2s2.6d""","=""2D""","=""3/2""",4,4,,"=""T7192LS""","=""""",
"=""""","=""174.6823""","=""""","=""9.49e+00""",C,"=""0.00000""","=""7.09770""","=""2s2.2p""","=""2P*""","=""1/2""","=""2s.2p2""","=""4P""","=""3/2""",2,4,,"=""T6335n,T6079""","=""""",
"=""174.7848""","=""174.7848""","=""570""","=""1.28e+08""",B,"=""18.08628""","=""25.17981""","=""2s.2p2""","=""2P""","=""1/2""","=""2p3""","=""2D*""","=""3/2""",2,4,,"=""T6335n""","=""L3513""",
"=""""","=""174.8646""","=""""","=""4.97e+02""",C,"=""0.00000""","=""7.09030""","=""2s2.2p""","=""2P*""","=""1/2""","=""2s.2p2""","=""4P""","=""1/2""",2,2,,"=""T6335n,T6079""","=""""",
"=""""","=""174.9674""","=""""","=""3.08e+02""",C+,"=""0.02162""","=""7.10775""","=""2s2.2p""","=""2P*""","=""3/2""","=""2s.2p2""","=""4P""","=""5/2""",4,6,,"=""T6079""","=""""",
"=""175.1218""","=""175.1218""","=""350""","=""2.48e+07""",B,"=""18.09993""","=""25.17981""","=""2s.2p2""","=""2P""","=""3/2""","=""2p3""","=""2D*""","=""3/2""",4,4,,"=""T6335n""","=""L3513""",
"=""175.1657""","=""175.1657""","=""650""","=""1.51e+08""",B,"=""18.09993""","=""25.17804""","=""2s.2p2""","=""2P""","=""3/2""","=""2p3""","=""2D*""","=""5/2""",4,6,,"=""T6335n""","=""L3513""",
"=""""","=""175.2160""","=""""","=""6.50e+01""",C,"=""0.02162""","=""7.09770""","=""2s2.2p""","=""2P*""","=""3/2""","=""2s.2p2""","=""4P""","=""3/2""",4,4,,"=""T6335n,T6079""","=""""",
"=""""","=""175.3995""","=""""","=""5.22e+02""",C,"=""0.02162""","=""7.09030""","=""2s2.2p""","=""2P*""","=""3/2""","=""2s.2p2""","=""4P""","=""1/2""",4,2,,"=""T6335n,T6079""","=""""",
"=""""","=""176.2093""","=""""","=""1.59e+07""",C+,"=""40.94356""","=""47.97975""","=""2s.2p.(3P*).3d""","=""4F*""","=""3/2""","=""2s.2p.(3P*).4f""","=""4F""","=""5/2""",4,6,,"=""T7192LS""","=""""",
"=""""","=""176.2441""","=""""","=""9.55e+07""",C+,"=""40.94356""","=""47.97836""","=""2s.2p.(3P*).3d""","=""4F*""","=""3/2""","=""2s.2p.(3P*).4f""","=""4F""","=""3/2""",4,4,,"=""T7192LS""","=""""",
"=""""","=""176.2599""","=""""","=""1.60e+07""",C+,"=""40.94783""","=""47.98200""","=""2s.2p.(3P*).3d""","=""4F*""","=""5/2""","=""2s.2p.(3P*).4f""","=""4F""","=""7/2""",6,8,,"=""T7192LS""","=""""",
"=""""","=""176.3162""","=""""","=""8.20e+07""",C+,"=""40.94783""","=""47.97975""","=""2s.2p.(3P*).3d""","=""4F*""","=""5/2""","=""2s.2p.(3P*).4f""","=""4F""","=""5/2""",6,6,,"=""T7192LS""","=""""",
"=""""","=""176.3510""","=""""","=""2.38e+07""",C+,"=""40.94783""","=""47.97836""","=""2s.2p.(3P*).3d""","=""4F*""","=""5/2""","=""2s.2p.(3P*).4f""","=""4F""","=""3/2""",6,4,,"=""T7192LS""","=""""",
"=""""","=""176.3836""","=""""","=""9.86e+06""",C+,"=""40.95427""","=""47.98351""","=""2s.2p.(3P*).3d""","=""4F*""","=""7/2""","=""2s.2p.(3P*).4f""","=""4F""","=""9/2""",8,10,,"=""T7192LS""","=""""",
"=""""","=""176.4216""","=""""","=""9.07e+07""",C+,"=""40.95427""","=""47.98200""","=""2s.2p.(3P*).3d""","=""4F*""","=""7/2""","=""2s.2p.(3P*).4f""","=""4F""","=""7/2""",8,8,,"=""T7192LS""","=""""",
"=""""","=""176.4780""","=""""","=""2.12e+07""",C+,"=""40.95427""","=""47.97975""","=""2s.2p.(3P*).3d""","=""4F*""","=""7/2""","=""2s.2p.(3P*).4f""","=""4F""","=""5/2""",8,6,,"=""T7192LS""","=""""",
"=""""","=""176.6061""","=""""","=""1.09e+08""",C+,"=""40.96313""","=""47.98351""","=""2s.2p.(3P*).3d""","=""4F*""","=""9/2""","=""2s.2p.(3P*).4f""","=""4F""","=""9/2""",10,10,,"=""T7192LS""","=""""",
"=""""","=""176.6441""","=""""","=""1.23e+07""",C+,"=""40.96313""","=""47.98200""","=""2s.2p.(3P*).3d""","=""4F*""","=""9/2""","=""2s.2p.(3P*).4f""","=""4F""","=""7/2""",10,8,,"=""T7192LS""","=""""",
"=""""","=""179.235""","=""""","=""6.90e+00""",D,"=""16.24246""","=""23.15989""","=""2s.2p2""","=""2S""","=""1/2""","=""2p3""","=""4S*""","=""3/2""",2,4,,"=""T6335""","=""""",
"=""""","=""179.874""","=""""","=""1.01e+08""",C+,"=""41.26086""","=""48.15370""","=""2s.2p.(3P*).3d""","=""4D*""","=""1/2""","=""2s.2p.(3P*).4f""","=""4D""","=""1/2""",2,2,,"=""T7192LS""","=""""",
"=""""","=""179.916""","=""""","=""1.01e+08""",C+,"=""41.26249""","=""48.15370""","=""2s.2p.(3P*).3d""","=""4D*""","=""3/2""","=""2s.2p.(3P*).4f""","=""4D""","=""1/2""",4,2,,"=""T7192LS""","=""""",
"=""""","=""179.968""","=""""","=""5.05e+07""",C+,"=""41.26086""","=""48.15011""","=""2s.2p.(3P*).3d""","=""4D*""","=""1/2""","=""2s.2p.(3P*).4f""","=""4D""","=""3/2""",2,4,,"=""T7192LS""","=""""",
"=""""","=""180.010""","=""""","=""8.08e+07""",C+,"=""41.26249""","=""48.15011""","=""2s.2p.(3P*).3d""","=""4D*""","=""3/2""","=""2s.2p.(3P*).4f""","=""4D""","=""3/2""",4,4,,"=""T7192LS""","=""""",
"=""""","=""180.080""","=""""","=""7.06e+07""",C+,"=""41.26516""","=""48.15011""","=""2s.2p.(3P*).3d""","=""4D*""","=""5/2""","=""2s.2p.(3P*).4f""","=""4D""","=""3/2""",6,4,,"=""T7192LS""","=""""",
"=""""","=""180.164""","=""""","=""4.70e+07""",C+,"=""41.26249""","=""48.14422""","=""2s.2p.(3P*).3d""","=""4D*""","=""3/2""","=""2s.2p.(3P*).4f""","=""4D""","=""5/2""",4,6,,"=""T7192LS""","=""""",
"=""""","=""180.234""","=""""","=""1.15e+08""",C+,"=""41.26516""","=""48.14422""","=""2s.2p.(3P*).3d""","=""4D*""","=""5/2""","=""2s.2p.(3P*).4f""","=""4D""","=""5/2""",6,6,,"=""T7192LS""","=""""",
"=""""","=""180.325""","=""""","=""3.82e+07""",C+,"=""41.26864""","=""48.14422""","=""2s.2p.(3P*).3d""","=""4D*""","=""7/2""","=""2s.2p.(3P*).4f""","=""4D""","=""5/2""",8,6,,"=""T7192LS""","=""""",
"=""""","=""180.353""","=""""","=""2.86e+07""",C+,"=""41.26516""","=""48.13969""","=""2s.2p.(3P*).3d""","=""4D*""","=""5/2""","=""2s.2p.(3P*).4f""","=""4D""","=""7/2""",6,8,,"=""T7192LS""","=""""",
"=""""","=""180.444""","=""""","=""1.72e+08""",C+,"=""41.26864""","=""48.13969""","=""2s.2p.(3P*).3d""","=""4D*""","=""7/2""","=""2s.2p.(3P*).4f""","=""4D""","=""7/2""",8,8,,"=""T7192LS""","=""""",
"=""180.4486""","=""180.449""","=""150""","=""2.49e+08""",B,"=""30.45863""","=""37.32948""","=""2s2.3p""","=""2P*""","=""1/2""","=""2s2.4s""","=""2S""","=""1/2""",2,2,,"=""T7192LS""","=""L3513""",
"=""180.5669""","=""180.566""","=""200""","=""4.96e+08""",B,"=""30.46308""","=""37.32948""","=""2s2.3p""","=""2P*""","=""3/2""","=""2s2.4s""","=""2S""","=""1/2""",4,2,,"=""T7192LS""","=""L3513""",
"=""""","=""180.996""","=""""","=""2.13e+07""",B,"=""38.64467""","=""45.4948""","=""2s2.4p""","=""2P*""","=""1/2""","=""2s2.8d""","=""2D""","=""3/2""",2,4,,"=""T7192LS""","=""""",
"=""""","=""181.078""","=""""","=""2.55e+07""",B,"=""38.64776""","=""45.4948""","=""2s2.4p""","=""2P*""","=""3/2""","=""2s2.8d""","=""2D""","=""5/2""",4,6,,"=""T7192LS""","=""""",
"=""""","=""181.078""","=""""","=""4.25e+06""",B,"=""38.64776""","=""45.4948""","=""2s2.4p""","=""2P*""","=""3/2""","=""2s2.8d""","=""2D""","=""3/2""",4,4,,"=""T7192LS""","=""""",
"=""""","=""181.632""","=""""","=""1.73e+06""",B,"=""47.02722""","=""53.85335""","=""2s.2p.(3P*).4p""","=""4P""","=""1/2""","=""2s.2p.(3P*).8d""","=""4P*""","=""1/2""",2,2,,"=""T7192LS""","=""""",
"=""""","=""181.632""","=""""","=""4.32e+06""",B,"=""47.02722""","=""53.85335""","=""2s.2p.(3P*).4p""","=""4P""","=""1/2""","=""2s.2p.(3P*).8d""","=""4P*""","=""3/2""",2,4,,"=""T7192LS""","=""""",
"=""""","=""181.779""","=""""","=""1.38e+06""",B,"=""47.03276""","=""53.85335""","=""2s.2p.(3P*).4p""","=""4P""","=""3/2""","=""2s.2p.(3P*).8d""","=""4P*""","=""3/2""",4,4,,"=""T7192LS""","=""""",
"=""""","=""181.779""","=""""","=""8.62e+06""",B,"=""47.03276""","=""53.85335""","=""2s.2p.(3P*).4p""","=""4P""","=""3/2""","=""2s.2p.(3P*).8d""","=""4P*""","=""1/2""",4,2,,"=""T7192LS""","=""""",
"=""""","=""181.779""","=""""","=""3.10e+06""",B,"=""47.03276""","=""53.85335""","=""2s.2p.(3P*).4p""","=""4P""","=""3/2""","=""2s.2p.(3P*).8d""","=""4P*""","=""5/2""",4,6,,"=""T7192LS""","=""""",
"=""""","=""181.815""","=""""","=""8.76e+06""",B,"=""47.02722""","=""53.84649""","=""2s.2p.(3P*).4p""","=""4P""","=""1/2""","=""2s.2p.(3P*).8d""","=""4D*""","=""3/2""",2,4,,"=""T7192LS""","=""""",
"=""""","=""181.815""","=""""","=""1.75e+07""",B,"=""47.02722""","=""53.84649""","=""2s.2p.(3P*).4p""","=""4P""","=""1/2""","=""2s.2p.(3P*).8d""","=""4D*""","=""1/2""",2,2,,"=""T7192LS""","=""""",
"=""""","=""181.954""","=""""","=""7.22e+06""",B,"=""47.03931""","=""53.85335""","=""2s.2p.(3P*).4p""","=""4P""","=""5/2""","=""2s.2p.(3P*).8d""","=""4P*""","=""5/2""",6,6,,"=""T7192LS""","=""""",
"=""""","=""181.954""","=""""","=""4.64e+06""",B,"=""47.03931""","=""53.85335""","=""2s.2p.(3P*).4p""","=""4P""","=""5/2""","=""2s.2p.(3P*).8d""","=""4P*""","=""3/2""",6,4,,"=""T7192LS""","=""""",
"=""""","=""181.962""","=""""","=""1.47e+07""",B,"=""47.03276""","=""53.84649""","=""2s.2p.(3P*).4p""","=""4P""","=""3/2""","=""2s.2p.(3P*).8d""","=""4D*""","=""5/2""",4,6,,"=""T7192LS""","=""""",
"=""""","=""181.962""","=""""","=""1.12e+07""",B,"=""47.03276""","=""53.84649""","=""2s.2p.(3P*).4p""","=""4P""","=""3/2""","=""2s.2p.(3P*).8d""","=""4D*""","=""3/2""",4,4,,"=""T7192LS""","=""""",
"=""""","=""181.962""","=""""","=""3.49e+06""",B,"=""47.03276""","=""53.84649""","=""2s.2p.(3P*).4p""","=""4P""","=""3/2""","=""2s.2p.(3P*).8d""","=""4D*""","=""1/2""",4,2,,"=""T7192LS""","=""""",
"=""""","=""182.137""","=""""","=""2.09e+07""",B,"=""47.03931""","=""53.84649""","=""2s.2p.(3P*).4p""","=""4P""","=""5/2""","=""2s.2p.(3P*).8d""","=""4D*""","=""7/2""",6,8,,"=""T7192LS""","=""""",
"=""""","=""182.137""","=""""","=""6.27e+06""",B,"=""47.03931""","=""53.84649""","=""2s.2p.(3P*).4p""","=""4P""","=""5/2""","=""2s.2p.(3P*).8d""","=""4D*""","=""5/2""",6,6,,"=""T7192LS""","=""""",
"=""""","=""182.137""","=""""","=""1.05e+06""",B,"=""47.03931""","=""53.84649""","=""2s.2p.(3P*).4p""","=""4P""","=""5/2""","=""2s.2p.(3P*).8d""","=""4D*""","=""3/2""",6,4,,"=""T7192LS""","=""""",
"=""""","=""183.557""","=""""","=""3.55e+07""",B,"=""38.95798""","=""45.71252""","=""2s.2p.(3P*).3p""","=""4S""","=""3/2""","=""2s.2p.(3P*).4s""","=""4P*""","=""5/2""",4,6,,"=""T7192LS""","=""""",
"=""""","=""183.955""","=""""","=""3.52e+07""",B,"=""38.95798""","=""45.69789""","=""2s.2p.(3P*).3p""","=""4S""","=""3/2""","=""2s.2p.(3P*).4s""","=""4P*""","=""3/2""",4,4,,"=""T7192LS""","=""""",
"=""""","=""184.172""","=""""","=""3.51e+07""",B,"=""38.95798""","=""45.68996""","=""2s.2p.(3P*).3p""","=""4S""","=""3/2""","=""2s.2p.(3P*).4s""","=""4P*""","=""1/2""",4,2,,"=""T7192LS""","=""""",
"=""""","=""184.569""","=""""","=""7.73e+08""",C+,"=""41.26086""","=""47.97836""","=""2s.2p.(3P*).3d""","=""4D*""","=""1/2""","=""2s.2p.(3P*).4f""","=""4F""","=""3/2""",2,4,,"=""T7192LS""","=""""",
"=""""","=""184.575""","=""""","=""8.28e+08""",C+,"=""41.26249""","=""47.97975""","=""2s.2p.(3P*).3d""","=""4D*""","=""3/2""","=""2s.2p.(3P*).4f""","=""4F""","=""5/2""",4,6,,"=""T7192LS""","=""""",
"=""""","=""184.587""","=""""","=""9.47e+08""",C+,"=""41.26516""","=""47.98200""","=""2s.2p.(3P*).3d""","=""4D*""","=""5/2""","=""2s.2p.(3P*).4f""","=""4F""","=""7/2""",6,8,,"=""T7192LS""","=""""",
"=""""","=""184.614""","=""""","=""3.09e+08""",C+,"=""41.26249""","=""47.97836""","=""2s.2p.(3P*).3d""","=""4D*""","=""3/2""","=""2s.2p.(3P*).4f""","=""4F""","=""3/2""",4,4,,"=""T7192LS""","=""""",
"=""184.642""","=""184.641""","=""150""","=""1.10e+09""",C+,"=""41.26864""","=""47.98351""","=""2s.2p.(3P*).3d""","=""4D*""","=""7/2""","=""2s.2p.(3P*).4f""","=""4F""","=""9/2""",8,10,,"=""T7192LS""","=""L3513""",
"=""""","=""184.649""","=""""","=""2.68e+08""",C+,"=""41.26516""","=""47.97975""","=""2s.2p.(3P*).3d""","=""4D*""","=""5/2""","=""2s.2p.(3P*).4f""","=""4F""","=""5/2""",6,6,,"=""T7192LS""","=""""",
"=""""","=""184.683""","=""""","=""1.57e+08""",C+,"=""41.26864""","=""47.98200""","=""2s.2p.(3P*).3d""","=""4D*""","=""7/2""","=""2s.2p.(3P*).4f""","=""4F""","=""7/2""",8,8,,"=""T7192LS""","=""""",
"=""""","=""184.687""","=""""","=""2.20e+07""",C+,"=""41.26516""","=""47.97836""","=""2s.2p.(3P*).3d""","=""4D*""","=""5/2""","=""2s.2p.(3P*).4f""","=""4F""","=""3/2""",6,4,,"=""T7192LS""","=""""",
"=""""","=""184.745""","=""""","=""1.06e+07""",C+,"=""41.26864""","=""47.97975""","=""2s.2p.(3P*).3d""","=""4D*""","=""7/2""","=""2s.2p.(3P*).4f""","=""4F""","=""5/2""",8,6,,"=""T7192LS""","=""""",
"=""""","=""187.604""","=""""","=""1.10e+07""",B,"=""38.64467""","=""45.25351""","=""2s2.4p""","=""2P*""","=""1/2""","=""2s2.8s""","=""2S""","=""1/2""",2,2,,"=""T7192LS""","=""""",
"=""""","=""187.691""","=""""","=""2.20e+07""",B,"=""38.64776""","=""45.25351""","=""2s2.4p""","=""2P*""","=""3/2""","=""2s2.8s""","=""2S""","=""1/2""",4,2,,"=""T7192LS""","=""""",
"=""188.506""","=""188.506""","=""350""","=""1.10e+09""",C+,"=""33.13334""","=""39.71055""","=""2s2.3d""","=""2D""","=""3/2""","=""2s2.4f""","=""2F*""","=""5/2""",4,6,,"=""T7192LS""","=""L3513""",
"=""188.522""","=""188.522""","=""400""","=""1.17e+09""",C+,"=""33.13403""","=""39.71069""","=""2s2.3d""","=""2D""","=""5/2""","=""2s2.4f""","=""2F*""","=""7/2""",6,8,,"=""T7192LS""","=""L3513""",
"=""""","=""188.526""","=""""","=""7.83e+07""",C+,"=""33.13403""","=""39.71055""","=""2s2.3d""","=""2D""","=""5/2""","=""2s2.4f""","=""2F*""","=""5/2""",6,6,,"=""T7192LS""","=""""",
"=""""","=""189.624""","=""""","=""1.96e+05""",C,"=""46.71110""","=""53.24951""","=""2s.2p.(3P*).4p""","=""4D""","=""1/2""","=""2s.2p.(3P*).7d""","=""4P*""","=""1/2""",2,2,,"=""T7192LS""","=""""",
"=""""","=""189.624""","=""""","=""1.96e+04""",D,"=""46.71110""","=""53.24951""","=""2s.2p.(3P*).4p""","=""4D""","=""1/2""","=""2s.2p.(3P*).7d""","=""4P*""","=""3/2""",2,4,,"=""T7192LS""","=""""",
"=""""","=""189.787""","=""""","=""1.95e+05""",C,"=""46.71671""","=""53.24951""","=""2s.2p.(3P*).4p""","=""4D""","=""3/2""","=""2s.2p.(3P*).7d""","=""4P*""","=""1/2""",4,2,,"=""T7192LS""","=""""",
"=""""","=""189.787""","=""""","=""1.25e+05""",C,"=""46.71671""","=""53.24951""","=""2s.2p.(3P*).4p""","=""4D""","=""3/2""","=""2s.2p.(3P*).7d""","=""4P*""","=""3/2""",4,4,,"=""T7192LS""","=""""",
"=""""","=""189.787""","=""""","=""7.80e+03""",D,"=""46.71671""","=""53.24951""","=""2s.2p.(3P*).4p""","=""4D""","=""3/2""","=""2s.2p.(3P*).7d""","=""4P*""","=""5/2""",4,6,,"=""T7192LS""","=""""",
"=""""","=""189.848""","=""""","=""2.35e+06""",B,"=""36.84205""","=""43.37275""","=""2s.2p.(3P*).3s""","=""2P*""","=""1/2""","=""2s2.6s""","=""2S""","=""1/2""",2,2,,"=""T7192LS""","=""""",
"=""""","=""189.888""","=""""","=""4.23e+06""",B,"=""46.71110""","=""53.24041""","=""2s.2p.(3P*).4p""","=""4D""","=""1/2""","=""2s.2p.(3P*).7d""","=""4D*""","=""1/2""",2,2,,"=""T7192LS""","=""""",
"=""""","=""189.888""","=""""","=""2.12e+06""",B,"=""46.71110""","=""53.24041""","=""2s.2p.(3P*).4p""","=""4D""","=""1/2""","=""2s.2p.(3P*).7d""","=""4D*""","=""3/2""",2,4,,"=""T7192LS""","=""""",
"=""""","=""190.008""","=""""","=""2.45e+05""",C+,"=""46.72429""","=""53.24951""","=""2s.2p.(3P*).4p""","=""4D""","=""5/2""","=""2s.2p.(3P*).7d""","=""4P*""","=""3/2""",6,4,,"=""T7192LS""","=""""",
"=""""","=""190.008""","=""""","=""7.00e+04""",C,"=""46.72429""","=""53.24951""","=""2s.2p.(3P*).4p""","=""4D""","=""5/2""","=""2s.2p.(3P*).7d""","=""4P*""","=""5/2""",6,6,,"=""T7192LS""","=""""",
"=""""","=""190.052""","=""""","=""3.38e+06""",B,"=""46.71671""","=""53.24041""","=""2s.2p.(3P*).4p""","=""4D""","=""3/2""","=""2s.2p.(3P*).7d""","=""4D*""","=""3/2""",4,4,,"=""T7192LS""","=""""",
"=""""","=""190.052""","=""""","=""4.22e+06""",B,"=""46.71671""","=""53.24041""","=""2s.2p.(3P*).4p""","=""4D""","=""3/2""","=""2s.2p.(3P*).7d""","=""4D*""","=""1/2""",4,2,,"=""T7192LS""","=""""",
"=""""","=""190.052""","=""""","=""1.97e+06""",B,"=""46.71671""","=""53.24041""","=""2s.2p.(3P*).4p""","=""4D""","=""3/2""","=""2s.2p.(3P*).7d""","=""4D*""","=""5/2""",4,6,,"=""T7192LS""","=""""",
"=""""","=""190.257""","=""""","=""4.68e+06""",B,"=""36.85609""","=""43.37275""","=""2s.2p.(3P*).3s""","=""2P*""","=""3/2""","=""2s2.6s""","=""2S""","=""1/2""",4,2,,"=""T7192LS""","=""""",
"=""""","=""190.273""","=""""","=""4.83e+06""",B,"=""46.72429""","=""53.24041""","=""2s.2p.(3P*).4p""","=""4D""","=""5/2""","=""2s.2p.(3P*).7d""","=""4D*""","=""5/2""",6,6,,"=""T7192LS""","=""""",
"=""""","=""190.273""","=""""","=""2.95e+06""",B,"=""46.72429""","=""53.24041""","=""2s.2p.(3P*).4p""","=""4D""","=""5/2""","=""2s.2p.(3P*).7d""","=""4D*""","=""3/2""",6,4,,"=""T7192LS""","=""""",
"=""""","=""190.273""","=""""","=""1.20e+06""",B,"=""46.72429""","=""53.24041""","=""2s.2p.(3P*).4p""","=""4D""","=""5/2""","=""2s.2p.(3P*).7d""","=""4D*""","=""7/2""",6,8,,"=""T7192LS""","=""""",
"=""""","=""190.327""","=""""","=""3.10e+05""",C+,"=""46.73525""","=""53.24951""","=""2s.2p.(3P*).4p""","=""4D""","=""7/2""","=""2s.2p.(3P*).7d""","=""4P*""","=""5/2""",8,6,,"=""T7192LS""","=""""",
"=""""","=""190.593""","=""""","=""7.18e+06""",B,"=""46.73525""","=""53.24041""","=""2s.2p.(3P*).4p""","=""4D""","=""7/2""","=""2s.2p.(3P*).7d""","=""4D*""","=""7/2""",8,8,,"=""T7192LS""","=""""",
"=""""","=""190.593""","=""""","=""1.59e+06""",B,"=""46.73525""","=""53.24041""","=""2s.2p.(3P*).4p""","=""4D""","=""7/2""","=""2s.2p.(3P*).7d""","=""4D*""","=""5/2""",8,6,,"=""T7192LS""","=""""",
"=""190.799""","=""190.792""","=""200""","=""9.68e+08""",C+,"=""41.47770""","=""47.97611""","=""2s.2p.(3P*).3d""","=""2D*""","=""3/2""","=""2s.2p.(3P*).4f""","=""2F""","=""5/2""",4,6,,"=""T7192LS""","=""L3513""",
"=""""","=""190.808""","=""""","=""1.04e+09""",C+,"=""41.48118""","=""47.97903""","=""2s.2p.(3P*).3d""","=""2D*""","=""5/2""","=""2s.2p.(3P*).4f""","=""2F""","=""7/2""",6,8,,"=""T7192LS""","=""""",
"=""""","=""190.894""","=""""","=""6.90e+07""",C+,"=""41.48118""","=""47.97611""","=""2s.2p.(3P*).3d""","=""2D*""","=""5/2""","=""2s.2p.(3P*).4f""","=""2F""","=""5/2""",6,6,,"=""T7192LS""","=""""",
"=""""","=""191.755""","=""""","=""4.82e+07""",C+,"=""41.68434""","=""48.15011""","=""2s.2p.(3P*).3d""","=""4P*""","=""5/2""","=""2s.2p.(3P*).4f""","=""4D""","=""3/2""",6,4,,"=""T7192LS""","=""""",
"=""""","=""191.849""","=""""","=""1.60e+08""",C+,"=""41.69112""","=""48.15370""","=""2s.2p.(3P*).3d""","=""4P*""","=""3/2""","=""2s.2p.(3P*).4f""","=""4D""","=""1/2""",4,2,,"=""T7192LS""","=""""",
"=""""","=""191.930""","=""""","=""2.89e+08""",C+,"=""41.68434""","=""48.14422""","=""2s.2p.(3P*).3d""","=""4P*""","=""5/2""","=""2s.2p.(3P*).4f""","=""4D""","=""5/2""",6,6,,"=""T7192LS""","=""""",
"=""191.955""","=""191.956""","=""150""","=""5.13e+08""",C+,"=""41.69112""","=""48.15011""","=""2s.2p.(3P*).3d""","=""4P*""","=""3/2""","=""2s.2p.(3P*).4f""","=""4D""","=""3/2""",4,4,,"=""T7192LS""","=""L3513""",
"=""191.977""","=""191.978""","=""150""","=""8.01e+08""",C+,"=""41.69546""","=""48.15370""","=""2s.2p.(3P*).3d""","=""4P*""","=""1/2""","=""2s.2p.(3P*).4f""","=""4D""","=""1/2""",2,2,,"=""T7192LS""","=""L3513""",
"=""192.065""","=""192.064""","=""300""","=""9.60e+08""",C+,"=""41.68434""","=""48.13969""","=""2s.2p.(3P*).3d""","=""4P*""","=""5/2""","=""2s.2p.(3P*).4f""","=""4D""","=""7/2""",6,8,,"=""T7192LS""","=""L3513""",
"=""192.084""","=""192.085""","=""150""","=""4.00e+08""",C+,"=""41.69546""","=""48.15011""","=""2s.2p.(3P*).3d""","=""4P*""","=""1/2""","=""2s.2p.(3P*).4f""","=""4D""","=""3/2""",2,4,,"=""T7192LS""","=""L3513""",
"=""192.130""","=""192.131""","=""200""","=""6.71e+08""",C+,"=""41.69112""","=""48.14422""","=""2s.2p.(3P*).3d""","=""4P*""","=""3/2""","=""2s.2p.(3P*).4f""","=""4D""","=""5/2""",4,6,,"=""T7192LS""","=""L3513""",
"=""""","=""194.704""","=""""","=""1.01e+08""",B,"=""39.34467""","=""45.71252""","=""2s.2p.(3P*).3p""","=""4P""","=""3/2""","=""2s.2p.(3P*).4s""","=""4P*""","=""5/2""",4,6,,"=""T7192LS""","=""""",
"=""""","=""194.928""","=""""","=""2.35e+08""",B,"=""39.35199""","=""45.71252""","=""2s.2p.(3P*).3p""","=""4P""","=""5/2""","=""2s.2p.(3P*).4s""","=""4P*""","=""5/2""",6,6,,"=""T7192LS""","=""""",
"=""""","=""194.990""","=""""","=""1.40e+08""",B,"=""39.33939""","=""45.69789""","=""2s.2p.(3P*).3p""","=""4P""","=""1/2""","=""2s.2p.(3P*).4s""","=""4P*""","=""3/2""",2,4,,"=""T7192LS""","=""""",
"=""""","=""195.152""","=""""","=""4.46e+07""",B,"=""39.34467""","=""45.69789""","=""2s.2p.(3P*).3p""","=""4P""","=""3/2""","=""2s.2p.(3P*).4s""","=""4P*""","=""3/2""",4,4,,"=""T7192LS""","=""""",
"=""""","=""195.233""","=""""","=""5.56e+07""",B,"=""39.33939""","=""45.68996""","=""2s.2p.(3P*).3p""","=""4P""","=""1/2""","=""2s.2p.(3P*).4s""","=""4P*""","=""1/2""",2,2,,"=""T7192LS""","=""""",
"=""""","=""195.377""","=""""","=""1.50e+08""",B,"=""39.35199""","=""45.69789""","=""2s.2p.(3P*).3p""","=""4P""","=""5/2""","=""2s.2p.(3P*).4s""","=""4P*""","=""3/2""",6,4,,"=""T7192LS""","=""""",
"=""""","=""195.396""","=""""","=""2.77e+08""",B,"=""39.34467""","=""45.68996""","=""2s.2p.(3P*).3p""","=""4P""","=""3/2""","=""2s.2p.(3P*).4s""","=""4P*""","=""1/2""",4,2,,"=""T7192LS""","=""""",
"=""""","=""198.508""","=""""","=""3.00e+07""",B,"=""38.64467""","=""44.8905""","=""2s2.4p""","=""2P*""","=""1/2""","=""2s2.7d""","=""2D""","=""3/2""",2,4,,"=""T7192LS""","=""""",
"=""""","=""198.607""","=""""","=""3.60e+07""",B,"=""38.64776""","=""44.8905""","=""2s2.4p""","=""2P*""","=""3/2""","=""2s2.7d""","=""2D""","=""5/2""",4,6,,"=""T7192LS""","=""""",
"=""""","=""198.607""","=""""","=""5.99e+06""",B,"=""38.64776""","=""44.8905""","=""2s2.4p""","=""2P*""","=""3/2""","=""2s2.7d""","=""2D""","=""3/2""",4,4,,"=""T7192LS""","=""""",
"=""""","=""199.258""","=""""","=""2.48e+06""",B,"=""47.02722""","=""53.24951""","=""2s.2p.(3P*).4p""","=""4P""","=""1/2""","=""2s.2p.(3P*).7d""","=""4P*""","=""1/2""",2,2,,"=""T7192LS""","=""""",
"=""""","=""199.258""","=""""","=""6.20e+06""",B,"=""47.02722""","=""53.24951""","=""2s.2p.(3P*).4p""","=""4P""","=""1/2""","=""2s.2p.(3P*).7d""","=""4P*""","=""3/2""",2,4,,"=""T7192LS""","=""""",
"=""""","=""199.436""","=""""","=""1.98e+06""",B,"=""47.03276""","=""53.24951""","=""2s.2p.(3P*).4p""","=""4P""","=""3/2""","=""2s.2p.(3P*).7d""","=""4P*""","=""3/2""",4,4,,"=""T7192LS""","=""""",
"=""""","=""199.436""","=""""","=""1.24e+07""",B,"=""47.03276""","=""53.24951""","=""2s.2p.(3P*).4p""","=""4P""","=""3/2""","=""2s.2p.(3P*).7d""","=""4P*""","=""1/2""",4,2,,"=""T7192LS""","=""""",
"=""""","=""199.436""","=""""","=""4.45e+06""",B,"=""47.03276""","=""53.24951""","=""2s.2p.(3P*).4p""","=""4P""","=""3/2""","=""2s.2p.(3P*).7d""","=""4P*""","=""5/2""",4,6,,"=""T7192LS""","=""""",
"=""""","=""199.550""","=""""","=""1.25e+07""",B,"=""47.02722""","=""53.24041""","=""2s.2p.(3P*).4p""","=""4P""","=""1/2""","=""2s.2p.(3P*).7d""","=""4D*""","=""3/2""",2,4,,"=""T7192LS""","=""""",
"=""""","=""199.550""","=""""","=""2.51e+07""",B,"=""47.02722""","=""53.24041""","=""2s.2p.(3P*).4p""","=""4P""","=""1/2""","=""2s.2p.(3P*).7d""","=""4D*""","=""1/2""",2,2,,"=""T7192LS""","=""""",
"=""""","=""199.646""","=""""","=""1.04e+07""",B,"=""47.03931""","=""53.24951""","=""2s.2p.(3P*).4p""","=""4P""","=""5/2""","=""2s.2p.(3P*).7d""","=""4P*""","=""5/2""",6,6,,"=""T7192LS""","=""""",
"=""""","=""199.646""","=""""","=""6.66e+06""",B,"=""47.03931""","=""53.24951""","=""2s.2p.(3P*).4p""","=""4P""","=""5/2""","=""2s.2p.(3P*).7d""","=""4P*""","=""3/2""",6,4,,"=""T7192LS""","=""""",
"=""""","=""199.728""","=""""","=""2.10e+07""",B,"=""47.03276""","=""53.24041""","=""2s.2p.(3P*).4p""","=""4P""","=""3/2""","=""2s.2p.(3P*).7d""","=""4D*""","=""5/2""",4,6,,"=""T7192LS""","=""""",
"=""""","=""199.728""","=""""","=""1.60e+07""",B,"=""47.03276""","=""53.24041""","=""2s.2p.(3P*).4p""","=""4P""","=""3/2""","=""2s.2p.(3P*).7d""","=""4D*""","=""3/2""",4,4,,"=""T7192LS""","=""""",
"=""""","=""199.728""","=""""","=""5.00e+06""",B,"=""47.03276""","=""53.24041""","=""2s.2p.(3P*).4p""","=""4P""","=""3/2""","=""2s.2p.(3P*).7d""","=""4D*""","=""1/2""",4,2,,"=""T7192LS""","=""""",
"=""""","=""199.939""","=""""","=""2.99e+07""",B,"=""47.03931""","=""53.24041""","=""2s.2p.(3P*).4p""","=""4P""","=""5/2""","=""2s.2p.(3P*).7d""","=""4D*""","=""7/2""",6,8,,"=""T7192LS""","=""""",
"=""""","=""199.939""","=""""","=""8.98e+06""",B,"=""47.03931""","=""53.24041""","=""2s.2p.(3P*).4p""","=""4P""","=""5/2""","=""2s.2p.(3P*).7d""","=""4D*""","=""5/2""",6,6,,"=""T7192LS""","=""""",
"=""""","=""199.939""","=""""","=""1.50e+06""",B,"=""47.03931""","=""53.24041""","=""2s.2p.(3P*).4p""","=""4P""","=""5/2""","=""2s.2p.(3P*).7d""","=""4D*""","=""3/2""",6,4,,"=""T7192LS""","=""""",
"=""""","=""202.984""","=""""","=""3.96e+05""",C+,"=""43.82105""","=""49.92913""","=""2s.2p.(1P*).3s""","=""2P*""","=""1/2""","=""2s.2p.(3P*).5p""","=""2P""","=""3/2""",2,4,,"=""T7192LS""","=""""",
"=""""","=""202.992""","=""""","=""1.98e+06""",B,"=""43.82129""","=""49.92913""","=""2s.2p.(1P*).3s""","=""2P*""","=""3/2""","=""2s.2p.(3P*).5p""","=""2P""","=""3/2""",4,4,,"=""T7192LS""","=""""",
"=""""","=""203.318""","=""""","=""1.58e+06""",B,"=""43.82105""","=""49.91909""","=""2s.2p.(1P*).3s""","=""2P*""","=""1/2""","=""2s.2p.(3P*).5p""","=""2P""","=""1/2""",2,2,,"=""T7192LS""","=""""",
"=""""","=""203.326""","=""""","=""7.88e+05""",C+,"=""43.82129""","=""49.91909""","=""2s.2p.(1P*).3s""","=""2P*""","=""3/2""","=""2s.2p.(3P*).5p""","=""2P""","=""1/2""",4,2,,"=""T7192LS""","=""""",
"=""206.467""","=""""","=""200""","=""""",,"=""""","=""""","=""""","=""""","=""""","=""""","=""""","=""""",1,1,,"=""""","=""L3513""",
"=""206.508""","=""""","=""250""","=""""",,"=""""","=""""","=""""","=""""","=""""","=""""","=""""","=""""",1,1,,"=""""","=""L3513""",
"=""206.934""","=""""","=""120""","=""""",,"=""""","=""""","=""""","=""""","=""""","=""""","=""""","=""""",1,1,,"=""""","=""L3513""",
"=""207.175""","=""""","=""90""","=""""",,"=""""","=""""","=""""","=""""","=""""","=""""","=""""","=""""",1,1,,"=""""","=""L3513""",
"=""""","=""210.714""","=""""","=""1.73e+07""",B,"=""38.64467""","=""44.52869""","=""2s2.4p""","=""2P*""","=""1/2""","=""2s2.7s""","=""2S""","=""1/2""",2,2,,"=""T7192LS""","=""""",
"=""""","=""210.824""","=""""","=""3.45e+07""",B,"=""38.64776""","=""44.52869""","=""2s2.4p""","=""2P*""","=""3/2""","=""2s2.7s""","=""2S""","=""1/2""",4,2,,"=""T7192LS""","=""""",
"=""""","=""211.719""","=""""","=""3.73e+06""",C+,"=""42.12296""","=""47.97903""","=""2s.2p.(3P*).3d""","=""2F*""","=""5/2""","=""2s.2p.(3P*).4f""","=""2F""","=""7/2""",6,8,,"=""T7192LS""","=""""",
"=""211.826""","=""211.825""","=""90""","=""9.94e+07""",C+,"=""42.12296""","=""47.97611""","=""2s.2p.(3P*).3d""","=""2F*""","=""5/2""","=""2s.2p.(3P*).4f""","=""2F""","=""5/2""",6,6,,"=""T7192LS""","=""L3513""",
"=""212.217""","=""212.217""","=""90""","=""1.00e+08""",C+,"=""42.13671""","=""47.97903""","=""2s.2p.(3P*).3d""","=""2F*""","=""7/2""","=""2s.2p.(3P*).4f""","=""2F""","=""7/2""",8,8,,"=""T7192LS""","=""L3513""",
"=""""","=""212.324""","=""""","=""4.94e+06""",C+,"=""42.13671""","=""47.97611""","=""2s.2p.(3P*).3d""","=""2F*""","=""7/2""","=""2s.2p.(3P*).4f""","=""2F""","=""5/2""",8,6,,"=""T7192LS""","=""""",
"=""""","=""214.230""","=""""","=""5.75e+05""",B,"=""40.94783""","=""46.73525""","=""2s.2p.(3P*).3d""","=""4F*""","=""5/2""","=""2s.2p.(3P*).4p""","=""4D""","=""7/2""",6,8,,"=""T7192LS""","=""""",
"=""""","=""214.349""","=""""","=""9.90e+05""",C,"=""39.71055""","=""45.4948""","=""2s2.4f""","=""2F*""","=""5/2""","=""2s2.8d""","=""2D""","=""3/2""",6,4,,"=""T7192LS""","=""""",
"=""""","=""214.349""","=""""","=""4.72e+04""",D,"=""39.71055""","=""45.4948""","=""2s2.4f""","=""2F*""","=""5/2""","=""2s2.8d""","=""2D""","=""5/2""",6,6,,"=""T7192LS""","=""""",
"=""""","=""214.354""","=""""","=""9.43e+05""",C,"=""39.71069""","=""45.4948""","=""2s2.4f""","=""2F*""","=""7/2""","=""2s2.8d""","=""2D""","=""5/2""",8,6,,"=""T7192LS""","=""""",
"=""""","=""214.469""","=""""","=""1.13e+07""",B,"=""40.95427""","=""46.73525""","=""2s.2p.(3P*).3d""","=""4F*""","=""7/2""","=""2s.2p.(3P*).4p""","=""4D""","=""7/2""",8,8,,"=""T7192LS""","=""""",
"=""""","=""214.479""","=""""","=""1.05e+06""",B,"=""40.94356""","=""46.72429""","=""2s.2p.(3P*).3d""","=""4F*""","=""3/2""","=""2s.2p.(3P*).4p""","=""4D""","=""5/2""",4,6,,"=""T7192LS""","=""""",
"=""""","=""214.624""","=""""","=""1.75e+06""",B,"=""41.26249""","=""47.03931""","=""2s.2p.(3P*).3d""","=""4D*""","=""3/2""","=""2s.2p.(3P*).4p""","=""4P""","=""5/2""",4,6,,"=""T7192LS""","=""""",
"=""""","=""214.637""","=""""","=""1.92e+07""",B,"=""40.94783""","=""46.72429""","=""2s.2p.(3P*).3d""","=""4F*""","=""5/2""","=""2s.2p.(3P*).4p""","=""4D""","=""5/2""",6,6,,"=""T7192LS""","=""""",
"=""""","=""214.723""","=""""","=""1.57e+07""",B,"=""41.26516""","=""47.03931""","=""2s.2p.(3P*).3d""","=""4D*""","=""5/2""","=""2s.2p.(3P*).4p""","=""4P""","=""5/2""",6,6,,"=""T7192LS""","=""""",
"=""""","=""214.760""","=""""","=""2.21e+07""",B,"=""40.94356""","=""46.71671""","=""2s.2p.(3P*).3d""","=""4F*""","=""3/2""","=""2s.2p.(3P*).4p""","=""4D""","=""3/2""",4,4,,"=""T7192LS""","=""""",
"=""214.799""","=""214.798""","=""90""","=""9.84e+07""",B,"=""40.96313""","=""46.73525""","=""2s.2p.(3P*).3d""","=""4F*""","=""9/2""","=""2s.2p.(3P*).4p""","=""4D""","=""7/2""",10,8,,"=""T7192LS""","=""L3513""",
"=""""","=""214.807""","=""""","=""4.36e+06""",B,"=""41.26086""","=""47.03276""","=""2s.2p.(3P*).3d""","=""4D*""","=""1/2""","=""2s.2p.(3P*).4p""","=""4P""","=""3/2""",2,4,,"=""T7192LS""","=""""",
"=""""","=""214.852""","=""""","=""6.97e+07""",B,"=""41.26864""","=""47.03931""","=""2s.2p.(3P*).3d""","=""4D*""","=""7/2""","=""2s.2p.(3P*).4p""","=""4P""","=""5/2""",8,6,,"=""T7192LS""","=""""",
"=""""","=""214.867""","=""""","=""2.79e+07""",B,"=""41.26249""","=""47.03276""","=""2s.2p.(3P*).3d""","=""4D*""","=""3/2""","=""2s.2p.(3P*).4p""","=""4P""","=""3/2""",4,4,,"=""T7192LS""","=""""",
"=""""","=""214.877""","=""""","=""8.99e+07""",B,"=""40.95427""","=""46.72429""","=""2s.2p.(3P*).3d""","=""4F*""","=""7/2""","=""2s.2p.(3P*).4p""","=""4D""","=""5/2""",8,6,,"=""T7192LS""","=""""",
"=""""","=""214.919""","=""""","=""8.84e+07""",B,"=""40.94783""","=""46.71671""","=""2s.2p.(3P*).3d""","=""4F*""","=""5/2""","=""2s.2p.(3P*).4p""","=""4D""","=""3/2""",6,4,,"=""T7192LS""","=""""",
"=""""","=""214.967""","=""""","=""5.48e+07""",B,"=""41.26516""","=""47.03276""","=""2s.2p.(3P*).3d""","=""4D*""","=""5/2""","=""2s.2p.(3P*).4p""","=""4P""","=""3/2""",6,4,,"=""T7192LS""","=""""",
"=""""","=""214.969""","=""""","=""1.10e+08""",B,"=""40.94356""","=""46.71110""","=""2s.2p.(3P*).3d""","=""4F*""","=""3/2""","=""2s.2p.(3P*).4p""","=""4D""","=""1/2""",4,2,,"=""T7192LS""","=""""",
"=""""","=""215.013""","=""""","=""4.35e+07""",B,"=""41.26086""","=""47.02722""","=""2s.2p.(3P*).3d""","=""4D*""","=""1/2""","=""2s.2p.(3P*).4p""","=""4P""","=""1/2""",2,2,,"=""T7192LS""","=""""",
"=""""","=""215.074""","=""""","=""4.34e+07""",B,"=""41.26249""","=""47.02722""","=""2s.2p.(3P*).3d""","=""4D*""","=""3/2""","=""2s.2p.(3P*).4p""","=""4P""","=""1/2""",4,2,,"=""T7192LS""","=""""",
"=""218.888""","=""""","=""200""","=""""",,"=""""","=""""","=""""","=""""","=""""","=""""","=""""","=""""",1,1,,"=""""","=""L3513""",
"=""218.906""","=""""","=""150""","=""""",,"=""""","=""""","=""""","=""""","=""""","=""""","=""""","=""""",1,1,,"=""""","=""L3513""",
"=""""","=""221.647""","=""""","=""4.06e+05""",C+,"=""46.71110""","=""52.30487""","=""2s.2p.(3P*).4p""","=""4D""","=""1/2""","=""2s.2p.(3P*).6d""","=""4P*""","=""1/2""",2,2,,"=""T7192LS""","=""""",
"=""""","=""221.765""","=""""","=""4.05e+04""",D,"=""46.71110""","=""52.30189""","=""2s.2p.(3P*).4p""","=""4D""","=""1/2""","=""2s.2p.(3P*).6d""","=""4P*""","=""3/2""",2,4,,"=""T7192LS""","=""""",
"=""""","=""221.870""","=""""","=""4.05e+05""",C+,"=""46.71671""","=""52.30487""","=""2s.2p.(3P*).4p""","=""4D""","=""3/2""","=""2s.2p.(3P*).6d""","=""4P*""","=""1/2""",4,2,,"=""T7192LS""","=""""",
"=""""","=""221.988""","=""""","=""2.59e+05""",C+,"=""46.71671""","=""52.30189""","=""2s.2p.(3P*).4p""","=""4D""","=""3/2""","=""2s.2p.(3P*).6d""","=""4P*""","=""3/2""",4,4,,"=""T7192LS""","=""""",
"=""""","=""222.006""","=""""","=""3.88e+06""",B,"=""46.71110""","=""52.29582""","=""2s.2p.(3P*).4p""","=""4D""","=""1/2""","=""2s.2p.(3P*).6d""","=""4D*""","=""1/2""",2,2,,"=""T7192LS""","=""""",
"=""""","=""222.006""","=""""","=""1.94e+06""",B,"=""46.71110""","=""52.29582""","=""2s.2p.(3P*).4p""","=""4D""","=""1/2""","=""2s.2p.(3P*).6d""","=""4D*""","=""3/2""",2,4,,"=""T7192LS""","=""""",
"=""""","=""222.230""","=""""","=""3.10e+06""",B,"=""46.71671""","=""52.29582""","=""2s.2p.(3P*).4p""","=""4D""","=""3/2""","=""2s.2p.(3P*).6d""","=""4D*""","=""3/2""",4,4,,"=""T7192LS""","=""""",
"=""""","=""222.230""","=""""","=""3.87e+06""",B,"=""46.71671""","=""52.29582""","=""2s.2p.(3P*).4p""","=""4D""","=""3/2""","=""2s.2p.(3P*).6d""","=""4D*""","=""1/2""",4,2,,"=""T7192LS""","=""""",
"=""""","=""222.230""","=""""","=""1.81e+06""",B,"=""46.71671""","=""52.29582""","=""2s.2p.(3P*).4p""","=""4D""","=""3/2""","=""2s.2p.(3P*).6d""","=""4D*""","=""5/2""",4,6,,"=""T7192LS""","=""""",
"=""""","=""222.230""","=""""","=""1.61e+04""",D,"=""46.71671""","=""52.29582""","=""2s.2p.(3P*).4p""","=""4D""","=""3/2""","=""2s.2p.(3P*).6d""","=""4P*""","=""5/2""",4,6,,"=""T7192LS""","=""""",
"=""""","=""222.289""","=""""","=""5.07e+05""",B,"=""46.72429""","=""52.30189""","=""2s.2p.(3P*).4p""","=""4D""","=""5/2""","=""2s.2p.(3P*).6d""","=""4P*""","=""3/2""",6,4,,"=""T7192LS""","=""""",
"=""""","=""222.532""","=""""","=""4.42e+06""",B,"=""46.72429""","=""52.29582""","=""2s.2p.(3P*).4p""","=""4D""","=""5/2""","=""2s.2p.(3P*).6d""","=""4D*""","=""5/2""",6,6,,"=""T7192LS""","=""""",
"=""""","=""222.532""","=""""","=""2.70e+06""",B,"=""46.72429""","=""52.29582""","=""2s.2p.(3P*).4p""","=""4D""","=""5/2""","=""2s.2p.(3P*).6d""","=""4D*""","=""3/2""",6,4,,"=""T7192LS""","=""""",
"=""""","=""222.532""","=""""","=""1.10e+06""",B,"=""46.72429""","=""52.29582""","=""2s.2p.(3P*).4p""","=""4D""","=""5/2""","=""2s.2p.(3P*).6d""","=""4D*""","=""7/2""",6,8,,"=""T7192LS""","=""""",
"=""""","=""222.532""","=""""","=""1.44e+05""",C+,"=""46.72429""","=""52.29582""","=""2s.2p.(3P*).4p""","=""4D""","=""5/2""","=""2s.2p.(3P*).6d""","=""4P*""","=""5/2""",6,6,,"=""T7192LS""","=""""",
"=""""","=""222.970""","=""""","=""6.57e+06""",B,"=""46.73525""","=""52.29582""","=""2s.2p.(3P*).4p""","=""4D""","=""7/2""","=""2s.2p.(3P*).6d""","=""4D*""","=""7/2""",8,8,,"=""T7192LS""","=""""",
"=""""","=""222.970""","=""""","=""1.46e+06""",B,"=""46.73525""","=""52.29582""","=""2s.2p.(3P*).4p""","=""4D""","=""7/2""","=""2s.2p.(3P*).6d""","=""4D*""","=""5/2""",8,6,,"=""T7192LS""","=""""",
"=""""","=""222.970""","=""""","=""6.38e+05""",B,"=""46.73525""","=""52.29582""","=""2s.2p.(3P*).4p""","=""4D""","=""7/2""","=""2s.2p.(3P*).6d""","=""4P*""","=""5/2""",8,6,,"=""T7192LS""","=""""",
"=""""","=""223.232""","=""""","=""3.28e+06""",B,"=""36.84205""","=""42.39611""","=""2s.2p.(3P*).3s""","=""2P*""","=""1/2""","=""2s2.5d""","=""2D""","=""3/2""",2,4,,"=""T7192LS""","=""""",
"=""""","=""223.792""","=""""","=""3.91e+06""",B,"=""36.85609""","=""42.39625""","=""2s.2p.(3P*).3s""","=""2P*""","=""3/2""","=""2s2.5d""","=""2D""","=""5/2""",4,6,,"=""T7192LS""","=""""",
"=""""","=""223.797""","=""""","=""6.51e+05""",B,"=""36.85609""","=""42.39611""","=""2s.2p.(3P*).3s""","=""2P*""","=""3/2""","=""2s2.5d""","=""2D""","=""3/2""",4,4,,"=""T7192LS""","=""""",
"=""""","=""224.350""","=""""","=""5.43e+07""",C+,"=""39.39569""","=""44.92207""","=""2s2.4d""","=""2D""","=""3/2""","=""2s2.7f""","=""2F*""","=""5/2""",4,6,,"=""T7192LS""","=""""",
"=""""","=""224.510""","=""""","=""5.80e+07""",C+,"=""39.39964""","=""44.92207""","=""2s2.4d""","=""2D""","=""5/2""","=""2s2.7f""","=""2F*""","=""7/2""",6,8,,"=""T7192LS""","=""""",
"=""""","=""224.510""","=""""","=""3.87e+06""",C+,"=""39.39964""","=""44.92207""","=""2s2.4d""","=""2D""","=""5/2""","=""2s2.7f""","=""2F*""","=""5/2""",6,6,,"=""T7192LS""","=""""",
"=""""","=""224.836""","=""""","=""1.09e+07""",B,"=""33.13334""","=""38.64776""","=""2s2.3d""","=""2D""","=""3/2""","=""2s2.4p""","=""2P*""","=""3/2""",4,4,,"=""T7192LS""","=""""",
"=""""","=""224.865""","=""""","=""9.84e+07""",B,"=""33.13403""","=""38.64776""","=""2s2.3d""","=""2D""","=""5/2""","=""2s2.4p""","=""2P*""","=""3/2""",6,4,,"=""T7192LS""","=""""",
"=""""","=""224.962""","=""""","=""1.09e+08""",B,"=""33.13334""","=""38.64467""","=""2s2.3d""","=""2D""","=""3/2""","=""2s2.4p""","=""2P*""","=""1/2""",4,2,,"=""T7192LS""","=""""",
"=""""","=""225.676""","=""""","=""6.26e+05""",B,"=""38.32738""","=""43.82129""","=""2s.2p.(3P*).3p""","=""2P""","=""1/2""","=""2s.2p.(1P*).3s""","=""2P*""","=""3/2""",2,4,,"=""T7192LS""","=""""",
"=""""","=""225.686""","=""""","=""2.51e+06""",B,"=""38.32738""","=""43.82105""","=""2s.2p.(3P*).3p""","=""2P""","=""1/2""","=""2s.2p.(1P*).3s""","=""2P*""","=""1/2""",2,2,,"=""T7192LS""","=""""",
"=""""","=""225.951""","=""""","=""3.12e+06""",B,"=""38.33408""","=""43.82129""","=""2s.2p.(3P*).3p""","=""2P""","=""3/2""","=""2s.2p.(1P*).3s""","=""2P*""","=""3/2""",4,4,,"=""T7192LS""","=""""",
"=""""","=""225.961""","=""""","=""1.25e+06""",B,"=""38.33408""","=""43.82105""","=""2s.2p.(3P*).3p""","=""2P""","=""3/2""","=""2s.2p.(1P*).3s""","=""2P*""","=""1/2""",4,2,,"=""T7192LS""","=""""",
"=""""","=""226.659""","=""""","=""3.19e+06""",B,"=""41.26516""","=""46.73525""","=""2s.2p.(3P*).3d""","=""4D*""","=""5/2""","=""2s.2p.(3P*).4p""","=""4D""","=""7/2""",6,8,,"=""T7192LS""","=""""",
"=""""","=""226.803""","=""""","=""1.91e+07""",B,"=""41.26864""","=""46.73525""","=""2s.2p.(3P*).3d""","=""4D*""","=""7/2""","=""2s.2p.(3P*).4p""","=""4D""","=""7/2""",8,8,,"=""T7192LS""","=""""",
"=""""","=""227.002""","=""""","=""5.20e+06""",B,"=""41.26249""","=""46.72429""","=""2s.2p.(3P*).3d""","=""4D*""","=""3/2""","=""2s.2p.(3P*).4p""","=""4D""","=""5/2""",4,6,,"=""T7192LS""","=""""",
"=""""","=""227.114""","=""""","=""1.28e+07""",B,"=""41.26516""","=""46.72429""","=""2s.2p.(3P*).3d""","=""4D*""","=""5/2""","=""2s.2p.(3P*).4p""","=""4D""","=""5/2""",6,6,,"=""T7192LS""","=""""",
"=""""","=""227.250""","=""""","=""5.55e+06""",B,"=""41.26086""","=""46.71671""","=""2s.2p.(3P*).3d""","=""4D*""","=""1/2""","=""2s.2p.(3P*).4p""","=""4D""","=""3/2""",2,4,,"=""T7192LS""","=""""",
"=""""","=""227.258""","=""""","=""4.22e+06""",B,"=""41.26864""","=""46.72429""","=""2s.2p.(3P*).3d""","=""4D*""","=""7/2""","=""2s.2p.(3P*).4p""","=""4D""","=""5/2""",8,6,,"=""T7192LS""","=""""",
"=""""","=""227.318""","=""""","=""8.87e+06""",B,"=""41.26249""","=""46.71671""","=""2s.2p.(3P*).3d""","=""4D*""","=""3/2""","=""2s.2p.(3P*).4p""","=""4D""","=""3/2""",4,4,,"=""T7192LS""","=""""",
"=""""","=""227.429""","=""""","=""7.75e+06""",B,"=""41.26516""","=""46.71671""","=""2s.2p.(3P*).3d""","=""4D*""","=""5/2""","=""2s.2p.(3P*).4p""","=""4D""","=""3/2""",6,4,,"=""T7192LS""","=""""",
"=""""","=""227.484""","=""""","=""1.11e+07""",B,"=""41.26086""","=""46.71110""","=""2s.2p.(3P*).3d""","=""4D*""","=""1/2""","=""2s.2p.(3P*).4p""","=""4D""","=""1/2""",2,2,,"=""T7192LS""","=""""",
"=""""","=""227.552""","=""""","=""1.11e+07""",B,"=""41.26249""","=""46.71110""","=""2s.2p.(3P*).3d""","=""4D*""","=""3/2""","=""2s.2p.(3P*).4p""","=""4D""","=""1/2""",4,2,,"=""T7192LS""","=""""",
"=""""","=""230.232""","=""""","=""2.55e+07""",B,"=""46.91969""","=""52.30487""","=""2s.2p.(3P*).4p""","=""4S""","=""3/2""","=""2s.2p.(3P*).6d""","=""4P*""","=""1/2""",4,2,,"=""T7192LS""","=""""",
"=""""","=""230.360""","=""""","=""2.55e+07""",B,"=""46.91969""","=""52.30189""","=""2s.2p.(3P*).4p""","=""4S""","=""3/2""","=""2s.2p.(3P*).6d""","=""4P*""","=""3/2""",4,4,,"=""T7192LS""","=""""",
"=""""","=""230.620""","=""""","=""2.54e+07""",B,"=""46.91969""","=""52.29582""","=""2s.2p.(3P*).4p""","=""4S""","=""3/2""","=""2s.2p.(3P*).6d""","=""4P*""","=""5/2""",4,6,,"=""T7192LS""","=""""",
"=""""","=""231.531""","=""""","=""7.03e+06""",B,"=""41.68434""","=""47.03931""","=""2s.2p.(3P*).3d""","=""4P*""","=""5/2""","=""2s.2p.(3P*).4p""","=""4P""","=""5/2""",6,6,,"=""T7192LS""","=""""",
"=""""","=""231.815""","=""""","=""4.50e+06""",B,"=""41.68434""","=""47.03276""","=""2s.2p.(3P*).3d""","=""4P*""","=""5/2""","=""2s.2p.(3P*).4p""","=""4P""","=""3/2""",6,4,,"=""T7192LS""","=""""",
"=""""","=""231.825""","=""""","=""3.00e+06""",B,"=""41.69112""","=""47.03931""","=""2s.2p.(3P*).3d""","=""4P*""","=""3/2""","=""2s.2p.(3P*).4p""","=""4P""","=""5/2""",4,6,,"=""T7192LS""","=""""",
"=""""","=""232.109""","=""""","=""1.33e+06""",B,"=""41.69112""","=""47.03276""","=""2s.2p.(3P*).3d""","=""4P*""","=""3/2""","=""2s.2p.(3P*).4p""","=""4P""","=""3/2""",4,4,,"=""T7192LS""","=""""",
"=""""","=""232.298""","=""""","=""4.14e+06""",B,"=""41.69546""","=""47.03276""","=""2s.2p.(3P*).3d""","=""4P*""","=""1/2""","=""2s.2p.(3P*).4p""","=""4P""","=""3/2""",2,4,,"=""T7192LS""","=""""",
"=""""","=""232.350""","=""""","=""8.28e+06""",B,"=""41.69112""","=""47.02722""","=""2s.2p.(3P*).3d""","=""4P*""","=""3/2""","=""2s.2p.(3P*).4p""","=""4P""","=""1/2""",4,2,,"=""T7192LS""","=""""",
"=""""","=""232.478""","=""""","=""4.74e+05""",B,"=""46.72429""","=""52.05746""","=""2s.2p.(3P*).4p""","=""4D""","=""5/2""","=""2p2.(3P).3p""","=""4D*""","=""7/2""",6,8,,"=""T7192LS""","=""""",
"=""""","=""232.531""","=""""","=""7.76e+05""",B,"=""46.71671""","=""52.04865""","=""2s.2p.(3P*).4p""","=""4D""","=""3/2""","=""2p2.(3P).3p""","=""4D*""","=""5/2""",4,6,,"=""T7192LS""","=""""",
"=""""","=""232.539""","=""""","=""1.65e+06""",B,"=""41.69546""","=""47.02722""","=""2s.2p.(3P*).3d""","=""4P*""","=""1/2""","=""2s.2p.(3P*).4p""","=""4P""","=""1/2""",2,2,,"=""T7192LS""","=""""",
"=""""","=""232.627""","=""""","=""8.30e+05""",B,"=""46.71110""","=""52.04083""","=""2s.2p.(3P*).4p""","=""4D""","=""1/2""","=""2p2.(3P).3p""","=""4D*""","=""3/2""",2,4,,"=""T7192LS""","=""""",
"=""""","=""232.829""","=""""","=""1.66e+06""",B,"=""46.71110""","=""52.03621""","=""2s.2p.(3P*).4p""","=""4D""","=""1/2""","=""2p2.(3P).3p""","=""4D*""","=""1/2""",2,2,,"=""T7192LS""","=""""",
"=""""","=""232.862""","=""""","=""1.90e+06""",B,"=""46.72429""","=""52.04865""","=""2s.2p.(3P*).4p""","=""4D""","=""5/2""","=""2p2.(3P).3p""","=""4D*""","=""5/2""",6,6,,"=""T7192LS""","=""""",
"=""""","=""232.873""","=""""","=""1.32e+06""",B,"=""46.71671""","=""52.04083""","=""2s.2p.(3P*).4p""","=""4D""","=""3/2""","=""2p2.(3P).3p""","=""4D*""","=""3/2""",4,4,,"=""T7192LS""","=""""",
"=""""","=""232.956""","=""""","=""2.84e+06""",B,"=""46.73525""","=""52.05746""","=""2s.2p.(3P*).4p""","=""4D""","=""7/2""","=""2p2.(3P).3p""","=""4D*""","=""7/2""",8,8,,"=""T7192LS""","=""""",
"=""""","=""233.075""","=""""","=""1.65e+06""",B,"=""46.71671""","=""52.03621""","=""2s.2p.(3P*).4p""","=""4D""","=""3/2""","=""2p2.(3P).3p""","=""4D*""","=""1/2""",4,2,,"=""T7192LS""","=""""",
"=""""","=""233.205""","=""""","=""1.15e+06""",B,"=""46.72429""","=""52.04083""","=""2s.2p.(3P*).4p""","=""4D""","=""5/2""","=""2p2.(3P).3p""","=""4D*""","=""3/2""",6,4,,"=""T7192LS""","=""""",
"=""""","=""233.342""","=""""","=""6.25e+05""",B,"=""46.73525""","=""52.04865""","=""2s.2p.(3P*).4p""","=""4D""","=""7/2""","=""2p2.(3P).3p""","=""4D*""","=""5/2""",8,6,,"=""T7192LS""","=""""",
"=""""","=""233.426""","=""""","=""4.30e+07""",B,"=""38.64467""","=""43.95618""","=""2s2.4p""","=""2P*""","=""1/2""","=""2s2.6d""","=""2D""","=""3/2""",2,4,,"=""T7192LS""","=""""",
"=""""","=""233.561""","=""""","=""5.15e+07""",B,"=""38.64776""","=""43.95618""","=""2s2.4p""","=""2P*""","=""3/2""","=""2s2.6d""","=""2D""","=""5/2""",4,6,,"=""T7192LS""","=""""",
"=""""","=""233.561""","=""""","=""8.59e+06""",B,"=""38.64776""","=""43.95618""","=""2s2.4p""","=""2P*""","=""3/2""","=""2s2.6d""","=""2D""","=""3/2""",4,4,,"=""T7192LS""","=""""",
"=""""","=""234.923""","=""""","=""3.31e+06""",B,"=""47.02722""","=""52.30487""","=""2s.2p.(3P*).4p""","=""4P""","=""1/2""","=""2s.2p.(3P*).6d""","=""4P*""","=""1/2""",2,2,,"=""T7192LS""","=""""",
"=""""","=""235.056""","=""""","=""8.27e+06""",B,"=""47.02722""","=""52.30189""","=""2s.2p.(3P*).4p""","=""4P""","=""1/2""","=""2s.2p.(3P*).6d""","=""4P*""","=""3/2""",2,4,,"=""T7192LS""","=""""",
"=""""","=""235.170""","=""""","=""1.65e+07""",B,"=""47.03276""","=""52.30487""","=""2s.2p.(3P*).4p""","=""4P""","=""3/2""","=""2s.2p.(3P*).6d""","=""4P*""","=""1/2""",4,2,,"=""T7192LS""","=""""",
"=""""","=""235.303""","=""""","=""2.64e+06""",B,"=""47.03276""","=""52.30189""","=""2s.2p.(3P*).4p""","=""4P""","=""3/2""","=""2s.2p.(3P*).6d""","=""4P*""","=""3/2""",4,4,,"=""T7192LS""","=""""",
"=""""","=""235.327""","=""""","=""1.18e+07""",B,"=""47.02722""","=""52.29582""","=""2s.2p.(3P*).4p""","=""4P""","=""1/2""","=""2s.2p.(3P*).6d""","=""4D*""","=""3/2""",2,4,,"=""T7192LS""","=""""",
"=""""","=""235.327""","=""""","=""2.36e+07""",B,"=""47.02722""","=""52.29582""","=""2s.2p.(3P*).4p""","=""4P""","=""1/2""","=""2s.2p.(3P*).6d""","=""4D*""","=""1/2""",2,2,,"=""T7192LS""","=""""",
"=""""","=""235.575""","=""""","=""1.97e+07""",B,"=""47.03276""","=""52.29582""","=""2s.2p.(3P*).4p""","=""4P""","=""3/2""","=""2s.2p.(3P*).6d""","=""4D*""","=""5/2""",4,6,,"=""T7192LS""","=""""",
"=""""","=""235.575""","=""""","=""1.50e+07""",B,"=""47.03276""","=""52.29582""","=""2s.2p.(3P*).4p""","=""4P""","=""3/2""","=""2s.2p.(3P*).6d""","=""4D*""","=""3/2""",4,4,,"=""T7192LS""","=""""",
"=""""","=""235.575""","=""""","=""4.70e+06""",B,"=""47.03276""","=""52.29582""","=""2s.2p.(3P*).4p""","=""4P""","=""3/2""","=""2s.2p.(3P*).6d""","=""4D*""","=""1/2""",4,2,,"=""T7192LS""","=""""",
"=""""","=""235.575""","=""""","=""5.91e+06""",B,"=""47.03276""","=""52.29582""","=""2s.2p.(3P*).4p""","=""4P""","=""3/2""","=""2s.2p.(3P*).6d""","=""4P*""","=""5/2""",4,6,,"=""T7192LS""","=""""",
"=""""","=""235.596""","=""""","=""8.87e+06""",B,"=""47.03931""","=""52.30189""","=""2s.2p.(3P*).4p""","=""4P""","=""5/2""","=""2s.2p.(3P*).6d""","=""4P*""","=""3/2""",6,4,,"=""T7192LS""","=""""",
"=""""","=""235.868""","=""""","=""2.81e+07""",B,"=""47.03931""","=""52.29582""","=""2s.2p.(3P*).4p""","=""4P""","=""5/2""","=""2s.2p.(3P*).6d""","=""4D*""","=""7/2""",6,8,,"=""T7192LS""","=""""",
"=""""","=""235.868""","=""""","=""8.43e+06""",B,"=""47.03931""","=""52.29582""","=""2s.2p.(3P*).4p""","=""4P""","=""5/2""","=""2s.2p.(3P*).6d""","=""4D*""","=""5/2""",6,6,,"=""T7192LS""","=""""",
"=""""","=""235.868""","=""""","=""1.40e+06""",B,"=""47.03931""","=""52.29582""","=""2s.2p.(3P*).4p""","=""4P""","=""5/2""","=""2s.2p.(3P*).6d""","=""4D*""","=""3/2""",6,4,,"=""T7192LS""","=""""",
"=""""","=""235.868""","=""""","=""1.37e+07""",B,"=""47.03931""","=""52.29582""","=""2s.2p.(3P*).4p""","=""4P""","=""5/2""","=""2s.2p.(3P*).6d""","=""4P*""","=""5/2""",6,6,,"=""T7192LS""","=""""",
"=""""","=""236.821""","=""""","=""9.12e+07""",B,"=""41.68434""","=""46.91969""","=""2s.2p.(3P*).3d""","=""4P*""","=""5/2""","=""2s.2p.(3P*).4p""","=""4S""","=""3/2""",6,4,,"=""T7192LS""","=""""",
"=""""","=""237.129""","=""""","=""6.06e+07""",B,"=""41.69112""","=""46.91969""","=""2s.2p.(3P*).3d""","=""4P*""","=""3/2""","=""2s.2p.(3P*).4p""","=""4S""","=""3/2""",4,4,,"=""T7192LS""","=""""",
"=""""","=""237.326""","=""""","=""3.02e+07""",B,"=""41.69546""","=""46.91969""","=""2s.2p.(3P*).3d""","=""4P*""","=""1/2""","=""2s.2p.(3P*).4p""","=""4S""","=""3/2""",2,4,,"=""T7192LS""","=""""",
"=""""","=""239.356""","=""""","=""1.64e+06""",C+,"=""39.71055""","=""44.8905""","=""2s2.4f""","=""2F*""","=""5/2""","=""2s2.7d""","=""2D""","=""3/2""",6,4,,"=""T7192LS""","=""""",
"=""""","=""239.356""","=""""","=""7.79e+04""",C,"=""39.71055""","=""44.8905""","=""2s2.4f""","=""2F*""","=""5/2""","=""2s2.7d""","=""2D""","=""5/2""",6,6,,"=""T7192LS""","=""""",
"=""""","=""239.362""","=""""","=""1.56e+06""",C+,"=""39.71069""","=""44.8905""","=""2s2.4f""","=""2F*""","=""7/2""","=""2s2.7d""","=""2D""","=""5/2""",8,6,,"=""T7192LS""","=""""",
"=""""","=""239.924""","=""""","=""2.12e+06""",B,"=""37.32948""","=""42.49713""","=""2s2.4s""","=""2S""","=""1/2""","=""2s.2p.(3P*).3d""","=""2P*""","=""1/2""",2,2,,"=""T7192LS""","=""""",
"=""""","=""240.333""","=""""","=""2.11e+06""",B,"=""37.32948""","=""42.48833""","=""2s2.4s""","=""2S""","=""1/2""","=""2s.2p.(3P*).3d""","=""2P*""","=""3/2""",2,4,,"=""T7192LS""","=""""",
"=""""","=""241.881""","=""""","=""6.86e+06""",C+,"=""39.79622""","=""44.92207""","=""2s.2p.(3P*).3p""","=""2D""","=""3/2""","=""2s2.7f""","=""2F*""","=""5/2""",4,6,,"=""T7192LS""","=""""",
"=""""","=""242.400""","=""""","=""7.30e+06""",C+,"=""39.80721""","=""44.92207""","=""2s.2p.(3P*).3p""","=""2D""","=""5/2""","=""2s2.7f""","=""2F*""","=""7/2""",6,8,,"=""T7192LS""","=""""",
"=""""","=""242.400""","=""""","=""4.87e+05""",C,"=""39.80721""","=""44.92207""","=""2s.2p.(3P*).3p""","=""2D""","=""5/2""","=""2s2.7f""","=""2F*""","=""5/2""",6,6,,"=""T7192LS""","=""""",
"=""""","=""244.371""","=""""","=""1.03e+02""",D,"=""18.08628""","=""23.15989""","=""2s.2p2""","=""2P""","=""1/2""","=""2p3""","=""4S*""","=""3/2""",2,4,,"=""T6335""","=""""",
"=""""","=""245.030""","=""""","=""3.69e+02""",D,"=""18.09993""","=""23.15989""","=""2s.2p2""","=""2P""","=""3/2""","=""2p3""","=""4S*""","=""3/2""",4,4,,"=""T6335""","=""""",
"=""""","=""245.469""","=""""","=""1.21e+07""",B,"=""41.68434""","=""46.73525""","=""2s.2p.(3P*).3d""","=""4P*""","=""5/2""","=""2s.2p.(3P*).4p""","=""4D""","=""7/2""",6,8,,"=""T7192LS""","=""""",
"=""""","=""246.003""","=""""","=""3.60e+06""",B,"=""41.68434""","=""46.72429""","=""2s.2p.(3P*).3d""","=""4P*""","=""5/2""","=""2s.2p.(3P*).4p""","=""4D""","=""5/2""",6,6,,"=""T7192LS""","=""""",
"=""""","=""246.335""","=""""","=""8.37e+06""",B,"=""41.69112""","=""46.72429""","=""2s.2p.(3P*).3d""","=""4P*""","=""3/2""","=""2s.2p.(3P*).4p""","=""4D""","=""5/2""",4,6,,"=""T7192LS""","=""""",
"=""""","=""246.373""","=""""","=""5.98e+05""",B,"=""41.68434""","=""46.71671""","=""2s.2p.(3P*).3d""","=""4P*""","=""5/2""","=""2s.2p.(3P*).4p""","=""4D""","=""3/2""",6,4,,"=""T7192LS""","=""""",
"=""""","=""246.706""","=""""","=""6.35e+06""",B,"=""41.69112""","=""46.71671""","=""2s.2p.(3P*).3d""","=""4P*""","=""3/2""","=""2s.2p.(3P*).4p""","=""4D""","=""3/2""",4,4,,"=""T7192LS""","=""""",
"=""""","=""246.919""","=""""","=""4.95e+06""",B,"=""41.69546""","=""46.71671""","=""2s.2p.(3P*).3d""","=""4P*""","=""1/2""","=""2s.2p.(3P*).4p""","=""4D""","=""3/2""",2,4,,"=""T7192LS""","=""""",
"=""""","=""246.982""","=""""","=""1.98e+06""",B,"=""41.69112""","=""46.71110""","=""2s.2p.(3P*).3d""","=""4P*""","=""3/2""","=""2s.2p.(3P*).4p""","=""4D""","=""1/2""",4,2,,"=""T7192LS""","=""""",
"=""""","=""247.072""","=""""","=""1.38e+07""",B,"=""47.03931""","=""52.05746""","=""2s.2p.(3P*).4p""","=""4P""","=""5/2""","=""2p2.(3P).3p""","=""4D*""","=""7/2""",6,8,,"=""T7192LS""","=""""",
"=""""","=""247.183""","=""""","=""9.65e+06""",B,"=""47.03276""","=""52.04865""","=""2s.2p.(3P*).4p""","=""4P""","=""3/2""","=""2p2.(3P).3p""","=""4D*""","=""5/2""",4,6,,"=""T7192LS""","=""""",
"=""""","=""247.196""","=""""","=""9.87e+06""",B,"=""41.69546""","=""46.71110""","=""2s.2p.(3P*).3d""","=""4P*""","=""1/2""","=""2s.2p.(3P*).4p""","=""4D""","=""1/2""",2,2,,"=""T7192LS""","=""""",
"=""""","=""247.295""","=""""","=""5.74e+06""",B,"=""47.02722""","=""52.04083""","=""2s.2p.(3P*).4p""","=""4P""","=""1/2""","=""2p2.(3P).3p""","=""4D*""","=""3/2""",2,4,,"=""T7192LS""","=""""",
"=""""","=""247.506""","=""""","=""4.12e+06""",B,"=""47.03931""","=""52.04865""","=""2s.2p.(3P*).4p""","=""4P""","=""5/2""","=""2p2.(3P).3p""","=""4D*""","=""5/2""",6,6,,"=""T7192LS""","=""""",
"=""""","=""247.524""","=""""","=""1.14e+07""",B,"=""47.02722""","=""52.03621""","=""2s.2p.(3P*).4p""","=""4P""","=""1/2""","=""2p2.(3P).3p""","=""4D*""","=""1/2""",2,2,,"=""T7192LS""","=""""",
"=""""","=""247.569""","=""""","=""7.32e+06""",B,"=""47.03276""","=""52.04083""","=""2s.2p.(3P*).4p""","=""4P""","=""3/2""","=""2p2.(3P).3p""","=""4D*""","=""3/2""",4,4,,"=""T7192LS""","=""""",
"=""""","=""247.798""","=""""","=""2.28e+06""",B,"=""47.03276""","=""52.03621""","=""2s.2p.(3P*).4p""","=""4P""","=""3/2""","=""2p2.(3P).3p""","=""4D*""","=""1/2""",4,2,,"=""T7192LS""","=""""",
"=""""","=""247.893""","=""""","=""6.83e+05""",B,"=""47.03931""","=""52.04083""","=""2s.2p.(3P*).4p""","=""4P""","=""5/2""","=""2p2.(3P).3p""","=""4D*""","=""3/2""",6,4,,"=""T7192LS""","=""""",
"=""""","=""248.357""","=""""","=""1.04e+07""",B,"=""41.47770""","=""46.46987""","=""2s.2p.(3P*).3d""","=""2D*""","=""3/2""","=""2s.2p.(3P*).4p""","=""2P""","=""3/2""",4,4,,"=""T7192LS""","=""""",
"=""""","=""248.531""","=""""","=""9.32e+07""",B,"=""41.48118""","=""46.46987""","=""2s.2p.(3P*).3d""","=""2D*""","=""5/2""","=""2s.2p.(3P*).4p""","=""2P""","=""3/2""",6,4,,"=""T7192LS""","=""""",
"=""""","=""248.718""","=""""","=""1.03e+08""",B,"=""41.47770""","=""46.46263""","=""2s.2p.(3P*).3d""","=""2D*""","=""3/2""","=""2s.2p.(3P*).4p""","=""2P""","=""1/2""",4,2,,"=""T7192LS""","=""""",
"=""""","=""262.230""","=""""","=""2.98e+07""",B,"=""38.64467""","=""43.37275""","=""2s2.4p""","=""2P*""","=""1/2""","=""2s2.6s""","=""2S""","=""1/2""",2,2,,"=""T7192LS""","=""""",
"=""""","=""262.401""","=""""","=""5.96e+07""",B,"=""38.64776""","=""43.37275""","=""2s2.4p""","=""2P*""","=""3/2""","=""2s2.6s""","=""2S""","=""1/2""",4,2,,"=""T7192LS""","=""""",
"=""268.298""","=""""","=""250w""","=""""",,"=""""","=""""","=""""","=""""","=""""","=""""","=""""","=""""",1,1,,"=""""","=""L3513""",
"=""""","=""268.771""","=""""","=""9.26e+07""",C+,"=""39.39569""","=""44.00870""","=""2s2.4d""","=""2D""","=""3/2""","=""2s2.6f""","=""2F*""","=""5/2""",4,6,,"=""T7192LS""","=""""",
"=""269.000""","=""269.001""","=""90*""","=""6.60e+06""",C+,"=""39.39964""","=""44.00870""","=""2s2.4d""","=""2D""","=""5/2""","=""2s2.6f""","=""2F*""","=""5/2""",6,6,,"=""T7192LS""","=""L3513""",
"=""269.000""","=""269.001""","=""90*""","=""9.90e+07""",C+,"=""39.39964""","=""44.00870""","=""2s2.4d""","=""2D""","=""5/2""","=""2s2.6f""","=""2F*""","=""7/2""",6,8,,"=""T7192LS""","=""L3513""",
"=""""","=""269.691""","=""""","=""1.59e+07""",B,"=""37.32948""","=""41.92676""","=""2s2.4s""","=""2S""","=""1/2""","=""2s2.5p""","=""2P*""","=""3/2""",2,4,,"=""T7192LS""","=""""",
"=""""","=""269.750""","=""""","=""1.59e+07""",B,"=""37.32948""","=""41.92574""","=""2s2.4s""","=""2S""","=""1/2""","=""2s2.5p""","=""2P*""","=""1/2""",2,2,,"=""T7192LS""","=""""",
"=""""","=""271.478""","=""""","=""1.27e+06""",B,"=""28.56703""","=""33.13403""","=""2p3""","=""2P*""","=""3/2""","=""2s2.3d""","=""2D""","=""5/2""",4,6,,"=""T6335n""","=""""",
"=""""","=""271.488""","=""""","=""1.06e+06""",B,"=""28.56649""","=""33.13334""","=""2p3""","=""2P*""","=""1/2""","=""2s2.3d""","=""2D""","=""3/2""",2,4,,"=""T6335n""","=""""",
"=""""","=""271.519""","=""""","=""2.11e+05""",B,"=""28.56703""","=""33.13334""","=""2p3""","=""2P*""","=""3/2""","=""2s2.3d""","=""2D""","=""3/2""",4,4,,"=""T6335n""","=""""",
"=""""","=""273.517""","=""""","=""1.09e+07""",B,"=""36.84205""","=""41.37501""","=""2s.2p.(3P*).3s""","=""2P*""","=""1/2""","=""2s2.5s""","=""2S""","=""1/2""",2,2,,"=""T7192LS""","=""""",
"=""""","=""274.366""","=""""","=""2.16e+07""",B,"=""36.85609""","=""41.37501""","=""2s.2p.(3P*).3s""","=""2P*""","=""3/2""","=""2s2.5s""","=""2S""","=""1/2""",4,2,,"=""T7192LS""","=""""",
"=""""","=""280.153""","=""""","=""2.11e+05""",C+,"=""39.39569""","=""43.82129""","=""2s2.4d""","=""2D""","=""3/2""","=""2s.2p.(1P*).3s""","=""2P*""","=""3/2""",4,4,,"=""T7192LS""","=""""",
"=""""","=""280.168""","=""""","=""2.11e+06""",B,"=""39.39569""","=""43.82105""","=""2s2.4d""","=""2D""","=""3/2""","=""2s.2p.(1P*).3s""","=""2P*""","=""1/2""",4,2,,"=""T7192LS""","=""""",
"=""""","=""280.403""","=""""","=""1.89e+06""",B,"=""39.39964""","=""43.82129""","=""2s2.4d""","=""2D""","=""5/2""","=""2s.2p.(1P*).3s""","=""2P*""","=""3/2""",6,4,,"=""T7192LS""","=""""",
"=""""","=""286.370""","=""""","=""1.67e+05""",C+,"=""42.48833""","=""46.81783""","=""2s.2p.(3P*).3d""","=""2P*""","=""3/2""","=""2s.2p.(1P*).3p""","=""2P""","=""3/2""",4,4,,"=""T7192LS""","=""""",
"=""""","=""286.645""","=""""","=""6.65e+04""",C,"=""42.48833""","=""46.81369""","=""2s.2p.(3P*).3d""","=""2P*""","=""3/2""","=""2s.2p.(1P*).3p""","=""2P""","=""1/2""",4,2,,"=""T7192LS""","=""""",
"=""""","=""286.954""","=""""","=""3.31e+04""",C,"=""42.49713""","=""46.81783""","=""2s.2p.(3P*).3d""","=""2P*""","=""1/2""","=""2s.2p.(1P*).3p""","=""2P""","=""3/2""",2,4,,"=""T7192LS""","=""""",
"=""""","=""287.229""","=""""","=""1.32e+05""",C+,"=""42.49713""","=""46.81369""","=""2s.2p.(3P*).3d""","=""2P*""","=""1/2""","=""2s.2p.(1P*).3p""","=""2P""","=""1/2""",2,2,,"=""T7192LS""","=""""",
"=""""","=""289.812""","=""""","=""1.77e+00""",D+,"=""23.15989""","=""27.43798""","=""2p3""","=""4S*""","=""3/2""","=""2s2.3s""","=""2S""","=""1/2""",4,2,,"=""T6335""","=""""",
"=""""","=""292.028""","=""""","=""3.08e+06""",C+,"=""39.71055""","=""43.95618""","=""2s2.4f""","=""2F*""","=""5/2""","=""2s2.6d""","=""2D""","=""3/2""",6,4,,"=""T7192LS""","=""""",
"=""""","=""292.028""","=""""","=""1.47e+05""",C,"=""39.71055""","=""43.95618""","=""2s2.4f""","=""2F*""","=""5/2""","=""2s2.6d""","=""2D""","=""5/2""",6,6,,"=""T7192LS""","=""""",
"=""""","=""292.037""","=""""","=""2.93e+06""",C+,"=""39.71069""","=""43.95618""","=""2s2.4f""","=""2F*""","=""7/2""","=""2s2.6d""","=""2D""","=""5/2""",8,6,,"=""T7192LS""","=""""",
"=""""","=""294.326""","=""""","=""1.36e+07""",C+,"=""39.79622""","=""44.00870""","=""2s.2p.(3P*).3p""","=""2D""","=""3/2""","=""2s2.6f""","=""2F*""","=""5/2""",4,6,,"=""T7192LS""","=""""",
"=""""","=""295.096""","=""""","=""1.45e+07""",C+,"=""39.80721""","=""44.00870""","=""2s.2p.(3P*).3p""","=""2D""","=""5/2""","=""2s2.6f""","=""2F*""","=""7/2""",6,8,,"=""T7192LS""","=""""",
"=""""","=""295.096""","=""""","=""9.64e+05""",C+,"=""39.80721""","=""44.00870""","=""2s.2p.(3P*).3p""","=""2D""","=""5/2""","=""2s2.6f""","=""2F*""","=""5/2""",6,6,,"=""T7192LS""","=""""",
"=""""","=""297.342""","=""""","=""6.67e+07""",B,"=""38.32738""","=""42.49713""","=""2s.2p.(3P*).3p""","=""2P""","=""1/2""","=""2s.2p.(3P*).3d""","=""2P*""","=""1/2""",2,2,,"=""T7192LS""","=""""",
"=""""","=""297.820""","=""""","=""3.32e+07""",B,"=""38.33408""","=""42.49713""","=""2s.2p.(3P*).3p""","=""2P""","=""3/2""","=""2s.2p.(3P*).3d""","=""2P*""","=""1/2""",4,2,,"=""T7192LS""","=""""",
"=""""","=""297.971""","=""""","=""1.66e+07""",B,"=""38.32738""","=""42.48833""","=""2s.2p.(3P*).3p""","=""2P""","=""1/2""","=""2s.2p.(3P*).3d""","=""2P*""","=""3/2""",2,4,,"=""T7192LS""","=""""",
"=""""","=""298.451""","=""""","=""8.24e+07""",B,"=""38.33408""","=""42.48833""","=""2s.2p.(3P*).3p""","=""2P""","=""3/2""","=""2s.2p.(3P*).3d""","=""2P*""","=""3/2""",4,4,,"=""T7192LS""","=""""",
"=""""","=""305.476""","=""""","=""3.22e+05""",C+,"=""46.71110""","=""50.76982""","=""2s.2p.(3P*).4p""","=""4D""","=""1/2""","=""2s.2p.(3P*).5d""","=""4P*""","=""1/2""",2,2,,"=""T7192LS""","=""""",
"=""""","=""305.853""","=""""","=""3.21e+04""",C,"=""46.71110""","=""50.76481""","=""2s.2p.(3P*).4p""","=""4D""","=""1/2""","=""2s.2p.(3P*).5d""","=""4P*""","=""3/2""",2,4,,"=""T7192LS""","=""""",
"=""""","=""305.899""","=""""","=""3.21e+05""",C+,"=""46.71671""","=""50.76982""","=""2s.2p.(3P*).4p""","=""4D""","=""3/2""","=""2s.2p.(3P*).5d""","=""4P*""","=""1/2""",4,2,,"=""T7192LS""","=""""",
"=""""","=""306.278""","=""""","=""2.05e+05""",B,"=""46.71671""","=""50.76481""","=""2s.2p.(3P*).4p""","=""4D""","=""3/2""","=""2s.2p.(3P*).5d""","=""4P*""","=""3/2""",4,4,,"=""T7192LS""","=""""",
"=""""","=""306.790""","=""""","=""1.27e+04""",C,"=""46.71671""","=""50.75805""","=""2s.2p.(3P*).4p""","=""4D""","=""3/2""","=""2s.2p.(3P*).5d""","=""4P*""","=""5/2""",4,6,,"=""T7192LS""","=""""",
"=""""","=""306.852""","=""""","=""4.01e+05""",B,"=""46.72429""","=""50.76481""","=""2s.2p.(3P*).4p""","=""4D""","=""5/2""","=""2s.2p.(3P*).5d""","=""4P*""","=""3/2""",6,4,,"=""T7192LS""","=""""",
"=""""","=""307.366""","=""""","=""1.14e+05""",C+,"=""46.72429""","=""50.75805""","=""2s.2p.(3P*).4p""","=""4D""","=""5/2""","=""2s.2p.(3P*).5d""","=""4P*""","=""5/2""",6,6,,"=""T7192LS""","=""""",
"=""""","=""308.031""","=""""","=""6.22e+04""",C+,"=""39.79622""","=""43.82129""","=""2s.2p.(3P*).3p""","=""2D""","=""3/2""","=""2s.2p.(1P*).3s""","=""2P*""","=""3/2""",4,4,,"=""T7192LS""","=""""",
"=""""","=""308.049""","=""""","=""6.22e+05""",B,"=""39.79622""","=""43.82105""","=""2s.2p.(3P*).3p""","=""2D""","=""3/2""","=""2s.2p.(1P*).3s""","=""2P*""","=""1/2""",4,2,,"=""T7192LS""","=""""",
"=""""","=""308.203""","=""""","=""5.02e+05""",B,"=""46.73525""","=""50.75805""","=""2s.2p.(3P*).4p""","=""4D""","=""7/2""","=""2s.2p.(3P*).5d""","=""4P*""","=""5/2""",8,6,,"=""T7192LS""","=""""",
"=""""","=""308.874""","=""""","=""5.55e+05""",B,"=""39.80721""","=""43.82129""","=""2s.2p.(3P*).3p""","=""2D""","=""5/2""","=""2s.2p.(1P*).3s""","=""2P*""","=""3/2""",6,4,,"=""T7192LS""","=""""",
"=""""","=""311.004""","=""""","=""5.19e+04""",C+,"=""45.69789""","=""49.68446""","=""2s.2p.(3P*).4s""","=""4P*""","=""3/2""","=""2p2.(3P).3s""","=""4P""","=""5/2""",4,6,,"=""T7192LS""","=""""",
"=""""","=""311.347""","=""""","=""7.19e+04""",C+,"=""45.68996""","=""49.67215""","=""2s.2p.(3P*).4s""","=""4P*""","=""1/2""","=""2p2.(3P).3s""","=""4P""","=""3/2""",2,4,,"=""T7192LS""","=""""",
"=""""","=""311.397""","=""""","=""1.78e+07""",B,"=""42.48833""","=""46.46987""","=""2s.2p.(3P*).3d""","=""2P*""","=""3/2""","=""2s.2p.(3P*).4p""","=""2P""","=""3/2""",4,4,,"=""T7192LS""","=""""",
"=""""","=""311.965""","=""""","=""7.08e+06""",B,"=""42.48833""","=""46.46263""","=""2s.2p.(3P*).3d""","=""2P*""","=""3/2""","=""2s.2p.(3P*).4p""","=""2P""","=""1/2""",4,2,,"=""T7192LS""","=""""",
"=""""","=""311.968""","=""""","=""2.29e+04""",C,"=""45.69789""","=""49.67215""","=""2s.2p.(3P*).4s""","=""4P*""","=""3/2""","=""2p2.(3P).3s""","=""4P""","=""3/2""",4,4,,"=""T7192LS""","=""""",
"=""""","=""311.995""","=""""","=""2.86e+04""",D,"=""45.68996""","=""49.66388""","=""2s.2p.(3P*).4s""","=""4P*""","=""1/2""","=""2p2.(3P).3s""","=""4P""","=""1/2""",2,2,,"=""T7192LS""","=""""",
"=""""","=""312.087""","=""""","=""3.54e+06""",B,"=""42.49713""","=""46.46987""","=""2s.2p.(3P*).3d""","=""2P*""","=""1/2""","=""2s.2p.(3P*).4p""","=""2P""","=""3/2""",2,4,,"=""T7192LS""","=""""",
"=""""","=""312.150""","=""""","=""1.20e+05""",B,"=""45.71252""","=""49.68446""","=""2s.2p.(3P*).4s""","=""4P*""","=""5/2""","=""2p2.(3P).3s""","=""4P""","=""5/2""",6,6,,"=""T7192LS""","=""""",
"=""""","=""312.618""","=""""","=""1.42e+05""",C+,"=""45.69789""","=""49.66388""","=""2s.2p.(3P*).4s""","=""4P*""","=""3/2""","=""2p2.(3P).3s""","=""4P""","=""1/2""",4,2,,"=""T7192LS""","=""""",
"=""""","=""312.657""","=""""","=""1.41e+07""",B,"=""42.49713""","=""46.46263""","=""2s.2p.(3P*).3d""","=""2P*""","=""1/2""","=""2s.2p.(3P*).4p""","=""2P""","=""1/2""",2,2,,"=""T7192LS""","=""""",
"=""""","=""313.120""","=""""","=""7.63e+04""",C+,"=""45.71252""","=""49.67215""","=""2s.2p.(3P*).4s""","=""4P*""","=""5/2""","=""2p2.(3P).3s""","=""4P""","=""3/2""",6,4,,"=""T7192LS""","=""""",
"=""""","=""322.026""","=""""","=""3.15e+07""",B,"=""46.91969""","=""50.76982""","=""2s.2p.(3P*).4p""","=""4S""","=""3/2""","=""2s.2p.(3P*).5d""","=""4P*""","=""1/2""",4,2,,"=""T7192LS""","=""""",
"=""""","=""322.445""","=""""","=""3.14e+07""",B,"=""46.91969""","=""50.76481""","=""2s.2p.(3P*).4p""","=""4S""","=""3/2""","=""2s.2p.(3P*).5d""","=""4P*""","=""3/2""",4,4,,"=""T7192LS""","=""""",
"=""""","=""323.013""","=""""","=""3.12e+07""",B,"=""46.91969""","=""50.75805""","=""2s.2p.(3P*).4p""","=""4S""","=""3/2""","=""2s.2p.(3P*).5d""","=""4P*""","=""5/2""",4,6,,"=""T7192LS""","=""""",
"=""""","=""330.498""","=""""","=""5.51e+07""",B,"=""38.64467""","=""42.39611""","=""2s2.4p""","=""2P*""","=""1/2""","=""2s2.5d""","=""2D""","=""3/2""",2,4,,"=""T7192LS""","=""""",
"=""""","=""330.758""","=""""","=""6.59e+07""",B,"=""38.64776""","=""42.39625""","=""2s2.4p""","=""2P*""","=""3/2""","=""2s2.5d""","=""2D""","=""5/2""",4,6,,"=""T7192LS""","=""""",
"=""""","=""330.770""","=""""","=""1.10e+07""",B,"=""38.64776""","=""42.39611""","=""2s2.4p""","=""2P*""","=""3/2""","=""2s2.5d""","=""2D""","=""3/2""",4,4,,"=""T7192LS""","=""""",
"=""""","=""331.278""","=""""","=""4.54e+06""",B,"=""47.02722""","=""50.76982""","=""2s.2p.(3P*).4p""","=""4P""","=""1/2""","=""2s.2p.(3P*).5d""","=""4P*""","=""1/2""",2,2,,"=""T7192LS""","=""""",
"=""""","=""331.722""","=""""","=""1.13e+07""",B,"=""47.02722""","=""50.76481""","=""2s.2p.(3P*).4p""","=""4P""","=""1/2""","=""2s.2p.(3P*).5d""","=""4P*""","=""3/2""",2,4,,"=""T7192LS""","=""""",
"=""""","=""331.770""","=""""","=""2.26e+07""",B,"=""47.03276""","=""50.76982""","=""2s.2p.(3P*).4p""","=""4P""","=""3/2""","=""2s.2p.(3P*).5d""","=""4P*""","=""1/2""",4,2,,"=""T7192LS""","=""""",
"=""""","=""332.215""","=""""","=""3.60e+06""",B,"=""47.03276""","=""50.76481""","=""2s.2p.(3P*).4p""","=""4P""","=""3/2""","=""2s.2p.(3P*).5d""","=""4P*""","=""3/2""",4,4,,"=""T7192LS""","=""""",
"=""""","=""332.799""","=""""","=""1.21e+07""",B,"=""47.03931""","=""50.76481""","=""2s.2p.(3P*).4p""","=""4P""","=""5/2""","=""2s.2p.(3P*).5d""","=""4P*""","=""3/2""",6,4,,"=""T7192LS""","=""""",
"=""""","=""332.817""","=""""","=""8.06e+06""",B,"=""47.03276""","=""50.75805""","=""2s.2p.(3P*).4p""","=""4P""","=""3/2""","=""2s.2p.(3P*).5d""","=""4P*""","=""5/2""",4,6,,"=""T7192LS""","=""""",
"=""""","=""333.045""","=""""","=""2.59e+06""",B,"=""33.13334""","=""36.85609""","=""2s2.3d""","=""2D""","=""3/2""","=""2s.2p.(3P*).3s""","=""2P*""","=""3/2""",4,4,,"=""T7192LS""","=""""",
"=""""","=""333.107""","=""""","=""2.33e+07""",B,"=""33.13403""","=""36.85609""","=""2s2.3d""","=""2D""","=""5/2""","=""2s.2p.(3P*).3s""","=""2P*""","=""3/2""",6,4,,"=""T7192LS""","=""""",
"=""""","=""333.403""","=""""","=""1.87e+07""",B,"=""47.03931""","=""50.75805""","=""2s.2p.(3P*).4p""","=""4P""","=""5/2""","=""2s.2p.(3P*).5d""","=""4P*""","=""5/2""",6,6,,"=""T7192LS""","=""""",
"=""""","=""334.305""","=""""","=""2.56e+07""",B,"=""33.13334""","=""36.84205""","=""2s2.3d""","=""2D""","=""3/2""","=""2s.2p.(3P*).3s""","=""2P*""","=""1/2""",4,2,,"=""T7192LS""","=""""",
"=""""","=""334.372""","=""""","=""3.80e+07""",B,"=""36.84205""","=""40.55002""","=""2s.2p.(3P*).3s""","=""2P*""","=""1/2""","=""2s.2p.(3P*).3p""","=""2S""","=""1/2""",2,2,,"=""T7192LS""","=""""",
"=""""","=""335.494""","=""""","=""7.66e+07""",B,"=""35.64910""","=""39.34467""","=""2s.2p.(3P*).3s""","=""4P*""","=""1/2""","=""2s.2p.(3P*).3p""","=""4P""","=""3/2""",2,4,,"=""T7192LS""","=""""",
"=""""","=""335.529""","=""""","=""5.51e+07""",B,"=""35.65680""","=""39.35199""","=""2s.2p.(3P*).3s""","=""4P*""","=""3/2""","=""2s.2p.(3P*).3p""","=""4P""","=""5/2""",4,6,,"=""T7192LS""","=""""",
"=""""","=""335.643""","=""""","=""7.51e+07""",B,"=""36.85609""","=""40.55002""","=""2s.2p.(3P*).3s""","=""2P*""","=""3/2""","=""2s.2p.(3P*).3p""","=""2S""","=""1/2""",4,2,,"=""T7192LS""","=""""",
"=""""","=""335.974""","=""""","=""3.05e+07""",B,"=""35.64910""","=""39.33939""","=""2s.2p.(3P*).3s""","=""4P*""","=""1/2""","=""2s.2p.(3P*).3p""","=""4P""","=""1/2""",2,2,,"=""T7192LS""","=""""",
"=""""","=""336.194""","=""""","=""2.44e+07""",B,"=""35.65680""","=""39.34467""","=""2s.2p.(3P*).3s""","=""4P*""","=""3/2""","=""2s.2p.(3P*).3p""","=""4P""","=""3/2""",4,4,,"=""T7192LS""","=""""",
"=""""","=""336.677""","=""""","=""1.52e+08""",B,"=""35.65680""","=""39.33939""","=""2s.2p.(3P*).3s""","=""4P*""","=""3/2""","=""2s.2p.(3P*).3p""","=""4P""","=""1/2""",4,2,,"=""T7192LS""","=""""",
"=""336.831""","=""336.833""","=""120""","=""1.27e+08""",B,"=""35.67111""","=""39.35199""","=""2s.2p.(3P*).3s""","=""4P*""","=""5/2""","=""2s.2p.(3P*).3p""","=""4P""","=""5/2""",6,6,,"=""T7192LS""","=""L3513""",
"=""""","=""337.504""","=""""","=""8.13e+07""",B,"=""35.67111""","=""39.34467""","=""2s.2p.(3P*).3s""","=""4P*""","=""5/2""","=""2s.2p.(3P*).3p""","=""4P""","=""3/2""",6,4,,"=""T7192LS""","=""""",
"=""""","=""344.461""","=""""","=""2.28e+05""",B,"=""38.32738""","=""41.92676""","=""2s.2p.(3P*).3p""","=""2P""","=""1/2""","=""2s2.5p""","=""2P*""","=""3/2""",2,4,,"=""T7192LS""","=""""",
"=""""","=""344.558""","=""""","=""9.10e+05""",B,"=""38.32738""","=""41.92574""","=""2s.2p.(3P*).3p""","=""2P""","=""1/2""","=""2s2.5p""","=""2P*""","=""1/2""",2,2,,"=""T7192LS""","=""""",
"=""""","=""345.102""","=""""","=""1.13e+06""",B,"=""38.33408""","=""41.92676""","=""2s.2p.(3P*).3p""","=""2P""","=""3/2""","=""2s2.5p""","=""2P*""","=""3/2""",4,4,,"=""T7192LS""","=""""",
"=""""","=""345.200""","=""""","=""4.52e+05""",B,"=""38.33408""","=""41.92574""","=""2s.2p.(3P*).3p""","=""2P""","=""3/2""","=""2s2.5p""","=""2P*""","=""1/2""",4,2,,"=""T7192LS""","=""""",
"=""""","=""367.709""","=""""","=""9.79e+04""",C+,"=""42.12296""","=""45.4948""","=""2s.2p.(3P*).3d""","=""2F*""","=""5/2""","=""2s2.8d""","=""2D""","=""3/2""",6,4,,"=""T7192LS""","=""""",
"=""""","=""367.709""","=""""","=""4.66e+03""",D,"=""42.12296""","=""45.4948""","=""2s.2p.(3P*).3d""","=""2F*""","=""5/2""","=""2s2.8d""","=""2D""","=""5/2""",6,6,,"=""T7192LS""","=""""",
"=""""","=""369.215""","=""""","=""9.21e+04""",B,"=""42.13671""","=""45.4948""","=""2s.2p.(3P*).3d""","=""2F*""","=""7/2""","=""2s2.8d""","=""2D""","=""5/2""",8,6,,"=""T7192LS""","=""""",
"=""""","=""374.702""","=""""","=""1.90e+07""",B,"=""35.64910""","=""38.95798""","=""2s.2p.(3P*).3s""","=""4P*""","=""1/2""","=""2s.2p.(3P*).3p""","=""4S""","=""3/2""",2,4,,"=""T7192LS""","=""""",
"=""""","=""375.370""","=""""","=""6.67e+06""",B,"=""38.39248""","=""41.69546""","=""2s.2p.(3P*).3p""","=""4D""","=""1/2""","=""2s.2p.(3P*).3d""","=""4P*""","=""1/2""",2,2,,"=""T7192LS""","=""""",
"=""375.574""","=""375.576""","=""90""","=""3.78e+07""",B,"=""35.65680""","=""38.95798""","=""2s.2p.(3P*).3s""","=""4P*""","=""3/2""","=""2s.2p.(3P*).3p""","=""4S""","=""3/2""",4,4,,"=""T7192LS""","=""L3513""",
"=""""","=""375.864""","=""""","=""6.64e+05""",B,"=""38.39248""","=""41.69112""","=""2s.2p.(3P*).3p""","=""4D""","=""1/2""","=""2s.2p.(3P*).3d""","=""4P*""","=""3/2""",2,4,,"=""T7192LS""","=""""",
"=""""","=""375.872""","=""""","=""6.64e+06""",B,"=""38.39689""","=""41.69546""","=""2s.2p.(3P*).3p""","=""4D""","=""3/2""","=""2s.2p.(3P*).3d""","=""4P*""","=""1/2""",4,2,,"=""T7192LS""","=""""",
"=""""","=""376.367""","=""""","=""4.24e+06""",B,"=""38.39689""","=""41.69112""","=""2s.2p.(3P*).3p""","=""4D""","=""3/2""","=""2s.2p.(3P*).3d""","=""4P*""","=""3/2""",4,4,,"=""T7192LS""","=""""",
"=""""","=""377.144""","=""""","=""2.63e+05""",B,"=""38.39689""","=""41.68434""","=""2s.2p.(3P*).3p""","=""4D""","=""3/2""","=""2s.2p.(3P*).3d""","=""4P*""","=""5/2""",4,6,,"=""T7192LS""","=""""",
"=""377.212""","=""377.210""","=""120""","=""5.59e+07""",B,"=""35.67111""","=""38.95798""","=""2s.2p.(3P*).3s""","=""4P*""","=""5/2""","=""2s.2p.(3P*).3p""","=""4S""","=""3/2""",6,4,,"=""T7192LS""","=""L3513""",
"=""""","=""377.243""","=""""","=""8.28e+06""",B,"=""38.40454""","=""41.69112""","=""2s.2p.(3P*).3p""","=""4D""","=""5/2""","=""2s.2p.(3P*).3d""","=""4P*""","=""3/2""",6,4,,"=""T7192LS""","=""""",
"=""""","=""378.023""","=""""","=""2.35e+06""",B,"=""38.40454""","=""41.68434""","=""2s.2p.(3P*).3p""","=""4D""","=""5/2""","=""2s.2p.(3P*).3d""","=""4P*""","=""5/2""",6,6,,"=""T7192LS""","=""""",
"=""""","=""379.010""","=""""","=""2.40e+06""",B,"=""40.55002""","=""43.82129""","=""2s.2p.(3P*).3p""","=""2S""","=""1/2""","=""2s.2p.(1P*).3s""","=""2P*""","=""3/2""",2,4,,"=""T7192LS""","=""""",
"=""""","=""379.038""","=""""","=""2.40e+06""",B,"=""40.55002""","=""43.82105""","=""2s.2p.(3P*).3p""","=""2S""","=""1/2""","=""2s.2p.(1P*).3s""","=""2P*""","=""1/2""",2,2,,"=""T7192LS""","=""""",
"=""""","=""379.404""","=""""","=""1.03e+07""",B,"=""38.41648""","=""41.68434""","=""2s.2p.(3P*).3p""","=""4D""","=""7/2""","=""2s.2p.(3P*).3d""","=""4P*""","=""5/2""",8,6,,"=""T7192LS""","=""""",
"=""""","=""393.561""","=""""","=""7.49e+07""",B,"=""38.32738""","=""41.47770""","=""2s.2p.(3P*).3p""","=""2P""","=""1/2""","=""2s.2p.(3P*).3d""","=""2D*""","=""3/2""",2,4,,"=""T7192LS""","=""""",
"=""393.963""","=""393.963""","=""90""","=""8.96e+07""",B,"=""38.33408""","=""41.48118""","=""2s.2p.(3P*).3p""","=""2P""","=""3/2""","=""2s.2p.(3P*).3d""","=""2D*""","=""5/2""",4,6,,"=""T7192LS""","=""L3513""",
"=""""","=""394.400""","=""""","=""1.49e+07""",B,"=""38.33408""","=""41.47770""","=""2s.2p.(3P*).3p""","=""2P""","=""3/2""","=""2s.2p.(3P*).3d""","=""2D*""","=""3/2""",4,4,,"=""T7192LS""","=""""",
"=""""","=""399.763""","=""""","=""1.57e+06""",B,"=""39.39569""","=""42.49713""","=""2s2.4d""","=""2D""","=""3/2""","=""2s.2p.(3P*).3d""","=""2P*""","=""1/2""",4,2,,"=""T7192LS""","=""""",
"=""399.976""","=""399.976""","=""150""","=""1.76e+08""",C+,"=""39.39569""","=""42.49548""","=""2s2.4d""","=""2D""","=""3/2""","=""2s2.5f""","=""2F*""","=""5/2""",4,6,,"=""T7192LS""","=""L3513""",
"=""400.471""","=""400.471""","=""200""","=""1.88e+08""",C+,"=""39.39964""","=""42.49560""","=""2s2.4d""","=""2D""","=""5/2""","=""2s2.5f""","=""2F*""","=""7/2""",6,8,,"=""T7192LS""","=""L3513""",
"=""""","=""400.485""","=""""","=""1.25e+07""",C+,"=""39.39964""","=""42.49548""","=""2s2.4d""","=""2D""","=""5/2""","=""2s2.5f""","=""2F*""","=""5/2""",6,6,,"=""T7192LS""","=""""",
"=""""","=""400.901""","=""""","=""1.56e+05""",B,"=""39.39569""","=""42.48833""","=""2s2.4d""","=""2D""","=""3/2""","=""2s.2p.(3P*).3d""","=""2P*""","=""3/2""",4,4,,"=""T7192LS""","=""""",
"=""""","=""401.413""","=""""","=""1.39e+06""",B,"=""39.39964""","=""42.48833""","=""2s2.4d""","=""2D""","=""5/2""","=""2s.2p.(3P*).3d""","=""2P*""","=""3/2""",6,4,,"=""T7192LS""","=""""",
"=""409.849""","=""409.851""","=""250""","=""8.70e+07""",B,"=""27.43798""","=""30.46308""","=""2s2.3s""","=""2S""","=""1/2""","=""2s2.3p""","=""2P*""","=""3/2""",2,4,,"=""T6335n""","=""L3513""",
"=""410.459""","=""410.455""","=""200""","=""8.67e+07""",B,"=""27.43798""","=""30.45863""","=""2s2.3s""","=""2S""","=""1/2""","=""2s2.3p""","=""2P*""","=""1/2""",2,2,,"=""T6335n""","=""L3513""",
"=""""","=""412.239""","=""""","=""2.10e+06""",B,"=""46.71671""","=""49.72430""","=""2s.2p.(3P*).4p""","=""4D""","=""3/2""","=""2s.2p.(3P*).5s""","=""4P*""","=""5/2""",4,6,,"=""T7192LS""","=""""",
"=""""","=""412.397""","=""""","=""4.08e+04""",C+,"=""42.48833""","=""45.4948""","=""2s.2p.(3P*).3d""","=""2P*""","=""3/2""","=""2s2.8d""","=""2D""","=""5/2""",4,6,,"=""T7192LS""","=""""",
"=""""","=""412.397""","=""""","=""6.79e+03""",D,"=""42.48833""","=""45.4948""","=""2s.2p.(3P*).3d""","=""2P*""","=""3/2""","=""2s2.8d""","=""2D""","=""3/2""",4,4,,"=""T7192LS""","=""""",
"=""""","=""413.279""","=""""","=""1.88e+07""",B,"=""46.72429""","=""49.72430""","=""2s.2p.(3P*).4p""","=""4D""","=""5/2""","=""2s.2p.(3P*).5s""","=""4P*""","=""5/2""",6,6,,"=""T7192LS""","=""""",
"=""""","=""413.500""","=""""","=""5.21e+06""",B,"=""46.71110""","=""49.70951""","=""2s.2p.(3P*).4p""","=""4D""","=""1/2""","=""2s.2p.(3P*).5s""","=""4P*""","=""3/2""",2,4,,"=""T7192LS""","=""""",
"=""""","=""413.608""","=""""","=""3.37e+04""",C+,"=""42.49713""","=""45.4948""","=""2s.2p.(3P*).3d""","=""2P*""","=""1/2""","=""2s2.8d""","=""2D""","=""3/2""",2,4,,"=""T7192LS""","=""""",
"=""""","=""413.724""","=""""","=""1.08e+07""",B,"=""43.82105""","=""46.81783""","=""2s.2p.(1P*).3s""","=""2P*""","=""1/2""","=""2s.2p.(1P*).3p""","=""2P""","=""3/2""",2,4,,"=""T7192LS""","=""""",
"=""""","=""413.757""","=""""","=""5.38e+07""",B,"=""43.82129""","=""46.81783""","=""2s.2p.(1P*).3s""","=""2P*""","=""3/2""","=""2s.2p.(1P*).3p""","=""2P""","=""3/2""",4,4,,"=""T7192LS""","=""""",
"=""""","=""414.276""","=""""","=""3.32e+07""",B,"=""46.71671""","=""49.70951""","=""2s.2p.(3P*).4p""","=""4D""","=""3/2""","=""2s.2p.(3P*).5s""","=""4P*""","=""3/2""",4,4,,"=""T7192LS""","=""""",
"=""""","=""414.297""","=""""","=""4.29e+07""",B,"=""43.82105""","=""46.81369""","=""2s.2p.(1P*).3s""","=""2P*""","=""1/2""","=""2s.2p.(1P*).3p""","=""2P""","=""1/2""",2,2,,"=""T7192LS""","=""""",
"=""""","=""414.329""","=""""","=""2.14e+07""",B,"=""43.82129""","=""46.81369""","=""2s.2p.(1P*).3s""","=""2P*""","=""3/2""","=""2s.2p.(1P*).3p""","=""2P""","=""1/2""",4,2,,"=""T7192LS""","=""""",
"=""""","=""414.730""","=""""","=""5.17e+07""",B,"=""46.71110""","=""49.70062""","=""2s.2p.(3P*).4p""","=""4D""","=""1/2""","=""2s.2p.(3P*).5s""","=""4P*""","=""1/2""",2,2,,"=""T7192LS""","=""""",
"=""""","=""414.795""","=""""","=""8.26e+07""",B,"=""46.73525""","=""49.72430""","=""2s.2p.(3P*).4p""","=""4D""","=""7/2""","=""2s.2p.(3P*).5s""","=""4P*""","=""5/2""",8,6,,"=""T7192LS""","=""""",
"=""""","=""415.327""","=""""","=""6.48e+07""",B,"=""46.72429""","=""49.70951""","=""2s.2p.(3P*).4p""","=""4D""","=""5/2""","=""2s.2p.(3P*).5s""","=""4P*""","=""3/2""",6,4,,"=""T7192LS""","=""""",
"=""""","=""415.510""","=""""","=""5.14e+07""",B,"=""46.71671""","=""49.70062""","=""2s.2p.(3P*).4p""","=""4D""","=""3/2""","=""2s.2p.(3P*).5s""","=""4P*""","=""1/2""",4,2,,"=""T7192LS""","=""""",
"=""419.694""","=""419.692""","=""120""","=""9.37e+07""",B,"=""36.84205""","=""39.79622""","=""2s.2p.(3P*).3s""","=""2P*""","=""1/2""","=""2s.2p.(3P*).3p""","=""2D""","=""3/2""",2,4,,"=""T7192LS""","=""L3513""",
"=""420.128""","=""420.126""","=""150""","=""1.12e+08""",B,"=""36.85609""","=""39.80721""","=""2s.2p.(3P*).3s""","=""2P*""","=""3/2""","=""2s.2p.(3P*).3p""","=""2D""","=""5/2""",4,6,,"=""T7192LS""","=""L3513""",
"=""""","=""421.695""","=""""","=""1.85e+07""",B,"=""36.85609""","=""39.79622""","=""2s.2p.(3P*).3s""","=""2P*""","=""3/2""","=""2s.2p.(3P*).3p""","=""2D""","=""3/2""",4,4,,"=""T7192LS""","=""""",
"=""""","=""431.999""","=""""","=""5.40e+06""",B,"=""38.39248""","=""41.26249""","=""2s.2p.(3P*).3p""","=""4D""","=""1/2""","=""2s.2p.(3P*).3d""","=""4D*""","=""3/2""",2,4,,"=""T7192LS""","=""""",
"=""""","=""432.244""","=""""","=""1.08e+07""",B,"=""38.39248""","=""41.26086""","=""2s.2p.(3P*).3p""","=""4D""","=""1/2""","=""2s.2p.(3P*).3d""","=""4D*""","=""1/2""",2,2,,"=""T7192LS""","=""""",
"=""""","=""432.260""","=""""","=""5.03e+06""",B,"=""38.39689""","=""41.26516""","=""2s.2p.(3P*).3p""","=""4D""","=""3/2""","=""2s.2p.(3P*).3d""","=""4D*""","=""5/2""",4,6,,"=""T7192LS""","=""""",
"=""""","=""432.664""","=""""","=""8.60e+06""",B,"=""38.39689""","=""41.26249""","=""2s.2p.(3P*).3p""","=""4D""","=""3/2""","=""2s.2p.(3P*).3d""","=""4D*""","=""3/2""",4,4,,"=""T7192LS""","=""""",
"=""""","=""432.891""","=""""","=""3.06e+06""",B,"=""38.40454""","=""41.26864""","=""2s.2p.(3P*).3p""","=""4D""","=""5/2""","=""2s.2p.(3P*).3d""","=""4D*""","=""7/2""",6,8,,"=""T7192LS""","=""""",
"=""""","=""432.910""","=""""","=""1.07e+07""",B,"=""38.39689""","=""41.26086""","=""2s.2p.(3P*).3p""","=""4D""","=""3/2""","=""2s.2p.(3P*).3d""","=""4D*""","=""1/2""",4,2,,"=""T7192LS""","=""""",
"=""433.413""","=""433.416""","=""90""","=""1.23e+07""",B,"=""38.40454""","=""41.26516""","=""2s.2p.(3P*).3p""","=""4D""","=""5/2""","=""2s.2p.(3P*).3d""","=""4D*""","=""5/2""",6,6,,"=""T7192LS""","=""L3513""",
"=""""","=""433.823""","=""""","=""7.47e+06""",B,"=""38.40454""","=""41.26249""","=""2s.2p.(3P*).3p""","=""4D""","=""5/2""","=""2s.2p.(3P*).3d""","=""4D*""","=""3/2""",6,4,,"=""T7192LS""","=""""",
"=""434.690""","=""434.703""","=""120""","=""1.82e+07""",B,"=""38.41648""","=""41.26864""","=""2s.2p.(3P*).3p""","=""4D""","=""7/2""","=""2s.2p.(3P*).3d""","=""4D*""","=""7/2""",8,8,,"=""T7192LS""","=""L3513""",
"=""""","=""435.233""","=""""","=""4.01e+06""",B,"=""38.41648""","=""41.26516""","=""2s.2p.(3P*).3p""","=""4D""","=""7/2""","=""2s.2p.(3P*).3d""","=""4D*""","=""5/2""",8,6,,"=""T7192LS""","=""""",
"=""438.034""","=""""","=""300""","=""""",,"=""""","=""""","=""""","=""""","=""""","=""""","=""""","=""""",1,1,,"=""""","=""L3513""",
"=""""","=""442.073""","=""""","=""1.33e+07""",B,"=""46.91969""","=""49.72430""","=""2s.2p.(3P*).4p""","=""4S""","=""3/2""","=""2s.2p.(3P*).5s""","=""4P*""","=""5/2""",4,6,,"=""T7192LS""","=""""",
"=""""","=""444.417""","=""""","=""1.31e+07""",B,"=""46.91969""","=""49.70951""","=""2s.2p.(3P*).4p""","=""4S""","=""3/2""","=""2s.2p.(3P*).5s""","=""4P*""","=""3/2""",4,4,,"=""T7192LS""","=""""",
"=""""","=""445.837""","=""""","=""1.30e+07""",B,"=""46.91969""","=""49.70062""","=""2s.2p.(3P*).4p""","=""4S""","=""3/2""","=""2s.2p.(3P*).5s""","=""4P*""","=""1/2""",4,2,,"=""T7192LS""","=""""",
"=""""","=""448.001""","=""""","=""8.66e+04""",B,"=""42.12296""","=""44.8905""","=""2s.2p.(3P*).3d""","=""2F*""","=""5/2""","=""2s2.7d""","=""2D""","=""3/2""",6,4,,"=""T7192LS""","=""""",
"=""""","=""448.001""","=""""","=""4.12e+03""",C,"=""42.12296""","=""44.8905""","=""2s.2p.(3P*).3d""","=""2F*""","=""5/2""","=""2s2.7d""","=""2D""","=""5/2""",6,6,,"=""T7192LS""","=""""",
"=""""","=""450.238""","=""""","=""8.13e+04""",B,"=""42.13671""","=""44.8905""","=""2s.2p.(3P*).3d""","=""2F*""","=""7/2""","=""2s2.7d""","=""2D""","=""5/2""",8,6,,"=""T7192LS""","=""""",
"=""451.218""","=""451.215""","=""90""","=""2.84e+07""",B,"=""35.64910""","=""38.39689""","=""2s.2p.(3P*).3s""","=""4P*""","=""1/2""","=""2s.2p.(3P*).3p""","=""4D""","=""3/2""",2,4,,"=""T7192LS""","=""L3513""",
"=""""","=""451.223""","=""""","=""4.77e+07""",B,"=""35.65680""","=""38.40454""","=""2s.2p.(3P*).3s""","=""4P*""","=""3/2""","=""2s.2p.(3P*).3p""","=""4D""","=""5/2""",4,6,,"=""T7192LS""","=""""",
"=""451.613""","=""451.612""","=""120""","=""6.80e+07""",B,"=""35.67111""","=""38.41648""","=""2s.2p.(3P*).3s""","=""4P*""","=""5/2""","=""2s.2p.(3P*).3p""","=""4D""","=""7/2""",6,8,,"=""T7192LS""","=""L3513""",
"=""""","=""451.941""","=""""","=""5.65e+07""",B,"=""35.64910""","=""38.39248""","=""2s.2p.(3P*).3s""","=""4P*""","=""1/2""","=""2s.2p.(3P*).3p""","=""4D""","=""1/2""",2,2,,"=""T7192LS""","=""""",
"=""""","=""452.483""","=""""","=""3.61e+07""",B,"=""35.65680""","=""38.39689""","=""2s.2p.(3P*).3s""","=""4P*""","=""3/2""","=""2s.2p.(3P*).3p""","=""4D""","=""3/2""",4,4,,"=""T7192LS""","=""""",
"=""""","=""452.913""","=""""","=""5.50e+07""",B,"=""38.95798""","=""41.69546""","=""2s.2p.(3P*).3p""","=""4S""","=""3/2""","=""2s.2p.(3P*).3d""","=""4P*""","=""1/2""",4,2,,"=""T7192LS""","=""""",
"=""""","=""452.981""","=""""","=""7.03e+06""",B,"=""39.39964""","=""42.13671""","=""2s2.4d""","=""2D""","=""5/2""","=""2s.2p.(3P*).3d""","=""2F*""","=""7/2""",6,8,,"=""T7192LS""","=""""",
"=""""","=""453.213""","=""""","=""1.12e+07""",B,"=""35.65680""","=""38.39248""","=""2s.2p.(3P*).3s""","=""4P*""","=""3/2""","=""2s.2p.(3P*).3p""","=""4D""","=""1/2""",4,2,,"=""T7192LS""","=""""",
"=""""","=""453.585""","=""""","=""2.01e+07""",B,"=""35.67111""","=""38.40454""","=""2s.2p.(3P*).3s""","=""4P*""","=""5/2""","=""2s.2p.(3P*).3p""","=""4D""","=""5/2""",6,6,,"=""T7192LS""","=""""",
"=""""","=""453.632""","=""""","=""5.48e+07""",B,"=""38.95798""","=""41.69112""","=""2s.2p.(3P*).3p""","=""4S""","=""3/2""","=""2s.2p.(3P*).3d""","=""4P*""","=""3/2""",4,4,,"=""T7192LS""","=""""",
"=""""","=""454.098""","=""""","=""5.71e+07""",B,"=""38.64467""","=""41.37501""","=""2s2.4p""","=""2P*""","=""1/2""","=""2s2.5s""","=""2S""","=""1/2""",2,2,,"=""T7192LS""","=""""",
"=""""","=""454.610""","=""""","=""6.49e+06""",B,"=""39.39569""","=""42.12296""","=""2s2.4d""","=""2D""","=""3/2""","=""2s.2p.(3P*).3d""","=""2F*""","=""5/2""",4,6,,"=""T7192LS""","=""""",
"=""""","=""454.612""","=""""","=""1.14e+08""",B,"=""38.64776""","=""41.37501""","=""2s2.4p""","=""2P*""","=""3/2""","=""2s2.5s""","=""2S""","=""1/2""",4,2,,"=""T7192LS""","=""""",
"=""""","=""454.760""","=""""","=""5.42e+07""",B,"=""38.95798""","=""41.68434""","=""2s.2p.(3P*).3p""","=""4S""","=""3/2""","=""2s.2p.(3P*).3d""","=""4P*""","=""5/2""",4,6,,"=""T7192LS""","=""""",
"=""""","=""454.858""","=""""","=""3.33e+06""",B,"=""35.67111""","=""38.39689""","=""2s.2p.(3P*).3s""","=""4P*""","=""5/2""","=""2s.2p.(3P*).3p""","=""4D""","=""3/2""",6,4,,"=""T7192LS""","=""""",
"=""""","=""455.268""","=""""","=""4.62e+05""",B,"=""39.39964""","=""42.12296""","=""2s2.4d""","=""2D""","=""5/2""","=""2s.2p.(3P*).3d""","=""2F*""","=""5/2""",6,6,,"=""T7192LS""","=""""",
"=""""","=""458.117""","=""""","=""1.01e+06""",B,"=""46.46263""","=""49.16902""","=""2s.2p.(3P*).4p""","=""2P""","=""1/2""","=""2s.2p.(1P*).3d""","=""2D*""","=""3/2""",2,4,,"=""T7192LS""","=""""",
"=""""","=""459.046""","=""""","=""6.41e+06""",B,"=""39.79622""","=""42.49713""","=""2s.2p.(3P*).3p""","=""2D""","=""3/2""","=""2s.2p.(3P*).3d""","=""2P*""","=""1/2""",4,2,,"=""T7192LS""","=""""",
"=""""","=""459.137""","=""""","=""1.21e+06""",B,"=""46.46987""","=""49.17025""","=""2s.2p.(3P*).4p""","=""2P""","=""3/2""","=""2s.2p.(1P*).3d""","=""2D*""","=""5/2""",4,6,,"=""T7192LS""","=""""",
"=""""","=""459.327""","=""""","=""2.74e+07""",C+,"=""39.79622""","=""42.49548""","=""2s.2p.(3P*).3p""","=""2D""","=""3/2""","=""2s2.5f""","=""2F*""","=""5/2""",4,6,,"=""T7192LS""","=""""",
"=""""","=""459.346""","=""""","=""2.01e+05""",B,"=""46.46987""","=""49.16902""","=""2s.2p.(3P*).4p""","=""2P""","=""3/2""","=""2s.2p.(1P*).3d""","=""2D*""","=""3/2""",4,4,,"=""T7192LS""","=""""",
"=""""","=""460.547""","=""""","=""6.35e+05""",B,"=""39.79622""","=""42.48833""","=""2s.2p.(3P*).3p""","=""2D""","=""3/2""","=""2s.2p.(3P*).3d""","=""2P*""","=""3/2""",4,4,,"=""T7192LS""","=""""",
"=""""","=""460.645""","=""""","=""2.69e+07""",B,"=""47.03276""","=""49.72430""","=""2s.2p.(3P*).4p""","=""4P""","=""3/2""","=""2s.2p.(3P*).5s""","=""4P*""","=""5/2""",4,6,,"=""T7192LS""","=""""",
"=""""","=""461.184""","=""""","=""2.90e+07""",C+,"=""39.80721""","=""42.49560""","=""2s.2p.(3P*).3p""","=""2D""","=""5/2""","=""2s2.5f""","=""2F*""","=""7/2""",6,8,,"=""T7192LS""","=""""",
"=""""","=""461.204""","=""""","=""1.93e+06""",C+,"=""39.80721""","=""42.49548""","=""2s.2p.(3P*).3p""","=""2D""","=""5/2""","=""2s2.5f""","=""2F*""","=""5/2""",6,6,,"=""T7192LS""","=""""",
"=""""","=""461.646""","=""""","=""3.39e+05""",C+,"=""39.71055""","=""42.39625""","=""2s2.4f""","=""2F*""","=""5/2""","=""2s2.5d""","=""2D""","=""5/2""",6,6,,"=""T7192LS""","=""""",
"=""""","=""461.670""","=""""","=""6.78e+06""",C+,"=""39.71069""","=""42.39625""","=""2s2.4f""","=""2F*""","=""7/2""","=""2s2.5d""","=""2D""","=""5/2""",8,6,,"=""T7192LS""","=""""",
"=""""","=""461.670""","=""""","=""7.12e+06""",C+,"=""39.71055""","=""42.39611""","=""2s2.4f""","=""2F*""","=""5/2""","=""2s2.5d""","=""2D""","=""3/2""",6,4,,"=""T7192LS""","=""""",
"=""""","=""461.768""","=""""","=""6.22e+07""",B,"=""47.03931""","=""49.72430""","=""2s.2p.(3P*).4p""","=""4P""","=""5/2""","=""2s.2p.(3P*).5s""","=""4P*""","=""5/2""",6,6,,"=""T7192LS""","=""""",
"=""""","=""462.233""","=""""","=""3.69e+07""",B,"=""47.02722""","=""49.70951""","=""2s.2p.(3P*).4p""","=""4P""","=""1/2""","=""2s.2p.(3P*).5s""","=""4P*""","=""3/2""",2,4,,"=""T7192LS""","=""""",
"=""""","=""462.434""","=""""","=""5.64e+06""",B,"=""39.80721""","=""42.48833""","=""2s.2p.(3P*).3p""","=""2D""","=""5/2""","=""2s.2p.(3P*).3d""","=""2P*""","=""3/2""",6,4,,"=""T7192LS""","=""""",
"=""""","=""463.190""","=""""","=""1.17e+07""",B,"=""47.03276""","=""49.70951""","=""2s.2p.(3P*).4p""","=""4P""","=""3/2""","=""2s.2p.(3P*).5s""","=""4P*""","=""3/2""",4,4,,"=""T7192LS""","=""""",
"=""463.544""","=""463.542""","=""90""","=""6.36e+07""",B,"=""30.45863""","=""33.13334""","=""2s2.3p""","=""2P*""","=""1/2""","=""2s2.3d""","=""2D""","=""3/2""",2,4,,"=""T6335n""","=""L3513""",
"=""""","=""463.770""","=""""","=""1.46e+07""",B,"=""47.02722""","=""49.70062""","=""2s.2p.(3P*).4p""","=""4P""","=""1/2""","=""2s.2p.(3P*).5s""","=""4P*""","=""1/2""",2,2,,"=""T7192LS""","=""""",
"=""464.194""","=""464.194""","=""120""","=""7.60e+07""",B,"=""30.46308""","=""33.13403""","=""2s2.3p""","=""2P*""","=""3/2""","=""2s2.3d""","=""2D""","=""5/2""",4,6,,"=""T6335n""","=""L3513""",
"=""""","=""464.315""","=""""","=""1.26e+07""",B,"=""30.46308""","=""33.13334""","=""2s2.3p""","=""2P*""","=""3/2""","=""2s2.3d""","=""2D""","=""3/2""",4,4,,"=""T6335n""","=""""",
"=""""","=""464.326""","=""""","=""3.93e+07""",B,"=""47.03931""","=""49.70951""","=""2s.2p.(3P*).4p""","=""4P""","=""5/2""","=""2s.2p.(3P*).5s""","=""4P*""","=""3/2""",6,4,,"=""T7192LS""","=""""",
"=""""","=""464.734""","=""""","=""7.27e+07""",B,"=""47.03276""","=""49.70062""","=""2s.2p.(3P*).4p""","=""4P""","=""3/2""","=""2s.2p.(3P*).5s""","=""4P*""","=""1/2""",4,2,,"=""T7192LS""","=""""",
"=""""","=""468.073""","=""""","=""1.28e+06""",B,"=""43.82105""","=""46.46987""","=""2s.2p.(1P*).3s""","=""2P*""","=""1/2""","=""2s.2p.(3P*).4p""","=""2P""","=""3/2""",2,4,,"=""T7192LS""","=""""",
"=""""","=""468.114""","=""""","=""6.40e+06""",B,"=""43.82129""","=""46.46987""","=""2s.2p.(1P*).3s""","=""2P*""","=""3/2""","=""2s.2p.(3P*).4p""","=""2P""","=""3/2""",4,4,,"=""T7192LS""","=""""",
"=""""","=""469.356""","=""""","=""5.08e+06""",B,"=""43.82105""","=""46.46263""","=""2s.2p.(1P*).3s""","=""2P*""","=""1/2""","=""2s.2p.(3P*).4p""","=""2P""","=""1/2""",2,2,,"=""T7192LS""","=""""",
"=""""","=""469.398""","=""""","=""2.54e+06""",B,"=""43.82129""","=""46.46263""","=""2s.2p.(1P*).3s""","=""2P*""","=""3/2""","=""2s.2p.(3P*).4p""","=""2P""","=""1/2""",4,2,,"=""T7192LS""","=""""",
"=""""","=""485.519""","=""""","=""2.00e+06""",B,"=""36.84205""","=""39.39569""","=""2s.2p.(3P*).3s""","=""2P*""","=""1/2""","=""2s2.4d""","=""2D""","=""3/2""",2,4,,"=""T7192LS""","=""""",
"=""486.018""","=""486.005""","=""90""","=""4.35e+07""",B,"=""38.39248""","=""40.94356""","=""2s.2p.(3P*).3p""","=""4D""","=""1/2""","=""2s.2p.(3P*).3d""","=""4F*""","=""3/2""",2,4,,"=""T7192LS""","=""L3513""",
"=""""","=""486.034""","=""""","=""4.66e+07""",B,"=""38.39689""","=""40.94783""","=""2s.2p.(3P*).3p""","=""4D""","=""3/2""","=""2s.2p.(3P*).3d""","=""4F*""","=""5/2""",4,6,,"=""T7192LS""","=""""",
"=""""","=""486.263""","=""""","=""5.32e+07""",B,"=""38.40454""","=""40.95427""","=""2s.2p.(3P*).3p""","=""4D""","=""5/2""","=""2s.2p.(3P*).3d""","=""4F*""","=""7/2""",6,8,,"=""T7192LS""","=""""",
"=""""","=""486.848""","=""""","=""1.73e+07""",B,"=""38.39689""","=""40.94356""","=""2s.2p.(3P*).3p""","=""4D""","=""3/2""","=""2s.2p.(3P*).3d""","=""4F*""","=""3/2""",4,4,,"=""T7192LS""","=""""",
"=""486.851""","=""486.853""","=""150""","=""6.18e+07""",B,"=""38.41648""","=""40.96313""","=""2s.2p.(3P*).3p""","=""4D""","=""7/2""","=""2s.2p.(3P*).3d""","=""4F*""","=""9/2""",8,10,,"=""T7192LS""","=""L3513""",
"=""""","=""487.446""","=""""","=""2.38e+06""",B,"=""36.85609""","=""39.39964""","=""2s.2p.(3P*).3s""","=""2P*""","=""3/2""","=""2s2.4d""","=""2D""","=""5/2""",4,6,,"=""T7192LS""","=""""",
"=""""","=""487.496""","=""""","=""1.50e+07""",B,"=""38.40454""","=""40.94783""","=""2s.2p.(3P*).3p""","=""4D""","=""5/2""","=""2s.2p.(3P*).3d""","=""4F*""","=""5/2""",6,6,,"=""T7192LS""","=""""",
"=""""","=""488.203""","=""""","=""3.94e+05""",B,"=""36.85609""","=""39.39569""","=""2s.2p.(3P*).3s""","=""2P*""","=""3/2""","=""2s2.4d""","=""2D""","=""3/2""",4,4,,"=""T7192LS""","=""""",
"=""""","=""488.315""","=""""","=""1.22e+06""",B,"=""38.40454""","=""40.94356""","=""2s.2p.(3P*).3p""","=""4D""","=""5/2""","=""2s.2p.(3P*).3d""","=""4F*""","=""3/2""",6,4,,"=""T7192LS""","=""""",
"=""""","=""488.551""","=""""","=""8.71e+06""",B,"=""38.41648""","=""40.95427""","=""2s.2p.(3P*).3p""","=""4D""","=""7/2""","=""2s.2p.(3P*).3d""","=""4F*""","=""7/2""",8,8,,"=""T7192LS""","=""""",
"=""""","=""489.795""","=""""","=""5.86e+05""",B,"=""38.41648""","=""40.94783""","=""2s.2p.(3P*).3p""","=""4D""","=""7/2""","=""2s.2p.(3P*).3d""","=""4F*""","=""5/2""",8,6,,"=""T7192LS""","=""""",
"=""""","=""489.850""","=""""","=""4.29e+06""",B,"=""39.39569""","=""41.92676""","=""2s2.4d""","=""2D""","=""3/2""","=""2s2.5p""","=""2P*""","=""3/2""",4,4,,"=""T7192LS""","=""""",
"=""""","=""490.047""","=""""","=""4.29e+07""",B,"=""39.39569""","=""41.92574""","=""2s2.4d""","=""2D""","=""3/2""","=""2s2.5p""","=""2P*""","=""1/2""",4,2,,"=""T7192LS""","=""""",
"=""""","=""490.615""","=""""","=""3.85e+07""",B,"=""39.39964""","=""41.92676""","=""2s2.4d""","=""2D""","=""5/2""","=""2s2.5p""","=""2P*""","=""3/2""",6,4,,"=""T7192LS""","=""""",
"=""""","=""503.236""","=""""","=""1.91e+06""",C+,"=""45.68996""","=""48.15370""","=""2s.2p.(3P*).4s""","=""4P*""","=""1/2""","=""2s.2p.(3P*).4f""","=""4D""","=""1/2""",2,2,,"=""T7192LS""","=""""",
"=""""","=""503.971""","=""""","=""9.49e+05""",C+,"=""45.68996""","=""48.15011""","=""2s.2p.(3P*).4s""","=""4P*""","=""1/2""","=""2s.2p.(3P*).4f""","=""4D""","=""3/2""",2,4,,"=""T7192LS""","=""""",
"=""""","=""504.859""","=""""","=""3.78e+05""",C+,"=""45.69789""","=""48.15370""","=""2s.2p.(3P*).4s""","=""4P*""","=""3/2""","=""2s.2p.(3P*).4f""","=""4D""","=""1/2""",4,2,,"=""T7192LS""","=""""",
"=""""","=""505.600""","=""""","=""1.20e+06""",C+,"=""45.69789""","=""48.15011""","=""2s.2p.(3P*).4s""","=""4P*""","=""3/2""","=""2s.2p.(3P*).4f""","=""4D""","=""3/2""",4,4,,"=""T7192LS""","=""""",
"=""""","=""506.817""","=""""","=""1.57e+06""",C+,"=""45.69789""","=""48.14422""","=""2s.2p.(3P*).4s""","=""4P*""","=""3/2""","=""2s.2p.(3P*).4f""","=""4D""","=""5/2""",4,6,,"=""T7192LS""","=""""",
"=""""","=""508.634""","=""""","=""1.11e+05""",C,"=""45.71252""","=""48.15011""","=""2s.2p.(3P*).4s""","=""4P*""","=""5/2""","=""2s.2p.(3P*).4f""","=""4D""","=""3/2""",6,4,,"=""T7192LS""","=""""",
"=""""","=""509.866""","=""""","=""6.60e+05""",C+,"=""45.71252""","=""48.14422""","=""2s.2p.(3P*).4s""","=""4P*""","=""5/2""","=""2s.2p.(3P*).4f""","=""4D""","=""5/2""",6,6,,"=""T7192LS""","=""""",
"=""""","=""510.817""","=""""","=""2.19e+06""",C+,"=""45.71252""","=""48.13969""","=""2s.2p.(3P*).4s""","=""4P*""","=""5/2""","=""2s.2p.(3P*).4f""","=""4D""","=""7/2""",6,8,,"=""T7192LS""","=""""",
"=""""","=""516.142""","=""""","=""4.32e+04""",B,"=""42.48833""","=""44.8905""","=""2s.2p.(3P*).3d""","=""2P*""","=""3/2""","=""2s2.7d""","=""2D""","=""5/2""",4,6,,"=""T7192LS""","=""""",
"=""""","=""516.142""","=""""","=""7.20e+03""",C,"=""42.48833""","=""44.8905""","=""2s.2p.(3P*).3d""","=""2P*""","=""3/2""","=""2s2.7d""","=""2D""","=""3/2""",4,4,,"=""T7192LS""","=""""",
"=""""","=""518.041""","=""""","=""3.56e+04""",C+,"=""42.49713""","=""44.8905""","=""2s.2p.(3P*).3d""","=""2P*""","=""1/2""","=""2s2.7d""","=""2D""","=""3/2""",2,4,,"=""T7192LS""","=""""",
"=""""","=""526.233""","=""""","=""2.80e+06""",B,"=""39.33939""","=""41.69546""","=""2s.2p.(3P*).3p""","=""4P""","=""1/2""","=""2s.2p.(3P*).3d""","=""4P*""","=""1/2""",2,2,,"=""T7192LS""","=""""",
"=""""","=""526.399""","=""""","=""3.38e+07""",B,"=""46.81369""","=""49.16902""","=""2s.2p.(1P*).3p""","=""2P""","=""1/2""","=""2s.2p.(1P*).3d""","=""2D*""","=""3/2""",2,4,,"=""T7192LS""","=""""",
"=""""","=""527.051""","=""""","=""4.04e+07""",B,"=""46.81783""","=""49.17025""","=""2s.2p.(1P*).3p""","=""2P""","=""3/2""","=""2s.2p.(1P*).3d""","=""2D*""","=""5/2""",4,6,,"=""T7192LS""","=""""",
"=""""","=""527.204""","=""""","=""6.95e+06""",B,"=""39.33939""","=""41.69112""","=""2s.2p.(3P*).3p""","=""4P""","=""1/2""","=""2s.2p.(3P*).3d""","=""4P*""","=""3/2""",2,4,,"=""T7192LS""","=""""",
"=""""","=""527.326""","=""""","=""6.72e+06""",B,"=""46.81783""","=""49.16902""","=""2s.2p.(1P*).3p""","=""2P""","=""3/2""","=""2s.2p.(1P*).3d""","=""2D*""","=""3/2""",4,4,,"=""T7192LS""","=""""",
"=""""","=""527.415""","=""""","=""1.39e+07""",B,"=""39.34467""","=""41.69546""","=""2s.2p.(3P*).3p""","=""4P""","=""3/2""","=""2s.2p.(3P*).3d""","=""4P*""","=""1/2""",4,2,,"=""T7192LS""","=""""",
"=""""","=""528.390""","=""""","=""2.21e+06""",B,"=""39.34467""","=""41.69112""","=""2s.2p.(3P*).3p""","=""4P""","=""3/2""","=""2s.2p.(3P*).3d""","=""4P*""","=""3/2""",4,4,,"=""T7192LS""","=""""",
"=""""","=""529.922""","=""""","=""4.93e+06""",B,"=""39.34467""","=""41.68434""","=""2s.2p.(3P*).3p""","=""4P""","=""3/2""","=""2s.2p.(3P*).3d""","=""4P*""","=""5/2""",4,6,,"=""T7192LS""","=""""",
"=""""","=""530.043""","=""""","=""7.38e+06""",B,"=""39.35199""","=""41.69112""","=""2s.2p.(3P*).3p""","=""4P""","=""5/2""","=""2s.2p.(3P*).3d""","=""4P*""","=""3/2""",6,4,,"=""T7192LS""","=""""",
"=""531.583""","=""531.584""","=""90""","=""1.14e+07""",B,"=""39.35199""","=""41.68434""","=""2s.2p.(3P*).3p""","=""4P""","=""5/2""","=""2s.2p.(3P*).3d""","=""4P*""","=""5/2""",6,6,,"=""T7192LS""","=""L3513""",
"=""532.230""","=""532.235""","=""200""","=""5.68e+07""",B,"=""39.80721""","=""42.13671""","=""2s.2p.(3P*).3p""","=""2D""","=""5/2""","=""2s.2p.(3P*).3d""","=""2F*""","=""7/2""",6,8,,"=""T7192LS""","=""L3513""",
"=""532.866""","=""532.867""","=""150""","=""5.29e+07""",B,"=""39.79622""","=""42.12296""","=""2s.2p.(3P*).3p""","=""2D""","=""3/2""","=""2s.2p.(3P*).3d""","=""2F*""","=""5/2""",4,6,,"=""T7192LS""","=""L3513""",
"=""""","=""535.395""","=""""","=""3.72e+06""",B,"=""39.80721""","=""42.12296""","=""2s.2p.(3P*).3p""","=""2D""","=""5/2""","=""2s.2p.(3P*).3d""","=""2F*""","=""5/2""",6,6,,"=""T7192LS""","=""""",
"=""""","=""549.049""","=""""","=""1.03e+00""",D,"=""25.17981""","=""27.43798""","=""2p3""","=""2D*""","=""3/2""","=""2s2.3s""","=""2S""","=""1/2""",4,2,,"=""T6335""","=""""",
"=""""","=""581.940""","=""""","=""1.76e+06""",B,"=""39.79622""","=""41.92676""","=""2s.2p.(3P*).3p""","=""2D""","=""3/2""","=""2s2.5p""","=""2P*""","=""3/2""",4,4,,"=""T7192LS""","=""""",
"=""""","=""582.218""","=""""","=""1.76e+07""",B,"=""39.79622""","=""41.92574""","=""2s.2p.(3P*).3p""","=""2D""","=""3/2""","=""2s2.5p""","=""2P*""","=""1/2""",4,2,,"=""T7192LS""","=""""",
"=""""","=""584.956""","=""""","=""1.56e+07""",B,"=""39.80721""","=""41.92676""","=""2s.2p.(3P*).3p""","=""2D""","=""5/2""","=""2s2.5p""","=""2P*""","=""3/2""",6,4,,"=""T7192LS""","=""""",
"=""""","=""594.509""","=""""","=""9.53e+04""",B,"=""39.39569""","=""41.48118""","=""2s2.4d""","=""2D""","=""3/2""","=""2s.2p.(3P*).3d""","=""2D*""","=""5/2""",4,6,,"=""T7192LS""","=""""",
"=""""","=""595.504""","=""""","=""1.28e+06""",B,"=""39.39569""","=""41.47770""","=""2s2.4d""","=""2D""","=""3/2""","=""2s.2p.(3P*).3d""","=""2D*""","=""3/2""",4,4,,"=""T7192LS""","=""""",
"=""""","=""595.635""","=""""","=""1.33e+06""",B,"=""39.39964""","=""41.48118""","=""2s2.4d""","=""2D""","=""5/2""","=""2s.2p.(3P*).3d""","=""2D*""","=""5/2""",6,6,,"=""T7192LS""","=""""",
"=""""","=""596.634""","=""""","=""1.41e+05""",B,"=""39.39964""","=""41.47770""","=""2s2.4d""","=""2D""","=""5/2""","=""2s.2p.(3P*).3d""","=""2D*""","=""3/2""",6,4,,"=""T7192LS""","=""""",
"=""""","=""636.760""","=""""","=""2.18e+07""",B,"=""40.55002""","=""42.49713""","=""2s.2p.(3P*).3p""","=""2S""","=""1/2""","=""2s.2p.(3P*).3d""","=""2P*""","=""1/2""",2,2,,"=""T7192LS""","=""""",
"=""""","=""639.652""","=""""","=""2.15e+07""",B,"=""40.55002""","=""42.48833""","=""2s.2p.(3P*).3p""","=""2S""","=""1/2""","=""2s.2p.(3P*).3d""","=""2P*""","=""3/2""",2,4,,"=""T7192LS""","=""""",
"=""""","=""644.712""","=""""","=""8.89e+06""",B,"=""39.33939""","=""41.26249""","=""2s.2p.(3P*).3p""","=""4P""","=""1/2""","=""2s.2p.(3P*).3d""","=""4D*""","=""3/2""",2,4,,"=""T7192LS""","=""""",
"=""""","=""645.257""","=""""","=""1.77e+07""",B,"=""39.33939""","=""41.26086""","=""2s.2p.(3P*).3p""","=""4P""","=""1/2""","=""2s.2p.(3P*).3d""","=""4D*""","=""1/2""",2,2,,"=""T7192LS""","=""""",
"=""645.589""","=""645.586""","=""90""","=""1.49e+07""",B,"=""39.34467""","=""41.26516""","=""2s.2p.(3P*).3p""","=""4P""","=""3/2""","=""2s.2p.(3P*).3d""","=""4D*""","=""5/2""",4,6,,"=""T7192LS""","=""L3513""",
"=""""","=""646.488""","=""""","=""1.13e+07""",B,"=""39.34467""","=""41.26249""","=""2s.2p.(3P*).3p""","=""4P""","=""3/2""","=""2s.2p.(3P*).3d""","=""4D*""","=""3/2""",4,4,,"=""T7192LS""","=""""",
"=""646.881""","=""646.881""","=""120""","=""2.11e+07""",B,"=""39.35199""","=""41.26864""","=""2s.2p.(3P*).3p""","=""4P""","=""5/2""","=""2s.2p.(3P*).3d""","=""4D*""","=""7/2""",6,8,,"=""T7192LS""","=""L3513""",
"=""""","=""647.036""","=""""","=""3.52e+06""",B,"=""39.34467""","=""41.26086""","=""2s.2p.(3P*).3p""","=""4P""","=""3/2""","=""2s.2p.(3P*).3d""","=""4D*""","=""1/2""",4,2,,"=""T7192LS""","=""""",
"=""""","=""648.055""","=""""","=""6.31e+06""",B,"=""39.35199""","=""41.26516""","=""2s.2p.(3P*).3p""","=""4P""","=""5/2""","=""2s.2p.(3P*).3d""","=""4D*""","=""5/2""",6,6,,"=""T7192LS""","=""""",
"=""""","=""648.963""","=""""","=""1.05e+06""",B,"=""39.35199""","=""41.26249""","=""2s.2p.(3P*).3p""","=""4P""","=""5/2""","=""2s.2p.(3P*).3d""","=""4D*""","=""3/2""",6,4,,"=""T7192LS""","=""""",
"=""""","=""650.715""","=""""","=""6.55e+06""",B,"=""38.64467""","=""40.55002""","=""2s2.4p""","=""2P*""","=""1/2""","=""2s.2p.(3P*).3p""","=""2S""","=""1/2""",2,2,,"=""T7192LS""","=""""",
"=""""","=""651.772""","=""""","=""1.30e+07""",B,"=""38.64776""","=""40.55002""","=""2s2.4p""","=""2P*""","=""3/2""","=""2s.2p.(3P*).3p""","=""2S""","=""1/2""",4,2,,"=""T7192LS""","=""""",
"=""""","=""676.320""","=""""","=""6.90e+04""",B,"=""42.12296""","=""43.95618""","=""2s.2p.(3P*).3d""","=""2F*""","=""5/2""","=""2s2.6d""","=""2D""","=""3/2""",6,4,,"=""T7192LS""","=""""",
"=""""","=""676.320""","=""""","=""3.28e+03""",C+,"=""42.12296""","=""43.95618""","=""2s.2p.(3P*).3d""","=""2F*""","=""5/2""","=""2s2.6d""","=""2D""","=""5/2""",6,6,,"=""T7192LS""","=""""",
"=""""","=""681.431""","=""""","=""6.42e+04""",B,"=""42.13671""","=""43.95618""","=""2s.2p.(3P*).3d""","=""2F*""","=""7/2""","=""2s2.6d""","=""2D""","=""5/2""",8,6,,"=""T7192LS""","=""""",
"=""""","=""735.830""","=""""","=""2.63e+05""",B,"=""39.79622""","=""41.48118""","=""2s.2p.(3P*).3p""","=""2D""","=""3/2""","=""2s.2p.(3P*).3d""","=""2D*""","=""5/2""",4,6,,"=""T7192LS""","=""""",
"=""""","=""737.354""","=""""","=""3.53e+06""",B,"=""39.79622""","=""41.47770""","=""2s.2p.(3P*).3p""","=""2D""","=""3/2""","=""2s.2p.(3P*).3d""","=""2D*""","=""3/2""",4,4,,"=""T7192LS""","=""""",
"=""""","=""740.658""","=""""","=""3.61e+06""",B,"=""39.80721""","=""41.48118""","=""2s.2p.(3P*).3p""","=""2D""","=""5/2""","=""2s.2p.(3P*).3d""","=""2D*""","=""5/2""",6,6,,"=""T7192LS""","=""""",
"=""""","=""740.774""","=""""","=""1.94e+06""",B,"=""43.82105""","=""45.4948""","=""2s.2p.(1P*).3s""","=""2P*""","=""1/2""","=""2s2.8d""","=""2D""","=""3/2""",2,4,,"=""T7192LS""","=""""",
"=""""","=""740.878""","=""""","=""2.33e+06""",B,"=""43.82129""","=""45.4948""","=""2s.2p.(1P*).3s""","=""2P*""","=""3/2""","=""2s2.8d""","=""2D""","=""5/2""",4,6,,"=""T7192LS""","=""""",
"=""""","=""740.878""","=""""","=""3.88e+05""",B,"=""43.82129""","=""45.4948""","=""2s.2p.(1P*).3s""","=""2P*""","=""3/2""","=""2s2.8d""","=""2D""","=""3/2""",4,4,,"=""T7192LS""","=""""",
"=""""","=""742.203""","=""""","=""3.85e+05""",B,"=""39.80721""","=""41.47770""","=""2s.2p.(3P*).3p""","=""2D""","=""5/2""","=""2s.2p.(3P*).3d""","=""2D*""","=""3/2""",6,4,,"=""T7192LS""","=""""",
"=""""","=""830.979""","=""""","=""1.65e+06""",B,"=""36.84205""","=""38.33408""","=""2s.2p.(3P*).3s""","=""2P*""","=""1/2""","=""2s.2p.(3P*).3p""","=""2P""","=""3/2""",2,4,,"=""T7192LS""","=""""",
"=""""","=""834.725""","=""""","=""6.52e+06""",B,"=""36.84205""","=""38.32738""","=""2s.2p.(3P*).3s""","=""2P*""","=""1/2""","=""2s.2p.(3P*).3p""","=""2P""","=""1/2""",2,2,,"=""T7192LS""","=""""",
"=""""","=""838.870""","=""""","=""8.03e+06""",B,"=""36.85609""","=""38.33408""","=""2s.2p.(3P*).3s""","=""2P*""","=""3/2""","=""2s.2p.(3P*).3p""","=""2P""","=""3/2""",4,4,,"=""T7192LS""","=""""",
"=""""","=""842.687""","=""""","=""3.17e+06""",B,"=""36.85609""","=""38.32738""","=""2s.2p.(3P*).3s""","=""2P*""","=""3/2""","=""2s.2p.(3P*).3p""","=""2P""","=""1/2""",4,2,,"=""T7192LS""","=""""",
"=""""","=""844.666""","=""""","=""5.43e+04""",B,"=""42.48833""","=""43.95618""","=""2s.2p.(3P*).3d""","=""2P*""","=""3/2""","=""2s2.6d""","=""2D""","=""5/2""",4,6,,"=""T7192LS""","=""""",
"=""""","=""844.666""","=""""","=""9.05e+03""",B,"=""42.48833""","=""43.95618""","=""2s.2p.(3P*).3d""","=""2P*""","=""3/2""","=""2s2.6d""","=""2D""","=""3/2""",4,4,,"=""T7192LS""","=""""",
"=""""","=""849.762""","=""""","=""4.44e+04""",B,"=""42.49713""","=""43.95618""","=""2s.2p.(3P*).3d""","=""2P*""","=""1/2""","=""2s2.6d""","=""2D""","=""3/2""",2,4,,"=""T7192LS""","=""""",
"=""""","=""865.531""","=""""","=""8.45e+05""",B,"=""43.82105""","=""45.25351""","=""2s.2p.(1P*).3s""","=""2P*""","=""1/2""","=""2s2.8s""","=""2S""","=""1/2""",2,2,,"=""T7192LS""","=""""",
"=""""","=""865.673""","=""""","=""1.69e+06""",B,"=""43.82129""","=""45.25351""","=""2s.2p.(1P*).3s""","=""2P*""","=""3/2""","=""2s2.8s""","=""2S""","=""1/2""",4,2,,"=""T7192LS""","=""""",
"=""""","=""900.568""","=""""","=""3.28e+06""",B,"=""40.55002""","=""41.92676""","=""2s.2p.(3P*).3p""","=""2S""","=""1/2""","=""2s2.5p""","=""2P*""","=""3/2""",2,4,,"=""T7192LS""","=""""",
"=""""","=""901.234""","=""""","=""3.28e+06""",B,"=""40.55002""","=""41.92574""","=""2s.2p.(3P*).3p""","=""2S""","=""1/2""","=""2s2.5p""","=""2P*""","=""1/2""",2,2,,"=""T7192LS""","=""""",
"=""""","=""923.327""","=""""","=""1.51e+07""",B,"=""45.68996""","=""47.03276""","=""2s.2p.(3P*).4s""","=""4P*""","=""1/2""","=""2s.2p.(3P*).4p""","=""4P""","=""3/2""",2,4,,"=""T7192LS""","=""""",
"=""""","=""924.274""","=""""","=""1.08e+07""",B,"=""45.69789""","=""47.03931""","=""2s.2p.(3P*).4s""","=""4P*""","=""3/2""","=""2s.2p.(3P*).4p""","=""4P""","=""5/2""",4,6,,"=""T7192LS""","=""""",
"=""""","=""927.154""","=""""","=""5.97e+06""",B,"=""45.68996""","=""47.02722""","=""2s.2p.(3P*).4s""","=""4P*""","=""1/2""","=""2s.2p.(3P*).4p""","=""4P""","=""1/2""",2,2,,"=""T7192LS""","=""""",
"=""""","=""928.807""","=""""","=""4.75e+06""",B,"=""45.69789""","=""47.03276""","=""2s.2p.(3P*).4s""","=""4P*""","=""3/2""","=""2s.2p.(3P*).4p""","=""4P""","=""3/2""",4,4,,"=""T7192LS""","=""""",
"=""""","=""932.679""","=""""","=""2.93e+07""",B,"=""45.69789""","=""47.02722""","=""2s.2p.(3P*).4s""","=""4P*""","=""3/2""","=""2s.2p.(3P*).4p""","=""4P""","=""1/2""",4,2,,"=""T7192LS""","=""""",
"=""""","=""934.466""","=""""","=""2.45e+07""",B,"=""45.71252""","=""47.03931""","=""2s.2p.(3P*).4s""","=""4P*""","=""5/2""","=""2s.2p.(3P*).4p""","=""4P""","=""5/2""",6,6,,"=""T7192LS""","=""""",
"=""""","=""939.099""","=""""","=""1.55e+07""",B,"=""45.71252""","=""47.03276""","=""2s.2p.(3P*).4s""","=""4P*""","=""5/2""","=""2s.2p.(3P*).4p""","=""4P""","=""3/2""",6,4,,"=""T7192LS""","=""""",
"=""""","=""940.504""","=""""","=""2.74e+07""",B,"=""37.32948""","=""38.64776""","=""2s2.4s""","=""2S""","=""1/2""","=""2s2.4p""","=""2P*""","=""3/2""",2,4,,"=""T7192LS""","=""""",
"=""""","=""942.711""","=""""","=""2.72e+07""",B,"=""37.32948""","=""38.64467""","=""2s2.4s""","=""2S""","=""1/2""","=""2s2.4p""","=""2P*""","=""1/2""",2,2,,"=""T7192LS""","=""""",
"=""""","=""963.428""","=""""","=""2.00e+07""",B,"=""46.46263""","=""47.7495""","=""2s.2p.(3P*).4p""","=""2P""","=""1/2""","=""2s.2p.(3P*).4d""","=""2D*""","=""3/2""",2,4,,"=""T7192LS""","=""""",
"=""""","=""968.880""","=""""","=""2.36e+07""",B,"=""46.46987""","=""47.7495""","=""2s.2p.(3P*).4p""","=""2P""","=""3/2""","=""2s.2p.(3P*).4d""","=""2D*""","=""5/2""",4,6,,"=""T7192LS""","=""""",
"=""""","=""968.880""","=""""","=""3.93e+06""",B,"=""46.46987""","=""47.7495""","=""2s.2p.(3P*).4p""","=""2P""","=""3/2""","=""2s.2p.(3P*).4d""","=""2D*""","=""3/2""",4,4,,"=""T7192LS""","=""""",
"=""""","=""1008.23""","=""""","=""3.29e+06""",B,"=""45.68996""","=""46.91969""","=""2s.2p.(3P*).4s""","=""4P*""","=""1/2""","=""2s.2p.(3P*).4p""","=""4S""","=""3/2""",2,4,,"=""T7192LS""","=""""",
"=""""","=""1014.76""","=""""","=""6.45e+06""",B,"=""45.69789""","=""46.91969""","=""2s.2p.(3P*).4s""","=""4P*""","=""3/2""","=""2s.2p.(3P*).4p""","=""4S""","=""3/2""",4,4,,"=""T7192LS""","=""""",
"=""""","=""1027.06""","=""""","=""9.34e+06""",B,"=""45.71252""","=""46.91969""","=""2s.2p.(3P*).4s""","=""4P*""","=""5/2""","=""2s.2p.(3P*).4p""","=""4S""","=""3/2""",6,4,,"=""T7192LS""","=""""",
"=""""","=""1044.51""","=""""","=""1.26e+06""",B,"=""46.71110""","=""47.89811""","=""2s.2p.(3P*).4p""","=""4D""","=""1/2""","=""2s.2p.(3P*).4d""","=""4P*""","=""1/2""",2,2,,"=""T7192LS""","=""""",
"=""""","=""1048.06""","=""""","=""1.24e+05""",B,"=""46.71110""","=""47.89408""","=""2s.2p.(3P*).4p""","=""4D""","=""1/2""","=""2s.2p.(3P*).4d""","=""4P*""","=""3/2""",2,4,,"=""T7192LS""","=""""",
"=""""","=""1049.47""","=""""","=""1.24e+06""",B,"=""46.71671""","=""47.89811""","=""2s.2p.(3P*).4p""","=""4D""","=""3/2""","=""2s.2p.(3P*).4d""","=""4P*""","=""1/2""",4,2,,"=""T7192LS""","=""""",
"=""""","=""1053.06""","=""""","=""7.84e+05""",B,"=""46.71671""","=""47.89408""","=""2s.2p.(3P*).4p""","=""4D""","=""3/2""","=""2s.2p.(3P*).4d""","=""4P*""","=""3/2""",4,4,,"=""T7192LS""","=""""",
"=""""","=""1059.10""","=""""","=""4.82e+04""",B,"=""46.71671""","=""47.88737""","=""2s.2p.(3P*).4p""","=""4D""","=""3/2""","=""2s.2p.(3P*).4d""","=""4P*""","=""5/2""",4,6,,"=""T7192LS""","=""""",
"=""""","=""1059.88""","=""""","=""1.51e+06""",B,"=""46.72429""","=""47.89408""","=""2s.2p.(3P*).4p""","=""4D""","=""5/2""","=""2s.2p.(3P*).4d""","=""4P*""","=""3/2""",6,4,,"=""T7192LS""","=""""",
"=""""","=""1066.00""","=""""","=""4.25e+05""",B,"=""46.72429""","=""47.88737""","=""2s.2p.(3P*).4p""","=""4D""","=""5/2""","=""2s.2p.(3P*).4d""","=""4P*""","=""5/2""",6,6,,"=""T7192LS""","=""""",
"=""""","=""1069.34""","=""""","=""2.26e+06""",B,"=""38.64776""","=""39.80721""","=""2s2.4p""","=""2P*""","=""3/2""","=""2s.2p.(3P*).3p""","=""2D""","=""5/2""",4,6,,"=""T7192LS""","=""""",
"=""""","=""1076.14""","=""""","=""1.84e+06""",B,"=""46.73525""","=""47.88737""","=""2s.2p.(3P*).4p""","=""4D""","=""7/2""","=""2s.2p.(3P*).4d""","=""4P*""","=""5/2""",8,6,,"=""T7192LS""","=""""",
"=""""","=""1076.67""","=""""","=""1.85e+06""",B,"=""38.64467""","=""39.79622""","=""2s2.4p""","=""2P*""","=""1/2""","=""2s.2p.(3P*).3p""","=""2D""","=""3/2""",2,4,,"=""T7192LS""","=""""",
"=""""","=""1079.56""","=""""","=""3.66e+05""",B,"=""38.64776""","=""39.79622""","=""2s2.4p""","=""2P*""","=""3/2""","=""2s.2p.(3P*).3p""","=""2D""","=""3/2""",4,4,,"=""T7192LS""","=""""",
"=""""","=""1098.13""","=""""","=""1.52e+04""",B,"=""27.43798""","=""28.56703""","=""2s2.3s""","=""2S""","=""1/2""","=""2p3""","=""2P*""","=""3/2""",2,4,,"=""T6335n""","=""""",
"=""""","=""1098.65""","=""""","=""1.52e+04""",B,"=""27.43798""","=""28.56649""","=""2s2.3s""","=""2S""","=""1/2""","=""2p3""","=""2P*""","=""1/2""",2,2,,"=""T6335n""","=""""",
"=""""","=""1159.4""","=""""","=""3.81e+06""",B,"=""43.82105""","=""44.8905""","=""2s.2p.(1P*).3s""","=""2P*""","=""1/2""","=""2s2.7d""","=""2D""","=""3/2""",2,4,,"=""T7192LS""","=""""",
"=""""","=""1159.6""","=""""","=""4.57e+06""",B,"=""43.82129""","=""44.8905""","=""2s.2p.(1P*).3s""","=""2P*""","=""3/2""","=""2s2.7d""","=""2D""","=""5/2""",4,6,,"=""T7192LS""","=""""",
"=""""","=""1159.6""","=""""","=""7.62e+05""",B,"=""43.82129""","=""44.8905""","=""2s.2p.(1P*).3s""","=""2P*""","=""3/2""","=""2s2.7d""","=""2D""","=""3/2""",4,4,,"=""T7192LS""","=""""",
"=""""","=""1207.54""","=""""","=""5.93e+06""",B,"=""45.68996""","=""46.71671""","=""2s.2p.(3P*).4s""","=""4P*""","=""1/2""","=""2s.2p.(3P*).4p""","=""4D""","=""3/2""",2,4,,"=""T7192LS""","=""""",
"=""""","=""1207.95""","=""""","=""9.95e+06""",B,"=""45.69789""","=""46.72429""","=""2s.2p.(3P*).4s""","=""4P*""","=""3/2""","=""2s.2p.(3P*).4p""","=""4D""","=""5/2""",4,6,,"=""T7192LS""","=""""",
"=""""","=""1212.28""","=""""","=""1.41e+07""",B,"=""45.71252""","=""46.73525""","=""2s.2p.(3P*).4s""","=""4P*""","=""5/2""","=""2s.2p.(3P*).4p""","=""4D""","=""7/2""",6,8,,"=""T7192LS""","=""""",
"=""""","=""1214.18""","=""""","=""1.17e+07""",B,"=""45.68996""","=""46.71110""","=""2s.2p.(3P*).4s""","=""4P*""","=""1/2""","=""2s.2p.(3P*).4p""","=""4D""","=""1/2""",2,2,,"=""T7192LS""","=""""",
"=""""","=""1216.93""","=""""","=""7.41e+06""",B,"=""45.69789""","=""46.71671""","=""2s.2p.(3P*).4s""","=""4P*""","=""3/2""","=""2s.2p.(3P*).4p""","=""4D""","=""3/2""",4,4,,"=""T7192LS""","=""""",
"=""""","=""1223.68""","=""""","=""2.28e+06""",B,"=""45.69789""","=""46.71110""","=""2s.2p.(3P*).4s""","=""4P*""","=""3/2""","=""2s.2p.(3P*).4p""","=""4D""","=""1/2""",4,2,,"=""T7192LS""","=""""",
"=""""","=""1225.42""","=""""","=""4.08e+06""",B,"=""45.71252""","=""46.72429""","=""2s.2p.(3P*).4s""","=""4P*""","=""5/2""","=""2s.2p.(3P*).4p""","=""4D""","=""5/2""",6,6,,"=""T7192LS""","=""""",
"=""""","=""1234.66""","=""""","=""6.65e+05""",B,"=""45.71252""","=""46.71671""","=""2s.2p.(3P*).4s""","=""4P*""","=""5/2""","=""2s.2p.(3P*).4p""","=""4D""","=""3/2""",6,4,,"=""T7192LS""","=""""",
"=""""","=""1267.19""","=""""","=""1.11e+07""",B,"=""46.91969""","=""47.89811""","=""2s.2p.(3P*).4p""","=""4S""","=""3/2""","=""2s.2p.(3P*).4d""","=""4P*""","=""1/2""",4,2,,"=""T7192LS""","=""""",
"=""""","=""1272.43""","=""""","=""1.10e+07""",B,"=""46.91969""","=""47.89408""","=""2s.2p.(3P*).4p""","=""4S""","=""3/2""","=""2s.2p.(3P*).4d""","=""4P*""","=""3/2""",4,4,,"=""T7192LS""","=""""",
"=""""","=""1281.25""","=""""","=""1.08e+07""",B,"=""46.91969""","=""47.88737""","=""2s.2p.(3P*).4p""","=""4S""","=""3/2""","=""2s.2p.(3P*).4d""","=""4P*""","=""5/2""",4,6,,"=""T7192LS""","=""""",
"=""""","=""1324.8""","=""""","=""5.52e+05""",B,"=""46.81369""","=""47.7495""","=""2s.2p.(1P*).3p""","=""2P""","=""1/2""","=""2s.2p.(3P*).4d""","=""2D*""","=""3/2""",2,4,,"=""T7192LS""","=""""",
"=""""","=""1330.7""","=""""","=""6.53e+05""",B,"=""46.81783""","=""47.7495""","=""2s.2p.(1P*).3p""","=""2P""","=""3/2""","=""2s.2p.(3P*).4d""","=""2D*""","=""5/2""",4,6,,"=""T7192LS""","=""""",
"=""""","=""1330.7""","=""""","=""1.09e+05""",B,"=""46.81783""","=""47.7495""","=""2s.2p.(1P*).3p""","=""2P""","=""3/2""","=""2s.2p.(3P*).4d""","=""2D*""","=""3/2""",4,4,,"=""T7192LS""","=""""",
"=""""","=""1401.88""","=""""","=""1.04e+04""",B,"=""42.48833""","=""43.37275""","=""2s.2p.(3P*).3d""","=""2P*""","=""3/2""","=""2s2.6s""","=""2S""","=""1/2""",4,2,,"=""T7192LS""","=""""",
"=""""","=""1415.97""","=""""","=""5.04e+03""",B,"=""42.49713""","=""43.37275""","=""2s.2p.(3P*).3d""","=""2P*""","=""1/2""","=""2s2.6s""","=""2S""","=""1/2""",2,2,,"=""T7192LS""","=""""",
"=""""","=""1423.65""","=""""","=""6.03e+05""",B,"=""47.02722""","=""47.89811""","=""2s.2p.(3P*).4p""","=""4P""","=""1/2""","=""2s.2p.(3P*).4d""","=""4P*""","=""1/2""",2,2,,"=""T7192LS""","=""""",
"=""""","=""1430.27""","=""""","=""1.49e+06""",B,"=""47.02722""","=""47.89408""","=""2s.2p.(3P*).4p""","=""4P""","=""1/2""","=""2s.2p.(3P*).4d""","=""4P*""","=""3/2""",2,4,,"=""T7192LS""","=""""",
"=""""","=""1432.77""","=""""","=""2.96e+06""",B,"=""47.03276""","=""47.89811""","=""2s.2p.(3P*).4p""","=""4P""","=""3/2""","=""2s.2p.(3P*).4d""","=""4P*""","=""1/2""",4,2,,"=""T7192LS""","=""""",
"=""""","=""1439.47""","=""""","=""4.67e+05""",B,"=""47.03276""","=""47.89408""","=""2s.2p.(3P*).4p""","=""4P""","=""3/2""","=""2s.2p.(3P*).4d""","=""4P*""","=""3/2""",4,4,,"=""T7192LS""","=""""",
"=""""","=""1450.49""","=""""","=""1.54e+06""",B,"=""47.03931""","=""47.89408""","=""2s.2p.(3P*).4p""","=""4P""","=""5/2""","=""2s.2p.(3P*).4d""","=""4P*""","=""3/2""",6,4,,"=""T7192LS""","=""""",
"=""""","=""1450.77""","=""""","=""1.03e+06""",B,"=""47.03276""","=""47.88737""","=""2s.2p.(3P*).4p""","=""4P""","=""3/2""","=""2s.2p.(3P*).4d""","=""4P*""","=""5/2""",4,6,,"=""T7192LS""","=""""",
"=""""","=""1461.97""","=""""","=""2.34e+06""",B,"=""47.03931""","=""47.88737""","=""2s.2p.(3P*).4p""","=""4P""","=""5/2""","=""2s.2p.(3P*).4d""","=""4P*""","=""5/2""",6,6,,"=""T7192LS""","=""""",
"=""""","=""1648.99""","=""""","=""6.72e+06""",B,"=""38.64776""","=""39.39964""","=""2s2.4p""","=""2P*""","=""3/2""","=""2s2.4d""","=""2D""","=""5/2""",4,6,,"=""T7192LS""","=""""",
"=""""","=""1650.87""","=""""","=""5.58e+06""",B,"=""38.64467""","=""39.39569""","=""2s2.4p""","=""2P*""","=""1/2""","=""2s2.4d""","=""2D""","=""3/2""",2,4,,"=""T7192LS""","=""""",
"=""""","=""1657.69""","=""""","=""1.10e+06""",B,"=""38.64776""","=""39.39569""","=""2s2.4p""","=""2P*""","=""3/2""","=""2s2.4d""","=""2D""","=""3/2""",4,4,,"=""T7192LS""","=""""",
"=""""","=""1752.08""","=""""","=""3.23e+06""",B,"=""43.82105""","=""44.52869""","=""2s.2p.(1P*).3s""","=""2P*""","=""1/2""","=""2s2.7s""","=""2S""","=""1/2""",2,2,,"=""T7192LS""","=""""",
"=""""","=""1752.66""","=""""","=""6.45e+06""",B,"=""43.82129""","=""44.52869""","=""2s.2p.(1P*).3s""","=""2P*""","=""3/2""","=""2s2.7s""","=""2S""","=""1/2""",4,2,,"=""T7192LS""","=""""",
"=""""","=""2543.6""","=""""","=""1.63e+05""",B,"=""36.84205""","=""37.32948""","=""2s.2p.(3P*).3s""","=""2P*""","=""1/2""","=""2s2.4s""","=""2S""","=""1/2""",2,2,,"=""T7192LS""","=""""",
"=""""","=""2619.0""","=""""","=""2.98e+05""",B,"=""36.85609""","=""37.32948""","=""2s.2p.(3P*).3s""","=""2P*""","=""3/2""","=""2s2.4s""","=""2S""","=""1/2""",4,2,,"=""T7192LS""","=""""",
"=""""","=""3870.0""","=""""","=""1.64e+03""",B,"=""38.32738""","=""38.64776""","=""2s.2p.(3P*).3p""","=""2P""","=""1/2""","=""2s2.4p""","=""2P*""","=""3/2""",2,4,,"=""T7192LS""","=""""",
"=""""","=""3907.6""","=""""","=""6.38e+03""",B,"=""38.32738""","=""38.64467""","=""2s.2p.(3P*).3p""","=""2P""","=""1/2""","=""2s2.4p""","=""2P*""","=""1/2""",2,2,,"=""T7192LS""","=""""",
"=""""","=""3937.8""","=""""","=""3.16e+05""",C+,"=""39.39569""","=""39.71055""","=""2s2.4d""","=""2D""","=""3/2""","=""2s2.4f""","=""2F*""","=""5/2""",4,6,,"=""T7192LS""","=""""",
"=""""","=""3952.6""","=""""","=""7.70e+03""",B,"=""38.33408""","=""38.64776""","=""2s.2p.(3P*).3p""","=""2P""","=""3/2""","=""2s2.4p""","=""2P*""","=""3/2""",4,4,,"=""T7192LS""","=""""",
"=""""","=""3986.0""","=""""","=""3.27e+05""",C+,"=""39.39964""","=""39.71069""","=""2s2.4d""","=""2D""","=""5/2""","=""2s2.4f""","=""2F*""","=""7/2""",6,8,,"=""T7192LS""","=""""",
"=""""","=""3987.7""","=""""","=""2.18e+04""",C+,"=""39.39964""","=""39.71055""","=""2s2.4d""","=""2D""","=""5/2""","=""2s2.4f""","=""2F*""","=""5/2""",6,6,,"=""T7192LS""","=""""",
"=""""","=""3991.9""","=""""","=""2.99e+03""",B,"=""38.33408""","=""38.64467""","=""2s.2p.(3P*).3p""","=""2P""","=""3/2""","=""2s2.4p""","=""2P*""","=""1/2""",4,2,,"=""T7192LS""","=""""",
"=""""","=""4536.8""","=""""","=""2.66e+02""",B,"=""42.12296""","=""42.39625""","=""2s.2p.(3P*).3d""","=""2F*""","=""5/2""","=""2s2.5d""","=""2D""","=""5/2""",6,6,,"=""T7192LS""","=""""",
"=""""","=""4539.1""","=""""","=""5.57e+03""",B,"=""42.12296""","=""42.39611""","=""2s.2p.(3P*).3d""","=""2F*""","=""5/2""","=""2s2.5d""","=""2D""","=""3/2""",6,4,,"=""T7192LS""","=""""",
"=""""","=""4777.1""","=""""","=""4.55e+03""",B,"=""42.13671""","=""42.39625""","=""2s.2p.(3P*).3d""","=""2F*""","=""7/2""","=""2s2.5d""","=""2D""","=""5/2""",8,6,,"=""T7192LS""","=""""",
"=""""","=""12827.1""","=""""","=""1.17e+02""",C+,"=""39.71055""","=""39.80721""","=""2s2.4f""","=""2F*""","=""5/2""","=""2s.2p.(3P*).3p""","=""2D""","=""5/2""",6,6,,"=""T7192LS""","=""""",
"=""""","=""12845.2""","=""""","=""2.34e+03""",C+,"=""39.71069""","=""39.80721""","=""2s2.4f""","=""2F*""","=""7/2""","=""2s.2p.(3P*).3p""","=""2D""","=""5/2""",8,6,,"=""T7192LS""","=""""",
"=""""","=""14471.8""","=""""","=""1.72e+03""",C+,"=""39.71055""","=""39.79622""","=""2s2.4f""","=""2F*""","=""5/2""","=""2s.2p.(3P*).3p""","=""2D""","=""3/2""",6,4,,"=""T7192LS""","=""""",
"=""""","=""57340""","=""""","=""4.79e-05""",A,"=""0.00000""","=""0.02162""","=""2s2.2p""","=""2P*""","=""1/2""","=""2s2.2p""","=""2P*""","=""3/2""",2,4,M1,"=""T4316""","=""""",
"=""""","=""57340""","=""""","=""7.38e-12""",B,"=""0.00000""","=""0.02162""","=""2s2.2p""","=""2P*""","=""1/2""","=""2s2.2p""","=""2P*""","=""3/2""",2,4,E2,"=""T4316""","=""""",
