conf_i,term_i,J_i,g_i,E_i_eV,conf_k,term_k,J_k,g_k,E_k_eV,dE_eV,lambda_vac_nm,Aki_s-1,f_ik,gf,sigma_int_cm2Hz
3d6,5D,4.0,9.0,0.0,3d6,5D,3.0,7.0,0.054081,0.054081,22925.64827,0.002884,1.7675e-08,1.5907e-07,4.6909e-10
3d6,5D,4.0,9.0,0.0,3d6,3H,4.0,9.0,2.53941,2.53941,488.24018,0.0062,2.2157e-11,1.9942e-10,5.8806e-13
3d6,5D,4.0,9.0,0.0,3d6,a 3F,4.0,9.0,2.660939,2.660939,465.94153,0.43,1.3996e-09,1.2596e-08,3.7144e-11
3d6,5D,4.0,9.0,0.0,3d6,a 3F,3.0,7.0,2.690431,2.690431,460.83396,0.041,1.0153e-10,9.1376e-10,2.6946e-12
3d6,5D,4.0,9.0,0.0,3d6,3G,4.0,9.0,3.092305,3.092305,400.94427,0.0074,1.7834e-11,1.6051e-10,4.7333e-13
3d6,5D,4.0,9.0,0.0,3d6,3D,3.0,7.0,3.825866,3.825866,324.06832,0.2,2.4492e-10,2.2042e-09,6.5001e-12
3d6,5D,4.0,9.0,0.0,3d6,a 1G,4.0,9.0,3.8294,3.8294,323.76925,0.0006,9.4294e-13,8.4864e-12,2.5026e-14
3d6,5D,4.0,9.0,0.0,3d5.(6S).4s,5S,2.0,5.0,5.083391,5.083391,243.90057,22.4,1.1098e-08,9.9886e-08,2.9455e-10
3d6,5D,4.0,9.0,0.0,3d5.(4G).4s,5G,6.0,13.0,7.86379,7.86379,157.66469,91.0,4.8986e-08,4.4087e-07,1.3001e-09
3d6,5D,4.0,9.0,0.0,3d5.(4G).4s,5G,5.0,11.0,7.868887,7.868887,157.56256,24.0,1.0918e-08,9.8258e-08,2.8975e-10
3d6,5D,4.0,9.0,0.0,3d5.(4G).4s,5G,4.0,9.0,7.871424,7.871424,157.51178,4.9,1.8226e-09,1.6403e-08,4.8371e-11
3d6,5D,4.0,9.0,0.0,3d5.(4P).4s,5P,3.0,7.0,8.240615,8.240615,150.45503,74.0,1.9533e-08,1.7579e-07,5.184e-10
3d6,5D,4.0,9.0,0.0,3d5.(4P).4s,5P,2.0,5.0,8.247838,8.247838,150.32327,66.0,1.2422e-08,1.118e-07,3.2967e-10
3d6,5D,4.0,9.0,0.0,3d5.(4D).4s,5D,4.0,9.0,8.641223,8.641223,143.47992,88.0,2.716e-08,2.4444e-07,7.2082e-10
3d6,5D,4.0,9.0,0.0,3d5.(4D).4s,5D,3.0,7.0,8.658703,8.658703,143.19027,43.0,1.028e-08,9.2524e-08,2.7284e-10
3d6,5D,4.0,9.0,0.0,3d5.(4D).4s,5D,2.0,5.0,8.658827,8.658827,143.18822,9.0,1.5369e-09,1.3832e-08,4.0789e-11
3d6,5D,4.0,9.0,0.0,3d5.(4F).4s,5F,5.0,11.0,10.30788,10.30788,120.28099,260.0,6.8925e-08,6.2033e-07,1.8293e-09
3d6,5D,4.0,9.0,0.0,3d5.(4F).4s,5F,4.0,9.0,10.310749,10.310749,120.24752,130.0,2.8181e-08,2.5363e-07,7.4792e-10
3d6,5D,4.0,9.0,0.0,3d5.(4F).4s,5F,3.0,7.0,10.32022,10.32022,120.13717,30.0,5.0488e-09,4.544e-08,1.34e-10
3d6,5D,4.0,9.0,0.0,3d5.(6S).4p,5P*,3.0,7.0,11.045157,11.045157,112.25209,370000000.0,0.054363,0.48927,0.0014428
3d6,5D,4.0,9.0,0.0,3d5.(4G).4p,5F*,5.0,11.0,14.421451,14.421451,85.97207,900000000.0,0.12189,1.097,0.003235
3d6,5D,4.0,9.0,0.0,3d5.(4G).4p,5F*,4.0,9.0,14.440141,14.440141,85.86079,160000000.0,0.017684,0.15915,0.00046932
3d6,5D,4.0,9.0,0.0,3d5.(4G).4p,5F*,3.0,7.0,14.441129,14.441129,85.85492,60000000.0,0.005157,0.046413,0.00013687
3d6,5D,4.0,9.0,0.0,3d5.(4G).4p,3F*,3.0,7.0,14.685094,14.685094,84.4286,900000000.0,0.074806,0.67325,0.0019854
3d6,5D,4.0,9.0,0.0,3d5.(4P).4p,3D*,3.0,7.0,15.169064,15.169064,81.7349,60000000.0,0.0046739,0.042065,0.00012405
3d6,5D,4.0,9.0,0.0,3d5.(4D).4p,5P*,3.0,7.0,15.343123,15.343123,80.80767,80000000.0,0.0060913,0.054822,0.00016166
3d6,5D,4.0,9.0,0.0,3d5.(4F).4p,5F*,4.0,9.0,16.860715,16.860715,73.53437,34000000.0,0.0027563,0.024806,7.3151e-05
3d6,5D,4.0,9.0,0.0,3d5.(4F).4p,5F*,5.0,11.0,16.884808,16.884808,73.42944,170000000.0,0.016796,0.15116,0.00044576
3d6,5D,4.0,9.0,0.0,3d5.(4F).4p,5D*,3.0,7.0,17.038266,17.038266,72.76808,110000000.0,0.0067919,0.061127,0.00018026
3d6,5D,3.0,7.0,0.054081,3d6,5D,2.0,5.0,0.091608,0.037527,33038.66507,0.001803,2.1075e-08,1.4753e-07,5.5934e-10
3d6,5D,3.0,7.0,0.054081,3d6,a 3P,2.0,5.0,2.405841,2.35176,527.1975,0.425,1.2649e-09,8.8545e-09,3.3571e-11
3d6,5D,3.0,7.0,0.054081,3d6,3H,4.0,9.0,2.53941,2.485329,498.86433,0.0011,5.2767e-12,3.6937e-11,1.4004e-13
3d6,5D,3.0,7.0,0.054081,3d6,a 3F,4.0,9.0,2.660939,2.606858,475.60779,0.081,3.5317e-10,2.4722e-09,9.3732e-12
3d6,5D,3.0,7.0,0.054081,3d6,a 3F,3.0,7.0,2.690431,2.63635,470.28732,0.23,7.6263e-10,5.3384e-09,2.024e-11
3d6,5D,3.0,7.0,0.054081,3d6,a 3F,2.0,5.0,2.709933,2.655852,466.83399,0.026,6.0678e-11,4.2474e-10,1.6104e-12
3d6,5D,3.0,7.0,0.054081,3d6,3G,4.0,9.0,3.092305,3.038224,408.08116,0.0021,6.7409e-12,4.7186e-11,1.789e-13
3d6,5D,3.0,7.0,0.054081,3d6,3G,3.0,7.0,3.117226,3.063145,404.76111,0.0031,7.6141e-12,5.3299e-11,2.0208e-13
3d6,5D,3.0,7.0,0.054081,3d6,3D,2.0,5.0,3.808296,3.754215,330.25332,0.024,2.8031e-11,1.9622e-10,7.4394e-13
3d6,5D,3.0,7.0,0.054081,3d6,3D,3.0,7.0,3.825866,3.771785,328.71491,0.057,9.2336e-11,6.4636e-10,2.4506e-12
3d6,5D,3.0,7.0,0.054081,3d5.(6S).4s,5S,2.0,5.0,5.083391,5.02931,246.52328,16.3,1.0608e-08,7.4256e-08,2.8154e-10
3d6,5D,3.0,7.0,0.054081,3d6,b 3P,2.0,5.0,6.250285,6.196204,200.09702,0.26,1.1148e-10,7.8034e-10,2.9586e-12
3d6,5D,3.0,7.0,0.054081,3d5.(4G).4s,5G,5.0,11.0,7.868887,7.814806,158.65294,64.0,3.7952e-08,2.6566e-07,1.0072e-09
3d6,5D,3.0,7.0,0.054081,3d5.(4G).4s,5G,4.0,9.0,7.871424,7.817343,158.60146,36.0,1.7455e-08,1.2219e-07,4.6326e-10
3d6,5D,3.0,7.0,0.054081,3d5.(4G).4s,5G,3.0,7.0,7.872343,7.818262,158.58281,10.0,3.7703e-09,2.6392e-08,1.0006e-10
3d6,5D,3.0,7.0,0.054081,3d5.(4P).4s,5P,3.0,7.0,8.240615,8.186534,151.44895,34.0,1.1692e-08,8.1841e-08,3.1029e-10
3d6,5D,3.0,7.0,0.054081,3d5.(4P).4s,5P,1.0,3.0,8.256366,8.202285,151.15812,81.0,1.1891e-08,8.3239e-08,3.156e-10
3d6,5D,3.0,7.0,0.054081,3d5.(4D).4s,5D,4.0,9.0,8.641223,8.587142,144.38354,48.0,1.9288e-08,1.3501e-07,5.119e-10
3d6,5D,3.0,7.0,0.054081,3d5.(4D).4s,5D,1.0,3.0,8.652674,8.598593,144.19126,41.0,5.477e-09,3.8339e-08,1.4536e-10
3d6,5D,3.0,7.0,0.054081,3d5.(4D).4s,5D,3.0,7.0,8.658703,8.604622,144.09023,18.0,5.6027e-09,3.9219e-08,1.487e-10
3d6,5D,3.0,7.0,0.054081,3d5.(4D).4s,5D,2.0,5.0,8.658827,8.604746,144.08816,66.0,1.4673e-08,1.0271e-07,3.8943e-10
3d6,5D,3.0,7.0,0.054081,3d5.(a 2D).4s,3D,3.0,7.0,10.2142,10.160119,122.03026,15.0,3.3488e-09,2.3441e-08,8.8876e-11
3d6,5D,3.0,7.0,0.054081,3d5.(a 2D).4s,3D,2.0,5.0,10.21768,10.163599,121.98848,17.0,2.7091e-09,1.8963e-08,7.1898e-11
3d6,5D,3.0,7.0,0.054081,3d5.(4F).4s,5F,5.0,11.0,10.30788,10.253799,120.91538,90.0,3.1e-08,2.17e-07,8.2274e-10
3d6,5D,3.0,7.0,0.054081,3d5.(4F).4s,5F,4.0,9.0,10.310749,10.256668,120.88156,90.0,2.5349e-08,1.7745e-07,6.7277e-10
3d6,5D,3.0,7.0,0.054081,3d5.(4F).4s,5F,3.0,7.0,10.32022,10.266139,120.77004,150.0,3.28e-08,2.296e-07,8.705e-10
3d6,5D,3.0,7.0,0.054081,3d5.(4F).4s,5F,2.0,5.0,10.335224,10.281143,120.59379,60.0,9.344e-09,6.5408e-08,2.4799e-10
3d6,5D,3.0,7.0,0.054081,3d5.(6S).4p,5P*,3.0,7.0,11.045157,10.991076,112.80442,90000000.0,0.017169,0.12019,0.00045568
3d6,5D,3.0,7.0,0.054081,3d5.(6S).4p,5P*,2.0,5.0,11.076113,11.022032,112.48761,260000000.0,0.03523,0.24661,0.00093501
3d6,5D,3.0,7.0,0.054081,3d5.(4P).4p,5D*,3.0,7.0,14.514684,14.460603,85.7393,150000000.0,0.016531,0.11572,0.00043874
3d6,5D,3.0,7.0,0.054081,3d5.(4P).4p,5D*,4.0,9.0,14.57087,14.516789,85.40745,80000000.0,0.011248,0.078738,0.00029853
3d6,5D,3.0,7.0,0.054081,3d5.(4P).4p,3D*,3.0,7.0,15.169064,15.114983,82.02735,150000000.0,0.015131,0.10592,0.00040158
3d6,5D,3.0,7.0,0.054081,3d5.(4D).4p,5D*,3.0,7.0,15.228939,15.174858,81.7037,210000000.0,0.021017,0.14712,0.00055778
3d6,5D,3.0,7.0,0.054081,3d5.(4D).4p,5D*,4.0,9.0,15.243146,15.189065,81.62727,130000000.0,0.016696,0.11687,0.00044312
3d6,5D,3.0,7.0,0.054081,3d5.(4D).4p,5P*,2.0,5.0,15.336492,15.282411,81.12869,190000000.0,0.013392,0.093742,0.00035541
3d6,5D,3.0,7.0,0.054081,3d5.(4F).4p,5F*,4.0,9.0,16.860715,16.806634,73.77099,260000000.0,0.027274,0.19092,0.00072385
3d6,5D,3.0,7.0,0.054081,3d5.(4F).4p,5D*,3.0,7.0,17.038266,16.984185,72.99979,360000000.0,0.028761,0.20133,0.00076332
3d6,5D,3.0,7.0,0.054081,3d5.(4F).4p,5D*,2.0,5.0,17.053369,16.999288,72.93494,220000000.0,0.012532,0.087725,0.0003326
3d6,5D,2.0,5.0,0.091608,3d6,a 3P,1.0,3.0,2.565,2.473392,501.27193,0.54,1.2205e-09,6.1027e-09,3.2393e-11
3d6,5D,2.0,5.0,0.091608,3d6,a 3F,3.0,7.0,2.690431,2.598823,477.07827,0.08,3.8217e-10,1.9109e-09,1.0143e-11
3d6,5D,2.0,5.0,0.091608,3d6,a 3F,2.0,5.0,2.709933,2.618325,473.52486,0.091,3.059e-10,1.5295e-09,8.1187e-12
3d6,5D,2.0,5.0,0.091608,3d6,3G,3.0,7.0,3.117226,3.025618,409.7814,0.0013,4.5818e-12,2.2909e-11,1.216e-13
3d6,5D,2.0,5.0,0.091608,3d6,3D,2.0,5.0,3.808296,3.716688,333.58786,0.095,1.5849e-10,7.9245e-10,4.2063e-12
3d6,5D,2.0,5.0,0.091608,3d6,3D,1.0,3.0,3.809472,3.717864,333.48234,0.0015,1.5005e-12,7.5027e-12,3.9824e-14
3d6,5D,2.0,5.0,0.091608,3d6,3D,3.0,7.0,3.825866,3.734258,332.0183,0.041,9.4863e-11,4.7431e-10,2.5177e-12
3d6,5D,2.0,5.0,0.091608,3d5.(6S).4s,5S,2.0,5.0,5.083391,4.991783,248.37658,11.1,1.0266e-08,5.133e-08,2.7246e-10
3d6,5D,2.0,5.0,0.091608,3d6,b 3P,1.0,3.0,6.146798,6.05519,204.75691,0.39,1.4708e-10,7.354e-10,3.9035e-12
3d6,5D,2.0,5.0,0.091608,3d5.(4G).4s,5G,4.0,9.0,7.871424,7.779816,159.36649,47.0,3.2212e-08,1.6106e-07,8.5492e-10
3d6,5D,2.0,5.0,0.091608,3d5.(4G).4s,5G,3.0,7.0,7.872343,7.780735,159.34767,40.0,2.1318e-08,1.0659e-07,5.6577e-10
3d6,5D,2.0,5.0,0.091608,3d5.(4G).4s,5G,2.0,5.0,7.872377,7.780769,159.34697,13.0,4.9487e-09,2.4743e-08,1.3134e-10
3d6,5D,2.0,5.0,0.091608,3d5.(4P).4s,5P,3.0,7.0,8.240615,8.149007,152.14639,10.0,4.8586e-09,2.4293e-08,1.2895e-10
3d6,5D,2.0,5.0,0.091608,3d5.(4P).4s,5P,2.0,5.0,8.247838,8.15623,152.01165,21.0,7.275e-09,3.6375e-08,1.9308e-10
3d6,5D,2.0,5.0,0.091608,3d5.(4P).4s,5P,1.0,3.0,8.256366,8.164758,151.85288,32.0,6.6375e-09,3.3188e-08,1.7616e-10
3d6,5D,2.0,5.0,0.091608,3d5.(4D).4s,5D,4.0,9.0,8.641223,8.549615,145.01729,9.0,5.1076e-09,2.5538e-08,1.3555e-10
3d6,5D,2.0,5.0,0.091608,3d5.(4D).4s,5D,0.0,1.0,8.647644,8.556036,144.90846,140.0,8.8147e-09,4.4073e-08,2.3394e-10
3d6,5D,2.0,5.0,0.091608,3d5.(4D).4s,5D,1.0,3.0,8.652674,8.561066,144.82332,49.0,9.2445e-09,4.6223e-08,2.4535e-10
3d6,5D,2.0,5.0,0.091608,3d5.(4D).4s,5D,3.0,7.0,8.658703,8.567095,144.7214,58.0,2.5497e-08,1.2748e-07,6.7668e-10
3d6,5D,2.0,5.0,0.091608,3d5.(a 2D).4s,3D,2.0,5.0,10.21768,10.126072,122.44057,34.0,7.6417e-09,3.8208e-08,2.0281e-10
3d6,5D,2.0,5.0,0.091608,3d5.(a 2D).4s,3D,1.0,3.0,10.228095,10.136487,122.31476,52.0,6.998e-09,3.499e-08,1.8573e-10
3d6,5D,2.0,5.0,0.091608,3d5.(4F).4s,5F,4.0,9.0,10.310749,10.219141,121.32546,130.0,5.1639e-08,2.582e-07,1.3705e-09
3d6,5D,2.0,5.0,0.091608,3d5.(4F).4s,5F,3.0,7.0,10.32022,10.228612,121.21312,15.0,4.6257e-09,2.3129e-08,1.2277e-10
3d6,5D,2.0,5.0,0.091608,3d5.(4F).4s,5F,2.0,5.0,10.335224,10.243616,121.03558,120.0,2.6355e-08,1.3178e-07,6.9947e-10
3d6,5D,2.0,5.0,0.091608,3d5.(4F).4s,5F,1.0,3.0,10.370938,10.27933,120.61506,82.0,1.0731e-08,5.3653e-08,2.8479e-10
3d6,5D,2.0,5.0,0.091608,3d5.(a 2F).4s,3F,2.0,5.0,10.460565,10.368957,119.57249,6.4,1.3718e-09,6.8592e-09,3.6409e-11
3d6,5D,2.0,5.0,0.091608,3d5.(6S).4p,5P*,3.0,7.0,11.045157,10.953549,113.19089,13000000.0,0.0034959,0.017479,9.278e-05
3d6,5D,2.0,5.0,0.091608,3d5.(6S).4p,5P*,2.0,5.0,11.076113,10.984505,112.8719,160000000.0,0.03056,0.1528,0.00081106
3d6,5D,2.0,5.0,0.091608,3d5.(6S).4p,5P*,1.0,3.0,11.095565,11.003957,112.67238,160000000.0,0.018271,0.091356,0.00048492
3d6,5D,2.0,5.0,0.091608,3d5.(4P).4p,5D*,3.0,7.0,14.514684,14.423076,85.96238,170000000.0,0.026367,0.13183,0.00069977
3d6,5D,2.0,5.0,0.091608,3d5.(4P).4p,5P*,2.0,5.0,14.719623,14.628015,84.75805,280000000.0,0.030156,0.15078,0.00080035
3d6,5D,2.0,5.0,0.091608,3d5.(4P).4p,5P*,1.0,3.0,14.737759,14.646151,84.65309,410000000.0,0.026429,0.13214,0.00070143
3d6,5D,2.0,5.0,0.091608,3d5.(4P).4p,3P*,2.0,5.0,14.840622,14.749014,84.0627,44000000.0,0.0046614,0.023307,0.00012371
3d6,5D,2.0,5.0,0.091608,3d5.(4D).4p,5F*,3.0,7.0,15.003193,14.911585,83.14622,80000000.0,0.011608,0.058041,0.00030808
3d6,5D,2.0,5.0,0.091608,3d5.(4P).4p,3D*,3.0,7.0,15.169064,15.077456,82.23151,120000000.0,0.017031,0.085156,0.00045201
3d6,5D,2.0,5.0,0.091608,3d5.(4D).4p,5D*,3.0,7.0,15.228939,15.137331,81.90625,90000000.0,0.012673,0.063363,0.00033633
3d6,5D,2.0,5.0,0.091608,3d5.(4D).4p,5D*,1.0,3.0,15.230633,15.139025,81.89708,150000000.0,0.0090498,0.045249,0.00024018
3d6,5D,2.0,5.0,0.091608,3d5.(4P).4p,3D*,2.0,5.0,15.237522,15.145914,81.85983,110000000.0,0.011051,0.055254,0.00029329
3d6,5D,2.0,5.0,0.091608,3d5.(4D).4p,5P*,1.0,3.0,15.318635,15.227027,81.42377,280000000.0,0.016698,0.083491,0.00044317
3d6,5D,2.0,5.0,0.091608,3d5.(4F).4p,5F*,3.0,7.0,16.862954,16.771346,73.92621,270000000.0,0.03097,0.15485,0.00082196
3d6,5D,2.0,5.0,0.091608,3d5.(4F).4p,5D*,3.0,7.0,17.038266,16.946658,73.16144,70000000.0,0.0078641,0.039321,0.00020871
3d6,5D,2.0,5.0,0.091608,3d5.(4F).4p,5D*,2.0,5.0,17.053369,16.961761,73.0963,210000000.0,0.016822,0.084108,0.00044645
3d6,5D,2.0,5.0,0.091608,3d5.(4F).4p,5D*,1.0,3.0,17.055413,16.963805,73.08749,370000000.0,0.017779,0.088893,0.00047185
3d6,5D,1.0,3.0,0.115618,3d6,a 3P,2.0,5.0,2.405841,2.290223,541.363,0.041,3.0024e-10,9.0072e-10,7.9684e-12
3d6,5D,1.0,3.0,0.115618,3d6,a 3P,0.0,1.0,2.62947,2.513852,493.20405,0.69,8.3877e-10,2.5163e-09,2.2261e-11
3d6,5D,1.0,3.0,0.115618,3d6,a 3F,2.0,5.0,2.709933,2.594315,477.90726,0.044,2.511e-10,7.533e-10,6.6642e-12
3d6,5D,1.0,3.0,0.115618,3d6,3D,2.0,5.0,3.808296,3.692678,335.75686,0.082,2.3098e-10,6.9294e-10,6.1302e-12
3d6,5D,1.0,3.0,0.115618,3d6,3D,1.0,3.0,3.809472,3.693854,335.64997,0.12,2.0268e-10,6.0804e-10,5.3792e-12
3d6,5D,1.0,3.0,0.115618,3d5.(6S).4s,5S,2.0,5.0,5.083391,4.967773,249.57702,6.48,1.0085e-08,3.0256e-08,2.6767e-10
3d6,5D,1.0,3.0,0.115618,3d6,b 3P,0.0,1.0,6.093771,5.978153,207.39549,0.5,1.0747e-10,3.2242e-10,2.8524e-12
3d6,5D,1.0,3.0,0.115618,3d5.(4G).4s,5G,3.0,7.0,7.872343,7.756725,159.84091,35.0,3.1281e-08,9.3843e-08,8.302e-10
3d6,5D,1.0,3.0,0.115618,3d5.(4G).4s,5G,2.0,5.0,7.872377,7.756759,159.84021,41.0,2.6174e-08,7.8521e-08,6.9465e-10
3d6,5D,1.0,3.0,0.115618,3d5.(4P).4s,5P,2.0,5.0,8.247838,8.13222,152.46046,21.0,1.2197e-08,3.659e-08,3.237e-10
3d6,5D,1.0,3.0,0.115618,3d5.(4P).4s,5P,1.0,3.0,8.256366,8.140748,152.30074,5.8,2.0169e-09,6.0508e-09,5.3529e-11
3d6,5D,1.0,3.0,0.115618,3d5.(4D).4s,5D,1.0,3.0,8.652674,8.537056,145.23063,51.0,1.6127e-08,4.838e-08,4.28e-10
3d6,5D,1.0,3.0,0.115618,3d5.(4D).4s,5D,3.0,7.0,8.658703,8.543085,145.12813,24.0,1.7683e-08,5.3048e-08,4.693e-10
3d6,5D,1.0,3.0,0.115618,3d5.(4D).4s,5D,2.0,5.0,8.658827,8.543209,145.12603,32.0,1.684e-08,5.0521e-08,4.4694e-10
3d6,5D,1.0,3.0,0.115618,3d5.(a 2D).4s,3D,3.0,7.0,10.2142,10.098582,122.77387,11.0,5.8002e-09,1.7401e-08,1.5394e-10
3d6,5D,1.0,3.0,0.115618,3d5.(a 2D).4s,3D,1.0,3.0,10.228095,10.112477,122.60517,76.0,1.7127e-08,5.1382e-08,4.5456e-10
3d6,5D,1.0,3.0,0.115618,3d5.(4F).4s,5F,3.0,7.0,10.32022,10.204602,121.49832,120.0,6.1967e-08,1.859e-07,1.6446e-09
3d6,5D,1.0,3.0,0.115618,3d5.(4F).4s,5F,1.0,3.0,10.370938,10.25532,120.89744,120.0,2.6295e-08,7.8885e-08,6.9787e-10
3d6,5D,1.0,3.0,0.115618,3d5.(6S).4p,5P*,2.0,5.0,11.076113,10.960495,113.11916,41000000.0,0.013109,0.039327,0.00034791
3d6,5D,1.0,3.0,0.115618,3d5.(6S).4p,5P*,1.0,3.0,11.095565,10.979947,112.91876,210000000.0,0.040143,0.12043,0.0010654
3d6,5D,1.0,3.0,0.115618,3d5.(4G).4p,5F*,1.0,3.0,14.498447,14.382829,86.20293,350000000.0,0.038992,0.11697,0.0010348
3d6,5D,1.0,3.0,0.115618,3d5.(4P).4p,5P*,2.0,5.0,14.719623,14.604005,84.8974,80000000.0,0.014407,0.043222,0.00038237
3d6,5D,1.0,3.0,0.115618,3d5.(4P).4p,5P*,1.0,3.0,14.737759,14.622141,84.7921,400000000.0,0.043115,0.12935,0.0011443
3d6,5D,1.0,3.0,0.115618,3d5.(4D).4p,5F*,1.0,3.0,14.964569,14.848951,83.49694,90000000.0,0.0094068,0.02822,0.00024966
3d6,5D,1.0,3.0,0.115618,3d5.(4D).4p,5F*,2.0,5.0,14.980557,14.864939,83.40714,80000000.0,0.013906,0.041718,0.00036907
3d6,5D,1.0,3.0,0.115618,3d5.(4P).4p,3D*,2.0,5.0,15.237522,15.121904,81.98981,80000000.0,0.013437,0.040312,0.00035663
3d6,5D,1.0,3.0,0.115618,3d5.(4D).4p,5D*,0.0,1.0,15.306577,15.190959,81.6171,700000000.0,0.023302,0.069907,0.00061844
3d6,5D,1.0,3.0,0.115618,3d5.(4F).4p,5F*,2.0,5.0,16.876475,16.760857,73.97247,200000000.0,0.027345,0.082035,0.00072574
3d6,5D,1.0,3.0,0.115618,3d5.(4F).4p,5D*,2.0,5.0,17.053369,16.937751,73.19992,120000000.0,0.016066,0.048198,0.00042639
3d6,5D,1.0,3.0,0.115618,3d5.(4F).4p,5D*,0.0,1.0,17.0569,16.941282,73.18466,700000000.0,0.018736,0.056208,0.00049725
3d6,5D,0.0,1.0,0.12736,3d6,a 3P,1.0,3.0,2.565,2.43764,508.62391,0.094,1.0937e-09,1.0937e-09,2.9027e-11
3d6,5D,0.0,1.0,0.12736,3d6,3D,1.0,3.0,3.809472,3.682112,336.72033,0.108,5.5074e-10,5.5074e-10,1.4617e-11
3d6,5D,0.0,1.0,0.12736,3d5.(6S).4s,5S,2.0,5.0,5.083391,4.956031,250.16833,2.13,9.9925e-09,9.9925e-09,2.652e-10
3d6,5D,0.0,1.0,0.12736,3d5.(4G).4s,5G,2.0,5.0,7.872377,7.745017,160.08254,30.0,5.7629e-08,5.7629e-08,1.5295e-09
3d6,5D,0.0,1.0,0.12736,3d5.(4P).4s,5P,2.0,5.0,8.247838,8.120478,152.68091,8.0,1.3979e-08,1.3979e-08,3.7101e-10
3d6,5D,0.0,1.0,0.12736,3d5.(4D).4s,5D,2.0,5.0,8.658827,8.531467,145.32577,33.0,5.2243e-08,5.2243e-08,1.3865e-09
3d6,5D,0.0,1.0,0.12736,3d5.(a 2D).4s,3D,2.0,5.0,10.21768,10.09032,122.8744,22.0,2.4899e-08,2.4899e-08,6.6081e-10
3d6,5D,0.0,1.0,0.12736,3d5.(4F).4s,5F,2.0,5.0,10.335224,10.207864,121.45949,77.0,8.515e-08,8.515e-08,2.2599e-09
3d6,5D,0.0,1.0,0.12736,3d5.(6S).4p,5P*,1.0,3.0,11.095565,10.968205,113.03964,90000000.0,0.051723,0.051723,0.0013727
3d6,5D,0.0,1.0,0.12736,3d5.(4G).4p,5F*,1.0,3.0,14.498447,14.371087,86.27336,300000000.0,0.10043,0.10043,0.0026654
3d6,5D,0.0,1.0,0.12736,3d5.(4P).4p,5P*,1.0,3.0,14.737759,14.610399,84.86024,170000000.0,0.05506,0.05506,0.0014613
3d6,5D,0.0,1.0,0.12736,3d5.(4D).4p,5F*,1.0,3.0,14.964569,14.837209,83.56302,80000000.0,0.025125,0.025125,0.00066681
3d6,5D,0.0,1.0,0.12736,3d5.(4D).4p,5D*,1.0,3.0,15.230633,15.103273,82.09095,180000000.0,0.054556,0.054556,0.0014479
3d6,5D,0.0,1.0,0.12736,3d5.(4F).4p,5D*,1.0,3.0,17.055413,16.928053,73.24185,160000000.0,0.038603,0.038603,0.0010245
3d6,a 3P,2.0,5.0,2.405841,3d6,a 3P,1.0,3.0,2.565,0.159159,7789.95837,0.0479,2.6147e-08,1.3073e-07,6.9393e-10
3d6,a 3P,2.0,5.0,2.405841,3d6,3D,2.0,5.0,3.808296,1.402455,884.05117,0.051,5.9756e-10,2.9878e-09,1.5859e-11
3d6,a 3P,2.0,5.0,2.405841,3d6,3D,1.0,3.0,3.809472,1.403631,883.31049,0.015,1.0528e-10,5.2638e-10,2.794e-12
3d6,a 3P,2.0,5.0,2.405841,3d6,3D,3.0,7.0,3.825866,1.420025,873.11279,0.046,7.3601e-10,3.6801e-09,1.9534e-11
3d6,a 3P,2.0,5.0,2.405841,3d6,a 1D,2.0,5.0,4.439007,2.033166,609.80854,0.086,4.7945e-10,2.3973e-09,1.2725e-11
3d6,a 3P,2.0,5.0,2.405841,3d6,b 3P,0.0,1.0,6.093771,3.68793,336.18913,1.2,4.0667e-10,2.0333e-09,1.0793e-11
3d6,a 3P,2.0,5.0,2.405841,3d6,b 3P,1.0,3.0,6.146798,3.740957,331.42375,0.9,8.8924e-10,4.4462e-09,2.3601e-11
3d6,a 3P,2.0,5.0,2.405841,3d6,b 3F,4.0,9.0,6.233453,3.827612,323.9205,0.26,7.3618e-10,3.6809e-09,1.9538e-11
3d6,a 3P,2.0,5.0,2.405841,3d6,b 3P,2.0,5.0,6.250285,3.844444,322.50229,0.38,5.9253e-10,2.9626e-09,1.5726e-11
3d6,a 3P,2.0,5.0,2.405841,3d5.(4P).4s,3P,2.0,5.0,9.141113,6.735272,184.08195,32.0,1.6257e-08,8.1283e-08,4.3145e-10
3d6,a 3P,2.0,5.0,2.405841,3d5.(4P).4s,3P,1.0,3.0,9.156152,6.750311,183.67183,48.0,1.4566e-08,7.2829e-08,3.8658e-10
3d6,a 3P,2.0,5.0,2.405841,3d5.(4P).4s,3P,0.0,1.0,9.166938,6.761097,183.37882,55.0,5.5456e-09,2.7728e-08,1.4718e-10
3d6,a 3P,2.0,5.0,2.405841,3d5.(4D).4s,3D,3.0,7.0,9.541454,7.135613,173.7541,27.0,1.7109e-08,8.5544e-08,4.5407e-10
3d6,a 3P,2.0,5.0,2.405841,3d5.(4D).4s,3D,1.0,3.0,9.556164,7.150323,173.39664,4.7,1.2711e-09,6.3557e-09,3.3736e-11
3d6,a 3P,2.0,5.0,2.405841,3d5.(4D).4s,3D,2.0,5.0,9.559511,7.15367,173.31551,14.0,6.3047e-09,3.1523e-08,1.6733e-10
3d6,a 3P,2.0,5.0,2.405841,3d5.(a 2D).4s,3D,3.0,7.0,10.2142,7.808359,158.78394,47.0,2.4871e-08,1.2436e-07,6.6008e-10
3d6,a 3P,2.0,5.0,2.405841,3d5.(a 2D).4s,3D,2.0,5.0,10.21768,7.811839,158.7132,20.0,7.5529e-09,3.7765e-08,2.0045e-10
3d6,a 3P,2.0,5.0,2.405841,3d5.(a 2F).4s,3F,4.0,9.0,10.434482,8.028641,154.42738,76.0,4.891e-08,2.4455e-07,1.2981e-09
3d6,a 3P,2.0,5.0,2.405841,3d5.(b 2F).4s,3F,4.0,9.0,11.578732,9.172891,135.16371,32.0,1.5776e-08,7.8881e-08,4.187e-10
3d6,a 3P,2.0,5.0,2.405841,3d5.(b 2F).4s,3F,3.0,7.0,11.5792,9.173359,135.15681,13.0,4.9843e-09,2.4922e-08,1.3228e-10
3d6,a 3P,2.0,5.0,2.405841,3d5.(4P).4p,3P*,2.0,5.0,14.840622,12.434781,99.70759,320000000.0,0.047694,0.23847,0.0012658
3d6,a 3P,2.0,5.0,2.405841,3d5.(4P).4p,3P*,1.0,3.0,14.875914,12.470073,99.4254,170000000.0,0.015117,0.075583,0.00040119
3d6,a 3P,2.0,5.0,2.405841,3d5.(4D).4p,3D*,3.0,7.0,15.479937,13.074096,94.83195,80000000.0,0.0151,0.075502,0.00040076
3d6,a 3P,2.0,5.0,2.405841,3d5.(4P).4p,3S*,1.0,3.0,15.670455,13.264614,93.46989,700000000.0,0.055011,0.27506,0.00146
3d6,a 3P,2.0,5.0,2.405841,3d5.(4D).4p,3P*,2.0,5.0,15.983753,13.577912,91.31316,36000000.0,0.0045002,0.022501,0.00011943
3d6,a 3P,2.0,5.0,2.405841,3d5.(2P).4s,3P,2.0,5.0,16.224221,13.81838,89.72412,39.0,4.707e-09,2.3535e-08,1.2492e-10
3d6,a 3P,2.0,5.0,2.405841,3d5.(2P).4s,3P,1.0,3.0,16.22483,13.818989,89.72017,67.0,4.8514e-09,2.4257e-08,1.2876e-10
3d6,a 3P,2.0,5.0,2.405841,3d5.(a 2D).4p,3P*,2.0,5.0,16.646799,14.240958,87.0617,600000000.0,0.068181,0.34091,0.0018095
3d6,a 3P,2.0,5.0,2.405841,3d5.(a 2D).4p,3P*,1.0,3.0,16.682001,14.27616,86.84702,140000000.0,0.0094984,0.047492,0.00025209
3d6,a 3P,2.0,5.0,2.405841,3d5.(a 2D).4p,3D*,1.0,3.0,16.764794,14.358953,86.34627,110000000.0,0.0073772,0.036886,0.00019579
3d6,a 3P,2.0,5.0,2.405841,3d5.(a 2D).4p,3D*,2.0,5.0,16.772455,14.366614,86.30022,90000000.0,0.010049,0.050245,0.0002667
3d6,a 3P,2.0,5.0,2.405841,3d5.(a 2F).4p,3D*,3.0,7.0,16.825351,14.41951,85.98364,700000000.0,0.10862,0.54311,0.0028828
3d6,a 3P,2.0,5.0,2.405841,3d5.(b 2F).4p,3D*,3.0,7.0,18.304501,15.89866,77.98406,50000000.0,0.0063822,0.031911,0.00016938
3d6,3H,6.0,13.0,2.486052,3d6,3G,5.0,11.0,3.044858,0.558806,2218.7342,0.032,1.9983e-09,2.5978e-08,5.3036e-11
3d6,3H,6.0,13.0,2.486052,3d6,1I,6.0,13.0,3.763649,1.277597,970.44842,0.0785,1.1083e-09,1.4408e-08,2.9415e-11
3d6,3H,6.0,13.0,2.486052,3d6,b 3F,4.0,9.0,6.233453,3.747401,330.85383,1.6,1.8178e-09,2.3632e-08,4.8245e-11
3d6,3H,6.0,13.0,2.486052,3d5.(4G).4s,3G,5.0,11.0,8.764989,6.278937,197.46049,66.0,3.2645e-08,4.2438e-07,8.6639e-10
3d6,3H,6.0,13.0,2.486052,3d5.(4G).4s,3G,4.0,9.0,8.769293,6.283241,197.32523,5.6,2.2631e-09,2.9421e-08,6.0064e-11
3d6,3H,6.0,13.0,2.486052,3d5.(2I).4s,3I,7.0,15.0,9.898941,7.412889,167.2549,90.0,4.3552e-08,5.6618e-07,1.1559e-09
3d6,3H,6.0,13.0,2.486052,3d5.(2I).4s,3I,6.0,13.0,9.899523,7.413471,167.24177,11.0,4.6126e-09,5.9963e-08,1.2242e-10
3d6,3H,6.0,13.0,2.486052,3d5.(a 2F).4s,3F,4.0,9.0,10.434482,7.94843,155.98577,30.0,7.5762e-09,9.849e-08,2.0107e-10
3d6,3H,6.0,13.0,2.486052,3d5.(2H).4s,3H,6.0,13.0,11.025083,8.539031,145.19704,100.0,3.1606e-08,4.1088e-07,8.3883e-10
3d6,3H,6.0,13.0,2.486052,3d5.(a 2G).4s,3G,4.0,9.0,11.13177,8.645718,143.40532,35.0,7.4706e-09,9.7118e-08,1.9827e-10
3d6,3H,6.0,13.0,2.486052,3d5.(a 2G).4s,3G,5.0,11.0,11.147182,8.66113,143.15014,15.0,3.8993e-09,5.0691e-08,1.0349e-10
3d6,3H,6.0,13.0,2.486052,3d5.(4F).4s,3F,4.0,9.0,11.217174,8.731122,142.0026,120.0,2.5115e-08,3.2649e-07,6.6655e-10
3d6,3H,6.0,13.0,2.486052,3d5.(b 2F).4s,3F,4.0,9.0,11.578732,9.09268,136.35606,63.0,1.2158e-08,1.5805e-07,3.2266e-10
3d6,3H,6.0,13.0,2.486052,3d5.(b 2G).4s,3G,5.0,11.0,14.174554,11.688502,106.07364,220.0,3.1401e-08,4.0822e-07,8.3339e-10
3d6,3H,6.0,13.0,2.486052,3d5.(4G).4p,3H*,6.0,13.0,14.674175,12.188123,101.72542,190000000.0,0.029476,0.38319,0.0007823
3d6,3H,6.0,13.0,2.486052,3d5.(4G).4p,3G*,5.0,11.0,15.119846,12.633794,98.13695,550000000.0,0.067195,0.87353,0.0017834
3d6,3H,6.0,13.0,2.486052,3d5.(2I).4p,3K*,7.0,15.0,16.12298,13.636928,90.91798,60000000.0,0.0085794,0.11153,0.0002277
3d6,3H,6.0,13.0,2.486052,3d5.(2I).4p,3H*,6.0,13.0,16.398479,13.912427,89.11759,760000000.0,0.09049,1.1764,0.0024016
3d6,3H,6.0,13.0,2.486052,3d5.(2I).4p,3H*,5.0,11.0,16.435954,13.949902,88.87819,34000000.0,0.003407,0.044292,9.0423e-05
3d6,3H,6.0,13.0,2.486052,3d5.(4F).4p,5G*,5.0,11.0,16.829048,14.342996,86.44233,110000000.0,0.010427,0.13555,0.00027673
3d6,3H,6.0,13.0,2.486052,3d5.(4F).4p,5F*,5.0,11.0,16.884808,14.398756,86.10758,28000000.0,0.0026336,0.034237,6.9896e-05
3d6,3H,6.0,13.0,2.486052,3d5.(2H).4p,3H*,5.0,11.0,17.080507,14.594455,84.95295,43000000.0,0.0039367,0.051177,0.00010448
3d6,3H,6.0,13.0,2.486052,3d5.(2H).4p,3H*,6.0,13.0,17.142623,14.656571,84.59291,270000000.0,0.028966,0.37656,0.00076876
3d6,3H,6.0,13.0,2.486052,3d5.(2H).4p,3I*,7.0,15.0,17.38214,14.896088,83.23272,110000000.0,0.013182,0.17137,0.00034986
3d6,3H,6.0,13.0,2.486052,3d5.(a 2G).4p,3H*,6.0,13.0,17.769521,15.283469,81.12307,50000000.0,0.0049331,0.06413,0.00013092
3d6,3H,6.0,13.0,2.486052,3d5.(b 2G).4p,3H*,6.0,13.0,20.604654,18.118602,68.42923,70000000.0,0.0049141,0.063883,0.00013042
3d6,3H,6.0,13.0,2.486052,3d5.(b 2G).4p,3G*,5.0,11.0,20.742408,18.256356,67.91289,230000000.0,0.013457,0.17494,0.00035714
3d6,3H,5.0,11.0,2.516952,3d6,3G,5.0,11.0,3.044858,0.527906,2348.6037,0.0225,1.8606e-09,2.0467e-08,4.9381e-11
3d6,3H,5.0,11.0,2.516952,3d6,1I,6.0,13.0,3.763649,1.246697,994.50146,0.0515,9.0246e-10,9.9271e-09,2.3951e-11
3d6,3H,5.0,11.0,2.516952,3d6,a 1G,4.0,9.0,3.8294,1.312448,944.67894,0.172,1.8828e-09,2.0711e-08,4.997e-11
3d6,3H,5.0,11.0,2.516952,3d6,b 3F,3.0,7.0,6.235798,3.718846,333.39428,1.6,1.6967e-09,1.8664e-08,4.503e-11
3d6,3H,5.0,11.0,2.516952,3d6,b 1G,4.0,9.0,7.094525,4.577573,270.85138,0.087,7.8287e-11,8.6116e-10,2.0777e-12
3d6,3H,5.0,11.0,2.516952,3d5.(4G).4s,3G,5.0,11.0,8.764989,6.248037,198.43704,3.6,2.1252e-09,2.3378e-08,5.6404e-11
3d6,3H,5.0,11.0,2.516952,3d5.(4G).4s,3G,3.0,7.0,8.768839,6.251887,198.31484,7.1,2.664e-09,2.9304e-08,7.0702e-11
3d6,3H,5.0,11.0,2.516952,3d5.(4G).4s,3G,4.0,9.0,8.769293,6.252341,198.30044,61.0,2.9423e-08,3.2365e-07,7.8089e-10
3d6,3H,5.0,11.0,2.516952,3d5.(2I).4s,3I,7.0,15.0,9.898941,7.381989,167.955,7.9,4.5559e-09,5.0115e-08,1.2091e-10
3d6,3H,5.0,11.0,2.516952,3d5.(2I).4s,3I,6.0,13.0,9.899523,7.382571,167.94176,73.0,3.648e-08,4.0128e-07,9.6817e-10
3d6,3H,5.0,11.0,2.516952,3d5.(2I).4s,3I,5.0,11.0,9.901471,7.384519,167.89746,11.0,4.6488e-09,5.1137e-08,1.2338e-10
3d6,3H,5.0,11.0,2.516952,3d5.(a 2F).4s,3F,3.0,7.0,10.498,7.981048,155.34827,23.0,5.2955e-09,5.825e-08,1.4054e-10
3d6,3H,5.0,11.0,2.516952,3d5.(2H).4s,3H,4.0,9.0,10.992945,8.475993,146.2769,8.3,2.1784e-09,2.3962e-08,5.7815e-11
3d6,3H,5.0,11.0,2.516952,3d5.(2H).4s,3H,5.0,11.0,10.996761,8.479809,146.21107,98.0,3.1408e-08,3.4549e-07,8.3358e-10
3d6,3H,5.0,11.0,2.516952,3d5.(2H).4s,3H,6.0,13.0,11.025083,8.508131,145.72436,10.0,3.7625e-09,4.1387e-08,9.9856e-11
3d6,3H,5.0,11.0,2.516952,3d5.(a 2G).4s,3G,3.0,7.0,11.121102,8.60415,144.09814,18.0,3.5658e-09,3.9224e-08,9.4636e-11
3d6,3H,5.0,11.0,2.516952,3d5.(4F).4s,3F,4.0,9.0,11.217174,8.700222,142.50694,24.0,5.9785e-09,6.5764e-08,1.5867e-10
3d6,3H,5.0,11.0,2.516952,3d5.(4F).4s,3F,3.0,7.0,11.218609,8.701657,142.48344,100.0,1.9368e-08,2.1305e-07,5.1404e-10
3d6,3H,5.0,11.0,2.516952,3d5.(b 2F).4s,3F,4.0,9.0,11.578732,9.06178,136.82102,7.7,1.7681e-09,1.9449e-08,4.6925e-11
3d6,3H,5.0,11.0,2.516952,3d5.(b 2F).4s,3F,3.0,7.0,11.5792,9.062248,136.81395,90.0,1.6072e-08,1.7679e-07,4.2655e-10
3d6,3H,5.0,11.0,2.516952,3d5.(b 2G).4s,3G,5.0,11.0,14.174554,11.657602,106.3548,42.0,7.1223e-09,7.8346e-08,1.8903e-10
3d6,3H,5.0,11.0,2.516952,3d5.(b 2G).4s,3G,4.0,9.0,14.176385,11.659433,106.3381,190.0,2.6354e-08,2.8989e-07,6.9943e-10
3d6,3H,5.0,11.0,2.516952,3d5.(b 2G).4s,3G,3.0,7.0,14.177867,11.660915,106.32459,21.0,2.2649e-09,2.4914e-08,6.0111e-11
3d6,3H,5.0,11.0,2.516952,3d5.(4G).4p,3H*,5.0,11.0,14.699234,12.182282,101.7742,180000000.0,0.027952,0.30747,0.00074184
3d6,3H,5.0,11.0,2.516952,3d5.(4G).4p,3G*,4.0,9.0,15.118815,12.601863,98.38561,550000000.0,0.065303,0.71834,0.0017332
3d6,3H,5.0,11.0,2.516952,3d5.(2I).4p,3K*,6.0,13.0,16.099966,13.583014,91.27886,40000000.0,0.0059049,0.064954,0.00015672
3d6,3H,5.0,11.0,2.516952,3d5.(2I).4p,3H*,5.0,11.0,16.435954,13.919002,89.07549,620000000.0,0.073751,0.81126,0.0019574
3d6,3H,5.0,11.0,2.516952,3d5.(a 2D).4p,3F*,4.0,9.0,16.463293,13.946341,88.90088,24000000.0,0.0023267,0.025593,6.175e-05
3d6,3H,5.0,11.0,2.516952,3d5.(a 2F).4p,3G*,5.0,11.0,16.777125,14.260173,86.94439,19000000.0,0.0021533,0.023686,5.7147e-05
3d6,3H,5.0,11.0,2.516952,3d5.(a 2F).4p,3G*,4.0,9.0,16.806602,14.28965,86.76504,110000000.0,0.010158,0.11173,0.00026958
3d6,3H,5.0,11.0,2.516952,3d5.(2H).4p,3H*,5.0,11.0,17.080507,14.563555,85.1332,320000000.0,0.03477,0.38247,0.0009228
3d6,3H,5.0,11.0,2.516952,3d5.(2H).4p,3G*,4.0,9.0,17.12261,14.605658,84.88779,30000000.0,0.0026517,0.029168,7.0376e-05
3d6,3H,5.0,11.0,2.516952,3d5.(2H).4p,3I*,5.0,11.0,17.296966,14.780014,83.88639,110000000.0,0.011605,0.12765,0.00030799
3d6,3H,5.0,11.0,2.516952,3d5.(4F).4p,3G*,4.0,9.0,17.31132,14.794368,83.805,370000000.0,0.031875,0.35063,0.00084596
3d6,3H,5.0,11.0,2.516952,3d5.(2H).4p,3I*,6.0,13.0,17.338718,14.821766,83.65008,80000000.0,0.0099182,0.1091,0.00026323
3d6,3H,5.0,11.0,2.516952,3d5.(a 2G).4p,3H*,5.0,11.0,17.71837,15.201418,81.56094,100000000.0,0.009973,0.1097,0.00026468
3d6,3H,5.0,11.0,2.516952,3d5.(b 2F).4p,3F*,4.0,9.0,17.973792,15.45684,80.21316,31000000.0,0.0024466,0.026913,6.4933e-05
3d6,3H,5.0,11.0,2.516952,3d5.(b 2G).4p,3H*,5.0,11.0,20.573917,18.056965,68.66281,80000000.0,0.0056545,0.062199,0.00015007
3d6,3H,5.0,11.0,2.516952,3d5.(b 2G).4p,3F*,4.0,9.0,20.608944,18.091992,68.52988,39000000.0,0.0022466,0.024713,5.9626e-05
3d6,3H,5.0,11.0,2.516952,3d5.(b 2G).4p,3G*,4.0,9.0,20.731069,18.214117,68.07039,190000000.0,0.010799,0.11879,0.0002866
3d6,3H,4.0,9.0,2.53941,3d6,3G,4.0,9.0,3.092305,0.552895,2242.45469,0.0195,1.4701e-09,1.3231e-08,3.9016e-11
3d6,3H,4.0,9.0,2.53941,3d6,3G,3.0,7.0,3.117226,0.577816,2145.73841,0.0341,1.8307e-09,1.6477e-08,4.8587e-11
3d6,3H,4.0,9.0,2.53941,3d6,a 1G,4.0,9.0,3.8294,1.28999,961.12527,0.0696,9.6389e-10,8.675e-09,2.5582e-11
3d6,3H,4.0,9.0,2.53941,3d6,b 3F,2.0,5.0,6.222143,3.682733,336.66356,1.6,1.5104e-09,1.3594e-08,4.0087e-11
3d6,3H,4.0,9.0,2.53941,3d6,b 3F,3.0,7.0,6.235798,3.696388,335.41987,0.12,1.5743e-10,1.4168e-09,4.1781e-12
3d6,3H,4.0,9.0,2.53941,3d5.(4G).4s,3G,3.0,7.0,8.768839,6.229429,199.0298,67.0,3.0948e-08,2.7853e-07,8.2135e-10
3d6,3H,4.0,9.0,2.53941,3d5.(4G).4s,3G,4.0,9.0,8.769293,6.229883,199.01529,3.7,2.197e-09,1.9773e-08,5.8309e-11
3d6,3H,4.0,9.0,2.53941,3d5.(2I).4s,3I,6.0,13.0,9.899523,7.360113,168.4542,8.5,5.2233e-09,4.7009e-08,1.3863e-10
3d6,3H,4.0,9.0,2.53941,3d5.(2I).4s,3I,5.0,11.0,9.901471,7.362061,168.40963,74.0,3.8457e-08,3.4611e-07,1.0206e-09
3d6,3H,4.0,9.0,2.53941,3d5.(a 2F).4s,3F,2.0,5.0,10.460565,7.921155,156.52288,22.0,4.4892e-09,4.0402e-08,1.1914e-10
3d6,3H,4.0,9.0,2.53941,3d5.(2H).4s,3H,4.0,9.0,10.992945,8.453535,146.66551,100.0,3.2249e-08,2.9024e-07,8.5589e-10
3d6,3H,4.0,9.0,2.53941,3d5.(2H).4s,3H,5.0,11.0,10.996761,8.457351,146.59933,16.0,6.3008e-09,5.6707e-08,1.6722e-10
3d6,3H,4.0,9.0,2.53941,3d5.(a 2G).4s,3G,4.0,9.0,11.13177,8.59236,144.29586,7.6,2.3724e-09,2.1351e-08,6.2962e-11
3d6,3H,4.0,9.0,2.53941,3d5.(4F).4s,3F,2.0,5.0,11.21112,8.67171,142.97549,110.0,1.8728e-08,1.6856e-07,4.9705e-10
3d6,3H,4.0,9.0,2.53941,3d5.(4F).4s,3F,3.0,7.0,11.218609,8.679199,142.85212,25.0,5.9488e-09,5.3539e-08,1.5788e-10
3d6,3H,4.0,9.0,2.53941,3d5.(b 2F).4s,3F,3.0,7.0,11.5792,9.03979,137.15385,14.0,3.0709e-09,2.7638e-08,8.15e-11
3d6,3H,4.0,9.0,2.53941,3d5.(b 2F).4s,3F,2.0,5.0,11.581745,9.042335,137.11525,120.0,1.8791e-08,1.6912e-07,4.987e-10
3d6,3H,4.0,9.0,2.53941,3d5.(b 2G).4s,3G,4.0,9.0,14.176385,11.636975,106.54332,48.0,8.1687e-09,7.3518e-08,2.168e-10
3d6,3H,4.0,9.0,2.53941,3d5.(b 2G).4s,3G,3.0,7.0,14.177867,11.638457,106.52976,200.0,2.6466e-08,2.3819e-07,7.0241e-10
3d6,3H,4.0,9.0,2.53941,3d5.(4G).4p,3H*,4.0,9.0,14.715239,12.175829,101.82814,190000000.0,0.029536,0.26582,0.00078388
3d6,3H,4.0,9.0,2.53941,3d5.(4G).4p,3G*,3.0,7.0,15.116134,12.576724,98.58227,560000000.0,0.06346,0.57114,0.0016842
3d6,3H,4.0,9.0,2.53941,3d5.(a 2F).4p,1G*,4.0,9.0,16.658568,14.119158,87.81274,24000000.0,0.0027745,0.024971,7.3635e-05
3d6,3H,4.0,9.0,2.53941,3d5.(2H).4p,3H*,4.0,9.0,17.051306,14.511896,85.43625,400000000.0,0.043773,0.39395,0.0011617
3d6,3H,4.0,9.0,2.53941,3d5.(2H).4p,3H*,5.0,11.0,17.080507,14.541097,85.26468,60000000.0,0.0079928,0.071935,0.00021213
3d6,3H,4.0,9.0,2.53941,3d5.(4F).4p,3G*,4.0,9.0,17.31132,14.77191,83.93241,50000000.0,0.0052807,0.047526,0.00014015
3d6,3H,4.0,9.0,2.53941,3d5.(4F).4p,3G*,3.0,7.0,17.318159,14.778749,83.89357,340000000.0,0.027903,0.25113,0.00074055
3d6,3H,4.0,9.0,2.53941,3d5.(a 2F).4p,1F*,3.0,7.0,17.41397,14.87456,83.35319,70000000.0,0.005671,0.051039,0.00015051
3d6,3H,4.0,9.0,2.53941,3d5.(a 2G).4p,3H*,4.0,9.0,17.711821,15.172411,81.71687,110000000.0,0.011012,0.09911,0.00029226
3d6,3H,4.0,9.0,2.53941,3d5.(b 2G).4p,3H*,4.0,9.0,20.546594,18.007184,68.85263,90000000.0,0.0063965,0.057569,0.00016976
3d6,3H,4.0,9.0,2.53941,3d5.(b 2G).4p,3F*,3.0,7.0,20.643111,18.103701,68.48555,140000000.0,0.0076567,0.06891,0.00020321
3d6,3H,4.0,9.0,2.53941,3d5.(b 2G).4p,3G*,3.0,7.0,20.715974,18.176564,68.21102,110000000.0,0.0059678,0.053711,0.00015839
3d6,a 3P,1.0,3.0,2.565,3d6,3D,1.0,3.0,3.809472,1.244472,996.27953,0.058,8.6308e-10,2.5892e-09,2.2906e-11
3d6,a 3P,1.0,3.0,2.565,3d6,a 1S,0.0,1.0,4.31613,1.75113,708.02395,1.15,2.8809e-09,8.6428e-09,7.646e-11
3d6,a 3P,1.0,3.0,2.565,3d6,a 1D,2.0,5.0,4.439007,1.874007,661.59944,0.03,3.2811e-10,9.8433e-10,8.708e-12
3d6,a 3P,1.0,3.0,2.565,3d6,b 3P,1.0,3.0,6.146798,3.581798,346.15073,0.26,4.6705e-10,1.4012e-09,1.2396e-11
3d6,a 3P,1.0,3.0,2.565,3d6,b 3F,3.0,7.0,6.235798,3.670798,337.75816,0.15,5.986e-10,1.7958e-09,1.5887e-11
3d6,a 3P,1.0,3.0,2.565,3d6,b 3P,2.0,5.0,6.250285,3.685285,336.43042,0.46,1.3009e-09,3.9028e-09,3.4527e-11
3d6,a 3P,1.0,3.0,2.565,3d5.(4P).4s,3P,2.0,5.0,9.141113,6.576113,188.53721,18.0,1.5987e-08,4.7962e-08,4.243e-10
3d6,a 3P,1.0,3.0,2.565,3d5.(4P).4s,3P,1.0,3.0,9.156152,6.591152,188.10702,6.1,3.2359e-09,9.7078e-09,8.5882e-11
3d6,a 3P,1.0,3.0,2.565,3d5.(4D).4s,3D,3.0,7.0,9.541454,6.976454,177.71808,11.0,1.2153e-08,3.646e-08,3.2255e-10
3d6,a 3P,1.0,3.0,2.565,3d5.(4D).4s,3D,1.0,3.0,9.556164,6.991164,177.34414,35.0,1.6503e-08,4.9509e-08,4.3799e-10
3d6,a 3P,1.0,3.0,2.565,3d5.(4D).4s,3D,2.0,5.0,9.559511,6.994511,177.25928,7.4,5.8098e-09,1.7429e-08,1.5419e-10
3d6,a 3P,1.0,3.0,2.565,3d5.(a 2D).4s,3D,2.0,5.0,10.21768,7.65268,162.01409,14.0,9.1821e-09,2.7546e-08,2.4369e-10
3d6,a 3P,1.0,3.0,2.565,3d5.(a 2D).4s,3D,1.0,3.0,10.228095,7.663095,161.79389,20.0,7.849e-09,2.3547e-08,2.0831e-10
3d6,a 3P,1.0,3.0,2.565,3d5.(4F).4s,5F,2.0,5.0,10.335224,7.770224,159.56322,10.0,6.3617e-09,1.9085e-08,1.6884e-10
3d6,a 3P,1.0,3.0,2.565,3d5.(4F).4s,5F,1.0,3.0,10.370938,7.805938,158.83318,19.0,7.1861e-09,2.1558e-08,1.9072e-10
3d6,a 3P,1.0,3.0,2.565,3d5.(a 2F).4s,3F,2.0,5.0,10.460565,7.895565,157.03018,12.0,7.3936e-09,2.2181e-08,1.9623e-10
3d6,a 3P,1.0,3.0,2.565,3d5.(a 2F).4s,3F,3.0,7.0,10.498,7.933,156.28917,65.0,5.554e-08,1.6662e-07,1.474e-09
3d6,a 3P,1.0,3.0,2.565,3d5.(b 2F).4s,3F,3.0,7.0,11.5792,9.0142,137.54321,27.0,1.7868e-08,5.3604e-08,4.7422e-10
3d6,a 3P,1.0,3.0,2.565,3d5.(b 2F).4s,3F,2.0,5.0,11.581745,9.016745,137.50439,19.0,8.9763e-09,2.6929e-08,2.3823e-10
3d6,a 3P,1.0,3.0,2.565,3d5.(4P).4p,3P*,2.0,5.0,14.840622,12.275622,101.00034,60000000.0,0.015293,0.04588,0.00040589
3d6,a 3P,1.0,3.0,2.565,3d5.(4P).4p,3P*,1.0,3.0,14.875914,12.310914,100.7108,90000000.0,0.013685,0.041056,0.00036321
3d6,a 3P,1.0,3.0,2.565,3d5.(4P).4p,3P*,0.0,1.0,14.900428,12.335428,100.51066,330000000.0,0.01666,0.04998,0.00044216
3d6,a 3P,1.0,3.0,2.565,3d5.(4D).4p,3D*,2.0,5.0,15.486133,12.921133,95.95459,90000000.0,0.020705,0.062116,0.00054952
3d6,a 3P,1.0,3.0,2.565,3d5.(4D).4p,3P*,1.0,3.0,15.94508,13.38008,92.66327,60000000.0,0.0077237,0.023171,0.00020499
3d6,a 3P,1.0,3.0,2.565,3d5.(2P).4s,3P,2.0,5.0,16.224221,13.659221,90.7696,43.0,8.8523e-09,2.6557e-08,2.3494e-10
3d6,a 3P,1.0,3.0,2.565,3d5.(a 2D).4p,3P*,1.0,3.0,16.682001,14.117001,87.82616,200000000.0,0.023128,0.069384,0.00061382
3d6,a 3P,1.0,3.0,2.565,3d5.(a 2D).4p,3P*,0.0,1.0,16.748846,14.183846,87.41226,700000000.0,0.026729,0.080187,0.00070938
3d6,a 3P,1.0,3.0,2.565,3d5.(a 2D).4p,3D*,1.0,3.0,16.764794,14.199794,87.31408,210000000.0,0.024002,0.072006,0.00063701
3d6,a 3P,1.0,3.0,2.565,3d5.(a 2F).4p,3D*,2.0,5.0,16.92785,14.36285,86.32284,480000000.0,0.089372,0.26812,0.0023719
3d6,a 3P,1.0,3.0,2.565,3d5.(4F).4p,5D*,2.0,5.0,17.053369,14.488369,85.57499,50000000.0,0.009149,0.027447,0.00024281
3d6,a 3P,0.0,1.0,2.62947,3d6,3D,1.0,3.0,3.809472,1.180002,1050.71176,0.0161,7.9942e-10,7.9942e-10,2.1217e-11
3d6,a 3P,0.0,1.0,2.62947,3d6,b 3P,2.0,5.0,6.250285,3.620815,342.42069,0.19,1.6699e-09,1.6699e-09,4.432e-11
3d6,a 3P,0.0,1.0,2.62947,3d5.(4P).4s,3P,2.0,5.0,9.141113,6.511643,190.40386,5.4,1.4675e-08,1.4675e-08,3.8947e-10
3d6,a 3P,0.0,1.0,2.62947,3d5.(4D).4s,3D,2.0,5.0,9.559511,6.930041,178.90832,15.0,3.599e-08,3.599e-08,9.5517e-10
3d6,a 3P,0.0,1.0,2.62947,3d5.(a 2F).4s,3F,2.0,5.0,10.460565,7.831095,158.32294,44.0,8.2674e-08,8.2674e-08,2.1942e-09
3d6,a 3P,0.0,1.0,2.62947,3d5.(b 2F).4s,3F,2.0,5.0,11.581745,8.952275,138.49463,20.0,2.8756e-08,2.8756e-08,7.6318e-10
3d6,a 3P,0.0,1.0,2.62947,3d5.(4P).4p,3P*,1.0,3.0,14.875914,12.246444,101.24098,80000000.0,0.036879,0.036879,0.00097878
3d6,a 3P,0.0,1.0,2.62947,3d5.(4D).4p,3D*,1.0,3.0,15.492457,12.862987,96.38834,60000000.0,0.025072,0.025072,0.0006654
3d6,a 3P,0.0,1.0,2.62947,3d5.(4D).4p,3P*,1.0,3.0,15.94508,13.31561,93.11192,45000000.0,0.017547,0.017547,0.0004657
3d6,a 3P,0.0,1.0,2.62947,3d5.(a 2D).4p,3P*,1.0,3.0,16.682001,14.052531,88.22909,70000000.0,0.024508,0.024508,0.00065043
3d6,a 3P,0.0,1.0,2.62947,3d5.(a 2D).4p,1P*,1.0,3.0,17.195592,14.566122,85.11819,140000000.0,0.04562,0.04562,0.0012108
3d6,a 3F,4.0,9.0,2.660939,3d6,3G,5.0,11.0,3.044858,0.383919,3229.43638,0.0161,3.0767e-09,2.7691e-08,8.1656e-11
3d6,a 3F,4.0,9.0,2.660939,3d6,3G,4.0,9.0,3.092305,0.431366,2874.22278,0.0259,3.2077e-09,2.887e-08,8.5134e-11
3d6,a 3F,4.0,9.0,2.660939,3d6,a 1G,4.0,9.0,3.8294,1.168461,1061.08974,0.194,3.2747e-09,2.9472e-08,8.6909e-11
3d6,a 3F,4.0,9.0,2.660939,3d6,b 3F,4.0,9.0,6.233453,3.572514,347.05028,0.75,1.3543e-09,1.2188e-08,3.5942e-11
3d6,a 3F,4.0,9.0,2.660939,3d6,b 3F,3.0,7.0,6.235798,3.574859,346.82263,0.132,1.8514e-10,1.6663e-09,4.9137e-12
3d6,a 3F,4.0,9.0,2.660939,3d6,b 3P,2.0,5.0,6.250285,3.589346,345.42281,0.13,1.2919e-10,1.1627e-09,3.4287e-12
3d6,a 3F,4.0,9.0,2.660939,3d6,b 1G,4.0,9.0,7.094525,4.433586,279.64767,0.118,1.3835e-10,1.2451e-09,3.6717e-12
3d6,a 3F,4.0,9.0,2.660939,3d5.(4G).4s,3G,5.0,11.0,8.764989,6.10405,203.11793,16.0,1.2096e-08,1.0886e-07,3.2102e-10
3d6,a 3F,4.0,9.0,2.660939,3d5.(4G).4s,3G,4.0,9.0,8.769293,6.108354,202.97481,9.0,5.5589e-09,5.003e-08,1.4753e-10
3d6,a 3F,4.0,9.0,2.660939,3d5.(4P).4s,3P,2.0,5.0,9.141113,6.480174,191.3285,56.0,1.7074e-08,1.5367e-07,4.5314e-10
3d6,a 3F,4.0,9.0,2.660939,3d5.(4D).4s,3D,3.0,7.0,9.541454,6.880515,180.1961,25.0,9.4656e-09,8.519e-08,2.5122e-10
3d6,a 3F,4.0,9.0,2.660939,3d6,b 1D,2.0,5.0,9.552322,6.891383,179.91193,1.3,3.5047e-10,3.1542e-09,9.3015e-12
3d6,a 3F,4.0,9.0,2.660939,3d5.(4D).4s,3D,2.0,5.0,9.559511,6.898572,179.72444,9.0,2.4213e-09,2.1791e-08,6.4261e-11
3d6,a 3F,4.0,9.0,2.660939,3d5.(a 2D).4s,3D,3.0,7.0,10.2142,7.553261,164.14658,65.0,2.0422e-08,1.838e-07,5.4199e-10
3d6,a 3F,4.0,9.0,2.660939,3d5.(a 2D).4s,3D,2.0,5.0,10.21768,7.556741,164.07099,11.0,2.4663e-09,2.2197e-08,6.5455e-11
3d6,a 3F,4.0,9.0,2.660939,3d5.(a 2F).4s,3F,4.0,9.0,10.434482,7.773543,159.4951,13.0,4.9579e-09,4.4621e-08,1.3158e-10
3d6,a 3F,4.0,9.0,2.660939,3d5.(2H).4s,3H,5.0,11.0,10.996761,8.335822,148.73662,21.0,8.5127e-09,7.6614e-08,2.2593e-10
3d6,a 3F,4.0,9.0,2.660939,3d5.(2H).4s,3H,6.0,13.0,11.025083,8.364144,148.23298,67.0,3.188e-08,2.8692e-07,8.4611e-10
3d6,a 3F,4.0,9.0,2.660939,3d5.(a 2G).4s,3G,5.0,11.0,11.147182,8.486243,146.10022,57.0,2.2294e-08,2.0065e-07,5.9168e-10
3d6,a 3F,4.0,9.0,2.660939,3d5.(4F).4s,3F,4.0,9.0,11.217174,8.556235,144.90509,15.0,4.7219e-09,4.2497e-08,1.2532e-10
3d6,a 3F,4.0,9.0,2.660939,3d5.(b 2F).4s,3F,4.0,9.0,11.578732,8.917793,139.03014,37.0,1.0722e-08,9.6499e-08,2.8456e-10
3d6,a 3F,4.0,9.0,2.660939,3d5.(b 2F).4s,3F,3.0,7.0,11.5792,8.918261,139.02284,14.0,3.1551e-09,2.8396e-08,8.3737e-11
3d6,a 3F,4.0,9.0,2.660939,3d5.(a 2G).4s,1G,4.0,9.0,11.594098,8.933159,138.79099,10.0,2.8879e-09,2.5991e-08,7.6645e-11
3d6,a 3F,4.0,9.0,2.660939,3d5.(b 2D).4s,3D,3.0,7.0,13.133553,10.472614,118.38897,100.0,1.6343e-08,1.4709e-07,4.3375e-10
3d6,a 3F,4.0,9.0,2.660939,3d5.(4G).4p,3G*,4.0,9.0,15.118815,12.457876,99.52274,25000000.0,0.0037123,0.033411,9.8525e-05
3d6,a 3F,4.0,9.0,2.660939,3d5.(4D).4p,5D*,3.0,7.0,15.228939,12.568,98.6507,150000000.0,0.017022,0.1532,0.00045176
3d6,a 3F,4.0,9.0,2.660939,3d5.(4D).4p,3D*,3.0,7.0,15.479937,12.818998,96.7191,190000000.0,0.020725,0.18652,0.00055004
3d6,a 3F,4.0,9.0,2.660939,3d5.(4D).4p,3F*,4.0,9.0,15.553039,12.8921,96.17068,24000000.0,0.0033278,0.02995,8.832e-05
3d6,a 3F,4.0,9.0,2.660939,3d5.(2P).4s,3P,2.0,5.0,16.224221,13.563282,91.41165,150.0,1.044e-08,9.3956e-08,2.7707e-10
3d6,a 3F,4.0,9.0,2.660939,3d5.(a 2D).4p,3F*,3.0,7.0,16.375838,13.714899,90.4011,43000000.0,0.0040976,0.036879,0.00010875
3d6,a 3F,4.0,9.0,2.660939,3d5.(4F).4p,5G*,3.0,7.0,16.749894,14.088955,88.00099,110000000.0,0.0099331,0.089398,0.00026362
3d6,a 3F,4.0,9.0,2.660939,3d5.(a 2F).4p,3G*,4.0,9.0,16.806602,14.145663,87.64821,100000000.0,0.011517,0.10365,0.00030567
3d6,a 3F,4.0,9.0,2.660939,3d5.(4F).4p,5G*,5.0,11.0,16.829048,14.168109,87.50935,23000000.0,0.0032274,0.029046,8.5654e-05
3d6,a 3F,4.0,9.0,2.660939,3d5.(a 2F).4p,3F*,4.0,9.0,16.937833,14.276894,86.84256,150000000.0,0.01696,0.15264,0.00045011
3d6,a 3F,4.0,9.0,2.660939,3d5.(2H).4p,3G*,5.0,11.0,17.116589,14.45565,85.76868,260000000.0,0.035046,0.31542,0.00093013
3d6,a 3F,4.0,9.0,2.660939,3d5.(4F).4p,3G*,5.0,11.0,17.291249,14.63031,84.74475,240000000.0,0.031583,0.28424,0.0008382
3d6,a 3F,4.0,9.0,2.660939,3d5.(a 2G).4p,1G*,4.0,9.0,17.336361,14.675422,84.48425,90000000.0,0.0096306,0.086675,0.0002556
3d6,a 3F,4.0,9.0,2.660939,3d5.(a 2G).4p,3F*,4.0,9.0,17.48214,14.821201,83.65327,300000000.0,0.031474,0.28326,0.00083531
3d6,a 3F,4.0,9.0,2.660939,3d5.(4F).4p,3D*,3.0,7.0,17.539629,14.87869,83.33005,40000000.0,0.0032388,0.029149,8.5957e-05
3d6,a 3F,4.0,9.0,2.660939,3d5.(b 2F).4p,1G*,4.0,9.0,17.894916,15.233977,81.38663,60000000.0,0.0059582,0.053624,0.00015813
3d6,a 3F,4.0,9.0,2.660939,3d5.(b 2F).4p,3F*,4.0,9.0,17.973792,15.312853,80.96741,150000000.0,0.014743,0.13268,0.00039127
3d6,a 3F,4.0,9.0,2.660939,3d5.(b 2F).4p,3G*,5.0,11.0,18.276016,15.615077,79.40031,37000000.0,0.0042742,0.038468,0.00011344
3d6,a 3F,4.0,9.0,2.660939,3d5.(b 2F).4p,3D*,3.0,7.0,18.304501,15.643562,79.25573,110000000.0,0.0080569,0.072512,0.00021383
3d6,a 3F,4.0,9.0,2.660939,3d5.(b 2D).4p,3F*,4.0,9.0,19.659249,16.99831,72.93913,31000000.0,0.0024725,0.022253,6.5621e-05
3d6,a 3F,3.0,7.0,2.690431,3d6,3G,3.0,7.0,3.117226,0.426795,2905.00588,0.0272,3.4413e-09,2.4089e-08,9.1332e-11
3d6,a 3F,3.0,7.0,2.690431,3d6,a 1G,4.0,9.0,3.8294,1.138969,1088.56517,0.0975,2.227e-09,1.5589e-08,5.9104e-11
3d6,a 3F,3.0,7.0,2.690431,3d6,a 1D,2.0,5.0,4.439007,1.748576,709.0581,0.225,1.2114e-09,8.4796e-09,3.215e-11
3d6,a 3F,3.0,7.0,2.690431,3d6,b 3P,1.0,3.0,6.146798,3.456367,358.71248,0.1,8.2675e-11,5.7873e-10,2.1942e-12
3d6,a 3F,3.0,7.0,2.690431,3d6,b 3F,2.0,5.0,6.222143,3.531712,351.05976,0.2,2.6395e-10,1.8477e-09,7.0053e-12
3d6,a 3F,3.0,7.0,2.690431,3d6,b 3F,4.0,9.0,6.233453,3.543022,349.93912,0.19,4.4848e-10,3.1394e-09,1.1903e-11
3d6,a 3F,3.0,7.0,2.690431,3d6,b 3F,3.0,7.0,6.235798,3.545367,349.70766,0.51,9.3506e-10,6.5454e-09,2.4817e-11
3d6,a 3F,3.0,7.0,2.690431,3d5.(4G).4s,3G,3.0,7.0,8.768839,6.078408,203.97479,8.1,5.0524e-09,3.5367e-08,1.3409e-10
3d6,a 3F,3.0,7.0,2.690431,3d5.(4G).4s,3G,4.0,9.0,8.769293,6.078862,203.95955,12.0,9.6222e-09,6.7355e-08,2.5537e-10
3d6,a 3F,3.0,7.0,2.690431,3d5.(4P).4s,3P,2.0,5.0,9.141113,6.450682,192.20324,18.0,7.1207e-09,4.9845e-08,1.8898e-10
3d6,a 3F,3.0,7.0,2.690431,3d5.(4P).4s,3P,1.0,3.0,9.156152,6.465721,191.75618,50.0,1.1813e-08,8.2689e-08,3.1351e-10
3d6,a 3F,3.0,7.0,2.690431,3d5.(4D).4s,3D,3.0,7.0,9.541454,6.851023,180.9718,6.1,2.9951e-09,2.0966e-08,7.949e-11
3d6,a 3F,3.0,7.0,2.690431,3d5.(4D).4s,3D,1.0,3.0,9.556164,6.865733,180.58407,10.0,2.0953e-09,1.4667e-08,5.5609e-11
3d6,a 3F,3.0,7.0,2.690431,3d5.(4D).4s,3D,2.0,5.0,9.559511,6.86908,180.49608,11.0,3.8376e-09,2.6863e-08,1.0185e-10
3d6,a 3F,3.0,7.0,2.690431,3d5.(a 2D).4s,3D,3.0,7.0,10.2142,7.523769,164.79001,5.5,2.2392e-09,1.5674e-08,5.9427e-11
3d6,a 3F,3.0,7.0,2.690431,3d5.(a 2D).4s,3D,2.0,5.0,10.21768,7.527249,164.71383,44.0,1.2783e-08,8.9483e-08,3.3927e-10
3d6,a 3F,3.0,7.0,2.690431,3d5.(a 2D).4s,3D,1.0,3.0,10.228095,7.537664,164.48624,17.0,2.9552e-09,2.0687e-08,7.8432e-11
3d6,a 3F,3.0,7.0,2.690431,3d5.(4F).4s,5F,2.0,5.0,10.335224,7.644793,162.18124,11.0,3.0983e-09,2.1688e-08,8.2229e-11
3d6,a 3F,3.0,7.0,2.690431,3d5.(4F).4s,5F,1.0,3.0,10.370938,7.680507,161.4271,10.0,1.6743e-09,1.172e-08,4.4436e-11
3d6,a 3F,3.0,7.0,2.690431,3d5.(a 2F).4s,3F,4.0,9.0,10.434482,7.744051,160.10251,5.9,2.9151e-09,2.0406e-08,7.7367e-11
3d6,a 3F,3.0,7.0,2.690431,3d5.(a 2F).4s,3F,3.0,7.0,10.498,7.807569,158.8,20.0,7.5612e-09,5.2928e-08,2.0067e-10
3d6,a 3F,3.0,7.0,2.690431,3d5.(2H).4s,3H,4.0,9.0,10.992945,8.302514,149.33332,23.0,9.8866e-09,6.9206e-08,2.6239e-10
3d6,a 3F,3.0,7.0,2.690431,3d5.(2H).4s,3H,5.0,11.0,10.996761,8.30633,149.26472,36.0,1.8896e-08,1.3227e-07,5.015e-10
3d6,a 3F,3.0,7.0,2.690431,3d5.(a 2G).4s,3G,4.0,9.0,11.13177,8.441339,146.87741,43.0,1.7881e-08,1.2516e-07,4.7455e-10
3d6,a 3F,3.0,7.0,2.690431,3d5.(a 2G).4s,3G,5.0,11.0,11.147182,8.456751,146.60973,32.0,1.6204e-08,1.1343e-07,4.3006e-10
3d6,a 3F,3.0,7.0,2.690431,3d5.(b 2F).4s,3F,4.0,9.0,11.578732,8.888301,139.49145,9.0,3.3755e-09,2.3629e-08,8.9587e-11
3d6,a 3F,3.0,7.0,2.690431,3d5.(b 2F).4s,3F,3.0,7.0,11.5792,8.888769,139.4841,31.0,9.0421e-09,6.3295e-08,2.3998e-10
3d6,a 3F,3.0,7.0,2.690431,3d5.(b 2F).4s,3F,2.0,5.0,11.581745,8.891314,139.44418,24.0,4.9974e-09,3.4982e-08,1.3263e-10
3d6,a 3F,3.0,7.0,2.690431,3d5.(b 2D).4s,3D,1.0,3.0,13.129349,10.438918,118.77112,21.0,1.9034e-09,1.3324e-08,5.0516e-11
3d6,a 3F,3.0,7.0,2.690431,3d5.(b 2D).4s,3D,2.0,5.0,13.130704,10.440273,118.75571,67.0,1.0118e-08,7.0829e-08,2.6854e-10
3d6,a 3F,3.0,7.0,2.690431,3d5.(b 2D).4s,3D,3.0,7.0,13.133553,10.443122,118.72331,33.0,6.9734e-09,4.8814e-08,1.8507e-10
3d6,a 3F,3.0,7.0,2.690431,3d5.(4G).4p,3F*,2.0,5.0,14.650432,11.960001,103.66571,38000000.0,0.0043731,0.030611,0.00011606
3d6,a 3F,3.0,7.0,2.690431,3d5.(4G).4p,3F*,4.0,9.0,14.673582,11.983151,103.46544,14000000.0,0.0028888,0.020222,7.667e-05
3d6,a 3F,3.0,7.0,2.690431,3d5.(4G).4p,3G*,3.0,7.0,15.116134,12.425703,99.78043,23000000.0,0.003433,0.024031,9.1113e-05
3d6,a 3F,3.0,7.0,2.690431,3d5.(4G).4p,3G*,4.0,9.0,15.118815,12.428384,99.75891,140000000.0,0.026856,0.18799,0.00071275
3d6,a 3F,3.0,7.0,2.690431,3d5.(4D).4p,3D*,3.0,7.0,15.479937,12.789506,96.94213,25000000.0,0.0035223,0.024656,9.3481e-05
3d6,a 3F,3.0,7.0,2.690431,3d5.(4D).4p,3D*,2.0,5.0,15.486133,12.795702,96.89519,110000000.0,0.011059,0.077415,0.00029351
3d6,a 3F,3.0,7.0,2.690431,3d5.(2P).4s,3P,2.0,5.0,16.224221,13.53379,91.61085,48.0,4.3139e-09,3.0197e-08,1.1449e-10
3d6,a 3F,3.0,7.0,2.690431,3d5.(2P).4s,3P,1.0,3.0,16.22483,13.534399,91.60673,140.0,7.5486e-09,5.284e-08,2.0034e-10
3d6,a 3F,3.0,7.0,2.690431,3d5.(a 2D).4p,3F*,3.0,7.0,16.375838,13.685407,90.59592,33000000.0,0.0040606,0.028424,0.00010777
3d6,a 3F,3.0,7.0,2.690431,3d5.(4F).4p,5G*,2.0,5.0,16.730201,14.03977,88.30928,250000000.0,0.020878,0.14614,0.0005541
3d6,a 3F,3.0,7.0,2.690431,3d5.(a 2D).4p,3D*,2.0,5.0,16.772455,14.082024,88.0443,600000000.0,0.049806,0.34864,0.0013219
3d6,a 3F,3.0,7.0,2.690431,3d5.(a 2F).4p,3D*,3.0,7.0,16.825351,14.13492,87.71482,23000000.0,0.002653,0.018571,7.041e-05
3d6,a 3F,3.0,7.0,2.690431,3d5.(a 2F).4p,3F*,4.0,9.0,16.937833,14.247402,87.02232,70000000.0,0.010218,0.071526,0.00027118
3d6,a 3F,3.0,7.0,2.690431,3d5.(a 2F).4p,3F*,3.0,7.0,16.960654,14.270223,86.88315,190000000.0,0.021502,0.15052,0.00057067
3d6,a 3F,3.0,7.0,2.690431,3d5.(2H).4p,3G*,4.0,9.0,17.12261,14.432179,85.90816,210000000.0,0.029874,0.20912,0.00079285
3d6,a 3F,3.0,7.0,2.690431,3d5.(4F).4p,3G*,4.0,9.0,17.31132,14.620889,84.79936,260000000.0,0.036038,0.25227,0.00095645
3d6,a 3F,3.0,7.0,2.690431,3d5.(a 2G).4p,3F*,3.0,7.0,17.443756,14.753325,84.03814,350000000.0,0.037058,0.25941,0.00098352
3d6,a 3F,3.0,7.0,2.690431,3d5.(a 2G).4p,3F*,4.0,9.0,17.48214,14.791709,83.82006,21000000.0,0.0028439,0.019908,7.5478e-05
3d6,a 3F,3.0,7.0,2.690431,3d5.(b 2F).4p,3F*,3.0,7.0,17.924464,15.234033,81.38633,200000000.0,0.019861,0.13902,0.0005271
3d6,a 3F,3.0,7.0,2.690431,3d5.(b 2F).4p,3D*,2.0,5.0,18.301874,15.611443,79.41879,110000000.0,0.0074297,0.052008,0.00019718
3d6,a 3F,3.0,7.0,2.690431,3d5.(b 2D).4p,3F*,3.0,7.0,19.587268,16.896837,73.37716,39000000.0,0.0031481,0.022037,8.355e-05
3d6,a 3F,2.0,5.0,2.709933,3d6,3G,3.0,7.0,3.117226,0.407293,3044.10335,0.0172,3.3453e-09,1.6726e-08,8.8784e-11
3d6,a 3F,2.0,5.0,2.709933,3d6,a 1D,2.0,5.0,4.439007,1.729074,717.05548,0.121,9.3272e-10,4.6636e-09,2.4754e-11
3d6,a 3F,2.0,5.0,2.709933,3d6,b 3P,0.0,1.0,6.093771,3.383838,366.40111,0.14,5.6355e-11,2.8177e-10,1.4957e-12
3d6,a 3F,2.0,5.0,2.709933,3d6,b 3F,2.0,5.0,6.222143,3.51221,353.00907,0.53,9.9016e-10,4.9508e-09,2.6279e-11
3d6,a 3F,2.0,5.0,2.709933,3d6,b 3F,3.0,7.0,6.235798,3.525865,351.64193,0.21,5.4501e-10,2.7251e-09,1.4465e-11
3d6,a 3F,2.0,5.0,2.709933,3d5.(4G).4s,3G,3.0,7.0,8.768839,6.058906,204.63133,16.0,1.4062e-08,7.0311e-08,3.7321e-10
3d6,a 3F,2.0,5.0,2.709933,3d5.(4P).4s,3P,1.0,3.0,9.156152,6.446219,192.33631,29.0,9.6501e-09,4.825e-08,2.5611e-10
3d6,a 3F,2.0,5.0,2.709933,3d5.(4P).4s,3P,0.0,1.0,9.166938,6.457005,192.01503,78.0,8.6229e-09,4.3115e-08,2.2885e-10
3d6,a 3F,2.0,5.0,2.709933,3d5.(4D).4s,3D,1.0,3.0,9.556164,6.846231,181.09847,12.0,3.5401e-09,1.7701e-08,9.3956e-11
3d6,a 3F,2.0,5.0,2.709933,3d5.(4D).4s,3D,2.0,5.0,9.559511,6.849578,181.00998,5.4,2.6525e-09,1.3263e-08,7.0398e-11
3d6,a 3F,2.0,5.0,2.709933,3d5.(a 2D).4s,3D,2.0,5.0,10.21768,7.507747,165.14168,7.2,2.9438e-09,1.4719e-08,7.8128e-11
3d6,a 3F,2.0,5.0,2.709933,3d5.(a 2D).4s,3D,1.0,3.0,10.228095,7.518162,164.91291,38.0,9.2962e-09,4.6481e-08,2.4672e-10
3d6,a 3F,2.0,5.0,2.709933,3d5.(4F).4s,5F,1.0,3.0,10.370938,7.661005,161.83803,22.0,5.1832e-09,2.5916e-08,1.3756e-10
3d6,a 3F,2.0,5.0,2.709933,3d5.(a 2F).4s,3F,2.0,5.0,10.460565,7.750632,159.96657,32.0,1.2276e-08,6.1382e-08,3.2581e-10
3d6,a 3F,2.0,5.0,2.709933,3d5.(a 2F).4s,3F,3.0,7.0,10.498,7.788067,159.19765,10.0,5.3194e-09,2.6597e-08,1.4118e-10
3d6,a 3F,2.0,5.0,2.709933,3d5.(2H).4s,3H,4.0,9.0,10.992945,8.283012,149.68492,34.0,2.0557e-08,1.0279e-07,5.4559e-10
3d6,a 3F,2.0,5.0,2.709933,3d5.(a 2G).4s,3G,3.0,7.0,11.121102,8.411169,147.40424,60.0,2.7363e-08,1.3681e-07,7.2621e-10
3d6,a 3F,2.0,5.0,2.709933,3d5.(a 2G).4s,3G,4.0,9.0,11.13177,8.421837,147.21752,30.0,1.7546e-08,8.7729e-08,4.6566e-10
3d6,a 3F,2.0,5.0,2.709933,3d5.(b 2F).4s,3F,3.0,7.0,11.5792,8.869267,139.79081,12.0,4.9218e-09,2.4609e-08,1.3063e-10
3d6,a 3F,2.0,5.0,2.709933,3d5.(b 2F).4s,3F,2.0,5.0,11.581745,8.871812,139.75071,41.0,1.2005e-08,6.0024e-08,3.186e-10
3d6,a 3F,2.0,5.0,2.709933,3d5.(b 2D).4s,3D,1.0,3.0,13.129349,10.419416,118.99342,82.0,1.0444e-08,5.222e-08,2.7719e-10
3d6,a 3F,2.0,5.0,2.709933,3d5.(b 2D).4s,3D,2.0,5.0,13.130704,10.420771,118.97795,40.0,8.4889e-09,4.2445e-08,2.253e-10
3d6,a 3F,2.0,5.0,2.709933,3d5.(4G).4p,3F*,2.0,5.0,14.650432,11.940499,103.83502,190000000.0,0.030711,0.15356,0.00081508
3d6,a 3F,2.0,5.0,2.709933,3d5.(4G).4p,3G*,3.0,7.0,15.116134,12.406201,99.93728,150000000.0,0.031444,0.15722,0.00083452
3d6,a 3F,2.0,5.0,2.709933,3d5.(4D).4p,5D*,1.0,3.0,15.230633,12.5207,99.02338,150000000.0,0.013231,0.066153,0.00035114
3d6,a 3F,2.0,5.0,2.709933,3d5.(4P).4p,3D*,1.0,3.0,15.240343,12.53041,98.94664,240000000.0,0.021136,0.10568,0.00056095
3d6,a 3F,2.0,5.0,2.709933,3d5.(4D).4p,3D*,1.0,3.0,15.492457,12.782524,96.99508,60000000.0,0.0050776,0.025388,0.00013476
3d6,a 3F,2.0,5.0,2.709933,3d5.(2P).4s,3P,1.0,3.0,16.22483,13.514897,91.73891,77.0,5.8292e-09,2.9146e-08,1.5471e-10
3d6,a 3F,2.0,5.0,2.709933,3d5.(2P).4s,3P,0.0,1.0,16.2257,13.515767,91.73301,220.0,5.5509e-09,2.7755e-08,1.4732e-10
3d6,a 3F,2.0,5.0,2.709933,3d5.(a 2D).4p,3P*,1.0,3.0,16.682001,13.972068,88.73719,230000000.0,0.016291,0.081455,0.00043237
3d6,a 3F,2.0,5.0,2.709933,3d5.(a 2D).4p,3D*,1.0,3.0,16.764794,14.054861,88.21446,500000000.0,0.034999,0.175,0.00092888
3d6,a 3F,2.0,5.0,2.709933,3d5.(a 2D).4p,3D*,2.0,5.0,16.772455,14.062522,88.1664,37000000.0,0.0043119,0.021559,0.00011444
3d6,a 3F,2.0,5.0,2.709933,3d5.(a 2F).4p,3D*,2.0,5.0,16.92785,14.217917,87.20279,180000000.0,0.020521,0.1026,0.00054462
3d6,a 3F,2.0,5.0,2.709933,3d5.(a 2F).4p,3F*,2.0,5.0,16.96027,14.250337,87.0044,150000000.0,0.017023,0.085114,0.00045179
3d6,a 3F,2.0,5.0,2.709933,3d5.(a 2F).4p,3F*,3.0,7.0,16.960654,14.250721,87.00205,34000000.0,0.0054016,0.027008,0.00014336
3d6,a 3F,2.0,5.0,2.709933,3d5.(2H).4p,3G*,3.0,7.0,17.133123,14.42319,85.9617,180000000.0,0.027917,0.13959,0.00074092
3d6,a 3F,2.0,5.0,2.709933,3d5.(4F).4p,3G*,3.0,7.0,17.318159,14.608226,84.87286,190000000.0,0.028726,0.14363,0.00076239
3d6,a 3F,2.0,5.0,2.709933,3d5.(a 2G).4p,3F*,3.0,7.0,17.443756,14.733823,84.14937,26000000.0,0.0038642,0.019321,0.00010256
3d6,a 3F,2.0,5.0,2.709933,3d5.(a 2G).4p,3F*,2.0,5.0,17.450883,14.74095,84.10869,320000000.0,0.033938,0.16969,0.00090072
3d6,a 3F,2.0,5.0,2.709933,3d5.(b 2F).4p,3F*,2.0,5.0,17.915937,15.206004,81.53634,230000000.0,0.022924,0.11462,0.0006084
3d6,a 3F,2.0,5.0,2.709933,3d5.(b 2F).4p,3D*,1.0,3.0,18.294648,15.584715,79.555,120000000.0,0.0068317,0.034158,0.00018131
3d6,a 3F,2.0,5.0,2.709933,3d5.(b 2D).4p,3D*,1.0,3.0,19.621423,16.91149,73.31359,140000000.0,0.0067687,0.033844,0.00017964
3d6,3G,5.0,11.0,3.044858,3d6,b 3F,4.0,9.0,6.233453,3.188595,388.83646,0.76,1.4095e-09,1.5504e-08,3.7407e-11
3d6,3G,5.0,11.0,3.044858,3d6,b 1G,4.0,9.0,7.094525,4.049667,306.159,0.17,1.9546e-10,2.15e-09,5.1874e-12
3d6,3G,5.0,11.0,3.044858,3d5.(4G).4s,3G,5.0,11.0,8.764989,5.720131,216.75063,19.0,1.3382e-08,1.4721e-07,3.5517e-10
3d6,3G,5.0,11.0,3.044858,3d5.(4D).4s,3D,3.0,7.0,9.541454,6.496596,190.84486,52.0,1.8069e-08,1.9876e-07,4.7955e-10
3d6,3G,5.0,11.0,3.044858,3d5.(2I).4s,3I,7.0,15.0,9.898941,6.854083,180.89101,25.0,1.6724e-08,1.8396e-07,4.4385e-10
3d6,3G,5.0,11.0,3.044858,3d5.(2I).4s,3I,6.0,13.0,9.899523,6.854665,180.87565,3.7,2.1447e-09,2.3592e-08,5.6921e-11
3d6,3G,5.0,11.0,3.044858,3d5.(a 2D).4s,3D,3.0,7.0,10.2142,7.169342,172.93665,8.4,2.3967e-09,2.6364e-08,6.3609e-11
3d6,3G,5.0,11.0,3.044858,3d5.(a 2F).4s,3F,4.0,9.0,10.434482,7.389624,167.78147,30.0,1.0359e-08,1.1395e-07,2.7493e-10
3d6,3G,5.0,11.0,3.044858,3d5.(2H).4s,3H,5.0,11.0,10.996761,7.951903,155.91764,18.0,6.5603e-09,7.2163e-08,1.7411e-10
3d6,3G,5.0,11.0,3.044858,3d5.(2H).4s,3H,6.0,13.0,11.025083,7.980225,155.36429,33.0,1.4113e-08,1.5525e-07,3.7457e-10
3d6,3G,5.0,11.0,3.044858,3d5.(a 2G).4s,3G,4.0,9.0,11.13177,8.086912,153.31464,41.0,1.1821e-08,1.3003e-07,3.1373e-10
3d6,3G,5.0,11.0,3.044858,3d5.(a 2G).4s,3G,5.0,11.0,11.147182,8.102324,153.02301,71.0,2.4925e-08,2.7417e-07,6.615e-10
3d6,3G,5.0,11.0,3.044858,3d5.(4F).4s,3F,4.0,9.0,11.217174,8.172316,151.71244,42.0,1.1858e-08,1.3043e-07,3.147e-10
3d6,3G,5.0,11.0,3.044858,3d5.(4F).4s,3F,3.0,7.0,11.218609,8.173751,151.6858,20.0,4.3902e-09,4.8292e-08,1.1652e-10
3d6,3G,5.0,11.0,3.044858,3d5.(b 2D).4s,3D,3.0,7.0,13.133553,10.088695,122.89419,130.0,1.8731e-08,2.0605e-07,4.9713e-10
3d6,3G,5.0,11.0,3.044858,3d5.(b 2G).4s,3G,5.0,11.0,14.174554,11.129696,111.39945,150.0,2.7907e-08,3.0698e-07,7.4066e-10
3d6,3G,5.0,11.0,3.044858,3d5.(b 2G).4s,3G,4.0,9.0,14.176385,11.131527,111.38112,43.0,6.5434e-09,7.1977e-08,1.7366e-10
3d6,3G,5.0,11.0,3.044858,3d5.(4G).4p,3F*,4.0,9.0,14.673582,11.628724,106.61892,80000000.0,0.011155,0.1227,0.00029605
3d6,3G,5.0,11.0,3.044858,3d5.(4G).4p,3H*,6.0,13.0,14.674175,11.629317,106.61348,50000000.0,0.010069,0.11076,0.00026724
3d6,3G,5.0,11.0,3.044858,3d5.(4G).4p,3G*,5.0,11.0,15.119846,12.074988,102.67853,160000000.0,0.025289,0.27818,0.00067118
3d6,3G,5.0,11.0,3.044858,3d5.(4D).4p,3F*,4.0,9.0,15.553039,12.508181,99.12249,370000000.0,0.044592,0.49051,0.0011835
3d6,3G,5.0,11.0,3.044858,3d5.(2I).4p,3H*,6.0,13.0,16.398479,13.353621,92.84688,270000000.0,0.041239,0.45363,0.0010945
3d6,3G,5.0,11.0,3.044858,3d5.(2I).4p,3H*,5.0,11.0,16.435954,13.391096,92.58704,20000000.0,0.0025703,0.028274,6.8217e-05
3d6,3G,5.0,11.0,3.044858,3d5.(a 2F).4p,1G*,4.0,9.0,16.658568,13.61371,91.07304,18000000.0,0.0018313,0.020144,4.8603e-05
3d6,3G,5.0,11.0,3.044858,3d5.(a 2F).4p,3G*,5.0,11.0,16.777125,13.732267,90.28677,70000000.0,0.0085547,0.094102,0.00022704
3d6,3G,5.0,11.0,3.044858,3d5.(a 2F).4p,3G*,4.0,9.0,16.806602,13.761744,90.09338,90000000.0,0.0089606,0.098567,0.00023781
3d6,3G,5.0,11.0,3.044858,3d5.(4F).4p,5G*,5.0,11.0,16.829048,13.78419,89.94667,34000000.0,0.0041239,0.045363,0.00010945
3d6,3G,5.0,11.0,3.044858,3d5.(a 2F).4p,3F*,4.0,9.0,16.937833,13.892975,89.24237,160000000.0,0.01563,0.17193,0.00041483
3d6,3G,5.0,11.0,3.044858,3d5.(2H).4p,3G*,5.0,11.0,17.116589,14.071731,88.1087,490000000.0,0.057029,0.62732,0.0015135
3d6,3G,5.0,11.0,3.044858,3d5.(c 2D).4s,3D,3.0,7.0,17.215567,14.170709,87.49329,78.0,5.6965e-09,6.2662e-08,1.5119e-10
3d6,3G,5.0,11.0,3.044858,3d5.(2H).4p,1I*,6.0,13.0,17.548634,14.503776,85.48408,17000000.0,0.002201,0.024212,5.8416e-05
3d6,3G,5.0,11.0,3.044858,3d5.(a 2G).4p,3H*,6.0,13.0,17.769521,14.724663,84.20172,200000000.0,0.025124,0.27636,0.00066678
3d6,3G,5.0,11.0,3.044858,3d5.(a 2G).4p,3G*,5.0,11.0,17.839313,14.794455,83.80451,260000000.0,0.027376,0.30113,0.00072656
3d6,3G,5.0,11.0,3.044858,3d5.(a 2G).4p,3G*,4.0,9.0,17.864385,14.819527,83.66272,90000000.0,0.0077271,0.084998,0.00020508
3d6,3G,5.0,11.0,3.044858,3d5.(b 2F).4p,3F*,4.0,9.0,17.973792,14.928934,83.0496,28000000.0,0.0023689,0.026058,6.287e-05
3d6,3G,5.0,11.0,3.044858,3d5.(b 2D).4p,3F*,4.0,9.0,19.659249,16.614391,74.62458,180000000.0,0.012295,0.13525,0.00032632
3d6,3G,5.0,11.0,3.044858,3d5.(b 2G).4p,3F*,4.0,9.0,20.608944,17.564086,70.58961,100000000.0,0.0061121,0.067233,0.00016222
3d6,3G,5.0,11.0,3.044858,3d5.(b 2G).4p,3G*,4.0,9.0,20.731069,17.686211,70.10218,80000000.0,0.0048224,0.053046,0.00012799
3d6,3G,5.0,11.0,3.044858,3d5.(b 2G).4p,3G*,5.0,11.0,20.742408,17.69755,70.05727,170000000.0,0.012509,0.1376,0.00033198
3d6,3G,4.0,9.0,3.092305,3d6,1F,3.0,7.0,5.31846,2.226155,556.94324,0.095,3.4361e-10,3.0925e-09,9.1193e-12
3d6,3G,4.0,9.0,3.092305,3d6,b 3F,3.0,7.0,6.235798,3.143493,394.41538,0.58,1.0521e-09,9.4688e-09,2.7922e-11
3d6,3G,4.0,9.0,3.092305,3d5.(4G).4s,3G,5.0,11.0,8.764989,5.672684,218.56356,4.1,3.5888e-09,3.2299e-08,9.5247e-11
3d6,3G,4.0,9.0,3.092305,3d5.(4G).4s,3G,4.0,9.0,8.769293,5.676988,218.39785,12.0,8.581e-09,7.7229e-08,2.2774e-10
3d6,3G,4.0,9.0,3.092305,3d6,b 1D,2.0,5.0,9.552322,6.460017,191.9255,2.6,7.9767e-10,7.1791e-09,2.117e-11
3d6,3G,4.0,9.0,3.092305,3d5.(4D).4s,3D,2.0,5.0,9.559511,6.467206,191.71215,50.0,1.5306e-08,1.3775e-07,4.0622e-10
3d6,3G,4.0,9.0,3.092305,3d5.(2I).4s,3I,6.0,13.0,9.899523,6.807218,182.13637,22.0,1.5804e-08,1.4224e-07,4.1945e-10
3d6,3G,4.0,9.0,3.092305,3d5.(2I).4s,3I,5.0,11.0,9.901471,6.809166,182.08426,3.5,2.1263e-09,1.9137e-08,5.6432e-11
3d6,3G,4.0,9.0,3.092305,3d5.(a 2F).4s,3F,4.0,9.0,10.434482,7.342177,168.86572,6.6,2.8215e-09,2.5394e-08,7.4884e-11
3d6,3G,4.0,9.0,3.092305,3d5.(a 2F).4s,3F,3.0,7.0,10.498,7.405695,167.41737,28.0,9.1511e-09,8.236e-08,2.4287e-10
3d6,3G,4.0,9.0,3.092305,3d5.(2H).4s,3H,4.0,9.0,10.992945,7.90064,156.92931,14.0,5.1689e-09,4.652e-08,1.3718e-10
3d6,3G,4.0,9.0,3.092305,3d5.(2H).4s,3H,5.0,11.0,10.996761,7.904456,156.85355,19.0,8.5655e-09,7.7089e-08,2.2733e-10
3d6,3G,4.0,9.0,3.092305,3d5.(a 2G).4s,3G,3.0,7.0,11.121102,8.028797,154.42438,36.0,1.001e-08,9.0093e-08,2.6567e-10
3d6,3G,4.0,9.0,3.092305,3d5.(a 2G).4s,3G,4.0,9.0,11.13177,8.039465,154.21946,33.0,1.1767e-08,1.059e-07,3.1229e-10
3d6,3G,4.0,9.0,3.092305,3d5.(a 2G).4s,3G,5.0,11.0,11.147182,8.054877,153.92438,18.0,7.8144e-09,7.033e-08,2.0739e-10
3d6,3G,4.0,9.0,3.092305,3d5.(4F).4s,3F,2.0,5.0,11.21112,8.118815,152.71219,25.0,4.856e-09,4.3704e-08,1.2888e-10
3d6,3G,4.0,9.0,3.092305,3d5.(4F).4s,3F,4.0,9.0,11.217174,8.124869,152.5984,51.0,1.7804e-08,1.6024e-07,4.7253e-10
3d6,3G,4.0,9.0,3.092305,3d5.(4F).4s,3F,3.0,7.0,11.218609,8.126304,152.57145,32.0,8.6858e-09,7.8173e-08,2.3052e-10
3d6,3G,4.0,9.0,3.092305,3d5.(b 2D).4s,3D,2.0,5.0,13.130704,10.038399,123.50993,140.0,1.7788e-08,1.6009e-07,4.7208e-10
3d6,3G,4.0,9.0,3.092305,3d5.(b 2G).4s,3G,5.0,11.0,14.174554,11.082249,111.87639,28.0,6.4216e-09,5.7795e-08,1.7043e-10
3d6,3G,4.0,9.0,3.092305,3d5.(b 2G).4s,3G,4.0,9.0,14.176385,11.08408,111.85791,120.0,2.251e-08,2.0259e-07,5.9741e-10
3d6,3G,4.0,9.0,3.092305,3d5.(b 2G).4s,3G,3.0,7.0,14.177867,11.085562,111.84295,49.0,7.1471e-09,6.4324e-08,1.8968e-10
3d6,3G,4.0,9.0,3.092305,3d5.(4G).4p,3F*,4.0,9.0,14.673582,11.581277,107.05572,12000000.0,0.0020619,0.018557,5.4722e-05
3d6,3G,4.0,9.0,3.092305,3d5.(4G).4p,3H*,5.0,11.0,14.699234,11.606929,106.81912,50000000.0,0.010454,0.094085,0.00027745
3d6,3G,4.0,9.0,3.092305,3d5.(4D).4p,3F*,3.0,7.0,15.57714,12.484835,99.30784,460000000.0,0.052898,0.47608,0.0014039
3d6,3G,4.0,9.0,3.092305,3d5.(2I).4p,1H*,5.0,11.0,16.330049,13.237744,93.65961,22000000.0,0.0035362,0.031826,9.3851e-05
3d6,3G,4.0,9.0,3.092305,3d5.(a 2F).4p,1G*,4.0,9.0,16.658568,13.566263,91.39156,50000000.0,0.006261,0.056349,0.00016617
3d6,3G,4.0,9.0,3.092305,3d5.(a 2F).4p,3F*,3.0,7.0,16.960654,13.868349,89.40084,190000000.0,0.017707,0.15937,0.00046995
3d6,3G,4.0,9.0,3.092305,3d5.(2H).4p,3G*,4.0,9.0,17.12261,14.030305,88.36885,410000000.0,0.048,0.432,0.0012739
3d6,3G,4.0,9.0,3.092305,3d5.(2H).4p,3G*,3.0,7.0,17.133123,14.040818,88.30269,24000000.0,0.0021821,0.019639,5.7913e-05
3d6,3G,4.0,9.0,3.092305,3d5.(c 2D).4s,3D,2.0,5.0,17.219074,14.126769,87.76543,82.0,5.2608e-09,4.7347e-08,1.3962e-10
3d6,3G,4.0,9.0,3.092305,3d5.(4F).4p,3G*,4.0,9.0,17.31132,14.219015,87.19605,90000000.0,0.010259,0.092329,0.00027227
3d6,3G,4.0,9.0,3.092305,3d5.(4F).4p,3F*,4.0,9.0,17.611581,14.519276,85.39282,90000000.0,0.0098389,0.08855,0.00026112
3d6,3G,4.0,9.0,3.092305,3d5.(a 2G).4p,3H*,4.0,9.0,17.711821,14.619516,84.80732,27000000.0,0.0029113,0.026202,7.7266e-05
3d6,3G,4.0,9.0,3.092305,3d5.(a 2G).4p,3H*,5.0,11.0,17.71837,14.626065,84.76935,140000000.0,0.018434,0.1659,0.00048923
3d6,3G,4.0,9.0,3.092305,3d5.(a 2G).4p,3G*,4.0,9.0,17.864385,14.77208,83.93144,220000000.0,0.023234,0.20911,0.00061664
3d6,3G,4.0,9.0,3.092305,3d5.(a 2G).4p,3G*,3.0,7.0,17.868165,14.77586,83.90997,100000000.0,0.00821,0.07389,0.00021789
3d6,3G,4.0,9.0,3.092305,3d5.(b 2F).4p,3F*,3.0,7.0,17.924464,14.832159,83.59147,60000000.0,0.0048887,0.043998,0.00012975
3d6,3G,4.0,9.0,3.092305,3d5.(a 2G).4p,1F*,3.0,7.0,17.982497,14.890192,83.26568,34000000.0,0.0027487,0.024738,7.295e-05
3d6,3G,4.0,9.0,3.092305,3d5.(b 2D).4p,3F*,3.0,7.0,19.587268,16.494963,75.16488,130000000.0,0.0085642,0.077078,0.00022729
3d6,3G,4.0,9.0,3.092305,3d5.(b 2D).4p,3D*,3.0,7.0,19.679929,16.587624,74.745,60000000.0,0.0039087,0.035178,0.00010374
3d6,3G,4.0,9.0,3.092305,3d5.(b 2G).4p,3F*,4.0,9.0,20.608944,17.516639,70.78081,60000000.0,0.0045065,0.040559,0.0001196
3d6,3G,4.0,9.0,3.092305,3d5.(b 2G).4p,3G*,3.0,7.0,20.715974,17.623669,70.35096,160000000.0,0.0092337,0.083103,0.00024506
3d6,3G,4.0,9.0,3.092305,3d5.(b 2G).4p,3G*,4.0,9.0,20.731069,17.638764,70.29075,120000000.0,0.0088887,0.079998,0.00023591
3d6,3G,3.0,7.0,3.117226,3d6,1F,3.0,7.0,5.31846,2.201234,563.24861,0.048,2.283e-10,1.5981e-09,6.059e-12
3d6,3G,3.0,7.0,3.117226,3d6,b 3F,2.0,5.0,6.222143,3.104917,399.31566,0.69,1.1782e-09,8.2473e-09,3.1269e-11
3d6,3G,3.0,7.0,3.117226,3d6,b 3F,3.0,7.0,6.235798,3.118572,397.56721,0.19,4.5023e-10,3.1516e-09,1.1949e-11
3d6,3G,3.0,7.0,3.117226,3d6,b 1G,4.0,9.0,7.094525,3.977299,311.72964,0.17,3.1843e-10,2.229e-09,8.451e-12
3d6,3G,3.0,7.0,3.117226,3d5.(4G).4s,3G,3.0,7.0,8.768839,5.651613,219.37843,12.0,8.6582e-09,6.0608e-08,2.2979e-10
3d6,3G,3.0,7.0,3.117226,3d5.(4G).4s,3G,4.0,9.0,8.769293,5.652067,219.36081,3.9,3.6173e-09,2.5321e-08,9.6004e-11
3d6,3G,3.0,7.0,3.117226,3d5.(4D).4s,3D,1.0,3.0,9.556164,6.438938,192.5538,62.0,1.477e-08,1.0339e-07,3.9199e-10
3d6,3G,3.0,7.0,3.117226,3d5.(4D).4s,3D,2.0,5.0,9.559511,6.442285,192.45376,7.0,2.7764e-09,1.9435e-08,7.3686e-11
3d6,3G,3.0,7.0,3.117226,3d5.(2I).4s,3I,5.0,11.0,9.901471,6.784245,182.75313,23.0,1.8097e-08,1.2668e-07,4.803e-10
3d6,3G,3.0,7.0,3.117226,3d5.(a 2F).4s,3F,2.0,5.0,10.460565,7.343339,168.839,22.0,6.7158e-09,4.7011e-08,1.7824e-10
3d6,3G,3.0,7.0,3.117226,3d5.(a 2F).4s,3F,3.0,7.0,10.498,7.380774,167.98265,7.0,2.9613e-09,2.0729e-08,7.8594e-11
3d6,3G,3.0,7.0,3.117226,3d5.(a 2D).4s,1D,2.0,5.0,10.767674,7.650448,162.06136,8.5,2.3906e-09,1.6734e-08,6.3447e-11
3d6,3G,3.0,7.0,3.117226,3d5.(2H).4s,3H,4.0,9.0,10.992945,7.875719,157.42588,16.0,7.6432e-09,5.3503e-08,2.0285e-10
3d6,3G,3.0,7.0,3.117226,3d5.(a 2G).4s,3G,3.0,7.0,11.121102,8.003876,154.9052,59.0,2.1225e-08,1.4857e-07,5.6331e-10
3d6,3G,3.0,7.0,3.117226,3d5.(a 2G).4s,3G,4.0,9.0,11.13177,8.014544,154.69901,16.0,7.3807e-09,5.1665e-08,1.9588e-10
3d6,3G,3.0,7.0,3.117226,3d5.(4F).4s,3F,2.0,5.0,11.21112,8.093894,153.18238,64.0,1.6082e-08,1.1257e-07,4.2681e-10
3d6,3G,3.0,7.0,3.117226,3d5.(4F).4s,3F,3.0,7.0,11.218609,8.101383,153.04078,48.0,1.6854e-08,1.1798e-07,4.4732e-10
3d6,3G,3.0,7.0,3.117226,3d5.(b 2D).4s,3D,1.0,3.0,13.129349,10.012123,123.83407,170.0,1.675e-08,1.1725e-07,4.4454e-10
3d6,3G,3.0,7.0,3.117226,3d5.(b 2D).4s,3D,2.0,5.0,13.130704,10.013478,123.81732,15.0,2.4626e-09,1.7238e-08,6.5356e-11
3d6,3G,3.0,7.0,3.117226,3d5.(b 2G).4s,3G,4.0,9.0,14.176385,11.059159,112.10997,33.0,7.9948e-09,5.5963e-08,2.1218e-10
3d6,3G,3.0,7.0,3.117226,3d5.(b 2G).4s,3G,3.0,7.0,14.177867,11.060641,112.09495,150.0,2.8257e-08,1.978e-07,7.4994e-10
3d6,3G,3.0,7.0,3.117226,3d5.(4G).4p,3F*,2.0,5.0,14.650432,11.533206,107.50194,70000000.0,0.0086629,0.06064,0.00022991
3d6,3G,3.0,7.0,3.117226,3d5.(4G).4p,3H*,4.0,9.0,14.715239,11.598013,106.90124,44000000.0,0.0096922,0.067845,0.00025723
3d6,3G,3.0,7.0,3.117226,3d5.(4D).4p,3F*,3.0,7.0,15.57714,12.459914,99.50646,23000000.0,0.0034142,0.023899,9.0613e-05
3d6,3G,3.0,7.0,3.117226,3d5.(4D).4p,3F*,2.0,5.0,15.581472,12.464246,99.47188,380000000.0,0.040264,0.28185,0.0010686
3d6,3G,3.0,7.0,3.117226,3d5.(2I).4p,3H*,4.0,9.0,16.447679,13.330453,93.00824,280000000.0,0.046688,0.32682,0.0012391
3d6,3G,3.0,7.0,3.117226,3d5.(a 2D).4p,1F*,3.0,7.0,16.886657,13.769431,90.04308,60000000.0,0.0072931,0.051052,0.00019356
3d6,3G,3.0,7.0,3.117226,3d5.(a 2F).4p,3F*,2.0,5.0,16.96027,13.843044,89.56426,130000000.0,0.011167,0.07817,0.00029638
3d6,3G,3.0,7.0,3.117226,3d5.(2H).4p,3G*,3.0,7.0,17.133123,14.015897,88.4597,410000000.0,0.048099,0.33669,0.0012765
3d6,3G,3.0,7.0,3.117226,3d5.(c 2D).4s,3D,1.0,3.0,17.223209,14.105983,87.89476,100.0,4.9637e-09,3.4746e-08,1.3174e-10
3d6,3G,3.0,7.0,3.117226,3d5.(4F).4p,3G*,3.0,7.0,17.318159,14.200933,87.30708,90000000.0,0.010285,0.071994,0.00027296
3d6,3G,3.0,7.0,3.117226,3d5.(a 2F).4p,1D*,2.0,5.0,17.32859,14.211364,87.243,38000000.0,0.0030973,0.021681,8.2201e-05
3d6,3G,3.0,7.0,3.117226,3d5.(4F).4p,3F*,3.0,7.0,17.644537,14.527311,85.34559,90000000.0,0.009828,0.068796,0.00026083
3d6,3G,3.0,7.0,3.117226,3d5.(4F).4p,3F*,2.0,5.0,17.672069,14.554843,85.18415,600000000.0,0.046623,0.32636,0.0012374
3d6,3G,3.0,7.0,3.117226,3d5.(a 2G).4p,3H*,4.0,9.0,17.711821,14.594595,84.95213,150000000.0,0.020866,0.14606,0.00055379
3d6,3G,3.0,7.0,3.117226,3d5.(a 2G).4p,3G*,4.0,9.0,17.864385,14.747159,84.07328,50000000.0,0.0068122,0.047686,0.0001808
3d6,3G,3.0,7.0,3.117226,3d5.(a 2G).4p,3G*,3.0,7.0,17.868165,14.750939,84.05173,280000000.0,0.029656,0.20759,0.00078707
3d6,3G,3.0,7.0,3.117226,3d5.(b 2F).4p,3F*,2.0,5.0,17.915937,14.798711,83.7804,160000000.0,0.012026,0.084185,0.00031918
3d6,3G,3.0,7.0,3.117226,3d5.(b 2D).4p,3F*,2.0,5.0,19.55035,16.433124,75.44773,170000000.0,0.010363,0.072539,0.00027503
3d6,3G,3.0,7.0,3.117226,3d5.(b 2G).4p,3F*,3.0,7.0,20.643111,17.525885,70.74347,150000000.0,0.011254,0.078781,0.00029869
3d6,3G,3.0,7.0,3.117226,3d5.(b 2G).4p,3F*,2.0,5.0,20.705654,17.588428,70.49192,180000000.0,0.0095782,0.067047,0.0002542
3d5.(6S).4s,7S,3.0,7.0,3.730646,3d5.(6S).4p,7P*,2.0,5.0,10.166967,6.436321,192.63209,640000000.0,0.25431,1.7802,0.0067495
3d5.(6S).4s,7S,3.0,7.0,3.730646,3d5.(6S).4p,7P*,3.0,7.0,10.208168,6.477522,191.40683,590000000.0,0.32406,2.2684,0.0086006
3d5.(6S).4s,7S,3.0,7.0,3.730646,3d5.(6S).4p,7P*,4.0,9.0,10.271718,6.541072,189.54722,674000000.0,0.46677,3.2674,0.012388
3d5.(6S).4s,7S,3.0,7.0,3.730646,3d5.(6S).4p,5P*,3.0,7.0,11.045157,7.314511,169.50443,7000000.0,0.0030152,0.021107,8.0024e-05
3d5.(6S).4s,7S,3.0,7.0,3.730646,3d4.(5D).4s.4p.(3P*),7P*,2.0,5.0,23.15298,19.422334,63.83589,2300000000.0,0.10037,0.70257,0.0026637
3d5.(6S).4s,7S,3.0,7.0,3.730646,3d4.(5D).4s.4p.(3P*),7P*,3.0,7.0,23.1717,19.441054,63.77442,2300000000.0,0.14024,0.9817,0.003722
3d5.(6S).4s,7S,3.0,7.0,3.730646,3d4.(5D).4s.4p.(3P*),7P*,4.0,9.0,23.19636,19.465714,63.69363,2300000000.0,0.17986,1.259,0.0047734
3d6,1I,6.0,13.0,3.763649,3d6,b 1G,4.0,9.0,7.094525,3.330876,372.227,1.7,2.4447e-09,3.1781e-08,6.4882e-11
3d6,1I,6.0,13.0,3.763649,3d5.(2I).4s,1I,6.0,13.0,10.343984,6.580335,188.41624,120.0,6.3867e-08,8.3027e-07,1.695e-09
3d6,1I,6.0,13.0,3.763649,3d5.(2H).4s,1H,5.0,11.0,11.471505,7.707856,160.85433,140.0,4.5952e-08,5.9737e-07,1.2196e-09
3d6,1I,6.0,13.0,3.763649,3d5.(b 2F).4s,3F,4.0,9.0,11.578732,7.815083,158.64732,21.0,5.4858e-09,7.1316e-08,1.4559e-10
3d6,1I,6.0,13.0,3.763649,3d5.(a 2G).4s,1G,4.0,9.0,11.594098,7.830449,158.336,85.0,2.2118e-08,2.8753e-07,5.87e-10
3d6,1I,6.0,13.0,3.763649,3d5.(b 2G).4s,1G,4.0,9.0,14.623957,10.860308,114.16269,410.0,5.5461e-08,7.21e-07,1.4719e-09
3d6,1I,6.0,13.0,3.763649,3d5.(2I).4p,1H*,5.0,11.0,16.330049,12.5664,98.66326,70000000.0,0.0086441,0.11237,0.00022941
3d6,1I,6.0,13.0,3.763649,3d5.(2I).4p,1K*,7.0,15.0,16.36489,12.601241,98.39047,170000000.0,0.028468,0.37009,0.00075555
3d6,1I,6.0,13.0,3.763649,3d5.(2I).4p,1I*,6.0,13.0,16.81004,13.046391,95.03333,750000000.0,0.10155,1.3201,0.0026951
3d6,1I,6.0,13.0,3.763649,3d5.(2H).4p,3I*,6.0,13.0,17.338718,13.575069,91.33228,11000000.0,0.0013756,0.017883,3.6509e-05
3d6,1I,6.0,13.0,3.763649,3d5.(2H).4p,1I*,6.0,13.0,17.548634,13.784985,89.94148,520000000.0,0.063064,0.81983,0.0016737
3d6,1I,6.0,13.0,3.763649,3d5.(a 2G).4p,3H*,6.0,13.0,17.769521,14.005872,88.52301,16000000.0,0.0018797,0.024436,4.9888e-05
3d6,1I,6.0,13.0,3.763649,3d5.(a 2G).4p,1H*,5.0,11.0,17.926474,14.162825,87.542,580000000.0,0.056386,0.73302,0.0014965
3d6,1I,6.0,13.0,3.763649,3d5.(2H).4p,1H*,5.0,11.0,17.958243,14.194594,87.34607,1100000000.0,0.10646,1.384,0.0028255
3d6,3D,2.0,5.0,3.808296,3d6,1F,3.0,7.0,5.31846,1.510164,820.99824,0.032,4.5271e-10,2.2636e-09,1.2015e-11
3d6,3D,2.0,5.0,3.808296,3d6,b 3P,0.0,1.0,6.093771,2.285475,542.48766,0.28,2.4707e-10,1.2354e-09,6.5573e-12
3d6,3D,2.0,5.0,3.808296,3d6,b 3F,2.0,5.0,6.222143,2.413847,513.63735,0.161,6.3679e-10,3.184e-09,1.6901e-11
3d6,3D,2.0,5.0,3.808296,3d6,b 3P,2.0,5.0,6.250285,2.441989,507.71809,0.17,6.5698e-10,3.2849e-09,1.7436e-11
3d6,3D,2.0,5.0,3.808296,3d5.(4P).4s,3P,2.0,5.0,9.141113,5.332817,232.49288,4.8,3.8897e-09,1.9449e-08,1.0323e-10
3d6,3D,2.0,5.0,3.808296,3d5.(4P).4s,3P,0.0,1.0,9.166938,5.358642,231.37242,12.0,1.9262e-09,9.6308e-09,5.112e-11
3d6,3D,2.0,5.0,3.808296,3d5.(4D).4s,3D,3.0,7.0,9.541454,5.733158,216.25812,6.8,6.6748e-09,3.3374e-08,1.7715e-10
3d6,3D,2.0,5.0,3.808296,3d5.(4D).4s,3D,1.0,3.0,9.556164,5.747868,215.70467,15.0,6.278e-09,3.139e-08,1.6662e-10
3d6,3D,2.0,5.0,3.808296,3d5.(a 2G).4s,3G,4.0,9.0,11.13177,7.323474,169.29697,10.0,7.7345e-09,3.8672e-08,2.0527e-10
3d6,3D,2.0,5.0,3.808296,3d5.(4F).4s,3F,3.0,7.0,11.218609,7.410313,167.31304,9.0,5.288e-09,2.644e-08,1.4034e-10
3d6,3D,2.0,5.0,3.808296,3d5.(b 2F).4s,3F,3.0,7.0,11.5792,7.770904,159.54926,27.0,1.4426e-08,7.2129e-08,3.8286e-10
3d6,3D,2.0,5.0,3.808296,3d5.(b 2F).4s,3F,2.0,5.0,11.581745,7.773449,159.49702,23.0,8.7719e-09,4.3859e-08,2.3281e-10
3d6,3D,2.0,5.0,3.808296,3d5.(2S).4s,3S,1.0,3.0,12.232626,8.42433,147.17396,86.0,1.6756e-08,8.378e-08,4.4471e-10
3d6,3D,2.0,5.0,3.808296,3d5.(b 2D).4s,3D,1.0,3.0,13.129349,9.321053,133.01523,71.0,1.13e-08,5.6499e-08,2.999e-10
3d6,3D,2.0,5.0,3.808296,3d5.(b 2D).4s,3D,2.0,5.0,13.130704,9.322408,132.99589,30.0,7.9553e-09,3.9777e-08,2.1113e-10
3d6,3D,2.0,5.0,3.808296,3d5.(b 2D).4s,3D,3.0,7.0,13.133553,9.325257,132.95526,39.0,1.447e-08,7.2349e-08,3.8403e-10
3d6,3D,2.0,5.0,3.808296,3d5.(b 2G).4s,3G,4.0,9.0,14.176385,10.368089,119.5825,71.0,2.7398e-08,1.3699e-07,7.2715e-10
3d6,3D,2.0,5.0,3.808296,3d5.(4D).4p,3D*,3.0,7.0,15.479937,11.671641,106.22688,23000000.0,0.0054473,0.027237,0.00014457
3d6,3D,2.0,5.0,3.808296,3d5.(4D).4p,3D*,2.0,5.0,15.486133,11.677837,106.17052,160000000.0,0.027039,0.13519,0.00071761
3d6,3D,2.0,5.0,3.808296,3d5.(4D).4p,3D*,1.0,3.0,15.492457,11.684161,106.11305,50000000.0,0.0050643,0.025321,0.00013441
3d6,3D,2.0,5.0,3.808296,3d5.(2P).4s,3P,2.0,5.0,16.224221,12.415925,99.85901,72.0,1.0764e-08,5.3819e-08,2.8567e-10
3d6,3D,2.0,5.0,3.808296,3d5.(2P).4s,3P,0.0,1.0,16.2257,12.417404,99.84712,210.0,6.2774e-09,3.1387e-08,1.666e-10
3d6,3D,2.0,5.0,3.808296,3d5.(a 2D).4p,3F*,3.0,7.0,16.375838,12.567542,98.65429,28000000.0,0.0057198,0.028599,0.0001518
3d6,3D,2.0,5.0,3.808296,3d5.(a 2D).4p,3D*,2.0,5.0,16.772455,12.964159,95.63613,31000000.0,0.0042507,0.021254,0.00011281
3d6,3D,2.0,5.0,3.808296,3d5.(c 2D).4s,3D,1.0,3.0,17.223209,13.414913,92.42266,47.0,3.6113e-09,1.8057e-08,9.5844e-11
3d6,3D,2.0,5.0,3.808296,3d5.(a 2G).4p,3F*,2.0,5.0,17.450883,13.642587,90.88027,33000000.0,0.0040861,0.020431,0.00010845
3d6,3D,2.0,5.0,3.808296,3d5.(4F).4p,3F*,3.0,7.0,17.644537,13.836241,89.6083,28000000.0,0.0047189,0.023595,0.00012524
3d6,3D,2.0,5.0,3.808296,3d5.(b 2F).4p,3F*,3.0,7.0,17.924464,14.116168,87.83134,80000000.0,0.012953,0.064766,0.00034378
3d6,3D,2.0,5.0,3.808296,3d5.(b 2F).4p,3D*,1.0,3.0,18.294648,14.486352,85.5869,300000000.0,0.019767,0.098836,0.00052462
3d6,3D,2.0,5.0,3.808296,3d5.(b 2F).4p,3D*,2.0,5.0,18.301874,14.493578,85.54423,410000000.0,0.044981,0.2249,0.0011938
3d6,3D,2.0,5.0,3.808296,3d5.(b 2F).4p,3D*,3.0,7.0,18.304501,14.496205,85.52873,70000000.0,0.010748,0.053738,0.00028524
3d6,3D,2.0,5.0,3.808296,3d5.(2S).4p,3P*,1.0,3.0,18.463134,14.654838,84.60291,500000000.0,0.032192,0.16096,0.00085438
3d6,3D,2.0,5.0,3.808296,3d5.(2S).4p,3P*,2.0,5.0,18.538787,14.730491,84.16841,200000000.0,0.021242,0.10621,0.00056375
3d6,3D,2.0,5.0,3.808296,3d5.(b 2D).4p,3F*,3.0,7.0,19.587268,15.778972,78.57559,90000000.0,0.011663,0.058314,0.00030953
3d6,3D,2.0,5.0,3.808296,3d5.(b 2D).4p,3D*,2.0,5.0,19.64117,15.832874,78.30808,170000000.0,0.015629,0.078143,0.00041478
3d6,3D,2.0,5.0,3.808296,3d5.(b 2G).4p,3F*,3.0,7.0,20.643111,16.834815,73.6475,100000000.0,0.011384,0.056921,0.00030214
3d6,3D,2.0,5.0,3.808296,3d5.(b 2G).4p,3G*,3.0,7.0,20.715974,16.907678,73.33012,90000000.0,0.010158,0.050788,0.00026959
3d6,3D,1.0,3.0,3.809472,3d6,a 1D,2.0,5.0,4.439007,0.629535,1969.4568,0.034,3.2952e-09,9.8856e-09,8.7454e-11
3d6,3D,1.0,3.0,3.809472,3d6,b 3P,0.0,1.0,6.093771,2.284299,542.76694,0.068,1.0011e-10,3.0033e-10,2.6569e-12
3d6,3D,1.0,3.0,3.809472,3d6,b 3P,1.0,3.0,6.146798,2.337326,530.45317,0.21,8.8588e-10,2.6576e-09,2.3511e-11
3d6,3D,1.0,3.0,3.809472,3d5.(4P).4s,3P,1.0,3.0,9.156152,5.34668,231.89007,6.7,5.4013e-09,1.6204e-08,1.4335e-10
3d6,3D,1.0,3.0,3.809472,3d5.(4D).4s,3D,1.0,3.0,9.556164,5.746692,215.74881,5.8,4.0475e-09,1.2142e-08,1.0742e-10
3d6,3D,1.0,3.0,3.809472,3d5.(4D).4s,3D,2.0,5.0,9.559511,5.750039,215.62323,6.5,7.5511e-09,2.2653e-08,2.0041e-10
3d6,3D,1.0,3.0,3.809472,3d5.(a 2G).4s,3G,3.0,7.0,11.121102,7.31163,169.57122,11.0,1.1065e-08,3.3194e-08,2.9365e-10
3d6,3D,1.0,3.0,3.809472,3d5.(4F).4s,3F,2.0,5.0,11.21112,7.401648,167.50891,11.0,7.7122e-09,2.3137e-08,2.0468e-10
3d6,3D,1.0,3.0,3.809472,3d5.(b 2F).4s,3F,3.0,7.0,11.5792,7.769728,159.57341,12.0,1.0689e-08,3.2067e-08,2.8369e-10
3d6,3D,1.0,3.0,3.809472,3d5.(b 2F).4s,3F,2.0,5.0,11.581745,7.772273,159.52116,28.0,1.7803e-08,5.341e-08,4.725e-10
3d6,3D,1.0,3.0,3.809472,3d5.(2S).4s,3S,1.0,3.0,12.232626,8.423154,147.19451,52.0,1.6891e-08,5.0672e-08,4.4828e-10
3d6,3D,1.0,3.0,3.809472,3d5.(b 2D).4s,3D,1.0,3.0,13.129349,9.319877,133.03201,44.0,1.1674e-08,3.5022e-08,3.0983e-10
3d6,3D,1.0,3.0,3.809472,3d5.(b 2D).4s,3D,2.0,5.0,13.130704,9.321232,133.01267,47.0,2.0777e-08,6.2332e-08,5.5143e-10
3d6,3D,1.0,3.0,3.809472,3d5.(b 2G).4s,3G,3.0,7.0,14.177867,10.368395,119.57897,63.0,3.1513e-08,9.4538e-08,8.3635e-10
3d6,3D,1.0,3.0,3.809472,3d5.(4G).4p,3F*,2.0,5.0,14.650432,10.84096,114.36644,80000000.0,0.026145,0.078436,0.0006939
3d6,3D,1.0,3.0,3.809472,3d5.(4D).4p,3D*,2.0,5.0,15.486133,11.676661,106.18121,27000000.0,0.0076062,0.022819,0.00020187
3d6,3D,1.0,3.0,3.809472,3d5.(4D).4p,3D*,1.0,3.0,15.492457,11.682985,106.12373,140000000.0,0.023638,0.070914,0.00062736
3d6,3D,1.0,3.0,3.809472,3d5.(2P).4s,3P,1.0,3.0,16.22483,12.415358,99.86357,100.0,1.4951e-08,4.4853e-08,3.968e-10
3d6,3D,1.0,3.0,3.809472,3d5.(a 2D).4p,1D*,2.0,5.0,16.297118,12.487646,99.28548,34000000.0,0.0083745,0.025123,0.00022226
3d6,3D,1.0,3.0,3.809472,3d5.(a 2D).4p,3P*,1.0,3.0,16.682001,12.872529,96.31689,50000000.0,0.006954,0.020862,0.00018456
3d6,3D,1.0,3.0,3.809472,3d5.(a 2G).4p,3F*,2.0,5.0,17.450883,13.641411,90.8881,180000000.0,0.037153,0.11146,0.00098604
3d6,3D,1.0,3.0,3.809472,3d5.(4F).4p,3D*,2.0,5.0,17.531264,13.721792,90.35569,50000000.0,0.0102,0.030599,0.0002707
3d6,3D,1.0,3.0,3.809472,3d5.(4F).4p,3F*,2.0,5.0,17.672069,13.862597,89.43793,30000000.0,0.0059962,0.017988,0.00015914
3d6,3D,1.0,3.0,3.809472,3d5.(b 2F).4p,3F*,2.0,5.0,17.915937,14.106465,87.89176,50000000.0,0.0096511,0.028953,0.00025614
3d6,3D,1.0,3.0,3.809472,3d5.(b 2F).4p,3D*,1.0,3.0,18.294648,14.485176,85.59385,410000000.0,0.045033,0.1351,0.0011952
3d6,3D,1.0,3.0,3.809472,3d5.(b 2F).4p,3D*,2.0,5.0,18.301874,14.492402,85.55117,90000000.0,0.016459,0.049377,0.00043682
3d6,3D,1.0,3.0,3.809472,3d5.(2S).4p,3P*,0.0,1.0,18.431678,14.622206,84.79172,900000000.0,0.032336,0.097008,0.0008582
3d6,3D,1.0,3.0,3.809472,3d5.(2S).4p,3P*,1.0,3.0,18.463134,14.653662,84.6097,330000000.0,0.035417,0.10625,0.00093997
3d6,3D,1.0,3.0,3.809472,3d5.(b 2D).4p,3F*,2.0,5.0,19.55035,15.740878,78.76575,100000000.0,0.015502,0.046506,0.00041142
3d6,3D,1.0,3.0,3.809472,3d5.(b 2D).4p,3D*,1.0,3.0,19.621423,15.811951,78.4117,180000000.0,0.016592,0.049775,0.00044035
3d6,3D,1.0,3.0,3.809472,3d5.(b 2G).4p,3F*,2.0,5.0,20.705654,16.896182,73.38001,170000000.0,0.022872,0.068617,0.00060703
3d6,3D,3.0,7.0,3.825866,3d6,a 1D,2.0,5.0,4.439007,0.613141,2022.1156,0.0331,1.4493e-09,1.0145e-08,3.8466e-11
3d6,3D,3.0,7.0,3.825866,3d6,1F,3.0,7.0,5.31846,1.492594,830.66258,0.056,5.7929e-10,4.055e-09,1.5374e-11
3d6,3D,3.0,7.0,3.825866,3d6,b 3P,1.0,3.0,6.146798,2.320932,534.20005,0.15,2.7503e-10,1.9252e-09,7.2993e-12
3d6,3D,3.0,7.0,3.825866,3d6,b 3F,3.0,7.0,6.235798,2.409932,514.47177,0.127,5.0395e-10,3.5276e-09,1.3375e-11
3d6,3D,3.0,7.0,3.825866,3d6,b 3P,2.0,5.0,6.250285,2.424419,511.39757,0.28,7.8416e-10,5.4891e-09,2.0812e-11
3d6,3D,3.0,7.0,3.825866,3d5.(4D).4s,3D,3.0,7.0,9.541454,5.715588,216.92291,17.0,1.1993e-08,8.3949e-08,3.1829e-10
3d6,3D,3.0,7.0,3.825866,3d6,b 1D,2.0,5.0,9.552322,5.726456,216.51122,1.05,5.2709e-10,3.6896e-09,1.3989e-11
3d6,3D,3.0,7.0,3.825866,3d5.(4D).4s,3D,2.0,5.0,9.559511,5.733645,216.23975,12.0,6.0087e-09,4.2061e-08,1.5947e-10
3d6,3D,3.0,7.0,3.825866,3d5.(a 2G).4s,3G,5.0,11.0,11.147182,7.321316,169.34687,10.0,6.7563e-09,4.7294e-08,1.7931e-10
3d6,3D,3.0,7.0,3.825866,3d5.(b 2F).4s,3F,4.0,9.0,11.578732,7.752866,159.92047,42.0,2.0704e-08,1.4493e-07,5.4949e-10
3d6,3D,3.0,7.0,3.825866,3d5.(b 2F).4s,3F,3.0,7.0,11.5792,7.753334,159.91082,21.0,8.0507e-09,5.6355e-08,2.1367e-10
3d6,3D,3.0,7.0,3.825866,3d5.(a 2G).4s,1G,4.0,9.0,11.594098,7.768232,159.60414,12.0,5.8921e-09,4.1245e-08,1.5638e-10
3d6,3D,3.0,7.0,3.825866,3d5.(2S).4s,3S,1.0,3.0,12.232626,8.40676,147.48155,120.0,1.677e-08,1.1739e-07,4.4508e-10
3d6,3D,3.0,7.0,3.825866,3d5.(b 2D).4s,3D,2.0,5.0,13.130704,9.304838,133.24703,49.0,9.3163e-09,6.5214e-08,2.4725e-10
3d6,3D,3.0,7.0,3.825866,3d5.(b 2D).4s,3D,3.0,7.0,13.133553,9.307687,133.20624,83.0,2.2079e-08,1.5456e-07,5.8599e-10
3d6,3D,3.0,7.0,3.825866,3d5.(b 2G).4s,3G,5.0,11.0,14.174554,10.348688,119.80668,90.0,3.0434e-08,2.1304e-07,8.0772e-10
3d6,3D,3.0,7.0,3.825866,3d5.(4G).4p,3F*,4.0,9.0,14.673582,10.847716,114.29521,90000000.0,0.022662,0.15864,0.00060146
3d6,3D,3.0,7.0,3.825866,3d5.(4D).4p,3D*,3.0,7.0,15.479937,11.654071,106.38703,260000000.0,0.044117,0.30882,0.0011709
3d6,3D,3.0,7.0,3.825866,3d5.(4D).4p,3D*,2.0,5.0,15.486133,11.660267,106.3305,38000000.0,0.0046008,0.032205,0.0001221
3d6,3D,3.0,7.0,3.825866,3d5.(4D).4p,3P*,2.0,5.0,15.983753,12.157887,101.97841,320000000.0,0.035637,0.24946,0.0009458
3d6,3D,3.0,7.0,3.825866,3d5.(2P).4s,3P,2.0,5.0,16.224221,12.398355,100.00052,100.0,1.0709e-08,7.4961e-08,2.8421e-10
3d6,3D,3.0,7.0,3.825866,3d5.(2P).4s,3P,1.0,3.0,16.22483,12.398964,99.99561,100.0,6.4246e-09,4.4972e-08,1.7051e-10
3d6,3D,3.0,7.0,3.825866,3d5.(a 2D).4p,3F*,4.0,9.0,16.463293,12.637427,98.10874,21000000.0,0.0038962,0.027273,0.0001034
3d6,3D,3.0,7.0,3.825866,3d5.(a 2D).4p,3D*,3.0,7.0,16.734896,12.90903,96.04455,28000000.0,0.0038722,0.027106,0.00010277
3d6,3D,3.0,7.0,3.825866,3d5.(a 2F).4p,3G*,4.0,9.0,16.806602,12.980736,95.514,33000000.0,0.005803,0.040621,0.00015401
3d6,3D,3.0,7.0,3.825866,3d5.(c 2D).4s,3D,3.0,7.0,17.215567,13.389701,92.59669,67.0,8.6124e-09,6.0287e-08,2.2857e-10
3d6,3D,3.0,7.0,3.825866,3d5.(c 2D).4s,3D,2.0,5.0,17.219074,13.393208,92.57244,39.0,3.579e-09,2.5053e-08,9.4986e-11
3d6,3D,3.0,7.0,3.825866,3d5.(a 2G).4p,1G*,4.0,9.0,17.336361,13.510495,91.76881,35000000.0,0.0056815,0.03977,0.00015079
3d6,3D,3.0,7.0,3.825866,3d5.(a 2G).4p,3F*,3.0,7.0,17.443756,13.61789,91.04509,23000000.0,0.0028583,0.020008,7.5858e-05
3d6,3D,3.0,7.0,3.825866,3d5.(4F).4p,3F*,4.0,9.0,17.611581,13.785715,89.93672,31000000.0,0.0048333,0.033833,0.00012827
3d6,3D,3.0,7.0,3.825866,3d5.(b 2F).4p,1G*,4.0,9.0,17.894916,14.06905,88.12549,38000000.0,0.0056884,0.039819,0.00015097
3d6,3D,3.0,7.0,3.825866,3d5.(b 2F).4p,3D*,2.0,5.0,18.301874,14.476008,85.64806,200000000.0,0.015711,0.10998,0.00041696
3d6,3D,3.0,7.0,3.825866,3d5.(2S).4p,3P*,2.0,5.0,18.538787,14.712921,84.26892,700000000.0,0.053231,0.37262,0.0014128
3d6,3D,3.0,7.0,3.825866,3d5.(b 2D).4p,3D*,3.0,7.0,19.679929,15.854063,78.20342,180000000.0,0.016504,0.11553,0.00043801
3d6,3D,3.0,7.0,3.825866,3d5.(b 2G).4p,3F*,4.0,9.0,20.608944,16.783078,73.87453,200000000.0,0.021039,0.14727,0.00055837
3d6,a 1G,4.0,9.0,3.8294,3d6,b 1G,4.0,9.0,7.094525,3.265125,379.72267,0.15,3.2425e-10,2.9183e-09,8.6057e-12
3d6,a 1G,4.0,9.0,3.8294,3d6,b 1D,2.0,5.0,9.552322,5.722922,216.64492,12.0,4.691e-09,4.2219e-08,1.245e-10
3d6,a 1G,4.0,9.0,3.8294,3d5.(2I).4s,1I,6.0,13.0,10.343984,6.514584,190.31791,18.0,1.4119e-08,1.2707e-07,3.7471e-10
3d6,a 1G,4.0,9.0,3.8294,3d5.(a 2F).4s,3F,2.0,5.0,10.460565,6.631165,186.97197,6.7,1.9508e-09,1.7557e-08,5.1774e-11
3d6,a 1G,4.0,9.0,3.8294,3d5.(a 2D).4s,1D,2.0,5.0,10.767674,6.938274,178.69602,68.0,1.8085e-08,1.6277e-07,4.7998e-10
3d6,a 1G,4.0,9.0,3.8294,3d5.(a 2F).4s,1F,3.0,7.0,10.898466,7.069066,175.38979,100.0,3.5869e-08,3.2282e-07,9.5197e-10
3d6,a 1G,4.0,9.0,3.8294,3d5.(2H).4s,1H,5.0,11.0,11.471505,7.642105,162.23828,77.0,3.7137e-08,3.3423e-07,9.8562e-10
3d6,a 1G,4.0,9.0,3.8294,3d5.(b 2F).4s,3F,4.0,9.0,11.578732,7.749332,159.9934,9.0,3.4539e-09,3.1085e-08,9.1666e-11
3d6,a 1G,4.0,9.0,3.8294,3d5.(a 2G).4s,1G,4.0,9.0,11.594098,7.764698,159.67678,27.0,1.0321e-08,9.2886e-08,2.7391e-10
3d6,a 1G,4.0,9.0,3.8294,3d5.(b 2F).4s,1F,3.0,7.0,12.031611,8.202211,151.15948,160.0,4.2629e-08,3.8366e-07,1.1314e-09
3d6,a 1G,4.0,9.0,3.8294,3d5.(b 2G).4s,1G,4.0,9.0,14.623957,10.794557,114.85807,21.0,4.1534e-09,3.738e-08,1.1023e-10
3d6,a 1G,4.0,9.0,3.8294,3d5.(2I).4p,3I*,5.0,11.0,16.149738,12.320338,100.63376,25000000.0,0.0046391,0.041752,0.00012312
3d6,a 1G,4.0,9.0,3.8294,3d5.(2I).4p,3H*,5.0,11.0,16.435954,12.606554,98.349,35000000.0,0.0062032,0.055829,0.00016463
3d6,a 1G,4.0,9.0,3.8294,3d5.(a 2F).4p,3G*,3.0,7.0,16.681951,12.852551,96.46661,25000000.0,0.0027127,0.024415,7.1996e-05
3d6,a 1G,4.0,9.0,3.8294,3d5.(a 2G).4p,1G*,4.0,9.0,17.336361,13.506961,91.79282,520000000.0,0.065687,0.59118,0.0017433
3d6,a 1G,4.0,9.0,3.8294,3d5.(a 2F).4p,1F*,3.0,7.0,17.41397,13.58457,91.2684,700000000.0,0.067991,0.61192,0.0018045
3d6,a 1G,4.0,9.0,3.8294,3d5.(a 2G).4p,3F*,4.0,9.0,17.48214,13.65274,90.81269,210000000.0,0.025964,0.23368,0.00068909
3d6,a 1G,4.0,9.0,3.8294,3d5.(4F).4p,3D*,3.0,7.0,17.539629,13.710229,90.43189,80000000.0,0.0076287,0.068658,0.00020246
3d6,a 1G,4.0,9.0,3.8294,3d5.(c 2D).4s,1D,2.0,5.0,17.662873,13.833473,89.62623,90.0,6.0214e-09,5.4193e-08,1.5981e-10
3d6,a 1G,4.0,9.0,3.8294,3d5.(a 2G).4p,3H*,4.0,9.0,17.711821,13.882421,89.31021,50000000.0,0.005979,0.053811,0.00015868
3d6,a 1G,4.0,9.0,3.8294,3d5.(b 2F).4p,1G*,4.0,9.0,17.894916,14.065516,88.14764,230000000.0,0.026792,0.24113,0.00071107
3d6,a 1G,4.0,9.0,3.8294,3d5.(b 2F).4p,3F*,4.0,9.0,17.973792,14.144392,87.65608,130000000.0,0.014975,0.13478,0.00039744
3d6,a 1S,0.0,1.0,4.31613,3d6,b 3P,1.0,3.0,6.146798,1.830668,677.26206,0.09,1.8567e-09,1.8567e-09,4.9276e-11
3d6,a 1S,0.0,1.0,4.31613,3d6,b 1D,2.0,5.0,9.552322,5.236192,236.78314,1.2,5.0433e-09,5.0433e-09,1.3385e-10
3d6,a 1S,0.0,1.0,4.31613,3d5.(a 2D).4s,1D,2.0,5.0,10.767674,6.451544,192.17756,25.0,6.9211e-08,6.9211e-08,1.8369e-09
3d6,a 1S,0.0,1.0,4.31613,3d5.(b 2D).4s,1D,2.0,5.0,13.58507,9.26894,133.76308,74.0,9.9251e-08,9.9251e-08,2.6341e-09
3d6,a 1S,0.0,1.0,4.31613,3d5.(a 2D).4p,1P*,1.0,3.0,17.195592,12.879462,96.26504,500000000.0,0.2084,0.2084,0.0055308
3d6,a 1D,2.0,5.0,4.439007,3d6,b 3P,2.0,5.0,6.250285,1.811278,684.51225,0.128,8.9915e-10,4.4957e-09,2.3863e-11
3d6,a 1D,2.0,5.0,4.439007,3d6,b 1D,2.0,5.0,9.552322,5.113315,242.47323,5.3,4.6716e-09,2.3358e-08,1.2398e-10
3d6,a 1D,2.0,5.0,4.439007,3d5.(a 2D).4s,1D,2.0,5.0,10.767674,6.328667,195.90887,34.0,1.9564e-08,9.7818e-08,5.1922e-10
3d6,a 1D,2.0,5.0,4.439007,3d5.(a 2F).4s,1F,3.0,7.0,10.898466,6.459459,191.94208,39.0,3.0157e-08,1.5079e-07,8.0038e-10
3d6,a 1D,2.0,5.0,4.439007,3d5.(b 2F).4s,3F,4.0,9.0,11.578732,7.139725,173.65403,8.1,6.5915e-09,3.2958e-08,1.7494e-10
3d6,a 1D,2.0,5.0,4.439007,3d5.(a 2G).4s,1G,4.0,9.0,11.594098,7.155091,173.28109,24.0,1.9447e-08,9.7233e-08,5.1612e-10
3d6,a 1D,2.0,5.0,4.439007,3d5.(b 2F).4s,1F,3.0,7.0,12.031611,7.592604,163.29602,13.0,7.2758e-09,3.6379e-08,1.931e-10
3d6,a 1D,2.0,5.0,4.439007,3d5.(2S).4s,1S,0.0,1.0,12.697265,8.258258,150.1336,290.0,1.9599e-08,9.7997e-08,5.2017e-10
3d6,a 1D,2.0,5.0,4.439007,3d5.(b 2D).4s,1D,2.0,5.0,13.58507,9.146063,135.56018,170.0,4.6835e-08,2.3418e-07,1.243e-09
3d6,a 1D,2.0,5.0,4.439007,3d5.(2P).4s,1P,1.0,3.0,16.66892,12.229913,101.37783,43.0,3.9753e-09,1.9876e-08,1.055e-10
3d6,a 1D,2.0,5.0,4.439007,3d5.(a 2D).4p,1P*,1.0,3.0,17.195592,12.756585,97.19231,130000000.0,0.011046,0.055232,0.00029317
3d6,a 1D,2.0,5.0,4.439007,3d5.(a 2F).4p,1F*,3.0,7.0,17.41397,12.974963,95.55649,230000000.0,0.044079,0.2204,0.0011699
3d6,a 1D,2.0,5.0,4.439007,3d5.(b 2F).4p,3F*,3.0,7.0,17.924464,13.485457,91.93919,28000000.0,0.0049676,0.024838,0.00013184
3d6,a 1D,2.0,5.0,4.439007,3d5.(b 2F).4p,1D*,2.0,5.0,18.054358,13.615351,91.06207,180000000.0,0.022377,0.11189,0.00059389
3d6,a 1D,2.0,5.0,4.439007,3d5.(2S).4p,1P*,1.0,3.0,18.800571,14.361564,86.33057,1300000000.0,0.087153,0.43577,0.002313
3d6,a 1D,2.0,5.0,4.439007,3d5.(b 2D).4p,1D*,2.0,5.0,20.095948,15.656941,79.18801,290000000.0,0.027263,0.13632,0.00072356
3d5.(6S).4s,5S,2.0,5.0,5.083391,3d5.(6S).4p,7P*,3.0,7.0,10.208168,5.124777,241.93091,2200000.0,0.0027027,0.013513,7.1729e-05
3d5.(6S).4s,5S,2.0,5.0,5.083391,3d5.(6S).4p,5P*,3.0,7.0,11.045157,5.961766,207.96556,470000000.0,0.42665,2.1332,0.011323
3d5.(6S).4s,5S,2.0,5.0,5.083391,3d5.(6S).4p,5P*,2.0,5.0,11.076113,5.992722,206.89129,480000000.0,0.30802,1.5401,0.008175
3d5.(6S).4s,5S,2.0,5.0,5.083391,3d5.(6S).4p,5P*,1.0,3.0,11.095565,6.012174,206.22191,510000000.0,0.1951,0.97549,0.0051779
3d6,1F,3.0,7.0,5.31846,3d5.(a 2D).4s,1D,2.0,5.0,10.767674,5.449214,227.52676,4.7,2.6055e-09,1.8239e-08,6.915e-11
3d6,1F,3.0,7.0,5.31846,3d5.(a 2F).4s,1F,3.0,7.0,10.898466,5.580006,222.19367,9.1,6.7354e-09,4.7148e-08,1.7876e-10
3d6,1F,3.0,7.0,5.31846,3d5.(2H).4s,1H,5.0,11.0,11.471505,6.153045,201.50056,7.8,7.4611e-09,5.2228e-08,1.9802e-10
3d6,1F,3.0,7.0,5.31846,3d5.(a 2G).4s,1G,4.0,9.0,11.594098,6.275638,197.56429,31.0,2.3323e-08,1.6326e-07,6.1899e-10
3d6,1F,3.0,7.0,5.31846,3d5.(b 2F).4s,1F,3.0,7.0,12.031611,6.713151,184.68853,68.0,3.4773e-08,2.4341e-07,9.2289e-10
3d6,1F,3.0,7.0,5.31846,3d5.(b 2D).4s,1D,2.0,5.0,13.58507,8.26661,149.98191,120.0,2.8906e-08,2.0234e-07,7.6717e-10
3d6,1F,3.0,7.0,5.31846,3d5.(2P).4s,1P,1.0,3.0,16.66892,11.35046,109.23275,570.0,4.3698e-08,3.0589e-07,1.1597e-09
3d6,1F,3.0,7.0,5.31846,3d5.(a 2F).4p,1D*,2.0,5.0,17.32859,12.01013,103.23302,150000000.0,0.017118,0.11983,0.00045432
3d6,1F,3.0,7.0,5.31846,3d5.(a 2G).4p,1G*,4.0,9.0,17.336361,12.017901,103.16627,24000000.0,0.0049237,0.034466,0.00013067
3d6,1F,3.0,7.0,5.31846,3d5.(4F).4p,3F*,3.0,7.0,17.644537,12.326077,100.58691,24000000.0,0.0036404,0.025483,9.6617e-05
3d6,1F,3.0,7.0,5.31846,3d5.(c 2D).4s,1D,2.0,5.0,17.662873,12.344413,100.4375,100.0,1.0802e-08,7.5617e-08,2.867e-10
3d6,1F,3.0,7.0,5.31846,3d5.(a 2G).4p,3G*,4.0,9.0,17.864385,12.545925,98.82428,13000000.0,0.0024472,0.017131,6.4949e-05
3d6,1F,3.0,7.0,5.31846,3d5.(b 2F).4p,1G*,4.0,9.0,17.894916,12.576456,98.58437,210000000.0,0.03934,0.27538,0.0010441
3d6,1F,3.0,7.0,5.31846,3d5.(b 2F).4p,3F*,3.0,7.0,17.924464,12.606004,98.35329,50000000.0,0.0072512,0.050758,0.00019245
3d6,1F,3.0,7.0,5.31846,3d5.(b 2F).4p,3F*,4.0,9.0,17.973792,12.655332,97.96993,70000000.0,0.012951,0.090654,0.00034371
3d6,1F,3.0,7.0,5.31846,3d5.(b 2F).4p,1D*,2.0,5.0,18.054358,12.735898,97.35018,180000000.0,0.018267,0.12787,0.00048482
3d6,1F,3.0,7.0,5.31846,3d5.(2H).4p,1G*,4.0,9.0,18.475283,13.156823,94.23567,100000000.0,0.017117,0.11982,0.00045429
3d6,1F,3.0,7.0,5.31846,3d5.(b 2F).4p,1F*,3.0,7.0,18.678784,13.360324,92.80029,800000000.0,0.10329,0.72301,0.0027413
3d6,1F,3.0,7.0,5.31846,3d5.(b 2D).4p,1F*,3.0,7.0,19.774614,14.456154,85.76569,50000000.0,0.0055139,0.038597,0.00014634
3d6,1F,3.0,7.0,5.31846,3d5.(b 2D).4p,1D*,2.0,5.0,20.095948,14.777488,83.90073,800000000.0,0.060305,0.42213,0.0016005
3d6,b 3P,0.0,1.0,6.093771,3d5.(4P).4p,3S*,1.0,3.0,15.670455,9.576684,129.46464,21000000.0,0.015831,0.015831,0.00042015
3d6,b 3P,0.0,1.0,6.093771,3d5.(2P).4s,3P,2.0,5.0,16.224221,10.13045,122.38765,58.0,6.5123e-08,6.5123e-08,1.7284e-09
3d6,b 3P,0.0,1.0,6.093771,3d5.(c 2D).4s,3D,2.0,5.0,17.219074,11.125303,111.44344,90.0,8.3788e-08,8.3788e-08,2.2237e-09
3d6,b 3P,0.0,1.0,6.093771,3d5.(4F).4p,3D*,1.0,3.0,17.539968,11.446197,108.31912,130000000.0,0.068602,0.068602,0.0018207
3d6,b 3P,0.0,1.0,6.093771,3d5.(b 2F).4p,3D*,1.0,3.0,18.294648,12.200877,101.61909,120000000.0,0.055733,0.055733,0.0014792
3d6,b 3P,0.0,1.0,6.093771,3d5.(b 2D).4p,3D*,1.0,3.0,19.621423,13.527652,91.65242,90000000.0,0.034003,0.034003,0.00090243
3d6,b 3P,1.0,3.0,6.146798,3d5.(b 2D).4s,3D,1.0,3.0,13.129349,6.982551,177.5629,22.0,1.0399e-08,3.1197e-08,2.7599e-10
3d6,b 3P,1.0,3.0,6.146798,3d5.(4P).4p,3S*,1.0,3.0,15.670455,9.523657,130.18549,44000000.0,0.01118,0.03354,0.00029671
3d6,b 3P,1.0,3.0,6.146798,3d5.(2P).4s,3P,2.0,5.0,16.224221,10.077423,123.03165,120.0,4.5386e-08,1.3616e-07,1.2045e-09
3d6,b 3P,1.0,3.0,6.146798,3d5.(2P).4s,3P,1.0,3.0,16.22483,10.078032,123.02422,72.0,1.6337e-08,4.9011e-08,4.3358e-10
3d6,b 3P,1.0,3.0,6.146798,3d5.(c 2D).4s,3D,3.0,7.0,17.215567,11.068769,112.01264,100.0,4.389e-08,1.3167e-07,1.1649e-09
3d6,b 3P,1.0,3.0,6.146798,3d5.(c 2D).4s,3D,1.0,3.0,17.223209,11.076411,111.93535,200.0,3.7569e-08,1.1271e-07,9.9707e-10
3d6,b 3P,1.0,3.0,6.146798,3d5.(a 2G).4p,3F*,2.0,5.0,17.450883,11.304085,109.68088,23000000.0,0.0069135,0.020741,0.00018348
3d6,b 3P,1.0,3.0,6.146798,3d5.(4F).4p,3D*,2.0,5.0,17.531264,11.384466,108.90647,130000000.0,0.038526,0.11558,0.0010225
3d6,b 3P,1.0,3.0,6.146798,3d5.(b 2F).4p,3D*,1.0,3.0,18.294648,12.14785,102.06267,70000000.0,0.010932,0.032795,0.00029013
3d6,b 3P,1.0,3.0,6.146798,3d5.(b 2F).4p,3D*,2.0,5.0,18.301874,12.155076,102.00199,170000000.0,0.044195,0.13259,0.0011729
3d6,b 3P,1.0,3.0,6.146798,3d5.(b 2D).4p,3D*,2.0,5.0,19.64117,13.494372,91.87845,120000000.0,0.025311,0.075934,0.00067177
3d6,b 3P,1.0,3.0,6.146798,3d5.(b 2D).4p,3P*,2.0,5.0,19.842139,13.695341,90.5302,60000000.0,0.012287,0.036861,0.0003261
3d6,b 3P,1.0,3.0,6.146798,3d5.(b 2D).4p,3P*,1.0,3.0,19.845719,13.698921,90.50654,140000000.0,0.017193,0.051579,0.0004563
3d6,b 3P,1.0,3.0,6.146798,3d5.(2P).4p,3P*,0.0,1.0,22.150464,16.003666,77.47237,700000000.0,0.020996,0.062987,0.00055723
3d6,b 3F,2.0,5.0,6.222143,3d5.(4F).4s,3F,2.0,5.0,11.21112,4.988977,248.51628,14.0,1.2963e-08,6.4814e-08,3.4403e-10
3d6,b 3F,2.0,5.0,6.222143,3d5.(b 2G).4s,3G,3.0,7.0,14.177867,7.955724,155.84276,73.0,3.7212e-08,1.8606e-07,9.8761e-10
3d6,b 3F,2.0,5.0,6.222143,3d5.(4G).4p,3G*,3.0,7.0,15.116134,8.893991,139.40221,13000000.0,0.0053024,0.026512,0.00014072
3d6,b 3F,2.0,5.0,6.222143,3d5.(2P).4s,3P,1.0,3.0,16.22483,10.002687,123.95089,71.0,9.8122e-09,4.9061e-08,2.6042e-10
3d6,b 3F,2.0,5.0,6.222143,3d5.(2P).4s,3P,0.0,1.0,16.2257,10.003557,123.94011,220.0,1.0133e-08,5.0665e-08,2.6893e-10
3d6,b 3F,2.0,5.0,6.222143,3d5.(c 2D).4s,3D,2.0,5.0,17.219074,10.996931,112.74436,190.0,3.6208e-08,1.8104e-07,9.6096e-10
3d6,b 3F,2.0,5.0,6.222143,3d5.(c 2D).4s,3D,1.0,3.0,17.223209,11.001066,112.70199,460.0,5.2557e-08,2.6279e-07,1.3949e-09
3d6,b 3F,2.0,5.0,6.222143,3d5.(4F).4p,3G*,3.0,7.0,17.318159,11.096016,111.73758,23000000.0,0.0060272,0.030136,0.00015996
3d6,b 3F,2.0,5.0,6.222143,3d5.(a 2G).4p,3F*,2.0,5.0,17.450883,11.22874,110.41684,60000000.0,0.010967,0.054834,0.00029106
3d6,b 3F,2.0,5.0,6.222143,3d5.(4F).4p,3F*,3.0,7.0,17.644537,11.422394,108.54484,23000000.0,0.0056877,0.028438,0.00015095
3d6,b 3F,2.0,5.0,6.222143,3d5.(b 2F).4p,3F*,2.0,5.0,17.915937,11.693794,106.02564,140000000.0,0.023594,0.11797,0.0006262
3d6,b 3F,2.0,5.0,6.222143,3d5.(b 2F).4p,3F*,3.0,7.0,17.924464,11.702321,105.94838,21000000.0,0.0049476,0.024738,0.00013131
3d6,b 3F,2.0,5.0,6.222143,3d5.(b 2F).4p,3G*,3.0,7.0,18.212179,11.990036,103.40603,80000000.0,0.017954,0.089772,0.00047651
3d6,b 3F,2.0,5.0,6.222143,3d5.(b 2F).4p,3D*,1.0,3.0,18.294648,12.072505,102.69965,44000000.0,0.0041745,0.020872,0.00011079
3d6,b 3F,2.0,5.0,6.222143,3d5.(b 2D).4p,3D*,1.0,3.0,19.621423,13.39928,92.53049,50000000.0,0.0038508,0.019254,0.0001022
3d6,b 3F,2.0,5.0,6.222143,3d5.(b 2G).4p,3F*,3.0,7.0,20.643111,14.420968,85.97495,260000000.0,0.040337,0.20169,0.0010705
3d6,b 3F,2.0,5.0,6.222143,3d5.(b 2G).4p,3G*,3.0,7.0,20.715974,14.493831,85.54274,37000000.0,0.0056827,0.028414,0.00015082
3d6,b 3F,2.0,5.0,6.222143,3d5.(2P).4p,3D*,1.0,3.0,22.64838,16.426237,75.47937,700000000.0,0.035873,0.17936,0.00095206
3d6,b 3F,4.0,9.0,6.233453,3d5.(4F).4s,3F,4.0,9.0,11.217174,4.983721,248.77837,12.0,1.1134e-08,1.0021e-07,2.9551e-10
3d6,b 3F,4.0,9.0,6.233453,3d5.(b 2G).4s,3G,5.0,11.0,14.174554,7.941101,156.12973,87.0,3.886e-08,3.4974e-07,1.0313e-09
3d6,b 3F,4.0,9.0,6.233453,3d5.(4G).4p,3F*,4.0,9.0,14.673582,8.440129,146.89846,6000000.0,0.0019411,0.01747,5.1516e-05
3d6,b 3F,4.0,9.0,6.233453,3d5.(4G).4p,3G*,5.0,11.0,15.119846,8.886393,139.5214,14000000.0,0.0049937,0.044943,0.00013253
3d6,b 3F,4.0,9.0,6.233453,3d5.(2P).4s,3P,2.0,5.0,16.224221,9.990768,124.09877,190.0,2.4371e-08,2.1934e-07,6.4681e-10
3d6,b 3F,4.0,9.0,6.233453,3d5.(c 2D).4s,3D,3.0,7.0,17.215567,10.982114,112.89648,480.0,7.1337e-08,6.4204e-07,1.8933e-09
3d6,b 3F,4.0,9.0,6.233453,3d5.(c 2D).4s,3D,2.0,5.0,17.219074,10.985621,112.86044,120.0,1.2731e-08,1.1458e-07,3.3787e-10
3d6,b 3F,4.0,9.0,6.233453,3d5.(a 2G).4p,3F*,4.0,9.0,17.48214,11.248687,110.22104,23000000.0,0.0041891,0.037702,0.00011118
3d6,b 3F,4.0,9.0,6.233453,3d5.(4F).4p,3D*,3.0,7.0,17.539629,11.306176,109.66059,180000000.0,0.02524,0.22716,0.00066987
3d6,b 3F,4.0,9.0,6.233453,3d5.(4F).4p,3F*,4.0,9.0,17.611581,11.378128,108.96713,270000000.0,0.048063,0.43257,0.0012756
3d6,b 3F,4.0,9.0,6.233453,3d5.(4F).4p,3F*,3.0,7.0,17.644537,11.411084,108.65243,29000000.0,0.003992,0.035928,0.00010595
3d6,b 3F,4.0,9.0,6.233453,3d5.(a 2G).4p,3G*,5.0,11.0,17.839313,11.60586,106.82896,60000000.0,0.012547,0.11292,0.000333
3d6,b 3F,4.0,9.0,6.233453,3d5.(b 2F).4p,3G*,5.0,11.0,18.276016,12.042563,102.95499,70000000.0,0.013596,0.12236,0.00036083
3d6,b 3F,4.0,9.0,6.233453,3d5.(b 2F).4p,3D*,3.0,7.0,18.304501,12.071048,102.71204,70000000.0,0.008611,0.077499,0.00022854
3d6,b 3F,4.0,9.0,6.233453,3d5.(b 2D).4p,3D*,3.0,7.0,19.679929,13.446476,92.20572,50000000.0,0.0049568,0.044611,0.00013155
3d6,b 3F,4.0,9.0,6.233453,3d5.(b 2G).4p,3H*,5.0,11.0,20.573917,14.340464,86.45759,21000000.0,0.0028763,0.025887,7.6337e-05
3d6,b 3F,4.0,9.0,6.233453,3d5.(b 2G).4p,3F*,3.0,7.0,20.643111,14.409658,86.04243,30000000.0,0.0025898,0.023308,6.8733e-05
3d6,b 3F,4.0,9.0,6.233453,3d5.(b 2G).4p,3G*,3.0,7.0,20.715974,14.482521,85.60954,34000000.0,0.0029056,0.026151,7.7115e-05
3d6,b 3F,4.0,9.0,6.233453,3d5.(b 2G).4p,3G*,4.0,9.0,20.731069,14.497616,85.5204,170000000.0,0.01864,0.16776,0.00049471
3d6,b 3F,4.0,9.0,6.233453,3d5.(b 2G).4p,3G*,5.0,11.0,20.742408,14.508955,85.45357,260000000.0,0.034789,0.3131,0.0009233
3d6,b 3F,4.0,9.0,6.233453,3d5.(2P).4p,3D*,3.0,7.0,22.733276,16.499823,75.14274,700000000.0,0.046088,0.41479,0.0012232
3d6,b 3F,3.0,7.0,6.235798,3d5.(4F).4s,3F,3.0,7.0,11.218609,4.982811,248.8238,9.0,8.3538e-09,5.8477e-08,2.2171e-10
3d6,b 3F,3.0,7.0,6.235798,3d5.(b 2G).4s,3G,4.0,9.0,14.176385,7.940587,156.13984,67.0,3.1485e-08,2.204e-07,8.3562e-10
3d6,b 3F,3.0,7.0,6.235798,3d5.(b 2G).4s,3G,3.0,7.0,14.177867,7.942069,156.1107,22.0,8.038e-09,5.6266e-08,2.1333e-10
3d6,b 3F,3.0,7.0,6.235798,3d5.(4G).4p,3G*,4.0,9.0,15.118815,8.883017,139.57442,13000000.0,0.0048816,0.034171,0.00012956
3d6,b 3F,3.0,7.0,6.235798,3d5.(2P).4s,3P,2.0,5.0,16.224221,9.988423,124.1279,39.0,6.4348e-09,4.5044e-08,1.7078e-10
3d6,b 3F,3.0,7.0,6.235798,3d5.(2P).4s,3P,1.0,3.0,16.22483,9.989032,124.12033,160.0,1.5838e-08,1.1086e-07,4.2033e-10
3d6,b 3F,3.0,7.0,6.235798,3d5.(a 2F).4p,3D*,2.0,5.0,16.92785,10.692052,115.95922,14000000.0,0.0020159,0.014111,5.3502e-05
3d6,b 3F,3.0,7.0,6.235798,3d5.(c 2D).4s,3D,3.0,7.0,17.215567,10.979769,112.92059,140.0,2.6763e-08,1.8734e-07,7.1029e-10
3d6,b 3F,3.0,7.0,6.235798,3d5.(c 2D).4s,3D,2.0,5.0,17.219074,10.983276,112.88453,340.0,4.6396e-08,3.2477e-07,1.2313e-09
3d6,b 3F,3.0,7.0,6.235798,3d5.(c 2D).4s,3D,1.0,3.0,17.223209,10.987411,112.84205,200.0,1.6363e-08,1.1454e-07,4.3427e-10
3d6,b 3F,3.0,7.0,6.235798,3d5.(4F).4p,3G*,4.0,9.0,17.31132,11.075522,111.94434,28000000.0,0.0067634,0.047344,0.0001795
3d6,b 3F,3.0,7.0,6.235798,3d5.(a 2G).4p,3F*,3.0,7.0,17.443756,11.207958,110.62158,42000000.0,0.0077053,0.053937,0.0002045
3d6,b 3F,3.0,7.0,6.235798,3d5.(4F).4p,3D*,2.0,5.0,17.531264,11.295466,109.76457,180000000.0,0.023224,0.16256,0.00061635
3d6,b 3F,3.0,7.0,6.235798,3d5.(4F).4p,3F*,4.0,9.0,17.611581,11.375783,108.9896,16000000.0,0.0036635,0.025644,9.7229e-05
3d6,b 3F,3.0,7.0,6.235798,3d5.(4F).4p,3F*,3.0,7.0,17.644537,11.408739,108.67476,230000000.0,0.040723,0.28506,0.0010808
3d6,b 3F,3.0,7.0,6.235798,3d5.(a 2G).4p,3G*,4.0,9.0,17.864385,11.628587,106.62018,50000000.0,0.010956,0.076692,0.00029077
3d6,b 3F,3.0,7.0,6.235798,3d5.(b 2F).4p,3F*,4.0,9.0,17.973792,11.737994,105.62639,23000000.0,0.0049463,0.034624,0.00013127
3d6,b 3F,3.0,7.0,6.235798,3d5.(a 2G).4p,1F*,3.0,7.0,17.982497,11.746699,105.54812,29000000.0,0.0048435,0.033904,0.00012855
3d6,b 3F,3.0,7.0,6.235798,3d5.(b 2F).4p,3G*,4.0,9.0,18.245672,12.009874,103.23522,70000000.0,0.01438,0.10066,0.00038164
3d6,b 3F,3.0,7.0,6.235798,3d5.(b 2F).4p,3D*,2.0,5.0,18.301874,12.066076,102.75437,45000000.0,0.005088,0.035616,0.00013503
3d6,b 3F,3.0,7.0,6.235798,3d5.(b 2D).4p,3D*,2.0,5.0,19.64117,13.405372,92.48844,43000000.0,0.0039389,0.027572,0.00010454
3d6,b 3F,3.0,7.0,6.235798,3d5.(b 2G).4p,3F*,4.0,9.0,20.608944,14.373146,86.261,130000000.0,0.018646,0.13052,0.00049485
3d6,b 3F,3.0,7.0,6.235798,3d5.(b 2G).4p,3F*,3.0,7.0,20.643111,14.407313,86.05643,230000000.0,0.025536,0.17875,0.00067773
3d6,b 3F,3.0,7.0,6.235798,3d5.(b 2G).4p,3F*,2.0,5.0,20.705654,14.469856,85.68447,90000000.0,0.0070758,0.049531,0.00018779
3d6,b 3F,3.0,7.0,6.235798,3d5.(b 2G).4p,3G*,3.0,7.0,20.715974,14.480176,85.62341,390000000.0,0.042866,0.30006,0.0011377
3d6,b 3F,3.0,7.0,6.235798,3d5.(b 2G).4p,3G*,4.0,9.0,20.731069,14.495271,85.53424,150000000.0,0.021153,0.14807,0.0005614
3d6,b 3P,2.0,5.0,6.250285,3d5.(b 2D).4s,3D,2.0,5.0,13.130704,6.880419,180.19862,16.0,7.789e-09,3.8945e-08,2.0672e-10
3d6,b 3P,2.0,5.0,6.250285,3d5.(b 2D).4s,3D,3.0,7.0,13.133553,6.883268,180.12403,19.0,1.2939e-08,6.4693e-08,3.4339e-10
3d6,b 3P,2.0,5.0,6.250285,3d5.(4P).4p,3S*,1.0,3.0,15.670455,9.42017,131.61567,36000000.0,0.0056096,0.028048,0.00014888
3d6,b 3P,2.0,5.0,6.250285,3d5.(2P).4s,3P,2.0,5.0,16.224221,9.973936,124.3082,75.0,1.7375e-08,8.6874e-08,4.6113e-10
3d6,b 3P,2.0,5.0,6.250285,3d5.(2P).4s,3P,1.0,3.0,16.22483,9.974545,124.30061,170.0,2.3627e-08,1.1813e-07,6.2706e-10
3d6,b 3P,2.0,5.0,6.250285,3d5.(2P).4s,3P,0.0,1.0,16.2257,9.975415,124.28976,260.0,1.2043e-08,6.0215e-08,3.1962e-10
3d6,b 3P,2.0,5.0,6.250285,3d5.(c 2D).4s,3D,3.0,7.0,17.215567,10.965282,113.06978,190.0,5.0984e-08,2.5492e-07,1.3531e-09
3d6,b 3P,2.0,5.0,6.250285,3d5.(c 2D).4s,3D,2.0,5.0,17.219074,10.968789,113.03363,180.0,3.4478e-08,1.7239e-07,9.1506e-10
3d6,b 3P,2.0,5.0,6.250285,3d5.(c 2D).4s,3D,1.0,3.0,17.223209,10.972924,112.99103,73.0,8.3834e-09,4.1917e-08,2.225e-10
3d6,b 3P,2.0,5.0,6.250285,3d5.(a 2G).4p,3F*,3.0,7.0,17.443756,11.193471,110.76475,30000000.0,0.0077252,0.038626,0.00020503
3d6,b 3P,2.0,5.0,6.250285,3d5.(4F).4p,3D*,2.0,5.0,17.531264,11.280979,109.90553,50000000.0,0.0090546,0.045273,0.00024031
3d6,b 3P,2.0,5.0,6.250285,3d5.(4F).4p,3D*,3.0,7.0,17.539629,11.289344,109.82409,160000000.0,0.040504,0.20252,0.001075
3d6,b 3P,2.0,5.0,6.250285,3d5.(b 2F).4p,3D*,2.0,5.0,18.301874,12.051589,102.87788,37000000.0,0.0058709,0.029355,0.00015581
3d6,b 3P,2.0,5.0,6.250285,3d5.(2S).4p,3P*,1.0,3.0,18.463134,12.212849,101.51947,37000000.0,0.0034301,0.017151,9.1036e-05
3d6,b 3P,2.0,5.0,6.250285,3d5.(2S).4p,3P*,2.0,5.0,18.538787,12.288502,100.89448,80000000.0,0.012209,0.061046,0.00032403
3d6,b 3P,2.0,5.0,6.250285,3d5.(b 2D).4p,3F*,3.0,7.0,19.587268,13.336983,92.9627,28000000.0,0.0050788,0.025394,0.00013479
3d6,b 3P,2.0,5.0,6.250285,3d5.(b 2D).4p,3D*,3.0,7.0,19.679929,13.429644,92.32128,100000000.0,0.017889,0.089446,0.00047478
3d6,b 3P,2.0,5.0,6.250285,3d5.(b 2D).4p,3P*,2.0,5.0,19.842139,13.591854,91.21949,340000000.0,0.042414,0.21207,0.0011257
3d6,b 3P,2.0,5.0,6.250285,3d5.(2P).4p,3P*,1.0,3.0,22.171617,15.921332,77.87301,220000000.0,0.012001,0.060004,0.0003185
3d6,b 1G,4.0,9.0,7.094525,3d5.(b 2D).4s,1D,2.0,5.0,13.58507,6.490545,191.02279,38.0,1.1549e-08,1.0394e-07,3.0651e-10
3d6,b 1G,4.0,9.0,7.094525,3d5.(b 2G).4s,1G,4.0,9.0,14.623957,7.529432,164.66607,150.0,6.0976e-08,5.4878e-07,1.6183e-09
3d6,b 1G,4.0,9.0,7.094525,3d5.(2I).4p,1H*,5.0,11.0,16.330049,9.235524,134.24706,12000000.0,0.0039628,0.035665,0.00010517
3d6,b 1G,4.0,9.0,7.094525,3d5.(c 2D).4s,1D,2.0,5.0,17.662873,10.568348,117.31654,670.0,7.6803e-08,6.9123e-07,2.0384e-09
3d6,b 1G,4.0,9.0,7.094525,3d5.(b 2F).4p,1G*,4.0,9.0,17.894916,10.800391,114.79603,31000000.0,0.0061246,0.055121,0.00016255
3d6,b 1G,4.0,9.0,7.094525,3d5.(b 2F).4p,3F*,4.0,9.0,17.973792,10.879267,113.96374,15000000.0,0.0029207,0.026286,7.7515e-05
3d6,b 1G,4.0,9.0,7.094525,3d5.(2H).4p,1G*,4.0,9.0,18.475283,11.380758,108.94195,230000000.0,0.040924,0.36832,0.0010861
3d6,b 1G,4.0,9.0,7.094525,3d5.(b 2D).4p,1F*,3.0,7.0,19.774614,12.680089,97.77865,130000000.0,0.014493,0.13043,0.00038463
3d6,b 1G,4.0,9.0,7.094525,3d5.(b 2G).4p,1H*,5.0,11.0,20.926033,13.831508,89.63896,110000000.0,0.016196,0.14576,0.00042983
3d6,b 1G,4.0,9.0,7.094525,3d5.(b 2G).4p,1G*,4.0,9.0,20.987751,13.893226,89.24076,900000000.0,0.10746,0.9671,0.0028519
3d6,b 1G,4.0,9.0,7.094525,3d5.(b 2G).4p,1F*,3.0,7.0,21.115753,14.021228,88.42606,900000000.0,0.082057,0.73852,0.0021778
3d6,b 1G,4.0,9.0,7.094525,3d5.(c 2D).4p,1F*,3.0,7.0,24.157407,17.062882,72.6631,900000000.0,0.05541,0.49869,0.0014706
3d5.(4G).4s,5G,6.0,13.0,7.86379,3d5.(4G).4p,5G*,5.0,11.0,14.094188,6.230398,198.99884,73000000.0,0.036672,0.47673,0.00097327
3d5.(4G).4s,5G,6.0,13.0,7.86379,3d5.(4G).4p,5G*,6.0,13.0,14.101961,6.238171,198.75088,568000000.0,0.33638,4.3729,0.0089274
3d5.(4G).4s,5G,6.0,13.0,7.86379,3d5.(4G).4p,5H*,7.0,15.0,14.337867,6.474077,191.50869,654000000.0,0.41492,5.3939,0.011012
3d5.(4G).4s,5G,6.0,13.0,7.86379,3d5.(4G).4p,5F*,5.0,11.0,14.421451,6.557661,189.06772,534000000.0,0.24215,3.148,0.0064267
3d5.(4G).4s,5G,6.0,13.0,7.86379,3d5.(4G).4p,3H*,6.0,13.0,14.674175,6.810385,182.05167,8000000.0,0.003975,0.051675,0.0001055
3d5.(4G).4s,5G,6.0,13.0,7.86379,3d5.(4D).4p,5F*,5.0,11.0,15.060244,7.196454,172.28513,36000000.0,0.013555,0.17622,0.00035976
3d5.(4G).4s,5G,6.0,13.0,7.86379,3d5.(4G).4p,3G*,5.0,11.0,15.119846,7.256056,170.86996,6000000.0,0.0022222,0.028889,5.8978e-05
3d5.(4G).4s,5G,5.0,11.0,7.868887,3d5.(4G).4p,5G*,4.0,9.0,14.089014,6.220127,199.32744,110000000.0,0.053609,0.5897,0.0014228
3d5.(4G).4s,5G,5.0,11.0,7.868887,3d5.(4G).4p,5G*,5.0,11.0,14.094188,6.225301,199.16177,490000000.0,0.29139,3.2052,0.0077334
3d5.(4G).4s,5G,5.0,11.0,7.868887,3d5.(4G).4p,5H*,5.0,11.0,14.294177,6.42529,192.96281,2200000.0,0.0012281,0.013509,3.2593e-05
3d5.(4G).4s,5G,5.0,11.0,7.868887,3d5.(4G).4p,5H*,6.0,13.0,14.317016,6.448129,192.27934,638000000.0,0.41792,4.5972,0.011092
3d5.(4G).4s,5G,5.0,11.0,7.868887,3d5.(4G).4p,5F*,5.0,11.0,14.421451,6.552564,189.21478,72000000.0,0.038646,0.4251,0.0010257
3d5.(4G).4s,5G,5.0,11.0,7.868887,3d5.(4G).4p,5F*,4.0,9.0,14.440141,6.571254,188.67662,400000000.0,0.17466,1.9213,0.0046356
3d5.(4G).4s,5G,5.0,11.0,7.868887,3d5.(4P).4p,5D*,4.0,9.0,14.57087,6.701983,184.99629,37000000.0,0.015532,0.17086,0.00041223
3d5.(4G).4s,5G,5.0,11.0,7.868887,3d5.(4G).4p,3F*,4.0,9.0,14.673582,6.804695,182.2039,8000000.0,0.0032577,0.035835,8.646e-05
3d5.(4G).4s,5G,5.0,11.0,7.868887,3d5.(4D).4p,5F*,4.0,9.0,15.03208,7.163193,173.0851,38000000.0,0.013964,0.1536,0.00037061
3d5.(4G).4s,5G,5.0,11.0,7.868887,3d5.(a 2F).4p,3G*,5.0,11.0,16.777125,8.908238,139.17926,14000000.0,0.0040657,0.044723,0.0001079
3d5.(4G).4s,5G,5.0,11.0,7.868887,3d5.(4F).4p,5D*,4.0,9.0,17.011859,9.142972,135.60601,7000000.0,0.0015789,0.017368,4.1905e-05
3d5.(4G).4s,5G,4.0,9.0,7.871424,3d5.(4G).4p,5G*,3.0,7.0,14.085317,6.213893,199.52741,130000000.0,0.060348,0.54313,0.0016016
3d5.(4G).4s,5G,4.0,9.0,7.871424,3d5.(4G).4p,5G*,4.0,9.0,14.089014,6.21759,199.40877,420000000.0,0.25038,2.2534,0.0066451
3d5.(4G).4s,5G,4.0,9.0,7.871424,3d5.(4G).4p,5H*,3.0,7.0,14.251839,6.380415,194.31996,2300000.0,0.0010127,0.0091142,2.6877e-05
3d5.(4G).4s,5G,4.0,9.0,7.871424,3d5.(4G).4p,5H*,4.0,9.0,14.271991,6.400567,193.70815,9000000.0,0.0050629,0.045566,0.00013437
3d5.(4G).4s,5G,4.0,9.0,7.871424,3d5.(4G).4p,5H*,5.0,11.0,14.294177,6.422753,193.03903,614000000.0,0.41925,3.7732,0.011127
3d5.(4G).4s,5G,4.0,9.0,7.871424,3d5.(4G).4p,5F*,5.0,11.0,14.421451,6.550027,189.28807,11000000.0,0.0072219,0.064997,0.00019167
3d5.(4G).4s,5G,4.0,9.0,7.871424,3d5.(4G).4p,5F*,4.0,9.0,14.440141,6.568717,188.74949,100000000.0,0.053411,0.4807,0.0014175
3d5.(4G).4s,5G,4.0,9.0,7.871424,3d5.(4G).4p,5F*,3.0,7.0,14.441129,6.569705,188.7211,270000000.0,0.11213,1.0092,0.0029759
3d5.(4G).4s,5G,4.0,9.0,7.871424,3d5.(4P).4p,5D*,3.0,7.0,14.514684,6.64326,186.63156,190000000.0,0.077168,0.69451,0.002048
3d5.(4G).4s,5G,4.0,9.0,7.871424,3d5.(4G).4p,3H*,5.0,11.0,14.699234,6.82781,181.58707,5000000.0,0.003021,0.027189,8.0177e-05
3d5.(4G).4s,5G,4.0,9.0,7.871424,3d5.(4D).4p,5F*,3.0,7.0,15.003193,7.131769,173.84775,43000000.0,0.015154,0.13638,0.00040218
3d5.(4G).4s,5G,3.0,7.0,7.872343,3d5.(4G).4p,5G*,2.0,5.0,14.08266,6.210317,199.6423,110000000.0,0.046949,0.32865,0.001246
3d5.(4G).4s,5G,3.0,7.0,7.872343,3d5.(4G).4p,5G*,3.0,7.0,14.085317,6.212974,199.55692,400000000.0,0.23881,1.6717,0.006338
3d5.(4G).4s,5G,3.0,7.0,7.872343,3d5.(4G).4p,5H*,3.0,7.0,14.251839,6.379496,194.34795,30000000.0,0.016988,0.11892,0.00045086
3d5.(4G).4s,5G,3.0,7.0,7.872343,3d5.(4G).4p,5H*,4.0,9.0,14.271991,6.399648,193.73597,597000000.0,0.43192,3.0234,0.011463
3d5.(4G).4s,5G,3.0,7.0,7.872343,3d5.(4P).4p,5D*,2.0,5.0,14.434206,6.561863,188.94664,120000000.0,0.045877,0.32114,0.0012176
3d5.(4G).4s,5G,3.0,7.0,7.872343,3d5.(4G).4p,5F*,4.0,9.0,14.440141,6.567798,188.7759,13000000.0,0.0089298,0.062508,0.000237
3d5.(4G).4s,5G,3.0,7.0,7.872343,3d5.(4G).4p,5F*,3.0,7.0,14.441129,6.568786,188.74751,80000000.0,0.042728,0.2991,0.001134
3d5.(4G).4s,5G,3.0,7.0,7.872343,3d5.(4P).4p,5S*,2.0,5.0,14.503078,6.630735,186.9841,310000000.0,0.11607,0.81246,0.0030804
3d5.(4G).4s,5G,3.0,7.0,7.872343,3d5.(4P).4p,5D*,3.0,7.0,14.514684,6.642341,186.65738,43000000.0,0.02246,0.15722,0.0005961
3d5.(4G).4s,5G,3.0,7.0,7.872343,3d5.(4D).4p,5F*,2.0,5.0,14.980557,7.108214,174.42384,50000000.0,0.01629,0.11403,0.00043233
3d5.(4G).4s,5G,3.0,7.0,7.872343,3d5.(4F).4p,5G*,3.0,7.0,16.749894,8.877551,139.66036,17000000.0,0.0049711,0.034798,0.00013193
3d5.(4G).4s,5G,3.0,7.0,7.872343,3d5.(4F).4p,5F*,2.0,5.0,16.876475,9.004132,137.697,25000000.0,0.005076,0.035532,0.00013472
3d5.(4G).4s,5G,2.0,5.0,7.872377,3d5.(4G).4p,5G*,2.0,5.0,14.08266,6.210283,199.6434,450000000.0,0.26889,1.3445,0.0071365
3d5.(4G).4s,5G,2.0,5.0,7.872377,3d5.(4G).4p,5H*,3.0,7.0,14.251839,6.379462,194.34899,540000000.0,0.4281,2.1405,0.011362
3d5.(4G).4s,5G,2.0,5.0,7.872377,3d5.(4G).4p,5F*,3.0,7.0,14.441129,6.568752,188.74848,8000000.0,0.005982,0.02991,0.00015876
3d5.(4G).4s,5G,2.0,5.0,7.872377,3d5.(4G).4p,5F*,1.0,3.0,14.498447,6.62607,187.11574,550000000.0,0.17322,0.86609,0.0045972
3d5.(4G).4s,5G,2.0,5.0,7.872377,3d5.(4P).4p,5S*,2.0,5.0,14.503078,6.630701,186.98505,80000000.0,0.041934,0.20967,0.0011129
3d5.(4G).4s,5G,2.0,5.0,7.872377,3d5.(4G).4p,3F*,2.0,5.0,14.650432,6.778055,182.92002,3700000.0,0.001856,0.0092801,4.9259e-05
3d5.(4G).4s,5G,2.0,5.0,7.872377,3d5.(4G).4p,3G*,3.0,7.0,15.116134,7.243757,171.16007,3700000.0,0.0022751,0.011375,6.038e-05
3d5.(4P).4s,5P,3.0,7.0,8.240615,3d5.(6S).4p,5P*,3.0,7.0,11.045157,2.804542,442.08359,230000.0,0.0006739,0.0047173,1.7885e-05
3d5.(4P).4s,5P,3.0,7.0,8.240615,3d5.(4P).4p,5D*,2.0,5.0,14.434206,6.193591,200.18144,60000000.0,0.025747,0.18023,0.00068333
3d5.(4P).4s,5P,3.0,7.0,8.240615,3d5.(4G).4p,5F*,4.0,9.0,14.440141,6.199526,199.9898,29000000.0,0.022357,0.1565,0.00059336
3d5.(4P).4s,5P,3.0,7.0,8.240615,3d5.(4G).4p,5F*,3.0,7.0,14.441129,6.200514,199.95794,120000000.0,0.071931,0.50352,0.0019091
3d5.(4P).4s,5P,3.0,7.0,8.240615,3d5.(4P).4p,5D*,3.0,7.0,14.514684,6.274069,197.6137,210000000.0,0.12295,0.86062,0.003263
3d5.(4P).4s,5P,3.0,7.0,8.240615,3d5.(4P).4p,5D*,4.0,9.0,14.57087,6.330255,195.85972,320000000.0,0.23662,1.6563,0.0062798
3d5.(4P).4s,5P,3.0,7.0,8.240615,3d5.(4G).4p,3F*,4.0,9.0,14.673582,6.432967,192.73253,3300000.0,0.0023628,0.01654,6.2709e-05
3d5.(4P).4s,5P,3.0,7.0,8.240615,3d5.(4P).4p,5P*,2.0,5.0,14.719623,6.479008,191.36293,80000000.0,0.031372,0.2196,0.0008326
3d5.(4P).4s,5P,3.0,7.0,8.240615,3d5.(4P).4p,3P*,2.0,5.0,14.840622,6.600007,187.85465,39000000.0,0.014738,0.10317,0.00039115
3d5.(4P).4s,5P,3.0,7.0,8.240615,3d5.(4D).4p,5D*,2.0,5.0,15.204,6.963385,178.05162,5000000.0,0.0016974,0.011882,4.505e-05
3d5.(4P).4s,5P,3.0,7.0,8.240615,3d5.(4D).4p,5D*,4.0,9.0,15.243146,7.002531,177.05626,190000000.0,0.11481,0.80367,0.0030471
3d5.(4P).4s,5P,3.0,7.0,8.240615,3d5.(4D).4p,5P*,2.0,5.0,15.336492,7.095877,174.7271,60000000.0,0.019616,0.13731,0.0005206
3d5.(4P).4s,5P,3.0,7.0,8.240615,3d5.(4D).4p,5P*,3.0,7.0,15.343123,7.102508,174.56397,120000000.0,0.054821,0.38375,0.001455
3d5.(4P).4s,5P,2.0,5.0,8.247838,3d5.(4P).4p,5D*,1.0,3.0,14.429311,6.181473,200.57387,170000000.0,0.061519,0.30759,0.0016327
3d5.(4P).4s,5P,2.0,5.0,8.247838,3d5.(4P).4p,5D*,2.0,5.0,14.434206,6.186368,200.41517,220000000.0,0.13248,0.66239,0.003516
3d5.(4P).4s,5P,2.0,5.0,8.247838,3d5.(4G).4p,5F*,2.0,5.0,14.493559,6.245721,198.51063,110000000.0,0.064986,0.32493,0.0017247
3d5.(4P).4s,5P,2.0,5.0,8.247838,3d5.(4P).4p,5S*,2.0,5.0,14.503078,6.25524,198.20854,180000000.0,0.10602,0.53009,0.0028137
3d5.(4P).4s,5P,2.0,5.0,8.247838,3d5.(4P).4p,5D*,3.0,7.0,14.514684,6.266846,197.84146,100000000.0,0.082153,0.41076,0.0021803
3d5.(4P).4s,5P,2.0,5.0,8.247838,3d5.(4G).4p,3F*,3.0,7.0,14.685094,6.437256,192.60411,270000000.0,0.21022,1.0511,0.0055793
3d5.(4P).4s,5P,2.0,5.0,8.247838,3d5.(4P).4p,5P*,2.0,5.0,14.719623,6.471785,191.57651,23000000.0,0.012655,0.063276,0.00033587
3d5.(4P).4s,5P,2.0,5.0,8.247838,3d5.(4P).4p,5P*,1.0,3.0,14.737759,6.489921,191.04115,270000000.0,0.08864,0.4432,0.0023525
3d5.(4P).4s,5P,2.0,5.0,8.247838,3d5.(4D).4p,5D*,3.0,7.0,15.228939,6.981101,177.59978,200000000.0,0.1324,0.66202,0.003514
3d5.(4P).4s,5P,2.0,5.0,8.247838,3d5.(4P).4p,3D*,1.0,3.0,15.240343,6.992505,177.31013,90000000.0,0.025452,0.12726,0.00067549
3d5.(4P).4s,5P,2.0,5.0,8.247838,3d5.(4D).4p,5P*,2.0,5.0,15.336492,7.088654,174.90513,33000000.0,0.015135,0.075674,0.00040168
3d5.(4P).4s,5P,1.0,3.0,8.256366,3d5.(4P).4p,5D*,0.0,1.0,14.427425,6.171059,200.91235,510000000.0,0.10288,0.30863,0.0027304
3d5.(4P).4s,5P,1.0,3.0,8.256366,3d5.(4P).4p,5D*,1.0,3.0,14.429311,6.172945,200.85097,290000000.0,0.17539,0.52617,0.0046549
3d5.(4P).4s,5P,1.0,3.0,8.256366,3d5.(4P).4p,5D*,2.0,5.0,14.434206,6.17784,200.69182,54000000.0,0.054345,0.16304,0.0014423
3d5.(4P).4s,5P,1.0,3.0,8.256366,3d5.(4P).4p,5P*,2.0,5.0,14.719623,6.463257,191.82929,320000000.0,0.29423,0.88269,0.0078089
3d5.(4P).4s,5P,1.0,3.0,8.256366,3d5.(4P).4p,5P*,1.0,3.0,14.737759,6.481393,191.29252,160000000.0,0.087776,0.26333,0.0023296
3d5.(4P).4s,5P,1.0,3.0,8.256366,3d5.(4P).4p,3D*,2.0,5.0,15.237522,6.981156,177.59838,80000000.0,0.063049,0.18915,0.0016733
3d5.(4P).4s,5P,1.0,3.0,8.256366,3d5.(4D).4p,5D*,0.0,1.0,15.306577,7.050211,175.85885,90000000.0,0.013909,0.041728,0.00036916
3d5.(4D).4s,5D,4.0,9.0,8.641223,3d5.(4G).4p,5F*,5.0,11.0,14.421451,5.780228,214.49707,21000000.0,0.017704,0.15934,0.00046986
3d5.(4D).4s,5D,4.0,9.0,8.641223,3d5.(4G).4p,5F*,4.0,9.0,14.440141,5.798918,213.80575,23000000.0,0.015763,0.14186,0.00041834
3d5.(4D).4s,5D,4.0,9.0,8.641223,3d5.(4G).4p,5F*,3.0,7.0,14.441129,5.799906,213.76932,4300000.0,0.0022913,0.020621,6.081e-05
3d5.(4D).4s,5D,4.0,9.0,8.641223,3d5.(4P).4p,5D*,4.0,9.0,14.57087,5.929647,209.09204,73000000.0,0.047847,0.43063,0.0012699
3d5.(4D).4s,5D,4.0,9.0,8.641223,3d5.(4D).4p,5F*,4.0,9.0,15.03208,6.390857,194.00246,80000000.0,0.04514,0.40626,0.001198
3d5.(4D).4s,5D,4.0,9.0,8.641223,3d5.(4D).4p,5F*,5.0,11.0,15.060244,6.419021,193.15126,584000000.0,0.39922,3.593,0.010595
3d5.(4D).4s,5D,4.0,9.0,8.641223,3d5.(4D).4p,5D*,3.0,7.0,15.228939,6.587716,188.20514,260000000.0,0.10739,0.96648,0.00285
3d5.(4D).4s,5D,4.0,9.0,8.641223,3d5.(4D).4p,5D*,4.0,9.0,15.243146,6.601923,187.80013,350000000.0,0.18506,1.6656,0.0049116
3d5.(4D).4s,5D,4.0,9.0,8.641223,3d5.(4D).4p,5P*,3.0,7.0,15.343123,6.7019,184.99858,51000000.0,0.020353,0.18317,0.00054016
3d5.(4D).4s,5D,4.0,9.0,8.641223,3d5.(4D).4p,3D*,3.0,7.0,15.479937,6.838714,181.29753,34000000.0,0.013031,0.11728,0.00034584
3d5.(4D).4s,5D,0.0,1.0,8.647644,3d5.(4P).4p,5D*,1.0,3.0,14.429311,5.781667,214.44369,3900000.0,0.0080663,0.0080663,0.00021408
3d5.(4D).4s,5D,0.0,1.0,8.647644,3d5.(4P).4p,5P*,1.0,3.0,14.737759,6.090115,203.58269,22000000.0,0.04101,0.04101,0.0010884
3d5.(4D).4s,5D,0.0,1.0,8.647644,3d5.(4P).4p,3P*,1.0,3.0,14.875914,6.22827,199.06683,7000000.0,0.012476,0.012476,0.00033111
3d5.(4D).4s,5D,0.0,1.0,8.647644,3d5.(4D).4p,5F*,1.0,3.0,14.964569,6.316925,196.27303,260000000.0,0.45048,0.45048,0.011956
3d5.(4D).4s,5D,0.0,1.0,8.647644,3d5.(4D).4p,5P*,1.0,3.0,15.318635,6.670991,185.85574,260000000.0,0.40393,0.40393,0.01072
3d5.(4D).4s,5D,1.0,3.0,8.652674,3d5.(4P).4p,5D*,0.0,1.0,14.427425,5.774751,214.70051,45000000.0,0.010366,0.031098,0.00027512
3d5.(4D).4s,5D,1.0,3.0,8.652674,3d5.(4G).4p,5F*,1.0,3.0,14.498447,5.845773,212.09205,10000000.0,0.0067439,0.020232,0.00017898
3d5.(4D).4s,5D,1.0,3.0,8.652674,3d5.(4P).4p,5S*,2.0,5.0,14.503078,5.850404,211.92417,35000000.0,0.039277,0.11783,0.0010424
3d5.(4D).4s,5D,1.0,3.0,8.652674,3d5.(4P).4p,5P*,2.0,5.0,14.719623,6.066949,204.36005,3000000.0,0.0031306,0.0093917,8.3085e-05
3d5.(4D).4s,5D,1.0,3.0,8.652674,3d5.(4P).4p,5P*,1.0,3.0,14.737759,6.085085,203.75097,60000000.0,0.037343,0.11203,0.00099109
3d5.(4D).4s,5D,1.0,3.0,8.652674,3d5.(4P).4p,3P*,0.0,1.0,14.900428,6.247754,198.44603,42000000.0,0.0082656,0.024797,0.00021937
3d5.(4D).4s,5D,1.0,3.0,8.652674,3d5.(4D).4p,5F*,1.0,3.0,14.964569,6.311895,196.42944,240000000.0,0.13883,0.41649,0.0036846
3d5.(4D).4s,5D,1.0,3.0,8.652674,3d5.(4D).4p,5F*,2.0,5.0,14.980557,6.327883,195.93314,320000000.0,0.30695,0.92086,0.0081466
3d5.(4D).4s,5D,1.0,3.0,8.652674,3d5.(4P).4p,3D*,1.0,3.0,15.240343,6.587669,188.20648,120000000.0,0.063725,0.19118,0.0016913
3d5.(4D).4s,5D,1.0,3.0,8.652674,3d5.(4D).4p,5P*,1.0,3.0,15.318635,6.665961,185.99599,160000000.0,0.082983,0.24895,0.0022024
3d5.(4D).4s,5D,1.0,3.0,8.652674,3d5.(4D).4p,5P*,2.0,5.0,15.336492,6.683818,185.49906,220000000.0,0.18915,0.56746,0.0050201
3d5.(4D).4s,5D,1.0,3.0,8.652674,3d5.(4F).4p,5F*,2.0,5.0,16.876475,8.223801,150.76264,30000000.0,0.017038,0.051114,0.00045219
3d5.(4D).4s,5D,3.0,7.0,8.658703,3d5.(6S).4p,5P*,2.0,5.0,11.076113,2.41741,512.88031,200000.0,0.00056337,0.0039436,1.4952e-05
3d5.(4D).4s,5D,3.0,7.0,8.658703,3d5.(4P).4p,5D*,2.0,5.0,14.434206,5.775503,214.67255,14000000.0,0.006909,0.048363,0.00018336
3d5.(4D).4s,5D,3.0,7.0,8.658703,3d5.(4G).4p,5F*,3.0,7.0,14.441129,5.782426,214.41554,36000000.0,0.024813,0.17369,0.00065853
3d5.(4D).4s,5D,3.0,7.0,8.658703,3d5.(4P).4p,5D*,4.0,9.0,14.57087,5.912167,209.71024,25000000.0,0.021193,0.14835,0.00056245
3d5.(4D).4s,5D,3.0,7.0,8.658703,3d5.(4P).4p,5P*,2.0,5.0,14.719623,6.06092,204.56333,110000000.0,0.049292,0.34505,0.0013082
3d5.(4D).4s,5D,3.0,7.0,8.658703,3d5.(4P).4p,3P*,2.0,5.0,14.840622,6.181919,200.5594,26000000.0,0.011199,0.078395,0.00029723
3d5.(4D).4s,5D,3.0,7.0,8.658703,3d5.(4D).4p,5F*,3.0,7.0,15.003193,6.34449,195.42028,140000000.0,0.080154,0.56108,0.0021273
3d5.(4D).4s,5D,3.0,7.0,8.658703,3d5.(4D).4p,5F*,4.0,9.0,15.03208,6.373377,194.53454,450000000.0,0.32825,2.2978,0.0087119
3d5.(4D).4s,5D,3.0,7.0,8.658703,3d5.(4P).4p,3D*,3.0,7.0,15.169064,6.510361,190.44136,70000000.0,0.038061,0.26643,0.0010101
3d5.(4D).4s,5D,3.0,7.0,8.658703,3d5.(4D).4p,5D*,2.0,5.0,15.204,6.545297,189.42486,100000000.0,0.038424,0.26897,0.0010198
3d5.(4D).4s,5D,3.0,7.0,8.658703,3d5.(4P).4p,3D*,2.0,5.0,15.237522,6.578819,188.45966,350000000.0,0.13312,0.93183,0.0035329
3d5.(4D).4s,5D,3.0,7.0,8.658703,3d5.(4D).4p,5P*,3.0,7.0,15.343123,6.68442,185.48236,350000000.0,0.18052,1.2637,0.0047911
3d5.(4D).4s,5D,3.0,7.0,8.658703,3d5.(4D).4p,3F*,4.0,9.0,15.553039,6.894336,179.83487,2100000.0,0.0013091,0.0091637,3.4743e-05
3d5.(4D).4s,5D,3.0,7.0,8.658703,3d5.(4F).4p,5D*,3.0,7.0,17.038266,8.379563,147.96022,35000000.0,0.011487,0.080411,0.00030487
3d5.(4D).4s,5D,3.0,7.0,8.658703,3d5.(4F).4p,5D*,2.0,5.0,17.053369,8.394666,147.69402,18000000.0,0.0042047,0.029433,0.00011159
3d5.(4D).4s,5D,2.0,5.0,8.658827,3d5.(4P).4p,5D*,2.0,5.0,14.434206,5.775379,214.67716,29000000.0,0.020037,0.10018,0.00053178
3d5.(4D).4s,5D,2.0,5.0,8.658827,3d5.(4P).4p,5D*,3.0,7.0,14.514684,5.855857,211.72682,36000000.0,0.033872,0.16936,0.00089896
3d5.(4D).4s,5D,2.0,5.0,8.658827,3d5.(4P).4p,5P*,1.0,3.0,14.737759,6.078932,203.95721,60000000.0,0.022451,0.11226,0.00059586
3d5.(4D).4s,5D,2.0,5.0,8.658827,3d5.(4P).4p,3P*,1.0,3.0,14.875914,6.217087,199.4249,34000000.0,0.012163,0.060816,0.00032281
3d5.(4D).4s,5D,2.0,5.0,8.658827,3d5.(4D).4p,5F*,2.0,5.0,14.980557,6.32173,196.12384,200000000.0,0.11533,0.57666,0.0030609
3d5.(4D).4s,5D,2.0,5.0,8.658827,3d5.(4D).4p,5F*,3.0,7.0,15.003193,6.344366,195.4241,400000000.0,0.32063,1.6031,0.0085095
3d5.(4D).4s,5D,2.0,5.0,8.658827,3d5.(4D).4p,5D*,1.0,3.0,15.230633,6.571806,188.66077,200000000.0,0.064033,0.32017,0.0016994
3d5.(4D).4s,5D,2.0,5.0,8.658827,3d5.(4P).4p,3D*,1.0,3.0,15.240343,6.581516,188.38243,150000000.0,0.047883,0.23942,0.0012708
3d5.(4D).4s,5D,2.0,5.0,8.658827,3d5.(4D).4p,5P*,2.0,5.0,15.336492,6.677665,185.66999,320000000.0,0.16538,0.82692,0.0043893
3d5.(4D).4s,5D,2.0,5.0,8.658827,3d5.(4D).4p,5P*,3.0,7.0,15.343123,6.684296,185.4858,130000000.0,0.093876,0.46938,0.0024915
3d5.(4D).4s,5D,2.0,5.0,8.658827,3d5.(4D).4p,3D*,2.0,5.0,15.486133,6.827306,181.60047,6000000.0,0.0029665,0.014833,7.8731e-05
3d5.(4G).4s,3G,5.0,11.0,8.764989,3d5.(4G).4p,5F*,5.0,11.0,14.421451,5.656462,219.19037,2800000.0,0.0020168,0.022185,5.3526e-05
3d5.(4G).4s,3G,5.0,11.0,8.764989,3d5.(4G).4p,3F*,4.0,9.0,14.673582,5.908593,209.83709,419000000.0,0.2263,2.4893,0.006006
3d5.(4G).4s,3G,5.0,11.0,8.764989,3d5.(4G).4p,3H*,6.0,13.0,14.674175,5.909186,209.81604,475000000.0,0.37049,4.0754,0.0098329
3d5.(4G).4s,3G,5.0,11.0,8.764989,3d5.(4G).4p,3H*,5.0,11.0,14.699234,5.934245,208.93003,18000000.0,0.01178,0.12958,0.00031263
3d5.(4G).4s,3G,5.0,11.0,8.764989,3d5.(4G).4p,3G*,5.0,11.0,15.119846,6.354857,195.10148,569000000.0,0.32471,3.5718,0.0086177
3d5.(4G).4s,3G,5.0,11.0,8.764989,3d5.(4D).4p,3F*,4.0,9.0,15.553039,6.78805,182.65069,4600000.0,0.0018824,0.020706,4.9959e-05
3d5.(4G).4s,3G,5.0,11.0,8.764989,3d5.(a 2F).4p,1G*,4.0,9.0,16.658568,7.893579,157.06969,5000000.0,0.0015131,0.016644,4.0157e-05
3d5.(4G).4s,3G,5.0,11.0,8.764989,3d5.(a 2F).4p,3G*,5.0,11.0,16.777125,8.012136,154.7455,17000000.0,0.006103,0.067133,0.00016197
3d5.(4G).4s,3G,5.0,11.0,8.764989,3d5.(4F).4p,5G*,5.0,11.0,16.829048,8.064059,153.74912,7000000.0,0.0024807,0.027288,6.5839e-05
3d5.(4G).4s,3G,5.0,11.0,8.764989,3d5.(2H).4p,3H*,6.0,13.0,17.142623,8.377634,147.99429,3400000.0,0.0013194,0.014513,3.5017e-05
3d5.(4G).4s,3G,5.0,11.0,8.764989,3d5.(a 2G).4p,3F*,4.0,9.0,17.48214,8.717151,142.23018,12000000.0,0.0029777,0.032754,7.9027e-05
3d5.(4G).4s,3G,5.0,11.0,8.764989,3d5.(4F).4p,3F*,4.0,9.0,17.611581,8.846592,140.14911,10000000.0,0.0024093,0.026502,6.3943e-05
3d5.(4G).4s,3G,5.0,11.0,8.764989,3d5.(b 2F).4p,1G*,4.0,9.0,17.894916,9.129927,135.79977,7000000.0,0.0015835,0.017418,4.2025e-05
3d5.(4G).4s,3G,3.0,7.0,8.768839,3d5.(4G).4p,5H*,3.0,7.0,14.251839,5.483,226.12475,2200000.0,0.0016865,0.011805,4.4759e-05
3d5.(4G).4s,3G,3.0,7.0,8.768839,3d5.(4G).4p,5H*,4.0,9.0,14.271991,5.503152,225.2967,2300000.0,0.0022503,0.015752,5.9723e-05
3d5.(4G).4s,3G,3.0,7.0,8.768839,3d5.(4G).4p,3F*,2.0,5.0,14.650432,5.881593,210.80037,440000000.0,0.20938,1.4656,0.0055568
3d5.(4G).4s,3G,3.0,7.0,8.768839,3d5.(4G).4p,3H*,4.0,9.0,14.715239,5.9464,208.50296,410000000.0,0.34357,2.405,0.0091183
3d5.(4G).4s,3G,3.0,7.0,8.768839,3d5.(4G).4p,3G*,3.0,7.0,15.116134,6.347295,195.33392,480000000.0,0.27457,1.922,0.0072871
3d5.(4G).4s,3G,3.0,7.0,8.768839,3d5.(4G).4p,3G*,4.0,9.0,15.118815,6.349976,195.25144,25000000.0,0.018371,0.1286,0.00048757
3d5.(4G).4s,3G,3.0,7.0,8.768839,3d5.(a 2D).4p,3F*,3.0,7.0,16.375838,7.606999,162.987,3600000.0,0.0014337,0.010036,3.8051e-05
3d5.(4G).4s,3G,3.0,7.0,8.768839,3d5.(a 2F).4p,3G*,3.0,7.0,16.681951,7.913112,156.68197,11000000.0,0.0040485,0.028339,0.00010745
3d5.(4G).4s,3G,3.0,7.0,8.768839,3d5.(a 2F).4p,3F*,2.0,5.0,16.96027,8.191431,151.35841,18000000.0,0.0044159,0.030911,0.0001172
3d5.(4G).4s,3G,3.0,7.0,8.768839,3d5.(a 2F).4p,3F*,3.0,7.0,16.960654,8.191815,151.35132,7000000.0,0.002404,0.016828,6.3802e-05
3d5.(4G).4s,3G,3.0,7.0,8.768839,3d5.(2H).4p,3H*,4.0,9.0,17.051306,8.282467,149.69477,4400000.0,0.0019005,0.013304,5.044e-05
3d5.(4G).4s,3G,3.0,7.0,8.768839,3d5.(a 2G).4p,3F*,2.0,5.0,17.450883,8.682044,142.80531,20000000.0,0.0043677,0.030574,0.00011592
3d5.(4G).4s,3G,4.0,9.0,8.769293,3d5.(4G).4p,5G*,3.0,7.0,14.085317,5.316024,233.22731,3100000.0,0.0019662,0.017696,5.2184e-05
3d5.(4G).4s,3G,4.0,9.0,8.769293,3d5.(4G).4p,5G*,5.0,11.0,14.094188,5.324895,232.83877,2000000.0,0.0019868,0.017881,5.2729e-05
3d5.(4G).4s,3G,4.0,9.0,8.769293,3d5.(4G).4p,5F*,4.0,9.0,14.440141,5.670848,218.63432,2100000.0,0.0015049,0.013544,3.9941e-05
3d5.(4G).4s,3G,4.0,9.0,8.769293,3d5.(4G).4p,5F*,3.0,7.0,14.441129,5.671836,218.59623,4200000.0,0.0023402,0.021062,6.2108e-05
3d5.(4G).4s,3G,4.0,9.0,8.769293,3d5.(4G).4p,3H*,5.0,11.0,14.699234,5.929941,209.08167,410000000.0,0.32842,2.9558,0.0087162
3d5.(4G).4s,3G,4.0,9.0,8.769293,3d5.(4G).4p,3H*,4.0,9.0,14.715239,5.945946,208.51888,20000000.0,0.013037,0.11733,0.000346
3d5.(4G).4s,3G,4.0,9.0,8.769293,3d5.(4G).4p,3G*,3.0,7.0,15.116134,6.346841,195.34789,49000000.0,0.021804,0.19623,0.00057867
3d5.(4G).4s,3G,4.0,9.0,8.769293,3d5.(4G).4p,3G*,4.0,9.0,15.118815,6.349522,195.2654,523000000.0,0.29896,2.6906,0.0079344
3d5.(4G).4s,3G,4.0,9.0,8.769293,3d5.(4G).4p,3G*,5.0,11.0,15.119846,6.350553,195.2337,21000000.0,0.014667,0.132,0.00038926
3d5.(4G).4s,3G,4.0,9.0,8.769293,3d5.(a 2D).4p,3F*,4.0,9.0,16.463293,7.694,161.14401,4100000.0,0.0015961,0.014365,4.2362e-05
3d5.(4G).4s,3G,4.0,9.0,8.769293,3d5.(a 2F).4p,1G*,4.0,9.0,16.658568,7.889275,157.15538,5000000.0,0.0018513,0.016662,4.9135e-05
3d5.(4G).4s,3G,4.0,9.0,8.769293,3d5.(a 2F).4p,3G*,4.0,9.0,16.806602,8.037309,154.26083,14000000.0,0.0049946,0.044951,0.00013256
3d5.(4G).4s,3G,4.0,9.0,8.769293,3d5.(a 2F).4p,3F*,3.0,7.0,16.960654,8.191361,151.3597,15000000.0,0.0040071,0.036064,0.00010635
3d5.(4G).4s,3G,4.0,9.0,8.769293,3d5.(2H).4p,3H*,5.0,11.0,17.080507,8.311214,149.177,3800000.0,0.0015495,0.013946,4.1124e-05
3d5.(4P).4s,3P,2.0,5.0,9.141113,3d5.(4P).4p,3P*,2.0,5.0,14.840622,5.699509,217.53488,240000000.0,0.17027,0.85133,0.0045189
3d5.(4P).4s,3P,2.0,5.0,9.141113,3d5.(4P).4p,3D*,3.0,7.0,15.169064,6.027951,205.68216,250000000.0,0.22198,1.1099,0.0058914
3d5.(4P).4s,3P,2.0,5.0,9.141113,3d5.(4D).4p,5D*,2.0,5.0,15.204,6.062887,204.49696,130000000.0,0.081504,0.40752,0.0021631
3d5.(4P).4s,3P,2.0,5.0,9.141113,3d5.(4D).4p,5D*,3.0,7.0,15.228939,6.087826,203.65923,59000000.0,0.051363,0.25681,0.0013632
3d5.(4P).4s,3P,2.0,5.0,9.141113,3d5.(4D).4p,5D*,1.0,3.0,15.230633,6.08952,203.60258,23000000.0,0.0085764,0.042882,0.00022762
3d5.(4P).4s,3P,2.0,5.0,9.141113,3d5.(4D).4p,5P*,2.0,5.0,15.336492,6.195379,200.12367,3500000.0,0.0021015,0.010507,5.5773e-05
3d5.(4P).4s,3P,2.0,5.0,9.141113,3d5.(4D).4p,5P*,3.0,7.0,15.343123,6.20201,199.9097,26000000.0,0.021809,0.10904,0.0005788
3d5.(4P).4s,3P,2.0,5.0,9.141113,3d5.(4P).4p,3S*,1.0,3.0,15.670455,6.529342,189.88774,440000000.0,0.14271,0.71355,0.0037875
3d5.(4P).4s,3P,2.0,5.0,9.141113,3d5.(4F).4p,5G*,3.0,7.0,16.749894,7.608781,162.94883,7000000.0,0.0039011,0.019506,0.00010354
3d5.(4P).4s,3P,2.0,5.0,9.141113,3d5.(a 2F).4p,3D*,3.0,7.0,16.825351,7.684238,161.34872,4000000.0,0.0021856,0.010928,5.8007e-05
3d5.(4P).4s,3P,2.0,5.0,9.141113,3d5.(a 2G).4p,3F*,3.0,7.0,17.443756,8.302643,149.331,7000000.0,0.0032763,0.016382,8.6953e-05
3d5.(4P).4s,3P,1.0,3.0,9.156152,3d5.(4D).4p,5D*,2.0,5.0,15.204,6.047848,205.00548,120000000.0,0.12601,0.37804,0.0033444
3d5.(4P).4s,3P,1.0,3.0,9.156152,3d5.(4D).4p,5D*,1.0,3.0,15.230633,6.074481,204.10665,120000000.0,0.074947,0.22484,0.0019891
3d5.(4P).4s,3P,1.0,3.0,9.156152,3d5.(4P).4p,3D*,2.0,5.0,15.237522,6.08137,203.87544,80000000.0,0.083086,0.24926,0.0022051
3d5.(4P).4s,3P,1.0,3.0,9.156152,3d5.(4P).4p,3D*,1.0,3.0,15.240343,6.084191,203.78091,70000000.0,0.04358,0.13074,0.0011566
3d5.(4P).4s,3P,1.0,3.0,9.156152,3d5.(4D).4p,5D*,0.0,1.0,15.306577,6.150425,201.58639,38000000.0,0.0077169,0.023151,0.00020481
3d5.(4P).4s,3P,1.0,3.0,9.156152,3d5.(4D).4p,5P*,2.0,5.0,15.336492,6.18034,200.61064,43000000.0,0.04324,0.12972,0.0011476
3d5.(4P).4s,3P,1.0,3.0,9.156152,3d5.(4D).4p,3P*,0.0,1.0,15.916098,6.759946,183.41004,250000000.0,0.042027,0.12608,0.0011154
3d5.(4P).4s,3P,1.0,3.0,9.156152,3d5.(4D).4p,3P*,1.0,3.0,15.94508,6.788928,182.62706,50000000.0,0.025001,0.075003,0.00066353
3d5.(4P).4s,3P,1.0,3.0,9.156152,3d5.(a 2D).4p,3D*,2.0,5.0,16.772455,7.616303,162.7879,14000000.0,0.00927,0.02781,0.00024603
3d5.(4P).4s,3P,1.0,3.0,9.156152,3d5.(a 2F).4p,3D*,2.0,5.0,16.92785,7.771698,159.53296,8000000.0,0.0050874,0.015262,0.00013502
3d5.(4P).4s,3P,0.0,1.0,9.166938,3d5.(4D).4p,5D*,1.0,3.0,15.230633,6.063695,204.46971,60000000.0,0.11282,0.11282,0.0029943
3d5.(4P).4s,3P,0.0,1.0,9.166938,3d5.(4P).4p,3D*,1.0,3.0,15.240343,6.073405,204.14281,110000000.0,0.20618,0.20618,0.005472
3d5.(4P).4s,3P,0.0,1.0,9.166938,3d5.(4D).4p,5P*,1.0,3.0,15.318635,6.151697,201.54471,35000000.0,0.063943,0.063943,0.001697
3d5.(4P).4s,3P,0.0,1.0,9.166938,3d5.(4D).4p,3P*,1.0,3.0,15.94508,6.778142,182.91768,70000000.0,0.10534,0.10534,0.0027957
3d5.(4P).4s,3P,0.0,1.0,9.166938,3d5.(a 2D).4p,3D*,1.0,3.0,16.764794,7.597856,163.18314,14000000.0,0.016767,0.016767,0.000445
3d5.(4D).4s,3D,3.0,7.0,9.541454,3d5.(4P).4p,3P*,2.0,5.0,14.840622,5.299168,233.96918,42000000.0,0.024621,0.17234,0.00065343
3d5.(4D).4s,3D,3.0,7.0,9.541454,3d5.(4D).4p,5F*,4.0,9.0,15.03208,5.490626,225.81068,3600000.0,0.0035383,0.024768,9.3907e-05
3d5.(4D).4s,3D,3.0,7.0,9.541454,3d5.(4P).4p,3D*,3.0,7.0,15.169064,5.62761,220.31413,9000000.0,0.0065492,0.045844,0.00017382
3d5.(4D).4s,3D,3.0,7.0,9.541454,3d5.(4D).4p,5D*,3.0,7.0,15.228939,5.687485,217.99477,2200000.0,0.0015674,0.010972,4.1598e-05
3d5.(4D).4s,3D,3.0,7.0,9.541454,3d5.(4D).4p,5D*,4.0,9.0,15.243146,5.701692,217.45159,6000000.0,0.0054687,0.038281,0.00014514
3d5.(4D).4s,3D,3.0,7.0,9.541454,3d5.(4D).4p,3D*,3.0,7.0,15.479937,5.938483,208.78093,370000000.0,0.24179,1.6925,0.0064172
3d5.(4D).4s,3D,3.0,7.0,9.541454,3d5.(4D).4p,3F*,4.0,9.0,15.553039,6.011585,206.24211,463000000.0,0.37961,2.6573,0.010075
3d5.(4D).4s,3D,3.0,7.0,9.541454,3d5.(4D).4p,3F*,2.0,5.0,15.581472,6.040018,205.27124,3500000.0,0.0015793,0.011055,4.1914e-05
3d5.(4D).4s,3D,3.0,7.0,9.541454,3d5.(4D).4p,3P*,2.0,5.0,15.983753,6.442299,192.45334,390000000.0,0.15468,1.0828,0.0041053
3d5.(4D).4s,3D,3.0,7.0,9.541454,3d5.(a 2D).4p,3P*,2.0,5.0,16.646799,7.105345,174.49427,16000000.0,0.0052169,0.036518,0.00013846
3d5.(4D).4s,3D,3.0,7.0,9.541454,3d5.(a 2D).4p,3D*,3.0,7.0,16.734896,7.193442,172.35726,12000000.0,0.0053444,0.037411,0.00014184
3d5.(4D).4s,3D,3.0,7.0,9.541454,3d5.(a 2D).4p,3D*,2.0,5.0,16.772455,7.231001,171.46201,10000000.0,0.0031482,0.022038,8.3554e-05
3d5.(4D).4s,3D,3.0,7.0,9.541454,3d5.(a 2F).4p,3F*,4.0,9.0,16.937833,7.396379,167.62824,5000000.0,0.0027081,0.018957,7.1874e-05
3d6,b 1D,2.0,5.0,9.552322,3d5.(2P).4s,1P,1.0,3.0,16.66892,7.116598,174.21835,150.0,4.0953e-08,2.0477e-07,1.0869e-09
3d6,b 1D,2.0,5.0,9.552322,3d5.(c 2D).4s,1D,2.0,5.0,17.662873,8.110551,152.86779,110.0,3.8538e-08,1.9269e-07,1.0228e-09
3d6,b 1D,2.0,5.0,9.552322,3d5.(b 2D).4p,1D*,2.0,5.0,20.095948,10.543626,117.59161,100000000.0,0.020731,0.10365,0.00055019
3d6,b 1D,2.0,5.0,9.552322,3d5.(b 2G).4p,1F*,3.0,7.0,21.115753,11.563431,107.22094,410000000.0,0.098931,0.49465,0.0026256
3d6,b 1D,2.0,5.0,9.552322,3d5.(c 2D).4p,1D*,2.0,5.0,23.997855,14.445533,85.82875,500000000.0,0.05522,0.2761,0.0014655
3d5.(4D).4s,3D,1.0,3.0,9.556164,3d5.(4P).4p,3P*,1.0,3.0,14.875914,5.31975,233.06396,22000000.0,0.017916,0.053747,0.00047548
3d5.(4D).4s,3D,1.0,3.0,9.556164,3d5.(4P).4p,3P*,0.0,1.0,14.900428,5.344264,231.9949,120000000.0,0.032276,0.096827,0.0008566
3d5.(4D).4s,3D,1.0,3.0,9.556164,3d5.(4D).4p,5F*,2.0,5.0,14.980557,5.424393,228.56788,2000000.0,0.0026108,0.0078323,6.929e-05
3d5.(4D).4s,3D,1.0,3.0,9.556164,3d5.(4D).4p,5P*,2.0,5.0,15.336492,5.780328,214.49336,2300000.0,0.002644,0.007932,7.0172e-05
3d5.(4D).4s,3D,1.0,3.0,9.556164,3d5.(4D).4p,3D*,2.0,5.0,15.486133,5.929969,209.08069,70000000.0,0.07646,0.22938,0.0020292
3d5.(4D).4s,3D,1.0,3.0,9.556164,3d5.(4D).4p,3D*,1.0,3.0,15.492457,5.936293,208.85795,300000000.0,0.19619,0.58858,0.005207
3d5.(4D).4s,3D,1.0,3.0,9.556164,3d5.(4D).4p,3F*,2.0,5.0,15.581472,6.025308,205.77238,350000000.0,0.3703,1.1109,0.0098277
3d5.(4D).4s,3D,1.0,3.0,9.556164,3d5.(4D).4p,3P*,0.0,1.0,15.916098,6.359934,194.94573,380000000.0,0.072169,0.21651,0.0019154
3d5.(4D).4s,3D,1.0,3.0,9.556164,3d5.(a 2D).4p,3P*,1.0,3.0,16.682001,7.125837,173.99247,37000000.0,0.016793,0.050378,0.00044568
3d5.(4D).4s,3D,1.0,3.0,9.556164,3d5.(a 2D).4p,3P*,0.0,1.0,16.748846,7.192682,172.37548,36000000.0,0.0053455,0.016037,0.00014187
3d5.(4D).4s,3D,1.0,3.0,9.556164,3d5.(a 2F).4p,3F*,2.0,5.0,16.96027,7.404106,167.4533,7000000.0,0.0049045,0.014713,0.00013017
3d5.(4D).4s,3D,2.0,5.0,9.559511,3d5.(4D).4p,5F*,3.0,7.0,15.003193,5.443682,227.75797,3300000.0,0.0035929,0.017965,9.5356e-05
3d5.(4D).4s,3D,2.0,5.0,9.559511,3d5.(4D).4p,3D*,2.0,5.0,15.486133,5.926622,209.19876,250000000.0,0.16403,0.82014,0.0043533
3d5.(4D).4s,3D,2.0,5.0,9.559511,3d5.(4D).4p,3F*,3.0,7.0,15.57714,6.017629,206.03497,410000000.0,0.3653,1.8265,0.0096951
3d5.(4D).4s,3D,2.0,5.0,9.559511,3d5.(4D).4p,3P*,1.0,3.0,15.94508,6.385569,194.16312,280000000.0,0.094952,0.47476,0.00252
3d5.(4D).4s,3D,2.0,5.0,9.559511,3d5.(4D).4p,3P*,2.0,5.0,15.983753,6.424242,192.99428,90000000.0,0.050256,0.25128,0.0013338
3d5.(4D).4s,3D,2.0,5.0,9.559511,3d5.(a 2D).4p,1D*,2.0,5.0,16.297118,6.737607,184.01815,3800000.0,0.0019291,0.0096457,5.1199e-05
3d5.(4D).4s,3D,2.0,5.0,9.559511,3d5.(a 2D).4p,3D*,1.0,3.0,16.764794,7.205283,172.07402,28000000.0,0.0074576,0.037288,0.00019792
3d5.(4D).4s,3D,2.0,5.0,9.559511,3d5.(a 2F).4p,3F*,3.0,7.0,16.960654,7.401143,167.52034,11000000.0,0.0064791,0.032396,0.00017196
3d5.(2I).4s,3I,7.0,15.0,9.898941,3d5.(4G).4p,3H*,6.0,13.0,14.674175,4.775234,259.64005,4000000.0,0.0035036,0.052554,9.2986e-05
3d5.(2I).4s,3I,7.0,15.0,9.898941,3d5.(2I).4p,3K*,6.0,13.0,16.099966,6.201025,199.94146,14000000.0,0.0072719,0.10908,0.000193
3d5.(2I).4s,3I,7.0,15.0,9.898941,3d5.(2I).4p,3K*,7.0,15.0,16.12298,6.224039,199.20216,260000000.0,0.15468,2.3201,0.0041051
3d5.(2I).4s,3I,7.0,15.0,9.898941,3d5.(2I).4p,3K*,8.0,17.0,16.223616,6.324675,196.03252,609000000.0,0.39764,5.9646,0.010553
3d5.(2I).4s,3I,7.0,15.0,9.898941,3d5.(2I).4p,3I*,7.0,15.0,16.246287,6.347346,195.33235,311000000.0,0.1779,2.6685,0.0047214
3d5.(2I).4s,3I,7.0,15.0,9.898941,3d5.(2I).4p,3H*,6.0,13.0,16.398479,6.499538,190.75848,534000000.0,0.25248,3.7871,0.0067007
3d5.(2I).4s,3I,7.0,15.0,9.898941,3d5.(2H).4p,3H*,6.0,13.0,17.142623,7.243682,171.16185,5000000.0,0.0019032,0.028549,5.0512e-05
3d5.(2I).4s,3I,7.0,15.0,9.898941,3d5.(2H).4p,3I*,7.0,15.0,17.38214,7.483199,165.68342,23000000.0,0.0094655,0.14198,0.00025122
3d5.(2I).4s,3I,6.0,13.0,9.899523,3d5.(4G).4p,3H*,5.0,11.0,14.699234,4.799711,258.31597,3900000.0,0.0033012,0.042916,8.7615e-05
3d5.(2I).4s,3I,6.0,13.0,9.899523,3d5.(2I).4p,3K*,6.0,13.0,16.099966,6.200443,199.96023,210000000.0,0.12588,1.6365,0.0033409
3d5.(2I).4s,3I,6.0,13.0,9.899523,3d5.(2I).4p,3K*,7.0,15.0,16.12298,6.223457,199.22078,285000000.0,0.19567,2.5437,0.0051931
3d5.(2I).4s,3I,6.0,13.0,9.899523,3d5.(2I).4p,3I*,5.0,11.0,16.149738,6.250215,198.36789,64000000.0,0.031947,0.41531,0.00084788
3d5.(2I).4s,3I,6.0,13.0,9.899523,3d5.(2I).4p,3I*,6.0,13.0,16.211791,6.312268,196.41783,290000000.0,0.16773,2.1805,0.0044516
3d5.(2I).4s,3I,6.0,13.0,9.899523,3d5.(2I).4p,3I*,7.0,15.0,16.246287,6.346764,195.35026,291000000.0,0.1921,2.4973,0.0050983
3d5.(2I).4s,3I,6.0,13.0,9.899523,3d5.(2I).4p,1K*,7.0,15.0,16.36489,6.465367,191.76668,23000000.0,0.014631,0.19021,0.00038831
3d5.(2I).4s,3I,6.0,13.0,9.899523,3d5.(2I).4p,3H*,6.0,13.0,16.398479,6.498956,190.77556,83000000.0,0.045288,0.58874,0.0012019
3d5.(2I).4s,3I,6.0,13.0,9.899523,3d5.(2I).4p,3H*,5.0,11.0,16.435954,6.536431,189.6818,551000000.0,0.25148,3.2693,0.0066744
3d5.(2I).4s,3I,6.0,13.0,9.899523,3d5.(2H).4p,1H*,5.0,11.0,17.958243,8.05872,153.85098,270000.0,8.1072e-05,0.0010539,2.1517e-06
3d5.(2I).4s,3I,5.0,11.0,9.901471,3d5.(4G).4p,3H*,4.0,9.0,14.715239,4.813768,257.56164,4100000.0,0.0033362,0.036698,8.8543e-05
3d5.(2I).4s,3I,5.0,11.0,9.901471,3d5.(2I).4p,3K*,6.0,13.0,16.099966,6.198495,200.02307,346000000.0,0.24527,2.698,0.0065095
3d5.(2I).4s,3I,5.0,11.0,9.901471,3d5.(2I).4p,3I*,5.0,11.0,16.149738,6.248267,198.42974,424000000.0,0.25029,2.7532,0.0066426
3d5.(2I).4s,3I,5.0,11.0,9.901471,3d5.(2I).4p,3I*,6.0,13.0,16.211791,6.31032,196.47846,230000000.0,0.15731,1.7305,0.0041751
3d5.(2I).4s,3I,5.0,11.0,9.901471,3d5.(2I).4p,1H*,5.0,11.0,16.330049,6.428578,192.86411,110000000.0,0.061342,0.67476,0.001628
3d5.(2I).4s,3I,5.0,11.0,9.901471,3d5.(2I).4p,3H*,6.0,13.0,16.398479,6.497008,190.83276,5000000.0,0.0032262,0.035488,8.5622e-05
3d5.(2I).4s,3I,5.0,11.0,9.901471,3d5.(2I).4p,3H*,5.0,11.0,16.435954,6.534483,189.73834,34000000.0,0.018351,0.20186,0.00048702
3d5.(2I).4s,3I,5.0,11.0,9.901471,3d5.(2I).4p,3H*,4.0,9.0,16.447679,6.546208,189.3985,612000000.0,0.26929,2.9621,0.0071469
3d5.(2I).4s,3I,5.0,11.0,9.901471,3d5.(2H).4p,3H*,4.0,9.0,17.051306,7.149835,173.40848,12000000.0,0.0044262,0.048688,0.00011747
3d5.(6S).4p,7P*,2.0,5.0,10.166967,3d5.(6S).4d,7D,1.0,3.0,18.26062,8.093653,153.18695,1900000000.0,0.40106,2.0053,0.010644
3d5.(6S).4p,7P*,2.0,5.0,10.166967,3d5.(6S).4d,7D,2.0,5.0,18.2618,8.094833,153.16462,1250000000.0,0.43963,2.1981,0.011668
3d5.(6S).4p,7P*,2.0,5.0,10.166967,3d5.(6S).4d,7D,3.0,7.0,18.26364,8.096673,153.12981,540000000.0,0.26577,1.3288,0.0070535
3d5.(6S).4p,7P*,2.0,5.0,10.166967,3d5.(6S).5s,7S,3.0,7.0,18.509,8.342033,148.62588,330000000.0,0.153,0.765,0.0040606
3d5.(6S).4p,7P*,3.0,7.0,10.208168,3d5.(6S).4d,7D,2.0,5.0,18.2618,8.053632,153.94818,610000000.0,0.15481,1.0837,0.0041088
3d5.(6S).4p,7P*,3.0,7.0,10.208168,3d5.(6S).4d,7D,3.0,7.0,18.26364,8.055472,153.91302,1150000000.0,0.40842,2.8589,0.010839
3d5.(6S).4p,7P*,3.0,7.0,10.208168,3d5.(6S).4d,7D,4.0,9.0,18.26623,8.058062,153.86354,1150000000.0,0.52478,3.6734,0.013928
3d5.(6S).4p,7P*,3.0,7.0,10.208168,3d5.(6S).5s,7S,3.0,7.0,18.509,8.300832,149.36358,460000000.0,0.15385,1.077,0.0040833
3d5.(a 2D).4s,3D,3.0,7.0,10.2142,3d5.(4D).4p,3D*,3.0,7.0,15.479937,5.265737,235.4546,9000000.0,0.0074803,0.052362,0.00019853
3d5.(a 2D).4s,3D,3.0,7.0,10.2142,3d5.(4D).4p,3P*,2.0,5.0,15.983753,5.769553,214.89394,13000000.0,0.0064287,0.045001,0.00017062
3d5.(a 2D).4s,3D,3.0,7.0,10.2142,3d5.(a 2D).4p,3F*,3.0,7.0,16.375838,6.161638,201.21954,190000000.0,0.11533,0.80733,0.0030609
3d5.(a 2D).4s,3D,3.0,7.0,10.2142,3d5.(a 2D).4p,3F*,4.0,9.0,16.463293,6.249093,198.40351,330000000.0,0.25039,1.7527,0.0066453
3d5.(a 2D).4s,3D,3.0,7.0,10.2142,3d5.(a 2D).4p,3P*,2.0,5.0,16.646799,6.432599,192.74355,500000000.0,0.19891,1.3924,0.0052791
3d5.(a 2D).4s,3D,3.0,7.0,10.2142,3d5.(a 2F).4p,3G*,3.0,7.0,16.681951,6.467751,191.696,3400000.0,0.0018731,0.013112,4.9712e-05
3d5.(a 2D).4s,3D,3.0,7.0,10.2142,3d5.(a 2D).4p,3D*,3.0,7.0,16.734896,6.520696,190.13952,160000000.0,0.086721,0.60705,0.0023016
3d5.(a 2D).4s,3D,3.0,7.0,10.2142,3d5.(4F).4p,5G*,3.0,7.0,16.749894,6.535694,189.70319,90000000.0,0.048557,0.3399,0.0012887
3d5.(a 2D).4s,3D,3.0,7.0,10.2142,3d5.(a 2F).4p,3G*,4.0,9.0,16.806602,6.592402,188.07136,140000000.0,0.09545,0.66815,0.0025333
3d5.(a 2D).4s,3D,3.0,7.0,10.2142,3d5.(a 2D).4p,1F*,3.0,7.0,16.886657,6.672457,185.81491,17000000.0,0.0087997,0.061598,0.00023354
3d5.(a 2D).4s,3D,3.0,7.0,10.2142,3d5.(a 2F).4p,3F*,4.0,9.0,16.937833,6.723633,184.4006,90000000.0,0.058989,0.41292,0.0015656
3d5.(a 2D).4s,3D,3.0,7.0,10.2142,3d5.(4F).4p,5D*,3.0,7.0,17.038266,6.824066,181.68669,6000000.0,0.0029693,0.020785,7.8806e-05
3d5.(a 2D).4s,3D,3.0,7.0,10.2142,3d5.(4F).4p,3F*,4.0,9.0,17.611581,7.397381,167.60553,6000000.0,0.0032489,0.022742,8.6225e-05
3d5.(a 2D).4s,3D,2.0,5.0,10.21768,3d5.(4P).4p,3P*,1.0,3.0,14.875914,4.658234,266.16138,2200000.0,0.0014019,0.0070096,3.7207e-05
3d5.(a 2D).4s,3D,2.0,5.0,10.21768,3d5.(4D).4p,3D*,2.0,5.0,15.486133,5.268453,235.33322,6000000.0,0.0049817,0.024908,0.00013221
3d5.(a 2D).4s,3D,2.0,5.0,10.21768,3d5.(4D).4p,3P*,1.0,3.0,15.94508,5.7274,216.47554,8000000.0,0.0033722,0.016861,8.9499e-05
3d5.(a 2D).4s,3D,2.0,5.0,10.21768,3d5.(a 2D).4p,3F*,3.0,7.0,16.375838,6.158158,201.33325,210000000.0,0.17866,0.89332,0.0047418
3d5.(a 2D).4s,3D,2.0,5.0,10.21768,3d5.(a 2D).4p,3P*,1.0,3.0,16.682001,6.464321,191.79771,540000000.0,0.17869,0.89343,0.0047423
3d5.(a 2D).4s,3D,2.0,5.0,10.21768,3d5.(a 2D).4p,3D*,3.0,7.0,16.734896,6.517216,190.24105,290000000.0,0.22029,1.1014,0.0058465
3d5.(a 2D).4s,3D,2.0,5.0,10.21768,3d5.(a 2D).4p,3D*,2.0,5.0,16.772455,6.554775,189.15096,390000000.0,0.20919,1.046,0.0055519
3d5.(a 2D).4s,3D,2.0,5.0,10.21768,3d5.(4F).4p,5F*,3.0,7.0,16.862954,6.645274,186.575,9000000.0,0.0065756,0.032878,0.00017452
3d5.(a 2D).4s,3D,2.0,5.0,10.21768,3d5.(a 2F).4p,3F*,2.0,5.0,16.96027,6.74259,183.88216,5000000.0,0.0025346,0.012673,6.7268e-05
3d5.(a 2D).4s,3D,2.0,5.0,10.21768,3d5.(a 2F).4p,3F*,3.0,7.0,16.960654,6.742974,183.87168,35000000.0,0.024836,0.12418,0.00065915
3d5.(a 2D).4s,3D,2.0,5.0,10.21768,3d5.(a 2G).4p,3F*,3.0,7.0,17.443756,7.226076,171.57887,3400000.0,0.0021008,0.010504,5.5756e-05
3d5.(a 2D).4s,3D,2.0,5.0,10.21768,3d5.(b 2F).4p,3D*,1.0,3.0,18.294648,8.076968,153.50339,18000000.0,0.0038152,0.019076,0.00010126
3d5.(a 2D).4s,3D,1.0,3.0,10.228095,3d5.(4G).4p,5G*,2.0,5.0,14.08266,3.854565,321.65549,600000.0,0.0015511,0.0046533,4.1166e-05
3d5.(a 2D).4s,3D,1.0,3.0,10.228095,3d5.(a 2D).4p,3F*,2.0,5.0,16.378947,6.150852,201.5724,150000000.0,0.15229,0.45686,0.0040417
3d5.(a 2D).4s,3D,1.0,3.0,10.228095,3d5.(4F).4p,5G*,2.0,5.0,16.730201,6.502106,190.68314,300000000.0,0.27256,0.81767,0.0072336
3d5.(a 2D).4s,3D,1.0,3.0,10.228095,3d5.(a 2D).4p,3P*,0.0,1.0,16.748846,6.520751,190.13791,520000000.0,0.093946,0.28184,0.0024933
3d5.(a 2D).4s,3D,1.0,3.0,10.228095,3d5.(a 2D).4p,3D*,1.0,3.0,16.764794,6.536699,189.67402,540000000.0,0.29125,0.87376,0.0077298
3d5.(6S).4p,7P*,4.0,9.0,10.271718,3d5.(6S).4d,7D,3.0,7.0,18.26364,7.991922,155.1369,160000000.0,0.044902,0.40412,0.0011917
3d5.(6S).4p,7P*,4.0,9.0,10.271718,3d5.(6S).4d,7D,4.0,9.0,18.26623,7.994512,155.08664,680000000.0,0.2452,2.2068,0.0065076
3d5.(6S).4p,7P*,4.0,9.0,10.271718,3d5.(6S).4d,7D,5.0,11.0,18.26968,7.997962,155.01974,1810000000.0,0.79701,7.1731,0.021153
3d5.(6S).4p,7P*,4.0,9.0,10.271718,3d5.(6S).5s,7S,3.0,7.0,18.509,8.237282,150.51591,580000000.0,0.15322,1.379,0.0040664
3d5.(4F).4s,5F,5.0,11.0,10.30788,3d5.(4G).4p,5G*,6.0,13.0,14.101961,3.794081,326.78321,2200000.0,0.0041625,0.045787,0.00011047
3d5.(4F).4s,5F,5.0,11.0,10.30788,3d5.(4G).4p,5F*,5.0,11.0,14.421451,4.113571,301.40284,6000000.0,0.0081716,0.089887,0.00021687
3d5.(4F).4s,5F,5.0,11.0,10.30788,3d5.(4P).4p,5D*,4.0,9.0,14.57087,4.26299,290.83859,2500000.0,0.0025939,0.028533,6.8842e-05
3d5.(4F).4s,5F,5.0,11.0,10.30788,3d5.(4D).4p,5F*,5.0,11.0,15.060244,4.752364,260.88952,4300000.0,0.0043877,0.048265,0.00011645
3d5.(4F).4s,5F,5.0,11.0,10.30788,3d5.(a 2F).4p,3G*,5.0,11.0,16.777125,6.469245,191.65173,150000000.0,0.082599,0.90859,0.0021922
3d5.(4F).4s,5F,5.0,11.0,10.30788,3d5.(2I).4p,1I*,6.0,13.0,16.81004,6.50216,190.68156,40000000.0,0.025768,0.28345,0.00068389
3d5.(4F).4s,5F,5.0,11.0,10.30788,3d5.(4F).4p,5G*,6.0,13.0,16.82957,6.52169,190.11054,611000000.0,0.39126,4.3038,0.010384
3d5.(4F).4s,5F,5.0,11.0,10.30788,3d5.(4F).4p,5F*,4.0,9.0,16.860715,6.552835,189.20696,280000000.0,0.12295,1.3525,0.0032632
3d5.(4F).4s,5F,5.0,11.0,10.30788,3d5.(4F).4p,5F*,5.0,11.0,16.884808,6.576928,188.51384,455000000.0,0.24241,2.6666,0.0064337
3d5.(4F).4s,5F,5.0,11.0,10.30788,3d5.(4F).4p,5D*,4.0,9.0,17.011859,6.703979,184.94121,350000000.0,0.14684,1.6152,0.0038971
3d5.(4F).4s,5F,5.0,11.0,10.30788,3d5.(2H).4p,3G*,5.0,11.0,17.116589,6.808709,182.09649,5000000.0,0.0024856,0.027342,6.5968e-05
3d5.(4F).4s,5F,5.0,11.0,10.30788,3d5.(2H).4p,3H*,6.0,13.0,17.142623,6.834743,181.40287,6000000.0,0.0034982,0.038481,9.2843e-05
3d5.(4F).4s,5F,5.0,11.0,10.30788,3d5.(a 2G).4p,3F*,4.0,9.0,17.48214,7.17426,172.8181,4200000.0,0.0015386,0.016925,4.0836e-05
3d5.(4F).4s,5F,4.0,9.0,10.310749,3d5.(4G).4p,5G*,5.0,11.0,14.094188,3.783439,327.70239,2000000.0,0.0039355,0.035419,0.00010445
3d5.(4F).4s,5F,4.0,9.0,10.310749,3d5.(4G).4p,5F*,5.0,11.0,14.421451,4.110702,301.6132,380000.0,0.00063342,0.0057008,1.6811e-05
3d5.(4F).4s,5F,4.0,9.0,10.310749,3d5.(4G).4p,5F*,4.0,9.0,14.440141,4.129392,300.24807,5000000.0,0.0067576,0.060818,0.00017935
3d5.(4F).4s,5F,4.0,9.0,10.310749,3d5.(4P).4p,5D*,3.0,7.0,14.514684,4.203935,294.92416,2700000.0,0.0027384,0.024646,7.2678e-05
3d5.(4F).4s,5F,4.0,9.0,10.310749,3d5.(4D).4p,5F*,4.0,9.0,15.03208,4.721331,262.60433,2300000.0,0.0023779,0.021401,6.3109e-05
3d5.(4F).4s,5F,4.0,9.0,10.310749,3d5.(4D).4p,5D*,3.0,7.0,15.228939,4.91819,252.09314,2100000.0,0.0015562,0.014006,4.1301e-05
3d5.(4F).4s,5F,4.0,9.0,10.310749,3d5.(4D).4p,5P*,3.0,7.0,15.343123,5.032374,246.37318,1700000.0,0.0012032,0.010829,3.1934e-05
3d5.(4F).4s,5F,4.0,9.0,10.310749,3d5.(a 2F).4p,1G*,4.0,9.0,16.658568,6.347819,195.31779,10000000.0,0.0057193,0.051474,0.00015179
3d5.(4F).4s,5F,4.0,9.0,10.310749,3d5.(4F).4p,5G*,3.0,7.0,16.749894,6.439145,192.54761,31000000.0,0.013401,0.12061,0.00035568
3d5.(4F).4s,5F,4.0,9.0,10.310749,3d5.(4F).4p,5G*,4.0,9.0,16.767603,6.456854,192.01952,180000000.0,0.0995,0.8955,0.0026407
3d5.(4F).4s,5F,4.0,9.0,10.310749,3d5.(a 2F).4p,3G*,5.0,11.0,16.777125,6.466376,191.73676,330000000.0,0.2223,2.0007,0.0058998
3d5.(4F).4s,5F,4.0,9.0,10.310749,3d5.(a 2F).4p,3D*,3.0,7.0,16.825351,6.514602,190.31738,30000000.0,0.01267,0.11403,0.00033627
3d5.(4F).4s,5F,4.0,9.0,10.310749,3d5.(4F).4p,5G*,5.0,11.0,16.829048,6.518299,190.20944,140000000.0,0.092812,0.8353,0.0024632
3d5.(4F).4s,5F,4.0,9.0,10.310749,3d5.(4F).4p,5F*,4.0,9.0,16.860715,6.549966,189.28984,180000000.0,0.096691,0.87022,0.0025662
3d5.(4F).4s,5F,4.0,9.0,10.310749,3d5.(4F).4p,5F*,3.0,7.0,16.862954,6.552205,189.22515,320000000.0,0.13361,1.2024,0.0035459
3d5.(4F).4s,5F,4.0,9.0,10.310749,3d5.(4F).4p,5F*,5.0,11.0,16.884808,6.574059,188.59611,170000000.0,0.1108,0.99716,0.0029405
3d5.(4F).4s,5F,4.0,9.0,10.310749,3d5.(4F).4p,5D*,4.0,9.0,17.011859,6.70111,185.02039,250000000.0,0.1283,1.1547,0.0034052
3d5.(4F).4s,5F,4.0,9.0,10.310749,3d5.(4F).4p,5D*,3.0,7.0,17.038266,6.727517,184.29414,250000000.0,0.09901,0.89109,0.0026277
3d5.(4F).4s,5F,4.0,9.0,10.310749,3d5.(2H).4p,3H*,5.0,11.0,17.080507,6.769758,183.14421,2100000.0,0.0012907,0.011616,3.4254e-05
3d5.(4F).4s,5F,4.0,9.0,10.310749,3d5.(2H).4p,3G*,4.0,9.0,17.12261,6.811861,182.01223,5000000.0,0.0024833,0.02235,6.5907e-05
3d5.(4F).4s,5F,4.0,9.0,10.310749,3d5.(a 2G).4p,1G*,4.0,9.0,17.336361,7.025612,176.47459,2800000.0,0.0013073,0.011766,3.4696e-05
3d5.(4F).4s,5F,4.0,9.0,10.310749,3d5.(4F).4p,3D*,3.0,7.0,17.539629,7.22888,171.51232,7000000.0,0.0024011,0.02161,6.3724e-05
3d5.(4F).4s,5F,3.0,7.0,10.32022,3d5.(4G).4p,5G*,4.0,9.0,14.089014,3.768794,328.97579,1700000.0,0.0035463,0.024824,9.412e-05
3d5.(4F).4s,5F,3.0,7.0,10.32022,3d5.(4G).4p,5F*,4.0,9.0,14.440141,4.119921,300.93829,800000.0,0.0013965,0.0097757,3.7064e-05
3d5.(4F).4s,5F,3.0,7.0,10.32022,3d5.(4D).4p,5F*,3.0,7.0,15.003193,4.682973,264.75531,1100000.0,0.001156,0.0080917,3.0679e-05
3d5.(4F).4s,5F,3.0,7.0,10.32022,3d5.(a 2D).4p,3P*,2.0,5.0,16.646799,6.326579,195.97352,11000000.0,0.004524,0.031668,0.00012007
3d5.(4F).4s,5F,3.0,7.0,10.32022,3d5.(a 2F).4p,1G*,4.0,9.0,16.658568,6.338348,195.60964,24000000.0,0.017701,0.12391,0.00046978
3d5.(4F).4s,5F,3.0,7.0,10.32022,3d5.(4F).4p,5G*,2.0,5.0,16.730201,6.409981,193.42366,6000000.0,0.0024038,0.016827,6.3797e-05
3d5.(4F).4s,5F,3.0,7.0,10.32022,3d5.(a 2D).4p,3D*,3.0,7.0,16.734896,6.414676,193.28209,40000000.0,0.022403,0.15682,0.00059457
3d5.(4F).4s,5F,3.0,7.0,10.32022,3d5.(4F).4p,5G*,3.0,7.0,16.749894,6.429674,192.83124,100000000.0,0.055746,0.39022,0.0014795
3d5.(4F).4s,5F,3.0,7.0,10.32022,3d5.(4F).4p,5G*,4.0,9.0,16.767603,6.447383,192.30159,340000000.0,0.24235,1.6965,0.0064321
3d5.(4F).4s,5F,3.0,7.0,10.32022,3d5.(4F).4p,5F*,4.0,9.0,16.860715,6.540495,189.56394,150000000.0,0.1039,0.72729,0.0027575
3d5.(4F).4s,5F,3.0,7.0,10.32022,3d5.(4F).4p,5F*,3.0,7.0,16.862954,6.542734,189.49907,140000000.0,0.075371,0.52759,0.0020003
3d5.(4F).4s,5F,3.0,7.0,10.32022,3d5.(4F).4p,5F*,2.0,5.0,16.876475,6.556255,189.10826,370000000.0,0.14169,0.99186,0.0037606
3d5.(4F).4s,5F,3.0,7.0,10.32022,3d5.(a 2F).4p,3F*,4.0,9.0,16.937833,6.617613,187.35486,38000000.0,0.025711,0.17998,0.00068237
3d5.(4F).4s,5F,3.0,7.0,10.32022,3d5.(4F).4p,5D*,3.0,7.0,17.038266,6.718046,184.55396,290000000.0,0.14808,1.0366,0.0039301
3d5.(4F).4s,5F,3.0,7.0,10.32022,3d5.(4F).4p,5D*,2.0,5.0,17.053369,6.733149,184.13999,200000000.0,0.07262,0.50834,0.0019273
3d5.(4F).4s,5F,3.0,7.0,10.32022,3d5.(2H).4p,3G*,4.0,9.0,17.12261,6.80239,182.26564,7000000.0,0.0044824,0.031377,0.00011896
3d5.(4F).4s,5F,3.0,7.0,10.32022,3d5.(2H).4p,3G*,3.0,7.0,17.133123,6.812903,181.98439,3400000.0,0.0016881,0.011817,4.4803e-05
3d5.(4F).4s,5F,2.0,5.0,10.335224,3d5.(4G).4p,5G*,3.0,7.0,14.085317,3.750093,330.61633,1400000.0,0.0032119,0.01606,8.5244e-05
3d5.(4F).4s,5F,2.0,5.0,10.335224,3d5.(4D).4p,5D*,2.0,5.0,15.204,4.868776,254.65168,2700000.0,0.0026249,0.013125,6.9665e-05
3d5.(4F).4s,5F,2.0,5.0,10.335224,3d5.(a 2D).4p,3P*,2.0,5.0,16.646799,6.311575,196.4394,10000000.0,0.0057852,0.028926,0.00015354
3d5.(4F).4s,5F,2.0,5.0,10.335224,3d5.(a 2F).4p,3G*,3.0,7.0,16.681951,6.346727,195.3514,51000000.0,0.04085,0.20425,0.0010842
3d5.(4F).4s,5F,2.0,5.0,10.335224,3d5.(4F).4p,5G*,2.0,5.0,16.730201,6.394977,193.87747,140000000.0,0.078894,0.39447,0.0020938
3d5.(4F).4s,5F,2.0,5.0,10.335224,3d5.(a 2D).4p,3D*,3.0,7.0,16.734896,6.399672,193.73524,70000000.0,0.055145,0.27572,0.0014635
3d5.(4F).4s,5F,2.0,5.0,10.335224,3d5.(4F).4p,5G*,3.0,7.0,16.749894,6.41467,193.28227,210000000.0,0.16466,0.82331,0.0043701
3d5.(4F).4s,5F,2.0,5.0,10.335224,3d5.(a 2D).4p,3D*,1.0,3.0,16.764794,6.42957,192.83436,11000000.0,0.0036794,0.018397,9.765e-05
3d5.(4F).4s,5F,2.0,5.0,10.335224,3d5.(a 2D).4p,3D*,2.0,5.0,16.772455,6.437231,192.60486,35000000.0,0.019465,0.097327,0.00051661
3d5.(4F).4s,5F,2.0,5.0,10.335224,3d5.(4F).4p,5F*,3.0,7.0,16.862954,6.52773,189.93463,90000000.0,0.068146,0.34073,0.0018086
3d5.(4F).4s,5F,2.0,5.0,10.335224,3d5.(a 2D).4p,1F*,3.0,7.0,16.886657,6.551433,189.24745,37000000.0,0.027813,0.13907,0.00073816
3d5.(4F).4s,5F,2.0,5.0,10.335224,3d5.(a 2F).4p,3D*,1.0,3.0,16.891119,6.555895,189.11865,330000000.0,0.10617,0.53084,0.0028177
3d5.(4F).4s,5F,2.0,5.0,10.335224,3d5.(a 2F).4p,3F*,3.0,7.0,16.960654,6.62543,187.13381,80000000.0,0.058801,0.294,0.0015606
3d5.(4F).4s,5F,2.0,5.0,10.335224,3d5.(4F).4p,5D*,3.0,7.0,17.038266,6.703042,184.96706,53000000.0,0.038059,0.19029,0.0010101
3d5.(4F).4s,5F,2.0,5.0,10.335224,3d5.(4F).4p,5D*,2.0,5.0,17.053369,6.718145,184.55124,250000000.0,0.12765,0.63827,0.0033879
3d5.(4F).4s,5F,2.0,5.0,10.335224,3d5.(4F).4p,5D*,1.0,3.0,17.055413,6.720189,184.49511,230000000.0,0.070422,0.35211,0.001869
3d5.(4F).4s,5F,2.0,5.0,10.335224,3d5.(2H).4p,3G*,3.0,7.0,17.133123,6.797899,182.38606,5000000.0,0.0034909,0.017455,9.2649e-05
3d5.(4F).4s,5F,2.0,5.0,10.335224,3d5.(b 2F).4p,3D*,1.0,3.0,18.294648,7.959424,155.77032,14000000.0,0.0030557,0.015278,8.1098e-05
3d5.(2I).4s,1I,6.0,13.0,10.343984,3d5.(2I).4p,3K*,6.0,13.0,16.099966,5.755982,215.4006,1300000.0,0.00090427,0.011755,2.3999e-05
3d5.(2I).4s,1I,6.0,13.0,10.343984,3d5.(2I).4p,3I*,5.0,11.0,16.149738,5.805754,213.554,57000000.0,0.032976,0.42869,0.00087519
3d5.(2I).4s,1I,6.0,13.0,10.343984,3d5.(2I).4p,3I*,6.0,13.0,16.211791,5.867807,211.29563,1300000.0,0.00087013,0.011312,2.3093e-05
3d5.(2I).4s,1I,6.0,13.0,10.343984,3d5.(2I).4p,1H*,5.0,11.0,16.330049,5.986065,207.12137,336000000.0,0.18285,2.3771,0.0048529
3d5.(2I).4s,1I,6.0,13.0,10.343984,3d5.(2I).4p,1K*,7.0,15.0,16.36489,6.020906,205.92283,500000000.0,0.36676,4.7679,0.0097339
3d5.(2I).4s,1I,6.0,13.0,10.343984,3d5.(2I).4p,3H*,6.0,13.0,16.398479,6.054495,204.78041,6000000.0,0.0037721,0.049038,0.00010011
3d5.(2I).4s,1I,6.0,13.0,10.343984,3d5.(2I).4p,3H*,5.0,11.0,16.435954,6.09197,203.5207,22000000.0,0.01156,0.15028,0.0003068
3d5.(2I).4s,1I,6.0,13.0,10.343984,3d5.(2I).4p,1I*,6.0,13.0,16.81004,6.466056,191.74625,586000000.0,0.32301,4.1991,0.0085726
3d5.(2I).4s,1I,6.0,13.0,10.343984,3d5.(4F).4p,5G*,6.0,13.0,16.82957,6.485586,191.16884,14000000.0,0.0076705,0.099716,0.00020357
3d5.(2I).4s,1I,6.0,13.0,10.343984,3d5.(2H).4p,1H*,5.0,11.0,17.958243,7.614259,162.8316,80000000.0,0.026908,0.3498,0.00071413
3d5.(4F).4s,5F,1.0,3.0,10.370938,3d5.(4G).4p,5F*,1.0,3.0,14.498447,4.127509,300.38505,1500000.0,0.0020291,0.0060874,5.3853e-05
3d5.(4F).4s,5F,1.0,3.0,10.370938,3d5.(a 2D).4p,1D*,2.0,5.0,16.297118,5.92618,209.21436,21000000.0,0.022967,0.068902,0.00060955
3d5.(4F).4s,5F,1.0,3.0,10.370938,3d5.(4F).4p,5G*,2.0,5.0,16.730201,6.359263,194.9663,130000000.0,0.12347,0.37042,0.003277
3d5.(4F).4s,5F,1.0,3.0,10.370938,3d5.(a 2D).4p,3D*,2.0,5.0,16.772455,6.401517,193.6794,110000000.0,0.1031,0.30931,0.0027363
3d5.(4F).4s,5F,1.0,3.0,10.370938,3d5.(4F).4p,5F*,2.0,5.0,16.876475,6.505537,190.58257,140000000.0,0.12706,0.38117,0.0033721
3d5.(4F).4s,5F,1.0,3.0,10.370938,3d5.(a 2F).4p,3F*,2.0,5.0,16.96027,6.589332,188.15898,100000000.0,0.088462,0.26539,0.0023478
3d5.(4F).4s,5F,1.0,3.0,10.370938,3d5.(4F).4p,5D*,2.0,5.0,17.053369,6.682431,185.53757,44000000.0,0.037846,0.11354,0.0010044
3d5.(4F).4s,5F,1.0,3.0,10.370938,3d5.(4F).4p,5D*,1.0,3.0,17.055413,6.684475,185.48083,310000000.0,0.15989,0.47967,0.0042435
3d5.(a 2F).4s,3F,4.0,9.0,10.434482,3d5.(4G).4p,3F*,4.0,9.0,14.673582,4.2391,292.47764,1100000.0,0.0014107,0.012696,3.744e-05
3d5.(a 2F).4s,3F,4.0,9.0,10.434482,3d5.(4G).4p,3G*,5.0,11.0,15.119846,4.685364,264.62021,4000000.0,0.0051323,0.046191,0.00013621
3d5.(a 2F).4s,3F,4.0,9.0,10.434482,3d5.(4P).4p,3D*,3.0,7.0,15.169064,4.734582,261.86937,1300000.0,0.0010395,0.0093556,2.7589e-05
3d5.(a 2F).4s,3F,4.0,9.0,10.434482,3d5.(4D).4p,3F*,4.0,9.0,15.553039,5.118557,242.22491,2600000.0,0.002287,0.020583,6.0698e-05
3d5.(a 2F).4s,3F,4.0,9.0,10.434482,3d5.(a 2D).4p,3F*,4.0,9.0,16.463293,6.028811,205.65282,180000000.0,0.11413,1.0272,0.003029
3d5.(a 2F).4s,3F,4.0,9.0,10.434482,3d5.(4F).4p,5G*,3.0,7.0,16.749894,6.315412,196.32005,32000000.0,0.014381,0.12943,0.00038168
3d5.(a 2F).4s,3F,4.0,9.0,10.434482,3d5.(a 2F).4p,3G*,5.0,11.0,16.777125,6.342643,195.47718,110000000.0,0.077018,0.69317,0.0020441
3d5.(a 2F).4s,3F,4.0,9.0,10.434482,3d5.(a 2F).4p,3G*,4.0,9.0,16.806602,6.37212,194.57292,70000000.0,0.03973,0.35757,0.0010544
3d5.(a 2F).4s,3F,4.0,9.0,10.434482,3d5.(a 2F).4p,3D*,3.0,7.0,16.825351,6.390869,194.0021,460000000.0,0.20188,1.8169,0.0053578
3d5.(a 2F).4s,3F,4.0,9.0,10.434482,3d5.(4F).4p,5G*,5.0,11.0,16.829048,6.394566,193.88993,464000000.0,0.31962,2.8766,0.0084828
3d5.(a 2F).4s,3F,4.0,9.0,10.434482,3d5.(4F).4p,5F*,5.0,11.0,16.884808,6.450326,192.21385,20000000.0,0.01354,0.12186,0.00035934
3d5.(a 2F).4s,3F,4.0,9.0,10.434482,3d5.(a 2F).4p,3F*,4.0,9.0,16.937833,6.503351,190.64663,230000000.0,0.12533,1.1279,0.0033262
3d5.(a 2F).4s,3F,4.0,9.0,10.434482,3d5.(4F).4p,3F*,4.0,9.0,17.611581,7.177099,172.74974,7000000.0,0.0031318,0.028186,8.3118e-05
3d5.(a 2F).4s,3F,4.0,9.0,10.434482,3d5.(b 2F).4p,1G*,4.0,9.0,17.894916,7.460434,166.18899,16000000.0,0.006625,0.059625,0.00017583
3d5.(a 2F).4s,3F,2.0,5.0,10.460565,3d5.(4G).4p,3F*,2.0,5.0,14.650432,4.189867,295.9144,1500000.0,0.0019692,0.0098458,5.2262e-05
3d5.(a 2F).4s,3F,2.0,5.0,10.460565,3d5.(4G).4p,3G*,3.0,7.0,15.116134,4.655569,266.31374,1900000.0,0.0028283,0.014142,7.5064e-05
3d5.(a 2F).4s,3F,2.0,5.0,10.460565,3d5.(4D).4p,3F*,2.0,5.0,15.581472,5.120907,242.11375,2600000.0,0.0022849,0.011425,6.0642e-05
3d5.(a 2F).4s,3F,2.0,5.0,10.460565,3d5.(a 2D).4p,1D*,2.0,5.0,16.297118,5.836553,212.42709,70000000.0,0.047356,0.23678,0.0012568
3d5.(a 2F).4s,3F,2.0,5.0,10.460565,3d5.(a 2D).4p,3F*,3.0,7.0,16.375838,5.915273,209.60013,7000000.0,0.0064546,0.032273,0.0001713
3d5.(a 2F).4s,3F,2.0,5.0,10.460565,3d5.(a 2F).4p,3G*,3.0,7.0,16.681951,6.221386,199.2871,380000000.0,0.31676,1.5838,0.0084068
3d5.(a 2F).4s,3F,2.0,5.0,10.460565,3d5.(a 2D).4p,1F*,3.0,7.0,16.886657,6.426092,192.93872,140000000.0,0.10938,0.54692,0.0029031
3d5.(a 2F).4s,3F,2.0,5.0,10.460565,3d5.(4F).4p,5F*,1.0,3.0,16.919479,6.458914,191.95827,510000000.0,0.16904,0.84521,0.0044864
3d5.(a 2F).4s,3F,2.0,5.0,10.460565,3d5.(4F).4p,5D*,2.0,5.0,17.053369,6.592804,188.05989,70000000.0,0.037115,0.18558,0.00098503
3d5.(a 2F).4s,3F,2.0,5.0,10.460565,3d5.(4F).4p,3G*,3.0,7.0,17.318159,6.857594,180.79839,4600000.0,0.003156,0.01578,8.376e-05
3d5.(a 2F).4s,3F,2.0,5.0,10.460565,3d5.(a 2F).4p,1F*,3.0,7.0,17.41397,6.953405,178.30717,8000000.0,0.0053385,0.026692,0.00014168
3d5.(a 2F).4s,3F,3.0,7.0,10.498,3d5.(4G).4p,3G*,4.0,9.0,15.118815,4.620815,268.31673,2600000.0,0.0036081,0.025256,9.5758e-05
3d5.(a 2F).4s,3F,3.0,7.0,10.498,3d5.(4D).4p,3D*,3.0,7.0,15.479937,4.981937,248.86746,1400000.0,0.0012999,0.0090996,3.45e-05
3d5.(a 2F).4s,3F,3.0,7.0,10.498,3d5.(a 2D).4p,3F*,3.0,7.0,16.375838,5.877838,210.93504,37000000.0,0.024681,0.17277,0.00065503
3d5.(a 2F).4s,3F,3.0,7.0,10.498,3d5.(a 2F).4p,1G*,4.0,9.0,16.658568,6.160568,201.25449,90000000.0,0.070265,0.49185,0.0018648
3d5.(a 2F).4s,3F,3.0,7.0,10.498,3d5.(4F).4p,5G*,2.0,5.0,16.730201,6.232201,198.94127,3000000.0,0.0012715,0.0089002,3.3745e-05
3d5.(a 2F).4s,3F,3.0,7.0,10.498,3d5.(4F).4p,5G*,3.0,7.0,16.749894,6.251894,198.31462,30000000.0,0.017688,0.12382,0.00046945
3d5.(a 2F).4s,3F,3.0,7.0,10.498,3d5.(a 2F).4p,3G*,4.0,9.0,16.806602,6.308602,196.53197,320000000.0,0.23824,1.6677,0.006323
3d5.(a 2F).4s,3F,3.0,7.0,10.498,3d5.(4F).4p,5F*,3.0,7.0,16.862954,6.364954,194.79198,16000000.0,0.0091017,0.063712,0.00024156
3d5.(a 2F).4s,3F,3.0,7.0,10.498,3d5.(a 2D).4p,1F*,3.0,7.0,16.886657,6.388657,194.06927,70000000.0,0.039525,0.27667,0.001049
3d5.(a 2F).4s,3F,3.0,7.0,10.498,3d5.(a 2F).4p,3D*,2.0,5.0,16.92785,6.42985,192.82596,430000000.0,0.17121,1.1985,0.0045439
3d5.(a 2F).4s,3F,3.0,7.0,10.498,3d5.(a 2F).4p,3F*,4.0,9.0,16.937833,6.439833,192.52704,130000000.0,0.092882,0.65017,0.0024651
3d5.(a 2F).4s,3F,3.0,7.0,10.498,3d5.(a 2F).4p,3F*,3.0,7.0,16.960654,6.462654,191.84719,310000000.0,0.17105,1.1974,0.0045398
3d5.(a 2F).4s,3F,3.0,7.0,10.498,3d5.(4F).4p,5D*,3.0,7.0,17.038266,6.540266,189.57057,40000000.0,0.021551,0.15085,0.00057196
3d5.(a 2F).4s,3F,3.0,7.0,10.498,3d5.(4F).4p,5D*,2.0,5.0,17.053369,6.555369,189.13382,42000000.0,0.016089,0.11262,0.00042699
3d5.(a 2F).4s,3F,3.0,7.0,10.498,3d5.(4F).4p,3G*,4.0,9.0,17.31132,6.81332,181.97325,9000000.0,0.0057446,0.040212,0.00015246
3d5.(a 2F).4s,3F,3.0,7.0,10.498,3d5.(a 2F).4p,1F*,3.0,7.0,17.41397,6.91597,179.27232,3800000.0,0.0018309,0.012816,4.8593e-05
3d5.(a 2F).4s,3F,3.0,7.0,10.498,3d5.(a 2G).4p,3F*,3.0,7.0,17.443756,6.945756,178.50353,5000000.0,0.0023885,0.016719,6.339e-05
3d5.(a 2F).4s,3F,3.0,7.0,10.498,3d5.(4F).4p,3F*,3.0,7.0,17.644537,7.146537,173.4885,7000000.0,0.0031586,0.02211,8.383e-05
3d5.(a 2F).4s,3F,3.0,7.0,10.498,3d5.(b 2F).4p,1G*,4.0,9.0,17.894916,7.396916,167.61607,4400000.0,0.0023828,0.01668,6.324e-05
3d5.(a 2F).4s,3F,3.0,7.0,10.498,3d5.(b 2F).4p,3D*,2.0,5.0,18.301874,7.803874,158.87519,50000000.0,0.013515,0.094604,0.00035869
3d5.(a 2D).4s,1D,2.0,5.0,10.767674,3d5.(a 2D).4p,1D*,2.0,5.0,16.297118,5.529444,224.22543,49000000.0,0.036934,0.18467,0.00098023
3d5.(a 2D).4s,1D,2.0,5.0,10.767674,3d5.(a 2D).4p,3F*,3.0,7.0,16.375838,5.608164,221.07805,6000000.0,0.006155,0.030775,0.00016335
3d5.(a 2D).4s,1D,2.0,5.0,10.767674,3d5.(a 2D).4p,3F*,2.0,5.0,16.378947,5.611273,220.95556,120000000.0,0.087832,0.43916,0.0023311
3d5.(a 2D).4s,1D,2.0,5.0,10.767674,3d5.(a 2F).4p,3G*,3.0,7.0,16.681951,5.914277,209.63543,27000000.0,0.024905,0.12452,0.00066097
3d5.(a 2D).4s,1D,2.0,5.0,10.767674,3d5.(4F).4p,5G*,2.0,5.0,16.730201,5.962527,207.93901,8000000.0,0.0051859,0.025929,0.00013763
3d5.(a 2D).4s,1D,2.0,5.0,10.767674,3d5.(a 2D).4p,1F*,3.0,7.0,16.886657,6.118983,202.62223,260000000.0,0.22404,1.1202,0.0059462
3d5.(a 2D).4s,1D,2.0,5.0,10.767674,3d5.(a 2F).4p,3F*,2.0,5.0,16.96027,6.192596,200.21361,45000000.0,0.027043,0.13522,0.00071773
3d5.(a 2D).4s,1D,2.0,5.0,10.767674,3d5.(a 2F).4p,3F*,3.0,7.0,16.960654,6.19298,200.20119,90000000.0,0.075712,0.37856,0.0020094
3d5.(a 2D).4s,1D,2.0,5.0,10.767674,3d5.(4F).4p,5D*,3.0,7.0,17.038266,6.270592,197.72327,2500000.0,0.0020514,0.010257,5.4443e-05
3d5.(a 2D).4s,1D,2.0,5.0,10.767674,3d5.(4F).4p,5D*,2.0,5.0,17.053369,6.285695,197.24819,3900000.0,0.0022748,0.011374,6.0374e-05
3d5.(a 2D).4s,1D,2.0,5.0,10.767674,3d5.(a 2D).4p,1P*,1.0,3.0,17.195592,6.427918,192.88391,590000000.0,0.19745,0.98724,0.0052403
3d5.(a 2D).4s,1D,2.0,5.0,10.767674,3d5.(a 2F).4p,1D*,2.0,5.0,17.32859,6.560916,188.97392,240000000.0,0.12849,0.64246,0.0034102
3d5.(a 2D).4s,1D,2.0,5.0,10.767674,3d5.(a 2F).4p,1F*,3.0,7.0,17.41397,6.646296,186.54631,48000000.0,0.035059,0.1753,0.00093047
3d5.(a 2D).4s,1D,2.0,5.0,10.767674,3d5.(4F).4p,3D*,3.0,7.0,17.539629,6.771955,183.08479,3600000.0,0.0025328,0.012664,6.722e-05
3d5.(a 2D).4s,1D,2.0,5.0,10.767674,3d5.(a 2G).4p,1F*,3.0,7.0,17.982497,7.214823,171.84649,40000000.0,0.024793,0.12396,0.00065801
3d5.(a 2D).4s,1D,2.0,5.0,10.767674,3d5.(b 2F).4p,1F*,3.0,7.0,18.678784,7.91111,156.72162,5000000.0,0.0025776,0.012888,6.8409e-05
3d5.(a 2F).4s,1F,3.0,7.0,10.898466,3d5.(a 2D).4p,1D*,2.0,5.0,16.297118,5.398652,229.6577,53000000.0,0.029934,0.20954,0.00079446
3d5.(a 2F).4s,1F,3.0,7.0,10.898466,3d5.(a 2D).4p,3P*,2.0,5.0,16.646799,5.748333,215.68722,16000000.0,0.0079708,0.055795,0.00021154
3d5.(a 2F).4s,1F,3.0,7.0,10.898466,3d5.(a 2F).4p,1G*,4.0,9.0,16.658568,5.760102,215.24653,220000000.0,0.19647,1.3753,0.0052143
3d5.(a 2F).4s,1F,3.0,7.0,10.898466,3d5.(a 2F).4p,3G*,4.0,9.0,16.806602,5.908136,209.85332,23000000.0,0.019524,0.13667,0.00051816
3d5.(a 2F).4s,1F,3.0,7.0,10.898466,3d5.(a 2D).4p,1F*,3.0,7.0,16.886657,5.988191,207.04784,16000000.0,0.010283,0.071981,0.00027291
3d5.(a 2F).4s,1F,3.0,7.0,10.898466,3d5.(a 2F).4p,3F*,3.0,7.0,16.960654,6.062188,204.52054,27000000.0,0.016932,0.11852,0.00044936
3d5.(a 2F).4s,1F,3.0,7.0,10.898466,3d5.(2H).4p,3H*,4.0,9.0,17.051306,6.15284,201.50727,22000000.0,0.017219,0.12053,0.00045699
3d5.(a 2F).4s,1F,3.0,7.0,10.898466,3d5.(4F).4p,3G*,4.0,9.0,17.31132,6.412854,193.337,3000000.0,0.0021615,0.015131,5.7366e-05
3d5.(a 2F).4s,1F,3.0,7.0,10.898466,3d5.(4F).4p,3G*,3.0,7.0,17.318159,6.419693,193.13104,32000000.0,0.017894,0.12526,0.00047491
3d5.(a 2F).4s,1F,3.0,7.0,10.898466,3d5.(a 2F).4p,1D*,2.0,5.0,17.32859,6.430124,192.81774,380000000.0,0.15129,1.059,0.0040152
3d5.(a 2F).4s,1F,3.0,7.0,10.898466,3d5.(a 2G).4p,1G*,4.0,9.0,17.336361,6.437895,192.585,100000000.0,0.071491,0.50043,0.0018974
3d5.(a 2F).4s,1F,3.0,7.0,10.898466,3d5.(a 2F).4p,1F*,3.0,7.0,17.41397,6.515504,190.29103,320000000.0,0.17372,1.216,0.0046105
3d5.(a 2F).4s,1F,3.0,7.0,10.898466,3d5.(a 2G).4p,3F*,3.0,7.0,17.443756,6.54529,189.42507,110000000.0,0.059173,0.41421,0.0015705
3d5.(a 2F).4s,1F,3.0,7.0,10.898466,3d5.(a 2G).4p,3F*,4.0,9.0,17.48214,6.583674,188.32068,26000000.0,0.017774,0.12441,0.00047171
3d5.(a 2F).4s,1F,3.0,7.0,10.898466,3d5.(4F).4p,3F*,3.0,7.0,17.644537,6.746071,183.78727,6000000.0,0.0030384,0.021269,8.0639e-05
3d5.(a 2F).4s,1F,3.0,7.0,10.898466,3d5.(b 2F).4p,1G*,4.0,9.0,17.894916,6.99645,177.21015,33000000.0,0.019975,0.13983,0.00053015
3d5.(a 2F).4s,1F,3.0,7.0,10.898466,3d5.(b 2F).4p,3F*,4.0,9.0,17.973792,7.075326,175.23461,15000000.0,0.0088784,0.062149,0.00023563
3d5.(a 2F).4s,1F,3.0,7.0,10.898466,3d5.(a 2G).4p,1F*,3.0,7.0,17.982497,7.084031,175.01928,22000000.0,0.010103,0.070722,0.00026814
3d5.(2H).4s,3H,4.0,9.0,10.992945,3d5.(4G).4p,3H*,4.0,9.0,14.715239,3.722294,333.08545,390000.0,0.00064869,0.0058382,1.7216e-05
3d5.(2H).4s,3H,4.0,9.0,10.992945,3d5.(4G).4p,3G*,3.0,7.0,15.116134,4.123189,300.69977,800000.0,0.00084347,0.0075913,2.2386e-05
3d5.(2H).4s,3H,4.0,9.0,10.992945,3d5.(2I).4p,3I*,5.0,11.0,16.149738,5.156793,240.42888,10000000.0,0.010592,0.095329,0.00028111
3d5.(2H).4s,3H,4.0,9.0,10.992945,3d5.(a 2F).4p,3G*,3.0,7.0,16.681951,5.689006,217.93649,2600000.0,0.00144,0.01296,3.8216e-05
3d5.(2H).4s,3H,4.0,9.0,10.992945,3d5.(a 2F).4p,3G*,4.0,9.0,16.806602,5.813657,213.2637,2600000.0,0.0017728,0.015955,4.7051e-05
3d5.(2H).4s,3H,4.0,9.0,10.992945,3d5.(a 2F).4p,3F*,3.0,7.0,16.960654,5.967709,207.75845,4200000.0,0.0021139,0.019025,5.6103e-05
3d5.(2H).4s,3H,4.0,9.0,10.992945,3d5.(2H).4p,3H*,4.0,9.0,17.051306,6.058361,204.64974,250000000.0,0.15697,1.4127,0.004166
3d5.(2H).4s,3H,4.0,9.0,10.992945,3d5.(2H).4p,3H*,5.0,11.0,17.080507,6.087562,203.66807,60000000.0,0.045604,0.41044,0.0012103
3d5.(2H).4s,3H,4.0,9.0,10.992945,3d5.(2H).4p,3G*,4.0,9.0,17.12261,6.129665,202.26913,30000000.0,0.018401,0.16561,0.00048836
3d5.(2H).4s,3H,4.0,9.0,10.992945,3d5.(2H).4p,3G*,3.0,7.0,17.133123,6.140178,201.92281,180000000.0,0.085577,0.7702,0.0022712
3d5.(2H).4s,3H,4.0,9.0,10.992945,3d5.(4F).4p,3G*,5.0,11.0,17.291249,6.298304,196.85331,10000000.0,0.0071006,0.063905,0.00018845
3d5.(2H).4s,3H,4.0,9.0,10.992945,3d5.(2H).4p,3I*,5.0,11.0,17.296966,6.304021,196.67479,280000000.0,0.19846,1.7861,0.005267
3d5.(2H).4s,3H,4.0,9.0,10.992945,3d5.(4F).4p,3G*,4.0,9.0,17.31132,6.318375,196.22798,10000000.0,0.0057727,0.051955,0.00015321
3d5.(2H).4s,3H,4.0,9.0,10.992945,3d5.(4F).4p,3G*,3.0,7.0,17.318159,6.325214,196.01582,27000000.0,0.012097,0.10887,0.00032104
3d5.(2H).4s,3H,4.0,9.0,10.992945,3d5.(a 2F).4p,1F*,3.0,7.0,17.41397,6.421025,193.09098,41000000.0,0.017825,0.16042,0.00047307
3d5.(2H).4s,3H,4.0,9.0,10.992945,3d5.(a 2G).4p,3F*,3.0,7.0,17.443756,6.450811,192.1994,44000000.0,0.018953,0.17057,0.00050301
3d5.(2H).4s,3H,4.0,9.0,10.992945,3d5.(a 2G).4p,3H*,4.0,9.0,17.711821,6.718876,184.53116,280000000.0,0.14294,1.2865,0.0037937
3d5.(2H).4s,3H,4.0,9.0,10.992945,3d5.(a 2G).4p,3H*,5.0,11.0,17.71837,6.725425,184.35147,80000000.0,0.049819,0.44837,0.0013222
3d5.(2H).4s,3H,4.0,9.0,10.992945,3d5.(a 2G).4p,3G*,3.0,7.0,17.868165,6.87522,180.33488,60000000.0,0.022752,0.20477,0.00060385
3d5.(2H).4s,3H,4.0,9.0,10.992945,3d5.(a 2G).4p,1F*,3.0,7.0,17.982497,6.989552,177.38504,9000000.0,0.0033021,0.029719,8.7638e-05
3d5.(2H).4s,3H,4.0,9.0,10.992945,3d5.(b 2F).4p,3G*,3.0,7.0,18.212179,7.219234,171.74149,270000000.0,0.09286,0.83574,0.0024645
3d5.(2H).4s,3H,5.0,11.0,10.996761,3d5.(4G).4p,3H*,5.0,11.0,14.699234,3.702473,334.86861,360000.0,0.00060522,0.0066574,1.6062e-05
3d5.(2H).4s,3H,5.0,11.0,10.996761,3d5.(4G).4p,3G*,4.0,9.0,15.118815,4.122054,300.78257,800000.0,0.00088778,0.0097656,2.3562e-05
3d5.(2H).4s,3H,5.0,11.0,10.996761,3d5.(4D).4p,3F*,4.0,9.0,15.553039,4.556278,272.11728,1400000.0,0.0012716,0.013988,3.3748e-05
3d5.(2H).4s,3H,5.0,11.0,10.996761,3d5.(2I).4p,3I*,6.0,13.0,16.211791,5.21503,237.74398,8000000.0,0.0080116,0.088128,0.00021263
3d5.(2H).4s,3H,5.0,11.0,10.996761,3d5.(a 2F).4p,3G*,5.0,11.0,16.777125,5.780364,214.49203,3000000.0,0.0020692,0.022761,5.4917e-05
3d5.(2H).4s,3H,5.0,11.0,10.996761,3d5.(2H).4p,3H*,4.0,9.0,17.051306,6.054545,204.77872,17000000.0,0.0087444,0.096188,0.00023208
3d5.(2H).4s,3H,5.0,11.0,10.996761,3d5.(2H).4p,3H*,5.0,11.0,17.080507,6.083746,203.79582,290000000.0,0.18057,1.9863,0.0047924
3d5.(2H).4s,3H,5.0,11.0,10.996761,3d5.(2H).4p,3G*,5.0,11.0,17.116589,6.119828,202.59425,19000000.0,0.011691,0.12861,0.00031029
3d5.(2H).4s,3H,5.0,11.0,10.996761,3d5.(2H).4p,3G*,4.0,9.0,17.12261,6.125849,202.39513,180000000.0,0.090444,0.99489,0.0024004
3d5.(2H).4s,3H,5.0,11.0,10.996761,3d5.(2H).4p,3H*,6.0,13.0,17.142623,6.145862,201.73606,75000000.0,0.05408,0.59488,0.0014353
3d5.(2H).4s,3H,5.0,11.0,10.996761,3d5.(4F).4p,3G*,5.0,11.0,17.291249,6.294488,196.97265,3000000.0,0.001745,0.019195,4.6312e-05
3d5.(2H).4s,3H,5.0,11.0,10.996761,3d5.(2H).4p,3I*,6.0,13.0,17.338718,6.341957,195.49833,407000000.0,0.27561,3.0317,0.0073146
3d5.(2H).4s,3H,5.0,11.0,10.996761,3d5.(a 2G).4p,3F*,4.0,9.0,17.48214,6.485379,191.17495,59000000.0,0.02645,0.29095,0.00070198
3d5.(2H).4s,3H,5.0,11.0,10.996761,3d5.(2H).4p,1I*,6.0,13.0,17.548634,6.551873,189.23474,56000000.0,0.03553,0.39083,0.00094298
3d5.(2H).4s,3H,5.0,11.0,10.996761,3d5.(4F).4p,3F*,4.0,9.0,17.611581,6.61482,187.43397,12000000.0,0.0051712,0.056883,0.00013724
3d5.(2H).4s,3H,5.0,11.0,10.996761,3d5.(a 2G).4p,3H*,4.0,9.0,17.711821,6.71506,184.63602,22000000.0,0.0091995,0.10119,0.00024416
3d5.(2H).4s,3H,5.0,11.0,10.996761,3d5.(a 2G).4p,3H*,5.0,11.0,17.71837,6.721609,184.45613,280000000.0,0.14282,1.5711,0.0037906
3d5.(2H).4s,3H,5.0,11.0,10.996761,3d5.(a 2G).4p,3H*,6.0,13.0,17.769521,6.77276,183.06303,66000000.0,0.039188,0.43107,0.0010401
3d5.(2H).4s,3H,5.0,11.0,10.996761,3d5.(a 2G).4p,3G*,4.0,9.0,17.864385,6.867624,180.53434,50000000.0,0.019989,0.21988,0.00053052
3d5.(2H).4s,3H,5.0,11.0,10.996761,3d5.(a 2G).4p,1H*,5.0,11.0,17.926474,6.929713,178.91679,2500000.0,0.0011998,0.013198,3.1842e-05
3d5.(2H).4s,3H,5.0,11.0,10.996761,3d5.(b 2F).4p,3G*,4.0,9.0,18.245672,7.248911,171.03838,220000000.0,0.078944,0.86838,0.0020952
3d5.(2H).4s,3H,6.0,13.0,11.025083,3d5.(4G).4p,3H*,6.0,13.0,14.674175,3.649092,339.76726,380000.0,0.00065767,0.0085497,1.7454e-05
3d5.(2H).4s,3H,6.0,13.0,11.025083,3d5.(4G).4p,3G*,5.0,11.0,15.119846,4.094763,302.78724,900000.0,0.0010467,0.013607,2.778e-05
3d5.(2H).4s,3H,6.0,13.0,11.025083,3d5.(2I).4p,3K*,7.0,15.0,16.12298,5.097897,243.20656,2100000.0,0.0021487,0.027933,5.7027e-05
3d5.(2H).4s,3H,6.0,13.0,11.025083,3d5.(4F).4p,5G*,5.0,11.0,16.829048,5.803965,213.61982,3200000.0,0.0018524,0.024082,4.9164e-05
3d5.(2H).4s,3H,6.0,13.0,11.025083,3d5.(2H).4p,3G*,5.0,11.0,17.116589,6.091506,203.5362,250000000.0,0.13138,1.708,0.0034868
3d5.(2H).4s,3H,6.0,13.0,11.025083,3d5.(2H).4p,3H*,6.0,13.0,17.142623,6.11754,202.67002,290000000.0,0.17858,2.3216,0.0047396
3d5.(2H).4s,3H,6.0,13.0,11.025083,3d5.(4F).4p,3G*,5.0,11.0,17.291249,6.266166,197.86293,72000000.0,0.035758,0.46485,0.00094901
3d5.(2H).4s,3H,6.0,13.0,11.025083,3d5.(2H).4p,3I*,7.0,15.0,17.38214,6.357057,195.03396,601000000.0,0.39546,5.141,0.010496
3d5.(2H).4s,3H,6.0,13.0,11.025083,3d5.(2H).4p,1I*,6.0,13.0,17.548634,6.523551,190.0563,28000000.0,0.015163,0.19712,0.00040242
3d5.(2H).4s,3H,6.0,13.0,11.025083,3d5.(a 2G).4p,3H*,5.0,11.0,17.71837,6.693287,185.23664,22000000.0,0.009576,0.12449,0.00025415
3d5.(2H).4s,3H,6.0,13.0,11.025083,3d5.(a 2G).4p,3H*,6.0,13.0,17.769521,6.744438,183.83177,250000000.0,0.12666,1.6466,0.0033616
3d5.(2H).4s,3H,6.0,13.0,11.025083,3d5.(a 2G).4p,3G*,5.0,11.0,17.839313,6.81423,181.94895,57000000.0,0.023938,0.31119,0.00063531
3d5.(6S).4p,5P*,3.0,7.0,11.045157,3d5.(6S).4d,5D,3.0,7.0,18.787859,7.742702,160.1304,440000000.0,0.16915,1.184,0.0044891
3d5.(6S).4p,5P*,3.0,7.0,11.045157,3d5.(6S).4d,5D,2.0,5.0,18.787949,7.742792,160.12854,100000000.0,0.027458,0.19221,0.00072874
3d5.(6S).4p,5P*,3.0,7.0,11.045157,3d5.(6S).4d,5D,4.0,9.0,18.788316,7.743159,160.12095,1130000000.0,0.55844,3.9091,0.014821
3d5.(6S).4p,5P*,3.0,7.0,11.045157,3d5.(6S).5s,5S,2.0,5.0,18.815572,7.770415,159.5593,590000000.0,0.16085,1.126,0.004269
3d5.(6S).4p,5P*,2.0,5.0,11.076113,3d5.(6S).4d,5D,3.0,7.0,18.787859,7.711746,160.77319,870000000.0,0.47199,2.36,0.012527
3d5.(6S).4p,5P*,2.0,5.0,11.076113,3d5.(6S).4d,5D,2.0,5.0,18.787949,7.711836,160.77131,810000000.0,0.31388,1.5694,0.0083303
3d5.(6S).4p,5P*,2.0,5.0,11.076113,3d5.(6S).5s,5S,2.0,5.0,18.815572,7.739459,160.1975,420000000.0,0.16159,0.80796,0.0042887
3d5.(6S).4p,5P*,1.0,3.0,11.095565,3d5.(6S).4d,5D,2.0,5.0,18.787949,7.692384,161.17786,490000000.0,0.31806,0.95419,0.0084414
3d5.(6S).4p,5P*,1.0,3.0,11.095565,3d5.(6S).4d,5D,1.0,3.0,18.788175,7.69261,161.17312,1080000000.0,0.4206,1.2618,0.011163
3d5.(6S).4p,5P*,1.0,3.0,11.095565,3d5.(6S).4d,5D,0.0,1.0,18.788326,7.692761,161.16996,1500000000.0,0.19471,0.58414,0.0051677
3d5.(6S).4p,5P*,1.0,3.0,11.095565,3d5.(6S).5s,5S,2.0,5.0,18.815572,7.720007,160.60115,250000000.0,0.16112,0.48336,0.0042761
3d5.(a 2G).4s,3G,3.0,7.0,11.121102,3d5.(4D).4p,3F*,2.0,5.0,15.581472,4.46037,277.96842,8000000.0,0.0066193,0.046335,0.00017568
3d5.(a 2G).4s,3G,3.0,7.0,11.121102,3d5.(2I).4p,3H*,4.0,9.0,16.447679,5.326577,232.76524,10000000.0,0.010443,0.073104,0.00027717
3d5.(a 2G).4s,3G,3.0,7.0,11.121102,3d5.(a 2F).4p,3G*,3.0,7.0,16.681951,5.560849,222.95912,2700000.0,0.0020122,0.014085,5.3404e-05
3d5.(a 2G).4s,3G,3.0,7.0,11.121102,3d5.(4F).4p,5G*,4.0,9.0,16.767603,5.646501,219.57704,3600000.0,0.0033456,0.02342,8.8794e-05
3d5.(a 2G).4s,3G,3.0,7.0,11.121102,3d5.(a 2F).4p,3F*,4.0,9.0,16.937833,5.816731,213.15099,2500000.0,0.0021894,0.015326,5.8106e-05
3d5.(a 2G).4s,3G,3.0,7.0,11.121102,3d5.(4F).4p,3G*,3.0,7.0,17.318159,6.197057,200.06948,230000000.0,0.13802,0.96616,0.0036631
3d5.(a 2G).4s,3G,3.0,7.0,11.121102,3d5.(a 2G).4p,1G*,4.0,9.0,17.336361,6.215259,199.48356,45000000.0,0.034517,0.24162,0.00091608
3d5.(a 2G).4s,3G,3.0,7.0,11.121102,3d5.(a 2G).4p,3F*,2.0,5.0,17.450883,6.329781,195.87439,360000000.0,0.14791,1.0354,0.0039255
3d5.(a 2G).4s,3G,3.0,7.0,11.121102,3d5.(4F).4p,3F*,3.0,7.0,17.644537,6.523435,190.05968,31000000.0,0.016788,0.11752,0.00044556
3d5.(a 2G).4s,3G,3.0,7.0,11.121102,3d5.(a 2G).4p,3H*,4.0,9.0,17.711821,6.590719,188.11938,260000000.0,0.17736,1.2415,0.004707
3d5.(a 2G).4s,3G,3.0,7.0,11.121102,3d5.(a 2G).4p,3G*,4.0,9.0,17.864385,6.743283,183.86326,32000000.0,0.020852,0.14596,0.00055341
3d5.(a 2G).4s,3G,3.0,7.0,11.121102,3d5.(a 2G).4p,3G*,3.0,7.0,17.868165,6.747063,183.76025,270000000.0,0.13669,0.95681,0.0036277
3d5.(a 2G).4s,3G,3.0,7.0,11.121102,3d5.(b 2F).4p,1G*,4.0,9.0,17.894916,6.773814,183.03455,9000000.0,0.0058118,0.040683,0.00015425
3d5.(a 2G).4s,3G,3.0,7.0,11.121102,3d5.(b 2F).4p,3G*,3.0,7.0,18.212179,7.091077,174.84537,46000000.0,0.021083,0.14758,0.00055953
3d5.(a 2G).4s,3G,3.0,7.0,11.121102,3d5.(b 2D).4p,3D*,2.0,5.0,19.64117,8.520068,145.5202,10000000.0,0.0022677,0.015874,6.0184e-05
3d5.(a 2G).4s,3G,4.0,9.0,11.13177,3d5.(4G).4p,3F*,4.0,9.0,14.673582,3.541812,350.05867,430000.0,0.00078997,0.0071097,2.0966e-05
3d5.(a 2G).4s,3G,4.0,9.0,11.13177,3d5.(4D).4p,3D*,3.0,7.0,15.479937,4.348167,285.1413,700000.0,0.00066364,0.0059728,1.7613e-05
3d5.(a 2G).4s,3G,4.0,9.0,11.13177,3d5.(4D).4p,3F*,3.0,7.0,15.57714,4.44537,278.90636,6000000.0,0.0054423,0.048981,0.00014444
3d5.(a 2G).4s,3G,4.0,9.0,11.13177,3d5.(a 2F).4p,3G*,5.0,11.0,16.777125,5.645355,219.62162,3400000.0,0.003005,0.027045,7.9752e-05
3d5.(a 2G).4s,3G,4.0,9.0,11.13177,3d5.(a 2F).4p,3G*,4.0,9.0,16.806602,5.674832,218.48083,3100000.0,0.0022184,0.019966,5.8877e-05
3d5.(a 2G).4s,3G,4.0,9.0,11.13177,3d5.(4F).4p,5F*,5.0,11.0,16.884808,5.753038,215.51083,1600000.0,0.0013617,0.012255,3.6138e-05
3d5.(a 2G).4s,3G,4.0,9.0,11.13177,3d5.(2H).4p,3H*,5.0,11.0,17.080507,5.948737,208.42105,150000000.0,0.11939,1.0746,0.0031687
3d5.(a 2G).4s,3G,4.0,9.0,11.13177,3d5.(2H).4p,3G*,3.0,7.0,17.133123,6.001353,206.59374,29000000.0,0.014433,0.12989,0.00038304
3d5.(a 2G).4s,3G,4.0,9.0,11.13177,3d5.(4F).4p,3G*,4.0,9.0,17.31132,6.17955,200.63629,200000000.0,0.1207,1.0863,0.0032034
3d5.(a 2G).4s,3G,4.0,9.0,11.13177,3d5.(4F).4p,3G*,3.0,7.0,17.318159,6.186389,200.41449,48000000.0,0.022481,0.20233,0.00059664
3d5.(a 2G).4s,3G,4.0,9.0,11.13177,3d5.(a 2F).4p,1F*,3.0,7.0,17.41397,6.2822,197.35793,11000000.0,0.0049959,0.044963,0.00013259
3d5.(a 2G).4s,3G,4.0,9.0,11.13177,3d5.(a 2G).4p,3F*,3.0,7.0,17.443756,6.311986,196.42661,270000000.0,0.12147,1.0933,0.0032239
3d5.(a 2G).4s,3G,4.0,9.0,11.13177,3d5.(4F).4p,3F*,4.0,9.0,17.611581,6.479811,191.33922,49000000.0,0.026895,0.24205,0.00071378
3d5.(a 2G).4s,3G,4.0,9.0,11.13177,3d5.(a 2G).4p,3H*,4.0,9.0,17.711821,6.580051,188.42437,28000000.0,0.014904,0.13413,0.00039554
3d5.(a 2G).4s,3G,4.0,9.0,11.13177,3d5.(a 2G).4p,3H*,5.0,11.0,17.71837,6.5866,188.23702,260000000.0,0.16881,1.5193,0.0044802
3d5.(a 2G).4s,3G,4.0,9.0,11.13177,3d5.(a 2G).4p,3G*,4.0,9.0,17.864385,6.732615,184.15459,270000000.0,0.13727,1.2355,0.0036433
3d5.(a 2G).4s,3G,4.0,9.0,11.13177,3d5.(b 2F).4p,3F*,3.0,7.0,17.924464,6.792694,182.52581,29000000.0,0.011266,0.10139,0.00029899
3d5.(a 2G).4s,3G,4.0,9.0,11.13177,3d5.(a 2G).4p,1F*,3.0,7.0,17.982497,6.850727,180.97962,11000000.0,0.0042011,0.03781,0.0001115
3d5.(a 2G).4s,3G,4.0,9.0,11.13177,3d5.(b 2F).4p,3G*,3.0,7.0,18.212179,7.080409,175.10881,34000000.0,0.012157,0.10941,0.00032263
3d5.(a 2G).4s,3G,4.0,9.0,11.13177,3d5.(b 2F).4p,3G*,4.0,9.0,18.245672,7.113902,174.28438,42000000.0,0.019126,0.17213,0.00050761
3d5.(a 2G).4s,3G,4.0,9.0,11.13177,3d5.(b 2D).4p,3D*,3.0,7.0,19.679929,8.548159,145.04199,16000000.0,0.0039248,0.035324,0.00010417
3d5.(a 2G).4s,3G,5.0,11.0,11.147182,3d5.(4D).4p,3F*,4.0,9.0,15.553039,4.405857,281.40768,6000000.0,0.0058282,0.06411,0.00015468
3d5.(a 2G).4s,3G,5.0,11.0,11.147182,3d5.(a 2D).4p,3F*,4.0,9.0,16.463293,5.316111,233.22349,1000000.0,0.0006672,0.0073392,1.7707e-05
3d5.(a 2G).4s,3G,5.0,11.0,11.147182,3d5.(2H).4p,3G*,5.0,11.0,17.116589,5.969407,207.69936,14000000.0,0.0090544,0.099598,0.0002403
3d5.(a 2G).4s,3G,5.0,11.0,11.147182,3d5.(2H).4p,3G*,4.0,9.0,17.12261,5.975428,207.49007,26000000.0,0.01373,0.15103,0.0003644
3d5.(a 2G).4s,3G,5.0,11.0,11.147182,3d5.(2H).4p,3H*,6.0,13.0,17.142623,5.995441,206.79746,160000000.0,0.12123,1.3336,0.0032175
3d5.(a 2G).4s,3G,5.0,11.0,11.147182,3d5.(4F).4p,3G*,5.0,11.0,17.291249,6.144067,201.795,110000000.0,0.067154,0.7387,0.0017823
3d5.(a 2G).4s,3G,5.0,11.0,11.147182,3d5.(4F).4p,3G*,4.0,9.0,17.31132,6.164138,201.13793,36000000.0,0.017865,0.19651,0.00047413
3d5.(a 2G).4s,3G,5.0,11.0,11.147182,3d5.(a 2G).4p,1G*,4.0,9.0,17.336361,6.189179,200.32414,55000000.0,0.027073,0.2978,0.00071852
3d5.(a 2G).4s,3G,5.0,11.0,11.147182,3d5.(2H).4p,3I*,6.0,13.0,17.338718,6.191536,200.24788,160000000.0,0.11368,1.2504,0.0030169
3d5.(a 2G).4s,3G,5.0,11.0,11.147182,3d5.(a 2G).4p,3F*,4.0,9.0,17.48214,6.334958,195.71432,170000000.0,0.079874,0.87861,0.0021198
3d5.(a 2G).4s,3G,5.0,11.0,11.147182,3d5.(2H).4p,1I*,6.0,13.0,17.548634,6.401452,193.68137,21000000.0,0.013957,0.15353,0.00037043
3d5.(a 2G).4s,3G,5.0,11.0,11.147182,3d5.(4F).4p,3F*,4.0,9.0,17.611581,6.464399,191.7954,140000000.0,0.06317,0.69487,0.0016765
3d5.(a 2G).4s,3G,5.0,11.0,11.147182,3d5.(a 2G).4p,3H*,6.0,13.0,17.769521,6.622339,187.22116,250000000.0,0.15526,1.7079,0.0041206
3d5.(a 2G).4s,3G,5.0,11.0,11.147182,3d5.(a 2G).4p,3G*,5.0,11.0,17.839313,6.692131,185.26864,340000000.0,0.17496,1.9246,0.0046435
3d5.(a 2G).4s,3G,5.0,11.0,11.147182,3d5.(b 2F).4p,3G*,4.0,9.0,18.245672,7.09849,174.66278,36000000.0,0.013471,0.14819,0.00035753
3d5.(a 2G).4s,3G,5.0,11.0,11.147182,3d5.(2H).4p,1G*,4.0,9.0,18.475283,7.328101,169.19008,7000000.0,0.0024579,0.027036,6.5232e-05
3d5.(4F).4s,3F,2.0,5.0,11.21112,3d5.(4G).4p,3F*,2.0,5.0,14.650432,3.439312,360.49128,3200000.0,0.0062345,0.031172,0.00016546
3d5.(4F).4s,3F,2.0,5.0,11.21112,3d5.(4D).4p,3D*,2.0,5.0,15.486133,4.275013,290.02063,1200000.0,0.0015132,0.007566,4.0161e-05
3d5.(4F).4s,3F,2.0,5.0,11.21112,3d5.(4D).4p,3D*,1.0,3.0,15.492457,4.281337,289.59224,16000000.0,0.01207,0.06035,0.00032034
3d5.(4F).4s,3F,2.0,5.0,11.21112,3d5.(4F).4p,5G*,2.0,5.0,16.730201,5.519081,224.64646,3900000.0,0.0029507,0.014753,7.8311e-05
3d5.(4F).4s,3F,2.0,5.0,11.21112,3d5.(a 2F).4p,3F*,2.0,5.0,16.96027,5.74915,215.65657,6000000.0,0.0041835,0.020917,0.00011103
3d5.(4F).4s,3F,2.0,5.0,11.21112,3d5.(2H).4p,3G*,3.0,7.0,17.133123,5.922003,209.36193,210000000.0,0.1932,0.96599,0.0051275
3d5.(4F).4s,3F,2.0,5.0,11.21112,3d5.(4F).4p,3G*,3.0,7.0,17.318159,6.107039,203.01851,160000000.0,0.13841,0.69207,0.0036735
3d5.(4F).4s,3F,2.0,5.0,11.21112,3d5.(a 2G).4p,3F*,2.0,5.0,17.450883,6.239763,198.70017,120000000.0,0.071029,0.35515,0.0018851
3d5.(4F).4s,3F,2.0,5.0,11.21112,3d5.(4F).4p,3D*,3.0,7.0,17.539629,6.328509,195.91376,12000000.0,0.0096672,0.048336,0.00025657
3d5.(4F).4s,3F,2.0,5.0,11.21112,3d5.(4F).4p,3D*,1.0,3.0,17.539968,6.328848,195.90326,450000000.0,0.15535,0.77674,0.0041229
3d5.(4F).4s,3F,2.0,5.0,11.21112,3d5.(4F).4p,3F*,3.0,7.0,17.644537,6.433417,192.71905,15000000.0,0.011693,0.058465,0.00031033
3d5.(4F).4s,3F,2.0,5.0,11.21112,3d5.(4F).4p,3F*,2.0,5.0,17.672069,6.460949,191.89781,230000000.0,0.12698,0.63489,0.00337
3d5.(4F).4s,3F,2.0,5.0,11.21112,3d5.(a 2G).4p,3G*,3.0,7.0,17.868165,6.657045,186.2451,80000000.0,0.058243,0.29122,0.0015458
3d5.(4F).4s,3F,2.0,5.0,11.21112,3d5.(b 2F).4p,3F*,2.0,5.0,17.915937,6.704817,184.91809,60000000.0,0.030759,0.15379,0.00081634
3d5.(4F).4s,3F,2.0,5.0,11.21112,3d5.(a 2G).4p,1F*,3.0,7.0,17.982497,6.771377,183.10042,5000000.0,0.0035183,0.017592,9.3376e-05
3d5.(4F).4s,3F,4.0,9.0,11.217174,3d5.(4P).4p,3D*,3.0,7.0,15.169064,3.95189,313.73393,1500000.0,0.0017216,0.015494,4.5691e-05
3d5.(4F).4s,3F,4.0,9.0,11.217174,3d5.(4D).4p,3D*,3.0,7.0,15.479937,4.262763,290.85407,9000000.0,0.0088779,0.079901,0.00023562
3d5.(4F).4s,3F,4.0,9.0,11.217174,3d5.(a 2F).4p,3G*,5.0,11.0,16.777125,5.559951,222.99513,8000000.0,0.0072894,0.065604,0.00019346
3d5.(4F).4s,3F,4.0,9.0,11.217174,3d5.(4F).4p,5F*,5.0,11.0,16.884808,5.667634,218.7583,6000000.0,0.0052613,0.047351,0.00013963
3d5.(4F).4s,3F,4.0,9.0,11.217174,3d5.(a 2F).4p,3F*,4.0,9.0,16.937833,5.720659,216.73062,4000000.0,0.0028168,0.025351,7.4759e-05
3d5.(4F).4s,3F,4.0,9.0,11.217174,3d5.(a 2F).4p,3F*,3.0,7.0,16.960654,5.74348,215.86947,3400000.0,0.0018475,0.016627,4.9032e-05
3d5.(4F).4s,3F,4.0,9.0,11.217174,3d5.(4F).4p,5D*,3.0,7.0,17.038266,5.821092,212.99131,2000000.0,0.001058,0.0095216,2.8078e-05
3d5.(4F).4s,3F,4.0,9.0,11.217174,3d5.(2H).4p,3H*,5.0,11.0,17.080507,5.863333,211.45686,7000000.0,0.0057352,0.051617,0.00015221
3d5.(4F).4s,3F,4.0,9.0,11.217174,3d5.(2H).4p,3G*,4.0,9.0,17.12261,5.905436,209.94927,16000000.0,0.010573,0.095159,0.00028061
3d5.(4F).4s,3F,4.0,9.0,11.217174,3d5.(4F).4p,3G*,5.0,11.0,17.291249,6.074075,204.1203,170000000.0,0.12979,1.1681,0.0034445
3d5.(4F).4s,3F,4.0,9.0,11.217174,3d5.(a 2G).4p,1G*,4.0,9.0,17.336361,6.119187,202.61548,68000000.0,0.041852,0.37667,0.0011107
3d5.(4F).4s,3F,4.0,9.0,11.217174,3d5.(a 2G).4p,3F*,4.0,9.0,17.48214,6.264966,197.90083,66000000.0,0.038752,0.34877,0.0010285
3d5.(4F).4s,3F,4.0,9.0,11.217174,3d5.(4F).4p,3D*,3.0,7.0,17.539629,6.322455,196.10135,360000000.0,0.16143,1.4529,0.0042843
3d5.(4F).4s,3F,4.0,9.0,11.217174,3d5.(4F).4p,3F*,4.0,9.0,17.611581,6.394407,193.89476,250000000.0,0.14091,1.2682,0.0037397
3d5.(4F).4s,3F,4.0,9.0,11.217174,3d5.(4F).4p,3F*,3.0,7.0,17.644537,6.427363,192.90057,80000000.0,0.034711,0.3124,0.00092124
3d5.(4F).4s,3F,4.0,9.0,11.217174,3d5.(a 2G).4p,3H*,5.0,11.0,17.71837,6.501196,190.70983,28000000.0,0.01866,0.16794,0.00049524
3d5.(4F).4s,3F,4.0,9.0,11.217174,3d5.(a 2G).4p,3G*,4.0,9.0,17.864385,6.647211,186.52063,110000000.0,0.057373,0.51636,0.0015227
3d5.(4F).4s,3F,4.0,9.0,11.217174,3d5.(b 2F).4p,1G*,4.0,9.0,17.894916,6.677742,185.66785,28000000.0,0.014471,0.13024,0.00038405
3d5.(4F).4s,3F,4.0,9.0,11.217174,3d5.(b 2F).4p,3F*,3.0,7.0,17.924464,6.70729,184.84991,42000000.0,0.016734,0.15061,0.00044412
3d5.(4F).4s,3F,4.0,9.0,11.217174,3d5.(b 2F).4p,3F*,4.0,9.0,17.973792,6.756618,183.50038,38000000.0,0.019183,0.17265,0.00050912
3d5.(4F).4s,3F,4.0,9.0,11.217174,3d5.(b 2F).4p,3D*,3.0,7.0,18.304501,7.087327,174.93788,40000000.0,0.014274,0.12847,0.00037883
3d5.(4F).4s,3F,3.0,7.0,11.218609,3d5.(4D).4p,3D*,3.0,7.0,15.479937,4.261328,290.95202,800000.0,0.0010153,0.0071071,2.6946e-05
3d5.(4F).4s,3F,3.0,7.0,11.218609,3d5.(4D).4p,3D*,2.0,5.0,15.486133,4.267524,290.52959,12000000.0,0.010847,0.075926,0.00028787
3d5.(4F).4s,3F,3.0,7.0,11.218609,3d5.(a 2F).4p,1G*,4.0,9.0,16.658568,5.439959,227.91385,2500000.0,0.0025031,0.017522,6.6433e-05
3d5.(4F).4s,3F,3.0,7.0,11.218609,3d5.(4F).4p,5G*,4.0,9.0,16.767603,5.548994,223.43545,5000000.0,0.0048115,0.03368,0.0001277
3d5.(4F).4s,3F,3.0,7.0,11.218609,3d5.(a 2F).4p,3F*,2.0,5.0,16.96027,5.741661,215.93786,4000000.0,0.0019973,0.013981,5.3009e-05
3d5.(4F).4s,3F,3.0,7.0,11.218609,3d5.(4F).4p,5D*,4.0,9.0,17.011859,5.79325,214.01493,2200000.0,0.0019423,0.013596,5.1548e-05
3d5.(4F).4s,3F,3.0,7.0,11.218609,3d5.(4F).4p,3G*,4.0,9.0,17.31132,6.092711,203.49595,210000000.0,0.16762,1.1734,0.0044487
3d5.(4F).4s,3F,3.0,7.0,11.218609,3d5.(4F).4p,3D*,2.0,5.0,17.531264,6.312655,196.40579,350000000.0,0.14458,1.0121,0.0038372
3d5.(4F).4s,3F,3.0,7.0,11.218609,3d5.(4F).4p,3D*,3.0,7.0,17.539629,6.32102,196.14587,90000000.0,0.051911,0.36338,0.0013777
3d5.(4F).4s,3F,3.0,7.0,11.218609,3d5.(4F).4p,3F*,3.0,7.0,17.644537,6.425928,192.94365,220000000.0,0.12278,0.85949,0.0032587
3d5.(4F).4s,3F,3.0,7.0,11.218609,3d5.(4F).4p,3F*,2.0,5.0,17.672069,6.45346,192.1205,60000000.0,0.023715,0.16601,0.00062941
3d5.(4F).4s,3F,3.0,7.0,11.218609,3d5.(a 2G).4p,3H*,4.0,9.0,17.711821,6.493212,190.94433,11000000.0,0.0077305,0.054114,0.00020517
3d5.(4F).4s,3F,3.0,7.0,11.218609,3d5.(a 2G).4p,3G*,3.0,7.0,17.868165,6.649556,186.45485,60000000.0,0.031272,0.21891,0.00082996
3d5.(4F).4s,3F,3.0,7.0,11.218609,3d5.(b 2F).4p,3F*,2.0,5.0,17.915937,6.697328,185.12487,80000000.0,0.02936,0.20552,0.00077921
3d5.(4F).4s,3F,3.0,7.0,11.218609,3d5.(b 2F).4p,3F*,3.0,7.0,17.924464,6.705855,184.88947,38000000.0,0.019475,0.13632,0.00051685
3d5.(2H).4s,1H,5.0,11.0,11.471505,3d5.(a 2F).4p,1G*,4.0,9.0,16.658568,5.187063,239.02582,48000000.0,0.033639,0.37003,0.00089277
3d5.(2H).4s,1H,5.0,11.0,11.471505,3d5.(2H).4p,3H*,6.0,13.0,17.142623,5.671118,218.62391,1400000.0,0.0011856,0.013041,3.1465e-05
3d5.(2H).4s,1H,5.0,11.0,11.471505,3d5.(a 2G).4p,1G*,4.0,9.0,17.336361,5.864856,211.40195,52000000.0,0.028506,0.31356,0.00075654
3d5.(2H).4s,1H,5.0,11.0,11.471505,3d5.(a 2G).4p,3F*,4.0,9.0,17.48214,6.010635,206.27471,68000000.0,0.03549,0.39039,0.00094191
3d5.(2H).4s,1H,5.0,11.0,11.471505,3d5.(2H).4p,1I*,6.0,13.0,17.548634,6.077129,204.01772,444000000.0,0.32744,3.6018,0.0086902
3d5.(2H).4s,1H,5.0,11.0,11.471505,3d5.(a 2G).4p,3H*,6.0,13.0,17.769521,6.298016,196.86231,90000000.0,0.061798,0.67978,0.0016401
3d5.(2H).4s,1H,5.0,11.0,11.471505,3d5.(a 2G).4p,3G*,5.0,11.0,17.839313,6.367808,194.70467,7000000.0,0.0039784,0.043763,0.00010559
3d5.(2H).4s,1H,5.0,11.0,11.471505,3d5.(a 2G).4p,1H*,5.0,11.0,17.926474,6.454969,192.07559,32000000.0,0.017699,0.19469,0.00046974
3d5.(2H).4s,1H,5.0,11.0,11.471505,3d5.(2H).4p,1H*,5.0,11.0,17.958243,6.486738,191.13489,460000000.0,0.25194,2.7713,0.0066865
3d5.(2H).4s,1H,5.0,11.0,11.471505,3d5.(2H).4p,1G*,4.0,9.0,18.475283,7.003778,177.02474,270000000.0,0.10379,1.1417,0.0027545
3d5.(b 2F).4s,3F,4.0,9.0,11.578732,3d5.(4G).4p,3F*,4.0,9.0,14.673582,3.09485,400.61456,320000.0,0.00076995,0.0069296,2.0434e-05
3d5.(b 2F).4s,3F,4.0,9.0,11.578732,3d5.(4G).4p,3G*,5.0,11.0,15.119846,3.541114,350.12767,400000.0,0.00089851,0.0080866,2.3846e-05
3d5.(b 2F).4s,3F,4.0,9.0,11.578732,3d5.(2I).4p,1H*,5.0,11.0,16.330049,4.751317,260.94701,8000000.0,0.0099817,0.089835,0.00026491
3d5.(b 2F).4s,3F,4.0,9.0,11.578732,3d5.(a 2D).4p,3F*,4.0,9.0,16.463293,4.884561,253.82874,1900000.0,0.0018352,0.016517,4.8707e-05
3d5.(b 2F).4s,3F,4.0,9.0,11.578732,3d5.(a 2F).4p,1G*,4.0,9.0,16.658568,5.079836,244.07126,4400000.0,0.0039296,0.035366,0.00010429
3d5.(b 2F).4s,3F,4.0,9.0,11.578732,3d5.(a 2F).4p,3D*,3.0,7.0,16.825351,5.246619,236.31256,8000000.0,0.0052093,0.046884,0.00013825
3d5.(b 2F).4s,3F,4.0,9.0,11.578732,3d5.(a 2F).4p,3F*,3.0,7.0,16.960654,5.381922,230.3716,7000000.0,0.0043318,0.038986,0.00011497
3d5.(b 2F).4s,3F,4.0,9.0,11.578732,3d5.(2H).4p,3G*,5.0,11.0,17.116589,5.537857,223.8848,20000000.0,0.018369,0.16532,0.00048752
3d5.(b 2F).4s,3F,4.0,9.0,11.578732,3d5.(2H).4p,3G*,4.0,9.0,17.12261,5.543878,223.64164,9000000.0,0.0067485,0.060737,0.00017911
3d5.(b 2F).4s,3F,4.0,9.0,11.578732,3d5.(a 2G).4p,3F*,4.0,9.0,17.48214,5.903408,210.0214,15000000.0,0.0099192,0.089273,0.00026326
3d5.(b 2F).4s,3F,4.0,9.0,11.578732,3d5.(4F).4p,3D*,3.0,7.0,17.539629,5.960897,207.99587,24000000.0,0.012107,0.10896,0.00032132
3d5.(b 2F).4s,3F,4.0,9.0,11.578732,3d5.(4F).4p,3F*,4.0,9.0,17.611581,6.032849,205.51517,66000000.0,0.041792,0.37613,0.0011092
3d5.(b 2F).4s,3F,4.0,9.0,11.578732,3d5.(a 2G).4p,3G*,5.0,11.0,17.839313,6.260581,198.03944,120000000.0,0.086237,0.77613,0.0022887
3d5.(b 2F).4s,3F,4.0,9.0,11.578732,3d5.(b 2F).4p,1G*,4.0,9.0,17.894916,6.316184,196.29605,250000000.0,0.14442,1.2998,0.0038329
3d5.(b 2F).4s,3F,4.0,9.0,11.578732,3d5.(a 2G).4p,1H*,5.0,11.0,17.926474,6.347742,195.32016,90000000.0,0.062914,0.56622,0.0016697
3d5.(b 2F).4s,3F,4.0,9.0,11.578732,3d5.(b 2F).4p,3F*,4.0,9.0,17.973792,6.39506,193.87496,100000000.0,0.056351,0.50716,0.0014956
3d5.(b 2F).4s,3F,4.0,9.0,11.578732,3d5.(a 2G).4p,1F*,3.0,7.0,17.982497,6.403765,193.61141,90000000.0,0.039339,0.35405,0.001044
3d5.(b 2F).4s,3F,4.0,9.0,11.578732,3d5.(b 2F).4p,3G*,5.0,11.0,18.276016,6.697284,185.12609,380000000.0,0.23863,2.1477,0.0063333
3d5.(b 2F).4s,3F,4.0,9.0,11.578732,3d5.(b 2F).4p,3D*,3.0,7.0,18.304501,6.725769,184.34204,400000000.0,0.1585,1.4265,0.0042065
3d5.(b 2F).4s,3F,4.0,9.0,11.578732,3d5.(b 2D).4p,3D*,3.0,7.0,19.679929,8.101197,153.0443,8000000.0,0.0021849,0.019664,5.7988e-05
3d5.(b 2F).4s,3F,3.0,7.0,11.5792,3d5.(a 2D).4p,3F*,3.0,7.0,16.375838,4.796638,258.48146,3700000.0,0.0037061,0.025943,9.8361e-05
3d5.(b 2F).4s,3F,3.0,7.0,11.5792,3d5.(a 2F).4p,3F*,3.0,7.0,16.960654,5.381454,230.39163,1700000.0,0.0013528,0.0094698,3.5904e-05
3d5.(b 2F).4s,3F,3.0,7.0,11.5792,3d5.(2H).4p,3G*,3.0,7.0,17.133123,5.553923,223.23716,6000000.0,0.0044827,0.031379,0.00011897
3d5.(b 2F).4s,3F,3.0,7.0,11.5792,3d5.(4F).4p,3G*,4.0,9.0,17.31132,5.73212,216.29728,5000000.0,0.004509,0.031563,0.00011967
3d5.(b 2F).4s,3F,3.0,7.0,11.5792,3d5.(a 2F).4p,1F*,3.0,7.0,17.41397,5.83477,212.49201,2800000.0,0.0018954,0.013268,5.0304e-05
3d5.(b 2F).4s,3F,3.0,7.0,11.5792,3d5.(a 2G).4p,3F*,4.0,9.0,17.48214,5.90294,210.03805,2600000.0,0.0022109,0.015476,5.8678e-05
3d5.(b 2F).4s,3F,3.0,7.0,11.5792,3d5.(4F).4p,3D*,2.0,5.0,17.531264,5.952064,208.30455,44000000.0,0.020445,0.14311,0.0005426
3d5.(b 2F).4s,3F,3.0,7.0,11.5792,3d5.(4F).4p,3F*,3.0,7.0,17.644537,6.065337,204.41436,90000000.0,0.05638,0.39466,0.0014963
3d5.(b 2F).4s,3F,3.0,7.0,11.5792,3d5.(a 2G).4p,3G*,4.0,9.0,17.864385,6.285185,197.2642,130000000.0,0.097509,0.68256,0.0025879
3d5.(b 2F).4s,3F,3.0,7.0,11.5792,3d5.(b 2F).4p,3F*,2.0,5.0,17.915937,6.336737,195.65937,39000000.0,0.015988,0.11192,0.00042432
3d5.(b 2F).4s,3F,3.0,7.0,11.5792,3d5.(b 2F).4p,3F*,3.0,7.0,17.924464,6.345264,195.39644,290000000.0,0.16599,1.162,0.0044055
3d5.(b 2F).4s,3F,3.0,7.0,11.5792,3d5.(b 2F).4p,3F*,4.0,9.0,17.973792,6.394592,193.88915,30000000.0,0.021739,0.15217,0.00057694
3d5.(b 2F).4s,3F,3.0,7.0,11.5792,3d5.(a 2G).4p,1F*,3.0,7.0,17.982497,6.403297,193.62556,29000000.0,0.0163,0.1141,0.0004326
3d5.(b 2F).4s,3F,3.0,7.0,11.5792,3d5.(b 2F).4p,3G*,4.0,9.0,18.245672,6.666472,185.98173,430000000.0,0.28669,2.0068,0.0076088
3d5.(b 2F).4s,3F,3.0,7.0,11.5792,3d5.(b 2F).4p,3D*,2.0,5.0,18.301874,6.722674,184.42691,500000000.0,0.18212,1.2748,0.0048334
3d5.(b 2F).4s,3F,2.0,5.0,11.581745,3d5.(a 2D).4p,3F*,2.0,5.0,16.378947,4.797202,258.45107,1900000.0,0.0019027,0.0095135,5.0498e-05
3d5.(b 2F).4s,3F,2.0,5.0,11.581745,3d5.(4F).4p,3G*,3.0,7.0,17.318159,5.736414,216.13537,7000000.0,0.0068634,0.034317,0.00018215
3d5.(b 2F).4s,3F,2.0,5.0,11.581745,3d5.(a 2G).4p,3F*,2.0,5.0,17.450883,5.869138,211.24771,3200000.0,0.0021409,0.010704,5.6819e-05
3d5.(b 2F).4s,3F,2.0,5.0,11.581745,3d5.(4F).4p,3D*,1.0,3.0,17.539968,5.958223,208.08922,80000000.0,0.03116,0.1558,0.00082699
3d5.(b 2F).4s,3F,2.0,5.0,11.581745,3d5.(4F).4p,3F*,2.0,5.0,17.672069,6.090324,203.5757,180000000.0,0.11184,0.55918,0.0029681
3d5.(b 2F).4s,3F,2.0,5.0,11.581745,3d5.(a 2G).4p,3G*,3.0,7.0,17.868165,6.28642,197.22545,140000000.0,0.1143,0.57149,0.0030335
3d5.(b 2F).4s,3F,2.0,5.0,11.581745,3d5.(b 2F).4p,3F*,2.0,5.0,17.915937,6.334192,195.73799,280000000.0,0.16083,0.80415,0.0042684
3d5.(b 2F).4s,3F,2.0,5.0,11.581745,3d5.(b 2F).4p,3F*,3.0,7.0,17.924464,6.342719,195.47484,38000000.0,0.030476,0.15238,0.00080882
3d5.(b 2F).4s,3F,2.0,5.0,11.581745,3d5.(b 2F).4p,3G*,3.0,7.0,18.212179,6.630434,186.99258,370000000.0,0.27154,1.3577,0.0072067
3d5.(b 2F).4s,3F,2.0,5.0,11.581745,3d5.(b 2F).4p,3D*,1.0,3.0,18.294648,6.712903,184.69535,550000000.0,0.16877,0.84383,0.0044791
3d5.(b 2F).4s,3F,2.0,5.0,11.581745,3d5.(b 2F).4p,3D*,2.0,5.0,18.301874,6.720129,184.49675,80000000.0,0.040825,0.20413,0.0010835
3d5.(b 2F).4s,3F,2.0,5.0,11.581745,3d5.(b 2D).4p,3D*,1.0,3.0,19.621423,8.039678,154.21538,16000000.0,0.0034228,0.017114,9.0842e-05
3d5.(a 2G).4s,1G,4.0,9.0,11.594098,3d5.(4G).4p,3F*,4.0,9.0,14.673582,3.079484,402.61355,500000.0,0.0012151,0.010936,3.2248e-05
3d5.(a 2G).4s,1G,4.0,9.0,11.594098,3d5.(4G).4p,3G*,5.0,11.0,15.119846,3.525748,351.6536,400000.0,0.00090636,0.0081572,2.4055e-05
3d5.(a 2G).4s,1G,4.0,9.0,11.594098,3d5.(2I).4p,1H*,5.0,11.0,16.330049,4.735951,261.79367,11000000.0,0.013814,0.12433,0.00036662
3d5.(a 2G).4s,1G,4.0,9.0,11.594098,3d5.(a 2F).4p,1G*,4.0,9.0,16.658568,5.06447,244.81179,13000000.0,0.011681,0.10513,0.00031
3d5.(a 2G).4s,1G,4.0,9.0,11.594098,3d5.(a 2F).4p,3F*,4.0,9.0,16.937833,5.343735,232.01786,8000000.0,0.0064564,0.058108,0.00017135
3d5.(a 2G).4s,1G,4.0,9.0,11.594098,3d5.(4F).4p,3G*,3.0,7.0,17.318159,5.724061,216.60181,3400000.0,0.00186,0.01674,4.9365e-05
3d5.(a 2G).4s,1G,4.0,9.0,11.594098,3d5.(a 2G).4p,1G*,4.0,9.0,17.336361,5.742263,215.91522,90000000.0,0.062903,0.56612,0.0016694
3d5.(a 2G).4s,1G,4.0,9.0,11.594098,3d5.(a 2F).4p,1F*,3.0,7.0,17.41397,5.819872,213.03595,24000000.0,0.012701,0.11431,0.00033708
3d5.(a 2G).4s,1G,4.0,9.0,11.594098,3d5.(a 2G).4p,3F*,4.0,9.0,17.48214,5.888042,210.56949,76000000.0,0.05052,0.45468,0.0013408
3d5.(a 2G).4s,1G,4.0,9.0,11.594098,3d5.(a 2G).4p,3G*,3.0,7.0,17.868165,6.274067,197.61376,2200000.0,0.0010018,0.009016,2.6587e-05
3d5.(a 2G).4s,1G,4.0,9.0,11.594098,3d5.(a 2G).4p,1H*,5.0,11.0,17.926474,6.332376,195.79412,200000000.0,0.14049,1.2644,0.0037285
3d5.(a 2G).4s,1G,4.0,9.0,11.594098,3d5.(a 2G).4p,1F*,3.0,7.0,17.982497,6.388399,194.07711,380000000.0,0.1669,1.5021,0.0044294
3d5.(a 2G).4s,1G,4.0,9.0,11.594098,3d5.(b 2F).4p,3G*,3.0,7.0,18.212179,6.618081,187.34162,9000000.0,0.0036832,0.033149,9.7752e-05
3d5.(a 2G).4s,1G,4.0,9.0,11.594098,3d5.(b 2F).4p,3G*,5.0,11.0,18.276016,6.681918,185.55181,100000000.0,0.063087,0.56778,0.0016743
3d5.(a 2G).4s,1G,4.0,9.0,11.594098,3d5.(b 2F).4p,3D*,3.0,7.0,18.304501,6.710403,184.76416,130000000.0,0.051748,0.46573,0.0013734
3d5.(a 2G).4s,1G,4.0,9.0,11.594098,3d5.(2H).4p,1G*,4.0,9.0,18.475283,6.881185,180.17856,130000000.0,0.063272,0.56944,0.0016792
3d5.(a 2G).4s,1G,4.0,9.0,11.594098,3d5.(b 2D).4p,3F*,4.0,9.0,19.659249,8.065151,153.7283,8000000.0,0.0028344,0.025509,7.5224e-05
3d5.(b 2F).4s,1F,3.0,7.0,12.031611,3d5.(4F).4p,5G*,4.0,9.0,16.767603,4.735992,261.7914,1100000.0,0.0014531,0.010172,3.8566e-05
3d5.(b 2F).4s,1F,3.0,7.0,12.031611,3d5.(a 2D).4p,1F*,3.0,7.0,16.886657,4.855046,255.37183,2500000.0,0.0024442,0.01711,6.487e-05
3d5.(b 2F).4s,1F,3.0,7.0,12.031611,3d5.(a 2F).4p,1F*,3.0,7.0,17.41397,5.382359,230.3529,8000000.0,0.0063641,0.044549,0.0001689
3d5.(b 2F).4s,1F,3.0,7.0,12.031611,3d5.(4F).4p,3D*,2.0,5.0,17.531264,5.499653,225.44004,2200000.0,0.0011973,0.0083814,3.1777e-05
3d5.(b 2F).4s,1F,3.0,7.0,12.031611,3d5.(a 2G).4p,3G*,4.0,9.0,17.864385,5.832774,212.56472,2400000.0,0.0020902,0.014632,5.5475e-05
3d5.(b 2F).4s,1F,3.0,7.0,12.031611,3d5.(b 2F).4p,1G*,4.0,9.0,17.894916,5.863305,211.45787,140000000.0,0.12066,0.84465,0.0032024
3d5.(b 2F).4s,1F,3.0,7.0,12.031611,3d5.(b 2F).4p,3F*,2.0,5.0,17.915937,5.884326,210.70246,36000000.0,0.017115,0.1198,0.00045423
3d5.(b 2F).4s,1F,3.0,7.0,12.031611,3d5.(b 2F).4p,3F*,4.0,9.0,17.973792,5.942181,208.651,100000000.0,0.083916,0.58741,0.0022271
3d5.(b 2F).4s,1F,3.0,7.0,12.031611,3d5.(a 2G).4p,1F*,3.0,7.0,17.982497,5.950886,208.34578,11000000.0,0.0071585,0.050109,0.00018999
3d5.(b 2F).4s,1F,3.0,7.0,12.031611,3d5.(b 2F).4p,1D*,2.0,5.0,18.054358,6.022747,205.85988,440000000.0,0.19968,1.3977,0.0052994
3d5.(b 2F).4s,1F,3.0,7.0,12.031611,3d5.(b 2F).4p,3D*,2.0,5.0,18.301874,6.270263,197.73365,3700000.0,0.0015492,0.010844,4.1115e-05
3d5.(b 2F).4s,1F,3.0,7.0,12.031611,3d5.(b 2F).4p,3D*,3.0,7.0,18.304501,6.27289,197.65084,7000000.0,0.0040997,0.028698,0.00010881
3d5.(b 2F).4s,1F,3.0,7.0,12.031611,3d5.(2H).4p,1G*,4.0,9.0,18.475283,6.443672,192.41234,280000000.0,0.19981,1.3987,0.0053031
3d5.(b 2F).4s,1F,3.0,7.0,12.031611,3d5.(b 2F).4p,1F*,3.0,7.0,18.678784,6.647173,186.5217,560000000.0,0.29208,2.0446,0.0077519
3d5.(2S).4s,3S,1.0,3.0,12.232626,3d5.(4D).4p,3P*,1.0,3.0,15.94508,3.712454,333.96831,1900000.0,0.003177,0.0095311,8.4319e-05
3d5.(2S).4s,3S,1.0,3.0,12.232626,3d5.(4D).4p,3P*,2.0,5.0,15.983753,3.751127,330.5252,2000000.0,0.0054594,0.016378,0.00014489
3d5.(2S).4s,3S,1.0,3.0,12.232626,3d5.(2S).4p,3P*,2.0,5.0,18.538787,6.306161,196.60804,490000000.0,0.47327,1.4198,0.012561
3d5.(2S).4s,3S,1.0,3.0,12.232626,3d5.(b 2D).4p,3P*,2.0,5.0,19.842139,7.609513,162.93316,110000000.0,0.072966,0.2189,0.0019365
3d5.(2S).4s,1S,0.0,1.0,12.697265,3d5.(2S).4p,1P*,1.0,3.0,18.800571,6.103306,203.14269,390000000.0,0.72385,0.72385,0.019211
3d5.(2S).4s,1S,0.0,1.0,12.697265,3d5.(b 2D).4p,1P*,1.0,3.0,19.963757,7.266492,170.62456,110000000.0,0.14403,0.14403,0.0038226
3d5.(b 2D).4s,3D,1.0,3.0,13.129349,3d5.(a 2G).4p,3F*,2.0,5.0,17.450883,4.321534,286.89858,5000000.0,0.010283,0.03085,0.00027292
3d5.(b 2D).4s,3D,1.0,3.0,13.129349,3d5.(4F).4p,3F*,2.0,5.0,17.672069,4.54272,272.92943,3400000.0,0.0063283,0.018985,0.00016795
3d5.(b 2D).4s,3D,1.0,3.0,13.129349,3d5.(2S).4p,3P*,1.0,3.0,18.463134,5.333785,232.45069,8000000.0,0.0064805,0.019442,0.00017199
3d5.(b 2D).4s,3D,1.0,3.0,13.129349,3d5.(b 2D).4p,3F*,2.0,5.0,19.55035,6.421001,193.0917,360000000.0,0.33538,1.0061,0.008901
3d5.(b 2D).4s,3D,1.0,3.0,13.129349,3d5.(b 2D).4p,3D*,1.0,3.0,19.621423,6.492074,190.9778,380000000.0,0.20778,0.62335,0.0055145
3d5.(b 2D).4s,3D,1.0,3.0,13.129349,3d5.(b 2D).4p,3D*,2.0,5.0,19.64117,6.511821,190.39866,220000000.0,0.19928,0.59783,0.0052888
3d5.(b 2D).4s,3D,1.0,3.0,13.129349,3d5.(b 2D).4p,3P*,1.0,3.0,19.845719,6.71637,184.60001,260000000.0,0.13283,0.39849,0.0035253
3d5.(b 2D).4s,3D,1.0,3.0,13.129349,3d5.(b 2D).4p,3P*,0.0,1.0,19.84662,6.717271,184.57525,540000000.0,0.091935,0.2758,0.0024399
3d5.(b 2D).4s,3D,1.0,3.0,13.129349,3d5.(b 2D).4p,1D*,2.0,5.0,20.095948,6.966599,177.96948,6000000.0,0.0047484,0.014245,0.00012602
3d5.(b 2D).4s,3D,2.0,5.0,13.130704,3d5.(4F).4p,3F*,3.0,7.0,17.644537,4.513833,274.67609,3000000.0,0.0047506,0.023753,0.00012608
3d5.(b 2D).4s,3D,2.0,5.0,13.130704,3d5.(2S).4p,3P*,2.0,5.0,18.538787,5.408083,229.2572,5000000.0,0.0039398,0.019699,0.00010456
3d5.(b 2D).4s,3D,2.0,5.0,13.130704,3d5.(b 2D).4p,3F*,2.0,5.0,19.55035,6.419646,193.13245,210000000.0,0.11743,0.58716,0.0031167
3d5.(b 2D).4s,3D,2.0,5.0,13.130704,3d5.(b 2D).4p,3F*,3.0,7.0,19.587268,6.456564,192.02814,310000000.0,0.23993,1.1996,0.0063677
3d5.(b 2D).4s,3D,2.0,5.0,13.130704,3d5.(b 2D).4p,3D*,1.0,3.0,19.621423,6.490719,191.01766,240000000.0,0.078772,0.39386,0.0020906
3d5.(b 2D).4s,3D,2.0,5.0,13.130704,3d5.(b 2D).4p,3D*,2.0,5.0,19.64117,6.510466,190.43829,220000000.0,0.11962,0.59808,0.0031746
3d5.(b 2D).4s,3D,2.0,5.0,13.130704,3d5.(b 2D).4p,3D*,3.0,7.0,19.679929,6.549225,189.31125,290000000.0,0.21814,1.0907,0.0057895
3d5.(b 2D).4s,3D,2.0,5.0,13.130704,3d5.(b 2D).4p,1F*,3.0,7.0,19.774614,6.64391,186.6133,10000000.0,0.0073092,0.036546,0.00019399
3d5.(b 2D).4s,3D,2.0,5.0,13.130704,3d5.(b 2D).4p,3P*,2.0,5.0,19.842139,6.711435,184.73575,200000000.0,0.10233,0.51164,0.0027158
3d5.(b 2D).4s,3D,2.0,5.0,13.130704,3d5.(b 2D).4p,3P*,1.0,3.0,19.845719,6.715015,184.63726,350000000.0,0.10733,0.53665,0.0028485
3d5.(b 2D).4s,3D,3.0,7.0,13.133553,3d5.(4D).4p,3F*,4.0,9.0,15.553039,2.419486,512.44024,110000.0,0.00055678,0.0038975,1.4777e-05
3d5.(b 2D).4s,3D,3.0,7.0,13.133553,3d5.(4D).4p,3P*,2.0,5.0,15.983753,2.8502,435.00175,430000.0,0.00087133,0.0060993,2.3125e-05
3d5.(b 2D).4s,3D,3.0,7.0,13.133553,3d5.(4F).4p,3F*,4.0,9.0,17.611581,4.478028,276.87232,2900000.0,0.0042851,0.029996,0.00011373
3d5.(b 2D).4s,3D,3.0,7.0,13.133553,3d5.(2S).4p,3P*,2.0,5.0,18.538787,5.405234,229.37804,50000000.0,0.028171,0.1972,0.00074766
3d5.(b 2D).4s,3D,3.0,7.0,13.133553,3d5.(b 2D).4p,3F*,3.0,7.0,19.587268,6.453715,192.11291,250000000.0,0.13833,0.9683,0.0036712
3d5.(b 2D).4s,3D,3.0,7.0,13.133553,3d5.(b 2D).4p,3D*,2.0,5.0,19.64117,6.507617,190.52166,190000000.0,0.073854,0.51698,0.0019601
3d5.(b 2D).4s,3D,3.0,7.0,13.133553,3d5.(b 2D).4p,3F*,4.0,9.0,19.659249,6.525696,189.99383,622000000.0,0.43279,3.0295,0.011486
3d5.(b 2D).4s,3D,3.0,7.0,13.133553,3d5.(b 2D).4p,3P*,2.0,5.0,19.842139,6.708586,184.8142,380000000.0,0.13899,0.97294,0.0036888
3d5.(b 2D).4s,3D,3.0,7.0,13.133553,3d5.(b 2D).4p,1D*,2.0,5.0,20.095948,6.962395,178.07694,6000000.0,0.0020375,0.014263,5.4075e-05
3d5.(b 2D).4s,1D,2.0,5.0,13.58507,3d5.(a 2F).4p,1F*,3.0,7.0,17.41397,3.8289,323.81153,1000000.0,0.0022008,0.011004,5.8408e-05
3d5.(b 2D).4s,1D,2.0,5.0,13.58507,3d5.(b 2F).4p,1D*,2.0,5.0,18.054358,4.469288,277.41376,11000000.0,0.012691,0.063457,0.00033683
3d5.(b 2D).4s,1D,2.0,5.0,13.58507,3d5.(b 2D).4p,3F*,3.0,7.0,19.587268,6.002198,206.56466,26000000.0,0.023285,0.11642,0.00061798
3d5.(b 2D).4s,1D,2.0,5.0,13.58507,3d5.(b 2D).4p,3D*,1.0,3.0,19.621423,6.036353,205.39587,4300000.0,0.0016318,0.0081589,4.3308e-05
3d5.(b 2D).4s,1D,2.0,5.0,13.58507,3d5.(b 2D).4p,1F*,3.0,7.0,19.774614,6.189544,200.31233,420000000.0,0.35371,1.7686,0.0093876
3d5.(b 2D).4s,1D,2.0,5.0,13.58507,3d5.(b 2D).4p,1P*,1.0,3.0,19.963757,6.378687,194.3726,490000000.0,0.16652,0.83262,0.0044195
3d5.(b 2D).4s,1D,2.0,5.0,13.58507,3d5.(b 2D).4p,1D*,2.0,5.0,20.095948,6.510878,190.42623,610000000.0,0.33162,1.6581,0.0088012
3d5.(b 2D).4s,1D,2.0,5.0,13.58507,3d5.(b 2G).4p,1F*,3.0,7.0,21.115753,7.530683,164.63872,70000000.0,0.039824,0.19912,0.0010569
3d5.(4G).4p,5G*,2.0,5.0,14.08266,3d5.(4G).4d,5H,3.0,7.0,22.215336,8.132676,152.45191,970000000.0,0.47318,2.3659,0.012558
3d5.(4G).4p,5G*,2.0,5.0,14.08266,3d5.(4G).4d,5F,1.0,3.0,22.277863,8.195203,151.28875,740000000.0,0.15235,0.76177,0.0040435
3d5.(4G).4p,5G*,2.0,5.0,14.08266,3d5.(4G).4d,5G,2.0,5.0,22.287355,8.204695,151.11372,910000000.0,0.31154,1.5577,0.0082682
3d5.(4G).4p,5G*,2.0,5.0,14.08266,3d5.(4G).5s,5G,2.0,5.0,22.543898,8.461238,146.53198,560000000.0,0.18027,0.90133,0.0047842
3d5.(4G).4p,5G*,2.0,5.0,14.08266,3d5.(4G).5s,5G,3.0,7.0,22.544067,8.461407,146.52906,90000000.0,0.040558,0.20279,0.0010764
3d5.(4G).4p,5G*,3.0,7.0,14.085317,3d5.(4G).4d,5H,3.0,7.0,22.215336,8.130019,152.50173,320000000.0,0.11157,0.78101,0.0029611
3d5.(4G).4p,5G*,3.0,7.0,14.085317,3d5.(4G).4d,5H,4.0,9.0,22.217269,8.131952,152.46548,830000000.0,0.3719,2.6033,0.0098702
3d5.(4G).4p,5G*,3.0,7.0,14.085317,3d5.(4G).4d,5F,2.0,5.0,22.277113,8.191796,151.35167,840000000.0,0.20606,1.4424,0.0054687
3d5.(4G).4p,5G*,3.0,7.0,14.085317,3d5.(4G).4d,5G,3.0,7.0,22.287501,8.202184,151.15998,670000000.0,0.22951,1.6066,0.0060913
3d5.(4G).4p,5G*,3.0,7.0,14.085317,3d5.(4G).5s,5G,4.0,9.0,22.543527,8.45821,146.58444,110000000.0,0.045559,0.31891,0.0012091
3d5.(4G).4p,5G*,3.0,7.0,14.085317,3d5.(4G).5s,5G,3.0,7.0,22.544067,8.45875,146.57508,510000000.0,0.16427,1.1499,0.0043596
3d5.(4G).4p,5G*,4.0,9.0,14.089014,3d5.(4G).4d,5H,4.0,9.0,22.217269,8.128255,152.53483,420000000.0,0.1465,1.3185,0.0038882
3d5.(4G).4p,5G*,4.0,9.0,14.089014,3d5.(4G).4d,5H,5.0,11.0,22.218923,8.129909,152.5038,820000000.0,0.34945,3.145,0.0092744
3d5.(4G).4p,5G*,4.0,9.0,14.089014,3d5.(4G).4d,5F,3.0,7.0,22.275198,8.186184,151.45543,750000000.0,0.20061,1.8055,0.0053241
3d5.(4G).4p,5G*,4.0,9.0,14.089014,3d5.(4G).4d,5G,4.0,9.0,22.287164,8.19815,151.23436,600000000.0,0.20574,1.8516,0.0054603
3d5.(4G).4p,5G*,4.0,9.0,14.089014,3d5.(4G).4d,5G,3.0,7.0,22.287501,8.198487,151.22815,110000000.0,0.029334,0.26401,0.00077853
3d5.(4G).4p,5G*,4.0,9.0,14.089014,3d5.(4G).5s,5G,4.0,9.0,22.543527,8.454513,146.64854,530000000.0,0.17088,1.5379,0.0045352
3d5.(4G).4p,5G*,5.0,11.0,14.094188,3d5.(4G).4d,5H,5.0,11.0,22.218923,8.124735,152.60091,420000000.0,0.14663,1.6129,0.0038916
3d5.(4G).4p,5G*,5.0,11.0,14.094188,3d5.(4G).4d,5H,6.0,13.0,22.220031,8.125843,152.58011,881000000.0,0.3634,3.9974,0.0096446
3d5.(4G).4p,5G*,5.0,11.0,14.094188,3d5.(4G).4d,5F,4.0,9.0,22.271397,8.177209,151.62166,720000000.0,0.20303,2.2334,0.0053885
3d5.(4G).4p,5G*,5.0,11.0,14.094188,3d5.(4G).4d,5G,5.0,11.0,22.285965,8.191777,151.35202,570000000.0,0.19575,2.1533,0.0051953
3d5.(4G).4p,5G*,5.0,11.0,14.094188,3d5.(4G).5s,5G,6.0,13.0,22.536954,8.442766,146.85258,60000000.0,0.022926,0.25218,0.00060845
3d5.(4G).4p,5G*,5.0,11.0,14.094188,3d5.(4G).5s,5G,5.0,11.0,22.541418,8.44723,146.77498,580000000.0,0.18732,2.0606,0.0049716
3d5.(4G).4p,5G*,6.0,13.0,14.101961,3d5.(4G).4d,5H,6.0,13.0,22.220031,8.11807,152.7262,320000000.0,0.1119,1.4547,0.0029699
3d5.(4G).4p,5G*,6.0,13.0,14.101961,3d5.(4G).4d,5H,7.0,15.0,22.220651,8.11869,152.71454,1050000000.0,0.4236,5.5068,0.011242
3d5.(4G).4p,5G*,6.0,13.0,14.101961,3d5.(4G).4d,5F,5.0,11.0,22.265081,8.16312,151.88335,670000000.0,0.19607,2.5489,0.0052036
3d5.(4G).4p,5G*,6.0,13.0,14.101961,3d5.(4G).4d,5G,6.0,13.0,22.283121,8.18116,151.54843,650000000.0,0.22381,2.9095,0.0059399
3d5.(4G).4p,5G*,6.0,13.0,14.101961,3d5.(4G).4d,5G,5.0,11.0,22.285965,8.184004,151.49577,51000000.0,0.014848,0.19303,0.00039408
3d5.(4G).4p,5G*,6.0,13.0,14.101961,3d5.(4G).5s,5G,6.0,13.0,22.536954,8.434993,146.98791,670000000.0,0.21702,2.8212,0.0057597
3d5.(b 2G).4s,3G,5.0,11.0,14.174554,3d5.(a 2G).4p,3G*,5.0,11.0,17.839313,3.664759,338.31474,900000.0,0.0015443,0.016988,4.0987e-05
3d5.(b 2G).4s,3G,5.0,11.0,14.174554,3d5.(b 2G).4p,3H*,6.0,13.0,20.604654,6.4301,192.81846,629000000.0,0.41434,4.5578,0.010997
3d5.(b 2G).4s,3G,5.0,11.0,14.174554,3d5.(b 2G).4p,3F*,4.0,9.0,20.608944,6.43439,192.6899,572000000.0,0.26051,2.8656,0.0069139
3d5.(b 2G).4s,3G,5.0,11.0,14.174554,3d5.(b 2G).4p,3G*,5.0,11.0,20.742408,6.567854,188.77429,510000000.0,0.27247,2.9971,0.0072313
3d5.(b 2G).4s,3G,5.0,11.0,14.174554,3d5.(b 2G).4p,1H*,5.0,11.0,20.926033,6.751479,183.64006,23000000.0,0.011628,0.12791,0.00030862
3d5.(b 2G).4s,3G,4.0,9.0,14.176385,3d5.(4F).4p,3G*,4.0,9.0,17.31132,3.134935,395.49209,440000.0,0.0010318,0.009286,2.7383e-05
3d5.(b 2G).4s,3G,4.0,9.0,14.176385,3d5.(a 2G).4p,3G*,4.0,9.0,17.864385,3.688,336.18275,700000.0,0.0011861,0.010675,3.1478e-05
3d5.(b 2G).4s,3G,4.0,9.0,14.176385,3d5.(b 2F).4p,3F*,3.0,7.0,17.924464,3.748079,330.79398,800000.0,0.0010208,0.0091868,2.7091e-05
3d5.(b 2G).4s,3G,4.0,9.0,14.176385,3d5.(b 2G).4p,3H*,4.0,9.0,20.546594,6.370209,194.63129,110000000.0,0.062471,0.56224,0.001658
3d5.(b 2G).4s,3G,4.0,9.0,14.176385,3d5.(b 2G).4p,3H*,5.0,11.0,20.573917,6.397532,193.80004,474000000.0,0.32621,2.9359,0.0086576
3d5.(b 2G).4s,3G,4.0,9.0,14.176385,3d5.(b 2G).4p,3F*,3.0,7.0,20.643111,6.466726,191.72638,510000000.0,0.2186,1.9674,0.0058016
3d5.(b 2G).4s,3G,4.0,9.0,14.176385,3d5.(b 2G).4p,3G*,3.0,7.0,20.715974,6.539589,189.5902,100000000.0,0.041913,0.37722,0.0011124
3d5.(b 2G).4s,3G,4.0,9.0,14.176385,3d5.(b 2G).4p,3G*,4.0,9.0,20.731069,6.554684,189.15359,480000000.0,0.25747,2.3172,0.0068333
3d5.(b 2G).4s,3G,4.0,9.0,14.176385,3d5.(b 2G).4p,3G*,5.0,11.0,20.742408,6.566023,188.82693,150000000.0,0.098001,0.88201,0.0026009
3d5.(b 2G).4s,3G,3.0,7.0,14.177867,3d5.(4F).4p,3G*,3.0,7.0,17.318159,3.140292,394.81742,500000.0,0.0011685,0.0081794,3.1012e-05
3d5.(b 2G).4s,3G,3.0,7.0,14.177867,3d5.(a 2G).4p,3F*,2.0,5.0,17.450883,3.273016,378.80719,800000.0,0.0012293,0.0086051,3.2626e-05
3d5.(b 2G).4s,3G,3.0,7.0,14.177867,3d5.(a 2G).4p,3G*,3.0,7.0,17.868165,3.690298,335.9734,700000.0,0.0011846,0.0082921,3.1439e-05
3d5.(b 2G).4s,3G,3.0,7.0,14.177867,3d5.(b 2G).4p,3H*,4.0,9.0,20.546594,6.368727,194.67658,430000000.0,0.31412,2.1989,0.0083368
3d5.(b 2G).4s,3G,3.0,7.0,14.177867,3d5.(b 2G).4p,3F*,4.0,9.0,20.608944,6.431077,192.78917,18000000.0,0.012896,0.090269,0.00034225
3d5.(b 2G).4s,3G,3.0,7.0,14.177867,3d5.(b 2G).4p,3F*,3.0,7.0,20.643111,6.465244,191.77033,100000000.0,0.055134,0.38594,0.0014633
3d5.(b 2G).4s,3G,3.0,7.0,14.177867,3d5.(b 2G).4p,3F*,2.0,5.0,20.705654,6.527787,189.93297,620000000.0,0.23951,1.6766,0.0063566
3d5.(b 2G).4s,3G,3.0,7.0,14.177867,3d5.(b 2G).4p,3G*,3.0,7.0,20.715974,6.538107,189.63317,550000000.0,0.29652,2.0756,0.0078696
3d5.(b 2G).4s,3G,3.0,7.0,14.177867,3d5.(b 2G).4p,1F*,3.0,7.0,21.115753,6.937886,178.70602,6000000.0,0.0028727,0.020109,7.6241e-05
3d5.(4G).4p,5H*,3.0,7.0,14.251839,3d5.(4G).4d,5H,3.0,7.0,22.215336,7.963497,155.69064,480000000.0,0.17443,1.221,0.0046294
3d5.(4G).4p,5H*,3.0,7.0,14.251839,3d5.(4G).4d,5G,2.0,5.0,22.287355,8.035516,154.29525,230000000.0,0.058636,0.41045,0.0015562
3d5.(4G).4p,5H*,3.0,7.0,14.251839,3d5.(4G).4d,5I,4.0,9.0,22.30189,8.050051,154.01666,1710000000.0,0.78187,5.4731,0.020751
3d5.(4G).4p,5H*,3.0,7.0,14.251839,3d5.(4G).5s,5G,2.0,5.0,22.543898,8.292059,149.52161,540000000.0,0.12928,0.90496,0.0034311
3d5.(4G).4p,5H*,4.0,9.0,14.271991,3d5.(4G).4d,5H,3.0,7.0,22.215336,7.943345,156.08563,60000000.0,0.017045,0.1534,0.00045237
3d5.(4G).4p,5H*,4.0,9.0,14.271991,3d5.(4G).4d,5H,4.0,9.0,22.217269,7.945278,156.04765,390000000.0,0.14238,1.2814,0.0037787
3d5.(4G).4p,5H*,4.0,9.0,14.271991,3d5.(4G).4d,5I,5.0,11.0,22.303974,8.031983,154.36312,1500000000.0,0.65492,5.8943,0.017382
3d5.(4G).4p,5H*,4.0,9.0,14.271991,3d5.(4G).5s,5G,3.0,7.0,22.544067,8.272076,149.88281,500000000.0,0.13098,1.1788,0.0034761
3d5.(4G).4p,5H*,5.0,11.0,14.294177,3d5.(4G).4d,5H,5.0,11.0,22.218923,7.924746,156.45195,390000000.0,0.14312,1.5743,0.0037983
3d5.(4G).4p,5H*,5.0,11.0,14.294177,3d5.(4G).4d,5H,6.0,13.0,22.220031,7.925854,156.43008,100000000.0,0.043356,0.47692,0.0011507
3d5.(4G).4p,5H*,5.0,11.0,14.294177,3d5.(4G).4d,5G,4.0,9.0,22.287164,7.992987,155.11623,170000000.0,0.050173,0.55191,0.0013316
3d5.(4G).4p,5H*,5.0,11.0,14.294177,3d5.(4G).4d,5I,6.0,13.0,22.305341,8.011164,154.76427,1690000000.0,0.7172,7.8892,0.019034
3d5.(4G).4p,5H*,5.0,11.0,14.294177,3d5.(4G).5s,5G,4.0,9.0,22.543527,8.24935,150.29572,480000000.0,0.133,1.463,0.0035298
3d5.(4G).4p,5H*,6.0,13.0,14.317016,3d5.(4G).4d,5H,5.0,11.0,22.218923,7.901907,156.90415,70000000.0,0.021861,0.2842,0.0005802
3d5.(4G).4p,5H*,6.0,13.0,14.317016,3d5.(4G).4d,5H,6.0,13.0,22.220031,7.903015,156.88215,480000000.0,0.17711,2.3025,0.0047006
3d5.(4G).4p,5H*,6.0,13.0,14.317016,3d5.(4G).4d,5G,5.0,11.0,22.285965,7.968949,155.58413,180000000.0,0.055273,0.71855,0.0014669
3d5.(4G).4p,5H*,6.0,13.0,14.317016,3d5.(4G).4d,5I,6.0,13.0,22.305341,7.988325,155.20675,31000000.0,0.011195,0.14554,0.00029713
3d5.(4G).4p,5H*,6.0,13.0,14.317016,3d5.(4G).4d,5I,7.0,15.0,22.305349,7.988333,155.2066,1770000000.0,0.73757,9.5884,0.019575
3d5.(4G).4p,5H*,6.0,13.0,14.317016,3d5.(4G).5s,5G,5.0,11.0,22.541418,8.224402,150.75163,450000000.0,0.12973,1.6865,0.0034431
3d5.(4G).4p,5H*,7.0,15.0,14.337867,3d5.(4G).4d,5H,6.0,13.0,22.220031,7.882164,157.29716,60000000.0,0.019289,0.28933,0.00051192
3d5.(4G).4p,5H*,7.0,15.0,14.337867,3d5.(4G).4d,5H,7.0,15.0,22.220651,7.882784,157.28478,721000000.0,0.2674,4.0111,0.0070969
3d5.(4G).4p,5H*,7.0,15.0,14.337867,3d5.(4G).4d,5G,6.0,13.0,22.283121,7.945254,156.04812,230000000.0,0.072771,1.0916,0.0019313
3d5.(4G).4p,5H*,7.0,15.0,14.337867,3d5.(4G).4d,5I,8.0,17.0,22.303427,7.96556,155.65032,1820000000.0,0.74918,11.238,0.019883
3d5.(4G).4p,5H*,7.0,15.0,14.337867,3d5.(4G).5s,5G,6.0,13.0,22.536954,8.199087,151.21708,430000000.0,0.12776,1.9163,0.0033906
3d5.(4G).4p,5F*,5.0,11.0,14.421451,3d5.(6S).4d,5D,4.0,9.0,18.788316,4.366865,283.92038,8000000.0,0.0079103,0.087013,0.00020994
3d5.(4G).4p,5F*,5.0,11.0,14.421451,3d5.(4G).4d,5F,5.0,11.0,22.265081,7.84363,158.06992,942000000.0,0.35287,3.8815,0.009365
3d5.(4G).4p,5F*,5.0,11.0,14.421451,3d5.(4G).4d,5G,6.0,13.0,22.283121,7.86167,157.7072,520000000.0,0.22915,2.5206,0.0060816
3d5.(4G).4p,5F*,5.0,11.0,14.421451,3d5.(4G).5s,5G,6.0,13.0,22.536954,8.115503,152.77451,190000000.0,0.078572,0.86429,0.0020853
3d5.(4P).4p,5D*,0.0,1.0,14.427425,3d5.(4P).4d,5F,1.0,3.0,22.625444,8.198019,151.23678,810000000.0,0.83326,0.83326,0.022115
3d5.(4P).4p,5D*,1.0,3.0,14.429311,3d5.(4P).4d,5F,2.0,5.0,22.624733,8.195422,151.2847,650000000.0,0.37172,1.1151,0.0098654
3d5.(4P).4p,5D*,2.0,5.0,14.434206,3d5.(4G).4d,5G,3.0,7.0,22.287501,7.853295,157.87539,200000000.0,0.10463,0.52314,0.0027768
3d5.(4P).4p,5D*,2.0,5.0,14.434206,3d5.(4P).4d,5F,3.0,7.0,22.620276,8.18607,151.45754,710000000.0,0.34184,1.7092,0.0090725
3d5.(4G).4p,5F*,4.0,9.0,14.440141,3d5.(4G).4d,5F,4.0,9.0,22.271397,7.831256,158.31969,660000000.0,0.24801,2.2321,0.0065822
3d5.(4G).4p,5F*,4.0,9.0,14.440141,3d5.(4G).4d,5F,3.0,7.0,22.275198,7.835057,158.24288,180000000.0,0.052558,0.47302,0.0013949
3d5.(4G).4p,5F*,4.0,9.0,14.440141,3d5.(4G).4d,5G,5.0,11.0,22.285965,7.845824,158.02572,520000000.0,0.23794,2.1415,0.0063149
3d5.(4G).4p,5F*,4.0,9.0,14.440141,3d5.(4G).5s,5G,5.0,11.0,22.541418,8.101277,153.04278,130000000.0,0.055793,0.50214,0.0014807
3d5.(4G).4p,5F*,3.0,7.0,14.441129,3d5.(4G).4d,5G,4.0,9.0,22.287164,7.846035,158.02147,390000000.0,0.18772,1.314,0.004982
3d5.(4G).4p,5F*,3.0,7.0,14.441129,3d5.(4G).5s,5G,4.0,9.0,22.543527,8.102398,153.02161,70000000.0,0.031594,0.22116,0.00083851
3d5.(4G).4p,5F*,3.0,7.0,14.441129,3d5.(4P).4d,5F,4.0,9.0,22.616305,8.175176,151.65936,410000000.0,0.18177,1.2724,0.0048242
3d5.(4G).4p,5F*,1.0,3.0,14.498447,3d5.(4G).4d,5F,1.0,3.0,22.277863,7.779416,159.37469,550000000.0,0.20944,0.62832,0.0055586
3d5.(4G).4p,5F*,1.0,3.0,14.498447,3d5.(4G).4d,5G,2.0,5.0,22.287355,7.788908,159.18046,450000000.0,0.28491,0.85472,0.0075614
3d5.(4P).4p,5S*,2.0,5.0,14.503078,3d5.(4G).4d,5F,2.0,5.0,22.277113,7.774035,159.485,390000000.0,0.14872,0.74359,0.003947
3d5.(4P).4p,5S*,2.0,5.0,14.503078,3d5.(4G).4d,5G,3.0,7.0,22.287501,7.784423,159.27218,320000000.0,0.17038,0.8519,0.0045219
3d5.(4P).4p,5D*,3.0,7.0,14.514684,3d5.(4G).4d,5F,3.0,7.0,22.275198,7.760514,159.76287,240000000.0,0.091838,0.64287,0.0024374
3d5.(4P).4p,5D*,3.0,7.0,14.514684,3d5.(4G).4d,5G,4.0,9.0,22.287164,7.77248,159.51691,160000000.0,0.078476,0.54933,0.0020828
3d5.(4P).4p,5D*,3.0,7.0,14.514684,3d5.(4G).5s,5G,4.0,9.0,22.543527,8.028843,154.42349,80000000.0,0.036772,0.25741,0.00097594
3d5.(4P).4p,5D*,4.0,9.0,14.57087,3d5.(4P).4d,5F,5.0,11.0,22.612237,8.041367,154.18299,1470000000.0,0.64032,5.7629,0.016994
3d5.(b 2G).4s,1G,4.0,9.0,14.623957,3d5.(a 2G).4p,3F*,4.0,9.0,17.48214,2.858183,433.78677,160000.0,0.00045137,0.0040623,1.1979e-05
3d5.(b 2G).4s,1G,4.0,9.0,14.623957,3d5.(a 2G).4p,1F*,3.0,7.0,17.982497,3.35854,369.161,700000.0,0.0011124,0.010011,2.9522e-05
3d5.(b 2G).4s,1G,4.0,9.0,14.623957,3d5.(2H).4p,1G*,4.0,9.0,18.475283,3.851326,321.926,1000000.0,0.0015537,0.013983,4.1236e-05
3d5.(b 2G).4s,1G,4.0,9.0,14.623957,3d5.(b 2D).4p,1F*,3.0,7.0,19.774614,5.150657,240.71531,28000000.0,0.018918,0.17026,0.00050209
3d5.(b 2G).4s,1G,4.0,9.0,14.623957,3d5.(b 2G).4p,3H*,5.0,11.0,20.573917,5.94996,208.3782,14000000.0,0.011139,0.10025,0.00029563
3d5.(b 2G).4s,1G,4.0,9.0,14.623957,3d5.(b 2G).4p,3G*,5.0,11.0,20.742408,6.118451,202.63985,8000000.0,0.0060193,0.054174,0.00015975
3d5.(b 2G).4s,1G,4.0,9.0,14.623957,3d5.(b 2G).4p,1H*,5.0,11.0,20.926033,6.302076,196.73549,570000000.0,0.40425,3.6382,0.010729
3d5.(b 2G).4s,1G,4.0,9.0,14.623957,3d5.(b 2G).4p,1G*,4.0,9.0,20.987751,6.363794,194.82749,594000000.0,0.33802,3.0422,0.0089711
3d5.(b 2G).4s,1G,4.0,9.0,14.623957,3d5.(b 2G).4p,1F*,3.0,7.0,21.115753,6.491796,190.98597,490000000.0,0.20841,1.8757,0.0055311
3d5.(4G).4p,3F*,2.0,5.0,14.650432,3d5.(4G).4d,3F,2.0,5.0,22.61381,7.963378,155.69297,680000000.0,0.24712,1.2356,0.0065585
3d5.(4G).4p,3F*,4.0,9.0,14.673582,3d5.(4G).4d,3F,4.0,9.0,22.617049,7.943467,156.08323,770000000.0,0.28123,2.5311,0.0074639
3d5.(4G).4p,3H*,6.0,13.0,14.674175,3d5.(4G).4d,3I,7.0,15.0,22.670785,7.99661,155.04595,1850000000.0,0.76931,10.001,0.020417
3d5.(4G).4p,3H*,6.0,13.0,14.674175,3d5.(4G).5s,3G,5.0,11.0,22.742599,8.068424,153.66594,650000000.0,0.19471,2.5312,0.0051675
3d5.(4G).4p,3H*,5.0,11.0,14.699234,3d5.(4G).4d,3I,6.0,13.0,22.668143,7.968909,155.58491,1790000000.0,0.76771,8.4448,0.020375
3d5.(4G).4p,3H*,5.0,11.0,14.699234,3d5.(4G).5s,3G,4.0,9.0,22.745806,8.046572,154.08325,640000000.0,0.18638,2.0502,0.0049465
3d5.(4G).4p,3H*,4.0,9.0,14.715239,3d5.(4G).4d,3I,5.0,11.0,22.665648,7.950409,155.94694,1770000000.0,0.78875,7.0987,0.020933
3d5.(4D).4p,5F*,1.0,3.0,14.964569,3d5.(4D).4d,5G,2.0,5.0,23.094394,8.129825,152.50537,820000000.0,0.47653,1.4296,0.012647
3d5.(4D).4p,5F*,2.0,5.0,14.980557,3d5.(4D).4d,5G,3.0,7.0,23.0987,8.118143,152.72483,1010000000.0,0.49446,2.4723,0.013123
3d5.(4D).4p,5F*,2.0,5.0,14.980557,3d5.(4D).4d,5D,1.0,3.0,23.149328,8.168771,151.77828,150000000.0,0.031083,0.15541,0.00082494
3d5.(4D).4p,5F*,3.0,7.0,15.003193,3d5.(4D).4d,5G,4.0,9.0,23.108058,8.104865,152.97503,1270000000.0,0.57286,4.01,0.015204
3d5.(4D).4p,5F*,4.0,9.0,15.03208,3d5.(4D).4d,5G,5.0,11.0,23.117362,8.085282,153.34555,1590000000.0,0.68509,6.1658,0.018182
3d5.(4D).4p,5F*,5.0,11.0,15.060244,3d5.(4D).4d,5G,6.0,13.0,23.13514,8.074896,153.54278,1750000000.0,0.73098,8.0408,0.0194
3d5.(4D).4p,5F*,5.0,11.0,15.060244,3d5.(4D).4d,5D,4.0,9.0,23.184899,8.124655,152.60242,60000000.0,0.017139,0.18853,0.00045487
3d5.(4D).4p,5D*,3.0,7.0,15.228939,3d5.(4D).4d,5D,3.0,7.0,23.170553,7.941614,156.11965,110000000.0,0.040195,0.28136,0.0010668
3d5.(4D).4p,5D*,3.0,7.0,15.228939,3d5.(4D).5s,5D,3.0,7.0,23.322635,8.093696,153.18613,180000000.0,0.063324,0.44327,0.0016806
3d5.(4P).4p,3D*,2.0,5.0,15.237522,3d5.(4D).4d,5D,2.0,5.0,23.159245,7.921723,156.51166,80000000.0,0.029379,0.1469,0.00077973
3d5.(4D).4p,5D*,4.0,9.0,15.243146,3d5.(4D).4d,5D,4.0,9.0,23.184899,7.941753,156.11692,190000000.0,0.069425,0.62482,0.0018425
3d5.(4D).4p,5D*,4.0,9.0,15.243146,3d5.(4D).5s,5D,4.0,9.0,23.310704,8.067558,153.68244,600000000.0,0.21245,1.9121,0.0056385
3d5.(4D).4p,5P*,2.0,5.0,15.336492,3d5.(4D).4d,5D,3.0,7.0,23.170553,7.834061,158.263,310000000.0,0.16297,0.81485,0.0043252
3d5.(4D).4p,5P*,3.0,7.0,15.343123,3d5.(4D).4d,5D,3.0,7.0,23.170553,7.82743,158.39707,140000000.0,0.05266,0.36862,0.0013976
3d5.(4D).4p,5P*,3.0,7.0,15.343123,3d5.(4D).4d,5D,4.0,9.0,23.184899,7.841776,158.10729,340000000.0,0.16383,1.1468,0.004348
3d5.(4D).4p,3D*,3.0,7.0,15.479937,3d5.(4D).5s,3D,3.0,7.0,23.517225,8.037288,154.26124,180000000.0,0.064216,0.44951,0.0017043
3d5.(4D).4p,3F*,4.0,9.0,15.553039,3d5.(4D).4d,3G,5.0,11.0,23.436083,7.883044,157.2796,1480000000.0,0.67084,6.0375,0.017804
3d5.(4D).4p,3F*,4.0,9.0,15.553039,3d5.(4D).5s,3D,3.0,7.0,23.517225,7.964186,155.67718,540000000.0,0.1526,1.3734,0.00405
3d5.(4D).4p,3F*,3.0,7.0,15.57714,3d5.(4D).4d,3G,4.0,9.0,23.4345,7.85736,157.79371,1310000000.0,0.62872,4.401,0.016686
3d5.(4D).4p,3F*,2.0,5.0,15.581472,3d5.(4D).4d,3G,3.0,7.0,23.427522,7.84605,158.02117,1280000000.0,0.67085,3.3543,0.017804
3d5.(2P).4s,3P,2.0,5.0,16.224221,3d5.(2P).4p,3P*,1.0,3.0,22.171617,5.947396,208.46804,210000000.0,0.082094,0.41047,0.0021788
3d5.(2P).4s,3P,2.0,5.0,16.224221,3d5.(2P).4p,3P*,2.0,5.0,22.225576,6.001355,206.59367,300000000.0,0.19196,0.95981,0.0050947
3d5.(2P).4s,3P,2.0,5.0,16.224221,3d5.(2P).4p,3D*,2.0,5.0,22.650089,6.425868,192.94545,90000000.0,0.050231,0.25115,0.0013331
3d5.(2P).4s,3P,2.0,5.0,16.224221,3d5.(2P).4p,3D*,3.0,7.0,22.733276,6.509055,190.47957,620000000.0,0.47215,2.3607,0.012531
3d5.(2P).4s,3P,2.0,5.0,16.224221,3d5.(2P).4p,1D*,2.0,5.0,22.778872,6.554651,189.15454,50000000.0,0.02682,0.1341,0.00071181
3d5.(2P).4s,3P,2.0,5.0,16.224221,3d5.(2P).4p,3S*,1.0,3.0,22.951104,6.726883,184.31151,350000000.0,0.10695,0.53475,0.0028385
3d5.(2P).4s,3P,2.0,5.0,16.224221,3d5.(c 2D).4p,3D*,3.0,7.0,23.958982,7.734761,160.2948,60000000.0,0.032358,0.16179,0.00085877
3d5.(2P).4s,3P,1.0,3.0,16.22483,3d5.(2P).4p,3P*,0.0,1.0,22.150464,5.925634,209.23364,380000000.0,0.083135,0.24941,0.0022064
3d5.(2P).4s,3P,1.0,3.0,16.22483,3d5.(2P).4p,3P*,1.0,3.0,22.171617,5.946787,208.48939,80000000.0,0.052134,0.1564,0.0013836
3d5.(2P).4s,3P,1.0,3.0,16.22483,3d5.(2P).4p,3P*,2.0,5.0,22.225576,6.000746,206.61464,80000000.0,0.085334,0.256,0.0022648
3d5.(2P).4s,3P,1.0,3.0,16.22483,3d5.(2P).4p,3D*,2.0,5.0,22.650089,6.425259,192.96374,330000000.0,0.30702,0.92107,0.0081484
3d5.(2P).4s,3P,1.0,3.0,16.22483,3d5.(2P).4p,1D*,2.0,5.0,22.778872,6.554042,189.17211,100000000.0,0.089418,0.26825,0.0023731
3d5.(2P).4s,3P,1.0,3.0,16.22483,3d5.(2P).4p,3S*,1.0,3.0,22.951104,6.726274,184.3282,260000000.0,0.13244,0.39732,0.0035149
3d5.(2P).4s,3P,1.0,3.0,16.22483,3d5.(c 2D).4p,3D*,1.0,3.0,23.872747,7.647917,162.11499,24000000.0,0.0094562,0.028369,0.00025097
3d5.(2P).4s,3P,1.0,3.0,16.22483,3d5.(c 2D).4p,3D*,2.0,5.0,23.913575,7.688745,161.25414,50000000.0,0.032486,0.097459,0.00086219
3d5.(2P).4s,3P,0.0,1.0,16.2257,3d5.(2P).4p,3P*,1.0,3.0,22.171617,5.945917,208.51989,110000000.0,0.21511,0.21511,0.0057091
3d5.(2P).4s,3P,0.0,1.0,16.2257,3d5.(2P).4p,3D*,1.0,3.0,22.64838,6.42268,193.04122,330000000.0,0.55309,0.55309,0.014679
3d5.(2P).4s,3P,0.0,1.0,16.2257,3d5.(2P).4p,3S*,1.0,3.0,22.951104,6.725404,184.35205,110000000.0,0.16814,0.16814,0.0044624
3d5.(2P).4s,1P,1.0,3.0,16.66892,3d5.(2P).4p,3D*,1.0,3.0,22.64838,5.97946,207.35016,6000000.0,0.0038674,0.011602,0.00010264
3d5.(2P).4s,1P,1.0,3.0,16.66892,3d5.(2P).4p,3D*,2.0,5.0,22.650089,5.981169,207.29091,130000000.0,0.13958,0.41873,0.0037044
3d5.(2P).4s,1P,1.0,3.0,16.66892,3d5.(2P).4p,1D*,2.0,5.0,22.778872,6.109952,202.92172,300000000.0,0.30866,0.92599,0.008192
3d5.(2P).4s,1P,1.0,3.0,16.66892,3d5.(2P).4p,3S*,1.0,3.0,22.951104,6.282184,197.35843,11000000.0,0.0064234,0.01927,0.00017048
3d5.(2P).4s,1P,1.0,3.0,16.66892,3d5.(c 2D).4p,1D*,2.0,5.0,23.997855,7.328935,169.17083,120000000.0,0.085811,0.25743,0.0022774
3d5.(4F).4p,5G*,2.0,5.0,16.730201,3d5.(4F).4d,5H,3.0,7.0,24.759918,8.029717,154.40669,620000000.0,0.31025,1.5512,0.008234
3d5.(a 2D).4p,3D*,3.0,7.0,16.734896,3d5.(4F).4d,5G,3.0,7.0,24.844508,8.109612,152.88549,100000000.0,0.035042,0.2453,0.00093002
3d5.(4F).4p,5G*,3.0,7.0,16.749894,3d5.(4F).4d,5H,4.0,9.0,24.772668,8.022774,154.54031,750000000.0,0.34526,2.4168,0.0091633
3d5.(4F).4p,5G*,3.0,7.0,16.749894,3d5.(4F).4d,5G,3.0,7.0,24.844508,8.094614,153.16876,310000000.0,0.10903,0.76324,0.0028938
3d5.(4F).4p,5G*,4.0,9.0,16.767603,3d5.(4F).4d,5H,5.0,11.0,24.782493,8.01489,154.69233,1080000000.0,0.47356,4.262,0.012568
3d5.(4F).4p,5G*,4.0,9.0,16.767603,3d5.(4F).4d,5G,4.0,9.0,24.837225,8.069622,153.64313,560000000.0,0.19819,1.7837,0.0052599
3d5.(a 2F).4p,3G*,5.0,11.0,16.777125,3d5.(4F).4d,5H,6.0,13.0,24.785205,8.00808,154.82388,620000000.0,0.26332,2.8965,0.0069884
3d5.(a 2F).4p,3G*,5.0,11.0,16.777125,3d5.(4F).4d,5G,5.0,11.0,24.845873,8.068748,153.65977,340000000.0,0.12035,1.3239,0.0031942
3d5.(4F).4p,5G*,5.0,11.0,16.829048,3d5.(4F).4d,5G,5.0,11.0,24.845873,8.016825,154.65499,330000000.0,0.11833,1.3016,0.0031405
3d5.(4F).4p,5G*,6.0,13.0,16.82957,3d5.(4F).4d,5H,7.0,15.0,24.797322,7.967752,155.6075,1750000000.0,0.733,9.5291,0.019454
3d5.(4F).4p,5G*,6.0,13.0,16.82957,3d5.(4F).4d,5G,6.0,13.0,24.878197,8.048627,154.04391,689000000.0,0.24511,3.1865,0.0065053
3d5.(4F).4p,5G*,6.0,13.0,16.82957,3d5.(4F).5s,5F,5.0,11.0,25.031492,8.201922,151.16481,120000000.0,0.034785,0.4522,0.00092319
3d5.(4F).4p,5F*,4.0,9.0,16.860715,3d5.(4F).4d,5G,5.0,11.0,24.845873,7.985158,155.26831,710000000.0,0.31364,2.8228,0.008324
3d5.(4F).4p,5F*,4.0,9.0,16.860715,3d5.(4F).5s,5F,4.0,9.0,25.034852,8.174137,151.67864,140000000.0,0.048288,0.43459,0.0012816
3d5.(4F).4p,5F*,5.0,11.0,16.884808,3d5.(4F).4d,5G,6.0,13.0,24.878197,7.993389,155.10843,1010000000.0,0.43053,4.7358,0.011426
3d5.(4F).4p,5F*,5.0,11.0,16.884808,3d5.(4F).5s,5F,5.0,11.0,25.031492,8.146684,152.18977,80000000.0,0.027779,0.30557,0.00073726
3d5.(a 2F).4p,3F*,2.0,5.0,16.96027,3d5.(4F).4d,5G,2.0,5.0,24.851182,7.890912,157.12277,100000000.0,0.037012,0.18506,0.00098229
3d5.(c 2D).4s,3D,3.0,7.0,17.215567,3d5.(c 2D).4p,3F*,3.0,7.0,23.695731,6.480164,191.3288,180000000.0,0.098785,0.6915,0.0026218
3d5.(c 2D).4s,3D,3.0,7.0,17.215567,3d5.(c 2D).4p,3F*,4.0,9.0,23.75936,6.543793,189.4684,647000000.0,0.44769,3.1339,0.011882
3d5.(c 2D).4s,3D,3.0,7.0,17.215567,3d5.(c 2D).4p,3D*,2.0,5.0,23.913575,6.698008,185.10608,100000000.0,0.036692,0.25684,0.00097381
3d5.(c 2D).4s,3D,3.0,7.0,17.215567,3d5.(c 2D).4p,3D*,3.0,7.0,23.958982,6.743415,183.85966,480000000.0,0.24326,1.7028,0.0064562
3d5.(c 2D).4s,3D,3.0,7.0,17.215567,3d5.(c 2D).4p,1D*,2.0,5.0,23.997855,6.782288,182.80586,50000000.0,0.017893,0.12525,0.00047488
3d5.(c 2D).4s,3D,2.0,5.0,17.219074,3d5.(c 2D).4p,3F*,2.0,5.0,23.682906,6.463832,191.81222,180000000.0,0.099285,0.49643,0.002635
3d5.(c 2D).4s,3D,2.0,5.0,17.219074,3d5.(c 2D).4p,3F*,3.0,7.0,23.695731,6.476657,191.4324,440000000.0,0.33843,1.6922,0.008982
3d5.(c 2D).4s,3D,2.0,5.0,17.219074,3d5.(c 2D).4p,3D*,3.0,7.0,23.958982,6.739908,183.95533,210000000.0,0.14915,0.74576,0.0039585
3d5.(c 2D).4s,3D,1.0,3.0,17.223209,3d5.(c 2D).4p,3F*,2.0,5.0,23.682906,6.459697,191.93501,420000000.0,0.3866,1.1598,0.01026
3d5.(c 2D).4s,3D,1.0,3.0,17.223209,3d5.(c 2D).4p,3D*,1.0,3.0,23.872747,6.649538,186.45536,470000000.0,0.24497,0.7349,0.0065014
3d5.(c 2D).4s,3D,1.0,3.0,17.223209,3d5.(c 2D).4p,3D*,2.0,5.0,23.913575,6.690366,185.31751,210000000.0,0.1802,0.54061,0.0047826
3d5.(c 2D).4s,1D,2.0,5.0,17.662873,3d5.(c 2D).4p,1D*,2.0,5.0,23.997855,6.334982,195.71358,420000000.0,0.24119,1.2059,0.0064011
3d5.(c 2D).4s,1D,2.0,5.0,17.662873,3d5.(c 2D).4p,1F*,3.0,7.0,24.157407,6.494534,190.90546,620000000.0,0.47426,2.3713,0.012587
3d5.(6S).4d,7D,1.0,3.0,18.26062,3d5.(6S).5p,7P*,2.0,5.0,20.59933,2.33871,530.13926,28000000.0,0.19663,0.58989,0.0052185
3d5.(6S).4d,7D,1.0,3.0,18.26062,3d5.(6S).4f,7F*,1.0,3.0,22.8356,4.57498,271.0049,330000000.0,0.36335,1.0901,0.0096434
3d5.(6S).4d,7D,1.0,3.0,18.26062,3d5.(6S).4f,7F*,2.0,5.0,22.84376,4.58314,270.52239,130000000.0,0.23772,0.71315,0.006309
3d5.(6S).4d,7D,2.0,5.0,18.2618,3d5.(6S).5p,7P*,2.0,5.0,20.59933,2.33753,530.40688,31000000.0,0.13075,0.65375,0.0034701
3d5.(6S).4d,7D,2.0,5.0,18.2618,3d5.(6S).5p,7P*,3.0,7.0,20.61274,2.35094,527.38138,11000000.0,0.064214,0.32107,0.0017042
3d5.(6S).4d,7D,2.0,5.0,18.2618,3d5.(6S).4f,7F*,1.0,3.0,22.8356,4.5738,271.07481,160000000.0,0.10576,0.52879,0.0028068
3d5.(6S).4d,7D,2.0,5.0,18.2618,3d5.(6S).4f,7F*,2.0,5.0,22.84376,4.58196,270.59206,330000000.0,0.36225,1.8112,0.009614
3d5.(6S).4d,7D,2.0,5.0,18.2618,3d5.(6S).4f,7F*,3.0,7.0,22.85237,4.59057,270.08454,259000000.0,0.39654,1.9827,0.010524
3d5.(6S).4d,7D,3.0,7.0,18.26364,3d5.(6S).5p,7P*,2.0,5.0,20.59933,2.33569,530.82472,19000000.0,0.057331,0.40132,0.0015216
3d5.(6S).4d,7D,3.0,7.0,18.26364,3d5.(6S).5p,7P*,3.0,7.0,20.61274,2.3491,527.79447,30000000.0,0.12529,0.87702,0.0033252
3d5.(6S).4d,7D,3.0,7.0,18.26364,3d5.(6S).5p,7P*,4.0,9.0,20.63364,2.37,523.14008,3400000.0,0.017936,0.12555,0.00047601
3d5.(6S).4d,7D,3.0,7.0,18.26364,3d5.(6S).4f,7F*,2.0,5.0,22.84376,4.58012,270.70076,87000000.0,0.06827,0.47789,0.0018119
3d5.(6S).4d,7D,3.0,7.0,18.26364,3d5.(6S).4f,7F*,3.0,7.0,22.85237,4.58873,270.19284,301000000.0,0.32944,2.3061,0.0087433
3d5.(6S).4d,7D,3.0,7.0,18.26364,3d5.(6S).4f,7F*,4.0,9.0,22.85956,4.59592,269.77014,395000000.0,0.5541,3.8787,0.014706
3d5.(6S).4d,7D,4.0,9.0,18.26623,3d5.(6S).5p,7P*,3.0,7.0,20.61274,2.34651,528.37703,38100000.0,0.12403,1.1163,0.0032918
3d5.(6S).4d,7D,4.0,9.0,18.26623,3d5.(6S).5p,7P*,4.0,9.0,20.63364,2.36741,523.7124,18000000.0,0.074015,0.66613,0.0019643
3d5.(6S).4d,7D,4.0,9.0,18.26623,3d5.(6S).4f,7F*,3.0,7.0,22.85237,4.58614,270.34543,43000000.0,0.036646,0.32981,0.00097257
3d5.(6S).4d,7D,4.0,9.0,18.26623,3d5.(6S).4f,7F*,4.0,9.0,22.85956,4.59333,269.92225,237000000.0,0.25887,2.3298,0.0068705
3d5.(6S).4d,7D,4.0,9.0,18.26623,3d5.(6S).4f,7F*,5.0,11.0,22.86487,4.59864,269.61058,539000000.0,0.71791,6.4612,0.019053
3d5.(6S).4d,7D,5.0,11.0,18.26968,3d5.(6S).5p,7P*,4.0,9.0,20.63364,2.36396,524.47672,59500000.0,0.20076,2.2084,0.0053282
3d5.(6S).4d,7D,5.0,11.0,18.26968,3d5.(6S).4f,7F*,5.0,11.0,22.86487,4.59519,269.813,134000000.0,0.14625,1.6087,0.0038814
3d5.(6S).4d,7D,5.0,11.0,18.26968,3d5.(6S).4f,7F*,6.0,13.0,22.8686,4.59892,269.59416,687000000.0,0.88468,9.7315,0.02348
3d5.(6S).5s,7S,3.0,7.0,18.509,3d5.(6S).5p,7P*,2.0,5.0,20.59933,2.09033,593.13218,87700000.0,0.3304,2.3128,0.0087687
3d5.(6S).5s,7S,3.0,7.0,18.509,3d5.(6S).5p,7P*,3.0,7.0,20.61274,2.10374,589.35134,89000000.0,0.46344,3.2441,0.0123
3d5.(6S).5s,7S,3.0,7.0,18.509,3d5.(6S).5p,7P*,4.0,9.0,20.63364,2.12464,583.55391,92600000.0,0.60782,4.2548,0.016132
3d5.(6S).4d,5D,3.0,7.0,18.787859,3d5.(6S).5p,5P*,3.0,7.0,20.870239,2.08238,595.39661,11600000.0,0.06165,0.43155,0.0016362
3d5.(6S).4d,5D,3.0,7.0,18.787859,3d5.(6S).5p,5P*,2.0,5.0,20.881561,2.093702,592.17691,33100000.0,0.1243,0.87008,0.0032989
3d5.(6S).4d,5D,3.0,7.0,18.787859,3d5.(6S).4f,5F*,3.0,7.0,22.90964,4.121781,300.80249,146000000.0,0.19805,1.3864,0.0052563
3d5.(6S).4d,5D,3.0,7.0,18.787859,3d5.(6S).4f,5F*,4.0,9.0,22.90975,4.121891,300.79446,406000000.0,0.70806,4.9564,0.018792
3d5.(6S).4d,5D,2.0,5.0,18.787949,3d5.(6S).5p,5P*,3.0,7.0,20.870239,2.08229,595.42234,1800000.0,0.013394,0.06697,0.00035548
3d5.(6S).4d,5D,2.0,5.0,18.787949,3d5.(6S).5p,5P*,2.0,5.0,20.881561,2.093612,592.20237,22000000.0,0.11567,0.57835,0.0030699
3d5.(6S).4d,5D,2.0,5.0,18.787949,3d5.(6S).5p,5P*,1.0,3.0,20.88855,2.100601,590.23203,22000000.0,0.068941,0.34471,0.0018297
3d5.(6S).4d,5D,2.0,5.0,18.787949,3d5.(6S).4f,5F*,2.0,5.0,22.90954,4.121591,300.81636,206000000.0,0.27947,1.3973,0.007417
3d5.(6S).4d,5D,2.0,5.0,18.787949,3d5.(6S).4f,5F*,3.0,7.0,22.90964,4.121691,300.80906,354000000.0,0.67231,3.3616,0.017843
3d5.(6S).4d,5D,1.0,3.0,18.788175,3d5.(6S).5p,5P*,2.0,5.0,20.881561,2.093386,592.2663,5700000.0,0.049959,0.14988,0.0013259
3d5.(6S).4d,5D,1.0,3.0,18.788175,3d5.(6S).5p,5P*,1.0,3.0,20.88855,2.100375,590.29553,29000000.0,0.15149,0.45448,0.0040207
3d5.(6S).4d,5D,1.0,3.0,18.788175,3d5.(6S).4f,5F*,1.0,3.0,22.909479,4.121304,300.8373,250000000.0,0.33921,1.0176,0.0090025
3d5.(6S).4d,5D,1.0,3.0,18.788175,3d5.(6S).4f,5F*,2.0,5.0,22.90954,4.121365,300.83285,296000000.0,0.66935,2.008,0.017764
3d5.(6S).4d,5D,4.0,9.0,18.788316,3d5.(6S).5p,5P*,3.0,7.0,20.870239,2.081923,595.5273,39600000.0,0.16376,1.4739,0.0043462
3d5.(6S).4d,5D,4.0,9.0,18.788316,3d5.(6S).4f,5F*,4.0,9.0,22.90975,4.121434,300.82781,71000000.0,0.096328,0.86695,0.0025566
3d5.(6S).4d,5D,4.0,9.0,18.788316,3d5.(6S).4f,5F*,5.0,11.0,22.90992,4.121604,300.81541,424000000.0,0.70303,6.3273,0.018658
3d5.(6S).4d,5D,0.0,1.0,18.788326,3d5.(6S).5p,5P*,1.0,3.0,20.88855,2.100224,590.33798,13000000.0,0.20376,0.20376,0.0054079
3d5.(6S).4d,5D,0.0,1.0,18.788326,3d5.(6S).4f,5F*,1.0,3.0,22.909479,4.121153,300.84833,250000000.0,1.0177,1.0177,0.02701
3d5.(6S).5s,5S,2.0,5.0,18.815572,3d5.(6S).5p,5P*,3.0,7.0,20.870239,2.054667,603.42721,84500000.0,0.64579,3.229,0.017139
3d5.(6S).5s,5S,2.0,5.0,18.815572,3d5.(6S).5p,5P*,2.0,5.0,20.881561,2.065989,600.12032,86600000.0,0.46758,2.3379,0.01241
3d5.(6S).5s,5S,2.0,5.0,18.815572,3d5.(6S).5p,5P*,1.0,3.0,20.88855,2.072978,598.09703,87600000.0,0.28188,1.4094,0.007481
3d5.(6S).5p,7P*,2.0,5.0,20.59933,3d5.(6S).5d,7D,1.0,3.0,23.60577,3.00644,412.39539,336000000.0,0.51402,2.5701,0.013642
3d5.(6S).5p,7P*,2.0,5.0,20.59933,3d5.(6S).5d,7D,2.0,5.0,23.60633,3.007,412.31858,224000000.0,0.57092,2.8546,0.015152
3d5.(6S).5p,7P*,2.0,5.0,20.59933,3d5.(6S).5d,7D,3.0,7.0,23.60715,3.00782,412.20618,96300000.0,0.34343,1.7172,0.0091147
3d5.(6S).5p,7P*,2.0,5.0,20.59933,3d5.(6S).6s,7S,3.0,7.0,23.67086,3.07153,403.65615,74500000.0,0.25478,1.2739,0.0067619
3d5.(6S).5p,7P*,2.0,5.0,20.59933,3d5.(6S).6d,7D,1.0,3.0,26.08552,5.48619,225.99326,60000000.0,0.027565,0.13782,0.00073157
3d5.(6S).5p,7P*,3.0,7.0,20.61274,3d5.(6S).5d,7D,2.0,5.0,23.60633,2.99359,414.1656,110000000.0,0.20206,1.4144,0.0053626
3d5.(6S).5p,7P*,3.0,7.0,20.61274,3d5.(6S).5d,7D,3.0,7.0,23.60715,2.99441,414.05218,207000000.0,0.53203,3.7242,0.01412
3d5.(6S).5p,7P*,3.0,7.0,20.61274,3d5.(6S).5d,7D,4.0,9.0,23.6083,2.99556,413.89322,207000000.0,0.68352,4.7846,0.018141
3d5.(6S).5p,7P*,3.0,7.0,20.61274,3d5.(6S).6s,7S,3.0,7.0,23.67086,3.05812,405.4262,102000000.0,0.25135,1.7595,0.0066709
3d5.(6S).5p,7P*,3.0,7.0,20.61274,3d5.(6S).6d,7D,3.0,7.0,26.08625,5.47351,226.5168,34000000.0,0.026154,0.18308,0.00069413
3d5.(6S).5p,7P*,3.0,7.0,20.61274,3d5.(6S).6d,7D,4.0,9.0,26.08687,5.47413,226.49115,34000000.0,0.033619,0.23533,0.00089225
3d5.(6S).5p,7P*,4.0,9.0,20.63364,3d5.(6S).5d,7D,3.0,7.0,23.60715,2.97351,416.96244,29000000.0,0.05879,0.52911,0.0015603
3d5.(6S).5p,7P*,4.0,9.0,20.63364,3d5.(6S).5d,7D,4.0,9.0,23.6083,2.97466,416.80124,123000000.0,0.32035,2.8831,0.008502
3d5.(6S).5p,7P*,4.0,9.0,20.63364,3d5.(6S).5d,7D,5.0,11.0,23.60981,2.97617,416.58977,328000000.0,1.043,9.3874,0.027682
3d5.(6S).5p,7P*,4.0,9.0,20.63364,3d5.(6S).6s,7S,3.0,7.0,23.67086,3.03722,408.21606,130000000.0,0.2526,2.2734,0.0067041
3d5.(6S).5p,7P*,4.0,9.0,20.63364,3d5.(6S).6d,7D,5.0,11.0,26.0877,5.45406,227.3246,54000000.0,0.051132,0.46019,0.0013571
3d5.(6S).5p,7P*,4.0,9.0,20.63364,3d5.(6S).7s,7S,3.0,7.0,26.11298,5.47934,226.27579,55000000.0,0.032836,0.29553,0.00087147
3d5.(6S).5p,5P*,3.0,7.0,20.870239,3d5.(4D).5s,5D,4.0,9.0,23.310704,2.440465,508.03514,24000000.0,0.1194,0.8358,0.0031689
3d5.(6S).5p,5P*,3.0,7.0,20.870239,3d5.(4D).5s,5D,3.0,7.0,23.322635,2.452396,505.56353,12000000.0,0.045982,0.32188,0.0012204
3d5.(6S).5p,5P*,3.0,7.0,20.870239,3d5.(4D).5s,5D,2.0,5.0,23.326732,2.456493,504.72034,2500000.0,0.0068198,0.047739,0.000181
3d5.(6S).5p,5P*,3.0,7.0,20.870239,3d5.(6S).6s,5S,2.0,5.0,23.805846,2.935607,422.34604,135000000.0,0.25787,1.8051,0.0068439
3d5.(6S).5p,5P*,3.0,7.0,20.870239,3d5.(6S).5d,5D,2.0,5.0,24.004101,3.133862,395.6275,12000000.0,0.020113,0.14079,0.00053381
3d5.(6S).5p,5P*,3.0,7.0,20.870239,3d5.(6S).5d,5D,3.0,7.0,24.00472,3.134481,395.54937,62000000.0,0.14543,1.018,0.0038597
3d5.(6S).5p,5P*,3.0,7.0,20.870239,3d5.(6S).5d,5D,4.0,9.0,24.004762,3.134523,395.54407,187000000.0,0.56394,3.9476,0.014967
3d5.(6S).5p,5P*,2.0,5.0,20.881561,3d5.(4D).5s,5D,3.0,7.0,23.322635,2.441074,507.9084,25000000.0,0.13536,0.67681,0.0035925
3d5.(6S).5p,5P*,2.0,5.0,20.881561,3d5.(4D).5s,5D,2.0,5.0,23.326732,2.445171,507.05737,22000000.0,0.0848,0.424,0.0022506
3d5.(6S).5p,5P*,2.0,5.0,20.881561,3d5.(6S).6s,5S,2.0,5.0,23.805846,2.924285,423.98124,95800000.0,0.25818,1.2909,0.006852
3d5.(6S).5p,5P*,2.0,5.0,20.881561,3d5.(6S).5d,5D,1.0,3.0,24.003307,3.121746,397.16299,46000000.0,0.065269,0.32634,0.0017322
3d5.(6S).5p,5P*,2.0,5.0,20.881561,3d5.(6S).5d,5D,2.0,5.0,24.004101,3.12254,397.062,107000000.0,0.25291,1.2645,0.0067121
3d5.(6S).5p,5P*,2.0,5.0,20.881561,3d5.(6S).5d,5D,3.0,7.0,24.00472,3.123159,396.98331,123000000.0,0.40685,2.0343,0.010798
3d5.(6S).5p,5P*,1.0,3.0,20.88855,3d5.(4D).5s,5D,0.0,1.0,23.322596,2.434046,509.37492,32000000.0,0.041492,0.12448,0.0011012
3d5.(6S).5p,5P*,1.0,3.0,20.88855,3d5.(4D).5s,5D,2.0,5.0,23.326732,2.438182,508.51084,14000000.0,0.090456,0.27137,0.0024007
3d5.(6S).5p,5P*,1.0,3.0,20.88855,3d5.(6S).6s,5S,2.0,5.0,23.805846,2.917296,424.99698,57000000.0,0.25725,0.77175,0.0068274
3d5.(6S).5p,5P*,1.0,3.0,20.88855,3d5.(6S).5d,5D,0.0,1.0,24.002777,3.114227,398.1219,180000000.0,0.14257,0.42772,0.0037839
3d5.(6S).5p,5P*,1.0,3.0,20.88855,3d5.(6S).5d,5D,1.0,3.0,24.003307,3.114757,398.05416,138000000.0,0.32781,0.98343,0.0087001
3d5.(6S).5p,5P*,1.0,3.0,20.88855,3d5.(6S).5d,5D,2.0,5.0,24.004101,3.115551,397.95272,64000000.0,0.25325,0.75975,0.0067213
3d5.(4G).4d,5H,3.0,7.0,22.215336,3d5.(4G).5p,5G*,2.0,5.0,24.590246,2.37491,522.05851,35000000.0,0.10215,0.71505,0.0027111
3d5.(4G).4d,5H,3.0,7.0,22.215336,3d5.(4G).5p,5G*,3.0,7.0,24.590675,2.375339,521.96423,16000000.0,0.065352,0.45747,0.0017345
3d5.(4G).4d,5H,3.0,7.0,22.215336,3d5.(4G).5p,5H*,3.0,7.0,24.630572,2.415236,513.34196,5300000.0,0.020939,0.14657,0.00055571
3d5.(4G).4d,5H,4.0,9.0,22.217269,3d5.(4G).5p,5G*,3.0,7.0,24.590675,2.373406,522.38934,17000000.0,0.054094,0.48685,0.0014357
3d5.(4G).4d,5H,4.0,9.0,22.217269,3d5.(4G).5p,5G*,4.0,9.0,24.590873,2.373604,522.34576,16000000.0,0.065448,0.58903,0.001737
3d5.(4G).4d,5H,4.0,9.0,22.217269,3d5.(4G).5p,5H*,3.0,7.0,24.630572,2.413303,513.75314,15000000.0,0.046165,0.41549,0.0012252
3d5.(4G).4d,5H,4.0,9.0,22.217269,3d5.(4G).5p,5H*,4.0,9.0,24.637856,2.420587,512.20716,4500000.0,0.0177,0.1593,0.00046975
3d5.(4G).4d,5H,5.0,11.0,22.218923,3d5.(4G).5p,5G*,5.0,11.0,24.59063,2.371707,522.76356,15200000.0,0.062275,0.68503,0.0016528
3d5.(4G).4d,5H,5.0,11.0,22.218923,3d5.(4G).5p,5G*,4.0,9.0,24.590873,2.37195,522.71,18000000.0,0.060326,0.66358,0.001601
3d5.(4G).4d,5H,5.0,11.0,22.218923,3d5.(4G).5p,5H*,4.0,9.0,24.637856,2.418933,512.55739,13000000.0,0.041893,0.46082,0.0011118
3d5.(4G).4d,5H,5.0,11.0,22.218923,3d5.(4G).5p,5H*,5.0,11.0,24.644846,2.425923,511.08052,5700000.0,0.022321,0.24553,0.0005924
3d5.(4G).4d,5H,6.0,13.0,22.220031,3d5.(4G).5p,5G*,6.0,13.0,24.590272,2.370241,523.08689,11800000.0,0.048405,0.62926,0.0012847
3d5.(4G).4d,5H,6.0,13.0,22.220031,3d5.(4G).5p,5G*,5.0,11.0,24.59063,2.370599,523.00789,20800000.0,0.072175,0.93828,0.0019155
3d5.(4G).4d,5H,6.0,13.0,22.220031,3d5.(4G).5p,5H*,5.0,11.0,24.644846,2.424815,511.31405,10300000.0,0.03416,0.44408,0.00090661
3d5.(4G).4d,5H,6.0,13.0,22.220031,3d5.(4G).5p,5H*,6.0,13.0,24.650734,2.430703,510.07547,9200000.0,0.035885,0.46651,0.0009524
3d5.(4G).4d,5H,7.0,15.0,22.220651,3d5.(4G).5p,5G*,6.0,13.0,24.590272,2.369621,523.22375,26400000.0,0.093905,1.4086,0.0024922
3d5.(4G).4d,5F,5.0,11.0,22.265081,3d5.(4G).5p,5G*,6.0,13.0,24.590272,2.325191,533.22157,13100000.0,0.065993,0.72592,0.0017515
3d5.(4G).4d,5F,5.0,11.0,22.265081,3d5.(4G).5p,5F*,5.0,11.0,24.690205,2.425124,511.2489,29900000.0,0.11716,1.2888,0.0031095
3d5.(4G).4d,5F,4.0,9.0,22.271397,3d5.(4G).5p,5G*,5.0,11.0,24.59063,2.319233,534.59139,13400000.0,0.070171,0.63154,0.0018623
3d5.(4G).4d,5F,4.0,9.0,22.271397,3d5.(4G).5p,5H*,5.0,11.0,24.644846,2.373449,522.37987,2600000.0,0.013,0.117,0.00034503
3d5.(4G).4d,5F,4.0,9.0,22.271397,3d5.(4G).5p,5F*,5.0,11.0,24.690205,2.418808,512.58388,2100000.0,0.01011,0.090992,0.00026832
3d5.(4G).4d,5F,4.0,9.0,22.271397,3d5.(4G).5p,5F*,4.0,9.0,24.699247,2.42785,510.67487,24000000.0,0.093834,0.84451,0.0024904
3d5.(4G).4d,5F,4.0,9.0,22.271397,3d5.(4G).5p,5F*,3.0,7.0,24.705408,2.434011,509.38224,1800000.0,0.005446,0.049014,0.00014454
3d5.(4G).4d,5F,3.0,7.0,22.275198,3d5.(4G).5p,5G*,4.0,9.0,24.590873,2.315675,535.41278,12800000.0,0.070728,0.4951,0.0018771
3d5.(4G).4d,5F,3.0,7.0,22.275198,3d5.(4G).5p,5H*,4.0,9.0,24.637856,2.362658,524.76574,2700000.0,0.014332,0.10032,0.00038036
3d5.(4G).4d,5F,3.0,7.0,22.275198,3d5.(4G).5p,5F*,4.0,9.0,24.699247,2.424049,511.47563,4100000.0,0.020675,0.14472,0.0005487
3d5.(4G).4d,5F,3.0,7.0,22.275198,3d5.(4G).5p,5F*,3.0,7.0,24.705408,2.43021,510.17895,20000000.0,0.078043,0.5463,0.0020713
3d5.(4G).4d,5F,3.0,7.0,22.275198,3d5.(4G).5p,5F*,2.0,5.0,24.710085,2.434887,509.19898,2600000.0,0.007219,0.050533,0.00019159
3d5.(4G).4d,5F,2.0,5.0,22.277113,3d5.(4G).5p,5G*,3.0,7.0,24.590675,2.313562,535.90178,14000000.0,0.084389,0.42195,0.0022397
3d5.(4G).4d,5F,2.0,5.0,22.277113,3d5.(4G).5p,5H*,3.0,7.0,24.630572,2.353459,526.8169,1400000.0,0.0081552,0.040776,0.00021644
3d5.(4G).4d,5F,2.0,5.0,22.277113,3d5.(4G).5p,5F*,3.0,7.0,24.705408,2.428295,510.58129,5200000.0,0.028453,0.14226,0.00075513
3d5.(4G).4d,5F,2.0,5.0,22.277113,3d5.(4G).5p,5F*,2.0,5.0,24.710085,2.432972,509.59978,19000000.0,0.073973,0.36986,0.0019632
3d5.(4G).4d,5F,1.0,3.0,22.277863,3d5.(4G).5p,5G*,2.0,5.0,24.590246,2.312383,536.17501,11000000.0,0.079016,0.23705,0.0020971
3d5.(4G).4d,5F,1.0,3.0,22.277863,3d5.(4G).5p,5F*,2.0,5.0,24.710085,2.432222,509.75692,5300000.0,0.034412,0.10324,0.0009133
3d5.(4G).4d,5F,1.0,3.0,22.277863,3d5.(4G).5p,5F*,1.0,3.0,24.713533,2.43567,509.03529,20000000.0,0.077694,0.23308,0.002062
3d5.(4G).4d,5G,6.0,13.0,22.283121,3d5.(4G).5p,5G*,6.0,13.0,24.590272,2.307151,537.39091,5900000.0,0.025544,0.33207,0.00067794
3d5.(4G).4d,5G,6.0,13.0,22.283121,3d5.(4G).5p,5H*,6.0,13.0,24.650734,2.367613,523.6675,9600000.0,0.039468,0.51308,0.0010475
3d5.(4G).4d,5G,6.0,13.0,22.283121,3d5.(4G).5p,5H*,7.0,15.0,24.654084,2.370963,522.9276,12200000.0,0.05771,0.75023,0.0015316
3d5.(4G).4d,5G,6.0,13.0,22.283121,3d5.(4G).5p,5F*,5.0,11.0,24.690205,2.407084,515.08048,28600000.0,0.096255,1.2513,0.0025546
3d5.(4G).4d,5G,5.0,11.0,22.285965,3d5.(4G).5p,5G*,6.0,13.0,24.590272,2.304307,538.05417,2600000.0,0.013336,0.1467,0.00035395
3d5.(4G).4d,5G,5.0,11.0,22.285965,3d5.(4G).5p,5G*,5.0,11.0,24.59063,2.304665,537.97059,5100000.0,0.022128,0.24341,0.00058728
3d5.(4G).4d,5G,5.0,11.0,22.285965,3d5.(4G).5p,5H*,5.0,11.0,24.644846,2.358881,525.60599,7100000.0,0.029406,0.32347,0.00078044
3d5.(4G).4d,5G,5.0,11.0,22.285965,3d5.(4G).5p,5H*,6.0,13.0,24.650734,2.364769,524.29729,7700000.0,0.037502,0.41252,0.00099531
3d5.(4G).4d,5G,5.0,11.0,22.285965,3d5.(4G).5p,5F*,4.0,9.0,24.699247,2.413282,513.75761,30700000.0,0.099395,1.0933,0.0026379
3d5.(4G).4d,5G,4.0,9.0,22.287164,3d5.(4G).5p,5G*,5.0,11.0,24.59063,2.303466,538.25061,4000000.0,0.021234,0.19111,0.00056356
3d5.(4G).4d,5G,4.0,9.0,22.287164,3d5.(4G).5p,5G*,4.0,9.0,24.590873,2.303709,538.19384,4300000.0,0.018673,0.16805,0.00049557
3d5.(4G).4d,5G,4.0,9.0,22.287164,3d5.(4G).5p,5H*,4.0,9.0,24.637856,2.350692,527.43702,10400000.0,0.043374,0.39037,0.0011512
3d5.(4G).4d,5G,4.0,9.0,22.287164,3d5.(4G).5p,5H*,5.0,11.0,24.644846,2.357682,525.87329,6400000.0,0.03243,0.29187,0.0008607
3d5.(4G).4d,5G,4.0,9.0,22.287164,3d5.(4G).5p,5F*,3.0,7.0,24.705408,2.418244,512.70343,33000000.0,0.10115,0.91034,0.0026845
3d5.(4G).4d,5G,2.0,5.0,22.287355,3d5.(4G).5p,5G*,2.0,5.0,24.590246,2.302891,538.38501,15000000.0,0.065183,0.32592,0.00173
3d5.(4G).4d,5G,2.0,5.0,22.287355,3d5.(4G).5p,5G*,3.0,7.0,24.590675,2.30332,538.28473,3000000.0,0.018245,0.091223,0.00048421
3d5.(4G).4d,5G,2.0,5.0,22.287355,3d5.(4G).5p,5H*,3.0,7.0,24.630572,2.343217,529.11958,6800000.0,0.039958,0.19979,0.0010605
3d5.(4G).4d,5G,2.0,5.0,22.287355,3d5.(4G).5p,5F*,1.0,3.0,24.713533,2.426178,511.0268,43000000.0,0.10101,0.50505,0.0026808
3d5.(4G).4d,5G,3.0,7.0,22.287501,3d5.(4G).5p,5G*,3.0,7.0,24.590675,2.303174,538.31885,4700000.0,0.020419,0.14293,0.00054192
3d5.(4G).4d,5G,3.0,7.0,22.287501,3d5.(4G).5p,5G*,4.0,9.0,24.590873,2.303372,538.27258,4800000.0,0.026807,0.18765,0.00071146
3d5.(4G).4d,5G,3.0,7.0,22.287501,3d5.(4G).5p,5H*,4.0,9.0,24.637856,2.350355,527.51265,5600000.0,0.030037,0.21026,0.00079718
3d5.(4G).4d,5G,3.0,7.0,22.287501,3d5.(4G).5p,5F*,2.0,5.0,24.710085,2.422584,511.78493,34000000.0,0.095364,0.66755,0.002531
3d5.(4G).4d,5I,4.0,9.0,22.30189,3d5.(4G).5p,5H*,3.0,7.0,24.630572,2.328682,532.4222,41000000.0,0.13552,1.2197,0.0035968
3d5.(4G).4d,5I,8.0,17.0,22.303427,3d5.(4G).5p,5H*,7.0,15.0,24.654084,2.350657,527.44487,55200000.0,0.20314,3.4534,0.0053913
3d5.(4G).4d,5I,5.0,11.0,22.303974,3d5.(4G).5p,5H*,4.0,9.0,24.637856,2.333882,531.23593,36000000.0,0.12462,1.3708,0.0033074
3d5.(4G).4d,5I,5.0,11.0,22.303974,3d5.(4G).5p,5H*,5.0,11.0,24.644846,2.340872,529.64963,5200000.0,0.02187,0.24057,0.00058042
3d5.(4G).4d,5I,6.0,13.0,22.305341,3d5.(4G).5p,5H*,5.0,11.0,24.644846,2.339505,529.95911,43500000.0,0.15498,2.0148,0.0041132
3d5.(4G).4d,5I,7.0,15.0,22.305349,3d5.(4G).5p,5H*,6.0,13.0,24.650734,2.345385,528.63047,48000000.0,0.17428,2.6143,0.0046255
3d5.(4G).4d,5I,7.0,15.0,22.305349,3d5.(4G).5p,5H*,7.0,15.0,24.654084,2.348735,527.87649,700000.0,0.0029243,0.043865,7.7611e-05
3d5.(4G).5s,5G,6.0,13.0,22.536954,3d5.(4G).5p,5G*,6.0,13.0,24.590272,2.053318,603.82366,86600000.0,0.47337,6.1538,0.012563
3d5.(4G).5s,5G,6.0,13.0,22.536954,3d5.(4G).5p,5G*,5.0,11.0,24.59063,2.053676,603.7184,10500000.0,0.048548,0.63112,0.0012885
3d5.(4G).5s,5G,6.0,13.0,22.536954,3d5.(4G).5p,5H*,7.0,15.0,24.654084,2.11713,585.62393,85100000.0,0.50486,6.5632,0.013399
3d5.(4G).5s,5G,6.0,13.0,22.536954,3d5.(4G).5p,5F*,5.0,11.0,24.690205,2.153251,575.80003,65900000.0,0.27716,3.6031,0.0073559
3d5.(4G).5s,5G,5.0,11.0,22.541418,3d5.(4G).5p,5G*,5.0,11.0,24.59063,2.049212,605.03354,74800000.0,0.41051,4.5156,0.010895
3d5.(4G).5s,5G,5.0,11.0,22.541418,3d5.(4G).5p,5G*,4.0,9.0,24.590873,2.049455,604.9618,15500000.0,0.069582,0.7654,0.0018467
3d5.(4G).5s,5G,5.0,11.0,22.541418,3d5.(4G).5p,5H*,6.0,13.0,24.650734,2.109316,587.79338,81000000.0,0.49584,5.4543,0.01316
3d5.(4G).5s,5G,5.0,11.0,22.541418,3d5.(4G).5p,5F*,5.0,11.0,24.690205,2.148787,576.99622,12700000.0,0.063388,0.69727,0.0016823
3d5.(4G).5s,5G,5.0,11.0,22.541418,3d5.(4G).5p,5F*,4.0,9.0,24.699247,2.157829,574.57842,58600000.0,0.2373,2.6103,0.0062981
3d5.(4G).5s,5G,4.0,9.0,22.543527,3d5.(4G).5p,5G*,3.0,7.0,24.590675,2.047148,605.64355,17500000.0,0.074849,0.67364,0.0019865
3d5.(4G).5s,5G,4.0,9.0,22.543527,3d5.(4G).5p,5G*,4.0,9.0,24.590873,2.047346,605.58498,69000000.0,0.37937,3.4143,0.010068
3d5.(4G).5s,5G,4.0,9.0,22.543527,3d5.(4G).5p,5H*,5.0,11.0,24.644846,2.101319,590.03035,79300000.0,0.50586,4.5528,0.013426
3d5.(4G).5s,5G,4.0,9.0,22.543527,3d5.(4G).5p,5F*,4.0,9.0,24.699247,2.15572,575.14055,19300000.0,0.095712,0.8614,0.0025402
3d5.(4G).5s,5G,4.0,9.0,22.543527,3d5.(4G).5p,5F*,3.0,7.0,24.705408,2.161881,573.50149,56000000.0,0.21477,1.9329,0.0057
3d5.(4G).5s,5G,2.0,5.0,22.543898,3d5.(4G).5p,5G*,2.0,5.0,24.590246,2.046348,605.88032,72500000.0,0.399,1.995,0.010589
3d5.(4G).5s,5G,2.0,5.0,22.543898,3d5.(4G).5p,5H*,3.0,7.0,24.630572,2.086674,594.17139,76400000.0,0.56611,2.8306,0.015025
3d5.(4G).5s,5G,2.0,5.0,22.543898,3d5.(4G).5p,5F*,2.0,5.0,24.710085,2.166187,572.36147,21000000.0,0.10314,0.51569,0.0027373
3d5.(4G).5s,5G,2.0,5.0,22.543898,3d5.(4G).5p,5F*,1.0,3.0,24.713533,2.169635,571.45187,83400000.0,0.24498,1.2249,0.0065019
3d5.(4G).5s,5G,3.0,7.0,22.544067,3d5.(4G).5p,5G*,2.0,5.0,24.590246,2.046179,605.93036,19000000.0,0.074702,0.52291,0.0019826
3d5.(4G).5s,5G,3.0,7.0,22.544067,3d5.(4G).5p,5G*,3.0,7.0,24.590675,2.046608,605.80335,65700000.0,0.36148,2.5304,0.0095938
3d5.(4G).5s,5G,3.0,7.0,22.544067,3d5.(4G).5p,5H*,4.0,9.0,24.637856,2.093789,592.15231,78000000.0,0.52719,3.6903,0.013992
3d5.(4G).5s,5G,3.0,7.0,22.544067,3d5.(4G).5p,5F*,3.0,7.0,24.705408,2.161341,573.64478,23000000.0,0.11347,0.79428,0.0030114
3d5.(4G).5s,5G,3.0,7.0,22.544067,3d5.(4G).5p,5F*,2.0,5.0,24.710085,2.166018,572.40613,60200000.0,0.21122,1.4785,0.0056058
3d5.(4P).4d,5F,5.0,11.0,22.612237,3d5.(4P).5p,5D*,4.0,9.0,24.946541,2.334304,531.1399,54800000.0,0.18963,2.0859,0.0050328
3d5.(4G).4d,3F,2.0,5.0,22.61381,3d5.(4G).5p,3F*,2.0,5.0,24.744495,2.130685,581.8983,16000000.0,0.081222,0.40611,0.0021556
3d5.(4G).4d,3F,2.0,5.0,22.61381,3d5.(4G).5p,3G*,3.0,7.0,24.859463,2.245653,552.10755,10500000.0,0.067178,0.33589,0.0017829
3d5.(4G).4d,3F,3.0,7.0,22.615842,3d5.(4G).5p,3F*,2.0,5.0,24.744495,2.128653,582.45378,2600000.0,0.0094456,0.066119,0.00025069
3d5.(4G).4d,3F,3.0,7.0,22.615842,3d5.(4G).5p,3F*,3.0,7.0,24.746682,2.13084,581.85597,13300000.0,0.067506,0.47254,0.0017916
3d5.(4G).4d,3F,3.0,7.0,22.615842,3d5.(4G).5p,3G*,4.0,9.0,24.860643,2.244801,552.3171,11900000.0,0.069973,0.48981,0.0018571
3d5.(4P).4d,5F,4.0,9.0,22.616305,3d5.(4P).5p,5D*,4.0,9.0,24.946541,2.330236,532.06713,7600000.0,0.032256,0.2903,0.00085607
3d5.(4G).4d,3F,4.0,9.0,22.617049,3d5.(4G).5p,3F*,4.0,9.0,24.747711,2.130662,581.90458,17800000.0,0.090361,0.81325,0.0023982
3d5.(4G).4d,3F,4.0,9.0,22.617049,3d5.(4G).5p,3G*,5.0,11.0,24.861843,2.244794,552.31882,12700000.0,0.070989,0.6389,0.0018841
3d5.(4P).4d,5F,3.0,7.0,22.620276,3d5.(4P).5p,5D*,2.0,5.0,24.941204,2.320928,534.20097,26000000.0,0.079454,0.55618,0.0021087
3d5.(4P).4d,5F,2.0,5.0,22.624733,3d5.(4P).5p,5D*,2.0,5.0,24.941204,2.316471,535.2288,18000000.0,0.077306,0.38653,0.0020517
3d5.(4P).4d,5F,2.0,5.0,22.624733,3d5.(4P).5p,5D*,1.0,3.0,24.942912,2.318179,534.83445,28000000.0,0.072046,0.36023,0.0019121
3d5.(4P).4d,5F,1.0,3.0,22.625444,3d5.(4P).5p,5D*,0.0,1.0,24.941932,2.316488,535.22487,59000000.0,0.084462,0.25339,0.0022416
3d5.(4P).4d,5F,1.0,3.0,22.625444,3d5.(4P).5p,5D*,1.0,3.0,24.942912,2.317468,534.99853,19000000.0,0.08153,0.24459,0.0021638
3d5.(4G).4d,3I,5.0,11.0,22.665648,3d5.(4G).5p,3H*,5.0,11.0,24.754808,2.08916,593.46435,1100000.0,0.0058082,0.06389,0.00015415
3d5.(4G).4d,3I,5.0,11.0,22.665648,3d5.(4G).5p,3H*,4.0,9.0,24.75976,2.094112,592.06097,41600000.0,0.17887,1.9676,0.0047472
3d5.(4G).4d,3I,6.0,13.0,22.668143,3d5.(4G).5p,3H*,6.0,13.0,24.751594,2.083451,595.09054,1000000.0,0.0053092,0.069019,0.00014091
3d5.(4G).4d,3I,6.0,13.0,22.668143,3d5.(4G).5p,3H*,5.0,11.0,24.754808,2.086665,594.17395,39800000.0,0.17825,2.3172,0.0047306
3d5.(4G).4d,3I,7.0,15.0,22.670785,3d5.(4G).5p,3H*,6.0,13.0,24.751594,2.080809,595.84613,39300000.0,0.18129,2.7193,0.0048114
3d5.(4G).5s,3G,5.0,11.0,22.742599,3d5.(4G).5p,3F*,4.0,9.0,24.747711,2.005112,618.34051,74900000.0,0.35127,3.864,0.0093228
3d5.(4G).5s,3G,5.0,11.0,22.742599,3d5.(4G).5p,3H*,6.0,13.0,24.751594,2.008995,617.14538,78600000.0,0.53041,5.8345,0.014077
3d5.(4G).5s,3G,5.0,11.0,22.742599,3d5.(4G).5p,3G*,4.0,9.0,24.860643,2.118044,585.37121,9300000.0,0.039089,0.42998,0.0010374
3d5.(4G).5s,3G,5.0,11.0,22.742599,3d5.(4G).5p,3G*,5.0,11.0,24.861843,2.119244,585.03975,50400000.0,0.25862,2.8448,0.0068638
3d5.(4G).5s,3G,3.0,7.0,22.745743,3d5.(4G).5p,3F*,2.0,5.0,24.744495,1.998752,620.30806,80000000.0,0.32964,2.3075,0.0087486
3d5.(4G).5s,3G,3.0,7.0,22.745743,3d5.(4G).5p,3F*,3.0,7.0,24.746682,2.000939,619.63008,7700000.0,0.044322,0.31025,0.0011763
3d5.(4G).5s,3G,3.0,7.0,22.745743,3d5.(4G).5p,3H*,4.0,9.0,24.75976,2.014017,615.60651,77300000.0,0.56466,3.9526,0.014986
3d5.(4G).5s,3G,3.0,7.0,22.745743,3d5.(4G).5p,3G*,3.0,7.0,24.859463,2.11372,586.5687,47800000.0,0.24656,1.7259,0.0065437
3d5.(4G).5s,3G,3.0,7.0,22.745743,3d5.(4G).5p,3G*,4.0,9.0,24.860643,2.1149,586.24142,1500000.0,0.0099368,0.069558,0.00026372
3d5.(4G).5s,3G,4.0,9.0,22.745806,3d5.(4G).5p,5G*,5.0,11.0,24.59063,1.844824,672.06519,1000000.0,0.0082762,0.074486,0.00021965
3d5.(4G).5s,3G,4.0,9.0,22.745806,3d5.(4G).5p,5F*,4.0,9.0,24.699247,1.953441,634.69641,600000.0,0.0036236,0.032613,9.6171e-05
3d5.(4G).5s,3G,4.0,9.0,22.745806,3d5.(4G).5p,3F*,3.0,7.0,24.746682,2.000876,619.64959,69000000.0,0.30893,2.7803,0.0081989
3d5.(4G).5s,3G,4.0,9.0,22.745806,3d5.(4G).5p,3H*,5.0,11.0,24.754808,2.009002,617.14323,76900000.0,0.53667,4.83,0.014243
3d5.(4G).5s,3G,4.0,9.0,22.745806,3d5.(4G).5p,3G*,4.0,9.0,24.860643,2.114837,586.25889,45400000.0,0.23393,2.1054,0.0062086
3d5.(4G).5s,3G,4.0,9.0,22.745806,3d5.(4G).5p,3G*,5.0,11.0,24.861843,2.116037,585.92642,1300000.0,0.0081779,0.073601,0.00021704
3d5.(6S).4f,7F*,1.0,3.0,22.8356,3d5.(6S).5g,7G,2.0,5.0,25.74424,2.90864,426.26175,124000000.0,0.56297,1.6889,0.014941
3d5.(6S).4f,7F*,2.0,5.0,22.84376,3d5.(6S).5g,7G,3.0,7.0,25.74423,2.90047,427.46244,160000000.0,0.61363,3.0681,0.016286
3d5.(6S).4f,7F*,2.0,5.0,22.84376,3d5.(6S).5g,7G,2.0,5.0,25.74424,2.90048,427.46097,127000000.0,0.3479,1.7395,0.0092333
3d5.(6S).4f,7F*,3.0,7.0,22.85237,3d5.(6S).5g,7G,4.0,9.0,25.74422,2.89185,428.73662,205000000.0,0.72634,5.0844,0.019277
3d5.(6S).4f,7F*,3.0,7.0,22.85237,3d5.(6S).5g,7G,3.0,7.0,25.74423,2.89186,428.73513,123000000.0,0.33896,2.3727,0.0089959
3d5.(6S).4f,7F*,4.0,9.0,22.85956,3d5.(6S).5g,7G,5.0,11.0,25.74422,2.88466,429.80524,254000000.0,0.85978,7.738,0.022819
3d5.(6S).4f,7F*,4.0,9.0,22.85956,3d5.(6S).5g,7G,4.0,9.0,25.74422,2.88466,429.80524,107000000.0,0.29634,2.667,0.0078648
3d5.(6S).4f,7F*,5.0,11.0,22.86487,3d5.(6S).5g,7G,6.0,13.0,25.74422,2.87935,430.59787,303000000.0,0.9954,10.949,0.026418
3d5.(6S).4f,7F*,5.0,11.0,22.86487,3d5.(6S).5g,7G,5.0,11.0,25.74422,2.87935,430.59787,80300000.0,0.22321,2.4553,0.0059241
3d5.(6S).4f,7F*,6.0,13.0,22.8686,3d5.(6S).5g,7G,7.0,15.0,25.74422,2.87562,431.15641,355000000.0,1.1416,14.841,0.030297
3d5.(6S).4f,7F*,6.0,13.0,22.8686,3d5.(6S).5g,7G,6.0,13.0,25.74422,2.87562,431.15641,44100000.0,0.1229,1.5978,0.0032619
3d5.(6S).4f,5F*,1.0,3.0,22.909479,3d5.(6S).5g,5G,2.0,5.0,25.74451,2.835031,437.32925,280000000.0,1.3381,4.0143,0.035513
3d5.(6S).4f,5F*,1.0,3.0,22.909479,3d5.(6S).6g,5G,2.0,5.0,27.24456,4.335081,286.00203,92000000.0,0.18803,0.5641,0.0049904
3d5.(6S).4f,5F*,2.0,5.0,22.90954,3d5.(6S).5g,5G,3.0,7.0,25.74451,2.83497,437.33866,278000000.0,1.116,5.5801,0.029619
3d5.(6S).4f,5F*,2.0,5.0,22.90954,3d5.(6S).5g,5G,2.0,5.0,25.74451,2.83497,437.33866,77900000.0,0.22337,1.1169,0.0059283
3d5.(6S).4f,5F*,2.0,5.0,22.90954,3d5.(6S).6g,5G,3.0,7.0,27.244569,4.335029,286.00546,91000000.0,0.15623,0.78117,0.0041465
3d5.(6S).4f,5F*,3.0,7.0,22.90964,3d5.(6S).5g,5G,4.0,9.0,25.7445,2.83486,437.35563,297000000.0,1.095,7.6653,0.029062
3d5.(6S).4f,5F*,3.0,7.0,22.90964,3d5.(6S).5g,5G,3.0,7.0,25.74451,2.83487,437.35409,81200000.0,0.23285,1.63,0.0061799
3d5.(6S).4f,5F*,3.0,7.0,22.90964,3d5.(6S).6g,5G,4.0,9.0,27.24457,4.33493,286.012,98000000.0,0.15452,1.0817,0.0041011
3d5.(6S).4f,5F*,4.0,9.0,22.90975,3d5.(6S).5g,5G,4.0,9.0,25.7445,2.83475,437.3726,64300000.0,0.18441,1.6596,0.0048941
3d5.(6S).4f,5F*,4.0,9.0,22.90975,3d5.(6S).5g,5G,5.0,11.0,25.7445,2.83475,437.3726,326000000.0,1.1427,10.284,0.030327
3d5.(6S).4f,5F*,4.0,9.0,22.90975,3d5.(6S).6g,5G,5.0,11.0,27.244539,4.334789,286.0213,107000000.0,0.16039,1.4436,0.0042569
3d5.(6S).4f,5F*,5.0,11.0,22.90992,3d5.(6S).5g,5G,6.0,13.0,25.7445,2.83458,437.39883,363000000.0,1.2305,13.535,0.032657
3d5.(6S).4f,5F*,5.0,11.0,22.90992,3d5.(6S).5g,5G,5.0,11.0,25.7445,2.83458,437.39883,36300000.0,0.10412,1.1453,0.0027633
3d5.(6S).4f,5F*,5.0,11.0,22.90992,3d5.(6S).6g,5G,6.0,13.0,27.244532,4.334612,286.03298,119000000.0,0.1725,1.8975,0.0045782
3d5.(4P).5s,5P,3.0,7.0,22.931096,3d5.(4P).5p,5D*,3.0,7.0,24.941475,2.010379,616.72052,55600000.0,0.31704,2.2193,0.0084142
3d5.(4P).5s,5P,3.0,7.0,22.931096,3d5.(4P).5p,5D*,4.0,9.0,24.946541,2.015445,615.17034,69500000.0,0.50697,3.5488,0.013455
3d5.(4P).5s,5P,3.0,7.0,22.931096,3d5.(4P).5p,5S*,2.0,5.0,24.957264,2.026168,611.9147,18000000.0,0.072175,0.50522,0.0019155
3d5.(4P).5s,5P,3.0,7.0,22.931096,3d5.(4P).5p,5P*,3.0,7.0,25.069688,2.138592,579.74685,19800000.0,0.09977,0.69839,0.0026479
3d5.(4P).5s,5P,3.0,7.0,22.931096,3d5.(4P).5p,5P*,2.0,5.0,25.079872,2.148776,576.99918,8700000.0,0.031017,0.21712,0.00082319
3d5.(4P).5s,5P,3.0,7.0,22.931096,3d5.(4D).5p,5D*,4.0,9.0,25.500088,2.568992,482.61808,8900000.0,0.039958,0.2797,0.0010605
3d5.(4P).5s,5P,3.0,7.0,22.931096,3d5.(4D).5p,5D*,3.0,7.0,25.507583,2.576487,481.21414,3500000.0,0.012151,0.085056,0.00032248
3d5.(4P).5s,5P,2.0,5.0,22.937513,3d5.(4P).5p,5D*,2.0,5.0,24.941204,2.003691,618.77904,18000000.0,0.10332,0.51662,0.0027422
3d5.(4P).5s,5P,2.0,5.0,22.937513,3d5.(4P).5p,5D*,3.0,7.0,24.941475,2.003962,618.69536,16200000.0,0.13015,0.65077,0.0034543
3d5.(4P).5s,5P,2.0,5.0,22.937513,3d5.(4P).5p,5P*,3.0,7.0,25.069688,2.132175,581.49166,60900000.0,0.43221,2.161,0.011471
3d5.(4P).5s,5P,2.0,5.0,22.937513,3d5.(4P).5p,5P*,1.0,3.0,25.086286,2.148773,576.99998,2800000.0,0.0083853,0.041927,0.00022255
3d5.(4P).5s,5P,1.0,3.0,22.944703,3d5.(4P).5p,5D*,2.0,5.0,24.941204,1.996501,621.00744,13000000.0,0.12527,0.37581,0.0033247
3d5.(4P).5s,5P,1.0,3.0,22.944703,3d5.(4P).5p,5D*,0.0,1.0,24.941932,1.997229,620.78108,72000000.0,0.13866,0.41598,0.00368
3d5.(4P).5s,5P,1.0,3.0,22.944703,3d5.(4P).5p,5D*,1.0,3.0,24.942912,1.998209,620.47663,41000000.0,0.23664,0.70993,0.0062805
3d5.(4P).5s,5P,1.0,3.0,22.944703,3d5.(4P).5p,5P*,2.0,5.0,25.079872,2.135169,580.67628,9500000.0,0.080039,0.24012,0.0021242
3d5.(4P).5s,5P,1.0,3.0,22.944703,3d5.(4P).5p,5P*,1.0,3.0,25.086286,2.141583,578.93716,3100000.0,0.015577,0.046731,0.00041341
3d5.(4D).4d,5G,2.0,5.0,23.094394,3d5.(4D).5p,5F*,1.0,3.0,25.405265,2.310871,536.52583,49000000.0,0.12688,0.63439,0.0033674
3d5.(4D).4d,5G,3.0,7.0,23.0987,3d5.(4D).5p,5F*,2.0,5.0,25.409739,2.311039,536.48683,45500000.0,0.14024,0.98166,0.0037219
3d5.(4D).4d,5G,3.0,7.0,23.0987,3d5.(4D).5p,5F*,3.0,7.0,25.417083,2.318383,534.78739,8600000.0,0.036874,0.25812,0.00097864
3d5.(4D).4d,5G,4.0,9.0,23.108058,3d5.(4D).5p,5F*,3.0,7.0,25.417083,2.309025,536.95477,45100000.0,0.15162,1.3646,0.0040241
3d5.(4D).4d,5G,5.0,11.0,23.117362,3d5.(4D).5p,5F*,4.0,9.0,25.428243,2.310881,536.52351,42600000.0,0.15042,1.6546,0.0039921
3d5.(4D).4d,5G,5.0,11.0,23.117362,3d5.(4D).5p,5F*,5.0,11.0,25.44098,2.323618,533.58254,3700000.0,0.015793,0.17372,0.00041915
3d5.(4D).4d,5G,6.0,13.0,23.13514,3d5.(4D).5p,5F*,5.0,11.0,25.44098,2.30584,537.69645,52900000.0,0.19402,2.5222,0.0051492
3d5.(4D).4d,5D,1.0,3.0,23.149328,3d5.(4D).5p,5F*,2.0,5.0,25.409739,2.260411,548.5029,2600000.0,0.019545,0.058636,0.00051873
3d5.(4D).4d,5D,1.0,3.0,23.149328,3d5.(4D).5p,5D*,1.0,3.0,25.502828,2.3535,526.80773,13000000.0,0.054089,0.16227,0.0014355
3d5.(4D).4d,5D,2.0,5.0,23.159245,3d5.(4D).5p,5F*,3.0,7.0,25.417083,2.257838,549.12796,2800000.0,0.017721,0.088606,0.00047032
3d5.(4D).4d,5D,2.0,5.0,23.159245,3d5.(4D).5p,5D*,2.0,5.0,25.508216,2.348971,527.82345,9000000.0,0.037591,0.18795,0.00099765
3d5.(4D).4d,5D,3.0,7.0,23.170553,3d5.(4D).5p,5F*,4.0,9.0,25.428243,2.25769,549.16396,1600000.0,0.009301,0.065107,0.00024685
3d5.(4D).4d,5D,3.0,7.0,23.170553,3d5.(4D).5p,5D*,3.0,7.0,25.507583,2.33703,530.52035,6700000.0,0.028271,0.1979,0.00075031
3d5.(4D).4d,5D,4.0,9.0,23.184899,3d5.(4D).5p,5F*,4.0,9.0,25.428243,2.243344,552.67582,15000000.0,0.06869,0.61821,0.001823
3d5.(4D).4d,5D,4.0,9.0,23.184899,3d5.(4D).5p,5D*,4.0,9.0,25.500088,2.315189,535.52517,1000000.0,0.0042995,0.038696,0.00011411
3d5.(4D).5s,5D,4.0,9.0,23.310704,3d5.(4D).5p,5F*,3.0,7.0,25.417083,2.106379,588.61296,4300000.0,0.017372,0.15635,0.00046105
3d5.(4D).5s,5D,4.0,9.0,23.310704,3d5.(4D).5p,5F*,4.0,9.0,25.428243,2.117539,585.51081,31300000.0,0.16087,1.4478,0.0042695
3d5.(4D).5s,5D,4.0,9.0,23.310704,3d5.(4D).5p,5F*,5.0,11.0,25.44098,2.130276,582.01002,56300000.0,0.34945,3.145,0.0092743
3d5.(4D).5s,5D,4.0,9.0,23.310704,3d5.(4D).5p,5D*,4.0,9.0,25.500088,2.189384,566.29718,60500000.0,0.29087,2.6179,0.0077198
3d5.(4D).5s,5D,4.0,9.0,23.310704,3d5.(4D).5p,3F*,4.0,9.0,25.57317,2.262466,548.00469,2700000.0,0.012156,0.1094,0.00032262
3d5.(4D).5s,5D,0.0,1.0,23.322596,3d5.(4D).5p,5F*,1.0,3.0,25.405265,2.082669,595.31399,20000000.0,0.31879,0.31879,0.0084607
3d5.(4D).5s,5D,0.0,1.0,23.322596,3d5.(4D).5p,5D*,1.0,3.0,25.502828,2.180232,568.67434,36000000.0,0.52361,0.52361,0.013897
3d5.(4D).5s,5D,3.0,7.0,23.322635,3d5.(4D).5p,5F*,2.0,5.0,25.409739,2.087104,594.04897,1600000.0,0.0060464,0.042325,0.00016047
3d5.(4D).5s,5D,3.0,7.0,23.322635,3d5.(4D).5p,5F*,3.0,7.0,25.417083,2.094448,591.96599,16300000.0,0.085633,0.59943,0.0022727
3d5.(4D).5s,5D,3.0,7.0,23.322635,3d5.(4D).5p,5F*,4.0,9.0,25.428243,2.105608,588.82849,17500000.0,0.11696,0.81869,0.003104
3d5.(4D).5s,5D,3.0,7.0,23.322635,3d5.(4D).5p,5D*,4.0,9.0,25.500088,2.177453,569.40011,31300000.0,0.19561,1.3692,0.0051914
3d5.(4D).5s,5D,3.0,7.0,23.322635,3d5.(4D).5p,5D*,3.0,7.0,25.507583,2.184948,567.44691,40400000.0,0.19503,1.3652,0.005176
3d5.(4D).5s,5D,3.0,7.0,23.322635,3d5.(4D).5p,5D*,2.0,5.0,25.508216,2.185581,567.28256,8300000.0,0.028603,0.20022,0.00075912
3d5.(4D).5s,5D,1.0,3.0,23.325375,3d5.(4D).5p,5F*,1.0,3.0,25.405265,2.07989,596.1094,18000000.0,0.095892,0.28768,0.002545
3d5.(4D).5s,5D,1.0,3.0,23.325375,3d5.(4D).5p,5F*,2.0,5.0,25.409739,2.084364,594.82988,21000000.0,0.18566,0.55697,0.0049274
3d5.(4D).5s,5D,1.0,3.0,23.325375,3d5.(4D).5p,5D*,1.0,3.0,25.502828,2.177453,569.40011,16000000.0,0.07777,0.23331,0.002064
3d5.(4D).5s,5D,1.0,3.0,23.325375,3d5.(4D).5p,5D*,2.0,5.0,25.508216,2.182841,567.99464,30000000.0,0.24183,0.7255,0.0064183
3d5.(4D).5s,5D,2.0,5.0,23.326732,3d5.(4D).5p,5F*,1.0,3.0,25.405265,2.078533,596.49858,2200000.0,0.0070413,0.035206,0.00018688
3d5.(4D).5s,5D,2.0,5.0,23.326732,3d5.(4D).5p,5F*,2.0,5.0,25.409739,2.083007,595.21739,15000000.0,0.079671,0.39836,0.0021145
3d5.(4D).5s,5D,2.0,5.0,23.326732,3d5.(4D).5p,5F*,3.0,7.0,25.417083,2.090351,593.12622,18200000.0,0.13439,0.67193,0.0035666
3d5.(4D).5s,5D,2.0,5.0,23.326732,3d5.(4D).5p,5D*,3.0,7.0,25.507583,2.180851,568.51293,21000000.0,0.14246,0.71229,0.0037808
3d5.(4D).5s,5D,2.0,5.0,23.326732,3d5.(4D).5p,5D*,2.0,5.0,25.508216,2.181484,568.34796,30000000.0,0.14528,0.72641,0.0038558
3d5.(4D).4d,3G,3.0,7.0,23.427522,3d5.(4D).5p,3F*,2.0,5.0,25.581037,2.153515,575.72944,39100000.0,0.13879,0.9715,0.0036834
3d5.(4D).4d,3G,3.0,7.0,23.427522,3d5.(2I).5p,3H*,4.0,9.0,26.538518,3.110996,398.53538,2800000.0,0.0085723,0.060006,0.00022751
3d5.(4D).4d,3G,4.0,9.0,23.4345,3d5.(4D).5p,3F*,3.0,7.0,25.581456,2.146956,577.48831,38500000.0,0.14971,1.3474,0.0039734
3d5.(4D).4d,3G,5.0,11.0,23.436083,3d5.(4D).5p,3F*,4.0,9.0,25.57317,2.137087,580.15513,42400000.0,0.17505,1.9256,0.0046458
3d5.(4D).4d,3G,5.0,11.0,23.436083,3d5.(2I).5p,3H*,6.0,13.0,26.529469,3.093386,400.80416,3300000.0,0.0093927,0.10332,0.00024928
3d5.(4D).5s,3D,3.0,7.0,23.517225,3d5.(4D).5p,5F*,4.0,9.0,25.428243,1.911018,648.78614,1400000.0,0.011359,0.079512,0.00030146
3d5.(4D).5s,3D,3.0,7.0,23.517225,3d5.(4D).5p,3D*,3.0,7.0,25.563127,2.045902,606.0124,55900000.0,0.30778,2.1544,0.0081684
3d5.(4D).5s,3D,3.0,7.0,23.517225,3d5.(4D).5p,3D*,2.0,5.0,25.569689,2.052464,604.0749,13000000.0,0.050799,0.35559,0.0013482
3d5.(4D).5s,3D,3.0,7.0,23.517225,3d5.(4D).5p,3F*,4.0,9.0,25.57317,2.055945,603.05212,82400000.0,0.57762,4.0433,0.01533
3d5.(4D).5s,3D,3.0,7.0,23.517225,3d5.(4D).5p,3F*,3.0,7.0,25.581456,2.064231,600.63141,11400000.0,0.061657,0.4316,0.0016364
3d5.(4D).5s,3D,2.0,5.0,23.530298,3d5.(4D).5p,3D*,3.0,7.0,25.563127,2.032829,609.90963,6400000.0,0.049969,0.24984,0.0013262
3d5.(4D).5s,3D,2.0,5.0,23.530298,3d5.(4D).5p,3D*,2.0,5.0,25.569689,2.039391,607.94717,22000000.0,0.1219,0.60951,0.0032353
3d5.(4D).5s,3D,2.0,5.0,23.530298,3d5.(4D).5p,3D*,1.0,3.0,25.577434,2.047136,605.6471,11000000.0,0.036295,0.18147,0.00096326
3d5.(4D).5s,3D,2.0,5.0,23.530298,3d5.(4D).5p,3F*,2.0,5.0,25.581037,2.050739,604.58302,21000000.0,0.11508,0.57539,0.0030542
3d5.(4D).5s,3D,2.0,5.0,23.530298,3d5.(4D).5p,3F*,3.0,7.0,25.581456,2.051158,604.45952,71000000.0,0.54448,2.7224,0.01445
3d5.(4D).5s,3D,1.0,3.0,23.531722,3d5.(4D).5p,3D*,2.0,5.0,25.569689,2.037967,608.37196,13000000.0,0.12022,0.36067,0.0031907
3d5.(4D).5s,3D,1.0,3.0,23.531722,3d5.(4D).5p,3D*,1.0,3.0,25.577434,2.045712,606.06869,21000000.0,0.11564,0.34693,0.0030692
3d5.(4D).5s,3D,1.0,3.0,23.531722,3d5.(4D).5p,3F*,2.0,5.0,25.581037,2.049315,605.00313,59800000.0,0.54692,1.6408,0.014515
3d5.(6S).5d,7D,1.0,3.0,23.60577,3d5.(6S).5f,7F*,2.0,5.0,25.67962,2.07385,597.84555,37800000.0,0.33758,1.0127,0.0089594
3d5.(6S).5d,7D,2.0,5.0,23.60633,3d5.(6S).5f,7F*,3.0,7.0,25.67958,2.07325,598.01856,67400000.0,0.50591,2.5296,0.013427
3d5.(6S).5d,7D,2.0,5.0,23.60633,3d5.(6S).5f,7F*,2.0,5.0,25.67962,2.07329,598.00702,94400000.0,0.50611,2.5305,0.013432
3d5.(6S).5d,7D,3.0,7.0,23.60715,3d5.(6S).5f,7F*,4.0,9.0,25.67952,2.07237,598.2725,96000000.0,0.66233,4.6363,0.017578
3d5.(6S).5d,7D,3.0,7.0,23.60715,3d5.(6S).5f,7F*,3.0,7.0,25.67958,2.07243,598.25518,78400000.0,0.42068,2.9447,0.011165
3d5.(6S).5d,7D,4.0,9.0,23.6083,3d5.(6S).5f,7F*,5.0,11.0,25.67946,2.07116,598.62202,125000000.0,0.82078,7.387,0.021783
3d5.(6S).5d,7D,4.0,9.0,23.6083,3d5.(6S).5f,7F*,4.0,9.0,25.67952,2.07122,598.60468,57400000.0,0.30836,2.7752,0.0081838
3d5.(6S).5d,7D,5.0,11.0,23.60981,3d5.(6S).5f,7F*,6.0,13.0,25.67941,2.0696,599.07324,156000000.0,0.99196,10.912,0.026327
3d5.(6S).5d,7D,5.0,11.0,23.60981,3d5.(6S).5f,7F*,5.0,11.0,25.67946,2.06965,599.05877,31200000.0,0.16786,1.8465,0.0044551
3d5.(6S).5d,5D,0.0,1.0,24.002777,3d5.(6S).5f,5F*,1.0,3.0,25.69605,1.693273,732.21624,33400000.0,0.80539,0.80539,0.021375
3d5.(6S).5d,5D,1.0,3.0,24.003307,3d5.(6S).5f,5F*,2.0,5.0,25.696717,1.69341,732.157,40100000.0,0.53711,1.6113,0.014255
3d5.(6S).5d,5D,2.0,5.0,24.004101,3d5.(6S).5f,5F*,2.0,5.0,25.696717,1.692616,732.50045,28800000.0,0.23167,1.1583,0.0061485
3d5.(6S).5d,5D,2.0,5.0,24.004101,3d5.(6S).5f,5F*,3.0,7.0,25.697365,1.693264,732.22013,44000000.0,0.49513,2.4757,0.013141
3d5.(6S).5d,5D,3.0,7.0,24.00472,3d5.(6S).5f,5F*,3.0,7.0,25.697365,1.692645,732.4879,19500000.0,0.15685,1.098,0.0041629
3d5.(6S).5d,5D,3.0,7.0,24.00472,3d5.(6S).5f,5F*,4.0,9.0,25.698003,1.693283,732.21191,61000000.0,0.63039,4.4127,0.01673
3d5.(6S).5d,5D,4.0,9.0,24.004762,3d5.(6S).5f,5F*,4.0,9.0,25.698003,1.693241,732.23007,12500000.0,0.10048,0.90429,0.0026666
3d5.(6S).5d,5D,4.0,9.0,24.004762,3d5.(6S).5f,5F*,5.0,11.0,25.698618,1.693856,731.96422,74800000.0,0.73433,6.609,0.019489
3d5.(2I).5s,3I,7.0,15.0,24.410217,3d5.(2I).5p,3I*,7.0,15.0,26.465423,2.055206,603.26896,46500000.0,0.25371,3.8056,0.0067334
3d5.(2I).5s,3I,7.0,15.0,24.410217,3d5.(2I).5p,3I*,6.0,13.0,26.471362,2.061145,601.53069,10500000.0,0.049365,0.74047,0.0013101
3d5.(2I).5s,3I,7.0,15.0,24.410217,3d5.(2I).5p,3H*,6.0,13.0,26.529469,2.119252,585.03754,73100000.0,0.32508,4.8763,0.0086277
3d5.(2I).5s,3I,6.0,13.0,24.410778,3d5.(2I).5p,3I*,7.0,15.0,26.465423,2.054645,603.43368,34100000.0,0.21479,2.7923,0.0057006
3d5.(2I).5s,3I,6.0,13.0,24.410778,3d5.(2I).5p,3I*,6.0,13.0,26.471362,2.060584,601.69446,55900000.0,0.30341,3.9443,0.0080524
3d5.(2I).5s,3I,6.0,13.0,24.410778,3d5.(2I).5p,3I*,5.0,11.0,26.478471,2.067693,599.62576,7500000.0,0.034208,0.44471,0.00090789
3d5.(2I).5s,3I,6.0,13.0,24.410778,3d5.(2I).5p,3H*,6.0,13.0,26.529469,2.118691,585.19245,12200000.0,0.062635,0.81425,0.0016623
3d5.(2I).5s,3I,6.0,13.0,24.410778,3d5.(2I).5p,3H*,5.0,11.0,26.533923,2.123145,583.96482,62100000.0,0.26864,3.4923,0.0071298
3d5.(2I).5s,3I,5.0,11.0,24.41267,3d5.(2I).5p,3I*,6.0,13.0,26.471362,2.058692,602.24744,19800000.0,0.12724,1.3996,0.003377
3d5.(2I).5s,3I,5.0,11.0,24.41267,3d5.(2I).5p,3I*,5.0,11.0,26.478471,2.065801,600.17494,46500000.0,0.25111,2.7622,0.0066645
3d5.(2I).5s,3I,5.0,11.0,24.41267,3d5.(2I).5p,3H*,5.0,11.0,26.533923,2.121253,584.48567,15200000.0,0.077849,0.85633,0.0020661
3d5.(2I).5s,3I,5.0,11.0,24.41267,3d5.(2I).5p,3H*,4.0,9.0,26.538518,2.125848,583.22231,89000000.0,0.37134,4.0847,0.0098553
3d5.(4G).5p,5G*,2.0,5.0,24.590246,3d5.(4G).5d,5H,3.0,7.0,27.599552,3.009306,412.00263,175000000.0,0.62348,3.1174,0.016547
3d5.(4G).5p,5G*,2.0,5.0,24.590246,3d5.(4G).5d,5G,2.0,5.0,27.618525,3.028279,409.42132,122000000.0,0.30659,1.533,0.0081369
3d5.(4G).5p,5G*,2.0,5.0,24.590246,3d5.(4G).5d,5F,2.0,5.0,27.620495,3.030249,409.15515,4500000.0,0.011294,0.05647,0.00029974
3d5.(4G).5p,5G*,2.0,5.0,24.590246,3d5.(4G).5d,5F,1.0,3.0,27.620833,3.030587,409.10952,138000000.0,0.20776,1.0388,0.005514
3d5.(4G).5p,5G*,2.0,5.0,24.590246,3d5.(4G).6s,5G,2.0,5.0,27.689148,3.098902,400.09074,157000000.0,0.37677,1.8838,0.0099995
3d5.(4G).5p,5G*,6.0,13.0,24.590272,3d5.(4G).5d,5H,7.0,15.0,27.597772,3.0075,412.25004,161000000.0,0.47332,6.1532,0.012562
3d5.(4G).5p,5G*,6.0,13.0,24.590272,3d5.(4G).5d,5H,6.0,13.0,27.599215,3.008943,412.05233,84600000.0,0.21534,2.7995,0.0057153
3d5.(4G).5p,5G*,6.0,13.0,24.590272,3d5.(4G).5d,5F,5.0,11.0,27.611186,3.020914,410.41949,26000000.0,0.055557,0.72224,0.0014745
3d5.(4G).5p,5G*,6.0,13.0,24.590272,3d5.(4G).5d,5G,6.0,13.0,27.613074,3.022802,410.16315,62100000.0,0.15663,2.0361,0.0041569
3d5.(4G).5p,5G*,6.0,13.0,24.590272,3d5.(4G).5d,5G,5.0,11.0,27.61684,3.026568,409.65278,105000000.0,0.22353,2.9059,0.0059324
3d5.(4G).5p,5G*,6.0,13.0,24.590272,3d5.(4G).5d,5I,7.0,15.0,27.626744,3.036472,408.31662,36600000.0,0.10556,1.3722,0.0028015
3d5.(4G).5p,5G*,6.0,13.0,24.590272,3d5.(4G).6s,5G,6.0,13.0,27.682237,3.091965,400.98836,164000000.0,0.39534,5.1394,0.010492
3d5.(4G).5p,5G*,5.0,11.0,24.59063,3d5.(4G).5d,5H,6.0,13.0,27.599215,3.008585,412.10136,122000000.0,0.36709,4.038,0.0097427
3d5.(4G).5p,5G*,5.0,11.0,24.59063,3d5.(4G).5d,5H,5.0,11.0,27.600284,3.009654,411.95499,102000000.0,0.25951,2.8546,0.0068875
3d5.(4G).5p,5G*,5.0,11.0,24.59063,3d5.(4G).5d,5F,5.0,11.0,27.611186,3.020556,410.46813,21000000.0,0.053044,0.58349,0.0014078
3d5.(4G).5p,5G*,5.0,11.0,24.59063,3d5.(4G).5d,5F,4.0,9.0,27.615562,3.024932,409.87433,99400000.0,0.20483,2.2531,0.0054362
3d5.(4G).5p,5G*,5.0,11.0,24.59063,3d5.(4G).5d,5G,5.0,11.0,27.61684,3.02621,409.70124,30000000.0,0.075495,0.83044,0.0020036
3d5.(4G).5p,5G*,5.0,11.0,24.59063,3d5.(4G).5d,5G,4.0,9.0,27.619471,3.028841,409.34535,49000000.0,0.10071,1.1078,0.0026729
3d5.(4G).5p,5G*,5.0,11.0,24.59063,3d5.(4G).6s,5G,5.0,11.0,27.686862,3.096232,400.43575,141000000.0,0.33896,3.7285,0.0089959
3d5.(4G).5p,5G*,3.0,7.0,24.590675,3d5.(4G).5d,5H,4.0,9.0,27.59962,3.008945,412.05206,90400000.0,0.29585,2.071,0.007852
3d5.(4G).5p,5G*,3.0,7.0,24.590675,3d5.(4G).5d,5F,3.0,7.0,27.61752,3.026845,409.61529,3200000.0,0.0080494,0.056346,0.00021363
3d5.(4G).5p,5G*,3.0,7.0,24.590675,3d5.(4G).5d,5G,2.0,5.0,27.618525,3.02785,409.47933,55000000.0,0.098755,0.69128,0.002621
3d5.(4G).5p,5G*,3.0,7.0,24.590675,3d5.(4G).5d,5G,4.0,9.0,27.619471,3.028796,409.35143,6100000.0,0.019703,0.13792,0.00052291
3d5.(4G).5p,5G*,3.0,7.0,24.590675,3d5.(4G).5d,5F,2.0,5.0,27.620495,3.02982,409.21308,107000000.0,0.19187,1.3431,0.0050923
3d5.(4G).5p,5G*,3.0,7.0,24.590675,3d5.(4G).5d,5I,4.0,9.0,27.626593,3.035918,408.39113,92800000.0,0.29834,2.0883,0.0079178
3d5.(4G).5p,5G*,3.0,7.0,24.590675,3d5.(4G).6s,5G,3.0,7.0,27.689491,3.098816,400.10184,123000000.0,0.29519,2.0663,0.0078344
3d5.(4G).5p,5G*,4.0,9.0,24.590873,3d5.(4G).5d,5H,5.0,11.0,27.600284,3.009411,411.98825,98900000.0,0.30759,2.7683,0.0081635
3d5.(4G).5p,5G*,4.0,9.0,24.590873,3d5.(4G).5d,5F,4.0,9.0,27.615562,3.024689,409.90726,2900000.0,0.0073051,0.065746,0.00019388
3d5.(4G).5p,5G*,4.0,9.0,24.590873,3d5.(4G).5d,5G,5.0,11.0,27.61684,3.025967,409.73414,4700000.0,0.014458,0.13012,0.00038372
3d5.(4G).5p,5G*,4.0,9.0,24.590873,3d5.(4G).5d,5F,3.0,7.0,27.61752,3.026647,409.64208,106000000.0,0.20741,1.8667,0.0055047
3d5.(4G).5p,5G*,4.0,9.0,24.590873,3d5.(4G).5d,5G,4.0,9.0,27.619471,3.028598,409.3782,47000000.0,0.11809,1.0628,0.0031341
3d5.(4G).5p,5G*,4.0,9.0,24.590873,3d5.(4G).5d,5I,5.0,11.0,27.627723,3.03685,408.2658,78700000.0,0.24036,2.1633,0.0063793
3d5.(4G).5p,5G*,4.0,9.0,24.590873,3d5.(4G).6s,5G,5.0,11.0,27.686862,3.095989,400.46718,21000000.0,0.061711,0.5554,0.0016378
3d5.(4G).5p,5G*,4.0,9.0,24.590873,3d5.(4G).6s,5G,4.0,9.0,27.689008,3.098135,400.18979,128000000.0,0.30733,2.7659,0.0081565
3d5.(6S).6p,7P*,2.0,5.0,24.62408,3d5.(6S).6d,7D,1.0,3.0,26.08552,1.46144,848.37009,95000000.0,0.61504,3.0752,0.016323
3d5.(6S).6p,7P*,2.0,5.0,24.62408,3d5.(6S).6d,7D,2.0,5.0,26.0858,1.46172,848.20758,63600000.0,0.686,3.43,0.018206
3d5.(6S).6p,7P*,2.0,5.0,24.62408,3d5.(6S).6d,7D,3.0,7.0,26.08625,1.46217,847.94653,27300000.0,0.41199,2.06,0.010934
3d5.(6S).6p,7P*,2.0,5.0,24.62408,3d5.(6S).7s,7S,3.0,7.0,26.11298,1.4889,832.72348,24500000.0,0.35658,1.7829,0.0094636
3d5.(6S).6p,7P*,3.0,7.0,24.63019,3d5.(6S).6d,7D,2.0,5.0,26.0858,1.45561,851.76798,31200000.0,0.2424,1.6968,0.0064332
3d5.(6S).6p,7P*,3.0,7.0,24.63019,3d5.(6S).6d,7D,3.0,7.0,26.08625,1.45606,851.50473,58600000.0,0.63699,4.4589,0.016906
3d5.(6S).6p,7P*,3.0,7.0,24.63019,3d5.(6S).6d,7D,4.0,9.0,26.08687,1.45668,851.14231,58700000.0,0.81968,5.7378,0.021754
3d5.(6S).6p,7P*,3.0,7.0,24.63019,3d5.(6S).7s,7S,3.0,7.0,26.11298,1.48279,836.15481,33600000.0,0.35219,2.4653,0.009347
3d5.(4G).5p,5H*,3.0,7.0,24.630572,3d5.(4G).5d,5H,3.0,7.0,27.599552,2.96898,417.59863,40000000.0,0.10458,0.73204,0.0027755
3d5.(4G).5p,5H*,3.0,7.0,24.630572,3d5.(4G).5d,5G,2.0,5.0,27.618525,2.987953,414.94695,31000000.0,0.057158,0.40011,0.001517
3d5.(4G).5p,5H*,3.0,7.0,24.630572,3d5.(4G).5d,5I,4.0,9.0,27.626593,2.996021,413.82954,224000000.0,0.73943,5.176,0.019624
3d5.(4G).5p,5H*,3.0,7.0,24.630572,3d5.(4G).6s,5G,2.0,5.0,27.689148,3.058576,405.36576,111000000.0,0.19532,1.3672,0.0051838
3d5.(4G).5p,5H*,4.0,9.0,24.637856,3d5.(4G).5d,5H,4.0,9.0,27.59962,2.961764,418.61606,34000000.0,0.089324,0.80392,0.0023707
3d5.(4G).5p,5H*,4.0,9.0,24.637856,3d5.(4G).5d,5H,5.0,11.0,27.600284,2.962428,418.52223,70200000.0,0.22531,2.0278,0.0059798
3d5.(4G).5p,5H*,4.0,9.0,24.637856,3d5.(4G).5d,5F,3.0,7.0,27.61752,2.979664,416.10127,29000000.0,0.058548,0.52693,0.0015539
3d5.(4G).5p,5H*,4.0,9.0,24.637856,3d5.(4G).5d,5G,4.0,9.0,27.619471,2.981615,415.829,68200000.0,0.1768,1.5912,0.0046922
3d5.(4G).5p,5H*,4.0,9.0,24.637856,3d5.(4G).5d,5I,4.0,9.0,27.626593,2.988737,414.8381,14000000.0,0.03612,0.32508,0.00095862
3d5.(4G).5p,5H*,4.0,9.0,24.637856,3d5.(4G).5d,5I,5.0,11.0,27.627723,2.989867,414.68132,235000000.0,0.74047,6.6642,0.019652
3d5.(4G).5p,5H*,4.0,9.0,24.637856,3d5.(4G).6s,5G,3.0,7.0,27.689491,3.051635,406.28777,104000000.0,0.20018,1.8016,0.0053127
3d5.(6S).6p,7P*,4.0,9.0,24.64027,3d5.(6S).6d,7D,4.0,9.0,26.08687,1.4466,857.07313,34800000.0,0.38324,3.4492,0.010171
3d5.(6S).6p,7P*,4.0,9.0,24.64027,3d5.(6S).6d,7D,5.0,11.0,26.0877,1.44743,856.58165,92900000.0,1.249,11.241,0.033149
3d5.(6S).6p,7P*,4.0,9.0,24.64027,3d5.(6S).7s,7S,3.0,7.0,26.11298,1.47271,841.87789,43000000.0,0.35537,3.1983,0.0094315
3d5.(4G).5p,5H*,5.0,11.0,24.644846,3d5.(4G).5d,5H,6.0,13.0,27.599215,2.954369,419.66389,50700000.0,0.15821,1.7403,0.0041988
3d5.(4G).5p,5H*,5.0,11.0,24.644846,3d5.(4G).5d,5H,5.0,11.0,27.600284,2.955438,419.51209,40000000.0,0.10554,1.1609,0.002801
3d5.(4G).5p,5H*,5.0,11.0,24.644846,3d5.(4G).5d,5F,5.0,11.0,27.611186,2.96634,417.97029,15000000.0,0.039286,0.43215,0.0010427
3d5.(4G).5p,5H*,5.0,11.0,24.644846,3d5.(4G).5d,5G,5.0,11.0,27.61684,2.971994,417.17513,51800000.0,0.13515,1.4867,0.003587
3d5.(4G).5p,5H*,5.0,11.0,24.644846,3d5.(4G).5d,5G,4.0,9.0,27.619471,2.974625,416.80615,27000000.0,0.057536,0.6329,0.001527
3d5.(4G).5p,5H*,5.0,11.0,24.644846,3d5.(4G).5d,5I,5.0,11.0,27.627723,2.982877,415.65307,15000000.0,0.038852,0.42737,0.0010311
3d5.(4G).5p,5H*,5.0,11.0,24.644846,3d5.(4G).5d,5I,6.0,13.0,27.628005,2.983159,415.61378,249000000.0,0.76206,8.3827,0.020225
3d5.(4G).5p,5H*,6.0,13.0,24.650734,3d5.(4G).5d,5H,7.0,15.0,27.597772,2.947038,420.70784,31800000.0,0.097363,1.2657,0.002584
3d5.(4G).5p,5H*,6.0,13.0,24.650734,3d5.(4G).5d,5H,6.0,13.0,27.599215,2.948481,420.50194,57900000.0,0.15349,1.9953,0.0040736
3d5.(4G).5p,5H*,6.0,13.0,24.650734,3d5.(4G).5d,5G,6.0,13.0,27.613074,2.96234,418.53467,48500000.0,0.12737,1.6558,0.0033804
3d5.(4G).5p,5H*,6.0,13.0,24.650734,3d5.(4G).5d,5I,7.0,15.0,27.626744,2.97601,416.61217,288000000.0,0.8647,11.241,0.022949
3d5.(4G).5p,5H*,6.0,13.0,24.650734,3d5.(4G).5d,5I,6.0,13.0,27.628005,2.977271,416.43572,18000000.0,0.046798,0.60838,0.001242
3d5.(4G).5p,5H*,6.0,13.0,24.650734,3d5.(4G).6s,5G,5.0,11.0,27.686862,3.036128,408.36288,87000000.0,0.18404,2.3926,0.0048845
3d5.(4G).5p,5H*,7.0,15.0,24.654084,3d5.(4G).5d,5H,7.0,15.0,27.597772,2.943688,421.18661,133000000.0,0.35372,5.3058,0.0093877
3d5.(4G).5p,5H*,7.0,15.0,24.654084,3d5.(4G).5d,5G,6.0,13.0,27.613074,2.95899,419.00851,65000000.0,0.14828,2.2241,0.0039352
3d5.(4G).5p,5H*,7.0,15.0,24.654084,3d5.(4G).5d,5I,8.0,17.0,27.623456,2.969372,417.5435,327000000.0,0.96865,14.53,0.025708
3d5.(4G).5p,5H*,7.0,15.0,24.654084,3d5.(4G).5d,5I,7.0,15.0,27.626744,2.97266,417.08167,3400000.0,0.0088671,0.13301,0.00023533
3d5.(4G).5p,5H*,7.0,15.0,24.654084,3d5.(4G).6s,5G,6.0,13.0,27.682237,3.028153,409.43836,76900000.0,0.1675,2.5125,0.0044455
3d5.(4G).5p,5F*,5.0,11.0,24.690205,3d5.(4G).5d,5F,5.0,11.0,27.611186,2.920981,424.46082,116000000.0,0.31332,3.4466,0.0083156
3d5.(4G).5p,5F*,5.0,11.0,24.690205,3d5.(4G).5d,5G,6.0,13.0,27.613074,2.922869,424.18664,131000000.0,0.41763,4.594,0.011084
3d5.(4G).5p,5F*,5.0,11.0,24.690205,3d5.(4G).5d,5F,4.0,9.0,27.615562,2.925357,423.82587,14000000.0,0.030847,0.33932,0.00081868
3d5.(4G).5p,5F*,5.0,11.0,24.690205,3d5.(4G).6s,5G,6.0,13.0,27.682237,2.992032,414.38126,28000000.0,0.085186,0.93705,0.0022608
3d5.(4G).5p,5F*,4.0,9.0,24.699247,3d5.(4G).5d,5F,4.0,9.0,27.615562,2.916315,425.13994,144000000.0,0.3902,3.5118,0.010356
3d5.(4G).5p,5F*,4.0,9.0,24.699247,3d5.(4G).5d,5G,5.0,11.0,27.61684,2.917593,424.95371,53200000.0,0.17604,1.5843,0.004672
3d5.(4G).5p,5F*,4.0,9.0,24.699247,3d5.(4G).5d,5G,4.0,9.0,27.619471,2.920224,424.57085,3700000.0,0.0099991,0.089992,0.00026538
3d5.(4G).5p,5F*,4.0,9.0,24.699247,3d5.(4G).6s,5G,5.0,11.0,27.686862,2.987615,414.99389,24000000.0,0.075736,0.68163,0.00201
3d5.(4G).5p,5F*,3.0,7.0,24.705408,3d5.(4G).5d,5F,4.0,9.0,27.615562,2.910154,426.03999,21000000.0,0.073472,0.51431,0.00195
3d5.(4G).5p,5F*,3.0,7.0,24.705408,3d5.(4G).5d,5F,3.0,7.0,27.61752,2.912112,425.75354,115000000.0,0.31252,2.1876,0.0082942
3d5.(4G).5p,5F*,3.0,7.0,24.705408,3d5.(4G).5d,5G,4.0,9.0,27.619471,2.914063,425.46849,114000000.0,0.39778,2.7845,0.010557
3d5.(4G).5p,5F*,3.0,7.0,24.705408,3d5.(4G).5d,5G,3.0,7.0,27.61948,2.914072,425.46718,7000000.0,0.018997,0.13298,0.00050419
3d5.(4G).5p,5F*,3.0,7.0,24.705408,3d5.(4G).5d,5F,2.0,5.0,27.620495,2.915087,425.31903,43000000.0,0.083297,0.58308,0.0022107
3d5.(4G).5p,5F*,2.0,5.0,24.710085,3d5.(4G).5d,5F,3.0,7.0,27.61752,2.907435,426.43842,19000000.0,0.072519,0.3626,0.0019247
3d5.(4G).5p,5F*,2.0,5.0,24.710085,3d5.(4G).5d,5G,2.0,5.0,27.618525,2.90844,426.29106,6000000.0,0.016346,0.081732,0.00043383
3d5.(4G).5p,5F*,2.0,5.0,24.710085,3d5.(4G).5d,5F,2.0,5.0,27.620495,2.91041,426.00252,108000000.0,0.29384,1.4692,0.0077985
3d5.(4G).5p,5F*,2.0,5.0,24.710085,3d5.(4G).5d,5F,1.0,3.0,27.620833,2.910748,425.95305,50000000.0,0.081603,0.40801,0.0021657
3d5.(4G).5p,5F*,1.0,3.0,24.713533,3d5.(4G).5d,5G,2.0,5.0,27.618525,2.904992,426.79704,111000000.0,0.50521,1.5156,0.013408
3d5.(4G).5p,5F*,1.0,3.0,24.713533,3d5.(4G).5d,5F,1.0,3.0,27.620833,2.9073,426.45822,126000000.0,0.34354,1.0306,0.0091177
3d5.(4G).5p,3H*,6.0,13.0,24.751594,3d5.(4G).6s,3G,5.0,11.0,27.777287,3.025693,409.77124,90300000.0,0.19234,2.5005,0.0051048
3d5.(4G).5p,3H*,5.0,11.0,24.754808,3d5.(4G).6s,3G,4.0,9.0,27.779759,3.024951,409.87176,89900000.0,0.18525,2.0378,0.0049166
3d5.(4G).5p,3H*,4.0,9.0,24.75976,3d5.(4G).6s,3G,3.0,7.0,27.778875,3.019115,410.66405,93800000.0,0.18446,1.6601,0.0048954
3d5.(4F).4d,5H,3.0,7.0,24.759918,3d5.(4F).5p,5G*,2.0,5.0,27.135276,2.375358,521.96005,9000000.0,0.026257,0.1838,0.00069687
3d5.(4F).4d,5H,4.0,9.0,24.772668,3d5.(4F).5p,5G*,3.0,7.0,27.143031,2.370363,523.05996,39100000.0,0.12474,1.1226,0.0033105
3d5.(4F).4d,5H,5.0,11.0,24.782493,3d5.(4F).5p,5G*,4.0,9.0,27.153118,2.370625,523.00216,37400000.0,0.12548,1.3803,0.0033303
3d5.(4F).4d,5H,6.0,13.0,24.785205,3d5.(4F).5p,5G*,5.0,11.0,27.164071,2.378866,521.19034,35500000.0,0.12233,1.5903,0.0032466
3d5.(4F).4d,5H,7.0,15.0,24.797322,3d5.(4F).5p,5G*,6.0,13.0,27.172694,2.375372,521.95698,56400000.0,0.19965,2.9947,0.0052986
3d5.(4F).4d,5G,4.0,9.0,24.837225,3d5.(4F).5p,5G*,4.0,9.0,27.153118,2.315893,535.36238,8400000.0,0.036094,0.32485,0.00095793
3d5.(4F).4d,5G,3.0,7.0,24.844508,3d5.(4F).5p,5G*,3.0,7.0,27.143031,2.298523,539.40813,6700000.0,0.029226,0.20458,0.00077566
3d5.(4F).4d,5G,3.0,7.0,24.844508,3d5.(4F).5p,5F*,2.0,5.0,27.23384,2.389332,518.90737,8000000.0,0.023068,0.16147,0.00061221
3d5.(4F).4d,5G,5.0,11.0,24.845873,3d5.(4F).5p,5G*,5.0,11.0,27.164071,2.318198,534.83006,4800000.0,0.020584,0.22643,0.0005463
3d5.(4F).4d,5G,5.0,11.0,24.845873,3d5.(4F).5p,5F*,4.0,9.0,27.211075,2.365202,524.20131,15500000.0,0.052244,0.57469,0.0013866
3d5.(4F).4d,5G,2.0,5.0,24.851182,3d5.(4F).5p,5G*,2.0,5.0,27.135276,2.284094,542.81566,10000000.0,0.044174,0.22087,0.0011724
3d5.(4G).5p,3G*,3.0,7.0,24.859463,3d5.(4G).6s,3G,3.0,7.0,27.778875,2.919412,424.68894,152000000.0,0.411,2.877,0.010908
3d5.(4G).5p,3G*,4.0,9.0,24.860643,3d5.(4G).6s,3G,5.0,11.0,27.777287,2.916644,425.09198,10000000.0,0.033111,0.298,0.00087877
3d5.(4G).5p,3G*,4.0,9.0,24.860643,3d5.(4G).6s,3G,4.0,9.0,27.779759,2.919116,424.732,145000000.0,0.39215,3.5294,0.010408
3d5.(4G).5p,3G*,5.0,11.0,24.861843,3d5.(4G).6s,3G,5.0,11.0,27.777287,2.915444,425.26695,154000000.0,0.41755,4.593,0.011082
3d5.(4G).5p,3G*,5.0,11.0,24.861843,3d5.(4G).6s,3G,4.0,9.0,27.779759,2.917916,424.90667,6100000.0,0.013509,0.1486,0.00035853
3d5.(4F).4d,5G,6.0,13.0,24.878197,3d5.(4F).5p,5G*,6.0,13.0,27.172694,2.294497,540.35459,17600000.0,0.077042,1.0016,0.0020447
3d5.(4P).5p,5D*,3.0,7.0,24.941475,3d5.(4P).6s,5P,2.0,5.0,28.075971,3.134496,395.54748,59000000.0,0.098851,0.69196,0.0026235
3d5.(4P).5p,5D*,4.0,9.0,24.946541,3d5.(4P).6s,5P,3.0,7.0,28.067797,3.121256,397.22534,137000000.0,0.25206,2.2686,0.0066898
3d5.(4P).5p,5S*,2.0,5.0,24.957264,3d5.(4P).6s,5P,3.0,7.0,28.067797,3.110533,398.59471,18000000.0,0.060024,0.30012,0.001593
3d5.(4P).5p,5S*,2.0,5.0,24.957264,3d5.(4P).6s,5P,2.0,5.0,28.075971,3.118707,397.55001,63000000.0,0.14927,0.74637,0.0039617
3d5.(4F).5s,5F,5.0,11.0,25.031492,3d5.(4F).5p,5G*,5.0,11.0,27.164071,2.132579,581.3815,3700000.0,0.018749,0.20624,0.0004976
3d5.(4F).5s,5F,5.0,11.0,25.031492,3d5.(4F).5p,5G*,6.0,13.0,27.172694,2.141202,579.04018,23300000.0,0.13842,1.5226,0.0036735
3d5.(4F).5s,5F,5.0,11.0,25.031492,3d5.(4F).5p,5F*,4.0,9.0,27.211075,2.179583,568.84367,5800000.0,0.023021,0.25323,0.00061098
3d5.(4F).5s,5F,4.0,9.0,25.034852,3d5.(4F).5p,5G*,4.0,9.0,27.153118,2.118266,585.30986,8900000.0,0.045711,0.4114,0.0012132
3d5.(4F).5s,5F,4.0,9.0,25.034852,3d5.(4F).5p,5G*,5.0,11.0,27.164071,2.129219,582.29895,65200000.0,0.40509,3.6458,0.010751
3d5.(4F).5s,5F,4.0,9.0,25.034852,3d5.(4F).5p,5F*,5.0,11.0,27.204088,2.169236,571.55698,900000.0,0.0053873,0.048486,0.00014298
3d5.(4F).5s,5F,4.0,9.0,25.034852,3d5.(4F).5p,5F*,4.0,9.0,27.211075,2.176223,569.72194,38900000.0,0.18929,1.7036,0.0050238
3d5.(4F).5s,5F,4.0,9.0,25.034852,3d5.(4F).5p,5F*,3.0,7.0,27.222746,2.187894,566.68284,17000000.0,0.063657,0.57291,0.0016894
3d5.(4F).5s,5F,3.0,7.0,25.048596,3d5.(4F).5p,5G*,3.0,7.0,27.143031,2.094435,591.96966,9900000.0,0.052011,0.36408,0.0013804
3d5.(4F).5s,5F,3.0,7.0,25.048596,3d5.(4F).5p,5G*,4.0,9.0,27.153118,2.104522,589.13235,27200000.0,0.18197,1.2738,0.0048295
3d5.(4F).5s,5F,3.0,7.0,25.048596,3d5.(4F).5p,5F*,4.0,9.0,27.211075,2.162479,573.3429,13700000.0,0.086807,0.60765,0.0023039
3d5.(4F).5s,5F,3.0,7.0,25.048596,3d5.(4F).5p,5F*,3.0,7.0,27.222746,2.17415,570.26515,44100000.0,0.21501,1.505,0.0057063
3d5.(4F).5s,5F,3.0,7.0,25.048596,3d5.(4F).5p,5F*,2.0,5.0,27.23384,2.185244,567.37004,15000000.0,0.051708,0.36195,0.0013723
3d5.(4F).5s,5F,2.0,5.0,25.064195,3d5.(4F).5p,5G*,2.0,5.0,27.135276,2.071081,598.64485,22000000.0,0.1182,0.591,0.0031371
3d5.(4F).5s,5F,2.0,5.0,25.064195,3d5.(4F).5p,5G*,3.0,7.0,27.143031,2.078836,596.41164,29900000.0,0.22323,1.1161,0.0059245
3d5.(4F).5s,5F,2.0,5.0,25.064195,3d5.(4F).5p,5F*,3.0,7.0,27.222746,2.158551,574.38624,8400000.0,0.058167,0.29083,0.0015437
3d5.(4F).5s,5F,2.0,5.0,25.064195,3d5.(4F).5p,5F*,2.0,5.0,27.23384,2.169645,571.44924,27000000.0,0.13218,0.66092,0.0035082
3d5.(4F).5s,5F,2.0,5.0,25.064195,3d5.(4F).5p,5F*,1.0,3.0,27.244689,2.180494,568.60601,11000000.0,0.031991,0.15995,0.00084904
3d5.(4P).5p,5P*,3.0,7.0,25.069688,3d5.(4P).6s,5P,3.0,7.0,28.067797,2.998109,413.54133,13000000.0,0.03333,0.23331,0.00088459
3d5.(4P).5p,5P*,3.0,7.0,25.069688,3d5.(4P).6s,5P,2.0,5.0,28.075971,3.006283,412.41692,76000000.0,0.13843,0.96898,0.0036738
3d5.(4P).5p,5P*,2.0,5.0,25.079872,3d5.(4P).6s,5P,3.0,7.0,28.067797,2.987925,414.95084,40000000.0,0.14456,0.72279,0.0038366
3d5.(4P).5p,5P*,2.0,5.0,25.079872,3d5.(4P).6s,5P,1.0,3.0,28.083252,3.00338,412.81556,13000000.0,0.019928,0.099641,0.00052889
3d5.(4F).5s,5F,1.0,3.0,25.098026,3d5.(4F).5p,5F*,2.0,5.0,27.23384,2.135814,580.50092,7100000.0,0.059782,0.17935,0.0015866
3d5.(4F).5s,5F,1.0,3.0,25.098026,3d5.(4F).5p,5F*,1.0,3.0,27.244689,2.146663,577.56713,34000000.0,0.17004,0.51011,0.0045128
3d5.(4D).5p,5F*,1.0,3.0,25.405265,3d5.(4D).6s,5D,1.0,3.0,28.458193,3.052928,406.1157,52000000.0,0.12858,0.38573,0.0034124
3d5.(4D).5p,5F*,2.0,5.0,25.409739,3d5.(4D).6s,5D,1.0,3.0,28.458193,3.048454,406.71172,86000000.0,0.12796,0.63981,0.0033961
3d5.(4D).5p,5F*,3.0,7.0,25.417083,3d5.(4D).6s,5D,3.0,7.0,28.455576,3.038493,408.04504,15000000.0,0.037443,0.2621,0.00099373
3d5.(4D).5p,5F*,3.0,7.0,25.417083,3d5.(4D).6s,5D,2.0,5.0,28.463112,3.046029,407.03552,81000000.0,0.14371,1.006,0.003814
3d5.(4D).5p,5F*,4.0,9.0,25.428243,3d5.(4D).6s,5D,4.0,9.0,28.444679,3.016436,411.02877,52700000.0,0.13348,1.2013,0.0035425
3d5.(4D).5p,5F*,4.0,9.0,25.428243,3d5.(4D).6s,5D,3.0,7.0,28.455576,3.027333,409.54926,70100000.0,0.1371,1.2339,0.0036387
3d5.(4D).5p,5F*,5.0,11.0,25.44098,3d5.(4D).6s,5D,4.0,9.0,28.444679,3.003699,412.77171,115000000.0,0.24034,2.6437,0.0063786
3d5.(4D).5p,5D*,4.0,9.0,25.500088,3d5.(4D).6s,5D,4.0,9.0,28.444679,2.944591,421.05745,43000000.0,0.11429,1.0286,0.0030333
3d5.(4D).5p,5D*,1.0,3.0,25.502828,3d5.(4D).6s,5D,1.0,3.0,28.458193,2.955365,419.52246,32000000.0,0.084435,0.2533,0.0022409
3d5.(4D).5p,5D*,3.0,7.0,25.507583,3d5.(4D).6s,5D,3.0,7.0,28.455576,2.947993,420.57155,15000000.0,0.039777,0.27844,0.0010557
3d5.(4D).5p,5D*,2.0,5.0,25.508216,3d5.(4D).6s,5D,2.0,5.0,28.463112,2.954896,419.58904,41000000.0,0.10822,0.54108,0.0028721
3d5.(4D).5p,3D*,3.0,7.0,25.563127,3d5.(4D).6s,3D,3.0,7.0,28.540302,2.977175,416.44915,45000000.0,0.117,0.81902,0.0031053
3d5.(4D).5p,3D*,3.0,7.0,25.563127,3d5.(4D).6s,3D,2.0,5.0,28.548272,2.985145,415.33727,8000000.0,0.014778,0.10345,0.00039222
3d5.(4D).5p,3D*,2.0,5.0,25.569689,3d5.(4D).6s,3D,1.0,3.0,28.547162,2.977473,416.40746,30000000.0,0.046792,0.23396,0.0012419
3d5.(4D).5p,3D*,2.0,5.0,25.569689,3d5.(4D).6s,3D,2.0,5.0,28.548272,2.978583,416.25229,20000000.0,0.051952,0.25976,0.0013788
3d5.(4D).5p,3F*,4.0,9.0,25.57317,3d5.(4D).6s,3D,3.0,7.0,28.540302,2.967132,417.85872,135000000.0,0.27486,2.4737,0.0072947
3d5.(4D).5p,3D*,1.0,3.0,25.577434,3d5.(4D).6s,3D,1.0,3.0,28.547162,2.969728,417.49345,23000000.0,0.060102,0.18031,0.0015951
3d5.(4D).5p,3F*,3.0,7.0,25.581456,3d5.(4D).6s,3D,3.0,7.0,28.540302,2.958846,419.0289,11000000.0,0.028956,0.20269,0.0007685
3d5.(4D).5p,3F*,3.0,7.0,25.581456,3d5.(4D).6s,3D,2.0,5.0,28.548272,2.966816,417.90323,128000000.0,0.23938,1.6757,0.0063532
3d5.(6S).5f,7F*,6.0,13.0,25.67941,3d5.(6S).6g,7G,7.0,15.0,27.24428,1.56487,792.29711,89000000.0,0.96644,12.564,0.025649
3d5.(6S).5f,7F*,5.0,11.0,25.67946,3d5.(6S).6g,7G,6.0,13.0,27.24428,1.56482,792.32243,77500000.0,0.86202,9.4822,0.022878
3d5.(6S).5f,7F*,4.0,9.0,25.67952,3d5.(6S).6g,7G,5.0,11.0,27.24428,1.56476,792.35281,67300000.0,0.77422,6.9679,0.020548
3d5.(6S).5f,7F*,3.0,7.0,25.67958,3d5.(6S).6g,7G,4.0,9.0,27.24428,1.5647,792.38319,58100000.0,0.70315,4.9221,0.018662
3d5.(6S).5f,7F*,2.0,5.0,25.67962,3d5.(6S).6g,7G,3.0,7.0,27.24428,1.56466,792.40345,49800000.0,0.65631,3.2816,0.017418
3d5.(6S).5f,5F*,1.0,3.0,25.69605,3d5.(6S).6g,5G,2.0,5.0,27.24456,1.54851,800.66773,69400000.0,1.1117,3.335,0.029503
3d5.(6S).5f,5F*,2.0,5.0,25.696717,3d5.(6S).6g,5G,3.0,7.0,27.244569,1.547852,801.0081,68500000.0,0.92247,4.6123,0.024482
3d5.(6S).5f,5F*,3.0,7.0,25.697365,3d5.(6S).6g,5G,4.0,9.0,27.24457,1.547205,801.34306,65400000.0,0.8095,5.6665,0.021484
3d5.(6S).5f,5F*,4.0,9.0,25.698003,3d5.(6S).6g,5G,5.0,11.0,27.244539,1.546536,801.6897,80900000.0,0.95273,8.5746,0.025286
3d5.(6S).5f,5F*,5.0,11.0,25.698618,3d5.(6S).6g,5G,6.0,13.0,27.244532,1.545914,802.01226,89900000.0,1.0245,11.27,0.027191
3d5.(6S).5g,7G,5.0,11.0,25.74422,3d5.(6S).6h,7H*,6.0,13.0,27.2493,1.50508,823.77148,47300000.0,0.5687,6.2557,0.015093
3d5.(6S).5g,7G,6.0,13.0,25.74422,3d5.(6S).6h,7H*,7.0,15.0,27.2493,1.50508,823.77148,80400000.0,0.94379,12.269,0.025048
3d5.(6S).5g,7G,4.0,9.0,25.74422,3d5.(6S).6h,7H*,5.0,11.0,27.2493,1.50508,823.77148,78000000.0,0.96988,8.7289,0.025741
3d5.(6S).5g,7G,7.0,15.0,25.74422,3d5.(6S).6h,7H*,8.0,17.0,27.2493,1.50508,823.77148,135000000.0,1.5566,23.348,0.041311
3d5.(6S).5g,7G,3.0,7.0,25.74423,3d5.(6S).6h,7H*,4.0,9.0,27.2493,1.50507,823.77696,84200000.0,1.1014,7.7096,0.029231
3d5.(6S).5g,7G,2.0,5.0,25.74424,3d5.(6S).6h,7H*,3.0,7.0,27.2493,1.50506,823.78243,89200000.0,1.2705,6.3525,0.033719
3d5.(6S).5g,7G,2.0,5.0,25.74424,3d5.(6S).6h,7H*,2.0,5.0,27.2493,1.50506,823.78243,33000000.0,0.33574,1.6787,0.0089104
3d5.(6S).5g,5G,5.0,11.0,25.7445,3d5.(6S).6h,5H*,6.0,13.0,27.24935,1.50485,823.89739,53800000.0,0.64705,7.1176,0.017173
3d5.(6S).5g,5G,6.0,13.0,25.7445,3d5.(6S).6h,5H*,7.0,15.0,27.24935,1.50485,823.89739,88800000.0,1.0427,13.555,0.027674
3d5.(6S).5g,5G,4.0,9.0,25.7445,3d5.(6S).6h,5H*,5.0,11.0,27.24935,1.50485,823.89739,87900000.0,1.0933,9.8398,0.029017
3d5.(6S).5g,5G,3.0,7.0,25.74451,3d5.(6S).6h,5H*,4.0,9.0,27.24935,1.50484,823.90286,98900000.0,1.2941,9.0584,0.034344
3d5.(6S).5g,5G,2.0,5.0,25.74451,3d5.(6S).6h,5H*,3.0,7.0,27.24935,1.50484,823.90286,111000000.0,1.5815,7.9074,0.041972
