conf_i,term_i,J_i,g_i,E_i_eV,conf_k,term_k,J_k,g_k,E_k_eV,dE_eV,lambda_vac_nm,Aki_s-1,f_ik,gf,sigma_int_cm2Hz
2s2.2p,2P*,0.5,2.0,0.0,2s2.2p,2P*,1.5,4.0,0.00786,0.00786,157740.93119,2.29e-06,1.7085e-09,3.417e-09,4.5343e-11
2s2.2p,2P*,0.5,2.0,0.0,2s.2p2,4P,0.5,2.0,5.33167,5.33167,232.5429,59.9,4.8562e-08,9.7123e-08,1.2888e-09
2s2.2p,2P*,0.5,2.0,0.0,2s.2p2,4P,1.5,4.0,5.33441,5.33441,232.42345,1.4,2.2677e-09,4.5353e-09,6.0184e-11
2s2.2p,2P*,0.5,2.0,0.0,2s.2p2,2D,1.5,4.0,9.290459,9.290459,133.45325,241000000.0,0.1287,0.25739,0.0034156
2s2.2p,2P*,0.5,2.0,0.0,2s.2p2,2S,0.5,2.0,11.963687,11.963687,103.63377,738000000.0,0.11883,0.23766,0.0031537
2s2.2p,2P*,0.5,2.0,0.0,2s.2p2,2P,0.5,2.0,13.71565,13.71565,90.39615,2700000000.0,0.33077,0.66154,0.0087786
2s2.2p,2P*,0.5,2.0,0.0,2s.2p2,2P,1.5,4.0,13.720784,13.720784,90.36233,678000000.0,0.16599,0.33199,0.0044055
2s2.2p,2P*,0.5,2.0,0.0,2s2.3s,2S,0.5,2.0,14.448827,14.448827,85.80918,149000000.0,0.016448,0.032896,0.00043653
2s2.2p,2P*,0.5,2.0,0.0,2s2.3d,2D,1.5,4.0,18.045807,18.045807,68.70527,2360000000.0,0.33403,0.66805,0.0088651
2s2.2p,2P*,0.5,2.0,0.0,2s2.4s,2S,0.5,2.0,19.494538,19.494538,63.59945,101000000.0,0.0061247,0.012249,0.00016255
2s2.2p,2P*,0.5,2.0,0.0,2s2.4d,2D,1.5,4.0,20.84474,20.84474,59.47985,1110000000.0,0.11775,0.2355,0.003125
2s2.2p,2P*,0.5,2.0,0.0,2s2.5s,2S,0.5,2.0,21.492405,21.492405,57.68745,47000000.0,0.0023449,0.0046898,6.2233e-05
2s2.2p,2P*,0.5,2.0,0.0,2s2.5d,2D,1.5,4.0,22.130595,22.130595,56.02389,605000000.0,0.056937,0.11387,0.0015111
2s2.2p,2P*,0.5,2.0,0.0,2s2.6s,2S,0.5,2.0,22.4739,22.4739,55.16808,24000000.0,0.0010951,0.0021902,2.9063e-05
2s2.2p,2P*,0.5,2.0,0.0,2s.2p.(3P*).3p,2P,0.5,2.0,22.568086,22.568086,54.93784,268000000.0,0.012127,0.024253,0.00032184
2s2.2p,2P*,0.5,2.0,0.0,2s.2p.(3P*).3p,2P,1.5,4.0,22.570504,22.570504,54.93196,67200000.0,0.0060801,0.01216,0.00016137
2s2.2p,2P*,0.5,2.0,0.0,2s2.6d,2D,1.5,4.0,22.82235,22.82235,54.32578,395000000.0,0.034954,0.069908,0.00092768
2s2.2p,2P*,0.5,2.0,0.0,2s.2p.(3P*).3p,4S,1.5,4.0,22.898766,22.898766,54.14449,3100.0,2.725e-07,5.4499e-07,7.232e-09
2s2.2p,2P*,0.5,2.0,0.0,2s2.7s,2S,0.5,2.0,23.027948,23.027948,53.84075,14000000.0,0.00060843,0.0012169,1.6148e-05
2s2.2p,2P*,0.5,2.0,0.0,2s2.7d,2D,1.5,4.0,23.22886,23.22886,53.37507,360000000.0,0.030752,0.061503,0.00081615
2s2.2p,2P*,0.5,2.0,0.0,2s.2p.(3P*).3p,2D,1.5,4.0,23.381096,23.381096,53.02754,428000000.0,0.036086,0.072172,0.00095772
2s2.2p,2P*,0.5,2.0,0.0,2s2.8d,2D,1.5,4.0,23.5332,23.5332,52.6848,37300000.0,0.0031043,0.0062087,8.2389e-05
2s2.2p,2P*,0.5,2.0,0.0,2s2.9d,2D,1.5,4.0,23.707,23.707,52.29856,65900000.0,0.0054045,0.010809,0.00014344
2s2.2p,2P*,0.5,2.0,0.0,2s2.10d,2D,1.5,4.0,23.8341,23.8341,52.01967,50500000.0,0.0040975,0.0081949,0.00010875
2s2.2p,2P*,0.5,2.0,0.0,2s2.11d,2D,1.5,4.0,23.9284,23.9284,51.81466,73300000.0,0.0059006,0.011801,0.0001566
2s2.2p,2P*,0.5,2.0,0.0,2s2.12d,2D,1.5,4.0,24.0029,24.0029,51.65384,42500000.0,0.0034,0.0068001,9.0237e-05
2s2.2p,2P*,0.5,2.0,0.0,2s.2p.(3P*).4p,2P,0.5,2.0,26.58275,26.58275,46.64085,182000000.0,0.0059356,0.011871,0.00015753
2s2.2p,2P*,0.5,2.0,0.0,2s.2p.(3P*).4p,2P,1.5,4.0,26.585924,26.585924,46.63528,45000000.0,0.0029345,0.005869,7.7881e-05
2s2.2p,2P*,0.5,2.0,0.0,2s.2p.(3P*).4p,2D,1.5,4.0,26.8893,26.8893,46.10912,196000000.0,0.012495,0.024989,0.0003316
2s2.2p,2P*,0.5,2.0,0.0,2s.2p.(3P*).4p,2S,0.5,2.0,27.078,27.078,45.7878,58300000.0,0.0018324,0.0036649,4.8633e-05
2s2.2p,2P*,0.5,2.0,0.0,2s.2p.(3P*).5p,2P,0.5,2.0,28.253674,28.253674,43.8825,89000000.0,0.0025694,0.0051388,6.8192e-05
2s2.2p,2P*,0.5,2.0,0.0,2s.2p.(3P*).5p,2P,1.5,4.0,28.25695,28.25695,43.87742,22000000.0,0.00127,0.0025399,3.3705e-05
2s2.2p,2P*,0.5,2.0,0.0,2s.2p.(3P*).5p,2D,1.5,4.0,28.3672,28.3672,43.70689,143000000.0,0.0081908,0.016382,0.00021738
2s2.2p,2P*,0.5,2.0,0.0,2s.2p.(3P*).5p,2S,0.5,2.0,28.457,28.457,43.56896,58600000.0,0.0016677,0.0033354,4.426e-05
2s2.2p,2P*,0.5,2.0,0.0,2s.2p.(1P*).3p,2P,0.5,2.0,28.831,28.831,43.00378,24000000.0,0.0006654,0.0013308,1.766e-05
2s2.2p,2P*,0.5,2.0,0.0,2s.2p.(1P*).3p,2P,1.5,4.0,28.833,28.833,43.0008,6010000.0,0.00033321,0.00066642,8.8434e-06
2s2.2p,2P*,0.5,2.0,0.0,2s.2p.(1P*).3p,2D,1.5,4.0,29.014,29.014,42.73254,18300000.0,0.001002,0.002004,2.6592e-05
2s2.2p,2P*,0.5,2.0,0.0,2s.2p.(3P*).6p,2P,0.5,2.0,29.09,29.09,42.6209,32600000.0,0.00088781,0.0017756,2.3563e-05
2s2.2p,2P*,0.5,2.0,0.0,2s.2p.(3P*).6p,2P,1.5,4.0,29.092,29.092,42.61797,8160000.0,0.00044439,0.00088878,1.1794e-05
2s2.2p,2P*,0.5,2.0,0.0,2s.2p.(3P*).6p,2S,0.5,2.0,29.156,29.156,42.52442,191000000.0,0.0051781,0.010356,0.00013743
2s2.2p,2P*,0.5,2.0,0.0,2s.2p.(3P*).6p,2D,1.5,4.0,29.228,29.228,42.41967,43300000.0,0.0023362,0.0046724,6.2003e-05
2s2.2p,2P*,0.5,2.0,0.0,2s.2p.(3P*).7p,2P,0.5,2.0,29.615,29.615,41.86534,63400000.0,0.0016659,0.0033319,4.4214e-05
2s2.2p,2P*,0.5,2.0,0.0,2s.2p.(3P*).7p,2P,1.5,4.0,29.618,29.618,41.8611,15900000.0,0.00083543,0.0016709,2.2172e-05
2s2.2p,2P*,0.5,2.0,0.0,2s.2p.(3P*).7p,2D,1.5,4.0,29.668,29.668,41.79055,28600000.0,0.0014977,0.0029953,3.9748e-05
2s2.2p,2P*,0.5,2.0,0.0,2s.2p.(3P*).8p,2P,0.5,2.0,29.927,29.927,41.42888,34500000.0,0.00088774,0.0017755,2.3561e-05
2s2.2p,2P*,0.5,2.0,0.0,2s.2p.(3P*).8p,2P,1.5,4.0,29.93,29.93,41.42472,8600000.0,0.00044249,0.00088499,1.1744e-05
2s2.2p,2P*,0.5,2.0,0.0,2s.2p.(3P*).8p,2D,1.5,4.0,29.958,29.958,41.38601,19500000.0,0.0010015,0.0020029,2.6579e-05
2s2.2p,2P*,0.5,2.0,0.0,2s.2p.(3P*).9p,2P,0.5,2.0,30.137,30.137,41.14019,48200000.0,0.001223,0.0024461,3.2459e-05
2s2.2p,2P*,0.5,2.0,0.0,2s.2p.(3P*).9p,2P,1.5,4.0,30.14,30.14,41.1361,12000000.0,0.00060886,0.0012177,1.6159e-05
2s2.2p,2P*,0.5,2.0,0.0,2p2.(1D).3s,2D,1.5,4.0,33.53,33.53,36.97709,2000000.0,8.1995e-05,0.00016399,2.1761e-06
2s2.2p,2P*,0.5,2.0,0.0,2s.2p.(1P*).5p,2D,1.5,4.0,34.485,34.485,35.95308,17000000.0,0.00065889,0.0013178,1.7487e-05
2s2.2p,2P*,0.5,2.0,0.0,2p2.(3P).3d,2P,1.5,4.0,34.934,34.934,35.49098,4400000.0,0.00016618,0.00033236,4.4104e-06
2s2.2p,2P*,0.5,2.0,0.0,2p2.(3P).3d,2P,0.5,2.0,34.939,34.939,35.4859,18000000.0,0.00033982,0.00067963,9.0187e-06
2s2.2p,2P*,0.5,2.0,0.0,2s.2p.(1P*).6p,2D,1.5,4.0,35.345,35.345,35.07829,23000000.0,0.00084858,0.0016972,2.2521e-05
2s2.2p,2P*,0.5,2.0,0.0,2p2.(3P).3d,2D,1.5,4.0,35.544,35.544,34.88189,14000000.0,0.00051076,0.0010215,1.3556e-05
2s2.2p,2P*,0.5,2.0,0.0,2s.2p.(1P*).7p,2D,1.5,4.0,35.805,35.805,34.62762,14000000.0,0.00050334,0.0010067,1.3359e-05
2s2.2p,2P*,0.5,2.0,0.0,1s.2s2.2p2,2D,1.5,4.0,287.94,287.94,4.3059,250000000000.0,0.13898,0.27796,0.0036886
2s2.2p,2P*,0.5,2.0,0.0,1s.2s2.2p2,2P,0.5,2.0,288.41,288.41,4.29889,550000000000.0,0.15238,0.30476,0.0040442
2s2.2p,2P*,0.5,2.0,0.0,1s.2s2.2p2,2P,1.5,4.0,288.42,288.42,4.29874,140000000000.0,0.077571,0.15514,0.0020587
2s2.2p,2P*,0.5,2.0,0.0,1s.2s2.2p2,2S,0.5,2.0,289.91,289.91,4.27664,90000000000.0,0.024678,0.049356,0.00065495
2s2.2p,2P*,1.5,4.0,0.00786,2s.2p2,4P,0.5,2.0,5.33167,5.32381,232.88622,67.8,2.7564e-08,1.1026e-07,7.3156e-10
2s2.2p,2P*,1.5,4.0,0.00786,2s.2p2,4P,1.5,4.0,5.33441,5.32655,232.76642,8.47,6.8799e-09,2.752e-08,1.8259e-10
2s2.2p,2P*,1.5,4.0,0.00786,2s.2p2,4P,2.5,6.0,5.33792,5.33006,232.61314,44.3,5.3904e-08,2.1562e-07,1.4306e-09
2s2.2p,2P*,1.5,4.0,0.00786,2s.2p2,2D,2.5,6.0,9.290145,9.282286,133.57077,288000000.0,0.11555,0.4622,0.0030667
2s2.2p,2P*,1.5,4.0,0.00786,2s.2p2,2D,1.5,4.0,9.290459,9.282599,133.56625,47600000.0,0.012731,0.050924,0.00033788
2s2.2p,2P*,1.5,4.0,0.00786,2s.2p2,2S,0.5,2.0,11.963687,11.955827,103.7019,1460000000.0,0.11769,0.47078,0.0031236
2s2.2p,2P*,1.5,4.0,0.00786,2s.2p2,2P,0.5,2.0,13.71565,13.70779,90.44798,1360000000.0,0.0834,0.3336,0.0022134
2s2.2p,2P*,1.5,4.0,0.00786,2s.2p2,2P,1.5,4.0,13.720784,13.712924,90.41412,3390000000.0,0.41546,1.6618,0.011026
2s2.2p,2P*,1.5,4.0,0.00786,2s2.3s,2S,0.5,2.0,14.448827,14.440967,85.85588,293000000.0,0.01619,0.064759,0.00042967
2s2.2p,2P*,1.5,4.0,0.00786,2s2.3d,2D,1.5,4.0,18.045807,18.037947,68.7352,471000000.0,0.033361,0.13344,0.0008854
2s2.2p,2P*,1.5,4.0,0.00786,2s2.3d,2D,2.5,6.0,18.045987,18.038127,68.73452,2820000000.0,0.29961,1.1984,0.0079515
2s2.2p,2P*,1.5,4.0,0.00786,2s2.4s,2S,0.5,2.0,19.494538,19.486678,63.62511,202000000.0,0.0061297,0.024519,0.00016268
2s2.2p,2P*,1.5,4.0,0.00786,2s2.4d,2D,1.5,4.0,20.84474,20.83688,59.50229,222000000.0,0.011784,0.047135,0.00031274
2s2.2p,2P*,1.5,4.0,0.00786,2s2.4d,2D,2.5,6.0,20.844765,20.836905,59.50221,1330000000.0,0.10589,0.42357,0.0028104
2s2.2p,2P*,1.5,4.0,0.00786,2s2.5s,2S,0.5,2.0,21.492405,21.484545,57.70855,93800000.0,0.0023416,0.0093664,6.2146e-05
2s2.2p,2P*,1.5,4.0,0.00786,2s2.5d,2D,1.5,4.0,22.130595,22.122735,56.04379,121000000.0,0.0056977,0.022791,0.00015122
2s2.2p,2P*,1.5,4.0,0.00786,2s2.5d,2D,2.5,6.0,22.130626,22.122766,56.04371,727000000.0,0.05135,0.2054,0.0013628
2s2.2p,2P*,1.5,4.0,0.00786,2s2.6s,2S,0.5,2.0,22.4739,22.46604,55.18738,49000000.0,0.0011187,0.0044747,2.969e-05
2s2.2p,2P*,1.5,4.0,0.00786,2s.2p.(3P*).3p,2P,0.5,2.0,22.568086,22.560226,54.95698,134000000.0,0.0030338,0.012135,8.0516e-05
2s2.2p,2P*,1.5,4.0,0.00786,2s.2p.(3P*).3p,2P,1.5,4.0,22.570504,22.562644,54.95109,336000000.0,0.015211,0.060843,0.00040369
2s2.2p,2P*,1.5,4.0,0.00786,2s2.6d,2D,1.5,4.0,22.82235,22.81449,54.3445,78900000.0,0.0034934,0.013974,9.2715e-05
2s2.2p,2P*,1.5,4.0,0.00786,2s2.6d,2D,2.5,6.0,22.822436,22.814576,54.34429,473000000.0,0.031414,0.12566,0.00083372
2s2.2p,2P*,1.5,4.0,0.00786,2s.2p.(3P*).3p,4S,1.5,4.0,22.898766,22.890906,54.16308,15000.0,6.5972e-07,2.6389e-06,1.7509e-08
2s2.2p,2P*,1.5,4.0,0.00786,2s2.7s,2S,0.5,2.0,23.027948,23.020088,53.85913,27000000.0,0.0005871,0.0023484,1.5582e-05
2s2.2p,2P*,1.5,4.0,0.00786,2s2.7d,2D,1.5,4.0,23.22886,23.221,53.39313,73000000.0,0.00312,0.01248,8.2805e-05
2s2.2p,2P*,1.5,4.0,0.00786,2s2.7d,2D,2.5,6.0,23.22886,23.221,53.39313,430000000.0,0.027567,0.11027,0.00073163
2s2.2p,2P*,1.5,4.0,0.00786,2s.2p.(3P*).3p,2D,1.5,4.0,23.381096,23.373236,53.04537,85500000.0,0.0036068,0.014427,9.5724e-05
2s2.2p,2P*,1.5,4.0,0.00786,2s.2p.(3P*).3p,2D,2.5,6.0,23.385281,23.377421,53.03588,514000000.0,0.032513,0.13005,0.00086289
2s2.2p,2P*,1.5,4.0,0.00786,2s2.8d,2D,1.5,4.0,23.5332,23.52534,52.7024,7440000.0,0.00030981,0.0012392,8.2223e-06
2s2.2p,2P*,1.5,4.0,0.00786,2s2.8d,2D,2.5,6.0,23.5337,23.52584,52.70128,44700000.0,0.0027919,0.011168,7.4097e-05
2s2.2p,2P*,1.5,4.0,0.00786,2s2.9d,2D,1.5,4.0,23.707,23.69914,52.31591,13200000.0,0.00054163,0.0021665,1.4375e-05
2s2.2p,2P*,1.5,4.0,0.00786,2s2.9d,2D,2.5,6.0,23.7071,23.69924,52.31569,79000000.0,0.0048623,0.019449,0.00012905
2s2.2p,2P*,1.5,4.0,0.00786,2s2.10d,2D,1.5,4.0,23.8341,23.82624,52.03683,10100000.0,0.00041002,0.0016401,1.0882e-05
2s2.2p,2P*,1.5,4.0,0.00786,2s2.10d,2D,2.5,6.0,23.8342,23.82634,52.03661,60600000.0,0.0036901,0.014761,9.7936e-05
2s2.2p,2P*,1.5,4.0,0.00786,2s2.11d,2D,2.5,6.0,23.9284,23.92054,51.83169,87900000.0,0.0053104,0.021242,0.00014094
2s2.2p,2P*,1.5,4.0,0.00786,2s2.11d,2D,1.5,4.0,23.9284,23.92054,51.83169,14600000.0,0.00058803,0.0023521,1.5606e-05
2s2.2p,2P*,1.5,4.0,0.00786,2s2.12d,2D,2.5,6.0,24.0029,23.99504,51.67076,51000000.0,0.003062,0.012248,8.1267e-05
2s2.2p,2P*,1.5,4.0,0.00786,2s2.12d,2D,1.5,4.0,24.0029,23.99504,51.67076,8490000.0,0.00033983,0.0013593,9.019e-06
2s2.2p,2P*,1.5,4.0,0.00786,2s.2p.(3P*).4p,2P,0.5,2.0,26.58275,26.57489,46.65464,91000000.0,0.0014848,0.0059391,3.9406e-05
2s2.2p,2P*,1.5,4.0,0.00786,2s.2p.(3P*).4p,2P,1.5,4.0,26.585924,26.578064,46.64907,227000000.0,0.0074058,0.029623,0.00019655
2s2.2p,2P*,1.5,4.0,0.00786,2s.2p.(3P*).4p,2D,1.5,4.0,26.8893,26.88144,46.1226,39200000.0,0.0012502,0.0050007,3.318e-05
2s2.2p,2P*,1.5,4.0,0.00786,2s.2p.(3P*).4p,2D,2.5,6.0,26.895,26.88714,46.11283,235000000.0,0.011237,0.044949,0.00029824
2s2.2p,2P*,1.5,4.0,0.00786,2s.2p.(3P*).4p,2S,0.5,2.0,27.078,27.07014,45.80109,117000000.0,0.0018398,0.0073591,4.8828e-05
2s2.2p,2P*,1.5,4.0,0.00786,2s.2p.(3P*).5p,2P,0.5,2.0,28.253674,28.245814,43.89472,45000000.0,0.00064993,0.0025997,1.7249e-05
2s2.2p,2P*,1.5,4.0,0.00786,2s.2p.(3P*).5p,2P,1.5,4.0,28.25695,28.24909,43.88963,111000000.0,0.0032056,0.012822,8.5076e-05
2s2.2p,2P*,1.5,4.0,0.00786,2s.2p.(3P*).5p,2D,1.5,4.0,28.3672,28.35934,43.719,28500000.0,0.00081667,0.0032667,2.1674e-05
2s2.2p,2P*,1.5,4.0,0.00786,2s.2p.(3P*).5p,2D,2.5,6.0,28.3724,28.36454,43.71099,171000000.0,0.0073473,0.029389,0.000195
2s2.2p,2P*,1.5,4.0,0.00786,2s.2p.(3P*).5p,2S,0.5,2.0,28.457,28.44914,43.581,117000000.0,0.0016658,0.006663,4.4209e-05
2s2.2p,2P*,1.5,4.0,0.00786,2s.2p.(1P*).3p,2P,0.5,2.0,28.831,28.82314,43.01551,12000000.0,0.00016644,0.00066576,4.4174e-06
2s2.2p,2P*,1.5,4.0,0.00786,2s.2p.(1P*).3p,2P,1.5,4.0,28.833,28.82514,43.01252,30000000.0,0.00083209,0.0033284,2.2084e-05
2s2.2p,2P*,1.5,4.0,0.00786,2s.2p.(1P*).3p,2D,1.5,4.0,29.014,29.00614,42.74412,3650000.0,9.9978e-05,0.00039991,2.6534e-06
2s2.2p,2P*,1.5,4.0,0.00786,2s.2p.(1P*).3p,2D,2.5,6.0,29.016,29.00814,42.74117,21900000.0,0.00089968,0.0035987,2.3877e-05
2s2.2p,2P*,1.5,4.0,0.00786,2s.2p.(3P*).6p,2P,0.5,2.0,29.09,29.08214,42.63242,16300000.0,0.00022207,0.00088829,5.8938e-06
2s2.2p,2P*,1.5,4.0,0.00786,2s.2p.(3P*).6p,2P,1.5,4.0,29.092,29.08414,42.62949,40800000.0,0.0011116,0.0044463,2.9501e-05
2s2.2p,2P*,1.5,4.0,0.00786,2s.2p.(3P*).6p,2S,0.5,2.0,29.156,29.14814,42.53589,381000000.0,0.0051673,0.020669,0.00013714
2s2.2p,2P*,1.5,4.0,0.00786,2s.2p.(3P*).6p,2D,1.5,4.0,29.228,29.22014,42.43108,8600000.0,0.00023213,0.00092851,6.1607e-06
2s2.2p,2P*,1.5,4.0,0.00786,2s.2p.(3P*).6p,2D,2.5,6.0,29.233,29.22514,42.42382,51900000.0,0.0021006,0.0084023,5.5749e-05
2s2.2p,2P*,1.5,4.0,0.00786,2s.2p.(3P*).7p,2P,0.5,2.0,29.615,29.60714,41.87645,31700000.0,0.0004167,0.0016668,1.1059e-05
2s2.2p,2P*,1.5,4.0,0.00786,2s.2p.(3P*).7p,2P,1.5,4.0,29.618,29.61014,41.87221,79300000.0,0.0020844,0.0083377,5.532e-05
2s2.2p,2P*,1.5,4.0,0.00786,2s.2p.(3P*).7p,2D,1.5,4.0,29.668,29.66014,41.80162,5720000.0,0.00014984,0.00059938,3.9769e-06
2s2.2p,2P*,1.5,4.0,0.00786,2s.2p.(3P*).7p,2D,2.5,6.0,29.673,29.66514,41.79458,34400000.0,0.0013513,0.0054052,3.5863e-05
2s2.2p,2P*,1.5,4.0,0.00786,2s.2p.(3P*).8p,2P,0.5,2.0,29.927,29.91914,41.43976,17300000.0,0.00022269,0.00089078,5.9103e-06
2s2.2p,2P*,1.5,4.0,0.00786,2s.2p.(3P*).8p,2P,1.5,4.0,29.93,29.92214,41.43561,43200000.0,0.001112,0.0044479,2.9512e-05
2s2.2p,2P*,1.5,4.0,0.00786,2s.2p.(3P*).8p,2D,1.5,4.0,29.958,29.95014,41.39687,3890000.0,9.9941e-05,0.00039976,2.6524e-06
2s2.2p,2P*,1.5,4.0,0.00786,2s.2p.(3P*).8p,2D,2.5,6.0,29.963,29.95514,41.38996,23400000.0,0.00090148,0.0036059,2.3925e-05
2s2.2p,2P*,1.5,4.0,0.00786,2s.2p.(3P*).9p,2P,0.5,2.0,30.137,30.12914,41.15093,24100000.0,0.00030592,0.0012237,8.1191e-06
2s2.2p,2P*,1.5,4.0,0.00786,2s.2p.(3P*).9p,2P,1.5,4.0,30.14,30.13214,41.14683,60200000.0,0.001528,0.0061121,4.0554e-05
2s2.2p,2P*,1.5,4.0,0.00786,2p2.(1D).3s,2D,2.5,6.0,33.53,33.52214,36.98576,2400000.0,7.383e-05,0.00029532,1.9594e-06
2s2.2p,2P*,1.5,4.0,0.00786,2p2.(1D).3s,2D,1.5,4.0,33.53,33.52214,36.98576,400000.0,8.2033e-06,3.2813e-05,2.1772e-07
2s2.2p,2P*,1.5,4.0,0.00786,2s.2p.(1P*).5p,2D,2.5,6.0,34.485,34.47714,35.96128,21000000.0,0.00061072,0.0024429,1.6208e-05
2s2.2p,2P*,1.5,4.0,0.00786,2s.2p.(1P*).5p,2D,1.5,4.0,34.485,34.47714,35.96128,3400000.0,6.5919e-05,0.00026367,1.7495e-06
2s2.2p,2P*,1.5,4.0,0.00786,2p2.(3P).3d,2P,1.5,4.0,34.934,34.92614,35.49897,22000000.0,0.00041564,0.0016625,1.1031e-05
2s2.2p,2P*,1.5,4.0,0.00786,2p2.(3P).3d,2P,0.5,2.0,34.939,34.93114,35.49389,9000000.0,8.4992e-05,0.00033997,2.2557e-06
2s2.2p,2P*,1.5,4.0,0.00786,2s.2p.(1P*).6p,2D,2.5,6.0,35.345,35.33714,35.08609,27000000.0,0.00074745,0.0029898,1.9837e-05
2s2.2p,2P*,1.5,4.0,0.00786,2s.2p.(1P*).6p,2D,1.5,4.0,35.345,35.33714,35.08609,4500000.0,8.305e-05,0.0003322,2.2042e-06
2s2.2p,2P*,1.5,4.0,0.00786,2p2.(3P).3d,2D,1.5,4.0,35.544,35.53614,34.88961,2700000.0,4.9274e-05,0.00019709,1.3077e-06
2s2.2p,2P*,1.5,4.0,0.00786,2p2.(3P).3d,2D,2.5,6.0,35.546,35.53814,34.88764,16000000.0,0.00043794,0.0017518,1.1623e-05
2s2.2p,2P*,1.5,4.0,0.00786,2s.2p.(1P*).7p,2D,2.5,6.0,35.805,35.79714,34.63522,17000000.0,0.0004586,0.0018344,1.2171e-05
2s2.2p,2P*,1.5,4.0,0.00786,2s.2p.(1P*).7p,2D,1.5,4.0,35.805,35.79714,34.63522,2800000.0,5.0356e-05,0.00020143,1.3365e-06
2s2.2p,2P*,1.5,4.0,0.00786,1s.2s2.2p2,2D,2.5,6.0,287.94,287.93214,4.30602,300000000000.0,0.12509,0.50036,0.0033199
2s2.2p,2P*,1.5,4.0,0.00786,1s.2s2.2p2,2D,1.5,4.0,287.94,287.93214,4.30602,49000000000.0,0.013621,0.054484,0.0003615
2s2.2p,2P*,1.5,4.0,0.00786,1s.2s2.2p2,2P,0.5,2.0,288.41,288.40214,4.299,270000000000.0,0.037405,0.14962,0.00099273
2s2.2p,2P*,1.5,4.0,0.00786,1s.2s2.2p2,2P,1.5,4.0,288.42,288.41214,4.29886,680000000000.0,0.1884,0.75359,0.0050001
2s2.2p,2P*,1.5,4.0,0.00786,1s.2s2.2p2,2S,0.5,2.0,289.91,289.90214,4.27676,170000000000.0,0.023308,0.093233,0.0006186
2s.2p2,4P,0.5,2.0,5.33167,2s2.3p,2P*,0.5,2.0,16.331742,11.000072,112.71217,55.5,1.057e-08,2.1141e-08,2.8054e-10
2s.2p2,4P,0.5,2.0,5.33167,2s2.3p,2P*,1.5,4.0,16.333124,11.001454,112.69801,101.0,3.8463e-08,7.6926e-08,1.0208e-09
2s.2p2,4P,0.5,2.0,5.33167,2p3,4S*,1.5,4.0,17.60901,12.27734,100.98621,566000000.0,0.17307,0.34615,0.0045934
2s.2p2,4P,0.5,2.0,5.33167,2s2.4p,2P*,1.5,4.0,20.150477,14.818807,83.66679,1400.0,2.9385e-07,5.877e-07,7.7987e-09
2s.2p2,4P,0.5,2.0,5.33167,2s.2p.(3P*).3s,4P*,0.5,2.0,20.701289,15.369619,80.66836,140000000.0,0.013658,0.027316,0.00036249
2s.2p2,4P,0.5,2.0,5.33167,2s.2p.(3P*).3s,4P*,1.5,4.0,20.704213,15.372543,80.65302,350000000.0,0.068265,0.13653,0.0018118
2s.2p2,4P,0.5,2.0,5.33167,2s2.5p,2P*,0.5,2.0,21.732863,16.401193,75.59462,2.7,2.3132e-10,4.6263e-10,6.1391e-12
2s.2p2,4P,0.5,2.0,5.33167,2s.2p.(3P*).3d,4F*,1.5,4.0,24.270232,18.938562,65.46653,700000.0,8.9955e-05,0.00017991,2.3874e-06
2s.2p2,4P,0.5,2.0,5.33167,2s.2p.(3P*).3d,4D*,0.5,2.0,24.37008,19.03841,65.12319,3490000000.0,0.2219,0.4438,0.0058892
2s.2p2,4P,0.5,2.0,5.33167,2s.2p.(3P*).3d,4D*,1.5,4.0,24.370757,19.039087,65.12087,1750000000.0,0.22252,0.44504,0.0059057
2s.2p2,4P,0.5,2.0,5.33167,2s.2p.(3P*).3d,2D*,1.5,4.0,24.601624,19.269954,64.34068,150000.0,1.8619e-05,3.7238e-05,4.9414e-07
2s.2p2,4P,0.5,2.0,5.33167,2s.2p.(3P*).3d,4P*,1.5,4.0,24.656151,19.324481,64.15913,917000000.0,0.11318,0.22636,0.0030038
2s.2p2,4P,0.5,2.0,5.33167,2s.2p.(3P*).3d,4P*,0.5,2.0,24.657857,19.326187,64.15347,366000000.0,0.022583,0.045166,0.00059935
2s.2p2,4P,0.5,2.0,5.33167,2s.2p.(3P*).4s,4P*,0.5,2.0,25.981185,20.649515,60.04218,60400000.0,0.0032644,0.0065289,8.6638e-05
2s.2p2,4P,0.5,2.0,5.33167,2s.2p.(3P*).4s,4P*,1.5,4.0,25.984173,20.652503,60.0335,151000000.0,0.016318,0.032635,0.00043307
2s.2p2,4P,0.5,2.0,5.33167,2s.2p.(3P*).4d,4F*,1.5,4.0,27.22166,21.88999,56.63968,570000.0,5.4828e-05,0.00010966,1.4551e-06
2s.2p2,4P,0.5,2.0,5.33167,2s.2p.(3P*).4d,4D*,0.5,2.0,27.292087,21.960417,56.45803,1540000000.0,0.073592,0.14718,0.0019531
2s.2p2,4P,0.5,2.0,5.33167,2s.2p.(3P*).4d,4D*,1.5,4.0,27.292748,21.961078,56.45634,768000000.0,0.073397,0.14679,0.0019479
2s.2p2,4P,0.5,2.0,5.33167,2s.2p.(3P*).4d,4P*,1.5,4.0,27.3797,22.04803,56.23369,436000000.0,0.04134,0.08268,0.0010972
2s.2p2,4P,0.5,2.0,5.33167,2s.2p.(3P*).4d,4P*,0.5,2.0,27.381301,22.049631,56.2296,175000000.0,0.0082952,0.01659,0.00022016
2s.2p2,4P,0.5,2.0,5.33167,2s.2p.(3P*).5s,4P*,0.5,2.0,27.98922,22.65755,54.72092,24000000.0,0.0010774,0.0021548,2.8594e-05
2s.2p2,4P,0.5,2.0,5.33167,2s.2p.(3P*).5s,4P*,1.5,4.0,27.99213,22.66046,54.71389,60000000.0,0.0053856,0.010771,0.00014293
2s.2p2,4P,0.5,2.0,5.33167,2s.2p.(3P*).5d,4D*,0.5,2.0,28.60925,23.27758,53.26335,600000000.0,0.025519,0.051038,0.00067728
2s.2p2,4P,0.5,2.0,5.33167,2s.2p.(3P*).5d,4D*,1.5,4.0,28.60995,23.27828,53.26175,300000000.0,0.025518,0.051035,0.00067724
2s.2p2,4P,0.5,2.0,5.33167,2s.2p.(3P*).5d,4P*,1.5,4.0,28.6493,23.31763,53.17187,227000000.0,0.019243,0.038487,0.00051072
2s.2p2,4P,0.5,2.0,5.33167,2s.2p.(3P*).5d,4P*,0.5,2.0,28.65107,23.3194,53.16783,91000000.0,0.0038565,0.0077131,0.00010235
2s.2p2,4P,0.5,2.0,5.33167,2s.2p.(3P*).6s,4P*,0.5,2.0,28.9715,23.63983,52.44716,12600000.0,0.00051961,0.0010392,1.379e-05
2s.2p2,4P,0.5,2.0,5.33167,2s.2p.(3P*).6s,4P*,1.5,4.0,28.97428,23.64261,52.44099,31000000.0,0.0025562,0.0051124,6.7841e-05
2s.2p2,4P,0.5,2.0,5.33167,2s.2p.(3P*).6d,4D*,0.5,2.0,29.312,23.98033,51.70246,312000000.0,0.012504,0.025007,0.00033185
2s.2p2,4P,0.5,2.0,5.33167,2s.2p.(3P*).6d,4D*,1.5,4.0,29.3126,23.98093,51.70116,156000000.0,0.012503,0.025006,0.00033183
2s.2p2,4P,0.5,2.0,5.33167,2p2.(3P).3p,4D*,0.5,2.0,33.184,27.85233,44.51484,1700000000.0,0.050503,0.10101,0.0013404
2s.2p2,4P,0.5,2.0,5.33167,2p2.(3P).3p,4D*,1.5,4.0,33.186,27.85433,44.51164,860000000.0,0.05109,0.10218,0.0013559
2s.2p2,4P,0.5,2.0,5.33167,2p2.(3P).3p,4P*,0.5,2.0,33.428,28.09633,44.12825,430000000.0,0.012553,0.025107,0.00033317
2s.2p2,4P,0.5,2.0,5.33167,2p2.(3P).3p,4P*,1.5,4.0,33.43,28.09833,44.12511,1100000000.0,0.064218,0.12844,0.0017043
2s.2p2,4P,0.5,2.0,5.33167,1s.2s.(3S). 2p3.(4S*),4S*,1.5,4.0,292.54,287.20833,4.31687,230000000000.0,0.12852,0.25703,0.0034108
2s.2p2,4P,0.5,2.0,5.33167,1s.2s.(3S). 2p3.(2D*),4D*,1.5,4.0,292.67,287.33833,4.31492,110000000000.0,0.061408,0.12282,0.0016298
2s.2p2,4P,0.5,2.0,5.33167,1s.2s.(3S). 2p3.(2D*),4D*,0.5,2.0,292.67,287.33833,4.31492,210000000000.0,0.058617,0.11723,0.0015557
2s.2p2,4P,0.5,2.0,5.33167,1s.2s.(3S). 2p3.(2P*),4P*,1.5,4.0,294.77,289.43833,4.28361,80000000000.0,0.044015,0.08803,0.0011682
2s.2p2,4P,0.5,2.0,5.33167,1s.2s.(3S). 2p3.(2P*),4P*,0.5,2.0,294.77,289.43833,4.28361,31000000000.0,0.0085279,0.017056,0.00022633
2s.2p2,4P,1.5,4.0,5.33441,2s2.3p,2P*,0.5,2.0,16.331742,10.997332,112.74025,9.05,8.6226e-10,3.449e-09,2.2884e-11
2s.2p2,4P,1.5,4.0,5.33441,2s2.3p,2P*,1.5,4.0,16.333124,10.998714,112.72609,19.1,3.6387e-09,1.4555e-08,9.657e-11
2s.2p2,4P,1.5,4.0,5.33441,2p3,4S*,1.5,4.0,17.60901,12.2746,101.00875,1130000000.0,0.17284,0.69138,0.0045873
2s.2p2,4P,1.5,4.0,5.33441,2s2.4p,2P*,0.5,2.0,20.149652,14.815242,83.68692,800.0,4.1999e-08,1.6799e-07,1.1146e-09
2s.2p2,4P,1.5,4.0,5.33441,2s2.4p,2P*,1.5,4.0,20.150477,14.816067,83.68226,820.0,8.6088e-08,3.4435e-07,2.2848e-09
2s.2p2,4P,1.5,4.0,5.33441,2s.2p.(3P*).3s,4P*,0.5,2.0,20.701289,15.366879,80.68275,702000000.0,0.034255,0.13702,0.00090914
2s.2p2,4P,1.5,4.0,5.33441,2s.2p.(3P*).3s,4P*,1.5,4.0,20.704213,15.369803,80.6674,112000000.0,0.010926,0.043705,0.00028998
2s.2p2,4P,1.5,4.0,5.33441,2s.2p.(3P*).3s,4P*,2.5,6.0,20.709791,15.375381,80.63813,252000000.0,0.03685,0.1474,0.00097799
2s.2p2,4P,1.5,4.0,5.33441,2s.2p.(3P*).3d,4F*,1.5,4.0,24.270232,18.935822,65.47601,900000.0,5.7845e-05,0.00023138,1.5352e-06
2s.2p2,4P,1.5,4.0,5.33441,2s.2p.(3P*).3d,4F*,2.5,6.0,24.271876,18.937466,65.47032,2500000.0,0.00024098,0.00096392,6.3956e-06
2s.2p2,4P,1.5,4.0,5.33441,2s.2p.(3P*).3d,4D*,0.5,2.0,24.37008,19.03567,65.13256,697000000.0,0.022165,0.088658,0.00058825
2s.2p2,4P,1.5,4.0,5.33441,2s.2p.(3P*).3d,4D*,1.5,4.0,24.370757,19.036347,65.13025,2240000000.0,0.14245,0.56981,0.0037807
2s.2p2,4P,1.5,4.0,5.33441,2s.2p.(3P*).3d,4D*,2.5,6.0,24.3718,19.03739,65.12668,2930000000.0,0.27947,1.1179,0.0074172
2s.2p2,4P,1.5,4.0,5.33441,2s.2p.(3P*).3d,2D*,1.5,4.0,24.601624,19.267214,64.34983,210000.0,1.3037e-05,5.2148e-05,3.46e-07
2s.2p2,4P,1.5,4.0,5.33441,2s.2p.(3P*).3d,2D*,2.5,6.0,24.602961,19.268551,64.34537,900000.0,8.3797e-05,0.00033519,2.224e-06
2s.2p2,4P,1.5,4.0,5.33441,2s.2p.(3P*).3d,4P*,2.5,6.0,24.653514,19.319104,64.17699,659000000.0,0.061037,0.24415,0.0016199
2s.2p2,4P,1.5,4.0,5.33441,2s.2p.(3P*).3d,4P*,1.5,4.0,24.656151,19.321741,64.16823,293000000.0,0.018087,0.072348,0.00048003
2s.2p2,4P,1.5,4.0,5.33441,2s.2p.(3P*).3d,4P*,0.5,2.0,24.657857,19.323447,64.16257,1830000000.0,0.056473,0.22589,0.0014988
2s.2p2,4P,1.5,4.0,5.33441,2s.2p.(3P*).4s,4P*,0.5,2.0,25.981185,20.646775,60.05015,302000000.0,0.0081633,0.032653,0.00021665
2s.2p2,4P,1.5,4.0,5.33441,2s.2p.(3P*).4s,4P*,1.5,4.0,25.984173,20.649763,60.04146,48400000.0,0.0026158,0.010463,6.9424e-05
2s.2p2,4P,1.5,4.0,5.33441,2s.2p.(3P*).4s,4P*,2.5,6.0,25.989855,20.655445,60.02495,109000000.0,0.0088316,0.035327,0.00023439
2s.2p2,4P,1.5,4.0,5.33441,2s.2p.(3P*).4d,4F*,1.5,4.0,27.22166,21.88725,56.64677,700000.0,3.3675e-05,0.0001347,8.9374e-07
2s.2p2,4P,1.5,4.0,5.33441,2s.2p.(3P*).4d,4F*,2.5,6.0,27.223235,21.888825,56.64269,2000000.0,0.0001443,0.0005772,3.8297e-06
2s.2p2,4P,1.5,4.0,5.33441,2s.2p.(3P*).4d,4D*,0.5,2.0,27.292087,21.957677,56.46508,307000000.0,0.0073372,0.029349,0.00019473
2s.2p2,4P,1.5,4.0,5.33441,2s.2p.(3P*).4d,4D*,1.5,4.0,27.292748,21.958338,56.46338,982000000.0,0.046936,0.18774,0.0012457
2s.2p2,4P,1.5,4.0,5.33441,2s.2p.(3P*).4d,4D*,2.5,6.0,27.29381,21.9594,56.46065,1290000000.0,0.092477,0.36991,0.0024543
2s.2p2,4P,1.5,4.0,5.33441,2s.2p.(3P*).4d,2D*,1.5,4.0,27.351096,22.016686,56.31374,530000.0,2.5198e-05,0.00010079,6.6875e-07
2s.2p2,4P,1.5,4.0,5.33441,2s.2p.(3P*).4d,4P*,2.5,6.0,27.377159,22.042749,56.24716,313000000.0,0.022269,0.089075,0.00059101
2s.2p2,4P,1.5,4.0,5.33441,2s.2p.(3P*).4d,4P*,1.5,4.0,27.3797,22.04529,56.24067,140000000.0,0.0066388,0.026555,0.00017619
2s.2p2,4P,1.5,4.0,5.33441,2s.2p.(3P*).4d,4P*,0.5,2.0,27.381301,22.046891,56.23659,872000000.0,0.020672,0.082688,0.00054864
2s.2p2,4P,1.5,4.0,5.33441,2s.2p.(3P*).4d,2F*,2.5,6.0,27.457651,22.123241,56.04251,17000.0,1.2007e-06,4.8028e-06,3.1867e-08
2s.2p2,4P,1.5,4.0,5.33441,2s.2p.(3P*).5s,4P*,0.5,2.0,27.98922,22.65481,54.72754,120000000.0,0.0026942,0.010777,7.1503e-05
2s.2p2,4P,1.5,4.0,5.33441,2s.2p.(3P*).5s,4P*,1.5,4.0,27.99213,22.65772,54.72051,19000000.0,0.00085293,0.0034117,2.2637e-05
2s.2p2,4P,1.5,4.0,5.33441,2s.2p.(3P*).5s,4P*,2.5,6.0,27.99786,22.66345,54.70667,43300000.0,0.0029142,0.011657,7.7343e-05
2s.2p2,4P,1.5,4.0,5.33441,2s.2p.(3P*).5d,4D*,0.5,2.0,28.60925,23.27484,53.26962,120000000.0,0.0025525,0.01021,6.7744e-05
2s.2p2,4P,1.5,4.0,5.33441,2s.2p.(3P*).5d,4D*,1.5,4.0,28.60995,23.27554,53.26802,384000000.0,0.016335,0.065341,0.00043354
2s.2p2,4P,1.5,4.0,5.33441,2s.2p.(3P*).5d,4D*,2.5,6.0,28.61093,23.27652,53.26578,504000000.0,0.032157,0.12863,0.00085345
2s.2p2,4P,1.5,4.0,5.33441,2s.2p.(3P*).5d,4P*,2.5,6.0,28.64691,23.3125,53.18357,163000000.0,0.010368,0.041472,0.00027517
2s.2p2,4P,1.5,4.0,5.33441,2s.2p.(3P*).5d,4P*,1.5,4.0,28.6493,23.31489,53.17812,72800000.0,0.0030864,0.012346,8.1914e-05
2s.2p2,4P,1.5,4.0,5.33441,2s.2p.(3P*).5d,4P*,0.5,2.0,28.65107,23.31666,53.17408,454000000.0,0.0096224,0.03849,0.00025538
2s.2p2,4P,1.5,4.0,5.33441,2s.2p.(3P*).6s,4P*,0.5,2.0,28.9715,23.63709,52.45324,63000000.0,0.0012993,0.0051973,3.4484e-05
2s.2p2,4P,1.5,4.0,5.33441,2s.2p.(3P*).6s,4P*,1.5,4.0,28.97428,23.63987,52.44707,10000000.0,0.00041238,0.0016495,1.0945e-05
2s.2p2,4P,1.5,4.0,5.33441,2s.2p.(3P*).6s,4P*,2.5,6.0,28.980146,23.645736,52.43406,23000000.0,0.001422,0.0056881,3.774e-05
2s.2p2,4P,1.5,4.0,5.33441,2s.2p.(3P*).6d,4D*,0.5,2.0,29.312,23.97759,51.70837,62400000.0,0.0012506,0.0050026,3.3192e-05
2s.2p2,4P,1.5,4.0,5.33441,2s.2p.(3P*).6d,4D*,1.5,4.0,29.3126,23.97819,51.70707,200000000.0,0.0080166,0.032066,0.00021276
2s.2p2,4P,1.5,4.0,5.33441,2s.2p.(3P*).6d,4D*,2.5,6.0,29.3137,23.97929,51.7047,262000000.0,0.015751,0.063005,0.00041804
2s.2p2,4P,1.5,4.0,5.33441,2p2.(3P).3p,4D*,0.5,2.0,33.184,27.84959,44.51922,330000000.0,0.0049027,0.019611,0.00013012
2s.2p2,4P,1.5,4.0,5.33441,2p2.(3P).3p,4D*,1.5,4.0,33.186,27.85159,44.51602,1100000000.0,0.03268,0.13072,0.00086733
2s.2p2,4P,1.5,4.0,5.33441,2p2.(3P).3p,4D*,2.5,6.0,33.189,27.85459,44.51123,1400000000.0,0.062376,0.2495,0.0016555
2s.2p2,4P,1.5,4.0,5.33441,2p2.(3P).3p,4P*,0.5,2.0,33.428,28.09359,44.13256,2200000000.0,0.03212,0.12848,0.00085245
2s.2p2,4P,1.5,4.0,5.33441,2p2.(3P).3p,4P*,1.5,4.0,33.43,28.09559,44.12942,370000000.0,0.010802,0.043209,0.00028669
2s.2p2,4P,1.5,4.0,5.33441,2p2.(3P).3p,4P*,2.5,6.0,33.433,28.09859,44.1247,770000000.0,0.033714,0.13485,0.00089476
2s.2p2,4P,1.5,4.0,5.33441,1s.2s.(3S). 2p3.(4S*),4S*,1.5,4.0,292.54,287.20559,4.31691,500000000000.0,0.13969,0.55877,0.0037075
2s.2p2,4P,1.5,4.0,5.33441,1s.2s.(3S). 2p3.(2D*),4D*,2.5,6.0,292.67,287.33559,4.31496,180000000000.0,0.075366,0.30147,0.0020002
2s.2p2,4P,1.5,4.0,5.33441,1s.2s.(3S). 2p3.(2D*),4D*,1.5,4.0,292.67,287.33559,4.31496,140000000000.0,0.039079,0.15632,0.0010372
2s.2p2,4P,1.5,4.0,5.33441,1s.2s.(3S). 2p3.(2D*),4D*,0.5,2.0,292.67,287.33559,4.31496,42000000000.0,0.0058618,0.023447,0.00015557
2s.2p2,4P,1.5,4.0,5.33441,1s.2s.(3S). 2p3.(2P*),4P*,2.5,6.0,294.77,289.43559,4.28365,60000000000.0,0.024759,0.099035,0.0006571
2s.2p2,4P,1.5,4.0,5.33441,1s.2s.(3S). 2p3.(2P*),4P*,1.5,4.0,294.77,289.43559,4.28365,25000000000.0,0.0068775,0.02751,0.00018253
2s.2p2,4P,1.5,4.0,5.33441,1s.2s.(3S). 2p3.(2P*),4P*,0.5,2.0,294.77,289.43559,4.28365,150000000000.0,0.020632,0.08253,0.00054758
2s.2p2,4P,2.5,6.0,5.33792,2s2.3p,2P*,1.5,4.0,16.333124,10.995204,112.76207,178.0,2.2621e-08,1.3573e-07,6.0036e-10
2s.2p2,4P,2.5,6.0,5.33792,2p3,4S*,1.5,4.0,17.60901,12.27109,101.03764,1690000000.0,0.17243,1.0346,0.0045764
2s.2p2,4P,2.5,6.0,5.33792,2s2.4p,2P*,1.5,4.0,20.150477,14.812557,83.70209,1200.0,8.4028e-08,5.0417e-07,2.2301e-09
2s.2p2,4P,2.5,6.0,5.33792,2s.2p.(3P*).3s,4P*,1.5,4.0,20.704213,15.366293,80.68582,379000000.0,0.024661,0.14796,0.00065449
2s.2p2,4P,2.5,6.0,5.33792,2s.2p.(3P*).3s,4P*,2.5,6.0,20.709791,15.371871,80.65654,590000000.0,0.057543,0.34526,0.0015272
2s.2p2,4P,2.5,6.0,5.33792,2s.2p.(3P*).3d,4F*,1.5,4.0,24.270232,18.932312,65.48814,80000.0,3.4291e-06,2.0575e-05,9.1009e-08
2s.2p2,4P,2.5,6.0,5.33792,2s.2p.(3P*).3d,4F*,2.5,6.0,24.271876,18.933956,65.48246,1000000.0,6.4285e-05,0.00038571,1.7061e-06
2s.2p2,4P,2.5,6.0,5.33792,2s.2p.(3P*).3d,4F*,3.5,8.0,24.274339,18.936419,65.47394,3800000.0,0.00032563,0.0019538,8.6421e-06
2s.2p2,4P,2.5,6.0,5.33792,2s.2p.(3P*).3d,4D*,1.5,4.0,24.370757,19.032837,65.14226,209000000.0,0.0088642,0.053185,0.00023526
2s.2p2,4P,2.5,6.0,5.33792,2s.2p.(3P*).3d,4D*,2.5,6.0,24.3718,19.03388,65.13869,1260000000.0,0.080151,0.48091,0.0021272
2s.2p2,4P,2.5,6.0,5.33792,2s.2p.(3P*).3d,4D*,3.5,8.0,24.373054,19.035134,65.1344,4190000000.0,0.35533,2.132,0.0094305
2s.2p2,4P,2.5,6.0,5.33792,2s.2p.(3P*).3d,2D*,1.5,4.0,24.601624,19.263704,64.36156,350000.0,1.4491e-05,8.6944e-05,3.8458e-07
2s.2p2,4P,2.5,6.0,5.33792,2s.2p.(3P*).3d,2D*,2.5,6.0,24.602961,19.265041,64.35709,4000000.0,0.00024838,0.0014903,6.5919e-06
2s.2p2,4P,2.5,6.0,5.33792,2s.2p.(3P*).3d,4P*,2.5,6.0,24.653514,19.315594,64.18865,1540000000.0,0.095125,0.57075,0.0025246
2s.2p2,4P,2.5,6.0,5.33792,2s.2p.(3P*).3d,4P*,1.5,4.0,24.656151,19.318231,64.17989,989000000.0,0.040716,0.24429,0.0010806
2s.2p2,4P,2.5,6.0,5.33792,2s.2p.(3P*).3d,2F*,3.5,8.0,24.794748,19.456828,63.72272,39000.0,3.1656e-06,1.8993e-05,8.4014e-08
2s.2p2,4P,2.5,6.0,5.33792,2s.2p.(3P*).4s,4P*,1.5,4.0,25.984173,20.646253,60.05167,163000000.0,0.005875,0.03525,0.00015592
2s.2p2,4P,2.5,6.0,5.33792,2s.2p.(3P*).4s,4P*,2.5,6.0,25.989855,20.651935,60.03515,254000000.0,0.013725,0.082349,0.00036425
2s.2p2,4P,2.5,6.0,5.33792,2s.2p.(3P*).4d,4F*,1.5,4.0,27.22166,21.88374,56.65585,61000.0,1.957e-06,1.1742e-05,5.1938e-08
2s.2p2,4P,2.5,6.0,5.33792,2s.2p.(3P*).4d,4F*,2.5,6.0,27.223235,21.885315,56.65178,800000.0,3.8493e-05,0.00023096,1.0216e-06
2s.2p2,4P,2.5,6.0,5.33792,2s.2p.(3P*).4d,4F*,3.5,8.0,27.225788,21.887868,56.64517,3100000.0,0.00019883,0.001193,5.277e-06
2s.2p2,4P,2.5,6.0,5.33792,2s.2p.(3P*).4d,4D*,1.5,4.0,27.292748,21.954828,56.47241,92000000.0,0.0029324,0.017595,7.7827e-05
2s.2p2,4P,2.5,6.0,5.33792,2s.2p.(3P*).4d,4D*,2.5,6.0,27.29381,21.95589,56.46968,553000000.0,0.026437,0.15862,0.00070164
2s.2p2,4P,2.5,6.0,5.33792,2s.2p.(3P*).4d,4D*,3.5,8.0,27.295185,21.957265,56.46614,1840000000.0,0.11727,0.70363,0.0031124
2s.2p2,4P,2.5,6.0,5.33792,2s.2p.(3P*).4d,2D*,1.5,4.0,27.351096,22.013176,56.32272,420000.0,1.3316e-05,7.9898e-05,3.5342e-07
2s.2p2,4P,2.5,6.0,5.33792,2s.2p.(3P*).4d,2D*,2.5,6.0,27.352706,22.014786,56.3186,5600000.0,0.00026629,0.0015977,7.0673e-06
2s.2p2,4P,2.5,6.0,5.33792,2s.2p.(3P*).4d,4P*,2.5,6.0,27.377159,22.039239,56.25612,732000000.0,0.03473,0.20838,0.00092175
2s.2p2,4P,2.5,6.0,5.33792,2s.2p.(3P*).4d,4P*,1.5,4.0,27.3797,22.04178,56.24963,470000000.0,0.014863,0.089178,0.00039446
2s.2p2,4P,2.5,6.0,5.33792,2s.2p.(3P*).4d,2F*,3.5,8.0,27.462905,22.124985,56.03809,140000.0,8.7881e-06,5.2728e-05,2.3324e-07
2s.2p2,4P,2.5,6.0,5.33792,2s.2p.(3P*).5s,4P*,1.5,4.0,27.99213,22.65421,54.72899,64900000.0,0.0019429,0.011657,5.1564e-05
2s.2p2,4P,2.5,6.0,5.33792,2s.2p.(3P*).5s,4P*,2.5,6.0,27.99786,22.65994,54.71515,101000000.0,0.0045331,0.027199,0.00012031
2s.2p2,4P,2.5,6.0,5.33792,2s.2p.(3P*).5d,4D*,1.5,4.0,28.60995,23.27203,53.27606,36000000.0,0.0010213,0.0061275,2.7104e-05
2s.2p2,4P,2.5,6.0,5.33792,2s.2p.(3P*).5d,4D*,2.5,6.0,28.61093,23.27301,53.27381,216000000.0,0.0091905,0.055143,0.00024392
2s.2p2,4P,2.5,6.0,5.33792,2s.2p.(3P*).5d,4D*,3.5,8.0,28.61242,23.2745,53.2704,719000000.0,0.040785,0.24471,0.0010824
2s.2p2,4P,2.5,6.0,5.33792,2s.2p.(3P*).5d,4P*,2.5,6.0,28.64691,23.30899,53.19158,381000000.0,0.016161,0.096966,0.00042891
2s.2p2,4P,2.5,6.0,5.33792,2s.2p.(3P*).5d,4P*,1.5,4.0,28.6493,23.31138,53.18613,245000000.0,0.0069268,0.041561,0.00018384
2s.2p2,4P,2.5,6.0,5.33792,2s.2p.(3P*).6s,4P*,1.5,4.0,28.97428,23.63636,52.45486,33900000.0,0.00093227,0.0055936,2.4742e-05
2s.2p2,4P,2.5,6.0,5.33792,2s.2p.(3P*).6s,4P*,2.5,6.0,28.980146,23.642226,52.44185,53000000.0,0.0021852,0.013111,5.7995e-05
2s.2p2,4P,2.5,6.0,5.33792,2s.2p.(3P*).6d,4D*,1.5,4.0,29.3126,23.97468,51.71464,18700000.0,0.00049985,0.0029991,1.3266e-05
2s.2p2,4P,2.5,6.0,5.33792,2s.2p.(3P*).6d,4D*,2.5,6.0,29.3137,23.97578,51.71227,112000000.0,0.0044902,0.026941,0.00011917
2s.2p2,4P,2.5,6.0,5.33792,2s.2p.(3P*).6d,4D*,3.5,8.0,29.3153,23.97738,51.70882,374000000.0,0.019989,0.11994,0.00053052
2s.2p2,4P,2.5,6.0,5.33792,2p2.(3P).3p,4D*,1.5,4.0,33.186,27.84808,44.52163,100000000.0,0.0019811,0.011887,5.2579e-05
2s.2p2,4P,2.5,6.0,5.33792,2p2.(3P).3p,4D*,2.5,6.0,33.189,27.85108,44.51684,590000000.0,0.017529,0.10517,0.00046522
2s.2p2,4P,2.5,6.0,5.33792,2p2.(3P).3p,4D*,3.5,8.0,33.193,27.85508,44.51044,2000000000.0,0.079205,0.47523,0.0021021
2s.2p2,4P,2.5,6.0,5.33792,2p2.(3P).3p,4P*,1.5,4.0,33.43,28.09208,44.13493,1200000000.0,0.023362,0.14017,0.00062003
2s.2p2,4P,2.5,6.0,5.33792,2p2.(3P).3p,4P*,2.5,6.0,33.433,28.09508,44.13022,1900000000.0,0.055473,0.33284,0.0014723
2s.2p2,4P,2.5,6.0,5.33792,1s.2s.(3S). 2p3.(4S*),4S*,1.5,4.0,292.54,287.20208,4.31697,700000000000.0,0.13038,0.7823,0.0034604
2s.2p2,4P,2.5,6.0,5.33792,1s.2s.(3S). 2p3.(2D*),4D*,3.5,8.0,292.67,287.33208,4.31501,250000000000.0,0.093047,0.55828,0.0024695
2s.2p2,4P,2.5,6.0,5.33792,1s.2s.(3S). 2p3.(2D*),4D*,2.5,6.0,292.67,287.33208,4.31501,80000000000.0,0.022331,0.13399,0.00059267
2s.2p2,4P,2.5,6.0,5.33792,1s.2s.(3S). 2p3.(2D*),4D*,1.5,4.0,292.67,287.33208,4.31501,13000000000.0,0.0024192,0.014515,6.4206e-05
2s.2p2,4P,2.5,6.0,5.33792,1s.2s.(3S). 2p3.(2P*),4P*,2.5,6.0,294.77,289.43208,4.28371,130000000000.0,0.035764,0.21458,0.00094917
2s.2p2,4P,2.5,6.0,5.33792,1s.2s.(3S). 2p3.(2P*),4P*,1.5,4.0,294.77,289.43208,4.28371,80000000000.0,0.014672,0.088034,0.0003894
2s.2p2,2D,2.5,6.0,9.290145,2s2.3p,2P*,1.5,4.0,16.333124,7.042978,176.03944,36800000.0,0.011398,0.068389,0.00030251
2s.2p2,2D,2.5,6.0,9.290145,2p3,4S*,1.5,4.0,17.60901,8.318865,149.03981,200.0,4.4402e-08,2.6641e-07,1.1784e-09
2s.2p2,2D,2.5,6.0,9.290145,2p3,2D*,2.5,6.0,18.654858,9.364713,132.39509,455000000.0,0.11957,0.71741,0.0031733
2s.2p2,2D,2.5,6.0,9.290145,2p3,2D*,1.5,4.0,18.655493,9.365348,132.38612,49600000.0,0.0086883,0.05213,0.00023059
2s.2p2,2D,2.5,6.0,9.290145,2s2.4p,2P*,1.5,4.0,20.150477,10.860331,114.16244,144000000.0,0.018758,0.11255,0.00049783
2s.2p2,2D,2.5,6.0,9.290145,2s.2p.(3P*).3s,4P*,1.5,4.0,20.704213,11.414067,108.62403,59500.0,7.0168e-06,4.2101e-05,1.8623e-07
2s.2p2,2D,2.5,6.0,9.290145,2s.2p.(3P*).3s,4P*,2.5,6.0,20.709791,11.419645,108.57097,650.0,1.1487e-07,6.8921e-07,3.0486e-09
2s.2p2,2D,2.5,6.0,9.290145,2p3,2P*,1.5,4.0,20.922118,11.631973,106.58914,1300000000.0,0.14762,0.8857,0.0039178
2s.2p2,2D,2.5,6.0,9.290145,2s2.4f,2F*,2.5,6.0,20.950632,11.660486,106.3285,1000000.0,0.0001695,0.001017,4.4984e-06
2s.2p2,2D,2.5,6.0,9.290145,2s2.4f,2F*,3.5,8.0,20.950654,11.660509,106.32829,15000000.0,0.0033899,0.020339,8.9968e-05
2s.2p2,2D,2.5,6.0,9.290145,2s2.5p,2P*,1.5,4.0,21.733778,12.443633,99.63666,78400000.0,0.007779,0.046674,0.00020645
2s.2p2,2D,2.5,6.0,9.290145,2s.2p.(3P*).3s,2P*,1.5,4.0,22.043587,12.753441,97.21627,34900000.0,0.0032966,0.01978,8.7493e-05
2s.2p2,2D,2.5,6.0,9.290145,2s2.5f,2F*,2.5,6.0,22.187763,12.897618,96.12954,700000.0,9.6978e-05,0.00058187,2.5738e-06
2s.2p2,2D,2.5,6.0,9.290145,2s2.5f,2F*,3.5,8.0,22.187773,12.897628,96.12946,11000000.0,0.0020319,0.012191,5.3927e-05
2s.2p2,2D,2.5,6.0,9.290145,2s2.6p,2P*,1.5,4.0,22.688255,13.39811,92.53858,10000000.0,0.00085588,0.0051353,2.2715e-05
2s.2p2,2D,2.5,6.0,9.290145,2s2.6f,2F*,2.5,6.0,22.859729,13.569584,91.3692,500000.0,6.2579e-05,0.00037547,1.6608e-06
2s.2p2,2D,2.5,6.0,9.290145,2s2.6f,2F*,3.5,8.0,22.859734,13.569589,91.36917,8000000.0,0.001335,0.0080101,3.5431e-05
2s.2p2,2D,2.5,6.0,9.290145,2s2.7p,2P*,1.5,4.0,23.15359,13.863445,89.43246,17000000.0,0.001359,0.0081538,3.6067e-05
2s.2p2,2D,2.5,6.0,9.290145,2s2.7f,2F*,2.5,6.0,23.264628,13.974482,88.72185,400000.0,4.7204e-05,0.00028323,1.2528e-06
2s.2p2,2D,2.5,6.0,9.290145,2s2.7f,2F*,3.5,8.0,23.264631,13.974486,88.72183,5000000.0,0.00078674,0.0047204,2.088e-05
2s.2p2,2D,2.5,6.0,9.290145,2s.2p.(3P*).3d,2D*,1.5,4.0,24.601624,15.311479,80.97467,144000000.0,0.0094369,0.056621,0.00025046
2s.2p2,2D,2.5,6.0,9.290145,2s.2p.(3P*).3d,2D*,2.5,6.0,24.602961,15.312816,80.9676,1350000000.0,0.13268,0.7961,0.0035214
2s.2p2,2D,2.5,6.0,9.290145,2s.2p.(3P*).3d,2F*,3.5,8.0,24.794748,15.504602,79.96606,2650000000.0,0.33873,2.0324,0.0089899
2s.2p2,2D,2.5,6.0,9.290145,2s.2p.(3P*).4d,2D*,1.5,4.0,27.351096,18.06095,68.64766,68700000.0,0.0032358,0.019415,8.5877e-05
2s.2p2,2D,2.5,6.0,9.290145,2s.2p.(3P*).4d,2D*,2.5,6.0,27.352706,18.062561,68.64154,642000000.0,0.045349,0.27209,0.0012036
2s.2p2,2D,2.5,6.0,9.290145,2s.2p.(3P*).4d,2F*,2.5,6.0,27.457651,18.167505,68.24503,90000000.0,0.0062841,0.037705,0.00016678
2s.2p2,2D,2.5,6.0,9.290145,2s.2p.(3P*).4d,2F*,3.5,8.0,27.462905,18.172759,68.2253,1200000000.0,0.11165,0.66992,0.0029633
2s.2p2,2D,1.5,4.0,9.290459,2s2.3p,2P*,0.5,2.0,16.331742,7.041283,176.08183,40800000.0,0.0094824,0.03793,0.00025166
2s.2p2,2D,1.5,4.0,9.290459,2s2.3p,2P*,1.5,4.0,16.333124,7.042665,176.04728,4080000.0,0.0018957,0.007583,5.0313e-05
2s.2p2,2D,1.5,4.0,9.290459,2p3,4S*,1.5,4.0,17.60901,8.318551,149.04543,7.3,2.4312e-09,9.7248e-09,6.4524e-11
2s.2p2,2D,1.5,4.0,9.290459,2p3,2D*,2.5,6.0,18.654858,9.364399,132.39953,32700000.0,0.012891,0.051562,0.00034212
2s.2p2,2D,1.5,4.0,9.290459,2p3,2D*,1.5,4.0,18.655493,9.365034,132.39055,439000000.0,0.11536,0.46142,0.0030615
2s.2p2,2D,1.5,4.0,9.290459,2s2.4p,2P*,0.5,2.0,20.149652,10.859193,114.17441,160000000.0,0.015635,0.062538,0.00041494
2s.2p2,2D,1.5,4.0,9.290459,2s2.4p,2P*,1.5,4.0,20.150477,10.860018,114.16574,16000000.0,0.0031264,0.012506,8.2976e-05
2s.2p2,2D,1.5,4.0,9.290459,2s.2p.(3P*).3s,4P*,0.5,2.0,20.701289,11.41083,108.65485,19300.0,1.708e-06,6.832e-06,4.533e-08
2s.2p2,2D,1.5,4.0,9.290459,2s.2p.(3P*).3s,4P*,1.5,4.0,20.704213,11.413754,108.62701,8400.0,1.486e-06,5.9439e-06,3.9438e-08
2s.2p2,2D,1.5,4.0,9.290459,2s.2p.(3P*).3s,4P*,2.5,6.0,20.709791,11.419332,108.57395,37.0,9.8085e-09,3.9234e-08,2.6032e-10
2s.2p2,2D,1.5,4.0,9.290459,2p3,2P*,0.5,2.0,20.919793,11.629334,106.61333,1450000000.0,0.12354,0.49417,0.0032788
2s.2p2,2D,1.5,4.0,9.290459,2p3,2P*,1.5,4.0,20.922118,11.631659,106.59202,144000000.0,0.024529,0.098114,0.00065099
2s.2p2,2D,1.5,4.0,9.290459,2s2.4f,2F*,2.5,6.0,20.950632,11.660173,106.33135,14000000.0,0.0035596,0.014238,9.4472e-05
2s.2p2,2D,1.5,4.0,9.290459,2s2.5p,2P*,0.5,2.0,21.732863,12.442404,99.6465,86800000.0,0.0064606,0.025842,0.00017146
2s.2p2,2D,1.5,4.0,9.290459,2s2.5p,2P*,1.5,4.0,21.733778,12.443319,99.63917,8700000.0,0.0012949,0.0051796,3.4367e-05
2s.2p2,2D,1.5,4.0,9.290459,2s.2p.(3P*).3s,2P*,0.5,2.0,22.041235,12.750776,97.23659,38700000.0,0.0027428,0.010971,7.2795e-05
2s.2p2,2D,1.5,4.0,9.290459,2s.2p.(3P*).3s,2P*,1.5,4.0,22.043587,12.753128,97.21866,3900000.0,0.00055262,0.0022105,1.4666e-05
2s.2p2,2D,1.5,4.0,9.290459,2s2.5f,2F*,2.5,6.0,22.187763,12.897304,96.13187,10000000.0,0.0020782,0.0083128,5.5155e-05
2s.2p2,2D,1.5,4.0,9.290459,2s2.6p,2P*,0.5,2.0,22.688229,13.39777,92.54092,11000000.0,0.00070614,0.0028246,1.8741e-05
2s.2p2,2D,1.5,4.0,9.290459,2s2.6p,2P*,1.5,4.0,22.688255,13.397796,92.54074,1100000.0,0.00014123,0.00056491,3.7482e-06
2s.2p2,2D,1.5,4.0,9.290459,2s2.6f,2F*,2.5,6.0,22.859729,13.56927,91.37131,7000000.0,0.0013142,0.0052569,3.4879e-05
2s.2p2,2D,1.5,4.0,9.290459,2s2.7p,2P*,0.5,2.0,23.15347,13.863011,89.43526,19000000.0,0.0011392,0.0045568,3.0234e-05
2s.2p2,2D,1.5,4.0,9.290459,2s2.7p,2P*,1.5,4.0,23.15359,13.863131,89.43449,1900000.0,0.00022784,0.00091135,6.0468e-06
2s.2p2,2D,1.5,4.0,9.290459,2s2.7f,2F*,2.5,6.0,23.264628,13.974169,88.72384,5000000.0,0.00088512,0.0035405,2.3491e-05
2s.2p2,2D,1.5,4.0,9.290459,2s.2p.(3P*).3d,2D*,1.5,4.0,24.601624,15.311165,80.97633,1300000000.0,0.1278,0.51119,0.0033917
2s.2p2,2D,1.5,4.0,9.290459,2s.2p.(3P*).3d,2D*,2.5,6.0,24.602961,15.312502,80.96926,96100000.0,0.014168,0.056673,0.00037602
2s.2p2,2D,1.5,4.0,9.290459,2s.2p.(3P*).3d,2F*,2.5,6.0,24.789558,15.499099,79.99446,2500000000.0,0.35976,1.439,0.009548
2s.2p2,2D,1.5,4.0,9.290459,2s.2p.(3P*).4d,2D*,1.5,4.0,27.351096,18.060637,68.64885,618000000.0,0.043663,0.17465,0.0011588
2s.2p2,2D,1.5,4.0,9.290459,2s.2p.(3P*).4d,2D*,2.5,6.0,27.352706,18.062247,68.64273,45900000.0,0.0048635,0.019454,0.00012908
2s.2p2,2D,1.5,4.0,9.290459,2s.2p.(3P*).4d,2F*,2.5,6.0,27.457651,18.167192,68.24621,1100000000.0,0.11521,0.46085,0.0030577
2s.2p2,2S,0.5,2.0,11.963687,2s2.3p,2P*,0.5,2.0,16.331742,4.368055,283.84304,33000000.0,0.039859,0.079719,0.0010579
2s.2p2,2S,0.5,2.0,11.963687,2s2.3p,2P*,1.5,4.0,16.333124,4.369437,283.75327,33000000.0,0.079668,0.15934,0.0021144
2s.2p2,2S,0.5,2.0,11.963687,2p3,4S*,1.5,4.0,17.60901,5.645323,219.62286,9.7,1.4029e-08,2.8057e-08,3.7232e-10
2s.2p2,2S,0.5,2.0,11.963687,2s2.4p,2P*,0.5,2.0,20.149652,8.185965,151.45948,900000.0,0.00030952,0.00061905,8.2148e-06
2s.2p2,2S,0.5,2.0,11.963687,2s2.4p,2P*,1.5,4.0,20.150477,8.18679,151.44421,300000.0,0.00020631,0.00041262,5.4754e-06
2s.2p2,2S,0.5,2.0,11.963687,2p3,2P*,0.5,2.0,20.919793,8.956106,138.43539,38900000.0,0.011176,0.022353,0.00029662
2s.2p2,2S,0.5,2.0,11.963687,2p3,2P*,1.5,4.0,20.922118,8.958431,138.39946,40700000.0,0.023375,0.04675,0.00062037
2s.2p2,2S,0.5,2.0,11.963687,2s2.5p,2P*,0.5,2.0,21.732863,9.769176,126.91367,38100000.0,0.0092003,0.018401,0.00024418
2s.2p2,2S,0.5,2.0,11.963687,2s2.5p,2P*,1.5,4.0,21.733778,9.770091,126.90178,38200000.0,0.018445,0.036891,0.00048954
2s.2p2,2S,0.5,2.0,11.963687,2s.2p.(3P*).3s,2P*,0.5,2.0,22.041235,10.077548,123.03012,180000000.0,0.040847,0.081693,0.0010841
2s.2p2,2S,0.5,2.0,11.963687,2s.2p.(3P*).3s,2P*,1.5,4.0,22.043587,10.0799,123.00142,180000000.0,0.081655,0.16331,0.0021671
2s.2p2,2S,0.5,2.0,11.963687,2s2.6p,2P*,0.5,2.0,22.688229,10.724542,115.60792,6000000.0,0.0012022,0.0024045,3.1907e-05
2s.2p2,2S,0.5,2.0,11.963687,2s2.6p,2P*,1.5,4.0,22.688255,10.724568,115.60764,29000000.0,0.011621,0.023243,0.00030843
2s.2p2,2S,0.5,2.0,11.963687,2s2.7p,2P*,0.5,2.0,23.15347,11.189783,110.80125,1000000.0,0.00018406,0.00036811,4.8848e-06
2s.2p2,2S,0.5,2.0,11.963687,2s2.7p,2P*,1.5,4.0,23.15359,11.189903,110.80007,1000000.0,0.0003681,0.00073621,9.7695e-06
2s.2p2,2S,0.5,2.0,11.963687,2s.2p.(3P*).3d,2D*,1.5,4.0,24.601624,12.637937,98.10478,90000.0,2.5972e-05,5.1945e-05,6.8931e-07
2s.2p2,2S,0.5,2.0,11.963687,2s.2p.(3P*).3d,2P*,1.5,4.0,25.067108,13.103421,94.61972,1400000000.0,0.37582,0.75164,0.0099743
2s.2p2,2S,0.5,2.0,11.963687,2s.2p.(3P*).3d,2P*,0.5,2.0,25.07017,13.106483,94.59761,1400000000.0,0.18782,0.37565,0.0049848
2s.2p2,2S,0.5,2.0,11.963687,2s.2p.(3P*).4d,2P*,1.5,4.0,27.55655,15.592863,79.51343,450000000.0,0.085307,0.17061,0.002264
2s.2p2,2P,0.5,2.0,13.71565,2s2.3p,2P*,0.5,2.0,16.331742,2.616092,473.92906,54700.0,0.00018419,0.00036839,4.8885e-06
2s.2p2,2P,0.5,2.0,13.71565,2s2.3p,2P*,1.5,4.0,16.333124,2.617474,473.67885,9060.0,6.0952e-05,0.0001219,1.6177e-06
2s.2p2,2P,0.5,2.0,13.71565,2p3,4S*,1.5,4.0,17.60901,3.89336,318.45038,24.0,7.2977e-08,1.4595e-07,1.9368e-09
2s.2p2,2P,0.5,2.0,13.71565,2p3,2D*,1.5,4.0,18.655493,4.939843,250.98814,47100000.0,0.088965,0.17793,0.0023611
2s.2p2,2P,0.5,2.0,13.71565,2s2.4p,2P*,0.5,2.0,20.149652,6.434002,192.70152,7740000.0,0.0043089,0.0086179,0.00011436
2s.2p2,2P,0.5,2.0,13.71565,2s2.4p,2P*,1.5,4.0,20.150477,6.434827,192.67682,1930000.0,0.0021484,0.0042967,5.7017e-05
2s.2p2,2P,0.5,2.0,13.71565,2p3,2P*,0.5,2.0,20.919793,7.204143,172.10125,346000000.0,0.15364,0.30728,0.0040776
2s.2p2,2P,0.5,2.0,13.71565,2p3,2P*,1.5,4.0,20.922118,7.206468,172.04572,86500000.0,0.07677,0.15354,0.0020375
2s.2p2,2P,0.5,2.0,13.71565,2s2.5p,2P*,0.5,2.0,21.732863,8.017213,154.6475,35600000.0,0.012764,0.025529,0.00033876
2s.2p2,2P,0.5,2.0,13.71565,2s2.5p,2P*,1.5,4.0,21.733778,8.018128,154.62986,8930000.0,0.0064022,0.012804,0.00016991
2s.2p2,2P,0.5,2.0,13.71565,2s.2p.(3P*).3s,2P*,0.5,2.0,22.041235,8.325585,148.9195,24900000.0,0.0082787,0.016557,0.00021972
2s.2p2,2P,0.5,2.0,13.71565,2s.2p.(3P*).3s,2P*,1.5,4.0,22.043587,8.327937,148.87745,6230000.0,0.0041403,0.0082807,0.00010988
2s.2p2,2P,0.5,2.0,13.71565,2s2.6p,2P*,0.5,2.0,22.688229,8.972579,138.18123,35000.0,1.0019e-05,2.0038e-05,2.6591e-07
2s.2p2,2P,0.5,2.0,13.71565,2s2.6p,2P*,1.5,4.0,22.688255,8.972605,138.18083,9000.0,5.1526e-06,1.0305e-05,1.3675e-07
2s.2p2,2P,0.5,2.0,13.71565,2s2.7p,2P*,0.5,2.0,23.15347,9.43782,131.36953,80000.0,2.0698e-05,4.1397e-05,5.4934e-07
2s.2p2,2P,0.5,2.0,13.71565,2s2.7p,2P*,1.5,4.0,23.15359,9.43794,131.36786,19000.0,9.8315e-06,1.9663e-05,2.6093e-07
2s.2p2,2P,0.5,2.0,13.71565,2s.2p.(3P*).3d,2D*,1.5,4.0,24.601624,10.885974,113.89353,422000000.0,0.16413,0.32827,0.0043561
2s.2p2,2P,0.5,2.0,13.71565,2s.2p.(3P*).3d,2P*,0.5,2.0,25.07017,11.35452,109.19369,360000000.0,0.064351,0.1287,0.0017079
2s.2p2,2P,0.5,2.0,13.71565,2s.2p.(3P*).4d,2D*,1.5,4.0,27.351096,13.635446,90.92786,124000000.0,0.03074,0.06148,0.00081584
2s.2p2,2P,1.5,4.0,13.720784,2s2.3p,2P*,0.5,2.0,16.331742,2.610958,474.86096,23300.0,3.9384e-05,0.00015754,1.0452e-06
2s.2p2,2P,1.5,4.0,13.720784,2s2.3p,2P*,1.5,4.0,16.333124,2.61234,474.60977,59700.0,0.00020161,0.00080643,5.3507e-06
2s.2p2,2P,1.5,4.0,13.720784,2p3,4S*,1.5,4.0,17.60901,3.888226,318.87086,80.9,1.2332e-07,4.9328e-07,3.2729e-09
2s.2p2,2P,1.5,4.0,13.720784,2p3,2D*,2.5,6.0,18.654858,4.934074,251.28159,56200000.0,0.079801,0.3192,0.0021179
2s.2p2,2P,1.5,4.0,13.720784,2p3,2D*,1.5,4.0,18.655493,4.934709,251.24926,9260000.0,0.0087636,0.035054,0.00023258
2s.2p2,2P,1.5,4.0,13.720784,2s2.4p,2P*,0.5,2.0,20.149652,6.428868,192.85541,3860000.0,0.0010762,0.0043047,2.8562e-05
2s.2p2,2P,1.5,4.0,13.720784,2s2.4p,2P*,1.5,4.0,20.150477,6.429693,192.83067,9680000.0,0.0053962,0.021585,0.00014321
2s.2p2,2P,1.5,4.0,13.720784,2p3,2P*,0.5,2.0,20.919793,7.199009,172.22398,172000000.0,0.038242,0.15297,0.001015
2s.2p2,2P,1.5,4.0,13.720784,2p3,2P*,1.5,4.0,20.922118,7.201334,172.16838,433000000.0,0.19242,0.76969,0.0051069
2s.2p2,2P,1.5,4.0,13.720784,2s2.5p,2P*,0.5,2.0,21.732863,8.012079,154.7466,17800000.0,0.0031952,0.012781,8.4799e-05
2s.2p2,2P,1.5,4.0,13.720784,2s2.5p,2P*,1.5,4.0,21.733778,8.012994,154.72893,44600000.0,0.016008,0.064032,0.00042485
2s.2p2,2P,1.5,4.0,13.720784,2s.2p.(3P*).3s,2P*,0.5,2.0,22.041235,8.320451,149.01139,12400000.0,0.0020639,0.0082556,5.4776e-05
2s.2p2,2P,1.5,4.0,13.720784,2s.2p.(3P*).3s,2P*,1.5,4.0,22.043587,8.322803,148.96928,31100000.0,0.010347,0.041388,0.00027461
2s.2p2,2P,1.5,4.0,13.720784,2s2.6p,2P*,0.5,2.0,22.688229,8.967445,138.26034,17000.0,2.436e-06,9.7439e-06,6.4651e-08
2s.2p2,2P,1.5,4.0,13.720784,2s2.6p,2P*,1.5,4.0,22.688255,8.967471,138.25994,43000.0,1.2323e-05,4.9292e-05,3.2706e-07
2s.2p2,2P,1.5,4.0,13.720784,2s2.7p,2P*,0.5,2.0,23.15347,9.432686,131.44103,39000.0,5.0508e-06,2.0203e-05,1.3405e-07
2s.2p2,2P,1.5,4.0,13.720784,2s2.7p,2P*,1.5,4.0,23.15359,9.432806,131.43936,100000.0,2.5901e-05,0.0001036,6.874e-07
2s.2p2,2P,1.5,4.0,13.720784,2s.2p.(3P*).3d,2D*,1.5,4.0,24.601624,10.88084,113.94727,83900000.0,0.016332,0.065326,0.00043344
2s.2p2,2P,1.5,4.0,13.720784,2s.2p.(3P*).3d,2D*,2.5,6.0,24.602961,10.882177,113.93327,505000000.0,0.14742,0.58966,0.0039124
2s.2p2,2P,1.5,4.0,13.720784,2s.2p.(3P*).3d,2F*,2.5,6.0,24.789558,11.068774,112.01258,130000.0,3.668e-05,0.00014672,9.7348e-07
2s.2p2,2P,1.5,4.0,13.720784,2s.2p.(3P*).3d,2P*,1.5,4.0,25.067108,11.346324,109.27257,450000000.0,0.080555,0.32222,0.0021379
2s.2p2,2P,1.5,4.0,13.720784,2s.2p.(3P*).4d,2D*,1.5,4.0,27.351096,13.630312,90.96211,24900000.0,0.0030887,0.012355,8.1975e-05
2s.2p2,2P,1.5,4.0,13.720784,2s.2p.(3P*).4d,2D*,2.5,6.0,27.352706,13.631922,90.95137,149000000.0,0.027718,0.11087,0.00073563
2s.2p2,2P,1.5,4.0,13.720784,2s.2p.(3P*).4d,2F*,2.5,6.0,27.457651,13.736867,90.25653,130000.0,2.3815e-05,9.526e-05,6.3205e-07
2s.2p2,2P,1.5,4.0,13.720784,2s.2p.(3P*).4d,2P*,1.5,4.0,27.55655,13.835766,89.61137,70000000.0,0.0084272,0.033709,0.00022366
2s2.3s,2S,0.5,2.0,14.448827,2s2.3p,2P*,0.5,2.0,16.331742,1.882915,658.46944,36500000.0,0.23726,0.47452,0.0062969
2s2.3s,2S,0.5,2.0,14.448827,2s2.3p,2P*,1.5,4.0,16.333124,1.884297,657.98653,36600000.0,0.47512,0.95024,0.01261
2s2.3s,2S,0.5,2.0,14.448827,2p3,4S*,1.5,4.0,17.60901,3.160183,392.33233,14.3,6.5998e-08,1.32e-07,1.7516e-09
2s2.3s,2S,0.5,2.0,14.448827,2s2.4p,2P*,0.5,2.0,20.149652,5.700825,217.48466,23100000.0,0.016381,0.032761,0.00043474
2s2.3s,2S,0.5,2.0,14.448827,2s2.4p,2P*,1.5,4.0,20.150477,5.70165,217.45319,23100000.0,0.032752,0.065503,0.00086923
2s2.3s,2S,0.5,2.0,14.448827,2p3,2P*,0.5,2.0,20.919793,6.470966,191.60075,9510000.0,0.005234,0.010468,0.00013891
2s2.3s,2S,0.5,2.0,14.448827,2p3,2P*,1.5,4.0,20.922118,6.473291,191.53194,9370000.0,0.010307,0.020613,0.00027353
2s2.3s,2S,0.5,2.0,14.448827,2s2.5p,2P*,0.5,2.0,21.732863,7.284036,170.2136,9800000.0,0.0042567,0.0085134,0.00011297
2s2.3s,2S,0.5,2.0,14.448827,2s2.5p,2P*,1.5,4.0,21.733778,7.284951,170.19222,9800000.0,0.0085113,0.017023,0.00022589
2s2.3s,2S,0.5,2.0,14.448827,2s.2p.(3P*).3s,2P*,0.5,2.0,22.041235,7.592408,163.30023,1500000.0,0.00059969,0.0011994,1.5916e-05
2s2.3s,2S,0.5,2.0,14.448827,2s.2p.(3P*).3s,2P*,1.5,4.0,22.043587,7.59476,163.24966,1400000.0,0.0011187,0.0022374,2.9691e-05
2s2.3s,2S,0.5,2.0,14.448827,2s2.6p,2P*,0.5,2.0,22.688229,8.239402,150.47718,8400000.0,0.0028515,0.0057031,7.568e-05
2s2.3s,2S,0.5,2.0,14.448827,2s2.6p,2P*,1.5,4.0,22.688255,8.239428,150.4767,8300000.0,0.0056352,0.01127,0.00014956
2s2.3s,2S,0.5,2.0,14.448827,2s2.7p,2P*,0.5,2.0,23.15347,8.704643,142.43456,6200000.0,0.0018857,0.0037715,5.0048e-05
2s2.3s,2S,0.5,2.0,14.448827,2s2.7p,2P*,1.5,4.0,23.15359,8.704763,142.43259,6200000.0,0.0037714,0.0075428,0.00010009
2s2.3p,2P*,0.5,2.0,16.331742,2s2.3d,2D,1.5,4.0,18.045807,1.714065,723.33424,34800000.0,0.54594,1.0919,0.014489
2s2.3p,2P*,0.5,2.0,16.331742,2s2.4s,2S,0.5,2.0,19.494538,3.162796,392.00819,63600000.0,0.14652,0.29305,0.0038887
2s2.3p,2P*,0.5,2.0,16.331742,2s2.4d,2D,1.5,4.0,20.84474,4.512998,274.7269,43500000.0,0.098442,0.19688,0.0026127
2s2.3p,2P*,0.5,2.0,16.331742,2s2.5s,2S,0.5,2.0,21.492405,5.160663,240.24858,25700000.0,0.022239,0.044478,0.00059022
2s2.3p,2P*,0.5,2.0,16.331742,2s2.5d,2D,1.5,4.0,22.130595,5.798853,213.80814,37300000.0,0.051127,0.10225,0.0013569
2s2.3p,2P*,0.5,2.0,16.331742,2s2.6s,2S,0.5,2.0,22.4739,6.142158,201.85771,13200000.0,0.0080635,0.016127,0.00021401
2s2.3p,2P*,0.5,2.0,16.331742,2s.2p.(3P*).3p,2P,0.5,2.0,22.568086,6.236344,198.8091,12700000.0,0.0075255,0.015051,0.00019973
2s2.3p,2P*,0.5,2.0,16.331742,2s.2p.(3P*).3p,2P,1.5,4.0,22.570504,6.238762,198.73205,3180000.0,0.0037658,0.0075315,9.9943e-05
2s2.3p,2P*,0.5,2.0,16.331742,2s2.6d,2D,1.5,4.0,22.82235,6.490608,191.02093,28000000.0,0.030634,0.061269,0.00081304
2s2.3p,2P*,0.5,2.0,16.331742,2s2.7s,2S,0.5,2.0,23.027948,6.696206,185.15589,7550000.0,0.0038804,0.0077609,0.00010299
2s2.3p,2P*,0.5,2.0,16.331742,2s2.7d,2D,1.5,4.0,23.22886,6.897118,179.76232,28000000.0,0.02713,0.054259,0.00072002
2s2.3p,2P*,0.5,2.0,16.331742,2s.2p.(3P*).3p,2D,1.5,4.0,23.381096,7.049354,175.88022,32700000.0,0.03033,0.06066,0.00080496
2s2.3p,2P*,0.5,2.0,16.331742,2s.2p.(3P*).4p,2P,0.5,2.0,26.58275,10.251008,120.9483,6810000.0,0.0014935,0.002987,3.9638e-05
2s2.3p,2P*,0.5,2.0,16.331742,2s.2p.(3P*).4p,2P,1.5,4.0,26.585924,10.254182,120.91086,1700000.0,0.00074519,0.0014904,1.9777e-05
2s2.3p,2P*,0.5,2.0,16.331742,2s.2p.(3P*).5p,2P,0.5,2.0,28.253674,11.921932,103.99673,14000000.0,0.00227,0.00454,6.0246e-05
2s2.3p,2P*,0.5,2.0,16.331742,2s.2p.(3P*).5p,2P,1.5,4.0,28.25695,11.925208,103.96816,3500000.0,0.0011344,0.0022688,3.0106e-05
2s2.3p,2P*,1.5,4.0,16.333124,2s2.3d,2D,1.5,4.0,18.045807,1.712683,723.91788,6960000.0,0.054682,0.21873,0.0014513
2s2.3p,2P*,1.5,4.0,16.333124,2s2.3d,2D,2.5,6.0,18.045987,1.712863,723.8418,41800000.0,0.49251,1.97,0.013071
2s2.3p,2P*,1.5,4.0,16.333124,2s2.4s,2S,0.5,2.0,19.494538,3.161414,392.17955,127000000.0,0.14642,0.58568,0.003886
2s2.3p,2P*,1.5,4.0,16.333124,2s2.4d,2D,1.5,4.0,20.84474,4.511616,274.81105,8710000.0,0.0098616,0.039446,0.00026173
2s2.3p,2P*,1.5,4.0,16.333124,2s2.4d,2D,2.5,6.0,20.844765,4.511641,274.80953,52200000.0,0.088651,0.35461,0.0023528
2s2.3p,2P*,1.5,4.0,16.333124,2s2.5s,2S,0.5,2.0,21.492405,5.159281,240.31293,51300000.0,0.022208,0.08883,0.00058939
2s2.3p,2P*,1.5,4.0,16.333124,2s2.5d,2D,1.5,4.0,22.130595,5.797471,213.8591,7460000.0,0.0051151,0.02046,0.00013575
2s2.3p,2P*,1.5,4.0,16.333124,2s2.5d,2D,2.5,6.0,22.130626,5.797502,213.85796,44500000.0,0.045768,0.18307,0.0012147
2s2.3p,2P*,1.5,4.0,16.333124,2s2.6s,2S,0.5,2.0,22.4739,6.140776,201.90314,26300000.0,0.0080366,0.032146,0.00021329
2s2.3p,2P*,1.5,4.0,16.333124,2s.2p.(3P*).3p,2P,0.5,2.0,22.568086,6.234962,198.85317,6360000.0,0.0018852,0.0075407,5.0033e-05
2s2.3p,2P*,1.5,4.0,16.333124,2s.2p.(3P*).3p,2P,1.5,4.0,22.570504,6.23738,198.77608,15900000.0,0.0094186,0.037674,0.00024997
2s2.3p,2P*,1.5,4.0,16.333124,2s2.6d,2D,1.5,4.0,22.82235,6.489226,191.06161,5600000.0,0.0030647,0.012259,8.1338e-05
2s2.3p,2P*,1.5,4.0,16.333124,2s2.6d,2D,2.5,6.0,22.822436,6.489312,191.05907,33600000.0,0.027582,0.11033,0.00073203
2s2.3p,2P*,1.5,4.0,16.333124,2s2.7s,2S,0.5,2.0,23.027948,6.694824,185.19411,15100000.0,0.003882,0.015528,0.00010303
2s2.3p,2P*,1.5,4.0,16.333124,2s2.7d,2D,1.5,4.0,23.22886,6.895736,179.79835,5600000.0,0.0027141,0.010856,7.2031e-05
2s2.3p,2P*,1.5,4.0,16.333124,2s2.7d,2D,2.5,6.0,23.22886,6.895736,179.79835,33000000.0,0.02399,0.095961,0.0006367
2s2.3p,2P*,1.5,4.0,16.333124,2s.2p.(3P*).3p,2D,1.5,4.0,23.381096,7.047972,175.91471,6550000.0,0.0030388,0.012155,8.065e-05
2s2.3p,2P*,1.5,4.0,16.333124,2s.2p.(3P*).3p,2D,2.5,6.0,23.385281,7.052157,175.81032,39400000.0,0.027386,0.10955,0.00072684
2s2.3p,2P*,1.5,4.0,16.333124,2s.2p.(3P*).4p,2P,0.5,2.0,26.58275,10.249626,120.9646,3400000.0,0.00037293,0.0014917,9.8975e-06
2s2.3p,2P*,1.5,4.0,16.333124,2s.2p.(3P*).4p,2P,1.5,4.0,26.585924,10.2528,120.92716,8540000.0,0.0018723,0.007489,4.969e-05
2s2.3p,2P*,1.5,4.0,16.333124,2s.2p.(3P*).5p,2P,0.5,2.0,28.253674,11.92055,104.00879,7000000.0,0.00056763,0.0022705,1.5065e-05
2s2.3p,2P*,1.5,4.0,16.333124,2s.2p.(3P*).5p,2P,1.5,4.0,28.25695,11.923826,103.98021,17500000.0,0.0028366,0.011346,7.5284e-05
2s2.3d,2D,1.5,4.0,18.045807,2s2.4p,2P*,0.5,2.0,20.149652,2.103845,589.32192,34900000.0,0.090857,0.36343,0.0024114
2s2.3d,2D,1.5,4.0,18.045807,2s2.4p,2P*,1.5,4.0,20.150477,2.10467,589.09092,3490000.0,0.018157,0.072629,0.00048189
2s2.3d,2D,1.5,4.0,18.045807,2p3,2P*,0.5,2.0,20.919793,2.873986,431.40154,3900000.0,0.0054407,0.021763,0.0001444
2s2.3d,2D,1.5,4.0,18.045807,2p3,2P*,1.5,4.0,20.922118,2.876311,431.05283,390000.0,0.0010864,0.0043456,2.8833e-05
2s2.3d,2D,1.5,4.0,18.045807,2s2.4f,2F*,2.5,6.0,20.950632,2.904825,426.82158,219000000.0,0.8972,3.5888,0.023812
2s2.3d,2D,1.5,4.0,18.045807,2s2.5p,2P*,0.5,2.0,21.732863,3.687056,336.26882,11300000.0,0.0095781,0.038313,0.0002542
2s2.3d,2D,1.5,4.0,18.045807,2s2.5p,2P*,1.5,4.0,21.733778,3.687971,336.18539,1130000.0,0.0019147,0.0076587,5.0816e-05
2s2.3d,2D,1.5,4.0,18.045807,2s.2p.(3P*).3s,2P*,0.5,2.0,22.041235,3.995428,310.31519,700000.0,0.00050528,0.0020211,1.341e-05
2s2.3d,2D,1.5,4.0,18.045807,2s.2p.(3P*).3s,2P*,1.5,4.0,22.043587,3.99778,310.13262,70000.0,0.00010094,0.00040375,2.6789e-06
2s2.3d,2D,1.5,4.0,18.045807,2s2.5f,2F*,2.5,6.0,22.187763,4.141956,299.33731,77300000.0,0.15576,0.62303,0.0041338
2s2.3d,2D,1.5,4.0,18.045807,2s2.6p,2P*,0.5,2.0,22.688229,4.642422,267.06792,5080000.0,0.002716,0.010864,7.2084e-05
2s2.3d,2D,1.5,4.0,18.045807,2s2.6p,2P*,1.5,4.0,22.688255,4.642448,267.06642,520000.0,0.00055603,0.0022241,1.4757e-05
2s2.3d,2D,1.5,4.0,18.045807,2s2.6f,2F*,2.5,6.0,22.859729,4.813922,257.5534,34000000.0,0.050718,0.20287,0.0013461
2s2.3d,2D,1.5,4.0,18.045807,2s2.7p,2P*,0.5,2.0,23.15347,5.107663,242.74154,3460000.0,0.0015282,0.006113,4.056e-05
2s2.3d,2D,1.5,4.0,18.045807,2s2.7p,2P*,1.5,4.0,23.15359,5.107783,242.73584,350000.0,0.00030917,0.0012367,8.2053e-06
2s2.3d,2D,1.5,4.0,18.045807,2s2.7f,2F*,2.5,6.0,23.264628,5.218821,237.57128,18000000.0,0.022846,0.091384,0.00060633
2s2.3d,2D,1.5,4.0,18.045807,2s.2p.(3P*).3d,2D*,1.5,4.0,24.601624,6.555817,189.1209,620000.0,0.00033245,0.0013298,8.8233e-06
2s2.3d,2D,1.5,4.0,18.045807,2s.2p.(3P*).3d,2D*,2.5,6.0,24.602961,6.557154,189.08233,46000.0,3.6984e-05,0.00014793,9.8155e-07
2s2.3d,2D,2.5,6.0,18.045987,2s2.4p,2P*,1.5,4.0,20.150477,2.10449,589.1413,31500000.0,0.10927,0.65565,0.0029001
2s2.3d,2D,2.5,6.0,18.045987,2p3,2P*,1.5,4.0,20.922118,2.876131,431.0798,3500000.0,0.0065006,0.039003,0.00017253
2s2.3d,2D,2.5,6.0,18.045987,2s2.4f,2F*,2.5,6.0,20.950632,2.904645,426.84803,15600000.0,0.042612,0.25567,0.0011309
2s2.3d,2D,2.5,6.0,18.045987,2s2.4f,2F*,3.5,8.0,20.950654,2.904667,426.84479,234000000.0,0.85222,5.1133,0.022618
2s2.3d,2D,2.5,6.0,18.045987,2s2.5p,2P*,1.5,4.0,21.733778,3.687791,336.2018,10200000.0,0.011523,0.069138,0.00030582
2s2.3d,2D,2.5,6.0,18.045987,2s.2p.(3P*).3s,2P*,1.5,4.0,22.043587,3.9976,310.14658,600000.0,0.00057684,0.003461,1.5309e-05
2s2.3d,2D,2.5,6.0,18.045987,2s2.5f,2F*,2.5,6.0,22.187763,4.141776,299.35032,5300000.0,0.0071202,0.042721,0.00018897
2s2.3d,2D,2.5,6.0,18.045987,2s2.5f,2F*,3.5,8.0,22.187773,4.141786,299.3496,82800000.0,0.14832,0.88989,0.0039363
2s2.3d,2D,2.5,6.0,18.045987,2s2.6p,2P*,1.5,4.0,22.688255,4.642268,267.07678,4700000.0,0.0033507,0.020104,8.8928e-05
2s2.3d,2D,2.5,6.0,18.045987,2s2.6f,2F*,2.5,6.0,22.859729,4.813742,257.56303,2500000.0,0.0024864,0.014918,6.5988e-05
2s2.3d,2D,2.5,6.0,18.045987,2s2.6f,2F*,3.5,8.0,22.859734,4.813747,257.56276,37000000.0,0.049064,0.29439,0.0013022
2s2.3d,2D,2.5,6.0,18.045987,2s2.7p,2P*,1.5,4.0,23.15359,5.107603,242.74439,3110000.0,0.0018316,0.01099,4.861e-05
2s2.3d,2D,2.5,6.0,18.045987,2s2.7f,2F*,2.5,6.0,23.264628,5.218641,237.57947,1300000.0,0.0011001,0.0066004,2.9196e-05
2s2.3d,2D,2.5,6.0,18.045987,2s2.7f,2F*,3.5,8.0,23.264631,5.218644,237.57934,20000000.0,0.022566,0.13539,0.00059889
2s2.3d,2D,2.5,6.0,18.045987,2s.2p.(3P*).3d,2D*,1.5,4.0,24.601624,6.555637,189.12609,70000.0,2.5025e-05,0.00015015,6.6416e-07
2s2.3d,2D,2.5,6.0,18.045987,2s.2p.(3P*).3d,2D*,2.5,6.0,24.602961,6.556974,189.08752,644000.0,0.0003452,0.0020712,9.1616e-06
2p3,2D*,2.5,6.0,18.654858,2s.2p.(3P*).3p,2P,1.5,4.0,22.570504,3.915646,316.63791,21500000.0,0.021544,0.12927,0.00057179
2p3,2D*,2.5,6.0,18.654858,2s2.6d,2D,1.5,4.0,22.82235,4.167492,297.50315,3600.0,3.1846e-06,1.9108e-05,8.4519e-08
2p3,2D*,2.5,6.0,18.654858,2s2.6d,2D,2.5,6.0,22.822436,4.167578,297.49701,40000.0,5.3074e-05,0.00031845,1.4086e-06
2p3,2D*,2.5,6.0,18.654858,2s2.7d,2D,1.5,4.0,23.22886,4.574002,271.06284,50000.0,3.6718e-05,0.00022031,9.7449e-07
2p3,2D*,2.5,6.0,18.654858,2s2.7d,2D,2.5,6.0,23.22886,4.574002,271.06284,460000.0,0.00050671,0.0030402,1.3448e-05
2p3,2D*,2.5,6.0,18.654858,2s.2p.(3P*).3p,2D,1.5,4.0,23.381096,4.726238,262.33169,539000.0,0.00037073,0.0022244,9.8392e-06
2p3,2D*,2.5,6.0,18.654858,2s.2p.(3P*).3p,2D,2.5,6.0,23.385281,4.730423,262.0996,5050000.0,0.005201,0.031206,0.00013803
2p3,2D*,2.5,6.0,18.654858,2s.2p.(3P*).4p,2P,1.5,4.0,26.585924,7.931066,156.32728,11900000.0,0.0029066,0.01744,7.7141e-05
2p3,2D*,2.5,6.0,18.654858,2s.2p.(3P*).5p,2P,1.5,4.0,28.25695,9.602092,129.12207,5580000.0,0.00092983,0.005579,2.4678e-05
2p3,2D*,1.5,4.0,18.655493,2s.2p.(3P*).3p,2P,0.5,2.0,22.568086,3.912593,316.88499,23800000.0,0.017915,0.071659,0.00047546
2p3,2D*,1.5,4.0,18.655493,2s.2p.(3P*).3p,2P,1.5,4.0,22.570504,3.915011,316.68927,2390000.0,0.0035936,0.014374,9.5373e-05
2p3,2D*,1.5,4.0,18.655493,2s2.6d,2D,1.5,4.0,22.82235,4.166857,297.54848,40000.0,5.3093e-05,0.00021237,1.4091e-06
2p3,2D*,1.5,4.0,18.655493,2s2.6d,2D,2.5,6.0,22.822436,4.166943,297.54234,2800.0,5.5745e-06,2.2298e-05,1.4795e-07
2p3,2D*,1.5,4.0,18.655493,2s2.7d,2D,2.5,6.0,23.22886,4.573367,271.10048,32000.0,5.2889e-05,0.00021155,1.4037e-06
2p3,2D*,1.5,4.0,18.655493,2s2.7d,2D,1.5,4.0,23.22886,4.573367,271.10048,500000.0,0.00055092,0.0022037,1.4621e-05
2p3,2D*,1.5,4.0,18.655493,2s.2p.(3P*).3p,2D,1.5,4.0,23.381096,4.725603,262.36694,4850000.0,0.0050052,0.020021,0.00013284
2p3,2D*,1.5,4.0,18.655493,2s.2p.(3P*).3p,2D,2.5,6.0,23.385281,4.729788,262.13479,360000.0,0.00055629,0.0022252,1.4764e-05
2p3,2D*,1.5,4.0,18.655493,2s.2p.(3P*).4p,2P,0.5,2.0,26.58275,7.927257,156.4024,13200000.0,0.0024204,0.0096817,6.4238e-05
2p3,2D*,1.5,4.0,18.655493,2s.2p.(3P*).4p,2P,1.5,4.0,26.585924,7.930431,156.3398,1320000.0,0.0004837,0.0019348,1.2837e-05
2p3,2D*,1.5,4.0,18.655493,2s.2p.(3P*).5p,2P,0.5,2.0,28.253674,9.598181,129.17468,6160000.0,0.00077049,0.0030819,2.0449e-05
2p3,2D*,1.5,4.0,18.655493,2s.2p.(3P*).5p,2P,1.5,4.0,28.25695,9.601457,129.13061,620000.0,0.00015499,0.00061997,4.1135e-06
2s2.4s,2S,0.5,2.0,19.494538,2s2.4p,2P*,0.5,2.0,20.149652,0.655114,1892.55913,6920000.0,0.37159,0.74318,0.009862
2s2.4s,2S,0.5,2.0,19.494538,2s2.4p,2P*,1.5,4.0,20.150477,0.655939,1890.17879,6950000.0,0.74453,1.4891,0.01976
2s2.4s,2S,0.5,2.0,19.494538,2p3,2P*,0.5,2.0,20.919793,1.425255,869.90888,4120000.0,0.046742,0.093483,0.0012405
2s2.4s,2S,0.5,2.0,19.494538,2p3,2P*,1.5,4.0,20.922118,1.42758,868.49212,4150000.0,0.093858,0.18772,0.002491
2s2.4s,2S,0.5,2.0,19.494538,2s2.5p,2P*,0.5,2.0,21.732863,2.238325,553.91509,1750000.0,0.0080498,0.0161,0.00021364
2s2.4s,2S,0.5,2.0,19.494538,2s2.5p,2P*,1.5,4.0,21.733778,2.23924,553.68874,1750000.0,0.016086,0.032173,0.00042693
2s2.4s,2S,0.5,2.0,19.494538,2s.2p.(3P*).3s,2P*,0.5,2.0,22.041235,2.546697,486.84315,2330000.0,0.0082793,0.016559,0.00021973
2s2.4s,2S,0.5,2.0,19.494538,2s.2p.(3P*).3s,2P*,1.5,4.0,22.043587,2.549049,486.39394,2340000.0,0.016599,0.033198,0.00044054
2s2.4s,2S,0.5,2.0,19.494538,2s2.6p,2P*,0.5,2.0,22.688229,3.193691,388.21601,500000.0,0.0011297,0.0022595,2.9983e-05
2s2.4s,2S,0.5,2.0,19.494538,2s2.6p,2P*,1.5,4.0,22.688255,3.193717,388.21285,500000.0,0.0022594,0.0045189,5.9965e-05
2s2.4s,2S,0.5,2.0,19.494538,2s2.7p,2P*,0.5,2.0,23.15347,3.658932,338.85352,700000.0,0.001205,0.00241,3.198e-05
2s2.4s,2S,0.5,2.0,19.494538,2s2.7p,2P*,1.5,4.0,23.15359,3.659052,338.84241,700000.0,0.0024098,0.0048196,6.3956e-05
2s2.4p,2P*,0.5,2.0,20.149652,2s2.4d,2D,1.5,4.0,20.84474,0.695088,1783.71945,9640000.0,0.91964,1.8393,0.024407
2s2.4p,2P*,0.5,2.0,20.149652,2s2.5s,2S,0.5,2.0,21.492405,1.342753,923.35819,15400000.0,0.19684,0.39369,0.0052242
2s2.4p,2P*,0.5,2.0,20.149652,2s2.5d,2D,1.5,4.0,22.130595,1.980943,625.88473,2930000.0,0.034415,0.06883,0.00091337
2s2.4p,2P*,0.5,2.0,20.149652,2s2.6s,2S,0.5,2.0,22.4739,2.324248,533.43791,6870000.0,0.029308,0.058616,0.00077783
2s2.4p,2P*,0.5,2.0,20.149652,2s.2p.(3P*).3p,2P,0.5,2.0,22.568086,2.418434,512.66315,3210000.0,0.012648,0.025296,0.00033568
2s2.4p,2P*,0.5,2.0,20.149652,2s.2p.(3P*).3p,2P,1.5,4.0,22.570504,2.420852,512.15109,803000.0,0.0063154,0.012631,0.00016761
2s2.4p,2P*,0.5,2.0,20.149652,2s2.6d,2D,1.5,4.0,22.82235,2.672698,463.89154,4570000.0,0.029488,0.058975,0.0007826
2s2.4p,2P*,0.5,2.0,20.149652,2s2.7s,2S,0.5,2.0,23.027948,2.878296,430.75555,3710000.0,0.01032,0.020641,0.0002739
2s2.4p,2P*,0.5,2.0,20.149652,2s2.7d,2D,1.5,4.0,23.22886,3.079208,402.64964,7500000.0,0.036459,0.072918,0.00096762
2s2.4p,2P*,0.5,2.0,20.149652,2s.2p.(3P*).3p,2D,1.5,4.0,23.381096,3.231444,383.68048,16900000.0,0.074596,0.14919,0.0019798
2s2.4p,2P*,0.5,2.0,20.149652,2s.2p.(3P*).4p,2P,0.5,2.0,26.58275,6.433098,192.7286,910000.0,0.00050675,0.0010135,1.3449e-05
2s2.4p,2P*,0.5,2.0,20.149652,2s.2p.(3P*).4p,2P,1.5,4.0,26.585924,6.436272,192.63356,230000.0,0.00025591,0.00051181,6.7918e-06
2s2.4p,2P*,0.5,2.0,20.149652,2s.2p.(3P*).5p,2P,0.5,2.0,28.253674,8.104022,152.99094,1020000.0,0.00035792,0.00071585,9.4993e-06
2s2.4p,2P*,0.5,2.0,20.149652,2s.2p.(3P*).5p,2P,1.5,4.0,28.25695,8.107298,152.92912,260000.0,0.00018232,0.00036465,4.8389e-06
2s2.4p,2P*,1.5,4.0,20.150477,2s2.4d,2D,1.5,4.0,20.84474,0.694263,1785.83906,1920000.0,0.091801,0.3672,0.0024364
2s2.4p,2P*,1.5,4.0,20.150477,2s2.4d,2D,2.5,6.0,20.844765,0.694288,1785.77476,11500000.0,0.82471,3.2988,0.021888
2s2.4p,2P*,1.5,4.0,20.150477,2s2.5s,2S,0.5,2.0,21.492405,1.341928,923.92586,31000000.0,0.19837,0.79346,0.0052646
2s2.4p,2P*,1.5,4.0,20.150477,2s2.5d,2D,1.5,4.0,22.130595,1.980118,626.1455,586000.0,0.0034444,0.013777,9.1413e-05
2s2.4p,2P*,1.5,4.0,20.150477,2s2.5d,2D,2.5,6.0,22.130626,1.980149,626.1357,3510000.0,0.030945,0.12378,0.00082129
2s2.4p,2P*,1.5,4.0,20.150477,2s2.6s,2S,0.5,2.0,22.4739,2.323423,533.62732,13800000.0,0.029457,0.11783,0.00078178
2s2.4p,2P*,1.5,4.0,20.150477,2s.2p.(3P*).3p,2P,0.5,2.0,22.568086,2.417609,512.83809,1600000.0,0.0031544,0.012617,8.3716e-05
2s2.4p,2P*,1.5,4.0,20.150477,2s.2p.(3P*).3p,2P,1.5,4.0,22.570504,2.420027,512.32568,4030000.0,0.015858,0.063433,0.00042088
2s2.4p,2P*,1.5,4.0,20.150477,2s2.6d,2D,1.5,4.0,22.82235,2.671873,464.03477,912000.0,0.0029441,0.011776,7.8137e-05
2s2.4p,2P*,1.5,4.0,20.150477,2s2.6d,2D,2.5,6.0,22.822436,2.671959,464.01984,5480000.0,0.026534,0.10614,0.00070422
2s2.4p,2P*,1.5,4.0,20.150477,2s2.7s,2S,0.5,2.0,23.027948,2.877471,430.87905,7430000.0,0.01034,0.041361,0.00027443
2s2.4p,2P*,1.5,4.0,20.150477,2s2.7d,2D,2.5,6.0,23.22886,3.078383,402.75755,8800000.0,0.032101,0.1284,0.00085197
2s2.4p,2P*,1.5,4.0,20.150477,2s2.7d,2D,1.5,4.0,23.22886,3.078383,402.75755,1500000.0,0.0036479,0.014591,9.6814e-05
2s2.4p,2P*,1.5,4.0,20.150477,2s.2p.(3P*).3p,2D,1.5,4.0,23.381096,3.230619,383.77846,3390000.0,0.0074855,0.029942,0.00019867
2s2.4p,2P*,1.5,4.0,20.150477,2s.2p.(3P*).3p,2D,2.5,6.0,23.385281,3.234804,383.28195,20400000.0,0.067393,0.26957,0.0017886
2s2.4p,2P*,1.5,4.0,20.150477,2s.2p.(3P*).4p,2P,0.5,2.0,26.58275,6.432273,192.75332,450000.0,0.00012533,0.00050131,3.3262e-06
2s2.4p,2P*,1.5,4.0,20.150477,2s.2p.(3P*).4p,2P,1.5,4.0,26.585924,6.435447,192.65825,1130000.0,0.0006288,0.0025152,1.6688e-05
2s2.4p,2P*,1.5,4.0,20.150477,2s.2p.(3P*).5p,2P,0.5,2.0,28.253674,8.103197,153.00652,510000.0,8.9499e-05,0.000358,2.3753e-06
2s2.4p,2P*,1.5,4.0,20.150477,2s.2p.(3P*).5p,2P,1.5,4.0,28.25695,8.106473,152.94469,1280000.0,0.00044889,0.0017956,1.1913e-05
2s.2p.(3P*).3s,4P*,0.5,2.0,20.701289,2s.2p.(3P*).3p,4D,0.5,2.0,22.527518,1.826229,678.90828,29500000.0,0.20385,0.40769,0.0054101
2s.2p.(3P*).3s,4P*,0.5,2.0,20.701289,2s.2p.(3P*).3p,4D,1.5,4.0,22.529299,1.82801,678.24683,14900000.0,0.20552,0.41104,0.0054545
2s.2p.(3P*).3s,4P*,0.5,2.0,20.701289,2s.2p.(3P*).3p,4S,1.5,4.0,22.898766,2.197477,564.21159,9900000.0,0.094495,0.18899,0.0025079
2s.2p.(3P*).3s,4P*,0.5,2.0,20.701289,2s.2p.(3P*).3p,4P,0.5,2.0,23.114048,2.412759,513.86897,15500000.0,0.061362,0.12272,0.0016285
2s.2p.(3P*).3s,4P*,0.5,2.0,20.701289,2s.2p.(3P*).3p,4P,1.5,4.0,23.116074,2.414785,513.43784,37000000.0,0.29246,0.58492,0.0077619
2s.2p.(3P*).3s,4P*,0.5,2.0,20.701289,2s.2p.(3P*).4p,4D,0.5,2.0,26.626817,5.925528,209.23739,20100000.0,0.013193,0.026385,0.00035013
2s.2p.(3P*).3s,4P*,0.5,2.0,20.701289,2s.2p.(3P*).4p,4D,1.5,4.0,26.628437,5.927148,209.1802,10000000.0,0.01312,0.02624,0.0003482
2s.2p.(3P*).3s,4P*,0.5,2.0,20.701289,2s.2p.(3P*).4p,4S,1.5,4.0,26.751796,6.050507,204.91539,1100000.0,0.0013849,0.0027699,3.6756e-05
2s.2p.(3P*).3s,4P*,0.5,2.0,20.701289,2s.2p.(3P*).4p,4P,0.5,2.0,26.825558,6.124269,202.44734,260000.0,0.00015976,0.00031951,4.2399e-06
2s.2p.(3P*).3s,4P*,0.5,2.0,20.701289,2s.2p.(3P*).4p,4P,1.5,4.0,26.827651,6.126362,202.37818,642000.0,0.00078841,0.0015768,2.0924e-05
2s.2p.(3P*).3s,4P*,0.5,2.0,20.701289,2s.2p.(3P*).5p,4D,0.5,2.0,28.29054,7.589251,163.36816,14400000.0,0.0057618,0.011524,0.00015292
2s.2p.(3P*).3s,4P*,0.5,2.0,20.701289,2s.2p.(3P*).5p,4D,1.5,4.0,28.29219,7.590901,163.33265,7210000.0,0.0057673,0.011535,0.00015306
2s.2p.(3P*).3s,4P*,0.5,2.0,20.701289,2s.2p.(3P*).5p,4S,1.5,4.0,28.349833,7.648544,162.1017,1090000.0,0.0008588,0.0017176,2.2793e-05
2s.2p.(3P*).3s,4P*,0.5,2.0,20.701289,2s.2p.(3P*).6p,4D,0.5,2.0,29.136,8.434711,146.99282,9190000.0,0.0029769,0.0059538,7.9007e-05
2s.2p.(3P*).3s,4P*,0.5,2.0,20.701289,2s.2p.(3P*).6p,4D,1.5,4.0,29.1376,8.436311,146.96495,4600000.0,0.002979,0.0059581,7.9063e-05
2s.2p.(3P*).3s,4P*,1.5,4.0,20.704213,2s.2p.(3P*).3p,4D,0.5,2.0,22.527518,1.823305,679.99703,5800000.0,0.020103,0.080414,0.00053355
2s.2p.(3P*).3s,4P*,1.5,4.0,20.704213,2s.2p.(3P*).3p,4D,1.5,4.0,22.529299,1.825086,679.33346,18800000.0,0.13007,0.52029,0.0034521
2s.2p.(3P*).3s,4P*,1.5,4.0,20.704213,2s.2p.(3P*).3p,4D,2.5,6.0,22.5324,1.828187,678.18116,25000000.0,0.25857,1.0343,0.0068625
2s.2p.(3P*).3s,4P*,1.5,4.0,20.704213,2s.2p.(3P*).3p,4S,1.5,4.0,22.898766,2.194553,564.96334,19500000.0,0.093311,0.37325,0.0024765
2s.2p.(3P*).3s,4P*,1.5,4.0,20.704213,2s.2p.(3P*).3p,4P,0.5,2.0,23.114048,2.409835,514.49248,75500000.0,0.14981,0.59923,0.0039759
2s.2p.(3P*).3s,4P*,1.5,4.0,20.704213,2s.2p.(3P*).3p,4P,1.5,4.0,23.116074,2.411861,514.0603,12400000.0,0.049126,0.1965,0.0013038
2s.2p.(3P*).3s,4P*,1.5,4.0,20.704213,2s.2p.(3P*).3p,4P,2.5,6.0,23.118841,2.414628,513.47122,27000000.0,0.16008,0.64033,0.0042486
2s.2p.(3P*).3s,4P*,1.5,4.0,20.704213,2s.2p.(3P*).4p,4D,0.5,2.0,26.626817,5.922604,209.34069,4000000.0,0.001314,0.005256,3.4874e-05
2s.2p.(3P*).3s,4P*,1.5,4.0,20.704213,2s.2p.(3P*).4p,4D,1.5,4.0,26.628437,5.924224,209.28344,12800000.0,0.008405,0.03362,0.00022307
2s.2p.(3P*).3s,4P*,1.5,4.0,20.704213,2s.2p.(3P*).4p,4D,2.5,6.0,26.631221,5.927008,209.18514,16900000.0,0.01663,0.066521,0.00044137
2s.2p.(3P*).3s,4P*,1.5,4.0,20.704213,2s.2p.(3P*).4p,4S,1.5,4.0,26.751796,6.047583,205.01446,2190000.0,0.00138,0.0055199,3.6625e-05
2s.2p.(3P*).3s,4P*,1.5,4.0,20.704213,2s.2p.(3P*).4p,4P,0.5,2.0,26.825558,6.121345,202.54405,1280000.0,0.00039362,0.0015745,1.0447e-05
2s.2p.(3P*).3s,4P*,1.5,4.0,20.704213,2s.2p.(3P*).4p,4P,1.5,4.0,26.827651,6.123438,202.47482,210000.0,0.00012907,0.00051627,3.4255e-06
2s.2p.(3P*).3s,4P*,1.5,4.0,20.704213,2s.2p.(3P*).4p,4P,2.5,6.0,26.830251,6.126038,202.38888,464000.0,0.00042741,0.0017096,1.1343e-05
2s.2p.(3P*).3s,4P*,1.5,4.0,20.704213,2s.2p.(3P*).5p,4D,0.5,2.0,28.29054,7.586327,163.43113,2880000.0,0.00057662,0.0023065,1.5304e-05
2s.2p.(3P*).3s,4P*,1.5,4.0,20.704213,2s.2p.(3P*).5p,4D,1.5,4.0,28.29219,7.587977,163.39559,9220000.0,0.0036904,0.014762,9.7943e-05
2s.2p.(3P*).3s,4P*,1.5,4.0,20.704213,2s.2p.(3P*).5p,4D,2.5,6.0,28.29464,7.590427,163.34285,12100000.0,0.00726,0.02904,0.00019268
2s.2p.(3P*).3s,4P*,1.5,4.0,20.704213,2s.2p.(3P*).5p,4S,1.5,4.0,28.349833,7.64562,162.16369,2190000.0,0.0008634,0.0034536,2.2915e-05
2s.2p.(3P*).3s,4P*,1.5,4.0,20.704213,2s.2p.(3P*).6p,4D,0.5,2.0,29.136,8.431787,147.0438,1800000.0,0.00029174,0.001167,7.7428e-06
2s.2p.(3P*).3s,4P*,1.5,4.0,20.704213,2s.2p.(3P*).6p,4D,1.5,4.0,29.1376,8.433387,147.0159,5880000.0,0.0019053,0.0076212,5.0567e-05
2s.2p.(3P*).3s,4P*,1.5,4.0,20.704213,2s.2p.(3P*).6p,4D,2.5,6.0,29.14006,8.435847,146.97303,7730000.0,0.003755,0.01502,9.9657e-05
2s.2p.(3P*).3s,4P*,2.5,6.0,20.709791,2s.2p.(3P*).3p,4D,1.5,4.0,22.529299,1.819508,681.41607,1710000.0,0.0079358,0.047615,0.00021062
2s.2p.(3P*).3s,4P*,2.5,6.0,20.709791,2s.2p.(3P*).3p,4D,2.5,6.0,22.5324,1.822609,680.2567,10400000.0,0.07215,0.4329,0.0019149
2s.2p.(3P*).3s,4P*,2.5,6.0,20.709791,2s.2p.(3P*).3p,4D,3.5,8.0,22.536905,1.827114,678.57943,35400000.0,0.32584,1.955,0.0086478
2s.2p.(3P*).3s,4P*,2.5,6.0,20.709791,2s.2p.(3P*).3p,4S,1.5,4.0,22.898766,2.188975,566.40299,29300000.0,0.093948,0.56369,0.0024934
2s.2p.(3P*).3s,4P*,2.5,6.0,20.709791,2s.2p.(3P*).3p,4P,1.5,4.0,23.116074,2.406283,515.25194,41800000.0,0.11091,0.66548,0.0029436
2s.2p.(3P*).3s,4P*,2.5,6.0,20.709791,2s.2p.(3P*).3p,4P,2.5,6.0,23.118841,2.40905,514.66013,63500000.0,0.25216,1.513,0.0066923
2s.2p.(3P*).3s,4P*,2.5,6.0,20.709791,2s.2p.(3P*).4p,4D,1.5,4.0,26.628437,5.918646,209.48068,1200000.0,0.00052631,0.0031578,1.3968e-05
2s.2p.(3P*).3s,4P*,2.5,6.0,20.709791,2s.2p.(3P*).4p,4D,2.5,6.0,26.631221,5.92143,209.38219,7210000.0,0.0047389,0.028433,0.00012577
2s.2p.(3P*).3s,4P*,2.5,6.0,20.709791,2s.2p.(3P*).4p,4D,3.5,8.0,26.635493,5.925702,209.23124,24100000.0,0.02109,0.12654,0.00055972
2s.2p.(3P*).3s,4P*,2.5,6.0,20.709791,2s.2p.(3P*).4p,4S,1.5,4.0,26.751796,6.042005,205.20373,3280000.0,0.0013804,0.0082825,3.6636e-05
2s.2p.(3P*).3s,4P*,2.5,6.0,20.709791,2s.2p.(3P*).4p,4P,1.5,4.0,26.827651,6.11786,202.65942,694000.0,0.00028488,0.0017093,7.5607e-06
2s.2p.(3P*).3s,4P*,2.5,6.0,20.709791,2s.2p.(3P*).4p,4P,2.5,6.0,26.830251,6.12046,202.57333,1080000.0,0.00066443,0.0039866,1.7634e-05
2s.2p.(3P*).3s,4P*,2.5,6.0,20.709791,2s.2p.(3P*).5p,4D,1.5,4.0,28.29219,7.582399,163.51579,860000.0,0.00022982,0.0013789,6.0994e-06
2s.2p.(3P*).3s,4P*,2.5,6.0,20.709791,2s.2p.(3P*).5p,4D,2.5,6.0,28.29464,7.584849,163.46298,5180000.0,0.002075,0.01245,5.5072e-05
2s.2p.(3P*).3s,4P*,2.5,6.0,20.709791,2s.2p.(3P*).5p,4D,3.5,8.0,28.299002,7.589211,163.36902,17300000.0,0.0092296,0.055378,0.00024495
2s.2p.(3P*).3s,4P*,2.5,6.0,20.709791,2s.2p.(3P*).5p,4S,1.5,4.0,28.349833,7.640042,162.28209,3270000.0,0.00086071,0.0051643,2.2843e-05
2s.2p.(3P*).3s,4P*,2.5,6.0,20.709791,2s.2p.(3P*).6p,4D,1.5,4.0,29.1376,8.427809,147.1132,550000.0,0.00011897,0.00071381,3.1574e-06
2s.2p.(3P*).3s,4P*,2.5,6.0,20.709791,2s.2p.(3P*).6p,4D,2.5,6.0,29.14006,8.430269,147.07028,3310000.0,0.0010733,0.00644,2.8486e-05
2s.2p.(3P*).3s,4P*,2.5,6.0,20.709791,2s.2p.(3P*).6p,4D,3.5,8.0,29.14454,8.434749,146.99216,11000000.0,0.0047509,0.028506,0.00012609
2s2.4d,2D,1.5,4.0,20.84474,2p3,2P*,0.5,2.0,20.919793,0.075053,16519.55264,3460.0,0.0070779,0.028311,0.00018785
2s2.4d,2D,1.5,4.0,20.84474,2p3,2P*,1.5,4.0,20.922118,0.077378,16023.18468,379.0,0.0014588,0.0058352,3.8717e-05
2s2.4d,2D,1.5,4.0,20.84474,2s2.4f,2F*,2.5,6.0,20.950632,0.105892,11708.55196,32000.0,0.098652,0.39461,0.0026182
2s2.4d,2D,1.5,4.0,20.84474,2s2.5p,2P*,0.5,2.0,21.732863,0.888123,1396.02508,9380000.0,0.13703,0.54812,0.0036368
2s2.4d,2D,1.5,4.0,20.84474,2s2.5p,2P*,1.5,4.0,21.733778,0.889038,1394.58829,941000.0,0.027437,0.10975,0.00072819
2s2.4d,2D,1.5,4.0,20.84474,2s.2p.(3P*).3s,2P*,0.5,2.0,22.041235,1.196495,1036.2283,305000.0,0.0024549,0.0098197,6.5154e-05
2s2.4d,2D,1.5,4.0,20.84474,2s.2p.(3P*).3s,2P*,1.5,4.0,22.043587,1.198847,1034.19534,30700.0,0.00049227,0.0019691,1.3065e-05
2s2.4d,2D,1.5,4.0,20.84474,2s2.5f,2F*,2.5,6.0,22.187763,1.343023,923.17256,38000000.0,0.72828,2.9131,0.019329
2s2.4d,2D,1.5,4.0,20.84474,2s2.6p,2P*,0.5,2.0,22.688229,1.843489,672.55188,5160000.0,0.017496,0.069983,0.00046434
2s2.4d,2D,1.5,4.0,20.84474,2s2.6p,2P*,1.5,4.0,22.688255,1.843515,672.54239,530000.0,0.003594,0.014376,9.5384e-05
2s2.4d,2D,1.5,4.0,20.84474,2s2.6f,2F*,2.5,6.0,22.859729,2.014989,615.30955,20700000.0,0.17624,0.70497,0.0046775
2s2.4d,2D,1.5,4.0,20.84474,2s2.7p,2P*,0.5,2.0,23.15347,2.30873,537.02338,3110000.0,0.0067232,0.026893,0.00017843
2s2.4d,2D,1.5,4.0,20.84474,2s2.7p,2P*,1.5,4.0,23.15359,2.30885,536.99547,311000.0,0.0013445,0.005378,3.5683e-05
2s2.4d,2D,1.5,4.0,20.84474,2s2.7f,2F*,2.5,6.0,23.264628,2.419888,512.35511,12200000.0,0.07202,0.28808,0.0019114
2s2.4d,2D,1.5,4.0,20.84474,2s2.8f,2F*,2.5,6.0,23.52747,2.68273,462.15683,7800000.0,0.037465,0.14986,0.00099432
2s2.4d,2D,1.5,4.0,20.84474,2s2.9f,2F*,2.5,6.0,23.707425,2.862685,433.10458,5300000.0,0.022357,0.089428,0.00059335
2s2.4d,2D,1.5,4.0,20.84474,2s2.11f,2F*,2.5,6.0,23.93119,3.08645,401.70487,2900000.0,0.010524,0.042094,0.0002793
2s2.4d,2D,1.5,4.0,20.84474,2s2.12f,2F*,2.5,6.0,24.00349,3.15875,392.51032,2400000.0,0.008315,0.03326,0.00022068
2s2.4d,2D,1.5,4.0,20.84474,2s2.14f,2F*,2.5,6.0,24.10424,3.2595,380.37797,1800000.0,0.0058567,0.023427,0.00015544
2s2.4d,2D,1.5,4.0,20.84474,2s.2p.(3P*).3d,2D*,1.5,4.0,24.601624,3.756884,330.0187,238000.0,0.00038861,0.0015544,1.0314e-05
2s2.4d,2D,1.5,4.0,20.84474,2s.2p.(3P*).3d,2D*,2.5,6.0,24.602961,3.758221,329.9013,18000.0,4.4055e-05,0.00017622,1.1692e-06
2s2.4d,2D,2.5,6.0,20.844765,2p3,2P*,1.5,4.0,20.922118,0.077353,16028.36327,3410.0,0.0087559,0.052535,0.00023238
2s2.4d,2D,2.5,6.0,20.844765,2s2.4f,2F*,2.5,6.0,20.950632,0.105867,11711.31688,2300.0,0.0047293,0.028376,0.00012552
2s2.4d,2D,2.5,6.0,20.844765,2s2.4f,2F*,3.5,8.0,20.950654,0.105889,11708.88368,35000.0,0.095917,0.5755,0.0025456
2s2.4d,2D,2.5,6.0,20.844765,2s2.5p,2P*,1.5,4.0,21.733778,0.889013,1394.62751,8460000.0,0.16446,0.98675,0.0043647
2s2.4d,2D,2.5,6.0,20.844765,2s.2p.(3P*).3s,2P*,1.5,4.0,22.043587,1.198822,1034.21691,276000.0,0.0029505,0.017703,7.8307e-05
2s2.4d,2D,2.5,6.0,20.844765,2s2.5f,2F*,2.5,6.0,22.187763,1.342998,923.18975,2720000.0,0.034754,0.20853,0.00092238
2s2.4d,2D,2.5,6.0,20.844765,2s2.5f,2F*,3.5,8.0,22.187773,1.343008,923.18287,40800000.0,0.69508,4.1705,0.018447
2s2.4d,2D,2.5,6.0,20.844765,2s2.6p,2P*,1.5,4.0,22.688255,1.84349,672.55151,4800000.0,0.0217,0.1302,0.00057592
2s2.4d,2D,2.5,6.0,20.844765,2s2.6f,2F*,2.5,6.0,22.859729,2.014964,615.31719,1400000.0,0.0079467,0.04768,0.0002109
2s2.4d,2D,2.5,6.0,20.844765,2s2.6f,2F*,3.5,8.0,22.859734,2.014969,615.31566,22100000.0,0.16726,1.0035,0.004439
2s2.4d,2D,2.5,6.0,20.844765,2s2.7p,2P*,1.5,4.0,23.15359,2.308825,537.00128,2800000.0,0.0080701,0.04842,0.00021418
2s2.4d,2D,2.5,6.0,20.844765,2s2.7f,2F*,2.5,6.0,23.264628,2.419863,512.3604,820000.0,0.0032272,0.019363,8.565e-05
2s2.4d,2D,2.5,6.0,20.844765,2s2.7f,2F*,3.5,8.0,23.264631,2.419866,512.35977,13000000.0,0.068217,0.4093,0.0018105
2s2.4d,2D,2.5,6.0,20.844765,2s2.8f,2F*,2.5,6.0,23.52747,2.682705,462.16113,550000.0,0.0017612,0.010567,4.6742e-05
2s2.4d,2D,2.5,6.0,20.844765,2s2.8f,2F*,3.5,8.0,23.527471,2.682706,462.16096,8320000.0,0.035523,0.21314,0.00094278
2s2.4d,2D,2.5,6.0,20.844765,2s2.9f,2F*,2.5,6.0,23.707425,2.86266,433.10836,380000.0,0.0010687,0.0064119,2.8362e-05
2s2.4d,2D,2.5,6.0,20.844765,2s2.9f,2F*,3.5,8.0,23.707426,2.862661,433.10821,5600000.0,0.020998,0.12599,0.00055729
2s2.4d,2D,2.5,6.0,20.844765,2s2.11f,2F*,3.5,8.0,23.93119,3.086425,401.70812,3100000.0,0.0099996,0.059997,0.00026539
2s2.4d,2D,2.5,6.0,20.844765,2s2.11f,2F*,2.5,6.0,23.93119,3.086425,401.70812,210000.0,0.00050804,0.0030483,1.3483e-05
2s2.4d,2D,2.5,6.0,20.844765,2s2.12f,2F*,3.5,8.0,24.00349,3.158725,392.51343,2600000.0,0.0080072,0.048043,0.00021251
2s2.4d,2D,2.5,6.0,20.844765,2s2.12f,2F*,2.5,6.0,24.00349,3.158725,392.51343,170000.0,0.00039266,0.002356,1.0421e-05
2s2.4d,2D,2.5,6.0,20.844765,2s2.14f,2F*,3.5,8.0,24.10424,3.259475,380.38088,1900000.0,0.0054953,0.032972,0.00014584
2s2.4d,2D,2.5,6.0,20.844765,2s2.14f,2F*,2.5,6.0,24.10424,3.259475,380.38088,130000.0,0.00028199,0.001692,7.4841e-06
2s2.4d,2D,2.5,6.0,20.844765,2s.2p.(3P*).3d,2D*,1.5,4.0,24.601624,3.756859,330.0209,26000.0,2.8302e-05,0.00016981,7.5115e-07
2s2.4d,2D,2.5,6.0,20.844765,2s.2p.(3P*).3d,2D*,2.5,6.0,24.602961,3.758196,329.90349,247000.0,0.00040302,0.0024181,1.0696e-05
2p3,2P*,0.5,2.0,20.919793,2s2.5s,2S,0.5,2.0,21.492405,0.572612,2165.23926,980000.0,0.068881,0.13776,0.0018281
2p3,2P*,0.5,2.0,20.919793,2s2.5d,2D,1.5,4.0,22.130595,1.210802,1023.98409,3680000.0,0.1157,0.23139,0.0030706
2p3,2P*,0.5,2.0,20.919793,2s2.6s,2S,0.5,2.0,22.4739,1.554107,797.78418,72200.0,0.00068892,0.0013778,1.8284e-05
2p3,2P*,0.5,2.0,20.919793,2s.2p.(3P*).3p,2P,0.5,2.0,22.568086,1.648293,752.19757,6070000.0,0.051489,0.10298,0.0013665
2p3,2P*,0.5,2.0,20.919793,2s.2p.(3P*).3p,2P,1.5,4.0,22.570504,1.650711,751.09573,1530000.0,0.02588,0.051761,0.00068687
2p3,2P*,0.5,2.0,20.919793,2s2.6d,2D,1.5,4.0,22.82235,1.902557,651.6714,681000.0,0.0086715,0.017343,0.00023014
2p3,2P*,0.5,2.0,20.919793,2s2.7s,2S,0.5,2.0,23.027948,2.108155,588.11709,78200.0,0.0004055,0.00081101,1.0762e-05
2p3,2P*,0.5,2.0,20.919793,2s.2p.(3P*).3p,2D,1.5,4.0,23.381096,2.461303,503.73399,26200000.0,0.19934,0.39868,0.0052905
2p3,2P*,0.5,2.0,20.919793,2s.2p.(3P*).4p,2P,0.5,2.0,26.58275,5.662957,218.93897,27000000.0,0.019403,0.038806,0.00051496
2p3,2P*,0.5,2.0,20.919793,2s.2p.(3P*).4p,2P,1.5,4.0,26.585924,5.666131,218.81633,6770000.0,0.0097194,0.019439,0.00025795
2p3,2P*,0.5,2.0,20.919793,2s.2p.(3P*).5p,2P,0.5,2.0,28.253674,7.333881,169.05674,21800000.0,0.0093407,0.018681,0.0002479
2p3,2P*,0.5,2.0,20.919793,2s.2p.(3P*).5p,2P,1.5,4.0,28.25695,7.337157,168.98125,5470000.0,0.0046833,0.0093666,0.0001243
2p3,2P*,1.5,4.0,20.922118,2s2.5s,2S,0.5,2.0,21.492405,0.570287,2174.06671,1940000.0,0.068735,0.27494,0.0018242
2p3,2P*,1.5,4.0,20.922118,2s2.5d,2D,1.5,4.0,22.130595,1.208477,1025.95414,732000.0,0.011551,0.046205,0.00030657
2p3,2P*,1.5,4.0,20.922118,2s2.5d,2D,2.5,6.0,22.130626,1.208508,1025.92783,4410000.0,0.10438,0.41753,0.0027703
2p3,2P*,1.5,4.0,20.922118,2s2.6s,2S,0.5,2.0,22.4739,1.551782,798.97949,144000.0,0.00068907,0.0027563,1.8288e-05
2p3,2P*,1.5,4.0,20.922118,2s.2p.(3P*).3p,2P,0.5,2.0,22.568086,1.645968,753.26008,3030000.0,0.012887,0.051549,0.00034203
2p3,2P*,1.5,4.0,20.922118,2s.2p.(3P*).3p,2P,1.5,4.0,22.570504,1.648386,752.15513,7610000.0,0.064544,0.25818,0.001713
2p3,2P*,1.5,4.0,20.922118,2s2.6d,2D,1.5,4.0,22.82235,1.900232,652.46874,136000.0,0.000868,0.003472,2.3037e-05
2p3,2P*,1.5,4.0,20.922118,2s2.6d,2D,2.5,6.0,22.822436,1.900318,652.43921,815000.0,0.0078017,0.031207,0.00020706
2p3,2P*,1.5,4.0,20.922118,2s2.7s,2S,0.5,2.0,23.027948,2.10583,588.76642,156000.0,0.00040536,0.0016214,1.0758e-05
2p3,2P*,1.5,4.0,20.922118,2s.2p.(3P*).3p,2D,1.5,4.0,23.381096,2.458978,504.21028,5220000.0,0.019895,0.079582,0.00052802
2p3,2P*,1.5,4.0,20.922118,2s.2p.(3P*).3p,2D,2.5,6.0,23.385281,2.463163,503.35361,31500000.0,0.17948,0.71791,0.0047633
2p3,2P*,1.5,4.0,20.922118,2s.2p.(3P*).4p,2P,0.5,2.0,26.58275,5.660632,219.0289,13500000.0,0.0048547,0.019419,0.00012884
2p3,2P*,1.5,4.0,20.922118,2s.2p.(3P*).4p,2P,1.5,4.0,26.585924,5.663806,218.90615,34000000.0,0.024426,0.097704,0.00064827
2p3,2P*,1.5,4.0,20.922118,2s.2p.(3P*).5p,2P,0.5,2.0,28.253674,7.331556,169.11035,10900000.0,0.0023367,0.0093467,6.2015e-05
2p3,2P*,1.5,4.0,20.922118,2s.2p.(3P*).5p,2P,1.5,4.0,28.25695,7.334832,169.03482,27300000.0,0.011694,0.046777,0.00031037
2s2.4f,2F*,2.5,6.0,20.950632,2s2.5d,2D,1.5,4.0,22.130595,1.179963,1050.74649,1550000.0,0.017104,0.10262,0.00045394
2s2.4f,2F*,2.5,6.0,20.950632,2s2.5d,2D,2.5,6.0,22.130626,1.179994,1050.71889,73000.0,0.0012082,0.0072495,3.2067e-05
2s2.4f,2F*,2.5,6.0,20.950632,2s2.5g,2G,3.5,8.0,22.202225,1.251593,990.61115,67000000.0,1.3143,7.8855,0.03488
2s2.4f,2F*,2.5,6.0,20.950632,2s2.6d,2D,1.5,4.0,22.82235,1.871718,662.40854,620000.0,0.002719,0.016314,7.2163e-05
2s2.4f,2F*,2.5,6.0,20.950632,2s2.6d,2D,2.5,6.0,22.822436,1.871804,662.3781,30000.0,0.00019733,0.001184,5.2371e-06
2s2.4f,2F*,2.5,6.0,20.950632,2s2.6g,2G,3.5,8.0,22.868823,1.918191,646.36003,22000000.0,0.18373,1.1024,0.0048761
2s2.4f,2F*,2.5,6.0,20.950632,2s2.7d,2D,2.5,6.0,23.22886,2.278228,544.2133,13000.0,5.7722e-05,0.00034633,1.5319e-06
2s2.4f,2F*,2.5,6.0,20.950632,2s2.7d,2D,1.5,4.0,23.22886,2.278228,544.2133,420000.0,0.0012432,0.0074595,3.2996e-05
2s2.4f,2F*,2.5,6.0,20.950632,2s2.7g,2G,3.5,8.0,23.270759,2.320127,534.3854,10400000.0,0.059366,0.3562,0.0015756
2s2.4f,2F*,2.5,6.0,20.950632,2s2.8g,2G,3.5,8.0,23.531602,2.58097,480.3783,5900000.0,0.027216,0.16329,0.0007223
2s2.4f,2F*,2.5,6.0,20.950632,2s2.9g,2G,3.5,8.0,23.710396,2.759764,449.25652,3700000.0,0.014928,0.089565,0.00039618
2s2.4f,2F*,2.5,6.0,20.950632,2s2.10g,2G,3.5,8.0,23.838287,2.887655,429.35946,2500000.0,0.0092126,0.055275,0.0002445
2s2.4f,2F*,2.5,6.0,20.950632,2s2.11g,2G,3.5,8.0,23.932878,2.982246,415.74102,2400000.0,0.0082919,0.049752,0.00022007
2s2.4f,2F*,2.5,6.0,20.950632,2s2.12g,2G,3.5,8.0,24.004847,3.054215,405.94457,1600000.0,0.0052705,0.031623,0.00013988
2s2.4f,2F*,2.5,6.0,20.950632,2s2.14g,2G,3.5,8.0,24.10527,3.154638,393.02195,1100000.0,0.0033964,0.020379,9.0142e-05
2s2.4f,2F*,3.5,8.0,20.950654,2s2.5d,2D,2.5,6.0,22.130626,1.179972,1050.73848,1480000.0,0.018373,0.14698,0.00048761
2s2.4f,2F*,3.5,8.0,20.950654,2s2.5g,2G,3.5,8.0,22.202225,1.251571,990.62857,2490000.0,0.036634,0.29307,0.00097226
2s2.4f,2F*,3.5,8.0,20.950654,2s2.5g,2G,4.5,10.0,22.202234,1.25158,990.62144,69500000.0,1.2781,10.225,0.033921
2s2.4f,2F*,3.5,8.0,20.950654,2s2.6d,2D,2.5,6.0,22.822436,1.871782,662.38589,590000.0,0.0029107,0.023285,7.725e-05
2s2.4f,2F*,3.5,8.0,20.950654,2s2.6g,2G,3.5,8.0,22.868823,1.918169,646.36744,810000.0,0.0050735,0.040588,0.00013465
2s2.4f,2F*,3.5,8.0,20.950654,2s2.6g,2G,4.5,10.0,22.868828,1.918174,646.36575,22900000.0,0.17929,1.4343,0.0047584
2s2.4f,2F*,3.5,8.0,20.950654,2s2.7d,2D,2.5,6.0,23.22886,2.278206,544.21856,390000.0,0.0012988,0.01039,3.4469e-05
2s2.4f,2F*,3.5,8.0,20.950654,2s2.7g,2G,3.5,8.0,23.270759,2.320105,534.39046,390000.0,0.0016697,0.013358,4.4314e-05
2s2.4f,2F*,3.5,8.0,20.950654,2s2.7g,2G,4.5,10.0,23.270763,2.320109,534.38954,10800000.0,0.057798,0.46238,0.0015339
2s2.4f,2F*,3.5,8.0,20.950654,2s2.8g,2G,3.5,8.0,23.531602,2.580948,480.3824,220000.0,0.00076113,0.006089,2.02e-05
2s2.4f,2F*,3.5,8.0,20.950654,2s2.8g,2G,4.5,10.0,23.531603,2.580949,480.38221,6110000.0,0.026423,0.21139,0.00070127
2s2.4f,2F*,3.5,8.0,20.950654,2s2.9g,2G,3.5,8.0,23.710396,2.759742,449.26011,140000.0,0.00042363,0.003389,1.1243e-05
2s2.4f,2F*,3.5,8.0,20.950654,2s2.9g,2G,4.5,10.0,23.710397,2.759743,449.25994,3800000.0,0.014373,0.11498,0.00038146
2s2.4f,2F*,3.5,8.0,20.950654,2s2.10g,2G,3.5,8.0,23.838287,2.887633,429.36273,90000.0,0.00024874,0.0019899,6.6016e-06
2s2.4f,2F*,3.5,8.0,20.950654,2s2.10g,2G,4.5,10.0,23.838288,2.887634,429.36258,2600000.0,0.0089824,0.071859,0.00023839
2s2.4f,2F*,3.5,8.0,20.950654,2s2.11g,2G,3.5,8.0,23.932878,2.982224,415.74408,90000.0,0.00023321,0.0018657,6.1895e-06
2s2.4f,2F*,3.5,8.0,20.950654,2s2.11g,2G,4.5,10.0,23.932879,2.982225,415.74394,2400000.0,0.0077738,0.06219,0.00020632
2s2.4f,2F*,3.5,8.0,20.950654,2s2.12g,2G,4.5,10.0,24.004847,3.054193,405.94749,1700000.0,0.00525,0.042,0.00013933
2s2.4f,2F*,3.5,8.0,20.950654,2s2.12g,2G,3.5,8.0,24.004847,3.054193,405.94749,60000.0,0.00014823,0.0011859,3.9342e-06
2s2.4f,2F*,3.5,8.0,20.950654,2s2.14g,2G,4.5,10.0,24.10527,3.154616,393.02469,1200000.0,0.0034737,0.027789,9.2192e-05
2s2.4f,2F*,3.5,8.0,20.950654,2s2.14g,2G,3.5,8.0,24.10527,3.154616,393.02469,40000.0,9.2632e-05,0.00074105,2.4584e-06
2s2.5s,2S,0.5,2.0,21.492405,2s2.5p,2P*,0.5,2.0,21.732863,0.240458,5156.16858,864000.0,0.34437,0.68874,0.0091396
2s2.5s,2S,0.5,2.0,21.492405,2s2.5p,2P*,1.5,4.0,21.733778,0.241373,5136.62251,679000.0,0.53717,1.0743,0.014257
2s2.5s,2S,0.5,2.0,21.492405,2s.2p.(3P*).3s,2P*,0.5,2.0,22.041235,0.54883,2259.0638,3370000.0,0.25784,0.51568,0.006843
2s2.5s,2S,0.5,2.0,21.492405,2s.2p.(3P*).3s,2P*,1.5,4.0,22.043587,0.551182,2249.42394,3380000.0,0.5128,1.0256,0.01361
2s2.5s,2S,0.5,2.0,21.492405,2s2.6p,2P*,0.5,2.0,22.688229,1.195824,1036.80975,59000.0,0.00095085,0.0019017,2.5235e-05
2s2.5s,2S,0.5,2.0,21.492405,2s2.6p,2P*,1.5,4.0,22.688255,1.19585,1036.78721,63000.0,0.0020305,0.0040611,5.389e-05
2s2.5s,2S,0.5,2.0,21.492405,2s2.7p,2P*,0.5,2.0,23.15347,1.661065,746.41389,120000.0,0.0010023,0.0020046,2.6601e-05
2s2.5s,2S,0.5,2.0,21.492405,2s2.7p,2P*,1.5,4.0,23.15359,1.661185,746.35997,90000.0,0.0015032,0.0030065,3.9896e-05
2s2.5p,2P*,0.5,2.0,21.732863,2s2.5d,2D,1.5,4.0,22.130595,0.397732,3117.27994,3290000.0,0.9586,1.9172,0.025441
2s2.5p,2P*,0.5,2.0,21.732863,2s2.6s,2S,0.5,2.0,22.4739,0.741037,1673.11752,10200000.0,0.42807,0.85614,0.011361
2s2.5p,2P*,0.5,2.0,21.732863,2s2.6d,2D,1.5,4.0,22.82235,1.089487,1138.0053,1860000.0,0.072226,0.14445,0.0019169
2s2.5p,2P*,0.5,2.0,21.732863,2s2.7s,2S,0.5,2.0,23.027948,1.295085,957.3441,3700000.0,0.050839,0.10168,0.0013493
2s2.5p,2P*,0.5,2.0,21.732863,2s2.7d,2D,1.5,4.0,23.22886,1.495997,828.77304,1800000.0,0.037071,0.074142,0.00098386
2s2.5p,2P*,0.5,2.0,21.732863,2s.2p.(3P*).3p,2D,1.5,4.0,23.381096,1.648233,752.22495,300000.0,0.0050899,0.01018,0.00013509
2s2.5p,2P*,0.5,2.0,21.732863,2s.2p.(3P*).4p,2P,0.5,2.0,26.58275,4.849887,255.64348,8500000.0,0.0083281,0.016656,0.00022103
2s2.5p,2P*,1.5,4.0,21.733778,2s2.5d,2D,1.5,4.0,22.130595,0.396817,3124.46791,1020000.0,0.14928,0.59713,0.003962
2s2.5p,2P*,1.5,4.0,21.733778,2s2.5d,2D,2.5,6.0,22.130626,0.396848,3124.22384,3940000.0,0.86483,3.4593,0.022953
2s2.5p,2P*,1.5,4.0,21.733778,2s2.6s,2S,0.5,2.0,22.4739,0.740122,1675.18596,20400000.0,0.42913,1.7165,0.011389
2s2.5p,2P*,1.5,4.0,21.733778,2s2.6d,2D,1.5,4.0,22.82235,1.088572,1138.96185,370000.0,0.0071958,0.028783,0.00019098
2s2.5p,2P*,1.5,4.0,21.733778,2s2.6d,2D,2.5,6.0,22.822436,1.088658,1138.87188,2240000.0,0.065335,0.26134,0.001734
2s2.5p,2P*,1.5,4.0,21.733778,2s2.7s,2S,0.5,2.0,23.027948,1.29417,958.02096,7390000.0,0.050842,0.20337,0.0013494
2s2.5p,2P*,1.5,4.0,21.733778,2s2.7d,2D,2.5,6.0,23.22886,1.495082,829.28026,2110000.0,0.032631,0.13053,0.00086604
2s2.5p,2P*,1.5,4.0,21.733778,2s2.7d,2D,1.5,4.0,23.22886,1.495082,829.28026,350000.0,0.0036085,0.014434,9.577e-05
2s2.5p,2P*,1.5,4.0,21.733778,2s.2p.(3P*).3p,2D,1.5,4.0,23.381096,1.647318,752.64277,1000000.0,0.0084925,0.03397,0.00022539
2s2.5p,2P*,1.5,4.0,21.733778,2s.2p.(3P*).3p,2D,2.5,6.0,23.385281,1.651503,750.73553,390000.0,0.004943,0.019772,0.00013119
2s2.5p,2P*,1.5,4.0,21.733778,2s.2p.(3P*).4p,2P,0.5,2.0,26.58275,4.848972,255.69172,4100000.0,0.0020093,0.0080372,5.3327e-05
2s2.5p,2P*,1.5,4.0,21.733778,2s.2p.(3P*).4p,2P,1.5,4.0,26.585924,4.852146,255.52446,10400000.0,0.01018,0.040721,0.00027018
2s.2p.(3P*).3s,2P*,0.5,2.0,22.041235,2s2.6s,2S,0.5,2.0,22.4739,0.432665,2865.59344,1650000.0,0.20313,0.40626,0.0053911
2s.2p.(3P*).3s,2P*,0.5,2.0,22.041235,2s.2p.(3P*).3p,2P,0.5,2.0,22.568086,0.526851,2353.30669,389000.0,0.032297,0.064595,0.00085717
2s.2p.(3P*).3s,2P*,0.5,2.0,22.041235,2s.2p.(3P*).3p,2P,1.5,4.0,22.570504,0.529269,2342.55546,98500.0,0.016207,0.032414,0.00043014
2s.2p.(3P*).3s,2P*,0.5,2.0,22.041235,2s2.6d,2D,1.5,4.0,22.82235,0.781115,1587.27202,2460000.0,0.18583,0.37167,0.0049321
2s.2p.(3P*).3s,2P*,0.5,2.0,22.041235,2s2.7s,2S,0.5,2.0,23.027948,0.986713,1256.5376,248000.0,0.0058703,0.011741,0.0001558
2s.2p.(3P*).3s,2P*,0.5,2.0,22.041235,2s.2p.(3P*).3p,2D,1.5,4.0,23.381096,1.339861,925.3512,2770000.0,0.071118,0.14224,0.0018875
2s.2p.(3P*).3s,2P*,0.5,2.0,22.041235,2s.2p.(3P*).4p,2P,0.5,2.0,26.58275,4.541515,273.00185,26300000.0,0.029386,0.058773,0.00077992
2s.2p.(3P*).3s,2P*,0.5,2.0,22.041235,2s.2p.(3P*).4p,2P,1.5,4.0,26.585924,4.544689,272.81118,6640000.0,0.014818,0.029635,0.00039326
2s.2p.(3P*).3s,2P*,0.5,2.0,22.041235,2s.2p.(3P*).4p,4D,0.5,2.0,26.626817,4.585582,270.37833,76000.0,8.3295e-05,0.00016659,2.2106e-06
2s.2p.(3P*).3s,2P*,0.5,2.0,22.041235,2s.2p.(3P*).4p,4D,1.5,4.0,26.628437,4.587202,270.28284,12500.0,2.738e-05,5.476e-05,7.2667e-07
2s.2p.(3P*).3s,2P*,0.5,2.0,22.041235,2s.2p.(3P*).4p,4S,1.5,4.0,26.751796,4.710561,263.20474,1000.0,2.0772e-06,4.1544e-06,5.5129e-08
2s.2p.(3P*).3s,2P*,0.5,2.0,22.041235,2s.2p.(3P*).5p,2P,0.5,2.0,28.253674,6.212439,199.57411,14700000.0,0.0087778,0.017556,0.00023296
2s.2p.(3P*).3s,2P*,0.5,2.0,22.041235,2s.2p.(3P*).5p,2P,1.5,4.0,28.25695,6.215715,199.46892,3690000.0,0.0044022,0.0088043,0.00011683
2s.2p.(3P*).3s,2P*,1.5,4.0,22.043587,2s2.6s,2S,0.5,2.0,22.4739,0.430313,2881.25616,3250000.0,0.20224,0.80898,0.0053676
2s.2p.(3P*).3s,2P*,1.5,4.0,22.043587,2s.2p.(3P*).3p,2P,0.5,2.0,22.568086,0.524499,2363.85958,192000.0,0.0080422,0.032169,0.00021344
2s.2p.(3P*).3s,2P*,1.5,4.0,22.043587,2s.2p.(3P*).3p,2P,1.5,4.0,22.570504,0.526917,2353.01192,486000.0,0.040341,0.16136,0.0010706
2s.2p.(3P*).3s,2P*,1.5,4.0,22.043587,2s2.6d,2D,1.5,4.0,22.82235,0.778763,1592.06586,488000.0,0.018544,0.074176,0.00049216
2s.2p.(3P*).3s,2P*,1.5,4.0,22.043587,2s2.6d,2D,2.5,6.0,22.822436,0.778849,1591.89006,2930000.0,0.16697,0.66789,0.0044314
2s.2p.(3P*).3s,2P*,1.5,4.0,22.043587,2s2.7s,2S,0.5,2.0,23.027948,0.984361,1259.53993,492000.0,0.0058508,0.023403,0.00015528
2s.2p.(3P*).3s,2P*,1.5,4.0,22.043587,2s.2p.(3P*).3p,2D,1.5,4.0,23.381096,1.337509,926.97842,552000.0,0.0071111,0.028444,0.00018873
2s.2p.(3P*).3s,2P*,1.5,4.0,22.043587,2s.2p.(3P*).3p,2D,2.5,6.0,23.385281,1.341694,924.087,3340000.0,0.064139,0.25656,0.0017023
2s.2p.(3P*).3s,2P*,1.5,4.0,22.043587,2s.2p.(3P*).4p,2P,0.5,2.0,26.58275,4.539163,273.14331,13200000.0,0.0073822,0.029529,0.00019592
2s.2p.(3P*).3s,2P*,1.5,4.0,22.043587,2s.2p.(3P*).4p,2P,1.5,4.0,26.585924,4.542337,272.95244,32800000.0,0.036636,0.14654,0.00097232
2s.2p.(3P*).3s,2P*,1.5,4.0,22.043587,2s.2p.(3P*).4p,4D,0.5,2.0,26.626817,4.58323,270.51708,37500.0,2.0571e-05,8.2283e-05,5.4595e-07
2s.2p.(3P*).3s,2P*,1.5,4.0,22.043587,2s.2p.(3P*).4p,4D,1.5,4.0,26.628437,4.58485,270.42149,46500.0,5.0979e-05,0.00020392,1.353e-06
2s.2p.(3P*).3s,2P*,1.5,4.0,22.043587,2s.2p.(3P*).4p,4D,2.5,6.0,26.631221,4.587634,270.25739,310.0,5.0918e-07,2.0367e-06,1.3514e-08
2s.2p.(3P*).3s,2P*,1.5,4.0,22.043587,2s.2p.(3P*).4p,4S,1.5,4.0,26.751796,4.708209,263.33622,5000.0,5.1982e-06,2.0793e-05,1.3796e-07
2s.2p.(3P*).3s,2P*,1.5,4.0,22.043587,2s.2p.(3P*).5p,2P,0.5,2.0,28.253674,6.210087,199.6497,7360000.0,0.0021991,0.0087964,5.8364e-05
2s.2p.(3P*).3s,2P*,1.5,4.0,22.043587,2s.2p.(3P*).5p,2P,1.5,4.0,28.25695,6.213363,199.54443,18400000.0,0.010984,0.043936,0.00029151
2s2.5d,2D,1.5,4.0,22.130595,2s2.5f,2F*,2.5,6.0,22.187763,0.057168,21687.69214,18100.0,0.19145,0.7658,0.0050811
2s2.5d,2D,1.5,4.0,22.130595,2s2.6p,2P*,0.5,2.0,22.688229,0.557634,2223.3974,3960000.0,0.14674,0.58697,0.0038946
2s2.5d,2D,1.5,4.0,22.130595,2s2.6p,2P*,1.5,4.0,22.688255,0.55766,2223.29373,393000.0,0.029124,0.11649,0.00077294
2s2.5d,2D,1.5,4.0,22.130595,2s2.6f,2F*,2.5,6.0,22.859729,0.729134,1700.4309,9790000.0,0.63658,2.5463,0.016895
2s2.5d,2D,1.5,4.0,22.130595,2s2.7p,2P*,0.5,2.0,23.15347,1.022875,1212.11486,2720000.0,0.029956,0.11982,0.00079504
2s2.5d,2D,1.5,4.0,22.130595,2s2.7p,2P*,1.5,4.0,23.15359,1.022995,1211.97267,270000.0,0.0059458,0.023783,0.0001578
2s2.5d,2D,1.5,4.0,22.130595,2s2.7f,2F*,2.5,6.0,23.264628,1.134033,1093.30327,6540000.0,0.1758,0.70319,0.0046656
2s2.5d,2D,1.5,4.0,22.130595,2s2.8f,2F*,2.5,6.0,23.52747,1.396875,887.58263,4320000.0,0.076534,0.30613,0.0020312
2s2.5d,2D,1.5,4.0,22.130595,2s2.9f,2F*,2.5,6.0,23.707425,1.57683,786.28767,2980000.0,0.041431,0.16573,0.0010996
2s2.5d,2D,2.5,6.0,22.130626,2s2.5f,2F*,2.5,6.0,22.187763,0.057137,21699.45891,1290.0,0.0091064,0.054638,0.00024168
2s2.5d,2D,2.5,6.0,22.130626,2s2.5f,2F*,3.5,8.0,22.187773,0.057147,21695.66178,19300.0,0.18159,1.0896,0.0048195
2s2.5d,2D,2.5,6.0,22.130626,2s2.6p,2P*,1.5,4.0,22.688255,0.557629,2223.41733,3540000.0,0.17491,1.0495,0.0046421
2s2.5d,2D,2.5,6.0,22.130626,2s2.6f,2F*,2.5,6.0,22.859729,0.729103,1700.5032,711000.0,0.030824,0.18494,0.00081806
2s2.5d,2D,2.5,6.0,22.130626,2s2.6f,2F*,3.5,8.0,22.859734,0.729108,1700.49154,10500000.0,0.60693,3.6416,0.016108
2s2.5d,2D,2.5,6.0,22.130626,2s2.7p,2P*,1.5,4.0,23.15359,1.022964,1212.0094,2440000.0,0.035824,0.21494,0.00095076
2s2.5d,2D,2.5,6.0,22.130626,2s2.7f,2F*,2.5,6.0,23.264628,1.134002,1093.33315,450000.0,0.0080645,0.048387,0.00021403
2s2.5d,2D,2.5,6.0,22.130626,2s2.7f,2F*,3.5,8.0,23.264631,1.134005,1093.33026,7010000.0,0.1675,1.005,0.0044455
2s2.5d,2D,2.5,6.0,22.130626,2s2.8f,2F*,2.5,6.0,23.52747,1.396844,887.60233,310000.0,0.0036615,0.021969,9.7176e-05
2s2.5d,2D,2.5,6.0,22.130626,2s2.8f,2F*,3.5,8.0,23.527471,1.396845,887.60169,4630000.0,0.072915,0.43749,0.0019352
2s2.5d,2D,2.5,6.0,22.130626,2s2.9f,2F*,2.5,6.0,23.707425,1.576799,786.30313,210000.0,0.0019465,0.011679,5.1661e-05
2s2.5d,2D,2.5,6.0,22.130626,2s2.9f,2F*,3.5,8.0,23.707426,1.5768,786.30263,3190000.0,0.039425,0.23655,0.0010463
2s2.5f,2F*,2.5,6.0,22.187763,2s2.6d,2D,1.5,4.0,22.82235,0.634587,1953.77779,1180000.0,0.045019,0.27012,0.0011948
2s2.5f,2F*,2.5,6.0,22.187763,2s2.6d,2D,2.5,6.0,22.822436,0.634673,1953.51304,55000.0,0.0031467,0.01888,8.3513e-05
2s2.5f,2F*,2.5,6.0,22.187763,2s2.6g,2G,3.5,8.0,22.868823,0.68106,1820.45926,17100000.0,1.1328,6.7968,0.030065
2s2.5f,2F*,2.5,6.0,22.187763,2s2.7d,2D,2.5,6.0,23.22886,1.041097,1190.89958,26000.0,0.00055282,0.0033169,1.4672e-05
2s2.5f,2F*,2.5,6.0,22.187763,2s2.7d,2D,1.5,4.0,23.22886,1.041097,1190.89958,540000.0,0.0076544,0.045927,0.00020315
2s2.5f,2F*,2.5,6.0,22.187763,2s2.7g,2G,3.5,8.0,23.270759,1.082996,1144.826,8760000.0,0.2295,1.377,0.0060909
2s2.5f,2F*,2.5,6.0,22.187763,2s2.8g,2G,3.5,8.0,23.531602,1.343839,922.612,5050000.0,0.085927,0.51556,0.0022805
2s2.5f,2F*,2.5,6.0,22.187763,2s2.9g,2G,3.5,8.0,23.710396,1.522633,814.275,3210000.0,0.042545,0.25527,0.0011291
2s2.5f,2F*,2.5,6.0,22.187763,2s2.10g,2G,3.5,8.0,23.838287,1.650524,751.18083,2180000.0,0.024589,0.14753,0.0006526
2s2.5f,2F*,2.5,6.0,22.187763,2s2.11g,2G,3.5,8.0,23.932878,1.745115,710.46434,1900000.0,0.019171,0.11502,0.00050879
2s2.5f,2F*,2.5,6.0,22.187763,2s2.12g,2G,3.5,8.0,24.004847,1.817084,682.32508,1300000.0,0.012098,0.07259,0.00032109
2s2.5f,2F*,3.5,8.0,22.187773,2s2.6d,2D,2.5,6.0,22.822436,0.634663,1953.54382,1120000.0,0.04806,0.38448,0.0012755
2s2.5f,2F*,3.5,8.0,22.187773,2s2.6g,2G,3.5,8.0,22.868823,0.68105,1820.48599,640000.0,0.031799,0.25439,0.00084395
2s2.5f,2F*,3.5,8.0,22.187773,2s2.6g,2G,4.5,10.0,22.868828,0.681055,1820.47263,17700000.0,1.0993,8.7943,0.029175
2s2.5f,2F*,3.5,8.0,22.187773,2s2.7d,2D,2.5,6.0,23.22886,1.041087,1190.91102,510000.0,0.008133,0.065064,0.00021585
2s2.5f,2F*,3.5,8.0,22.187773,2s2.7g,2G,3.5,8.0,23.270759,1.082986,1144.83658,320000.0,0.0062878,0.050302,0.00016688
2s2.5f,2F*,3.5,8.0,22.187773,2s2.7g,2G,4.5,10.0,23.270763,1.08299,1144.83235,9080000.0,0.22302,1.7841,0.0059189
2s2.5f,2F*,3.5,8.0,22.187773,2s2.8g,2G,3.5,8.0,23.531602,1.343829,922.61886,190000.0,0.0024247,0.019398,6.4352e-05
2s2.5f,2F*,3.5,8.0,22.187773,2s2.8g,2G,4.5,10.0,23.531603,1.34383,922.61818,5240000.0,0.083588,0.66871,0.0022184
2s2.5f,2F*,3.5,8.0,22.187773,2s2.9g,2G,3.5,8.0,23.710396,1.522623,814.28035,120000.0,0.0011929,0.0095429,3.1658e-05
2s2.5f,2F*,3.5,8.0,22.187773,2s2.9g,2G,4.5,10.0,23.710397,1.522624,814.27981,3320000.0,0.041253,0.33002,0.0010949
2s2.5f,2F*,3.5,8.0,22.187773,2s2.10g,2G,3.5,8.0,23.838287,1.650514,751.18538,81000.0,0.00068523,0.0054819,1.8186e-05
2s2.5f,2F*,3.5,8.0,22.187773,2s2.10g,2G,4.5,10.0,23.838288,1.650515,751.18492,2260000.0,0.023899,0.19119,0.00063427
2s2.5f,2F*,3.5,8.0,22.187773,2s2.11g,2G,3.5,8.0,23.932878,1.745105,710.46842,70000.0,0.00052972,0.0042378,1.4059e-05
2s2.5f,2F*,3.5,8.0,22.187773,2s2.11g,2G,4.5,10.0,23.932879,1.745106,710.46801,2000000.0,0.018919,0.15135,0.0005021
2s2.5f,2F*,3.5,8.0,22.187773,2s2.12g,2G,4.5,10.0,24.004847,1.817074,682.32883,1400000.0,0.012215,0.097718,0.00032418
2s2.5f,2F*,3.5,8.0,22.187773,2s2.12g,2G,3.5,8.0,24.004847,1.817074,682.32883,50000.0,0.00034899,0.0027919,9.2623e-06
2s2.5g,2G,3.5,8.0,22.202225,2s2.6f,2F*,2.5,6.0,22.859729,0.657504,1885.67976,220000.0,0.0087959,0.070367,0.00023344
2s2.5g,2G,3.5,8.0,22.202225,2s2.6f,2F*,3.5,8.0,22.859734,0.657509,1885.66542,5800.0,0.00030918,0.0024735,8.2057e-06
2s2.5g,2G,3.5,8.0,22.202225,2s2.6h,2H*,4.5,10.0,22.870635,0.66841,1854.91238,25900000.0,1.67,13.36,0.044322
2s2.5g,2G,3.5,8.0,22.202225,2s2.7f,2F*,2.5,6.0,23.264628,1.062403,1167.01664,101000.0,0.0015467,0.012373,4.1048e-05
2s2.5g,2G,3.5,8.0,22.202225,2s2.7f,2F*,3.5,8.0,23.264631,1.062406,1167.01335,2800.0,5.717e-05,0.00045736,1.5173e-06
2s2.5g,2G,3.5,8.0,22.202225,2s2.7h,2H*,4.5,10.0,23.271946,1.069721,1159.03304,8030000.0,0.20215,1.6172,0.0053651
2s2.5g,2G,3.5,8.0,22.202225,2s2.8h,2H*,4.5,10.0,23.532439,1.330214,932.06205,3690000.0,0.060074,0.48059,0.0015944
2s2.5g,2G,3.5,8.0,22.202225,2s2.9f,2F*,2.5,6.0,23.707425,1.5052,823.70581,28000.0,0.00021361,0.0017089,5.6692e-06
2s2.5g,2G,3.5,8.0,22.202225,2s2.9f,2F*,3.5,8.0,23.707426,1.505201,823.70526,800.0,8.1375e-06,6.51e-05,2.1597e-07
2s2.5g,2G,3.5,8.0,22.202225,2s2.9h,2H*,4.5,10.0,23.710987,1.508762,821.76114,2060000.0,0.026069,0.20855,0.00069188
2s2.5g,2G,3.5,8.0,22.202225,2s2.10h,2H*,4.5,10.0,23.838734,1.636509,757.61391,1300000.0,0.013983,0.11187,0.00037112
2s2.5g,2G,3.5,8.0,22.202225,2s2.11h,2H*,4.5,10.0,23.933217,1.730992,716.26096,900000.0,0.0086528,0.069222,0.00022964
2s2.5g,2G,4.5,10.0,22.202234,2s2.6f,2F*,3.5,8.0,22.859734,0.6575,1885.69123,214000.0,0.0091265,0.091265,0.00024222
2s2.5g,2G,4.5,10.0,22.202234,2s2.6h,2H*,4.5,10.0,22.870635,0.668401,1854.93736,589000.0,0.030383,0.30383,0.00080637
2s2.5g,2G,4.5,10.0,22.202234,2s2.6h,2H*,5.5,12.0,22.870635,0.668401,1854.93736,26500000.0,1.6404,16.404,0.043536
2s2.5g,2G,4.5,10.0,22.202234,2s2.7f,2F*,3.5,8.0,23.264631,1.062397,1167.02324,98000.0,0.0016008,0.016008,4.2485e-05
2s2.5g,2G,4.5,10.0,22.202234,2s2.7h,2H*,4.5,10.0,23.271946,1.069712,1159.04279,180000.0,0.0036252,0.036252,9.6213e-05
2s2.5g,2G,4.5,10.0,22.202234,2s2.7h,2H*,5.5,12.0,23.271946,1.069712,1159.04279,8210000.0,0.19842,1.9842,0.005266
2s2.5g,2G,4.5,10.0,22.202234,2s2.8h,2H*,4.5,10.0,23.532439,1.330205,932.06835,84000.0,0.001094,0.01094,2.9036e-05
2s2.5g,2G,4.5,10.0,22.202234,2s2.8h,2H*,5.5,12.0,23.53244,1.330206,932.06765,3780000.0,0.059078,0.59078,0.0015679
2s2.5g,2G,4.5,10.0,22.202234,2s2.9f,2F*,3.5,8.0,23.707426,1.505192,823.71019,28000.0,0.00022785,0.0022785,6.0472e-06
2s2.5g,2G,4.5,10.0,22.202234,2s2.9h,2H*,4.5,10.0,23.710987,1.508753,821.76604,47000.0,0.00047583,0.0047583,1.2629e-05
2s2.5g,2G,4.5,10.0,22.202234,2s2.9h,2H*,5.5,12.0,23.710987,1.508753,821.76604,2100000.0,0.025513,0.25513,0.00067711
2s2.5g,2G,4.5,10.0,22.202234,2s2.10h,2H*,4.5,10.0,23.838734,1.6365,757.61808,29000.0,0.00024955,0.0024955,6.6231e-06
2s2.5g,2G,4.5,10.0,22.202234,2s2.10h,2H*,5.5,12.0,23.838736,1.636502,757.61715,1310000.0,0.013527,0.13527,0.00035902
2s2.5g,2G,4.5,10.0,22.202234,2s2.11h,2H*,4.5,10.0,23.933217,1.730983,716.26468,20000.0,0.00015383,0.0015383,4.0826e-06
2s2.5g,2G,4.5,10.0,22.202234,2s2.11h,2H*,5.5,12.0,23.933217,1.730983,716.26468,900000.0,0.0083067,0.083067,0.00022046
2s2.6s,2S,0.5,2.0,22.4739,2s2.6p,2P*,0.5,2.0,22.688229,0.214329,5784.76074,1440000.0,0.72243,1.4449,0.019173
2s2.6s,2S,0.5,2.0,22.4739,2s2.6p,2P*,1.5,4.0,22.688255,0.214355,5784.05908,1440000.0,1.4445,2.889,0.038337
2s2.6s,2S,0.5,2.0,22.4739,2s2.7p,2P*,0.5,2.0,23.15347,0.67957,1824.45073,300.0,1.4971e-05,2.9942e-05,3.9733e-07
2s2.6s,2S,0.5,2.0,22.4739,2s2.7p,2P*,1.5,4.0,23.15359,0.67969,1824.12862,300.0,2.9931e-05,5.9862e-05,7.9437e-07
2s.2p.(3P*).3p,4D,0.5,2.0,22.527518,2s.2p.(3P*).3d,4F*,1.5,4.0,24.270232,1.742714,711.44318,29400000.0,0.44619,0.89237,0.011842
2s.2p.(3P*).3p,4D,0.5,2.0,22.527518,2s.2p.(3P*).3d,4D*,0.5,2.0,24.37008,1.842562,672.89024,6350000.0,0.043104,0.086209,0.001144
2s.2p.(3P*).3p,4D,0.5,2.0,22.527518,2s.2p.(3P*).3d,4D*,1.5,4.0,24.370757,1.843239,672.64309,3160000.0,0.042869,0.085739,0.0011378
2s.2p.(3P*).3p,4D,0.5,2.0,22.527518,2s.2p.(3P*).3d,4P*,1.5,4.0,24.656151,2.128633,582.45925,338000.0,0.0034382,0.0068765,9.1251e-05
2s.2p.(3P*).3p,4D,0.5,2.0,22.527518,2s.2p.(3P*).3d,4P*,0.5,2.0,24.657857,2.130339,581.99281,3380000.0,0.017164,0.034327,0.00045553
2s.2p.(3P*).3p,4D,0.5,2.0,22.527518,2s.2p.(3P*).4s,4P*,0.5,2.0,25.981185,3.453667,358.99292,49200000.0,0.09506,0.19012,0.0025229
2s.2p.(3P*).3p,4D,0.5,2.0,22.527518,2s.2p.(3P*).4s,4P*,1.5,4.0,25.984173,3.456655,358.68259,4900000.0,0.018902,0.037804,0.00050166
2s.2p.(3P*).3p,4D,0.5,2.0,22.527518,2s.2p.(3P*).4d,4F*,1.5,4.0,27.22166,4.694142,264.12537,48900000.0,0.10229,0.20457,0.0027147
2s.2p.(3P*).3p,4D,0.5,2.0,22.527518,2s.2p.(3P*).4d,4D*,0.5,2.0,27.292087,4.764569,260.22123,6670000.0,0.0067713,0.013543,0.00017971
2s.2p.(3P*).3p,4D,0.5,2.0,22.527518,2s.2p.(3P*).4d,4D*,1.5,4.0,27.292748,4.76523,260.18513,3340000.0,0.0067796,0.013559,0.00017993
2s.2p.(3P*).3p,4D,0.5,2.0,22.527518,2s.2p.(3P*).5s,4P*,0.5,2.0,27.98922,5.461702,227.00652,20900000.0,0.016147,0.032293,0.00042853
2s.2p.(3P*).3p,4D,0.5,2.0,22.527518,2s.2p.(3P*).5s,4P*,1.5,4.0,27.99213,5.464612,226.88564,2090000.0,0.0032259,0.0064518,8.5615e-05
2s.2p.(3P*).3p,4D,0.5,2.0,22.527518,2s.2p.(3P*).5d,4F*,1.5,4.0,28.5683,6.040782,205.24528,36100000.0,0.045598,0.091195,0.0012102
2s.2p.(3P*).3p,4D,0.5,2.0,22.527518,2s.2p.(3P*).5d,4D*,1.5,4.0,28.60995,6.082432,203.83984,1900000.0,0.0023671,0.0047343,6.2824e-05
2s.2p.(3P*).3p,4D,0.5,2.0,22.527518,2s.2p.(3P*).6s,4P*,0.5,2.0,28.9715,6.443982,192.40308,11200000.0,0.0062159,0.012432,0.00016497
2s.2p.(3P*).3p,4D,0.5,2.0,22.527518,2s.2p.(3P*).6s,4P*,1.5,4.0,28.97428,6.446762,192.32011,1130000.0,0.0012532,0.0025064,3.326e-05
2s.2p.(3P*).3p,4D,1.5,4.0,22.529299,2s.2p.(3P*).3d,4F*,1.5,4.0,24.270232,1.740933,712.17099,11700000.0,0.088964,0.35586,0.0023611
2s.2p.(3P*).3p,4D,1.5,4.0,22.529299,2s.2p.(3P*).3d,4F*,2.5,6.0,24.271876,1.742577,711.49911,31500000.0,0.3586,1.4344,0.0095172
2s.2p.(3P*).3p,4D,1.5,4.0,22.529299,2s.2p.(3P*).3d,4D*,0.5,2.0,24.37008,1.840781,673.54128,6330000.0,0.021526,0.086104,0.0005713
2s.2p.(3P*).3p,4D,1.5,4.0,22.529299,2s.2p.(3P*).3d,4D*,1.5,4.0,24.370757,1.841458,673.29365,5060000.0,0.034389,0.13756,0.00091268
2s.2p.(3P*).3p,4D,1.5,4.0,22.529299,2s.2p.(3P*).3d,4D*,2.5,6.0,24.3718,1.842501,672.91252,2960000.0,0.030141,0.12056,0.00079995
2s.2p.(3P*).3p,4D,1.5,4.0,22.529299,2s.2p.(3P*).3d,4P*,2.5,6.0,24.653514,2.124215,583.67067,134000.0,0.0010266,0.0041063,2.7245e-05
2s.2p.(3P*).3p,4D,1.5,4.0,22.529299,2s.2p.(3P*).3d,4P*,1.5,4.0,24.656151,2.126852,582.947,2160000.0,0.011005,0.044018,0.00029206
2s.2p.(3P*).3p,4D,1.5,4.0,22.529299,2s.2p.(3P*).3d,4P*,0.5,2.0,24.657857,2.128558,582.47977,3380000.0,0.0085962,0.034385,0.00022814
2s.2p.(3P*).3p,4D,1.5,4.0,22.529299,2s.2p.(3P*).4s,4P*,0.5,2.0,25.981185,3.451886,359.17814,49500000.0,0.047869,0.19148,0.0012704
2s.2p.(3P*).3p,4D,1.5,4.0,22.529299,2s.2p.(3P*).4s,4P*,1.5,4.0,25.984173,3.454874,358.8675,31300000.0,0.060433,0.24173,0.0016039
2s.2p.(3P*).3p,4D,1.5,4.0,22.529299,2s.2p.(3P*).4s,4P*,2.5,6.0,25.989855,3.460556,358.27826,1970000.0,0.0056867,0.022747,0.00015092
2s.2p.(3P*).3p,4D,1.5,4.0,22.529299,2s.2p.(3P*).4d,4F*,1.5,4.0,27.22166,4.692361,264.22562,19600000.0,0.020515,0.082059,0.00054446
2s.2p.(3P*).3p,4D,1.5,4.0,22.529299,2s.2p.(3P*).4d,4F*,2.5,6.0,27.223235,4.693936,264.13696,52600000.0,0.082527,0.33011,0.0021903
2s.2p.(3P*).3p,4D,1.5,4.0,22.529299,2s.2p.(3P*).4d,4D*,0.5,2.0,27.292087,4.762788,260.31853,6660000.0,0.0033831,0.013532,8.9787e-05
2s.2p.(3P*).3p,4D,1.5,4.0,22.529299,2s.2p.(3P*).4d,4D*,1.5,4.0,27.292748,4.763449,260.28241,5310000.0,0.0053932,0.021573,0.00014313
2s.2p.(3P*).3p,4D,1.5,4.0,22.529299,2s.2p.(3P*).4d,4D*,2.5,6.0,27.29381,4.764511,260.22439,3100000.0,0.0047207,0.018883,0.00012529
2s.2p.(3P*).3p,4D,1.5,4.0,22.529299,2s.2p.(3P*).5s,4P*,0.5,2.0,27.98922,5.459921,227.08057,20900000.0,0.0080786,0.032314,0.00021441
2s.2p.(3P*).3p,4D,1.5,4.0,22.529299,2s.2p.(3P*).5s,4P*,1.5,4.0,27.99213,5.462831,226.95961,13400000.0,0.010348,0.041392,0.00027464
2s.2p.(3P*).3p,4D,1.5,4.0,22.529299,2s.2p.(3P*).5s,4P*,2.5,6.0,27.99786,5.468561,226.7218,840000.0,0.00097099,0.003884,2.577e-05
2s.2p.(3P*).3p,4D,1.5,4.0,22.529299,2s.2p.(3P*).5d,4F*,1.5,4.0,28.5683,6.039001,205.30581,14400000.0,0.0090996,0.036399,0.0002415
2s.2p.(3P*).3p,4D,1.5,4.0,22.529299,2s.2p.(3P*).5d,4F*,2.5,6.0,28.57005,6.040751,205.24633,38700000.0,0.036662,0.14665,0.000973
2s.2p.(3P*).3p,4D,1.5,4.0,22.529299,2s.2p.(3P*).5d,4D*,1.5,4.0,28.60995,6.080651,203.89955,5000000.0,0.0031165,0.012466,8.2711e-05
2s.2p.(3P*).3p,4D,1.5,4.0,22.529299,2s.2p.(3P*).6s,4P*,0.5,2.0,28.9715,6.442201,192.45627,11200000.0,0.0031097,0.012439,8.253e-05
2s.2p.(3P*).3p,4D,1.5,4.0,22.529299,2s.2p.(3P*).6s,4P*,1.5,4.0,28.97428,6.444981,192.37326,7190000.0,0.0039891,0.015957,0.00010587
2s.2p.(3P*).3p,4D,1.5,4.0,22.529299,2s.2p.(3P*).6s,4P*,2.5,6.0,28.980146,6.450847,192.19832,450000.0,0.00037382,0.0014953,9.9212e-06
2s.2p.(3P*).3p,4D,2.5,6.0,22.5324,2s.2p.(3P*).3d,4F*,1.5,4.0,24.270232,1.737832,713.4418,833000.0,0.0042377,0.025426,0.00011247
2s.2p.(3P*).3p,4D,2.5,6.0,22.5324,2s.2p.(3P*).3d,4F*,2.5,6.0,24.271876,1.739476,712.76751,10200000.0,0.077688,0.46613,0.0020618
2s.2p.(3P*).3p,4D,2.5,6.0,22.5324,2s.2p.(3P*).3d,4F*,3.5,8.0,24.274339,1.741939,711.7597,36000000.0,0.36456,2.1874,0.0096754
2s.2p.(3P*).3p,4D,2.5,6.0,22.5324,2s.2p.(3P*).3d,4D*,1.5,4.0,24.370757,1.838357,674.42939,4410000.0,0.020048,0.12029,0.00053208
2s.2p.(3P*).3p,4D,2.5,6.0,22.5324,2s.2p.(3P*).3d,4D*,2.5,6.0,24.3718,1.8394,674.04696,7230000.0,0.049247,0.29548,0.001307
2s.2p.(3P*).3p,4D,2.5,6.0,22.5324,2s.2p.(3P*).3d,4D*,3.5,8.0,24.373054,1.840654,673.58775,1800000.0,0.016325,0.097951,0.00043327
2s.2p.(3P*).3p,4D,2.5,6.0,22.5324,2s.2p.(3P*).3d,4P*,2.5,6.0,24.653514,2.121114,584.52397,1200000.0,0.0061467,0.03688,0.00016313
2s.2p.(3P*).3p,4D,2.5,6.0,22.5324,2s.2p.(3P*).3d,4P*,1.5,4.0,24.656151,2.123751,583.79819,4230000.0,0.014409,0.086454,0.00038242
2s.2p.(3P*).3p,4D,2.5,6.0,22.5324,2s.2p.(3P*).4s,4P*,1.5,4.0,25.984173,3.451773,359.1899,62300000.0,0.080335,0.48201,0.0021321
2s.2p.(3P*).3p,4D,2.5,6.0,22.5324,2s.2p.(3P*).4s,4P*,2.5,6.0,25.989855,3.457455,358.5996,17600000.0,0.033931,0.20358,0.00090052
2s.2p.(3P*).3p,4D,2.5,6.0,22.5324,2s.2p.(3P*).4d,4F*,1.5,4.0,27.22166,4.68926,264.40035,1400000.0,0.00097818,0.0058691,2.5961e-05
2s.2p.(3P*).3p,4D,2.5,6.0,22.5324,2s.2p.(3P*).4d,4F*,2.5,6.0,27.223235,4.690835,264.31157,17000000.0,0.017805,0.10683,0.00047254
2s.2p.(3P*).3p,4D,2.5,6.0,22.5324,2s.2p.(3P*).4d,4F*,3.5,8.0,27.225788,4.693388,264.1678,60000000.0,0.083697,0.50218,0.0022213
2s.2p.(3P*).3p,4D,2.5,6.0,22.5324,2s.2p.(3P*).4d,4D*,1.5,4.0,27.292748,4.760348,260.45196,4640000.0,0.0031459,0.018875,8.3492e-05
2s.2p.(3P*).3p,4D,2.5,6.0,22.5324,2s.2p.(3P*).4d,4D*,2.5,6.0,27.29381,4.76141,260.39387,7610000.0,0.0077358,0.046415,0.00020531
2s.2p.(3P*).3p,4D,2.5,6.0,22.5324,2s.2p.(3P*).4d,4D*,3.5,8.0,27.295185,4.762785,260.3187,1900000.0,0.0025737,0.015442,6.8307e-05
2s.2p.(3P*).3p,4D,2.5,6.0,22.5324,2s.2p.(3P*).5s,4P*,1.5,4.0,27.99213,5.45973,227.08852,26300000.0,0.013555,0.081333,0.00035976
2s.2p.(3P*).3p,4D,2.5,6.0,22.5324,2s.2p.(3P*).5s,4P*,2.5,6.0,27.99786,5.46546,226.85044,7550000.0,0.0058249,0.034949,0.00015459
2s.2p.(3P*).3p,4D,2.5,6.0,22.5324,2s.2p.(3P*).5d,4F*,1.5,4.0,28.5683,6.0359,205.41129,1030000.0,0.00043436,0.0026062,1.1528e-05
2s.2p.(3P*).3p,4D,2.5,6.0,22.5324,2s.2p.(3P*).5d,4F*,2.5,6.0,28.57005,6.03765,205.35175,12500000.0,0.0079025,0.047415,0.00020973
2s.2p.(3P*).3p,4D,2.5,6.0,22.5324,2s.2p.(3P*).5d,4F*,3.5,8.0,28.5732,6.0408,205.24467,44200000.0,0.037219,0.22331,0.00098779
2s.2p.(3P*).3p,4D,2.5,6.0,22.5324,2s.2p.(3P*).5d,4D*,1.5,4.0,28.60995,6.07755,204.00358,4000000.0,0.0016638,0.0099829,4.4158e-05
2s.2p.(3P*).3p,4D,2.5,6.0,22.5324,2s.2p.(3P*).5d,4D*,2.5,6.0,28.61093,6.07853,203.97069,8000000.0,0.0049898,0.029939,0.00013243
2s.2p.(3P*).3p,4D,2.5,6.0,22.5324,2s.2p.(3P*).6s,4P*,1.5,4.0,28.97428,6.44188,192.46586,14100000.0,0.0052203,0.031322,0.00013855
2s.2p.(3P*).3p,4D,2.5,6.0,22.5324,2s.2p.(3P*).6s,4P*,2.5,6.0,28.980146,6.447746,192.29076,4050000.0,0.0022451,0.01347,5.9584e-05
2s.2p.(3P*).3p,4D,3.5,8.0,22.536905,2s.2p.(3P*).3d,4F*,2.5,6.0,24.271876,1.734971,714.61828,350000.0,0.0020097,0.016078,5.3338e-05
2s.2p.(3P*).3p,4D,3.5,8.0,22.536905,2s.2p.(3P*).3d,4F*,3.5,8.0,24.274339,1.737434,713.60523,5930000.0,0.045272,0.36218,0.0012015
2s.2p.(3P*).3p,4D,3.5,8.0,22.536905,2s.2p.(3P*).3d,4F*,4.5,10.0,24.277795,1.74089,712.18858,41900000.0,0.39827,3.1861,0.01057
2s.2p.(3P*).3p,4D,3.5,8.0,22.536905,2s.2p.(3P*).3d,4D*,2.5,6.0,24.3718,1.834895,675.70187,2380000.0,0.012218,0.097746,0.00032427
2s.2p.(3P*).3p,4D,3.5,8.0,22.536905,2s.2p.(3P*).3d,4D*,3.5,8.0,24.373054,1.836149,675.2404,10800000.0,0.073824,0.5906,0.0019593
2s.2p.(3P*).3p,4D,3.5,8.0,22.536905,2s.2p.(3P*).3d,4P*,2.5,6.0,24.653514,2.116609,585.76808,5310000.0,0.020486,0.16389,0.00054371
2s.2p.(3P*).3p,4D,3.5,8.0,22.536905,2s.2p.(3P*).4s,4P*,2.5,6.0,25.989855,3.45295,359.06746,78000000.0,0.11308,0.9046,0.003001
2s.2p.(3P*).3p,4D,3.5,8.0,22.536905,2s.2p.(3P*).4d,4F*,2.5,6.0,27.223235,4.68633,264.56566,673000.0,0.00052967,0.0042373,1.4057e-05
2s.2p.(3P*).3p,4D,3.5,8.0,22.536905,2s.2p.(3P*).4d,4F*,3.5,8.0,27.225788,4.688883,264.42161,9950000.0,0.01043,0.083439,0.00027681
2s.2p.(3P*).3p,4D,3.5,8.0,22.536905,2s.2p.(3P*).4d,4F*,4.5,10.0,27.22939,4.692485,264.21864,69900000.0,0.091448,0.73158,0.002427
2s.2p.(3P*).3p,4D,3.5,8.0,22.536905,2s.2p.(3P*).4d,4D*,2.5,6.0,27.29381,4.756905,260.64048,2520000.0,0.0019249,0.015399,5.1086e-05
2s.2p.(3P*).3p,4D,3.5,8.0,22.536905,2s.2p.(3P*).4d,4D*,3.5,8.0,27.295185,4.75828,260.56516,11400000.0,0.011604,0.09283,0.00030796
2s.2p.(3P*).3p,4D,3.5,8.0,22.536905,2s.2p.(3P*).5s,4P*,2.5,6.0,27.99786,5.460955,227.03758,33500000.0,0.019416,0.15533,0.0005153
2s.2p.(3P*).3p,4D,3.5,8.0,22.536905,2s.2p.(3P*).5d,4F*,2.5,6.0,28.57005,6.033145,205.50509,498000.0,0.00023648,0.0018918,6.2762e-06
2s.2p.(3P*).3p,4D,3.5,8.0,22.536905,2s.2p.(3P*).5d,4F*,3.5,8.0,28.5732,6.036295,205.39784,7340000.0,0.0046425,0.03714,0.00012321
2s.2p.(3P*).3p,4D,3.5,8.0,22.536905,2s.2p.(3P*).5d,4F*,4.5,10.0,28.576543,6.039638,205.28416,51500000.0,0.040671,0.32537,0.0010794
2s.2p.(3P*).3p,4D,3.5,8.0,22.536905,2s.2p.(3P*).5d,4D*,2.5,6.0,28.61093,6.074025,204.12198,2300000.0,0.0010775,0.0086202,2.8598e-05
2s.2p.(3P*).3p,4D,3.5,8.0,22.536905,2s.2p.(3P*).5d,4D*,3.5,8.0,28.61242,6.075515,204.07192,11000000.0,0.0068678,0.054943,0.00018227
2s.2p.(3P*).3p,4D,3.5,8.0,22.536905,2s.2p.(3P*).6s,4P*,2.5,6.0,28.980146,6.443241,192.42521,18000000.0,0.0074941,0.059952,0.00019889
2s.2p.(3P*).3p,2P,0.5,2.0,22.568086,2s2.6p,2P*,0.5,2.0,22.688229,0.120143,10319.71887,317.0,0.00050612,0.0010122,1.3432e-05
2s.2p.(3P*).3p,2P,0.5,2.0,22.568086,2s2.6p,2P*,1.5,4.0,22.688255,0.120169,10317.48607,190.0,0.00060644,0.0012129,1.6095e-05
2s.2p.(3P*).3p,2P,0.5,2.0,22.568086,2s2.7p,2P*,0.5,2.0,23.15347,0.585384,2117.99773,10100.0,0.00067925,0.0013585,1.8027e-05
2s.2p.(3P*).3p,2P,0.5,2.0,22.568086,2s2.7p,2P*,1.5,4.0,23.15359,0.585504,2117.56364,2520.0,0.00033882,0.00067763,8.9922e-06
2s.2p.(3P*).3p,2P,0.5,2.0,22.568086,2s.2p.(3P*).3d,2D*,1.5,4.0,24.601624,2.033538,609.69698,42000000.0,0.46813,0.93626,0.012424
2s.2p.(3P*).3p,2P,0.5,2.0,22.568086,2s.2p.(3P*).3d,2P*,1.5,4.0,25.067108,2.499022,496.13088,6020000.0,0.04443,0.08886,0.0011792
2s.2p.(3P*).3p,2P,0.5,2.0,22.568086,2s.2p.(3P*).3d,2P*,0.5,2.0,25.07017,2.502084,495.52373,24700000.0,0.090925,0.18185,0.0024132
2s.2p.(3P*).3p,2P,0.5,2.0,22.568086,2s.2p.(3P*).4d,2D*,1.5,4.0,27.351096,4.78301,259.21794,20400000.0,0.041101,0.082202,0.0010908
2s.2p.(3P*).3p,2P,1.5,4.0,22.570504,2s2.6p,2P*,0.5,2.0,22.688229,0.117725,10531.67963,149.0,0.00012388,0.00049553,3.2879e-06
2s.2p.(3P*).3p,2P,1.5,4.0,22.570504,2s2.6p,2P*,1.5,4.0,22.688255,0.117751,10529.35418,1000.0,0.0016621,0.0066485,4.4113e-05
2s.2p.(3P*).3p,2P,1.5,4.0,22.570504,2s2.7p,2P*,0.5,2.0,23.15347,0.582966,2126.78267,4970.0,0.00016851,0.00067405,4.4723e-06
2s.2p.(3P*).3p,2P,1.5,4.0,22.570504,2s2.7p,2P*,1.5,4.0,23.15359,0.583086,2126.34497,12400.0,0.00084052,0.0033621,2.2307e-05
2s.2p.(3P*).3p,2P,1.5,4.0,22.570504,2s.2p.(3P*).3d,2D*,1.5,4.0,24.601624,2.03112,610.42281,8370000.0,0.046757,0.18703,0.0012409
2s.2p.(3P*).3p,2P,1.5,4.0,22.570504,2s.2p.(3P*).3d,2D*,2.5,6.0,24.602961,2.032457,610.02126,50300000.0,0.42093,1.6837,0.011171
2s.2p.(3P*).3p,2P,1.5,4.0,22.570504,2s.2p.(3P*).3d,2P*,1.5,4.0,25.067108,2.496604,496.61139,31400000.0,0.1161,0.46439,0.0030812
2s.2p.(3P*).3p,2P,1.5,4.0,22.570504,2s.2p.(3P*).3d,2P*,0.5,2.0,25.07017,2.499666,496.00306,12400000.0,0.022868,0.09147,0.00060691
2s.2p.(3P*).3p,2P,1.5,4.0,22.570504,2s.2p.(3P*).4d,2D*,1.5,4.0,27.351096,4.780592,259.34905,4090000.0,0.0041243,0.016497,0.00010946
2s.2p.(3P*).3p,2P,1.5,4.0,22.570504,2s.2p.(3P*).4d,2D*,2.5,6.0,27.352706,4.782202,259.26173,24400000.0,0.036882,0.14753,0.00097886
2s2.6p,2P*,0.5,2.0,22.688229,2s2.6d,2D,1.5,4.0,22.82235,0.134121,9244.20474,465000.0,1.1915,2.3829,0.031622
2s2.6p,2P*,0.5,2.0,22.688229,2s2.7s,2S,0.5,2.0,23.027948,0.339719,3649.61037,2440000.0,0.48724,0.97448,0.012931
2s2.6p,2P*,0.5,2.0,22.688229,2s2.7d,2D,1.5,4.0,23.22886,0.540631,2293.32388,747000.0,0.1178,0.2356,0.0031264
2s2.6p,2P*,1.5,4.0,22.688255,2s2.6d,2D,1.5,4.0,22.82235,0.134095,9245.99712,84800.0,0.10868,0.43473,0.0028845
2s2.6p,2P*,1.5,4.0,22.688255,2s2.6d,2D,2.5,6.0,22.822436,0.134181,9240.07113,559000.0,1.0733,4.2931,0.028485
2s2.6p,2P*,1.5,4.0,22.688255,2s2.7s,2S,0.5,2.0,23.027948,0.339693,3649.88971,4890000.0,0.48831,1.9533,0.01296
2s2.6p,2P*,1.5,4.0,22.688255,2s2.7d,2D,2.5,6.0,23.22886,0.540605,2293.43418,897000.0,0.1061,0.4244,0.0028159
2s2.6p,2P*,1.5,4.0,22.688255,2s2.7d,2D,1.5,4.0,23.22886,0.540605,2293.43418,150000.0,0.011828,0.047313,0.00031392
2s2.6d,2D,1.5,4.0,22.82235,2s2.7p,2P*,0.5,2.0,23.15347,0.33112,3744.38869,2720000.0,0.28586,1.1435,0.0075868
2s2.6d,2D,1.5,4.0,22.82235,2s2.7p,2P*,1.5,4.0,23.15359,0.33124,3743.03219,263000.0,0.055241,0.22096,0.0014661
2s2.6d,2D,1.5,4.0,22.82235,2s2.7f,2F*,2.5,6.0,23.264628,0.442278,2803.30919,3160000.0,0.55844,2.2338,0.014821
2s2.6d,2D,2.5,6.0,22.822436,2s2.7p,2P*,1.5,4.0,23.15359,0.331154,3744.00425,2450000.0,0.34325,2.0595,0.0091098
2s2.6d,2D,2.5,6.0,22.822436,2s2.7f,2F*,2.5,6.0,23.264628,0.442192,2803.8544,236000.0,0.027815,0.16689,0.00073822
2s2.6d,2D,2.5,6.0,22.822436,2s2.7f,2F*,3.5,8.0,23.264631,0.442195,2803.83538,3390000.0,0.53272,3.1963,0.014139
2s2.6f,2F*,2.5,6.0,22.859729,2s2.7d,2D,2.5,6.0,23.22886,0.369131,3358.81295,37700.0,0.0063764,0.038258,0.00016923
2s2.6f,2F*,2.5,6.0,22.859729,2s2.7d,2D,1.5,4.0,23.22886,0.369131,3358.81295,796000.0,0.089754,0.53852,0.0023821
2s2.6f,2F*,2.5,6.0,22.859729,2s2.7g,2G,3.5,8.0,23.270759,0.41103,3016.42699,5810000.0,1.0567,6.3403,0.028045
2s2.6f,2F*,2.5,6.0,22.859729,2s2.8g,2G,3.5,8.0,23.531602,0.671873,1845.3517,3570000.0,0.24301,1.4581,0.0064495
2s2.6f,2F*,3.5,8.0,22.859734,2s2.7d,2D,2.5,6.0,23.22886,0.369126,3358.85845,754000.0,0.095648,0.76518,0.0025385
2s2.6f,2F*,3.5,8.0,22.859734,2s2.7g,2G,3.5,8.0,23.270759,0.411025,3016.46368,215000.0,0.029329,0.23463,0.00077839
2s2.6f,2F*,3.5,8.0,22.859734,2s2.7g,2G,4.5,10.0,23.270763,0.411029,3016.43432,6020000.0,1.0265,8.2119,0.027243
2s2.6f,2F*,3.5,8.0,22.859734,2s2.8g,2G,3.5,8.0,23.531602,0.671868,1845.36543,132000.0,0.006739,0.053912,0.00017885
2s2.6f,2F*,3.5,8.0,22.859734,2s2.8g,2G,4.5,10.0,23.531603,0.671869,1845.36269,3700000.0,0.23612,1.889,0.0062667
2s2.6g,2G,3.5,8.0,22.868823,2s2.7f,2F*,2.5,6.0,23.264628,0.395805,3132.4566,212000.0,0.02339,0.18712,0.00062077
2s2.6g,2G,3.5,8.0,22.868823,2s2.7f,2F*,3.5,8.0,23.264631,0.395808,3132.43286,6200.0,0.00091204,0.0072963,2.4206e-05
2s2.6g,2G,3.5,8.0,22.868823,2s2.7h,2H*,4.5,10.0,23.271946,0.403123,3075.59227,8350000.0,1.4802,11.841,0.039284
2s2.6g,2G,4.5,10.0,22.868828,2s2.7f,2F*,3.5,8.0,23.264631,0.395803,3132.47243,206000.0,0.024243,0.24243,0.00064342
2s2.6g,2G,4.5,10.0,22.868828,2s2.7h,2H*,4.5,10.0,23.271946,0.403118,3075.63042,190000.0,0.026945,0.26945,0.00071513
2s2.6g,2G,4.5,10.0,22.868828,2s2.7h,2H*,5.5,12.0,23.271946,0.403118,3075.63042,8540000.0,1.4533,14.533,0.038572
2s2.6h,2H*,4.5,10.0,22.870635,2s2.7g,2G,3.5,8.0,23.270759,0.400124,3098.64438,56000.0,0.0064488,0.064488,0.00017115
2s2.6h,2H*,4.5,10.0,22.870635,2s2.7g,2G,4.5,10.0,23.270763,0.400128,3098.6134,1000.0,0.00014394,0.0014394,3.8203e-06
2s2.6h,2H*,5.5,12.0,22.870635,2s2.7g,2G,4.5,10.0,23.270763,0.400128,3098.6134,55000.0,0.0065974,0.079169,0.0001751
2s2.6h,2H*,4.5,10.0,22.870635,2s2.8g,2G,3.5,8.0,23.531602,0.660967,1875.80013,22000.0,0.00092842,0.0092842,2.464e-05
2s2.6h,2H*,4.5,10.0,22.870635,2s2.8g,2G,4.5,10.0,23.531603,0.660968,1875.79729,400.0,2.11e-05,0.000211,5.6001e-07
2s2.6h,2H*,5.5,12.0,22.870635,2s2.8g,2G,4.5,10.0,23.531603,0.660968,1875.79729,22000.0,0.0009671,0.011605,2.5667e-05
2s.2p.(3P*).3p,4S,1.5,4.0,22.898766,2s.2p.(3P*).3d,4P*,2.5,6.0,24.653514,1.754748,706.56412,31700000.0,0.35589,1.4236,0.0094453
2s.2p.(3P*).3p,4S,1.5,4.0,22.898766,2s.2p.(3P*).3d,4P*,1.5,4.0,24.656151,1.757385,705.50391,31900000.0,0.23804,0.95216,0.0063176
2s.2p.(3P*).3p,4S,1.5,4.0,22.898766,2s.2p.(3P*).3d,4P*,0.5,2.0,24.657857,1.759091,704.8197,32100000.0,0.11953,0.47814,0.0031724
2s.2p.(3P*).3p,4S,1.5,4.0,22.898766,2s.2p.(3P*).4s,4P*,0.5,2.0,25.981185,3.082419,402.23019,9570000.0,0.011606,0.046425,0.00030803
2s.2p.(3P*).3p,4S,1.5,4.0,22.898766,2s.2p.(3P*).4s,4P*,1.5,4.0,25.984173,3.085407,401.84066,9600000.0,0.02324,0.092961,0.00061679
2s.2p.(3P*).3p,4S,1.5,4.0,22.898766,2s.2p.(3P*).4s,4P*,2.5,6.0,25.989855,3.091089,401.102,9680000.0,0.035022,0.14009,0.00092947
2s.2p.(3P*).3p,4S,1.5,4.0,22.898766,2s.2p.(3P*).4d,4P*,2.5,6.0,27.377159,4.478393,276.84975,21300000.0,0.036713,0.14685,0.00097436
2s.2p.(3P*).3p,4S,1.5,4.0,22.898766,2s.2p.(3P*).4d,4P*,1.5,4.0,27.3797,4.480934,276.69276,21400000.0,0.024562,0.098249,0.00065188
2s.2p.(3P*).3p,4S,1.5,4.0,22.898766,2s.2p.(3P*).4d,4P*,0.5,2.0,27.381301,4.482535,276.59393,21400000.0,0.012272,0.04909,0.00032571
2s.2p.(3P*).3p,4S,1.5,4.0,22.898766,2s.2p.(3P*).5s,4P*,0.5,2.0,27.98922,5.090454,243.56216,4440000.0,0.0019744,0.0078975,5.24e-05
2s.2p.(3P*).3p,4S,1.5,4.0,22.898766,2s.2p.(3P*).5s,4P*,1.5,4.0,27.99213,5.093364,243.42301,4460000.0,0.003962,0.015848,0.00010515
2s.2p.(3P*).3p,4S,1.5,4.0,22.898766,2s.2p.(3P*).5s,4P*,2.5,6.0,27.99786,5.099094,243.14947,4460000.0,0.0059297,0.023719,0.00015737
2s.2p.(3P*).3p,4S,1.5,4.0,22.898766,2s.2p.(3P*).5d,4P*,2.5,6.0,28.64691,5.748144,215.69432,18700000.0,0.019565,0.078258,0.00051924
2s.2p.(3P*).3p,4S,1.5,4.0,22.898766,2s.2p.(3P*).5d,4P*,1.5,4.0,28.6493,5.750534,215.60467,18700000.0,0.013032,0.052129,0.00034587
2s.2p.(3P*).3p,4S,1.5,4.0,22.898766,2s.2p.(3P*).5d,4P*,0.5,2.0,28.65107,5.752304,215.53833,18700000.0,0.0065121,0.026048,0.00017283
2s.2p.(3P*).3p,4S,1.5,4.0,22.898766,2s.2p.(3P*).6s,4P*,0.5,2.0,28.9715,6.072734,204.16537,2360000.0,0.0007374,0.0029496,1.9571e-05
2s.2p.(3P*).3p,4S,1.5,4.0,22.898766,2s.2p.(3P*).6s,4P*,1.5,4.0,28.97428,6.075514,204.07195,2370000.0,0.0014797,0.0059188,3.9271e-05
2s.2p.(3P*).3p,4S,1.5,4.0,22.898766,2s.2p.(3P*).6s,4P*,2.5,6.0,28.980146,6.08138,203.8751,2370000.0,0.0022153,0.0088611,5.8793e-05
2s2.7s,2S,0.5,2.0,23.027948,2s2.7p,2P*,0.5,2.0,23.15347,0.125522,9877.48748,582000.0,0.85129,1.7026,0.022593
2s2.7s,2S,0.5,2.0,23.027948,2s2.7p,2P*,1.5,4.0,23.15359,0.125642,9868.05355,583000.0,1.7022,3.4045,0.045177
2s.2p.(3P*).3p,4P,0.5,2.0,23.114048,2s.2p.(3P*).3d,4D*,0.5,2.0,24.37008,1.256032,987.11019,11100000.0,0.16215,0.3243,0.0043034
2s.2p.(3P*).3p,4P,0.5,2.0,23.114048,2s.2p.(3P*).3d,4D*,1.5,4.0,24.370757,1.256709,986.57842,5540000.0,0.16168,0.32336,0.004291
2s.2p.(3P*).3p,4P,0.5,2.0,23.114048,2s.2p.(3P*).3d,4P*,1.5,4.0,24.656151,1.542103,803.99428,4260000.0,0.082567,0.16513,0.0021913
2s.2p.(3P*).3p,4P,0.5,2.0,23.114048,2s.2p.(3P*).3d,4P*,0.5,2.0,24.657857,1.543809,803.10581,1710000.0,0.016535,0.03307,0.00043884
2s.2p.(3P*).3p,4P,0.5,2.0,23.114048,2s.2p.(3P*).4s,4P*,0.5,2.0,25.981185,2.867137,432.43207,13700000.0,0.038407,0.076815,0.0010193
2s.2p.(3P*).3p,4P,0.5,2.0,23.114048,2s.2p.(3P*).4s,4P*,1.5,4.0,25.984173,2.870125,431.98188,34700000.0,0.19416,0.38831,0.0051529
2s.2p.(3P*).3p,4P,0.5,2.0,23.114048,2s.2p.(3P*).4d,4D*,0.5,2.0,27.292087,4.178039,296.75213,52700000.0,0.069576,0.13915,0.0018465
2s.2p.(3P*).3p,4P,0.5,2.0,23.114048,2s.2p.(3P*).4d,4D*,1.5,4.0,27.292748,4.1787,296.70519,26600000.0,0.070214,0.14043,0.0018635
2s.2p.(3P*).3p,4P,0.5,2.0,23.114048,2s.2p.(3P*).4d,4P*,1.5,4.0,27.3797,4.265652,290.65709,10700000.0,0.027104,0.054208,0.00071934
2s.2p.(3P*).3p,4P,0.5,2.0,23.114048,2s.2p.(3P*).4d,4P*,0.5,2.0,27.381301,4.267253,290.54804,4250000.0,0.0053788,0.010758,0.00014275
2s.2p.(3P*).3p,4P,0.5,2.0,23.114048,2s.2p.(3P*).5s,4P*,0.5,2.0,27.98922,4.875172,254.31759,4780000.0,0.0046349,0.0092698,0.00012301
2s.2p.(3P*).3p,4P,0.5,2.0,23.114048,2s.2p.(3P*).5s,4P*,1.5,4.0,27.99213,4.878082,254.16588,12000000.0,0.023244,0.046487,0.00061689
2s.2p.(3P*).3p,4P,0.5,2.0,23.114048,2s.2p.(3P*).5d,4D*,1.5,4.0,28.60995,5.495902,225.5939,17000000.0,0.025941,0.051883,0.00068848
2s.2p.(3P*).3p,4P,0.5,2.0,23.114048,2s.2p.(3P*).5d,4P*,1.5,4.0,28.6493,5.535252,223.99016,7930000.0,0.011929,0.023859,0.00031661
2s.2p.(3P*).3p,4P,0.5,2.0,23.114048,2s.2p.(3P*).5d,4P*,0.5,2.0,28.65107,5.537022,223.91856,3170000.0,0.0023829,0.0047657,6.3241e-05
2s.2p.(3P*).3p,4P,0.5,2.0,23.114048,2s.2p.(3P*).6s,4P*,0.5,2.0,28.9715,5.857452,211.66917,2370000.0,0.0015919,0.0031839,4.225e-05
2s.2p.(3P*).3p,4P,0.5,2.0,23.114048,2s.2p.(3P*).6s,4P*,1.5,4.0,28.97428,5.860232,211.56875,5940000.0,0.0079722,0.015944,0.00021158
2s.2p.(3P*).3p,4P,1.5,4.0,23.116074,2s.2p.(3P*).3d,4D*,0.5,2.0,24.37008,1.254006,988.70499,2210000.0,0.016194,0.064776,0.00042979
2s.2p.(3P*).3p,4P,1.5,4.0,23.116074,2s.2p.(3P*).3d,4D*,1.5,4.0,24.370757,1.254683,988.1715,7090000.0,0.10379,0.41517,0.0027547
2s.2p.(3P*).3p,4P,1.5,4.0,23.116074,2s.2p.(3P*).3d,4D*,2.5,6.0,24.3718,1.255726,987.35073,9300000.0,0.20388,0.81552,0.005411
2s.2p.(3P*).3p,4P,1.5,4.0,23.116074,2s.2p.(3P*).3d,4P*,2.5,6.0,24.653514,1.53744,806.43276,3040000.0,0.044459,0.17784,0.0011799
2s.2p.(3P*).3p,4P,1.5,4.0,23.116074,2s.2p.(3P*).3d,4P*,1.5,4.0,24.656151,1.540077,805.05194,1360000.0,0.013214,0.052857,0.00035071
2s.2p.(3P*).3p,4P,1.5,4.0,23.116074,2s.2p.(3P*).3d,4P*,0.5,2.0,24.657857,1.541783,804.16115,8510000.0,0.041252,0.16501,0.0010948
2s.2p.(3P*).3p,4P,1.5,4.0,23.116074,2s.2p.(3P*).4s,4P*,0.5,2.0,25.981185,2.865111,432.73785,69800000.0,0.097979,0.39192,0.0026004
2s.2p.(3P*).3p,4P,1.5,4.0,23.116074,2s.2p.(3P*).4s,4P*,1.5,4.0,25.984173,2.868099,432.28702,11200000.0,0.031378,0.12551,0.00083277
2s.2p.(3P*).3p,4P,1.5,4.0,23.116074,2s.2p.(3P*).4s,4P*,2.5,6.0,25.989855,2.873781,431.43231,25300000.0,0.1059,0.4236,0.0028106
2s.2p.(3P*).3p,4P,1.5,4.0,23.116074,2s.2p.(3P*).4d,4D*,0.5,2.0,27.292087,4.176013,296.8961,10600000.0,0.007004,0.028016,0.00018589
2s.2p.(3P*).3p,4P,1.5,4.0,23.116074,2s.2p.(3P*).4d,4D*,1.5,4.0,27.292748,4.176674,296.84912,33900000.0,0.044785,0.17914,0.0011886
2s.2p.(3P*).3p,4P,1.5,4.0,23.116074,2s.2p.(3P*).4d,4D*,2.5,6.0,27.29381,4.177736,296.77366,44400000.0,0.08794,0.35176,0.0023339
2s.2p.(3P*).3p,4P,1.5,4.0,23.116074,2s.2p.(3P*).4d,4P*,2.5,6.0,27.377159,4.261085,290.96861,7660000.0,0.014584,0.058335,0.00038706
2s.2p.(3P*).3p,4P,1.5,4.0,23.116074,2s.2p.(3P*).4d,4P*,1.5,4.0,27.3797,4.263626,290.7952,3420000.0,0.0043357,0.017343,0.00011507
2s.2p.(3P*).3p,4P,1.5,4.0,23.116074,2s.2p.(3P*).4d,4P*,0.5,2.0,27.381301,4.265227,290.68605,21300000.0,0.013491,0.053966,0.00035806
2s.2p.(3P*).3p,4P,1.5,4.0,23.116074,2s.2p.(3P*).5s,4P*,0.5,2.0,27.98922,4.873146,254.42332,23900000.0,0.011597,0.046388,0.00030778
2s.2p.(3P*).3p,4P,1.5,4.0,23.116074,2s.2p.(3P*).5s,4P*,1.5,4.0,27.99213,4.876056,254.27148,3820000.0,0.0037027,0.014811,9.827e-05
2s.2p.(3P*).3p,4P,1.5,4.0,23.116074,2s.2p.(3P*).5s,4P*,2.5,6.0,27.99786,4.881786,253.97303,8660000.0,0.012562,0.050246,0.00033338
2s.2p.(3P*).3p,4P,1.5,4.0,23.116074,2s.2p.(3P*).5d,4D*,1.5,4.0,28.60995,5.493876,225.6771,19000000.0,0.014507,0.058029,0.00038503
2s.2p.(3P*).3p,4P,1.5,4.0,23.116074,2s.2p.(3P*).5d,4D*,2.5,6.0,28.61093,5.494856,225.63685,28000000.0,0.032057,0.12823,0.0008508
2s.2p.(3P*).3p,4P,1.5,4.0,23.116074,2s.2p.(3P*).5d,4P*,2.5,6.0,28.64691,5.530836,224.169,5700000.0,0.0064413,0.025765,0.00017095
2s.2p.(3P*).3p,4P,1.5,4.0,23.116074,2s.2p.(3P*).5d,4P*,1.5,4.0,28.6493,5.533226,224.07217,2530000.0,0.0019044,0.0076176,5.0543e-05
2s.2p.(3P*).3p,4P,1.5,4.0,23.116074,2s.2p.(3P*).5d,4P*,0.5,2.0,28.65107,5.534996,224.00052,15800000.0,0.0059427,0.023771,0.00015772
2s.2p.(3P*).3p,4P,1.5,4.0,23.116074,2s.2p.(3P*).6s,4P*,0.5,2.0,28.9715,5.855426,211.74241,11800000.0,0.0039658,0.015863,0.00010525
2s.2p.(3P*).3p,4P,1.5,4.0,23.116074,2s.2p.(3P*).6s,4P*,1.5,4.0,28.97428,5.858206,211.64192,1900000.0,0.0012759,0.0051036,3.3862e-05
2s.2p.(3P*).3p,4P,1.5,4.0,23.116074,2s.2p.(3P*).6s,4P*,2.5,6.0,28.980146,5.864072,211.43021,4290000.0,0.0043126,0.017251,0.00011446
2s.2p.(3P*).3p,4P,2.5,6.0,23.118841,2s.2p.(3P*).3d,4D*,1.5,4.0,24.370757,1.251916,990.35557,657000.0,0.0064404,0.038643,0.00017093
2s.2p.(3P*).3p,4P,2.5,6.0,23.118841,2s.2p.(3P*).3d,4D*,2.5,6.0,24.3718,1.252959,989.53117,3970000.0,0.058279,0.34967,0.0015467
2s.2p.(3P*).3p,4P,2.5,6.0,23.118841,2s.2p.(3P*).3d,4D*,3.5,8.0,24.373054,1.254213,988.54181,13300000.0,0.2598,1.5588,0.0068951
2s.2p.(3P*).3p,4P,2.5,6.0,23.118841,2s.2p.(3P*).3d,4P*,2.5,6.0,24.653514,1.534673,807.88675,7040000.0,0.068886,0.41332,0.0018282
2s.2p.(3P*).3p,4P,2.5,6.0,23.118841,2s.2p.(3P*).3d,4P*,1.5,4.0,24.656151,1.53731,806.50096,4560000.0,0.029644,0.17787,0.00078676
2s.2p.(3P*).3p,4P,2.5,6.0,23.118841,2s.2p.(3P*).4s,4P*,1.5,4.0,25.984173,2.865332,432.70448,37700000.0,0.070549,0.4233,0.0018724
2s.2p.(3P*).3p,4P,2.5,6.0,23.118841,2s.2p.(3P*).4s,4P*,2.5,6.0,25.989855,2.871014,431.84811,58700000.0,0.16412,0.98472,0.0043557
2s.2p.(3P*).3p,4P,2.5,6.0,23.118841,2s.2p.(3P*).4d,4D*,1.5,4.0,27.292748,4.173907,297.04591,3170000.0,0.0027956,0.016774,7.4195e-05
2s.2p.(3P*).3p,4P,2.5,6.0,23.118841,2s.2p.(3P*).4d,4D*,2.5,6.0,27.29381,4.174969,296.97034,19000000.0,0.025121,0.15073,0.00066672
2s.2p.(3P*).3p,4P,2.5,6.0,23.118841,2s.2p.(3P*).4d,4D*,3.5,8.0,27.295185,4.176344,296.87257,63400000.0,0.11169,0.67016,0.0029643
2s.2p.(3P*).3p,4P,2.5,6.0,23.118841,2s.2p.(3P*).4d,4P*,2.5,6.0,27.377159,4.258318,291.15768,17800000.0,0.022622,0.13573,0.00060039
2s.2p.(3P*).3p,4P,2.5,6.0,23.118841,2s.2p.(3P*).4d,4P*,1.5,4.0,27.3797,4.260859,290.98404,11500000.0,0.0097321,0.058392,0.00025829
2s.2p.(3P*).3p,4P,2.5,6.0,23.118841,2s.2p.(3P*).5s,4P*,1.5,4.0,27.99213,4.873289,254.41585,12900000.0,0.0083454,0.050072,0.00022149
2s.2p.(3P*).3p,4P,2.5,6.0,23.118841,2s.2p.(3P*).5s,4P*,2.5,6.0,27.99786,4.879019,254.11706,20100000.0,0.019459,0.11675,0.00051645
2s.2p.(3P*).3p,4P,2.5,6.0,23.118841,2s.2p.(3P*).5d,4D*,1.5,4.0,28.60995,5.491109,225.79082,1200000.0,0.00061145,0.0036687,1.6228e-05
2s.2p.(3P*).3p,4P,2.5,6.0,23.118841,2s.2p.(3P*).5d,4D*,3.5,8.0,28.61242,5.493579,225.6893,37000000.0,0.037672,0.22603,0.00099982
2s.2p.(3P*).3p,4P,2.5,6.0,23.118841,2s.2p.(3P*).5d,4P*,2.5,6.0,28.64691,5.528069,224.28121,13300000.0,0.01003,0.060179,0.00026619
2s.2p.(3P*).3p,4P,2.5,6.0,23.118841,2s.2p.(3P*).5d,4P*,1.5,4.0,28.6493,5.530459,224.18428,8540000.0,0.0042898,0.025739,0.00011385
2s.2p.(3P*).3p,4P,2.5,6.0,23.118841,2s.2p.(3P*).6s,4P*,1.5,4.0,28.97428,5.855439,211.74193,6400000.0,0.0028679,0.017207,7.6114e-05
2s.2p.(3P*).3p,4P,2.5,6.0,23.118841,2s.2p.(3P*).6s,4P*,2.5,6.0,28.980146,5.861305,211.53002,9950000.0,0.0066746,0.040048,0.00017714
2s.2p.(3P*).3p,4P,2.5,6.0,23.118841,2s.2p.(3P*).6d,4D*,3.5,8.0,29.3153,6.196459,200.08879,24000000.0,0.019207,0.11524,0.00050975
2s2.7p,2P*,0.5,2.0,23.15347,2s2.7d,2D,1.5,4.0,23.22886,0.07539,16445.70877,149000.0,1.2083,2.4166,0.032069
2s2.7p,2P*,1.5,4.0,23.15359,2s2.7d,2D,2.5,6.0,23.22886,0.07527,16471.92751,179000.0,1.0922,4.3687,0.028986
2s2.7p,2P*,1.5,4.0,23.15359,2s2.7d,2D,1.5,4.0,23.22886,0.07527,16471.92751,30700.0,0.12488,0.49951,0.0033143
2s2.7f,2F*,2.5,6.0,23.264628,2s2.8g,2G,3.5,8.0,23.531602,0.266974,4644.05517,2350000.0,1.0131,6.0787,0.026888
2s2.7f,2F*,3.5,8.0,23.264631,2s2.8g,2G,3.5,8.0,23.531602,0.266971,4644.10735,87000.0,0.028131,0.22505,0.00074659
2s2.7f,2F*,3.5,8.0,23.264631,2s2.8g,2G,4.5,10.0,23.531603,0.266972,4644.08996,2440000.0,0.98619,7.8895,0.026173
2s2.7h,2H*,4.5,10.0,23.271946,2s2.8g,2G,3.5,8.0,23.531602,0.259656,4774.94063,64500.0,0.017638,0.17638,0.00046811
2s2.7h,2H*,4.5,10.0,23.271946,2s2.8g,2G,4.5,10.0,23.531603,0.259657,4774.92224,1200.0,0.00041018,0.0041018,1.0886e-05
2s2.7h,2H*,5.5,12.0,23.271946,2s2.8g,2G,4.5,10.0,23.531603,0.259657,4774.92224,63300.0,0.018031,0.21637,0.00047854
2s.2p.(3P*).3p,2D,1.5,4.0,23.381096,2s.2p.(3P*).3d,2D*,1.5,4.0,24.601624,1.220528,1015.82429,2690000.0,0.041615,0.16646,0.0011045
2s.2p.(3P*).3p,2D,1.5,4.0,23.381096,2s.2p.(3P*).3d,2D*,2.5,6.0,24.602961,1.221865,1014.71274,200000.0,0.0046309,0.018524,0.0001229
2s.2p.(3P*).3p,2D,1.5,4.0,23.381096,2s.2p.(3P*).3d,2F*,2.5,6.0,24.789558,1.408462,880.28075,19000000.0,0.33109,1.3244,0.0087871
2s.2p.(3P*).3p,2D,1.5,4.0,23.381096,2s.2p.(3P*).4d,2D*,1.5,4.0,27.351096,3.97,312.30277,13000000.0,0.019009,0.076035,0.00050449
2s.2p.(3P*).3p,2D,1.5,4.0,23.381096,2s.2p.(3P*).4d,2D*,2.5,6.0,27.352706,3.97161,312.17617,963000.0,0.0021105,0.0084418,5.6012e-05
2s.2p.(3P*).3p,2D,1.5,4.0,23.381096,2s.2p.(3P*).4d,2F*,2.5,6.0,27.457651,4.076555,304.13964,24000000.0,0.049924,0.1997,0.001325
2s.2p.(3P*).3p,2D,2.5,6.0,23.385281,2s.2p.(3P*).3d,2D*,1.5,4.0,24.601624,1.216343,1019.31937,295000.0,0.0030635,0.018381,8.1304e-05
2s.2p.(3P*).3p,2D,2.5,6.0,23.385281,2s.2p.(3P*).3d,2D*,2.5,6.0,24.602961,1.21768,1018.20017,2770000.0,0.043053,0.25832,0.0011426
2s.2p.(3P*).3p,2D,2.5,6.0,23.385281,2s.2p.(3P*).3d,2F*,2.5,6.0,24.789558,1.404277,882.90414,1410000.0,0.016478,0.098868,0.00043733
2s.2p.(3P*).3p,2D,2.5,6.0,23.385281,2s.2p.(3P*).3d,2F*,3.5,8.0,24.794748,1.409467,879.65308,20300000.0,0.31399,1.8839,0.0083333
2s.2p.(3P*).3p,2D,2.5,6.0,23.385281,2s.2p.(3P*).4d,2D*,1.5,4.0,27.351096,3.965815,312.63233,1440000.0,0.0014067,0.0084401,3.7334e-05
2s.2p.(3P*).3p,2D,2.5,6.0,23.385281,2s.2p.(3P*).4d,2D*,2.5,6.0,27.352706,3.967425,312.50546,13400000.0,0.019619,0.11771,0.00052069
2s.2p.(3P*).3p,2D,2.5,6.0,23.385281,2s.2p.(3P*).4d,2F*,3.5,8.0,27.462905,4.077624,304.05991,25000000.0,0.046202,0.27721,0.0012262
2s.2p.(3P*).3d,4F*,1.5,4.0,24.270232,2s.2p.(3P*).4p,4D,0.5,2.0,26.626817,2.356585,526.11808,24800000.0,0.051457,0.20583,0.0013657
2s.2p.(3P*).3d,4F*,1.5,4.0,24.270232,2s.2p.(3P*).4p,4D,1.5,4.0,26.628437,2.358205,525.75666,5400000.0,0.022378,0.089512,0.00059391
2s.2p.(3P*).3d,4F*,1.5,4.0,24.270232,2s.2p.(3P*).4p,4D,2.5,6.0,26.631221,2.360989,525.1367,259000.0,0.0016062,0.0064247,4.2628e-05
2s.2p.(3P*).3d,4F*,1.5,4.0,24.270232,2s.2p.(3P*).4f,4F,1.5,4.0,27.412155,3.141923,394.61247,19000000.0,0.044356,0.17742,0.0011772
2s.2p.(3P*).3d,4F*,1.5,4.0,24.270232,2s.2p.(3P*).4f,4G,2.5,6.0,27.468054,3.197822,387.71451,213000000.0,0.72004,2.8801,0.01911
2s.2p.(3P*).3d,4F*,1.5,4.0,24.270232,2s.2p.(3P*).4f,4D,2.5,6.0,27.48825,3.218018,385.28125,28000.0,9.3468e-05,0.00037387,2.4807e-06
2s.2p.(3P*).3d,4F*,1.5,4.0,24.270232,2s.2p.(3P*).4f,4D,0.5,2.0,27.492608,3.222376,384.76018,2200000.0,0.0024414,0.0097655,6.4794e-05
2s.2p.(3P*).3d,4F*,1.5,4.0,24.270232,2s.2p.(3P*).5p,4D,0.5,2.0,28.29054,4.020308,308.39478,10600000.0,0.007557,0.030228,0.00020056
2s.2p.(3P*).3d,4F*,1.5,4.0,24.270232,2s.2p.(3P*).5p,4D,1.5,4.0,28.29219,4.021958,308.26826,2130000.0,0.0030346,0.012138,8.0537e-05
2s.2p.(3P*).3d,4F*,1.5,4.0,24.270232,2s.2p.(3P*).5p,4D,2.5,6.0,28.29464,4.024408,308.08059,101000.0,0.00021558,0.0008623,5.7214e-06
2s.2p.(3P*).3d,4F*,1.5,4.0,24.270232,2s.2p.(3P*).5f,2F,2.5,6.0,28.6663,4.396068,282.03431,230000.0,0.00041142,0.0016457,1.0919e-05
2s.2p.(3P*).3d,4F*,1.5,4.0,24.270232,2s.2p.(3P*).5f,4G,2.5,6.0,28.69473,4.424498,280.22207,85800000.0,0.15151,0.60604,0.0040211
2s.2p.(3P*).3d,4F*,1.5,4.0,24.270232,2s.2p.(3P*).6p,4D,0.5,2.0,29.136,4.865768,254.8091,5500000.0,0.0026768,0.010707,7.1043e-05
2s.2p.(3P*).3d,4F*,1.5,4.0,24.270232,2s.2p.(3P*).6p,4D,1.5,4.0,29.1376,4.867368,254.72534,1100000.0,0.00107,0.0042801,2.8399e-05
2s.2p.(3P*).3d,4F*,1.5,4.0,24.270232,2s.2p.(3P*).6p,4D,2.5,6.0,29.14006,4.869828,254.59667,53000.0,7.7256e-05,0.00030902,2.0504e-06
2s.2p.(3P*).3d,4F*,1.5,4.0,24.270232,2s.2p.(3P*).6f,4F,1.5,4.0,29.3461,5.075868,244.26206,3200000.0,0.0028623,0.011449,7.5967e-05
2s.2p.(3P*).3d,4F*,1.5,4.0,24.270232,2s.2p.(3P*).6f,4G,2.5,6.0,29.36123,5.090998,243.53614,40000000.0,0.05335,0.2134,0.0014159
2s.2p.(3P*).3d,4F*,2.5,6.0,24.271876,2s.2p.(3P*).4p,4D,1.5,4.0,26.628437,2.356561,526.12344,20100000.0,0.055608,0.33365,0.0014758
2s.2p.(3P*).3d,4F*,2.5,6.0,24.271876,2s.2p.(3P*).4p,4D,2.5,6.0,26.631221,2.359345,525.50262,4700000.0,0.019458,0.11675,0.00051643
2s.2p.(3P*).3d,4F*,2.5,6.0,24.271876,2s.2p.(3P*).4p,4D,3.5,8.0,26.635493,2.363617,524.55283,141000.0,0.00077553,0.0046532,2.0582e-05
2s.2p.(3P*).3d,4F*,2.5,6.0,24.271876,2s.2p.(3P*).4f,4F,1.5,4.0,27.412155,3.140279,394.81905,4700000.0,0.0073226,0.043935,0.00019434
2s.2p.(3P*).3d,4F*,2.5,6.0,24.271876,2s.2p.(3P*).4f,4F,3.5,8.0,27.412647,3.140771,394.75721,5600000.0,0.017444,0.10466,0.00046296
2s.2p.(3P*).3d,4F*,2.5,6.0,24.271876,2s.2p.(3P*).4f,2F,3.5,8.0,27.413617,3.141741,394.63533,3400000.0,0.010584,0.063507,0.00028091
2s.2p.(3P*).3d,4F*,2.5,6.0,24.271876,2s.2p.(3P*).4f,4G,2.5,6.0,27.468054,3.196178,387.91393,36500000.0,0.082342,0.49405,0.0021854
2s.2p.(3P*).3d,4F*,2.5,6.0,24.271876,2s.2p.(3P*).4f,4G,3.5,8.0,27.4692,3.197324,387.7749,194000000.0,0.58312,3.4987,0.015476
2s.2p.(3P*).3d,4F*,2.5,6.0,24.271876,2s.2p.(3P*).4f,2G,3.5,8.0,27.473311,3.201435,387.27695,18400000.0,0.055164,0.33099,0.0014641
2s.2p.(3P*).3d,4F*,2.5,6.0,24.271876,2s.2p.(3P*).4f,4D,3.5,8.0,27.487106,3.21523,385.61533,21000.0,6.242e-05,0.00037452,1.6566e-06
2s.2p.(3P*).3d,4F*,2.5,6.0,24.271876,2s.2p.(3P*).4f,4D,1.5,4.0,27.490983,3.219107,385.15091,1700000.0,0.0025205,0.015123,6.6893e-05
2s.2p.(3P*).3d,4F*,2.5,6.0,24.271876,2s.2p.(3P*).5p,4D,1.5,4.0,28.29219,4.020314,308.39432,8510000.0,0.0080893,0.048536,0.00021469
2s.2p.(3P*).3d,4F*,2.5,6.0,24.271876,2s.2p.(3P*).5p,4D,2.5,6.0,28.29464,4.022764,308.20649,1850000.0,0.0026346,0.015808,6.9922e-05
2s.2p.(3P*).3d,4F*,2.5,6.0,24.271876,2s.2p.(3P*).5p,4D,3.5,8.0,28.299002,4.027126,307.87266,55000.0,0.00010421,0.00062525,2.7657e-06
2s.2p.(3P*).3d,4F*,2.5,6.0,24.271876,2s.2p.(3P*).5f,4F,1.5,4.0,28.66667,4.394794,282.11606,1600000.0,0.0012728,0.0076365,3.3779e-05
2s.2p.(3P*).3d,4F*,2.5,6.0,24.271876,2s.2p.(3P*).5f,4G,2.5,6.0,28.69473,4.422854,280.32623,16000000.0,0.01885,0.1131,0.00050027
2s.2p.(3P*).3d,4F*,2.5,6.0,24.271876,2s.2p.(3P*).5f,4G,3.5,8.0,28.696305,4.424429,280.22644,73500000.0,0.11537,0.69224,0.003062
2s.2p.(3P*).3d,4F*,2.5,6.0,24.271876,2s.2p.(3P*).5f,2G,3.5,8.0,28.69999,4.428114,279.99324,12000000.0,0.018805,0.11283,0.00049909
2s.2p.(3P*).3d,4F*,2.5,6.0,24.271876,2s.2p.(3P*).6p,4D,1.5,4.0,29.1376,4.865724,254.81141,4410000.0,0.0028618,0.017171,7.5953e-05
2s.2p.(3P*).3d,4F*,2.5,6.0,24.271876,2s.2p.(3P*).6p,4D,2.5,6.0,29.14006,4.868184,254.68265,959000.0,0.00093256,0.0055954,2.475e-05
2s.2p.(3P*).3d,4F*,2.5,6.0,24.271876,2s.2p.(3P*).6p,4D,3.5,8.0,29.14454,4.872664,254.44849,29000.0,3.7532e-05,0.00022519,9.9609e-07
2s.2p.(3P*).3d,4F*,2.5,6.0,24.271876,2s.2p.(3P*).6f,4F,1.5,4.0,29.3461,5.074224,244.3412,610000.0,0.00036399,0.002184,9.6603e-06
2s.2p.(3P*).3d,4F*,2.5,6.0,24.271876,2s.2p.(3P*).6f,2F,2.5,6.0,29.3461,5.074224,244.3412,100000.0,8.9506e-05,0.00053704,2.3755e-06
2s.2p.(3P*).3d,4F*,2.5,6.0,24.271876,2s.2p.(3P*).6f,4F,2.5,6.0,29.3468,5.074924,244.3075,1400000.0,0.0012527,0.0075164,3.3248e-05
2s.2p.(3P*).3d,4F*,2.5,6.0,24.271876,2s.2p.(3P*).6f,4F,3.5,8.0,29.3474,5.075524,244.27862,3300000.0,0.0039363,0.023618,0.00010447
2s.2p.(3P*).3d,4F*,2.5,6.0,24.271876,2s.2p.(3P*).6f,2F,3.5,8.0,29.34784,5.075964,244.25744,3100000.0,0.0036971,0.022182,9.812e-05
2s.2p.(3P*).3d,4F*,2.5,6.0,24.271876,2s.2p.(3P*).6f,4G,3.5,8.0,29.36233,5.090454,243.56216,29000000.0,0.034389,0.20633,0.00091268
2s.2p.(3P*).3d,4F*,3.5,8.0,24.274339,2s.2p.(3P*).4p,4D,2.5,6.0,26.631221,2.356882,526.05179,20600000.0,0.064098,0.51278,0.0017012
2s.2p.(3P*).3d,4F*,3.5,8.0,24.274339,2s.2p.(3P*).4p,4D,3.5,8.0,26.635493,2.361154,525.10001,2760000.0,0.011409,0.091273,0.0003028
2s.2p.(3P*).3d,4F*,3.5,8.0,24.274339,2s.2p.(3P*).4f,4F,3.5,8.0,27.412647,3.138308,395.06702,12100000.0,0.028313,0.2265,0.00075143
2s.2p.(3P*).3d,4F*,3.5,8.0,24.274339,2s.2p.(3P*).4f,2F,3.5,8.0,27.413617,3.139278,394.94495,3600000.0,0.0084185,0.067348,0.00022343
2s.2p.(3P*).3d,4F*,3.5,8.0,24.274339,2s.2p.(3P*).4f,4F,4.5,10.0,27.414114,3.139775,394.88243,6900000.0,0.020163,0.1613,0.00053512
2s.2p.(3P*).3d,4F*,3.5,8.0,24.274339,2s.2p.(3P*).4f,4G,3.5,8.0,27.4692,3.194861,388.07384,33900000.0,0.07654,0.61232,0.0020314
2s.2p.(3P*).3d,4F*,3.5,8.0,24.274339,2s.2p.(3P*).4f,4G,4.5,10.0,27.471868,3.197529,387.75004,230000000.0,0.64804,5.1843,0.017199
2s.2p.(3P*).3d,4F*,3.5,8.0,24.274339,2s.2p.(3P*).4f,2G,3.5,8.0,27.473311,3.198972,387.57513,2900000.0,0.0065308,0.052247,0.00017333
2s.2p.(3P*).3d,4F*,3.5,8.0,24.274339,2s.2p.(3P*).4f,2G,4.5,10.0,27.478084,3.203745,386.99771,11400000.0,0.031996,0.25597,0.00084917
2s.2p.(3P*).3d,4F*,3.5,8.0,24.274339,2s.2p.(3P*).4f,4D,3.5,8.0,27.487106,3.212767,385.91096,190000.0,0.00042422,0.0033937,1.1259e-05
2s.2p.(3P*).3d,4F*,3.5,8.0,24.274339,2s.2p.(3P*).4f,2D,2.5,6.0,27.490999,3.21666,385.4439,500000.0,0.00083524,0.0066819,2.2167e-05
2s.2p.(3P*).3d,4F*,3.5,8.0,24.274339,2s.2p.(3P*).5p,4D,2.5,6.0,28.29464,4.020301,308.39531,8650000.0,0.0092502,0.074002,0.0002455
2s.2p.(3P*).3d,4F*,3.5,8.0,24.274339,2s.2p.(3P*).5p,4D,3.5,8.0,28.299002,4.024663,308.06107,1080000.0,0.0015366,0.012293,4.0781e-05
2s.2p.(3P*).3d,4F*,3.5,8.0,24.274339,2s.2p.(3P*).5f,4F,3.5,8.0,28.667271,4.392932,282.23564,3800000.0,0.004538,0.036304,0.00012044
2s.2p.(3P*).3d,4F*,3.5,8.0,24.274339,2s.2p.(3P*).5f,4F,4.5,10.0,28.668725,4.394386,282.14226,4400000.0,0.0065638,0.052511,0.0001742
2s.2p.(3P*).3d,4F*,3.5,8.0,24.274339,2s.2p.(3P*).5f,4G,3.5,8.0,28.696305,4.421966,280.38252,14000000.0,0.0165,0.132,0.00043792
2s.2p.(3P*).3d,4F*,3.5,8.0,24.274339,2s.2p.(3P*).5f,4G,4.5,10.0,28.69905,4.424711,280.20858,85600000.0,0.12595,1.0076,0.0033428
2s.2p.(3P*).3d,4F*,3.5,8.0,24.274339,2s.2p.(3P*).5f,2G,4.5,10.0,28.70472,4.430381,279.84997,6300000.0,0.0092461,0.073969,0.00024539
2s.2p.(3P*).3d,4F*,3.5,8.0,24.274339,2s.2p.(3P*).6p,4D,2.5,6.0,29.14006,4.865721,254.81157,4490000.0,0.003278,0.026224,8.6997e-05
2s.2p.(3P*).3d,4F*,3.5,8.0,24.274339,2s.2p.(3P*).6p,4D,3.5,8.0,29.14454,4.870201,254.57717,562000.0,0.00054605,0.0043684,1.4492e-05
2s.2p.(3P*).3d,4F*,3.5,8.0,24.274339,2s.2p.(3P*).6f,4F,3.5,8.0,29.3474,5.073061,244.39722,1100000.0,0.00098502,0.0078802,2.6142e-05
2s.2p.(3P*).3d,4F*,3.5,8.0,24.274339,2s.2p.(3P*).6f,4F,4.5,10.0,29.348031,5.073692,244.36682,5000000.0,0.0055953,0.044762,0.0001485
2s.2p.(3P*).3d,4F*,3.5,8.0,24.274339,2s.2p.(3P*).6f,4G,4.5,10.0,29.3647,5.090361,243.56661,39000000.0,0.043358,0.34686,0.0011507
2s.2p.(3P*).3d,4F*,3.5,8.0,24.274339,2s.2p.(3P*).6f,2G,4.5,10.0,29.37058,5.096241,243.28559,4400000.0,0.0048804,0.039043,0.00012953
2s.2p.(3P*).3d,4F*,4.5,10.0,24.277795,2s.2p.(3P*).4p,4D,3.5,8.0,26.635493,2.357698,525.86972,24000000.0,0.079601,0.79601,0.0021126
2s.2p.(3P*).3d,4F*,4.5,10.0,24.277795,2s.2p.(3P*).4f,4F,3.5,8.0,27.412647,3.134852,395.50256,1700000.0,0.0031893,0.031893,8.4644e-05
2s.2p.(3P*).3d,4F*,4.5,10.0,24.277795,2s.2p.(3P*).4f,4F,4.5,10.0,27.414114,3.136319,395.31756,21100000.0,0.049435,0.49435,0.001312
2s.2p.(3P*).3d,4F*,4.5,10.0,24.277795,2s.2p.(3P*).4f,4G,3.5,8.0,27.4692,3.191405,388.49409,800000.0,0.0014481,0.014481,3.8433e-05
2s.2p.(3P*).3d,4F*,4.5,10.0,24.277795,2s.2p.(3P*).4f,4G,4.5,10.0,27.471868,3.194073,388.16958,22400000.0,0.0506,0.506,0.0013429
2s.2p.(3P*).3d,4F*,4.5,10.0,24.277795,2s.2p.(3P*).4f,2G,3.5,8.0,27.473311,3.195516,387.9943,70000.0,0.00012639,0.0012639,3.3543e-06
2s.2p.(3P*).3d,4F*,4.5,10.0,24.277795,2s.2p.(3P*).4f,4G,5.5,12.0,27.475501,3.197706,387.72857,263000000.0,0.7113,7.113,0.018878
2s.2p.(3P*).3d,4F*,4.5,10.0,24.277795,2s.2p.(3P*).4f,4D,3.5,8.0,27.487106,3.209311,386.32653,2400000.0,0.0042961,0.042961,0.00011402
2s.2p.(3P*).3d,4F*,4.5,10.0,24.277795,2s.2p.(3P*).5p,4D,3.5,8.0,28.299002,4.021207,308.32583,9420000.0,0.01074,0.1074,0.00028505
2s.2p.(3P*).3d,4F*,4.5,10.0,24.277795,2s.2p.(3P*).5f,4F,4.5,10.0,28.668725,4.39093,282.36432,6700000.0,0.0080086,0.080086,0.00021255
2s.2p.(3P*).3d,4F*,4.5,10.0,24.277795,2s.2p.(3P*).5f,4G,4.5,10.0,28.69905,4.421255,280.42761,9900000.0,0.011672,0.11672,0.00030977
2s.2p.(3P*).3d,4F*,4.5,10.0,24.277795,2s.2p.(3P*).5f,4G,5.5,12.0,28.70263,4.424835,280.20073,104000000.0,0.1469,1.469,0.0038986
2s.2p.(3P*).3d,4F*,4.5,10.0,24.277795,2s.2p.(3P*).6p,4D,3.5,8.0,29.14454,4.866745,254.75795,4920000.0,0.0038297,0.038297,0.00010164
2s.2p.(3P*).3d,4F*,4.5,10.0,24.277795,2s.2p.(3P*).6f,4F,3.5,8.0,29.3474,5.069605,244.56382,80000.0,5.7388e-05,0.00057388,1.5231e-06
2s.2p.(3P*).3d,4F*,4.5,10.0,24.277795,2s.2p.(3P*).6f,4F,4.5,10.0,29.348031,5.070236,244.53339,2000000.0,0.0017929,0.017929,4.7585e-05
2s.2p.(3P*).3d,4F*,4.5,10.0,24.277795,2s.2p.(3P*).6f,4G,5.5,12.0,29.36951,5.091715,243.50184,52200000.0,0.055682,0.55682,0.0014778
2s.2p.(3P*).3d,4D*,0.5,2.0,24.37008,2s.2p.(3P*).4p,4D,0.5,2.0,26.626817,2.256737,549.39587,2400000.0,0.01086,0.021721,0.00028823
2s.2p.(3P*).3d,4D*,0.5,2.0,24.37008,2s.2p.(3P*).4p,4D,1.5,4.0,26.628437,2.258357,549.00177,1200000.0,0.010845,0.021689,0.00028782
2s.2p.(3P*).3d,4D*,0.5,2.0,24.37008,2s.2p.(3P*).4p,4P,0.5,2.0,26.825558,2.455478,504.92897,9500000.0,0.036311,0.072623,0.00096371
2s.2p.(3P*).3d,4D*,0.5,2.0,24.37008,2s.2p.(3P*).4p,4P,1.5,4.0,26.827651,2.457571,504.49895,900000.0,0.0068684,0.013737,0.00018229
2s.2p.(3P*).3d,4D*,0.5,2.0,24.37008,2s.2p.(3P*).4f,4F,1.5,4.0,27.412155,3.042075,407.56457,151000000.0,0.75207,1.5041,0.01996
2s.2p.(3P*).3d,4D*,0.5,2.0,24.37008,2s.2p.(3P*).4f,4D,1.5,4.0,27.490983,3.120903,397.27027,6700000.0,0.031706,0.063411,0.00084147
2s.2p.(3P*).3d,4D*,0.5,2.0,24.37008,2s.2p.(3P*).4f,4D,0.5,2.0,27.492608,3.122528,397.06353,19000000.0,0.044909,0.089818,0.0011919
2s.2p.(3P*).3d,4D*,0.5,2.0,24.37008,2s.2p.(3P*).5p,4D,0.5,2.0,28.29054,3.92046,316.24911,900000.0,0.0013495,0.0026989,3.5815e-05
2s.2p.(3P*).3d,4D*,0.5,2.0,24.37008,2s.2p.(3P*).5p,4D,1.5,4.0,28.29219,3.92211,316.11607,450000.0,0.0013483,0.0026967,3.5785e-05
2s.2p.(3P*).3d,4D*,0.5,2.0,24.37008,2s.2p.(3P*).5p,4P,0.5,2.0,28.38401,4.01393,308.8848,5000000.0,0.0071519,0.014304,0.00018981
2s.2p.(3P*).3d,4D*,0.5,2.0,24.37008,2s.2p.(3P*).5p,4P,1.5,4.0,28.3858,4.01572,308.74712,470000.0,0.0013434,0.0026867,3.5653e-05
2s.2p.(3P*).3d,4D*,0.5,2.0,24.37008,2s.2p.(3P*).5f,4F,1.5,4.0,28.66667,4.29659,288.56418,58000000.0,0.14481,0.28962,0.0038433
2s.2p.(3P*).3d,4D*,0.5,2.0,24.37008,2s.2p.(3P*).6p,4D,0.5,2.0,29.136,4.76592,260.14746,410000.0,0.00041599,0.00083198,1.104e-05
2s.2p.(3P*).3d,4D*,0.5,2.0,24.37008,2s.2p.(3P*).6p,4D,1.5,4.0,29.1376,4.76752,260.06015,210000.0,0.00042585,0.0008517,1.1302e-05
2s.2p.(3P*).3d,4D*,0.5,2.0,24.37008,2s.2p.(3P*).6f,4F,1.5,4.0,29.3461,4.97602,249.16338,28000000.0,0.052121,0.10424,0.0013833
2s.2p.(3P*).3d,4D*,1.5,4.0,24.370757,2s.2p.(3P*).4p,4D,0.5,2.0,26.626817,2.25606,549.56073,2300000.0,0.005207,0.020828,0.00013819
2s.2p.(3P*).3d,4D*,1.5,4.0,24.370757,2s.2p.(3P*).4p,4D,1.5,4.0,26.628437,2.25768,549.16639,2000000.0,0.0090427,0.036171,0.00023999
2s.2p.(3P*).3d,4D*,1.5,4.0,24.370757,2s.2p.(3P*).4p,4D,2.5,6.0,26.631221,2.260464,548.49004,1100000.0,0.0074419,0.029767,0.00019751
2s.2p.(3P*).3d,4D*,1.5,4.0,24.370757,2s.2p.(3P*).4p,4P,0.5,2.0,26.825558,2.454801,505.06823,9500000.0,0.018166,0.072663,0.00048212
2s.2p.(3P*).3d,4D*,1.5,4.0,24.370757,2s.2p.(3P*).4p,4P,1.5,4.0,26.827651,2.456894,504.63796,6000000.0,0.022907,0.091629,0.00060796
2s.2p.(3P*).3d,4D*,1.5,4.0,24.370757,2s.2p.(3P*).4p,4P,2.5,6.0,26.830251,2.459494,504.1045,390000.0,0.0022287,0.0089149,5.915e-05
2s.2p.(3P*).3d,4D*,1.5,4.0,24.370757,2s.2p.(3P*).4f,4F,1.5,4.0,27.412155,3.041398,407.65529,59000000.0,0.14699,0.58797,0.0039012
2s.2p.(3P*).3d,4D*,1.5,4.0,24.370757,2s.2p.(3P*).4f,4F,2.5,6.0,27.412802,3.042045,407.56859,100000000.0,0.37355,1.4942,0.0099141
2s.2p.(3P*).3d,4D*,1.5,4.0,24.370757,2s.2p.(3P*).4f,4G,2.5,6.0,27.468054,3.097297,400.29806,600000.0,0.0021621,0.0086483,5.7381e-05
2s.2p.(3P*).3d,4D*,1.5,4.0,24.370757,2s.2p.(3P*).4f,4D,2.5,6.0,27.48825,3.117493,397.70482,4100000.0,0.014583,0.058333,0.00038704
2s.2p.(3P*).3d,4D*,1.5,4.0,24.370757,2s.2p.(3P*).4f,4D,1.5,4.0,27.490983,3.120226,397.35647,15000000.0,0.035507,0.14203,0.00094235
2s.2p.(3P*).3d,4D*,1.5,4.0,24.370757,2s.2p.(3P*).4f,2D,2.5,6.0,27.490999,3.120242,397.35443,2600000.0,0.0092317,0.036927,0.00024501
2s.2p.(3P*).3d,4D*,1.5,4.0,24.370757,2s.2p.(3P*).4f,4D,0.5,2.0,27.492608,3.121851,397.14963,19000000.0,0.022464,0.089857,0.0005962
2s.2p.(3P*).3d,4D*,1.5,4.0,24.370757,2s.2p.(3P*).5p,4D,0.5,2.0,28.29054,3.919783,316.30373,1000000.0,0.00074996,0.0029998,1.9904e-05
2s.2p.(3P*).3d,4D*,1.5,4.0,24.370757,2s.2p.(3P*).5p,4D,1.5,4.0,28.29219,3.921433,316.17064,700000.0,0.0010491,0.0041962,2.7842e-05
2s.2p.(3P*).3d,4D*,1.5,4.0,24.370757,2s.2p.(3P*).5p,4D,2.5,6.0,28.29464,3.923883,315.97323,430000.0,0.00096543,0.0038617,2.5622e-05
2s.2p.(3P*).3d,4D*,1.5,4.0,24.370757,2s.2p.(3P*).5p,4P,0.5,2.0,28.38401,4.013253,308.93691,5000000.0,0.0035772,0.014309,9.4938e-05
2s.2p.(3P*).3d,4D*,1.5,4.0,24.370757,2s.2p.(3P*).5p,4P,1.5,4.0,28.3858,4.015043,308.79918,2900000.0,0.0041458,0.016583,0.00011003
2s.2p.(3P*).3d,4D*,1.5,4.0,24.370757,2s.2p.(3P*).5p,4P,2.5,6.0,28.388347,4.01759,308.60341,210000.0,0.00044975,0.001799,1.1936e-05
2s.2p.(3P*).3d,4D*,1.5,4.0,24.370757,2s.2p.(3P*).5f,2F,2.5,6.0,28.6663,4.295543,288.63452,19000000.0,0.035596,0.14238,0.00094472
2s.2p.(3P*).3d,4D*,1.5,4.0,24.370757,2s.2p.(3P*).5f,4F,1.5,4.0,28.66667,4.295913,288.60966,21000000.0,0.026224,0.1049,0.00069599
2s.2p.(3P*).3d,4D*,1.5,4.0,24.370757,2s.2p.(3P*).5f,4F,2.5,6.0,28.66723,4.296473,288.57204,42000000.0,0.078652,0.31461,0.0020874
2s.2p.(3P*).3d,4D*,1.5,4.0,24.370757,2s.2p.(3P*).6p,4D,0.5,2.0,29.136,4.765243,260.18442,540000.0,0.00027402,0.0010961,7.2726e-06
2s.2p.(3P*).3d,4D*,1.5,4.0,24.370757,2s.2p.(3P*).6p,4D,1.5,4.0,29.1376,4.766843,260.09709,310000.0,0.00031441,0.0012576,8.3444e-06
2s.2p.(3P*).3d,4D*,1.5,4.0,24.370757,2s.2p.(3P*).6p,4D,2.5,6.0,29.14006,4.769303,259.96293,200000.0,0.00030395,0.0012158,8.0669e-06
2s.2p.(3P*).3d,4D*,1.5,4.0,24.370757,2s.2p.(3P*).6f,4F,1.5,4.0,29.3461,4.975343,249.19729,9000000.0,0.0083789,0.033516,0.00022238
2s.2p.(3P*).3d,4D*,2.5,6.0,24.3718,2s.2p.(3P*).4p,4D,1.5,4.0,26.628437,2.256637,549.42021,1500000.0,0.0045255,0.027153,0.00012011
2s.2p.(3P*).3d,4D*,2.5,6.0,24.3718,2s.2p.(3P*).4p,4D,2.5,6.0,26.631221,2.259421,548.74323,3320000.0,0.014988,0.089926,0.00039777
2s.2p.(3P*).3d,4D*,2.5,6.0,24.3718,2s.2p.(3P*).4p,4D,3.5,8.0,26.635493,2.263693,547.70765,690000.0,0.0041376,0.024825,0.00010981
2s.2p.(3P*).3d,4D*,2.5,6.0,24.3718,2s.2p.(3P*).4p,4S,1.5,4.0,26.751796,2.379996,520.94289,200000.0,0.00054247,0.0032548,1.4397e-05
2s.2p.(3P*).3d,4D*,2.5,6.0,24.3718,2s.2p.(3P*).4p,4P,1.5,4.0,26.827651,2.455851,504.85228,11700000.0,0.029805,0.17883,0.00079101
2s.2p.(3P*).3d,4D*,2.5,6.0,24.3718,2s.2p.(3P*).4p,4P,2.5,6.0,26.830251,2.458451,504.31836,3400000.0,0.012964,0.077786,0.00034407
2s.2p.(3P*).3d,4D*,2.5,6.0,24.3718,2s.2p.(3P*).4f,4F,1.5,4.0,27.412155,3.040355,407.79514,4100000.0,0.0068145,0.040887,0.00018086
2s.2p.(3P*).3d,4D*,2.5,6.0,24.3718,2s.2p.(3P*).4f,4F,3.5,8.0,27.412647,3.040847,407.72916,135000000.0,0.44862,2.6917,0.011906
2s.2p.(3P*).3d,4D*,2.5,6.0,24.3718,2s.2p.(3P*).4f,4F,2.5,6.0,27.412802,3.041002,407.70838,31000000.0,0.077254,0.46352,0.0020503
2s.2p.(3P*).3d,4D*,2.5,6.0,24.3718,2s.2p.(3P*).4f,2F,3.5,8.0,27.413617,3.041817,407.59914,47000000.0,0.15609,0.93651,0.0041425
2s.2p.(3P*).3d,4D*,2.5,6.0,24.3718,2s.2p.(3P*).4f,4G,2.5,6.0,27.468054,3.096254,400.43291,180000.0,0.0004327,0.0025962,1.1484e-05
2s.2p.(3P*).3d,4D*,2.5,6.0,24.3718,2s.2p.(3P*).4f,4G,3.5,8.0,27.4692,3.0974,400.28475,1300000.0,0.0041637,0.024982,0.0001105
2s.2p.(3P*).3d,4D*,2.5,6.0,24.3718,2s.2p.(3P*).4f,4D,3.5,8.0,27.487106,3.115306,397.98401,3600000.0,0.011398,0.068389,0.00030251
2s.2p.(3P*).3d,4D*,2.5,6.0,24.3718,2s.2p.(3P*).4f,4D,2.5,6.0,27.48825,3.11645,397.83792,18000000.0,0.042711,0.25627,0.0011336
2s.2p.(3P*).3d,4D*,2.5,6.0,24.3718,2s.2p.(3P*).4f,4D,1.5,4.0,27.490983,3.119183,397.48934,13000000.0,0.020529,0.12317,0.00054483
2s.2p.(3P*).3d,4D*,2.5,6.0,24.3718,2s.2p.(3P*).4f,2D,2.5,6.0,27.490999,3.119199,397.4873,6800000.0,0.016107,0.096642,0.00042748
2s.2p.(3P*).3d,4D*,2.5,6.0,24.3718,2s.2p.(3P*).5p,4D,1.5,4.0,28.29219,3.92039,316.25476,700000.0,0.00069975,0.0041985,1.8571e-05
2s.2p.(3P*).3d,4D*,2.5,6.0,24.3718,2s.2p.(3P*).5p,4D,2.5,6.0,28.29464,3.92284,316.05724,1100000.0,0.0016473,0.0098841,4.372e-05
2s.2p.(3P*).3d,4D*,2.5,6.0,24.3718,2s.2p.(3P*).5p,4D,3.5,8.0,28.299002,3.927202,315.70619,270000.0,0.00053793,0.0032276,1.4277e-05
2s.2p.(3P*).3d,4D*,2.5,6.0,24.3718,2s.2p.(3P*).5p,4P,1.5,4.0,28.3858,4.014,308.87942,5500000.0,0.0052446,0.031467,0.00013919
2s.2p.(3P*).3d,4D*,2.5,6.0,24.3718,2s.2p.(3P*).5p,4P,2.5,6.0,28.388347,4.016547,308.68355,1800000.0,0.0025713,0.015428,6.8243e-05
2s.2p.(3P*).3d,4D*,2.5,6.0,24.3718,2s.2p.(3P*).5f,2F,2.5,6.0,28.6663,4.2945,288.70462,5000000.0,0.0062479,0.037488,0.00016582
2s.2p.(3P*).3d,4D*,2.5,6.0,24.3718,2s.2p.(3P*).5f,4F,1.5,4.0,28.66667,4.29487,288.67975,1400000.0,0.0011661,0.0069965,3.0948e-05
2s.2p.(3P*).3d,4D*,2.5,6.0,24.3718,2s.2p.(3P*).5f,4F,2.5,6.0,28.66723,4.29543,288.64211,13000000.0,0.016238,0.097426,0.00043095
2s.2p.(3P*).3d,4D*,2.5,6.0,24.3718,2s.2p.(3P*).5f,4F,3.5,8.0,28.667271,4.295471,288.63936,50600000.0,0.084267,0.5056,0.0022365
2s.2p.(3P*).3d,4D*,2.5,6.0,24.3718,2s.2p.(3P*).5f,2F,3.5,8.0,28.668257,4.296457,288.57312,18000000.0,0.029963,0.17978,0.00079521
2s.2p.(3P*).3d,4D*,2.5,6.0,24.3718,2s.2p.(3P*).5f,4D,2.5,6.0,28.705857,4.334057,286.06961,7000000.0,0.0085882,0.051529,0.00022793
2s.2p.(3P*).3d,4D*,2.5,6.0,24.3718,2s.2p.(3P*).6p,4D,1.5,4.0,29.1376,4.7658,260.15401,450000.0,0.0003044,0.0018264,8.0787e-06
2s.2p.(3P*).3d,4D*,2.5,6.0,24.3718,2s.2p.(3P*).6p,4D,2.5,6.0,29.14006,4.76826,260.01979,490000.0,0.00049667,0.00298,1.3182e-05
2s.2p.(3P*).3d,4D*,2.5,6.0,24.3718,2s.2p.(3P*).6p,4D,3.5,8.0,29.14454,4.77274,259.77572,140000.0,0.00018885,0.0011331,5.0122e-06
2s.2p.(3P*).3d,4D*,2.5,6.0,24.3718,2s.2p.(3P*).6f,4F,1.5,4.0,29.3461,4.9743,249.24954,480000.0,0.00029804,0.0017883,7.91e-06
2s.2p.(3P*).3d,4D*,2.5,6.0,24.3718,2s.2p.(3P*).6f,4F,3.5,8.0,29.3474,4.9756,249.18442,25000000.0,0.03103,0.18618,0.00082353
2s.2p.(3P*).3d,4D*,2.5,6.0,24.3718,2s.2p.(3P*).6f,2F,3.5,8.0,29.34784,4.97604,249.16238,6900000.0,0.0085627,0.051376,0.00022725
2s.2p.(3P*).3d,4D*,3.5,8.0,24.373054,2s.2p.(3P*).4p,4D,2.5,6.0,26.631221,2.258167,549.04796,820000.0,0.0027794,0.022235,7.3766e-05
2s.2p.(3P*).3d,4D*,3.5,8.0,24.373054,2s.2p.(3P*).4p,4D,3.5,8.0,26.635493,2.262439,548.01123,4400000.0,0.01981,0.15848,0.00052577
2s.2p.(3P*).3d,4D*,3.5,8.0,24.373054,2s.2p.(3P*).4p,4P,2.5,6.0,26.830251,2.457197,504.57574,15000000.0,0.04294,0.34352,0.0011396
2s.2p.(3P*).3d,4D*,3.5,8.0,24.373054,2s.2p.(3P*).4f,4F,3.5,8.0,27.412647,3.039593,407.89737,20300000.0,0.050636,0.40509,0.0013439
2s.2p.(3P*).3d,4D*,3.5,8.0,24.373054,2s.2p.(3P*).4f,2F,3.5,8.0,27.413617,3.040563,407.76724,8400000.0,0.020939,0.16751,0.00055573
2s.2p.(3P*).3d,4D*,3.5,8.0,24.373054,2s.2p.(3P*).4f,4F,4.5,10.0,27.414114,3.04106,407.7006,210000000.0,0.65414,5.2331,0.017361
2s.2p.(3P*).3d,4D*,3.5,8.0,24.373054,2s.2p.(3P*).4f,4G,3.5,8.0,27.4692,3.096146,400.44687,170000.0,0.00040869,0.0032696,1.0847e-05
2s.2p.(3P*).3d,4D*,3.5,8.0,24.373054,2s.2p.(3P*).4f,4G,4.5,10.0,27.471868,3.098814,400.1021,1500000.0,0.0044999,0.035999,0.00011943
2s.2p.(3P*).3d,4D*,3.5,8.0,24.373054,2s.2p.(3P*).4f,4D,3.5,8.0,27.487106,3.114052,398.14428,36100000.0,0.085792,0.68634,0.0022769
2s.2p.(3P*).3d,4D*,3.5,8.0,24.373054,2s.2p.(3P*).4f,4D,2.5,6.0,27.48825,3.115196,397.99807,5700000.0,0.010152,0.081217,0.00026944
2s.2p.(3P*).3d,4D*,3.5,8.0,24.373054,2s.2p.(3P*).4f,2D,2.5,6.0,27.490999,3.117945,397.64716,2300000.0,0.0040893,0.032714,0.00010853
2s.2p.(3P*).3d,4D*,3.5,8.0,24.373054,2s.2p.(3P*).5p,4D,2.5,6.0,28.29464,3.921586,316.15831,420000.0,0.00047204,0.0037763,1.2528e-05
2s.2p.(3P*).3d,4D*,3.5,8.0,24.373054,2s.2p.(3P*).5p,4P,2.5,6.0,28.388347,4.015293,308.77995,7500000.0,0.0080404,0.064324,0.00021339
2s.2p.(3P*).3d,4D*,3.5,8.0,24.373054,2s.2p.(3P*).5f,4F,2.5,6.0,28.66723,4.294176,288.7264,420000.0,0.00039368,0.0031494,1.0448e-05
2s.2p.(3P*).3d,4D*,3.5,8.0,24.373054,2s.2p.(3P*).5f,4F,3.5,8.0,28.667271,4.294217,288.72364,6300000.0,0.0078734,0.062988,0.00020896
2s.2p.(3P*).3d,4D*,3.5,8.0,24.373054,2s.2p.(3P*).5f,2F,3.5,8.0,28.668257,4.295203,288.65737,3200000.0,0.0039974,0.031979,0.00010609
2s.2p.(3P*).3d,4D*,3.5,8.0,24.373054,2s.2p.(3P*).5f,4F,4.5,10.0,28.668725,4.295671,288.62592,78200000.0,0.12208,0.97665,0.00324
2s.2p.(3P*).3d,4D*,3.5,8.0,24.373054,2s.2p.(3P*).5f,4D,3.5,8.0,28.705301,4.332247,286.18913,16000000.0,0.019647,0.15717,0.00052142
2s.2p.(3P*).3d,4D*,3.5,8.0,24.373054,2s.2p.(3P*).6p,4D,2.5,6.0,29.14006,4.767006,260.08819,290000.0,0.00022058,0.0017646,5.8541e-06
2s.2p.(3P*).3d,4D*,3.5,8.0,24.373054,2s.2p.(3P*).6p,4D,3.5,8.0,29.14454,4.771486,259.84399,900000.0,0.00091102,0.0072882,2.4178e-05
2s.2p.(3P*).3d,4D*,3.5,8.0,24.373054,2s.2p.(3P*).6f,4F,3.5,8.0,29.3474,4.974346,249.24723,1900000.0,0.0017696,0.014157,4.6965e-05
2s.2p.(3P*).3d,4D*,3.5,8.0,24.373054,2s.2p.(3P*).6f,2F,3.5,8.0,29.34784,4.974786,249.22519,1300000.0,0.0012106,0.0096845,3.2128e-05
2s.2p.(3P*).3d,4D*,3.5,8.0,24.373054,2s.2p.(3P*).6f,4F,4.5,10.0,29.348031,4.974977,249.21562,35000000.0,0.040737,0.3259,0.0010812
2s.2p.(3P*).3d,2D*,1.5,4.0,24.601624,2s.2p.(3P*).4p,2P,0.5,2.0,26.58275,1.981126,625.82692,28700000.0,0.08426,0.33704,0.0022363
2s.2p.(3P*).3d,2D*,1.5,4.0,24.601624,2s.2p.(3P*).4p,2P,1.5,4.0,26.585924,1.9843,624.82588,2800000.0,0.016388,0.065553,0.00043495
2s.2p.(3P*).3d,2D*,1.5,4.0,24.601624,2s.2p.(3P*).4f,2F,2.5,6.0,27.411529,2.809905,441.23982,186000000.0,0.81435,3.2574,0.021613
2s.2p.(3P*).3d,2D*,1.5,4.0,24.601624,2s.2p.(3P*).4f,4G,2.5,6.0,27.468054,2.86643,432.53873,350000.0,0.0014725,0.0058902,3.9081e-05
2s.2p.(3P*).3d,2D*,1.5,4.0,24.601624,2s.2p.(3P*).4f,4D,2.5,6.0,27.48825,2.886626,429.51251,330000.0,0.001369,0.0054762,3.6334e-05
2s.2p.(3P*).3d,2D*,1.5,4.0,24.601624,2s.2p.(3P*).4f,4D,1.5,4.0,27.490983,2.889359,429.10624,3500000.0,0.0096618,0.038647,0.00025642
2s.2p.(3P*).3d,2D*,1.5,4.0,24.601624,2s.2p.(3P*).4f,2D,1.5,4.0,27.493785,2.892161,428.69051,29500000.0,0.081277,0.32511,0.0021571
2s.2p.(3P*).3d,2D*,1.5,4.0,24.601624,2s.2p.(3P*).5p,2P,0.5,2.0,28.253674,3.65205,339.49206,14000000.0,0.012095,0.048381,0.00032101
2s.2p.(3P*).3d,2D*,1.5,4.0,24.601624,2s.2p.(3P*).5f,2F,2.5,6.0,28.6663,4.064676,305.02849,42000000.0,0.087878,0.35151,0.0023323
2s.2p.(3P*).3d,2D*,1.5,4.0,24.601624,2s.2p.(3P*).5f,4F,2.5,6.0,28.66723,4.065606,304.95872,18000000.0,0.037645,0.15058,0.00099909
2s.2p.(3P*).3d,2D*,2.5,6.0,24.602961,2s.2p.(3P*).4p,2P,1.5,4.0,26.585924,1.982963,625.24716,25900000.0,0.1012,0.60719,0.0026858
2s.2p.(3P*).3d,2D*,2.5,6.0,24.602961,2s.2p.(3P*).4f,4F,3.5,8.0,27.412647,2.809686,441.27421,53000000.0,0.2063,1.2378,0.0054751
2s.2p.(3P*).3d,2D*,2.5,6.0,24.602961,2s.2p.(3P*).4f,2F,3.5,8.0,27.413617,2.810656,441.12192,148000000.0,0.57567,3.454,0.015278
2s.2p.(3P*).3d,2D*,2.5,6.0,24.602961,2s.2p.(3P*).4f,4G,3.5,8.0,27.4692,2.866239,432.56755,45000.0,0.00016831,0.0010099,4.467e-06
2s.2p.(3P*).3d,2D*,2.5,6.0,24.602961,2s.2p.(3P*).4f,2G,3.5,8.0,27.473311,2.87035,431.94801,320000.0,0.0011935,0.0071608,3.1675e-05
2s.2p.(3P*).3d,2D*,2.5,6.0,24.602961,2s.2p.(3P*).4f,4D,2.5,6.0,27.48825,2.885289,429.71154,13000000.0,0.035988,0.21593,0.00095512
2s.2p.(3P*).3d,2D*,2.5,6.0,24.602961,2s.2p.(3P*).4f,2D,2.5,6.0,27.490999,2.888038,429.30252,24000000.0,0.066313,0.39788,0.0017599
2s.2p.(3P*).3d,2D*,2.5,6.0,24.602961,2s.2p.(3P*).5p,2P,1.5,4.0,28.25695,3.653989,339.31191,12000000.0,0.013809,0.082851,0.00036648
2s.2p.(3P*).3d,2D*,2.5,6.0,24.602961,2s.2p.(3P*).5f,4F,3.5,8.0,28.667271,4.06431,305.05596,17000000.0,0.031623,0.18974,0.00083928
2s.2p.(3P*).3d,2D*,2.5,6.0,24.602961,2s.2p.(3P*).5f,2F,3.5,8.0,28.668257,4.065296,304.98197,45500000.0,0.084598,0.50759,0.0022452
2s.2p.(3P*).3d,2D*,2.5,6.0,24.602961,2s.2p.(3P*).6f,4F,3.5,8.0,29.3474,4.744439,261.32531,6700000.0,0.0091461,0.054877,0.00024274
2s.2p.(3P*).3d,4P*,2.5,6.0,24.653514,2s.2p.(3P*).4p,4D,2.5,6.0,26.631221,1.977707,626.90883,490000.0,0.0028871,0.017323,7.6624e-05
2s.2p.(3P*).3d,4P*,2.5,6.0,24.653514,2s.2p.(3P*).4p,4D,3.5,8.0,26.635493,1.981979,625.55758,1700000.0,0.013298,0.079787,0.00035293
2s.2p.(3P*).3d,4P*,2.5,6.0,24.653514,2s.2p.(3P*).4p,4S,1.5,4.0,26.751796,2.098282,590.88434,20000000.0,0.069792,0.41875,0.0018523
2s.2p.(3P*).3d,4P*,2.5,6.0,24.653514,2s.2p.(3P*).4p,4P,2.5,6.0,26.830251,2.176737,569.58741,1700000.0,0.0082685,0.049611,0.00021945
2s.2p.(3P*).3d,4P*,2.5,6.0,24.653514,2s.2p.(3P*).4f,4F,2.5,6.0,27.412802,2.759288,449.33403,41000.0,0.0001241,0.00074462,3.2937e-06
2s.2p.(3P*).3d,4P*,2.5,6.0,24.653514,2s.2p.(3P*).4f,2F,3.5,8.0,27.413617,2.760103,449.20135,180000.0,0.00072603,0.0043562,1.9269e-05
2s.2p.(3P*).3d,4P*,2.5,6.0,24.653514,2s.2p.(3P*).4f,4G,3.5,8.0,27.4692,2.815686,440.3339,14000.0,5.4261e-05,0.00032557,1.4401e-06
2s.2p.(3P*).3d,4P*,2.5,6.0,24.653514,2s.2p.(3P*).4f,4D,3.5,8.0,27.487106,2.833592,437.55134,172000000.0,0.65824,3.9494,0.01747
2s.2p.(3P*).3d,4P*,2.5,6.0,24.653514,2s.2p.(3P*).4f,4D,2.5,6.0,27.48825,2.834736,437.37476,35100000.0,0.10066,0.60398,0.0026716
2s.2p.(3P*).3d,4P*,2.5,6.0,24.653514,2s.2p.(3P*).4f,4D,1.5,4.0,27.490983,2.837469,436.95349,8000000.0,0.015266,0.091597,0.00040516
2s.2p.(3P*).3d,4P*,2.5,6.0,24.653514,2s.2p.(3P*).4f,2D,2.5,6.0,27.490999,2.837485,436.95103,17500000.0,0.050091,0.30055,0.0013294
2s.2p.(3P*).3d,4P*,2.5,6.0,24.653514,2s.2p.(3P*).5p,4S,1.5,4.0,28.349833,3.696319,335.42613,7400000.0,0.0083214,0.049928,0.00022085
2s.2p.(3P*).3d,4P*,2.5,6.0,24.653514,2s.2p.(3P*).5f,4D,3.5,8.0,28.705301,4.051787,305.99881,67400000.0,0.12615,0.75692,0.0033481
2s.2p.(3P*).3d,4P*,2.5,6.0,24.653514,2s.2p.(3P*).6f,4D,3.5,8.0,29.3691,4.715586,262.92427,26000000.0,0.035928,0.21557,0.00095353
2s.2p.(3P*).3d,4P*,1.5,4.0,24.656151,2s.2p.(3P*).4p,4D,1.5,4.0,26.628437,1.972286,628.63194,860000.0,0.0050951,0.02038,0.00013522
2s.2p.(3P*).3d,4P*,1.5,4.0,24.656151,2s.2p.(3P*).4p,4D,2.5,6.0,26.631221,1.97507,627.74584,1100000.0,0.0097479,0.038992,0.00025871
2s.2p.(3P*).3d,4P*,1.5,4.0,24.656151,2s.2p.(3P*).4p,4S,1.5,4.0,26.751796,2.095645,591.62787,12200000.0,0.06402,0.25608,0.0016991
2s.2p.(3P*).3d,4P*,1.5,4.0,24.656151,2s.2p.(3P*).4p,4P,0.5,2.0,26.825558,2.169407,571.51193,1900000.0,0.0046519,0.018608,0.00012346
2s.2p.(3P*).3d,4P*,1.5,4.0,24.656151,2s.2p.(3P*).4p,4P,1.5,4.0,26.827651,2.1715,570.96108,980000.0,0.0047896,0.019158,0.00012712
2s.2p.(3P*).3d,4P*,1.5,4.0,24.656151,2s.2p.(3P*).4p,4P,2.5,6.0,26.830251,2.1741,570.27827,770000.0,0.0056314,0.022526,0.00014946
2s.2p.(3P*).3d,4P*,1.5,4.0,24.656151,2s.2p.(3P*).4f,4F,1.5,4.0,27.412155,2.756004,449.86944,39000.0,0.00011833,0.00047332,3.1405e-06
2s.2p.(3P*).3d,4P*,1.5,4.0,24.656151,2s.2p.(3P*).4f,4F,2.5,6.0,27.412802,2.756651,449.76386,100000.0,0.0004549,0.0018196,1.2073e-05
2s.2p.(3P*).3d,4P*,1.5,4.0,24.656151,2s.2p.(3P*).4f,4D,2.5,6.0,27.48825,2.832099,437.78201,119000000.0,0.51288,2.0515,0.013612
2s.2p.(3P*).3d,4P*,1.5,4.0,24.656151,2s.2p.(3P*).4f,4D,1.5,4.0,27.490983,2.834832,437.35995,84200000.0,0.24146,0.96585,0.0064084
2s.2p.(3P*).3d,4P*,1.5,4.0,24.656151,2s.2p.(3P*).4f,2D,2.5,6.0,27.490999,2.834848,437.35748,35700000.0,0.15356,0.61426,0.0040756
2s.2p.(3P*).3d,4P*,1.5,4.0,24.656151,2s.2p.(3P*).4f,4D,0.5,2.0,27.492608,2.836457,437.10939,29000000.0,0.041534,0.16614,0.0011023
2s.2p.(3P*).3d,4P*,1.5,4.0,24.656151,2s.2p.(3P*).4f,2D,1.5,4.0,27.493785,2.837634,436.92808,8800000.0,0.025186,0.10074,0.00066844
2s.2p.(3P*).3d,4P*,1.5,4.0,24.656151,2s.2p.(3P*).5f,4D,1.5,4.0,28.70869,4.052539,305.94202,32000000.0,0.044904,0.17962,0.0011918
2s.2p.(3P*).3d,4P*,1.5,4.0,24.656151,2s.2p.(3P*).5f,4D,0.5,2.0,28.71051,4.054359,305.80469,12000000.0,0.008412,0.033648,0.00022325
2s.2p.(3P*).3d,4P*,0.5,2.0,24.657857,2s.2p.(3P*).4p,4D,0.5,2.0,26.626817,1.96896,629.69384,1300000.0,0.0077279,0.015456,0.0002051
2s.2p.(3P*).3d,4P*,0.5,2.0,24.657857,2s.2p.(3P*).4p,4D,1.5,4.0,26.628437,1.97058,629.17617,680000.0,0.0080713,0.016143,0.00021421
2s.2p.(3P*).3d,4P*,0.5,2.0,24.657857,2s.2p.(3P*).4p,4S,1.5,4.0,26.751796,2.093939,592.10989,5800000.0,0.060971,0.12194,0.0016182
2s.2p.(3P*).3d,4P*,0.5,2.0,24.657857,2s.2p.(3P*).4p,4P,0.5,2.0,26.825558,2.167701,571.96172,400000.0,0.0019618,0.0039236,5.2066e-05
2s.2p.(3P*).3d,4P*,0.5,2.0,24.657857,2s.2p.(3P*).4p,4P,1.5,4.0,26.827651,2.169794,571.41,1700000.0,0.016643,0.033286,0.00044171
2s.2p.(3P*).3d,4P*,0.5,2.0,24.657857,2s.2p.(3P*).4f,4F,1.5,4.0,27.412155,2.754298,450.14809,31000.0,0.00018835,0.0003767,4.9988e-06
2s.2p.(3P*).3d,4P*,0.5,2.0,24.657857,2s.2p.(3P*).4f,4D,1.5,4.0,27.490983,2.833126,437.62331,65400000.0,0.37555,0.7511,0.0099671
2s.2p.(3P*).3d,4P*,0.5,2.0,24.657857,2s.2p.(3P*).4f,4D,0.5,2.0,27.492608,2.834751,437.37245,145000000.0,0.41584,0.83169,0.011036
2s.2p.(3P*).3d,4P*,0.5,2.0,24.657857,2s.2p.(3P*).4f,2D,1.5,4.0,27.493785,2.835928,437.19092,6400000.0,0.036679,0.073357,0.00097345
2s.2p.(3P*).3d,4P*,0.5,2.0,24.657857,2s.2p.(3P*).5f,4D,1.5,4.0,28.70869,4.050833,306.07087,25000000.0,0.070222,0.14044,0.0018637
2s.2p.(3P*).3d,4P*,0.5,2.0,24.657857,2s.2p.(3P*).5f,4D,0.5,2.0,28.71051,4.052653,305.93342,57000000.0,0.079981,0.15996,0.0021227
2s.2p.(3P*).3d,2F*,2.5,6.0,24.789558,2s.2p.(3P*).4f,2F,3.5,8.0,27.413617,2.624059,472.49013,1200000.0,0.0053551,0.03213,0.00014212
2s.2p.(3P*).3d,2F*,2.5,6.0,24.789558,2s.2p.(3P*).4f,4G,2.5,6.0,27.468054,2.678496,462.88738,34000.0,0.00010922,0.0006553,2.8986e-06
2s.2p.(3P*).3d,2F*,2.5,6.0,24.789558,2s.2p.(3P*).4f,4G,3.5,8.0,27.4692,2.679642,462.68941,17800000.0,0.076172,0.45703,0.0020216
2s.2p.(3P*).3d,2F*,2.5,6.0,24.789558,2s.2p.(3P*).4f,2G,3.5,8.0,27.473311,2.683753,461.98066,193000000.0,0.82339,4.9403,0.021853
2s.2p.(3P*).3d,2F*,2.5,6.0,24.789558,2s.2p.(3P*).5f,4G,3.5,8.0,28.696305,3.906747,317.35917,9700000.0,0.019529,0.11717,0.00051829
2s.2p.(3P*).3d,2F*,2.5,6.0,24.789558,2s.2p.(3P*).5f,2G,3.5,8.0,28.69999,3.910432,317.06011,60800000.0,0.12218,0.73305,0.0032425
2s.2p.(3P*).3d,2F*,2.5,6.0,24.789558,2s.2p.(3P*).6f,4G,3.5,8.0,29.36233,4.572772,271.13575,8200000.0,0.01205,0.0723,0.00031981
2s.2p.(3P*).3d,2F*,3.5,8.0,24.794748,2s.2p.(3P*).4f,4F,3.5,8.0,27.412647,2.617899,473.60192,5100000.0,0.01715,0.1372,0.00045515
2s.2p.(3P*).3d,2F*,3.5,8.0,24.794748,2s.2p.(3P*).4f,2F,3.5,8.0,27.413617,2.618869,473.4265,14600000.0,0.049059,0.39247,0.001302
2s.2p.(3P*).3d,2F*,3.5,8.0,24.794748,2s.2p.(3P*).4f,4F,4.5,10.0,27.414114,2.619366,473.33667,120000.0,0.00050384,0.0040307,1.3372e-05
2s.2p.(3P*).3d,2F*,3.5,8.0,24.794748,2s.2p.(3P*).4f,4G,3.5,8.0,27.4692,2.674452,463.5873,600000.0,0.0019332,0.015465,5.1307e-05
2s.2p.(3P*).3d,2F*,3.5,8.0,24.794748,2s.2p.(3P*).4f,4G,4.5,10.0,27.471868,2.67712,463.12529,10400000.0,0.041802,0.33442,0.0011094
2s.2p.(3P*).3d,2F*,3.5,8.0,24.794748,2s.2p.(3P*).4f,2G,3.5,8.0,27.473311,2.678563,462.8758,9390000.0,0.030162,0.24129,0.00080049
2s.2p.(3P*).3d,2F*,3.5,8.0,24.794748,2s.2p.(3P*).4f,2G,4.5,10.0,27.478084,2.683336,462.05245,206000000.0,0.82417,6.5934,0.021874
2s.2p.(3P*).3d,2F*,3.5,8.0,24.794748,2s.2p.(3P*).4f,4D,3.5,8.0,27.487106,2.692358,460.50413,27000.0,8.584e-05,0.00068672,2.2782e-06
2s.2p.(3P*).3d,2F*,3.5,8.0,24.794748,2s.2p.(3P*).4f,4D,2.5,6.0,27.48825,2.693502,460.30854,600000.0,0.0014295,0.011436,3.7938e-05
2s.2p.(3P*).3d,2F*,3.5,8.0,24.794748,2s.2p.(3P*).5f,4G,4.5,10.0,28.69905,3.904302,317.55791,4700000.0,0.0088821,0.071056,0.00023573
2s.2p.(3P*).3d,2F*,3.5,8.0,24.794748,2s.2p.(3P*).5f,2G,4.5,10.0,28.70472,3.909972,317.09741,69700000.0,0.13134,1.0507,0.0034857
2s.2p.(3P*).3d,2F*,3.5,8.0,24.794748,2s.2p.(3P*).6f,2G,4.5,10.0,29.37058,4.575832,270.95444,34000000.0,0.046778,0.37422,0.0012415
2s.2p.(3P*).3d,2P*,1.5,4.0,25.067108,2s.2p.(3P*).4f,4D,2.5,6.0,27.48825,2.421142,512.08974,45600000.0,0.26891,1.0756,0.0071369
2s.2p.(3P*).3d,2P*,1.5,4.0,25.067108,2s.2p.(3P*).4f,4D,1.5,4.0,27.490983,2.423875,511.51234,2300000.0,0.0090219,0.036088,0.00023944
2s.2p.(3P*).3d,2P*,1.5,4.0,25.067108,2s.2p.(3P*).4f,2D,2.5,6.0,27.490999,2.423891,511.50897,107000000.0,0.62957,2.5183,0.016709
2s.2p.(3P*).3d,2P*,1.5,4.0,25.067108,2s.2p.(3P*).4f,2D,1.5,4.0,27.493785,2.426677,510.92172,21600000.0,0.084532,0.33813,0.0022435
2s.2p.(3P*).3d,2P*,1.5,4.0,25.067108,2s.2p.(3P*).5f,2D,1.5,4.0,28.71107,3.643962,340.24559,6500000.0,0.011281,0.045125,0.0002994
2s.2p.(3P*).3d,2P*,0.5,2.0,25.07017,2s.2p.(3P*).4f,4D,1.5,4.0,27.490983,2.420813,512.15934,11400000.0,0.089661,0.17932,0.0023796
2s.2p.(3P*).3d,2P*,0.5,2.0,25.07017,2s.2p.(3P*).4f,2D,1.5,4.0,27.493785,2.423615,511.56722,116000000.0,0.91023,1.8205,0.024158
2s.2p.(3P*).3d,2P*,0.5,2.0,25.07017,2s.2p.(3P*).5f,2D,1.5,4.0,28.71107,3.6409,340.53173,32000000.0,0.11126,0.22253,0.0029529
2s.2p.(3P*).4s,4P*,0.5,2.0,25.981185,2s.2p.(3P*).4p,4D,0.5,2.0,26.626817,0.645632,1920.35398,6160000.0,0.34057,0.68113,0.0090387
2s.2p.(3P*).4s,4P*,0.5,2.0,25.981185,2s.2p.(3P*).4p,4D,1.5,4.0,26.628437,0.647252,1915.54755,3180000.0,0.34987,0.69973,0.0092855
2s.2p.(3P*).4s,4P*,1.5,4.0,25.984173,2s.2p.(3P*).4p,4D,1.5,4.0,26.628437,0.644264,1924.43157,3830000.0,0.21265,0.8506,0.0056437
2s.2p.(3P*).4s,4P*,1.5,4.0,25.984173,2s.2p.(3P*).4p,4D,2.5,6.0,26.631221,0.647048,1916.15148,5300000.0,0.43761,1.7504,0.011614
2s.2p.(3P*).4s,4P*,2.5,6.0,25.989855,2s.2p.(3P*).4p,4D,2.5,6.0,26.631221,0.641366,1933.12708,2060000.0,0.11541,0.69247,0.003063
2s.2p.(3P*).4s,4P*,2.5,6.0,25.989855,2s.2p.(3P*).4p,4D,3.5,8.0,26.635493,0.645638,1920.33614,7360000.0,0.54254,3.2552,0.014399
2s.2p.(3P*).4s,4P*,2.5,6.0,25.989855,2s.2p.(3P*).5p,4D,3.5,8.0,28.299002,2.309147,536.9264,3200000.0,0.018441,0.11064,0.00048942
2s.2p.(3P*).4p,4D,0.5,2.0,26.626817,2s.2p.(3P*).5s,4P*,0.5,2.0,27.98922,1.362403,910.04056,10800000.0,0.13409,0.26819,0.0035588
2s.2p.(3P*).4p,4D,0.5,2.0,26.626817,2s.2p.(3P*).5s,4P*,1.5,4.0,27.99213,1.365313,908.10091,1020000.0,0.025221,0.050441,0.00066936
2s.2p.(3P*).4p,4D,0.5,2.0,26.626817,2s.2p.(3P*).6s,4P*,0.5,2.0,28.9715,2.344683,528.78875,5100000.0,0.021379,0.042759,0.00056741
2s.2p.(3P*).4p,4D,0.5,2.0,26.626817,2s.2p.(3P*).6s,4P*,1.5,4.0,28.97428,2.347463,528.16252,500000.0,0.0041821,0.0083642,0.00011099
2s.2p.(3P*).4p,4D,1.5,4.0,26.628437,2s.2p.(3P*).5s,4P*,0.5,2.0,27.98922,1.360783,911.12395,11100000.0,0.069073,0.27629,0.0018332
2s.2p.(3P*).4p,4D,1.5,4.0,26.628437,2s.2p.(3P*).5s,4P*,1.5,4.0,27.99213,1.363693,909.17969,6700000.0,0.08303,0.33212,0.0022036
2s.2p.(3P*).4p,4D,1.5,4.0,26.628437,2s.2p.(3P*).5s,4P*,2.5,6.0,27.99786,1.369423,905.37546,380000.0,0.0070047,0.028019,0.00018591
2s.2p.(3P*).4p,4D,1.5,4.0,26.628437,2s.2p.(3P*).6s,4P*,0.5,2.0,28.9715,2.343063,529.15435,5300000.0,0.011124,0.044497,0.00029524
2s.2p.(3P*).4p,4D,1.5,4.0,26.628437,2s.2p.(3P*).6s,4P*,1.5,4.0,28.97428,2.345843,528.52726,3200000.0,0.013401,0.053605,0.00035567
2s.2p.(3P*).4p,4D,1.5,4.0,26.628437,2s.2p.(3P*).6s,4P*,2.5,6.0,28.980146,2.351709,527.20893,180000.0,0.0011251,0.0045004,2.986e-05
2s.2p.(3P*).4p,4D,2.5,6.0,26.631221,2s.2p.(3P*).5s,4P*,1.5,4.0,27.99213,1.360909,911.03959,13900000.0,0.11531,0.69185,0.0030603
2s.2p.(3P*).4p,4D,2.5,6.0,26.631221,2s.2p.(3P*).5s,4P*,2.5,6.0,27.99786,1.366639,907.21982,3620000.0,0.044668,0.26801,0.0011855
2s.2p.(3P*).4p,4D,2.5,6.0,26.631221,2s.2p.(3P*).5d,4F*,2.5,6.0,28.57005,1.938829,639.4798,970000.0,0.0059468,0.035681,0.00015783
2s.2p.(3P*).4p,4D,2.5,6.0,26.631221,2s.2p.(3P*).6s,4P*,1.5,4.0,28.97428,2.343059,529.15526,6600000.0,0.01847,0.11082,0.00049021
2s.2p.(3P*).4p,4D,2.5,6.0,26.631221,2s.2p.(3P*).6s,4P*,2.5,6.0,28.980146,2.348925,527.83379,1700000.0,0.0071007,0.042604,0.00018845
2s.2p.(3P*).4p,4D,3.5,8.0,26.635493,2s.2p.(3P*).5s,4P*,2.5,6.0,27.99786,1.362367,910.0646,17200000.0,0.16017,1.2814,0.004251
2s.2p.(3P*).4p,4D,3.5,8.0,26.635493,2s.2p.(3P*).5d,4F*,4.5,10.0,28.576543,1.94105,638.74809,4350000.0,0.03326,0.26608,0.00088271
2s.2p.(3P*).4p,4D,3.5,8.0,26.635493,2s.2p.(3P*).6s,4P*,2.5,6.0,28.980146,2.344653,528.79551,8100000.0,0.025467,0.20374,0.0006759
2s.2p.(3P*).4p,4S,1.5,4.0,26.751796,2s.2p.(3P*).5s,4P*,0.5,2.0,27.98922,1.237424,1001.95405,4300000.0,0.032359,0.12944,0.0008588
2s.2p.(3P*).4p,4S,1.5,4.0,26.751796,2s.2p.(3P*).5s,4P*,1.5,4.0,27.99213,1.240334,999.60332,3200000.0,0.047936,0.19175,0.0012722
2s.2p.(3P*).4p,4S,1.5,4.0,26.751796,2s.2p.(3P*).5s,4P*,2.5,6.0,27.99786,1.246064,995.00666,1670000.0,0.037181,0.14872,0.00098678
2s.2p.(3P*).4p,4S,1.5,4.0,26.751796,2s.2p.(3P*).6s,4P*,0.5,2.0,28.9715,2.219704,558.56186,2200000.0,0.0051451,0.02058,0.00013655
2s.2p.(3P*).4p,4S,1.5,4.0,26.751796,2s.2p.(3P*).6s,4P*,1.5,4.0,28.97428,2.222484,557.86318,1700000.0,0.0079317,0.031727,0.00021051
2s.2p.(3P*).4p,4S,1.5,4.0,26.751796,2s.2p.(3P*).6s,4P*,2.5,6.0,28.980146,2.22835,556.39463,1000000.0,0.0069617,0.027847,0.00018476
2s.2p.(3P*).4p,4P,0.5,2.0,26.825558,2s.2p.(3P*).5s,4P*,0.5,2.0,27.98922,1.163662,1065.46573,3580000.0,0.060929,0.12186,0.001617
2s.2p.(3P*).4p,4P,0.5,2.0,26.825558,2s.2p.(3P*).5s,4P*,1.5,4.0,27.99213,1.166572,1062.80794,9230000.0,0.31261,0.62522,0.0082966
2s.2p.(3P*).4p,4P,0.5,2.0,26.825558,2s.2p.(3P*).6s,4P*,0.5,2.0,28.9715,2.145942,577.76118,1300000.0,0.0065058,0.013012,0.00017266
2s.2p.(3P*).4p,4P,0.5,2.0,26.825558,2s.2p.(3P*).6s,4P*,1.5,4.0,28.97428,2.148722,577.01368,3500000.0,0.034941,0.069881,0.00092732
2s.2p.(3P*).4p,4P,1.5,4.0,26.827651,2s.2p.(3P*).5s,4P*,0.5,2.0,27.98922,1.161569,1067.38557,16200000.0,0.13835,0.55341,0.0036719
2s.2p.(3P*).4p,4P,1.5,4.0,26.827651,2s.2p.(3P*).5s,4P*,1.5,4.0,27.99213,1.164479,1064.7182,2410000.0,0.040959,0.16383,0.001087
2s.2p.(3P*).4p,4P,1.5,4.0,26.827651,2s.2p.(3P*).5s,4P*,2.5,6.0,27.99786,1.170209,1059.50474,7560000.0,0.19084,0.76338,0.005065
2s.2p.(3P*).4p,4P,1.5,4.0,26.827651,2s.2p.(3P*).6s,4P*,0.5,2.0,28.9715,2.143849,578.32524,5900000.0,0.014792,0.059168,0.00039258
2s.2p.(3P*).4p,4P,1.5,4.0,26.827651,2s.2p.(3P*).6s,4P*,1.5,4.0,28.97428,2.146629,577.57628,860000.0,0.0043011,0.017204,0.00011415
2s.2p.(3P*).4p,4P,1.5,4.0,26.827651,2s.2p.(3P*).6s,4P*,2.5,6.0,28.980146,2.152495,576.00226,2900000.0,0.021637,0.086548,0.00057425
2s.2p.(3P*).4p,4P,2.5,6.0,26.830251,2s.2p.(3P*).5s,4P*,1.5,4.0,27.99213,1.161879,1067.10078,9540000.0,0.10857,0.65145,0.0028816
2s.2p.(3P*).4p,4P,2.5,6.0,26.830251,2s.2p.(3P*).5s,4P*,2.5,6.0,27.99786,1.167609,1061.86402,15700000.0,0.2654,1.5924,0.0070437
2s.2p.(3P*).4p,4P,2.5,6.0,26.830251,2s.2p.(3P*).6s,4P*,1.5,4.0,28.97428,2.144029,578.27669,3600000.0,0.012032,0.072193,0.00031933
2s.2p.(3P*).4p,4P,2.5,6.0,26.830251,2s.2p.(3P*).6s,4P*,2.5,6.0,28.980146,2.149895,576.69885,5900000.0,0.029418,0.17651,0.00078075
2s.2p.(3P*).4p,4P,2.5,6.0,26.830251,2s.2p.(3P*).6d,4D*,3.5,8.0,29.3153,2.485049,498.92054,8100000.0,0.040304,0.24182,0.0010697
2s.2p.(3P*).4d,4F*,1.5,4.0,27.22166,2s.2p.(3P*).5f,4G,2.5,6.0,28.69473,1.47307,841.67214,31900000.0,0.50819,2.0328,0.013487
2s.2p.(3P*).4d,4F*,1.5,4.0,27.22166,2s.2p.(3P*).6f,4G,2.5,6.0,29.36123,2.13957,579.48185,17000000.0,0.12837,0.5135,0.0034071
2s.2p.(3P*).4d,4F*,2.5,6.0,27.223235,2s.2p.(3P*).5f,4G,3.5,8.0,28.696305,1.47307,841.67214,27400000.0,0.388,2.328,0.010298
2s.2p.(3P*).4d,4F*,3.5,8.0,27.225788,2s.2p.(3P*).5f,4G,4.5,10.0,28.69905,1.473262,841.56245,31900000.0,0.42338,3.3871,0.011237
2s.2p.(3P*).4d,4F*,4.5,10.0,27.22939,2s.2p.(3P*).5f,4G,4.5,10.0,28.69905,1.46966,843.62505,3810000.0,0.040652,0.40652,0.0010789
2s.2p.(3P*).4d,4F*,4.5,10.0,27.22939,2s.2p.(3P*).5f,4G,5.5,12.0,28.70263,1.47324,841.57502,38900000.0,0.49565,4.9565,0.013155
2s.2p.(3P*).4d,4F*,4.5,10.0,27.22939,2s.2p.(3P*).6f,4G,5.5,12.0,29.36951,2.14012,579.33293,22700000.0,0.13706,1.3706,0.0036377
2s.2p.(3P*).4d,4D*,3.5,8.0,27.295185,2s.2p.(3P*).6f,4F,4.5,10.0,29.348031,2.052846,603.96249,17700000.0,0.12099,0.96795,0.0032112
